date,universe,family,current_positive,current_state,alt_top_5,mom_top_5,alt_minus_mom_top_5,alt_spread_5,mom_spread_5,alt_minus_mom_spread_5,alt_top_20,mom_top_20,alt_minus_mom_top_20,alt_spread_20,mom_spread_20,alt_minus_mom_spread_20
2017-02-07,K200,REVISION,1,N,0.010004178469895,0.0135727344844294,-0.0035685560145344002,-0.0139692449525495,0.0004612807419395,-0.014430525694489,0.004079753360782146,0.00242496025634531,0.0016547931044368358,-0.014706057025257735,-0.023098342329099242,0.008392285303841507
2017-02-07,K200,VALUE,1,N,0.0257012511539422,0.0135727344844294,0.0121285166695128,0.0162181669243395,0.0004612807419395,0.0157568861824,0.033523030469075676,0.00242496025634531,0.031098070212730367,0.03274606256318835,-0.023098342329099242,0.05584440489228759
2017-02-07,K200,FLOW,1,W+,0.02930288351405,0.0135727344844294,0.015730149029620596,0.0117867642054985,0.0004612807419395,0.011325483463559,0.018454848384258593,0.00242496025634531,0.016029888127913283,0.0014173503735948056,-0.023098342329099242,0.024515692702694047
2017-02-14,K200,REVISION,1,N,0.0102791987750428,-0.0002318333012078,0.010511032076250601,-0.000858431452658,-0.0248388200553679,0.023980388602709898,-0.011331518262778895,-0.018591122727994902,0.0072596044652160074,0.0016922742606955143,-0.03270270837822542,0.034394982638920935
2017-02-14,K200,VALUE,1,N,0.0128668410932307,-0.0002318333012078,0.0130986743944385,0.000357946139613,-0.0248388200553679,0.0251967661949809,0.0071745397319482596,-0.018591122727994902,0.02576566245994316,0.007698403469488246,-0.03270270837822542,0.04040111184771367
2017-02-14,K200,FLOW,1,W+,-0.0018388710265724,-0.0002318333012078,-0.0016070377253646,-0.0181466014291106,-0.0248388200553679,0.006692218626257299,-0.01578462996936103,-0.018591122727994902,0.0028064927586338717,-0.01660836419856071,-0.03270270837822542,0.01609434417966471
2017-03-15,K200,REVISION,0,N,0.0257519120103153,0.0071835568611491,0.0185683551491662,0.0155514413000183,0.0045060893877943,0.011045351912224,0.03477737347490195,-0.008936411473008055,0.043713784947910006,0.02756730165829735,-0.04134381756273586,0.06891111922103321
2017-03-15,K200,VALUE,1,N,0.0142368252519015,0.0071835568611491,0.0070532683907524,0.0011291655243552,0.0045060893877943,-0.0033769238634390997,0.019113536245066287,-0.008936411473008055,0.02804994771807434,-0.004946412013882018,-0.04134381756273586,0.036397405548853845
2017-03-15,K200,FLOW,0,R-,0.0081871974463355,0.0071835568611491,0.0010036405851864003,0.0017736492438786,0.0045060893877943,-0.0027324401439156997,0.017952119466710492,-0.008936411473008055,0.026888530939718547,0.002756960637329442,-0.04134381756273586,0.044100778200065305
2017-04-05,K200,REVISION,1,W+,-0.0028597250662875,-0.0030157502089822,0.00015602514269469998,0.0096112955869009,0.0067805618350303,0.0028307337518706,0.05543140316153061,0.04687417028500418,0.008557232876526433,0.00391105973246475,0.0036692916128624464,0.0002417681196023036
2017-04-05,K200,VALUE,1,R+,-0.0097188444064586,-0.0030157502089822,-0.0067030941974764,0.0092609091712492,0.0067805618350303,0.0024803473362189,0.036327945641744686,0.04687417028500418,-0.010546224643259494,-0.029180279922285668,0.0036692916128624464,-0.032849571535148114
2017-04-05,K200,FLOW,1,N,-0.0101636136611715,-0.0030157502089822,-0.0071478634521893,0.0048688876777728,0.0067805618350303,-0.0019116741572575,0.04474452093774617,0.04687417028500418,-0.0021296493472580114,0.001527464353918706,0.0036692916128624464,-0.0021418272589437404
2017-04-12,K200,REVISION,1,W+,0.0032798904696201,0.0148064082075802,-0.0115265177379601,-0.0038307961711419,0.0044211713955733,-0.0082519675667152,0.06412194114623415,0.05565862513114017,0.00846331601509398,-0.023003567577805972,-0.00889463977477023,-0.014108927803035742
2017-04-12,K200,VALUE,1,N,-0.0023163584553722,0.0148064082075802,-0.0171227666629524,-0.0404228676510202,0.0044211713955733,-0.044844039046593495,0.06538163523965768,0.05565862513114017,0.009723010108517505,-0.026510285254641497,-0.00889463977477023,-0.017615645479871267
2017-04-12,K200,FLOW,1,N,0.0182241713233431,0.0148064082075802,0.0034177631157629,0.012168564067429,0.0044211713955733,0.0077473926718557,0.06101687902638209,0.05565862513114017,0.005358253895241916,-0.005530802837832249,-0.00889463977477023,0.0033638369369379806
2017-04-19,K200,REVISION,1,N,0.0286367830868906,0.0015043695667693,0.0271324135201213,0.0004630353194453,-0.0301467837149674,0.030609819034412702,0.08348250396759482,0.054396477136906984,0.02908602683068784,-0.00841952077885888,0.0007602227380549831,-0.009179743516913863
2017-04-19,K200,VALUE,1,R+,0.0374047162153807,0.0015043695667693,0.0359003466486114,0.0290289464193427,-0.0301467837149674,0.0591757301343101,0.09637210767187465,0.054396477136906984,0.04197563053496767,0.03629844687252559,0.0007602227380549831,0.03553822413447061
2017-04-19,K200,FLOW,1,W+,0.0121163404241043,0.0015043695667693,0.010611970857335,-0.0209300455581796,-0.0301467837149674,0.0092167381567878,0.058842838892802396,0.054396477136906984,0.004446361755895412,-0.014801154132580652,0.0007602227380549831,-0.015561376870635635
2017-04-26,K200,REVISION,1,N,0.0256273567901289,0.0331660758130227,-0.007538719022893801,-0.0022841325788152,0.023372979736723,-0.025657112315538202,0.08492673332768685,0.0666604570949978,0.01826627623268906,0.0032576251698148706,0.01656153515304082,-0.013303909983225948
2017-04-26,K200,VALUE,1,N,0.0111081832217548,0.0331660758130227,-0.022057892591267902,-0.0258459156613204,0.023372979736723,-0.0492188953980434,0.08439162615973994,0.0666604570949978,0.017731169064742147,0.014587080205318292,0.01656153515304082,-0.001974454947722526
2017-04-26,K200,FLOW,1,N,0.0241718831474523,0.0331660758130227,-0.008994192665570402,0.0057427142422455,0.023372979736723,-0.0176302654944775,0.07086686996701341,0.0666604570949978,0.004206412872015619,0.006875245889756076,0.01656153515304082,-0.009686289263284742
2017-10-20,K200,REVISION,1,R+,0.0059540344616018,0.0021697628313511,0.0037842716302507,-0.0125848472245732,-0.007964753779239,-0.0046200934453342005,0.02041998502432807,0.03488836602439638,-0.014468381000068309,0.005075721401065714,0.016705305603184728,-0.011629584202119014
2017-10-20,K200,VALUE,1,R+,0.014215874899062,0.0021697628313511,0.0120461120677109,-0.0042377738719623,-0.007964753779239,0.003726979907276699,-0.012492152749453589,0.03488836602439638,-0.04738051877384997,-0.0638315791094175,0.016705305603184728,-0.08053688471260223
2017-10-20,K200,FLOW,1,R+,0.0166472787256135,0.0021697628313511,0.014477515894262402,0.0089736197279294,-0.007964753779239,0.016938373507168397,0.04132815002984236,0.03488836602439638,0.006439784005445981,0.018247139527208134,0.016705305603184728,0.0015418339240234058
2017-12-22,K200,REVISION,0,N,0.0339106330532839,0.0233316682420663,0.0105789648112176,0.003092144419948,-0.0133962074466048,0.0164883518665528,0.07820399088202601,0.06843388256226235,0.00977010831976366,-0.0033415513291575882,-0.026072531554972023,0.022730980225814434
2017-12-22,K200,VALUE,1,W+,0.0203054389421296,0.0233316682420663,-0.0030262292999367023,-0.00496150299041,-0.0133962074466048,0.0084347044561948,0.07979176939570043,0.06843388256226235,0.01135788683343808,0.0070057828238867526,-0.026072531554972023,0.033078314378858775
2017-12-22,K200,FLOW,0,R-,0.0234730708643452,0.0233316682420663,0.00014140262227890082,-0.0078026203761579,-0.0133962074466048,0.005593587070446901,0.06977671281292874,0.06843388256226235,0.0013428302506663936,-0.001187350419327049,-0.026072531554972023,0.024885181135644974
2018-01-03,K200,REVISION,1,N,0.0285015853756235,0.0381243806484715,-0.009622795272847998,0.0021506701105934,0.0228024162673769,-0.0206517461567835,0.058652251716875936,0.06875617788818644,-0.010103926171310507,0.011521091083273038,-0.004547553672225035,0.016068644755498074
2018-01-03,K200,VALUE,1,W+,0.039774084153216,0.0381243806484715,0.0016497035047444986,0.0276035844851392,0.0228024162673769,0.004801168217762299,0.06911505106437432,0.06875617788818644,0.0003588731761878794,0.01719160250875018,-0.004547553672225035,0.021739156180975217
2018-01-03,K200,FLOW,0,R-,0.0190237093971912,0.0381243806484715,-0.0191006712512803,-0.011922328119522,0.0228024162673769,-0.034724744386898904,0.05537054620759596,0.06875617788818644,-0.013385631680590482,-0.0008756766689941298,-0.004547553672225035,0.0036718770032309056
2018-02-07,K200,REVISION,0,R-,-0.0024218816651727,0.0019787617679269,-0.0044006434330996005,0.028048170472796,0.0263439977454836,0.0017041727273124016,0.0025719902327914212,-0.00017817636276529214,0.0027501665955567134,0.004742652285432358,-0.009659215135638721,0.01440186742107108
2018-02-07,K200,VALUE,0,W-,-0.0283798120569889,0.0019787617679269,-0.030358573824915802,-0.0256911640992673,0.0263439977454836,-0.052035161844750905,-0.012541396830576756,-0.00017817636276529214,-0.012363220467811464,-0.06214806776738657,-0.009659215135638721,-0.05248885263174785
2018-02-07,K200,FLOW,0,W-,-0.0105172051154468,0.0019787617679269,-0.0124959668833737,0.0059745133103873,0.0263439977454836,-0.0203694844350963,-0.011113406336441867,-0.00017817636276529214,-0.010935229973676575,-0.03642585837921908,-0.009659215135638721,-0.026766643243580357
2018-02-14,K200,REVISION,0,N,0.0249433567491155,0.0226679806649501,0.0022753760841653994,0.0018642325030944,-0.0092682849084092,0.0111325174115036,-0.006646397052079367,-0.013163467804986784,0.006517070752907417,-0.021993646584938853,-0.04137960685212749,0.01938596026718864
2018-02-14,K200,VALUE,0,W-,0.0211851674429732,0.0226679806649501,-0.0014828132219768982,-0.0226625124615383,-0.0092682849084092,-0.0133942275531291,0.000658278328352857,-0.013163467804986784,0.01382174613333964,-0.04842834294235343,-0.04137960685212749,-0.007048736090225938
2018-02-14,K200,FLOW,0,W-,0.0190782659937786,0.0226679806649501,-0.0035897146711714976,-0.014023151375961,-0.0092682849084092,-0.004754866467551799,0.001451811234340461,-0.013163467804986784,0.014615279039327245,-0.040679570130171316,-0.04137960685212749,0.0007000367219561765
2018-03-05,K200,REVISION,0,N,0.0317087503191231,0.0320289412069852,-0.00032019088786210126,-0.0240747386851679,-0.0093490866047913,-0.0147256520803766,0.015150830931132786,0.016473261486946278,-0.001322430555813492,-0.02618551001103231,-0.02391814864907915,-0.0022673613619531574
2018-03-05,K200,VALUE,0,N,0.0355709983171053,0.0320289412069852,0.0035420571101201018,-0.023694170835718,-0.0093490866047913,-0.014345084230926699,-0.0036449082601548444,0.016473261486946278,-0.020118169747101122,-0.08156219802747589,-0.02391814864907915,-0.05764404937839673
2018-03-05,K200,FLOW,0,N,0.0271819934567219,0.0320289412069852,-0.004846947750263297,-0.0276152523965879,-0.0093490866047913,-0.0182661657917966,0.02671393864458449,0.016473261486946278,0.010240677157638212,-0.0394510253878918,-0.02391814864907915,-0.015532876738812651
2018-03-19,K200,REVISION,0,R-,-0.0115438626940482,-0.0155525557328312,0.004008693038783,0.006604803959652,0.0071598626859073,-0.0005550587262553005,0.006492672700165292,0.016147506480188367,-0.009654833780023075,0.01756326375787509,0.019075857236832805,-0.0015125934789577133
2018-03-19,K200,VALUE,1,R+,-0.0239846217397968,-0.0155525557328312,-0.008432066006965602,-0.02001320665381,0.0071598626859073,-0.0271730693397173,-0.01226373816112003,0.016147506480188367,-0.028411244641308397,-0.04754507349583614,0.019075857236832805,-0.06662093073266895
2018-03-19,K200,FLOW,1,R+,-0.0197466022333759,-0.0155525557328312,-0.004194046500544701,0.0033890237047315,0.0071598626859073,-0.0037708389811758,0.016400715260423526,0.016147506480188367,0.000253208780235159,-0.010090981362309903,0.019075857236832805,-0.029166838599142708
2018-03-26,K200,REVISION,0,N,0.0071191166271621,0.0116503220514865,-0.0045312054243244,-0.0093953271880445,-0.0152811807921159,0.0058858536040714005,0.04316656933110208,0.02882187137147252,0.01434469795962956,0.03197108343611843,-0.017053917013124864,0.049025000449243294
2018-03-26,K200,VALUE,0,R-,0.0011846448509634,0.0116503220514865,-0.010465677200523101,-0.0289540446621143,-0.0152811807921159,-0.013672863869998398,0.07689546770107714,0.02882187137147252,0.04807359632960462,0.07967574928558441,-0.017053917013124864,0.09672966629870927
2018-03-26,K200,FLOW,0,R-,0.0175877960981778,0.0116503220514865,0.005937474046691298,-0.017015897163846,-0.0152811807921159,-0.0017347163717301006,0.03575345118521023,0.02882187137147252,0.006931579813737709,-0.027597959370157854,-0.017053917013124864,-0.01054404235703299
2018-07-02,K200,REVISION,0,N,0.0052955764733703,0.003363983549637,0.0019315929237333001,0.0110887415162971,-0.0089054691744193,0.0199942106907164,-0.013069509508709665,-0.041073596225618236,0.02800408671690857,-0.026527443503292836,-0.07342632437256535,0.04689888086927252
2018-07-02,K200,VALUE,0,N,0.0066711447881928,0.003363983549637,0.0033071612385557995,0.0044053905053691,-0.0089054691744193,0.0133108596797884,0.015513251547333073,-0.041073596225618236,0.05658684777295131,0.061979714853657164,-0.07342632437256535,0.13540603922622252
2018-07-02,K200,FLOW,0,W-,0.011590405064246,0.003363983549637,0.008226421514609,0.0099285301341799,-0.0089054691744193,0.0188339993085992,0.007343384482934923,-0.041073596225618236,0.04841698070855316,-0.00043200713411362113,-0.07342632437256535,0.07299431723845173
2018-07-23,K200,REVISION,0,N,0.0229698866363175,0.0055321761749224,0.0174377104613951,-0.0042201277788787,-0.0316482632778086,0.027428135498929897,0.021490501353061964,-0.009252566829108244,0.030743068182170208,-0.021337782873677935,-0.04881196615329875,0.027474183279620812
2018-07-23,K200,VALUE,0,W-,0.0231364421921244,0.0055321761749224,0.017604266017202,0.019758634899251,-0.0316482632778086,0.051406898177059596,0.030035629376341078,-0.009252566829108244,0.03928819620544932,-0.0016942913075149724,-0.04881196615329875,0.047117674845783775
2018-07-23,K200,FLOW,0,W-,0.0170959683264832,0.0055321761749224,0.011563792151560802,-0.0101000942466671,-0.0316482632778086,0.021548169031141498,0.026218894012285388,-0.009252566829108244,0.03547146084139363,-0.009682920838710474,-0.04881196615329875,0.03912904531458827
2018-07-30,K200,REVISION,0,R-,0.0038256183415716,-0.0098659405247256,0.0136915588662972,-0.0073228950833093,-0.0279011776570846,0.0205782825737753,0.009436683272376234,-0.010457220561232106,0.01989390383360834,-0.006090648376675389,-0.016577977890607887,0.010487329513932497
2018-07-30,K200,VALUE,1,W+,0.0147314677004098,-0.0098659405247256,0.024597408225135398,0.0002651059886127,-0.0279011776570846,0.0281662836456973,0.0014096189439283258,-0.010457220561232106,0.011866839505160431,-0.035856185190973444,-0.016577977890607887,-0.019278207300365557
2018-07-30,K200,FLOW,1,N,0.0012488184610666,-0.0098659405247256,0.0111147589857922,-0.0121428089542503,-0.0279011776570846,0.0157583687028343,0.021074879606794772,-0.010457220561232106,0.03153210016802688,0.006391039978244084,-0.016577977890607887,0.02296901786885197
2018-08-06,K200,REVISION,0,R-,-0.017055205997823,-0.0212245463990851,0.004169340401262097,-0.0085953973586896,-0.0032006773835031,-0.0053947199751865,0.007563809818872835,0.005290356628310899,0.002273453190561936,0.015971311459936022,0.02962474338927601,-0.013653431929339988
2018-08-06,K200,VALUE,1,W+,-0.0141013333394604,-0.0212245463990851,0.007123213059624699,-0.0049186116627804,-0.0032006773835031,-0.0017179342792773,-0.027860089822051348,0.005290356628310899,-0.03315044645036225,-0.06305768578599125,0.02962474338927601,-0.09268242917526726
2018-08-06,K200,FLOW,0,R-,-0.0143923938466696,-0.0212245463990851,0.006832152552415498,0.0042261178621129,-0.0032006773835031,0.007426795245616,0.02125736884967666,0.005290356628310899,0.01596701222136576,0.018626135468985394,0.02962474338927601,-0.010998607920290615
2018-08-13,K200,REVISION,0,R-,0.0120083159452261,0.0166931894455688,-0.0046848735003427,-0.0013563561871816,0.0137131754412055,-0.0150695316283871,0.028363245184163333,0.04690331752516408,-0.018540072341000746,0.03414750141289713,0.05877465800934756,-0.024627156596450428
2018-08-13,K200,VALUE,1,W+,0.0063181043277959,0.0166931894455688,-0.010375085117772902,-0.016459062869702,0.0137131754412055,-0.0301722383109075,-0.014780982179741997,0.04690331752516408,-0.061684299704906076,-0.06610516859508742,0.05877465800934756,-0.12487982660443497
2018-08-13,K200,FLOW,0,R-,0.0224262956551321,0.0166931894455688,0.005733106209563299,0.0084568219487442,0.0137131754412055,-0.005256353492461301,0.05457938120055528,0.04690331752516408,0.007676063675391198,0.034617298472786606,0.05877465800934756,-0.02415735953656095
2018-08-21,K200,REVISION,1,R+,0.0108986114759507,0.0043095456151611,0.0065890658607896,0.011293692388559,0.0011673708607199,0.0101263215278391,0.018079353334457426,0.04778422521833203,-0.029704871883874606,0.022076784542467864,0.05898745396608396,-0.036910669423616094
2018-08-21,K200,VALUE,1,N,-0.0052978309851118,0.0043095456151611,-0.0096073766002729,-0.0151373753798005,0.0011673708607199,-0.0163047462405204,-0.012470976527383826,0.04778422521833203,-0.06025520174571586,-0.05648938525611036,0.05898745396608396,-0.11547683922219432
2018-08-21,K200,FLOW,1,N,0.0119976834056297,0.0043095456151611,0.007688137790468601,0.0059670953763392,0.0011673708607199,0.0047997245156193,0.03868821828982161,0.04778422521833203,-0.009096006928510425,0.020842958968827485,0.05898745396608396,-0.03814449499725647
2018-11-06,K200,REVISION,0,N,-9.14475461768909e-05,0.0124308490977626,-0.012522296643939492,0.0102632004323288,0.0236755906865436,-0.0134123902542148,0.04755938761798517,0.03210221690443804,0.01545717071354713,-0.020966623498824166,-0.06249192092939726,0.041525297430573094
2018-11-06,K200,VALUE,0,N,-0.0045119112884139,0.0124308490977626,-0.0169427603861765,0.0204058363170924,0.0236755906865436,-0.0032697543694511985,0.05802491307972191,0.03210221690443804,0.025922696175283866,-0.005034579474146983,-0.06249192092939726,0.05745734145525028
2018-11-06,K200,FLOW,0,N,0.0055623129894933,0.0124308490977626,-0.006868536108269301,0.0135143827162537,0.0236755906865436,-0.010161207970289899,0.054057315844564746,0.03210221690443804,0.021955098940126705,-0.013578420067768437,-0.06249192092939726,0.04891350086162882
2018-11-20,K200,REVISION,0,R-,0.0095108877362477,-0.0126644505864096,0.0221753383226573,-0.0067105707679916,-0.0375790295073763,0.0308684587393847,0.026309377148312496,-0.007779551626316161,0.03408892877462866,-0.006406529415373896,-0.05050190043498104,0.044095371019607144
2018-11-20,K200,VALUE,1,N,0.0137500468691711,-0.0126644505864096,0.0264144974555807,-0.000207998680975,-0.0375790295073763,0.0373710308264013,0.05523494522150618,-0.007779551626316161,0.06301449684782234,0.0402554046929362,-0.05050190043498104,0.09075730512791724
2018-11-20,K200,FLOW,1,W+,0.0060634128123988,-0.0126644505864096,0.0187278633988084,-0.0094496414056585,-0.0375790295073763,0.0281293881017178,0.009746956437073795,-0.007779551626316161,0.017526508063389956,-0.013437234431515566,-0.05050190043498104,0.037064666003465474
2018-12-18,K200,REVISION,1,N,-0.0195423113618799,-0.0306701656393872,0.011127854277507298,-0.0079127421111169,-0.0204042413095799,0.012491499198463,0.0015101562104173905,-0.038771866380382325,0.040282022590799715,-0.03643734651286179,-0.09869531879239535,0.06225797227953356
2018-12-18,K200,VALUE,1,W+,-0.0208883768022965,-0.0306701656393872,0.009781788837090698,-0.0143201251806391,-0.0204042413095799,0.0060841161289407995,0.03126162280635625,-0.038771866380382325,0.07003348918673857,0.01391515793452136,-0.09869531879239535,0.11261047672691671
2018-12-18,K200,FLOW,1,N,-0.0366587144255595,-0.0306701656393872,-0.005988548786172301,-0.0347276173659097,-0.0204042413095799,-0.0143233760563298,0.002600132769203789,-0.038771866380382325,0.041371999149586114,-0.03988711046711346,-0.09869531879239535,0.058808208325281885
2018-12-26,K200,REVISION,0,N,0.0064400035425306,-0.006365404664718,0.012805408207248601,0.0253099480073963,0.0015758610877356,0.0237340869196607,0.029432405839371567,-0.01543760939366745,0.04487001523303902,-0.05416549890841871,-0.11888284953720529,0.06471735062878659
2018-12-26,K200,VALUE,1,W+,-0.0283765339893293,-0.006365404664718,-0.0220111293246113,-0.0468047460178959,0.0015758610877356,-0.0483806071056315,0.06787109030744043,-0.01543760939366745,0.08330869970110788,0.03879656042737256,-0.11888284953720529,0.15767940996457785
2018-12-26,K200,FLOW,0,R-,0.0226518823634638,-0.006365404664718,0.0290172870281818,0.0403331745769725,0.0015758610877356,0.038757313489236896,0.052348523775487266,-0.01543760939366745,0.06778613316915472,-0.0158900251904196,-0.11888284953720529,0.1029928243467857
2019-01-11,K200,REVISION,1,N,0.0033857584228732,0.0117875901777974,-0.008401831754924202,-0.0233309490718856,-0.0068417764025369,-0.016489172669348698,0.02892546808690377,0.010920076129310896,0.018005391957592876,-0.03397768273005208,-0.07041627363804659,0.036438590907994506
2019-01-11,K200,VALUE,1,N,0.0386558406381797,0.0117875901777974,0.026868250460382298,0.0423998170508659,-0.0068417764025369,0.0492415934534028,0.0571970216956037,0.010920076129310896,0.046276945566292804,0.034831677120823246,-0.07041627363804659,0.10524795075886983
2019-01-11,K200,FLOW,1,R+,0.0108160611164077,0.0117875901777974,-0.0009715290613897011,-0.0109885889882712,-0.0068417764025369,-0.0041468125857343,0.022295119529080587,0.010920076129310896,0.011375043399769691,-0.04365772265837198,-0.07041627363804659,0.02675855097967461
2019-01-18,K200,REVISION,1,R+,0.0077929923921732,-0.0071392361245724,0.0149322285167456,-0.0261657057704013,-0.0423453450321879,0.0161796392617866,0.046357850367957365,0.008327099760022438,0.03803075060793493,-0.01198553853299622,-0.080979010744744,0.06899347221174779
2019-01-18,K200,VALUE,1,N,0.0138697819002898,-0.0071392361245724,0.0210090180248622,0.009868385566596,-0.0423453450321879,0.0522137305987839,0.02983565291526369,0.008327099760022438,0.02150855315524125,-0.01974197424774904,-0.080979010744744,0.06123703649699497
2019-01-18,K200,FLOW,1,R+,0.0111416771571586,-0.0071392361245724,0.018280913281731,-0.0106015755911999,-0.0423453450321879,0.031743769440988,0.029097575240077944,0.008327099760022438,0.020770475480055506,-0.04272391763740635,-0.080979010744744,0.03825509310733766
2019-01-25,K200,REVISION,1,R+,0.0095698515597354,0.0140783281970848,-0.0045084766373494,0.0072992862230797,-0.0038059330610586,0.0111052192841383,0.055382862621733864,0.026426921628909916,0.028955940992823948,0.027859869566580375,-0.046238117861475914,0.07409798742805629
2019-01-25,K200,VALUE,1,W+,0.0116718121915144,0.0140783281970848,-0.002406516005570399,0.0017216699126915,-0.0038059330610586,0.0055276029737501,0.02046497279037429,0.026426921628909916,-0.0059619488385356245,-0.03439564233696202,-0.046238117861475914,0.011842475524513896
2019-01-25,K200,FLOW,1,R+,0.0045303989408009,0.0140783281970848,-0.0095479292562839,-0.0130475133102643,-0.0038059330610586,-0.0092415802492057,0.02883963011836088,0.026426921628909916,0.0024127084894509654,-0.026155208880519032,-0.046238117861475914,0.02008290898095688
2019-03-07,K200,REVISION,1,W+,0.0032408535393749,0.0045647537169702,-0.0013239001775952998,0.0039340240396316,0.0041620090053681,-0.00022798496573650084,-0.010488956808392347,-0.007558595842116156,-0.002930360966276191,-0.026117000767577836,-0.04057681549431824,0.014459814726740405
2019-03-07,K200,VALUE,0,R-,0.0098253457669532,0.0045647537169702,0.005260592049983,0.0105532464524208,0.0041620090053681,0.006391237447052699,0.028557903826982978,-0.007558595842116156,0.036116499669099134,0.03789911234686949,-0.04057681549431824,0.07847592784118773
2019-03-07,K200,FLOW,1,N,-0.0047207275859879,0.0045647537169702,-0.0092854813029581,-0.0014152957833292,0.0041620090053681,-0.0055773047886973,0.0030147325816243242,-0.007558595842116156,0.01057332842374048,-0.01013027366078656,-0.04057681549431824,0.030446541833531682
2019-03-14,K200,REVISION,1,W+,-0.0139050497238138,-0.0127086017185907,-0.001196448005223099,-0.0120095020584087,-0.0174729710855806,0.005463469027171899,0.010625823612802954,0.005905861350403496,0.0047199622623994575,-0.011556533513481071,-0.040978948279789096,0.029422414766308025
2019-03-14,K200,VALUE,1,N,-0.0016064226066419,-0.0127086017185907,0.011102179111948801,0.0122995790518954,-0.0174729710855806,0.029772550137475998,0.022954914208119792,0.005905861350403496,0.017049052857716296,0.02067843448750839,-0.040978948279789096,0.061657382767297486
2019-03-14,K200,FLOW,1,W+,0.0020966350232528,-0.0127086017185907,0.014805236741843501,0.0058289645135491,-0.0174729710855806,0.0233019355991297,0.013100907686983687,0.005905861350403496,0.007195046336580191,-0.01777235239705066,-0.040978948279789096,0.023206595882738434
2019-03-21,K200,REVISION,0,W-,-0.0235538755693248,-0.0039714573947801,-0.019582418174544702,0.0065093675209402,0.0270473759943101,-0.020538008473369902,0.00913698107905625,0.021641637340326758,-0.012504656261270508,-0.018665353392939066,-0.01471424134607835,-0.003951112046860716
2019-03-21,K200,VALUE,0,N,-0.0360025646786091,-0.0039714573947801,-0.032031107283829,-0.0165962387403589,0.0270473759943101,-0.043643614734669,0.018443575576270188,0.021641637340326758,-0.00319806176405657,0.007708803603119652,-0.01471424134607835,0.022423044949198
2019-03-21,K200,FLOW,0,W-,-0.0232013432384797,-0.0039714573947801,-0.0192298858436996,0.003805049403777,0.0270473759943101,-0.023242326590533102,0.0055914824867120405,0.021641637340326758,-0.016050154853614718,-0.023719283433062954,-0.01471424134607835,-0.009005042086984605
2019-04-04,K200,REVISION,0,R-,0.024648608892697,0.0181936884499113,0.0064549204427857,0.0189437823923534,0.0037411243819124,0.015202658010441,-0.0010686843644460708,-0.0020839448169494013,0.0010152604525033304,0.002529144828464558,0.0006167786027757582,0.0019123662256887997
2019-04-04,K200,VALUE,1,W+,0.0043244003090991,0.0181936884499113,-0.0138692881408122,-0.0062137125996386,0.0037411243819124,-0.009954836981551,-0.02664271419807107,-0.0020839448169494013,-0.02455876938112167,-0.018634726764642173,0.0006167786027757582,-0.01925150536741793
2019-04-04,K200,FLOW,1,N,0.0052876608196983,0.0181936884499113,-0.012906027630212999,-0.009124656653143,0.0037411243819124,-0.0128657810350554,-0.017310579902518497,-0.0020839448169494013,-0.015226635085569096,-0.018662428864374636,0.0006167786027757582,-0.019279207467150394
2019-10-07,K200,REVISION,0,W-,0.0152074712850154,0.0069936980017531,0.0082137732832623,-0.013684169279586,-0.0246408289078269,0.0109566596282409,0.06298278734527019,0.05595278330826936,0.0070300040370008254,0.026613025370971988,0.006918781614613678,0.01969424375635831
2019-10-07,K200,VALUE,0,N,0.0234682330928557,0.0069936980017531,0.0164745350911026,0.0112601725939599,-0.0246408289078269,0.0359010015017868,0.016287877950743823,0.05595278330826936,-0.03966490535752554,-0.039830920084161114,0.006918781614613678,-0.04674970169877479
2019-10-07,K200,FLOW,0,R-,0.0184698452110052,0.0069936980017531,0.0114761472092521,-0.0074436487743638,-0.0246408289078269,0.0171971801334631,0.067301526847793,0.05595278330826936,0.011348743539523642,0.03478743028769715,0.006918781614613678,0.027868648673083474
2019-10-15,K200,REVISION,1,W+,0.0125583113538249,0.0184397586694003,-0.005881447315575399,0.0080496485414504,0.0105401998735578,-0.002490551332107401,0.035595726882125645,0.0409615136131114,-0.005365786730985755,0.0245969673785551,0.01893845654284143,0.00565851083571367
2019-10-15,K200,VALUE,0,N,0.006802727440025,0.0184397586694003,-0.011637031229375299,-0.006063049334047,0.0105401998735578,-0.016603249207604802,0.004015903323005832,0.0409615136131114,-0.03694561029010557,-0.024658193064613476,0.01893845654284143,-0.04359664960745491
2019-10-15,K200,FLOW,0,R-,0.0209929671747682,0.0184397586694003,0.0025532085053679016,0.0174052149288108,0.0105401998735578,0.0068650150552530004,0.043286090104644126,0.0409615136131114,0.002324576491532726,0.031667046319532766,0.01893845654284143,0.012728589776691335
2019-10-22,K200,REVISION,0,N,0.0061727693240059,0.0030901581743778,0.0030826111496281,0.029665418793397,0.0159234977463399,0.013741921047057098,0.014759221975400916,0.02046295098633344,-0.005703729010932523,0.020641805016417214,0.02319359315263836,-0.0025517881362211448
2019-10-22,K200,VALUE,0,N,-0.0263462534738242,0.0030901581743778,-0.029436411648201998,-0.0258412459602064,0.0159234977463399,-0.0417647437065463,-0.012624636949967738,0.02046295098633344,-0.03308758793630118,-0.02598547737785495,0.02319359315263836,-0.04917907053049331
2019-10-22,K200,FLOW,0,N,-0.0024778603489725,0.0030901581743778,-0.0055680185233503,0.0126768023454222,0.0159234977463399,-0.003246695400917701,0.020064348342419658,0.02046295098633344,-0.0003986026439137813,0.02055334719836277,0.02319359315263836,-0.0026402459542755885
2020-02-11,K200,REVISION,0,N,-0.016817080732927,-0.0069127304362869,-0.009904350296640099,9.97478623643265e-05,0.0206741632914043,-0.020574415429039972,-0.13481823897428669,-0.11312023721535946,-0.02169800175892722,0.007156354098029949,0.06311462111685096,-0.055958267018821006
2020-02-11,K200,VALUE,0,N,-0.0202199224111373,-0.0069127304362869,-0.0133071919748504,-0.0122548229781605,0.0206741632914043,-0.0329289862695648,-0.18594781315438758,-0.11312023721535946,-0.07282757593902811,-0.11744527640019264,0.06311462111685096,-0.1805598975170436
2020-02-11,K200,FLOW,0,N,-0.0176227117851398,-0.0069127304362869,-0.0107099813488529,-0.0046911834259493,0.0206741632914043,-0.025365346717353597,-0.1218085052109591,-0.11312023721535946,-0.00868826799559963,0.0229336161149305,0.06311462111685096,-0.040181005001920456
2020-09-22,K200,REVISION,0,R-,0.0065934157435781,-0.0049699065228834,0.0115633222664615,0.0107076443302512,-0.0101293056747793,0.0208369500050305,0.052606350533913604,0.008463080460978878,0.044143270072934726,0.037055998853947614,-0.005505552631643762,0.042561551485591376
2020-09-22,K200,VALUE,0,W-,0.0035534600811924,-0.0049699065228834,0.0085233666040758,0.009477316607029,-0.0101293056747793,0.0196066222818083,0.07276888300029083,0.008463080460978878,0.06430580253931195,0.11996058106466045,-0.005505552631643762,0.12546613369630422
2020-09-22,K200,FLOW,0,N,0.0106873508189656,-0.0049699065228834,0.015657257341849,0.0175286525902873,-0.0101293056747793,0.0276579582650666,0.018531179794994745,0.008463080460978878,0.010068099334015868,-0.0037920430333308053,-0.005505552631643762,0.0017135095983129567
2020-09-29,K200,REVISION,0,R-,0.0663552709549592,0.0546309755868789,0.011724295368080305,0.0378611621927195,0.027355163825485,0.010505998367234495,0.031106960809621942,0.004300260571958425,0.026806700237663517,0.04086402423957258,0.01596843950468041,0.024895584734892173
2020-09-29,K200,VALUE,0,W-,0.0331680321474598,0.0546309755868789,-0.021462943439419097,-0.0031845631601144,0.027355163825485,-0.0305397269855994,0.043796934393105946,0.004300260571958425,0.03949667382114752,0.08593246438124424,0.01596843950468041,0.06996402487656384
2020-09-29,K200,FLOW,0,W-,0.0355411588986655,0.0546309755868789,-0.0190898166882134,-0.0030038039810511,0.027355163825485,-0.030358967806536102,-0.014293839645537987,0.004300260571958425,-0.018594100217496412,-0.030811475317570336,0.01596843950468041,-0.046779914822250745
2020-10-12,K200,REVISION,1,W+,-0.0355886244183041,-0.0368901245243054,0.001301500106001302,-0.0408039970884007,-0.0274905505256598,-0.013313446562740899,0.031939898817576085,0.03163210137351635,0.00030779744405973197,0.02707205358192466,0.011141198018950194,0.015930855562974466
2020-10-12,K200,VALUE,1,W+,0.013819776197803,-0.0368901245243054,0.0507099007221084,0.0609281743330975,-0.0274905505256598,0.0884187248587573,0.044012673089164345,0.03163210137351635,0.012380571715647992,0.02539305021459426,0.011141198018950194,0.014251852195644066
2020-10-12,K200,FLOW,1,W+,-0.0129823015449323,-0.0368901245243054,0.0239078229793731,-0.0002795327709198,-0.0274905505256598,0.02721101775474,0.016816967639728286,0.03163210137351635,-0.014815133733788066,-0.03898013947658885,0.011141198018950194,-0.05012133749553904
2020-10-19,K200,REVISION,0,R-,0.0168283733530158,-0.0021909722937914,0.0190193456468072,0.0306946854974338,0.0055633998637238,0.025131285633709997,0.09241727647048226,0.06411716320880312,0.02830011326167914,0.04516752517891898,-0.005394987765809489,0.050562512944728466
2020-10-19,K200,VALUE,1,W+,0.0205491764550034,-0.0021909722937914,0.0227401487487948,0.0490723360127896,0.0055633998637238,0.0435089361490658,0.08378624397452916,0.06411716320880312,0.019669080765726044,0.026481054058001607,-0.005394987765809489,0.031876041823811097
2020-10-19,K200,FLOW,0,W-,-0.014026613240283,-0.0021909722937914,-0.0118356409464916,-0.0177291092283046,0.0055633998637238,-0.0232925090920284,0.05220892106118846,0.06411716320880312,-0.011908242147614656,-0.04523014590238206,-0.005394987765809489,-0.03983515813657257
2021-02-22,K200,REVISION,1,W+,-0.0333421404884147,-0.0455088627432079,0.012166722254793205,-0.0163472712108709,-0.0347866988738111,0.018439427662940197,-0.04183394904157245,-0.06449349699657381,0.022659547955001358,-0.05177083066890542,-0.07710636815182736,0.025335537482921944
2021-02-22,K200,VALUE,1,W+,-0.0023534777860654,-0.0455088627432079,0.0431553849571425,0.0412379130267991,-0.0347866988738111,0.07602461190061019,0.05000914878043017,-0.06449349699657381,0.11450264577700398,0.10739782420375144,-0.07710636815182736,0.1845041923555788
2021-02-22,K200,FLOW,1,W+,-0.0031359957504981,-0.0455088627432079,0.042372866992709805,0.0375160836443537,-0.0347866988738111,0.0723027825181648,0.013858605056636941,-0.06449349699657381,0.07835210205321075,0.045513192240344,-0.07710636815182736,0.12261956039217137
2021-03-02,K200,REVISION,0,N,-0.0146854405963125,-0.0309258090538373,0.0162403684575248,-0.0041595528062955,-0.0102172889038473,0.0060577360975518,0.02898618487276594,0.00039043442526298655,0.028595750447502954,-0.01970633001569455,-0.04051533472071134,0.020809004705016787
2021-03-02,K200,VALUE,1,W+,0.0338779011244416,-0.0309258090538373,0.0648037101782789,0.0859470323272215,-0.0102172889038473,0.0961643212310688,0.08858777017688158,0.00039043442526298655,0.08819733575161859,0.07197646014627646,-0.04051533472071134,0.1124917948669878
2021-03-02,K200,FLOW,1,W+,0.0101309884095632,-0.0309258090538373,0.041056797463400505,0.0370112868590674,-0.0102172889038473,0.0472285757629147,0.04453983934595285,0.00039043442526298655,0.04414940492068986,0.011627687573172896,-0.04051533472071134,0.052143022293884234
2021-03-09,K200,REVISION,0,R-,0.0237031656151592,0.0235947743746265,0.00010839124053270074,-0.0209753026835157,-0.0253212241379836,0.0043459214544679,0.04931589987882723,0.037391922894056684,0.011923976984770546,-0.0033455457715390047,-0.01721396298371114,0.013868417212172135
2021-03-09,K200,VALUE,1,W+,0.0298702671360603,0.0235947743746265,0.006275492761433802,-0.0240462229602776,-0.0253212241379836,0.0012750011777060005,0.05119042477699187,0.037391922894056684,0.013798501882935188,-0.013666492071175429,-0.01721396298371114,0.0035474709125357107
2021-03-09,K200,FLOW,1,W+,0.0142687517068795,0.0235947743746265,-0.009326022667746998,-0.0338345541697685,-0.0253212241379836,-0.0085133300317849,0.041473734816172,0.037391922894056684,0.004081811922115319,-0.020114615753916598,-0.01721396298371114,-0.0029006527702054585
2021-03-16,K200,REVISION,0,R-,-0.0173043210392779,-0.0119251998177353,-0.005379121221542601,-0.0112463481718014,-0.0088783145732516,-0.0023680335985497986,0.05034441732991324,0.04775861736479481,0.0025857999651184294,0.021496076340792314,-0.001159637733018748,0.022655714073811062
2021-03-16,K200,VALUE,1,W+,-0.0115274403511712,-0.0119251998177353,0.00039775946656410086,0.0034963585214617,-0.0088783145732516,0.0123746730947133,0.03623131731647722,0.04775861736479481,-0.01152730004831759,-0.013773612967489468,-0.001159637733018748,-0.01261397523447072
2021-03-16,K200,FLOW,1,W+,-0.0073166511562553,-0.0119251998177353,0.004608548661480001,0.0057723559489536,-0.0088783145732516,0.0146506705222052,0.04891007724077978,0.04775861736479481,0.0011514598759849726,0.01600537683602643,-0.001159637733018748,0.01716501456904518
2021-03-23,K200,REVISION,0,R-,0.0381056414398644,0.0206917860964229,0.017413855343441496,0.0169150820101768,0.0034822315325442,0.013432850477632598,0.09935985752953003,0.08951808566766584,0.00984177186186419,0.04385652579245969,0.015192468632785339,0.02866405715967435
2021-03-23,K200,VALUE,1,W+,0.0343012766155328,0.0206917860964229,0.013609490519109896,0.0079327480881854,0.0034822315325442,0.0044505165556411996,0.08967805040920207,0.08951808566766584,0.00015996474153623375,-0.006261956485815845,0.015192468632785339,-0.021454425118601184
2021-03-23,K200,FLOW,1,W+,0.0270309505242799,0.0206917860964229,0.006339164427856998,0.0038897684954638,0.0034822315325442,0.00040753696291959997,0.09159152332197484,0.08951808566766584,0.002073437654309007,0.006003247734745587,0.015192468632785339,-0.009189220898039752
2021-05-27,K200,REVISION,0,R-,0.0151855725049316,0.0111112370462891,0.004074335458642499,-0.0042030736560594,-0.0050433514865119,0.0008402778304524997,-0.014732976778730977,0.020769051101750424,-0.0355020278804814,-0.039551323588703835,0.004577256134898233,-0.04412857972360207
2021-05-27,K200,VALUE,1,N,0.0217737209558187,0.0111112370462891,0.010662483909529598,0.0069774347642891,-0.0050433514865119,0.012020786250801,0.006949298597519471,0.020769051101750424,-0.013819752504230953,-0.02012155610646138,0.004577256134898233,-0.024698812241359613
2021-05-27,K200,FLOW,1,N,0.0117344393313554,0.0111112370462891,0.0006232022850663002,-0.0089065715399218,-0.0050433514865119,-0.0038632200534099003,0.017499385603562123,0.020769051101750424,-0.003269665498188301,0.010994019325710314,0.004577256134898233,0.00641676319081208
2021-06-10,K200,REVISION,0,R-,0.0043011826458049,-0.0127204169951842,0.0170215996409891,0.0095703826910296,-0.0254984029170738,0.0350687856081034,-0.018217608827146847,-0.028607750741960758,0.01039014191481391,-0.004235905269542872,-0.03531988063016844,0.03108397536062557
2021-06-10,K200,VALUE,1,R+,0.0123866226912093,-0.0127204169951842,0.025107039686393502,0.0024694062953046,-0.0254984029170738,0.0279678092123784,-0.015854153515456604,-0.028607750741960758,0.012753597226504154,-0.03596588592363159,-0.03531988063016844,-0.0006460052934631477
2021-06-10,K200,FLOW,1,R+,-0.004420753770406,-0.0127204169951842,0.008299663224778202,-0.008304012201489,-0.0254984029170738,0.017194390715584797,-0.004087757946196535,-0.028607750741960758,0.024519992795764223,0.03483500881963808,-0.03531988063016844,0.07015488944980652
2021-06-17,K200,REVISION,0,R-,-0.0122151311198274,0.0078929838350919,-0.0201081149549193,-0.0102612369853056,0.0140421264561296,-0.0243033634414352,0.008980213039851304,0.010605092238886726,-0.0016248791990354228,-0.007472235176409936,-0.0036618723704165967,-0.003810362805993339
2021-06-17,K200,VALUE,1,N,-0.0127988969715348,0.0078929838350919,-0.0206918808066267,-0.0165848628651635,0.0140421264561296,-0.030626989321293097,-0.011090595031001182,0.010605092238886726,-0.02169568726988791,-0.03819322482413634,-0.0036618723704165967,-0.034531352453719744
2021-06-17,K200,FLOW,1,R+,0.0133391415764423,0.0078929838350919,0.005446157741350401,0.0311492709443383,0.0140421264561296,0.0171071444882087,0.024821282734800887,0.010605092238886726,0.01421619049591416,0.05332706174325441,-0.0036618723704165967,0.05698893411367101
2021-07-08,K200,REVISION,0,N,0.0321228312229254,0.0271337606515231,0.004989070571402299,0.0062891810089439,0.0064819178028614,-0.0001927367939175001,0.0053453865300903125,-0.01125789165779345,0.016603278187883763,-0.004339354443806287,-0.029995970837400132,0.025656616393593845
2021-07-08,K200,VALUE,0,R-,0.0172868749285138,0.0271337606515231,-0.009846885723009298,0.0001532651208331,0.0064819178028614,-0.0063286526820283,0.00708927343485799,-0.01125789165779345,0.01834716509265144,-0.006115994843522099,-0.029995970837400132,0.023879975993878033
2021-07-08,K200,FLOW,0,W-,0.0244786208080754,0.0271337606515231,-0.002655139843447698,0.0094171651207062,0.0064819178028614,0.0029352473178448,0.003243158529795176,-0.01125789165779345,0.014501050187588627,-0.004766774646846383,-0.029995970837400132,0.02522919619055375
2021-07-22,K200,REVISION,1,N,0.0062962201038665,0.0001774677825989,0.0061187523212676,0.0145621368596899,0.0051200766650842,0.009442060194605702,-0.09396240399576816,-0.09887851499001465,0.004916110994246492,0.01574748065191023,-0.041007311293614124,0.05675479194552435
2021-07-22,K200,VALUE,0,R-,-0.0018705865396037,0.0001774677825989,-0.0020480543222026,0.0077810710906619,0.0051200766650842,0.0026609944255777005,-0.0857172654599816,-0.09887851499001465,0.013161249530033059,-0.029436531284439904,-0.041007311293614124,0.01157078000917422
2021-07-22,K200,FLOW,1,W+,-0.0092738761804818,0.0001774677825989,-0.0094513439630807,-0.0097594046369204,0.0051200766650842,-0.014879481302004598,-0.0821148615379429,-0.09887851499001465,0.01676365345207176,0.006177263784537201,-0.041007311293614124,0.047184575078151325
2021-08-05,K200,REVISION,1,N,-0.013720556134331,-0.0126127419829776,-0.001107814151353399,0.0081646159352521,-0.0061557999054246,0.0143204158406767,-0.010826669665105149,-0.03161096936932084,0.020784299704215692,0.029980062183693867,-0.043196526575551175,0.07317658875924504
2021-08-05,K200,VALUE,1,N,-0.0089348120775948,-0.0126127419829776,0.0036779299053828,-0.0115980258915419,-0.0061557999054246,-0.005442225986117301,-0.011106526978802655,-0.03161096936932084,0.020504442390518185,-0.007903870924128364,-0.043196526575551175,0.03529265565142281
2021-08-05,K200,FLOW,1,N,-0.0113167829722663,-0.0126127419829776,0.001295959010711301,0.0085422977054897,-0.0061557999054246,0.0146980976109143,-0.015252361413157334,-0.03161096936932084,0.016358607956163507,-0.002219127731197257,-0.043196526575551175,0.04097739884435392
2021-08-12,K200,REVISION,0,N,-0.0723381107853595,-0.0717669152259105,-0.0005711955594489976,0.0056479201474894,-0.0113898897983737,0.0170378099458631,0.02084520386596056,-0.006596418536920501,0.02744162240288106,0.04919506035383803,-0.018278134028662962,0.06747319438250099
2021-08-12,K200,VALUE,0,N,-0.0747238852708112,-0.0717669152259105,-0.0029569700449006975,-0.0214751102892706,-0.0113898897983737,-0.010085220490896898,-0.008749440748611503,-0.006596418536920501,-0.0021530222116910025,0.01384605470279987,-0.018278134028662962,0.03212418873146283
2021-08-12,K200,FLOW,0,N,-0.0607754788174094,-0.0717669152259105,0.010991436408501101,0.0115713942145832,-0.0113898897983737,0.0229612840129569,0.0011293605708520005,-0.006596418536920501,0.007725779107772501,0.0016019194969647543,-0.018278134028662962,0.019880053525627717
2021-08-20,K200,REVISION,0,N,0.0639298673184385,0.0423984735084499,0.0215313938099886,0.0132519838873599,-0.0195960573939368,0.0328480412812967,0.11161861635624959,0.09876951462950534,0.01284910172674425,0.048827139858994784,0.024892481071613126,0.023934658787381657
2021-08-20,K200,VALUE,0,R-,0.058996708354482,0.0423984735084499,0.016598234846032102,0.0219621385777515,-0.0195960573939368,0.0415581959716883,0.08083257744200645,0.09876951462950534,-0.01793693718749889,0.03977382245943617,0.024892481071613126,0.014881341387823044
2021-08-20,K200,FLOW,0,N,0.0406187753647348,0.0423984735084499,-0.0017796981437150985,-0.0133919228263674,-0.0195960573939368,0.0062041345675693995,0.08765933292322847,0.09876951462950534,-0.011110181706276867,0.015624854219673967,0.024892481071613126,-0.00926762685193916
2021-08-27,K200,REVISION,0,N,0.0161777959857629,0.0136115073356313,0.0025662886501315995,0.0026144158994655,-0.0067139433879114,0.0093283592873769,0.04476437651994125,0.054285826894448386,-0.009521450374507134,0.07821279223550359,0.08797127637468205,-0.009758484139178458
2021-08-27,K200,VALUE,0,N,0.0183130923217785,0.0136115073356313,0.004701584986147199,0.0037220564007257,-0.0067139433879114,0.0104359997886371,0.010522138202240017,0.054285826894448386,-0.04376368869220837,0.010051889254197643,0.08797127637468205,-0.0779193871204844
2021-08-27,K200,FLOW,0,N,0.0190763104488612,0.0136115073356313,0.0054648031132299,-0.0087119954016773,-0.0067139433879114,-0.001998052013765899,0.033916779652304774,0.054285826894448386,-0.020369047242143612,0.056028028176169364,0.08797127637468205,-0.031943248198512686
2021-09-03,K200,REVISION,0,W-,0.0178586594130872,0.0128925539008939,0.004966105512193298,0.0269726317033719,0.0197272582107521,0.0072453734926197985,-0.01646317262611907,-0.021397301052307416,0.0049341284261883445,0.04908400077945951,0.04721557029881973,0.0018684304806397822
2021-09-03,K200,VALUE,0,N,-0.006572549436163,0.0128925539008939,-0.0194651033370569,0.010070912023167,0.0197272582107521,-0.009656346187585102,-0.017858081706146667,-0.021397301052307416,0.003539219346160749,0.05170163439652642,0.04721557029881973,0.004486064097706688
2021-09-03,K200,FLOW,0,N,0.0051304091376298,0.0128925539008939,-0.007762144763264101,0.0124045563017775,0.0197272582107521,-0.007322701908974601,-0.020846982772748546,-0.021397301052307416,0.0005503182795588701,0.05295806607367237,0.04721557029881973,0.005742495774852641
2021-10-29,K200,REVISION,0,R-,-0.0103132344780865,0.0139935579930337,-0.0243067924711202,0.0049404380304032,0.0191691153276154,-0.014228677297212201,-0.039765708679411316,-0.0010539009572192448,-0.03871180772219207,0.06369485785834805,0.07348587763491188,-0.009791019776563825
2021-10-29,K200,VALUE,0,W-,-0.0080219914091053,0.0139935579930337,-0.022015549402138998,-0.0102503673276005,0.0191691153276154,-0.0294194826552159,-0.07303411460730724,-0.0010539009572192448,-0.071980213650088,-0.08298388448618088,0.07348587763491188,-0.15646976212109276
2021-10-29,K200,FLOW,0,R-,0.0110628552973873,0.0139935579930337,-0.0029307026956464,0.0513648533003915,0.0191691153276154,0.0321957379727761,-0.014972277994957928,-0.0010539009572192448,-0.013918377037738683,0.09231232473167572,0.07348587763491188,0.018826447096763843
2021-12-10,K200,REVISION,1,W+,-0.0008913384801027,0.0016739664822585,-0.0025653049623612003,0.0059920256455064,0.0016124024202305,0.0043796232252758995,-0.04915650298270957,-0.02976865609994861,-0.019387846882760962,-0.044742317575029555,-0.024119801395733442,-0.020622516179296113
2021-12-10,K200,VALUE,0,N,0.0159078274963365,0.0016739664822585,0.014233861014078,0.0254983982678409,0.0016124024202305,0.023885995847610402,0.018641869140815226,-0.02976865609994861,0.048410525240763835,0.11155502044663712,-0.024119801395733442,0.13567482184237056
2021-12-10,K200,FLOW,1,W+,0.0006673590127984,0.0016739664822585,-0.0010066074694601002,-0.0035449232134526,0.0016124024202305,-0.0051573256336831,-0.015009042150611829,-0.02976865609994861,0.01475961394933678,-0.013716398818225173,-0.024119801395733442,0.01040340257750827
2021-12-17,K200,REVISION,1,W+,-0.0116736329921941,0.0026401399637408,-0.0143137729559349,-0.0080437221806109,0.0076789519374526,-0.0157226741180635,-0.060832901741824874,-0.03649207081122974,-0.024340830930595136,-0.036343166119841896,-0.008061759839212312,-0.028281406280629584
2021-12-17,K200,VALUE,1,W+,-0.0061725486499669,0.0026401399637408,-0.0088126886137077,0.0070821041444426,0.0076789519374526,-0.0005968477930099999,-0.02088586995169528,-0.03649207081122974,0.015606200859534458,0.08285102378810016,-0.008061759839212312,0.09091278362731248
2021-12-17,K200,FLOW,1,N,-0.0102090636221508,0.0026401399637408,-0.012849203585891601,-0.0089766205998238,0.0076789519374526,-0.016655572537276397,-0.02736749154146323,-0.03649207081122974,0.009124579269766508,-0.004266473856488262,-0.008061759839212312,0.0037952859827240504
2022-01-10,K200,REVISION,0,R-,-0.0131604355209799,-0.0052673362539349,-0.007893099267045,0.0148372613777729,0.0180938656209332,-0.0032566042431603007,-0.04541739626638264,-0.02921464798044804,-0.0162027482859346,-0.02010526534972268,0.016627423047684164,-0.03673268839740684
2022-01-10,K200,VALUE,1,W+,-0.0235138188779529,-0.0052673362539349,-0.018246482624018,-0.0009833341302434,0.0180938656209332,-0.019077199751176603,-0.03140687164844114,-0.02921464798044804,-0.0021922236679930984,0.05104754224516195,0.016627423047684164,0.03442011919747778
2022-01-10,K200,FLOW,0,R-,-0.0118877784886036,-0.0052673362539349,-0.0066204422346687,0.0060024581807953,0.0180938656209332,-0.0120914074401379,-0.017923867241461444,-0.02921464798044804,0.011290780738986594,0.05757481177679602,0.016627423047684164,0.040947388729111855
2022-03-21,K200,REVISION,1,W+,0.0329286202748923,0.0165343084390003,0.016394311835892003,0.0329125733532981,-0.0050457885944677,0.0379583619477658,0.04299692810453504,-0.006990671072437782,0.04998759917697282,0.060382787164448226,-0.05580425542829037,0.1161870425927386
2022-03-21,K200,VALUE,1,R+,0.032246699025877,0.0165343084390003,0.0157123905868767,0.0088553720696822,-0.0050457885944677,0.0139011606641499,0.029786861438696022,-0.006990671072437782,0.036777532511133804,0.015816468302336073,-0.05580425542829037,0.07162072373062645
2022-03-21,K200,FLOW,1,R+,0.0184881948294243,0.0165343084390003,0.0019538863904240006,0.0042387007721196,-0.0050457885944677,0.009284489366587299,-0.0039035458095421083,-0.006990671072437782,0.0030871252628956736,-0.040959585677335375,-0.05580425542829037,0.014844669750954997
2022-04-04,K200,REVISION,1,W+,-0.0206288599845611,-0.0191646433386889,-0.0014642166458722003,0.0180427581793213,0.0101000428313629,0.0079427153479584,-0.0301107490295478,-0.016308426216004146,-0.013802322813543655,0.017930970189829365,0.006324005556344936,0.011606964633484429
2022-04-04,K200,VALUE,1,R+,-0.0100070783361887,-0.0191646433386889,0.0091575650025002,0.021778199609985,0.0101000428313629,0.011678156778622101,-0.0026646742473973584,-0.016308426216004146,0.013643751968606788,0.040547667586245506,0.006324005556344936,0.03422366202990057
2022-04-04,K200,FLOW,1,R+,-0.0205664938679793,-0.0191646433386889,-0.0014018505292904028,0.0054160265443997,0.0101000428313629,-0.004684016286963201,-0.02044988348035337,-0.016308426216004146,-0.004141457264349224,-0.0057935397935388044,0.006324005556344936,-0.01211754534988374
2022-04-11,K200,REVISION,1,W+,0.0101966089078185,-0.0017236191044374,0.011920228012255901,0.0082093715898499,-0.0110921810830224,0.0193015526728723,-0.04035986269444014,-0.037529140206446154,-0.0028307224879939863,0.012152184539835575,0.0011437205501276804,0.011008463989707895
2022-04-11,K200,VALUE,1,N,0.0056141637309186,-0.0017236191044374,0.007337782835356,0.0009678370831489,-0.0110921810830224,0.0120600181661713,-0.021107728154791117,-0.037529140206446154,0.016421412051655038,0.037669097437856625,0.0011437205501276804,0.036525376887728944
2022-04-11,K200,FLOW,1,R+,-0.0047194742870316,-0.0017236191044374,-0.0029958551825942006,-0.0246758542409928,-0.0110921810830224,-0.0135836731579704,-0.032367024865938565,-0.037529140206446154,0.005162115340507589,0.008434313642073699,0.0011437205501276804,0.007290593091946018
2022-04-18,K200,REVISION,1,W+,-0.019129405189129,0.0002239114560532,-0.019353316645182198,0.0017271784692885,0.0166950577956846,-0.014967879326396101,-0.026831416058679225,-0.02979413544761811,0.0029627193889388836,0.026457130680316077,0.02671119666983124,-0.000254065989515162
2022-04-18,K200,VALUE,1,N,0.0023329550299625,0.0002239114560532,0.0021090435739093,0.0318709432242217,0.0166950577956846,0.015175885428537102,-0.01619468436752758,-0.02979413544761811,0.01359945108009053,0.054139659428996456,0.02671119666983124,0.027428462759165217
2022-04-18,K200,FLOW,0,R-,-0.0027701521511048,0.0002239114560532,-0.002994063607158,0.0058703081773271,0.0166950577956846,-0.0108247496183575,-0.022936492529851416,-0.02979413544761811,0.006857642917766693,0.0374456556995324,0.02671119666983124,0.01073445902970116
2022-04-25,K200,REVISION,0,W-,-0.0005588594555113,0.0044187471647769,-0.0049776066202882,-0.0099614125634827,-0.0091066356423808,-0.0008547769211019011,-0.025446790187514612,-0.05764442389357993,0.03219763370606532,0.018649303669744377,-0.017010091234540003,0.03565939490428438
2022-04-25,K200,VALUE,0,W-,-0.0005393005887469,0.0044187471647769,-0.0049580477535238,-0.0140387621388219,-0.0091066356423808,-0.0049321264964411,-0.04014153091342776,-0.05764442389357993,0.017502892980152174,-0.009251381827059313,-0.017010091234540003,0.007758709407480691
2022-04-25,K200,FLOW,0,R-,0.0076528285670671,0.0044187471647769,0.0032340814022902,0.0079519107577501,-0.0091066356423808,0.0170585464001309,-0.04338848593875799,-0.05764442389357993,0.01425593795482194,0.020588640724766627,-0.017010091234540003,0.03759873195930663
2022-05-31,K200,REVISION,1,N,-0.001404368817949,-0.0061821588091133,0.0047777899911643,0.0032262170568157,0.0142300415550931,-0.0110038244982774,-0.13334537895231613,-0.09208760186312459,-0.04125777708919154,-0.03549155976326446,0.07522678055143883,-0.11071834031470329
2022-05-31,K200,VALUE,1,N,-0.0049511927764406,-0.0061821588091133,0.0012309660326726996,0.0107924171012413,0.0142300415550931,-0.0034376244538518,-0.13415333929172157,-0.09208760186312459,-0.04206573742859698,0.0053880602320042215,0.07522678055143883,-0.06983872031943461
2022-05-31,K200,FLOW,0,N,-0.003567650864632,-0.0061821588091133,0.0026145079444813,0.0119095521864967,0.0142300415550931,-0.0023204893685964,-0.11324188296466242,-0.09208760186312459,-0.02115428110153783,0.04839741332627123,0.07522678055143883,-0.0268293672251676
2022-07-14,K200,REVISION,0,R-,0.029241276580622,0.0018387410703119,0.0274025355103101,0.0004904128579785,-0.0432064767495084,0.043696889607486904,0.11161131723381712,0.058790275135574444,0.052821042098242676,0.014802793131139858,-0.05385684463817464,0.0686596377693145
2022-07-14,K200,VALUE,0,R-,0.0508330183794301,0.0018387410703119,0.0489942773091182,0.0386486602261336,-0.0432064767495084,0.081855136975642,0.13233779808151813,0.058790275135574444,0.07354752294594369,0.02289855442156341,-0.05385684463817464,0.07675539905973805
2022-07-14,K200,FLOW,0,N,0.0146846162840517,0.0018387410703119,0.0128458752137398,-0.020993078890213,-0.0432064767495084,0.0222133978592954,0.07009784928818741,0.058790275135574444,0.011307574152612965,-0.0656583923870998,-0.05385684463817464,-0.011801547748925167
2022-07-21,K200,REVISION,1,R+,0.0210092524520687,0.0152931093694129,0.0057161430826558005,0.0161741409415076,0.0096320545607361,0.006542086380771502,0.08347266860157809,0.053341343897922444,0.03013132470365565,0.041381197649713375,-0.0006830910163320159,0.04206428866604539
2022-07-21,K200,VALUE,1,N,0.0041856518309875,0.0152931093694129,-0.011107457538425401,-0.0110943116836481,0.0096320545607361,-0.0207263662443842,0.07312973295417446,0.053341343897922444,0.01978838905625202,0.011053485360417614,-0.0006830910163320159,0.01173657637674963
2022-07-21,K200,FLOW,0,R-,0.0072703135421514,0.0152931093694129,-0.008022795827261502,-0.0214509208005592,0.0096320545607361,-0.031082975361295298,0.04447735096653527,0.053341343897922444,-0.008863992931387177,-0.04024589812941681,-0.0006830910163320159,-0.0395628071130848
2022-07-28,K200,REVISION,1,N,0.0134303773318876,0.0044971405796669,0.0089332367522207,-0.0053566145717758,-0.0229967215296044,0.0176401069578286,0.08198370032795821,0.06901103979560275,0.012972660532355462,0.06264591322801061,0.034280078213645204,0.028365835014365404
2022-07-28,K200,VALUE,0,R-,0.0186005096155081,0.0044971405796669,0.0141033690358412,-0.0171212989808235,-0.0229967215296044,0.005875422548780901,0.07371549981963521,0.06901103979560275,0.004704460024032464,0.02790140295411958,0.034280078213645204,-0.0063786752595256235
2022-07-28,K200,FLOW,0,R-,0.0112945039110529,0.0044971405796669,0.006797363331386001,-0.0158360925782009,-0.0229967215296044,0.0071606289514035,0.05199561381769002,0.06901103979560275,-0.017015425977912724,0.0042723992470306005,0.034280078213645204,-0.030007678966614604
2023-01-20,K200,REVISION,1,N,0.0272947531769787,-0.0121310250822484,0.0394257782592271,0.0221470100563099,-0.0350705841063539,0.057217594162663796,0.046456428097611635,-0.009038857704895653,0.05549528580250729,0.011682603763708332,-0.04166596212614737,0.053348565889855704
2023-01-20,K200,VALUE,1,N,-0.0025571849839084,-0.0121310250822484,0.00957384009834,-0.0217241321562227,-0.0350705841063539,0.013346451950131198,-0.018474926397790803,-0.009038857704895653,-0.00943606869289515,-0.024074227770233603,-0.04166596212614737,0.01759173435591377
2023-01-20,K200,FLOW,0,R-,0.0106132508883769,-0.0121310250822484,0.022744275970625297,-0.002095759782758,-0.0350705841063539,0.0329748243235959,0.01641585976580262,-0.009038857704895653,0.025454717470698274,-0.005045348092415414,-0.04166596212614737,0.03662061403373196
2023-01-31,K200,REVISION,1,N,0.0075481269530582,0.0055405904625921,0.0020075364904661,0.0011682546727742,0.0045207770584251,-0.0033525223856509002,0.009828655469051206,-0.028588594825961544,0.03841725029501275,0.018609014025763315,-0.010231419213543869,0.028840433239307184
2023-01-31,K200,VALUE,1,W+,-0.0269355130709068,0.0055405904625921,-0.0324761035334989,-0.0409196384542215,0.0045207770584251,-0.045440415512646604,-0.032510741789583575,-0.028588594825961544,-0.003922146963622031,-0.00037631060020515417,-0.010231419213543869,0.009855108613338714
2023-01-31,K200,FLOW,1,R+,-0.0085726823270503,0.0055405904625921,-0.0141132727896424,-0.0063081361546119,0.0045207770584251,-0.010828913213037,-0.015229737146374434,-0.028588594825961544,0.01335885767958711,-0.0021181753586361207,-0.010231419213543869,0.008113243854907748
2023-02-21,K200,REVISION,1,N,-0.0086623279126601,-0.0316197597514709,0.0229574318388108,0.0291450641035419,-0.0034197046292599,0.0325647687328018,-0.023353157277927417,-0.06902825345267316,0.045675096174745744,0.032909710862933705,-0.01913652428662682,0.05204623514956053
2023-02-21,K200,VALUE,0,R-,-0.0168206241888348,-0.0316197597514709,0.014799135562636095,0.002030851209604,-0.0034197046292599,0.0054505558388638995,-0.060554678341781076,-0.06902825345267316,0.008473575110892084,-0.04494896677461768,-0.01913652428662682,-0.02581244248799086
2023-02-21,K200,FLOW,1,N,-0.0208516847129697,-0.0316197597514709,0.010768075038501197,0.0008400906876992,-0.0034197046292599,0.0042597953169591,-0.03762667988701285,-0.06902825345267316,0.03140157356566031,-0.0011516054347454618,-0.01913652428662682,0.01798491885188136
2023-03-08,K200,REVISION,0,N,-0.020828150499228,-0.0206588600817287,-0.00016929041749929805,0.0183621230808419,0.0206554614878366,-0.0022933384069947008,0.0384835378225552,0.02934203315536532,0.009141504667189881,0.010346662621470548,0.0180119159763088,-0.007665253354838253
2023-03-08,K200,VALUE,0,N,-0.0292726710772566,-0.0206588600817287,-0.0086138109955279,0.0061183564148626,0.0206554614878366,-0.014537105072974,-0.008432179432117937,0.02934203315536532,-0.03777421258748326,-0.04882965674485307,0.0180119159763088,-0.06684157272116187
2023-03-08,K200,FLOW,0,N,-0.0131069953432094,-0.0206588600817287,0.007551864738519301,0.0193347556440619,0.0206554614878366,-0.0013207058437747013,0.00740426216282053,0.02934203315536532,-0.02193777099254479,-0.014742438299130467,0.0180119159763088,-0.03275435427543927
2023-05-12,K200,REVISION,0,W-,0.0112436381021902,0.003914201643449,0.0073294364587411995,0.0037941467112191,-0.0027957114304549,0.0065898581416739994,0.038943142615309956,0.029120941038215387,0.00982220157709457,0.028204891465389625,0.033316156027831,-0.0051112645624413755
2023-05-12,K200,VALUE,1,W+,0.0050057853951317,0.003914201643449,0.0010915837516827006,-0.0105564490601281,-0.0027957114304549,-0.007760737629673199,0.0033212582397339485,0.029120941038215387,-0.025799682798481438,-0.041972093103871955,0.033316156027831,-0.07528824913170296
2023-05-12,K200,FLOW,0,N,-0.0022160692003307,0.003914201643449,-0.0061302708437797,-0.020647194528854,-0.0027957114304549,-0.0178514830983991,0.020182558831851383,0.029120941038215387,-0.008938382206364004,-0.013029251485311644,0.033316156027831,-0.046345407513142645
2023-05-19,K200,REVISION,0,W-,-0.0008491876746147,-0.0100371666375286,0.009187978962913899,0.0127976116351711,0.006451328440415,0.0063462831947561004,0.044724448059860755,0.041227918577872114,0.0034965294819886417,0.042797687506499704,0.04116358473713233,0.0016341027693673738
2023-05-19,K200,VALUE,0,N,-0.00810803824248,-0.0100371666375286,0.0019291283950486002,-0.0032730645894728,0.006451328440415,-0.0097243930298878,0.01564602379902924,0.041227918577872114,-0.025581894778842873,-0.023398889762538233,0.04116358473713233,-0.06456247449967056
2023-05-19,K200,FLOW,0,N,-0.0038798205017237,-0.0100371666375286,0.0061573461358049,0.0102460338119087,0.006451328440415,0.0037947053714937,0.01951897178837636,0.041227918577872114,-0.021708946789495753,-0.01677698735272848,0.04116358473713233,-0.05794057208986081
2023-08-23,K200,REVISION,0,R-,0.0232372489665239,0.021227501075441,0.002009747891082901,-0.0210820188147012,-0.0156844516379117,-0.005397567176789499,0.012590835420758228,0.003943651423771177,0.008647183996987051,-0.052074606054875794,-0.02936659352574289,-0.022708012529132904
2023-08-23,K200,VALUE,0,W-,0.0276592751912202,0.021227501075441,0.0064317741157792,-0.0102557825819787,-0.0156844516379117,0.005428669055933002,0.0984587727833035,0.003943651423771177,0.09451512135953233,0.10013286749388484,-0.02936659352574289,0.12949946101962773
2023-08-23,K200,FLOW,1,W+,0.0348128797881793,0.021227501075441,0.013585378712738298,0.0030920833451506,-0.0156844516379117,0.018776534983062303,0.04957465574028452,0.003943651423771177,0.045631004316513346,0.013651693760770911,-0.02936659352574289,0.0430182872865138
2023-08-30,K200,REVISION,0,N,-0.0209362819330183,-0.0201401566476413,-0.000796125285376998,-0.0286308970445971,-0.0176262704953487,-0.0110046265492484,-0.03399706615412357,-0.052862470340638845,0.018865404186515278,-0.017669441447960454,-0.0039228156709666395,-0.013746625776993815
2023-08-30,K200,VALUE,0,W-,0.0072757674538447,-0.0201401566476413,0.027415924101486,0.0322640355250916,-0.0176262704953487,0.0498903060204403,0.02573743268545514,-0.052862470340638845,0.07859990302609399,0.11142321802404376,-0.0039228156709666395,0.1153460336950104
2023-08-30,K200,FLOW,1,W+,-0.0092292969275541,-0.0201401566476413,0.010910859720087202,-0.0095981505827609,-0.0176262704953487,0.008028119912587799,-0.02525590797613264,-0.052862470340638845,0.027606562364506204,0.013553971019177657,-0.0039228156709666395,0.017476786690144297
2023-09-06,K200,REVISION,0,R-,0.0016025557167314,-0.0201167475818064,0.021719303298537797,0.0108342005215791,0.0026353161529931,0.008198884368586,-0.04010219171209872,-0.05355484252289111,0.013452650810792388,3.701188200855299e-05,0.007224683757736328,-0.007187671875727775
2023-09-06,K200,VALUE,0,W-,0.0299163550969817,-0.0201167475818064,0.0500331026787881,0.0571682243734956,0.0026353161529931,0.054532908220502496,0.0064196740366671,-0.05355484252289111,0.05997451655955821,0.0806498172993877,0.007224683757736328,0.07342513354165137
2023-09-06,K200,FLOW,1,W+,-0.0014199218678511,-0.0201167475818064,0.018696825713955298,0.0086574820251853,0.0026353161529931,0.0060221658721922,-0.019685308128301937,-0.05355484252289111,0.033869534394589174,0.04358024299973584,0.007224683757736328,0.03635555924199951
2023-09-13,K200,REVISION,0,R-,0.0091396495323673,0.0238787778135926,-0.0147391282812253,-0.0138030864597133,0.0011546092166501,-0.0149576956763634,-0.04754631228254558,-0.04979981164172198,0.002253499359176403,-0.02043113362614346,-0.014320979720308435,-0.006110153905835025
2023-09-13,K200,VALUE,1,W+,0.0303488115467059,0.0238787778135926,0.006470033733113299,0.0185615297771618,0.0011546092166501,0.0174069205605117,-0.003700597976726061,-0.04979981164172198,0.04609921366499592,0.07741342509871396,-0.014320979720308435,0.0917344048190224
2023-09-13,K200,FLOW,1,W+,0.0251689785330407,0.0238787778135926,0.0012902007194481,0.0115626616839438,0.0011546092166501,0.0104080524672937,-0.021950066653355527,-0.04979981164172198,0.027849744988366454,0.030076702180361847,-0.014320979720308435,0.04439768190067028
2023-11-08,K200,REVISION,1,R+,0.0223154577021769,0.0058748173282014,0.0164406403739755,0.0084493317103952,-0.0029463683913528,0.011395700101748,0.037891367315303626,0.030070371205063617,0.007820996110240008,0.0010967385685591857,-0.009531847958690887,0.010628586527250072
2023-11-08,K200,VALUE,1,W+,0.0238966362322608,0.0058748173282014,0.0180218189040594,0.0087468526338255,-0.0029463683913528,0.0116932210251783,0.06154790062402937,0.030070371205063617,0.031477529418965755,0.007909818058517759,-0.009531847958690887,0.017441666017208646
2023-11-08,K200,FLOW,1,R+,0.0039044792494051,0.0058748173282014,-0.0019703380787963,-0.0112717174202592,-0.0029463683913528,-0.008325349028906399,0.014921988721863899,0.030070371205063617,-0.015148382483199718,-0.024048954570604852,-0.009531847958690887,-0.014517106611913966
2024-01-29,K200,REVISION,0,R-,-0.0023310357598317,0.0487457491296521,-0.0510767848894838,-0.0921168731699263,0.0252551928081494,-0.1173720659780757,0.03579132730690282,0.04841517178203114,-0.01262384447512832,-0.059613502262049645,-0.018662183242322605,-0.04095131901972704
2024-01-29,K200,VALUE,0,W-,0.1050122771611214,0.0487457491296521,0.056266528031469296,0.1200463216849028,0.0252551928081494,0.0947911288767534,0.10460984788228589,0.04841517178203114,0.05619467610025475,0.07059664922736841,-0.018662183242322605,0.08925883246969102
2024-01-29,K200,FLOW,0,R-,0.0430174837869575,0.0487457491296521,-0.005728265342694598,0.0055692381404833,0.0252551928081494,-0.0196859546676661,0.02863648389076534,0.04841517178203114,-0.0197786878912658,-0.04646116022748226,-0.018662183242322605,-0.02779897698515965
2024-02-14,K200,REVISION,0,R-,0.0233031583720619,0.036942230982646,-0.0136390726105841,-0.0035532758496011,0.0030443083692185,-0.0065975842188196,0.02627959580822692,0.05736417503123903,-0.03108457922301211,0.01651639234227753,0.03426015802676452,-0.01774376568448699
2024-02-14,K200,VALUE,1,W+,0.0241466931643829,0.036942230982646,-0.012795537818263099,0.0059187272429239,0.0030443083692185,0.0028744188737054002,0.026269059691031327,0.05736417503123903,-0.031095115340207702,0.0002305545424048372,0.03426015802676452,-0.03402960348435968
2024-02-14,K200,FLOW,0,R-,0.0297689512889769,0.036942230982646,-0.007173279693669099,0.0107891085363065,0.0030443083692185,0.007744800167087999,0.04009972943343176,0.05736417503123903,-0.017264445597807265,0.014102205824994662,0.03426015802676452,-0.020157952201769858
2024-07-11,K200,REVISION,1,W+,-0.0058913188495015,-0.0213190181238401,0.0154276992743386,0.0073146546858449,2.541057326234386e-05,0.007289244112582556,-0.07603103006976986,-0.08366083447248263,0.00762980440271277,0.021516611382168094,0.08100860673332888,-0.05949199535116079
2024-07-11,K200,VALUE,1,W+,0.0211601659188208,-0.0213190181238401,0.0424791840426609,0.0199821891099916,2.541057326234386e-05,0.019956778536729256,-0.04201895389459531,-0.08366083447248263,0.041641880577887314,0.0418534800620336,0.08100860673332888,-0.03915512667129528
2024-07-11,K200,FLOW,1,W+,0.0091114600954084,-0.0213190181238401,0.030430478219248498,0.0278835403717735,2.541057326234386e-05,0.027858129798511155,-0.037446682768878414,-0.08366083447248263,0.04621415170360421,0.08627240739135256,0.08100860673332888,0.005263800658023676
2024-07-18,K200,REVISION,1,W+,-0.0279442350249882,-0.0336135401078411,0.005669305082852901,0.0153913806362859,0.0176866486986061,-0.002295268062320199,-0.0289820186694969,-0.03667765362776154,0.007695634958264641,0.0257164398360179,0.04803685652139489,-0.022320416685376987
2024-07-18,K200,VALUE,1,W+,-0.0362194479665116,-0.0336135401078411,-0.0026059078586705003,-0.0078775681070582,0.0176866486986061,-0.0255642168056643,-0.02395050589032277,-0.03667765362776154,0.012727147737438771,0.028731421391399614,0.04803685652139489,-0.019305435129995274
2024-07-18,K200,FLOW,1,W+,-0.0268076443695443,-0.0336135401078411,0.0068058957382968015,0.0197654339462926,0.0176866486986061,0.0020787852476864994,-0.01718230387359132,-0.03667765362776154,0.01949534975417022,0.04072959005533039,0.04803685652139489,-0.007307266466064499
2024-07-25,K200,REVISION,0,W-,0.0243491666838307,0.0292467808843248,-0.004897614200494102,0.0035798742943203,0.0163798985002849,-0.0128000242059646,-0.0013404817146303039,0.01529337057029223,-0.016633852284922535,-0.01387460641719429,0.04374701724332897,-0.05762162366052326
2024-07-25,K200,VALUE,1,N,0.048347075447564,0.0292467808843248,0.019100294563239202,0.0335093822598357,0.0163798985002849,0.017129483759550798,0.039981676786162934,0.01529337057029223,0.024688306215870703,0.07004260978898036,0.04374701724332897,0.02629559254565139
2024-07-25,K200,FLOW,0,W-,0.0332164958382178,0.0292467808843248,0.0039697149538929985,0.0093759508707452,0.0163798985002849,-0.0070039476295397,0.022143681067051224,0.01529337057029223,0.006850310496758993,0.03162213691461879,0.04374701724332897,-0.012124880328710175
2024-09-06,K200,REVISION,0,R-,0.0411730385571155,0.0264213315274416,0.014751707029673902,0.0052403537159248,-0.0287765431953236,0.0340168969112484,0.07978454380187427,0.04961405462234558,0.030170489179528692,0.013300826082133899,-0.06345073897229137,0.07675156505442526
2024-09-06,K200,VALUE,1,W+,0.0240074470276528,0.0264213315274416,-0.0024138844997887987,-0.0235216735812224,-0.0287765431953236,0.005254869614101199,0.025963819662393472,0.04961405462234558,-0.02365023495995211,-0.06171442491994383,-0.06345073897229137,0.0017363140523475318
2024-09-06,K200,FLOW,1,W+,0.0305314711034639,0.0264213315274416,0.0041101395760223015,-0.0155942870182226,-0.0287765431953236,0.013182256177100999,0.03527629241105035,0.04961405462234558,-0.014337762211295235,-0.06286235177615207,-0.06345073897229137,0.000588387196139295
2024-09-13,K200,REVISION,0,R-,0.0199390201229445,0.0147012859667315,0.005237734156213,-0.0102268633798162,-0.0349117410024672,0.024684877622651,0.03971073264492708,0.024325259586367,0.015385473058560084,0.022235662318204508,-0.02203041394774674,0.04426607626595125
2024-09-13,K200,VALUE,1,W+,-0.004581784440106,0.0147012859667315,-0.0192830704068375,-0.0375715679897384,-0.0349117410024672,-0.0026598269872711994,-0.00885348951441356,0.024325259586367,-0.03317874910078056,-0.057859002380781344,-0.02203041394774674,-0.0358285884330346
2024-09-13,K200,FLOW,1,W+,0.0074330036830503,0.0147012859667315,-0.0072682822836812,-0.0261816434951644,-0.0349117410024672,0.008730097507302803,0.007131350329967701,0.024325259586367,-0.017193909256399298,-0.026779882044202008,-0.02203041394774674,-0.004749468096455267
2024-09-25,K200,REVISION,1,R+,0.0002057739847077,-0.0198107799579851,0.0200165539426928,0.0097875273280296,-0.0140887466951472,0.0238762740231768,0.007730450299203939,0.017525653469712354,-0.009795203170508415,0.029622525191997484,0.03045575570816017,-0.0008332305161626863
2024-09-25,K200,VALUE,0,R-,-0.0097788840817296,-0.0198107799579851,0.010031895876255501,0.0020400126901251,-0.0140887466951472,0.0161287593852723,-0.002617660382636,0.017525653469712354,-0.020143313852348355,-0.01734424638554688,0.03045575570816017,-0.04780000209370705
2024-09-25,K200,FLOW,1,R+,-0.0065863181822901,-0.0198107799579851,0.013224461775695001,0.002873957991675,-0.0140887466951472,0.0169627046868222,0.0019121473791636756,0.017525653469712354,-0.015613506090548679,0.007217862050949986,0.03045575570816017,-0.023237893657210185
2024-10-04,K200,REVISION,0,R-,0.0166012253845582,0.0281484747056532,-0.011547249321095,0.0085625034799779,0.0134599871335533,-0.0048974836535754,-0.0011637920473662744,0.02469736264886313,-0.025861154696229405,0.026493692367622446,0.029299750796970114,-0.0028060584293476687
2024-10-04,K200,VALUE,0,N,0.0164620383383289,0.0281484747056532,-0.011686436367324297,-0.0036339451212349,0.0134599871335533,-0.0170939322547882,-0.0048461333134977025,0.02469736264886313,-0.029543495962360833,-0.021235049961844665,0.029299750796970114,-0.05053480075881478
2024-10-04,K200,FLOW,0,R-,0.003803483353259,0.0281484747056532,-0.0243449913523942,-0.0252237275711579,0.0134599871335533,-0.0386837147047112,0.0019534244829748637,0.02469736264886313,-0.022743938165888267,-0.0013373669511164143,0.029299750796970114,-0.03063711774808653
2024-12-16,K200,REVISION,0,R-,0.0006416431850976,-0.0180303836853018,0.0186720268703994,0.0084535334417948,-0.0042092297452583,0.0126627631870531,0.08399907720249855,-0.00026455972118999416,0.08426363692368855,0.10507107221064182,-0.011049767408074396,0.11612083961871622
2024-12-16,K200,VALUE,1,N,-0.001502675166195,-0.0180303836853018,0.016527708519106798,0.0146123346516364,-0.0042092297452583,0.0188215643968947,0.01176401768049029,-0.00026455972118999416,0.012028577401680285,-0.03984432559135598,-0.011049767408074396,-0.028794558183281582
2024-12-16,K200,FLOW,0,N,-0.0081941035712006,-0.0180303836853018,0.009836280114101198,0.0004821461411287,-0.0042092297452583,0.004691375886387,0.022361650854497706,-0.00026455972118999416,0.0226262105756877,0.023067503135456358,-0.011049767408074396,0.03411727054353075
2024-12-23,K200,REVISION,0,N,-0.01706559641051,-0.0331710558290756,0.016105459418565598,0.0196491828207241,0.0114463685483968,0.0082028142723273,0.052420079690677746,0.029085518601558835,0.02333456108911891,0.08814422949671386,0.031671854622674855,0.056472374874039
2024-12-23,K200,VALUE,0,W-,-0.0398066125206284,-0.0331710558290756,-0.006635556691552802,-0.037570970514399,0.0114463685483968,-0.049017339062795796,0.02136088487260346,0.029085518601558835,-0.007724633728955377,-0.030524029705342848,0.031671854622674855,-0.0621958843280177
2024-12-23,K200,FLOW,0,N,-0.0176685513025048,-0.0331710558290756,0.015502504526570798,0.0136065121585252,0.0114463685483968,0.002160143610128399,0.024048900599391576,0.029085518601558835,-0.005036618002167259,0.025756934955055488,0.031671854622674855,-0.005914919667619367
2025-01-02,K200,REVISION,0,W-,0.0951670971132094,0.0358601297722707,0.0593069673409387,0.0713751952898794,-0.0517667176824912,0.12314191297237059,0.08309712429592753,0.06211982122944759,0.020977303066479935,0.06355519442810453,0.01826709463222209,0.04528809979588244
2025-01-02,K200,VALUE,0,R-,0.0359243645110337,0.0358601297722707,6.423473876299851e-05,-0.028866650863121,-0.0517667176824912,0.0229000668193702,0.06354935159356168,0.06211982122944759,0.0014295303641140844,-0.00642221440348667,0.01826709463222209,-0.024689309035708762
2025-01-02,K200,FLOW,0,R-,0.0484789470806588,0.0358601297722707,0.012618817308388097,0.0125123053345307,-0.0517667176824912,0.0642790230170219,0.048891192565054586,0.06211982122944759,-0.013228628664393005,0.010882811709806539,0.01826709463222209,-0.007384282922415553
2025-03-20,K200,REVISION,1,W+,-0.0237368954588598,-0.0485827587371892,0.024845863278329404,-0.0045082492189847,-0.0282741867810529,0.0237659375620682,-0.03795283128428384,-0.05826474127906578,0.02031190999478194,0.06470692204260242,0.02386016146923664,0.04084676057336578
2025-03-20,K200,VALUE,1,W+,-0.0102041328420383,-0.0485827587371892,0.038378625895150904,0.0407862561659909,-0.0282741867810529,0.0690604429470438,-0.050058758631341904,-0.05826474127906578,0.008205982647723875,0.01545220590364127,0.02386016146923664,-0.00840795556559537
2025-03-20,K200,FLOW,0,N,-0.0265020681800651,-0.0485827587371892,0.022080690557124104,-0.0007928517035435,-0.0282741867810529,0.0274813350775094,-0.05797057338442768,-0.05826474127906578,0.00029416789463809767,0.019062087362890612,0.02386016146923664,-0.004798074106346029
2025-03-27,K200,REVISION,0,W-,-0.0250134734412681,-0.0288386801245897,0.003825206683321602,0.0398544866211251,0.0552148119476561,-0.015360325326531005,0.014311045038805759,0.007271566607262914,0.007039478431542845,0.056173980432472126,0.02494554749131872,0.031228432941153406
2025-03-27,K200,VALUE,0,W-,-0.0400566246040222,-0.0288386801245897,-0.011217944479432498,0.0124522878278468,0.0552148119476561,-0.042762524119809305,-0.0007105405021230471,0.007271566607262914,-0.00798210710938596,-0.011486786531653248,0.02494554749131872,-0.03643233402297197
2025-03-27,K200,FLOW,0,W-,-0.0460878142855433,-0.0288386801245897,-0.0172491341609536,0.0167981221745831,0.0552148119476561,-0.038416689773073,-0.0015417359703285838,0.007271566607262914,-0.008813302577591497,0.022582809293111072,0.02494554749131872,-0.002362738198207648
2025-07-24,K200,REVISION,1,R+,0.0056559734301926,-0.0051335961758145,0.010789569606007101,0.0146577694990195,-0.0137677255031106,0.0284254950021301,-0.03239147226182992,-0.0731974300811652,0.04080595781933527,-0.005334391385716453,-0.0774204711151143,0.07208607972939785
2025-07-24,K200,VALUE,1,W+,-0.0202922095254083,-0.0051335961758145,-0.0151586133495938,-0.0581091649494483,-0.0137677255031106,-0.0443414394463377,-0.06350393521771858,-0.0731974300811652,0.009693494863446617,-0.07921005825997762,-0.0774204711151143,-0.001789587144863325
2025-07-24,K200,FLOW,1,N,-0.0153519947863241,-0.0051335961758145,-0.010218398610509601,-0.0116848474804433,-0.0137677255031106,0.0020828780226673,-0.07233865288412267,-0.0731974300811652,0.0008587771970425262,-0.04735597026784266,-0.0774204711151143,0.030064500847271636
2025-07-31,K200,REVISION,1,W+,-0.01149883019667,-0.0140660345678429,0.0025672043711728997,-0.0131868420288222,-0.0137960101279439,0.0006091680991216989,-0.010979779975753057,-0.0653108598162816,0.05433107984052854,0.018869973019012054,-0.06458798171998381,0.08345795473899587
2025-07-31,K200,VALUE,1,R+,-0.0008615119864237,-0.0140660345678429,0.013204522581419199,-0.0122867703577095,-0.0137960101279439,0.0015092397702343996,-0.03467888725989965,-0.0653108598162816,0.030631972556381948,-0.0158490644485908,-0.06458798171998381,0.04873891727139301
2025-07-31,K200,FLOW,0,N,-0.0041692891359496,-0.0140660345678429,0.009896745431893299,-0.0055542798278242,-0.0137960101279439,0.008241730300119699,-0.04206601069363225,-0.0653108598162816,0.023244849122649347,-0.024987290160466857,-0.06458798171998381,0.039600691559516954
2025-08-07,K200,REVISION,0,N,-0.0158753931557299,-0.0328502902795986,0.0169748971238687,-0.014330086484305,-0.0309976038674545,0.016667517383149498,0.002787852756478637,-0.04823488985170965,0.05102274260818829,0.022111805363584924,-0.05389973318826913,0.07601153855185405
2025-08-07,K200,VALUE,0,R-,-0.0411151866763437,-0.0328502902795986,-0.008264896396745103,-0.0192914456509643,-0.0309976038674545,0.011706158216490199,-0.027282029545330988,-0.04823488985170965,0.020952860306378662,0.005609923241111092,-0.05389973318826913,0.05950965642938022
2025-08-07,K200,FLOW,0,N,-0.0268111866361518,-0.0328502902795986,0.0060391036434468,-0.0144098933457927,-0.0309976038674545,0.0165877105216618,-0.03692246780495523,-0.04823488985170965,0.011312422046754422,-0.03002235493322869,-0.05389973318826913,0.023877378255040438
2025-08-14,K200,REVISION,0,R-,-0.010939242055296,-0.0230306701554573,0.012091428100161299,0.0078388253634947,-0.0211120173744765,0.0289508427379712,0.06042294338066956,0.0376466151519006,0.02277632822876896,0.03783565619360463,-0.000961556565309496,0.038797212758914124
2025-08-14,K200,VALUE,0,R-,-0.0022602702721994,-0.0230306701554573,0.0207703998832579,0.0092276982343972,-0.0211120173744765,0.030339715608873698,0.0483564992414145,0.0376466151519006,0.0107098840895139,0.013731099858789175,-0.000961556565309496,0.014692656424098671
2025-08-14,K200,FLOW,0,R-,-0.0278666727705155,-0.0230306701554573,-0.004836002615058201,-0.0165375609057263,-0.0211120173744765,0.004574456468750199,0.03324290280583719,0.0376466151519006,-0.004403712346063404,0.007588606901111961,-0.000961556565309496,0.008550163466421457
2025-08-22,K200,REVISION,0,N,0.0279095973198831,0.0033321591561097,0.0245774381637734,0.0393486265934534,-4.986725091882423e-05,0.039398493844372225,0.09317983235401206,0.06799918547518535,0.025180646878826707,0.0585581140919158,0.02833587838654461,0.030222235705371192
2025-08-22,K200,VALUE,0,R-,0.0098628814643698,0.0033321591561097,0.0065307223082601,0.0067038142821277,-4.986725091882423e-05,0.0067536815330465245,0.0540532630927717,0.06799918547518535,-0.013945922382413656,0.0013676201145680356,0.02833587838654461,-0.026968258271976575
2025-08-22,K200,FLOW,0,R-,0.0167803095703115,0.0033321591561097,0.0134481504142018,0.0115214129925248,-4.986725091882423e-05,0.011571280243443624,0.0795535311558635,0.06799918547518535,0.011554345680678146,0.04338846826138587,0.02833587838654461,0.01505258987484126
2025-08-29,K200,REVISION,0,W-,0.0022615771091586,0.0039461344592431,-0.0016845573500844997,-0.0100470078023982,-0.0025273999960118,-0.0075196078063864,0.031516432802468186,0.021664534746323127,0.009851898056145059,0.031709814326088104,0.01654442084083363,0.015165393485254475
2025-08-29,K200,VALUE,0,N,0.0067944743329966,0.0039461344592431,0.0028483398737535,0.0092498916218617,-0.0025273999960118,0.011777291617873501,0.012566918410922945,0.021664534746323127,-0.009097616335400183,-0.003091547922151383,0.01654442084083363,-0.019635968762985012
2025-08-29,K200,FLOW,0,R-,0.0011777368891942,0.0039461344592431,-0.0027683975700488997,-0.0106896986418895,-0.0025273999960118,-0.0081622986458777,0.017860245514447648,0.021664534746323127,-0.0038042892318754795,0.024637459302011555,0.01654442084083363,0.008093038461177926
2025-09-05,K200,REVISION,1,W+,0.0406870300378227,0.0544194275835113,-0.013732397545688599,0.0008331535902446,0.0232220404915971,-0.0223888869013525,0.08095634891902592,0.06751787425523448,0.013438474663791444,0.09070635577972874,0.0728541111704426,0.01785224460928614
2025-09-05,K200,VALUE,0,N,0.03344767610479,0.0544194275835113,-0.020971751478721302,-0.0113713692910708,0.0232220404915971,-0.0345934097826679,-0.006612047656092468,0.06751787425523448,-0.07412992191132695,-0.07181467999827695,0.0728541111704426,-0.14466879116871956
2025-09-05,K200,FLOW,0,R-,0.0440908451123396,0.0544194275835113,-0.010328582471171702,0.0238064429524767,0.0232220404915971,0.0005844024608795996,0.03606321651300881,0.06751787425523448,-0.03145465774222567,0.054219893289488175,0.0728541111704426,-0.01863421788095443
2025-11-21,K200,REVISION,0,W-,0.0270698967871002,0.0240979642298745,0.0029719325572256997,0.0109222106872109,0.002660091594754,0.0082621190924569,0.00864264692941985,0.011731300402648026,-0.0030886534732281756,-0.01584029359459116,-0.015259036935395764,-0.0005812566591953949
2025-11-21,K200,VALUE,1,W+,0.0251970160011363,0.0240979642298745,0.0010990517712617977,0.0155948813190712,0.002660091594754,0.0129347897243172,0.05519556730664665,0.011731300402648026,0.04346426690399863,0.06155221798662436,-0.015259036935395764,0.07681125492202012
2025-11-21,K200,FLOW,0,N,0.0051494985528512,0.0240979642298745,-0.0189484656770233,-0.0154384729008259,0.002660091594754,-0.0180985644955799,0.0022668573366579903,0.011731300402648026,-0.009464443065990036,-0.04955969585399056,-0.015259036935395764,-0.034300658918594795
2025-11-28,K200,REVISION,0,N,0.0318573600790513,0.0430802182601431,-0.011222858181091797,0.0111934222900999,0.0264153497698565,-0.015221927479756599,-0.004850199848913772,-0.010124632071844664,0.0052744322229308915,-0.010099168095579536,-0.006392233375767775,-0.003706934719811761
2025-11-28,K200,VALUE,1,W+,0.0418089527188967,0.0430802182601431,-0.0012712655412463955,0.0305105629516003,0.0264153497698565,0.004095213181743801,0.010694613845122491,-0.010124632071844664,0.020819245916967155,0.007846693459838239,-0.006392233375767775,0.014238926835606014
2025-11-28,K200,FLOW,0,N,0.0251667447788792,0.0430802182601431,-0.0179134734812639,-0.0015047222354188,0.0264153497698565,-0.027920072005275298,-0.017559034311072752,-0.010124632071844664,-0.007434402239228088,-0.05372776939982116,-0.006392233375767775,-0.04733553602405338
2026-03-31,K200,REVISION,0,W-,0.0506808178132737,0.0907334183197509,-0.0400526005064772,0.0454574565865883,0.0785564101302887,-0.033098953543700405,0.32988358059106804,0.42499143035546405,-0.09510784976439601,0.1600322696490062,0.2951534812812895,-0.1351212116322833
2026-03-31,K200,VALUE,0,N,0.0129362109563558,0.0907334183197509,-0.0777972073633951,-0.0306436432110531,0.0785564101302887,-0.10920005334134181,0.15544397457615644,0.42499143035546405,-0.2695474557793076,-0.1428330493386355,0.2951534812812895,-0.437986530619925
2026-03-31,K200,FLOW,0,W-,0.0207850199117535,0.0907334183197509,-0.06994839840799741,-0.0085301873691305,0.0785564101302887,-0.0870865974994192,0.21458128636909857,0.42499143035546405,-0.21041014398636548,-0.0025245153393175235,0.2951534812812895,-0.297677996620607
2026-06-29,K200,REVISION,0,W-,-0.029075479271868,-0.0374757661410286,0.008400286869160598,-0.0281360967348772,-0.0161272963985483,-0.012008800336328899,-0.19148802219381478,-0.18685726751701948,-0.004630754676795301,-0.1283432590608501,-0.054788381202612646,-0.07355487785823744
2026-06-29,K200,VALUE,0,W-,0.0344385519838303,-0.0374757661410286,0.0719143181248589,0.086380725078019,-0.0161272963985483,0.1025080214765673,-0.02554609300145505,-0.18685726751701948,0.16131117451556443,0.244253693519062,-0.054788381202612646,0.29904207472167466
2026-06-29,K200,FLOW,0,W-,-0.0115068988823838,-0.0374757661410286,0.0259688672586448,0.0005207492769843,-0.0161272963985483,0.016648045675532602,-0.08688394267945021,-0.18685726751701948,0.09997332483756927,0.08339053567083732,-0.054788381202612646,0.13817891687344996
2026-07-06,K200,REVISION,1,W+,-0.0826952699342555,-0.0822908475851741,-0.0004044223490813903,-0.0411735026262933,-0.0346038213287266,-0.006569681297566701,-0.11717687913717478,-0.1342683180692691,0.017091438932094305,-0.07926469931861224,-0.09960878710881271,0.02034408779020047
2026-07-06,K200,VALUE,1,W+,-0.0226226996860853,-0.0822908475851741,0.05966814789908881,0.0873168390581414,-0.0346038213287266,0.121920660386868,-0.01884153771611985,-0.1342683180692691,0.11542678035314924,0.11685729161355107,-0.09960878710881271,0.21646607872236379
2026-07-06,K200,FLOW,0,W-,-0.0390696109920807,-0.0822908475851741,0.043221236593093404,0.0181079065647817,-0.0346038213287266,0.0527117278935083,-0.028126576968057537,-0.1342683180692691,0.10614174110121155,0.08003417728230278,-0.09960878710881271,0.1796429643911155
2026-07-13,K200,REVISION,0,N,-0.0422281471580825,-0.029957382366593,-0.012270764791489499,-0.0109993184721627,0.0196337307259637,-0.0306330491981264,,,,,,
2026-07-13,K200,VALUE,0,W-,-0.0247521432752135,-0.029957382366593,0.005205239091379502,0.0184119835247063,0.0196337307259637,-0.0012217472012574018,,,,,,
2026-07-13,K200,FLOW,0,W-,-0.0358691965076293,-0.029957382366593,-0.005911814141036299,0.0133099293319208,0.0196337307259637,-0.006323801394042901,,,,,,
2026-07-21,K200,REVISION,0,R-,-0.0521812710412585,-0.0510152483313801,-0.0011660227098783948,-0.054191042181855,-0.02402123111962,-0.030169811062235,,,,,,
2026-07-21,K200,VALUE,0,W-,-0.0117214924454882,-0.0510152483313801,0.0392937558858919,0.0343017800558194,-0.02402123111962,0.0583230111754394,,,,,,
2026-07-21,K200,FLOW,0,W-,-0.0029327515951507,-0.0510152483313801,0.048082496736229406,0.0495976005805255,-0.02402123111962,0.07361883170014549,,,,,,
2026-07-28,K200,REVISION,0,R-,0.0601631627489972,0.024774237769206,0.035388924979791195,0.0265846188834416,-0.0627809484045971,0.0893655672880387,,,,,,
2026-07-28,K200,VALUE,0,W-,0.0415558208574497,0.024774237769206,0.016781583088243703,-0.0248514104545723,-0.0627809484045971,0.037929537950024794,,,,,,
2026-07-28,K200,FLOW,0,W-,0.0521008431783466,0.024774237769206,0.027326605409140604,-0.0025788774034902,-0.0627809484045971,0.060202071001106895,,,,,,
2026-08-04,K200,REVISION,0,R-,,,,,,,,,,,,
2026-08-04,K200,VALUE,0,W-,,,,,,,,,,,,
2026-08-04,K200,FLOW,0,W-,,,,,,,,,,,,
2017-02-14,KOSDAQ,REVISION,0,N,0.0490514376639542,0.0192899209584729,0.0297615167054813,0.0319009394094795,0.0025449096213844,0.029356029788095102,0.03588182037306509,-0.010283076254353651,0.04616489662741874,0.03613055915514041,0.006302923612523381,0.029827635542617026
2017-02-14,KOSDAQ,VALUE,1,W+,0.0159537752261529,0.0192899209584729,-0.003336145732320002,0.0063952700122994,0.0025449096213844,0.003850360390915,0.004289706992180342,-0.010283076254353651,0.014572783246533993,0.0365640007317225,0.006302923612523381,0.03026107711919912
2017-02-14,KOSDAQ,FLOW,0,R-,0.0247344555676984,0.0192899209584729,0.005444534609225501,-0.0112401963142234,0.0025449096213844,-0.0137851059356078,-0.008073106276766384,-0.010283076254353651,0.002209969977587267,-0.015796620523986782,0.006302923612523381,-0.022099544136510163
2017-02-21,KOSDAQ,REVISION,1,N,-0.0119876594388344,-0.0259360229817286,0.0139483635428942,-0.0066129139877718,-0.0187153617253436,0.012102447737571801,-0.02757838447700256,-0.027998625405726618,0.00042024092872405827,-0.014771311167169121,0.00946413856735262,-0.02423544973452174
2017-02-21,KOSDAQ,VALUE,1,W+,-0.0187169604733701,-0.0259360229817286,0.0072190625083584994,-0.0101400937637691,-0.0187153617253436,0.008575267961574502,-0.015593323665915815,-0.027998625405726618,0.012405301739810803,0.019630979122249315,0.00946413856735262,0.010166840554896694
2017-02-21,KOSDAQ,FLOW,0,R-,-0.0144268077909323,-0.0259360229817286,0.0115092151907963,-0.0008353972358956,-0.0187153617253436,0.017879964489448,-0.029885030984297956,-0.027998625405726618,-0.0018864055785713374,0.003177872272579263,0.00946413856735262,-0.006286266294773357
2017-02-28,KOSDAQ,REVISION,1,R+,-0.0021182755534005,-0.0125333699260697,0.010415094372669199,-0.0003558826828818,0.0044178518836609,-0.0047737345665427,-0.009149704994281693,0.030383406635132726,-0.03953311162941442,-0.011540975367511863,0.04567008003071482,-0.057211055398226685
2017-02-28,KOSDAQ,VALUE,1,N,0.0157022810690549,-0.0125333699260697,0.0282356509951246,0.0368340189133952,0.0044178518836609,0.0324161670297343,0.02613189766421109,0.030383406635132726,-0.004251508970921636,0.049330745943830356,0.04567008003071482,0.003660665913115535
2017-02-28,KOSDAQ,FLOW,0,R-,-0.0151447145696736,-0.0125333699260697,-0.002611344643603901,-0.0075907188228591,0.0044178518836609,-0.01200857070652,-0.004603066722214777,0.030383406635132726,-0.0349864733573475,0.011031278551531631,0.04567008003071482,-0.03463880147918319
2017-04-26,KOSDAQ,REVISION,1,N,0.0286077346670798,0.0308303361893156,-0.002222601522235801,0.0139724252880753,0.0280567919963529,-0.0140843667082776,0.08126491808778447,0.07547411765493184,0.0057908004328526275,0.06280856324619655,0.06578102251379403,-0.0029724592675974826
2017-04-26,KOSDAQ,VALUE,1,R+,0.0121744982701639,0.0308303361893156,-0.0186558379191517,-0.0212430710528772,0.0280567919963529,-0.049299863049230105,0.053191146785313004,0.07547411765493184,-0.022282970869618834,0.026662089315199866,0.06578102251379403,-0.039118933198594164
2017-04-26,KOSDAQ,FLOW,1,W+,0.0261708166229778,0.0308303361893156,-0.0046595195663378,0.0189497501956949,0.0280567919963529,-0.009107041800658001,0.046975716478185214,0.07547411765493184,-0.028498401176746624,0.020494440881116294,0.06578102251379403,-0.045286581632677736
2017-10-20,KOSDAQ,REVISION,0,N,0.0355874682872269,0.0261096583089322,0.009477809978294699,-0.0089774348117178,-0.0157828844195103,0.0068054496077924985,0.13276862799063593,0.23059362133197125,-0.09782499334133532,-0.025261665030541836,0.08078349917071104,-0.10604516420125287
2017-10-20,KOSDAQ,VALUE,0,N,0.0331794256208886,0.0261096583089322,0.007069767311956403,-0.0070609059822305,-0.0157828844195103,0.008721978437279797,0.11189582549309596,0.23059362133197125,-0.1186977958388753,-0.028155381697395176,0.08078349917071104,-0.10893888086810621
2017-10-20,KOSDAQ,FLOW,0,R-,0.0342251661068921,0.0261096583089322,0.0081155077979599,-0.0082371151653398,-0.0157828844195103,0.007545769254170498,0.14045603821349406,0.23059362133197125,-0.0901375831184772,-0.034467544793091,0.08078349917071104,-0.11525104396380204
2017-10-27,KOSDAQ,REVISION,1,N,0.0047675162233633,0.0062900337851756,-0.0015225175618123,-0.0154121271635559,-0.0044852312846127,-0.010926895878943198,0.1471401854146408,0.24533331218022925,-0.09819312676558845,0.033284738760985366,0.11660294132981242,-0.08331820256882705
2017-10-27,KOSDAQ,VALUE,1,N,0.0065966067491197,0.0062900337851756,0.00030657296394409964,-0.0004018557807781,-0.0044852312846127,0.0040833755038346,0.09275495661709976,0.24533331218022925,-0.1525783555631295,-0.017618947235838678,0.11660294132981242,-0.1342218885656511
2017-10-27,KOSDAQ,FLOW,0,R-,0.0039784930431992,0.0062900337851756,-0.0023115407419764004,-0.0076548625423301,-0.0044852312846127,-0.0031696312577174004,0.13888853273243051,0.24533331218022925,-0.10644477944779873,-0.025207804423125313,0.11660294132981242,-0.14181074575293773
2018-02-07,KOSDAQ,REVISION,0,R-,0.0569158459308705,0.0571605721767311,-0.0002447262458606034,0.0750041227874389,0.0261513956334842,0.048852727153954695,0.10771487644211808,0.09337780149464892,0.014337074947469164,0.09467237752613067,0.017575991161977722,0.07709638636415295
2018-02-07,KOSDAQ,VALUE,1,W+,0.016837715482971,0.0571605721767311,-0.0403228566937601,-0.0088349430175194,0.0261513956334842,-0.034986338651003604,0.024192528313330852,0.09337780149464892,-0.06918527318131806,-0.07251990835734279,0.017575991161977722,-0.09009589951932051
2018-02-07,KOSDAQ,FLOW,1,W+,0.0396316400056632,0.0571605721767311,-0.0175289321710679,-8.930624097300277e-05,0.0261513956334842,-0.026240701874457203,0.05528684808532569,0.09337780149464892,-0.038090953409323225,-0.052293258648351215,0.017575991161977722,-0.06986924981032894
2018-02-14,KOSDAQ,REVISION,0,W-,0.0355546550210006,0.0240064573829812,0.0115481976380194,0.0188583653534919,0.0027520757024114,0.0161062896510805,0.03735088285977417,0.05234814686559974,-0.014997264005825572,0.02586743910196132,0.030158112157647743,-0.0042906730556864225
2018-02-14,KOSDAQ,VALUE,1,W+,0.0067986003994346,0.0240064573829812,-0.0172078569835466,-0.0183039158958362,0.0027520757024114,-0.0210559915982476,-0.01570546316664445,0.05234814686559974,-0.0680536100322442,-0.07674177431339846,0.030158112157647743,-0.1068998864710462
2018-02-14,KOSDAQ,FLOW,0,W-,0.0152520660948894,0.0240064573829812,-0.0087543912880918,-0.0194309832811997,0.0027520757024114,-0.0221830589836111,0.0223231399490198,0.05234814686559974,-0.030025006916579944,-0.03865506554860798,0.030158112157647743,-0.06881317770625572
2018-02-23,KOSDAQ,REVISION,0,W-,-0.0448277495981927,-0.045245250407439,0.0004175008092463031,0.002536665158081,0.0011790791471508,0.0013575860109302001,0.010146550664019705,-0.008313188521417159,0.018459739185436863,0.06632685573425001,0.040369783618581234,0.025957072115668778
2018-02-23,KOSDAQ,VALUE,1,W+,-0.0360422043009192,-0.045245250407439,0.0092030461065198,-0.0207467038272653,0.0011790791471508,-0.0219257829744161,-0.07768898099420407,-0.008313188521417159,-0.06937579247278691,-0.10181091704230372,0.040369783618581234,-0.14218070066088495
2018-02-23,KOSDAQ,FLOW,0,W-,-0.0359898002762641,-0.045245250407439,0.009255450131174903,0.0067550580966526,0.0011790791471508,0.005575978949501801,0.0029642382596608563,-0.008313188521417159,0.011277426781078015,0.02114570914867331,0.040369783618581234,-0.019224074469907926
2018-03-05,KOSDAQ,REVISION,0,W-,0.0595778158219222,0.0578760188064329,0.0017017970154893022,-0.0030808253863513,-0.0122430914444987,0.009162266058147399,0.051604543275558745,0.07185525556515526,-0.020250712289596517,0.0627973060941589,0.08088131211655258,-0.018084006022393684
2018-03-05,KOSDAQ,VALUE,0,N,0.0378374403291006,0.0578760188064329,-0.0200385784773323,-0.0266108237012271,-0.0122430914444987,-0.0143677322567284,-0.03800864377880642,0.07185525556515526,-0.10986389934396168,-0.08342078560627586,0.08088131211655258,-0.16430209772282844
2018-03-05,KOSDAQ,FLOW,0,W-,0.0371355631073482,0.0578760188064329,-0.020740455699084698,-0.0399126003175671,-0.0122430914444987,-0.027669508873068398,0.04654003617586833,0.07185525556515526,-0.025315219389286936,0.015094915725511138,0.08088131211655258,-0.06578639639104145
2018-05-09,KOSDAQ,REVISION,1,W+,-0.0052138893758627,-0.0044002581681155,-0.0008136312077472001,0.0051785658627947,0.0200736252662526,-0.014895059403457901,0.04821741876147456,-0.009580740424996792,0.057798159186471354,0.028382004939982775,-0.02195738640049516,0.050339391340477935
2018-05-09,KOSDAQ,VALUE,1,W+,0.0040931428843777,-0.0044002581681155,0.008493401052493198,0.0399113384431436,0.0200736252662526,0.019837713176891,0.059284202504439554,-0.009580740424996792,0.06886494292943635,0.046284211481870674,-0.02195738640049516,0.06824159788236583
2018-05-09,KOSDAQ,FLOW,0,R-,-0.0188323935147722,-0.0044002581681155,-0.0144321353466567,-0.0088562049870698,0.0200736252662526,-0.0289298302533224,0.013180173948368124,-0.009580740424996792,0.022760914373364916,0.012635084373804562,-0.02195738640049516,0.03459247077429972
2018-05-16,KOSDAQ,REVISION,1,W+,0.02746840030803,0.0167751522744128,0.010693248033617202,-0.0071766024214786,-0.0102427051928936,0.003066102771415,-0.0009206360606593966,-0.05456479727507413,0.05364416121441473,0.025841405188806732,-0.02463484904722879,0.05047625423603552
2018-05-16,KOSDAQ,VALUE,1,W+,0.0432446358284147,0.0167751522744128,0.026469483554001902,0.0216635141946737,-0.0102427051928936,0.0319062193875673,0.0024127149846182583,-0.05456479727507413,0.05697751225969239,-0.020931384207771853,-0.02463484904722879,0.003703464839456938
2018-05-16,KOSDAQ,FLOW,0,N,0.0146465003680061,0.0167751522744128,-0.0021286519064067,-0.005059495852769,-0.0102427051928936,0.0051832093401246,-0.027056094392400865,-0.05456479727507413,0.027508702882673264,0.0381429027266873,-0.02463484904722879,0.06277775177391609
2018-07-02,KOSDAQ,REVISION,0,N,0.0418753299508936,0.0115467652113302,0.030328564739563402,-0.0244174260926343,-0.0499038430463997,0.0254864169537654,0.014730044233366435,-0.02625217663888213,0.040982220872248565,-0.0023520991927248325,-0.06179107874180312,0.059438979549078286
2018-07-02,KOSDAQ,VALUE,0,R-,0.0190508231702633,0.0115467652113302,0.007504057958933101,-0.0369392536584071,-0.0499038430463997,0.012964589387992602,0.026458939893685862,-0.02625217663888213,0.05271111653256799,0.014441268514870265,-0.06179107874180312,0.07623234725667338
2018-07-02,KOSDAQ,FLOW,0,W-,0.0577744636979025,0.0115467652113302,0.046227698486572294,0.0022320265827129,-0.0499038430463997,0.0521358696291126,-0.009853195337096832,-0.02625217663888213,0.016398981301785298,-0.016841378799048123,-0.06179107874180312,0.044949699942754995
2018-07-09,KOSDAQ,REVISION,0,N,0.0229221958444603,0.0249069137300688,-0.0019847178856085,0.0156279634102881,0.0095435011384283,0.006084462271859801,-0.020931327138361988,-0.0682723799767061,0.04734105283834411,0.026931222143840916,-0.07124227428547747,0.09817349642931839
2018-07-09,KOSDAQ,VALUE,0,R-,0.0184878967935346,0.0249069137300688,-0.0064190169365342005,0.0037928824874858,0.0095435011384283,-0.005750618650942499,0.015206973254273004,-0.0682723799767061,0.0834793532309791,0.09168771365731909,-0.07124227428547747,0.16292998794279656
2018-07-09,KOSDAQ,FLOW,0,W-,0.0161872157785301,0.0249069137300688,-0.0087196979515387,0.0019536378218016,0.0095435011384283,-0.007589863316626699,-0.05850923271088104,-0.0682723799767061,0.009763147265825056,-0.011069115069550883,-0.07124227428547747,0.060173159215926586
2018-07-16,KOSDAQ,REVISION,1,N,-0.0649347463629592,-0.0929919777792676,0.028057231416308392,0.0206093985587461,-0.0261932236783873,0.0468026222371334,-0.07790715729514386,-0.13282891327356539,0.05492175597842153,0.030527912456363104,-0.07597596143324314,0.10650387388960625
2018-07-16,KOSDAQ,VALUE,0,R-,-0.0504486387192153,-0.0929919777792676,0.042543339060052296,0.0245652770398935,-0.0261932236783873,0.0507585007182808,-0.0648961540280103,-0.13282891327356539,0.06793275924555509,0.060382128564968385,-0.07597596143324314,0.13635808999821153
2018-07-16,KOSDAQ,FLOW,1,N,-0.0932865480784551,-0.0929919777792676,-0.0002945702991875021,-0.0115291989352569,-0.0261932236783873,0.014664024743130399,-0.11242979580906287,-0.13282891327356539,0.020399117464502514,-0.01088065523081827,-0.07597596143324314,0.06509530620242487
2018-07-23,KOSDAQ,REVISION,0,N,0.0182402096196238,0.0355354794009042,-0.0172952697812804,-0.0134501255343675,0.0044635163964581,-0.017913641930825598,0.045889271351841066,-0.0021410906049847966,0.04803036195682586,0.03435778324999106,-0.0664537185431846,0.10081150179317566
2018-07-23,KOSDAQ,VALUE,0,N,0.0415290898024737,0.0355354794009042,0.005993610401569496,0.0242111075720499,0.0044635163964581,0.0197475911755918,0.00033709356713806926,-0.0021410906049847966,0.002478184172122866,-0.0034720693920586854,-0.0664537185431846,0.06298164915112592
2018-07-23,KOSDAQ,FLOW,0,R-,0.0159275229326957,0.0355354794009042,-0.0196079564682085,-0.009524257485201,0.0044635163964581,-0.0139877738816591,0.027810166899779887,-0.0021410906049847966,0.029951257504764683,-0.022281037977170737,-0.0664537185431846,0.04417268056601387
2018-07-30,KOSDAQ,REVISION,1,N,0.0052599727181319,-0.0321045783297325,0.0373645510478644,0.0042182258031559,-0.0594747865337199,0.0636930123368758,0.05023033275539901,-0.006628350447680731,0.05685868320307974,0.06988793863238674,-0.053594124437428836,0.12348206306981557
2018-07-30,KOSDAQ,VALUE,1,N,0.0078800637559942,-0.0321045783297325,0.0399846420857267,0.0363947297076602,-0.0594747865337199,0.0958695162413801,-0.024355893364969128,-0.006628350447680731,-0.017727542917288397,-0.03372348916332324,-0.053594124437428836,0.019870635274105597
2018-07-30,KOSDAQ,FLOW,0,R-,0.0057951879012778,-0.0321045783297325,0.0378997662310103,0.0081162729808343,-0.0594747865337199,0.0675910595145542,0.044356326670062396,-0.006628350447680731,0.05098467711774313,-0.005368596485095911,-0.053594124437428836,0.048225527952332925
2018-08-06,KOSDAQ,REVISION,0,W-,-0.0366056420994187,-0.0461057254581334,0.009500083358714696,0.0191850655592508,0.0043980655052841,0.0147870000539667,0.07475806658748874,0.0794765446723733,-0.00471847808488457,0.06632896930566878,0.026522167711310995,0.03980680159435779
2018-08-06,KOSDAQ,VALUE,1,W+,-0.0618741060114674,-0.0461057254581334,-0.015768380553334002,-0.0249922023904338,0.0043980655052841,-0.0293902678957179,-0.020508399361314655,0.0794765446723733,-0.09998494403368796,-0.08478290516915421,0.026522167711310995,-0.1113050728804652
2018-08-06,KOSDAQ,FLOW,0,N,-0.0420113229556532,-0.0461057254581334,0.0040944025024802,0.0021445793970713,0.0043980655052841,-0.0022534861082127997,0.07008670062171674,0.0794765446723733,-0.00938984405065657,-0.029088943344721563,0.026522167711310995,-0.05561111105603256
2018-08-13,KOSDAQ,REVISION,0,W-,0.060603305328875,0.0436995071899,0.016903798138975003,0.0244024080250546,-0.0161579602381608,0.0405603682632154,0.0909312701774021,0.11529162762012857,-0.024360357442726466,0.054232785435411435,0.0012741507546929487,0.052958634680718486
2018-08-13,KOSDAQ,VALUE,0,W-,0.015792473774931,0.0436995071899,-0.027907033414968998,-0.0371320981398821,-0.0161579602381608,-0.020974137901721302,0.019856116487668496,0.11529162762012857,-0.09543551113246007,-0.06422118928626974,0.0012741507546929487,-0.06549534004096269
2018-08-13,KOSDAQ,FLOW,0,N,0.0499781312501999,0.0436995071899,0.0062786240602999005,-0.0229221067024803,-0.0161579602381608,-0.006764146464319502,0.10154720420711416,0.11529162762012857,-0.013744423413014406,-0.029564435384898613,0.0012741507546929487,-0.03083858613959156
2018-08-21,KOSDAQ,REVISION,1,W+,0.0224665110021949,0.0308787922393696,-0.0084122812371747,0.0204378297745886,0.0182999949636925,0.0021378348108960984,0.03380378190663902,0.09474221368375968,-0.06093843177712066,0.028934667239982392,0.060571553578744775,-0.03163688633876238
2018-08-21,KOSDAQ,VALUE,1,N,0.0158192922059538,0.0308787922393696,-0.015059500033415798,-0.0068806854403665,0.0182999949636925,-0.025180680404059002,-0.017888293778272057,0.09474221368375968,-0.11263050746203174,-0.06894539753916462,0.060571553578744775,-0.1295169511179094
2018-08-21,KOSDAQ,FLOW,1,R+,0.0322823904469716,0.0308787922393696,0.0014035982076020005,0.0076088489546533,0.0182999949636925,-0.010691146009039202,0.05897359598434093,0.09474221368375968,-0.03576861769941875,-0.011426803099688243,0.060571553578744775,-0.07199835667843302
2018-08-28,KOSDAQ,REVISION,1,W+,0.0287374407305008,0.0517920517056203,-0.023054610975119495,0.0008777059842925,0.0201436887114061,-0.0192659827271136,-0.009979325843403997,0.06798266619253845,-0.07796199203594245,-0.010453644870152212,0.06979133732998655,-0.08024498220013876
2018-08-28,KOSDAQ,VALUE,0,R-,0.0118546816267243,0.0517920517056203,-0.039937370078896,-0.0183698320476225,0.0201436887114061,-0.0385135207590286,-0.04159634414856772,0.06798266619253845,-0.10957901034110618,-0.06927446805600024,0.06979133732998655,-0.13906580538598678
2018-08-28,KOSDAQ,FLOW,1,N,0.030575510136689,0.0517920517056203,-0.021216541568931296,-0.0159256661590655,0.0201436887114061,-0.036069354870471595,0.016478784090745435,0.06798266619253845,-0.05150388210179302,-0.023484994573132134,0.06979133732998655,-0.09327633190311868
2018-10-30,KOSDAQ,REVISION,0,N,0.0268906976605077,0.0431849357586714,-0.0162942380981637,-0.0245632553321787,-0.0385602463413302,0.0139969910091515,-0.00487355270720502,0.025175277649931216,-0.030048830357136236,-0.1010245955486141,-0.10656258086973458,0.005537985321120487
2018-10-30,KOSDAQ,VALUE,0,W-,0.0224687260875517,0.0431849357586714,-0.020716209671119697,-0.0430171111405189,-0.0385602463413302,-0.004456864799188699,0.025765000944325767,0.025175277649931216,0.0005897232943945507,-0.016552690866734165,-0.10656258086973458,0.09000989000300041
2018-10-30,KOSDAQ,FLOW,0,R-,0.0701128284041263,0.0431849357586714,0.026927892645454907,0.0020515636112422,-0.0385602463413302,0.0406118099525724,0.0745748937468893,0.025175277649931216,0.04939961609695809,0.02257021430313655,-0.10656258086973458,0.12913279517287113
2018-11-06,KOSDAQ,REVISION,0,R-,-0.0181441044870619,-0.0074651510874542,-0.010678953399607699,-0.0014791546598137,0.0204317463756327,-0.0219109010354464,-0.030892239135322686,-0.002025802095378393,-0.028866437039944293,-0.09802572628193329,-0.08108979670674377,-0.016935929575189523
2018-11-06,KOSDAQ,VALUE,0,W-,-0.0096383233287963,-0.0074651510874542,-0.0021731722413421,0.0253517381157551,0.0204317463756327,0.004919991740122399,0.022400733486736657,-0.002025802095378393,0.02442653558211505,0.04068141856305951,-0.08108979670674377,0.12177121526980328
2018-11-06,KOSDAQ,FLOW,0,R-,-0.0088130748535533,-0.0074651510874542,-0.0013479237660991,0.0184413970386795,0.0204317463756327,-0.0019903493369532003,0.014949767483920517,-0.002025802095378393,0.01697556957929891,0.016821800891655858,-0.08108979670674377,0.09791159759839962
2018-11-13,KOSDAQ,REVISION,0,R-,-0.0231695934438962,-0.0040486104467472,-0.019120982997149,-0.0627602335533529,-0.0603052536464194,-0.0024549799069335035,-0.07486966476846835,-0.06285067590008953,-0.012018988868378822,-0.08093169861373994,-0.07648705246526499,-0.004444646148474951
2018-11-13,KOSDAQ,VALUE,0,W-,-0.0183364207606656,-0.0040486104467472,-0.0142878103139184,-0.0140344453057821,-0.0603052536464194,0.0462708083406373,-0.04519647120434056,-0.06285067590008953,0.017654204695748965,0.009100902320875681,-0.07648705246526499,0.08558795478614067
2018-11-13,KOSDAQ,FLOW,0,R-,-0.0002379532199819,-0.0040486104467472,0.0038106572267653004,-0.0056080510361142,-0.0603052536464194,0.0546972026103052,-0.031758094064033404,-0.06285067590008953,0.03109258183605612,0.028660702438758845,-0.07648705246526499,0.10514775490402384
2018-11-20,KOSDAQ,REVISION,0,R-,0.0103855508491507,-0.0058477231904942,0.0162332740396449,-0.0152162911264304,-0.0308939559383543,0.0156776648119239,-0.07091514620264727,-0.08177707679689394,0.010861930594246672,-0.031013731740317296,-0.03584038425758951,0.004826652517272212
2018-11-20,KOSDAQ,VALUE,0,W-,0.0319088537224961,-0.0058477231904942,0.0377565769129903,0.016511529876511,-0.0308939559383543,0.0474054858148653,-0.027486078641302147,-0.08177707679689394,0.054290998155591796,0.0657525903696905,-0.03584038425758951,0.10159297462728001
2018-11-20,KOSDAQ,FLOW,0,N,0.0133393526973734,-0.0058477231904942,0.0191870758878676,0.0076493403184365,-0.0308939559383543,0.0385432962567908,-0.03683908935963198,-0.08177707679689394,0.04493798743726196,0.04405430352967743,-0.03584038425758951,0.07989468778726694
2018-12-04,KOSDAQ,REVISION,0,R-,-0.0627000314655637,-0.0679585055836326,0.005258474118068901,0.017444603428267,0.0255430035230883,-0.008098400094821299,-0.03420403376655279,-0.12064072386530456,0.08643669009875177,0.0721151032338847,-0.03498374596586751,0.10709884919975221
2018-12-04,KOSDAQ,VALUE,1,W+,-0.0751172287945956,-0.0679585055836326,-0.007158723210963003,-0.0057635836742956,0.0255430035230883,-0.0313065871973839,-0.11726271408875755,-0.12064072386530456,0.0033780097765470085,-0.00630881047708054,-0.03498374596586751,0.028674935488786968
2018-12-04,KOSDAQ,FLOW,1,W+,-0.0544273733647511,-0.0679585055836326,0.013531132218881504,0.0302991556159069,0.0255430035230883,0.0047561520928186,-0.07561375624809286,-0.12064072386530456,0.0450269676172117,-0.011079848977023299,-0.03498374596586751,0.02390389698884421
2018-12-11,KOSDAQ,REVISION,0,R-,-0.0189940801877907,-0.0241625611135939,0.005168480925803201,-0.0118553078330657,-0.01894637430045,0.0070910664673843,0.07388139031404783,-0.024912848106932062,0.0987942384209799,0.03254300469782301,-0.1026724254728707,0.1352154301706937
2018-12-11,KOSDAQ,VALUE,0,N,-0.000127808382478,-0.0241625611135939,0.0240347527311159,0.0413184068252056,-0.01894637430045,0.0602647811256556,0.002521255434570824,-0.024912848106932062,0.027434103541502886,-0.003115724651739926,-0.1026724254728707,0.09955670082113077
2018-12-11,KOSDAQ,FLOW,0,W-,-0.0054843552040985,-0.0241625611135939,0.0186782059094954,0.0092727283638186,-0.01894637430045,0.0282191026642686,-0.004592046704685604,-0.024912848106932062,0.020320801402246458,-0.0745801869188335,-0.1026724254728707,0.028092238554037197
2018-12-18,KOSDAQ,REVISION,0,R-,0.0242417720015539,-0.0058431463211185,0.0300849183226724,0.0072553334792648,-0.013207873996634,0.0204632074758988,0.08178541065280176,0.02250950934726803,0.05927590130553373,0.02647474203536837,-0.08567677672124008,0.11215151875660845
2018-12-18,KOSDAQ,VALUE,0,W-,-0.0085649179549441,-0.0058431463211185,-0.002721771633825599,-0.0391041549371626,-0.013207873996634,-0.0258962809405286,0.04150832676309135,0.02250950934726803,0.01899881741582332,0.007042099486845643,-0.08567677672124008,0.09271887620808572
2018-12-18,KOSDAQ,FLOW,0,W-,0.0139103029990438,-0.0058431463211185,0.0197534493201623,-0.002723301002159,-0.013207873996634,0.010484572994475,0.019814044161440725,0.02250950934726803,-0.002695465185827306,-0.05746189833436299,-0.08567677672124008,0.028214878386877085
2019-01-04,KOSDAQ,REVISION,0,W-,0.0421963111696987,0.0335044058799536,0.008691905289745103,-0.0201095901283778,-0.0463911751976656,0.026281585069287797,0.03640275981808916,0.05833830118953509,-0.021935541371445932,-0.0798343364910793,-0.09405854833987048,0.01422421184879119
2019-01-04,KOSDAQ,VALUE,0,N,0.0503857169253827,0.0335044058799536,0.0168813110454291,-0.0025687458398862,-0.0463911751976656,0.0438224293577794,0.12203711306053333,0.05833830118953509,0.06369881187099824,0.0466502012371377,-0.09405854833987048,0.14070874957700819
2019-01-04,KOSDAQ,FLOW,0,N,0.0182221115177926,0.0335044058799536,-0.015282294362160997,-0.0358582024833231,-0.0463911751976656,0.010532972714342496,0.05275555016128286,0.05833830118953509,-0.005582751028252231,-0.02449734932729275,-0.09405854833987048,0.06956119901257773
2019-01-11,KOSDAQ,REVISION,1,W+,-0.0117736452193011,0.023296285774317,-0.035069930993618104,-0.0176626412935582,-0.0003649294611005,-0.017297711832457697,0.027628479367590053,0.051535537215905425,-0.02390705784831537,-0.07413747185482156,-0.055610042610704125,-0.018527429244117433
2019-01-11,KOSDAQ,VALUE,1,N,0.0387562434445316,0.023296285774317,0.015459957670214602,0.0519289957474826,-0.0003649294611005,0.0522939252085831,0.1347041121119812,0.051535537215905425,0.08316857489607576,0.04271757149702027,-0.055610042610704125,0.09832761410772439
2019-01-11,KOSDAQ,FLOW,0,R-,0.0188998574338648,0.023296285774317,-0.0043964283404521985,0.0279421166569481,-0.0003649294611005,0.0283070461180486,0.08709370452622456,0.051535537215905425,0.03555816731031913,0.0216863238193854,-0.055610042610704125,0.07729636643008952
2019-03-07,KOSDAQ,REVISION,1,W+,0.0467561773918911,0.0399138675349976,0.006842309856893498,0.0021409717446173,-0.0027836407181895,0.0049246124628068,0.08750812282882547,0.08454858786082431,0.002959534968001165,0.03849115921819668,0.05185542569114343,-0.01336426647294675
2019-03-07,KOSDAQ,VALUE,1,R+,0.0669532923460698,0.0399138675349976,0.027039424811072195,0.0365084443558522,-0.0027836407181895,0.0392920850740417,0.12900798158346083,0.08454858786082431,0.04445939372263652,0.10002951970386498,0.05185542569114343,0.04817409401272155
2019-03-07,KOSDAQ,FLOW,1,N,0.0283616525033659,0.0399138675349976,-0.011552215031631702,-0.0280317350907075,-0.0027836407181895,-0.025248094372517998,-0.0005291844945075619,0.08454858786082431,-0.08507777235533187,-0.07619670249494792,0.05185542569114343,-0.12805212818609135
2019-03-14,KOSDAQ,REVISION,1,W+,-0.0070546346754788,0.0045800456273746,-0.0116346803028534,0.0012287199804296,0.0068928582999883,-0.0056641383195587,0.05931317890154131,0.08647952543350335,-0.027166346531962038,0.023634780851135906,0.08980514721855215,-0.06617036636741624
2019-03-14,KOSDAQ,VALUE,1,R+,0.0163369005706166,0.0045800456273746,0.011756854943242,0.0329107205371104,0.0068928582999883,0.026017862237122102,0.07968955889745133,0.08647952543350335,-0.006789966536052017,0.05946061372251976,0.08980514721855215,-0.03034453349603239
2019-03-14,KOSDAQ,FLOW,1,R+,-0.0203095228317621,0.0045800456273746,-0.0248895684591367,-0.0319598252974271,0.0068928582999883,-0.0388526835974154,-0.016391875399555333,0.08647952543350335,-0.10287140083305868,-0.046363265562502365,0.08980514721855215,-0.13616841278105452
2019-08-28,KOSDAQ,REVISION,0,R-,0.0679354364797149,0.0397839336438607,0.028151502835854193,0.036018670022133,-0.0076605490579907,0.0436792190801237,0.04824411119840222,0.02182096407149392,0.026423147126908297,-0.005499351316048173,-0.0400773012883997,0.03457794997235153
2019-08-28,KOSDAQ,VALUE,1,N,0.0380254448189479,0.0397839336438607,-0.0017584888249128003,-0.0065117041491308,-0.0076605490579907,0.0011488449088599,0.064132853812775,0.02182096407149392,0.042311889741281083,0.02544049296380857,-0.0400773012883997,0.06551779425220827
2019-08-28,KOSDAQ,FLOW,0,W-,0.058992479490332,0.0397839336438607,0.019208545846471296,-0.0069855445761571,-0.0076605490579907,0.0006750044818335998,0.05759132203331885,0.02182096407149392,0.03577035796182493,0.017056175490299363,-0.0400773012883997,0.057133476778699066
2019-10-07,KOSDAQ,REVISION,0,R-,0.0294048267891885,0.0272807863904524,0.0021240403987361003,-0.006461129117553,-0.0084429965777884,0.0019818674602354,0.05010241626201406,0.13306832817603187,-0.08296591191401781,0.010074224818132027,0.06608348789227603,-0.056009263074144
2019-10-07,KOSDAQ,VALUE,1,W+,0.0587650890587549,0.0272807863904524,0.0314843026683025,0.035322158368289,-0.0084429965777884,0.043765154946077404,0.08030748305361679,0.13306832817603187,-0.05276084512241508,0.05597537213223047,0.06608348789227603,-0.010108115760045555
2019-10-07,KOSDAQ,FLOW,0,R-,0.0512517447836949,0.0272807863904524,0.0239709583932425,0.0324988127768259,-0.0084429965777884,0.0409418093546143,0.07561731216311918,0.13306832817603187,-0.05745101601291269,-0.007310903151686254,0.06608348789227603,-0.07339439104396228
2019-10-15,KOSDAQ,REVISION,1,N,0.0102362840694922,0.0767898626086796,-0.06655357853918739,0.0228191639388391,0.0854981480548359,-0.06267898411599679,0.004125033114601662,0.08192363423161697,-0.07779860111701531,0.012733670798219077,0.06295493408734698,-0.050221263289127904
2019-10-15,KOSDAQ,VALUE,1,W+,0.0207564807196991,0.0767898626086796,-0.056033381888980494,0.033460762450317,0.0854981480548359,-0.0520373856045189,0.00747443297669248,0.08192363423161697,-0.07444920125492449,0.02000359315851119,0.06295493408734698,-0.04295134092883579
2019-10-15,KOSDAQ,FLOW,1,N,0.0123234375231322,0.0767898626086796,-0.0644664250855474,0.0216980729029314,0.0854981480548359,-0.0638000751519045,0.0025079745245730756,0.08192363423161697,-0.0794156597070439,-0.03455585105187298,0.06295493408734698,-0.09751078513921996
2020-06-15,KOSDAQ,REVISION,1,W+,0.1051576326785159,0.1223037209263036,-0.017146088247787697,0.025623610565394,0.0669545424476259,-0.0413309318822319,0.18105387097333536,0.14675225505766343,0.034301615915671935,-0.001903475704237545,0.026548049566904375,-0.02845152527114192
2020-06-15,KOSDAQ,VALUE,1,R+,0.1154767150014846,0.1223037209263036,-0.006827005924818996,-0.0041759658858309,0.0669545424476259,-0.0711305083334568,0.23842080209789307,0.14675225505766343,0.09166854704022964,0.03816749214444548,0.026548049566904375,0.011619442577541106
2020-06-15,KOSDAQ,FLOW,0,R-,0.0571689496564708,0.1223037209263036,-0.0651347712698328,-0.0573474487377571,0.0669545424476259,-0.124301991185383,0.14543236606270193,0.14675225505766343,-0.0013198889949614934,-0.002164087530892145,0.026548049566904375,-0.02871213709779652
2020-07-20,KOSDAQ,REVISION,1,R+,0.0690837318708518,0.0541521388065119,0.014931593064339901,0.0786890249816142,0.0250151744725099,0.0536738505091043,0.06891093631596701,0.1242212827238589,-0.0553103464078919,0.05790731190615084,0.103935657734197,-0.04602834582804616
2020-07-20,KOSDAQ,VALUE,1,W+,0.0257304171536022,0.0541521388065119,-0.028421721652909702,-0.0122857694547928,0.0250151744725099,-0.0373009439273027,0.017436116647679967,0.1242212827238589,-0.10678516607617894,-0.11243646139170371,0.103935657734197,-0.2163721191259007
2020-07-20,KOSDAQ,FLOW,1,W+,0.0101518445618004,0.0541521388065119,-0.0440002942447115,-0.027362733752755,0.0250151744725099,-0.052377908225264905,0.015986100577726203,0.1242212827238589,-0.1082351821461327,-0.02736865382674336,0.103935657734197,-0.13130431156094036
2020-09-29,KOSDAQ,REVISION,0,N,0.0151803142186159,0.0444529044642496,-0.0292725902456337,-0.0068963294623751,0.0113669779330593,-0.0182633073954344,-0.07512570244772032,-0.10162410559857227,0.026498403150851946,-0.026218528366109495,-0.06519052796597391,0.038971999599864415
2020-09-29,KOSDAQ,VALUE,1,W+,0.0258740728802869,0.0444529044642496,-0.018578831583962698,0.0305195275354387,0.0113669779330593,0.0191525496023794,-0.021309985159289058,-0.10162410559857227,0.08031412043928321,0.07013866410788605,-0.06519052796597391,0.13532919207385996
2020-09-29,KOSDAQ,FLOW,0,N,0.0295970334478721,0.0444529044642496,-0.0148558710163775,0.0079910731020891,0.0113669779330593,-0.0033759048309701997,-0.05927529130506404,-0.10162410559857227,0.04234881429350823,0.027911756459173986,-0.06519052796597391,0.0931022844251479
2020-10-12,KOSDAQ,REVISION,0,N,-0.0585504113049394,-0.0904036844631293,0.0318532731581899,-0.0122384272557027,-0.0337073255314937,0.021468898275791,-0.03917369080176458,-0.07771603715108932,0.03854234634932474,-0.003456933582046351,-0.06788780893117163,0.06443087534912528
2020-10-12,KOSDAQ,VALUE,0,W-,-0.0419372810969549,-0.0904036844631293,0.048466403366174395,0.0223080607269283,-0.0337073255314937,0.056015386258422,0.0016344202613778336,-0.07771603715108932,0.07935045741246716,0.01725775281220754,-0.06788780893117163,0.08514556174337917
2020-10-12,KOSDAQ,FLOW,0,R-,-0.0683633258052781,-0.0904036844631293,0.0220403586578512,-0.0013693161248867,-0.0337073255314937,0.032338009406607,-0.04176439103970697,-0.07771603715108932,0.03595164611138235,-0.005261357297810854,-0.06788780893117163,0.06262645163336078
2020-10-19,KOSDAQ,REVISION,0,N,-0.0611002233215218,-0.0813390866151655,0.02023886329364371,-0.0071591238220772,-0.0298415575719448,0.0226824337498676,0.017787468372709947,-0.05511319873304876,0.07290066710575871,-0.006306876343426637,-0.10638350559723198,0.10007662925380534
2020-10-19,KOSDAQ,VALUE,0,W-,-0.0407701712650832,-0.0813390866151655,0.04056891535008231,0.0337130267920395,-0.0298415575719448,0.0635545843639843,0.07011114554987219,-0.05511319873304876,0.12522434428292095,0.045345873311123386,-0.10638350559723198,0.15172937890835536
2020-10-19,KOSDAQ,FLOW,0,N,-0.0556460639017816,-0.0813390866151655,0.025693022713383903,0.0204805270498538,-0.0298415575719448,0.0503220846217986,0.014398465691994655,-0.05511319873304876,0.06951166442504342,0.003053796118181351,-0.10638350559723198,0.10943730171541333
2020-10-26,KOSDAQ,REVISION,0,N,0.0306785008540572,0.0293552813600587,0.0013232194939985023,-0.0001493252859735,-0.0140316357410589,0.0138823104550854,0.10474921009557736,0.0865870894365155,0.018162120659061864,-0.014416847691973489,-0.06319956448457209,0.0487827167925986
2020-10-26,KOSDAQ,VALUE,0,W-,0.038088756697091,0.0293552813600587,0.008733475337032299,-0.0173427668461154,-0.0140316357410589,-0.0033111311050564984,0.12305481723176692,0.0865870894365155,0.036467727795251426,-0.03366704252859121,-0.06319956448457209,0.029532521955980884
2020-10-26,KOSDAQ,FLOW,0,W-,0.0385176870819673,0.0293552813600587,0.009162405721908604,0.0006668652066067,-0.0140316357410589,0.0146985009476656,0.10863925613603054,0.0865870894365155,0.02205216669951504,-0.011072913460561384,-0.06319956448457209,0.052126651024010706
2020-11-02,KOSDAQ,REVISION,0,R-,0.054642730436826,0.0722484538392038,-0.017605723402377794,0.0163169108649596,0.0084487994378493,0.0078681114271103,0.0697177954654522,0.07044700252307035,-0.000729207057618142,-0.03222659404708772,-0.04070681370646223,0.00848021965937451
2020-11-02,KOSDAQ,VALUE,0,W-,0.0499246611991502,0.0722484538392038,-0.022323792640053595,-0.0204036037855806,0.0084487994378493,-0.0288524032234299,0.08366785332154603,0.07044700252307035,0.01322085079847568,-0.01562500917855658,-0.04070681370646223,0.02508180452790565
2020-11-02,KOSDAQ,FLOW,0,W-,0.0487622268350267,0.0722484538392038,-0.023486227004177095,-0.0245391536648708,0.0084487994378493,-0.0329879531027201,0.07726208841019755,0.07044700252307035,0.0068150858871272035,-0.004544445666141872,-0.04070681370646223,0.03616236804032036
2020-11-09,KOSDAQ,REVISION,0,N,-0.0027379721959903,-0.0681117880690759,0.0653738158730856,-0.0150632564468094,-0.0736146564766257,0.0585514000298163,0.028383597494876733,0.0772226716777622,-0.04883907418288547,-0.056861936317097905,0.026501610552968957,-0.08336354687006686
2020-11-09,KOSDAQ,VALUE,1,W+,0.0235606653437755,-0.0681117880690759,0.0916724534128514,0.0505356283392953,-0.0736146564766257,0.124150284815921,0.03250399131398707,0.0772226716777622,-0.04471868036377513,-0.008399778042125439,0.026501610552968957,-0.034901388595094396
2020-11-09,KOSDAQ,FLOW,0,N,-0.0137594511741013,-0.0681117880690759,0.0543523368949746,0.0069783713840472,-0.0736146564766257,0.08059302786067289,0.06046083454937112,0.0772226716777622,-0.016761837128391077,0.03451847682859177,0.026501610552968957,0.008016866275622814
2020-11-16,KOSDAQ,REVISION,1,N,0.0191212005222156,0.0564282268685255,-0.037307026346309904,-0.0152621396000666,0.0170412666710913,-0.0323034062711579,0.034063337739445476,0.13025616491584446,-0.09619282717639899,-0.041456550814479964,0.03209135999233226,-0.07354791080681222
2020-11-16,KOSDAQ,VALUE,1,W+,0.0066876552711744,0.0564282268685255,-0.049740571597351096,-0.0444206153580231,0.0170412666710913,-0.0614618820291144,0.029729380774198066,0.13025616491584446,-0.1005267841416464,-0.043811020035643966,0.03209135999233226,-0.07590238002797622
2020-11-16,KOSDAQ,FLOW,1,N,0.0320873706476502,0.0564282268685255,-0.024340856220875298,0.0061083846062624,0.0170412666710913,-0.0109328820648289,0.06430233010587516,0.13025616491584446,-0.0659538348099693,0.0003603321850635943,0.03209135999233226,-0.031731027807268664
2021-03-16,KOSDAQ,REVISION,0,N,0.0052144002778781,0.0361677590162148,-0.0309533587383367,0.017012386556198,0.0475526215239656,-0.0305402349677676,0.07095776347034644,0.16140004542453346,-0.09044228195418702,0.04896997769699807,0.10539844870338144,-0.056428471006383374
2021-03-16,KOSDAQ,VALUE,0,W-,0.0044181422296084,0.0361677590162148,-0.0317496167866064,0.0075348420967671,0.0475526215239656,-0.0400177794271985,0.05403478804888073,0.16140004542453346,-0.10736525737565272,-0.013609592914935686,0.10539844870338144,-0.11900804161831713
2021-03-16,KOSDAQ,FLOW,0,R-,0.0226443315450097,0.0361677590162148,-0.0135234274712051,0.0237783131768406,0.0475526215239656,-0.023774308347125003,0.09734006158464781,0.16140004542453346,-0.06405998383988565,0.0296377424072376,0.10539844870338144,-0.07576070629614384
2021-06-03,KOSDAQ,REVISION,1,W+,-0.0015963669182109,-0.0183059743561693,0.0167096074379584,-0.0064391327065561,-0.0163279654971676,0.009888832790611498,0.04853861201118681,0.02555108557121155,0.02298752643997526,0.014268131826319141,-0.02818124175512704,0.04244937358144618
2021-06-03,KOSDAQ,VALUE,1,W+,0.008067268592672,-0.0183059743561693,0.026373242948841302,0.0147475151372153,-0.0163279654971676,0.0310754806343829,0.05224323273374387,0.02555108557121155,0.02669214716253232,0.018753801140868775,-0.02818124175512704,0.046935042895995815
2021-06-03,KOSDAQ,FLOW,1,N,-0.0001428969877052,-0.0183059743561693,0.018163077368464103,0.0050308004025132,-0.0163279654971676,0.021358765899680797,0.04117544730505274,0.02555108557121155,0.015624361733841186,-0.002579424798213714,-0.02818124175512704,0.025601816956913326
2021-06-10,KOSDAQ,REVISION,1,W+,0.0249403538668267,0.0093956329446625,0.015544720922164199,0.0073685193192981,0.0001507972138667,0.0072177221054314,0.03554973606805967,0.0573975935165707,-0.021847857448511032,0.010475015710853297,0.01018303601615922,0.0002919796946940778
2021-06-10,KOSDAQ,VALUE,1,N,0.0075219334452819,0.0093956329446625,-0.0018736994993806006,-0.0122907705840875,0.0001507972138667,-0.0124415677979542,0.023380860978450713,0.0573975935165707,-0.03401673253811999,-0.03555803312526706,0.01018303601615922,-0.04574106914142628
2021-06-10,KOSDAQ,FLOW,1,W+,0.0126923769531759,0.0093956329446625,0.003296744008513399,-0.0072296397461612,0.0001507972138667,-0.0073804369600279,0.03761654554447058,0.0573975935165707,-0.01978104797210012,-0.009757455695242223,0.01018303601615922,-0.019940491711401442
2021-06-17,KOSDAQ,REVISION,1,N,0.0026902695595942,0.0172766494107546,-0.014586379851160399,0.0051410613708642,0.0020361591001619,0.0031049022707023,0.06725755801894118,0.056153237479548146,0.011104320539393031,0.031269972295493886,-0.0031171624982992974,0.034387134793793184
2021-06-17,KOSDAQ,VALUE,1,N,0.0117310471377194,0.0172766494107546,-0.005545602273035199,-0.0004720257582881,0.0020361591001619,-0.00250818485845,0.04750744736447654,0.056153237479548146,-0.008645790115071605,-0.02602630798692629,-0.0031171624982992974,-0.022909145488626992
2021-06-17,KOSDAQ,FLOW,1,W+,0.01432489055197,0.0172766494107546,-0.0029517588587845978,0.0154681838880154,0.0020361591001619,0.0134320247878535,0.03614157967616238,0.056153237479548146,-0.020011657803385763,-0.014416870014924865,-0.0031171624982992974,-0.011299707516625568
2021-12-10,KOSDAQ,REVISION,1,R+,-0.0166692350332813,-0.0412126657381201,0.024543430704838803,-0.0033615457834386,-0.0409947935159293,0.0376332477324907,-0.03337686054319433,-0.08112798637603502,0.04775112583284069,-0.018527440955457997,-0.10141719039259678,0.08288974943713878
2021-12-10,KOSDAQ,VALUE,1,W+,0.0149036616140273,-0.0412126657381201,0.0561163273521474,0.0443575624424857,-0.0409947935159293,0.085352355958415,0.037946718167134685,-0.08112798637603502,0.11907470454316971,0.12540141510000447,-0.10141719039259678,0.22681860549260124
2021-12-10,KOSDAQ,FLOW,1,R+,0.0038689106959784,-0.0412126657381201,0.045081576434098505,0.0212320882225441,-0.0409947935159293,0.062226881738473405,-0.01569426578564148,-0.08112798637603502,0.06543372059039354,0.02402504526903848,-0.10141719039259678,0.12544223566163526
2021-12-17,KOSDAQ,REVISION,0,R-,0.0367528630583329,0.0056170722032,0.0311357908551329,0.0263576427026011,-0.0005128529170005,0.0268704956196016,-0.0537165865742949,-0.08087640642395777,0.02715981984966287,-0.03805775638677611,-0.07226495949481082,0.03420720310803471
2021-12-17,KOSDAQ,VALUE,1,W+,0.0397013141730052,0.0056170722032,0.0340842419698052,0.0149008804866212,-0.0005128529170005,0.0154137334036217,0.026188747998916018,-0.08087640642395777,0.10706515442287379,0.10419899249496134,-0.07226495949481082,0.17646395198977216
2021-12-17,KOSDAQ,FLOW,0,W-,0.0020483358277294,0.0056170722032,-0.0035687363754706002,-0.0049098011898805,-0.0005128529170005,-0.00439694827288,-0.03842197205004927,-0.08087640642395777,0.0424544343739085,0.007491056539604468,-0.07226495949481082,0.07975601603441529
2021-12-24,KOSDAQ,REVISION,1,N,0.0352707057792344,0.0378363519246677,-0.002565646145433302,0.0057552170328158,-0.0199508941196229,0.025706111152438697,-0.12040173858734049,-0.13787190505521585,0.01747016646787536,-0.07325274604981213,-0.09029778981201442,0.017045043762202283
2021-12-24,KOSDAQ,VALUE,1,W+,0.023380134883055,0.0378363519246677,-0.0144562170416127,0.0069244889014286,-0.0199508941196229,0.026875383021051497,-0.04322460617319224,-0.13787190505521585,0.09464729888202361,0.11841432899834903,-0.09029778981201442,0.20871211881036345
2021-12-24,KOSDAQ,FLOW,1,N,0.0357016816716809,0.0378363519246677,-0.0021346702529868034,0.0012670706074314,-0.0199508941196229,0.021217964727054298,-0.08527635067870087,-0.13787190505521585,0.052595554376514975,0.014278019914703233,-0.09029778981201442,0.10457580972671765
2022-01-03,KOSDAQ,REVISION,1,W+,-0.0841414762827134,-0.0817282583716328,-0.002413217911080595,-0.0459975124549296,-0.0434402767448054,-0.0025572357101242005,-0.1919917873363175,-0.17639022665950954,-0.015601560676807957,-0.11141072099040139,-0.06690569453436412,-0.04450502645603727
2022-01-03,KOSDAQ,VALUE,1,W+,-0.0388201333868323,-0.0817282583716328,0.042908124984800504,0.0544784495651604,-0.0434402767448054,0.0979187263099658,-0.06921392355473455,-0.17639022665950954,0.107176303104775,0.16566913846226305,-0.06690569453436412,0.23257483299662718
2022-01-03,KOSDAQ,FLOW,1,N,-0.0552222473796927,-0.0817282583716328,0.026506010991940103,0.0064072209151584,-0.0434402767448054,0.049847497659963796,-0.12973182092902136,-0.17639022665950954,0.046658405730488184,0.03276251921629636,-0.06690569453436412,0.09966821375066048
2022-01-10,KOSDAQ,REVISION,0,R-,-0.037360523645113,-0.0409501572842448,0.003589633639131805,-0.0231936472542933,-0.0098823118251018,-0.013311335429191499,-0.12464341552390457,-0.12311980247195264,-0.001523613051951922,-0.08722848761852464,-0.052555052889317944,-0.0346734347292067
2022-01-10,KOSDAQ,VALUE,1,W+,0.0034067256268446,-0.0409501572842448,0.0443568829110894,0.0246819959356579,-0.0098823118251018,0.0345643077607597,-0.014583134044125479,-0.12311980247195264,0.10853666842782717,0.10932924541019329,-0.052555052889317944,0.16188429829951123
2022-01-10,KOSDAQ,FLOW,0,W-,-0.0193105110397691,-0.0409501572842448,0.021639646244475702,0.0047431947967275,-0.0098823118251018,0.0146255066218293,-0.08301002351284259,-0.12311980247195264,0.040109778959110054,0.016657354544536762,-0.052555052889317944,0.0692124074338547
2022-01-17,KOSDAQ,REVISION,0,R-,-0.0363077245966078,-0.0567419476967557,0.020434223100147905,-0.0111941405414875,-0.0199403632951352,0.0087462227536477,-0.116700300860897,-0.11124579702207993,-0.005454503838817071,-0.07695340376326676,-0.028550705850011293,-0.048402697913255466
2022-01-17,KOSDAQ,VALUE,1,W+,-0.0306260556160597,-0.0567419476967557,0.026115892080696004,0.0279666029078156,-0.0199403632951352,0.047906966202950804,-0.034040431810914096,-0.11124579702207993,0.07720536521116583,0.08102365621768581,-0.028550705850011293,0.1095743620676971
2022-01-17,KOSDAQ,FLOW,0,N,-0.0467780212295121,-0.0567419476967557,0.009963926467243603,0.0017936238086903,-0.0199403632951352,0.0217339871038255,-0.09395726273836813,-0.11124579702207993,0.0172885342837118,0.0031480146221427585,-0.028550705850011293,0.03169872047215405
2022-01-24,KOSDAQ,REVISION,0,R-,-0.0489894429119333,-0.0085322963196765,-0.0404571465922568,-0.0356558388989106,0.0052501022116846,-0.0409059411105952,-0.09870905579827949,-0.08432027889462834,-0.014388776903651146,-0.05956942151222255,0.0018843480965242687,-0.06145376960874682
2022-01-24,KOSDAQ,VALUE,0,W-,-0.0044183968298705,-0.0085322963196765,0.004113899489806,0.049468672782013,0.0052501022116846,0.0442185705703284,-0.01645094214642462,-0.08432027889462834,0.06786933674820372,0.07506019043633083,0.0018843480965242687,0.07317584233980656
2022-01-24,KOSDAQ,FLOW,0,N,-0.0146333078433762,-0.0085322963196765,-0.0061010115236997,0.0195144545632698,0.0052501022116846,0.0142643523515852,-0.07857318943633984,-0.08432027889462834,0.005747089458288501,0.0034139766954630613,0.0018843480965242687,0.0015296285989387925
2022-02-03,KOSDAQ,REVISION,0,R-,-0.0078036626118103,-0.0223351734673732,0.0145315108555629,-0.0200351118992092,-0.0287287457450854,0.008693633845876198,0.014921976188781993,-0.044300408938859115,0.05922238512764111,-0.0175744614013692,-0.055802910729378485,0.038228449328009284
2022-02-03,KOSDAQ,VALUE,0,W-,0.0175945641506712,-0.0223351734673732,0.0399297376180444,0.0035126985523256,-0.0287287457450854,0.032241444297411,0.028641675633914288,-0.044300408938859115,0.0729420845727734,0.001899191177046733,-0.055802910729378485,0.05770210190642522
2022-02-03,KOSDAQ,FLOW,0,W-,-0.0045002793440919,-0.0223351734673732,0.0178348941232813,-0.0092869524481293,-0.0287287457450854,0.019441793296956097,-0.002749788057357372,-0.044300408938859115,0.04155062088150174,-0.013275911240340776,-0.055802910729378485,0.04252699948903771
2022-02-10,KOSDAQ,REVISION,0,R-,-0.0286253911569045,-0.027963476673588,-0.000661914483316501,-0.0121977221529235,0.0152031864607734,-0.0274009086136969,-0.02246680997329953,-0.06022531508318929,0.03775850510988976,0.0006656857320215259,-0.02563436427142818,0.026300050003449704
2022-02-10,KOSDAQ,VALUE,0,W-,-0.0164057863325296,-0.027963476673588,0.0115576903410584,-0.0014637382996176,0.0152031864607734,-0.016666924760391,-0.0419282894162355,-0.06022531508318929,0.018297025666953792,-0.0042116304210456645,-0.02563436427142818,0.021422733850382514
2022-02-10,KOSDAQ,FLOW,0,W-,-0.0310182098335262,-0.027963476673588,-0.003054733159938202,-0.0086078298061507,0.0152031864607734,-0.023811016266924098,-0.035709313486654404,-0.06022531508318929,0.024516001596534887,-0.0035017613489263244,-0.02563436427142818,0.022132602922501854
2022-03-04,KOSDAQ,REVISION,1,N,-0.0443552572759771,-0.0386260882577186,-0.005729169018258498,-0.0018406502914497,0.0023048618462027,-0.0041455121376524,0.04320015979356584,0.02199255202858552,0.02120760776498032,0.0130613508727766,-0.03702351031509443,0.05008486118787103
2022-03-04,KOSDAQ,VALUE,1,N,-0.0522175137850984,-0.0386260882577186,-0.013591425527379804,-0.0026079642112299,0.0023048618462027,-0.0049128260574326,0.05736658388183713,0.02199255202858552,0.03537403185325161,-0.003207627224625864,-0.03702351031509443,0.03381588309046857
2022-03-04,KOSDAQ,FLOW,0,N,-0.0374019503238357,-0.0386260882577186,0.0012241379338829017,0.0005267106989054,0.0023048618462027,-0.0017781511472973,0.017120532536911925,0.02199255202858552,-0.004872019491673596,-0.04572681516330601,-0.03702351031509443,-0.00870330484821158
2022-03-21,KOSDAQ,REVISION,1,N,0.0140991237465915,0.0317374410661924,-0.017638317319600895,0.0056805905136157,0.0231805868118988,-0.017499996298283103,0.028736796364294603,0.006061864014349494,0.02267493234994511,0.05830111528010584,0.011227443848430552,0.04707367143167529
2022-03-21,KOSDAQ,VALUE,1,N,0.0394970067413627,0.0317374410661924,0.007759565675170305,0.0275310606702584,0.0231805868118988,0.004350473858359599,0.04189676918167895,0.006061864014349494,0.035834905167329456,0.06127549851712155,0.011227443848430552,0.050048054668691
2022-03-21,KOSDAQ,FLOW,1,R+,0.0085494473737114,0.0317374410661924,-0.023187993692480997,0.0027194779341881,0.0231805868118988,-0.0204611088777107,-0.0018599268593849638,0.006061864014349494,-0.007921790873734458,0.0068821496071402866,0.011227443848430552,-0.004345294241290265
2022-07-14,KOSDAQ,REVISION,0,W-,0.0512001074630679,0.0159912297675699,0.035208877695498,0.0051412889193785,-0.0554613354375575,0.060602624356935995,0.09243456279951445,0.01274434474013253,0.07969021805938192,0.007654839277182912,-0.09298119986110442,0.10063603913828734
2022-07-14,KOSDAQ,VALUE,0,N,0.0576957361925616,0.0159912297675699,0.041704506424991704,0.0081024206943077,-0.0554613354375575,0.0635637561318652,0.0763341123537502,0.01274434474013253,0.06358976761361768,-0.034843256392558475,-0.09298119986110442,0.05813794346854595
2022-07-14,KOSDAQ,FLOW,0,W-,0.0425700739380082,0.0159912297675699,0.0265788441704383,-0.0109973643508496,-0.0554613354375575,0.044463971086707896,0.07043264290051332,0.01274434474013253,0.05768829816038079,-0.012847973006541724,-0.09298119986110442,0.0801332268545627
2022-07-28,KOSDAQ,REVISION,1,N,0.0379642257375639,0.0210018691915483,0.016962356546015602,-0.0039407388414396,-0.0100879428052477,0.006147203963808099,0.027023554525436477,0.012793433375839491,0.014230121149596986,0.026264641991076587,-0.0018921009689166768,0.028156742959993264
2022-07-28,KOSDAQ,VALUE,1,N,0.0039782018844762,0.0210018691915483,-0.0170236673070721,-0.065628849842499,-0.0100879428052477,-0.05554090703725131,-0.010893425019018799,0.012793433375839491,-0.02368685839485829,-0.03710769756155752,-0.0018921009689166768,-0.03521559659264084
2022-07-28,KOSDAQ,FLOW,1,N,0.0281773932341559,0.0210018691915483,0.007175524042607601,-0.0098241451019545,-0.0100879428052477,0.00026379770329319936,0.009699224082561075,0.012793433375839491,-0.003094209293278416,0.019095383570201685,-0.0018921009689166768,0.020987484539118362
2022-08-19,KOSDAQ,REVISION,1,N,0.008562138947297,0.0001764914912265,0.0083856474560705,0.0222724025175648,0.019447773898904,0.002824628618660799,-0.04176032210057368,-0.009089953240166593,-0.032670368860407084,0.016991506988295324,0.08481665138618721,-0.06782514439789189
2022-08-19,KOSDAQ,VALUE,1,N,-0.0072510480045316,0.0001764914912265,-0.0074275394957581,0.0079311741042522,0.019447773898904,-0.011516599794651802,-0.037786586089520124,-0.009089953240166593,-0.02869663284935353,0.0228867848649561,0.08481665138618721,-0.061929866521231114
2022-08-19,KOSDAQ,FLOW,1,N,-0.0108443591036956,0.0001764914912265,-0.0110208505949221,-0.0004570605285764,0.019447773898904,-0.0199048344274804,-0.050243262263352295,-0.009089953240166593,-0.0411533090231857,0.018002328278007518,0.08481665138618721,-0.0668143231081797
2022-10-27,KOSDAQ,REVISION,0,N,-0.0010755860292518,-0.0010783779834589,2.7919542070998712e-06,0.0089866089688597,0.0015585877590098,0.0074280212098498995,0.05266552691228643,0.03668342512070599,0.01598210179158044,-0.05121540408745917,-0.059905354295751834,0.008689950208292663
2022-10-27,KOSDAQ,VALUE,0,W-,0.0042352901378994,-0.0010783779834589,0.005313668121358301,0.0081247902477915,0.0015585877590098,0.006566202488781701,0.10606989239476294,0.03668342512070599,0.06938646727405695,0.02711245186527278,-0.059905354295751834,0.08701780616102461
2022-10-27,KOSDAQ,FLOW,0,N,-0.0164862035186943,-0.0010783779834589,-0.015407825535235401,-0.0310281377234828,0.0015585877590098,-0.0325867254824926,0.04552158795043271,0.03668342512070599,0.008838162829726715,-0.05742975175471765,-0.059905354295751834,0.002475602541034183
2022-11-03,KOSDAQ,REVISION,1,W+,-0.0005174534828523,0.0077208745639302,-0.008238328046782501,-0.0404646178091134,-0.0230097918689444,-0.017454825940169002,0.07165357675943063,0.0335184376514055,0.03813513910802513,-0.017576961633952393,-0.057545242087228554,0.03996828045327616
2022-11-03,KOSDAQ,VALUE,1,N,0.036153274863294,0.0077208745639302,0.028432400299363798,0.0219704891817666,-0.0230097918689444,0.044980281050711,0.09888681054799298,0.0335184376514055,0.06536837289658748,-0.010901379059504723,-0.057545242087228554,0.04664386302772383
2022-11-03,KOSDAQ,FLOW,0,R-,0.0125105061756192,0.0077208745639302,0.004789631611689001,-0.0129701620419769,-0.0230097918689444,0.010039629826967501,0.063456042980776,0.0335184376514055,0.02993760532937051,-0.013879770253339196,-0.057545242087228554,0.04366547183388936
2022-11-10,KOSDAQ,REVISION,1,N,0.0480358524453185,0.0215507351410533,0.026485117304265202,-0.01917417719454,-0.0468744586596586,0.0277002814651186,0.04361069156886166,-0.030651022371626535,0.0742617139404882,0.05156687496371126,-0.058393696944214146,0.10996057190792541
2022-11-10,KOSDAQ,VALUE,1,W+,0.0626627617338285,0.0215507351410533,0.0411120265927752,0.0166211050074487,-0.0468744586596586,0.06349556366710729,0.003308385208508069,-0.030651022371626535,0.033959407580134604,-0.04679120231907852,-0.058393696944214146,0.011602494625135629
2022-11-10,KOSDAQ,FLOW,1,R+,0.0447740303951694,0.0215507351410533,0.023223295254116098,-0.0092531371996465,-0.0468744586596586,0.0376213214600121,0.01202039171271152,-0.030651022371626535,0.042671414084338055,0.0048073411427744794,-0.058393696944214146,0.06320103808698863
2022-12-08,KOSDAQ,REVISION,1,W+,0.0091689794647465,-0.0290981835528981,0.0382671630176446,-0.0052308245752593,-0.0661838877074502,0.060953063132190906,-0.04098942445603304,-0.06648097974686784,0.0254915552908348,0.002800500139332973,-0.04585799157969517,0.04865849171902814
2022-12-08,KOSDAQ,VALUE,1,R+,0.0251769931505287,-0.0290981835528981,0.0542751767034268,0.0461142491558307,-0.0661838877074502,0.11229813686328091,-0.011262150863314835,-0.06648097974686784,0.055218828883553006,0.06310530539210646,-0.04585799157969517,0.10896329697180163
2022-12-08,KOSDAQ,FLOW,1,N,-0.0090533168347053,-0.0290981835528981,0.0200448667181928,-0.0090612151843706,-0.0661838877074502,0.05712267252307961,-0.03620976249263208,-0.06648097974686784,0.03027121725423576,-0.002234367056133668,-0.04585799157969517,0.0436236245235615
2022-12-15,KOSDAQ,REVISION,1,W+,-0.0120537682247277,0.0218167807253598,-0.0338705489500875,0.0077942570293869,0.0479060156400734,-0.0401117586106865,-0.007951335722208852,-0.026022984494916357,0.018071648772707505,0.04022945504222353,-0.024838433134626747,0.06506788817685027
2022-12-15,KOSDAQ,VALUE,0,N,-0.0078369090553704,0.0218167807253598,-0.0296536897807302,-0.0018112101254693,0.0479060156400734,-0.0497172257655427,-0.001400921666646071,-0.026022984494916357,0.024622062828270286,0.014702855452070729,-0.024838433134626747,0.039541288586697476
2022-12-15,KOSDAQ,FLOW,0,N,0.012846124136988,0.0218167807253598,-0.008970656588371801,0.0305450884197574,0.0479060156400734,-0.017360927220316,0.014406659496143392,-0.026022984494916357,0.04042964399105975,0.02280896843421676,-0.024838433134626747,0.047647401568843506
2022-12-22,KOSDAQ,REVISION,0,W-,-0.0335754237089281,-0.0434439552789909,0.009868531570062802,0.0152167760261928,0.0261321919867124,-0.010915415960519599,0.02987916128985013,-0.019226565091961967,0.0491057263818121,0.0577825713454152,-0.0351849460929462,0.0929675174383614
2022-12-22,KOSDAQ,VALUE,0,N,-0.0471077301175759,-0.0434439552789909,-0.0036637748385850016,0.0160825062100648,0.0261321919867124,-0.0100496857766476,0.012191334424875633,-0.019226565091961967,0.0314178995168376,0.0046805303781878305,-0.0351849460929462,0.03986547647113403
2022-12-22,KOSDAQ,FLOW,0,W-,-0.039402116492696,-0.0434439552789909,0.004041838786294896,0.0157558574647482,0.0261321919867124,-0.010376334521964199,0.027070652432827247,-0.019226565091961967,0.046297217524789214,0.011183161812615916,-0.0351849460929462,0.04636810790556212
2023-01-06,KOSDAQ,REVISION,0,N,0.043935034335484,0.0129799532902876,0.030955081045196398,0.0318983657278815,-0.045612104706535,0.0775104704344165,0.18101278943779064,0.08712482448585268,0.09388796495193796,0.10186065651805021,-0.03432020867068064,0.13618086518873085
2023-01-06,KOSDAQ,VALUE,0,W-,0.0354016500759577,0.0129799532902876,0.022421696785670096,-0.0015146097347265,-0.045612104706535,0.044097494971808496,0.10743313773424279,0.08712482448585268,0.02030831324839011,-0.04820768843603063,-0.03432020867068064,-0.013887479765349986
2023-01-06,KOSDAQ,FLOW,0,N,0.0429893097986532,0.0129799532902876,0.0300093565083656,0.0158107703993763,-0.045612104706535,0.061422875105911295,0.13873533428211293,0.08712482448585268,0.05161050979626025,0.02072181785663374,-0.03432020867068064,0.05504202652731438
2023-04-26,KOSDAQ,REVISION,0,W-,0.0142490565447465,-0.0026866331001937,0.0169356896449402,0.0149790546805392,0.0024652931236579,0.0125137615568813,0.04500435198919783,-0.02819915601135148,0.07320350800054931,0.017371210424475647,-0.024722626118999003,0.04209383654347465
2023-04-26,KOSDAQ,VALUE,0,W-,-0.016517321132808,-0.0026866331001937,-0.013830688032614299,-0.0407183286628538,0.0024652931236579,-0.043183621786511694,0.012519537073595988,-0.02819915601135148,0.040718693084947466,0.0028078955958934504,-0.024722626118999003,0.027530521714892453
2023-04-26,KOSDAQ,FLOW,0,N,0.003638666279749,-0.0026866331001937,0.0063252993799427,-0.0107780056726938,0.0024652931236579,-0.0132432987963517,0.02373552571287929,-0.02819915601135148,0.05193468172423077,-0.006911251051701206,-0.024722626118999003,0.017811375067297797
2023-05-04,KOSDAQ,REVISION,0,W-,-0.0207453224294696,-0.0339792472920669,0.013233924862597304,-0.0050218277366432,-0.0138497467492028,0.0088279190125596,0.06563926118660723,-0.0032432745041651723,0.0688825356907724,0.0207734532052839,-0.020583598822496274,0.04135705202778017
2023-05-04,KOSDAQ,VALUE,0,W-,0.0064575438389529,-0.0339792472920669,0.040436791131019806,0.0406403159205665,-0.0138497467492028,0.0544900626697693,0.04498277707911602,-0.0032432745041651723,0.04822605158328119,0.01795658316774018,-0.020583598822496274,0.038540181990236455
2023-05-04,KOSDAQ,FLOW,0,N,-0.0063927183822989,-0.0339792472920669,0.027586528909768003,0.0196594035283922,-0.0138497467492028,0.033509150277595004,0.049767617773864625,-0.0032432745041651723,0.0530108922780298,-0.007566460264549546,-0.020583598822496274,0.013017138557946728
2023-05-12,KOSDAQ,REVISION,0,N,0.0546397748631149,0.0072855053761951,0.0473542694869198,0.0137551366808687,-0.0167722020243676,0.0305273387052363,0.10104661575529472,0.086696839229075,0.014349776526219715,-0.0016382368185637874,0.04624238015815063,-0.04788061697671442
2023-05-12,KOSDAQ,VALUE,0,W-,0.0205468238407816,0.0072855053761951,0.013261318464586499,-0.0010515801681342,-0.0167722020243676,0.0157206218562334,0.0454569401673357,0.086696839229075,-0.041239899061739305,-0.07190318385975825,0.04624238015815063,-0.11814556401790888
2023-05-12,KOSDAQ,FLOW,0,R-,0.0299783808888521,0.0072855053761951,0.022692875512656998,-0.0125744463171202,-0.0167722020243676,0.004197755707247402,0.06099491904168053,0.086696839229075,-0.025701920187394478,-0.057455808413231724,0.04624238015815063,-0.10369818857138235
2023-05-19,KOSDAQ,REVISION,0,N,-0.0023603860445276,0.0013977035061598,-0.0037580895506874,-0.0062532014983348,0.0033710450440286,-0.0096242465423634,0.06603083293576484,0.08247618413061364,-0.0164453511948488,0.0009390576633092618,0.09838990045145768,-0.09745084278814842
2023-05-19,KOSDAQ,VALUE,0,W-,0.0023243972750127,0.0013977035061598,0.0009266937688528999,0.0056060713715743,0.0033710450440286,0.0022350263275457,0.020343416741896103,0.08247618413061364,-0.062132767388717536,-0.07713962649683603,0.09838990045145768,-0.1755295269482937
2023-05-19,KOSDAQ,FLOW,0,W-,-0.0032929842396091,0.0013977035061598,-0.0046906877457689004,-0.002908975644175,0.0033710450440286,-0.0062800206882036,0.03031046482268751,0.08247618413061364,-0.05216571930792613,-0.027571365911714052,0.09838990045145768,-0.12596126636317173
2023-08-23,KOSDAQ,REVISION,0,W-,0.0389249763339495,0.0713817215513206,-0.032456745217371095,-0.0062954898068587,-0.0009293790289261,-0.0053661107779326,0.02988783332665923,-0.00810095423603463,0.03798878756269386,0.0050239576372481665,-0.05677120523978185,0.06179516287703002
2023-08-23,KOSDAQ,VALUE,0,W-,0.029918808926108,0.0713817215513206,-0.041462912625212595,-0.0215087965016176,-0.0009293790289261,-0.0205794174726915,0.032639973511677134,-0.00810095423603463,0.040740927747711764,0.024909570338870646,-0.05677120523978185,0.0816807755786525
2023-08-23,KOSDAQ,FLOW,1,W+,0.0629664735180774,0.0713817215513206,-0.0084152480332432,0.0190022809960207,-0.0009293790289261,0.0199316600249468,0.020539076894957375,-0.00810095423603463,0.028640031130992005,-0.008595395545089035,-0.05677120523978185,0.04817580969469282
2023-09-13,KOSDAQ,REVISION,1,R+,0.0132587082087591,-0.0290211448107862,0.0422798530195453,0.0204001162180063,-0.0275160484172692,0.047916164635275496,-0.05110110696106862,-0.11928418699257104,0.06818308003150242,0.02336907974692748,-0.06267017513636486,0.08603925488329234
2023-09-13,KOSDAQ,VALUE,1,N,0.015153533391884,-0.0290211448107862,0.0441746782026702,0.0306897479458529,-0.0275160484172692,0.0582057963631221,-0.026834286323934586,-0.11928418699257104,0.09244990066863645,0.09557737280204437,-0.06267017513636486,0.15824754793840923
2023-09-13,KOSDAQ,FLOW,1,N,-0.0049707845615605,-0.0290211448107862,0.024050360249225702,-0.0063424562995831,-0.0275160484172692,0.0211735921176861,-0.10616045254392148,-0.11928418699257104,0.01312373444864956,-0.036124870395554676,-0.06267017513636486,0.026545304740810183
2023-09-20,KOSDAQ,REVISION,1,N,-0.0185942325628883,-0.0442720979265989,0.025677865363710597,0.0289507245398874,-0.0105245564032887,0.0394752809431761,-0.061971959328026016,-0.13247263646042373,0.07050067713239772,0.0470370575829242,-0.04184941488894467,0.08888647247186887
2023-09-20,KOSDAQ,VALUE,1,W+,-0.038650956933046,-0.0442720979265989,0.005621140993552896,-0.0061686881994812,-0.0105245564032887,0.0043558682038075,-0.05765517189949787,-0.13247263646042373,0.07481746456092586,0.11605138470201659,-0.04184941488894467,0.15790079959096126
2023-09-20,KOSDAQ,FLOW,1,N,-0.047422970222144,-0.0442720979265989,-0.0031508722955451013,-0.0034284443418971,-0.0105245564032887,0.0070961120613916,-0.12508944347935091,-0.13247263646042373,0.007383192981072817,-0.004153743461186243,-0.04184941488894467,0.037695671427758426
2023-09-27,KOSDAQ,REVISION,0,W-,-0.0340660703449204,-0.034951836914306,0.0008857665693855973,-0.0089195407938534,-0.0127918607492395,0.003872319955386101,-0.06933568724629136,-0.1345801854812425,0.06524449823495115,0.035236190875142404,-0.0418130783762648,0.0770492692514072
2023-09-27,KOSDAQ,VALUE,0,W-,-0.0193831823124563,-0.034951836914306,0.0155686546018497,0.0436805062294993,-0.0127918607492395,0.0564723669787388,-0.050938537577088105,-0.1345801854812425,0.0836416479041544,0.14382713868086117,-0.0418130783762648,0.18564021705712597
2023-09-27,KOSDAQ,FLOW,0,R-,-0.0460624386217986,-0.034951836914306,-0.011110601707492604,-0.0227728227230412,-0.0127918607492395,-0.0099809619738017,-0.11907045619820111,-0.1345801854812425,0.015509729283041396,-0.001319115693447226,-0.0418130783762648,0.040493962682817575
2023-10-11,KOSDAQ,REVISION,0,W-,-0.012121422337314,-0.0165715501911936,0.004450127853879601,-0.0165363763226967,-0.0132747426002694,-0.003261633722427302,0.07453508043917978,-0.04231254897865655,0.11684762941783633,0.07175379404482674,-0.08147441181953641,0.15322820586436314
2023-10-11,KOSDAQ,VALUE,0,W-,0.0168915381934723,-0.0165715501911936,0.0334630883846659,0.0247899329662886,-0.0132747426002694,0.038064675566558,0.013532050145639518,-0.04231254897865655,0.05584459912429607,-0.003384631782884173,-0.08147441181953641,0.07808978003665223
2023-10-11,KOSDAQ,FLOW,0,R-,-0.0114385307869585,-0.0165715501911936,0.005133019404235099,-0.0039525756340451,-0.0132747426002694,0.009322166966224298,-0.0022272467186443823,-0.04231254897865655,0.04008530226001217,-0.005285625207217537,-0.08147441181953641,0.07618878661231887
2023-10-18,KOSDAQ,REVISION,0,W-,0.0016505317135848,-0.0435612556807025,0.0452117873942873,0.0439994293225889,-0.0059144150719165,0.0499138443945054,0.06647788542153132,-0.014649293085301496,0.08112717850683282,0.08488966129501296,-0.04150161433051103,0.126391275625524
2023-10-18,KOSDAQ,VALUE,0,W-,-0.016997137819201,-0.0435612556807025,0.0265641178615015,0.0499511480883655,-0.0059144150719165,0.055865563160282,-0.004738322589374899,-0.014649293085301496,0.009910970495926597,-0.03763227393885038,-0.04150161433051103,0.0038693403916606472
2023-10-18,KOSDAQ,FLOW,0,R-,-0.0260426861720083,-0.0435612556807025,0.017518569508694203,0.0266165344277488,-0.0059144150719165,0.0325309494996653,0.009280796331935015,-0.014649293085301496,0.02393008941723651,0.02222155153567207,-0.04150161433051103,0.0637231658661831
2023-10-25,KOSDAQ,REVISION,0,W-,-0.0262984852456185,-0.0465939191034732,0.0202954338578547,0.0173537039175213,-0.0104870319394296,0.027840735856950898,0.08060202388564397,0.018635408759114735,0.061966615126529234,0.05784026748273319,-0.05214723591967607,0.10998750340240926
2023-10-25,KOSDAQ,VALUE,0,W-,-0.0317988686253138,-0.0465939191034732,0.014795050478159398,0.01856531096169,-0.0104870319394296,0.029052342901119597,0.04385264886740692,0.018635408759114735,0.025217240108292183,-0.05960356176719206,-0.05214723591967607,-0.007456325847515988
2023-10-25,KOSDAQ,FLOW,0,N,-0.0408696728778423,-0.0465939191034732,0.005724246225630898,-0.0005917520456127,-0.0104870319394296,0.009895279893816899,0.043878023079771955,0.018635408759114735,0.02524261432065722,-0.014265914050081041,-0.05214723591967607,0.03788132186959503
2023-11-01,KOSDAQ,REVISION,0,W-,0.1152570036018261,0.0679377799228056,0.0473192236790205,0.0260404840174158,-0.0536544422614001,0.0796949262788159,0.1067433737923249,0.08028125093606686,0.02646212285625804,0.03631879409617622,-0.03581270864444974,0.07213150274062596
2023-11-01,KOSDAQ,VALUE,0,W-,0.0472309887083609,0.0679377799228056,-0.0207067912144447,-0.0906422860219005,-0.0536544422614001,-0.0369878437605004,0.06118356842432071,0.08028125093606686,-0.01909768251174615,-0.12179303505134176,-0.03581270864444974,-0.08598032640689202
2023-11-01,KOSDAQ,FLOW,0,N,0.0804642820436266,0.0679377799228056,0.012526502120821001,-0.0266541235035956,-0.0536544422614001,0.0270003187578045,0.0916876198335459,0.08028125093606686,0.011406368897479036,-0.015790290083438685,-0.03581270864444974,0.020022418561011057
2023-11-08,KOSDAQ,REVISION,1,W+,-0.0195288402047065,0.011835246651402,-0.0313640868561085,-0.0044826306977275,0.0296659978634537,-0.0341486285611812,-0.03802751827032036,-0.005335729568732628,-0.03269178870158773,-0.0010053837543236854,-0.006663511252473664,0.0056581274981499785
2023-11-08,KOSDAQ,VALUE,1,N,-0.0014393941447869,0.011835246651402,-0.0132746407961889,-0.0104258985656411,0.0296659978634537,-0.0400918964290948,0.010931291265667609,-0.005335729568732628,0.016267020834400236,-0.006599731120784047,-0.006663511252473664,6.378013168961694e-05
2023-11-08,KOSDAQ,FLOW,0,N,-3.672821374290323e-05,0.011835246651402,-0.011871974865144904,0.0235914643845201,0.0296659978634537,-0.006074533478933601,0.011523297449148151,-0.005335729568732628,0.01685902701788078,0.018052879215675777,-0.006663511252473664,0.02471639046814944
2023-11-15,KOSDAQ,REVISION,1,W+,0.0149161146159277,-0.0112531868746265,0.0261693014905542,0.0179695456293172,-0.0169552880901809,0.0349248337194981,0.0014036085538655652,-0.023282992338840902,0.024686600892706467,0.0029766625326166363,-0.04586957345528808,0.04884623598790472
2023-11-15,KOSDAQ,VALUE,0,N,0.0309953299933168,-0.0112531868746265,0.0422485168679433,0.0259802913611091,-0.0169552880901809,0.04293557945129,0.021150711780435927,-0.023282992338840902,0.04443370411927683,0.007837129241782037,-0.04586957345528808,0.05370670269707012
2023-11-15,KOSDAQ,FLOW,1,W+,0.0073436837576332,-0.0112531868746265,0.0185968706322597,-0.0100278069221516,-0.0169552880901809,0.0069274811680293,0.031904894814297036,-0.023282992338840902,0.05518788715313794,0.013762253876648867,-0.04586957345528808,0.05963182733193695
2023-12-13,KOSDAQ,REVISION,1,N,0.020137432768768,0.0047158326222726,0.0154216001464954,-0.0164050041984401,-0.0447096572201363,0.0283046530216962,0.003352565889072956,0.03370747514080241,-0.030354909251729456,-0.023673306782409975,-0.009576105374385468,-0.014097201408024507
2023-12-13,KOSDAQ,VALUE,1,N,0.0217924373784622,0.0047158326222726,0.0170766047561896,-0.0102314164921784,-0.0447096572201363,0.034478240727957896,0.02529932532625523,0.03370747514080241,-0.008408149814547183,0.03138321525893861,-0.009576105374385468,0.04095932063332408
2023-12-13,KOSDAQ,FLOW,1,W+,0.034611857477047,0.0047158326222726,0.0298960248547744,0.0022376028471245,-0.0447096572201363,0.0469472600672608,0.03357995042703221,0.03370747514080241,-0.00012752471377019958,-0.03358326932418776,-0.009576105374385468,-0.02400716394980229
2023-12-20,KOSDAQ,REVISION,1,R+,-0.0019734107292683,0.0304143125357911,-0.0323877232650594,0.0055511307605549,0.0198791725276517,-0.0143280417670968,-0.01394538611159446,0.05906352887811228,-0.07300891498970674,0.005535990187368833,0.10812923472532265,-0.10259324453795382
2023-12-20,KOSDAQ,VALUE,1,R+,-0.0106146001178972,0.0304143125357911,-0.0410289126536883,-0.0070902308455833,0.0198791725276517,-0.026969403373235,-0.006823907816784103,0.05906352887811228,-0.06588743669489638,0.04189999349529727,0.10812923472532265,-0.06622924123002538
2023-12-20,KOSDAQ,FLOW,1,W+,0.027545777180989,0.0304143125357911,-0.002868535354802103,-0.0127791552568223,0.0198791725276517,-0.032658327784474,0.006385144821193789,0.05906352887811228,-0.05267838405691849,-0.03236752618349337,0.10812923472532265,-0.14049676090881602
2024-02-21,KOSDAQ,REVISION,0,R-,-0.0029725563994664,0.0103540541229133,-0.013326610522379701,-0.018511194669319,0.0397471243480733,-0.0582583190173923,0.07494428423811073,0.06878746574227179,0.006156818495838934,0.0073676055237994476,0.05514857653071359,-0.04778097100691414
2024-02-21,KOSDAQ,VALUE,1,N,-0.0097346062317802,0.0103540541229133,-0.0200886603546935,-0.0415167560463528,0.0397471243480733,-0.0812638803944261,0.020882548880436502,0.06878746574227179,-0.04790491686183529,-0.07960858379468083,0.05514857653071359,-0.13475716032539442
2024-02-21,KOSDAQ,FLOW,0,R-,-0.0057016779871424,0.0103540541229133,-0.0160557321100557,0.0002580778390768,0.0397471243480733,-0.0394890465089965,0.07018602399230511,0.06878746574227179,0.0013985582500333216,0.019457037072955652,0.05514857653071359,-0.03569153945775794
2024-05-22,KOSDAQ,REVISION,1,R+,0.030652585712711,0.0092311030743838,0.021421482638327202,0.049390874222814,0.0108035853441969,0.0385872888786171,0.13791901565662057,0.07471982871058058,0.06319918694603999,0.1445630803016953,0.05904402270546183,0.08551905759623346
2024-05-22,KOSDAQ,VALUE,1,N,-0.0221252035744388,0.0092311030743838,-0.0313563066488226,-0.0018132670513493,0.0108035853441969,-0.0126168523955462,-0.006696301206931321,0.07471982871058058,-0.0814161299175119,-0.024069158358929976,0.05904402270546183,-0.0831131810643918
2024-05-22,KOSDAQ,FLOW,1,W+,-0.0236262801448723,0.0092311030743838,-0.0328573832192561,-0.0244608233438475,0.0108035853441969,-0.035264408688044396,0.006907895276400122,0.07471982871058058,-0.06781193343418046,-0.00759057857287182,0.05904402270546183,-0.06663460127833365
2024-07-18,KOSDAQ,REVISION,0,N,-0.0257632202372651,-0.0175384040578634,-0.008224816179401701,0.0271945575228495,0.0461015779811708,-0.0189070204583213,-0.046540105515082475,-0.03495950095908118,-0.011580604556001295,0.06578958940030155,0.026867224626970332,0.03892236477333122
2024-07-18,KOSDAQ,VALUE,0,N,-0.0419554670919904,-0.0175384040578634,-0.024417063034127,-0.0010210443236189,0.0461015779811708,-0.0471226223047897,-0.03918104757856766,-0.03495950095908118,-0.004221546619486483,0.02369535956444513,0.026867224626970332,-0.003171865062525203
2024-07-18,KOSDAQ,FLOW,0,R-,-0.0375869228245169,-0.0175384040578634,-0.020048518766653502,0.0121784064736651,0.0461015779811708,-0.033923171507505706,-0.060192446481626916,-0.03495950095908118,-0.025232945522545736,0.03716442258793862,0.026867224626970332,0.010297197960968285
2024-08-23,KOSDAQ,REVISION,0,W-,-0.0184906791832793,-0.0034844371315156,-0.0150062420517637,-0.011418028783666,0.0116671840221502,-0.0230852128058162,-0.041717076799598796,-0.03150718765924443,-0.010209889140354367,-0.025910025306042694,-0.020662642736735792,-0.005247382569306902
2024-08-23,KOSDAQ,VALUE,0,N,-0.0033473926070608,-0.0034844371315156,0.00013704452445480013,0.0023877941842556,0.0116671840221502,-0.0092793898378946,-0.04080327824897256,-0.03150718765924443,-0.009296090589728134,-0.015939633051789692,-0.020662642736735792,0.0047230096849461
2024-08-23,KOSDAQ,FLOW,0,W-,-0.0081810004966194,-0.0034844371315156,-0.004696563365103799,-0.0091500072032888,0.0116671840221502,-0.020817191225439,-0.030314649487851897,-0.03150718765924443,0.001192538171392532,-0.01092103340743178,-0.020662642736735792,0.009741609329304013
2024-09-06,KOSDAQ,REVISION,0,N,0.0463982181166062,0.0488812028558786,-0.002482984739272401,-0.00144329699287,-0.0146776884711922,0.0132343914783222,0.0829082851608931,0.16094630717519554,-0.07803802201430243,-0.03390020898098811,0.02637735654502915,-0.06027756552601726
2024-09-06,KOSDAQ,VALUE,0,N,0.0232765322132205,0.0488812028558786,-0.025604670642658103,-0.0203280628108967,-0.0146776884711922,-0.005650374339704502,0.028459961313372917,0.16094630717519554,-0.13248634586182262,-0.09794998146411837,0.02637735654502915,-0.12432733800914753
2024-09-06,KOSDAQ,FLOW,0,W-,0.0354628481238763,0.0488812028558786,-0.0134183547320023,-0.0265002633773389,-0.0146776884711922,-0.0118225749061467,0.08236906899589713,0.16094630717519554,-0.0785772381792984,-0.04441628703329603,0.02637735654502915,-0.07079364357832518
2024-09-13,KOSDAQ,REVISION,0,N,0.02648660281765,0.0313035586487338,-0.004816955831083797,-0.01428433519466,-0.0145879731371636,0.00030363794250360017,0.007256221393036055,0.09222502991510972,-0.08496880852207367,-0.025993713276268426,0.05212974707129714,-0.07812346034756557
2024-09-13,KOSDAQ,VALUE,0,N,0.0193072640873245,0.0313035586487338,-0.011996294561409299,-0.0364998990641848,-0.0145879731371636,-0.021911925927021198,-0.02052239231446329,0.09222502991510972,-0.11274742222957301,-0.0775769079131905,0.05212974707129714,-0.12970665498448763
2024-09-13,KOSDAQ,FLOW,0,W-,0.0184236677448582,0.0313035586487338,-0.012879890903875597,-0.019035170617239,-0.0145879731371636,-0.0044471974800753995,0.026988653327591372,0.09222502991510972,-0.06523637658751835,-0.029700681448326494,0.05212974707129714,-0.08183042851962363
2024-11-25,KOSDAQ,REVISION,0,N,-0.0275878521357278,0.0025926878863123,-0.0301805400220401,0.0170992283772073,0.0636648528944885,-0.046565624517281204,-0.01124993386824602,-0.060061226722469385,0.048811292854223365,0.03457471202010143,-0.06479283264872548,0.09936754466882691
2024-11-25,KOSDAQ,VALUE,0,W-,-0.0321266604303264,0.0025926878863123,-0.0347193483166387,-0.0100092432072624,0.0636648528944885,-0.07367409610175091,0.003172386262257687,-0.060061226722469385,0.06323361298472707,0.02849705457050744,-0.06479283264872548,0.09328988721923293
2024-11-25,KOSDAQ,FLOW,0,W-,-0.0182934983538434,0.0025926878863123,-0.020886186240155702,0.0167144748659755,0.0636648528944885,-0.046950378028513005,-0.03611316839172074,-0.060061226722469385,0.023948058330748645,-0.011985839933086773,-0.06479283264872548,0.05280699271563871
2024-12-09,KOSDAQ,REVISION,0,N,0.1178063300778108,0.1377153122904148,-0.01990898221260401,0.0170549443280526,-0.0059091415617192,0.0229640858897718,0.18987491422604497,0.1045254164731364,0.08534949775290857,0.03746981635845459,-0.10832432283066662,0.1457941391891212
2024-12-09,KOSDAQ,VALUE,0,W-,0.1019883440892849,0.1377153122904148,-0.035726968201129916,-0.0220146258617296,-0.0059091415617192,-0.0161054843000104,0.15422514247130703,0.1045254164731364,0.04969972599817063,-0.049853927951588606,-0.10832432283066662,0.058470394879078014
2024-12-09,KOSDAQ,FLOW,0,W-,0.1176814555486636,0.1377153122904148,-0.020033856741751205,-0.0069582808314062,-0.0059091415617192,-0.0010491392696869994,0.1531298201496929,0.1045254164731364,0.048604403676556496,0.0006515392891195404,-0.10832432283066662,0.10897586211978616
2024-12-16,KOSDAQ,REVISION,0,N,0.0089651485398614,-0.0530847357223639,0.0620498842622253,0.0178729580644379,-0.0446874533609652,0.0625604114254031,0.04377453588531566,-0.03627281295856455,0.0800473488438802,-0.015466648869526312,-0.11128899244799617,0.09582234357846986
2024-12-16,KOSDAQ,VALUE,1,W+,0.0046890393852705,-0.0530847357223639,0.0577737751076344,0.0268053740678322,-0.0446874533609652,0.0714928274287974,0.06771817060812602,-0.03627281295856455,0.10399098356669056,-0.01895530280305291,-0.11128899244799617,0.09233368964494326
2024-12-16,KOSDAQ,FLOW,1,R+,-0.0191375412101295,-0.0530847357223639,0.033947194512234394,0.0161970289702333,-0.0446874533609652,0.060884482331198496,0.04164303388659585,-0.03627281295856455,0.0779158468451604,-0.007776422867322497,-0.11128899244799617,0.10351256958067367
2024-12-23,KOSDAQ,REVISION,0,W-,0.001033544149938,0.0057502614501834,-0.0047167173002454,-0.0060419240250962,0.0203868526138679,-0.0264287766389641,0.05397864637378125,0.047334980260965054,0.006643666112816193,-0.008945993084721438,-0.029052391498602392,0.020106398413880955
2024-12-23,KOSDAQ,VALUE,1,W+,-0.0092183727968221,0.0057502614501834,-0.014968634247005501,-0.0555019601611393,0.0203868526138679,-0.0758888127750072,0.0669239389291938,0.047334980260965054,0.01958895866822874,-0.06415926456095689,-0.029052391498602392,-0.03510687306235449
2024-12-23,KOSDAQ,FLOW,0,N,0.0208861650591964,0.0057502614501834,0.015135903609012999,0.0118315145308432,0.0203868526138679,-0.0085553380830247,0.07007089310039216,0.047334980260965054,0.022735912839427108,-0.03736786908995127,-0.029052391498602392,-0.008315477591348874
2025-01-02,KOSDAQ,REVISION,1,N,0.0539255859859636,0.0193911037658322,0.034534482220131404,0.0082527417813538,-0.0798248421524075,0.08807758393376129,0.10217412391575165,0.05503032022042498,0.04714380369532667,0.05429580541326606,-0.03932650051441988,0.09362230592768594
2025-01-02,KOSDAQ,VALUE,1,N,0.0522136233743067,0.0193911037658322,0.0328225196084745,0.0017718492269152,-0.0798248421524075,0.0815966913793227,0.05960140604273145,0.05503032022042498,0.004571085822306475,-0.07120996928484713,-0.03932650051441988,-0.03188346877042725
2025-01-02,KOSDAQ,FLOW,1,R+,0.0303261603224341,0.0193911037658322,0.010935056556601902,-0.0199928350846746,-0.0798248421524075,0.059832007067732895,0.08116968579102801,0.05503032022042498,0.026139365570603035,-0.03477850482001743,-0.03932650051441988,0.004547995694402451
2025-01-16,KOSDAQ,REVISION,1,N,0.0188289567673532,0.0290645453985566,-0.010235588631203402,0.0246144251610865,0.0437121006136224,-0.0190976754525359,0.14749348623888037,0.07414339490819932,0.07335009133068104,0.07833108994110738,-0.004482278916982163,0.08281336885808954
2025-01-16,KOSDAQ,VALUE,1,N,0.003941692487445,0.0290645453985566,-0.0251228529111116,-0.0205071194350551,0.0437121006136224,-0.0642192200486775,0.06880796938656197,0.07414339490819932,-0.005335425521637349,-0.043291972964864645,-0.004482278916982163,-0.03880969404788248
2025-01-16,KOSDAQ,FLOW,1,N,0.0076315332035264,0.0290645453985566,-0.0214330121950302,-0.0141093862645931,0.0437121006136224,-0.0578214868782155,0.08525217024911869,0.07414339490819932,0.011108775340919363,-0.07518490032326175,-0.004482278916982163,-0.07070262140627959
2025-03-06,KOSDAQ,REVISION,1,N,-0.0233908412519213,-0.0038863049472021,-0.019504536304719197,-0.0453570977414997,-0.0033673719347667,-0.041989725806733,-0.05782226753961128,-0.05789966450565498,7.739696604369684e-05,-0.061272499943875625,0.016620725553577742,-0.07789322549745337
2025-03-06,KOSDAQ,VALUE,1,W+,-0.0036978297282016,-0.0038863049472021,0.00018847521900050004,0.0158896692037927,-0.0033673719347667,0.0192570411385594,-0.029573727425738827,-0.05789966450565498,0.028325937079916153,0.07252633230084604,0.016620725553577742,0.0559056067472683
2025-03-06,KOSDAQ,FLOW,0,R-,-0.0078825633481968,-0.0038863049472021,-0.0039962584009947,-0.0319668187358531,-0.0033673719347667,-0.028599446801086403,-0.05578563832006578,-0.05789966450565498,0.0021140261855892017,-0.007457182035703225,0.016620725553577742,-0.024077907589280967
2025-03-20,KOSDAQ,REVISION,0,R-,-0.0287152392794468,-0.0123022341186184,-0.0164130051608284,0.0014371723745026,0.0181204571702449,-0.0166832847957423,0.0014178124759520738,8.411297791544037e-05,0.0013336994980366335,0.027538306352219433,0.03907583890140143,-0.011537532549181995
2025-03-20,KOSDAQ,VALUE,0,W-,-0.028354953282007,-0.0123022341186184,-0.0160527191633886,0.000209160841437,0.0181204571702449,-0.0179112963288079,-0.049082469419046704,8.411297791544037e-05,-0.049166582396962144,-0.021486576729847107,0.03907583890140143,-0.060562415631248534
2025-03-20,KOSDAQ,FLOW,0,N,-0.0128016312494221,-0.0123022341186184,-0.0004993971308036999,0.0120131600007655,0.0181204571702449,-0.0061072971694794,-0.016532178715281676,8.411297791544037e-05,-0.016616291693197116,0.07504456452133823,0.03907583890140143,0.0359687256199368
2025-07-17,KOSDAQ,REVISION,1,W+,-0.0114924542840264,-0.031552800927961,0.0200603466439346,-0.0088865207830473,-0.0361437419006678,0.027257221117620495,0.023422529906740763,-0.07410085922107845,0.09752338912781922,-0.0008265994281929645,-0.08755302227266715,0.08672642284447418
2025-07-17,KOSDAQ,VALUE,1,N,-0.0091118073553499,-0.031552800927961,0.022440993572611097,-0.0070282369483362,-0.0361437419006678,0.029115504952331596,0.027390235701675758,-0.07410085922107845,0.10149109492275421,0.02697707312106723,-0.08755302227266715,0.11453009539373438
2025-07-17,KOSDAQ,FLOW,0,R-,-0.0136138215975177,-0.031552800927961,0.0179389793304433,0.0168653328093877,-0.0361437419006678,0.0530090747100555,-0.04592391214475822,-0.07410085922107845,0.028176947076320236,-0.02376748260764938,-0.08755302227266715,0.06378553966501777
2025-07-24,KOSDAQ,REVISION,1,N,0.0117724344599854,-0.0198707536186973,0.0316431880786827,0.0083014317862407,-0.0337709460204298,0.0420723778066705,0.026521393801740567,-0.08411018401658699,0.11063157781832755,0.03502024270064985,-0.05508494922845608,0.09010519192910593
2025-07-24,KOSDAQ,VALUE,1,W+,0.0201183121370593,-0.0198707536186973,0.0399890657557566,0.0406415525290649,-0.0337709460204298,0.0744124985494947,-0.007761338969753728,-0.08411018401658699,0.07634884504683326,0.004345798442757953,-0.05508494922845608,0.059430747671214035
2025-07-24,KOSDAQ,FLOW,0,R-,-0.0067429063550401,-0.0198707536186973,0.0131278472636572,-0.0115678404513565,-0.0337709460204298,0.0222031055690733,-0.06724683851885438,-0.08411018401658699,0.016863345497732607,-0.029758557792787355,-0.05508494922845608,0.025326391435668727
2025-07-31,KOSDAQ,REVISION,1,W+,0.0134203111078477,-0.0091646085025998,0.0225849196104475,0.0076507805650691,-0.0102059717393259,0.017856752304395,0.043126491575864234,-0.03555824063958146,0.0786847322154457,0.04800657221591731,-0.012827015249794682,0.06083358746571199
2025-07-31,KOSDAQ,VALUE,1,W+,0.0038041732757915,-0.0091646085025998,0.0129687817783913,-0.0064352718819305,-0.0102059717393259,0.0037706998573954,0.001018387479277294,-0.03555824063958146,0.036576628118858756,-0.030380770846887173,-0.012827015249794682,-0.01755375559709249
2025-07-31,KOSDAQ,FLOW,0,R-,-0.0221694505217383,-0.0091646085025998,-0.013004842019138499,-0.0165595801250196,-0.0102059717393259,-0.006353608385693699,-0.014480469075466407,-0.03555824063958146,0.021077771564115055,-0.0002660186745578885,-0.012827015249794682,0.012560996575236794
2025-08-07,KOSDAQ,REVISION,1,N,0.0097236706119035,-0.0155291199992454,0.0252527906111489,-0.0077592662963188,-0.0101475919560121,0.0023883256596933,0.026886743634224386,-0.003093126485240627,0.029979870119465013,0.019107595562915858,0.010592124507842415,0.008515471055073442
2025-08-07,KOSDAQ,VALUE,1,W+,0.0125377875338417,-0.0155291199992454,0.028066907533087097,0.0002913674652571,-0.0101475919560121,0.0104389594212692,0.0027997544783586736,-0.003093126485240627,0.005892880963599301,-0.05763406088055423,0.010592124507842415,-0.06822618538839664
2025-08-07,KOSDAQ,FLOW,0,N,-0.0041114108605403,-0.0155291199992454,0.0114177091387051,-0.012368559730458,-0.0101475919560121,-0.0022209677744459005,0.03357221671399735,-0.003093126485240627,0.036665343199237976,-0.005133812205080135,0.010592124507842415,-0.01572593671292255
2025-08-14,KOSDAQ,REVISION,1,N,-0.0084993109303881,-0.0420220865508614,0.0335227756204733,0.0266711595964804,-0.0018463458261742,0.0285175054226546,0.09356552532159568,0.09351181671827202,5.370860332365446e-05,0.041419760435487785,0.07011900889198874,-0.02869924845650096
2025-08-14,KOSDAQ,VALUE,1,W+,-0.0430144853100394,-0.0420220865508614,-0.0009923987591780037,-0.0289101438629009,-0.0018463458261742,-0.027063798036726698,0.056402145466632136,0.09351181671827202,-0.037109671251639886,-0.03884414105670375,0.07011900889198874,-0.1089631499486925
2025-08-14,KOSDAQ,FLOW,0,R-,-0.0356588556637035,-0.0420220865508614,0.0063632308871579,0.0106248966904452,-0.0018463458261742,0.012471242516619399,0.11496310309008662,0.09351181671827202,0.021451286371814593,0.03227695893830118,0.07011900889198874,-0.03784204995368756
2025-08-22,KOSDAQ,REVISION,1,W+,0.0281389518076169,0.0320865657465768,-0.0039476139389598985,0.0209525221743145,0.0094401802474752,0.011512341926839302,0.1355913350785749,0.18406877279824618,-0.04847743771967128,0.019262308043882514,0.10874414437563096,-0.08948183633174844
2025-08-22,KOSDAQ,VALUE,0,N,0.0291447289437895,0.0320865657465768,-0.002941836802787298,0.0046600100806208,0.0094401802474752,-0.0047801701668543995,0.14215578968340692,0.18406877279824618,-0.041912983114839264,0.00561163587568303,0.10874414437563096,-0.10313250849994793
2025-08-22,KOSDAQ,FLOW,0,R-,0.0494462044621365,0.0320865657465768,0.017359638715559705,0.0184776439642417,0.0094401802474752,0.0090374637167665,0.21231055508629915,0.18406877279824618,0.028241782288052963,0.05675726644134094,0.10874414437563096,-0.05198687793429002
2025-11-07,KOSDAQ,REVISION,1,W+,-0.0136911345163658,0.0049154815698304,-0.0186066160861962,-0.0567644185887474,-0.0249890668433539,-0.031775351745393504,0.0657460991454415,0.07586557971682861,-0.010119480571387118,-0.016700082244607173,0.020518423936356722,-0.037218506180963895
2025-11-07,KOSDAQ,VALUE,0,R-,0.0199130298790544,0.0049154815698304,0.014997548309224,-0.0029917369675409,-0.0249890668433539,0.021997329875813,0.023824354958004834,0.07586557971682861,-0.05204122475882378,-0.11088104519935815,0.020518423936356722,-0.13139946913571487
2025-11-07,KOSDAQ,FLOW,0,R-,0.0112021853562697,0.0049154815698304,0.006286703786439299,0.0081055213686588,-0.0249890668433539,0.0330945882120127,0.08308638245123667,0.07586557971682861,0.0072208027344080605,0.004821928820219812,0.020518423936356722,-0.01569649511613691
2026-06-15,KOSDAQ,REVISION,0,N,-0.0687402217649301,-0.0553069107094621,-0.013433311055467995,-0.020791270266295,0.0132036079235251,-0.033994878189820096,-0.20058244054936492,-0.25474766884133027,0.05416522829196535,-0.04347074828733932,-0.07566519052276954,0.03219444223543022
2026-06-15,KOSDAQ,VALUE,0,W-,-0.0673229368990242,-0.0553069107094621,-0.012016026189562101,0.0049460964198,0.0132036079235251,-0.008257511503725098,-0.09678313266072391,-0.25474766884133027,0.15796453618060635,0.1991519375271431,-0.07566519052276954,0.27481712804991265
2026-06-15,KOSDAQ,FLOW,0,N,-0.0635211738085244,-0.0553069107094621,-0.0082142630990623,0.0383684106702463,0.0132036079235251,0.025164802746721202,-0.2175199073101759,-0.25474766884133027,0.03722776153115437,0.04318521035347045,-0.07566519052276954,0.11885040087623999
2026-06-22,KOSDAQ,REVISION,0,N,-0.0254622537648277,-0.1149137147009059,0.0894514609360782,0.0037598521057408,-0.1042093776193072,0.107969229725048,-0.19840588967163908,-0.22879593927685982,0.030390049605220737,-0.014159333683066988,-0.05682068922994021,0.042661355546873225
2026-06-22,KOSDAQ,VALUE,0,W-,0.0017552302561327,-0.1149137147009059,0.1166689449570386,0.0737969993226758,-0.1042093776193072,0.178006376941983,-0.07558724567760977,-0.22879593927685982,0.15320869359925005,0.22915990734223213,-0.05682068922994021,0.28598059657217234
2026-06-22,KOSDAQ,FLOW,0,W-,-0.0641621947496176,-0.1149137147009059,0.05075151995128831,-0.0086308886133874,-0.1042093776193072,0.0955784890059198,-0.20161409552828358,-0.22879593927685982,0.02718184374857624,0.021182750310008602,-0.05682068922994021,0.07800343953994882
2026-06-29,KOSDAQ,REVISION,0,N,-0.0887728681884621,-0.0834260691400525,-0.005346799048409595,-0.0342191254106744,-0.028185229627125,-0.0060338957835494,-0.28498842016900505,-0.2352544162745418,-0.04973400389446325,-0.12817720640318397,-0.01965498710096436,-0.10852221930221961
2026-06-29,KOSDAQ,VALUE,0,W-,-0.0200333422170944,-0.0834260691400525,0.06339272692295811,0.0690721567715288,-0.028185229627125,0.09725738639865379,-0.09795075410904608,-0.2352544162745418,0.13730366216549572,0.27164151091101063,-0.01965498710096436,0.291296498011975
2026-06-29,KOSDAQ,FLOW,0,W-,-0.0664553534236365,-0.0834260691400525,0.016970715716416007,-0.0144652628314903,-0.028185229627125,0.0137199667956347,-0.18453945360179258,-0.2352544162745418,0.05071496267274922,0.06260254226652395,-0.01965498710096436,0.08225752936748831
2026-07-06,KOSDAQ,REVISION,0,R-,-0.0333315817742024,-0.0275674383827319,-0.005764143391470501,0.0076612487582303,0.0479548539962063,-0.040293605237975996,-0.13822700665643317,-0.11342895756764837,-0.0247980490887848,-0.1044159424643275,-0.07120234858365071,-0.033213593880676795
2026-07-06,KOSDAQ,VALUE,1,W+,-0.0135210450746172,-0.0275674383827319,0.014046393308114701,0.039446739046713,0.0479548539962063,-0.008508114949493294,-0.004399624891333942,-0.11342895756764837,0.10902933267631443,0.10882481188088944,-0.07120234858365071,0.18002716046454015
2026-07-06,KOSDAQ,FLOW,0,W-,-0.0435998036541305,-0.0275674383827319,-0.016032365271398598,0.0282592713657662,0.0479548539962063,-0.019695582630440096,-0.05126548593123503,-0.11342895756764837,0.06216347163641334,0.021287433605168493,-0.07120234858365071,0.0924897821888192
2026-07-13,KOSDAQ,REVISION,0,R-,-0.0662047079227008,-0.0224101071039294,-0.04379460081877141,0.009215123171184,0.0338598858259149,-0.0246447626547309,,,,,,
2026-07-13,KOSDAQ,VALUE,0,W-,-0.0454357043460416,-0.0224101071039294,-0.0230255972421122,0.0300941958252386,0.0338598858259149,-0.003765690000676298,,,,,,
2026-07-13,KOSDAQ,FLOW,0,W-,-0.0444849630649066,-0.0224101071039294,-0.022074855960977205,0.016467544707601,0.0338598858259149,-0.0173923411183139,,,,,,
2026-07-21,KOSDAQ,REVISION,0,N,-0.1307249335263805,-0.1223259026103003,-0.008399030916080213,-0.1123304725980719,-0.0689110127578592,-0.0434194598402127,,,,,,
2026-07-21,KOSDAQ,VALUE,0,W-,-0.0224793569813509,-0.1223259026103003,0.0998465456289494,0.1109090285762212,-0.0689110127578592,0.17982004133408042,,,,,,
2026-07-21,KOSDAQ,FLOW,0,W-,-0.044147944327077,-0.1223259026103003,0.0781779582832233,0.0315796440589316,-0.0689110127578592,0.1004906568167908,,,,,,
2026-08-04,KOSDAQ,REVISION,0,R-,,,,,,,,,,,,
2026-08-04,KOSDAQ,VALUE,0,W-,,,,,,,,,,,,
2026-08-04,KOSDAQ,FLOW,0,W-,,,,,,,,,,,,
2017-02-14,KOSDAQ_PLUS_KOSPI_EX_K200,REVISION,0,N,0.0373820453698491,0.0166943805881525,0.020687664781696598,0.0285053888005115,0.0041081670391755,0.024397221761336,0.025895653791607742,-0.01912265376820954,0.04501830755981728,0.029333109351648456,-0.0043542935882953104,0.03368740293994377
2017-02-14,KOSDAQ_PLUS_KOSPI_EX_K200,VALUE,1,W+,0.0149538774971323,0.0166943805881525,-0.001740503091020201,0.0069976914510333,0.0041081670391755,0.0028895244118577997,0.005281272485876176,-0.01912265376820954,0.024403926254085717,0.04031759242191746,-0.0043542935882953104,0.04467188601021277
2017-02-14,KOSDAQ_PLUS_KOSPI_EX_K200,FLOW,0,N,0.0241620648200776,0.0166943805881525,0.007467684231925099,0.0051132605851222,0.0041081670391755,0.0010050935459467005,-0.015184615739440854,-0.01912265376820954,0.003938038028768687,-0.010017985770635951,-0.0043542935882953104,-0.0056636921823406405
2017-02-21,KOSDAQ_PLUS_KOSPI_EX_K200,REVISION,1,N,0.0011793387663909,-0.0207813641708894,0.0219607029372803,-2.5853389881636468e-05,-0.0158961661698267,0.015870312779945064,-0.01633060806333353,-0.04547081822943899,0.029140210166105462,-0.01113095651990803,-0.015942284882616953,0.004811328362708922
2017-02-21,KOSDAQ_PLUS_KOSPI_EX_K200,VALUE,1,W+,-0.0067093328276841,-0.0207813641708894,0.0140720313432053,0.0033412794638115,-0.0158961661698267,0.0192374456336382,-0.005994423630601431,-0.04547081822943899,0.03947639459883756,0.03181073512247656,-0.015942284882616953,0.047753020005093516
2017-02-21,KOSDAQ_PLUS_KOSPI_EX_K200,FLOW,1,R+,-0.0095644252128579,-0.0207813641708894,0.0112169389580315,0.0041826299162427,-0.0158961661698267,0.0200787960860694,-0.03358186774997329,-0.04547081822943899,0.011888950479465699,-0.0065702604647169816,-0.015942284882616953,0.009372024417899971
2017-02-28,KOSDAQ_PLUS_KOSPI_EX_K200,REVISION,1,N,-0.0037284018148294,-0.0207876698114039,0.0170592679965745,-0.0009561467603885,-0.0046320710600549,0.0036759242996664,-0.005148789505709184,-0.006551093006308295,0.0014023035005991114,-0.004608684061335411,-0.005954206215768254,0.0013455221544328433
2017-02-28,KOSDAQ_PLUS_KOSPI_EX_K200,VALUE,1,N,0.0042751767729769,-0.0207876698114039,0.0250628465843808,0.0316101234703866,-0.0046320710600549,0.0362421945304415,0.021026520211445465,-0.006551093006308295,0.02757761321775376,0.039011467185474435,-0.005954206215768254,0.04496567340124269
2017-02-28,KOSDAQ_PLUS_KOSPI_EX_K200,FLOW,1,N,-0.0217816960117239,-0.0207876698114039,-0.0009940262003199987,-0.0130928398291419,-0.0046320710600549,-0.008460768769087,-0.011440942790887698,-0.006551093006308295,-0.004889849784579403,-0.010991507883352458,-0.005954206215768254,-0.005037301667584204
2017-03-08,KOSDAQ_PLUS_KOSPI_EX_K200,REVISION,1,W+,-0.0085408282087037,0.0061615982115841,-0.0147024264202878,0.001788511689944,0.0122779071374696,-0.010489395447525598,0.024395520230519274,0.008679779879148475,0.0157157403513708,-0.01082726553077773,-0.06304565876358992,0.05221839323281219
2017-03-08,KOSDAQ_PLUS_KOSPI_EX_K200,VALUE,1,W+,-0.0070847020118907,0.0061615982115841,-0.0132463002234748,-0.0019019844368267,0.0122779071374696,-0.0141798915742963,0.02635388301071684,0.008679779879148475,0.017674103131568364,-0.03942638870928217,-0.06304565876358992,0.02361927005430775
2017-03-08,KOSDAQ_PLUS_KOSPI_EX_K200,FLOW,0,R-,-0.0075146088943984,0.0061615982115841,-0.0136762071059825,-0.0061443817470031,0.0122779071374696,-0.0184222888844727,0.029612752142373022,0.008679779879148475,0.020932972263224547,0.0036916475883856936,-0.06304565876358992,0.06673730635197561
2017-04-12,KOSDAQ_PLUS_KOSPI_EX_K200,REVISION,1,N,0.0237806406265805,0.0038823828122303,0.0198982578143502,-0.006702045995096,-0.0297391388066184,0.0230370928115224,0.06833613987954057,0.02690781859462077,0.0414283212849198,0.02170137170475961,-0.012189616985664564,0.03389098869042417
2017-04-12,KOSDAQ_PLUS_KOSPI_EX_K200,VALUE,1,R+,0.0131861881990495,0.0038823828122303,0.0093038053868192,-0.0339482215536934,-0.0297391388066184,-0.0042090827470749985,0.034004310427032,0.02690781859462077,0.007096491832411234,-0.020666665582863675,-0.012189616985664564,-0.00847704859719911
2017-04-12,KOSDAQ_PLUS_KOSPI_EX_K200,FLOW,1,W+,0.0318920266348492,0.0038823828122303,0.028009643822618897,0.0100630640299119,-0.0297391388066184,0.0398022028365303,0.04395692948959318,0.02690781859462077,0.017049110894972408,0.014841813818579519,-0.012189616985664564,0.027031430804244083
2017-04-26,KOSDAQ_PLUS_KOSPI_EX_K200,REVISION,1,N,0.0144432303374841,0.0258946171581042,-0.011451386820620102,-0.0006708733758573,0.0301610222389654,-0.030831895614822698,0.08472121956645573,0.06938147320873034,0.015339746357725392,0.05765412196676567,0.04528212048174263,0.012372001485023043
2017-04-26,KOSDAQ_PLUS_KOSPI_EX_K200,VALUE,1,R+,-0.0025854391456803,0.0258946171581042,-0.0284800563037845,-0.0247398320697718,0.0301610222389654,-0.0549008543087372,0.05127562896022675,0.06938147320873034,-0.01810584424850359,0.027029100600415523,0.04528212048174263,-0.018253019881327104
2017-04-26,KOSDAQ_PLUS_KOSPI_EX_K200,FLOW,1,N,0.02059165159039,0.0258946171581042,-0.005302965567714202,0.0104196177243227,0.0301610222389654,-0.0197414045146427,0.027236594002647108,0.06938147320873034,-0.04214487920608323,-0.014132445721604325,0.04528212048174263,-0.05941456620334695
2017-10-13,KOSDAQ_PLUS_KOSPI_EX_K200,REVISION,0,W-,0.0023175142499737,-0.0050546466241464,0.0073721608741201,-0.0275206463122741,-0.0272876679732221,-0.00023297833905200002,0.08148021943769468,0.07147726585307201,0.010002953584622665,-0.0024185031940902046,-0.030686136934191865,0.02826763374010166
2017-10-13,KOSDAQ_PLUS_KOSPI_EX_K200,VALUE,0,N,0.0226164518311065,-0.0050546466241464,0.0276710984552529,0.0009395925722284,-0.0272876679732221,0.0282272605454505,0.04049215653193938,0.07147726585307201,-0.03098510932113263,-0.053827375613158646,-0.030686136934191865,-0.02314123867896678
2017-10-13,KOSDAQ_PLUS_KOSPI_EX_K200,FLOW,0,R-,-0.000428638026479,-0.0050546466241464,0.0046260085976674,-0.0130882366072021,-0.0272876679732221,0.014199431366020001,0.06197970097291372,0.07147726585307201,-0.009497564880158293,-0.024728801642674214,-0.030686136934191865,0.005957335291517651
2017-10-20,KOSDAQ_PLUS_KOSPI_EX_K200,REVISION,0,R-,0.0294722572553895,0.0222804510396868,0.007191806215702701,-0.005457668528336,-0.0199384825734958,0.014480814045159801,0.11024198048793443,0.16758196315184537,-0.05733998266391094,0.025964028577468046,0.07123603889303198,-0.04527201031556394
2017-10-20,KOSDAQ_PLUS_KOSPI_EX_K200,VALUE,1,W+,0.0111528294042399,0.0222804510396868,-0.011127621635446899,-0.0192084029255559,-0.0199384825734958,0.0007300796479399012,0.009490717182058184,0.16758196315184537,-0.1580912459697872,-0.11943430346936279,0.07123603889303198,-0.19067034236239477
2017-10-20,KOSDAQ_PLUS_KOSPI_EX_K200,FLOW,0,R-,0.0278929775467277,0.0222804510396868,0.005612526507040902,-0.0123470216443102,-0.0199384825734958,0.0075914609291855995,0.10602840210102094,0.16758196315184537,-0.061553561050824435,-0.03820100805953841,0.07123603889303198,-0.1094370469525704
2017-10-27,KOSDAQ_PLUS_KOSPI_EX_K200,REVISION,1,R+,0.0057036728846316,0.0142819661457336,-0.008578293261102002,-0.000177478598751,0.0057797146047166,-0.0059571932034676,0.11655393694037008,0.19245229427314348,-0.07589835733277339,0.06118531103742808,0.13058002911847577,-0.06939471808104769
2017-10-27,KOSDAQ_PLUS_KOSPI_EX_K200,VALUE,1,N,-0.001752300953824,0.0142819661457336,-0.0160342670995576,-0.0102313959876229,0.0057797146047166,-0.0160111105923395,0.008677620586793333,0.19245229427314348,-0.18377467368635014,-0.11733826205811526,0.13058002911847577,-0.24791829117659103
2017-10-27,KOSDAQ_PLUS_KOSPI_EX_K200,FLOW,1,R+,-0.0032734526153663,0.0142819661457336,-0.0175554187610999,-0.0107990375923207,0.0057797146047166,-0.0165787521970373,0.10977224488916715,0.19245229427314348,-0.08268004938397633,-0.02249983415745005,0.13058002911847577,-0.15307986327592582
2018-02-07,KOSDAQ_PLUS_KOSPI_EX_K200,REVISION,0,R-,0.0275667580141395,0.0319284628810316,-0.004361704866892101,0.043075717236839,0.0243966504463639,0.0186790667904751,0.08995014358682996,0.06824238764418489,0.02170775594264507,0.07266527317901672,0.032141781094645605,0.040523492084371115
2018-02-07,KOSDAQ_PLUS_KOSPI_EX_K200,VALUE,1,W+,-0.0132100513113421,0.0319284628810316,-0.0451385141923737,-0.0300733530797614,0.0243966504463639,-0.0544700035261253,0.02413299529881674,0.06824238764418489,-0.04410939234536815,-0.060835719986659265,0.032141781094645605,-0.09297750108130487
2018-02-07,KOSDAQ_PLUS_KOSPI_EX_K200,FLOW,1,W+,0.0159788364116196,0.0319284628810316,-0.015949626469412,-0.0020305618809544,0.0243966504463639,-0.0264272123273183,0.03849736756952993,0.06824238764418489,-0.02974502007465496,-0.02836899827219419,0.032141781094645605,-0.060510779366839795
2018-02-14,KOSDAQ_PLUS_KOSPI_EX_K200,REVISION,0,N,0.0287931102654719,0.0324045123549472,-0.0036114020894752984,0.0103493944766409,0.0135844760576108,-0.0032350815809698997,0.049821453894833834,0.058190745771070196,-0.008369291876236362,0.0370583686002115,0.0461195642833232,-0.0090611956831117
2018-02-14,KOSDAQ_PLUS_KOSPI_EX_K200,VALUE,0,W-,0.0247576376459946,0.0324045123549472,-0.0076468747089525994,-0.0067242783664563,0.0135844760576108,-0.0203087544240671,0.013764515920956955,0.058190745771070196,-0.04442622985011324,-0.052707340459014485,0.0461195642833232,-0.09882690474233768
2018-02-14,KOSDAQ_PLUS_KOSPI_EX_K200,FLOW,0,W-,0.0204548232492429,0.0324045123549472,-0.011949689105704299,-0.013764746664523,0.0135844760576108,-0.0273492227221338,0.031456710945320765,0.058190745771070196,-0.02673403482574943,-0.001241627981322213,0.0461195642833232,-0.04736119226464541
2018-02-23,KOSDAQ_PLUS_KOSPI_EX_K200,REVISION,0,W-,-0.024955756293422,-0.0460976712442212,0.021141914950799198,0.0194468635547999,-0.0165476021109128,0.0359944656657127,0.019844984543741395,0.017935421718320743,0.001909562825420652,0.07554847288835176,0.06681202375824813,0.00873644913010363
2018-02-23,KOSDAQ_PLUS_KOSPI_EX_K200,VALUE,0,N,-0.0237687196206155,-0.0460976712442212,0.022328951623605698,-0.0105291947243154,-0.0165476021109128,0.006018407386597402,-0.04415847046214938,0.017935421718320743,-0.06209389218047012,-0.06491950097860344,0.06681202375824813,-0.13173152473685157
2018-02-23,KOSDAQ_PLUS_KOSPI_EX_K200,FLOW,0,W-,-0.0377091975015392,-0.0460976712442212,0.008388473742682,0.0069896347084546,-0.0165476021109128,0.023537236819367403,-0.004652941054144821,0.017935421718320743,-0.022588362772465564,0.029154780097974786,0.06681202375824813,-0.03765724366027334
2018-03-05,KOSDAQ_PLUS_KOSPI_EX_K200,REVISION,0,W-,0.0574119563066068,0.0511541570724154,0.006257799234191404,-0.0015824505251147,0.010782967249011,-0.012365417774125701,0.05566973656728269,0.10890532696720001,-0.05323559039991732,0.06145688677718564,0.11666619292815139,-0.05520930615096575
2018-03-05,KOSDAQ_PLUS_KOSPI_EX_K200,VALUE,0,N,0.0374275050521869,0.0511541570724154,-0.013726652020228498,-0.0147875973266591,0.010782967249011,-0.0255705645756701,-0.005546224686588164,0.10890532696720001,-0.11445155165378817,-0.049751110643487695,0.11666619292815139,-0.16641730357163909
2018-03-05,KOSDAQ_PLUS_KOSPI_EX_K200,FLOW,0,W-,0.0409278327447587,0.0511541570724154,-0.010226324327656695,-0.0196557656329792,0.010782967249011,-0.0304387328819902,0.04268739744467842,0.10890532696720001,-0.06621792952252159,0.009146411557649836,0.11666619292815139,-0.10751978137050155
2018-05-09,KOSDAQ_PLUS_KOSPI_EX_K200,REVISION,1,W+,0.0164311869683663,0.0051988105254585,0.0112323764429078,0.0281140017719941,0.0210797359516636,0.007034265820330499,0.07622765038416501,0.007880675082915012,0.06834697530125,0.075466255082834,-0.002958846847288754,0.07842510193012275
2018-05-09,KOSDAQ_PLUS_KOSPI_EX_K200,VALUE,1,W+,0.010409575387187,0.0051988105254585,0.0052107648617285,0.0322614948351527,0.0210797359516636,0.011181758883489098,0.033358517565719836,0.007880675082915012,0.025477842482804824,0.015731645056815236,-0.002958846847288754,0.01869049190410399
2018-05-09,KOSDAQ_PLUS_KOSPI_EX_K200,FLOW,0,R-,-0.0112161555110486,0.0051988105254585,-0.0164149660365071,-0.0116889067852257,0.0210797359516636,-0.0327686427368893,0.015362908121760777,0.007880675082915012,0.007482233038845765,0.0003333975468804429,-0.002958846847288754,0.003292244394169197
2018-05-16,KOSDAQ_PLUS_KOSPI_EX_K200,REVISION,1,W+,0.0307740457695884,0.0134276242783369,0.0173464214912515,0.0165270219608856,-0.0055456633657072,0.0220726853265928,0.016447084404139778,-0.050158002939804436,0.06660508734394421,0.052728649450214826,-0.018988483629603814,0.07171713307981864
2018-05-16,KOSDAQ_PLUS_KOSPI_EX_K200,VALUE,1,W+,0.0228401851583852,0.0134276242783369,0.0094125608800483,0.008195942132854,-0.0055456633657072,0.0137416054985612,-0.020463188608183858,-0.050158002939804436,0.029694814331620578,-0.03386338797007182,-0.018988483629603814,-0.01487490434046801
2018-05-16,KOSDAQ_PLUS_KOSPI_EX_K200,FLOW,0,R-,0.01630931494518,0.0134276242783369,0.002881690666843099,-0.0022283435299582,-0.0055456633657072,0.003317319835749,-0.02203541174897594,-0.050158002939804436,0.028122591190828494,0.0264195629066879,-0.018988483629603814,0.04540804653629171
2018-07-02,KOSDAQ_PLUS_KOSPI_EX_K200,REVISION,0,W-,0.0169277126500841,-0.0014208506239871,0.018348563274071198,-0.0200053191354414,-0.0479256696369584,0.027920350501516998,0.00011530238970358653,-0.05218741410169858,0.05230271649140217,0.005042869353102608,-0.0904893926559861,0.09553226200908871
2018-07-02,KOSDAQ_PLUS_KOSPI_EX_K200,VALUE,0,R-,0.0100367139109994,-0.0014208506239871,0.0114575645349865,-0.0336499841457391,-0.0479256696369584,0.014275685491219298,0.017535105176723187,-0.05218741410169858,0.06972251927842177,0.016453315110751543,-0.0904893926559861,0.10694270776673764
2018-07-02,KOSDAQ_PLUS_KOSPI_EX_K200,FLOW,0,W-,0.0340599864879675,-0.0014208506239871,0.0354808371119546,0.0055163745483689,-0.0479256696369584,0.0534420441853273,-0.012864610338602978,-0.05218741410169858,0.039322803763095604,-0.010347744096405265,-0.0904893926559861,0.08014164855958084
2018-07-09,KOSDAQ_PLUS_KOSPI_EX_K200,REVISION,0,N,0.0195921848143307,0.020567451402746,-0.0009752665884153015,0.0108792269536258,0.0008934577741016,0.0099857691795242,-0.005392193185403071,-0.06985471240924856,0.0644625192238455,0.035665296853678585,-0.0855650888011742,0.12123038565485278
2018-07-09,KOSDAQ_PLUS_KOSPI_EX_K200,VALUE,0,R-,0.011568527485082,0.020567451402746,-0.008998923917664001,-0.0028693081930345,0.0008934577741016,-0.0037627659671361,0.032017060355569615,-0.06985471240924856,0.10187177276481818,0.10041088676880805,-0.0855650888011742,0.18597597556998224
2018-07-09,KOSDAQ_PLUS_KOSPI_EX_K200,FLOW,0,W-,0.0135693127230008,0.020567451402746,-0.0069981386797452,-0.0027549794216293,0.0008934577741016,-0.0036484371957309,-0.036412579743122064,-0.06985471240924856,0.0334421326661265,-0.013433148298248043,-0.0855650888011742,0.07213194050292615
2018-07-16,KOSDAQ_PLUS_KOSPI_EX_K200,REVISION,0,W-,-0.0670002250611407,-0.0915626638791158,0.024562438817975096,0.0091075301636148,-0.0305719353106137,0.0396794654742285,-0.058764179646443315,-0.12416907361488017,0.06540489396843685,0.03910960508659711,-0.07759011322985254,0.11669971831644965
2018-07-16,KOSDAQ_PLUS_KOSPI_EX_K200,VALUE,0,R-,-0.0393258429023283,-0.0915626638791158,0.052236820976787494,0.0385541678463851,-0.0305719353106137,0.0691261031569988,-0.015658245036923146,-0.12416907361488017,0.10851082857795702,0.11278716241967301,-0.07759011322985254,0.19037727564952556
2018-07-16,KOSDAQ_PLUS_KOSPI_EX_K200,FLOW,0,W-,-0.0769089563974351,-0.0915626638791158,0.014653707481680697,-0.0042234771821059,-0.0305719353106137,0.0263484581285078,-0.08507339805888525,-0.12416907361488017,0.03909567555599491,-0.007934423773990007,-0.07759011322985254,0.06965568945586254
2018-07-23,KOSDAQ_PLUS_KOSPI_EX_K200,REVISION,0,N,0.0338367183848685,0.0237720983420249,0.0100646200428436,0.0053658962003801,-0.015459754489111,0.0208256506894911,0.06815616730333574,0.01759951279421834,0.050556654509117394,0.0583295666032857,-0.052744897256597256,0.11107446385988295
2018-07-23,KOSDAQ_PLUS_KOSPI_EX_K200,VALUE,0,N,0.036670700669137,0.0237720983420249,0.012898602327112103,0.0157147084557944,-0.015459754489111,0.0311744629449054,0.06347224497702597,0.01759951279421834,0.04587273218280763,0.06165195626723485,-0.052744897256597256,0.11439685352383211
2018-07-23,KOSDAQ_PLUS_KOSPI_EX_K200,FLOW,0,N,0.0203120093656926,0.0237720983420249,-0.0034600889763322998,-0.0088720754781525,-0.015459754489111,0.0065876790109585005,0.036605499906677386,0.01759951279421834,0.019005987112459044,-0.01871438394370928,-0.052744897256597256,0.03403051331288798
2018-07-30,KOSDAQ_PLUS_KOSPI_EX_K200,REVISION,1,N,0.0113276334749722,-0.020034441515487,0.031362074990459204,0.0098539206848865,-0.0427709157976765,0.052624836482563,0.05765248699409309,0.03147732288109961,0.026175164112993476,0.07342633611757465,-0.00889138846734494,0.0823177245849196
2018-07-30,KOSDAQ_PLUS_KOSPI_EX_K200,VALUE,1,N,0.0244119490703879,-0.020034441515487,0.0444463905858749,0.0461691275603485,-0.0427709157976765,0.088940043358025,0.025489532536920212,0.03147732288109961,-0.0059877903441794,0.014125677641331436,-0.00889138846734494,0.023017066108676376
2018-07-30,KOSDAQ_PLUS_KOSPI_EX_K200,FLOW,0,R-,0.0093926377339039,-0.020034441515487,0.0294270792493909,0.0023815113390483,-0.0427709157976765,0.0451524271367248,0.0373236691049974,0.03147732288109961,0.0058463462238977915,-0.008342912331785302,-0.00889138846734494,0.000548476135559639
2018-08-06,KOSDAQ_PLUS_KOSPI_EX_K200,REVISION,0,W-,-0.0351204968184176,-0.0390269688773131,0.003906472058895501,0.0142411042458943,0.0096224561724453,0.004618648073449,0.06459256137115754,0.09319988962621806,-0.028607328255060516,0.06130258574774561,0.05480061432071204,0.0065019714270335704
2018-08-06,KOSDAQ_PLUS_KOSPI_EX_K200,VALUE,1,W+,-0.0351621326230651,-0.0390269688773131,0.003864836254248001,0.0083453793842371,0.0096224561724453,-0.0012770767882082004,0.0002961770680030007,0.09319988962621806,-0.09290371255821506,-0.06264787037792818,0.05480061432071204,-0.11744848469864022
2018-08-06,KOSDAQ_PLUS_KOSPI_EX_K200,FLOW,0,R-,-0.0376155731939393,-0.0390269688773131,0.0014113956833737978,0.0028032608961856,0.0096224561724453,-0.006819195276259701,0.04608549517981553,0.09319988962621806,-0.04711439444640253,-0.02028628540252797,0.05480061432071204,-0.07508689972324001
2018-08-13,KOSDAQ_PLUS_KOSPI_EX_K200,REVISION,0,W-,0.0588095375707415,0.0554838414488706,0.0033256961218708983,0.0277725562599994,-0.0044602793286085,0.0322328355886079,0.10327717443113471,0.1292142617557983,-0.0259370873246636,0.06855476085900802,0.029036913872344527,0.039517846986663496
2018-08-13,KOSDAQ_PLUS_KOSPI_EX_K200,VALUE,0,W-,0.037902026800027,0.0554838414488706,-0.017581814648843598,-0.0091698563576883,-0.0044602793286085,-0.0047095770290798,0.04648590403209463,0.1292142617557983,-0.08272835772370368,-0.04611018692298807,0.029036913872344527,-0.0751471007953326
2018-08-13,KOSDAQ_PLUS_KOSPI_EX_K200,FLOW,0,N,0.0458557557326316,0.0554838414488706,-0.009628085716239,-0.0150437611544155,-0.0044602793286085,-0.010583481825807001,0.07766583816371764,0.1292142617557983,-0.05154842359208067,-0.023910603197663027,0.029036913872344527,-0.052947517070007555
2018-10-08,KOSDAQ_PLUS_KOSPI_EX_K200,REVISION,0,W-,-0.0494158876066656,-0.0598650181332192,0.0104491305265536,0.0145134597971548,0.0054477698442545,0.009065689952900299,-0.12131418015971585,-0.1296058010015254,0.008291620841809566,-0.04880510419461748,-0.05317779839936898,0.004372694204751504
2018-10-08,KOSDAQ_PLUS_KOSPI_EX_K200,VALUE,0,W-,-0.0562396303789377,-0.0598650181332192,0.003625387754281499,-0.0001343989459077,0.0054477698442545,-0.005582168790162201,-0.1014160855830154,-0.1296058010015254,0.02818971541851001,-0.0018484225077386451,-0.05317779839936898,0.051329375891630336
2018-10-08,KOSDAQ_PLUS_KOSPI_EX_K200,FLOW,0,N,-0.0480340159022113,-0.0598650181332192,0.0118310022310079,0.0040175817054487,0.0054477698442545,-0.0014301881388058,-0.09066355389888836,-0.1296058010015254,0.03894224710263705,0.0022362339657244767,-0.05317779839936898,0.05541403236509346
2018-10-30,KOSDAQ_PLUS_KOSPI_EX_K200,REVISION,0,R-,0.0425240078856277,0.0375803315676825,0.004943676317945199,-0.0116784658167308,-0.03943213254292,0.027753666726189202,0.03445685451393721,0.03555443820644033,-0.0010975836925031235,-0.0807435729064695,-0.10090692286680814,0.02016334996033864
2018-10-30,KOSDAQ_PLUS_KOSPI_EX_K200,VALUE,0,W-,0.0315994064030632,0.0375803315676825,-0.005980925164619302,-0.0345572480807166,-0.03943213254292,0.0048748844622034035,0.03955173813691171,0.03555443820644033,0.003997299930471376,-0.019150298731194226,-0.10090692286680814,0.08175662413561391
2018-10-30,KOSDAQ_PLUS_KOSPI_EX_K200,FLOW,0,N,0.0759455563049724,0.0375803315676825,0.038365224737289906,0.0101894932116983,-0.03943213254292,0.0496216257546183,0.09032455397657224,0.03555443820644033,0.05477011577013191,0.029298602868848,-0.10090692286680814,0.13020552573565614
2018-11-06,KOSDAQ_PLUS_KOSPI_EX_K200,REVISION,0,R-,-0.0163510408138795,-0.0064455380398474,-0.009905502774032099,-0.008192657383041,0.0220105376284938,-0.0302031950115348,-0.004507882097321558,0.011727144135951884,-0.016235026233273442,-0.08746851011446177,-0.07895491550380351,-0.00851359461065826
2018-11-06,KOSDAQ_PLUS_KOSPI_EX_K200,VALUE,0,N,-0.0092344064164285,-0.0064455380398474,-0.0027888683765810995,0.0244302775331154,0.0220105376284938,0.0024197399046216005,0.021735636860543917,0.011727144135951884,0.010008492724592033,0.021781076636191887,-0.07895491550380351,0.1007359921399954
2018-11-06,KOSDAQ_PLUS_KOSPI_EX_K200,FLOW,0,N,-0.0114510295954932,-0.0064455380398474,-0.005005491555645799,0.005808866962227,0.0220105376284938,-0.0162016706662668,0.017292967124230563,0.011727144135951884,0.005565822988278679,0.007317513470421089,-0.07895491550380351,0.0862724289742246
2018-11-13,KOSDAQ_PLUS_KOSPI_EX_K200,REVISION,0,R-,-0.0094126408686756,0.0054109764831231,-0.0148236173517987,-0.0466733724160226,-0.0526578151082217,0.005984442692199096,-0.05420706610466175,-0.04720641599973241,-0.00700065010492934,-0.07676176818544,-0.08090590791341667,0.00414413972797667
2018-11-13,KOSDAQ_PLUS_KOSPI_EX_K200,VALUE,0,W-,0.0021365488969072,0.0054109764831231,-0.0032744275862159004,-0.0075270167739996,-0.0526578151082217,0.0451307983342221,-0.02655739667597523,-0.04720641599973241,0.02064901932375718,0.01350362350797707,-0.08090590791341667,0.09440953142139374
2018-11-13,KOSDAQ_PLUS_KOSPI_EX_K200,FLOW,0,N,0.0123627270050343,0.0054109764831231,0.0069517505219112,0.0111887817737484,-0.0526578151082217,0.0638465968819701,-0.02806248178599713,-0.04720641599973241,0.01914393421373528,0.023113457759297296,-0.08090590791341667,0.10401936567271397
2018-11-20,KOSDAQ_PLUS_KOSPI_EX_K200,REVISION,0,R-,0.0183413958177035,-0.0008840243183708,0.019225420136074298,-0.0162848179244593,-0.0332496264839471,0.0169648085594878,-0.05661070034835414,-0.056062003741883304,-0.0005486966064708332,-0.03523122232471809,-0.026442366176508192,-0.0087888561482099
2018-11-20,KOSDAQ_PLUS_KOSPI_EX_K200,VALUE,0,W-,0.0149326115684076,-0.0008840243183708,0.0158166358867784,-0.0007484316124229,-0.0332496264839471,0.032501194871524204,-0.010344641200501159,-0.056062003741883304,0.045717362541382145,0.0788994290825773,-0.026442366176508192,0.10534179525908549
2018-11-20,KOSDAQ_PLUS_KOSPI_EX_K200,FLOW,0,W-,0.0125842339621497,-0.0008840243183708,0.0134682582805205,0.0018226199261769,-0.0332496264839471,0.035072246410124006,-0.043828417941289444,-0.056062003741883304,0.01223358580059386,0.01451107485675518,-0.026442366176508192,0.04095344103326337
2018-12-11,KOSDAQ_PLUS_KOSPI_EX_K200,REVISION,0,R-,-0.011930115479075,-0.0039336552069715,-0.0079964602721035,-0.0037893432859594,0.0034796479330782,-0.0072689912190375995,0.030507280346531163,-0.03225790786580618,0.06276518821233734,0.01416956619167875,-0.10184586045296717,0.11601542664464592
2018-12-11,KOSDAQ_PLUS_KOSPI_EX_K200,VALUE,0,N,0.0188272040673517,-0.0039336552069715,0.0227608592743232,0.0565117974380742,0.0034796479330782,0.053032149504996,0.02479270032490377,-0.03225790786580618,0.05705060819070995,0.002805072806657316,-0.10184586045296717,0.10465093325962449
2018-12-11,KOSDAQ_PLUS_KOSPI_EX_K200,FLOW,0,W-,-0.0040589521881797,-0.0039336552069715,-0.0001252969812082002,0.0026866620707941,0.0034796479330782,-0.0007929858622841,0.015470552955418881,-0.03225790786580618,0.04772846082122506,-0.02739991483766213,-0.10184586045296717,0.07444594561530504
2019-01-11,KOSDAQ_PLUS_KOSPI_EX_K200,REVISION,1,N,-0.0058918267369326,0.0401023036217079,-0.0459941303586405,-0.0157892159500302,0.021213118136541,-0.0370023340865712,0.04294173034899984,0.05809934385261917,-0.015157613503619327,-0.03232074395418438,-0.03855774617343177,0.0062370022192473895
2019-01-11,KOSDAQ_PLUS_KOSPI_EX_K200,VALUE,1,N,0.0165201009674059,0.0401023036217079,-0.023582202654301998,0.0331759518104786,0.021213118136541,0.011962833673937603,0.08236059373277471,0.05809934385261917,0.024261249880155544,0.045350843651696726,-0.03855774617343177,0.0839085898251285
2019-01-11,KOSDAQ_PLUS_KOSPI_EX_K200,FLOW,1,R+,0.0152098214906214,0.0401023036217079,-0.0248924821310865,0.0100680361776694,0.021213118136541,-0.0111450819588716,0.09126404328095283,0.05809934385261917,0.033164699428333666,0.022894497061994423,-0.03855774617343177,0.061452243235426196
2019-03-07,KOSDAQ_PLUS_KOSPI_EX_K200,REVISION,1,N,0.0436491674701264,0.0422565064188845,0.001392661051241896,0.0086990630871585,0.0089654212475902,-0.0002663581604316987,0.08580692782753507,0.05310074614301974,0.032706181684515334,0.07481336587780962,0.036100353759419335,0.03871301211839029
2019-03-07,KOSDAQ_PLUS_KOSPI_EX_K200,VALUE,1,R+,0.0435658142476595,0.0422565064188845,0.0013093078287749957,0.0127785309560869,0.0089654212475902,0.003813109708496701,0.03301725009297796,0.05310074614301974,-0.020083496050041783,3.079266481864629e-05,0.036100353759419335,-0.03606956109460069
2019-03-07,KOSDAQ_PLUS_KOSPI_EX_K200,FLOW,1,N,0.0346977914008054,0.0422565064188845,-0.007558715018079101,-0.0088111694450436,0.0089654212475902,-0.0177765906926338,0.006880391043602163,0.05310074614301974,-0.046220355099417576,-0.05126291552203954,0.036100353759419335,-0.08736326928145888
2019-03-14,KOSDAQ_PLUS_KOSPI_EX_K200,REVISION,1,N,0.0024909282763809,-0.003584412198074,0.006075340474454899,0.0160866215825254,0.0066563966289553,0.009430224953570099,0.061574407500700534,0.044404463188397525,0.01716994431230301,0.049701978544891556,0.037524969523210716,0.01217700902168084
2019-03-14,KOSDAQ_PLUS_KOSPI_EX_K200,VALUE,1,N,-0.0098057666979537,-0.003584412198074,-0.0062213544998797,-0.0029871446033143,0.0066563966289553,-0.009643541232269601,0.002161766304551005,0.044404463188397525,-0.04224269688384652,-0.02390269302548642,0.037524969523210716,-0.06142766254869714
2019-03-14,KOSDAQ_PLUS_KOSPI_EX_K200,FLOW,1,R+,-0.0225852783561173,-0.003584412198074,-0.0190008661580433,-0.022863683482996,0.0066563966289553,-0.0295200801119513,-0.014142224164837236,0.044404463188397525,-0.05854668735323476,-0.04414697563241099,0.037524969523210716,-0.0816719451556217
2019-03-21,KOSDAQ_PLUS_KOSPI_EX_K200,REVISION,1,W+,-0.0039727225168384,-0.0091437421506226,0.005171019633784199,0.043646191491437,0.0333701065367395,0.010276084954697506,0.04808610350997111,0.03897911539044885,0.009106988119522264,0.009295895124626696,0.03968284724415905,-0.03038695211953235
2019-03-21,KOSDAQ_PLUS_KOSPI_EX_K200,VALUE,1,N,-0.0418147791703398,-0.0091437421506226,-0.0326710370197172,-0.013327056226844,0.0333701065367395,-0.046697162763583495,0.012905102503410149,0.03897911539044885,-0.0260740128870387,0.0018323157861022121,0.03968284724415905,-0.037850531458056835
2019-03-21,KOSDAQ_PLUS_KOSPI_EX_K200,FLOW,0,R-,-0.0264792695518684,-0.0091437421506226,-0.017335527401245804,0.0097067431921596,0.0333701065367395,-0.0236633633445799,-0.006511614104167007,0.03897911539044885,-0.045490729494615856,-0.017195185083939357,0.03968284724415905,-0.056878032328098405
2019-08-28,KOSDAQ_PLUS_KOSPI_EX_K200,REVISION,0,R-,0.0587560762227472,0.0312257787196262,0.027530297503121,0.0328292179912938,-0.0163515703720215,0.0491807883633153,0.04963037661847447,0.02081784637079309,0.02881253024768138,0.019462613197312573,-0.03765709751533708,0.05711971071264965
2019-08-28,KOSDAQ_PLUS_KOSPI_EX_K200,VALUE,0,R-,0.0258994671749423,0.0312257787196262,-0.005326311544683902,-0.0172126517070854,-0.0163515703720215,-0.0008610813350638999,0.027037078851735563,0.02081784637079309,0.0062192324809424715,0.017017744039498073,-0.03765709751533708,0.05467484155483515
2019-08-28,KOSDAQ_PLUS_KOSPI_EX_K200,FLOW,0,W-,0.0471034952845025,0.0312257787196262,0.0158777165648763,-0.0010228513392702,-0.0163515703720215,0.0153287190327513,0.03979788189376898,0.02081784637079309,0.01898003552297589,0.008361260822121963,-0.03765709751533708,0.04601835833745904
2019-09-11,KOSDAQ_PLUS_KOSPI_EX_K200,REVISION,1,R+,0.0267336472977954,0.0247039741568978,0.0020296731408975983,0.0174306008284794,-0.0013086096182052,0.0187392104466846,0.02590908330320829,-0.010044589492631317,0.03595367279583961,0.034175454569773,-0.08181912073850528,0.11599457530827828
2019-09-11,KOSDAQ_PLUS_KOSPI_EX_K200,VALUE,1,R+,0.0198826445333726,0.0247039741568978,-0.004821329623525199,0.005765926107155,-0.0013086096182052,0.007074535725360201,-0.00994700399207249,-0.010044589492631317,9.758550055882775e-05,0.0002133736235987449,-0.08181912073850528,0.08203249436210402
2019-09-11,KOSDAQ_PLUS_KOSPI_EX_K200,FLOW,1,W+,0.0197125898939599,0.0247039741568978,-0.004991384262937902,-0.0109576255465444,-0.0013086096182052,-0.009649015928339201,0.01579039091738932,-0.010044589492631317,0.025834980410020636,-0.02753436157785971,-0.08181912073850528,0.05428475916064557
2019-10-07,KOSDAQ_PLUS_KOSPI_EX_K200,REVISION,0,N,0.0329303496061337,0.0203153533139564,0.012614996292177303,0.0040649121455102,-0.0169870422232446,0.021051954368754802,0.05265630476463401,0.08447296403210336,-0.03181665926746935,0.01231614401007386,0.02761437123392585,-0.01529822722385199
2019-10-07,KOSDAQ_PLUS_KOSPI_EX_K200,VALUE,0,W-,0.0237882678542155,0.0203153533139564,0.0034729145402590984,-0.0013596169678636,-0.0169870422232446,0.015627425255381,0.02317270998591492,0.08447296403210336,-0.06130025404618844,-0.005441606008395494,0.02761437123392585,-0.033055977242321344
2019-10-07,KOSDAQ_PLUS_KOSPI_EX_K200,FLOW,0,R-,0.0308757574102539,0.0203153533139564,0.0105604040962975,0.0094182415485657,-0.0169870422232446,0.0264052837718103,0.062095042265798206,0.08447296403210336,-0.022377921766305153,-0.013093606432894034,0.02761437123392585,-0.04070797766681988
2019-10-15,KOSDAQ_PLUS_KOSPI_EX_K200,REVISION,1,W+,0.0027750036536952,0.042754097364865,-0.0399790937111698,0.0091638019611987,0.0474367813022771,-0.0382729793410784,0.028637985261497967,0.05050349649603314,-0.021865511234535173,0.016768846148257355,0.024229391746653617,-0.007460545598396262
2019-10-15,KOSDAQ_PLUS_KOSPI_EX_K200,VALUE,0,N,0.0065016383886365,0.042754097364865,-0.036252458976228495,0.0188606037949857,0.0474367813022771,-0.028576177507291405,0.014157069576086423,0.05050349649603314,-0.03634642691994672,0.014983164483322042,0.024229391746653617,-0.009246227263331575
2019-10-15,KOSDAQ_PLUS_KOSPI_EX_K200,FLOW,1,R+,0.0093882795694324,0.042754097364865,-0.0333658177954326,-0.0019604951332933,0.0474367813022771,-0.0493972764355704,0.02328747765957817,0.05050349649603314,-0.02721601883645497,-0.028096583413988574,0.024229391746653617,-0.05232597516064219
2019-11-26,KOSDAQ_PLUS_KOSPI_EX_K200,REVISION,1,W+,-0.0252582771828867,-0.037417443201986,0.012159166019099298,-0.0047617496431439,-0.0059551743796951,0.0011934247365511996,0.012958569973624545,-0.052203632803368816,0.06516220277699336,-0.0023422447415751835,-0.035811930707332684,0.0334696859657575
2019-11-26,KOSDAQ_PLUS_KOSPI_EX_K200,VALUE,1,N,-0.0240833829223623,-0.037417443201986,0.013334060279623697,0.0042453060202456,-0.0059551743796951,0.0102004803999407,0.022665104261126112,-0.052203632803368816,0.07486873706449493,0.03944916474351756,-0.035811930707332684,0.07526109545085025
2019-11-26,KOSDAQ_PLUS_KOSPI_EX_K200,FLOW,0,R-,-0.0398287794916759,-0.037417443201986,-0.002411336289689904,-0.0093056212657425,-0.0059551743796951,-0.0033504468860473995,-0.031690395164616025,-0.052203632803368816,0.02051323763875279,0.012778298360584639,-0.035811930707332684,0.04859022906791732
2019-12-03,KOSDAQ_PLUS_KOSPI_EX_K200,REVISION,0,W-,0.0020136119932581,0.0004988620897307,0.0015147499035274002,-0.0009073286767411,0.0032035786077328,-0.0041109072844739,0.07679799687018463,0.04587865245819689,0.030919344411987737,-0.00027450981515719786,-0.0054209001651549515,0.005146390349997754
2019-12-03,KOSDAQ_PLUS_KOSPI_EX_K200,VALUE,0,N,-0.0008544284708303,0.0004988620897307,-0.001353290560561,0.0129094798532877,0.0032035786077328,0.0097059012455549,0.03623949812134719,0.04587865245819689,-0.009639154336849698,-0.016622966148436724,-0.0054209001651549515,-0.011202065983281773
2019-12-03,KOSDAQ_PLUS_KOSPI_EX_K200,FLOW,0,R-,-0.0012826936079543,0.0004988620897307,-0.001781555697685,0.006832590465228,0.0032035786077328,0.0036290118574951995,0.05995983754791445,0.04587865245819689,0.014081185089717563,0.05053600368946398,-0.0054209001651549515,0.05595690385461893
2019-12-17,KOSDAQ_PLUS_KOSPI_EX_K200,REVISION,0,R-,0.0067416722104142,-0.0349331198518461,0.041674792062260296,0.0113003761333741,-0.023644289291908,0.0349446654252821,0.08358028964262676,0.049871091179794824,0.033709198462831935,0.024428335426179837,0.023297234771023412,0.001131100655156425
2019-12-17,KOSDAQ_PLUS_KOSPI_EX_K200,VALUE,1,W+,0.0055502754494828,-0.0349331198518461,0.0404833953013289,0.0082456593673931,-0.023644289291908,0.0318899486593011,-0.007924780972699552,0.049871091179794824,-0.057795872152494376,-0.07788866605218492,0.023297234771023412,-0.10118590082320833
2019-12-17,KOSDAQ_PLUS_KOSPI_EX_K200,FLOW,0,R-,-0.0174542036017709,-0.0349331198518461,0.0174789162500752,0.0189682931396443,-0.023644289291908,0.042612582431552304,0.06907623931544182,0.049871091179794824,0.019205148135647,0.07408964647135408,0.023297234771023412,0.050792411700330664
2019-12-24,KOSDAQ_PLUS_KOSPI_EX_K200,REVISION,1,N,0.0361726192045444,0.0621949843101815,-0.026022365105637102,-0.0026990293570303,0.0253769356285553,-0.0280759649855856,0.010097365741043252,0.06049209539791778,-0.050394729656874526,-0.00562523168569018,0.07020372286435395,-0.07582895455004413
2019-12-24,KOSDAQ_PLUS_KOSPI_EX_K200,VALUE,1,W+,-0.0111295073283402,0.0621949843101815,-0.0733244916385217,-0.0499277850329298,0.0253769356285553,-0.07530472066148511,-0.056091095705909644,0.06049209539791778,-0.11658319110382742,-0.10191265181674236,0.07020372286435395,-0.1721163746810963
2019-12-24,KOSDAQ_PLUS_KOSPI_EX_K200,FLOW,0,W-,0.0510511574252181,0.0621949843101815,-0.011143826884963404,0.0276287665304575,0.0253769356285553,0.0022518309019021986,0.038962195615695805,0.06049209539791778,-0.021529899782221973,0.04116609808440619,0.07020372286435395,-0.029037624779947757
2020-06-15,KOSDAQ_PLUS_KOSPI_EX_K200,REVISION,0,W-,0.0919736985724157,0.09483407126384,-0.0028603726914242927,0.0214601704160994,0.0599457647304669,-0.0384855943143675,0.1967599901561401,0.1388258775628215,0.0579341125933186,0.04817297110374308,0.06076152600029516,-0.012588554896552084
2020-06-15,KOSDAQ_PLUS_KOSPI_EX_K200,VALUE,0,R-,0.057979272397635,0.09483407126384,-0.036854798866205,-0.0453855553258953,0.0599457647304669,-0.1053313200563622,0.07399436741518617,0.1388258775628215,-0.06483151014763533,-0.12161064174478242,0.06076152600029516,-0.18237216774507758
2020-06-15,KOSDAQ_PLUS_KOSPI_EX_K200,FLOW,1,N,0.049912378930995,0.09483407126384,-0.044921692332845,-0.0615588687446422,0.0599457647304669,-0.12150463347510909,0.12705906897084196,0.1388258775628215,-0.011766808591979538,-0.03360711904016911,0.06076152600029516,-0.09436864504046427
2020-09-29,KOSDAQ_PLUS_KOSPI_EX_K200,REVISION,0,N,0.0344418866427746,0.0558750044945047,-0.021433117851730098,0.0038622925205791,0.0262812289194127,-0.0224189363988336,-0.050262885037261285,-0.07821544308448714,0.02795255804722585,-0.025847718519663165,-0.04960282080357559,0.02375510228391242
2020-09-29,KOSDAQ_PLUS_KOSPI_EX_K200,VALUE,1,W+,0.0486366259321702,0.0558750044945047,-0.007238378562334502,0.0392154087738452,0.0262812289194127,0.012934179854432504,0.028800947589632253,-0.07821544308448714,0.10701639067411939,0.11121900610682456,-0.04960282080357559,0.16082182691040015
2020-09-29,KOSDAQ_PLUS_KOSPI_EX_K200,FLOW,0,W-,0.026712411254859,0.0558750044945047,-0.0291625932396457,-0.0120500655017211,0.0262812289194127,-0.038331294421133796,-0.06490295056732043,-0.07821544308448714,0.013312492517166707,-0.0070919372964162175,-0.04960282080357559,0.04251088350715937
2020-10-12,KOSDAQ_PLUS_KOSPI_EX_K200,REVISION,0,N,-0.0533975285299651,-0.0897788324429235,0.03638130391295841,-0.0125208479799381,-0.0473467912085676,0.0348259432286295,-0.0326719679631442,-0.06311931466697263,0.030447346703828426,-0.03125652661819189,-0.06106450719453915,0.02980798057634726
2020-10-12,KOSDAQ_PLUS_KOSPI_EX_K200,VALUE,1,W+,-0.0157346108122619,-0.0897788324429235,0.0740442216306616,0.0472667698511682,-0.0473467912085676,0.0946135610597358,0.029824911418166122,-0.06311931466697263,0.09294422608513875,0.03702405549829657,-0.06106450719453915,0.09808856269283572
2020-10-12,KOSDAQ_PLUS_KOSPI_EX_K200,FLOW,0,R-,-0.0646467862721305,-0.0897788324429235,0.02513204617079301,-0.0028191391672593,-0.0473467912085676,0.0445276520413083,-0.042034881287917436,-0.06311931466697263,0.02108443337905519,-0.010674845070622219,-0.06106450719453915,0.050389662123916934
2020-10-19,KOSDAQ_PLUS_KOSPI_EX_K200,REVISION,0,N,-0.0500302437180636,-0.0696181284225522,0.019587884704488606,-0.0151815328965361,-0.0249051528500251,0.009723619953488999,0.04029407676265606,-0.01611135087952964,0.0564054276421857,-0.0076226280838167515,-0.0675131416790955,0.05989051359527875
2020-10-19,KOSDAQ_PLUS_KOSPI_EX_K200,VALUE,0,W-,0.0024147134889613,-0.0696181284225522,0.0720328419115135,0.0779055793065936,-0.0249051528500251,0.1028107321566187,0.09754626342983586,-0.01611135087952964,0.1136576143093655,0.06571653375943387,-0.0675131416790955,0.13322967543852937
2020-10-19,KOSDAQ_PLUS_KOSPI_EX_K200,FLOW,0,R-,-0.0451889932761691,-0.0696181284225522,0.024429135146383105,0.0184919493532344,-0.0249051528500251,0.0433971022032595,0.029682290318424842,-0.01611135087952964,0.04579364119795448,0.0015435469853817274,-0.0675131416790955,0.06905668866447723
2020-10-26,KOSDAQ_PLUS_KOSPI_EX_K200,REVISION,0,R-,0.0209862643098231,0.0308815055952867,-0.0098952412854636,-0.0021423495162737,-0.0030874644153907,0.000945114899117,0.11176879407435147,0.09436192871073068,0.017406865363620794,-0.00021065694217903275,-0.046862302573319026,0.04665164563113999
2020-10-26,KOSDAQ_PLUS_KOSPI_EX_K200,VALUE,1,W+,-0.00563303692631,0.0308815055952867,-0.0365145425215967,-0.0527687005197959,-0.0030874644153907,-0.0496812361044052,0.09437842938141983,0.09436192871073068,1.6500670689145736e-05,-0.046760117071981466,-0.046862302573319026,0.00010218550133755944
2020-10-26,KOSDAQ_PLUS_KOSPI_EX_K200,FLOW,0,N,0.0197995480916808,0.0308815055952867,-0.0110819575036059,-0.0104390116625041,-0.0030874644153907,-0.0073515472471134,0.10306518984253588,0.09436192871073068,0.008703261131805196,-0.014129887010427722,-0.046862302573319026,0.032732415562891304
2020-11-02,KOSDAQ_PLUS_KOSPI_EX_K200,REVISION,0,R-,0.0536016953511457,0.0731671412970892,-0.019565445945943505,-0.0017114751549858,0.0139043891599001,-0.0156158643148859,0.09347546652155314,0.07782423145454387,0.015651235067009273,-0.016863518556745727,-0.033930396529666895,0.01706687797292117
2020-11-02,KOSDAQ_PLUS_KOSPI_EX_K200,VALUE,1,W+,0.0496803321775292,0.0731671412970892,-0.023486809119560005,-0.0301719356666839,0.0139043891599001,-0.044076324826583996,0.10987591864936652,0.07782423145454387,0.03205168719482265,0.0026823837613352275,-0.033930396529666895,0.03661278029100212
2020-11-02,KOSDAQ_PLUS_KOSPI_EX_K200,FLOW,0,N,0.051820960752308,0.0731671412970892,-0.021346180544781206,-0.0156150818751423,0.0139043891599001,-0.029519471035042398,0.09410916743886055,0.07782423145454387,0.016284935984316684,0.0025908648110350985,-0.033930396529666895,0.036521261340701994
2020-11-09,KOSDAQ_PLUS_KOSPI_EX_K200,REVISION,0,R-,0.0180051766365529,-0.0441085092599051,0.062113685896458,0.0115701345401112,-0.0538896393393587,0.0654597738794699,0.04656886587669984,0.05437477794616519,-0.007805912069465348,-0.027497625196706843,0.0004479699402997195,-0.027945595137006563
2020-11-09,KOSDAQ_PLUS_KOSPI_EX_K200,VALUE,1,W+,0.0489907441049097,-0.0441085092599051,0.09309925336481481,0.0762426444880662,-0.0538896393393587,0.1301322838274249,0.06870285578588753,0.05437477794616519,0.014328077839722342,0.04677617707992665,0.0004479699402997195,0.04632820713962693
2020-11-09,KOSDAQ_PLUS_KOSPI_EX_K200,FLOW,0,N,0.0053775660045484,-0.0441085092599051,0.049486075264453505,0.0094962726543148,-0.0538896393393587,0.0633859119936735,0.07454294656233951,0.05437477794616519,0.02016816861617432,0.04086122293322414,0.0004479699402997195,0.04041325299292442
2020-11-16,KOSDAQ_PLUS_KOSPI_EX_K200,REVISION,1,N,0.0152386271729534,0.0348472871672763,-0.019608659994322902,-0.0078260184879112,-0.0033107179025719,-0.0045153005853392995,0.04858154639858081,0.08940953718659816,-0.040827990788017354,-0.032313041782129015,0.007300153806572451,-0.039613195588701466
2020-11-16,KOSDAQ_PLUS_KOSPI_EX_K200,VALUE,1,W+,-0.0004785435570787,0.0348472871672763,-0.035325830724355,-0.035857514004174,-0.0033107179025719,-0.032546796101602105,0.037403111842458925,0.08940953718659816,-0.05200642534413924,-0.03693426028998059,0.007300153806572451,-0.04423441409655304
2020-11-16,KOSDAQ_PLUS_KOSPI_EX_K200,FLOW,1,N,0.0228580158155987,0.0348472871672763,-0.011989271351677603,0.0025532850869626,-0.0033107179025719,0.0058640029895345,0.07732703300549382,0.08940953718659816,-0.012082504181104348,0.02160061116398948,0.007300153806572451,0.014300457357417029
2021-02-22,KOSDAQ_PLUS_KOSPI_EX_K200,REVISION,1,N,-0.0160355182856865,-0.0301387697543962,0.0141032514687097,0.0121471735257204,0.0019035883488081,0.0102435851769123,0.0136002738672647,-0.0062161651617549385,0.01981643902901964,0.012484840340970749,-0.008175302958385533,0.02066014329935628
2021-02-22,KOSDAQ_PLUS_KOSPI_EX_K200,VALUE,1,W+,-0.0318308582767315,-0.0301387697543962,-0.0016920885223353013,0.01030035935983,0.0019035883488081,0.0083967710110219,0.014050590994587164,-0.0062161651617549385,0.020266756156342103,0.047477292170791996,-0.008175302958385533,0.05565259512917753
2021-02-22,KOSDAQ_PLUS_KOSPI_EX_K200,FLOW,0,N,-0.0305597870303221,-0.0301387697543962,-0.0004210172759258994,-0.0034287984032498,0.0019035883488081,-0.0053323867520579,-0.004554379046637358,-0.0062161651617549385,0.0016617861151175806,0.0009601170060906661,-0.008175302958385533,0.009135419964476199
2021-03-09,KOSDAQ_PLUS_KOSPI_EX_K200,REVISION,0,N,0.042593749700441,0.0328337885313344,0.009759961169106594,-0.0181319562910554,-0.0366184158165827,0.0184864595255273,0.1119866283447708,0.1350897114612013,-0.0231030831164305,0.03679674554175416,0.06911858672572468,-0.03232184118397052
2021-03-09,KOSDAQ_PLUS_KOSPI_EX_K200,VALUE,1,W+,0.0347983463015446,0.0328337885313344,0.0019645577702102,-0.0334061964038343,-0.0366184158165827,0.0032122194127484002,0.09430520633292772,0.1350897114612013,-0.040784505128273585,0.01003351448390477,0.06911858672572468,-0.059085072241819914
2021-03-09,KOSDAQ_PLUS_KOSPI_EX_K200,FLOW,0,N,0.0445665302455223,0.0328337885313344,0.011732741714187894,0.0006967997709474,-0.0366184158165827,0.0373152155875301,0.10194631741966664,0.1350897114612013,-0.03314339404153466,0.015387281996479318,0.06911858672572468,-0.053731304729245366
2021-03-16,KOSDAQ_PLUS_KOSPI_EX_K200,REVISION,0,N,0.0062160877372592,0.0266139146055902,-0.020397826868330998,0.0153179427058685,0.0335780591086654,-0.018260116402796903,0.09330956551526559,0.1404345063262764,-0.04712494081101082,0.08111665925357858,0.08707025242845345,-0.005953593174874872
2021-03-16,KOSDAQ_PLUS_KOSPI_EX_K200,VALUE,1,W+,0.0082589882631255,0.0266139146055902,-0.018354926342464696,0.0158258088321356,0.0335780591086654,-0.017752250276529803,0.06984534779268858,0.1404345063262764,-0.07058915853358783,-0.012116207762782105,0.08707025242845345,-0.09918646019123556
2021-03-16,KOSDAQ_PLUS_KOSPI_EX_K200,FLOW,0,N,0.010641022544449,0.0266139146055902,-0.0159728920611412,0.0086119537193294,0.0335780591086654,-0.024966105389336003,0.08563424572496059,0.1404345063262764,-0.05480026060131582,0.007601184757587198,0.08707025242845345,-0.07946906767086626
2021-06-03,KOSDAQ_PLUS_KOSPI_EX_K200,REVISION,1,N,-0.0010173844668458,-0.0186607375011278,0.017643353034281998,-0.0060627784335539,-0.0144668760581011,0.008404097624547201,0.030814945029312923,0.024134851996354678,0.006680093032958245,0.004964254031496695,-0.019803880931228424,0.02476813496272512
2021-06-03,KOSDAQ_PLUS_KOSPI_EX_K200,VALUE,1,W+,-0.0018476472964645,-0.0186607375011278,0.0168130902046633,-0.0032919746458993,-0.0144668760581011,0.011174901412201801,0.01808248063141238,0.024134851996354678,-0.0060523713649422994,-0.033438140912302905,-0.019803880931228424,-0.013634259981074481
2021-06-03,KOSDAQ_PLUS_KOSPI_EX_K200,FLOW,1,W+,0.0013992310439147,-0.0186607375011278,0.020059968545042498,0.002496157672608,-0.0144668760581011,0.0169630337307091,0.030430424542209122,0.024134851996354678,0.006295572545854444,-0.00651285861983919,-0.019803880931228424,0.013291022311389233
2021-06-10,KOSDAQ_PLUS_KOSPI_EX_K200,REVISION,1,N,0.0180516269516576,0.0110053422976729,0.007046284653984701,0.0064593882815315,-0.0001419503678578,0.0066013386493893,0.011772558845982717,0.044311523488407056,-0.03253896464242434,-0.0014795374044670462,0.008522205593605836,-0.010001742998072882
2021-06-10,KOSDAQ_PLUS_KOSPI_EX_K200,VALUE,1,N,0.0085122992540856,0.0110053422976729,-0.002493043043587299,-0.0180374247060886,-0.0001419503678578,-0.0178954743382308,-0.0007696381941098007,0.044311523488407056,-0.04508116168251686,-0.06345070269655129,0.008522205593605836,-0.07197290829015712
2021-06-10,KOSDAQ_PLUS_KOSPI_EX_K200,FLOW,1,W+,0.0060643833496889,0.0110053422976729,-0.004940958947984,-0.011423719465486,-0.0001419503678578,-0.0112817690976282,0.021040260809575884,0.044311523488407056,-0.023271262678831173,-0.0033563502496063435,0.008522205593605836,-0.01187855584321218
2021-12-10,KOSDAQ_PLUS_KOSPI_EX_K200,REVISION,1,R+,-0.0107804092366897,-0.0205237322358879,0.009743322999198199,0.0001449817685756,-0.0176333001549891,0.0177782819235647,-0.027436854198453098,-0.04931617166881486,0.02187931747036176,-0.041624003963560696,-0.07474924573926911,0.033125241775708414
2021-12-10,KOSDAQ_PLUS_KOSPI_EX_K200,VALUE,1,N,0.0006908528634335,-0.0205237322358879,0.0212145850993214,0.0283267253554476,-0.0176333001549891,0.045960025510436694,0.025329899766578512,-0.04931617166881486,0.07464607143539337,0.10035207543743896,-0.07474924573926911,0.17510132117670807
2021-12-10,KOSDAQ_PLUS_KOSPI_EX_K200,FLOW,1,N,-0.0013139621312969,-0.0205237322358879,0.019209770104591,0.0075203801941567,-0.0176333001549891,0.0251536803491458,-0.011728156902420794,-0.04931617166881486,0.03758801476639406,0.0024649647129291186,-0.07474924573926911,0.07721421045219823
2021-12-17,KOSDAQ_PLUS_KOSPI_EX_K200,REVISION,0,N,0.0269711348957356,0.0007049488674893,0.0262661860282463,0.014181685505913,-0.0042236161140324,0.0184053016199454,-0.02678543725128002,-0.05689872631007875,0.03011328905879873,-0.026166665097509534,-0.06259056886102077,0.036423903763511234
2021-12-17,KOSDAQ_PLUS_KOSPI_EX_K200,VALUE,1,W+,0.0035333990314922,0.0007049488674893,0.0028284501640029,-0.0163936462644182,-0.0042236161140324,-0.0121700301503858,-0.008902240013659468,-0.05689872631007875,0.04799648629641928,0.05018614584255077,-0.06259056886102077,0.11277671470357153
2021-12-17,KOSDAQ_PLUS_KOSPI_EX_K200,FLOW,0,N,0.0035998028427668,0.0007049488674893,0.0028948539752775,-0.0014019088389771,-0.0042236161140324,0.0028217072750553003,-0.027087075058841004,-0.05689872631007875,0.029811651251237747,0.0016913140539684957,-0.06259056886102077,0.06428188291498926
2021-12-24,KOSDAQ_PLUS_KOSPI_EX_K200,REVISION,1,N,0.0293047879788251,0.0398108910512159,-0.010506103072390801,0.0169997272189595,-0.0041670089834485,0.021166736202408,-0.09750639006987094,-0.10828774456144719,0.010781354491576245,-0.04629457422670935,-0.0653242210660383,0.01902964683932895
2021-12-24,KOSDAQ_PLUS_KOSPI_EX_K200,VALUE,1,W+,-0.0033889299431723,0.0398108910512159,-0.043199820994388204,-0.0215040806316079,-0.0041670089834485,-0.0173370716481594,-0.060570347525379264,-0.10828774456144719,0.04771739703606792,0.08224204393849677,-0.0653242210660383,0.14756626500453507
2021-12-24,KOSDAQ_PLUS_KOSPI_EX_K200,FLOW,1,N,0.0301249022651349,0.0398108910512159,-0.009685988786081002,-0.0005876469205058,-0.0041670089834485,0.0035793620629427005,-0.07257599165243733,-0.10828774456144719,0.03571175290900985,0.012015696828309386,-0.0653242210660383,0.07733991789434769
2022-01-10,KOSDAQ_PLUS_KOSPI_EX_K200,REVISION,0,R-,-0.0101178359028341,-0.0283359323583825,0.0182180964555484,0.0162759992004748,-0.0047240653077179,0.0210000645081927,-0.09855397564974977,-0.0975903764054522,-0.0009635992442975638,-0.06881157069130461,-0.0465917701190911,-0.02221980057221351
2022-01-10,KOSDAQ_PLUS_KOSPI_EX_K200,VALUE,1,W+,-0.0327186762645332,-0.0283359323583825,-0.0043827439061507045,-0.0185555110271351,-0.0047240653077179,-0.0138314457194172,-0.035469467371838426,-0.0975903764054522,0.06212090903361378,0.09676832428548376,-0.0465917701190911,0.14336009440457487
2022-01-10,KOSDAQ_PLUS_KOSPI_EX_K200,FLOW,0,N,-0.0168347292428115,-0.0283359323583825,0.011501203115570999,0.0067428280267582,-0.0047240653077179,0.0114668933344761,-0.04722639224012459,-0.0975903764054522,0.05036398416532761,0.05278395950827175,-0.0465917701190911,0.09937572962736285
2022-01-17,KOSDAQ_PLUS_KOSPI_EX_K200,REVISION,0,R-,-0.0476561671987651,-0.0538228588199956,0.0061666916212304995,-0.0067801732380227,-0.0071274767080174,0.0003473034699946996,-0.11664426938601424,-0.09882272763643929,-0.017821541749574954,-0.0987182247264784,-0.036284764241730216,-0.06243346048474818
2022-01-17,KOSDAQ_PLUS_KOSPI_EX_K200,VALUE,0,W-,-0.0487830057129552,-0.0538228588199956,0.005039853107040401,0.0136299692314582,-0.0071274767080174,0.0207574459394756,-0.02618240334804245,-0.09882272763643929,0.07264032428839684,0.11122773077457837,-0.036284764241730216,0.1475124950163086
2022-01-17,KOSDAQ_PLUS_KOSPI_EX_K200,FLOW,0,N,-0.0433238904853132,-0.0538228588199956,0.010498968334682397,0.0088905922401699,-0.0071274767080174,0.0160180689481873,-0.056201445957859475,-0.09882272763643929,0.042621281678579814,0.04562920640527679,-0.036284764241730216,0.081913970647007
2022-01-24,KOSDAQ_PLUS_KOSPI_EX_K200,REVISION,0,R-,-0.0424126144675781,-0.0087026343255214,-0.0337099801420567,-0.0395420956801603,-0.0009943725803852,-0.038547723099775104,-0.08390497932657659,-0.047055898895441706,-0.036849080431134884,-0.07812386059802934,0.00727566700630633,-0.08539952760433567
2022-01-24,KOSDAQ_PLUS_KOSPI_EX_K200,VALUE,0,W-,0.015873816055876,-0.0087026343255214,0.0245764503813974,0.076576401243167,-0.0009943725803852,0.07757077382355221,0.024520560492377497,-0.047055898895441706,0.0715764593878192,0.14029388456561187,0.00727566700630633,0.13301821755930554
2022-01-24,KOSDAQ_PLUS_KOSPI_EX_K200,FLOW,0,W-,-0.0030076339063958,-0.0087026343255214,0.005695000419125601,0.0274001439368902,-0.0009943725803852,0.028394516517275398,-0.03895355921910071,-0.047055898895441706,0.008102339676340997,0.03017348959459798,0.00727566700630633,0.02289782258829165
2022-02-03,KOSDAQ_PLUS_KOSPI_EX_K200,REVISION,0,R-,-0.0014172985513156,-0.0098267905842979,0.0084094920329823,-0.0394893463498846,-0.0342294311343337,-0.0052599152155509005,0.013214374900411663,-0.0028620905414254993,0.016076465441837162,-0.030461122239377247,-0.03967219857454718,0.009211076335169932
2022-02-03,KOSDAQ_PLUS_KOSPI_EX_K200,VALUE,0,W-,0.0319147260613573,-0.0098267905842979,0.0417415166456552,0.0240587203134427,-0.0342294311343337,0.0582881514477764,0.05852774387912052,-0.0028620905414254993,0.06138983442054602,0.04912779059472161,-0.03967219857454718,0.08879998916926879
2022-02-03,KOSDAQ_PLUS_KOSPI_EX_K200,FLOW,0,W-,0.0160297572180733,-0.0098267905842979,0.0258565478023712,0.0088742102282058,-0.0342294311343337,0.0431036413625395,0.02266831259759905,-0.0028620905414254993,0.02553040313902455,0.0024607676531591682,-0.03967219857454718,0.04213296622770635
2022-02-10,KOSDAQ_PLUS_KOSPI_EX_K200,REVISION,0,R-,-0.029982873441509,-0.0296628590428457,-0.0003200143986633007,-0.0163633826429004,0.006035559569603,-0.0223989422125034,-0.020426815339483095,-0.03216289036954256,0.011736075030059467,0.0022424374140821435,-0.00031633063158320596,0.0025587680456653494
2022-02-10,KOSDAQ_PLUS_KOSPI_EX_K200,VALUE,0,W-,-0.0234051260152986,-0.0296628590428457,0.006257733027547098,-0.0056164932798953,0.006035559569603,-0.011652052849498301,0.014221566798070295,-0.03216289036954256,0.04638445716761286,0.06513379090731175,-0.00031633063158320596,0.06545012153889496
2022-02-10,KOSDAQ_PLUS_KOSPI_EX_K200,FLOW,0,W-,-0.0260960700761326,-0.0296628590428457,0.0035667889667130998,-9.902808976769777e-05,0.006035559569603,-0.006134587659370698,-0.024176161763955872,-0.03216289036954256,0.00798672860558669,0.00331499702965532,-0.00031633063158320596,0.003631327661238526
2022-02-17,KOSDAQ_PLUS_KOSPI_EX_K200,REVISION,0,R-,-0.0123600119831025,0.0005289224867479,-0.0128889344698504,0.0159149830750223,0.0377508791425001,-0.0218358960674778,0.05265660094589397,0.012932071352146801,0.03972452959374717,0.011906032359448648,-0.04731412516185163,0.059220157521300276
2022-02-17,KOSDAQ_PLUS_KOSPI_EX_K200,VALUE,0,W-,0.0007432310602811,0.0005289224867479,0.00021430857353319996,0.0401432785711606,0.0377508791425001,0.0023923994286604994,0.05548362710817378,0.012932071352146801,0.04255155575602698,0.02539387469840526,-0.04731412516185163,0.07270799986025689
2022-02-17,KOSDAQ_PLUS_KOSPI_EX_K200,FLOW,0,W-,-0.0258406668546815,0.0005289224867479,-0.0263695893414294,-0.0060220815748905,0.0377508791425001,-0.043772960717390605,0.02589396411523648,0.012932071352146801,0.012961892763089677,-0.030362617183453233,-0.04731412516185163,0.016951507978398395
2022-03-04,KOSDAQ_PLUS_KOSPI_EX_K200,REVISION,1,R+,-0.0345726815204973,-0.0389229333836495,0.004350251863152202,-0.0070903181314562,0.0053494906828419,-0.012439808814298101,0.051251249833325296,0.007055724473200131,0.044195525360125165,0.02629981782133517,-0.04811176246090021,0.07441158028223538
2022-03-04,KOSDAQ_PLUS_KOSPI_EX_K200,VALUE,1,W+,-0.0112775254878276,-0.0389229333836495,0.0276454078958219,0.0396822547812086,0.0053494906828419,0.0343327640983667,0.043342148332776054,0.007055724473200131,0.03628642385957592,-0.006002081742818133,-0.04811176246090021,0.042109680718082076
2022-03-04,KOSDAQ_PLUS_KOSPI_EX_K200,FLOW,1,N,-0.0305106306342555,-0.0389229333836495,0.008412302749394002,0.009733904707406,0.0053494906828419,0.0043844140245640996,0.02183112182956104,0.007055724473200131,0.014775397356360909,-0.017901951732976706,-0.04811176246090021,0.030209810727923503
2022-06-09,KOSDAQ_PLUS_KOSPI_EX_K200,REVISION,1,W+,-0.0745204112909341,-0.0820897140109919,0.007569302720057791,0.0247423939598429,0.0231729441094368,0.0015694498504061002,-0.10500482388149224,-0.15912852433908575,0.054123700457593515,0.05592848046649057,-0.039298944370042,0.09522742483653257
2022-06-09,KOSDAQ_PLUS_KOSPI_EX_K200,VALUE,0,N,-0.0780752157112676,-0.0820897140109919,0.004014498299724292,0.0120522691075547,0.0231729441094368,-0.0111206750018821,-0.13572254994152344,-0.15912852433908575,0.023405974397562312,0.036913315170501004,-0.039298944370042,0.076212259540543
2022-06-09,KOSDAQ_PLUS_KOSPI_EX_K200,FLOW,1,N,-0.0858608235609918,-0.0820897140109919,-0.0037711095499999014,0.0037149536664838,0.0231729441094368,-0.019457990442953002,-0.12718474875379193,-0.15912852433908575,0.03194377558529382,0.03295976511143617,-0.039298944370042,0.07225870948147817
2022-07-14,KOSDAQ_PLUS_KOSPI_EX_K200,REVISION,0,W-,0.0363349743152445,0.0163668731741269,0.019968101141117602,-0.0005567104523936,-0.0449353612064581,0.044378650754064504,0.0923043970259767,0.04453217994926528,0.04777221707671142,0.007604338019818746,-0.06248039278702411,0.07008473080684285
2022-07-14,KOSDAQ_PLUS_KOSPI_EX_K200,VALUE,0,N,0.0335623253839055,0.0163668731741269,0.0171954522097786,-0.0090718957731546,-0.0449353612064581,0.0358634654333035,0.0825759917693436,0.04453217994926528,0.03804381182007832,-0.017440471585565276,-0.06248039278702411,0.04503992120145883
2022-07-14,KOSDAQ_PLUS_KOSPI_EX_K200,FLOW,0,W-,0.0424170151100629,0.0163668731741269,0.026050141935935998,-5.488151337866565e-05,-0.0449353612064581,0.044880479693079435,0.0768377967151821,0.04453217994926528,0.03230561676591681,-0.013089097889246726,-0.06248039278702411,0.04939129489777738
2022-07-28,KOSDAQ_PLUS_KOSPI_EX_K200,REVISION,1,N,0.0402791887089955,0.0245452031142578,0.015733985594737702,0.0035533245108997,-0.0079260867611329,0.0114794112720326,0.04408622610477009,0.03723165274881257,0.006854573355957516,0.03178446768063603,0.016556534200553807,0.015227933480082223
2022-07-28,KOSDAQ_PLUS_KOSPI_EX_K200,VALUE,1,R+,0.0109861492767307,0.0245452031142578,-0.0135590538375271,-0.0456256157410145,-0.0079260867611329,-0.0376995289798816,0.03205223637692134,0.03723165274881257,-0.005179416371891232,-0.009387334044930529,0.016556534200553807,-0.025943868245484336
2022-07-28,KOSDAQ_PLUS_KOSPI_EX_K200,FLOW,1,W+,0.0279205139420351,0.0245452031142578,0.003375310827777301,-0.0051885049678612,-0.0079260867611329,0.0027375817932717003,0.025044761235570645,0.03723165274881257,-0.012186891513241926,0.017874031271725377,0.016556534200553807,0.0013174970711715694
2022-10-27,KOSDAQ_PLUS_KOSPI_EX_K200,REVISION,0,N,0.0185726066845109,0.024110602809573,-0.0055379961250620995,0.0236156039776835,0.0096136022206716,0.0140020017570119,0.0807110632922523,0.05710513536436501,0.023605927927887294,-0.02169647733735791,-0.06364543969261371,0.0419489623552558
2022-10-27,KOSDAQ_PLUS_KOSPI_EX_K200,VALUE,0,N,0.0153163451911722,0.024110602809573,-0.0087942576184008,0.0139654810614983,0.0096136022206716,0.0043518788408267,0.09155048077762107,0.05710513536436501,0.03444534541325606,0.017726521879708246,-0.06364543969261371,0.08137196157232196
2022-10-27,KOSDAQ_PLUS_KOSPI_EX_K200,FLOW,0,N,-0.0059036269472414,0.024110602809573,-0.0300142297568144,-0.0261586739653946,0.0096136022206716,-0.0357722761860662,0.06525710413953778,0.05710513536436501,0.008151968775172769,-0.03197646550334443,-0.06364543969261371,0.03166897418926928
2022-11-03,KOSDAQ_PLUS_KOSPI_EX_K200,REVISION,1,W+,0.007681036941416,0.004728541254009,0.0029524956874070005,-0.0313083631756296,-0.0361377138162151,0.0048293506405854975,0.06869272242334623,0.03969970650434895,0.028993015918997278,-0.019089789557488857,-0.06828892636554362,0.049199136808054766
2022-11-03,KOSDAQ_PLUS_KOSPI_EX_K200,VALUE,0,R-,0.0254504721730637,0.004728541254009,0.0207219309190547,0.0080548721810397,-0.0361377138162151,0.0441925859972548,0.10273047466934626,0.03969970650434895,0.06303076816499731,0.010808113301902456,-0.06828892636554362,0.07909703966744608
2022-11-03,KOSDAQ_PLUS_KOSPI_EX_K200,FLOW,0,R-,0.0152228792699266,0.004728541254009,0.0104943380159176,-0.0087087982812861,-0.0361377138162151,0.027428915534928995,0.07979141920733057,0.03969970650434895,0.04009171270298162,0.0033189239371957946,-0.06828892636554362,0.07160785030273942
2022-12-08,KOSDAQ_PLUS_KOSPI_EX_K200,REVISION,1,W+,0.018515368361314,-0.0140231996697621,0.032538568031076104,0.0067441684222636,-0.0486783517318838,0.0554225201541474,-0.03146953631392069,-0.04745402772148355,0.015984491407562862,-0.002846889039792244,-0.02364379079515866,0.020796901755366415
2022-12-08,KOSDAQ_PLUS_KOSPI_EX_K200,VALUE,1,N,0.0093766385260497,-0.0140231996697621,0.0233998381958118,0.0156197830008992,-0.0486783517318838,0.064298134732783,-0.02906870998911193,-0.04745402772148355,0.01838531773237162,0.03215789665311841,-0.02364379079515866,0.05580168744827707
2022-12-08,KOSDAQ_PLUS_KOSPI_EX_K200,FLOW,1,W+,-0.0057398800546638,-0.0140231996697621,0.0082833196150983,-0.0149752453241898,-0.0486783517318838,0.033703106407694,-0.0400775094081357,-0.04745402772148355,0.007376518313347846,-0.015725592713967895,-0.02364379079515866,0.007918198081190764
2022-12-15,KOSDAQ_PLUS_KOSPI_EX_K200,REVISION,1,W+,-0.0129706421125729,0.0064076876342637,-0.0193783297468366,0.0045296831781235,0.0345030274822131,-0.0299733443040896,-0.0036202134111684714,-0.019380774285320923,0.01576056087415245,0.02153381771859708,-0.009687889738526745,0.031221707457123826
2022-12-15,KOSDAQ_PLUS_KOSPI_EX_K200,VALUE,1,W+,0.0056640126426747,0.0064076876342637,-0.0007436749915889999,0.0143707381471709,0.0345030274822131,-0.0201322893350422,-0.002350065127516454,-0.019380774285320923,0.01703070915780447,0.019922066701761665,-0.009687889738526745,0.02960995644028841
2022-12-15,KOSDAQ_PLUS_KOSPI_EX_K200,FLOW,0,N,0.0079570277492169,0.0064076876342637,0.0015493401149532003,0.0218039328568993,0.0345030274822131,-0.012699094625313802,0.0044939680212494615,-0.019380774285320923,0.023874742306570385,0.009923636035292116,-0.009687889738526745,0.01961152577381886
2022-12-22,KOSDAQ_PLUS_KOSPI_EX_K200,REVISION,0,W-,-0.0337992808372596,-0.0297295196792533,-0.004069761158006304,0.0137430167909992,0.0395574169838341,-0.025814400192834902,0.029888863582641312,-0.0009809343576110408,0.030869797940252353,0.03518844931579257,-0.011561083861342136,0.046749533177134706
2022-12-22,KOSDAQ_PLUS_KOSPI_EX_K200,VALUE,1,W+,-0.05264335391355,-0.0297295196792533,-0.022913834234296705,0.0013903472758962,0.0395574169838341,-0.0381670697079379,-0.003865552374193837,-0.0009809343576110408,-0.002884618016582796,-0.012512566977128992,-0.011561083861342136,-0.0009514831157868553
2022-12-22,KOSDAQ_PLUS_KOSPI_EX_K200,FLOW,0,W-,-0.0405687456088788,-0.0297295196792533,-0.010839225929625499,0.0098937927382837,0.0395574169838341,-0.029663624245550402,0.016579547279907514,-0.0009809343576110408,0.017560481637518555,0.00044654660775766963,-0.011561083861342136,0.012007630469099806
2023-04-26,KOSDAQ_PLUS_KOSPI_EX_K200,REVISION,1,W+,0.0234616120440325,-0.0037782892847985,0.027239901328831,0.0289013714181277,0.0023836443019062,0.026517727116221503,0.03658484306700882,-0.031034132134170167,0.06761897520117899,0.004755752763207166,-0.017447153470958376,0.022202906234165543
2023-04-26,KOSDAQ_PLUS_KOSPI_EX_K200,VALUE,1,W+,0.0047608200801879,-0.0037782892847985,0.0085391093649864,-0.0177619058473975,0.0023836443019062,-0.0201455501493037,0.012001120253955833,-0.031034132134170167,0.043035252388126,0.009037679955183897,-0.017447153470958376,0.026484833426142274
2023-04-26,KOSDAQ_PLUS_KOSPI_EX_K200,FLOW,0,R-,0.0056913387494637,-0.0037782892847985,0.0094696280342622,-0.0028652966922407,0.0023836443019062,-0.0052489409941469,0.01107441600891823,-0.031034132134170167,0.0421085481430884,0.0010981325834369393,-0.017447153470958376,0.018545286054395316
2023-05-04,KOSDAQ_PLUS_KOSPI_EX_K200,REVISION,1,W+,-0.0177671406311791,-0.0310490683870391,0.013281927755860002,-0.0008280731774797,-0.0118273420017896,0.010999268824309901,0.03980001054575477,0.007026995882844167,0.032773014662910604,-0.023956475615662165,-0.0026592524552224717,-0.021297223160439693
2023-05-04,KOSDAQ_PLUS_KOSPI_EX_K200,VALUE,0,W-,0.0086179404297249,-0.0310490683870391,0.039667008816764,0.044330610480895,-0.0118273420017896,0.0561579524826846,0.02676052610066426,0.007026995882844167,0.019733530217820094,0.011314856125238526,-0.0026592524552224717,0.013974108580460998
2023-05-04,KOSDAQ_PLUS_KOSPI_EX_K200,FLOW,0,N,-0.0064884947210686,-0.0310490683870391,0.024560573665970503,0.0205529354676042,-0.0118273420017896,0.0323802774693938,0.033915835018858864,0.007026995882844167,0.026888839136014697,-0.006345887868521527,-0.0026592524552224717,-0.0036866354132990553
2023-05-12,KOSDAQ_PLUS_KOSPI_EX_K200,REVISION,0,W-,0.0324980278487166,0.000717795264915,0.0317802325838016,-0.009592833948474,-0.0170851691066732,0.0074923351581991995,0.06973247197105348,0.08761649020287932,-0.017884018231825838,-0.03829272622594471,0.06491990150196014,-0.10321262772790485
2023-05-12,KOSDAQ_PLUS_KOSPI_EX_K200,VALUE,0,W-,0.000653738731985,0.000717795264915,-6.405653292999999e-05,-0.0226417557794099,-0.0170851691066732,-0.005556586672736702,0.01882215799791842,0.08761649020287932,-0.0687943322049609,-0.07893705772595117,0.06491990150196014,-0.1438569592279113
2023-05-12,KOSDAQ_PLUS_KOSPI_EX_K200,FLOW,0,N,0.0163227264611649,0.000717795264915,0.0156049311962499,-0.016117968893034,-0.0170851691066732,0.000967200213639198,0.048126098113400406,0.08761649020287932,-0.03949039208947891,-0.04550417151398023,0.06491990150196014,-0.11042407301594037
2023-05-19,KOSDAQ_PLUS_KOSPI_EX_K200,REVISION,0,W-,-0.0013125165751054,0.0030880803547207,-0.0044005969298260995,-0.013191781191441,0.0091906664271814,-0.0223824476186224,0.0489320946809908,0.10867798234227366,-0.05974588766128286,-0.023798087407114865,0.12555268397332608,-0.14935077138044095
2023-05-19,KOSDAQ_PLUS_KOSPI_EX_K200,VALUE,0,W-,-0.0020522796681243,0.0030880803547207,-0.005140360022845,0.0064653370924221,0.0091906664271814,-0.0027253293347592996,0.03432380234750987,0.10867798234227366,-0.07435417999476379,-0.04447847969287366,0.12555268397332608,-0.17003116366619975
2023-05-19,KOSDAQ_PLUS_KOSPI_EX_K200,FLOW,0,W-,-0.0043335499257675,0.0030880803547207,-0.0074216302804882,-0.0001283499814339,0.0091906664271814,-0.009319016408615299,0.043053171701901816,0.10867798234227366,-0.06562481064037184,-0.005584678123866427,0.12555268397332608,-0.1311373620971925
2023-08-23,KOSDAQ_PLUS_KOSPI_EX_K200,REVISION,0,N,0.0311580860522128,0.0500446452372282,-0.0188865591850154,-0.0111837034162094,-0.0077628597933374,-0.0034208436228720003,0.028818523003807606,-0.012442599864419535,0.04126112286822714,0.009614179212861451,-0.04515808877311189,0.054772267985973344
2023-08-23,KOSDAQ_PLUS_KOSPI_EX_K200,VALUE,0,W-,0.0216590409564585,0.0500446452372282,-0.0283856042807697,-0.0246392304523418,-0.0077628597933374,-0.0168763706590044,0.05570342206701007,-0.012442599864419535,0.0681460219314296,0.04938006051941035,-0.04515808877311189,0.09453814929252224
2023-08-23,KOSDAQ_PLUS_KOSPI_EX_K200,FLOW,0,W-,0.0469405021206118,0.0500446452372282,-0.0031041431166164007,0.0041518894122645,-0.0077628597933374,0.011914749205601899,0.014882293078202657,-0.012442599864419535,0.027324892942622192,-0.021429293176836506,-0.04515808877311189,0.023728795596275387
2023-09-13,KOSDAQ_PLUS_KOSPI_EX_K200,REVISION,1,N,0.0149172277137559,-0.0192870994209046,0.0342043271346605,0.0160982415357407,-0.0201054331313527,0.0362036746670934,-0.04424023834529478,-0.10048789797243662,0.056247659627141844,0.02732537919144762,-0.037287351907512756,0.06461273109896037
2023-09-13,KOSDAQ_PLUS_KOSPI_EX_K200,VALUE,1,N,0.0297766277239544,-0.0192870994209046,0.049063727144859,0.0429407940360167,-0.0201054331313527,0.0630462271673694,-0.01536666345795934,-0.10048789797243662,0.08512123451447728,0.08484156938464116,-0.037287351907512756,0.12212892129215391
2023-09-13,KOSDAQ_PLUS_KOSPI_EX_K200,FLOW,0,R-,0.0030993454863824,-0.0192870994209046,0.022386444907287,-0.0001653330766993,-0.0201054331313527,0.0199401000546534,-0.06900362930936232,-0.10048789797243662,0.0314842686630743,0.014044262198172452,-0.037287351907512756,0.05133161410568521
2023-09-20,KOSDAQ_PLUS_KOSPI_EX_K200,REVISION,1,N,-0.0283122653861149,-0.0427749798199268,0.014462714433811898,0.0113831042452047,-0.0041630566959854,0.0155461609411901,-0.06798636628057153,-0.12467861926578994,0.056692252985218405,0.03371571727985567,-0.02975989228431397,0.06347560956416964
2023-09-20,KOSDAQ_PLUS_KOSPI_EX_K200,VALUE,1,W+,-0.0275475584930356,-0.0427749798199268,0.015227421326891196,-0.0058534828465502,-0.0041630566959854,-0.0016904261505648003,-0.06703150603634433,-0.12467861926578994,0.0576471132294456,0.06641950354754345,-0.02975989228431397,0.09617939583185742
2023-09-20,KOSDAQ_PLUS_KOSPI_EX_K200,FLOW,1,R+,-0.0435286108776883,-0.0427749798199268,-0.0007536310577615016,0.0069832793946661,-0.0041630566959854,0.0111463360906515,-0.09975993885013557,-0.12467861926578994,0.02491868041565437,0.03164732931864389,-0.02975989228431397,0.06140722160295786
2023-09-27,KOSDAQ_PLUS_KOSPI_EX_K200,REVISION,0,W-,-0.0251610082106676,-0.0314065683751786,0.006245560164510999,0.0055731535813753,-0.0008085881181042,0.0063817416994795,-0.058325650168954635,-0.12527659800792101,0.06695094783896638,0.04765651959744166,-0.03076820703760419,0.07842472663504585
2023-09-27,KOSDAQ_PLUS_KOSPI_EX_K200,VALUE,1,W+,-0.0225621109896437,-0.0314065683751786,0.0088444573855349,0.0369837432944268,-0.0008085881181042,0.037792331412531,-0.05024431087542758,-0.12527659800792101,0.07503228713249344,0.12647629293660678,-0.03076820703760419,0.15724449997421097
2023-09-27,KOSDAQ_PLUS_KOSPI_EX_K200,FLOW,0,R-,-0.0325766497517053,-0.0314065683751786,-0.001170081376526702,-0.0069947562010605,-0.0008085881181042,-0.0061861680829563,-0.08961937509623619,-0.12527659800792101,0.03565722291168483,0.02206673580315832,-0.03076820703760419,0.05283494284076251
2023-10-11,KOSDAQ_PLUS_KOSPI_EX_K200,REVISION,0,W-,-0.0058349182537566,-0.0107420225329022,0.0049071042791456005,-0.0058705192167876,-0.0126289220084998,0.0067584027917122,0.03496183010886833,-0.059247998981283856,0.09420982909015219,0.036430689438029296,-0.08541960609910881,0.12185029553713811
2023-10-11,KOSDAQ_PLUS_KOSPI_EX_K200,VALUE,0,W-,0.005944369161202,-0.0107420225329022,0.0166863916941042,0.0089840940345617,-0.0126289220084998,0.0216130160430615,-0.016532085695093124,-0.059247998981283856,0.04271591328619073,-0.031090573436631463,-0.08541960609910881,0.05432903266247735
2023-10-11,KOSDAQ_PLUS_KOSPI_EX_K200,FLOW,0,N,0.0030336240997024,-0.0107420225329022,0.0137756466326046,0.0142731291227176,-0.0126289220084998,0.0269020511312174,-0.0032231142955507774,-0.059247998981283856,0.05602488468573308,0.004682389027274914,-0.08541960609910881,0.09010199512638373
2023-10-18,KOSDAQ_PLUS_KOSPI_EX_K200,REVISION,0,W-,-0.0102986845896479,-0.0456615666384428,0.0353628820487949,0.0224187427381548,-0.0124436279169822,0.034862370655137004,0.03299516540914982,-0.04453509057128202,0.07753025598043184,0.03449670832256735,-0.06376323448109111,0.09825994280365846
2023-10-18,KOSDAQ_PLUS_KOSPI_EX_K200,VALUE,0,W-,-0.0242569352154277,-0.0456615666384428,0.0214046314230151,0.0252302596002607,-0.0124436279169822,0.037673887517242904,-0.010362381031174817,-0.04453509057128202,0.034172709540107205,-0.03177720239307413,-0.06376323448109111,0.03198603208801698
2023-10-18,KOSDAQ_PLUS_KOSPI_EX_K200,FLOW,0,W-,-0.030038951225816,-0.0456615666384428,0.0156226154126268,0.0171910658570836,-0.0124436279169822,0.0296346937740658,-0.004148636817703166,-0.04453509057128202,0.040386453753578855,0.010203551215005602,-0.06376323448109111,0.07396678569609672
2023-11-01,KOSDAQ_PLUS_KOSPI_EX_K200,REVISION,0,W-,0.0714119453129329,0.0417078208945496,0.029704124418383306,-0.0052017456568853,-0.0571492993763289,0.051947553719443595,0.0963019321294396,0.05751098885214567,0.03879094327729393,0.0012498405864154183,-0.04869976435179857,0.04994960493821399
2023-11-01,KOSDAQ_PLUS_KOSPI_EX_K200,VALUE,0,W-,0.0121327127333715,0.0417078208945496,-0.0295751081611781,-0.1080652736581992,-0.0571492993763289,-0.05091597428187031,0.0531089996562597,0.05751098885214567,-0.004401989195885969,-0.11482607911855469,-0.04869976435179857,-0.06612631476675612
2023-11-01,KOSDAQ_PLUS_KOSPI_EX_K200,FLOW,0,W-,0.0592330370829195,0.0417078208945496,0.0175252161883699,-0.0238847956708472,-0.0571492993763289,0.0332645037054817,0.08307710269562119,0.05751098885214567,0.025566113843475513,-0.014488910145681544,-0.04869976435179857,0.034210854206117025
2023-11-08,KOSDAQ_PLUS_KOSPI_EX_K200,REVISION,1,W+,-0.0077240597806064,0.004729495997567,-0.012453555778173399,-0.007725566217761,0.0107510620065345,-0.0184766282242955,0.006496478995047905,0.004095593930561359,0.0024008850644865465,0.00988093842241633,-0.005519241789832652,0.015400180212248982
2023-11-08,KOSDAQ_PLUS_KOSPI_EX_K200,VALUE,0,N,0.0122550780066885,0.004729495997567,0.0075255820091215,0.0082690656980004,0.0107510620065345,-0.0024819963085341012,0.045297808598111944,0.004095593930561359,0.041202214667550585,0.02389107481658126,-0.005519241789832652,0.02941031660641391
2023-11-08,KOSDAQ_PLUS_KOSPI_EX_K200,FLOW,0,N,0.0021022921006419,0.004729495997567,-0.0026272038969250996,0.019846996555554,0.0107510620065345,0.0090959345490195,0.020980816373328937,0.004095593930561359,0.016885222442767578,-0.0006570583829923482,-0.005519241789832652,0.004862183406840304
2023-11-15,KOSDAQ_PLUS_KOSPI_EX_K200,REVISION,1,W+,0.0214382560646586,0.0003886753528102,0.0210495807118484,0.0063569006045833,-0.0111366178165064,0.0174935184210897,0.03429477619328636,-0.009777449877720668,0.044072226071007026,0.02035434301372252,-0.03315632441063199,0.05351066742435451
2023-11-15,KOSDAQ_PLUS_KOSPI_EX_K200,VALUE,0,N,0.028422937346884,0.0003886753528102,0.0280342619940738,0.0195655798301611,-0.0111366178165064,0.030702197646667498,0.023466472296603147,-0.009777449877720668,0.033243922174323814,-0.007511665663810341,-0.03315632441063199,0.025644658746821647
2023-11-15,KOSDAQ_PLUS_KOSPI_EX_K200,FLOW,0,W-,0.0125951757223755,0.0003886753528102,0.0122065003695653,-0.0127074724321779,-0.0111366178165064,-0.0015708546156715,0.03239631530542919,-0.009777449877720668,0.04217376518314986,-0.0071053193402766945,-0.03315632441063199,0.026051005070355293
2023-12-13,KOSDAQ_PLUS_KOSPI_EX_K200,REVISION,1,W+,0.0171559567300718,0.0133629456737485,0.003793011056323301,-0.0184853342237225,-0.0294632533445533,0.0109779191208308,-0.0019086871130719052,0.03317594524539391,-0.03508463235846582,-0.03890680148728931,-0.001453034760228289,-0.03745376672706102
2023-12-13,KOSDAQ_PLUS_KOSPI_EX_K200,VALUE,1,N,0.0388311778869916,0.0133629456737485,0.025468232213243097,-0.0049935375691483,-0.0294632533445533,0.024469715775405,0.015434571327984647,0.03317594524539391,-0.017741373917409264,0.0030278777732963835,-0.001453034760228289,0.0044809125335246724
2023-12-13,KOSDAQ_PLUS_KOSPI_EX_K200,FLOW,1,N,0.0280087969148239,0.0133629456737485,0.014645851241075399,-0.0114290144886431,-0.0294632533445533,0.0180342388559102,0.03404280859424258,0.03317594524539391,0.0008668633488486677,-0.011581374890161533,-0.001453034760228289,-0.010128340129933244
2024-02-21,KOSDAQ_PLUS_KOSPI_EX_K200,REVISION,0,R-,0.0011601833046214,-0.0085932299972084,0.0097534133018298,-0.00312756860854,0.0159409422550725,-0.0190685108636125,0.046284986224592206,0.035858718776666354,0.010426267447925852,-0.008245852304734957,0.026076756621592923,-0.03432260892632788
2024-02-21,KOSDAQ_PLUS_KOSPI_EX_K200,VALUE,1,W+,-0.010222048874621,-0.0085932299972084,-0.0016288188774125998,-0.0262446678685195,0.0159409422550725,-0.042185610123591996,-0.011024523326547908,0.035858718776666354,-0.04688324210321426,-0.08177416556674055,0.026076756621592923,-0.10785092218833348
2024-02-21,KOSDAQ_PLUS_KOSPI_EX_K200,FLOW,0,R-,-0.0112043325005685,-0.0085932299972084,-0.0026111025033601007,0.0006378135666255,0.0159409422550725,-0.015303128688447002,0.03263950137283911,0.035858718776666354,-0.003219217403827246,0.004501922216950449,0.026076756621592923,-0.021574834404642473
2024-07-18,KOSDAQ_PLUS_KOSPI_EX_K200,REVISION,0,R-,-0.0380804199929485,-0.0343410926109723,-0.0037393273819762013,0.0126885895089638,0.0253499563827391,-0.0126613668737753,-0.050721755204504615,-0.049180372013560514,-0.0015413831909441011,0.05174154161076272,0.016502466224193935,0.035239075386568786
2024-07-18,KOSDAQ_PLUS_KOSPI_EX_K200,VALUE,0,W-,-0.0345770373035838,-0.0343410926109723,-0.0002359446926115047,-0.0006748161832595,0.0253499563827391,-0.0260247725659986,-0.05016233223970579,-0.049180372013560514,-0.0009819602261452731,0.0013554797786898831,0.016502466224193935,-0.015146986445504051
2024-07-18,KOSDAQ_PLUS_KOSPI_EX_K200,FLOW,0,R-,-0.0383602639402135,-0.0343410926109723,-0.004019171329241206,0.0122611320817044,0.0253499563827391,-0.013088824301034701,-0.048452239251818074,-0.049180372013560514,0.0007281327617424393,0.03715233562845199,0.016502466224193935,0.02064986940425806
2024-07-25,KOSDAQ_PLUS_KOSPI_EX_K200,REVISION,0,R-,0.033594752833764,0.0205241746248699,0.0130705782088941,0.025119093218568,-0.0087868871708666,0.0339059803894346,-0.011581863155470273,-0.05828197249279621,0.046700109337325935,0.03608307222515683,-0.05095440689042363,0.08703747911558046
2024-07-25,KOSDAQ_PLUS_KOSPI_EX_K200,VALUE,0,W-,0.0314757620783841,0.0205241746248699,0.0109515874535142,0.0168350561097405,-0.0087868871708666,0.0256219432806071,0.0009286922469420311,-0.05828197249279621,0.05921066473973824,0.018487122212925255,-0.05095440689042363,0.06944152910334889
2024-07-25,KOSDAQ_PLUS_KOSPI_EX_K200,FLOW,0,N,0.0285146136921187,0.0205241746248699,0.007990439067248799,0.0167670578733544,-0.0087868871708666,0.025553945044221003,-0.011684163679767878,-0.05828197249279621,0.04659780881302833,0.05025429467554021,-0.05095440689042363,0.10120870156596384
2024-08-23,KOSDAQ_PLUS_KOSPI_EX_K200,REVISION,0,W-,-0.0128027388066947,-0.0181095687002759,0.005306829893581199,-0.0145811781361785,-0.0074866228399001,-0.007094555296278399,-0.015481463310743071,-0.052992301997364266,0.037510838686621195,-0.0022399182610092216,-0.05133847240067213,0.04909855413966291
2024-08-23,KOSDAQ_PLUS_KOSPI_EX_K200,VALUE,1,N,-0.0141884205694707,-0.0181095687002759,0.003921148130805199,0.0068050650461475,-0.0074866228399001,0.0142916878860476,-0.028796503492465875,-0.052992301997364266,0.02419579850489839,0.02135576649493931,-0.05133847240067213,0.07269423889561144
2024-08-23,KOSDAQ_PLUS_KOSPI_EX_K200,FLOW,0,W-,-0.0119361667694981,-0.0181095687002759,0.006173401930777799,-0.0047129068949762,-0.0074866228399001,0.0027737159449239,-0.027142609207884805,-0.052992301997364266,0.02584969278947946,-0.009131843564031294,-0.05133847240067213,0.042206628836640836
2024-08-30,KOSDAQ_PLUS_KOSPI_EX_K200,REVISION,0,N,-0.0812112233655998,-0.0785333008044077,-0.002677922561192106,-0.0117173029436044,0.0111816487934435,-0.022898951737047903,0.006681713971264269,-0.022684894471047157,0.029366608442311426,0.012965542065708435,-0.045944351584482956,0.05890989365019139
2024-08-30,KOSDAQ_PLUS_KOSPI_EX_K200,VALUE,0,N,-0.0354723746867664,-0.0785333008044077,0.04306092611764129,0.0722263164886686,0.0111816487934435,0.061044667695225104,-0.023578563871609837,-0.022684894471047157,-0.00089366940056268,-0.007280863326138309,-0.045944351584482956,0.03866348825834465
2024-08-30,KOSDAQ_PLUS_KOSPI_EX_K200,FLOW,0,W-,-0.0572553376778198,-0.0785333008044077,0.021277963126587897,0.04268241342078,0.0111816487934435,0.031500764627336496,-0.010547827768364382,-0.022684894471047157,0.012137066702682775,-0.007676132368461763,-0.045944351584482956,0.03826821921602119
2024-09-06,KOSDAQ_PLUS_KOSPI_EX_K200,REVISION,0,N,0.0500160507933499,0.0361147081103565,0.013901342682993402,0.0183477472803536,-0.026402330589121,0.0447500778694746,0.09842510091824441,0.09249857355547864,0.005926527362765777,0.011370259838179742,-0.030694164699921034,0.042064424538100775
2024-09-06,KOSDAQ_PLUS_KOSPI_EX_K200,VALUE,0,W-,0.0155435739687275,0.0361147081103565,-0.020571134141628998,-0.035033439289093,-0.026402330589121,-0.008631108699971999,0.023612142975637296,0.09249857355547864,-0.06888643057984134,-0.07443223825557888,-0.030694164699921034,-0.04373807355565784
2024-09-06,KOSDAQ_PLUS_KOSPI_EX_K200,FLOW,0,W-,0.0299366936107711,0.0361147081103565,-0.006178014499585396,-0.0280610060412972,-0.026402330589121,-0.001658675452176201,0.0662641620632054,0.09249857355547864,-0.026234411492273235,-0.04371296038706041,-0.030694164699921034,-0.013018795687139373
2024-09-13,KOSDAQ_PLUS_KOSPI_EX_K200,REVISION,0,N,0.0337328948984464,0.0101898437022202,0.0235430511962262,0.0060694760006204,-0.0291185250724846,0.035188001073105005,0.027094930125875827,0.039225858219061216,-0.012130928093185389,-0.004706573914014078,0.001448462483818247,-0.006155036397832325
2024-09-13,KOSDAQ_PLUS_KOSPI_EX_K200,VALUE,0,W-,0.0057802163565252,0.0101898437022202,-0.004409627345694999,-0.0195331210657941,-0.0291185250724846,0.009585404006690501,0.005033396437744475,0.039225858219061216,-0.03419246178131674,-0.025742774904338628,0.001448462483818247,-0.027191237388156875
2024-09-13,KOSDAQ_PLUS_KOSPI_EX_K200,FLOW,0,W-,0.0140504603449145,0.0101898437022202,0.0038606166426943013,-0.0176269385772803,-0.0291185250724846,0.0114915864952043,0.025841844946121073,0.039225858219061216,-0.013384013272940143,-0.020125932471599217,0.001448462483818247,-0.021574394955417464
2024-09-25,KOSDAQ_PLUS_KOSPI_EX_K200,REVISION,0,N,0.009420741094167,0.0133142027330049,-0.0038934616388379,0.0004362063786801,-0.001843158957019,0.0022793653356991,-0.02421386869832942,-0.004551609400254342,-0.01966225929807508,-0.01772538689931369,0.017144857495052124,-0.03487024439436581
2024-09-25,KOSDAQ_PLUS_KOSPI_EX_K200,VALUE,0,W-,-0.0088919967844382,0.0133142027330049,-0.022206199517443098,-0.0214235942472303,-0.001843158957019,-0.0195804352902113,-0.014762963268988072,-0.004551609400254342,-0.01021135386873373,0.00234555978427875,0.017144857495052124,-0.014799297710773374
2024-09-25,KOSDAQ_PLUS_KOSPI_EX_K200,FLOW,0,N,0.0049180027274355,0.0133142027330049,-0.0083962000055694,-0.0032507037200853,-0.001843158957019,-0.0014075447630663002,-0.018883824735614452,-0.004551609400254342,-0.01433221533536011,-0.018832115991927245,0.017144857495052124,-0.03597697348697937
2024-10-04,KOSDAQ_PLUS_KOSPI_EX_K200,REVISION,1,N,0.0025220888496238,0.0300680392177122,-0.0275459503680884,-0.013273713065091,0.0273449712830174,-0.0406186843481084,-0.02031168320593879,-0.026281772201038223,0.005970088995099432,-0.022988110651816718,-0.006869731883569874,-0.016118378768246844
2024-10-04,KOSDAQ_PLUS_KOSPI_EX_K200,VALUE,0,N,0.0111435011308588,0.0300680392177122,-0.0189245380868534,-0.0003032326333388,0.0273449712830174,-0.0276482039163562,-0.0009338532143221556,-0.026281772201038223,0.025347918986716067,0.023538990059588594,-0.006869731883569874,0.030408721943158468
2024-10-04,KOSDAQ_PLUS_KOSPI_EX_K200,FLOW,0,N,0.0159307095595453,0.0300680392177122,-0.0141373296581669,0.0048167850346107,0.0273449712830174,-0.0225281862484067,-0.015855079546714834,-0.026281772201038223,0.010426692654323388,-0.01560896124480493,-0.006869731883569874,-0.008739229361235057
2024-12-09,KOSDAQ_PLUS_KOSPI_EX_K200,REVISION,0,R-,0.1129482231469875,0.1153964061847586,-0.0024481830377710984,0.0082102861967012,-0.0248559914934697,0.0330662776901709,0.1630651235742946,0.12820134368200908,0.03486377989228551,0.03266905989540447,-0.0856536875466396,0.11832274744204407
2024-12-09,KOSDAQ_PLUS_KOSPI_EX_K200,VALUE,0,W-,0.071038384885341,0.1153964061847586,-0.0443580212994176,-0.0597290441770206,-0.0248559914934697,-0.0348730526835509,0.07832521260886427,0.12820134368200908,-0.049876131073144814,-0.09372794930062156,-0.0856536875466396,-0.00807426175398196
2024-12-09,KOSDAQ_PLUS_KOSPI_EX_K200,FLOW,0,W-,0.1099114345469265,0.1153964061847586,-0.005484971637832098,-0.0018957061672742,-0.0248559914934697,0.0229602853261955,0.1360057505440022,0.12820134368200908,0.0078044068619931295,-0.007198626196482705,-0.0856536875466396,0.0784550613501569
2024-12-16,KOSDAQ_PLUS_KOSPI_EX_K200,REVISION,0,R-,0.0002207258244362,-0.0192237187587783,0.019444444583214503,0.0005732979185602,-0.0158862733781034,0.0164595712966636,0.033773121187397726,0.008600935165420154,0.02517218602197757,-0.0019904207445162747,-0.06414900711957439,0.06215858637505811
2024-12-16,KOSDAQ_PLUS_KOSPI_EX_K200,VALUE,1,N,0.0185342771474346,-0.0192237187587783,0.0377579959062129,0.0334456558030394,-0.0158862733781034,0.04933192918114279,0.008368008973953067,0.008600935165420154,-0.0002329261914670866,-0.05234496640671249,-0.06414900711957439,0.011804040712861896
2024-12-16,KOSDAQ_PLUS_KOSPI_EX_K200,FLOW,1,N,-0.0133282582980057,-0.0192237187587783,0.005895460460772601,-0.0050076334072052,-0.0158862733781034,0.010878639970898198,0.028432017545245047,0.008600935165420154,0.019831082379824894,-0.025504502780047233,-0.06414900711957439,0.03864450433952715
2024-12-23,KOSDAQ_PLUS_KOSPI_EX_K200,REVISION,0,R-,-0.0106185697903509,0.0004258408118128,-0.0110444106021637,-0.001211079239984,0.0110393940717854,-0.0122504733117694,0.04137172895723751,0.03989449306756532,0.0014772358896721904,0.013708101883370238,-0.029098608764027922,0.04280671064739816
2024-12-23,KOSDAQ_PLUS_KOSPI_EX_K200,VALUE,1,W+,-0.0297349491559752,0.0004258408118128,-0.030160789967788003,-0.0496887220364061,0.0110393940717854,-0.060728116108191496,-0.004350458748956121,0.03989449306756532,-0.04424495181652144,-0.08771605467524535,-0.029098608764027922,-0.058617445911217425
2024-12-23,KOSDAQ_PLUS_KOSPI_EX_K200,FLOW,0,R-,0.0046172476160029,0.0004258408118128,0.0041914068041901,0.0130051382811751,0.0110393940717854,0.0019657442093897,0.05284096648097236,0.03989449306756532,0.012946473413407045,-0.021123758254968594,-0.029098608764027922,0.007974850509059328
2025-01-02,KOSDAQ_PLUS_KOSPI_EX_K200,REVISION,1,N,0.0560134951190433,0.0308667130102778,0.0251467821087655,0.0249139780753168,-0.0576145030990167,0.0825284811743335,0.08189179648705203,0.02944073703746386,0.05245105944958817,0.04611480643662014,-0.05247167196531033,0.09858647840193047
2025-01-02,KOSDAQ_PLUS_KOSPI_EX_K200,VALUE,1,R+,0.0187759557177499,0.0308667130102778,-0.012090757292527898,-0.0185864768383628,-0.0576145030990167,0.0390280262606539,0.023094111252888627,0.02944073703746386,-0.006346625784575233,-0.06624960860890272,-0.05247167196531033,-0.013777936643592392
2025-01-02,KOSDAQ_PLUS_KOSPI_EX_K200,FLOW,1,R+,0.032568528255187,0.0308667130102778,0.001701815244909203,-0.0131411313633603,-0.0576145030990167,0.0444733717356564,0.0600451249031968,0.02944073703746386,0.03060438786573294,-0.02698257834590745,-0.05247167196531033,0.02548909361940288
2025-03-06,KOSDAQ_PLUS_KOSPI_EX_K200,REVISION,1,W+,-0.0147693679545203,-0.0017874716305232,-0.0129818963239971,-0.0170386487814404,0.0025053064200945,-0.019543955201534898,-0.06813962529768436,-0.06242197734267951,-0.005717647955004845,-0.03518537093367757,0.004892551811103374,-0.04007792274478095
2025-03-06,KOSDAQ_PLUS_KOSPI_EX_K200,VALUE,1,W+,-0.0172448768789632,-0.0017874716305232,-0.01545740524844,-0.0062577438367331,0.0025053064200945,-0.0087630502568276,-0.04873237355532056,-0.06242197734267951,0.01368960378735895,0.053505153025146246,0.004892551811103374,0.04861260121404287
2025-03-06,KOSDAQ_PLUS_KOSPI_EX_K200,FLOW,1,R+,-0.0114540824698891,-0.0017874716305232,-0.0096666108393659,-0.0246556545137102,0.0025053064200945,-0.027160960933804698,-0.0723399251252752,-0.06242197734267951,-0.009917947782595693,-0.020956641564331524,0.004892551811103374,-0.025849193375434898
2025-03-20,KOSDAQ_PLUS_KOSPI_EX_K200,REVISION,0,R-,-0.0403169737460217,-0.0303898989392242,-0.009927074806797501,-0.0140318253919403,-0.0085779555447284,-0.0054538698472119,-0.013022991952567176,-0.014352179359862438,0.0013291874072952625,0.04083958951827915,0.028718445619194455,0.012121143899084696
2025-03-20,KOSDAQ_PLUS_KOSPI_EX_K200,VALUE,1,W+,-0.0090212764845556,-0.0303898989392242,0.021368622454668598,0.0286450165774851,-0.0085779555447284,0.037222972122213496,-0.03007954770135235,-0.014352179359862438,-0.01572736834148991,-0.0007319009334886273,0.028718445619194455,-0.029450346552683082
2025-03-20,KOSDAQ_PLUS_KOSPI_EX_K200,FLOW,0,N,-0.0266641206132373,-0.0303898989392242,0.0037257783259868997,0.0037451971981333,-0.0085779555447284,0.0123231527428617,-0.02313346852924769,-0.014352179359862438,-0.008781289169385254,0.05489676939612331,0.028718445619194455,0.026178323776928858
2025-07-24,KOSDAQ_PLUS_KOSPI_EX_K200,REVISION,1,N,0.0211285892232165,-0.0175975040152928,0.0387260932385093,0.02942936824407,-0.0340110146898298,0.0634403829338998,0.02362519105293659,-0.06584945799957609,0.08947464905251268,0.05798641624326151,-0.03936983793331772,0.09735625417657923
2025-07-24,KOSDAQ_PLUS_KOSPI_EX_K200,VALUE,1,W+,-0.0153618634666622,-0.0175975040152928,0.0022356405486306016,-0.0083987799499931,-0.0340110146898298,0.025612234739836696,-0.06243027282935176,-0.06584945799957609,0.003419185170224326,-0.05583313676643187,-0.03936983793331772,-0.01646329883311415
2025-07-24,KOSDAQ_PLUS_KOSPI_EX_K200,FLOW,0,R-,-0.0107896330411894,-0.0175975040152928,0.006807870974103401,-0.0081138221330815,-0.0340110146898298,0.025897192556748296,-0.05325279554079532,-0.06584945799957609,0.012596662458780772,-0.018543863295478746,-0.03936983793331772,0.020825974637838973
2025-07-31,KOSDAQ_PLUS_KOSPI_EX_K200,REVISION,1,W+,0.0214048393943278,-0.0008270876856855,0.0222319270800133,0.020514582786471,0.0010591250480845,0.0194554577383865,0.03699569350555576,-0.010058430022765852,0.04705412352832161,0.05735683940017555,0.018496876536432394,0.03885996286374316
2025-07-31,KOSDAQ_PLUS_KOSPI_EX_K200,VALUE,1,N,-0.0093929238227728,-0.0008270876856855,-0.0085658361370873,-0.0336788316586679,0.0010591250480845,-0.0347379567067524,-0.03323028343225365,-0.010058430022765852,-0.023171853409487797,-0.06940245498677822,0.018496876536432394,-0.08789933152321061
2025-07-31,KOSDAQ_PLUS_KOSPI_EX_K200,FLOW,0,R-,-0.004726840218882,-0.0008270876856855,-0.0038997525331965,-0.0063250763129305,0.0010591250480845,-0.007384201361015,-0.0027187132861096197,-0.010058430022765852,0.007339716736656232,0.005496876557339547,0.018496876536432394,-0.012999999979092847
2025-08-07,KOSDAQ_PLUS_KOSPI_EX_K200,REVISION,1,W+,-0.004849443243463,-0.0138438677572373,0.0089944245137743,-0.0124739111747511,-0.0071887622432628,-0.0052851489314883,0.019903743651935812,0.012616829213062397,0.007286914438873415,0.02212448851282489,0.030986696463338292,-0.008862207950513401
2025-08-07,KOSDAQ_PLUS_KOSPI_EX_K200,VALUE,0,R-,-0.0112181802948521,-0.0138438677572373,0.0026256874623851994,-0.007267092299602,-0.0071887622432628,-7.833005633919952e-05,-0.01957646162006943,0.012616829213062397,-0.03219329083313183,-0.05595935624259829,0.030986696463338292,-0.08694605270593658
2025-08-07,KOSDAQ_PLUS_KOSPI_EX_K200,FLOW,0,R-,-0.0039074920094315,-0.0138438677572373,0.0099363757478058,-0.0112361388612358,-0.0071887622432628,-0.004047376617972999,0.021166477608801193,0.012616829213062397,0.008549648395738796,0.0005396964748791699,0.030986696463338292,-0.030446999988459122
2025-08-14,KOSDAQ_PLUS_KOSPI_EX_K200,REVISION,1,W+,-0.0137799488448299,-0.0349694067362912,0.021189457891461302,0.0198017314181186,0.0005933934735143,0.019208337944604296,0.09065488438751834,0.0961319463687269,-0.005477061981208564,0.054016915650588304,0.07560344562072441,-0.021586529970136104
2025-08-14,KOSDAQ_PLUS_KOSPI_EX_K200,VALUE,0,R-,-0.0278684796480265,-0.0349694067362912,0.0071009270882647045,-0.0074376668927193,0.0005933934735143,-0.0080310603662336,0.031565533081536534,0.0961319463687269,-0.06456641328719037,-0.054663379233521825,0.07560344562072441,-0.13026682485424623
2025-08-14,KOSDAQ_PLUS_KOSPI_EX_K200,FLOW,0,R-,-0.0346086429174246,-0.0349694067362912,0.0003607638188666065,0.0070989464151425,0.0005933934735143,0.0065055529416282,0.10188874831878514,0.0961319463687269,0.005756801950058232,0.04645726592569077,0.07560344562072441,-0.029146179695033636
2025-08-22,KOSDAQ_PLUS_KOSPI_EX_K200,REVISION,1,W+,0.034466481281739,0.0410753144156644,-0.0066088331339254,0.0288167848669221,0.0241785061072352,0.004638278759686903,0.1256370233833859,0.16033606369653097,-0.03469904031314508,0.0389715024231545,0.09888960538860903,-0.05991810296545452
2025-08-22,KOSDAQ_PLUS_KOSPI_EX_K200,VALUE,0,R-,0.0153040404267118,0.0410753144156644,-0.0257712739889526,-0.0226498122902518,0.0241785061072352,-0.046828318397486995,0.05664504139894211,0.16033606369653097,-0.10369102229758886,-0.05704410033538321,0.09888960538860903,-0.15593370572399223
2025-08-22,KOSDAQ_PLUS_KOSPI_EX_K200,FLOW,0,R-,0.0420109855565057,0.0410753144156644,0.0009356711408413029,0.0161824012781578,0.0241785061072352,-0.007996104829077397,0.19028924533398595,0.16033606369653097,0.029953181637454973,0.07647229299486247,0.09888960538860903,-0.022417312393746558
2025-11-21,KOSDAQ_PLUS_KOSPI_EX_K200,REVISION,0,N,0.0388161366274722,0.074926328346263,-0.036110191718790804,-0.0061071797237612,0.0204421992286944,-0.026549378952455602,0.07768268372150455,0.11035244271602451,-0.03266975899451996,0.03562952232111871,0.04930513526526337,-0.013675612944144655
2025-11-21,KOSDAQ_PLUS_KOSPI_EX_K200,VALUE,0,N,0.0202178797199379,0.074926328346263,-0.05470844862632511,-0.0725723536999173,0.0204421992286944,-0.0930145529286117,0.07044321499806694,0.11035244271602451,-0.039909227717957574,-0.051591468499253335,0.04930513526526337,-0.1008966037645167
2025-11-21,KOSDAQ_PLUS_KOSPI_EX_K200,FLOW,0,W-,0.047481780595641,0.074926328346263,-0.027444547750622002,-0.0245478151347389,0.0204421992286944,-0.044990014363433306,0.06642237828331554,0.11035244271602451,-0.04393006443270897,-0.018767298168922975,0.04930513526526337,-0.06807243343418634
2025-11-28,KOSDAQ_PLUS_KOSPI_EX_K200,REVISION,0,N,0.052552195907331,0.0453085584014769,0.007243637505854099,0.0258652494753296,0.0338452569744735,-0.0079800074991439,0.03941154456765328,0.07236848098258108,-0.03295693641492781,0.03826453057068013,0.0665469574990254,-0.02828242692834526
2025-11-28,KOSDAQ_PLUS_KOSPI_EX_K200,VALUE,1,N,0.0308843331035362,0.0453085584014769,-0.014424225297940699,-0.0086184755933013,0.0338452569744735,-0.042463732567774796,0.02844009071893816,0.07236848098258108,-0.043928390263642925,-0.032035017651443676,0.0665469574990254,-0.09858197515046907
2025-11-28,KOSDAQ_PLUS_KOSPI_EX_K200,FLOW,1,W+,0.0221742586157168,0.0453085584014769,-0.0231342997857601,-0.0091635695971084,0.0338452569744735,-0.0430088265715819,0.03195529368767591,0.07236848098258108,-0.04041318729490517,-0.002285131640451077,0.0665469574990254,-0.06883208913947647
2026-04-07,KOSDAQ_PLUS_KOSPI_EX_K200,REVISION,0,R-,0.0884775773752668,0.1229974394389384,-0.034519862063671594,0.0104449813038536,0.0423532151210767,-0.031908233817223096,0.25674364160569674,0.26316116984627813,-0.006417528240581394,0.10558934682861376,0.15952027210949216,-0.053930925280878395
2026-04-07,KOSDAQ_PLUS_KOSPI_EX_K200,VALUE,0,W-,0.0554104404140359,0.1229974394389384,-0.0675869990249025,-0.0339945347418079,0.0423532151210767,-0.07634774986288459,0.09074065243186924,0.26316116984627813,-0.1724205174144089,-0.10108030667404633,0.15952027210949216,-0.2606005787835385
2026-04-07,KOSDAQ_PLUS_KOSPI_EX_K200,FLOW,0,N,0.0790497148244171,0.1229974394389384,-0.0439477246145213,-0.0396419976093539,0.0423532151210767,-0.08199521273043059,0.20196847729685108,0.26316116984627813,-0.06119269254942705,-0.0059318525937505084,0.15952027210949216,-0.16545212470324266
2026-06-15,KOSDAQ_PLUS_KOSPI_EX_K200,REVISION,0,R-,-0.0754696335384663,-0.0664500650116263,-0.009019568526839994,-0.0221062645622058,0.0076218932763775,-0.029728157838583298,-0.19896311774405562,-0.24904160359625926,0.05007848585220365,-0.03822590002781745,-0.05894348839219832,0.020717588364380868
2026-06-15,KOSDAQ_PLUS_KOSPI_EX_K200,VALUE,0,W-,-0.0711491134643276,-0.0664500650116263,-0.004699048452701304,0.0079255845176059,0.0076218932763775,0.00030369124122840013,-0.08699304339938296,-0.24904160359625926,0.1620485601968763,0.22719513356533816,-0.05894348839219832,0.2861386219575365
2026-06-15,KOSDAQ_PLUS_KOSPI_EX_K200,FLOW,0,N,-0.0727298646363878,-0.0664500650116263,-0.006279799624761495,0.0248576884250296,0.0076218932763775,0.017235795148652103,-0.1945664604580878,-0.24904160359625926,0.05447514313817148,0.04092393088585222,-0.05894348839219832,0.09986741927805054
2026-06-22,KOSDAQ_PLUS_KOSPI_EX_K200,REVISION,0,R-,-0.0365702804399691,-0.1110756572075328,0.0745053767675637,-0.0053259894491607,-0.0868968203546029,0.0815708309054422,-0.18551649282320892,-0.21818042244763036,0.03266392962442144,-0.03184038822137836,-0.03528627655003447,0.0034458883286561104
2026-06-22,KOSDAQ_PLUS_KOSPI_EX_K200,VALUE,0,W-,-0.0022994331566692,-0.1110756572075328,0.10877622405086361,0.0749564952533135,-0.0868968203546029,0.16185331560791638,-0.04510831386159175,-0.21818042244763036,0.1730721085860386,0.2616877339479784,-0.03528627655003447,0.29697401049801286
2026-06-22,KOSDAQ_PLUS_KOSPI_EX_K200,FLOW,0,W-,-0.0514217687634883,-0.1110756572075328,0.059653888444044505,-0.0041938041640731,-0.0868968203546029,0.0827030161905298,-0.16680460131011532,-0.21818042244763036,0.05137582113751504,0.03141007069460966,-0.03528627655003447,0.06669634724464413
2026-06-29,KOSDAQ_PLUS_KOSPI_EX_K200,REVISION,0,R-,-0.0669140005741991,-0.061393537808542,-0.005520462765657104,-0.0271958431660202,-0.0090750078885653,-0.018120835277454898,-0.23813478008653677,-0.19686451111968484,-0.04127026896685193,-0.10633356384604797,0.009153010764288538,-0.11548657461033651
2026-06-29,KOSDAQ_PLUS_KOSPI_EX_K200,VALUE,0,W-,0.0159614387565131,-0.061393537808542,0.0773549765650551,0.1006768246813739,-0.0090750078885653,0.1097518325699392,-0.05123030194918532,-0.19686451111968484,0.14563420917049952,0.33148266636909307,0.009153010764288538,0.32232965560480453
2026-06-29,KOSDAQ_PLUS_KOSPI_EX_K200,FLOW,0,W-,-0.0475834298723288,-0.061393537808542,0.0138101079362132,-0.0116342651785918,-0.0090750078885653,-0.0025592572900265,-0.15666245298031478,-0.19686451111968484,0.040202058139370056,0.05410318429963468,0.009153010764288538,0.04495017353534614
2026-07-06,KOSDAQ_PLUS_KOSPI_EX_K200,REVISION,0,R-,-0.0361940116401417,-0.0358824573651578,-0.0003115542749839023,0.0164247353741049,0.0321848301035631,-0.0157600947294582,-0.11168747263097978,-0.09493207927643421,-0.016755393354545567,-0.08234622730374419,-0.0644876083641237,-0.017858618939620485
2026-07-06,KOSDAQ_PLUS_KOSPI_EX_K200,VALUE,1,W+,-0.0302704199076875,-0.0358824573651578,0.005612037457470298,0.0290451846605872,0.0321848301035631,-0.003139645442975899,-0.03001796195879014,-0.09493207927643421,0.06491411731764407,0.10675599467180641,-0.0644876083641237,0.17124360303593011
2026-07-06,KOSDAQ_PLUS_KOSPI_EX_K200,FLOW,0,W-,-0.0385574441517977,-0.0358824573651578,-0.0026749867866399032,0.0319601449401896,0.0321848301035631,-0.00022468516337349753,-0.059340486986808494,-0.09493207927643421,0.03559159228962572,0.011503571038042004,-0.0644876083641237,0.07599117940216571
2026-07-13,KOSDAQ_PLUS_KOSPI_EX_K200,REVISION,0,R-,-0.0599499822700631,-0.0280851518647235,-0.031864830405339606,-0.0156137295758078,0.0329524916963541,-0.0485662212721619,,,,,,
2026-07-13,KOSDAQ_PLUS_KOSPI_EX_K200,VALUE,0,W-,-0.0285375343495997,-0.0280851518647235,-0.0004523824848761994,0.0362552066382544,0.0329524916963541,0.003302714941900299,,,,,,
2026-07-13,KOSDAQ_PLUS_KOSPI_EX_K200,FLOW,0,W-,-0.0407685150944664,-0.0280851518647235,-0.012683363229742898,0.0154906708416238,0.0329524916963541,-0.0174618208547303,,,,,,
2026-08-04,KOSDAQ_PLUS_KOSPI_EX_K200,REVISION,0,R-,,,,,,,,,,,,
2026-08-04,KOSDAQ_PLUS_KOSPI_EX_K200,VALUE,0,W-,,,,,,,,,,,,
2026-08-04,KOSDAQ_PLUS_KOSPI_EX_K200,FLOW,0,W-,,,,,,,,,,,,
2017-02-14,KOSPI_ALL,REVISION,1,W+,0.0101492770391585,0.0021930442147733,0.0079562328243852,0.0026777826921486,-0.0193564287015938,0.022034211393742398,-0.008397840034379489,-0.022109770691241204,0.013711930656861715,-0.004303793804491751,-0.030739612978329278,0.026435819173837527
2017-02-14,KOSPI_ALL,VALUE,1,N,0.017319398036116,0.0021930442147733,0.015126353821342699,0.0034557748124627,-0.0193564287015938,0.0228122035140565,0.0009312163207702007,-0.022109770691241204,0.023040987012011405,0.011062708538171817,-0.030739612978329278,0.041802321516501095
2017-02-14,KOSPI_ALL,FLOW,1,W+,0.008656032491898,0.0021930442147733,0.006462988277124701,0.0017440111636778,-0.0193564287015938,0.0211004398652716,-0.02248147751702123,-0.022109770691241204,-0.0003717068257800271,-0.018852611031227706,-0.030739612978329278,0.011887001947101572
2017-02-21,KOSPI_ALL,REVISION,1,W+,-0.0008287290122141,-0.0078341268428315,0.0070053978306173995,-0.0104578770934413,-0.0116762911183345,0.0012184140248931996,0.0074876994201811264,-0.026563727458259745,0.03405142687844087,0.009703769685754926,-0.014438357709688487,0.024142127395443413
2017-02-21,KOSPI_ALL,VALUE,1,N,-0.006063434025581,-0.0078341268428315,0.001770692817250499,-0.0191587832211744,-0.0116762911183345,-0.0074824921028399,-0.004022442608966559,-0.026563727458259745,0.022541284849293186,0.0016842177941667202,-0.014438357709688487,0.016122575503855208
2017-02-21,KOSPI_ALL,FLOW,1,N,0.0002130341037102,-0.0078341268428315,0.008047160946541699,0.006703358801581,-0.0116762911183345,0.0183796499199155,-0.019177116582710707,-0.026563727458259745,0.007386610875549038,-0.012867143499415867,-0.014438357709688487,0.00157121421027262
2017-03-08,KOSPI_ALL,REVISION,1,N,-0.0129198071875966,-0.0014349059897525,-0.0114849011978441,-0.0070309522641184,-0.0004880666288333,-0.0065428856352851,0.02904442188566203,-0.021210639831012568,0.0502550617166746,0.013978729366748599,-0.06958631228747536,0.08356504165422396
2017-03-08,KOSPI_ALL,VALUE,1,W+,-0.0074391773695561,-0.0014349059897525,-0.0060042713798036,-0.0098826589809526,-0.0004880666288333,-0.0093945923521193,0.019968297928391943,-0.021210639831012568,0.04117893775940451,-0.03336725088857828,-0.06958631228747536,0.03621906139889708
2017-03-08,KOSPI_ALL,FLOW,1,N,-0.0096665785424387,-0.0014349059897525,-0.0082316725526862,-0.0153921245354431,-0.0004880666288333,-0.0149040579066098,0.025343236015305637,-0.021210639831012568,0.046553875846318205,-0.008774456138332498,-0.06958631228747536,0.06081185614914286
2017-03-15,KOSPI_ALL,REVISION,0,N,0.0263319426718732,-0.002371603592675,0.0287035462645482,0.0167835637666647,-0.0028637282907088,0.0196472920573735,0.039577434663883304,-0.025532142582224693,0.065109577246108,0.028409009247369443,-0.06534598168692773,0.09375499093429718
2017-03-15,KOSPI_ALL,VALUE,1,N,0.0122846331708538,-0.002371603592675,0.014656236763528799,-0.0058521549693644,-0.0028637282907088,-0.0029884266786556002,0.016495179503566826,-0.025532142582224693,0.04202732208579152,-0.020353860663245293,-0.06534598168692773,0.04499212102368244
2017-03-15,KOSPI_ALL,FLOW,0,R-,0.0120656493055588,-0.002371603592675,0.014437252898233801,0.0078551279249514,-0.0028637282907088,0.0107188562156602,0.027494703766720585,-0.025532142582224693,0.05302684634894528,0.00924799781297203,-0.06534598168692773,0.07459397949989977
2017-03-29,KOSPI_ALL,REVISION,1,W+,-0.0012526196851632,-0.0239415618250522,0.022688942139889,-0.0045429434161232,-0.042333848346088,0.0377909049299648,0.021343907775255522,-0.015926841326111885,0.037270749101367406,-0.015443962260542565,-0.06281327068111942,0.04736930842057685
2017-03-29,KOSPI_ALL,VALUE,1,N,0.0015393171111228,-0.0239415618250522,0.025480878936175,-0.0083207389529066,-0.042333848346088,0.0340131093931814,0.025957205919013626,-0.015926841326111885,0.04188404724512551,-0.010889291156477077,-0.06281327068111942,0.05192397952464234
2017-03-29,KOSPI_ALL,FLOW,0,R-,0.0069152522022959,-0.0239415618250522,0.0308568140273481,0.0041051151892808,-0.042333848346088,0.0464389635353688,0.03162037495904002,-0.015926841326111885,0.047547216285151905,2.550616270102779e-05,-0.06281327068111942,0.06283877684382044
2017-04-05,KOSPI_ALL,REVISION,1,N,-0.0028163285982366,-0.0058437215905726,0.003027392992336,0.0071003316145592,0.0040671770145683,0.0030331545999909004,0.039312516163552136,0.03029489255663398,0.009017623606918157,-0.021339505697517636,-0.011428473688753882,-0.009911032008763754
2017-04-05,KOSPI_ALL,VALUE,1,R+,-0.0108189699453048,-0.0058437215905726,-0.004975248354732199,0.0034468949156998,0.0040671770145683,-0.0006202820988684995,0.02720922413911553,0.03029489255663398,-0.00308566841751845,-0.027199288529849097,-0.011428473688753882,-0.015770814841095215
2017-04-05,KOSPI_ALL,FLOW,1,N,-0.0075885715448067,-0.0058437215905726,-0.0017448499542341003,0.0025100070283983,0.0040671770145683,-0.0015571699861699996,0.042560197253902476,0.03029489255663398,0.012265304697268498,0.00033370655294784335,-0.011428473688753882,0.011762180241701725
2017-04-12,KOSPI_ALL,REVISION,1,W+,0.0040415858650883,0.0119957019953276,-0.007954116130239301,-0.0158656135105699,0.0002388072483184,-0.0161044207588883,0.054523207227801906,0.04942254198582785,0.005100665241974056,-0.03040431159334067,-0.014550827872968908,-0.015853483720371764
2017-04-12,KOSPI_ALL,VALUE,1,N,0.0028850027825803,0.0119957019953276,-0.0091106992127473,-0.0301127415873875,0.0002388072483184,-0.030351548835705903,0.04438005645656706,0.04942254198582785,-0.005042485529260787,-0.025277848961143046,-0.014550827872968908,-0.010727021088174138
2017-04-12,KOSPI_ALL,FLOW,1,N,0.0200158147081161,0.0119957019953276,0.0080201127127885,0.0036427109665872,0.0002388072483184,0.0034039037182688,0.05345727095959951,0.04942254198582785,0.004034728973771662,-0.001691409972735869,-0.014550827872968908,0.012859417900233039
2017-04-19,KOSPI_ALL,REVISION,1,N,0.0213850342273691,0.0021165586167565,0.0192684756106126,-0.0020914018743559,-0.0255814969850749,0.023490095110719,0.07351825945388679,0.05040232404937739,0.023115935404509402,-0.009426480064354759,-0.0008493898725706606,-0.008577090191784098
2017-04-19,KOSPI_ALL,VALUE,1,R+,0.0326052462771158,0.0021165586167565,0.0304886876603593,0.024844619930916,-0.0255814969850749,0.0504261169159909,0.06159828964953973,0.05040232404937739,0.011195965600162339,0.01821171320110393,-0.0008493898725706606,0.01906110307367459
2017-04-19,KOSPI_ALL,FLOW,1,N,0.0121114301191619,0.0021165586167565,0.009994871502405401,-0.0101621735519214,-0.0255814969850749,0.0154193234331535,0.041179477396954045,0.05040232404937739,-0.009222846652423344,-0.014892686762235652,-0.0008493898725706606,-0.014043296889664991
2017-04-26,KOSPI_ALL,REVISION,1,R+,0.0163184456720537,0.021903722121242,-0.005585276449188301,-0.0105037623962275,0.0101738102130126,-0.0206775726092401,0.08030988725115762,0.05952388251494245,0.02078600473621517,0.005288935322033783,0.003146041242277464,0.002142894079756319
2017-04-26,KOSPI_ALL,VALUE,1,N,0.0027615371666351,0.021903722121242,-0.0191421849546069,-0.0246730906141446,0.0101738102130126,-0.034846900827157204,0.05702955219364103,0.05952388251494245,-0.002494330321301419,0.004078609246362497,0.003146041242277464,0.0009325680040850326
2017-04-26,KOSPI_ALL,FLOW,1,N,0.0175930889264076,0.021903722121242,-0.0043106331948344,0.0044145728845526,0.0101738102130126,-0.005759237328460001,0.04521443116419466,0.05952388251494245,-0.014309451350747793,-0.013782311685775372,0.003146041242277464,-0.016928352928052837
2017-10-13,KOSPI_ALL,REVISION,0,N,0.0123443199717899,0.0033869357886282,0.0089573841831617,-0.0165079773495801,-0.0168417340014822,0.0003337566519020993,0.03379691059544765,0.03310285762164478,0.0006940529738028722,-0.01727113050640916,-0.02230045544425041,0.005029324937841251
2017-10-13,KOSPI_ALL,VALUE,0,R-,0.0151468110483793,0.0033869357886282,0.0117598752597511,-0.0146256128922579,-0.0168417340014822,0.002216121109224301,0.020467948210443065,0.03310285762164478,-0.012634909411201711,-0.06015454629729555,-0.02230045544425041,-0.03785409085304514
2017-10-13,KOSPI_ALL,FLOW,0,R-,0.0120363116302061,0.0033869357886282,0.0086493758415779,-0.00998718634936,-0.0168417340014822,0.006854547652122201,0.048144654660217556,0.03310285762164478,0.01504179703857278,0.004377957829937662,-0.02230045544425041,0.026678413274188073
2017-10-20,KOSPI_ALL,REVISION,1,R+,0.0059921427708096,0.0024277035075844,0.0035644392632252,-0.0150194385566503,-0.0195107759269715,0.0044913373703212005,0.032462879841639536,0.04829113274901076,-0.01582825290737122,0.01935312663832689,0.019062654613468455,0.0002904720248584347
2017-10-20,KOSPI_ALL,VALUE,1,R+,0.0091133176080448,0.0024277035075844,0.0066856141004604,-0.0079832295018156,-0.0195107759269715,0.011527546425155901,-0.01119649086662522,0.04829113274901076,-0.059487623615635976,-0.0769294732503123,0.019062654613468455,-0.09599212786378075
2017-10-20,KOSPI_ALL,FLOW,0,R-,0.0121384423051561,0.0024277035075844,0.0097107387975717,-0.0042502742664716,-0.0195107759269715,0.0152605016604999,0.04645467960993854,0.04829113274901076,-0.0018364531390722139,0.013607491402586547,0.019062654613468455,-0.005455163210881908
2017-10-27,KOSPI_ALL,REVISION,1,R+,0.0132897682376072,0.0133821778202451,-9.240958263789963e-05,0.0169348183861968,0.004127584380953,0.0128072340052438,0.048958458245406344,0.07877305403157364,-0.029814595786167297,0.04641597807203679,0.07037300825711257,-0.02395703018507578
2017-10-27,KOSPI_ALL,VALUE,1,R+,0.0005330226665713,0.0133821778202451,-0.0128491551536738,-0.0173783655729641,0.004127584380953,-0.0215059499539171,-0.015328544208152661,0.07877305403157364,-0.0941015982397263,-0.07410297993300885,0.07037300825711257,-0.14447598819012142
2017-10-27,KOSPI_ALL,FLOW,1,R+,0.0058729355787124,0.0133821778202451,-0.007509242241532699,0.0009296985529538,0.004127584380953,-0.0031978858279992,0.05992126931440156,0.07877305403157364,-0.018851784717172082,0.02219249268799306,0.07037300825711257,-0.04818051556911951
2017-12-22,KOSPI_ALL,REVISION,0,N,0.0258396458530819,0.0413191772673013,-0.015479531414219396,-0.0032222048559656,0.00115280315464,-0.004375008010605599,0.07768065038068439,0.08120362610795073,-0.003522975727266342,-0.011941949437523136,-0.031411981851790394,0.019470032414267258
2017-12-22,KOSPI_ALL,VALUE,1,W+,0.0111548560176429,0.0413191772673013,-0.0301643212496584,-0.0238822226363265,0.00115280315464,-0.0250350257909665,0.07924389865183223,0.08120362610795073,-0.0019597274561184985,-0.008073170066085544,-0.031411981851790394,0.02333881178570485
2017-12-22,KOSPI_ALL,FLOW,0,R-,0.025592555715286,0.0413191772673013,-0.015726621552015298,-0.0037834972967766,0.00115280315464,-0.0049363004514166,0.08432771536592654,0.08120362610795073,0.003124089257975804,-0.006764438175485998,-0.031411981851790394,0.024647543676304395
2018-02-07,KOSPI_ALL,REVISION,0,R-,-0.0053202264646687,-0.0037752180522961,-0.0015450084123726,0.0221345544597824,0.013733482982775,0.0084010714770074,0.0213891215898947,0.022040488959733207,-0.000651367369838507,0.0208624902300234,0.017267871792944645,0.003594618437078756
2018-02-07,KOSPI_ALL,VALUE,1,W+,-0.023801428651826,-0.0037752180522961,-0.0200262105995299,-0.0201663358594319,0.013733482982775,-0.0338998188422069,-0.003728789206031591,0.022040488959733207,-0.025769278165764797,-0.052963862339193146,0.017267871792944645,-0.07023173413213779
2018-02-07,KOSPI_ALL,FLOW,0,W-,-0.0123621156434938,-0.0037752180522961,-0.0085868975911977,0.0057982853201488,0.013733482982775,-0.0079351976626262,-0.00018436574299973696,0.022040488959733207,-0.022224854702732944,-0.01868079738481654,0.017267871792944645,-0.03594866917776118
2018-02-14,KOSPI_ALL,REVISION,0,N,0.0219549834537247,0.0352529135601802,-0.013297930106455497,-0.0015722773280658,0.0063846395861218,-0.0079569169141876,0.017116324399601757,0.03345738105723961,-0.016341056657637854,0.003258189605243489,0.01805267187852677,-0.014794482273283283
2018-02-14,KOSPI_ALL,VALUE,0,W-,0.0209949135757211,0.0352529135601802,-0.014257999984459098,-0.0213852610925755,0.0063846395861218,-0.0277699006786973,-0.000672934194337782,0.03345738105723961,-0.03413031525157739,-0.06154386019886349,0.01805267187852677,-0.07959653207739026
2018-02-14,KOSPI_ALL,FLOW,0,W-,0.0254126276712563,0.0352529135601802,-0.009840285888923897,-0.0090443087486379,0.0063846395861218,-0.0154289483347597,0.018387071578644054,0.03345738105723961,-0.015070309478595556,-0.0050815359700443485,0.01805267187852677,-0.02313420784857112
2018-02-23,KOSPI_ALL,REVISION,0,W-,-0.0305491490970283,-0.045640920134495,0.0150917710374667,0.0157160485063138,-0.007927493096993,0.023643541603306797,-0.015985492495412812,0.000840589102392153,-0.016826081597804965,0.016221204896408326,0.04146518898811058,-0.025243984091702254
2018-02-23,KOSPI_ALL,VALUE,0,N,-0.0390633749368382,-0.045640920134495,0.006577545197656798,0.0040889095951345,-0.007927493096993,0.0120164026921275,-0.046966004836251685,0.000840589102392153,-0.04780659393864384,-0.05904447910681221,0.04146518898811058,-0.10050966809492279
2018-02-23,KOSPI_ALL,FLOW,0,N,-0.0438163176159339,-0.045640920134495,0.0018246025185610984,0.0014450920377774,-0.007927493096993,0.009372585134770399,-0.030212011059723598,0.000840589102392153,-0.03105260016211575,-0.001249912770959205,0.04146518898811058,-0.042715101759069785
2018-03-05,KOSPI_ALL,REVISION,0,W-,0.0364548289006622,0.0383708526769238,-0.0019160237762615995,-0.0151496793337249,0.0050880823185551,-0.02023776165228,0.026977591028362502,0.07384826616523377,-0.046870675136871265,-0.004372038796295885,0.05199061225577606,-0.056362651052071944
2018-03-05,KOSPI_ALL,VALUE,0,N,0.0402101522691748,0.0383708526769238,0.0018392995922510008,-0.0163733826787876,0.0050880823185551,-0.0214614649973427,-0.0064151435037841376,0.07384826616523377,-0.0802634096690179,-0.08887609970150956,0.05199061225577606,-0.14086671195728562
2018-03-05,KOSPI_ALL,FLOW,0,W-,0.032481297948651,0.0383708526769238,-0.005889554728272801,-0.0168539749619901,0.0050880823185551,-0.0219420572805452,0.031723849243854296,0.07384826616523377,-0.04212441692137947,-0.016501038188044936,0.05199061225577606,-0.068491650443821
2018-07-02,KOSPI_ALL,REVISION,0,W-,0.0025497125922275,-0.00581817918374,0.008367891775967501,0.0092019957694812,-0.015387877884494,0.0245898736539752,-0.004431430479546861,-0.055394801315382214,0.05096337083583535,-0.007805208532594365,-0.08690882107339859,0.07910361254080422
2018-07-02,KOSPI_ALL,VALUE,0,R-,0.0075781467354654,-0.00581817918374,0.0133963259192054,0.0067099150144824,-0.015387877884494,0.0220977928989764,0.03025710270357118,-0.055394801315382214,0.0856519040189534,0.06733122747893772,-0.08690882107339859,0.1542400485523363
2018-07-02,KOSPI_ALL,FLOW,0,W-,0.0055162712429348,-0.00581817918374,0.0113344504266748,0.0094676462275406,-0.015387877884494,0.0248555241120346,-0.001198106344519112,-0.055394801315382214,0.0541966949708631,0.012946861530351406,-0.08690882107339859,0.09985568260375
2018-07-16,KOSPI_ALL,REVISION,0,W-,-0.0340908093742111,-0.0623199962993573,0.0282291869251462,-0.0045752517345525,-0.0295798087559161,0.0250045570213636,-0.020050922706342234,-0.0911517318803099,0.07110080917396766,-0.004751378652707361,-0.09036510274903786,0.0856137240963305
2018-07-16,KOSPI_ALL,VALUE,0,R-,-0.0133216339947796,-0.0623199962993573,0.0489983623045777,0.0417867624879543,-0.0295798087559161,0.0713665712438704,0.010787703409483651,-0.0911517318803099,0.10193943528979355,0.07478698456763166,-0.09036510274903786,0.16515208731666953
2018-07-16,KOSPI_ALL,FLOW,0,W-,-0.0318582850764415,-0.0623199962993573,0.0304617112229158,0.0177808338493862,-0.0295798087559161,0.0473606426053023,-0.022256330138622493,-0.0911517318803099,0.0688954017416874,0.012680137982415962,-0.09036510274903786,0.10304524073145382
2018-07-23,KOSPI_ALL,REVISION,0,N,0.0335826376559542,0.007553582166402,0.0260290554895522,0.0084667457687202,-0.0349553188679473,0.04342206463666751,0.04138474884064469,0.00553774206177482,0.03584700677886987,0.00896083621370658,-0.050601542756556483,0.059562378970263063
2018-07-23,KOSPI_ALL,VALUE,0,W-,0.0279877397768404,0.007553582166402,0.0204341576104384,0.0193398018276017,-0.0349553188679473,0.054295120695549,0.04386195424427397,0.00553774206177482,0.03832421218249915,0.026239809653266777,-0.050601542756556483,0.07684135240982326
2018-07-23,KOSPI_ALL,FLOW,0,W-,0.0199244975700686,0.007553582166402,0.0123709154036666,-0.0104586822574784,-0.0349553188679473,0.024496636610468903,0.04268857699374884,0.00553774206177482,0.03715083493197402,-0.0025883786066239756,-0.050601542756556483,0.04801316414993251
2018-07-30,KOSPI_ALL,REVISION,0,N,0.005102254392505,-0.0076999048472716,0.0128021592397766,-0.0026946051334374,-0.0269322582331201,0.0242376530996827,0.02327525371011996,0.019589905036763167,0.003685348673356792,0.018121786169487786,0.001379253365953348,0.016742532803534438
2018-07-30,KOSPI_ALL,VALUE,1,W+,0.0206153539819827,-0.0076999048472716,0.0283152588292543,0.0144829727225283,-0.0269322582331201,0.0414152309556484,0.013683407782188794,0.019589905036763167,-0.005906497254574372,-0.012351417539532172,0.001379253365953348,-0.01373067090548552
2018-07-30,KOSPI_ALL,FLOW,0,W-,0.0105285044102108,-0.0076999048472716,0.0182284092574824,-0.0037008116753699,-0.0269322582331201,0.0232314465577502,0.032642120867818036,0.019589905036763167,0.01305221583105487,0.006829669041283015,0.001379253365953348,0.005450415675329667
2018-08-06,KOSPI_ALL,REVISION,0,R-,-0.0234111590342606,-0.0305497099577729,0.007138550923512302,-0.0058923853010168,-0.0018017775086918,-0.004090607792325,0.022772709251441592,0.04129577808577345,-0.018523068834331857,0.03736007729862845,0.04548872199427678,-0.008128644695648335
2018-08-06,KOSPI_ALL,VALUE,1,W+,-0.0235852949183203,-0.0305497099577729,0.006964415039452599,-0.0023462958033591,-0.0018017775086918,-0.0005445182946673002,-0.01654534277298647,0.04129577808577345,-0.05784112085875992,-0.05394243726350889,0.04548872199427678,-0.09943115925778567
2018-08-06,KOSPI_ALL,FLOW,1,N,-0.0201276835122449,-0.0305497099577729,0.010422026445528,0.0092396741072341,-0.0018017775086918,0.0110414516159259,0.021913538505023533,0.04129577808577345,-0.019382239580749916,0.008504560190116583,0.04548872199427678,-0.0369841618041602
2018-08-13,KOSPI_ALL,REVISION,0,N,0.0264646635115697,0.0374367942058399,-0.010972130694270204,0.0091393897517969,0.0128409048832214,-0.0037015151314245005,0.061938450811240386,0.08765473137491542,-0.02571628056367503,0.05904591590766306,0.0618249844322456,-0.0027790685245825397
2018-08-13,KOSPI_ALL,VALUE,1,W+,0.0189637288568275,0.0374367942058399,-0.018473065349012403,-0.0052698216614326,0.0128409048832214,-0.018110726544654,0.012344311052929324,0.08765473137491542,-0.0753104203219861,-0.048879667728554455,0.0618249844322456,-0.11070465216080005
2018-08-13,KOSPI_ALL,FLOW,0,W-,0.0324488290525608,0.0374367942058399,-0.004987965153279102,0.0024354123655629,0.0128409048832214,-0.010405492517658502,0.05472480055454265,0.08765473137491542,-0.032929930820372766,0.012932516255289128,0.0618249844322456,-0.04889246817695647
2018-10-16,KOSPI_ALL,REVISION,0,N,-0.0162054364924772,-0.0199133108496979,0.0037078743572206974,0.001068656170787,0.0036492885737984,-0.0025806324030113997,-0.04243121296309926,-0.06235183813216816,0.019920625169068895,-0.023219804581227188,-0.02476495148408575,0.001545146902858563
2018-10-16,KOSPI_ALL,VALUE,0,W-,-0.0218730065544747,-0.0199133108496979,-0.0019596957047768003,0.0040391448490752,0.0036492885737984,0.0003898562752767997,-0.042532387337919864,-0.06235183813216816,0.019819450794248294,0.018775182017570113,-0.02476495148408575,0.043540133501655864
2018-10-16,KOSPI_ALL,FLOW,0,N,-0.0195082956836221,-0.0199133108496979,0.00040501516607580057,0.0018046471480551,0.0036492885737984,-0.0018446414257433,-0.027136069161682652,-0.06235183813216816,0.035215768970485506,0.03309672862632196,-0.02476495148408575,0.05786168011040771
2018-10-23,KOSPI_ALL,REVISION,0,N,-0.0684899072641173,-0.0670392411987832,-0.0014506660653341025,-0.0156277470976082,0.0018121858435583,-0.0174399329411665,-0.003167964511804122,-0.020380989684982698,0.017213025173178575,-0.03252787624924991,-0.058367192528278156,0.025839316279028246
2018-10-23,KOSPI_ALL,VALUE,0,W-,-0.0538680248173113,-0.0670392411987832,0.013171216381471895,0.0275169387057189,0.0018121858435583,0.0257047528621606,-0.001614743846503175,-0.020380989684982698,0.018766245838479523,-0.01904789742212365,-0.058367192528278156,0.039319295106154506
2018-10-23,KOSPI_ALL,FLOW,0,W-,-0.0654655447750396,-0.0670392411987832,0.0015736964237435952,0.0100572505429207,0.0018121858435583,0.0082450646993624,0.027672776846570546,-0.020380989684982698,0.048053766531553244,0.04103456467923272,-0.058367192528278156,0.09940175720751088
2018-11-06,KOSPI_ALL,REVISION,0,N,-0.0020858284004101,0.0051092833779319,-0.007195111778342001,0.0046116306196616,0.0231673536236667,-0.018555723004005098,0.051878686446604316,0.03258848447258411,0.019290201974020205,-0.028182860745897154,-0.05893285513608326,0.03074999439018611
2018-11-06,KOSPI_ALL,VALUE,0,N,-0.0024661873834153,0.0051092833779319,-0.0075754707613472,0.0166975862780435,0.0231673536236667,-0.0064697673456232015,0.04244293284560907,0.03258848447258411,0.00985444837302496,-0.029690160195592896,-0.05893285513608326,0.029242694940490366
2018-11-06,KOSPI_ALL,FLOW,0,W-,-0.0016217585299361,0.0051092833779319,-0.0067310419078680005,0.0067218543550071,0.0231673536236667,-0.0164454992686596,0.04468586465215374,0.03258848447258411,0.012097380179569628,-0.013305395103366147,-0.05893285513608326,0.045627460032717115
2018-11-13,KOSPI_ALL,REVISION,0,R-,0.0241331489908245,0.0239571637785341,0.00017598521229040057,-0.0084708685246885,-0.0309319801878304,0.022461111663141898,0.02036485324487325,-0.004271450179370584,0.024636303424243833,-0.022485627561849242,-0.061012458844586503,0.03852683128273726
2018-11-13,KOSPI_ALL,VALUE,0,W-,0.0199275212940433,0.0239571637785341,-0.004029642484490798,-0.0332368440113737,-0.0309319801878304,-0.0023048638235433037,0.0065492087917653485,-0.004271450179370584,0.010820658971135932,-0.05295209572282589,-0.061012458844586503,0.008060363121760616
2018-11-13,KOSPI_ALL,FLOW,0,W-,0.0357302809875663,0.0239571637785341,0.011773117209032204,0.009502049361959,-0.0309319801878304,0.0404340295497894,0.008135575109257553,-0.004271450179370584,0.012407025288628137,-0.0038827506080888474,-0.061012458844586503,0.057129708236497656
2018-11-20,KOSPI_ALL,REVISION,0,R-,0.0151261781740007,-0.007284693756822,0.0224108719308227,-0.0138172042718944,-0.0364454241594567,0.0226282198875623,0.011415757313427699,-0.01415270282528891,0.02556846013871661,-0.009005761388271138,-0.021764418232617544,0.012758656844346405
2018-11-20,KOSPI_ALL,VALUE,0,N,0.0106185716913151,-0.007284693756822,0.0179032654481371,-0.0094435963207418,-0.0364454241594567,0.027001827838714902,0.023543441974065438,-0.01415270282528891,0.03769614479935435,0.009106781884143045,-0.021764418232617544,0.03087120011676059
2018-11-20,KOSPI_ALL,FLOW,1,W+,0.0076311621583952,-0.007284693756822,0.0149158559152172,-0.0111180254361416,-0.0364454241594567,0.025327398723315103,-0.013776065451515773,-0.01415270282528891,0.00037663737377313655,-0.01291659956586999,-0.021764418232617544,0.008847818666747553
2018-12-11,KOSPI_ALL,REVISION,1,R+,0.0151510032732935,0.0137957805022219,0.0013552227710716003,0.0052022603584746,0.009573371939151,-0.004371111580676401,0.010889040705725606,-0.034031633113037585,0.04492067381876319,-0.0045501199285437055,-0.09373922125979939,0.08918910133125568
2018-12-11,KOSPI_ALL,VALUE,1,R+,0.0371476293369697,0.0137957805022219,0.023351848834747797,0.0301139496511884,0.009573371939151,0.0205405777120374,0.043300206258236607,-0.034031633113037585,0.07733183937127419,0.018220653652092134,-0.09373922125979939,0.11195987491189152
2018-12-11,KOSPI_ALL,FLOW,1,N,0.0132188745902187,0.0137957805022219,-0.0005769059120031995,0.0003468128252225,0.009573371939151,-0.0092265591139285,0.01828098529975719,-0.034031633113037585,0.052312618412794776,-0.008725962248211538,-0.09373922125979939,0.08501325901158785
2018-12-18,KOSPI_ALL,REVISION,1,N,-0.0229237964509114,-0.0264764530157134,0.003552656564801998,-0.0078910561109308,-0.0134841386580054,0.0055930825470746,-0.004010920013671093,-0.018289015211009785,0.014278095197338692,-0.03293806193598092,-0.09206983973593352,0.0591317777999526
2018-12-18,KOSPI_ALL,VALUE,1,N,-0.0086193585217274,-0.0264764530157134,0.017857094493986002,0.0006537296213277,-0.0134841386580054,0.0141378682793331,0.036559789578761936,-0.018289015211009785,0.05484880478977172,0.02141737090430551,-0.09206983973593352,0.11348721064023903
2018-12-18,KOSPI_ALL,FLOW,0,R-,-0.0303642776074344,-0.0264764530157134,-0.003887824591721,-0.0185479729012582,-0.0134841386580054,-0.0050638342432527995,0.015089189350058652,-0.018289015211009785,0.033378204561068436,-0.021368036663147794,-0.09206983973593352,0.07070180307278573
2019-01-11,KOSPI_ALL,REVISION,1,N,0.0001882235180905,0.0303178532224378,-0.0301296297043473,-0.0234637971137034,0.0114330608649424,-0.0348968579786458,0.03108182141386151,0.040271261721431806,-0.009189440307570296,-0.030473906645735016,-0.046736472387273076,0.01626256574153806
2019-01-11,KOSPI_ALL,VALUE,1,N,0.0304469624168196,0.0303178532224378,0.0001291091943818011,0.033348006063995,0.0114330608649424,0.021914945199052602,0.05538368764067125,0.040271261721431806,0.015112425919239447,0.030927666851292335,-0.046736472387273076,0.07766413923856541
2019-01-11,KOSPI_ALL,FLOW,1,N,0.0100429457977124,0.0303178532224378,-0.0202749074247254,-0.012410969954162,0.0114330608649424,-0.0238440308191044,0.04371924497643942,0.040271261721431806,0.003447983255007614,-0.028149327952749048,-0.046736472387273076,0.018587144434524028
2019-01-18,KOSPI_ALL,REVISION,0,R-,0.0146569040187292,0.0012523229984509,0.0134045810202783,-0.012477469550003,-0.0337108881251919,0.0212334185751889,0.05194143263286577,0.012726127447028723,0.039215305185837046,-0.019243049586679106,-0.07914503225390856,0.05990198266722946
2019-01-18,KOSPI_ALL,VALUE,1,W+,0.0187649152960216,0.0012523229984509,0.0175125922975707,0.0123993740301473,-0.0337108881251919,0.0461102621553392,0.03714643428738351,0.012726127447028723,0.02442030684035479,-0.0221111890005099,-0.07914503225390856,0.057033843253398664
2019-01-18,KOSPI_ALL,FLOW,1,R+,0.0218254010494753,0.0012523229984509,0.0205730780510244,-0.0172792835217015,-0.0337108881251919,0.0164316046034904,0.045334527536063485,0.012726127447028723,0.03260840008903476,-0.025789656189390553,-0.07914503225390856,0.05335537606451801
2019-03-07,KOSPI_ALL,REVISION,1,W+,0.0164696996788746,0.0239724532190261,-0.007502753540151501,0.0142394191126665,0.0095542076347708,0.0046852114778957,0.013446820591037856,0.015811649866978472,-0.0023648292759406164,0.018873983782220494,-0.017795086084176237,0.03666906986639673
2019-03-07,KOSPI_ALL,VALUE,0,R-,0.0104125948244168,0.0239724532190261,-0.013559858394609301,0.0036663370185303,0.0095542076347708,-0.0058878706162405,0.016307254114861447,0.015811649866978472,0.0004956042478829747,0.01874324216019807,-0.017795086084176237,0.03653832824437431
2019-03-07,KOSPI_ALL,FLOW,0,N,0.0141165367035619,0.0239724532190261,-0.0098559165154642,0.0048465669745537,0.0095542076347708,-0.0047076406602171005,0.009802015807577336,0.015811649866978472,-0.006009634059401137,-0.009796454225352247,-0.017795086084176237,0.00799863185882399
2019-03-14,KOSPI_ALL,REVISION,1,W+,-0.0067488740523703,-0.007356657861703,0.0006077838093326996,-0.0027080012605635,-0.0022435133491708,-0.0004644879113927,0.02224082844689268,0.010619916772760307,0.011620911674132373,0.014968463404537946,-0.036219003118985627,0.05118746652352357
2019-03-14,KOSPI_ALL,VALUE,1,N,-0.0064003909235916,-0.007356657861703,0.0009562669381114001,0.0019919765234715,-0.0022435133491708,0.0042354898726423,0.009650853094648637,0.010619916772760307,-0.0009690636781116702,0.008633978721312774,-0.036219003118985627,0.0448529818402984
2019-03-14,KOSPI_ALL,FLOW,1,W+,-0.0075674512705682,-0.007356657861703,-0.0002107934088652003,-0.002951172077007,-0.0022435133491708,-0.0007076587278362001,0.005416208102653863,0.010619916772760307,-0.005203708670106444,-0.020429518285250525,-0.036219003118985627,0.0157894848337351
2019-03-21,KOSPI_ALL,REVISION,1,W+,-0.0197638662964105,-0.0061196017371936,-0.013644264559216898,0.0185911378688477,0.027709218043122,-0.0091180801742743,0.021107814286172255,0.01046369858798779,0.010644115698184464,-0.005217115591643617,-0.03761382623513765,0.03239671064349403
2019-03-21,KOSPI_ALL,VALUE,0,N,-0.0358760583768862,-0.0061196017371936,-0.029756456639692598,-0.014232842920508,0.027709218043122,-0.04194206096363,0.01966581380327348,0.01046369858798779,0.009202115215285689,0.0176866859176652,-0.03761382623513765,0.05530051215280285
2019-03-21,KOSPI_ALL,FLOW,0,W-,-0.0266432415988017,-0.0061196017371936,-0.0205236398616081,0.0029858136680956,0.027709218043122,-0.0247234043750264,0.004919157515338446,0.01046369858798779,-0.005544541072649345,-0.022521301187874987,-0.03761382623513765,0.015092525047262662
2019-04-25,KOSPI_ALL,REVISION,1,R+,0.0086804558879655,0.0106128586282834,-0.0019324027403179005,0.011957090456948,-0.0004172375268914,0.0123743279838394,-0.07145781233766979,-0.05120816290114294,-0.02024964943652685,0.02031815145932292,0.0415019765401492,-0.02118382508082628
2019-04-25,KOSPI_ALL,VALUE,1,W+,-0.0011992485708101,0.0106128586282834,-0.011812107199093501,-0.0022837740984129,-0.0004172375268914,-0.0018665365715214999,-0.06464739708783351,-0.05120816290114294,-0.013439234186690574,0.02345018805768495,0.0415019765401492,-0.01805178848246425
2019-04-25,KOSPI_ALL,FLOW,1,R+,0.0052653628468358,0.0106128586282834,-0.0053474957814476,-0.0006111108570409,-0.0004172375268914,-0.00019387333014950003,-0.08942925150431846,-0.05120816290114294,-0.038221088603175524,-0.024303481085761525,0.0415019765401492,-0.06580545762591072
2019-05-03,KOSPI_ALL,REVISION,1,N,-0.0606211110196063,-0.0584909822697095,-0.0021301287498967994,0.006402500586141,0.0113594315812969,-0.0049569309951558995,-0.08235905030022217,-0.06485570043259103,-0.017503349867631135,0.0072697986706846685,0.03430256543086574,-0.02703276676018107
2019-05-03,KOSPI_ALL,VALUE,0,N,-0.0457403563961102,-0.0584909822697095,0.012750625873599299,0.0218205005064404,0.0113594315812969,0.0104610689251435,-0.06230831593496111,-0.06485570043259103,0.002547384497629923,0.02765501923388647,0.03430256543086574,-0.00664754619697927
2019-05-03,KOSPI_ALL,FLOW,0,R-,-0.0629919777884411,-0.0584909822697095,-0.004500995518731593,-0.0108602533964506,0.0113594315812969,-0.022219684977747498,-0.09338144689828809,-0.06485570043259103,-0.028525746465697055,-0.025437951624660227,0.03430256543086574,-0.059740517055525966
2019-06-18,KOSPI_ALL,REVISION,0,N,-0.0037323237597813,-0.0018498359411447,-0.0018824878186366,-0.0026083749353044,-0.0036102200415736,0.0010018451062692,-0.04675489117460063,-0.040519035611322085,-0.006235855563278547,-0.028537059874869763,0.0040899238982263775,-0.03262698377309614
2019-06-18,KOSPI_ALL,VALUE,1,N,0.002248053808459,-0.0018498359411447,0.0040978897496037,0.0150777840595469,-0.0036102200415736,0.018688004101120502,-0.036047825085009255,-0.040519035611322085,0.00447121052631283,0.009225863819352309,0.0040899238982263775,0.0051359399211259316
2019-06-18,KOSPI_ALL,FLOW,1,N,-0.0038580594549911,-0.0018498359411447,-0.0020082235138464003,-0.003164004456957,-0.0036102200415736,0.00044621558461660016,-0.05010493440282715,-0.040519035611322085,-0.009585898791505065,-0.02696711530796647,0.0040899238982263775,-0.03105703920619285
2019-10-07,KOSPI_ALL,REVISION,0,W-,0.0180726168111228,0.006429371845437,0.011643244965685801,-0.0084300511631323,-0.0291130278989827,0.0206829767358504,0.06019913396805965,0.051765308030046864,0.008433825938012784,0.02053646325487435,-0.0004300649201535167,0.020966528175027865
2019-10-07,KOSPI_ALL,VALUE,0,N,0.0228408167278803,0.006429371845437,0.016411444882443303,0.0013102850403142,-0.0291130278989827,0.0304233129392969,0.019542025988747325,0.051765308030046864,-0.03222328204129954,-0.04029499358418254,-0.0004300649201535167,-0.03986492866402902
2019-10-07,KOSPI_ALL,FLOW,0,R-,0.021019271740166,0.006429371845437,0.014589899894729001,-0.0073605635865536,-0.0291130278989827,0.021752464312429103,0.06209683262110399,0.051765308030046864,0.010331524591057129,0.016366524771675328,-0.0004300649201535167,0.016796589691828845
2019-10-15,KOSPI_ALL,REVISION,1,W+,0.0080775268886685,0.0111416677946921,-0.0030641409060236,0.0052696491203037,0.0062443030809294,-0.0009746539606257003,0.0448796774519431,0.03927236647756294,0.005607310974380164,0.02583715049652735,0.013603540626458743,0.012233609870068607
2019-10-15,KOSPI_ALL,VALUE,0,N,0.006367463467763,0.0111416677946921,-0.0047742043269291,0.0006075953618687,0.0062443030809294,-0.0056367077190607,0.010948087977925791,0.03927236647756294,-0.028324278499637146,-0.02154764004526688,0.013603540626458743,-0.035151180671725624
2019-10-15,KOSPI_ALL,FLOW,0,R-,0.008138307267982,0.0111416677946921,-0.003003360526710099,0.0058031750950751,0.0062443030809294,-0.0004411279858542996,0.04057129324228659,0.03927236647756294,0.0012989267647236513,0.009362509760074023,0.013603540626458743,-0.004241030866384721
2019-10-22,KOSPI_ALL,REVISION,0,N,0.003086887100228,0.0026291468401048,0.00045774026012319977,0.0194963010560726,0.0162599715237599,0.003236329532312697,0.03954310588724419,0.019996666544614294,0.019546439342629895,0.04171819704244317,0.0022153640164523924,0.03950283302599078
2019-10-22,KOSPI_ALL,VALUE,0,N,-0.0212498384012044,0.0026291468401048,-0.0238789852413092,-0.0182380099572683,0.0162599715237599,-0.0344979814810282,-0.0034778226670084678,0.019996666544614294,-0.023474489211622762,-0.025886041862854592,0.0022153640164523924,-0.028101405879306984
2019-10-22,KOSPI_ALL,FLOW,0,R-,-0.0005671246651218,0.0026291468401048,-0.0031962715052266002,0.0104787520914793,0.0162599715237599,-0.005781219432280601,0.022104034647509208,0.019996666544614294,0.002107368102894913,8.322056448140103e-05,0.0022153640164523924,-0.0021321434519709914
2019-10-29,KOSPI_ALL,REVISION,1,W+,0.0298552862409695,0.0308208775193808,-0.0009655912784112992,0.0042386803794877,0.0067838885669878,-0.0025452081875001,0.031059856806317176,0.006303461933726995,0.02475639487259018,0.019113727000900083,-0.019852715407123078,0.03896644240802316
2019-10-29,KOSPI_ALL,VALUE,0,R-,0.0119723532813842,0.0308208775193808,-0.0188485242379966,-0.0243387105236178,0.0067838885669878,-0.0311225990906056,0.014577095991368472,0.006303461933726995,0.008273634057641477,-0.00577235952470434,-0.019852715407123078,0.014080355882418738
2019-10-29,KOSPI_ALL,FLOW,1,N,0.032420039743806,0.0308208775193808,0.0015991622244252018,0.0074387218209036,0.0067838885669878,0.0006548332539158003,0.010452125081073182,0.006303461933726995,0.004148663147346188,-0.010696135532904827,-0.019852715407123078,0.009156579874218251
2019-12-03,KOSPI_ALL,REVISION,0,W-,-0.0005518627341099,-0.0011240146017614,0.0005721518676515,0.0038714991733504,0.0101343720304591,-0.006262872857108699,0.03266698211412278,0.007504545217302594,0.025162436896820184,0.015550767932823506,-0.041199557049946045,0.05675032498276955
2019-12-03,KOSPI_ALL,VALUE,0,N,-0.0036184502069102,-0.0011240146017614,-0.0024944356051487997,0.0021726139688188,0.0101343720304591,-0.0079617580616403,0.01064844453556657,0.007504545217302594,0.0031438993182639763,-0.017882845847744466,-0.041199557049946045,0.02331671120220158
2019-12-03,KOSPI_ALL,FLOW,0,R-,-0.011833936922726,-0.0011240146017614,-0.010709922320964599,-0.0152831909586794,0.0101343720304591,-0.025417562989138498,0.021861625717837674,0.007504545217302594,0.01435708050053508,0.006720369091403944,-0.041199557049946045,0.04791992614134999
2020-02-11,KOSPI_ALL,REVISION,0,N,-0.0091690849365627,0.0018716754350811,-0.0110407603716438,0.0016284655074535,0.0261194239440086,-0.0244909584365551,-0.13030951450431605,-0.11371988144127754,-0.01658963306303851,0.009396452378677145,0.04272294053021031,-0.03332648815153316
2020-02-11,KOSPI_ALL,VALUE,0,N,-0.0177305065300101,0.0018716754350811,-0.019602181965091198,-0.0157079887992729,0.0261194239440086,-0.0418274127432815,-0.16990830864793005,-0.11371988144127754,-0.056188427206652514,-0.10388115581071966,0.04272294053021031,-0.14660409634092997
2020-02-11,KOSPI_ALL,FLOW,1,W+,-0.0186884027895485,0.0018716754350811,-0.0205600782246296,-0.0133431225261735,0.0261194239440086,-0.0394625464701821,-0.12363102202313803,-0.11371988144127754,-0.00991114058186049,0.008531217678988456,0.04272294053021031,-0.03419172285122185
2020-06-15,KOSPI_ALL,REVISION,1,N,0.0681989125021306,0.0700337461232897,-0.0018348336211591043,0.0391473805598465,0.0397166680543287,-0.0005692874944821999,0.13744924748934095,0.1395852926960801,-0.0021360452067391567,0.11616003098995376,0.09705507507000499,0.019104955919948763
2020-06-15,KOSPI_ALL,VALUE,1,R+,0.039865542588676,0.0700337461232897,-0.030168203534613705,-0.0177300482973479,0.0397166680543287,-0.0574467163516766,0.03734479297871762,0.1395852926960801,-0.10224049971736249,-0.07695496785423583,0.09705507507000499,-0.17401004292424083
2020-06-15,KOSPI_ALL,FLOW,1,N,0.0541504804086116,0.0700337461232897,-0.01588326571467811,-0.0004627287381908,0.0397166680543287,-0.0401793967925195,0.11432715673626737,0.1395852926960801,-0.025258135959812744,0.05210789360392698,0.09705507507000499,-0.04494718146607801
2020-09-29,KOSPI_ALL,REVISION,0,R-,0.0667238321635219,0.0616392947433652,0.005084537420156701,0.0314116303170813,0.0312405777363812,0.00017105258070010051,0.023423463605934725,-0.012407536569890132,0.035831000175824856,0.02545551881528585,-0.006606483846558153,0.032062002661844
2020-09-29,KOSPI_ALL,VALUE,1,W+,0.0334533008285192,0.0616392947433652,-0.028185993914845997,-0.0095954971910803,0.0312405777363812,-0.0408360749274615,0.0505319448073831,-0.012407536569890132,0.06293948137727323,0.08320995746597681,-0.006606483846558153,0.08981644131253497
2020-09-29,KOSPI_ALL,FLOW,1,W+,0.0272211084401178,0.0616392947433652,-0.0344181863032474,-0.0232848138717181,0.0312405777363812,-0.0545253916080993,-0.04619174577693097,-0.012407536569890132,-0.03378420920704084,-0.06932567530522138,-0.006606483846558153,-0.06271919145866323
2020-10-12,KOSPI_ALL,REVISION,1,N,-0.0326217331851525,-0.0601610118020721,0.0275392786169196,-0.0267426079514608,-0.0442982034846589,0.017555595533198097,0.02096309515689021,0.002860562744069428,0.018102532412820782,0.0016356820200640332,-0.016842275891210345,0.01847795791127438
2020-10-12,KOSPI_ALL,VALUE,1,W+,0.0164301848707801,-0.0601610118020721,0.07659119667285219,0.06730065385947,-0.0442982034846589,0.11159885734412889,0.049523227523774915,0.002860562744069428,0.04666266477970549,0.026248685539107086,-0.016842275891210345,0.04309096143031743
2020-10-12,KOSPI_ALL,FLOW,0,N,-0.0312120637068399,-0.0601610118020721,0.028948948095232196,-0.0025134732837067,-0.0442982034846589,0.0417847302009522,-0.009092625170847746,0.002860562744069428,-0.011953187914917174,-0.05579389734840179,-0.016842275891210345,-0.03895162145719144
2020-10-19,KOSPI_ALL,REVISION,0,R-,0.0010356668780417,-0.022477223041005,0.0235128899190467,0.0130629951545804,-0.0102063313933051,0.0232693265478855,0.09142638514547596,0.06536693113081471,0.026059454014661254,0.03248100218580974,0.002423119714511923,0.030057882471297814
2020-10-19,KOSPI_ALL,VALUE,1,W+,0.0243424767413994,-0.022477223041005,0.0468196997824044,0.0573084460582255,-0.0102063313933051,0.0675147774515306,0.09652926438558684,0.06536693113081471,0.031162333254772134,0.02347050294718067,0.002423119714511923,0.021047383232668748
2020-10-19,KOSPI_ALL,FLOW,0,N,-0.0262997801385572,-0.022477223041005,-0.0038225570975521997,-0.0239618262301993,-0.0102063313933051,-0.0137554948368942,0.05356308268901255,0.06536693113081471,-0.011803848441802156,-0.05092870913175995,0.002423119714511923,-0.053351828846271876
2020-10-26,KOSPI_ALL,REVISION,1,N,-0.009265027327105,0.0125592359902009,-0.0218242633173059,0.0083716790441799,0.0183434015950102,-0.0099717225508303,0.12287647150091008,0.10148714361235056,0.021389327888559517,0.028792238701550676,-0.002617280431849167,0.031409519133399844
2020-10-26,KOSPI_ALL,VALUE,1,W+,-0.023672166673735,0.0125592359902009,-0.0362314026639359,-0.0308041173462302,0.0183434015950102,-0.0491475189412404,0.07267187862150548,0.10148714361235056,-0.02881526499084508,-0.05508943869371696,-0.002617280431849167,-0.052472158261867796
2020-10-26,KOSPI_ALL,FLOW,0,R-,-0.0156644934644595,0.0125592359902009,-0.028223729454660403,-0.0212856621770874,0.0183434015950102,-0.0396290637720976,0.1042088955657674,0.10148714361235056,0.00272175195341684,-0.01935695162326312,-0.002617280431849167,-0.016739671191413952
2021-02-22,KOSPI_ALL,REVISION,1,W+,-0.0255618915391007,-0.0417700498739637,0.016208158334862995,-0.013227859964612,-0.0168596096861866,0.0036317497215746022,-0.01908825489602295,-0.03702434943755206,0.017936094541529113,-0.03755798331842908,-0.04080517773788561,0.003247194419456534
2021-02-22,KOSPI_ALL,VALUE,1,W+,-0.0119580007988862,-0.0417700498739637,0.029812049075077496,0.0315842173962769,-0.0168596096861866,0.0484438270824635,0.04346637054485125,-0.03702434943755206,0.08049071998240331,0.09949583847660559,-0.04080517773788561,0.1403010162144912
2021-02-22,KOSPI_ALL,FLOW,1,W+,-0.0086207016952481,-0.0417700498739637,0.03314934817871559,0.0316276218717824,-0.0168596096861866,0.048487231557968996,0.007402586139829692,-0.03702434943755206,0.044426935577381754,0.04063307469107791,-0.04080517773788561,0.08143825242896352
2021-03-02,KOSPI_ALL,REVISION,1,N,-0.0131323796785428,-0.0308403435549286,0.017707963876385797,-0.0069808837246352,-0.0090052642215449,0.0020243804969096993,0.05314962525496458,0.03464942125737869,0.018500203997585896,0.002706335195369114,-0.005056297857515157,0.007762633052884271
2021-03-02,KOSPI_ALL,VALUE,1,W+,0.024506079010932,-0.0308403435549286,0.0553464225658606,0.0709424060360735,-0.0090052642215449,0.0799476702576184,0.09674013097348588,0.03464942125737869,0.062090709716107195,0.08998103565104687,-0.005056297857515157,0.09503733350856203
2021-03-02,KOSPI_ALL,FLOW,1,W+,-0.0040043842079288,-0.0308403435549286,0.0268359593469998,0.0191828128519072,-0.0090052642215449,0.0281880770734521,0.03486200110682813,0.03464942125737869,0.00021257984944944575,0.004643155770670537,-0.005056297857515157,0.009699453628185695
2021-03-09,KOSPI_ALL,REVISION,0,R-,0.028875996763865,0.0307411130717848,-0.0018651163079198008,-0.0160474291520351,-0.0208364627399113,0.004789033587876197,0.07826320857346514,0.08284992874349117,-0.004586720170026037,0.020233783626735447,0.02826870986936303,-0.008034926242627582
2021-03-09,KOSPI_ALL,VALUE,1,W+,0.0311941074141476,0.0307411130717848,0.00045299434236279953,-0.0199368724437093,-0.0208364627399113,0.0008995902962019992,0.07642766728477968,0.08284992874349117,-0.006422261458711498,0.01582044294695928,0.02826870986936303,-0.01244826692240375
2021-03-09,KOSPI_ALL,FLOW,1,W+,0.0277439815187775,0.0307411130717848,-0.0029971315530072998,-0.0122125998898297,-0.0208364627399113,0.008623862850081598,0.05345900790123803,0.08284992874349117,-0.029390920842253143,-0.0052932205104775365,0.02826870986936303,-0.033561930379840565
2021-03-16,KOSPI_ALL,REVISION,0,R-,-0.0085889859175398,0.0060061567132041,-0.0145951426307439,-0.0017807946439953,0.0054597900630314,-0.007240584707026701,0.07406429365305756,0.07931043931048065,-0.005246145657423096,0.05433094879473366,0.018440367085154508,0.03589058170957915
2021-03-16,KOSPI_ALL,VALUE,1,W+,-0.0003497271897872,0.0060061567132041,-0.0063558839029913,0.0154738285276725,0.0054597900630314,0.0100140384646411,0.05705790509415287,0.07931043931048065,-0.02225253421632778,0.009880284320969768,0.018440367085154508,-0.00856008276418474
2021-03-16,KOSPI_ALL,FLOW,1,W+,-0.0072935432944198,0.0060061567132041,-0.0132997000076239,0.0019800851213941,0.0054597900630314,-0.0034797049416373004,0.05884779350408875,0.07931043931048065,-0.0204626458063919,0.011769962345286045,0.018440367085154508,-0.006670404739868463
2021-03-23,KOSPI_ALL,REVISION,0,R-,0.0461992466518708,0.0295505008359471,0.0166487458159237,0.0280543233339925,0.0197817137479643,0.008272609586028198,0.12586048474141287,0.0947199389871396,0.031140545754273274,0.0748821656360712,0.011627259612569496,0.0632549060235017
2021-03-23,KOSPI_ALL,VALUE,1,W+,0.0384860904001284,0.0295505008359471,0.008935589564181303,0.0226571072763482,0.0197817137479643,0.0028753935283838995,0.08125163253397116,0.0947199389871396,-0.013468306453168433,-0.0038355545582534623,0.011627259612569496,-0.015462814170822958
2021-03-23,KOSPI_ALL,FLOW,1,W+,0.0184019562931074,0.0295505008359471,-0.0111485445428397,-0.0040508467164277,0.0197817137479643,-0.023832560464392,0.100477521620153,0.0947199389871396,0.005757582633013403,0.008184508654734302,0.011627259612569496,-0.0034427509578351945
2021-05-27,KOSPI_ALL,REVISION,0,R-,0.0146362445871726,0.0322542820863692,-0.017618037499196597,-0.0163779573362878,0.0035957223291266,-0.019973679665414402,-0.004456345858916411,0.043800360386554216,-0.048256706245470626,-0.034882380651625966,0.01671837104171936,-0.051600751693345326
2021-05-27,KOSPI_ALL,VALUE,1,W+,0.0250538391853802,0.0322542820863692,-0.007200442900989,0.0152811282202392,0.0035957223291266,0.0116854058911126,0.017290027016940046,0.043800360386554216,-0.02651033336961417,-0.004552076546574413,0.01671837104171936,-0.021270447588293773
2021-05-27,KOSPI_ALL,FLOW,1,N,0.0330995408100848,0.0322542820863692,0.0008452587237156028,0.0117482414973707,0.0035957223291266,0.0081525191682441,0.03669614280414102,0.043800360386554216,-0.007104217582413197,0.0229409799360909,0.01671837104171936,0.00622260889437154
2021-06-10,KOSPI_ALL,REVISION,0,R-,0.0043817640389943,0.0089675485479781,-0.004585784508983799,0.0027865854460224,0.0014621603366978,0.0013244251093245999,-0.019961498973050773,0.00605640425874876,-0.026017903231799533,-0.010973297327252718,0.0035816953125209494,-0.014554992639773667
2021-06-10,KOSPI_ALL,VALUE,1,R+,0.0094833110975625,0.0089675485479781,0.0005157625495844,0.0017294518807154,0.0014621603366978,0.0002672915440176001,-0.011602655473100465,0.00605640425874876,-0.017659059731849225,-0.015223231394017267,0.0035816953125209494,-0.018804926706538216
2021-06-10,KOSPI_ALL,FLOW,1,N,-2.577049372731204e-05,0.0089675485479781,-0.008993319041705411,-0.007208016449599,0.0014621603366978,-0.0086701767862968,-0.013519686654769325,0.00605640425874876,-0.019576090913518085,0.0091795303181601,0.0035816953125209494,0.005597835005639151
2021-08-27,KOSPI_ALL,REVISION,0,N,0.0251534544465752,0.025742141312428,-0.0005886868658528006,0.0038797242173484,-0.0053937850707217,0.0092735092880701,0.040643019599738484,0.036946621456309,0.00369639814342948,0.06771868934833214,0.06372804194204851,0.003990647406283632
2021-08-27,KOSPI_ALL,VALUE,0,N,0.0255717343007312,0.025742141312428,-0.00017040701169680067,0.0045354253643014,-0.0053937850707217,0.0099292104350231,0.030679070316140145,0.036946621456309,-0.006267551140168859,0.04394025983129857,0.06372804194204851,-0.01978778211074994
2021-08-27,KOSPI_ALL,FLOW,0,N,0.0191552061568734,0.025742141312428,-0.006586935155554599,-0.0101732928378192,-0.0053937850707217,-0.0047795077670975,0.009572079665672417,0.036946621456309,-0.027374541790636586,0.02016274847193955,0.06372804194204851,-0.04356529347010896
2021-10-22,KOSPI_ALL,REVISION,0,N,-0.0039827959685418,-0.0187463039456366,0.0147635079770948,0.0107257208581296,-0.0089323424856872,0.019658063343816798,-0.01715210064217565,-0.011795686978795183,-0.005356413663380466,0.03826045694505842,0.028884105834449114,0.009376351110609304
2021-10-22,KOSPI_ALL,VALUE,0,N,-0.0143321551282208,-0.0187463039456366,0.0044141488174158,0.0078505736063548,-0.0089323424856872,0.016782916092042,-0.059095379961241035,-0.011795686978795183,-0.04729969298244585,-0.05898814187179524,0.028884105834449114,-0.08787224770624436
2021-10-22,KOSPI_ALL,FLOW,0,W-,-0.0117076162613814,-0.0187463039456366,0.0070386876842551994,-0.0127093562965462,-0.0089323424856872,-0.0037770138108590007,-0.012838258895984778,-0.011795686978795183,-0.0010425719171895942,0.039917331248505716,0.028884105834449114,0.011033225414056602
2021-10-29,KOSPI_ALL,REVISION,0,R-,-0.0138988208227062,-0.0050182674058435,-0.0088805534168627,-0.0025555846201448,0.0042361959308923,-0.0067917805510371,-0.041753366098093436,-0.032617000063586254,-0.009136366034507182,0.03953851177954615,0.03535038757465769,0.004188124204888455
2021-10-29,KOSPI_ALL,VALUE,0,N,-0.0181605643342725,-0.0050182674058435,-0.013142296928428998,-0.0105450758136129,0.0042361959308923,-0.0147812717445052,-0.07150876044262744,-0.032617000063586254,-0.038891760379041185,-0.08295724765738444,0.03535038757465769,-0.11830763523204213
2021-10-29,KOSPI_ALL,FLOW,0,R-,-1.1338268015042926e-05,-0.0050182674058435,0.005006929137828457,0.0373617041702002,0.0042361959308923,0.0331255082393079,-0.03210911082463497,-0.032617000063586254,0.0005078892389512868,0.055038671637981595,0.03535038757465769,0.019688284063323902
2021-11-05,KOSPI_ALL,REVISION,0,N,-0.0004993528279649,0.005042241785711,-0.0055415946136759,0.008199074734085,0.0162067629844062,-0.008007688250321198,-0.017591020769252785,-0.04475525951072579,0.027164238741473,0.052167779979160445,0.0035171869590200355,0.04865059302014041
2021-11-05,KOSPI_ALL,VALUE,0,R-,-0.0019682252291984,0.005042241785711,-0.0070104670149093995,-0.0243936532275573,0.0162067629844062,-0.0406004162119635,-0.04330193347967859,-0.04475525951072579,0.0014533260310471974,-0.04598813528387413,0.0035171869590200355,-0.04950532224289417
2021-11-05,KOSPI_ALL,FLOW,1,W+,0.0001805766070946,0.005042241785711,-0.0048616651786164,0.0050341189184564,0.0162067629844062,-0.011172644065949798,-0.027521670930890862,-0.04475525951072579,0.017233588579834924,0.01707373960738079,0.0035171869590200355,0.013556552648360753
2021-12-10,KOSPI_ALL,REVISION,1,W+,0.0019272561492852,0.0019165589373421,1.0697211943100056e-05,0.0110871762298266,0.0069044291926034,0.004182747037223199,-0.014634264142451836,-0.014024908964743399,-0.0006093551777084372,-0.022702862813985702,-0.025832257114760893,0.00312939430077519
2021-12-10,KOSPI_ALL,VALUE,0,N,0.0121998592633071,0.0019165589373421,0.010283300325965,0.0235030476906733,0.0069044291926034,0.0165986184980699,0.01793907403491568,-0.014024908964743399,0.03196398299965908,0.08769395698483518,-0.025832257114760893,0.11352621409959607
2021-12-10,KOSPI_ALL,FLOW,0,N,-0.0031094739976482,0.0019165589373421,-0.0050260329349903,-0.0101765176645465,0.0069044291926034,-0.0170809468571499,-0.015223748684449756,-0.014024908964743399,-0.0011988397197063572,-0.023717641107316778,-0.025832257114760893,0.0021146160074441145
2021-12-17,KOSPI_ALL,REVISION,1,W+,-0.0018748379394229,0.0010838627134827,-0.0029587006529056,-0.004567074654096,0.0010031653463238,-0.0055702400004198,-0.018575433629150484,-0.0196022405811207,0.001026806951970216,-0.007170763444360295,-0.013787848614628895,0.0066170851702685995
2021-12-17,KOSPI_ALL,VALUE,1,W+,-0.0102173704691198,0.0010838627134827,-0.0113012331826025,-0.0006082923064547,0.0010031653463238,-0.0016114576527785,-0.024962482178251144,-0.0196022405811207,-0.005360241597130444,0.03813095031004998,-0.013787848614628895,0.05191879892467888
2021-12-17,KOSPI_ALL,FLOW,0,R-,-0.0070474215507411,0.0010838627134827,-0.0081312842642238,-0.0035494805426162,0.0010031653463238,-0.00455264588894,-0.026459830492634895,-0.0196022405811207,-0.006857589911514195,-0.008239819224827527,-0.013787848614628895,0.005548029389801368
2021-12-24,KOSPI_ALL,REVISION,1,W+,0.0143012411088021,0.011802178218715,0.002499062890087101,0.0231034899604563,-0.0040926737394238,0.0271961636998801,-0.06630935939880389,-0.07311771126322053,0.00680835186441664,-0.0068506029872527074,-0.017195176801698242,0.010344573814445535
2021-12-24,KOSPI_ALL,VALUE,1,W+,-0.0212890612466182,0.011802178218715,-0.0330912394653332,-0.0349190498506389,-0.0040926737394238,-0.030826376111215102,-0.06547794085179859,-0.07311771126322053,0.007639770411421942,0.02999469652838549,-0.017195176801698242,0.04718987333008373
2021-12-24,KOSPI_ALL,FLOW,1,R+,0.01094193439539,0.011802178218715,-0.0008602438233249986,0.001710048510031,-0.0040926737394238,0.0058027222494547994,-0.05658980215373144,-0.07311771126322053,0.016527909109489092,0.009570566744817155,-0.017195176801698242,0.026765743546515397
2022-01-10,KOSPI_ALL,REVISION,0,R-,-0.0020801544863106,-0.0037509482359539,0.0016707937496433,0.0271562977845811,0.0193535873117888,0.007802710472792299,-0.046269780387158344,-0.04661624543005305,0.0003464650428947058,-0.0306905978920049,-0.011804605147583191,-0.01888599274442171
2022-01-10,KOSPI_ALL,VALUE,1,W+,-0.0304598148456904,-0.0037509482359539,-0.026708866609736502,-0.0231349685073547,0.0193535873117888,-0.0424885558191435,-0.033224337449448416,-0.04661624543005305,0.013391907980604634,0.04598283106575107,-0.011804605147583191,0.057787436213334265
2022-01-10,KOSPI_ALL,FLOW,0,R-,-0.0144837770324785,-0.0037509482359539,-0.0107328287965246,0.0055159829887173,0.0193535873117888,-0.013837604323071502,-0.026818497213612513,-0.04661624543005305,0.019797748216440536,0.04105246552692021,-0.011804605147583191,0.052857070674503404
2022-02-17,KOSPI_ALL,REVISION,0,R-,-0.003242011348376,0.0178275683109845,-0.0210695796593605,0.0179861499358156,0.0376868464879518,-0.0197006965521362,0.04553468446557063,0.027160857844378494,0.018373826621192135,0.020214687321391756,-0.029212051575450593,0.04942673889684235
2022-02-17,KOSPI_ALL,VALUE,0,W-,-0.0043433738643132,0.0178275683109845,-0.0221709421752977,0.0196060339961597,0.0376868464879518,-0.018080812491792102,0.04704247564690789,0.027160857844378494,0.019881617802529394,0.024496297225595987,-0.029212051575450593,0.05370834880104658
2022-02-17,KOSPI_ALL,FLOW,0,W-,-0.0183949178491377,0.0178275683109845,-0.036222486160122205,-0.0144378543293637,0.0376868464879518,-0.0521247008173155,0.028125880409365367,0.027160857844378494,0.0009650225649868727,-0.015567375310882148,-0.029212051575450593,0.013644676264568445
2022-04-04,KOSPI_ALL,REVISION,1,W+,-0.0200432687923537,-0.0195309844002457,-0.0005122843921080006,0.0128535205368439,0.0068341180359288,0.006019402500915099,-0.01583144238167289,0.01233229226680943,-0.02816373464848232,0.030083847671775077,0.044968955773156294,-0.014885108101381217
2022-04-04,KOSPI_ALL,VALUE,1,N,-0.0073154376539574,-0.0195309844002457,0.0122155467462883,0.0204384452149692,0.0068341180359288,0.013604327179040402,0.004834314096791914,0.01233229226680943,-0.007497978170017516,0.044304858139267767,0.044968955773156294,-0.0006640976338885274
2022-04-04,KOSPI_ALL,FLOW,1,N,-0.0187184252928208,-0.0195309844002457,0.0008125591074248997,-0.0037811758411102,0.0068341180359288,-0.010615293877039,-0.006443068979846034,0.01233229226680943,-0.018775361246655464,-0.009774875063992217,0.044968955773156294,-0.05474383083714851
2022-04-11,KOSPI_ALL,REVISION,1,W+,0.0213289531279163,0.0208337645594555,0.0004951885684607998,0.0125755455293949,0.0121535245178118,0.00042202101158310065,-0.032624886322364044,-0.02014475057020826,-0.012480135752155785,0.02548255923328102,0.03724839910436706,-0.011765839871086037
2022-04-11,KOSPI_ALL,VALUE,1,N,0.0076351317552966,0.0208337645594555,-0.013198632804158901,-0.0019312385671113,0.0121535245178118,-0.0140847630849231,-0.014656790541395459,-0.02014475057020826,0.005487960028812799,0.04978134024322256,0.03724839910436706,0.012532941138855502
2022-04-11,KOSPI_ALL,FLOW,1,R+,0.0082649985328322,0.0208337645594555,-0.012568766026623301,-0.0170960328639773,0.0121535245178118,-0.0292495573817891,-0.034248133939200676,-0.02014475057020826,-0.014103383368992417,-0.007320752667172137,0.03724839910436706,-0.044569151771539195
2022-05-24,KOSPI_ALL,REVISION,0,W-,0.0361162908275968,0.0311336641444129,0.004982626683183899,-0.010289146367319,-0.0070921324700014,-0.0031970138973176007,-0.14259868787926488,-0.12405750333640198,-0.01854118454286291,-0.029719686636312415,0.06477920893602596,-0.09449889557233837
2022-05-24,KOSPI_ALL,VALUE,0,N,0.0374803430137625,0.0311336641444129,0.006346678869349597,0.0037221436853783,-0.0070921324700014,0.0108142761553797,-0.13794167860505868,-0.12405750333640198,-0.013884175268656707,-0.00787106890077549,0.06477920893602596,-0.07265027783680145
2022-05-24,KOSPI_ALL,FLOW,0,W-,0.0361583349827021,0.0311336641444129,0.0050246708382892,0.0053508176984767,-0.0070921324700014,0.0124429501684781,-0.13100065989978682,-0.12405750333640198,-0.006943156563384845,0.01840798494171758,0.06477920893602596,-0.046371223994308375
2022-05-31,KOSPI_ALL,REVISION,0,W-,-0.0104180509852163,-0.016421578295225,0.006003527310008699,0.0053365717998523,0.0077528930186036,-0.0024163212187513,-0.13820448253550732,-0.11523661136471652,-0.0229678711707908,-0.026138183163547213,0.04191943434537526,-0.06805761750892247
2022-05-31,KOSPI_ALL,VALUE,0,N,-0.0079607576698302,-0.016421578295225,0.0084608206253948,0.0098104713878358,0.0077528930186036,0.0020575783692321995,-0.13813125230072154,-0.11523661136471652,-0.022894640936005017,-0.0017332192930596957,0.04191943434537526,-0.04365265363843496
2022-05-31,KOSPI_ALL,FLOW,0,N,-0.0173051566546607,-0.016421578295225,-0.0008835783594356994,0.0032775115327735,0.0077528930186036,-0.0044753814858301,-0.12429570502661058,-0.11523661136471652,-0.009059093661894058,0.0208000151994443,0.04191943434537526,-0.021119419145930962
2022-06-09,KOSPI_ALL,REVISION,1,W+,-0.0798647507352575,-0.0677322862256004,-0.012132464509657104,-0.0002242739577612,0.0374818307943978,-0.037706104752159,-0.13645604720504634,-0.13745495754272574,0.000998910337679404,-0.034051469679663104,-0.02752585010710673,-0.006525619572556374
2022-06-09,KOSPI_ALL,VALUE,1,N,-0.0687031809104349,-0.0677322862256004,-0.0009708946848344946,0.0231120352275425,0.0374818307943978,-0.014369795566855297,-0.1502599610009,-0.13745495754272574,-0.012805003458174258,-0.0390298644282292,-0.02752585010710673,-0.011504014321122469
2022-06-09,KOSPI_ALL,FLOW,1,W+,-0.0762118597137785,-0.0677322862256004,-0.0084795734881781,0.0020007718644715,0.0374818307943978,-0.0354810589299263,-0.12733920721462233,-0.13745495754272574,0.010115750328103412,-0.004080166052649714,-0.02752585010710673,0.023445684054457017
2022-07-14,KOSPI_ALL,REVISION,0,N,0.02448310083641,0.0071468048099003,0.0173362960265097,-0.0057848277739368,-0.0349756870162638,0.029190859242327002,0.0971306708871118,0.0767638698489006,0.020366801038211202,-0.004919705519524142,-0.04131176814089521,0.03639206262137107
2022-07-14,KOSPI_ALL,VALUE,0,R-,0.0487780145563412,0.0071468048099003,0.0416312097464409,0.0295878442488961,-0.0349756870162638,0.0645635312651599,0.11546913431897932,0.0767638698489006,0.038705264470078715,0.002768530412543102,-0.04131176814089521,0.04408029855343831
2022-07-14,KOSPI_ALL,FLOW,0,W-,0.0238614952974759,0.0071468048099003,0.016714690487575602,-0.0078934855929559,-0.0349756870162638,0.027082201423307903,0.08229375848798104,0.0767638698489006,0.005529888639080438,-0.03242176818096931,-0.04131176814089521,0.008889999959925898
2022-07-21,KOSPI_ALL,REVISION,1,N,0.0077690831309519,0.0129235324208428,-0.0051544492898909,-0.0002886834820752,0.0023349670566951,-0.0026236505387703,0.06645699959799534,0.05878373522484437,0.0076732643731509675,0.017298522251166126,-0.00848197338938439,0.025780495640550516
2022-07-21,KOSPI_ALL,VALUE,1,N,0.0034404715661337,0.0129235324208428,-0.0094830608547091,-0.0129720535048932,0.0023349670566951,-0.0153070205615883,0.06320458869704448,0.05878373522484437,0.004420853472200115,-0.002308789738481365,-0.00848197338938439,0.006173183650903025
2022-07-21,KOSPI_ALL,FLOW,1,N,0.0050408482220494,0.0129235324208428,-0.0078826841987934,-0.0226899356349456,0.0023349670566951,-0.0250249026916407,0.04546011266955596,0.05878373522484437,-0.013323622555288406,-0.029617986912273686,-0.00848197338938439,-0.021136013522889296
2022-07-28,KOSPI_ALL,REVISION,1,W+,0.0237784588657405,0.0181841528946726,0.0055943059710679005,0.0002138028502363,-0.0130652701853441,0.0132790730355804,0.06996792310805056,0.08042611034709668,-0.010458187239046124,0.044056774172893665,0.04277471056829096,0.0012820636046027012
2022-07-28,KOSPI_ALL,VALUE,1,N,0.0132081604538306,0.0181841528946726,-0.004975992440841999,-0.0272925612469891,-0.0130652701853441,-0.014227291061645,0.06222573893824768,0.08042611034709668,-0.018200371408849003,0.011962600946679336,0.04277471056829096,-0.030812109621611627
2022-07-28,KOSPI_ALL,FLOW,1,R+,0.0132885246830221,0.0181841528946726,-0.004895628211650498,-0.0088669923922486,-0.0130652701853441,0.004198277793095499,0.053912875911678926,0.08042611034709668,-0.026513234435417754,0.012560242564399138,0.04277471056829096,-0.030214468003891826
2022-12-08,KOSPI_ALL,REVISION,1,N,0.023290467865445,4.138154820560597e-05,0.023249086317239393,0.0095836339196234,-0.0220948158279845,0.031678449747607904,-0.01495076171923504,-0.026053293248834652,0.011102531529599613,0.009458982479597422,-0.008547303848111643,0.018006286327709065
2022-12-08,KOSPI_ALL,VALUE,1,N,0.0073863007628905,4.138154820560597e-05,0.007344919214684894,0.0108342025944468,-0.0220948158279845,0.0329290184224313,-0.03135859167289656,-0.026053293248834652,-0.0053052984240619105,0.007976320391215319,-0.008547303848111643,0.01652362423932696
2022-12-08,KOSPI_ALL,FLOW,1,W+,0.0087121111838586,4.138154820560597e-05,0.008670729635652994,-0.0056482484720504,-0.0220948158279845,0.0164465673559341,-0.04457575536657177,-0.026053293248834652,-0.018522462117737115,-0.023791977544996845,-0.008547303848111643,-0.015244673696885203
2022-12-15,KOSPI_ALL,REVISION,1,W+,0.0044318997483231,0.0047425774178557,-0.0003106776695326,0.0107827881939815,0.0269786836624875,-0.016195895468506,0.013270613390724995,-0.0063608571650464185,0.019631470555771413,0.01562321932645605,-0.015115536539881402,0.030738755866337453
2022-12-15,KOSPI_ALL,VALUE,1,W+,0.0042621865222142,0.0047425774178557,-0.0004803908956415,0.0025834515496514,0.0269786836624875,-0.024395232112836097,0.0029396399747492197,-0.0063608571650464185,0.009300497139795638,-0.004047989992468692,-0.015115536539881402,0.01106754654741271
2022-12-15,KOSPI_ALL,FLOW,1,N,0.0064371481625397,0.0047425774178557,0.0016945707446839996,0.0132368921134961,0.0269786836624875,-0.013741791548991399,-0.010410643145455034,-0.0063608571650464185,-0.004049785980408616,-0.007855733678604815,-0.015115536539881402,0.0072598028612765875
2023-04-26,KOSPI_ALL,REVISION,1,W+,0.0229935282887876,-0.001254726329634,0.024248254618421602,0.0169537947668079,-0.0013809032707389,0.0183346980375468,0.011336282301350975,-0.02544222148272457,0.036778503784075545,-0.00444900873686227,-0.0036118818395056707,-0.0008371268973565993
2023-04-26,KOSPI_ALL,VALUE,1,N,0.001391229771342,-0.001254726329634,0.002645956100976,-0.0158707645918613,-0.0013809032707389,-0.0144898613211224,0.0075586527085225175,-0.02544222148272457,0.03300087419124709,0.0017261812174005353,-0.0036118818395056707,0.005338063056906206
2023-04-26,KOSPI_ALL,FLOW,0,R-,0.0086133036611072,-0.001254726329634,0.0098680299907412,0.0035314289287496,-0.0013809032707389,0.0049123321994885,-0.0010651712214770903,-0.02544222148272457,0.02437705026124748,0.014339858378064507,-0.0036118818395056707,0.017951740217570178
2023-05-04,KOSPI_ALL,REVISION,1,W+,-0.0129941680433068,-0.0186396434552922,0.005645475411985401,-0.0030367469374385,-0.0090947092867591,0.0060579623493206,0.01173740794386302,0.01582285884229173,-0.004085450898428711,-0.020891595484084258,0.021159955801129504,-0.04205155128521376
2023-05-04,KOSPI_ALL,VALUE,0,N,0.0074706540736139,-0.0186396434552922,0.0261102975289061,0.0304993183622522,-0.0090947092867591,0.0395940276490113,0.016122742167159476,0.01582285884229173,0.0002998833248677446,-0.000603675010062088,0.021159955801129504,-0.021763630811191592
2023-05-04,KOSPI_ALL,FLOW,0,N,-0.0033476576873172,-0.0186396434552922,0.015291985767975,0.0168289871585326,-0.0090947092867591,0.025923696445291702,0.017532372914883965,0.01582285884229173,0.001709514072592233,0.010608358822044917,0.021159955801129504,-0.010551596979084588
2023-05-12,KOSPI_ALL,REVISION,1,W+,0.0071084856326674,-0.0024552245186553,0.0095637101513227,-0.0119799065730969,-0.0049756757093956,-0.0070042308637013,0.02630059696383613,0.06144032229876828,-0.03513972533493215,-0.021037321257615038,0.06972566307582828,-0.09076298433344332
2023-05-12,KOSPI_ALL,VALUE,1,W+,0.0044072404044112,-0.0024552245186553,0.0068624649230664995,-0.0142724900934127,-0.0049756757093956,-0.0092968143840171,0.009647047341734272,0.06144032229876828,-0.05179327495703401,-0.03950570515960994,0.06972566307582828,-0.10923136823543822
2023-05-12,KOSPI_ALL,FLOW,0,W-,-0.0012537508281785,-0.0024552245186553,0.0012014736904767999,-0.0151984044965414,-0.0049756757093956,-0.0102227287871458,0.026820330726709196,0.06144032229876828,-0.03461999157205908,-0.010141073938555012,0.06972566307582828,-0.0798667370143833
2023-05-19,KOSPI_ALL,REVISION,0,N,-0.005449757116524,-0.0032369126113877,-0.0022128445051363002,-0.0061579685272618,0.0119587927322488,-0.018116761259510603,0.03287590465647172,0.08907405773193489,-0.056198153075463164,-0.004044988399025451,0.10290831970650482,-0.10695330810553028
2023-05-19,KOSPI_ALL,VALUE,0,N,-0.0056842606883938,-0.0032369126113877,-0.0024473480770061005,0.0020567208002443,0.0119587927322488,-0.009902071932004501,0.025471368590079146,0.08907405773193489,-0.06360268914185574,-0.0151986663650161,0.10290831970650482,-0.11810698607152093
2023-05-19,KOSPI_ALL,FLOW,0,N,-0.0050216975622843,-0.0032369126113877,-0.0017847849508966004,0.0093826862578335,0.0119587927322488,-0.0025761064744153003,0.04026938219490783,0.08907405773193489,-0.048804675537027054,0.004575266446183113,0.10290831970650482,-0.09833305326032171
2023-08-08,KOSPI_ALL,REVISION,1,R+,-0.0280457049240603,-0.0062872821037127,-0.021758422820347602,-0.0215054377005126,-0.0072655199180664,-0.014239917782446203,-0.036379219150198816,-0.03495882596811539,-0.0014203931820834237,-0.04845757594953448,-0.04804553823036728,-0.000412037719167202
2023-08-08,KOSPI_ALL,VALUE,1,N,-0.0139685685527229,-0.0062872821037127,-0.0076812864490101995,-0.0159352795749062,-0.0072655199180664,-0.0086697596568398,0.0005308078388832627,-0.03495882596811539,0.035489633806998655,0.009014785093788724,-0.04804553823036728,0.057060323324156004
2023-08-08,KOSPI_ALL,FLOW,0,R-,-0.0048343673961392,-0.0062872821037127,0.0014529147075735003,0.0018804339983617,-0.0072655199180664,0.0091459539164281,0.00012393853219827555,-0.03495882596811539,0.03508276450031367,-0.002683299735019795,-0.04804553823036728,0.045362238495347484
2023-08-16,KOSPI_ALL,REVISION,0,R-,-0.0102195652548031,-0.0193543647680872,0.0091347995132841,0.0160228025954049,-0.0023815889710406,0.0184043915664455,-0.008816006744825855,-0.05127814587308144,0.04246213912825558,-0.019817761073702478,-0.04423400325638627,0.02441624218268379
2023-08-16,KOSPI_ALL,VALUE,1,N,-0.0123313305747,-0.0193543647680872,0.0070230341933871995,0.0076806050474382,-0.0023815889710406,0.0100621940184788,0.040517254529937485,-0.05127814587308144,0.09179540040301892,0.08475428735104629,-0.04423400325638627,0.12898829060743255
2023-08-16,KOSPI_ALL,FLOW,0,N,-0.0093519263768301,-0.0193543647680872,0.0100024383912571,0.0063823256757081,-0.0023815889710406,0.0087639146467487,0.002123982208809494,-0.05127814587308144,0.05340212808189093,-0.0017264165703423373,-0.04423400325638627,0.04250758668604393
2023-08-23,KOSPI_ALL,REVISION,0,R-,0.0209829624706741,0.0176350996380373,0.0033478628326368,-0.021197101721989,-0.0190319243740386,-0.0021651773479503984,0.013813595856895233,-0.01480088143867997,0.028614477295575202,-0.04450471991063143,-0.03660139168349075,-0.007903328227140682
2023-08-23,KOSPI_ALL,VALUE,0,N,0.0250059543218929,0.0176350996380373,0.0073708546838556,-0.0074229735463183,-0.0190319243740386,0.011608950827720302,0.09066045131209788,-0.01480088143867997,0.10546133275077785,0.10727891343031648,-0.03660139168349075,0.14388030511380723
2023-08-23,KOSPI_ALL,FLOW,0,N,0.0283336491332809,0.0176350996380373,0.010698549495243598,-0.0032723162349798,-0.0190319243740386,0.0157596081390588,0.03650607020052954,-0.01480088143867997,0.05130695163920951,0.005182905317176134,-0.03660139168349075,0.04178429700066688
2023-08-30,KOSPI_ALL,REVISION,0,R-,-0.0189233166111665,-0.0268476910722442,0.007924374461077702,-0.022152707171774,-0.0201406569926087,-0.0020120501791652985,-0.03936547680298763,-0.06952331622366714,0.03015783942067951,-0.024382772777121198,-0.008732570847051258,-0.01565020193006994
2023-08-30,KOSPI_ALL,VALUE,0,N,0.0023099486351161,-0.0268476910722442,0.0291576397073603,0.0251484253537117,-0.0201406569926087,0.0452890823463204,0.027334792580633094,-0.06952331622366714,0.09685810880430024,0.11905619936259204,-0.008732570847051258,0.1277887702096433
2023-08-30,KOSPI_ALL,FLOW,0,N,-0.0134820163998931,-0.0268476910722442,0.0133656746723511,-0.0076207510449309,-0.0201406569926087,0.012519905947677799,-0.028059480034002826,-0.06952331622366714,0.041463836189664316,0.021736243435470426,-0.008732570847051258,0.030468814282521683
2023-09-06,KOSPI_ALL,REVISION,0,R-,-0.0002441223763417,-0.023091451887713,0.0228473295113713,0.0079455908747296,-0.0032907056358,0.011236296510529601,-0.04289737137857175,-0.06477282674496532,0.02187545536639357,-0.0014252668821055359,0.017968778967086152,-0.019394045849191688
2023-09-06,KOSPI_ALL,VALUE,1,N,0.0254384071849192,-0.023091451887713,0.0485298590726322,0.057931400294404,-0.0032907056358,0.061222105930204,0.011205216967237641,-0.06477282674496532,0.07597804371220296,0.09699052348182113,0.017968778967086152,0.07902174451473498
2023-09-06,KOSPI_ALL,FLOW,1,N,-0.0028442393190217,-0.023091451887713,0.0202472125686913,0.0028416958724064,-0.0032907056358,0.0061324015082064,-0.023699845323292834,-0.06477282674496532,0.04107298142167248,0.041423381319304786,0.017968778967086152,0.023454602352218634
2023-09-13,KOSPI_ALL,REVISION,0,R-,0.0123779928712958,0.0183503323432864,-0.0059723394719905995,-0.0095668399312028,0.0055852500411198,-0.0151520899723226,-0.03530284205859269,-0.038472175239881556,0.003169333181288869,-0.0029096305473560458,0.01813866364638117,-0.021048294193737216
2023-09-13,KOSPI_ALL,VALUE,1,W+,0.0352650588469638,0.0183503323432864,0.0169147265036774,0.0286048171945538,0.0055852500411198,0.023019567153434,0.0006312309565488228,-0.038472175239881556,0.03910340619643038,0.06698983407911174,0.01813866364638117,0.04885117043273057
2023-09-13,KOSPI_ALL,FLOW,1,N,0.0246364321904061,0.0183503323432864,0.006286099847119701,0.0133477703648419,0.0055852500411198,0.0077625203237221,-0.013910910941012822,-0.038472175239881556,0.024561264298868735,0.04740501597146096,0.01813866364638117,0.029266352325079792
2023-09-20,KOSPI_ALL,REVISION,1,R+,-0.0325721756411198,-0.0388889768919706,0.006316801250850802,-0.0005843152606737,0.0093451391901897,-0.0099294544508634,-0.06809568048162862,-0.0927072272355498,0.024611546753921187,0.003655034764418197,0.003999847622423891,-0.00034481285800569417
2023-09-20,KOSPI_ALL,VALUE,1,W+,-0.0345076891617596,-0.0388889768919706,0.004381287730211,0.0031343154154464,0.0093451391901897,-0.0062108237747433,-0.05757877574935599,-0.0927072272355498,0.03512845148619381,0.04457706852654053,0.003999847622423891,0.04057722090411664
2023-09-20,KOSPI_ALL,FLOW,1,N,-0.0357228284791748,-0.0388889768919706,0.003166148412795798,0.0131417814122746,0.0093451391901897,0.0037966422220849,-0.07178707100098258,-0.0927072272355498,0.020920156234567222,0.018699779889416845,0.003999847622423891,0.014699932266992954
2023-11-08,KOSPI_ALL,REVISION,1,N,0.0132811103368856,0.0012700281183772,0.0120110822185084,-0.0030912330997202,-0.0086692171922885,0.0055779840925683,0.045249101690253424,0.01663364258186606,0.028615459108387364,0.0010836902934150405,-0.016116509357145592,0.017200199650560632
2023-11-08,KOSPI_ALL,VALUE,1,N,0.0216961372034689,0.0012700281183772,0.0204261090850917,0.0029104006127161,-0.0086692171922885,0.0115796178050046,0.056765578914169,0.01663364258186606,0.04013193633230294,-0.00552803017002268,-0.016116509357145592,0.010588479187122912
2023-11-08,KOSPI_ALL,FLOW,0,R-,0.0107906262618397,0.0012700281183772,0.0095205981434625,0.0006842939339572,-0.0086692171922885,0.0093535111262457,0.03456606814511454,0.01663364258186606,0.017932425563248477,-0.01388898479977918,-0.016116509357145592,0.0022275245573664115
2023-11-15,KOSPI_ALL,REVISION,1,R+,0.0131923900890815,0.0079338900537866,0.0052585000352949,-0.0130295521260933,-0.0127281440742021,-0.00030140805189120094,0.03922848519668043,0.009429492792105698,0.02979899240457473,0.008685367208562056,-0.018190212672968165,0.02687557988153022
2023-11-15,KOSPI_ALL,VALUE,1,N,0.0195814988996064,0.0079338900537866,0.0116476088458198,-0.0011464898406153,-0.0127281440742021,0.0115816542335868,0.027232967080916826,0.009429492792105698,0.017803474288811127,-0.016993795327101657,-0.018190212672968165,0.0011964173458665073
2023-11-15,KOSPI_ALL,FLOW,1,R+,0.018011172832083,0.0079338900537866,0.0100772827782964,-0.0070650579390371,-0.0127281440742021,0.005663086135164999,0.0233178959043161,0.009429492792105698,0.013888403112210401,-0.01404215230716277,-0.018190212672968165,0.004148060365805395
2024-01-08,KOSPI_ALL,REVISION,1,N,-0.0207052388341136,0.0025883153457384,-0.023293554179852,-0.0178463797198683,0.0159059691169267,-0.033752348836794996,-0.027260732404584376,-0.007130216315712756,-0.02013051608887162,-0.11801314090759674,-0.01564731228193561,-0.10236582862566113
2024-01-08,KOSPI_ALL,VALUE,0,R-,0.0061498520521395,0.0025883153457384,0.0035615367064011,0.0137367369877222,0.0159059691169267,-0.0021692321292044996,0.1577077868473591,-0.007130216315712756,0.16483800316307184,0.2329520582258271,-0.01564731228193561,0.2485993705077627
2024-01-08,KOSPI_ALL,FLOW,0,R-,0.0023867655894076,0.0025883153457384,-0.00020154975633080016,0.0193569396406667,0.0159059691169267,0.0034509705237400004,0.0407368898272511,-0.007130216315712756,0.047867106142963856,0.04062750141687932,-0.01564731228193561,0.05627481369881493
2024-01-15,KOSPI_ALL,REVISION,0,R-,-0.0214024851046925,-0.0196562791523079,-0.001746205952384599,0.0141207499827076,0.0248785450740732,-0.010757795091365601,0.01998760415177525,-0.011267122127783358,0.03125472627955861,-0.07417527509534705,-0.05437326665237896,-0.01980200844296809
2024-01-15,KOSPI_ALL,VALUE,0,R-,-0.0252627909052103,-0.0196562791523079,-0.005606511752902398,-0.0020222176129832,0.0248785450740732,-0.0269007626870564,0.13963262458549308,-0.011267122127783358,0.15089974671327644,0.1548499147251139,-0.05437326665237896,0.20922318137749285
2024-01-15,KOSPI_ALL,FLOW,0,N,-0.0178476779891963,-0.0196562791523079,0.0018086011631116006,0.0096705299113736,0.0248785450740732,-0.0152080151626996,0.030760516116557612,-0.011267122127783358,0.04202763824434097,-0.0033845202133453434,-0.05437326665237896,0.050988746439033616
2024-01-29,KOSPI_ALL,REVISION,0,R-,-0.000362591260946,0.0220538382577885,-0.0224164295187345,-0.079311149751598,-0.0021029321851769,-0.0772082175664211,0.047224420451949634,0.011836185727146287,0.03538823472480335,-0.036333698194315533,-0.03926959163598098,0.002935893441665449
2024-01-29,KOSPI_ALL,VALUE,1,W+,0.1040344955414569,0.0220538382577885,0.08198065728366839,0.1132108002546025,-0.0021029321851769,0.11531373243977941,0.09141911282682824,0.011836185727146287,0.07958292709968195,0.0348929017438071,-0.03926959163598098,0.07416249337978809
2024-01-29,KOSPI_ALL,FLOW,0,W-,0.0379083373309286,0.0220538382577885,0.015854499073140096,0.0087353402930843,-0.0021029321851769,0.0108382724782612,0.029503755674339605,0.011836185727146287,0.017667569947193318,-0.014954638793361119,-0.03926959163598098,0.024314952842619864
2024-02-14,KOSPI_ALL,REVISION,1,R+,0.0181472163279959,0.0155734257394527,0.002573790588543198,-0.0074628924747122,-0.008223692481553,0.0007608000068408003,0.02406389439347212,0.011229224262366166,0.012834670131105952,0.00879718349937475,-0.002665079368655787,0.011462262868030537
2024-02-14,KOSPI_ALL,VALUE,1,W+,0.0123798466548184,0.0155734257394527,-0.0031935790846342998,-0.000922503082325,-0.008223692481553,0.007301189399228,0.011005176457907995,0.011229224262366166,-0.00022404780445817174,-0.02649731092112073,-0.002665079368655787,-0.023832231552464944
2024-02-14,KOSPI_ALL,FLOW,1,N,0.0191595265049698,0.0155734257394527,0.003586100765517101,0.0082372975196876,-0.008223692481553,0.0164609900012406,0.009100825361275433,0.011229224262366166,-0.0021283989010907334,0.004591435062649696,-0.002665079368655787,0.007256514431305483
2024-07-11,KOSPI_ALL,REVISION,1,W+,-0.0055048232818763,-0.0312745139550237,0.025769690673147404,-0.0055056628715657,-0.0206347604665473,0.0151290975949816,-0.08264018030296061,-0.10115489320817561,0.018514712905215003,0.015616726906348966,0.03495192259325641,-0.019335195686907447
2024-07-11,KOSPI_ALL,VALUE,1,W+,0.0180930075196559,-0.0312745139550237,0.0493675214746796,0.0405049772950198,-0.0206347604665473,0.0611397377615671,-0.03321601226744919,-0.10115489320817561,0.06793888094072642,0.08037836335553217,0.03495192259325641,0.045426440762275755
2024-07-11,KOSPI_ALL,FLOW,0,R-,-0.0037529829973021,-0.0312745139550237,0.027521530957721602,0.0099159330226772,-0.0206347604665473,0.030550693489224498,-0.061015684986094776,-0.10115489320817561,0.040139208222080835,0.06846715898289357,0.03495192259325641,0.03351523638963716
2024-07-18,KOSPI_ALL,REVISION,1,W+,-0.0328145323092543,-0.045191299402721,0.012376767093466697,0.0110941382972332,0.0027732426537285,0.0083208956435047,-0.03749325436021378,-0.04572672114972853,0.008233466789514754,0.029701123354674674,0.019103091431168062,0.010598031923506612
2024-07-18,KOSPI_ALL,VALUE,1,W+,-0.0337056941482094,-0.045191299402721,0.011485605254511602,-0.0003426258730131,0.0027732426537285,-0.0031158685267416,-0.02595352226156744,-0.04572672114972853,0.019773198888161092,0.031064254398231794,0.019103091431168062,0.011961162967063732
2024-07-18,KOSPI_ALL,FLOW,0,N,-0.0341897674663212,-0.045191299402721,0.0110015319363998,0.0130828233760425,0.0027732426537285,0.010309580722313999,-0.0311269212036156,-0.04572672114972853,0.014599799946112935,0.03282168487973447,0.019103091431168062,0.013718593448566407
2024-07-25,KOSPI_ALL,REVISION,0,W-,0.0281620325928423,0.0299037284931788,-0.0017416959003365012,0.0137512020707039,0.0096136304750032,0.0041375715957007,-0.001768373991221428,0.0020058062583128144,-0.0037741802495342425,0.0051681794403739545,0.010911941767121291,-0.005743762326747337
2024-07-25,KOSPI_ALL,VALUE,0,W-,0.0494003468258654,0.0299037284931788,0.0194966183326866,0.0328284048017747,0.0096136304750032,0.0232147743267715,0.0355338580833211,0.0020058062583128144,0.03352805182500829,0.06520552038430627,0.010911941767121291,0.05429357861718498
2024-07-25,KOSPI_ALL,FLOW,0,W-,0.0334756119326474,0.0299037284931788,0.0035718834394685983,0.015792614198267,0.0096136304750032,0.0061789837232638,0.016420785660417492,0.0020058062583128144,0.014414979402104677,0.03817467663329288,0.010911941767121291,0.02726273486617159
2024-09-06,KOSPI_ALL,REVISION,0,R-,0.0432883504628289,0.0264855519613507,0.016802798501478203,0.0204425879689121,-0.0206855419944091,0.0411281299633212,0.08271480709958601,0.04188345374657798,0.040831353353008026,0.029091234319233772,-0.04769536205837477,0.07678659637760854
2024-09-06,KOSPI_ALL,VALUE,1,W+,0.0178801795994393,0.0264855519613507,-0.0086053723619114,-0.0334069353856439,-0.0206855419944091,-0.012721393391234799,0.022737928297454246,0.04188345374657798,-0.019145525449123735,-0.07083159146222484,-0.04769536205837477,-0.023136229403850073
2024-09-06,KOSPI_ALL,FLOW,0,W-,0.033232487298472,0.0264855519613507,0.006746935337121302,-0.0028038367515928,-0.0206855419944091,0.0178817052428163,0.04830857705807179,0.04188345374657798,0.006425123311493808,-0.03042438331291053,-0.04769536205837477,0.01727097874546424
2024-09-13,KOSPI_ALL,REVISION,0,R-,0.0264050037142817,0.000573563317082,0.0258314403971997,0.0047243592818286,-0.036768803516143,0.0414931627979716,0.03842037707905588,0.00437307303736767,0.03404730404168821,0.01856041067444636,-0.026504069150123266,0.045064479824569625
2024-09-13,KOSPI_ALL,VALUE,1,W+,-0.0032092965435484,0.000573563317082,-0.0037828598606304,-0.030810480887784,-0.036768803516143,0.005958322628358999,-0.0025865252697497843,0.00437307303736767,-0.006959598307117454,-0.0582565375195121,-0.026504069150123266,-0.03175246836938883
2024-09-13,KOSPI_ALL,FLOW,1,W+,0.0096618560575156,0.000573563317082,0.0090882927404336,-0.0126534542969727,-0.036768803516143,0.0241153492191703,0.016255553596713046,0.00437307303736767,0.011882480559345376,-0.013478910103914554,-0.026504069150123266,0.013025159046208712
2024-09-25,KOSPI_ALL,REVISION,1,N,-0.0024437999680201,-0.008929156893794,0.0064853569257739,0.0051425706855296,-0.0003037911184714,0.005446361804001,-0.002250270205703009,0.007069133106370806,-0.009319403312073815,0.008403249073541508,0.027265874006849655,-0.018862624933308147
2024-09-25,KOSPI_ALL,VALUE,0,R-,-0.0067517937818631,-0.008929156893794,0.0021773631119308993,-0.001870203756921,-0.0003037911184714,-0.0015664126384496001,-0.0027583858707410647,0.007069133106370806,-0.009827518977111871,-0.025471073175884706,0.027265874006849655,-0.05273694718273436
2024-09-25,KOSPI_ALL,FLOW,0,N,-0.0083642138901777,-0.008929156893794,0.0005649430036163,-0.0052592384704948,-0.0003037911184714,-0.0049554473520234,-0.0008855514106332896,0.007069133106370806,-0.007954684517004096,-0.0007310861939057167,0.027265874006849655,-0.027996960200755372
2024-10-04,KOSPI_ALL,REVISION,1,N,0.0135696213642903,0.0235582816395729,-0.009988660275282599,-0.0014019706157911,0.009845997050128,-0.011247967665919099,0.004940866488612805,-0.0012013472504301959,0.006142213739043001,0.013352315979501483,0.006648293679109019,0.006704022300392465
2024-10-04,KOSPI_ALL,VALUE,0,N,0.0148595340180674,0.0235582816395729,-0.008698747621505498,-0.0063005912745063,0.009845997050128,-0.0161465883246343,-0.0025474606778153053,-0.0012013472504301959,-0.0013461134273851094,-0.019457686430041865,0.006648293679109019,-0.026105980109150884
2024-10-04,KOSPI_ALL,FLOW,0,N,0.0133581054225025,0.0235582816395729,-0.010200176217070398,-0.0100310786672443,0.009845997050128,-0.0198770757173723,-0.00034243721346494116,-0.0012013472504301959,0.0008589100369652547,-0.0008715055608857769,0.006648293679109019,-0.0075197992399947955
2024-12-16,KOSPI_ALL,REVISION,0,R-,0.0028721109262098,0.0072656732645298,-0.004393562338320001,0.0043347206362559,0.0162719520270058,-0.0119372313907499,0.06283257747461035,0.026060424762961665,0.03677215271164869,0.07286178854734571,0.015415045594059151,0.057446742953286556
2024-12-16,KOSPI_ALL,VALUE,1,N,-0.0011339178510668,0.0072656732645298,-0.0083995911155966,-0.0013308297158057,0.0162719520270058,-0.0176027817428115,-0.004352494787290828,0.026060424762961665,-0.030412919550252493,-0.07909342386854812,0.015415045594059151,-0.09450846946260727
2024-12-16,KOSPI_ALL,FLOW,1,W+,-0.0029056315197547,0.0072656732645298,-0.010171304784284501,-0.008387058462046,0.0162719520270058,-0.0246590104890518,0.002192741771150697,0.026060424762961665,-0.023867682991810968,-0.023042980197467533,0.015415045594059151,-0.038458025791526684
2025-01-02,KOSPI_ALL,REVISION,0,R-,0.0740493174817441,0.0345043904578233,0.0395449270239208,0.0521077720392956,-0.0353723313333959,0.08748010337269149,0.06328471459870544,0.03399004562482921,0.029294668973876226,0.04742035934578248,-0.00565229643679388,0.05307265578257636
2025-01-02,KOSPI_ALL,VALUE,0,R-,0.0253411342655895,0.0345043904578233,-0.009163256192233803,-0.0258221647363659,-0.0353723313333959,0.00955016659703,0.04889360873407966,0.03399004562482921,0.01490356310925045,-0.026736313688392133,-0.00565229643679388,-0.021084017251598253
2025-01-02,KOSPI_ALL,FLOW,0,R-,0.0307273865137187,0.0345043904578233,-0.0037770039441046045,-0.0042689280660884,-0.0353723313333959,0.0311034032673075,0.036512550572113556,0.03399004562482921,0.002522504947284343,-0.004571966658476145,-0.00565229643679388,0.0010803297783177346
2025-03-20,KOSPI_ALL,REVISION,0,W-,-0.0308425685382104,-0.0554534574601158,0.024610888921905397,-0.0064022349471124,-0.0386983796160085,0.0322961446688961,-0.04092614756505564,-0.04853760314397948,0.0076114555789238425,0.05955438899267196,0.020956874431982797,0.03859751456068916
2025-03-20,KOSPI_ALL,VALUE,1,W+,-0.0112332703758128,-0.0554534574601158,0.044220187084302996,0.0407348903573332,-0.0386983796160085,0.0794332699733417,-0.04126052070314723,-0.04853760314397948,0.00727708244083225,0.008947685337908684,0.020956874431982797,-0.012009189094074113
2025-03-20,KOSPI_ALL,FLOW,0,W-,-0.0335243428650061,-0.0554534574601158,0.021929114595109697,-0.005486178181964,-0.0386983796160085,0.0332122014340445,-0.03691790020617658,-0.04853760314397948,0.0116197029378029,0.037441402683477065,0.020956874431982797,0.016484528251494268
2025-03-27,KOSPI_ALL,REVISION,0,W-,-0.0263995750892306,-0.0207073412375782,-0.005692233851652399,0.0374668745837576,0.0527698628174063,-0.015302988233648701,0.019044143040346073,0.028057271125015326,-0.009013128084669253,0.06398322644479149,0.043794288700012896,0.02018893774477859
2025-03-27,KOSPI_ALL,VALUE,0,W-,-0.0359482779244959,-0.0207073412375782,-0.015240936686917696,0.0089672330812097,0.0527698628174063,-0.0438026297361966,0.005109023342371399,0.028057271125015326,-0.022948247782643927,-0.01906362460467559,0.043794288700012896,-0.06285791330468848
2025-03-27,KOSPI_ALL,FLOW,0,N,-0.0368651234672568,-0.0207073412375782,-0.0161577822296786,0.0187805311911259,0.0527698628174063,-0.0339893316262804,0.020412551553608882,0.028057271125015326,-0.007644719571406444,0.04372075007226073,0.043794288700012896,-7.353862775216768e-05
2025-07-24,KOSPI_ALL,REVISION,1,N,0.0107279807110853,-0.0137396897585916,0.0244676704696769,0.0222286279824141,-0.013220763469001,0.035449391451415097,-0.021243644413058482,-0.05161143440677696,0.030367789993718475,0.016903163080780104,-0.022518890459336416,0.03942205354011652
2025-07-24,KOSPI_ALL,VALUE,1,W+,-0.0233027384695656,-0.0137396897585916,-0.009563048710974001,-0.048684876437889,-0.013220763469001,-0.035464112968888,-0.07194653015723562,-0.05161143440677696,-0.020335095750458665,-0.08189540308654886,-0.022518890459336416,-0.05937651262721244
2025-07-24,KOSPI_ALL,FLOW,1,R+,-0.0126187286952595,-0.0137396897585916,0.0011209610633321002,-0.001588910862906,-0.013220763469001,0.011631852606094999,-0.04189508511836715,-0.05161143440677696,0.009716349288409809,-0.009933137563672534,-0.022518890459336416,0.012585752895663882
2025-07-31,KOSPI_ALL,REVISION,1,W+,0.0048063857118493,0.0039628350114664,0.0008435507003828994,0.0051325594172564,0.0077911901530426,-0.0026586307357862006,-0.005948066897806026,-0.007549386251657353,0.001601319353851327,0.021424140675462944,0.01706697762321263,0.004357163052250312
2025-07-31,KOSPI_ALL,VALUE,1,R+,-0.0061136027336642,0.0039628350114664,-0.0100764377451306,-0.03250366747458,0.0077911901530426,-0.0402948576276226,-0.04105552577110683,-0.007549386251657353,-0.033506139519449474,-0.05127825958378718,0.01706697762321263,-0.06834523720699981
2025-07-31,KOSPI_ALL,FLOW,0,R-,0.0082635981298937,0.0039628350114664,0.0043007631184273,0.0020662880975206,0.0077911901530426,-0.005724902055522001,-0.0045249063101825415,-0.007549386251657353,0.0030244799414748114,0.006286524901264023,0.01706697762321263,-0.010780452721948608
2025-08-07,KOSPI_ALL,REVISION,1,W+,-0.0187664502239533,-0.0217347019936719,0.0029682517697185995,-0.020981849771718,-0.0150940738061368,-0.0058877759655812,-0.0025080225491100894,-0.009268120474813402,0.006760097925703312,0.01023887416315672,0.004513293492515613,0.005725580670641106
2025-08-07,KOSPI_ALL,VALUE,0,R-,-0.0326026977849059,-0.0217347019936719,-0.010867995791233997,-0.0070203742226866,-0.0150940738061368,0.008073699583450198,-0.030779303696938376,-0.009268120474813402,-0.021511183222124974,-0.01946980736533821,0.004513293492515613,-0.023983100857853823
2025-08-07,KOSPI_ALL,FLOW,0,N,-0.0109272838364915,-0.0217347019936719,0.0108074181571804,-0.0045314575881252,-0.0150940738061368,0.010562616218011599,-0.01333875321200828,-0.009268120474813402,-0.004070632737194879,-0.005417983789322234,0.004513293492515613,-0.009931277281837847
2025-08-14,KOSPI_ALL,REVISION,0,N,-0.0178325635950931,-0.0209148387915809,0.0030822751964878006,0.0109215953549217,-0.0020171863564927,0.012938781711414401,0.06841124452212632,0.06317380113610915,0.005237443386017171,0.04647809326327201,0.03940379225078239,0.0070743010124896255
2025-08-14,KOSPI_ALL,VALUE,0,R-,-0.0117395617911671,-0.0209148387915809,0.0091752770004138,0.0045651225716315,-0.0020171863564927,0.006582308928124201,0.03570796681078492,0.06317380113610915,-0.027465834325324234,-0.02754869554675432,0.03940379225078239,-0.06695248779753671
2025-08-14,KOSPI_ALL,FLOW,0,N,-0.0269708009168223,-0.0209148387915809,-0.006055962125241399,-0.0058975669682347,-0.0020171863564927,-0.0038803806117419996,0.05052078066580479,0.06317380113610915,-0.012653020470304366,0.024130923154560113,0.03940379225078239,-0.015272869096222275
2025-08-22,KOSPI_ALL,REVISION,0,W-,0.0265231968417944,0.0320818762744804,-0.0055586794326859985,0.0267732816835108,0.0267416586204354,3.1623063075400526e-05,0.08670432991988064,0.08497785164520288,0.0017264782746777563,0.03669313878338509,0.043570183860345724,-0.006877045076960631
2025-08-22,KOSPI_ALL,VALUE,0,R-,0.0092074135532143,0.0320818762744804,-0.0228744627212661,-0.0169602213687735,0.0267416586204354,-0.043701879989208894,0.04548335714198637,0.08497785164520288,-0.039494494503216515,-0.0387938353908166,0.043570183860345724,-0.08236401925116232
2025-08-22,KOSPI_ALL,FLOW,0,N,0.0258933529018478,0.0320818762744804,-0.0061885233726326,0.0147674499865053,0.0267416586204354,-0.0119742086339301,0.10678441750866074,0.08497785164520288,0.02180656586345786,0.058571393729226484,0.043570183860345724,0.01500120986888076
2025-11-21,KOSPI_ALL,REVISION,1,W+,0.0216364877335151,0.022845591574459,-0.0012091038409439009,0.0052450476488121,-0.0042425399927085,0.0094875876415206,0.03808580684623353,0.03443011015740405,0.0036556966888294795,0.010853748725883294,-0.0024712105137091323,0.013324959239592427
2025-11-21,KOSPI_ALL,VALUE,1,W+,0.0223738154893448,0.022845591574459,-0.00047177608511420055,0.0131438654343618,-0.0042425399927085,0.0173864054270703,0.05739808292996518,0.03443011015740405,0.02296797277256113,0.04369662661605367,-0.0024712105137091323,0.0461678371297628
2025-11-21,KOSPI_ALL,FLOW,0,W-,0.0118947561781521,0.022845591574459,-0.0109508353963069,-0.0183726705171636,-0.0042425399927085,-0.014130130524455102,0.024024582903979352,0.03443011015740405,-0.010405527253424696,-0.04134502252761607,-0.0024712105137091323,-0.03887381201390694
2025-11-28,KOSPI_ALL,REVISION,0,N,0.0415608481228835,0.048842195547828,-0.007281347424944504,0.0232792053171866,0.0305142537644157,-0.007235048447229098,0.019335563527264732,0.0010141312740761244,0.018321432253188608,0.01740321253401378,0.00034608229148425096,0.017057130242529528
2025-11-28,KOSPI_ALL,VALUE,1,W+,0.0364908089888571,0.048842195547828,-0.012351386558970903,0.0150093092329827,0.0305142537644157,-0.015504944531433,0.015772548194111558,0.0010141312740761244,0.014758416920035433,-0.006380276865996737,0.00034608229148425096,-0.006726359157480988
2025-11-28,KOSPI_ALL,FLOW,0,W-,0.0260924192489279,0.048842195547828,-0.022749776298900102,0.003465320340072,0.0305142537644157,-0.0270489334243437,-0.00497242027799194,0.0010141312740761244,-0.0059865515520680646,-0.04037446666085842,0.00034608229148425096,-0.04072054895234267
2026-03-10,KOSPI_ALL,REVISION,0,N,0.0234840654581012,0.0245191881130157,-0.001035122654914497,0.0070844196609855,-0.0032767925779725,0.010361212238957999,0.02006040330607206,0.006314129297126714,0.013746274008945347,0.024974917526748186,-0.015409577211749959,0.040384494738498145
2026-03-10,KOSPI_ALL,VALUE,1,W+,0.0231348900748638,0.0245191881130157,-0.0013842980381518974,0.0065782054413662,-0.0032767925779725,0.0098549980193387,0.016262763375276323,0.006314129297126714,0.00994863407814961,0.016454267418811952,-0.015409577211749959,0.03186384463056191
2026-03-10,KOSPI_ALL,FLOW,0,N,0.0268001445525203,0.0245191881130157,0.0022809564395046,0.0129151116786673,-0.0032767925779725,0.0161919042566398,-2.2379539587613628e-05,0.006314129297126714,-0.006336508836714327,0.01838844768692005,-0.015409577211749959,0.03379802489867001
2026-03-31,KOSPI_ALL,REVISION,0,W-,0.0391005820431395,0.0478401528373691,-0.0087395707942296,0.0236552639794625,0.030334467951298,-0.006679203971835499,0.2935807815034843,0.35172814185354784,-0.058147360350063515,0.10227991067695763,0.2171953397677624,-0.11491542909080477
2026-03-31,KOSPI_ALL,VALUE,0,N,0.0155692918942804,0.0478401528373691,-0.0322708609430887,-0.0321977334170511,0.030334467951298,-0.0625322013683491,0.1534331401660498,0.35172814185354784,-0.19829500168749803,-0.1334267474464138,0.2171953397677624,-0.3506220872141762
2026-03-31,KOSPI_ALL,FLOW,0,W-,0.0049915293755467,0.0478401528373691,-0.0428486234618224,-0.0164508988684122,0.030334467951298,-0.0467853668197102,0.19370198660584403,0.35172814185354784,-0.1580261552477038,-0.015973667078474918,0.2171953397677624,-0.23316900684623731
2026-06-15,KOSPI_ALL,REVISION,0,R-,-0.0620768440511226,-0.0632791556703619,0.0012023116192392963,0.015029276844398,0.0188976980595044,-0.0038684212151063983,-0.1809696376410207,-0.1987039643963785,0.0177343267553578,-0.02914399527635847,-0.05488990715190012,0.02574591187554165
2026-06-15,KOSPI_ALL,VALUE,0,W-,-0.0748035151520219,-0.0632791556703619,-0.011524359481660001,0.0023672446241192,0.0188976980595044,-0.0165304534353852,-0.08588904409105402,-0.1987039643963785,0.11281492030532447,0.1895222783980648,-0.05488990715190012,0.2444121855499649
2026-06-15,KOSPI_ALL,FLOW,0,R-,-0.0789512472158554,-0.0632791556703619,-0.01567209154549351,0.0053161533748335,0.0188976980595044,-0.013581544684670899,-0.13392098981942124,-0.1987039643963785,0.06478297457695725,0.05778121139771297,-0.05488990715190012,0.11267111854961309
2026-06-29,KOSPI_ALL,REVISION,0,N,-0.0307625184587314,-0.0099199106062029,-0.0208426078525285,-0.0209773789778519,0.0034565183952059,-0.024433897373057803,-0.1846149322329389,-0.14524811821096462,-0.039366814021974283,-0.095931120508568,0.0010692098483469081,-0.09700033035691491
2026-06-29,KOSPI_ALL,VALUE,0,W-,0.0216988727348074,-0.0099199106062029,0.0316187833410103,0.0723311293819501,0.0034565183952059,0.0688746109867442,-0.0405892223417843,-0.14524811821096462,0.10465889586918031,0.21252409579815756,0.0010692098483469081,0.21145488594981066
2026-06-29,KOSPI_ALL,FLOW,0,W-,-0.0085506627169896,-0.0099199106062029,0.001369247889213299,0.0087603726436974,0.0034565183952059,0.0053038542484915,-0.08973097031350674,-0.14524811821096462,0.055517147897457875,0.07883672674727693,0.0010692098483469081,0.07776751689893002
2026-07-06,KOSPI_ALL,REVISION,0,N,-0.0685845365479326,-0.0650237281330936,-0.003560808414839009,-0.0201358347455519,-0.0209482177358417,0.0008123829902898019,-0.10304624508791904,-0.11135251224087295,0.008306267152953906,-0.05453108726822253,-0.07249008316631433,0.0179589958980918
2026-07-06,KOSPI_ALL,VALUE,1,W+,-0.031407979708499,-0.0650237281330936,0.033615748424594596,0.0570055749337211,-0.0209482177358417,0.0779537926695628,-0.022946689155159516,-0.11135251224087295,0.08840582308571343,0.09245734229978386,-0.07249008316631433,0.1649474254660982
2026-07-06,KOSPI_ALL,FLOW,1,W+,-0.0313582211284817,-0.0650237281330936,0.03366550700461189,0.0329392628078612,-0.0209482177358417,0.053887480543702904,-0.03661507613012638,-0.11135251224087295,0.07473743611074657,0.04972925829927011,-0.07249008316631433,0.12221934146558444
2026-07-13,KOSPI_ALL,REVISION,0,R-,-0.050598366238311,-0.032972559330754,-0.017625806907557003,-0.0217140928365309,0.0235851170560666,-0.0452992098925975,,,,,,
2026-07-13,KOSPI_ALL,VALUE,0,W-,-0.0239754807888584,-0.032972559330754,0.0089970785418956,0.0146061855901554,0.0235851170560666,-0.0089789314659112,,,,,,
2026-07-13,KOSPI_ALL,FLOW,0,W-,-0.0325896612666216,-0.032972559330754,0.00038289806413240035,0.0135954120783647,0.0235851170560666,-0.009989704977701899,,,,,,
2026-07-21,KOSPI_ALL,REVISION,0,R-,-0.0486526016378973,-0.0451605555548445,-0.0034920460830527994,-0.0366654851294167,-0.0045122493504258,-0.032153235778990895,,,,,,
2026-07-21,KOSPI_ALL,VALUE,0,W-,-0.006700849843814,-0.0451605555548445,0.0384597057110305,0.0543545600331052,-0.0045122493504258,0.058866809383531005,,,,,,
2026-07-21,KOSPI_ALL,FLOW,0,W-,-0.0202273348570042,-0.0451605555548445,0.024933220697840302,0.0214762832082737,-0.0045122493504258,0.025988532558699498,,,,,,
2026-08-04,KOSPI_ALL,REVISION,0,R-,,,,,,,,,,,,
2026-08-04,KOSPI_ALL,VALUE,0,W-,,,,,,,,,,,,
2026-08-04,KOSPI_ALL,FLOW,0,W-,,,,,,,,,,,,
2017-02-14,KOSPI_EX_K200,REVISION,1,W+,0.0149140912851143,0.0162212820719247,-0.0013071907868103996,0.0150458574069879,-0.0029721810743211,0.018018038481309,0.005542592754297804,-0.021104935004152003,0.026647527758449807,0.006696380581991068,-0.025089290377045215,0.03178567095903628
2017-02-14,KOSPI_EX_K200,VALUE,1,N,0.0121970387692443,0.0162212820719247,-0.004024243302680398,-0.0068843992342998,-0.0029721810743211,-0.003912218159978701,-0.0009305369022469812,-0.021104935004152003,0.020174398101905022,0.028774780461658045,-0.025089290377045215,0.05386407083870326
2017-02-14,KOSPI_EX_K200,FLOW,1,N,0.0253815889926571,0.0162212820719247,0.0091603069207324,0.0261558933550353,-0.0029721810743211,0.029128074429356398,-0.022489340177467176,-0.021104935004152003,-0.001384405173315173,-0.011804904591127818,-0.025089290377045215,0.013284385785917396
2017-03-08,KOSPI_EX_K200,REVISION,1,W+,-0.0232867869968611,0.0013447806460991,-0.024631567642960202,-0.0214160594477109,0.004840863740695,-0.0262569231884059,0.036599725604257616,-0.04273443050891701,0.07933415611317463,0.007726522138443048,-0.1049036948917782,0.11263021703022125
2017-03-08,KOSPI_EX_K200,VALUE,1,W+,-0.011270387155099,0.0013447806460991,-0.0126151678011981,-0.0008553486942531,0.004840863740695,-0.0056962124349481,0.007573404365290415,-0.04273443050891701,0.050307834874207424,-0.03143342612575306,-0.1049036948917782,0.07347026876602514
2017-03-08,KOSPI_EX_K200,FLOW,1,N,-0.0147298064809578,0.0013447806460991,-0.0160745871270569,-0.0246519807231578,0.004840863740695,-0.0294928444638528,0.02679087894353449,-0.04273443050891701,0.0695253094524515,0.007584427085829626,-0.1049036948917782,0.11248812197760782
2017-03-15,KOSPI_EX_K200,REVISION,1,N,0.0306193682272536,-0.0173201780482449,0.0479395462754985,0.0186644833486399,-0.0172983949497577,0.0359628782983976,0.06517619054192703,-0.05157729596414151,0.11675348650606854,0.03613667243824459,-0.10856781682860484,0.14470448926684942
2017-03-15,KOSPI_EX_K200,VALUE,0,W-,0.0027711169048777,-0.0173201780482449,0.0200912949531226,-0.0044106294385841,-0.0172983949497577,0.012887765511173602,0.008972981864854068,-0.05157729596414151,0.06055027782899558,-0.03882488371559889,-0.10856781682860484,0.06974293311300594
2017-03-15,KOSPI_EX_K200,FLOW,0,N,0.0140336917302293,-0.0173201780482449,0.0313538697784742,0.0149058591966156,-0.0172983949497577,0.032204254146373304,0.03617897232951295,-0.05157729596414151,0.08775626829365446,0.03459911370791069,-0.10856781682860484,0.14316693053651552
2017-03-22,KOSPI_EX_K200,REVISION,1,N,0.0215165903295337,0.0068136220967651,0.0147029682327686,0.014798174069612,-0.0215866803184524,0.0363848543880644,0.04313099170700374,-0.032419741909590294,0.07555073361659403,-0.014532276068103367,-0.11095493222255293,0.09642265615444956
2017-03-22,KOSPI_EX_K200,VALUE,0,W-,0.0143858938448559,0.0068136220967651,0.0075722717480908005,0.0030814927728445,-0.0215866803184524,0.024668173091296902,0.01812716137637027,-0.032419741909590294,0.050546903285960565,-0.0661165987409369,-0.11095493222255293,0.04483833348161603
2017-03-22,KOSPI_EX_K200,FLOW,0,R-,0.0139465167466325,0.0068136220967651,0.007132894649867399,-0.0031612969774266,-0.0215866803184524,0.0184253833410258,0.041530342229924244,-0.032419741909590294,0.07395008413951454,0.015789213367398025,-0.11095493222255293,0.12674414558995095
2017-03-29,KOSPI_EX_K200,REVISION,1,N,0.0080923114697453,-0.033754067212426,0.041846378682171295,-0.0038293018840798,-0.0735362003632747,0.0697068984791949,0.039036069579559074,-0.0367233156890473,0.07575938526860637,-0.025272917522390248,-0.11028194288126669,0.08500902535887644
2017-03-29,KOSPI_EX_K200,VALUE,1,W+,0.0018302390622032,-0.033754067212426,0.0355843062746292,-0.0293008698503877,-0.0735362003632747,0.044235330512887,0.030587887339253106,-0.0367233156890473,0.0673112030283004,-0.04447438649920232,-0.11028194288126669,0.06580755638206437
2017-03-29,KOSPI_EX_K200,FLOW,0,R-,0.0135827832534653,-0.033754067212426,0.0473368504658913,0.0211068485106429,-0.0735362003632747,0.0946430488739176,0.030036002415366303,-0.0367233156890473,0.0667593181044136,0.013325069777247345,-0.11028194288126669,0.12360701265851404
2017-04-05,KOSPI_EX_K200,REVISION,1,N,0.0036387563890129,-0.0079052722668582,0.0115440286558711,0.006172493816786,0.000727496909841,0.0054449969069450006,0.025110163451941947,0.007741203012576525,0.017368960439365422,-0.04227126146513749,-0.03304973829364255,-0.009221523171494939
2017-04-05,KOSPI_EX_K200,VALUE,1,R+,-0.0098969847674468,-0.0079052722668582,-0.0019917125005885997,-0.0084801578869834,0.000727496909841,-0.0092076547968244,0.023437630785410057,0.007741203012576525,0.015696427772833532,-0.03809740854994825,-0.03304973829364255,-0.005047670256305703
2017-04-05,KOSPI_EX_K200,FLOW,1,N,-0.0057213425601496,-0.0079052722668582,0.0021839297067086,0.0014984046737644,0.000727496909841,0.0007709077639234,0.02494411528385898,0.007741203012576525,0.017202912271282456,-0.011070257271825978,-0.03304973829364255,0.02197948102181657
2017-04-12,KOSPI_EX_K200,REVISION,1,W+,0.0092893675217988,0.0025293486735928,0.006760018848206,-0.0311500436582825,-0.0199299155223349,-0.0112201281359476,0.05040019330896173,0.04415020360727251,0.006249989701689218,-0.01790759471228165,-0.020207417694880547,0.002299822982598898
2017-04-12,KOSPI_EX_K200,VALUE,1,R+,0.0118690283238182,0.0025293486735928,0.0093396796502254,-0.0326795066944307,-0.0199299155223349,-0.012749591172095797,0.030897954131607896,0.04415020360727251,-0.013252249475664613,-0.01769305924372455,-0.020207417694880547,0.0025143584511559958
2017-04-12,KOSPI_EX_K200,FLOW,1,W+,0.0192706918246516,0.0025293486735928,0.0167413431510588,-0.0035460008654646,-0.0199299155223349,0.0163839146568703,0.03338524337294757,0.04415020360727251,-0.010764960234324938,0.0011537114527833126,-0.020207417694880547,0.02136112914766386
2017-04-19,KOSPI_EX_K200,REVISION,1,N,0.017506517843386,0.0023355473648487,0.015170970478537299,0.0037378591841494,-0.0208460409972486,0.024583900181398,0.06695389298500487,0.05583763455472068,0.011116258430284187,0.019625170928324165,0.012681926514947817,0.006943244413376348
2017-04-19,KOSPI_EX_K200,VALUE,1,R+,0.0268008309208172,0.0023355473648487,0.0244652835559685,0.026327331100282,-0.0208460409972486,0.0471733720975306,0.02560752313630177,0.05583763455472068,-0.030230111418418915,0.0053917681181936405,0.012681926514947817,-0.007290158396754176
2017-04-19,KOSPI_EX_K200,FLOW,1,W+,0.0027565923203114,0.0023355473648487,0.0004210449554626996,-0.0055794696338623,-0.0208460409972486,0.0152665713633863,0.003316431080507165,0.05583763455472068,-0.05252120347421352,-0.032989459741596505,0.012681926514947817,-0.04567138625654432
2017-04-26,KOSPI_EX_K200,REVISION,1,R+,-0.0054188642329236,0.0108475109722819,-0.0162663752052055,-0.0212016027636443,0.0068857278465318,-0.0280873306101761,0.07436554792667316,0.06103602314676526,0.013329524779907898,0.02613465529668435,-0.0019111508253231158,0.028045806122007466
2017-04-26,KOSPI_EX_K200,VALUE,1,R+,-0.0051204958733555,0.0108475109722819,-0.0159680068456374,-0.0228226270268958,0.0068857278465318,-0.0297083548734276,0.026138006038580075,0.06103602314676526,-0.034898017108185186,-0.012740208435986444,-0.0019111508253231158,-0.010829057610663329
2017-04-26,KOSPI_EX_K200,FLOW,1,N,0.0085722310798878,0.0108475109722819,-0.0022752798923940994,-0.003475821221333,0.0068857278465318,-0.0103615490678648,0.004700459807589263,0.06103602314676526,-0.056335563339176,-0.04594443279489069,-0.0019111508253231158,-0.04403328196956757
2017-09-28,KOSPI_EX_K200,REVISION,0,W-,-0.0035352968447846,-0.0057577192208877,0.0022224223761031,-0.0095528429216576,-0.0334800988073774,0.0239272558857198,0.027444731377526344,0.03438807428862445,-0.006943342911098105,-0.027526524662995433,-0.054256132637960586,0.026729607974965153
2017-09-28,KOSPI_EX_K200,VALUE,0,N,0.0180468626839931,-0.0057577192208877,0.0238045819048808,0.0113432933647385,-0.0334800988073774,0.0448233921721159,0.016276225541915545,0.03438807428862445,-0.018111848746708903,-0.05543340819169773,-0.054256132637960586,-0.0011772755537371449
2017-09-28,KOSPI_EX_K200,FLOW,0,R-,0.0030295002891814,-0.0057577192208877,0.0087872195100691,-0.0140945457222509,-0.0334800988073774,0.019385553085126503,0.026603308050272334,0.03438807428862445,-0.007784766238352114,-0.037558185244522924,-0.054256132637960586,0.016697947393437662
2017-10-13,KOSPI_EX_K200,REVISION,0,N,0.0213203717256438,0.0104253805605431,0.0108949911651007,-0.0192244156955853,-0.0023194602699673,-0.016904955425618,0.0538118248693471,0.059008146264403205,-0.005196321395056103,0.014826706648746413,-0.01098796952635539,0.025814676175101803
2017-10-13,KOSPI_EX_K200,VALUE,0,W-,0.0017953612523528,0.0104253805605431,-0.008630019308190299,-0.0331748529772367,-0.0023194602699673,-0.030855392707269398,0.01728129543738577,0.059008146264403205,-0.041726850827017437,-0.0855591058847156,-0.01098796952635539,-0.07457113635836021
2017-10-13,KOSPI_EX_K200,FLOW,0,R-,0.0130018992307205,0.0104253805605431,0.0025765186701774013,0.0001254320147321,-0.0023194602699673,0.0024448922846994,0.04601096491044965,0.059008146264403205,-0.012997181353953557,0.0021626414989686094,-0.01098796952635539,0.013150611025324
2017-10-20,KOSPI_EX_K200,REVISION,0,R-,0.0108010767810027,0.0118361403721362,-0.0010350635911335008,-0.0143939689247226,-0.0267522017405618,0.012358232815839199,0.06398749578658136,0.08267660332014426,-0.0186891075335629,0.06388155501907655,0.030188906707736107,0.033692648311340445
2017-10-20,KOSPI_EX_K200,VALUE,0,N,0.0060789938173017,0.0118361403721362,-0.005757146554834501,-0.0108271968848194,-0.0267522017405618,0.0159250048557424,-0.017548238384288206,0.08267660332014426,-0.10022484170443247,-0.12855414282612765,0.030188906707736107,-0.15874304953386376
2017-10-20,KOSPI_EX_K200,FLOW,0,R-,0.0185102523637975,0.0118361403721362,0.0066741119916613,-0.0138581213254768,-0.0267522017405618,0.012894080415085,0.056536009696933176,0.08267660332014426,-0.026140593623211084,0.006170199634631279,0.030188906707736107,-0.024018707073104828
2017-10-27,KOSPI_EX_K200,REVISION,1,N,-0.001222249209937,0.0175994019542114,-0.0188216511641484,0.0157187197897243,0.0077383865209746,0.007980333268749699,0.07603746871201422,0.1120935628605495,-0.03605609414853528,0.07556690433877766,0.10892069698470386,-0.033353792645926195
2017-10-27,KOSPI_EX_K200,VALUE,1,N,-0.0095492200417363,0.0175994019542114,-0.027148621995947704,-0.023406392336639,0.0077383865209746,-0.0311447788576136,-0.01859350092129508,0.1120935628605495,-0.13068706378184458,-0.12952460257488418,0.10892069698470386,-0.23844529955958804
2017-10-27,KOSPI_EX_K200,FLOW,1,R+,-0.0079963080911828,0.0175994019542114,-0.025595710045394203,-0.0102048063071191,0.0077383865209746,-0.0179431928280937,0.07754940949147127,0.1120935628605495,-0.034544153369078234,0.029546868832074136,0.10892069698470386,-0.07937382815262972
2017-12-22,KOSPI_EX_K200,REVISION,0,N,0.0070920884501397,0.0635640116772914,-0.056471923227151694,-0.0270910058268928,0.0252567299230852,-0.052347735749978,0.0768568889074086,0.09237711593801867,-0.015520227030610068,-0.03759815279430012,-0.0390127884104845,0.0014146356161843787
2017-12-22,KOSPI_EX_K200,VALUE,0,N,0.0112508405492387,0.0635640116772914,-0.05231317112805269,-0.0479376324753935,0.0252567299230852,-0.07319436239847871,0.06841377362170231,0.09237711593801867,-0.02396334231631636,-0.0501145356859205,-0.0390127884104845,-0.011101747275436002
2017-12-22,KOSPI_EX_K200,FLOW,0,N,0.0319872563399792,0.0635640116772914,-0.03157675533731219,-0.0001224386669046,0.0252567299230852,-0.0253791685899898,0.09172558049774171,0.09237711593801867,-0.0006515354402769624,-0.0316896406328977,-0.0390127884104845,0.007323147777586803
2018-02-07,KOSPI_EX_K200,REVISION,1,R+,-0.0084227594109894,-0.0137785443436002,0.0053557849326108,0.0126726010391836,0.004538518423423,0.0081340826157606,0.06370983139793074,0.022227134814115423,0.041482696583815315,0.051874748330482445,0.022331601930864142,0.029543146399618303
2018-02-07,KOSPI_EX_K200,VALUE,1,W+,-0.0168366818346441,-0.0137785443436002,-0.003058137491043899,-0.0166532105933584,0.004538518423423,-0.0211917290167814,0.013937143120888784,0.022227134814115423,-0.00828999169322664,-0.03730026723905788,0.022331601930864142,-0.059631869169922025
2018-02-07,KOSPI_EX_K200,FLOW,1,W+,-0.0069507951800166,-0.0137785443436002,0.006827749163583601,0.0135713523168057,0.004538518423423,0.0090328338933827,0.02384499531421036,0.022227134814115423,0.0016178605000949364,0.008468632051189973,0.022331601930864142,-0.01386296987967417
2018-02-14,KOSPI_EX_K200,REVISION,0,R-,0.0248745344188382,0.0414266381406026,-0.0165521037217644,0.0041883351250588,0.0205645980859113,-0.016376262960852497,0.05718516231129267,0.06756299241020414,-0.010377830098911467,0.04182583227759884,0.05953273938782333,-0.01770690711022449
2018-02-14,KOSPI_EX_K200,VALUE,0,W-,0.015790502870507,0.0414266381406026,-0.0256361352700956,-0.0228834054329323,0.0205645980859113,-0.0434480035188436,0.003670376591736968,0.06756299241020414,-0.06389261581846717,-0.06534092065737407,0.05953273938782333,-0.1248736600451974
2018-02-14,KOSPI_EX_K200,FLOW,0,W-,0.0291019940174692,0.0414266381406026,-0.012324644123133402,-0.0086085801900639,0.0205645980859113,-0.0291731782759752,0.04486311097063944,0.06756299241020414,-0.022699881439564695,0.03496944285130432,0.05953273938782333,-0.024563296536519008
2018-02-23,KOSPI_EX_K200,REVISION,0,N,-0.007198741911612,-0.0495735452170486,0.042374803305436595,0.032761185574532,-0.0254896495719235,0.0582508351464555,0.015333996181691623,0.05247124651981716,-0.03713725033812554,0.0542703396020876,0.09895604188535434,-0.04468570228326674
2018-02-23,KOSPI_EX_K200,VALUE,0,N,-0.0284665829017078,-0.0495735452170486,0.0211069623153408,0.0026449545390341,-0.0254896495719235,0.0281346041109576,-0.04169138407414197,0.05247124651981716,-0.09416263059395913,-0.05507099821058303,0.09895604188535434,-0.15402704009593737
2018-02-23,KOSPI_EX_K200,FLOW,0,W-,-0.0354033157779639,-0.0495735452170486,0.014170229439084699,0.0087429230151863,-0.0254896495719235,0.0342325725871098,-0.013633548437929632,0.05247124651981716,-0.06610479495774679,0.03272757350926159,0.09895604188535434,-0.06622846837609275
2018-03-05,KOSPI_EX_K200,REVISION,0,W-,0.0542985332533408,0.047190660263637,0.007107872989703799,0.0015667305510071,0.0232888363665075,-0.021722105815500402,0.05425348275239661,0.1429413017369976,-0.08868781898460099,0.03324611814771483,0.13862191228432308,-0.10537579413660825
2018-03-05,KOSPI_EX_K200,VALUE,0,N,0.0450172867866652,0.047190660263637,-0.0021733734769718016,-0.0007121999043686,0.0232888363665075,-0.024001036270876103,-0.006702483216394217,0.1429413017369976,-0.1496437849533918,-0.08481013090515244,0.13862191228432308,-0.22343204318947552
2018-03-05,KOSPI_EX_K200,FLOW,0,W-,0.0386261655485407,0.047190660263637,-0.0085644947150963,-0.0050931744676446,0.0232888363665075,-0.0283820108341521,0.02212165312897474,0.1429413017369976,-0.12081964860802286,-0.00561707544176715,0.13862191228432308,-0.14423898772609023
2018-05-16,KOSPI_EX_K200,REVISION,1,W+,0.01628482987493,0.0092572754546823,0.007027554420247701,0.0317496183395473,0.004353027781073,0.0273965905584743,0.009359442882978186,-0.025517901640732754,0.03487734452371094,0.06553629337478784,0.008998994824115591,0.056537298550672244
2018-05-16,KOSPI_EX_K200,VALUE,1,W+,0.0117895849390662,0.0092572754546823,0.002532309484383901,-0.0044751928897794,0.004353027781073,-0.0088282206708524,-0.043749202660995135,-0.025517901640732754,-0.01823130102026238,-0.021704389639796373,0.008998994824115591,-0.030703384463911965
2018-05-16,KOSPI_EX_K200,FLOW,0,N,0.009644375790673,0.0092572754546823,0.00038710033599070014,-0.0063182461465103,0.004353027781073,-0.0106712739275833,-0.025521253462565396,-0.025517901640732754,-3.3518218326422655e-06,0.01468050432375878,0.008998994824115591,0.005681509499643189
2018-07-02,KOSPI_EX_K200,REVISION,0,W-,-0.005747197658679,-0.0193112190880155,0.0135640214293365,-0.0044666475088568,-0.0263447415108402,0.0218780940019834,0.0033998570330855404,-0.0808003100420156,0.08420016707510114,0.03298832964327647,-0.10330172039436425,0.13629005003764072
2018-07-02,KOSPI_EX_K200,VALUE,0,R-,0.007472416001093,-0.0193112190880155,0.0267836350891085,0.0068985656077477,-0.0263447415108402,0.0332433071185879,0.02593118128509264,-0.0808003100420156,0.10673149132710824,0.06398664802571452,-0.10330172039436425,0.16728836842007877
2018-07-02,KOSPI_EX_K200,FLOW,0,W-,0.001815813460388,-0.0193112190880155,0.0211270325484035,0.0048953649506566,-0.0263447415108402,0.031240106461496803,-0.02043475152427532,-0.0808003100420156,0.06036555851774028,0.008883515577376544,-0.10330172039436425,0.1121852359717408
2018-07-09,KOSPI_EX_K200,REVISION,0,W-,0.0226252675512347,0.0104971831908745,0.0121280843603602,0.0104884821373433,-0.0136999617707742,0.024188443908117502,0.018940238637664253,-0.06816552056078973,0.08710575919845398,0.04061206889502045,-0.10409216639468877,0.14470423528970922
2018-07-09,KOSPI_EX_K200,VALUE,0,R-,0.01605570769964,0.0104971831908745,0.005558524508765501,-0.0173677489331928,-0.0136999617707742,-0.0036677871624186,0.05684042909613263,-0.06816552056078973,0.12500594965692235,0.10683006267339468,-0.10409216639468877,0.21092222906808344
2018-07-09,KOSPI_EX_K200,FLOW,0,W-,0.0071144064680613,0.0104971831908745,-0.0033827767228132005,-0.0127699363101441,-0.0136999617707742,0.0009300254606300993,0.0007370996984064071,-0.06816552056078973,0.06890262025919613,0.007738546485437814,-0.10409216639468877,0.11183071288012658
2018-07-16,KOSPI_EX_K200,REVISION,0,W-,-0.0647085211884199,-0.0824554527943057,0.017746931605885807,-0.0036386326850276,-0.0278383071041775,0.0241996744191499,-0.03203080362920496,-0.10822951755959709,0.07619871393039213,0.04064743569759144,-0.08101224796083817,0.12165968365842961
2018-07-16,KOSPI_EX_K200,VALUE,0,R-,-0.0321580110179196,-0.0824554527943057,0.050297441776386106,0.0475091690413745,-0.0278383071041775,0.075347476145552,0.006424788156519368,-0.10822951755959709,0.11465430571611646,0.14768022786678925,-0.08101224796083817,0.22869247582762742
2018-07-16,KOSPI_EX_K200,FLOW,0,W-,-0.0522099020467248,-0.0824554527943057,0.030245550747580903,0.0212406012088563,-0.0278383071041775,0.0490789083130338,-0.04370279375299169,-0.10822951755959709,0.0645267238066054,0.023193737254106672,-0.08101224796083817,0.10420598521494484
2018-07-23,KOSPI_EX_K200,REVISION,0,W-,0.0551488116555102,0.0109190866874533,0.0442297249680569,0.0306028830077363,-0.0395084051883987,0.070111288196135,0.09308480610093905,0.035802987462647096,0.05728181863829196,0.07940098064087131,-0.035027082549966226,0.11442806319083754
2018-07-23,KOSPI_EX_K200,VALUE,0,N,0.0355309552397964,0.0109190866874533,0.0246118685523431,0.0266008244107438,-0.0395084051883987,0.0661092295991425,0.07512923835095253,0.035802987462647096,0.039326250888305436,0.08366469340712257,-0.035027082549966226,0.1186917759570888
2018-07-23,KOSPI_EX_K200,FLOW,0,W-,0.0243644810536348,0.0109190866874533,0.013445394366181498,-0.0041962942961132,-0.0395084051883987,0.0353121108922855,0.048576653237816236,0.035802987462647096,0.01277366577516914,-0.009794237045926746,-0.035027082549966226,0.02523284550403948
2018-07-30,KOSPI_EX_K200,REVISION,1,W+,0.009651516873225,-0.0058312359801128,0.015482752853337799,0.0028806636639888,-0.0272030256430525,0.0300836893070413,0.05808913714902575,0.06995948599330037,-0.011870348844274625,0.0727547393962189,0.04666031269409321,0.026094426702125695
2018-07-30,KOSPI_EX_K200,VALUE,1,W+,0.0378255382543404,-0.0058312359801128,0.0436567742344532,0.0474432217221205,-0.0272030256430525,0.074646247365173,0.04027760704170569,0.06995948599330037,-0.029681878951594687,0.017785169767043252,0.04666031269409321,-0.028875142927049957
2018-07-30,KOSPI_EX_K200,FLOW,0,N,0.023468577671979,-0.0058312359801128,0.0292998136520918,0.003754921960226,-0.0272030256430525,0.0309579476032785,0.030587557669270682,0.06995948599330037,-0.03937192832402969,-0.017965038433091163,0.04666031269409321,-0.06462535112718437
2018-08-06,KOSPI_EX_K200,REVISION,1,W+,-0.0285301130677634,-0.0329488976399471,0.004418784572183702,0.0105228251434608,0.0117085943103,-0.0011857691668392002,0.06162979801420687,0.09434337714839502,-0.03271357913418815,0.08958810571777165,0.08494476565162667,0.004643340066144974
2018-08-06,KOSPI_EX_K200,VALUE,1,W+,-0.0324143340623318,-0.0329488976399471,0.0005345635776152977,0.0188986040817246,0.0117085943103,0.0071900097714245985,0.0028766914508231434,0.09434337714839502,-0.09146668569757188,-0.04026870385714032,0.08494476565162667,-0.125213469508767
2018-08-06,KOSPI_EX_K200,FLOW,1,N,-0.0376086850714618,-0.0329488976399471,-0.0046597874315146975,0.0023707259381194,0.0117085943103,-0.0093378683721806,0.008780234191772207,0.09434337714839502,-0.08556314295662282,-0.024417084168976366,0.08494476565162667,-0.10936184982060304
2018-08-13,KOSPI_EX_K200,REVISION,0,W-,0.0561833047970145,0.0657398981460848,-0.009556593349070303,0.033465706117388,0.0208076255045336,0.012658080612854401,0.11607488078290706,0.14477776183857838,-0.028702881055671314,0.08775823718168207,0.07745890136082445,0.010299335820857625
2018-08-13,KOSPI_EX_K200,VALUE,1,W+,0.0339125513436257,0.0657398981460848,-0.0318273468024591,-0.0109190043116025,0.0208076255045336,-0.031726629816136095,0.05479253918607374,0.14477776183857838,-0.08998522265250464,-0.04315041921543261,0.07745890136082445,-0.12060932057625706
2018-08-13,KOSPI_EX_K200,FLOW,0,W-,0.0392486377577938,0.0657398981460848,-0.026491260388291,-0.0116844035876322,0.0208076255045336,-0.032492029092165794,0.04771065624347348,0.14477776183857838,-0.0970671055951049,-0.023283240309624587,0.07745890136082445,-0.10074214167044904
2018-09-28,KOSPI_EX_K200,REVISION,1,W+,-0.0483672454444469,-0.0778947579971472,0.029527512552700294,0.0107812223768644,-0.030752072174024,0.0415332945508884,-0.20765072693274522,-0.23609285685662484,0.028442129923879622,-0.03777653934660008,-0.041582814668863044,0.003806275322262964
2018-09-28,KOSPI_EX_K200,VALUE,1,N,-0.0328047499470449,-0.0778947579971472,0.04509000805010229,0.0579855376276608,-0.030752072174024,0.0887376098016848,-0.1580496711145425,-0.23609285685662484,0.07804318574208235,0.15412120707824783,-0.041582814668863044,0.19570402174711088
2018-09-28,KOSPI_EX_K200,FLOW,0,R-,-0.0492948533824627,-0.0778947579971472,0.028599904614684493,0.0243481787610231,-0.030752072174024,0.0551002509350471,-0.1895635407259707,-0.23609285685662484,0.04652931613065414,0.05206855752914041,-0.041582814668863044,0.09365137219800346
2018-10-08,KOSPI_EX_K200,REVISION,0,W-,-0.0725369290215561,-0.0784429246646383,0.005905995643082196,-0.017191289599164,-0.0134635077469846,-0.003727781852179401,-0.10852154410573644,-0.14851215176013588,0.039990607654399435,-0.04669713853184865,-0.05483907097351837,0.00814193244166972
2018-10-08,KOSPI_EX_K200,VALUE,0,W-,-0.0609655711803134,-0.0784429246646383,0.0174773534843249,0.0207454904316365,-0.0134635077469846,0.0342089981786211,-0.09208991711950654,-0.14851215176013588,0.05642223464062934,0.050880342010592106,-0.05483907097351837,0.10571941298411047
2018-10-08,KOSPI_EX_K200,FLOW,0,N,-0.0641247599507897,-0.0784429246646383,0.0143181647138486,0.0073934554168556,-0.0134635077469846,0.0208569631638402,-0.0766453029265487,-0.14851215176013588,0.07186684883358718,0.05170925949557725,-0.05483907097351837,0.10654833046909562
2018-10-16,KOSPI_EX_K200,REVISION,0,N,-0.0170754482953714,-0.0197290739588138,0.002653625663442398,-0.0113560464133247,-0.0040518993159476,-0.007304147097377101,-0.051059360578965984,-0.07445646273630324,0.023397102157337257,-0.041869015910190766,-0.017694214321939516,-0.02417480158825125
2018-10-16,KOSPI_EX_K200,VALUE,0,W-,-0.0088568584769398,-0.0197290739588138,0.010872215481873998,0.0267133082533129,-0.0040518993159476,0.0307652075692605,-0.031182581617269167,-0.07445646273630324,0.043273881119034074,0.04363898235578212,-0.017694214321939516,0.061333196677721635
2018-10-16,KOSPI_EX_K200,FLOW,0,N,-0.020283100643595,-0.0197290739588138,-0.0005540266847811996,-0.0056323337342116,-0.0040518993159476,-0.0015804344182640002,-0.027763528888792743,-0.07445646273630324,0.0466929338475105,0.0223997416125159,-0.017694214321939516,0.040093955934455416
2018-10-23,KOSPI_EX_K200,REVISION,0,R-,-0.0866642173759561,-0.0829527343251494,-0.0037114830508067076,-0.0202621987719032,0.0063981944598415,-0.0266603932317447,-0.012321289369852995,-0.03322556551376343,0.02090427614391044,-0.036783965323804235,-0.04971858018703368,0.012934614863229443
2018-10-23,KOSPI_EX_K200,VALUE,0,W-,-0.064692492705588,-0.0829527343251494,0.0182602416195614,0.040890461907083,0.0063981944598415,0.0344922674472415,-0.02607487201974279,-0.03322556551376343,0.0071506934940206435,-0.01854813796368393,-0.04971858018703368,0.031170442223349748
2018-10-23,KOSPI_EX_K200,FLOW,0,W-,-0.0702748726449701,-0.0829527343251494,0.0126778616801793,0.0252985014681684,0.0063981944598415,0.0189003070083269,0.016065049093673123,-0.03322556551376343,0.049290614607436556,0.0447567516192513,-0.04971858018703368,0.09447533180628498
2018-10-30,KOSPI_EX_K200,REVISION,0,R-,0.0706895651276505,0.0278231005052191,0.0428664646224314,0.0014104529895988,-0.044158132865202,0.0455685858548008,0.10991067642304064,0.057327145331642404,0.05258353109139824,-0.04021456810499158,-0.08819197317893168,0.047977405073940105
2018-10-30,KOSPI_EX_K200,VALUE,0,W-,0.0429668942580369,0.0278231005052191,0.015143793752817804,-0.0366555983846185,-0.044158132865202,0.007502534480583502,0.050362089906678786,0.057327145331642404,-0.006965055424963618,-0.08627367953599052,-0.08819197317893168,0.0019182936429411601
2018-10-30,KOSPI_EX_K200,FLOW,0,W-,0.0831670424200248,0.0278231005052191,0.055343941914805704,0.0239983476747514,-0.044158132865202,0.0681564805399534,0.10422391900886452,0.057327145331642404,0.046896773677222114,0.0029532500264282113,-0.08819197317893168,0.0911452232053599
2018-11-06,KOSPI_EX_K200,REVISION,0,R-,-0.0127552788352876,0.001706832410372,-0.0144621112456596,-0.0122137308827862,0.025307409946401,-0.0375211408291872,0.047653786864989556,0.04347224165208874,0.004181545212900817,-0.05289954582449463,-0.054297847677921784,0.001398301853427153
2018-11-06,KOSPI_EX_K200,VALUE,0,W-,0.0020297475001608,0.001706832410372,0.0003229150897888001,0.0137117826756239,0.025307409946401,-0.0115956272707771,0.015297526154874008,0.04347224165208874,-0.02817471549721473,-0.0416372846934876,-0.054297847677921784,0.012660562984434187
2018-11-06,KOSPI_EX_K200,FLOW,0,W-,-0.0145801568241571,0.001706832410372,-0.0162869892345291,-0.0206810492337747,0.025307409946401,-0.0459884591801757,0.02839253719156032,0.04347224165208874,-0.01507970446052842,-0.031313654284107706,-0.054297847677921784,0.02298419339381408
2018-11-20,KOSPI_EX_K200,REVISION,0,R-,0.0263673048565131,0.0029422923925923,0.0234250124639208,-0.0237516456921441,-0.0343471599525503,0.010595514260406197,-0.013846413066089136,-0.03032793002189249,0.016481516955803355,-0.02246504564414209,-0.013100886082254348,-0.009364159561887742
2018-11-20,KOSPI_EX_K200,VALUE,0,N,0.0087136267902926,0.0029422923925923,0.005771334397700301,-0.0309366678553924,-0.0343471599525503,0.0034104920971578974,-0.017844328994579217,-0.03032793002189249,0.012483601027313274,-0.008713742609114505,-0.013100886082254348,0.004387143473139843
2018-11-20,KOSPI_EX_K200,FLOW,1,W+,0.010392715156114,0.0029422923925923,0.007450422763521701,-0.0157264236857624,-0.0343471599525503,0.018620736266787896,-0.05955081657365091,-0.03032793002189249,-0.02922288655175842,-0.0275495812587635,-0.013100886082254348,-0.014448695176509152
2018-12-11,KOSPI_EX_K200,REVISION,1,R+,-0.0023132216065454,0.0138484459527472,-0.0161616675592926,0.0049936066513123,0.0245753753512779,-0.0195817686999656,-0.00706703652228069,-0.05330075695654268,0.04623372043426199,-0.0020511724272505027,-0.11842042395438213,0.11636925152713162
2018-12-11,KOSPI_EX_K200,VALUE,0,R-,0.0212934570447926,0.0138484459527472,0.007445011092045399,0.018712418450642,0.0245753753512779,-0.005862956900635898,0.041721779604199094,-0.05330075695654268,0.09502253656074178,0.04922774809168251,-0.11842042395438213,0.16764817204606464
2018-12-11,KOSPI_EX_K200,FLOW,0,N,-0.0164968812331208,0.0138484459527472,-0.030345327185868,-0.0082199268075068,0.0245753753512779,-0.0327953021587847,0.026190975091313407,-0.05330075695654268,0.07949173204785609,0.015080047857989998,-0.11842042395438213,0.13350047181237212
2019-01-04,KOSPI_EX_K200,REVISION,0,N,0.0278348416547287,-0.010428396491654,0.0382632381463827,-0.0101150522864994,-0.0805146751520881,0.0703996228655887,0.05833754691768411,0.06550336309691618,-0.007165816179232065,-0.04780329482647483,-0.07027842709455312,0.02247513226807829
2019-01-04,KOSPI_EX_K200,VALUE,0,W-,0.0300987169908384,-0.010428396491654,0.0405271134824924,-8.665178136630161e-05,-0.0805146751520881,0.0804280233707218,0.07586959547768446,0.06550336309691618,0.010366232380768281,0.04264986566044193,-0.07027842709455312,0.11292829275499505
2019-01-04,KOSPI_EX_K200,FLOW,0,W-,0.0486974079177214,-0.010428396491654,0.0591258044093754,0.0005356045422415,-0.0805146751520881,0.0810502796943296,0.13088729581278402,0.06550336309691618,0.06538393271586784,0.010490965861672308,-0.07027842709455312,0.08076939295622543
2019-01-11,KOSPI_EX_K200,REVISION,0,N,-0.0018194964808615,0.0516797400050615,-0.053499236485923,-0.0168933954498887,0.0362304880953448,-0.0531238835452335,0.03496712089288723,0.059887253282134845,-0.024920132389247618,-0.04886902842750218,-0.0331473843319805,-0.01572164409552168
2019-01-11,KOSPI_EX_K200,VALUE,1,W+,0.0099776166473825,0.0516797400050615,-0.041702123357679005,0.0151582855698949,0.0362304880953448,-0.0210722025254499,0.0488444697854129,0.059887253282134845,-0.011042783496721942,0.02988887681575636,-0.0331473843319805,0.06303626114773686
2019-01-11,KOSPI_EX_K200,FLOW,1,W+,0.0108273653942111,0.0516797400050615,-0.0408523746108504,-0.0137101814165501,0.0362304880953448,-0.0499406695118949,0.08456404533389361,0.059887253282134845,0.024676792051758767,0.012831528758508348,-0.0331473843319805,0.04597891309048885
2019-01-18,KOSPI_EX_K200,REVISION,0,R-,0.0152341077757265,0.0126403481986496,0.002593759577076901,-0.0132416763252989,-0.0280618197467304,0.014820143421431502,0.06002704008515858,-0.0006395411828978848,0.06066658126805646,-0.06272934375484285,-0.09943710833894281,0.03670776458409997
2019-01-18,KOSPI_EX_K200,VALUE,1,W+,0.0290834125063637,0.0126403481986496,0.0164430643077141,0.0207692189071747,-0.0280618197467304,0.048831038653905104,0.05480239932379671,-0.0006395411828978848,0.0554419405066946,-0.026195176053647184,-0.09943710833894281,0.07324193228529563
2019-01-18,KOSPI_EX_K200,FLOW,1,N,0.0436038405382478,0.0126403481986496,0.0309634923395982,-0.0019716720839727,-0.0280618197467304,0.0260901476627577,0.08008831898790492,-0.0006395411828978848,0.0807278601708028,0.020873203923348127,-0.09943710833894281,0.12031031226229094
2019-02-20,KOSPI_EX_K200,REVISION,1,R+,0.012790080216693,0.0043695276304705,0.008420552586222499,-0.0089043437982913,-0.010032615522162,0.0011282717238706996,0.06769853264945191,-0.028247250561874715,0.09594578321132663,0.08482651584661083,-0.05049594720406536,0.1353224630506762
2019-02-20,KOSPI_EX_K200,VALUE,1,N,0.0129768279412751,0.0043695276304705,0.008607300310804599,-0.009744942388859,-0.010032615522162,0.0002876731333029993,0.011235173263059783,-0.028247250561874715,0.0394824238249345,-0.0534129858273078,-0.05049594720406536,-0.0029170386232424406
2019-02-20,KOSPI_EX_K200,FLOW,1,W+,0.0039117653497779,0.0043695276304705,-0.0004577622806925998,-0.0094450516605093,-0.010032615522162,0.0005875638616526999,0.004694079180789235,-0.028247250561874715,0.03294132974266395,0.022895065684562788,-0.05049594720406536,0.07339101288862815
2019-02-27,KOSPI_EX_K200,REVISION,1,R+,0.0046515499670402,-0.0640658218484803,0.0687173718155205,0.0309784180011256,-0.0618439483876717,0.0928223663887973,0.05332419633582686,-0.04143188331379011,0.09475607964961696,0.15218983704973432,-0.0038008157742978055,0.15599065282403213
2019-02-27,KOSPI_EX_K200,VALUE,1,R+,-0.0136837906971294,-0.0640658218484803,0.0503820311513509,-0.0260157466538909,-0.0618439483876717,0.035828201733780804,-0.03529414182332069,-0.04143188331379011,0.006137741490469417,-0.06373276564969532,-0.0038008157742978055,-0.05993194987539752
2019-02-27,KOSPI_EX_K200,FLOW,1,N,-0.016084111182906,-0.0640658218484803,0.047981710665574294,0.0261398588426535,-0.0618439483876717,0.0879838072303252,-0.030820659767808345,-0.04143188331379011,0.010611223545981763,0.02797039385668465,-0.0038008157742978055,0.031771209630982455
2019-03-07,KOSPI_EX_K200,REVISION,1,N,0.0441728794636402,0.0374801689888647,0.006692710474775501,0.0351034432066276,0.0046967843300983,0.030406658876529304,0.0644870234678292,0.028733617472986195,0.035753405994843,0.11683356361170127,0.006135171241807624,0.11069839236989365
2019-03-07,KOSPI_EX_K200,VALUE,1,R+,0.0226945334782291,0.0374801689888647,-0.014785635510635598,-0.0103668960116395,0.0046967843300983,-0.0150636803417378,0.01022431236699517,0.028733617472986195,-0.018509305105991025,-0.012527549430022544,0.006135171241807624,-0.01866272067183017
2019-03-07,KOSPI_EX_K200,FLOW,1,W+,0.0347302933146307,0.0374801689888647,-0.002749875674234001,0.014960190641973,0.0046967843300983,0.0102634063118747,0.010146760710589398,0.028733617472986195,-0.018586856762396797,-0.021642818549576837,0.006135171241807624,-0.02777798979138446
2019-03-14,KOSPI_EX_K200,REVISION,1,W+,0.0049427913879749,-0.0035921528228761,0.008534944210850999,0.0256788302216316,0.0175736200873654,0.0081052101342662,0.04924249027400096,0.00804275996084347,0.04119973031315749,0.07729584875740514,-0.028176861921880958,0.1054727106792861
2019-03-14,KOSPI_EX_K200,VALUE,1,R+,-0.010329668458776,-0.0035921528228761,-0.0067375156358999,-0.0082839929175849,0.0175736200873654,-0.025857613004950302,-0.010239827328484719,0.00804275996084347,-0.01828258728932819,-0.011272093177096099,-0.028176861921880958,0.01690476874478486
2019-03-14,KOSPI_EX_K200,FLOW,1,W+,-0.0170008073073256,-0.0035921528228761,-0.013408654484449499,-0.0084903488240718,0.0175736200873654,-0.026063968911437203,-0.004019479150384364,0.00804275996084347,-0.012062239111227835,-0.032739794972391656,-0.028176861921880958,-0.004562933050510698
2019-03-21,KOSPI_EX_K200,REVISION,1,W+,-0.0008450281804427,-0.0092576459244069,0.0084126177439642,0.0526386716576253,0.0386524395792413,0.013986232078384002,0.045353901625078574,-0.008465581783862364,0.05381948340894094,0.015166681904082768,-0.06591038079774847,0.08107706270183124
2019-03-21,KOSPI_EX_K200,VALUE,1,R+,-0.0336326247841401,-0.0092576459244069,-0.0243749788597332,-0.020540795289381,0.0386524395792413,-0.059193234868622296,-0.005808856014878239,-0.008465581783862364,0.002656725768984125,0.0011581204492174813,-0.06591038079774847,0.06706850124696595
2019-03-21,KOSPI_EX_K200,FLOW,1,W+,-0.0315753197367538,-0.0092576459244069,-0.0223176738123469,-0.0045301863884029,0.0386524395792413,-0.043182625967644196,0.0021100656667623063,-0.008465581783862364,0.01057564745062467,-0.0328890007240219,-0.06591038079774847,0.03302138007372657
2019-04-18,KOSPI_EX_K200,REVISION,1,N,-0.0059752211550392,-0.0288729663270318,0.0228977451719926,0.0120927183932106,-0.0208363191432716,0.0329290375364822,-0.05765624746499387,-0.04499643157099331,-0.012659815894000559,0.02226058290260524,0.027518331591752432,-0.00525774868914719
2019-04-18,KOSPI_EX_K200,VALUE,0,N,-0.0091954620416014,-0.0288729663270318,0.0196775042854304,-0.0043300674591516,-0.0208363191432716,0.016506251684119996,-0.053383864297733896,-0.04499643157099331,-0.008387432726740585,-0.033969845384388964,0.027518331591752432,-0.061488176976141395
2019-04-18,KOSPI_EX_K200,FLOW,1,R+,-0.0168851259662789,-0.0288729663270318,0.0119878403607529,-0.0020260461156911,-0.0208363191432716,0.0188102730275805,-0.07973414036282267,-0.04499643157099331,-0.03473770879182936,-0.025163965237345765,0.027518331591752432,-0.052682296829098196
2019-04-25,KOSPI_EX_K200,REVISION,1,R+,0.0225255926201296,0.0212848233206606,0.0012407692994690009,0.0246128240993446,-0.0013884896614428,0.0260013137607874,-0.07110234149068584,-0.04094621529744735,-0.030156126193238486,0.011896347092875903,0.06854200013280587,-0.056645653039929966
2019-04-25,KOSPI_EX_K200,VALUE,1,N,0.0061636685797349,0.0212848233206606,-0.0151211547409257,0.0036589588107091,-0.0013884896614428,0.0050474484721519,-0.062079242652042343,-0.04094621529744735,-0.02113302735459499,-0.02169707477028937,0.06854200013280587,-0.09023907490309524
2019-04-25,KOSPI_EX_K200,FLOW,1,R+,0.0087901801898456,0.0212848233206606,-0.012494643130815001,-0.0038349303866411,-0.0013884896614428,-0.0024464407251983,-0.08735796533134987,-0.04094621529744735,-0.04641175003390252,-0.026480257017127085,0.06854200013280587,-0.09502225714993295
2019-05-03,KOSPI_EX_K200,REVISION,1,N,-0.0574738994220005,-0.0563419914739153,-0.001131907948085202,-0.0145956879901421,0.0161323672299089,-0.030728055220051,-0.09327380500866189,-0.06420520753098402,-0.02906859747767787,-0.00521476074571714,0.06416727975642633,-0.06938204050214347
2019-05-03,KOSPI_EX_K200,VALUE,0,N,-0.0499446272116328,-0.0563419914739153,0.006397364262282497,-0.0071151195791157,0.0161323672299089,-0.0232474868090246,-0.06561824344156464,-0.06420520753098402,-0.0014130359105806178,-0.005621938318125741,0.06416727975642633,-0.06978921807455207
2019-05-03,KOSPI_EX_K200,FLOW,1,N,-0.0634252499081488,-0.0563419914739153,-0.007083258434233498,-0.0114872092698328,0.0161323672299089,-0.0276195764997417,-0.09482245665606948,-0.06420520753098402,-0.030617249125085455,-0.030451285728997357,0.06416727975642633,-0.09461856548542369
2019-05-13,KOSPI_EX_K200,REVISION,0,N,-0.0163409933470159,0.0203929333454685,-0.0367339266924844,0.0003847654747679,0.0341592707836834,-0.0337745053089155,-0.016204864425943932,0.0388005174217092,-0.055005381847653134,-0.002112842547334126,0.03824937404625506,-0.040362216593589184
2019-05-13,KOSPI_EX_K200,VALUE,0,N,-0.000533214136801,0.0203929333454685,-0.0209261474822695,-0.0263783381217581,0.0341592707836834,-0.060537608905441506,0.020071216342447018,0.0388005174217092,-0.018729301079262184,0.007382466886274308,0.03824937404625506,-0.03086690715998075
2019-05-13,KOSPI_EX_K200,FLOW,0,R-,-0.0092461862677257,0.0203929333454685,-0.0296391196131942,-0.0080294808825924,0.0341592707836834,-0.0421887516662758,0.007979676660795354,0.0388005174217092,-0.030820840760913848,-0.014778822146949921,0.03824937404625506,-0.05302819619320498
2019-06-25,KOSPI_EX_K200,REVISION,0,N,0.0045649162406324,-0.0056143331037966,0.010179249344429,0.0193917920794981,-0.0015207975809498,0.0209125896604479,-0.039057736779712804,-0.08561682171983087,0.04655908494011807,0.022777608363008683,-0.017264578994519164,0.04004218735752785
2019-06-25,KOSPI_EX_K200,VALUE,1,W+,0.0017096085491186,-0.0056143331037966,0.0073239416529152,0.0230226064411685,-0.0015207975809498,0.024543404022118298,-0.0535782518964143,-0.08561682171983087,0.032038569823416574,0.014662233249416845,-0.017264578994519164,0.03192681224393601
2019-06-25,KOSPI_EX_K200,FLOW,1,R+,-0.0049993879676418,-0.0056143331037966,0.0006149451361547997,-0.014187337791649,-0.0015207975809498,-0.0126665402106992,-0.06706289558055134,-0.08561682171983087,0.01855392613927953,-0.030470512363841573,-0.017264578994519164,-0.013205933369322409
2019-07-02,KOSPI_EX_K200,REVISION,0,N,-0.0449406106121652,-0.0689324733648038,0.023991862752638607,0.0008654073338067,0.0011833310244376,-0.00031792369063090014,-0.08286810554479573,-0.12323785721799951,0.04036975167320378,0.045199241198060625,0.00832696897177665,0.036872272226283975
2019-07-02,KOSPI_EX_K200,VALUE,1,W+,-0.0566646237447243,-0.0689324733648038,0.012267849620079506,-0.0096596495056004,0.0011833310244376,-0.010842980530038,-0.11189020607149913,-0.12323785721799951,0.011347651146500382,-0.008666199341624048,0.00832696897177665,-0.016993168313400697
2019-07-02,KOSPI_EX_K200,FLOW,1,R+,-0.0569992544124668,-0.0689324733648038,0.011933218952337003,-0.0076431985809307,0.0011833310244376,-0.0088265296053683,-0.10882738215048504,-0.12323785721799951,0.014410475067514472,-0.01016083532786749,0.00832696897177665,-0.01848780429964414
2019-07-09,KOSPI_EX_K200,REVISION,0,N,0.0003287360706776,0.0069241961963708,-0.006595460125693201,-0.0170923787997585,-0.0087757471488485,-0.008316631650910001,-0.09951824751778293,-0.11706802398881899,0.01754977647103606,0.08278117735309798,0.05316041129242266,0.02962076606067532
2019-07-09,KOSPI_EX_K200,VALUE,0,W-,0.0092035549754476,0.0069241961963708,0.0022793587790768,0.0015747328696458,-0.0087757471488485,0.0103504800184943,-0.1201763333884428,-0.11706802398881899,-0.00310830939962381,0.016192489505386654,0.05316041129242266,-0.03696792178703601
2019-07-09,KOSPI_EX_K200,FLOW,0,R-,-0.0024863938470868,0.0069241961963708,-0.0094105900434576,-0.0305559717794275,-0.0087757471488485,-0.021780224630579,-0.14293652672601032,-0.11706802398881899,-0.025868502737191323,-0.004881740605948814,0.05316041129242266,-0.058042151898371475
2019-09-11,KOSPI_EX_K200,REVISION,1,R+,0.0298053438463022,0.0273966386288849,0.0024087052174173,0.0262694902255076,0.0028166491127289,0.0234528411127787,0.0072146071719687566,-0.02779173160782955,0.03500633877979831,0.0167667472460149,-0.04622975412000396,0.06299650136601886
2019-09-11,KOSPI_EX_K200,VALUE,1,N,0.0163430098835206,0.0273966386288849,-0.011053628745364301,0.0052727576099888,0.0028166491127289,0.0024561084972599,-0.025776718048141634,-0.02779173160782955,0.002015013559687917,-0.03305595619512558,-0.04622975412000396,0.013173797924878383
2019-09-11,KOSPI_EX_K200,FLOW,1,N,0.0143745622112339,0.0273966386288849,-0.013022076417651,-0.002096353513086,0.0028166491127289,-0.0049130026258148995,-0.03130196900320259,-0.02779173160782955,-0.0035102373953730392,-0.032135485979652656,-0.04622975412000396,0.014094268140351307
2019-10-15,KOSPI_EX_K200,REVISION,1,N,-7.460680863457976e-05,-0.0017021029289417,0.0016274961203071204,0.0025158775687826,-0.0040423671153422,0.0065582446841248,0.06913033685743541,0.030937571417234855,0.03819276544020056,0.03957293991335309,0.005237210660055114,0.034335729253297975
2019-10-15,KOSPI_EX_K200,VALUE,0,R-,0.0050473551289261,-0.0017021029289417,0.0067494580578678,0.0165500998102667,-0.0040423671153422,0.0205924669256089,0.027688168182588013,0.030937571417234855,-0.0032494032346468416,-0.00243887117633923,0.005237210660055114,-0.007676081836394344
2019-10-15,KOSPI_EX_K200,FLOW,0,R-,-0.0013505155029169,-0.0017021029289417,0.00035158742602480007,-0.004923125892878,-0.0040423671153422,-0.0008807587775358002,0.053799394748559326,0.030937571417234855,0.02286182333132447,0.00033951853595826087,0.005237210660055114,-0.004897692124096853
2019-10-22,KOSPI_EX_K200,REVISION,0,N,-0.0046661924696384,0.0017248050796109,-0.0063909975492492995,0.0045549614641558,0.0173664701574774,-0.0128115086933216,0.09935555132084994,0.01364850371732218,0.08570704760352776,0.09473766982576759,-0.01519035762305998,0.10992802744882757
2019-10-22,KOSPI_EX_K200,VALUE,0,N,-0.0069273184971794,0.0017248050796109,-0.0086521235767903,0.0045634833983338,0.0173664701574774,-0.012802986759143601,0.009358188893523023,0.01364850371732218,-0.004290314823799157,-0.0490976006905981,-0.01519035762305998,-0.03390724306753812
2019-10-22,KOSPI_EX_K200,FLOW,0,R-,0.0111151387617764,0.0017248050796109,0.0093903336821655,0.0193899722494842,0.0173664701574774,0.002023502092006798,0.03680681773152106,0.01364850371732218,0.023158314014198877,-0.010515665707057753,-0.01519035762305998,0.004674691916002227
2019-10-29,KOSPI_EX_K200,REVISION,0,R-,0.034970379518387,0.0311322093937056,0.0038381701246814025,0.0052567718491506,0.0051212934036485,0.00013547844550210013,0.092302411343409,-0.008409907001925232,0.10071231834533423,0.08427752862949611,-0.03598195318477215,0.12025948181426827
2019-10-29,KOSPI_EX_K200,VALUE,0,N,0.0102017092866126,0.0311322093937056,-0.020930500107093,-0.0235222197424591,0.0051212934036485,-0.0286435131461076,0.008605375623318645,-0.008409907001925232,0.017015282625243877,-0.03832512306788938,-0.03598195318477215,-0.0023431698831172243
2019-10-29,KOSPI_EX_K200,FLOW,0,N,0.0350799683869594,0.0311322093937056,0.003947758993253798,0.0048472975569484,0.0051212934036485,-0.00027399584670009976,0.0012726147809065669,-0.008409907001925232,0.009682521782831799,-0.03438320847798548,-0.03598195318477215,0.00159874470678667
2019-11-26,KOSPI_EX_K200,REVISION,1,W+,-0.0280790083628404,-0.0427090631154714,0.014630054752631003,-0.0072990410837877,-0.0160686173470612,0.0087695762632735,2.2792875225441378e-05,-0.0632455314009549,0.06326832427618034,-0.015344774128362215,-0.05699884724677562,0.041654073118413404
2019-11-26,KOSPI_EX_K200,VALUE,1,R+,-0.0234946409974816,-0.0427090631154714,0.0192144221179898,0.0004592003558232,-0.0160686173470612,0.0165278177028844,0.02899139818522345,-0.0632455314009549,0.09223692958617835,0.02817873538744342,-0.05699884724677562,0.08517758263421904
2019-11-26,KOSPI_EX_K200,FLOW,1,R+,-0.0352061685572786,-0.0427090631154714,0.0075028945581928005,-0.0013237452318944,-0.0160686173470612,0.014744872115166799,-0.03844341316415023,-0.0632455314009549,0.02480211823680467,-0.023418068456045216,-0.05699884724677562,0.0335807787907304
2019-12-03,KOSPI_EX_K200,REVISION,1,W+,-0.0005722248638737,-0.0092454566714735,0.0086732318075998,-0.0080544541803759,0.002145579915519,-0.0102000340958949,0.04908659726984088,-0.014962906412612664,0.06404950368245355,0.011069396473380122,-0.06962278775508823,0.08069218422846836
2019-12-03,KOSPI_EX_K200,VALUE,0,N,0.0021994325572788,-0.0092454566714735,0.011444889228752298,-0.0014413397866523,0.002145579915519,-0.0035869197021713,0.019292398422303236,-0.014962906412612664,0.0342553048349159,-0.026011653811430557,-0.06962278775508823,0.043611133943657676
2019-12-03,KOSPI_EX_K200,FLOW,0,R-,-0.0194818274912565,-0.0092454566714735,-0.010236370819783002,-0.0360900445934302,0.002145579915519,-0.038235624508949205,0.02273038228074098,-0.014962906412612664,0.037693288693353644,-0.016421845518037603,-0.06962278775508823,0.05320094223705063
2019-12-10,KOSPI_EX_K200,REVISION,0,W-,0.0179107748086902,0.0071564651632871,0.010754309645403099,0.0005207807997583,-0.0233729181352188,0.0238936989349771,0.07113152678934309,0.021449261449574708,0.04968226533976838,0.07463073277118148,-0.009563680831857102,0.08419441360303859
2019-12-10,KOSPI_EX_K200,VALUE,0,N,0.0426175640242474,0.0071564651632871,0.0354610988609603,0.0185844895696464,-0.0233729181352188,0.041957407704865196,-0.015078086723678052,0.021449261449574708,-0.03652734817325276,-0.07040243760541764,-0.009563680831857102,-0.06083875677356054
2019-12-10,KOSPI_EX_K200,FLOW,0,R-,0.0253273481246448,0.0071564651632871,0.0181708829613577,0.0096146089333998,-0.0233729181352188,0.0329875270686186,0.04980584325218107,0.021449261449574708,0.028356581802606362,0.046886083638189247,-0.009563680831857102,0.05644976447004635
2019-12-17,KOSPI_EX_K200,REVISION,0,N,0.011388032171265,-0.0193392154267752,0.0307272475980402,-0.0005713295981738,-0.0207629598134601,0.020191630215286298,0.04765147589936758,0.01610611854116928,0.0315453573581983,0.061049438533895106,-0.006685980143723458,0.06773541867761856
2019-12-17,KOSPI_EX_K200,VALUE,1,W+,0.0084582517858775,-0.0193392154267752,0.0277974672126527,0.0104122293356773,-0.0207629598134601,0.0311751891491374,-0.02864652319808736,0.01610611854116928,-0.04475264173925664,-0.07031851510221943,-0.006685980143723458,-0.06363253495849597
2019-12-17,KOSPI_EX_K200,FLOW,0,R-,-0.0086611169497377,-0.0193392154267752,0.010678098477037498,0.0048283254882943,-0.0207629598134601,0.025591285301754398,0.04743470225708113,0.01610611854116928,0.03132858371591185,0.042500423464161274,-0.006685980143723458,0.04918640360788473
2019-12-24,KOSPI_EX_K200,REVISION,1,N,0.0196060461783676,0.0066320618641182,0.012973984314249402,0.019330962796113,-0.0292404901518901,0.048571452948003094,-0.02658888420587635,-0.02197245793506508,-0.004616426270811269,0.034903364699568895,0.0026513971906036993,0.032251967508965196
2019-12-24,KOSPI_EX_K200,VALUE,1,W+,-0.0326989212880256,0.0066320618641182,-0.039330983152143804,-0.0522702245767462,-0.0292404901518901,-0.023029734424856105,-0.0709099308519694,-0.02197245793506508,-0.04893747291690431,-0.0832310392966693,0.0026513971906036993,-0.085882436487273
2019-12-24,KOSPI_EX_K200,FLOW,0,R-,0.0261735789263142,0.0066320618641182,0.019541517062196,0.0058307612110068,-0.0292404901518901,0.0350712513628969,0.01189322026138484,-0.02197245793506508,0.03386567819644992,0.033316718968541936,0.0026513971906036993,0.030665321777938237
2020-01-03,KOSPI_EX_K200,REVISION,1,N,0.0204292014435884,0.0273780582974099,-0.006948856853821499,0.0543046525702233,0.0668375862809391,-0.012532933710715795,-0.03226681341068849,-0.044692915947756595,0.012426102537068107,0.032183200366040055,0.01879397153155349,0.013389228834486566
2020-01-03,KOSPI_EX_K200,VALUE,1,N,-0.0315946786941519,0.0273780582974099,-0.058972736991561796,-0.0469519475517292,0.0668375862809391,-0.1137895338326683,-0.047399872307426594,-0.044692915947756595,-0.0027069563596699986,-0.052404460920158935,0.01879397153155349,-0.07119843245171242
2020-01-03,KOSPI_EX_K200,FLOW,1,R+,0.0064761199516902,0.0273780582974099,-0.020901938345719698,0.0259519425041797,0.0668375862809391,-0.04088564377675939,-0.010735846543534322,-0.044692915947756595,0.03395706940422227,0.047183892361323254,0.01879397153155349,0.028389920829769766
2020-02-11,KOSPI_EX_K200,REVISION,0,R-,0.0079942075331352,0.0042176346472809,0.0037765728858543002,0.004177952079799,0.0236893849801169,-0.019511432900317902,-0.12909241908024938,-0.11045833474236066,-0.018634084337888712,0.0016979993192804965,0.015025466459259729,-0.013327467139979232
2020-02-11,KOSPI_EX_K200,VALUE,0,N,-0.0137465027743304,0.0042176346472809,-0.0179641374216113,-0.0270946276608314,0.0236893849801169,-0.0507840126409483,-0.13688484878171114,-0.11045833474236066,-0.02642651403935048,-0.05807657846609626,0.015025466459259729,-0.07310204492535599
2020-02-11,KOSPI_EX_K200,FLOW,1,N,-0.0189867204987994,0.0042176346472809,-0.0232043551460803,-0.0257422948296226,0.0236893849801169,-0.049431679809739504,-0.13620548590537818,-0.11045833474236066,-0.025747151163017512,-0.022099979726632135,0.015025466459259729,-0.037125446185891864
2020-08-18,KOSPI_EX_K200,REVISION,1,N,0.023824063235532,0.1221269529290196,-0.09830288969348759,0.034593987144101,0.1173196759290507,-0.0827256887849497,0.16549881801938615,0.29472625848409484,-0.1292274404647087,0.13554191934420778,0.20798008641447274,-0.07243816707026496
2020-08-18,KOSPI_EX_K200,VALUE,1,N,0.0082479944412401,0.1221269529290196,-0.1138789584877795,-0.0246110873798629,0.1173196759290507,-0.1419307633089136,0.13439925685576504,0.29472625848409484,-0.1603270016283298,-0.006532654845220032,0.20798008641447274,-0.21451274125969277
2020-08-18,KOSPI_EX_K200,FLOW,1,N,0.0368887490643693,0.1221269529290196,-0.0852382038646503,-0.0356433225802094,0.1173196759290507,-0.1529629985092601,0.17328164915305222,0.29472625848409484,-0.12144460933104262,0.06034794155091294,0.20798008641447274,-0.1476321448635598
2020-09-29,KOSPI_EX_K200,REVISION,1,N,0.0753485872277787,0.0724507477378304,0.0028978394899482895,0.0247662900603695,0.0402144320925949,-0.015448142032225397,0.008161990112227624,-0.021236310340485565,0.02939830045271319,-0.014557009818381594,-0.012955947140754431,-0.001601062677627163
2020-09-29,KOSPI_EX_K200,VALUE,1,W+,0.0280129789269486,0.0724507477378304,-0.04443776881088181,-0.0671495261105987,0.0402144320925949,-0.1073639582031936,0.042420405298316144,-0.021236310340485565,0.06365671563880171,0.016534079704153992,-0.012955947140754431,0.029490026844908424
2020-09-29,KOSPI_EX_K200,FLOW,1,W+,0.0197441411115436,0.0724507477378304,-0.0527066066262868,-0.0502329721763495,0.0402144320925949,-0.0904474042689444,-0.07861717109772737,-0.021236310340485565,-0.0573808607572418,-0.112255435956232,-0.012955947140754431,-0.09929948881547757
2020-10-12,KOSPI_EX_K200,REVISION,1,N,-0.0379098267184336,-0.0790209972886928,0.0411111705702592,-0.0071790460335978,-0.0526110058245597,0.0454319597909619,-0.01267414157945701,-0.015126155796985286,0.0024520142175282755,-0.05490634916245707,-0.026403767032799896,-0.028502582129657172
2020-10-12,KOSPI_EX_K200,VALUE,1,W+,0.0153314135171567,-0.0790209972886928,0.0943524108058495,0.0809064841309281,-0.0526110058245597,0.1335174899554878,0.04363586870344127,-0.015126155796985286,0.05876202450042656,-0.004732328432919597,-0.026403767032799896,0.0216714385998803
2020-10-12,KOSPI_EX_K200,FLOW,0,R-,-0.0590480024534324,-0.0790209972886928,0.019972994835260403,-0.0143957848135901,-0.0526110058245597,0.0382152210109696,-0.04794482753796414,-0.015126155796985286,-0.032818671740978855,-0.07900021062032336,-0.026403767032799896,-0.05259644358752347
2020-10-19,KOSPI_EX_K200,REVISION,0,N,-0.0377555428343418,-0.0423444834666317,0.004588940632289901,-0.0333696438576232,-0.0245372130890282,-0.008832430768594999,0.07797532935262175,0.06780212592851576,0.010173203424105992,-0.0028098729437645575,0.012220436278868707,-0.015030309222633265
2020-10-19,KOSPI_EX_K200,VALUE,0,W-,0.0285067546421539,-0.0423444834666317,0.0708512381087856,0.0917357930418155,-0.0245372130890282,0.11627300613084371,0.11071858552603264,0.06780212592851576,0.04291645959751689,-0.005268529096152719,0.012220436278868707,-0.017488965375021426
2020-10-19,KOSPI_EX_K200,FLOW,0,R-,-0.03636574351532,-0.0423444834666317,0.0059787399513117,-0.0222586073541826,-0.0245372130890282,0.0022786057348456006,0.055585212128957506,0.06780212592851576,-0.012216913799558249,-0.052695713392453936,0.012220436278868707,-0.06491614967132264
2020-10-26,KOSPI_EX_K200,REVISION,0,R-,0.0126977703026346,0.0347643299943816,-0.022066559691747,0.0020175072313344,0.0267734254371675,-0.0247559182058331,0.13322222516145876,0.11051294686577684,0.022709278295681923,0.03977252911230433,-0.0034782885900649374,0.04325081770236927
2020-10-26,KOSPI_EX_K200,VALUE,1,W+,-0.0289774067748397,0.0347643299943816,-0.0637417367692213,-0.0765694560268203,0.0267734254371675,-0.1033428814639878,0.06729165248239077,0.11051294686577684,-0.043221294383386066,-0.09907520739220288,-0.0034782885900649374,-0.09559691880213794
2020-10-26,KOSPI_EX_K200,FLOW,0,R-,-0.0035186002621105,0.0347643299943816,-0.0382829302564921,-0.0300610950834759,0.0267734254371675,-0.0568345205206434,0.11844164649797051,0.11051294686577684,0.00792869963219367,-0.02794662935628034,-0.0034782885900649374,-0.024468340766215402
2020-11-09,KOSPI_EX_K200,REVISION,0,R-,0.0504226771384425,-0.0014727847438474,0.0518954618822899,0.0475483063001035,-0.0150264878414233,0.06257479414152681,0.0786448076536086,0.022019478671327253,0.05662532898228134,0.023389917646993608,-0.03956759913044727,0.06295751677744088
2020-11-09,KOSPI_EX_K200,VALUE,1,N,0.0805947795402799,-0.0014727847438474,0.0820675642841273,0.0803241455397716,-0.0150264878414233,0.0953506333811949,0.11164307938732732,0.022019478671327253,0.08962360071600006,0.05457534468511027,-0.03956759913044727,0.09414294381555754
2020-11-09,KOSPI_EX_K200,FLOW,0,R-,0.0432746364528228,-0.0014727847438474,0.044747421196670197,0.0137538669508356,-0.0150264878414233,0.0287803547922589,0.09991226829720024,0.022019478671327253,0.07789278962587298,0.03045942390738854,-0.03956759913044727,0.07002702303783581
2020-12-29,KOSPI_EX_K200,REVISION,1,N,0.0565456312756027,0.0984082771926397,-0.041862645917037,0.0227332152547279,0.0645980534455645,-0.041864838190836605,0.12486655186485152,0.08962725810511962,0.03523929375973189,0.09322560681293313,0.06650053708913295,0.026725069723800177
2020-12-29,KOSPI_EX_K200,VALUE,1,R+,0.0513702638686936,0.0984082771926397,-0.047038013323946096,0.0003620461373185,0.0645980534455645,-0.06423600730824601,0.007665659812308601,0.08962725810511962,-0.08196159829281102,0.005484958836887266,0.06650053708913295,-0.061015578252245684
2020-12-29,KOSPI_EX_K200,FLOW,1,W+,0.0530497861451721,0.0984082771926397,-0.0453584910474676,0.0098107533423523,0.0645980534455645,-0.05478730010321221,0.07394103811459396,0.08962725810511962,-0.015686219990525663,0.025907338247848966,0.06650053708913295,-0.040593198841283984
2021-02-22,KOSPI_EX_K200,REVISION,1,W+,0.0054608732841758,-0.0383048086780788,0.043765681962254596,0.0102009559488075,-0.0028671215741064,0.0130680775229139,0.05243758406622567,-0.017426713894700963,0.06986429796092664,0.01957181572136335,-0.014035277194344054,0.033607092915707404
2021-02-22,KOSPI_EX_K200,VALUE,1,W+,-0.0270040118030357,-0.0383048086780788,0.011300796875043099,-0.004809183355476,-0.0028671215741064,-0.0019420617813696002,0.025833638096348865,-0.017426713894700963,0.04326035199104983,0.029284420905703046,-0.014035277194344054,0.0433196981000471
2021-02-22,KOSPI_EX_K200,FLOW,1,N,-0.0143565163128274,-0.0383048086780788,0.023948292365251395,0.0253285903545904,-0.0028671215741064,0.0281957119286968,0.00947706925510583,-0.017426713894700963,0.026903783149806793,0.03670069285307109,-0.014035277194344054,0.050735970047415146
2021-03-02,KOSPI_EX_K200,REVISION,1,W+,-0.0010022537219625,-0.0278188497940323,0.0268165960720698,0.0018975573955986,-0.0038856924174553,0.0057832498130539,0.10662351832465511,0.05205242747274674,0.054571090851908366,0.05519779481704523,0.016084943285410436,0.039112851531634796
2021-03-02,KOSPI_EX_K200,VALUE,1,W+,0.0228666936011177,-0.0278188497940323,0.05068554339515,0.0662805389444643,-0.0038856924174553,0.0701662313619196,0.07671350035649627,0.05205242747274674,0.024661072883749524,0.05329336960943176,0.016084943285410436,0.037208426324021326
2021-03-02,KOSPI_EX_K200,FLOW,1,W+,-0.0190641618290154,-0.0278188497940323,0.0087546879650169,0.0032685650325438,-0.0038856924174553,0.007154257449999099,0.03150865718518148,0.05205242747274674,-0.020543770287565266,-0.0013310415636396122,0.016084943285410436,-0.017415984849050048
2021-03-09,KOSPI_EX_K200,REVISION,1,N,0.0374732750592252,0.0375301348340851,-5.685977485989785e-05,-0.0093223093357923,-0.0195638573037334,0.0102415479679411,0.1312228841823373,0.11539129380872026,0.015831590373617033,0.06112789699953747,0.059130706710784464,0.0019971902887530035
2021-03-09,KOSPI_EX_K200,VALUE,1,W+,0.0295661908177309,0.0375301348340851,-0.0079639440163542,-0.0511797658858169,-0.0195638573037334,-0.031615908582083505,0.06194845629352774,0.11539129380872026,-0.05344283751519252,-0.02427559133403101,0.059130706710784464,-0.08340629804481547
2021-03-09,KOSPI_EX_K200,FLOW,0,W-,0.0487029263330086,0.0375301348340851,0.011172791498923501,0.0181215283770899,-0.0195638573037334,0.0376853856808233,0.07812855007120412,0.11539129380872026,-0.037262743737516146,0.012956733178411728,0.059130706710784464,-0.046173973532372736
2021-03-16,KOSPI_EX_K200,REVISION,1,N,0.0099264515869984,0.0129303694493405,-0.003003917862342099,0.0168440356330405,0.0124646042471728,0.0043794313858676985,0.11871721690115056,0.10048935223538624,0.018227864665764315,0.11435707764983083,0.03716604159651937,0.07719103605331146
2021-03-16,KOSPI_EX_K200,VALUE,1,W+,0.0011348421225361,0.0129303694493405,-0.0117955273268044,0.0222888384062093,0.0124646042471728,0.0098242341590365,0.046004741302534624,0.10048935223538624,-0.05448461093285162,0.014191147506328772,0.03716604159651937,-0.0229748940901906
2021-03-16,KOSPI_EX_K200,FLOW,1,W+,-0.0044031321511793,0.0129303694493405,-0.017333501600519798,-0.0101406364196564,0.0124646042471728,-0.0226052406668292,0.07098510682776693,0.10048935223538624,-0.02950424540761931,0.0029120130873616645,0.03716604159651937,-0.03425402850915771
2021-05-20,KOSPI_EX_K200,REVISION,1,W+,0.0044084286273416,-0.017313817818363,0.021722246445704602,-0.0040504963877478,-0.0147281878907824,0.0106776915030346,0.026426667164578754,0.032403330074900705,-0.00597666291032195,-0.05930418017260897,-0.006858550974108368,-0.0524456291985006
2021-05-20,KOSPI_EX_K200,VALUE,1,W+,-0.0008468097788536,-0.017313817818363,0.0164670080395094,-0.0068396277825808,-0.0147281878907824,0.0078885601082016,0.03581017131944009,0.032403330074900705,0.0034068412445393825,-0.009382186697122763,-0.006858550974108368,-0.0025236357230143946
2021-05-20,KOSPI_EX_K200,FLOW,1,N,0.0166649612177427,-0.017313817818363,0.0339787790361057,0.0197932987282709,-0.0147281878907824,0.0345214866190533,0.05869409303771245,0.032403330074900705,0.026290762962811742,0.015506923407142104,-0.006858550974108368,0.022365474381250472
2021-05-27,KOSPI_EX_K200,REVISION,1,N,0.0113727187489969,0.0415297728349787,-0.030157054085981797,-0.0476548075416105,0.0048531461055207,-0.0525079536471312,0.015815535830403293,0.0607593976796843,-0.04494386184928101,-0.03709155975170597,0.020498183206006715,-0.057589742957712686
2021-05-27,KOSPI_EX_K200,VALUE,1,W+,0.0253927166276273,0.0415297728349787,-0.016137056207351397,0.002634832638492,0.0048531461055207,-0.0022183134670287,0.0162788506827114,0.0607593976796843,-0.0444805469969729,-0.026079993837826776,0.020498183206006715,-0.04657817704383349
2021-05-27,KOSPI_EX_K200,FLOW,1,W+,0.047039945038387,0.0415297728349787,0.005510172203408305,0.0226113794883308,0.0048531461055207,0.0177582333828101,0.047035188742399425,0.0607593976796843,-0.013724208937284876,0.009978841037443953,0.020498183206006715,-0.010519342168562762
2021-06-10,KOSPI_EX_K200,REVISION,1,R+,0.0058050013246904,0.0220527346185974,-0.016247733293907,-0.0045541574638537,0.015553716622839,-0.0201078740866927,-0.0316116961286903,0.033216940462406974,-0.06482863659109728,-0.030246969882902874,0.026326239422095554,-0.05657320930499843
2021-06-10,KOSPI_EX_K200,VALUE,1,N,0.0116911087356407,0.0220527346185974,-0.0103616258829567,-0.0008967954608738,0.015553716622839,-0.0164505120837128,-0.014876032077808077,0.033216940462406974,-0.04809297254021505,-0.014742793325612569,0.026326239422095554,-0.04106903274770812
2021-06-10,KOSPI_EX_K200,FLOW,1,W+,-0.0059858781597232,0.0220527346185974,-0.0280386127783206,-0.0171527317253165,0.015553716622839,-0.0327064483481555,-0.026454783014555616,0.033216940462406974,-0.05967172347696259,-0.018272692152805803,0.026326239422095554,-0.04459893157490136
2021-10-29,KOSPI_EX_K200,REVISION,1,W+,-0.0057336305453125,-0.0195485539256839,0.0138149233803714,0.0185886890817002,-0.0077939222863306,0.0263826113680308,-0.036636422259901935,-0.07320195821407338,0.036565535954171446,0.027163334484150425,-0.011487512758834972,0.0386508472429854
2021-10-29,KOSPI_EX_K200,VALUE,0,R-,-0.0286494138707794,-0.0195485539256839,-0.009100859945095498,-0.0025981688565597,-0.0077939222863306,0.0051957534297709,-0.07983685479019653,-0.07320195821407338,-0.00663489657612315,-0.10998839917163838,-0.011487512758834972,-0.09850088641280341
2021-10-29,KOSPI_EX_K200,FLOW,0,R-,-0.0068084302101348,-0.0195485539256839,0.012740123715549102,0.0288902210124165,-0.0077939222863306,0.0366841432987471,-0.05099505015580186,-0.07320195821407338,0.022206908058271524,0.027854483376298367,-0.011487512758834972,0.03934199613513334
2021-11-05,KOSPI_EX_K200,REVISION,1,W+,0.004491362135487,0.0018633746464433,0.0026279874890436997,0.0021909988505114,0.0166614050028572,-0.0144704061523458,-0.029923697091915336,-0.07446240353056133,0.04453870643864599,0.0193314980612167,-0.019171692976854615,0.038503191038071316
2021-11-05,KOSPI_EX_K200,VALUE,0,R-,-0.002197169884195,0.0018633746464433,-0.0040605445306383,-0.0377711444485388,0.0166614050028572,-0.054432549451396,-0.051237063382883474,-0.07446240353056133,0.023225340147677853,-0.08188083568041549,-0.019171692976854615,-0.06270914270356087
2021-11-05,KOSPI_EX_K200,FLOW,0,N,0.0034000672693804,0.0018633746464433,0.0015366926229371,0.0078656493226242,0.0166614050028572,-0.008795755680233,-0.041639080741020074,-0.07446240353056133,0.032823322789541254,0.010019958116303629,-0.019171692976854615,0.029191651093158244
2021-11-12,KOSPI_EX_K200,REVISION,0,W-,-0.0089044353881793,-0.0096782169505752,0.0007737815623959001,0.0009730527035218,-0.0093745058835814,0.010347558587103201,-0.01897999375186643,-0.06621497341962834,0.04723497966776191,0.01568281683770234,-0.049381486426622434,0.06506430326432477
2021-11-12,KOSPI_EX_K200,VALUE,0,R-,-0.025658316592274,-0.0096782169505752,-0.015980099641698803,-0.0447919827585779,-0.0093745058835814,-0.0354174768749965,-0.032392093021756385,-0.06621497341962834,0.03382288039787196,-0.05210149235386485,-0.049381486426622434,-0.0027200059272424193
2021-11-12,KOSPI_EX_K200,FLOW,0,W-,-0.0069281004304682,-0.0096782169505752,0.0027501165201070004,-0.0044910554255439,-0.0093745058835814,0.0048834504580375,-0.028270895672599772,-0.06621497341962834,0.03794407774702857,-0.014121990129585482,-0.049381486426622434,0.03525949629703695
2021-12-10,KOSPI_EX_K200,REVISION,0,N,0.0070001535272346,7.58936695997454e-05,0.006924259857634855,0.0163455763363913,0.0091252654409414,0.007220310895449901,0.02773063168394785,-0.00925170476189674,0.03698233644584459,0.01205352265569637,-0.03257001484372868,0.04462353749942505
2021-12-10,KOSPI_EX_K200,VALUE,0,R-,0.0054010195952754,7.58936695997454e-05,0.005325125925675655,0.0093811995098561,0.0091252654409414,0.00025593406891469966,0.018454506713023067,-0.00925170476189674,0.027706211474919806,0.0233722783935304,-0.03257001484372868,0.05594229323725908
2021-12-10,KOSPI_EX_K200,FLOW,0,N,-0.0055778403063044,7.58936695997454e-05,-0.005653733975904145,-0.0135784811113148,0.0091252654409414,-0.0227037465522562,-0.004877909609726783,-0.00925170476189674,0.004373795152169957,-0.02525101401434182,-0.03257001484372868,0.007319000829386857
2021-12-17,KOSPI_EX_K200,REVISION,0,W-,0.0180732599955474,-0.000772781013867,0.0188460410094144,0.0177415970803095,-0.0051427691620106,0.0228843662423201,0.03893184370844249,-0.021807351546672904,0.0607391952551154,0.05482282134481076,-0.03026404861102061,0.08508686995583137
2021-12-17,KOSPI_EX_K200,VALUE,0,N,-0.0155715122690719,-0.000772781013867,-0.0147987312552049,-0.0158777441453957,-0.0051427691620106,-0.0107349749833851,-0.0267198715755802,-0.021807351546672904,-0.004912520028907297,-0.055456920517996444,-0.03026404861102061,-0.025192871906975833
2021-12-17,KOSPI_EX_K200,FLOW,0,R-,0.0059955968937282,-0.000772781013867,0.006768377907595199,0.0083681879193346,-0.0051427691620106,0.013510957081345202,-0.012256510250256092,-0.021807351546672904,0.009550841296416812,-0.011776555639655961,-0.03026404861102061,0.01848749297136465
2021-12-24,KOSPI_EX_K200,REVISION,1,W+,0.0239876422428181,0.0256008652435544,-0.0016132230007363003,0.0316883624565205,0.0008650772575948,0.0308232851989257,-0.04829014784444663,-0.07852614227884724,0.030235994434400615,0.024396594939532168,-0.02210663496322285,0.04650322990275502
2021-12-24,KOSPI_EX_K200,VALUE,1,N,-0.0141840673636612,0.0256008652435544,-0.0397849326072156,-0.0411216524535098,0.0008650772575948,-0.0419867297111046,-0.06874734925844106,-0.07852614227884724,0.009778793020406185,-0.04204123568970264,-0.02210663496322285,-0.01993460072647979
2021-12-24,KOSPI_EX_K200,FLOW,1,N,0.0208819128651408,0.0256008652435544,-0.004718952378413601,0.0058480240430275,0.0008650772575948,0.0049829467854327,-0.057743306151258,-0.07852614227884724,0.020782836127589244,0.0022216777811161492,-0.02210663496322285,0.024328312744338998
2022-01-10,KOSPI_EX_K200,REVISION,1,N,0.0179754245570331,-0.0125979607687441,0.0305733853257772,0.0592962568612983,0.0115306165489119,0.0477656403123864,-0.050917739005516216,-0.07197215048268246,0.021054411477166246,-0.038407583728369055,-0.045738341071930866,0.007330757343561811
2022-01-10,KOSPI_EX_K200,VALUE,1,N,-0.0391943606515344,-0.0125979607687441,-0.0265963998827903,-0.068370282559429,0.0115306165489119,-0.07990089910834089,-0.02609121720971086,-0.07197215048268246,0.0458809332729716,0.05026087652350175,-0.045738341071930866,0.09599921759543262
2022-01-10,KOSPI_EX_K200,FLOW,0,R-,-0.0129512511222525,-0.0125979607687441,-0.00035329035350840053,5.733271076360097e-05,0.0115306165489119,-0.0114732838381483,-0.029087326376488476,-0.07197215048268246,0.042884824106193986,0.022607085476656907,-0.045738341071930866,0.06834542654858777
2022-01-17,KOSPI_EX_K200,REVISION,1,W+,-0.0673975799072802,-0.058711224547642,-0.008686355359638194,-0.011615026257965,0.003225964554445,-0.01484099081241,-0.09673249829822872,-0.0888161787119992,-0.007916319586229514,-0.11689578559596825,-0.06487242374706015,-0.0520233618489081
2022-01-17,KOSPI_EX_K200,VALUE,0,R-,-0.0580803903301704,-0.058711224547642,0.0006308342174716,-0.0018999020502577,0.003225964554445,-0.0051258666047027,-0.008612397939386618,-0.0888161787119992,0.08020378077261259,0.12659669846038746,-0.06487242374706015,0.1914691222074476
2022-01-17,KOSPI_EX_K200,FLOW,0,N,-0.0403317308670503,-0.058711224547642,0.018379493680591698,0.0226517726178464,0.003225964554445,0.019425808063401398,-0.04204772659299838,-0.0888161787119992,0.046768452119000825,0.023603928585909095,-0.06487242374706015,0.08847635233296924
2022-02-03,KOSPI_EX_K200,REVISION,0,R-,0.0178126280846433,0.0082325084047827,0.0095801196798606,-0.0509827447051492,-0.0506993267169841,-0.00028341798816509944,0.02229928702286199,0.05546996836936957,-0.03317068134650758,-0.04539637394383378,-0.03190989586781812,-0.013486478076015662
2022-02-03,KOSPI_EX_K200,VALUE,0,W-,0.0378418228045417,0.0082325084047827,0.029609314399759,0.0433425173933249,-0.0506993267169841,0.094041844110309,0.08061009219100224,0.05546996836936957,0.025140123821632665,0.08107041329921727,-0.03190989586781812,0.11298030916703539
2022-02-03,KOSPI_EX_K200,FLOW,0,N,0.0227697745400962,0.0082325084047827,0.0145372661353135,-0.0129354525818445,-0.0506993267169841,0.0377638741351396,0.030769942877146184,0.05546996836936957,-0.024700025492223388,-0.029447713497486427,-0.03190989586781812,0.002462182370331689
2022-02-10,KOSPI_EX_K200,REVISION,0,R-,-0.0311649934643803,-0.0305196511912314,-0.0006453422731488995,-0.0271668402256028,-0.0087517769271213,-0.018415063298481502,-0.01445598413520921,0.004616565352725255,-0.019072549487934465,-0.0023385320765283435,0.006286951231393889,-0.008625483307922233
2022-02-10,KOSPI_EX_K200,VALUE,0,W-,-0.0219507045506362,-0.0305196511912314,0.0085689466405952,-0.0006568964747641,-0.0087517769271213,0.008094880452357199,0.05497964774466313,0.004616565352725255,0.050363082391937875,0.11398147904215761,0.006286951231393889,0.10769452781076372
2022-02-10,KOSPI_EX_K200,FLOW,0,W-,-0.0261270466043717,-0.0305196511912314,0.004392604586859701,0.001032194194835,-0.0087517769271213,0.0097839711219563,-0.009699055351832242,0.004616565352725255,-0.014315620704557497,0.0075596993594393425,0.006286951231393889,0.0012727481280454533
2022-02-17,KOSPI_EX_K200,REVISION,0,R-,-0.0075681576103367,0.0413238429666927,-0.0488920005770294,0.0220798887719964,0.0692660918893592,-0.047186203117362796,0.05070388368936185,0.03483618211658435,0.015867701572777504,0.03610899705871429,-0.022484364033936943,0.05859336109265123
2022-02-17,KOSPI_EX_K200,VALUE,0,W-,0.0062693257809945,0.0413238429666927,-0.0350545171856982,0.0228827152178826,0.0692660918893592,-0.0463833766714766,0.08719359515758662,0.03483618211658435,0.052357413041002276,0.0894277474640306,-0.022484364033936943,0.11191211149796754
2022-02-17,KOSPI_EX_K200,FLOW,0,W-,-0.0198223333004509,0.0413238429666927,-0.061146176267143595,-0.0234078436478381,0.0692660918893592,-0.0926739355371973,0.025347331741507606,0.03483618211658435,-0.00948885037507674,-0.010999781504645867,-0.022484364033936943,0.011484582529291076
2022-04-04,KOSPI_EX_K200,REVISION,1,W+,-0.0145389355100987,-0.0254484211147706,0.010909485604671901,0.0041372508190767,-0.0069022073698846,0.0110394581889613,0.007960452404130569,0.031637620303293534,-0.023677167899162965,0.04633566872377948,0.06863487722249806,-0.02229920849871858
2022-04-04,KOSPI_EX_K200,VALUE,1,W+,0.0007038419580366,-0.0254484211147706,0.026152263072807203,0.0004046971221531,-0.0069022073698846,0.0073069044920377,0.022537023761817654,0.031637620303293534,-0.00910059654147588,0.019272137366110664,0.06863487722249806,-0.049362739856387394
2022-04-04,KOSPI_EX_K200,FLOW,1,W+,-0.0230366327356304,-0.0254484211147706,0.0024117883791402,-0.0056167886851345,-0.0069022073698846,0.0012854186847501003,-0.007627069861928404,0.031637620303293534,-0.03926469016522194,-0.026861434885770974,0.06863487722249806,-0.09549631210826903
2022-05-24,KOSPI_EX_K200,REVISION,0,W-,0.0326433525486572,0.033236769540286,-0.0005934169916288062,-0.0001310971301305,0.0045574631934758,-0.0046885603236063,-0.18014054766465115,-0.1469251835554225,-0.03321536410922865,-0.01918043690662452,0.0494783609199001,-0.06865879782652462
2022-05-24,KOSPI_EX_K200,VALUE,0,W-,0.0249050697046555,0.033236769540286,-0.008331699835630504,-0.0042619657734074,0.0045574631934758,-0.0088194289668832,-0.16898910858669136,-0.1469251835554225,-0.02206392503126886,-0.02494341088646712,0.0494783609199001,-0.07442177180636722
2022-05-24,KOSPI_EX_K200,FLOW,0,N,0.0300510163576523,0.033236769540286,-0.003185753182633703,0.0069139675520429,0.0045574631934758,0.0023565043585671,-0.1801781971489006,-0.1469251835554225,-0.0332530135934781,-0.02044523563124656,0.0494783609199001,-0.06992359655114666
2022-05-31,KOSPI_EX_K200,REVISION,0,W-,-0.022424671603284,-0.0247198998148486,0.002295228211564599,0.0053701819974309,0.0012415172598049,0.004128664737626,-0.15654448544571742,-0.1296969998475288,-0.026847485598188614,-0.03783330090021875,0.012226872533250166,-0.05006017343346891
2022-05-31,KOSPI_EX_K200,VALUE,0,W-,-0.0111575546833384,-0.0247198998148486,0.013562345131510199,0.0146815134887997,0.0012415172598049,0.013439996228994801,-0.13578397347972293,-0.1296969998475288,-0.006086973632194126,-0.0055341917464624135,0.012226872533250166,-0.01776106427971258
2022-05-31,KOSPI_EX_K200,FLOW,0,N,-0.025905419883933,-0.0247198998148486,-0.0011855200690844003,-0.0049354674671842,0.0012415172598049,-0.0061769847269891,-0.15357625374883144,-0.1296969998475288,-0.023879253901302633,-0.029804929269709235,0.012226872533250166,-0.0420318018029594
2022-06-09,KOSPI_EX_K200,REVISION,1,W+,-0.084711710525908,-0.0755880472882802,-0.009123663237627797,-0.0053818665633776,0.020379090531476,-0.0257609570948536,-0.12433418385376771,-0.1371760797350695,0.012841895881301801,-0.008795329211237601,-0.037737384764325754,0.028942055553088153
2022-06-09,KOSPI_EX_K200,VALUE,0,N,-0.0712153587864933,-0.0755880472882802,0.004372688501786903,0.0073273677591089,0.020379090531476,-0.0130517227723671,-0.13533503424302396,-0.1371760797350695,0.0018410454920455566,-0.026626188724366062,-0.037737384764325754,0.011111196039959692
2022-06-09,KOSPI_EX_K200,FLOW,0,N,-0.0891472131943449,-0.0755880472882802,-0.013559165906064707,-0.0167939204909277,0.020379090531476,-0.0371730110224037,-0.14733195658745657,-0.1371760797350695,-0.010155876852387058,-0.03792307660473715,-0.037737384764325754,-0.00018569184041139497
2022-07-07,KOSPI_EX_K200,REVISION,0,N,-0.0012543815915098,-0.0059566952085283,0.0047023136170185,0.0157161881761613,-0.0210583138731343,0.036774502049295596,0.04890118318080683,0.05013900624661649,-0.0012378230658096623,-0.007245686813277086,-0.044875071216968876,0.03762938440369179
2022-07-07,KOSPI_EX_K200,VALUE,0,N,-0.0100120429451249,-0.0059566952085283,-0.0040553477365966005,-0.0054148016194293,-0.0210583138731343,0.015643512253705,0.03946080311376399,0.05013900624661649,-0.010678203132852504,-0.03328509432701687,-0.044875071216968876,0.011589976889952003
2022-07-07,KOSPI_EX_K200,FLOW,0,R-,0.0197435034195011,-0.0059566952085283,0.0257001986280294,0.0198590465895483,-0.0210583138731343,0.0409173604626826,0.07758883876064182,0.05013900624661649,0.02744983251402533,-0.0014042704841379372,-0.044875071216968876,0.04347080073283094
2022-07-14,KOSPI_EX_K200,REVISION,0,N,0.0141365264077864,0.0108765808071248,0.0032599456006616005,-0.0124048828876085,-0.0300662358854327,0.0176613529978242,0.07788875682895724,0.10355534955270396,-0.025666592723746717,-0.0211393229626613,-0.003616894113152802,-0.017522428849508498
2022-07-14,KOSPI_EX_K200,VALUE,0,R-,0.0524891215347842,0.0108765808071248,0.0416125407276594,0.0108660497911613,-0.0300662358854327,0.040932285676594,0.08182308239513914,0.10355534955270396,-0.021732267157564822,-0.03446375938042079,-0.003616894113152802,-0.030846865267267987
2022-07-14,KOSPI_EX_K200,FLOW,0,N,0.0366595781039401,0.0108765808071248,0.025782997296815297,0.0091301894384693,-0.0300662358854327,0.039196425323901996,0.08550205944999933,0.10355534955270396,-0.018053290102704622,-0.012714145933775511,-0.003616894113152802,-0.00909725182062271
2022-07-28,KOSPI_EX_K200,REVISION,1,N,0.0460508756781357,0.0252782209003781,0.0207726547777576,0.0129546097899207,-0.0091528399190655,0.0221074497089862,0.0670728136685177,0.09022519800757811,-0.023152384339060417,0.03029631974647007,0.05578469279637366,-0.02548837304990359
2022-07-28,KOSPI_EX_K200,VALUE,1,N,-0.0006526574770513,0.0252782209003781,-0.025930878377429398,-0.047009517375538,-0.0091528399190655,-0.0378566774564725,0.03727189646897289,0.09022519800757811,-0.052953301538605224,-0.03945113635125497,0.05578469279637366,-0.09523582914762863
2022-07-28,KOSPI_EX_K200,FLOW,1,R+,0.0215833314558558,0.0252782209003781,-0.0036948894445223007,0.0032817557971358,-0.0091528399190655,0.0124345957162013,0.0415768199271811,0.09022519800757811,-0.048648378080397015,0.008994935618030109,0.05578469279637366,-0.04678975717834355
2022-10-27,KOSPI_EX_K200,REVISION,0,R-,0.0549206754173264,0.0624899615008781,-0.007569286083551702,0.0522872526911805,0.023668208951307,0.0286190437398735,0.14705595045631759,0.08412114651001734,0.06293480394630024,0.03742994387071574,-0.07201604412787088,0.10944598799858662
2022-10-27,KOSPI_EX_K200,VALUE,0,N,0.0076960173345858,0.0624899615008781,-0.0547939441662923,-0.0332667031404619,0.023668208951307,-0.0569349120917689,0.07864546683130813,0.08412114651001734,-0.005475679678709211,-0.003172277188741357,-0.07201604412787088,0.06884376693912952
2022-10-27,KOSPI_EX_K200,FLOW,0,N,0.0148903694549783,0.0624899615008781,-0.0475995920458998,-0.0143791984829057,0.023668208951307,-0.0380474074342127,0.08273830146676864,0.08412114651001734,-0.0013828450432487038,-0.00796011497902116,-0.07201604412787088,0.06405592914884972
2022-12-08,KOSPI_EX_K200,REVISION,1,W+,0.043120456345921,0.0019660819718204,0.041154374374100605,0.0275023229789685,-0.0277847505869833,0.0552870735659518,-0.013341164058331634,-0.02292991274512779,0.009588748686796156,0.02182541177319597,0.004129471775768057,0.017695939997427912
2022-12-08,KOSPI_EX_K200,VALUE,1,W+,0.009239105618062,0.0019660819718204,0.0072730236462416,-0.0050117823512957,-0.0277847505869833,0.0227729682356876,-0.0433550166498593,-0.02292991274512779,-0.020425103904731512,-0.03425906374533905,0.004129471775768057,-0.0383885355211071
2022-12-08,KOSPI_EX_K200,FLOW,1,W+,0.005027746669646,0.0019660819718204,0.0030616646978256,-0.011258464136867,-0.0277847505869833,0.0165262864501163,-0.030887074635742806,-0.02292991274512779,-0.007957161890615017,-0.005681952758875397,0.004129471775768057,-0.009811424534643454
2022-12-15,KOSPI_EX_K200,REVISION,1,W+,-0.0134218543246907,-0.0134808773603985,5.9023035707799626e-05,-0.0031727058457658,0.0220044354282826,-0.0251771412740484,-0.004049639121092574,-0.005281214334032391,0.0012315752129398172,0.021101751783443534,0.011225787315934932,0.009875964467508602
2022-12-15,KOSPI_EX_K200,VALUE,1,W+,0.0060261559597223,-0.0134808773603985,0.019507033320120798,0.0080622704053156,0.0220044354282826,-0.013942165022967,-0.01152155942139177,-0.005281214334032391,-0.006240345087359378,-0.008486971591228465,0.011225787315934932,-0.019712758907163397
2022-12-15,KOSPI_EX_K200,FLOW,1,W+,0.0078204184967428,-0.0134808773603985,0.0213012958571413,0.0194284379414329,0.0220044354282826,-0.0025759974868496995,-0.00041833926115553144,-0.005281214334032391,0.00486287507287686,0.007150598619711568,0.011225787315934932,-0.004075188696223364
2022-12-22,KOSPI_EX_K200,REVISION,1,W+,-0.0336213024810463,-0.0097638195143647,-0.0238574829666816,0.0178207562408013,0.0461388258604022,-0.028318069619600903,0.00808803762419763,0.02854402034804604,-0.02045598272384841,0.029126395021566553,0.0154398479655673,0.013686547055999254
2022-12-22,KOSPI_EX_K200,VALUE,1,W+,-0.0567540029594539,-0.0097638195143647,-0.046990183445089206,-0.0324196259209591,0.0461388258604022,-0.07855845178136131,-0.007529400386530716,0.02854402034804604,-0.036073420734576755,-0.039641561172394146,0.0154398479655673,-0.055081409137961446
2022-12-22,KOSPI_EX_K200,FLOW,1,W+,-0.0348222940686429,-0.0097638195143647,-0.0250584745542782,0.0137215363791453,0.0461388258604022,-0.032417289481256904,-0.0006877976734886992,0.02854402034804604,-0.02923181802153474,-0.014062258475724732,0.0154398479655673,-0.02950210644129203
2023-04-26,KOSPI_EX_K200,REVISION,1,W+,0.0400213188049817,-0.0035522617361389,0.0435735805411206,0.0355195639506042,0.0050916931363107,0.030427870814293496,-0.0003106411179381041,-0.03807070869857687,0.03776006758063877,-0.05309694881250582,0.0002678387578036734,-0.05336478757030949
2023-04-26,KOSPI_EX_K200,VALUE,1,N,0.0076709998541946,-0.0035522617361389,0.011223261590333499,-0.021865223439243,0.0050916931363107,-0.0269569165755537,0.01786194540726438,-0.03807070869857687,0.05593265410584125,-0.007768714219181794,0.0002678387578036734,-0.008036552976985467
2023-04-26,KOSPI_EX_K200,FLOW,0,R-,0.0114537192228331,-0.0035522617361389,0.015005980958972001,0.0105912594575446,0.0050916931363107,0.0054995663212339,0.0015524511197761992,-0.03807070869857687,0.03962315981835307,0.04215346941568798,0.0002678387578036734,0.04188563065788431
2023-05-04,KOSPI_EX_K200,REVISION,1,W+,-0.0272563045969806,-0.0244808702924076,-0.002775434304572999,-0.0027916427763633,-0.0056174774839101,0.0028258347075468004,-0.022335302872716345,0.018839094764174336,-0.04117439763689068,-0.10699444235580069,0.030603893546322203,-0.1375983359021229
2023-05-04,KOSPI_EX_K200,VALUE,1,N,0.0135453707832756,-0.0244808702924076,0.0380262410756832,0.0458189848304322,-0.0056174774839101,0.051436462314342304,0.021510992784352867,0.018839094764174336,0.0026718980201785314,-0.001320642475628464,0.030603893546322203,-0.03192453602195067
2023-05-04,KOSPI_EX_K200,FLOW,0,R-,-0.0057610139182764,-0.0244808702924076,0.018719856374131198,0.024163292666801,-0.0056174774839101,0.0297807701507111,0.02007510168923532,0.018839094764174336,0.001236006925060984,0.033884596739580886,0.030603893546322203,0.0032807031932586828
2023-05-12,KOSPI_EX_K200,REVISION,1,W+,-5.927257109947931e-05,-0.0057207921810433,0.0056615196099438206,-0.0470484216591352,-0.0083217892360045,-0.038726632423130694,0.003472217452608062,0.08942248578138212,-0.08595026832877406,-0.11780351583184612,0.10264262214498232,-0.22044613797682844
2023-05-12,KOSPI_EX_K200,VALUE,1,W+,0.003767948145037,-0.0057207921810433,0.0094887403260803,-0.023864105067158,-0.0083217892360045,-0.015542315831153501,0.0076875249219861,0.08942248578138212,-0.08173496085939602,-0.0754192692891349,0.10264262214498232,-0.17806189143411721
2023-05-12,KOSPI_EX_K200,FLOW,0,N,0.0002281992230827,-0.0057207921810433,0.005948991404126,-0.0044422037576591,-0.0083217892360045,0.0038795854783454002,0.039973690819718355,0.08942248578138212,-0.04944879496166377,0.004921189274275317,0.10264262214498232,-0.097721432870707
2023-05-19,KOSPI_EX_K200,REVISION,0,N,-0.0117879497409295,-0.004721836153418,-0.007066113587511501,-0.0377443619597917,0.0092212078450125,-0.0469655698048042,0.006350092042069377,0.12750163726914243,-0.12115154522707305,-0.08957660111765264,0.16034996611362917,-0.24992656723128182
2023-05-19,KOSPI_EX_K200,VALUE,0,N,-0.0071272314655972,-0.004721836153418,-0.0024053953121792003,-0.0063180249613635,0.0092212078450125,-0.015539232806376,0.026336495960279205,0.12750163726914243,-0.10116514130886323,-0.04916459769699644,0.16034996611362917,-0.2095145638106256
2023-05-19,KOSPI_EX_K200,FLOW,0,N,-0.0042786954737677,-0.004721836153418,0.00044314067965029943,0.0113941962190516,0.0092212078450125,0.0021729883740391007,0.06803728558814148,0.12750163726914243,-0.05946435168100095,0.03921012657967671,0.16034996611362917,-0.12113983953395246
2023-08-16,KOSPI_EX_K200,REVISION,0,R-,-0.0054436786569779,-0.0177763203556507,0.012332641698672802,0.0316830607027184,0.0009072855973195,0.030775775105398903,-0.007542575027442711,-0.06627967377285371,0.058737098745411,0.007632674112689752,-0.06026071028236735,0.0678933843950571
2023-08-16,KOSPI_EX_K200,VALUE,0,N,-0.0050832781026242,-0.0177763203556507,0.0126930422530265,-0.0059792634460455,0.0009072855973195,-0.0068865490433650004,0.01216977874668479,-0.06627967377285371,0.0784494525195385,0.0626419894826502,-0.06026071028236735,0.12290269976501755
2023-08-16,KOSPI_EX_K200,FLOW,0,R-,-0.0050884021964919,-0.0177763203556507,0.012687918159158802,0.0115916192168033,0.0009072855973195,0.0106843336194838,-0.0010809730004144313,-0.06627967377285371,0.06519870077243928,0.014468178573823431,-0.06026071028236735,0.07472888885619078
2023-08-23,KOSPI_EX_K200,REVISION,0,R-,0.02019736353194,0.008846178465299,0.011351185066640998,-0.0170911548850041,-0.0289376231523511,0.011846468267347001,0.013679888784804417,-0.03711315687643646,0.050793045661240876,-0.022927682109614378,-0.048041760471672745,0.025114078362058367
2023-08-23,KOSPI_EX_K200,VALUE,0,N,0.0183719784261102,0.008846178465299,0.0095257999608112,-0.0171064226994443,-0.0289376231523511,0.011831200452906799,0.0598397600765983,-0.03711315687643646,0.09695291695303476,0.123309898280203,-0.048041760471672745,0.17135165875187575
2023-08-23,KOSPI_EX_K200,FLOW,0,R-,0.0269553793473313,0.008846178465299,0.0181092008820323,-0.0014755091827789,-0.0289376231523511,0.0274621139695722,0.02734146594958986,-0.03711315687643646,0.06445462282602632,0.014555604550403611,-0.048041760471672745,0.06259736502207636
2023-08-30,KOSPI_EX_K200,REVISION,0,R-,-0.0187414534970398,-0.0283729018747642,0.009631448377724401,-0.0116660072398531,-0.0219835403935156,0.010317533153662501,-0.05019709269785799,-0.08484414984541355,0.03464705714755556,-0.022057992752494315,-0.01273984087949509,-0.009318151872999225
2023-08-30,KOSPI_EX_K200,VALUE,1,R+,-0.0155574484033864,-0.0283729018747642,0.0128154534713778,0.0110374643984983,-0.0219835403935156,0.033021004792013905,0.01722293281033771,-0.08484414984541355,0.10206708265575126,0.16132150878515295,-0.01273984087949509,0.17406134966464804
2023-08-30,KOSPI_EX_K200,FLOW,0,R-,-0.0182893972985195,-0.0283729018747642,0.010083504576244701,-0.0037230954846594,-0.0219835403935156,0.018260444908856203,-0.03799268009017487,-0.08484414984541355,0.046851469755238684,0.030759326667769926,-0.01273984087949509,0.043499167547265016
2023-09-06,KOSPI_EX_K200,REVISION,0,R-,-0.0031843359651928,-0.0302007556754467,0.0270164197102539,0.0054001967043383,-0.0114008279787463,0.0168010246830846,-0.04473759936731314,-0.08072118565997521,0.03598358629266207,0.011122724378469506,0.029013423491538015,-0.01789069911306851
2023-09-06,KOSPI_EX_K200,VALUE,0,R-,0.0147751360925954,-0.0302007556754467,0.0449758917680421,0.0757659210819787,-0.0114008279787463,0.087166749060725,0.02128693598396736,-0.08072118565997521,0.10200812164394257,0.16215090253312314,0.029013423491538015,0.13313747904158513
2023-09-06,KOSPI_EX_K200,FLOW,1,N,-0.0041114566376327,-0.0302007556754467,0.026089299037814002,0.0080786620543855,-0.0114008279787463,0.019479490033131798,-0.03376669147449307,-0.08072118565997521,0.04695449418548214,0.04423942726293517,0.029013423491538015,0.015226003771397156
2023-09-13,KOSPI_EX_K200,REVISION,0,N,0.0158236674355029,0.0129052903405256,0.0029183770949773,0.0003932835313342,0.0139215716037574,-0.0135282880724232,-0.006105453651002457,-0.02953858181254232,0.023433128161539862,0.04065798714759694,0.05495260479544961,-0.01429461764785267
2023-09-13,KOSPI_EX_K200,VALUE,1,W+,0.0417741390555862,0.0129052903405256,0.028868848715060597,0.0507709496878167,0.0139215716037574,0.0368493780840593,0.018158341978753656,-0.02953858181254232,0.047696923791295975,0.05949815437164685,0.05495260479544961,0.004545549576197239
2023-09-13,KOSPI_EX_K200,FLOW,0,W-,0.0232200125847926,0.0129052903405256,0.010314722244267,0.0116787972940248,0.0139215716037574,-0.0022427743097326,-0.003343963166639541,-0.02953858181254232,0.02619461864590278,0.06811479204861359,0.05495260479544961,0.013162187253163982
2023-09-20,KOSPI_EX_K200,REVISION,1,R+,-0.0440903162573008,-0.0411630517936789,-0.0029272644636219036,-0.0162162704512078,0.0070727442388171,-0.023289014690024902,-0.0583107148712495,-0.08514432489292434,0.026833610021674836,0.02309727007526896,0.01957083793644876,0.0035264321388202013
2023-09-20,KOSPI_EX_K200,VALUE,1,W+,-0.0225774031051593,-0.0411630517936789,0.0185856486885196,0.0161536490629127,0.0070727442388171,0.009080904824095598,-0.04548354494202933,-0.08514432489292434,0.03966077995089501,0.0048288387004713496,0.01957083793644876,-0.01474199923597741
2023-09-20,KOSPI_EX_K200,FLOW,1,W+,-0.0383542133775989,-0.0411630517936789,0.002808838416079998,0.0144721759948676,0.0070727442388171,0.0073994317560505,-0.06886823320786517,-0.08514432489292434,0.01627609168505917,0.021963653764809576,0.01957083793644876,0.002392815828360817
2023-11-08,KOSPI_EX_K200,REVISION,1,W+,-0.0020890755814083,-0.005440795559491,0.0033517199780827003,-0.0218841034846873,-0.0182162243782452,-0.0036678791064421006,0.05461472128173872,0.007768256539171903,0.04684646474256682,0.012736188175881846,-0.02678971423056775,0.0395259024064496
2023-11-08,KOSPI_EX_K200,VALUE,0,N,0.0130385988596822,-0.005440795559491,0.0184793944191732,-0.0151501638780325,-0.0182162243782452,0.0030660605002126983,0.039434966148930606,0.007768256539171903,0.0316667096097587,-0.05156929721033454,-0.02678971423056775,-0.02477958297976679
2023-11-08,KOSPI_EX_K200,FLOW,0,R-,0.014567468180996,-0.005440795559491,0.020008263740487,0.011799395420013,-0.0182162243782452,0.0300156197982582,0.04863334197175484,0.007768256539171903,0.04086508543258294,-0.022983806445912136,-0.02678971423056775,0.0038059077846556155
2023-11-15,KOSPI_EX_K200,REVISION,0,R-,0.0243692875916303,0.0075388086199928,0.0168304789716375,-0.010543362074857,-0.0094335511359584,-0.0011098109388986005,0.06795534843927897,-0.009433206700092844,0.07738855513937182,0.04078532358838172,-0.04665071882090155,0.08743604240928327
2023-11-15,KOSPI_EX_K200,VALUE,0,N,0.0308308256195476,0.0075388086199928,0.0232920169995548,-0.0087859650975999,-0.0094335511359584,0.000647586038358499,0.01681437179550671,-0.009433206700092844,0.026247578495599555,-0.0611950127105082,-0.04665071882090155,-0.014544293889606652
2023-11-15,KOSPI_EX_K200,FLOW,0,R-,0.0232361733158405,0.0075388086199928,0.015697364695847697,-0.0153435777111834,-0.0094335511359584,-0.005910026575225,0.03429001397972575,-0.009433206700092844,0.0437232206798186,-0.02872360660480644,-0.04665071882090155,0.01792711221609511
2023-11-22,KOSPI_EX_K200,REVISION,1,R+,0.0235574151165279,0.0031790564212003,0.0203783586953276,0.0207903208262255,0.0067954854181635,0.013994835408061998,0.061446752219074696,0.008972127689665044,0.05247462452940965,0.03841074451760984,-0.04164828037207713,0.08005902488968697
2023-11-22,KOSPI_EX_K200,VALUE,1,N,-0.0027375970356503,0.0031790564212003,-0.0059166534568506,-0.0444127555113037,0.0067954854181635,-0.0512082409294672,0.02122063942311936,0.008972127689665044,0.012248511733454315,-0.07126568259134458,-0.04164828037207713,-0.029617402219267452
2023-11-22,KOSPI_EX_K200,FLOW,1,R+,0.0057337893682635,0.0031790564212003,0.0025547329470632,0.0015627474518983,0.0067954854181635,-0.0052327379662652,0.021746635724707142,0.008972127689665044,0.012774508035042098,-0.04816305660237896,-0.04164828037207713,-0.006514776230301833
2023-11-29,KOSPI_EX_K200,REVISION,1,R+,0.0079367830649681,0.0025124928934512,0.0054242901715169,0.0251152680838742,-0.0060467322303808,0.031162000314255,0.03238876287282233,-0.00710074607033695,0.03948950894315928,0.009945450175040227,-0.07745725968247719,0.08740270985751741
2023-11-29,KOSPI_EX_K200,VALUE,1,R+,-0.0018990117150018,0.0025124928934512,-0.004411504608453,0.0167116522173033,-0.0060467322303808,0.0227583844476841,0.017975285086776482,-0.00710074607033695,0.025076031157113432,-0.04269285247656285,-0.07745725968247719,0.03476440720591434
2023-11-29,KOSPI_EX_K200,FLOW,1,N,0.0043470388934601,0.0025124928934512,0.0018345460000089003,-0.0208607374422627,-0.0060467322303808,-0.014814005211881899,0.004889493364725661,-0.00710074607033695,0.01199023943506261,-0.049837390587637365,-0.07745725968247719,0.027619869094839822
2023-12-13,KOSPI_EX_K200,REVISION,1,W+,0.0181263242663792,0.0262594933923269,-0.0081331691259477,-0.0128008334002141,-0.0042358258240095,-0.008565007576204601,-0.02364188582387916,-0.0002926286238148501,-0.02334925720006431,-0.04245625201612402,-0.024842407235505348,-0.01761384478061867
2023-12-13,KOSPI_EX_K200,VALUE,1,R+,0.0352978322064547,0.0262594933923269,0.009038338814127803,-0.0194188329049753,-0.0042358258240095,-0.0151830070809658,-0.00035510370096170085,-0.0002926286238148501,-6.247507714685074e-05,-0.022296227905495014,-0.024842407235505348,0.002546179330010334
2023-12-13,KOSPI_EX_K200,FLOW,1,R+,0.0108268507925255,0.0262594933923269,-0.015432642599801398,-0.0350508200739492,-0.0042358258240095,-0.0308149942499397,0.00802566404745697,-0.0002926286238148501,0.00831829267127182,-0.0008681391976131936,-0.024842407235505348,0.023974268037892155
2023-12-28,KOSPI_EX_K200,REVISION,1,N,-0.003022016694797,-0.0168821813097749,0.0138601646149779,0.014361157333795,-0.0041774985348494,0.0185386558686444,-0.011062332000245312,-0.04418103472996937,0.03311870272972406,-0.008748258648141771,-0.014182048716849027,0.005433790068707256
2023-12-28,KOSPI_EX_K200,VALUE,1,R+,-0.0233494356688951,-0.0168821813097749,-0.006467254359120201,-0.0111857841871724,-0.0041774985348494,-0.007008285652323,0.012414332711638387,-0.04418103472996937,0.05659536744160776,0.06434823030950265,-0.014182048716849027,0.07853027902635168
2023-12-28,KOSPI_EX_K200,FLOW,1,R+,-0.0007510995744201,-0.0168821813097749,0.0161310817353548,0.0102267765934508,-0.0041774985348494,0.014404275128300201,0.029277551519587552,-0.04418103472996937,0.07345858624955692,0.08804986499528544,-0.014182048716849027,0.10223191371213447
2024-01-08,KOSPI_EX_K200,REVISION,1,N,-0.0338053229622046,0.003704028773641,-0.0375093517358456,-0.0368455241702737,0.0146903861222659,-0.0515359102925396,-0.0032277728915498516,-0.029931499018442387,0.026703726126892535,-0.0894900881780607,-0.043732553831343335,-0.045757534346717366
2024-01-08,KOSPI_EX_K200,VALUE,0,R-,-0.0054785691500304,0.003704028773641,-0.0091825979236714,0.0237145810931548,0.0146903861222659,0.009024194970888898,0.16067474287629246,-0.029931499018442387,0.19060624189473485,0.2162550974068851,-0.043732553831343335,0.2599876512382284
2024-01-08,KOSPI_EX_K200,FLOW,0,R-,0.0089345870823511,0.003704028773641,0.005230558308710101,0.0251465376525185,0.0146903861222659,0.0104561515302526,0.04232848643567122,-0.029931499018442387,0.0722599854541136,0.04474854859957067,-0.043732553831343335,0.088481102430914
2024-02-05,KOSPI_EX_K200,REVISION,0,R-,0.0380141809983583,0.0121745117101181,0.025839669288240198,0.044871875097693,-0.0116816541497488,0.056553529247441794,0.0602757833507106,-0.020216402372549958,0.08049218572326056,0.08155029666014424,-0.012722070577825817,0.09427236723797006
2024-02-05,KOSPI_EX_K200,VALUE,1,W+,0.0006592609358129,0.0121745117101181,-0.011515250774305201,-0.054254700162828,-0.0116816541497488,-0.042573046013079194,-0.004716549604184772,-0.020216402372549958,0.015499852768365185,-0.08687865129951111,-0.012722070577825817,-0.0741565807216853
2024-02-05,KOSPI_EX_K200,FLOW,1,W+,0.0087250712944693,0.0121745117101181,-0.0034494404156488,0.006244500118691,-0.0116816541497488,0.017926154268439798,-0.00713761895367071,-0.020216402372549958,0.013078783418879247,0.023919276340609752,-0.012722070577825817,0.03664134691843557
2024-02-14,KOSPI_EX_K200,REVISION,1,N,0.0161370701476132,-0.0034400189669011,0.0195770891145143,-0.004681285606553,-0.0127095103231345,0.0080282247165815,0.011052120547896171,-0.03988527511739526,0.05093739566529143,-0.004928574565685295,-0.03765291268648818,0.03272433812080289
2024-02-14,KOSPI_EX_K200,VALUE,1,W+,0.0028240178315392,-0.0034400189669011,0.006264036798440301,0.0016415416945675,-0.0127095103231345,0.014351052017702001,-0.006371401052708725,-0.03988527511739526,0.03351387406468653,-0.045312749594276225,-0.03765291268648818,-0.007659836907788042
2024-02-14,KOSPI_EX_K200,FLOW,1,W+,0.0066767627742667,-0.0034400189669011,0.0101167817411678,0.0033608451776007,-0.0127095103231345,0.0160703555007352,-0.024667452108017907,-0.03988527511739526,0.015217823009377351,-0.015109260870003416,-0.03765291268648818,0.022543651816484767
2024-02-21,KOSPI_EX_K200,REVISION,1,R+,0.0141059714980831,-0.0336685990731305,0.0477745705712136,0.0299238528337812,-0.0099526766004922,0.0398765294342734,-0.0130163384919173,-0.03261506952139992,0.01959873102948262,-0.023360075791198476,-0.018244932749141074,-0.005115143042057402
2024-02-21,KOSPI_EX_K200,VALUE,1,W+,-0.0141307064608094,-0.0336685990731305,0.019537892612321105,-0.0317540240389983,-0.0099526766004922,-0.021801347438506105,-0.0012782264754396255,-0.03261506952139992,0.031336843045960294,-0.05633053585526249,-0.018244932749141074,-0.03808560310612141
2024-02-21,KOSPI_EX_K200,FLOW,1,N,-0.0141829097830242,-0.0336685990731305,0.0194856892901063,0.0058780989207916,-0.0099526766004922,0.0158307755212838,-0.01904394390267683,-0.03261506952139992,0.01357112561872309,-0.0193558824503276,-0.018244932749141074,-0.0011109497011865255
2024-02-28,KOSPI_EX_K200,REVISION,1,N,-0.008757486800185,0.0051832257257734,-0.0139407125259584,0.0097558897265232,0.0219782750761221,-0.0122223853495989,0.017391089625404144,-0.0009510020389144058,0.01834209166431855,0.00672612314445864,-0.00960521028770489,0.01633133343216353
2024-02-28,KOSPI_EX_K200,VALUE,1,W+,0.0060428914187471,0.0051832257257734,0.0008596656929737,-0.0044655886418904,0.0219782750761221,-0.0264438637180125,-0.004847355816708698,-0.0009510020389144058,-0.0038963537777942925,-0.06387774193225226,-0.00960521028770489,-0.05427253164454737
2024-02-28,KOSPI_EX_K200,FLOW,1,N,-0.0081868684450208,0.0051832257257734,-0.0133700941707942,0.0082301906681746,0.0219782750761221,-0.0137480844079475,-0.010458445707066,-0.0009510020389144058,-0.009507443668151594,-0.030593822490725953,-0.00960521028770489,-0.020988612203021062
2024-03-14,KOSPI_EX_K200,REVISION,1,N,-0.008052437944641,0.0041061583420009,-0.0121585962866419,-0.0231173673140666,0.0072015116652761,-0.030318878979342698,0.026973873555271366,0.01860469628695105,0.008369177268320316,0.045841892811116836,0.0630918551014732,-0.017249962290356358
2024-03-14,KOSPI_EX_K200,VALUE,0,R-,0.0079643265932897,0.0041061583420009,0.003858168251288799,-0.0099181312892558,0.0072015116652761,-0.0171196429545319,-0.04136778074143932,0.01860469628695105,-0.05997247702839037,-0.08105609643766509,0.0630918551014732,-0.14414795153913829
2024-03-14,KOSPI_EX_K200,FLOW,0,N,0.0124809933906064,0.0041061583420009,0.0083748350486055,-0.0009654152375878,0.0072015116652761,-0.0081669269028639,-0.0019772823646393434,0.01860469628695105,-0.020581978651590394,-0.0027285125886641337,0.0630918551014732,-0.06582036769013733
2024-07-11,KOSPI_EX_K200,REVISION,1,N,-0.0130398935236057,-0.0423182494615853,0.0292783559379796,-0.0331196676156051,-0.0424083319825588,0.009288664366953699,-0.11123880228073435,-0.11953498101289284,0.008296178732158488,-0.005357514903346239,0.003917678379548484,-0.009275193282894723
2024-07-11,KOSPI_EX_K200,VALUE,1,N,0.019105177943285,-0.0423182494615853,0.0614234274048703,0.0794557153856002,-0.0424083319825588,0.121864047368159,-0.03344021617808013,-0.11953498101289284,0.08609476483481271,0.15846136202141903,0.003917678379548484,0.15454368364187054
2024-07-11,KOSPI_EX_K200,FLOW,0,R-,-0.0172355532359674,-0.0423182494615853,0.0250826962256179,-0.0200363118782402,-0.0424083319825588,0.0223720201043186,-0.08304690161400174,-0.11953498101289284,0.03648807939889109,0.03243994844057507,0.003917678379548484,0.02852227006102659
2024-07-18,KOSPI_EX_K200,REVISION,0,R-,-0.0457418189927133,-0.0575847119933594,0.011842893000646101,0.00368492273246,-0.0118014725447832,0.0154863952772432,-0.05124015013094241,-0.05684385443817519,0.005603704307232782,0.039557357443956054,0.017244431516461933,0.02231292592749412
2024-07-18,KOSPI_EX_K200,VALUE,1,W+,-0.0344263255786382,-0.0575847119933594,0.023158386414721198,0.0177068551757447,-0.0118014725447832,0.029508327720527902,-0.040253804006333715,-0.05684385443817519,0.016590050431841474,0.030116140620934928,0.017244431516461933,0.012871709104472995
2024-07-18,KOSPI_EX_K200,FLOW,0,R-,-0.0413856807631048,-0.0575847119933594,0.016199031230254596,0.006520469164908,-0.0118014725447832,0.0183219417096912,-0.03321129647120957,-0.05684385443817519,0.023632557966965617,0.017840780534955414,0.017244431516461933,0.0005963490184934805
2024-07-25,KOSPI_EX_K200,REVISION,0,R-,0.0346424650291116,0.027194258382083,0.0074482066470286,0.0331362397055982,0.0021468180648268,0.030989421640771404,0.0002658834430875334,-0.01261117025054026,0.012877053693627794,0.03584658314596911,0.00908334124239496,0.026763241903574153
2024-07-25,KOSPI_EX_K200,VALUE,0,W-,0.0439809274888859,0.027194258382083,0.0167866691068029,0.022661085277838,0.0021468180648268,0.0205142672130112,0.0134451816104173,-0.01261117025054026,0.02605635186095756,0.045744596069513976,0.00908334124239496,0.036661254827119016
2024-07-25,KOSPI_EX_K200,FLOW,0,R-,0.0302712805892059,0.027194258382083,0.003077022207122901,0.0094924753741698,0.0021468180648268,0.007345657309342999,0.025591486795929264,-0.01261117025054026,0.038202657046469524,0.04430957644487865,0.00908334124239496,0.03522623520248369
2024-08-01,KOSPI_EX_K200,REVISION,0,N,-0.0879276379168326,-0.0502791150052124,-0.0376485229116202,-0.0079369290706321,0.0586251052649369,-0.06656203433556901,-0.03644567682157451,-0.07643153712477901,0.0399858603032045,-0.006356046591537767,-0.028172611447727536,0.02181656485618977
2024-08-01,KOSPI_EX_K200,VALUE,1,W+,-0.0591254271124492,-0.0502791150052124,-0.008846312107236798,0.0311510612469317,0.0586251052649369,-0.0274740440180052,-0.04435256854251568,-0.07643153712477901,0.032078968582263334,0.05053080060621418,-0.028172611447727536,0.07870341205394171
2024-08-01,KOSPI_EX_K200,FLOW,0,N,-0.0552820224198844,-0.0502791150052124,-0.005002907414671999,0.0368814846671293,0.0586251052649369,-0.0217436205978076,-0.022098989042496187,-0.07643153712477901,0.05433254808228283,0.03096094648888581,-0.028172611447727536,0.059133557936613346
2024-09-06,KOSPI_EX_K200,REVISION,0,R-,0.0466575546424626,0.0275105692166169,0.0191469854258457,0.0319667466063294,-0.0120203852985132,0.0439871319048426,0.11079612096028879,0.03717818002096407,0.07361794093932472,0.059024501120668926,-0.03389167463582776,0.09291617575649669
2024-09-06,KOSPI_EX_K200,VALUE,0,W-,0.0063596751246117,0.0275105692166169,-0.0211508940920052,-0.0579443599158941,-0.0120203852985132,-0.045923974617380896,0.012402281929986048,0.03717818002096407,-0.02477589809097802,-0.0831024084825529,-0.03389167463582776,-0.04921073384672514
2024-09-06,KOSPI_EX_K200,FLOW,1,W+,0.0242351720890248,0.0275105692166169,-0.0032753971275920994,-0.0024662780639212,-0.0120203852985132,0.009554107234592,0.049617972462143056,0.03717818002096407,0.012439792441178987,-0.006635260077067273,-0.03389167463582776,0.02725641455876049
2024-09-13,KOSPI_EX_K200,REVISION,0,N,0.0440302573290519,-0.010628621770431,0.0546588790994829,0.0332825800928576,-0.037763807453618,0.0710463875464756,0.055437838926253535,-0.01099510649446056,0.0664329454207141,0.02925260135502694,-0.03195749129162184,0.061210092646648784
2024-09-13,KOSPI_EX_K200,VALUE,0,W-,-0.0025640072419429,-0.010628621770431,0.0080646145284881,-0.0206898763003509,-0.037763807453618,0.0170739311532671,-0.001185753570907111,-0.01099510649446056,0.00980935292355345,-0.040618871443501736,-0.03195749129162184,-0.008661380151879894
2024-09-13,KOSPI_EX_K200,FLOW,0,W-,0.0131409117553723,-0.010628621770431,0.0237695335258033,-0.0045675790349669,-0.037763807453618,0.0331962284186511,0.03183917589180574,-0.01099510649446056,0.0428342823862663,0.009392539568625624,-0.03195749129162184,0.041350030860247466
2024-09-25,KOSPI_EX_K200,REVISION,1,N,0.0014349737458063,0.00155902083759,-0.00012404709178369996,0.0035361719170388,0.0089092398660431,-0.005373067949004299,-0.007197861140562867,-0.0066079002098419215,-0.0005899609307209452,-0.014267975187708282,0.01453339303041079,-0.028801368218119072
2024-09-25,KOSPI_EX_K200,VALUE,0,W-,-0.0055452992503219,0.00155902083759,-0.007104320087911901,0.0001373455751249,0.0089092398660431,-0.0087718942909182,-0.007332684716929827,-0.0066079002098419215,-0.0007247845070879055,-0.024668533699187645,0.01453339303041079,-0.039201926729598435
2024-09-25,KOSPI_EX_K200,FLOW,0,W-,-0.0073142764559206,0.00155902083759,-0.0088732972935106,-0.0097653637965479,0.0089092398660431,-0.018674603662591,-0.005771026939848434,-0.0066079002098419215,0.0008368732699934878,0.0005936106605417546,0.01453339303041079,-0.013939782369869036
2024-10-21,KOSPI_EX_K200,REVISION,1,W+,-0.017928451793289,-0.006239789766774,-0.011688662026514997,-0.0104083987378041,0.0084482246789743,-0.0188566234167784,-0.0024434187035504706,-0.08488957219392579,0.08244615349037532,0.0957714126660596,0.01726812721890658,0.07850328544715302
2024-10-21,KOSPI_EX_K200,VALUE,0,R-,-0.0087024562998818,-0.006239789766774,-0.0024626665331078006,-0.0044082059980195,0.0084482246789743,-0.0128564306769938,-0.03644972497801835,-0.08488957219392579,0.04843984721590744,0.007014968194239302,0.01726812721890658,-0.01025315902466728
2024-10-21,KOSPI_EX_K200,FLOW,1,N,-0.023787745421492,-0.006239789766774,-0.017547955654718,-0.0132448168404061,0.0084482246789743,-0.0216930415193804,-0.0779351528253962,-0.08488957219392579,0.006954419368529585,0.01206697273072077,0.01726812721890658,-0.005201154488185811
2025-03-27,KOSPI_EX_K200,REVISION,0,N,-0.0215270527473498,-0.0051434335847622,-0.0163836191625876,0.0420238856168545,0.0568761251181892,-0.0148522395013347,0.03647648836403827,0.03852894390211126,-0.0020524555380729836,0.08606914400840493,0.047501355463781536,0.038567788544623394
2025-03-27,KOSPI_EX_K200,VALUE,0,W-,-0.0364448558175353,-0.0051434335847622,-0.0313014222327731,-0.0073276780872611,0.0568761251181892,-0.0642038032054503,0.006695670434645473,0.03852894390211126,-0.031833273467465784,-0.05392847640276521,0.047501355463781536,-0.10142983186654675
2025-03-27,KOSPI_EX_K200,FLOW,0,R-,-0.041782081792628,-0.0051434335847622,-0.0366386482078658,0.0010396711746965,0.0568761251181892,-0.0558364539434927,0.022427736392428788,0.03852894390211126,-0.01610120750968247,0.02851480237457582,0.047501355463781536,-0.018986553089205715
2025-08-07,KOSPI_EX_K200,REVISION,1,W+,-0.024514325065031,-0.0116531219203895,-0.012861203144641502,-0.0335323881569878,-0.0043535786380313,-0.029178809518956503,-0.001478747634151456,0.031129683537355568,-0.032608431171507024,0.001244673799033258,0.05713526070031505,-0.05589058690128179
2025-08-07,KOSPI_EX_K200,VALUE,0,R-,-0.0209930365453597,-0.0116531219203895,-0.009339914624970202,0.0075065381127554,-0.0043535786380313,0.0118601167507867,-0.025320279884140096,0.031129683537355568,-0.056449963421495664,-0.04342696879317487,0.05713526070031505,-0.10056222949348992
2025-08-07,KOSPI_EX_K200,FLOW,0,N,-0.0003052617394537,-0.0116531219203895,0.011347860180935799,0.0023924072195955,-0.0043535786380313,0.0067459858576268,0.0004165665867683632,0.031129683537355568,-0.030713116950587205,0.017532202552579035,0.05713526070031505,-0.039603058147736014
2025-08-14,KOSPI_EX_K200,REVISION,1,W+,-0.0287805445747646,-0.0157067046693334,-0.013073839905431199,0.001198407800359,0.0140209149758369,-0.0128225071754779,0.08987212947406609,0.09079952196200836,-0.000927392487942269,0.07458380245077767,0.07677336627769638,-0.0021895638269187057
2025-08-14,KOSPI_EX_K200,VALUE,0,R-,-0.0218385529286043,-0.0157067046693334,-0.006131848259270899,0.0024562404195645,0.0140209149758369,-0.0115646745562724,0.029470202842736493,0.09079952196200836,-0.06132931911927186,-0.06267618639622996,0.07677336627769638,-0.13944955267392634
2025-08-14,KOSPI_EX_K200,FLOW,0,N,-0.0266948487017659,-0.0157067046693334,-0.0109881440324325,0.0086884151660178,0.0140209149758369,-0.0053324998098191,0.061361201850712366,0.09079952196200836,-0.02943832011129599,0.04447028509808604,0.07677336627769638,-0.03230308117961034
2025-11-28,KOSPI_EX_K200,REVISION,1,W+,0.0545654036611621,0.0523698417979024,0.0021955618632597054,0.0355824881615597,0.0307543604912255,0.004828127670334199,0.047283742924513206,0.024620000465225278,0.022663742459287928,0.05491443216185199,0.017772470517524175,0.037141961644327814
2025-11-28,KOSPI_EX_K200,VALUE,1,W+,0.0328983517457989,0.0523698417979024,-0.019471490052103496,-0.0015014344868905,0.0307543604912255,-0.032255794978116,0.009778730158615634,0.024620000465225278,-0.014841270306609644,-0.03882547359031985,0.017772470517524175,-0.05659794410784402
2025-11-28,KOSPI_EX_K200,FLOW,1,W+,0.0229378675304156,0.0523698417979024,-0.029431974267486796,0.0124767225309423,0.0307543604912255,-0.0182776379602832,0.004632297647328976,0.024620000465225278,-0.019987702817896302,-0.014580258946084612,0.017772470517524175,-0.03235272946360879
2026-03-10,KOSPI_EX_K200,REVISION,0,R-,0.0254372905577073,0.027024154199148,-0.0015868636414407,-0.0185153398806209,-0.0010830857475239,-0.017432254133097,-0.005087580717183626,-0.013312503255649366,0.00822492253846574,-0.02985569171693181,-0.03412797108308807,0.004272279366156262
2026-03-10,KOSPI_EX_K200,VALUE,1,W+,0.0350250926465297,0.027024154199148,0.0080009384473817,-0.009303592519296,-0.0010830857475239,-0.0082205067717721,0.009890425556962734,-0.013312503255649366,0.0232029288126121,-0.058807268304965854,-0.03412797108308807,-0.024679297221877783
2026-03-10,KOSPI_EX_K200,FLOW,1,W+,0.0330584880641426,0.027024154199148,0.0060343338649946,0.018672173773161,-0.0010830857475239,0.019755259520684902,-0.010332717227540367,-0.013312503255649366,0.0029797860281089994,0.00966492353328463,-0.03412797108308807,0.0437928946163727
2026-04-07,KOSPI_EX_K200,REVISION,0,R-,0.0681079025435099,0.090387671910096,-0.0222797693665861,0.0154778831690657,0.0309795825553777,-0.015501699386312,0.181618391416827,0.31372353261032493,-0.13210514119349792,0.02228545857899844,0.23213193574974067,-0.20984647717074223
2026-04-07,KOSPI_EX_K200,VALUE,1,R+,0.0584762365436085,0.090387671910096,-0.0319114353664875,-0.0050849259371634,0.0309795825553777,-0.0360645084925411,0.104725544166973,0.31372353261032493,-0.20899798844335193,-0.14806067196375328,0.23213193574974067,-0.38019260771349395
2026-04-07,KOSPI_EX_K200,FLOW,0,N,0.064293037919841,0.090387671910096,-0.026094633990254995,-0.0406936626279886,0.0309795825553777,-0.07167324518336629,0.2001701593128502,0.31372353261032493,-0.11355337329747472,0.024131425472183166,0.23213193574974067,-0.2080005102775575
2026-06-08,KOSPI_EX_K200,REVISION,0,R-,0.1048347655577387,0.089378258710165,0.0154565068475737,-0.0117781324240198,-0.0633557605815408,0.051577628157521,-0.08737757104639632,-0.07178002170768871,-0.015597549338707606,-0.06266500390607366,-0.10199759775943329,0.03933259385335963
2026-06-08,KOSPI_EX_K200,VALUE,0,N,0.1087561209507536,0.089378258710165,0.0193778622405886,-0.0551883918851901,-0.0633557605815408,0.0081673686963507,0.05775573735686135,-0.07178002170768871,0.12953575906455006,0.17371109565826726,-0.10199759775943329,0.27570869341770055
2026-06-08,KOSPI_EX_K200,FLOW,0,R-,0.1207974430584633,0.089378258710165,0.031419184348298296,0.0072764368223243,-0.0633557605815408,0.0706321974038651,-0.0014229007607080568,-0.07178002170768871,0.07035712094698066,0.042369550061799766,-0.10199759775943329,0.14436714782123306
2026-06-15,KOSPI_EX_K200,REVISION,0,R-,-0.1050160513012366,-0.0831069778485428,-0.0219090734526938,-0.043012955800624,0.0019375259197248,-0.0449504817203488,-0.1979848548886627,-0.18648041806471383,-0.01150443682394886,-0.016932559375405054,-0.045662337574274625,0.02872977819886957
2026-06-15,KOSPI_EX_K200,VALUE,0,N,-0.0650531612040745,-0.0831069778485428,0.0180538166444683,0.0523187863795692,0.0019375259197248,0.0503812604598444,-0.07902800695304923,-0.18648041806471383,0.10745241111166459,0.3010867131954358,-0.045662337574274625,0.3467490507697104
2026-06-15,KOSPI_EX_K200,FLOW,0,R-,-0.0829533557680029,-0.0831069778485428,0.00015362208053990023,0.0129212813151232,0.0019375259197248,0.0109837553953984,-0.1347193501398687,-0.18648041806471383,0.05176106792484514,0.080145028981214,-0.045662337574274625,0.12580736655548863
2026-06-22,KOSPI_EX_K200,REVISION,0,R-,-0.0503140391841938,-0.0704685731592718,0.020154533975078,-0.012781950860661,-0.05152934659433,0.038747395733669,-0.15186928646696618,-0.13844535650193301,-0.013423929965033166,-0.00859794559157534,-0.014759281531585011,0.006161335940009671
2026-06-22,KOSPI_EX_K200,VALUE,0,W-,0.0033827689710919,-0.0704685731592718,0.07385134213036369,0.0883219835680253,-0.05152934659433,0.1398513301623553,-0.029257208010484592,-0.13844535650193301,0.10918814849144842,0.2508935303823314,-0.014759281531585011,0.26565281191391643
2026-06-22,KOSPI_EX_K200,FLOW,0,N,-0.0235357473093378,-0.0704685731592718,0.046932825849933996,0.0061821240492716,-0.05152934659433,0.057711470643601596,-0.07628186611905241,-0.13844535650193301,0.062163490382880604,0.08727523612946553,-0.014759281531585011,0.10203451766105054
2026-06-29,KOSPI_EX_K200,REVISION,0,R-,-0.0281515596870715,-0.0002544888415058,-0.0278970708455657,0.0039711358601212,0.0088771628268654,-0.0049060269667442,-0.14554782104042663,-0.11161135123889343,-0.0339364698015332,-0.014564876285391826,0.05321341011021152,-0.06777828639560335
2026-06-29,KOSPI_EX_K200,VALUE,0,W-,0.0169411076133655,-0.0002544888415058,0.0171955964548713,0.0847040564839397,0.0088771628268654,0.07582689365707429,-0.034211748891883054,-0.11161135123889343,0.07739960234701038,0.26891278284149234,0.05321341011021152,0.21569937273128081
2026-06-29,KOSPI_EX_K200,FLOW,0,N,-0.0050375387348142,-0.0002544888415058,-0.0047830498933084005,0.0153616321382433,0.0088771628268654,0.0064844693113779005,-0.08953223428193591,-0.11161135123889343,0.022079116956957523,0.07613650118539139,0.05321341011021152,0.02292309107517987
2026-07-06,KOSPI_EX_K200,REVISION,0,R-,-0.0290681154540333,-0.0452365103951735,0.0161683949411402,0.036437075512571,-0.0045963443517907,0.0410334198643617,-0.05201593112468106,-0.07378713432792816,0.021771203203247103,-0.00026826646301314483,-0.02971769071104513,0.029449424248031986
2026-07-06,KOSPI_EX_K200,VALUE,1,W+,-0.0346227409111982,-0.0452365103951735,0.0106137694839753,0.0473461777249011,-0.0045963443517907,0.051942522076691804,-0.018386650515112013,-0.07378713432792816,0.05540048381281615,0.06855717690782237,-0.02971769071104513,0.0982748676188675
2026-07-06,KOSPI_EX_K200,FLOW,0,W-,-0.0288137584669329,-0.0452365103951735,0.0164227519282406,0.0437801411016257,-0.0045963443517907,0.048376485453416405,-0.04225891340791532,-0.07378713432792816,0.03152822092001284,0.021088305203733615,-0.02971769071104513,0.050805995914778745
2026-07-13,KOSPI_EX_K200,REVISION,0,N,-0.0535548117297464,-0.0289681301262111,-0.024586681603535304,-0.0348994560752513,0.0343819454725168,-0.0692814015477681,,,,,,
2026-07-13,KOSPI_EX_K200,VALUE,0,W-,-0.0145271392544296,-0.0289681301262111,0.014440990871781498,0.0117225458010368,0.0343819454725168,-0.02265939967148,,,,,,
2026-07-13,KOSPI_EX_K200,FLOW,0,W-,-0.0210198101290092,-0.0289681301262111,0.0079483199972019,0.0196077339366394,0.0343819454725168,-0.0147742115358774,,,,,,
2017-02-14,KOSPI_KOSDAQ_ALL,REVISION,0,N,0.0224208475760326,0.0072611680157944,0.015159679560238202,0.0116628193535643,-0.0088328924493457,0.020495711802910002,0.0058211566061470155,-0.022130398814578123,0.027951555420725138,0.010974902764260497,-0.017695592077734856,0.028670494841995353
2017-02-14,KOSPI_KOSDAQ_ALL,VALUE,1,W+,0.0147610205288775,0.0072611680157944,0.007499852513083101,-0.0008045192986789,-0.0088328924493457,0.0080283731506668,0.0032236553984494876,-0.022130398814578123,0.02535405421302761,0.019786035408390523,-0.017695592077734856,0.03748162748612538
2017-02-14,KOSPI_KOSDAQ_ALL,FLOW,0,N,0.0141366923154754,0.0072611680157944,0.0068755242996810005,-0.0042962368146682,-0.0088328924493457,0.0045366556346774995,-0.0202149910527466,-0.022130398814578123,0.0019154077618315224,-0.019833634446552617,-0.017695592077734856,-0.0021380423688177608
2017-02-21,KOSPI_KOSDAQ_ALL,REVISION,1,N,-0.0025442210708621,-0.013750581491774,0.0112063604209119,-0.007691499423358,-0.0137302672163234,0.0060387677929653995,-0.007478740832360109,-0.03247813637689434,0.02499939554453423,0.0005934618312606332,-0.011583673142791961,0.012177134974052595
2017-02-21,KOSPI_KOSDAQ_ALL,VALUE,1,N,-0.0046744822827365,-0.013750581491774,0.0090760992090375,-0.0074566723542183,-0.0137302672163234,0.0062735948621050995,-0.001443457375602919,-0.03247813637689434,0.03103467900129142,0.02318092523158133,-0.011583673142791961,0.03476459837437329
2017-02-21,KOSPI_KOSDAQ_ALL,FLOW,1,R+,-0.0049973751194976,-0.013750581491774,0.0087532063722764,0.0040985822595928,-0.0137302672163234,0.0178288494759162,-0.02577114062340158,-0.03247813637689434,0.0067069957534927616,-0.005369429359108002,-0.011583673142791961,0.006214243783683959
2017-02-28,KOSPI_KOSDAQ_ALL,REVISION,1,R+,-0.0061834170187929,-0.0150707297136786,0.0088873126948857,0.0071519421095008,0.002760225297871,0.0043917168116298,0.006892351607471703,-0.00859977209173124,0.015492123699202942,0.0126960322303169,-0.014752114339182887,0.027448146569499787
2017-02-28,KOSPI_KOSDAQ_ALL,VALUE,1,N,-0.002005283395406,-0.0150707297136786,0.0130654463182726,0.0301421973991835,0.002760225297871,0.0273819721013125,0.017669869705822405,-0.00859977209173124,0.026269641797553644,0.02838154269702131,-0.014752114339182887,0.0431336570362042
2017-02-28,KOSPI_KOSDAQ_ALL,FLOW,1,R+,-0.0210447327641895,-0.0150707297136786,-0.0059740030505109,-0.0120911707529342,0.002760225297871,-0.0148513960508052,-0.007385875689948529,-0.00859977209173124,0.0012138964017827103,-0.009703591185337146,-0.014752114339182887,0.005048523153845741
2017-03-08,KOSPI_KOSDAQ_ALL,REVISION,1,N,-0.0075898897077744,-0.0005822694065628,-0.0070076203012116,-8.547038036867908e-05,0.0020892584513599,-0.002174728831728579,0.02486886348944939,-0.0027065658599351172,0.027575429349384506,0.00592957468653732,-0.062309826091596965,0.06823940077813428
2017-03-08,KOSPI_KOSDAQ_ALL,VALUE,1,W+,-0.0047307027553802,-0.0005822694065628,-0.0041484333488174,-0.0018129116299483,0.0020892584513599,-0.0039021700813082,0.022668914971491594,-0.0027065658599351172,0.02537548083142671,-0.030113415843395663,-0.062309826091596965,0.0321964102482013
2017-03-08,KOSPI_KOSDAQ_ALL,FLOW,1,R+,-0.0081472077161011,-0.0005822694065628,-0.007564938309538301,-0.0076236029631801,0.0020892584513599,-0.00971286141454,0.0238230588270949,-0.0027065658599351172,0.026529624687030018,-0.0023484662970503223,-0.062309826091596965,0.05996135979454664
2017-04-05,KOSPI_KOSDAQ_ALL,REVISION,1,N,-0.0039757517903071,-0.007631301425436,0.0036555496351289,0.0070473611865952,0.0069398359002105,0.00010752528638469962,0.041161687005235814,0.018936811032740586,0.02222487597249523,-0.008606435499975196,-0.01580029220156054,0.007193856701585344
2017-04-05,KOSPI_KOSDAQ_ALL,VALUE,1,R+,-0.0095048003940138,-0.007631301425436,-0.0018734989685778,0.0035190724718566,0.0069398359002105,-0.0034207634283539,0.029789561785567464,0.018936811032740586,0.010852750752826879,-0.0347965034091231,-0.01580029220156054,-0.018996211207562563
2017-04-05,KOSPI_KOSDAQ_ALL,FLOW,1,N,-0.0083270792149947,-0.007631301425436,-0.0006957777895587004,0.0004292955116911,0.0069398359002105,-0.0065105403885194,0.04421816383477517,0.018936811032740586,0.025281352802034585,0.005922715362017605,-0.01580029220156054,0.021723007563578145
2017-04-12,KOSPI_KOSDAQ_ALL,REVISION,1,N,0.0122265390072183,0.0098322778771418,0.0023942611300765,-0.0072069565417542,-0.0120555642115193,0.0048486076697651,0.060635046570582496,0.03385114191878569,0.026783904651796808,-0.005718146074956576,-0.017486999346587373,0.011768853271630797
2017-04-12,KOSPI_KOSDAQ_ALL,VALUE,1,R+,0.0053903792944758,0.0098322778771418,-0.004441898582666,-0.0377668773178239,-0.0120555642115193,-0.025711313106304604,0.04767706200773314,0.03385114191878569,0.013825920088947452,-0.024811206666841223,-0.017486999346587373,-0.0073242073202538505
2017-04-12,KOSPI_KOSDAQ_ALL,FLOW,1,N,0.0277768543747935,0.0098322778771418,0.017944576497651698,0.0107177225108026,-0.0120555642115193,0.0227732867223219,0.04814836959746005,0.03385114191878569,0.014297227678674362,0.003109633972723014,-0.017486999346587373,0.020596633319310387
2017-04-26,KOSPI_KOSDAQ_ALL,REVISION,1,N,0.0198562712918339,0.025796393699443,-0.005940122407609102,-0.0020303628686044,0.0186624732795277,-0.0206928361481321,0.08520005404042874,0.06380874489835686,0.02139130914207188,0.0334714509666989,0.02339981118787615,0.01007163977882275
2017-04-26,KOSPI_KOSDAQ_ALL,VALUE,1,R+,0.0036046674235986,0.025796393699443,-0.0221917262758444,-0.0258892551924445,0.0186624732795277,-0.044551728471972196,0.060103516388985145,0.06380874489835686,-0.0037052285093717163,0.015512758959428163,0.02339981118787615,-0.007887052228447988
2017-04-26,KOSPI_KOSDAQ_ALL,FLOW,1,N,0.0202585598469825,0.025796393699443,-0.0055378338524605004,0.0058274798841059,0.0186624732795277,-0.012834993395421799,0.04376887528922868,0.06380874489835686,-0.02003986960912818,-0.0064791430596936594,0.02339981118787615,-0.02987895424756981
2017-10-13,KOSPI_KOSDAQ_ALL,REVISION,0,W-,0.0040595058768663,-0.0040906295114749,0.008150135388341199,-0.0220686231372755,-0.026579882595442,0.004511259458166501,0.0536641513510161,0.05350625847859769,0.0001578928724184081,-0.015350541106308513,-0.023159512060606735,0.007808970954298222
2017-10-13,KOSPI_KOSDAQ_ALL,VALUE,0,N,0.0185648750653845,-0.0040906295114749,0.0226555045768594,-0.0063481744341205,-0.026579882595442,0.0202317081613215,0.02798492672183328,0.05350625847859769,-0.02552133175676441,-0.07239860759271022,-0.023159512060606735,-0.04923909553210348
2017-10-13,KOSPI_KOSDAQ_ALL,FLOW,0,R-,0.0035749452156829,-0.0040906295114749,0.0076655747271578,-0.0140661868437723,-0.026579882595442,0.0125136957516697,0.05027162301552157,0.05350625847859769,-0.0032346354630761187,-0.023442919364599524,-0.023159512060606735,-0.0002834073039927887
2017-10-20,KOSPI_KOSDAQ_ALL,REVISION,0,R-,0.0166128743829554,0.012594945175466,0.004017929207489399,-0.0098476675649503,-0.0156518803702577,0.0058042128053074,0.06788074091700835,0.1232786100102452,-0.05539786909323685,0.015700769852129426,0.06154292390658256,-0.04584215405445313
2017-10-20,KOSPI_KOSDAQ_ALL,VALUE,1,N,0.0117797582832176,0.012594945175466,-0.0008151868922484009,-0.0205482759795124,-0.0156518803702577,-0.0048963956092547,-0.0012120464501933492,0.1232786100102452,-0.12449065646043855,-0.10827894343408451,0.06154292390658256,-0.16982186734066707
2017-10-20,KOSPI_KOSDAQ_ALL,FLOW,0,R-,0.0159759869491311,0.012594945175466,0.0033810417736651003,-0.0084126508462482,-0.0156518803702577,0.007239229524009499,0.07329305767972305,0.1232786100102452,-0.049985552330522154,-0.036038354053335886,0.06154292390658256,-0.09758127795991844
2017-10-27,KOSPI_KOSDAQ_ALL,REVISION,1,R+,0.0119265286182358,0.0179110035306702,-0.005984474912434401,0.0076781842371436,0.0086602422475187,-0.0009820580103751001,0.08282376322672635,0.14758791210309385,-0.0647641488763675,0.053087996532337645,0.11135751294987983,-0.05826951641754219
2017-10-27,KOSPI_KOSDAQ_ALL,VALUE,1,R+,0.0004093898625981,0.0179110035306702,-0.0175016136680721,-0.01253519942266,0.0086602422475187,-0.0211954416701787,-0.0068539838790705465,0.14758791210309385,-0.1544418959821644,-0.10395954796609508,0.11135751294987983,-0.2153170609159749
2017-10-27,KOSPI_KOSDAQ_ALL,FLOW,1,R+,0.002924323138459,0.0179110035306702,-0.0149866803922112,-0.0060622807424454,0.0086602422475187,-0.0147225229899641,0.08831380651766718,0.14758791210309385,-0.05927410558542667,-0.01940166410555022,0.11135751294987983,-0.13075917705543005
2017-12-22,KOSPI_KOSDAQ_ALL,REVISION,0,R-,0.0262840390422253,0.0839370775961219,-0.0576530385538966,-0.0093734035148155,0.0523816296737963,-0.0617550331886118,0.07215876076624039,0.1500120203589994,-0.07785325959275902,-0.029860197464224858,0.04433503612156753,-0.07419523358579239
2017-12-22,KOSPI_KOSDAQ_ALL,VALUE,0,N,0.0161288430593659,0.0839370775961219,-0.067808234536756,-0.036675084265952,0.0523816296737963,-0.0890567139397483,0.08597941781440421,0.1500120203589994,-0.0640326025445952,-0.024373808058581026,0.04433503612156753,-0.06870884418014855
2017-12-22,KOSPI_KOSDAQ_ALL,FLOW,0,R-,0.0547857085275308,0.0839370775961219,-0.0291513690685911,0.003467649109585,0.0523816296737963,-0.048913980564211305,0.11214340748611584,0.1500120203589994,-0.03786861287288357,-0.012715088448347123,0.04433503612156753,-0.05705012456991465
2018-02-07,KOSPI_KOSDAQ_ALL,REVISION,0,R-,0.0145953167019038,0.0192055973841175,-0.0046102806822137,0.0371908642239748,0.0251281933395553,0.0120626708844195,0.05230918223654624,0.0501741086384484,0.0021350735980978364,0.042305320267999935,0.030106099607146053,0.012199220660853882
2018-02-07,KOSPI_KOSDAQ_ALL,VALUE,0,W-,-0.0206127650432722,0.0192055973841175,-0.0398183624273897,-0.0291639780966212,0.0251281933395553,-0.0542921714361765,0.0021328375715534698,0.0501741086384484,-0.04804127106689493,-0.058433007604248965,0.030106099607146053,-0.08853910721139502
2018-02-07,KOSPI_KOSDAQ_ALL,FLOW,0,W-,0.0055998015673024,0.0192055973841175,-0.013605795816815099,-0.0005124439719425,0.0251281933395553,-0.0256406373114978,0.02308377938185968,0.0501741086384484,-0.02709032925658872,-0.026851728197048952,0.030106099607146053,-0.056957827804195005
2018-02-14,KOSPI_KOSDAQ_ALL,REVISION,0,N,0.0264602625194099,0.031571941355248,-0.005111678835838098,0.0049494736971863,0.0082187873011972,-0.0032693136040109006,0.029028270471054718,0.04946102762801763,-0.02043275715696291,0.012299714386844629,0.03248285139733054,-0.020183137010485908
2018-02-14,KOSPI_KOSDAQ_ALL,VALUE,0,W-,0.0231873754388624,0.031571941355248,-0.008384565916385596,-0.0099219147492942,0.0082187873011972,-0.0181407020504914,0.0010955934418754865,0.04946102762801763,-0.04836543418614214,-0.04869754102510604,0.03248285139733054,-0.08118039242243658
2018-02-14,KOSPI_KOSDAQ_ALL,FLOW,0,W-,0.0218398705636045,0.031571941355248,-0.009732070791643496,-0.0118415681404964,0.0082187873011972,-0.0200603554416936,0.02642075610073502,0.04946102762801763,-0.023040271527282608,-0.0068381867940360275,0.03248285139733054,-0.039321038191366564
2018-02-23,KOSPI_KOSDAQ_ALL,REVISION,0,W-,-0.0349840497594604,-0.0474469172552055,0.0124628674957451,0.0113372939356364,-0.0113626310029279,0.0226999249385643,-0.01111073626387682,0.005632197264681338,-0.016742933528558157,0.030689718934411525,0.04488171809733554,-0.014191999162924018
2018-02-23,KOSPI_KOSDAQ_ALL,VALUE,0,N,-0.0328201702847758,-0.0474469172552055,0.014626746970429698,-0.0033357464988963,-0.0113626310029279,0.008026884504031601,-0.04951980757549057,0.005632197264681338,-0.05515200484017191,-0.05902657308202863,0.04488171809733554,-0.10390829117936418
2018-02-23,KOSPI_KOSDAQ_ALL,FLOW,0,W-,-0.0395210144149304,-0.0474469172552055,0.007925902840275098,0.0066905923366162,-0.0113626310029279,0.0180532233395441,-0.012636832098752881,0.005632197264681338,-0.01826902936343422,0.015224954861835949,0.04488171809733554,-0.029656763235499595
2018-03-05,KOSPI_KOSDAQ_ALL,REVISION,0,W-,0.0470655572411268,0.0486022831957907,-0.0015367259546638992,-0.0112283128294166,0.0081194017361097,-0.0193477145655263,0.028845399108570202,0.08707949900051126,-0.05823409989194106,0.015556990699241435,0.07189030105758887,-0.05633331035834743
2018-03-05,KOSPI_KOSDAQ_ALL,VALUE,0,N,0.0339712188658624,0.0486022831957907,-0.0146310643299283,-0.0171505169409886,0.0081194017361097,-0.0252699186770983,-0.009771410386790746,0.08707949900051126,-0.09685090938730201,-0.062291486502743854,0.07189030105758887,-0.13418178756033272
2018-03-05,KOSPI_KOSDAQ_ALL,FLOW,0,W-,0.0366097961301606,0.0486022831957907,-0.011992487065630102,-0.0212336418994396,0.0081194017361097,-0.0293530436355493,0.04211139543426223,0.08707949900051126,-0.04496810356624903,-0.0004901234331761151,0.07189030105758887,-0.07238042449076498
2018-05-09,KOSPI_KOSDAQ_ALL,REVISION,1,W+,0.0251872753729177,0.0103703290932393,0.0148169462796784,0.0226367118406469,0.0192991620775464,0.003337549763100498,0.06333279919807633,0.020442450531985568,0.04289034866609076,0.06550687634756236,0.006799414777737711,0.05870746156982465
2018-05-09,KOSPI_KOSDAQ_ALL,VALUE,1,W+,0.0203150292882845,0.0103703290932393,0.0099447001950452,0.0297535901936912,0.0192991620775464,0.010454428116144797,0.009736931989234643,0.020442450531985568,-0.010705518542750925,-0.006589258483089444,0.006799414777737711,-0.013388673260827155
2018-05-09,KOSPI_KOSDAQ_ALL,FLOW,0,R-,-0.0029900508660089,0.0103703290932393,-0.0133603799592482,-0.0092386084778111,0.0192991620775464,-0.0285377705553575,0.016059336979954875,0.020442450531985568,-0.004383113552030693,0.002075930025904338,0.006799414777737711,-0.004723484751833373
2018-05-16,KOSPI_KOSDAQ_ALL,REVISION,1,W+,0.0221912746244275,0.0109526102757301,0.0112386643486974,0.0254423683599328,-0.0003429512243774,0.0257853195843102,-0.0024589231441441983,-0.03871653196622227,0.03625760882207807,0.040695624333267455,-0.01731950411752914,0.058015128450796594
2018-05-16,KOSPI_KOSDAQ_ALL,VALUE,1,W+,-0.0058468063082791,0.0109526102757301,-0.0167994165840092,-0.0061467130275984,-0.0003429512243774,-0.005803761803221,-0.04024079946765036,-0.03871653196622227,-0.0015242675014280893,-0.04084693935151218,-0.01731950411752914,-0.02352743523398304
2018-05-16,KOSPI_KOSDAQ_ALL,FLOW,0,N,0.0077732637329522,0.0109526102757301,-0.0031793465427779003,-0.0028934043735381,-0.0003429512243774,-0.0025504531491606997,-0.01976208933174306,-0.03871653196622227,0.018954442634479207,0.029720664549866882,-0.01731950411752914,0.04704016866739602
2018-07-02,KOSPI_KOSDAQ_ALL,REVISION,0,W-,0.009408505168177,0.0029938115805459,0.006414693587631099,-0.0069229215111413,-0.0348078988291418,0.0278849773180005,-0.007738384614820237,-0.05183772376599782,0.044099339151177586,-0.012425811623026584,-0.09380013060765524,0.08137431898462866
2018-07-02,KOSPI_KOSDAQ_ALL,VALUE,0,R-,0.0100565286684741,0.0029938115805459,0.007062717087928199,-0.0172498794110277,-0.0348078988291418,0.0175580194181141,0.022928796877239144,-0.05183772376599782,0.07476652064323697,0.04320333264188991,-0.09380013060765524,0.13700346324954515
2018-07-02,KOSPI_KOSDAQ_ALL,FLOW,0,W-,0.0268968443640803,0.0029938115805459,0.0239030327835344,0.0081250723351808,-0.0348078988291418,0.0429329711643226,-0.0048268344630855164,-0.05183772376599782,0.047010889302912306,-0.005365558253900282,-0.09380013060765524,0.08843457235375496
2018-07-09,KOSPI_KOSDAQ_ALL,REVISION,0,W-,0.0030032892488671,0.0126115932496962,-0.0096083040008291,-0.0084856625539046,-0.0027855553281442,-0.005700107225760401,-0.011337934107824799,-0.06985414105453525,0.05851620694671045,-0.0045880186924984745,-0.09623775916947508,0.0916497404769766
2018-07-09,KOSPI_KOSDAQ_ALL,VALUE,0,R-,0.0016072504888258,0.0126115932496962,-0.0110043427608704,-0.0076024364408514,-0.0027855553281442,-0.0048168811127072,0.02850798274620092,-0.06985414105453525,0.09836212380073617,0.08529771258101948,-0.09623775916947508,0.18153547175049456
2018-07-09,KOSPI_KOSDAQ_ALL,FLOW,0,W-,0.0074520217787434,0.0126115932496962,-0.0051595714709528,-0.0042168328297304,-0.0027855553281442,-0.0014312775015862,-0.02442057955171184,-0.06985414105453525,0.045433561502823405,-0.01534072261476882,-0.09623775916947508,0.08089703655470626
2018-07-16,KOSPI_KOSDAQ_ALL,REVISION,0,W-,-0.0475498508138205,-0.0816807235243892,0.034130872710568694,0.0002245028674917,-0.0369875364042571,0.0372120392717488,-0.04696746006083208,-0.11507905793009232,0.06811159786926024,0.0007186539982972917,-0.09204973650973369,0.09276839050803098
2018-07-16,KOSPI_KOSDAQ_ALL,VALUE,0,R-,-0.0179529530754717,-0.0816807235243892,0.0637277704489175,0.0524441809687302,-0.0369875364042571,0.0894317173729873,0.0036624108676237555,-0.11507905793009232,0.11874146879771608,0.10246484034170233,-0.09204973650973369,0.19451457685143603
2018-07-16,KOSPI_KOSDAQ_ALL,FLOW,0,W-,-0.0558067764831424,-0.0816807235243892,0.025873947041246792,0.0003132082224267,-0.0369875364042571,0.0373007446266838,-0.057879274800196945,-0.11507905793009232,0.057199783129895376,-0.0013251461251974073,-0.09204973650973369,0.09072459038453629
2018-07-23,KOSPI_KOSDAQ_ALL,REVISION,0,N,0.0289982124163056,0.0165946574018337,0.0124035550144719,0.0027444908849415,-0.022335676124247,0.0250801670091885,0.0399604330349308,0.0053511457402921625,0.034609287294638635,0.015749607265963084,-0.0626691757776916,0.07841878304365468
2018-07-23,KOSPI_KOSDAQ_ALL,VALUE,0,N,0.0296034069011773,0.0165946574018337,0.013008749499343601,0.0163448700663154,-0.022335676124247,0.038680546190562395,0.042116197220925855,0.0053511457402921625,0.03676505148063369,0.03090768869454985,-0.0626691757776916,0.09357686447224145
2018-07-23,KOSPI_KOSDAQ_ALL,FLOW,0,W-,0.0187944858551288,0.0165946574018337,0.0021998284532951003,-0.0095141083893638,-0.022335676124247,0.0128215677348832,0.03535506779304143,0.0053511457402921625,0.030003922052749266,-0.009434477758449966,-0.0626691757776916,0.05323469801924163
2018-07-30,KOSPI_KOSDAQ_ALL,REVISION,0,N,0.005746753250461,-0.0160644820261448,0.0218112352766058,0.0009585446074108,-0.0374042132989669,0.0383627579063777,0.028318295413182648,0.014817876295614152,0.013500419117568496,0.029750485010487493,-0.022424028731191314,0.05217451374167881
2018-07-30,KOSPI_KOSDAQ_ALL,VALUE,1,W+,0.0155655075229196,-0.0160644820261448,0.0316299895490644,0.0224051482014066,-0.0374042132989669,0.0598093615003735,0.009596509642060491,0.014817876295614152,-0.005221366653553661,-0.00920201342193383,-0.022424028731191314,0.013222015309257484
2018-07-30,KOSPI_KOSDAQ_ALL,FLOW,0,N,0.0066784987559273,-0.0160644820261448,0.022742980782072098,-0.001985389228167,-0.0374042132989669,0.035418824070799895,0.03464624278850059,0.014817876295614152,0.01982836649288644,0.0022259104805995023,-0.022424028731191314,0.024649939211790817
2018-08-06,KOSPI_KOSDAQ_ALL,REVISION,0,N,-0.0331430674872894,-0.0366229162538589,0.003479848766569496,-0.0031997687171175,0.001835523648412,-0.0050352923655295,0.0326437611396313,0.06248796105911403,-0.029844199919482728,0.03261912617879581,0.038881731082900384,-0.006262604904104574
2018-08-06,KOSPI_KOSDAQ_ALL,VALUE,1,W+,-0.0225884828973925,-0.0366229162538589,0.014034433356466397,0.0080952063031792,0.001835523648412,0.0062596826547672,-0.014508833355561412,0.06248796105911403,-0.07699679441467544,-0.06496367821884386,0.038881731082900384,-0.10384540930174424
2018-08-06,KOSPI_KOSDAQ_ALL,FLOW,0,R-,-0.0270997835050086,-0.0366229162538589,0.009523132748850298,0.0099570803878082,0.001835523648412,0.0081215567393962,0.039357803900364585,0.06248796105911403,-0.023130157158749443,-0.005271835665864311,0.038881731082900384,-0.044153566748764694
2018-08-13,KOSPI_KOSDAQ_ALL,REVISION,0,N,0.0393249213243736,0.0432947090173138,-0.003969787692940194,0.0152480339066174,-0.0058252059219428,0.0210732398285602,0.07138208876349816,0.10089276491377364,-0.029510676150275472,0.054473275665860355,0.04135654557806623,0.013116730087794126
2018-08-13,KOSPI_KOSDAQ_ALL,VALUE,1,W+,0.0196726737512638,0.0432947090173138,-0.023622035266049998,-0.015866303957393,-0.0058252059219428,-0.0100410980354502,0.014917122620496936,0.10089276491377364,-0.0859756422932767,-0.05838650389496003,0.04135654557806623,-0.09974304947302626
2018-08-13,KOSPI_KOSDAQ_ALL,FLOW,0,N,0.0376326651095638,0.0432947090173138,-0.005662043907749999,-0.0078094269987615,-0.0058252059219428,-0.0019842210768187003,0.0673424064732806,0.10089276491377364,-0.03355035844049303,-0.010230869984682589,0.04135654557806623,-0.05158741556274882
2018-11-06,KOSPI_KOSDAQ_ALL,REVISION,0,R-,-0.0091855455487295,-0.0052467297920665,-0.003938815756662999,-0.0003750495706018,0.0169948355954561,-0.0173698851660579,0.020825804790912228,0.011601370567857705,0.009224434223054523,-0.058797610948137735,-0.07805335023174176,0.019255739283604023
2018-11-06,KOSPI_KOSDAQ_ALL,VALUE,0,N,-0.005610270645572,-0.0052467297920665,-0.00036354085350549965,0.0235718054467542,0.0169948355954561,0.0065769698512981,0.03651056715188572,0.011601370567857705,0.024909196584028015,0.01228267746569367,-0.07805335023174176,0.09033602769743543
2018-11-06,KOSPI_KOSDAQ_ALL,FLOW,0,N,-0.0048840322060976,-0.0052467297920665,0.0003626975859689005,0.0110391549240765,0.0169948355954561,-0.005955680671379601,0.03379936477164325,0.011601370567857705,0.022197994203785543,0.0028567678983437705,-0.07805335023174176,0.08091011813008553
2018-11-13,KOSPI_KOSDAQ_ALL,REVISION,0,R-,0.0081401899776562,0.011686028926311,-0.0035458389486547996,-0.0304974772938398,-0.0448358472358019,0.014338369941962095,-0.016744390974307466,-0.0260661179114281,0.009321726937120633,-0.049507045810916916,-0.06656868240730518,0.017061636596388263
2018-11-13,KOSPI_KOSDAQ_ALL,VALUE,0,W-,0.0184336828258737,0.011686028926311,0.0067476538995627,-0.0050932878263583,-0.0448358472358019,0.0397425594094436,0.000558561874552499,-0.0260661179114281,0.0266246797859806,-6.058948336040704e-05,-0.06656868240730518,0.06650809292394477
2018-11-13,KOSPI_KOSDAQ_ALL,FLOW,0,W-,0.0244914561037101,0.011686028926311,0.012805427177399102,0.0096590250756746,-0.0448358472358019,0.0544948723114765,-0.007249549431746383,-0.0260661179114281,0.018816568479681717,0.010795016608379449,-0.06656868240730518,0.07736369901568463
2018-11-20,KOSPI_KOSDAQ_ALL,REVISION,0,R-,0.0140438710761606,-0.0052360939173331,0.0192799649934937,-0.0134262394361775,-0.0346010756290222,0.021174836192844698,-0.0215687496519974,-0.03582279896587559,0.014254049313878192,-0.02254673498412718,-0.02352244997359887,0.0009757149894716877
2018-11-20,KOSPI_KOSDAQ_ALL,VALUE,1,W+,0.0100913557338744,-0.0052360939173331,0.015327449651207501,-0.0056915951099779,-0.0346010756290222,0.0289094805190443,0.020077895299952964,-0.03582279896587559,0.055900694265828554,0.05852856692246,-0.02352244997359887,0.08205101689605887
2018-11-20,KOSPI_KOSDAQ_ALL,FLOW,0,W-,0.009667834074601,-0.0052360939173331,0.014903927991934098,-0.003068939150315,-0.0346010756290222,0.031532136478707194,-0.024038344217355956,-0.03582279896587559,0.011784454748519635,0.00416432335338679,-0.02352244997359887,0.02768677332698566
2018-12-11,KOSPI_KOSDAQ_ALL,REVISION,0,R-,0.0031937347230901,0.0015511541745394,0.0016425805485507001,-0.0029979684923099,-0.0007873807259468,-0.0022105877663631,0.022323483338700267,-0.030980186418175126,0.053303669756875394,0.004704663311056789,-0.09807531863808139,0.10277998194913818
2018-12-11,KOSPI_KOSDAQ_ALL,VALUE,1,N,0.0383017319178657,0.0015511541745394,0.036750577743326296,0.0532009891625094,-0.0007873807259468,0.0539883698884562,0.038285259721255294,-0.030980186418175126,0.06926544613943042,0.018267187709382515,-0.09807531863808139,0.1163425063474639
2018-12-11,KOSPI_KOSDAQ_ALL,FLOW,0,W-,0.0071658766428392,0.0015511541745394,0.0056147224682998,0.0030357837879652,-0.0007873807259468,0.0038231645139119998,0.009699035959275681,-0.030980186418175126,0.04067922237745081,-0.031287933521792155,-0.09807531863808139,0.06678738511628923
2019-01-11,KOSPI_KOSDAQ_ALL,REVISION,1,N,-0.0009774755167393,0.0269312243402469,-0.0279086998569862,-0.021833051810979,0.0060580703911861,-0.027891122202165098,0.04181853130825042,0.03656359911651563,0.005254932191734785,-0.0191165386635902,-0.062688335726651,0.0435717970630608
2019-01-11,KOSPI_KOSDAQ_ALL,VALUE,1,N,0.0238126185053838,0.0269312243402469,-0.0031186058348630988,0.0309711682931234,0.0060580703911861,0.0249130979019373,0.056463323946105426,0.03656359911651563,0.019899724829589793,0.022360815245294985,-0.062688335726651,0.08504915097194599
2019-01-11,KOSPI_KOSDAQ_ALL,FLOW,1,R+,0.0120939508902303,0.0269312243402469,-0.0148372734500166,0.0026849552697129,0.0060580703911861,-0.0033731151214731994,0.05992921889093772,0.03656359911651563,0.023365619774422086,-0.007691755861308658,-0.062688335726651,0.05499657986534234
2019-01-18,KOSPI_KOSDAQ_ALL,REVISION,1,N,0.0115011717438264,-0.0013166077733523,0.0128177795171787,-0.0107237647803553,-0.0364831789137822,0.025759414133426903,0.0678988708747561,0.005611345025356096,0.062287525849400005,-0.004427027822234031,-0.10411769440283769,0.09969066658060366
2019-01-18,KOSPI_KOSDAQ_ALL,VALUE,1,N,0.0243845754923791,-0.0013166077733523,0.0257011832657314,0.0211762426462217,-0.0364831789137822,0.0576594215600039,0.047964337811083224,0.005611345025356096,0.04235299278572713,-0.02357999454572446,-0.10411769440283769,0.08053769985711323
2019-01-18,KOSPI_KOSDAQ_ALL,FLOW,1,R+,0.0195664562387111,-0.0013166077733523,0.0208830640120634,-0.0118336315185637,-0.0364831789137822,0.0246495473952185,0.05749758869345678,0.005611345025356096,0.051886243668100684,-0.0200403916082873,-0.10411769440283769,0.08407730279455039
2019-03-07,KOSPI_KOSDAQ_ALL,REVISION,1,W+,0.0317008618520637,0.0291677301601471,0.0025331316919166014,0.0113226492355309,0.0090216368997907,0.0023010123357401994,0.04354894751344163,0.03702291558482451,0.006526031928617115,0.02557836014876158,0.015438766346966393,0.010139593801795188
2019-03-07,KOSPI_KOSDAQ_ALL,VALUE,0,R-,0.0158179281928452,0.0291677301601471,-0.0133498019673019,-0.0008600545049816,0.0090216368997907,-0.0098816914047723,0.024762280427867767,0.03702291558482451,-0.012260635156956745,0.008280585885699798,0.015438766346966393,-0.0071581804612665945
2019-03-07,KOSPI_KOSDAQ_ALL,FLOW,1,N,0.0243256379026909,0.0291677301601471,-0.004842092257456201,-0.0045631330971128,0.0090216368997907,-0.0135847699969035,0.0065190458639239335,0.03702291558482451,-0.030503869720900578,-0.03537659037496699,0.015438766346966393,-0.05081535672193338
2019-03-14,KOSPI_KOSDAQ_ALL,REVISION,1,W+,-0.0019971833702827,-0.0086655413942222,0.006668358023939501,0.0039514753879784,-0.0027741118518457,0.0067255872398241,0.03290074002551635,0.03644512686292822,-0.0035443868374118725,0.01445161987359267,0.01339397559534139,0.0010576442782512796
2019-03-14,KOSPI_KOSDAQ_ALL,VALUE,1,R+,-0.0020298585747152,-0.0086655413942222,0.006635682819507001,0.0040724175870995,-0.0027741118518457,0.0068465294389452,0.014125726739961042,0.03644512686292822,-0.02231940012296718,-0.006249488455160379,0.01339397559534139,-0.01964346405050177
2019-03-14,KOSPI_KOSDAQ_ALL,FLOW,1,N,-0.0166831597470496,-0.0086655413942222,-0.008017618352827398,-0.0163291187524338,-0.0027741118518457,-0.013555006900588099,-0.006794657088644684,0.03644512686292822,-0.04323978395157291,-0.033016407487301946,0.01339397559534139,-0.046410383082643336
2019-03-21,KOSPI_KOSDAQ_ALL,REVISION,1,W+,-0.0194384912266678,-0.0099952752617441,-0.009443215964923701,0.0181141452262379,0.0272664350136487,-0.009152289787410797,0.021596617354330272,0.0371660152392419,-0.015569397884911629,-0.01092279349645342,0.021931540344916955,-0.032854333841370376
2019-03-21,KOSPI_KOSDAQ_ALL,VALUE,0,N,-0.0380053316327705,-0.0099952752617441,-0.0280100563710264,-0.0155952795396869,0.0272664350136487,-0.042861714553335595,0.012354347031956037,0.0371660152392419,-0.024811668207285864,0.002150935138648391,0.021931540344916955,-0.019780605206268564
2019-03-21,KOSPI_KOSDAQ_ALL,FLOW,0,N,-0.0262619694339403,-0.0099952752617441,-0.0162666941721962,0.0080290182323204,0.0272664350136487,-0.0192374167813283,-0.00236991380907825,0.0371660152392419,-0.03953592904832015,-0.016900853233283164,0.021931540344916955,-0.03883239357820012
2019-10-07,KOSPI_KOSDAQ_ALL,REVISION,0,N,0.0261538753218206,0.0161258649370396,0.010028010384781003,-0.0019419032090933,-0.0188812526600522,0.0169393494509589,0.06162544297561334,0.0785993274272141,-0.01697388445160075,0.023490525643084625,0.024510029277016843,-0.0010195036339322172
2019-10-07,KOSPI_KOSDAQ_ALL,VALUE,0,N,0.0219036340108185,0.0161258649370396,0.005777769073778902,0.0058742179703641,-0.0188812526600522,0.0247554706304163,0.024017864324975546,0.0785993274272141,-0.05458146310223855,-0.018755608606600083,0.024510029277016843,-0.043265637883616925
2019-10-07,KOSPI_KOSDAQ_ALL,FLOW,0,R-,0.029250129257651,0.0161258649370396,0.013124264320611402,0.006190514225674,-0.0188812526600522,0.025071766885726203,0.06633018214376563,0.0785993274272141,-0.012269145283448468,0.0037080420387718416,0.024510029277016843,-0.020801987238245
2019-10-15,KOSPI_KOSDAQ_ALL,REVISION,1,W+,0.0067276681783302,0.0368616964674424,-0.030134028289112196,0.007287977847972,0.0357468345293164,-0.028458856681344402,0.03318475388453046,0.048410560082232656,-0.015225806197702196,0.020983329734506118,0.023614159952858538,-0.00263083021835242
2019-10-15,KOSPI_KOSDAQ_ALL,VALUE,0,N,0.0058151002436265,0.0368616964674424,-0.031046596223815896,0.0040763419006276,0.0357468345293164,-0.031670492628688804,0.014062487347127117,0.048410560082232656,-0.03434807273510554,-0.006528078508108326,0.023614159952858538,-0.030142238460966864
2019-10-15,KOSPI_KOSDAQ_ALL,FLOW,1,R+,0.0101168369588805,0.0368616964674424,-0.026744859508561897,0.0020514497153306,0.0357468345293164,-0.033695384813985804,0.029594249596909483,0.048410560082232656,-0.018816310485323173,-0.011401179796455607,0.023614159952858538,-0.035015339749314145
2019-11-26,KOSPI_KOSDAQ_ALL,REVISION,1,W+,-0.0168371028418373,-0.0240715886210293,0.007234485779191998,0.0008916727275364,0.0032151827530774,-0.002323510025541,0.01959016352775622,-0.026899404868042986,0.04648956839579921,0.005407163494824729,-0.02597086289660988,0.03137802639143461
2019-11-26,KOSPI_KOSDAQ_ALL,VALUE,1,N,-0.0185157005981214,-0.0240715886210293,0.0055558880229079,0.0008778059672257,0.0032151827530774,-0.0023373767858517,0.014820260769355942,-0.026899404868042986,0.04171966563739893,0.018383880420741683,-0.02597086289660988,0.044354743317351564
2019-11-26,KOSPI_KOSDAQ_ALL,FLOW,1,N,-0.0277249689533409,-0.0240715886210293,-0.0036533803323115996,-0.0046608708168266,0.0032151827530774,-0.007876053569904,-0.012633227512206857,-0.026899404868042986,0.01426617735583613,0.010433742338493479,-0.02597086289660988,0.03640460523510336
2019-12-03,KOSPI_KOSDAQ_ALL,REVISION,0,W-,0.0014079582357062,0.0024912466530071,-0.0010832884173009002,0.0031664374089984,0.0078534989656497,-0.004687061556651299,0.05734212662056182,0.03721725939508902,0.020124867225472798,0.00900333592150604,-0.011687474993202773,0.020690810914708813
2019-12-03,KOSPI_KOSDAQ_ALL,VALUE,0,N,-0.0052092688250398,0.0024912466530071,-0.0077005154780469005,0.0012489367961897,0.0078534989656497,-0.0066045621694599994,0.008380837670183938,0.03721725939508902,-0.02883642172490508,-0.03249277487531832,-0.011687474993202773,-0.020805299882115547
2019-12-03,KOSPI_KOSDAQ_ALL,FLOW,0,N,-0.0039161161321188,0.0024912466530071,-0.0064073627851259,0.0004358411534517,0.0078534989656497,-0.007417657812197999,0.05381894026988876,0.03721725939508902,0.01660168087479974,0.043963120924371824,-0.011687474993202773,0.0556505959175746
2019-12-24,KOSPI_KOSDAQ_ALL,REVISION,1,N,0.0195660822176469,0.0402313977405728,-0.0206653155229259,0.0044716940027439,0.0179265615609665,-0.013454867558222599,-0.0011800428806433283,0.03829918683086175,-0.03947922971150508,0.05005650674338957,0.06425984051730271,-0.01420333377391314
2019-12-24,KOSPI_KOSDAQ_ALL,VALUE,1,N,-0.0247435942590655,0.0402313977405728,-0.0649749919996383,-0.0491242768491611,0.0179265615609665,-0.0670508384101276,-0.08024192475300962,0.03829918683086175,-0.11854111158387137,-0.10868204908597967,0.06425984051730271,-0.17294188960328238
2019-12-24,KOSPI_KOSDAQ_ALL,FLOW,0,W-,0.0377114881908089,0.0402313977405728,-0.002519909549763902,0.0283676208945488,0.0179265615609665,0.0104410593335823,0.020325166787037663,0.03829918683086175,-0.01797402004382409,0.05294878824779281,0.06425984051730271,-0.011311052269509903
2020-02-11,KOSPI_KOSDAQ_ALL,REVISION,0,N,0.0033354698927577,0.0080554460085367,-0.004719976115779,0.0144591258862562,0.0352152449947638,-0.0207561191085076,-0.1084585372160094,-0.08346507705541406,-0.024993460160595338,0.026560119741964927,0.061424065253522286,-0.03486394551155736
2020-02-11,KOSPI_KOSDAQ_ALL,VALUE,0,R-,-0.0202143073781904,0.0080554460085367,-0.0282697533867271,-0.0274030493345606,0.0352152449947638,-0.06261829432932439,-0.17175230324865298,-0.08346507705541406,-0.08828722619323892,-0.11559156727440656,0.061424065253522286,-0.17701563252792885
2020-02-11,KOSPI_KOSDAQ_ALL,FLOW,0,R-,-0.0185844670262964,0.0080554460085367,-0.0266399130348331,-0.0119745010784942,0.0352152449947638,-0.047189746073258,-0.107541243554934,-0.08346507705541406,-0.024076166499519935,0.009716226799190597,0.061424065253522286,-0.05170783845433169
2020-06-15,KOSPI_KOSDAQ_ALL,REVISION,1,N,0.0808357758271846,0.0836132218364061,-0.0027774460092215014,0.0326641774991885,0.0520860668459765,-0.019421889346788,0.15420442926331046,0.13740572328142453,0.01679870598188593,0.07312097611187429,0.08084029124086967,-0.007719315128995374
2020-06-15,KOSPI_KOSDAQ_ALL,VALUE,1,R+,0.0459726736002581,0.0836132218364061,-0.037640548236148,-0.0499929918630775,0.0520860668459765,-0.102079058709054,0.050668307633740195,0.13740572328142453,-0.08673741564768433,-0.11002991509393478,0.08084029124086967,-0.19087020633480445
2020-06-15,KOSPI_KOSDAQ_ALL,FLOW,1,N,0.0530447924390149,0.0836132218364061,-0.030568429397391197,-0.0286415401998427,0.0520860668459765,-0.0807276070458192,0.12751920339078038,0.13740572328142453,-0.009886519890644152,0.0233797759108596,0.08084029124086967,-0.057460515330010065
2020-09-29,KOSPI_KOSDAQ_ALL,REVISION,0,N,0.0459658674536266,0.0530847829099347,-0.007118915456308099,0.0175562761442706,0.0211027353644444,-0.0035464592201737977,-0.009280663647141418,-0.06726551778810175,0.05798485414096033,0.008145847905559167,-0.05415875470491005,0.06230460261046922
2020-09-29,KOSPI_KOSDAQ_ALL,VALUE,1,W+,0.0422350048044392,0.0530847829099347,-0.010849778105495499,0.0191055166258194,0.0211027353644444,-0.001997218738625,0.04043335881846488,-0.06726551778810175,0.10769887660656663,0.10508801137300372,-0.05415875470491005,0.15924676607791377
2020-09-29,KOSPI_KOSDAQ_ALL,FLOW,0,W-,0.0258292487786328,0.0530847829099347,-0.0272555341313019,-0.0120345186701346,0.0211027353644444,-0.033137254034579,-0.05161822240139968,-0.06726551778810175,0.015647295386702065,-0.013548504124036742,-0.05415875470491005,0.04061025058087331
2020-10-12,KOSPI_KOSDAQ_ALL,REVISION,0,N,-0.0408025570628065,-0.0835095432900674,0.04270698622726091,-0.0227788550694994,-0.0517090613264126,0.0289302062569132,0.001597221676685967,-0.04564797378911023,0.0472451954657962,-0.00464501771652126,-0.057575858524817614,0.05293084080829635
2020-10-12,KOSPI_KOSDAQ_ALL,VALUE,1,W+,0.0023263429297193,-0.0835095432900674,0.0858358862197867,0.0644519801263281,-0.0517090613264126,0.1161610414527407,0.038847318290776256,-0.04564797378911023,0.08449529207988649,0.03192538779961929,-0.057575858524817614,0.0895012463244369
2020-10-12,KOSPI_KOSDAQ_ALL,FLOW,0,N,-0.0460195994795268,-0.0835095432900674,0.037489943810540605,0.0057848335445499,-0.0517090613264126,0.0574938948709625,-0.01811490780184577,-0.04564797378911023,0.02753306598726446,-0.011826621175834995,-0.057575858524817614,0.04574923734898262
2020-10-19,KOSPI_KOSDAQ_ALL,REVISION,0,N,-0.010199079423551,-0.0533325945277169,0.0431335151041659,0.014496325698476,-0.0204120744509828,0.0349084001494588,0.08022911807434929,0.00784057569223795,0.07238854238211134,0.02997726944042456,-0.05345429017658476,0.08343155961700932
2020-10-19,KOSPI_KOSDAQ_ALL,VALUE,1,W+,0.0146556039589815,-0.0533325945277169,0.0679881984866984,0.074404820677886,-0.0204120744509828,0.09481689512886879,0.09634860856456395,0.00784057569223795,0.088508032872326,0.04874306102412196,-0.05345429017658476,0.10219735120070672
2020-10-19,KOSPI_KOSDAQ_ALL,FLOW,0,N,-0.0348496233683741,-0.0533325945277169,0.018482971159342804,0.009246623555634,-0.0204120744509828,0.029658698006616798,0.0422968484023567,0.00784057569223795,0.03445627271011875,-0.008540666282568998,-0.05345429017658476,0.044913623894015764
2020-10-26,KOSPI_KOSDAQ_ALL,REVISION,0,N,-0.0023521727308018,0.0208673728354951,-0.0232195455662969,-0.0006408470020692,-0.0028424434736989,0.0022015964716297,0.11700315996585164,0.09967077523098022,0.01733238473487142,0.012679826791478721,-0.032923728426945464,0.045603555218424185
2020-10-26,KOSPI_KOSDAQ_ALL,VALUE,1,W+,-0.0184310542711949,0.0208673728354951,-0.03929842710669,-0.0518354967218004,-0.0028424434736989,-0.0489930532481015,0.08912948983374491,0.09967077523098022,-0.010541285397235312,-0.053666047405230066,-0.032923728426945464,-0.020742318978284602
2020-10-26,KOSPI_KOSDAQ_ALL,FLOW,0,N,0.0040924149866057,0.0208673728354951,-0.0167749578488894,-0.0163704277202524,-0.0028424434736989,-0.0135279842465535,0.10545584752899018,0.09967077523098022,0.005785072298009952,-0.008706336353077937,-0.032923728426945464,0.024217392073867527
2020-11-02,KOSPI_KOSDAQ_ALL,REVISION,0,N,0.057450347811791,0.0774916286558307,-0.0200412808440397,0.0046460155722456,0.0174137293342164,-0.0127677137619708,0.111430213879951,0.09085343540630086,0.020576778473650137,-0.00527498433758633,-0.015247371569152679,0.009972387231566349
2020-11-02,KOSPI_KOSDAQ_ALL,VALUE,1,W+,0.0406462178408296,0.0774916286558307,-0.0368454108150011,-0.0483646147366753,0.0174137293342164,-0.0657783440708917,0.09660906476973152,0.09085343540630086,0.005755629363430659,-0.019914367175778658,-0.015247371569152679,-0.004666995606625979
2020-11-02,KOSPI_KOSDAQ_ALL,FLOW,0,R-,0.0620685364358458,0.0774916286558307,-0.015423092219984905,-0.0103099930114217,0.0174137293342164,-0.0277237223456381,0.10632744167634844,0.09085343540630086,0.01547400627004758,0.009813099781093015,-0.015247371569152679,0.025060471350245694
2020-11-09,KOSPI_KOSDAQ_ALL,REVISION,1,N,0.0345006809310862,-0.0321430204593401,0.0666437013904263,0.0112126672495073,-0.0475618353102846,0.0587745025597919,0.07338626819099137,0.04689698773944784,0.02648928045154353,-0.0032428207054860936,-0.006100355970011462,0.002857535264525368
2020-11-09,KOSPI_KOSDAQ_ALL,VALUE,1,W+,0.0578061588555987,-0.0321430204593401,0.0899491793149388,0.0817997513669518,-0.0475618353102846,0.1293615866772364,0.08306708911294347,0.04689698773944784,0.03617010137349563,0.04290997737648228,-0.006100355970011462,0.04901033334649374
2020-11-09,KOSPI_KOSDAQ_ALL,FLOW,0,R-,0.0126752843085649,-0.0321430204593401,0.044818304767905,0.0091293514866251,-0.0475618353102846,0.0566911867969097,0.07272034337350419,0.04689698773944784,0.025823355634056355,0.03623423788269431,-0.006100355970011462,0.04233459385270577
2021-03-09,KOSPI_KOSDAQ_ALL,REVISION,0,N,0.0383986860219823,0.0306968604553418,0.007701825566640501,-0.0157582049992396,-0.0360139368591597,0.0202557318599201,0.08978056905496756,0.11265842588151243,-0.022877856826544862,0.02107131260084505,0.0458485152002972,-0.024777202599452153
2021-03-09,KOSPI_KOSDAQ_ALL,VALUE,1,W+,0.0295849498336628,0.0306968604553418,-0.0011119106216789972,-0.0344685840979033,-0.0360139368591597,0.001545352761256398,0.07653696476866823,0.11265842588151243,-0.0361214611128442,-0.006914721104972044,0.0458485152002972,-0.052763236305269245
2021-03-09,KOSPI_KOSDAQ_ALL,FLOW,0,W-,0.0351880825548319,0.0306968604553418,0.0044912220994901,-0.0090720411468672,-0.0360139368591597,0.026941895712292496,0.07992872712241428,0.11265842588151243,-0.03272969875909815,0.0034197377399098894,0.0458485152002972,-0.04242877746038731
2021-03-16,KOSPI_KOSDAQ_ALL,REVISION,0,N,-0.0022759316067945,0.0173572595593771,-0.0196331911661716,0.005991216448699,0.0217004230161068,-0.015709206567407798,0.06943856049454489,0.11989973891562711,-0.05046117842108222,0.04239496441466817,0.06559166247017911,-0.023196698055510945
2021-03-16,KOSPI_KOSDAQ_ALL,VALUE,1,W+,0.0010524870377679,0.0173572595593771,-0.0163047725216092,0.0055719559165554,0.0217004230161068,-0.0161284670995514,0.06401749431519499,0.11989973891562711,-0.05588224460043212,-0.005141957564900657,0.06559166247017911,-0.07073362003507977
2021-03-16,KOSPI_KOSDAQ_ALL,FLOW,0,W-,0.0048463520953963,0.0173572595593771,-0.0125109074639808,0.0091033671979953,0.0217004230161068,-0.0125970558181115,0.07209944626180276,0.11989973891562711,-0.04780029265382435,0.008172104200970587,0.06559166247017911,-0.057419558269208526
2021-03-23,KOSPI_KOSDAQ_ALL,REVISION,0,N,0.0378483014284759,0.0348203496202252,0.0030279518082507034,0.0192912545102992,0.0308293780973057,-0.0115381235870065,0.11525705534549036,0.12853740598968533,-0.013280350644194971,0.05503686687602416,0.05108595918424741,0.0039509076917767505
2021-03-23,KOSPI_KOSDAQ_ALL,VALUE,1,W+,0.032566765768799,0.0348203496202252,-0.002253583851426197,0.0093215278045484,0.0308293780973057,-0.0215078502927573,0.09445450778204045,0.12853740598968533,-0.034082898207644874,-0.0029224523748255793,0.05108595918424741,-0.05400841155907299
2021-03-23,KOSPI_KOSDAQ_ALL,FLOW,0,W-,0.0174428817223279,0.0348203496202252,-0.0173774678978973,-0.0085941527814079,0.0308293780973057,-0.0394235308787136,0.10327260187437792,0.12853740598968533,-0.025264804115307404,0.012275308204585222,0.05108595918424741,-0.03881065097966219
2021-05-27,KOSPI_KOSDAQ_ALL,REVISION,0,N,0.0143391106285246,0.0250643687058315,-0.0107252580773069,-0.0137903709918194,-0.003545788601483,-0.0102445823903364,0.005503673220426997,0.03658623066744893,-0.03108255744702193,-0.024368727760156417,-0.003298560391724048,-0.02107016736843237
2021-05-27,KOSPI_KOSDAQ_ALL,VALUE,1,W+,0.0230318890631607,0.0250643687058315,-0.0020324796426708022,0.0143731644111972,-0.003545788601483,0.0179189530126802,0.01184503219126709,0.03658623066744893,-0.024741198476181836,-0.02561677974909482,-0.003298560391724048,-0.022318219357370772
2021-05-27,KOSPI_KOSDAQ_ALL,FLOW,0,W-,0.0267404440317867,0.0250643687058315,0.0016760753259551994,0.009747845748365,-0.003545788601483,0.013293634349848,0.043819149843717264,0.03658623066744893,0.007232919176268338,0.024412848364944617,-0.003298560391724048,0.027711408756668665
2021-06-03,KOSPI_KOSDAQ_ALL,REVISION,1,R+,-0.0132857993886189,-0.0118368388724196,-0.0014489605161992995,-0.0215468639500173,-0.0064848809429502,-0.015061983007067101,0.004399973190552409,0.026642998252739192,-0.022243025062186783,-0.011203000680244712,-0.009663045853553709,-0.0015399548266910035
2021-06-03,KOSPI_KOSDAQ_ALL,VALUE,1,W+,-0.0089030613198884,-0.0118368388724196,0.0029337775525312,-0.0095027398957856,-0.0064848809429502,-0.0030178589528354,-0.0005033702852504929,0.026642998252739192,-0.027146368537989685,-0.042660329816114895,-0.009663045853553709,-0.032997283962561186
2021-06-03,KOSPI_KOSDAQ_ALL,FLOW,1,W+,-0.0004140489258206,-0.0118368388724196,0.011422789946599001,0.0040324457494797,-0.0064848809429502,0.010517326692429899,0.027962076977987582,0.026642998252739192,0.0013190787252483904,0.005410216192374584,-0.009663045853553709,0.015073262045928293
2021-06-10,KOSPI_KOSDAQ_ALL,REVISION,0,R-,0.011749744574923,0.0100333038690367,0.0017164407058862987,0.007697503646617,-0.0015274087880947,0.0092249124347117,0.00044506174383496244,0.0347650709859646,-0.034320009242129634,0.002408048445048605,0.005791519405268453,-0.0033834709602198476
2021-06-10,KOSPI_KOSDAQ_ALL,VALUE,0,R-,0.0093218862406525,0.0100333038690367,-0.0007114176283842012,-0.0113135345747618,-0.0015274087880947,-0.009786125786667101,-0.011691039262639924,0.0347650709859646,-0.04645611024860452,-0.0608975980759886,0.005791519405268453,-0.06668911748125705
2021-06-10,KOSPI_KOSDAQ_ALL,FLOW,1,W+,0.005891117508637,0.0100333038690367,-0.0041421863603997005,-0.0075912517865307,-0.0015274087880947,-0.006063842998436,0.016238601870542047,0.0347650709859646,-0.01852646911542255,0.006931315470852795,0.005791519405268453,0.001139796065584342
2021-10-29,KOSPI_KOSDAQ_ALL,REVISION,0,R-,-0.0052289499035667,-0.003638851914558,-0.0015900979890087,0.0073060051603625,-0.0005058946846786,0.0078118998450411,-0.009122389637817196,0.0004011253877960197,-0.009523515025613216,0.03262248347292984,0.05126929459159202,-0.018646811118662177
2021-10-29,KOSPI_KOSDAQ_ALL,VALUE,0,R-,-0.017304708819326,-0.003638851914558,-0.013665856904768,-0.0228627365126904,-0.0005058946846786,-0.0223568418280118,-0.0659816255829827,0.0004011253877960197,-0.06638275097077873,-0.11211329946033344,0.05126929459159202,-0.16338259405192546
2021-10-29,KOSPI_KOSDAQ_ALL,FLOW,0,R-,9.884018745583236e-05,-0.003638851914558,0.003737692102013832,0.0291486625132565,-0.0005058946846786,0.029654557197935097,-0.0025660620561188674,0.0004011253877960197,-0.002967187443914887,0.05091788134261388,0.05126929459159202,-0.0003514132489781385
2021-12-10,KOSPI_KOSDAQ_ALL,REVISION,1,W+,-0.0073836292790684,-0.0161450549915896,0.008761425712521202,0.0037841084897802,-0.0137036339157619,0.0174877424055421,-0.028454750917876415,-0.04456203495653821,0.016107284038661795,-0.037489116155254076,-0.06417173849619995,0.026682622340945872
2021-12-10,KOSPI_KOSDAQ_ALL,VALUE,0,N,0.011116812595405,-0.0161450549915896,0.0272618675869946,0.0286738026281027,-0.0137036339157619,0.0423774365438646,0.010069572028283957,-0.04456203495653821,0.05463160698482217,0.0830320468747845,-0.06417173849619995,0.14720378537098444
2021-12-10,KOSPI_KOSDAQ_ALL,FLOW,1,N,-0.0003851087873863,-0.0161450549915896,0.0157599462042033,0.004632682318979,-0.0137036339157619,0.0183363162347409,-0.01808761240354051,-0.04456203495653821,0.0264744225529977,-0.012516572249783198,-0.06417173849619995,0.05165516624641675
2021-12-17,KOSPI_KOSDAQ_ALL,REVISION,0,N,0.0117540987556644,0.0017130236214642,0.0100410751342002,0.0047282840308294,-0.0018688855779613,0.0065971696087907,-0.029915178018221966,-0.04783451639595515,0.017919338377733185,-0.027407970012587213,-0.04430920333298838,0.016901233320401166
2021-12-17,KOSPI_KOSDAQ_ALL,VALUE,1,W+,-0.0073380627655523,0.0017130236214642,-0.0090510863870165,-0.0152285959607705,-0.0018688855779613,-0.013359710382809201,-0.031014507320660023,-0.04783451639595515,0.016820009075295128,0.03929289972095651,-0.04430920333298838,0.08360210305394489
2021-12-17,KOSPI_KOSDAQ_ALL,FLOW,0,N,-0.0038177581438893,0.0017130236214642,-0.0055307817653534996,-0.0079876376820451,-0.0018688855779613,-0.0061187521040838,-0.03391708780239644,-0.04783451639595515,0.013917428593558712,-0.010160617274744599,-0.04430920333298838,0.03414858605824378
2021-12-24,KOSPI_KOSDAQ_ALL,REVISION,1,N,0.0222617245449373,0.0356833927095693,-0.013421668164632,0.0193158268800144,0.0022286443887876,0.017087182491226798,-0.08596625648446499,-0.09852334136198249,0.0125570848775175,-0.03540483808352379,-0.0494562337551917,0.01405139567166791
2021-12-24,KOSPI_KOSDAQ_ALL,VALUE,1,W+,-0.0246336383243717,0.0356833927095693,-0.060317031033940996,-0.0400147849873474,0.0022286443887876,-0.042243429376135004,-0.06986546914149017,-0.09852334136198249,0.02865787222049232,0.05777391122305753,-0.0494562337551917,0.10723014497824923
2021-12-24,KOSPI_KOSDAQ_ALL,FLOW,1,R+,0.0225545054931724,0.0356833927095693,-0.0131288872163969,-0.0052712898685728,0.0022286443887876,-0.0074999342573604,-0.070374795094169,-0.09852334136198249,0.02814854626781349,0.007453104928370591,-0.0494562337551917,0.056909338683562294
2022-01-10,KOSPI_KOSDAQ_ALL,REVISION,0,R-,-0.0088757304955762,-0.0195148677522454,0.0106391372566692,0.0142975421176168,0.0072300641339377,0.0070674779836791,-0.08016355960819155,-0.07811267407439659,-0.002050885533794955,-0.050487089317150735,-0.02553318564231155,-0.024953903674839184
2022-01-10,KOSPI_KOSDAQ_ALL,VALUE,1,W+,-0.030009862744695,-0.0195148677522454,-0.010494994992449599,-0.0128700417634572,0.0072300641339377,-0.0201001058973949,-0.03610776291411277,-0.07811267407439659,0.04200491116028382,0.07724485399838588,-0.02553318564231155,0.10277803964069743
2022-01-10,KOSPI_KOSDAQ_ALL,FLOW,0,R-,-0.0164999674332916,-0.0195148677522454,0.0030149003189537983,0.0070295522810281,0.0072300641339377,-0.00020051185290960016,-0.04066276857408668,-0.07811267407439659,0.03744990550030991,0.0585889092952423,-0.02553318564231155,0.08412209493755385
2022-01-17,KOSPI_KOSDAQ_ALL,REVISION,0,R-,-0.0467046123723424,-0.0516134800114414,0.004908867639099,-0.0035328154711242,-0.0072444853317674,0.0037116698606432003,-0.09160004207534744,-0.0851159702717399,-0.0064840718036075495,-0.07594813094371278,-0.028874692721980733,-0.047073438221732045
2022-01-17,KOSPI_KOSDAQ_ALL,VALUE,0,W-,-0.0471383191324959,-0.0516134800114414,0.004475160878945499,0.0022828982964074,-0.0072444853317674,0.0095273836281748,-0.020902118881768073,-0.0851159702717399,0.06421385138997182,0.0889381469521262,-0.028874692721980733,0.11781283967410694
2022-01-17,KOSPI_KOSDAQ_ALL,FLOW,0,R-,-0.041411343667761,-0.0516134800114414,0.010202136343680397,0.009664751661989,-0.0072444853317674,0.016909236993756398,-0.0465729290334983,-0.0851159702717399,0.03854304123824159,0.050721131400934594,-0.028874692721980733,0.07959582412291533
2022-01-24,KOSPI_KOSDAQ_ALL,REVISION,0,R-,-0.0403918899424682,-0.0084446967024762,-0.031947193239992,-0.0292979170176476,0.0059048283237821,-0.0352027453414297,-0.05627108470489828,-0.03716561216588099,-0.019105472539017287,-0.06301246278841299,0.007482566946367175,-0.07049502973478017
2022-01-24,KOSPI_KOSDAQ_ALL,VALUE,0,W-,0.0031667476349601,-0.0084446967024762,0.0116114443374363,0.0620024046041616,0.0059048283237821,0.0560975762803795,0.024630400532615893,-0.03716561216588099,0.06179601269849688,0.11917702705498767,0.007482566946367175,0.1116944601086205
2022-01-24,KOSPI_KOSDAQ_ALL,FLOW,0,N,-0.0080611276832421,-0.0084446967024762,0.0003835690192341007,0.0246823035319797,0.0059048283237821,0.0187774752081976,-0.028391187382521443,-0.03716561216588099,0.008774424783359547,0.036674388535167024,0.007482566946367175,0.02919182158879985
2022-02-03,KOSPI_KOSDAQ_ALL,REVISION,0,R-,0.0145211338645723,-0.0001507672928794,0.014671901157451699,-0.0321979482681312,-0.0311887517004788,-0.0010091965676524012,0.033765497881976136,0.007383302837244976,0.02638219504473116,-0.03186940273097694,-0.040661010507202944,0.008791607776226007
2022-02-03,KOSPI_KOSDAQ_ALL,VALUE,0,W-,0.039580618099619,-0.0001507672928794,0.039731385392498396,0.0252370101855571,-0.0311887517004788,0.0564257618860359,0.06983484654208438,0.007383302837244976,0.06245154370483941,0.047602701823419746,-0.040661010507202944,0.08826371233062269
2022-02-03,KOSPI_KOSDAQ_ALL,FLOW,0,W-,0.0258402278839542,-0.0001507672928794,0.0259909951768336,0.0160584530021535,-0.0311887517004788,0.0472472047026323,0.033825679675772324,0.007383302837244976,0.02644237683852735,0.007399794261665482,-0.040661010507202944,0.048060804768868426
2022-02-17,KOSPI_KOSDAQ_ALL,REVISION,0,R-,-0.0096296083312954,-0.0019072092945639,-0.0077223990367315,0.0104165841874422,0.0299225720638895,-0.0195059878764473,0.05071681796431049,0.01291252441310009,0.0378042935512104,0.012533676749415745,-0.04244131276358232,0.05497498951299806
2022-02-17,KOSPI_KOSDAQ_ALL,VALUE,0,W-,-0.0028259027540939,-0.0019072092945639,-0.0009186934595300001,0.0301154363295027,0.0299225720638895,0.00019286426561319903,0.04114474439551441,0.01291252441310009,0.02823221998241432,0.01420145819297769,-0.04244131276358232,0.05664277095656001
2022-02-17,KOSPI_KOSDAQ_ALL,FLOW,0,W-,-0.0231311711934028,-0.0019072092945639,-0.0212239618988389,-0.0038331220586201,0.0299225720638895,-0.0337556941225096,0.027222347314032058,0.01291252441310009,0.014309822900931968,-0.023623409176630417,-0.04244131276358232,0.0188179035869519
2022-06-09,KOSPI_KOSDAQ_ALL,REVISION,1,W+,-0.0763984555452852,-0.0763301564546351,-6.829909065009243e-05,0.0126984270963067,0.0321397021488803,-0.019441275052573603,-0.12299579993644194,-0.1535762375052434,0.030580437568801466,0.015658746839233295,-0.03384674145722266,0.04950548829645596
2022-06-09,KOSPI_KOSDAQ_ALL,VALUE,1,N,-0.0705372354266686,-0.0763301564546351,0.005792921027966497,0.0195041436252633,0.0321397021488803,-0.012635558523617002,-0.14510510652058894,-0.1535762375052434,0.008471130984654462,-0.0015842024903313101,-0.03384674145722266,0.03226253896689135
2022-06-09,KOSPI_KOSDAQ_ALL,FLOW,1,N,-0.078983127426929,-0.0763301564546351,-0.0026529709722939027,0.0100297348700917,0.0321397021488803,-0.022109967278788605,-0.12229097605246719,-0.1535762375052434,0.031285261452776214,0.03464989417243247,-0.03384674145722266,0.06849663562965513
2022-07-14,KOSPI_KOSDAQ_ALL,REVISION,0,W-,0.0323255625506015,0.0104107144461808,0.021914848104420695,-0.0037929630242148,-0.0454685076103817,0.0416755445861669,0.09684724148884016,0.0489302025825018,0.04791703890633836,-0.0009463426356528526,-0.07030187839190771,0.06935553575625486
2022-07-14,KOSPI_KOSDAQ_ALL,VALUE,0,R-,0.0420061930901239,0.0104107144461808,0.031595478643943097,0.0109138068144827,-0.0454685076103817,0.0563823144248644,0.10910133778000164,0.0489302025825018,0.060171135197499837,0.005544976204274743,-0.07030187839190771,0.07584685459618246
2022-07-14,KOSPI_KOSDAQ_ALL,FLOW,0,W-,0.0338518633869765,0.0104107144461808,0.0234411489407957,-0.0039980019133361,-0.0454685076103817,0.0414705056970456,0.07933272892223386,0.0489302025825018,0.03040252633973206,-0.019336368608728005,-0.07030187839190771,0.05096550978317971
2022-07-28,KOSPI_KOSDAQ_ALL,REVISION,1,W+,0.0272287967298905,0.0218160243949825,0.005412772334907997,-0.0016875047527164,-0.0099692097451731,0.0082817049924567,0.0563651666694962,0.04964007304741269,0.006725093622083511,0.0353564435791871,0.016225144344731657,0.019131299234455446
2022-07-28,KOSPI_KOSDAQ_ALL,VALUE,1,R+,0.0151645478143266,0.0218160243949825,-0.006651476580655902,-0.0307918874250089,-0.0099692097451731,-0.0208226776798358,0.05601502879816467,0.04964007304741269,0.006374955750751976,0.0140822487469483,0.016225144344731657,-0.0021428955977833564
2022-07-28,KOSPI_KOSDAQ_ALL,FLOW,1,N,0.0184707835277158,0.0218160243949825,-0.0033452408672667022,-0.012617009181404,-0.0099692097451731,-0.0026477994362308997,0.03462518518034252,0.04964007304741269,-0.01501488786707017,0.016936362777539404,0.016225144344731657,0.0007112184328077475
2022-10-27,KOSPI_KOSDAQ_ALL,REVISION,0,N,0.0173674324139106,0.0230012946813361,-0.005633862267425502,0.0151602664615215,0.0049617230653454,0.0101985433961761,0.07946732337802365,0.050209757333322225,0.029257566044701422,-0.03436503047652273,-0.08064389193612365,0.04627886145960092
2022-10-27,KOSPI_KOSDAQ_ALL,VALUE,0,N,0.0060151620728608,0.0230012946813361,-0.0169861326084753,-0.0064774530882906,0.0049617230653454,-0.011439176153635999,0.07898280391109891,0.050209757333322225,0.028773046577776684,-0.014209475510974401,-0.08064389193612365,0.06643441642514925
2022-10-27,KOSPI_KOSDAQ_ALL,FLOW,0,N,0.0012804439846629,0.0230012946813361,-0.0217208506966732,-0.0198015223854302,0.0049617230653454,-0.0247632454507756,0.0725530234445455,0.050209757333322225,0.02234326611122328,-0.034209430058765866,-0.08064389193612365,0.04643446187735778
2022-11-03,KOSPI_KOSDAQ_ALL,REVISION,1,W+,0.0158047376848689,0.0046069783467042,0.0111977593381647,-0.0376787423945846,-0.045146782540329,0.007468040145744398,0.06859032744259119,0.03196929645807822,0.03662103098451297,-0.036095375009316366,-0.08580200898611312,0.049706633976796755
2022-11-03,KOSPI_KOSDAQ_ALL,VALUE,1,N,0.0375698142987737,0.0046069783467042,0.0329628359520695,0.0112379018809058,-0.045146782540329,0.0563846844212348,0.103049551174895,0.03196929645807822,0.07108025471681678,0.0064317435332428285,-0.08580200898611312,0.09223375251935595
2022-11-03,KOSPI_KOSDAQ_ALL,FLOW,0,R-,0.0200805284379543,0.0046069783467042,0.0154735500912501,-0.0136801626417694,-0.045146782540329,0.0314666198985596,0.08055371347487172,0.03196929645807822,0.0485844170167935,-0.01029208236164203,-0.08580200898611312,0.07550992662447109
2022-12-08,KOSPI_KOSDAQ_ALL,REVISION,1,W+,0.0155370616508119,-0.0110801038782796,0.026617165529091498,0.0051649091330768,-0.0393524815911928,0.0445173907242696,-0.028514005257655017,-0.04489211794000236,0.016378112682347346,0.0041426580488059805,-0.027621309856758147,0.03176396790556413
2022-12-08,KOSPI_KOSDAQ_ALL,VALUE,1,N,0.0061615807723919,-0.0110801038782796,0.0172416846506715,0.0105803181247913,-0.0393524815911928,0.0499327997159841,-0.026025756776163256,-0.04489211794000236,0.018866361163839107,0.0247482548056015,-0.027621309856758147,0.05236956466235965
2022-12-08,KOSPI_KOSDAQ_ALL,FLOW,1,W+,-4.3899146219670514e-05,-0.0110801038782796,0.01103620473205993,-0.0080344731760588,-0.0393524815911928,0.031318008415134,-0.044672310126035675,-0.04489211794000236,0.00021980781396668814,-0.017864024673537426,-0.027621309856758147,0.00975728518322072
2022-12-15,KOSPI_KOSDAQ_ALL,REVISION,1,W+,-0.0030623793540481,0.0123807270616382,-0.015443106415686301,0.0090300254136708,0.0357236667597984,-0.0266936413461276,0.0031608479082307905,-0.017389108442970813,0.020549956351201604,0.017278590518167825,-0.022307284740341937,0.03958587525850976
2022-12-15,KOSPI_KOSDAQ_ALL,VALUE,1,W+,0.0081916426755139,0.0123807270616382,-0.0041890843861243,0.0116961391936097,0.0357236667597984,-0.0240275275661887,0.010379642058697236,-0.017389108442970813,0.02776875050166805,0.01929288430434495,-0.022307284740341937,0.041600169044686885
2022-12-15,KOSPI_KOSDAQ_ALL,FLOW,0,N,0.0056975836038298,0.0123807270616382,-0.0066831434578084005,0.0172443369871519,0.0357236667597984,-0.018479329772646498,-0.0001792862913688742,-0.017389108442970813,0.01720982215160194,0.005094661174354531,-0.022307284740341937,0.02740194591469647
2023-01-20,KOSPI_KOSDAQ_ALL,REVISION,1,W+,0.0335297354101141,0.017740268059118,0.0157894673509961,0.0219847121347012,-0.0054210344479188,0.027405746582620003,0.07885693184800013,0.05876327865990727,0.020093653188092864,0.009066317681867497,-0.0025220886319746727,0.01158840631384217
2023-01-20,KOSPI_KOSDAQ_ALL,VALUE,1,N,0.0016614329591277,0.017740268059118,-0.0160788350999903,-0.0273768432670589,-0.0054210344479188,-0.0219558088191401,0.024061047253908674,0.05876327865990727,-0.034702231405998596,-0.0638041122698062,-0.0025220886319746727,-0.06128202363783153
2023-01-20,KOSPI_KOSDAQ_ALL,FLOW,1,N,0.0239107383340581,0.017740268059118,0.006170470274940103,0.0048683783347761,-0.0054210344479188,0.0102894127826949,0.0612811405406255,0.05876327865990727,0.0025178618807182307,-0.012121261194296795,-0.0025220886319746727,-0.009599172562322122
2023-04-26,KOSPI_KOSDAQ_ALL,REVISION,1,W+,0.0205828136224554,0.0021602607140664,0.018422552908389,0.0182705415454447,0.0031013282203763,0.0151692133250684,0.02968073258422521,-0.024891001562925452,0.05457173414715066,0.009962509869373637,-0.01614291336218543,0.026105423231559066
2023-04-26,KOSPI_KOSDAQ_ALL,VALUE,1,W+,0.0002394114012243,0.0021602607140664,-0.0019208493128421,-0.0206158443475877,0.0031013282203763,-0.023717172567964,-0.0004766189789437991,-0.024891001562925452,0.024414382583981653,-0.010152915242012117,-0.01614291336218543,0.005989998120173312
2023-04-26,KOSPI_KOSDAQ_ALL,FLOW,0,N,0.0056181915531984,0.0021602607140664,0.003457930839132,-0.003074692038374,0.0031013282203763,-0.0061760202587503,0.005665815923591611,-0.024891001562925452,0.030556817486517063,-0.0014852150895298122,-0.01614291336218543,0.014657698272655617
2023-05-04,KOSPI_KOSDAQ_ALL,REVISION,1,W+,-0.0130200779946467,-0.0260924634518717,0.013072385457225,-0.00239214934117,-0.0115900466539716,0.0091978973128016,0.03444534949629241,0.004682334252308129,0.02976301524398428,-0.005079043214822887,-0.00430990720375013,-0.0007691360110727574
2023-05-04,KOSPI_KOSDAQ_ALL,VALUE,1,W+,0.0054433106801141,-0.0260924634518717,0.0315357741319858,0.028932449729586,-0.0115900466539716,0.0405224963835576,0.01194588158315768,0.004682334252308129,0.007263547330849551,-0.011796019514911493,-0.00430990720375013,-0.007486112311161364
2023-05-04,KOSPI_KOSDAQ_ALL,FLOW,0,N,-0.0054313885463706,-0.0260924634518717,0.0206610749055011,0.0183709235765126,-0.0115900466539716,0.029960970230484198,0.027349410231492177,0.004682334252308129,0.022667075979184048,-0.00577748975053427,-0.00430990720375013,-0.0014675825467841408
2023-05-12,KOSPI_KOSDAQ_ALL,REVISION,0,W-,0.0240805701034232,0.0013553658086926,0.0227252042947306,-0.0030892161400839,-0.0142352670632271,0.0111460509231432,0.052160110700890217,0.06970848320222989,-0.01754837250133967,-0.015594348955269122,0.05192109277438295,-0.06751544172965207
2023-05-12,KOSPI_KOSDAQ_ALL,VALUE,0,W-,0.0011907477278873,0.0013553658086926,-0.0001646180808053,-0.0163705981785184,-0.0142352670632271,-0.0021353311152913015,0.005527380063557352,0.06970848320222989,-0.06418110313867254,-0.07177273215296276,0.05192109277438295,-0.12369382492734571
2023-05-12,KOSPI_KOSDAQ_ALL,FLOW,0,W-,0.010626025030047,0.0013553658086926,0.0092706592213544,-0.0166898430769105,-0.0142352670632271,-0.0024545760136834016,0.03939377182568604,0.06970848320222989,-0.030314711376543846,-0.038461959381919764,0.05192109277438295,-0.09038305215630271
2023-05-19,KOSPI_KOSDAQ_ALL,REVISION,0,W-,-0.0018130417074809,-0.0022768922175574,0.00046385051007649994,-0.0026997658410272,0.006646124638238,-0.0093458904792652,0.04128381625915001,0.07886798739290057,-0.037584171133750566,-0.0061002912566802125,0.08948156472938407,-0.09558185598606428
2023-05-19,KOSPI_KOSDAQ_ALL,VALUE,0,W-,-0.0073078708046656,-0.0022768922175574,-0.0050309785871082,-0.0013882567918302,0.006646124638238,-0.0080343814300682,0.018939676759259783,0.07886798739290057,-0.05992831063364079,-0.04544089506865889,0.08948156472938407,-0.13492245979804296
2023-05-19,KOSPI_KOSDAQ_ALL,FLOW,0,W-,-0.0050635530315981,-0.0022768922175574,-0.0027866608140407,0.0002196046652536,0.006646124638238,-0.006426519972984401,0.03638196244716929,0.07886798739290057,-0.04248602494573128,-0.011736772629296177,0.08948156472938407,-0.10121833735868024
2023-08-23,KOSPI_KOSDAQ_ALL,REVISION,0,N,0.0286616026247166,0.0449276434583186,-0.016266040833602002,-0.014718798756606,-0.0090455742747632,-0.005673224481842799,0.023558085486317104,-0.00741806626192365,0.030976151748240754,-0.021277083641628614,-0.043568387437873946,0.022291303796245332
2023-08-23,KOSPI_KOSDAQ_ALL,VALUE,0,W-,0.0211681471251555,0.0449276434583186,-0.023759496333163103,-0.0217221829761744,-0.0090455742747632,-0.0126766087014112,0.07364307325701547,-0.00741806626192365,0.08106113951893912,0.07867850090249462,-0.043568387437873946,0.12224688834036856
2023-08-23,KOSPI_KOSDAQ_ALL,FLOW,0,W-,0.0420135425316352,0.0449276434583186,-0.0029141009266833995,0.0002512556683835,-0.0090455742747632,0.009296829943146701,0.019965676198704818,-0.00741806626192365,0.02738374246062847,-0.01802990105483271,-0.043568387437873946,0.025538486383041237
2023-08-30,KOSPI_KOSDAQ_ALL,REVISION,0,N,-0.0083747694519938,0.0044792883696153,-0.0128540578216091,-0.0129566241440317,0.0102544463704754,-0.0232110705145071,-0.03447265643287645,-0.09195793999469626,0.05748528356181981,0.0009751770907788782,-0.037984948661096696,0.038960125751875574
2023-08-30,KOSPI_KOSDAQ_ALL,VALUE,0,W-,-0.0010851024419705,0.0044792883696153,-0.0055643908115858,0.0072971980284031,0.0102544463704754,-0.002957248342072301,0.017219585440031437,-0.09195793999469626,0.1091775254347277,0.0988815444651252,-0.037984948661096696,0.1368664931262219
2023-08-30,KOSPI_KOSDAQ_ALL,FLOW,1,W+,-0.0092353799299686,0.0044792883696153,-0.0137146682995839,-0.025307676554072,0.0102544463704754,-0.0355621229245474,-0.059509736929566404,-0.09195793999469626,0.032448203065129855,-0.010500951900957234,-0.037984948661096696,0.027483996760139462
2023-09-13,KOSPI_KOSDAQ_ALL,REVISION,0,R-,0.0124262554135854,-0.0087153794717907,0.021141634885376098,0.0010713467078627,-0.014815060185598,0.0158864068934607,-0.046990382929329,-0.08908679080934045,0.042096407880011455,0.003542788922326068,-0.03287938826018588,0.03642217718251195
2023-09-13,KOSPI_KOSDAQ_ALL,VALUE,1,W+,0.0310915810494067,-0.0087153794717907,0.0398069605211974,0.0364192966171561,-0.014815060185598,0.0512343568027541,-0.004957190862929561,-0.08908679080934045,0.0841295999464109,0.07811147091414727,-0.03287938826018588,0.11099085917433316
2023-09-13,KOSPI_KOSDAQ_ALL,FLOW,0,R-,0.008748099725646,-0.0087153794717907,0.017463479197436703,0.0035877191426483,-0.014815060185598,0.0184027793282463,-0.054896650301299976,-0.08908679080934045,0.03419014050804048,0.017062173935873615,-0.03287938826018588,0.0499415621960595
2023-09-20,KOSPI_KOSDAQ_ALL,REVISION,1,R+,-0.0296584837783299,-0.0440706024649854,0.014412118686655498,0.0076825712515525,-0.0032605988578679,0.0109431701094204,-0.07128289703957502,-0.12149611337197164,0.050213216332396615,0.015454452083653925,-0.02912536493022444,0.044579817013878364
2023-09-20,KOSPI_KOSDAQ_ALL,VALUE,1,W+,-0.0324976100930402,-0.0440706024649854,0.011572992371945201,-0.0033995879331182,-0.0032605988578679,-0.00013898907525029987,-0.05424620202151731,-0.12149611337197164,0.06724991135045433,0.06175461815977701,-0.02912536493022444,0.09087998309000145
2023-09-20,KOSPI_KOSDAQ_ALL,FLOW,1,R+,-0.0391798335892115,-0.0440706024649854,0.004890768875773895,0.0079203698838948,-0.0032605988578679,0.0111809687417627,-0.08910209013425696,-0.12149611337197164,0.032394023237714675,0.028719997834965483,-0.02912536493022444,0.05784536276518992
2023-09-27,KOSPI_KOSDAQ_ALL,REVISION,0,N,-0.0248712221013882,-0.0298954560847422,0.005024233983354002,0.0016129798569971,-0.0040409063218308,0.005653886178827901,-0.06022727499189284,-0.10916998704163272,0.04894271204973988,0.017518625098594587,-0.01704826695193995,0.03456689205053454
2023-09-27,KOSPI_KOSDAQ_ALL,VALUE,1,W+,-0.012281839107329,-0.0298954560847422,0.017613616977413198,0.0222550820917098,-0.0040409063218308,0.026295988413540597,-0.026145265920682337,-0.10916998704163272,0.08302472112095038,0.11150030264170852,-0.01704826695193995,0.12854856959364847
2023-09-27,KOSPI_KOSDAQ_ALL,FLOW,0,R-,-0.0241219770509223,-0.0298954560847422,0.0057734790338199,0.0003106877274775,-0.0040409063218308,0.0043515940493083,-0.07742133805437468,-0.10916998704163272,0.031748648987258044,0.020241999544177602,-0.01704826695193995,0.03729026649611755
2023-10-11,KOSPI_KOSDAQ_ALL,REVISION,0,W-,-0.005173610060045,-0.0090898541101748,0.0039162440501298,-0.0067760743511733,-0.0111287573165858,0.004352682965412501,0.03150658163141018,-0.04072668301867144,0.07223326465008162,0.010086598128501656,-0.06861567300519511,0.07870227113369677
2023-10-11,KOSPI_KOSDAQ_ALL,VALUE,1,W+,0.0098559744154712,-0.0090898541101748,0.018945828525646,0.0210519424219981,-0.0111287573165858,0.0321806997385839,0.011747645373435756,-0.04072668301867144,0.052474328392107195,0.0006687793028539168,-0.06861567300519511,0.06928445230804903
2023-10-11,KOSPI_KOSDAQ_ALL,FLOW,0,W-,-0.0007850450919793,-0.0090898541101748,0.008304809018195499,0.0051503610875899,-0.0111287573165858,0.016279118404175702,0.0035341626596250286,-0.04072668301867144,0.04426084567829647,0.0011780298575847503,-0.06861567300519511,0.06979370286277986
2023-10-18,KOSPI_KOSDAQ_ALL,REVISION,0,N,-0.0133808074477689,-0.0439842313162146,0.030603423868445702,0.0129536748099321,-0.0109909174638991,0.0239445922738312,0.039538520839072167,-0.02986312592967677,0.06940164676874894,0.013812481080651473,-0.05424886420276842,0.0680613452834199
2023-10-18,KOSPI_KOSDAQ_ALL,VALUE,0,W-,-0.019983090288547,-0.0439842313162146,0.0240011410276676,0.0206949876900095,-0.0109909174638991,0.0316859051539086,0.020211880257950066,-0.02986312592967677,0.050075006187626836,-0.006812207588033692,-0.05424886420276842,0.04743665661473473
2023-10-18,KOSPI_KOSDAQ_ALL,FLOW,0,W-,-0.0277607883687359,-0.0439842313162146,0.0162234429474787,0.0150910954325959,-0.0109909174638991,0.026082012896495,0.009164447226129191,-0.02986312592967677,0.03902757315580596,0.008257558285083677,-0.05424886420276842,0.0625064224878521
2023-10-25,KOSPI_KOSDAQ_ALL,REVISION,0,W-,-0.0181073569321403,-0.0306581330425361,0.0125507761103958,0.0097309459146754,0.0091382412926372,0.0005927046220381999,0.06801200819224129,0.017666254919539215,0.050345753272702076,-0.004431113472683101,-0.05547137429483073,0.05104026082214763
2023-10-25,KOSPI_KOSDAQ_ALL,VALUE,0,W-,-0.0037504637487238,-0.0306581330425361,0.0269076692938123,0.0432934697708996,0.0091382412926372,0.034155228478262405,0.05987940634175004,0.017666254919539215,0.042213151422210826,-0.018306399832612508,-0.05547137429483073,0.037164974462218225
2023-10-25,KOSPI_KOSDAQ_ALL,FLOW,0,W-,-0.0268589115235876,-0.0306581330425361,0.0037992215189485007,-0.000386212267818,0.0091382412926372,-0.0095244535604552,0.05131336200173142,0.017666254919539215,0.03364710708219221,-0.01644465009655749,-0.05547137429483073,0.039026724198273244
2023-11-08,KOSPI_KOSDAQ_ALL,REVISION,1,N,0.0025727148092916,0.0021319830340223,0.00044073177526930034,-0.0031123923469779,0.004124799847824,-0.0072371921948019,0.017784408600783452,0.01050964354574524,0.007274765055038213,0.002521553222415207,-0.0057326972813664945,0.008254250503781702
2023-11-08,KOSPI_KOSDAQ_ALL,VALUE,1,N,0.0183043836666015,0.0021319830340223,0.0161724006325792,0.0134185712664634,0.004124799847824,0.0092937714186394,0.053998838495995516,0.01050964354574524,0.043489194950250276,0.028986553474969146,-0.0057326972813664945,0.03471925075633564
2023-11-08,KOSPI_KOSDAQ_ALL,FLOW,1,N,0.0048210067481781,0.0021319830340223,0.0026890237141558005,0.0122579786571068,0.004124799847824,0.0081331788092828,0.023954530213279535,0.01050964354574524,0.013444886667534295,-0.0030473453724401134,-0.0057326972813664945,0.002685351908926381
2023-11-15,KOSPI_KOSDAQ_ALL,REVISION,1,W+,0.0136431926622555,0.0028533220044662,0.0107898706577893,-0.0052744654915609,-0.0122693442495275,0.0069948787579666005,0.027362107646147882,0.0029381727566486493,0.024423934889499233,0.010696893458172152,-0.021965286230059555,0.03266217968823171
2023-11-15,KOSPI_KOSDAQ_ALL,VALUE,1,N,0.0181215888284177,0.0028533220044662,0.0152682668239515,0.0088824538457348,-0.0122693442495275,0.0211517980952623,0.02970980376880772,0.0029381727566486493,0.02677163101215907,0.000667480247509955,-0.021965286230059555,0.02263276647756951
2023-11-15,KOSPI_KOSDAQ_ALL,FLOW,1,W+,0.0128459014380469,0.0028533220044662,0.0099925794335807,-0.0097785339192275,-0.0122693442495275,0.0024908103303000004,0.02809962569058544,0.0029381727566486493,0.02516145293393679,-0.007086067939669927,-0.021965286230059555,0.014879218290389629
2024-02-05,KOSPI_KOSDAQ_ALL,REVISION,0,R-,0.0368292006245407,0.039963833192156,-0.0031346325676152934,0.0134258782106832,-0.0031300900079123,0.0165559682185955,0.05810468906857991,0.044898066823434446,0.01320662224514546,0.025200808388723184,0.00480476181078604,0.020396046577937144
2024-02-05,KOSPI_KOSDAQ_ALL,VALUE,1,W+,-0.0073155378073341,0.039963833192156,-0.047279370999490096,-0.0824510319565255,-0.0031300900079123,-0.07932094194861321,-0.006868394434152547,0.044898066823434446,-0.05176646125758699,-0.09874794947825805,0.00480476181078604,-0.10355271128904409
2024-02-05,KOSPI_KOSDAQ_ALL,FLOW,0,W-,0.0150259208236832,0.039963833192156,-0.024937912368472797,-0.0380489636899726,-0.0031300900079123,-0.0349188736820603,0.022772224811028474,0.044898066823434446,-0.022125842012405972,-0.022171514211378418,0.00480476181078604,-0.026976276022164458
2024-02-14,KOSPI_KOSDAQ_ALL,REVISION,0,R-,0.0126353975465551,0.0073691637774528,0.0052662337691023,-0.0079049636716618,-0.020034713422259,0.012129749750597201,0.034936660918444495,0.013377884159930131,0.021558776758514364,-0.001019183386684941,-0.012819073973810435,0.011799890587125494
2024-02-14,KOSPI_KOSDAQ_ALL,VALUE,1,W+,0.011641518965637,0.0073691637774528,0.004272355188184199,0.0016030307520753,-0.020034713422259,0.0216377441743343,0.014504364828230809,0.013377884159930131,0.0011264806683006778,-0.033634828226400626,-0.012819073973810435,-0.02081575425259019
2024-02-14,KOSPI_KOSDAQ_ALL,FLOW,0,R-,0.0112847743842397,0.0073691637774528,0.0039156106067869,0.0033377565076631,-0.020034713422259,0.0233724699299221,0.01894958394700197,0.013377884159930131,0.005571699787071838,-0.002899980318016304,-0.012819073973810435,0.009919093655794131
2024-02-21,KOSPI_KOSDAQ_ALL,REVISION,1,R+,0.0012578509405629,-0.0120790191063006,0.0133368700468635,0.0055999003981622,0.0098317186242714,-0.0042318182261092,0.035146944022460325,0.029165856188736905,0.00598108783372342,-0.0036214620340175863,0.027044788111403095,-0.03066625014542068
2024-02-21,KOSPI_KOSDAQ_ALL,VALUE,1,W+,-0.009465327043743,-0.0120790191063006,0.0026136920625576005,-0.0165977591004314,0.0098317186242714,-0.026429477724702798,0.00968157291907068,0.029165856188736905,-0.019484283269666225,-0.040726439099124656,0.027044788111403095,-0.06777122721052775
2024-02-21,KOSPI_KOSDAQ_ALL,FLOW,1,R+,-0.0145675987343829,-0.0120790191063006,-0.002488579628082299,-0.0063660887911938,0.0098317186242714,-0.0161978074154652,0.029941184774470386,0.029165856188736905,0.0007753285857334813,0.007896068570206971,0.027044788111403095,-0.019148719541196124
2024-07-11,KOSPI_KOSDAQ_ALL,REVISION,1,W+,-0.0248890582447298,-0.0401476284650102,0.0152585702202804,-0.0112535351709292,-0.0180819870591013,0.006828451888172101,-0.10512628138477209,-0.10403443422701275,-0.0010918471577593403,0.01631316209763667,0.08018464255763558,-0.06387148045999891
2024-07-11,KOSPI_KOSDAQ_ALL,VALUE,1,W+,0.0158028802405781,-0.0401476284650102,0.055950508705588306,0.0559732826042385,-0.0180819870591013,0.0740552696633398,-0.05107381533672106,-0.10403443422701275,0.05296061889029169,0.09935089927909524,0.08018464255763558,0.019166256721459662
2024-07-11,KOSPI_KOSDAQ_ALL,FLOW,0,R-,-0.0139356293888821,-0.0401476284650102,0.026211999076128104,0.0114018839307869,-0.0180819870591013,0.0294838709898882,-0.08134767446382718,-0.10403443422701275,0.02268675976318557,0.07045228774470425,0.08018464255763558,-0.009732354812931332
2024-07-18,KOSPI_KOSDAQ_ALL,REVISION,0,N,-0.0308485911536909,-0.0342171325870897,0.003368541433398802,0.0160953391680042,0.022833140453867,-0.0067378012858628,-0.043264650728804255,-0.04398194564821001,0.0007172949194057532,0.03995434979543,0.028806647483170966,0.011147702312259034
2024-07-18,KOSPI_KOSDAQ_ALL,VALUE,1,W+,-0.0349503154229427,-0.0342171325870897,-0.0007331828358529968,-0.0011316804411814,0.022833140453867,-0.0239648208950484,-0.03863671493560883,-0.04398194564821001,0.005345230712601179,0.021179218976521197,0.028806647483170966,-0.007627428506649769
2024-07-18,KOSPI_KOSDAQ_ALL,FLOW,0,R-,-0.0348195718983372,-0.0342171325870897,-0.0006024393112474963,0.0134030902566246,0.022833140453867,-0.009430050197242402,-0.03877475963507204,-0.04398194564821001,0.0052071860131379655,0.03771996047109516,0.028806647483170966,0.008913312987924193
2024-07-25,KOSPI_KOSDAQ_ALL,REVISION,0,W-,0.0291292076788883,0.0230255102433901,0.006103697435498202,0.0150629023668421,-6.841112579310943e-06,0.01506974347942141,-0.011402267810022071,-0.03525140608617172,0.02384913827614965,0.014362053296138155,-0.019684552048259807,0.03404660534439796
2024-07-25,KOSPI_KOSDAQ_ALL,VALUE,0,W-,0.0432439981008095,0.0230255102433901,0.0202184878574194,0.0313529057552248,-6.841112579310943e-06,0.031359746867804114,0.019014929727872776,-0.03525140608617172,0.0542663358140445,0.047580295390010185,-0.019684552048259807,0.06726484743826999
2024-07-25,KOSPI_KOSDAQ_ALL,FLOW,0,N,0.0300562803638057,0.0230255102433901,0.0070307701204156,0.0161255671319314,-6.841112579310943e-06,0.01613240824451071,-0.0021775653781014315,-0.03525140608617172,0.03307384070807029,0.04421649136746009,-0.019684552048259807,0.0639010434157199
2024-09-06,KOSPI_KOSDAQ_ALL,REVISION,0,R-,0.0479120034071565,0.0337208352880034,0.014191168119153094,0.0185922215369937,-0.0232010060495388,0.0417932275865325,0.08981823411180478,0.07726850390151507,0.012549730210289711,0.01572589906821409,-0.038923513617799776,0.054649412686013865
2024-09-06,KOSPI_KOSDAQ_ALL,VALUE,1,W+,0.0174385841064398,0.0337208352880034,-0.016282251181563602,-0.0342200198703591,-0.0232010060495388,-0.011019013820820302,0.025721506065260025,0.07726850390151507,-0.05154699783625505,-0.07549371108791614,-0.038923513617799776,-0.03657019747011636
2024-09-06,KOSPI_KOSDAQ_ALL,FLOW,0,W-,0.0334706315065386,0.0337208352880034,-0.00025020378146480005,-0.0229713075976794,-0.0232010060495388,0.000229698451859401,0.059588833675174424,0.07726850390151507,-0.01767967022634065,-0.0513990988433195,-0.038923513617799776,-0.012475585225519725
2024-09-13,KOSPI_KOSDAQ_ALL,REVISION,0,R-,0.0276138565439101,0.0091096521685672,0.0185042043753429,-0.0022975925405188,-0.0325241793942468,0.030226586853728,0.02640429679761258,0.032449139561267604,-0.006044842763655023,8.904647065866023e-05,-0.007375610410832234,0.007464656881490894
2024-09-13,KOSPI_KOSDAQ_ALL,VALUE,0,W-,-0.0001332834531353,0.0091096521685672,-0.0092429356217025,-0.0298332422267675,-0.0325241793942468,0.002690937167479302,-0.0018551538211528662,0.032449139561267604,-0.03430429338242047,-0.04194488521166251,-0.007375610410832234,-0.034569274800830274
2024-09-13,KOSPI_KOSDAQ_ALL,FLOW,0,W-,0.0106648146844682,0.0091096521685672,0.0015551625159010013,-0.0260373183721728,-0.0325241793942468,0.006486861022074002,0.019048257955759818,0.032449139561267604,-0.013400881605507786,-0.02514926727426625,-0.007375610410832234,-0.017773656863434018
2024-09-25,KOSPI_KOSDAQ_ALL,REVISION,0,N,0.0027920570515916,0.0041352867472133,-0.0013432296956217,0.0034329490868831,-0.0061214222868798,0.0095543713737629,-0.01991755663953587,0.0017939616545488146,-0.021711518294084686,-0.006188562796796582,0.020444738011208274,-0.026633300808004856
2024-09-25,KOSPI_KOSDAQ_ALL,VALUE,0,N,-0.005673490977312,0.0041352867472133,-0.0098087777245253,-0.0106857154841886,-0.0061214222868798,-0.004564293197308801,-0.00880018731253851,0.0017939616545488146,-0.010594148967087325,0.0004308099149290534,0.020444738011208274,-0.02001392809627922
2024-09-25,KOSPI_KOSDAQ_ALL,FLOW,0,R-,0.0013663036046347,0.0041352867472133,-0.0027689831425786,-0.0020740189084368,-0.0061214222868798,0.004047403378443,-0.010909412846585753,0.0017939616545488146,-0.012703374501134568,-0.008352678487161591,0.020444738011208274,-0.028797416498369866
2024-10-04,KOSPI_KOSDAQ_ALL,REVISION,0,N,0.0092259707417378,0.0284663894774157,-0.0192404187356779,-0.0039370340293607,0.0232442165939711,-0.0271812506233318,-0.01572053177318944,-0.014289431524468932,-0.0014311002487205071,-0.00704019744349238,0.0014453309792230584,-0.008485528422715438
2024-10-04,KOSPI_KOSDAQ_ALL,VALUE,0,N,0.0140284227528702,0.0284663894774157,-0.014437966724545498,-0.0026421696594027,0.0232442165939711,-0.0258863862533738,-0.004546315301821924,-0.014289431524468932,0.009743116222647008,0.010429601063979055,0.0014453309792230584,0.008984270084755996
2024-10-04,KOSPI_KOSDAQ_ALL,FLOW,0,R-,0.0130692043611473,0.0284663894774157,-0.015397185116268398,-0.0010688211608471,0.0232442165939711,-0.0243130377548182,-0.0069270657694491256,-0.014289431524468932,0.007362365755019806,-0.007390054373414667,0.0014453309792230584,-0.008835385352637726
2024-12-16,KOSPI_KOSDAQ_ALL,REVISION,0,R-,0.0008436846196966,-0.0193356271404518,0.0201793117601484,0.0059828911394798,-0.0118269839135009,0.0178098750529807,0.05779291021149602,-0.0025065422113822455,0.060299452422878264,0.047849005636487085,-0.05614332451455495,0.10399233015104203
2024-12-16,KOSPI_KOSDAQ_ALL,VALUE,1,N,0.0037420115179129,-0.0193356271404518,0.0230776386583647,0.0108831429225488,-0.0118269839135009,0.0227101268360497,-0.004655369276080901,-0.0025065422113822455,-0.002148827064698655,-0.06920509223984406,-0.05614332451455495,-0.013061767725289108
2024-12-16,KOSPI_KOSDAQ_ALL,FLOW,1,N,-0.0124070638557614,-0.0193356271404518,0.0069285632846904,-0.0027234957711494,-0.0118269839135009,0.009103488142351499,0.015698213974339348,-0.0025065422113822455,0.018204756185721593,-0.019967608801914838,-0.05614332451455495,0.03617571571264011
2024-12-23,KOSPI_KOSDAQ_ALL,REVISION,0,N,-0.0133479471354283,-0.0100786379340575,-0.0032693092013708,0.0076933456833338,0.0084651179515891,-0.0007717722682553003,0.049281112213281686,0.031196002219971097,0.01808510999331059,0.0469384872650882,-0.01321776394361951,0.06015625120870771
2024-12-23,KOSPI_KOSDAQ_ALL,VALUE,1,N,-0.0395018516633602,-0.0100786379340575,-0.029423213729302698,-0.0533027328897507,0.0084651179515891,-0.0617678508413398,-0.004364953333096611,0.031196002219971097,-0.03556095555306771,-0.07479174977060521,-0.01321776394361951,-0.0615739858269857
2024-12-23,KOSPI_KOSDAQ_ALL,FLOW,0,R-,-0.0005894279840723,-0.0100786379340575,0.0094892099499852,0.0136427771352365,0.0084651179515891,0.0051776591836474005,0.03394429900785778,0.031196002219971097,0.0027482967878866837,-0.014641112783619792,-0.01321776394361951,-0.0014233488400002825
2025-01-02,KOSPI_KOSDAQ_ALL,REVISION,1,N,0.0710375036975752,0.0283301206851214,0.04270738301245379,0.0441180585774542,-0.0582853805795708,0.10240343915702499,0.08459650036845812,0.030724997484636196,0.05387150288382192,0.055115212445075334,-0.03575004634256185,0.09086525878763718
2025-01-02,KOSPI_KOSDAQ_ALL,VALUE,0,R-,0.0224000282838818,0.0283301206851214,-0.005930092401239602,-0.0267136823188361,-0.0582853805795708,0.0315716982607347,0.04017796649935179,0.030724997484636196,0.009452969014715595,-0.038689144081532456,-0.03575004634256185,-0.0029390977389706086
2025-01-02,KOSPI_KOSDAQ_ALL,FLOW,1,N,0.0276539132810362,0.0283301206851214,-0.0006762074040852009,-0.0144881932353874,-0.0582853805795708,0.0437971873441834,0.04450808928666916,0.030724997484636196,0.013783091802032965,-0.023109378390741453,-0.03575004634256185,0.012640667951820395
2025-01-16,KOSPI_KOSDAQ_ALL,REVISION,1,W+,-0.0072098570414666,0.0137983090678278,-0.0210081661092944,0.0051087519278487,0.0331140349491019,-0.028005283021253203,0.08950508605390706,0.06755565719226442,0.02194942886164264,0.022271410793599067,-0.0007919130049925949,0.02306332379859166
2025-01-16,KOSPI_KOSDAQ_ALL,VALUE,0,R-,0.0040348776004635,0.0137983090678278,-0.0097634314673643,0.0048157935246911,0.0331140349491019,-0.0282982414244108,0.05551794782554631,0.06755565719226442,-0.012037709366718108,-0.03693345676924309,-0.0007919130049925949,-0.036141543764250494
2025-01-16,KOSPI_KOSDAQ_ALL,FLOW,1,R+,0.005334135689013,0.0137983090678278,-0.008464173378814801,0.0026967223528864,0.0331140349491019,-0.030417312596215502,0.07519559235583739,0.06755565719226442,0.007639935163572975,-0.016159169624302416,-0.0007919130049925949,-0.015367256619309821
2025-03-13,KOSPI_KOSDAQ_ALL,REVISION,1,N,0.0091405734148586,-0.0184459691832351,0.027586542598093698,-0.0119329507288279,-0.0397401145937993,0.027807163864971403,-0.059910070681104655,-0.08489881812295363,0.02498874744184898,0.026620951838274065,-0.005882625489726845,0.03250357732800091
2025-03-13,KOSPI_KOSDAQ_ALL,VALUE,1,W+,0.0139890295096777,-0.0184459691832351,0.0324349986929128,0.0158661844456193,-0.0397401145937993,0.055606299039418605,-0.05302074840256632,-0.08489881812295363,0.031878069720387314,0.053888079162882185,-0.005882625489726845,0.05977070465260903
2025-03-13,KOSPI_KOSDAQ_ALL,FLOW,0,N,0.0045510316547396,-0.0184459691832351,0.0229970008379747,-0.0113233263026706,-0.0397401145937993,0.028416788291128703,-0.07135675716813783,-0.08489881812295363,0.013542060954815804,0.016123688916996226,-0.005882625489726845,0.02200631440672307
2025-03-20,KOSPI_KOSDAQ_ALL,REVISION,0,N,-0.0309649732453798,-0.0354852351845791,0.004520261939199299,-0.0001747685438894,-0.0149251539700479,0.0147503854261585,-0.02917915847460517,-0.022247275974496272,-0.006931882500108899,0.05571197663361849,0.03680059894979082,0.018911377683827668
2025-03-20,KOSPI_KOSDAQ_ALL,VALUE,1,W+,-0.0091616901143993,-0.0354852351845791,0.0263235450701798,0.0346887398876342,-0.0149251539700479,0.0496138938576821,-0.045432031175784315,-0.022247275974496272,-0.023184755201288043,-0.006527309507465717,0.03680059894979082,-0.043327908457256537
2025-03-20,KOSPI_KOSDAQ_ALL,FLOW,0,N,-0.0251779878076535,-0.0354852351845791,0.0103072473769256,0.004920230858028,-0.0149251539700479,0.0198453848280759,-0.025826586500550475,-0.022247275974496272,-0.0035793105260542024,0.056168658922459036,0.03680059894979082,0.019368059972668217
2025-03-27,KOSPI_KOSDAQ_ALL,REVISION,0,N,-0.0239503250584404,-0.0175447464718082,-0.0064055785866322,0.0307767720967481,0.0590534274463089,-0.028276655349560798,0.03460621972618294,0.0190095843346334,0.01559663539154954,0.06117809655288409,0.022783892763156288,0.0383942037897278
2025-03-27,KOSPI_KOSDAQ_ALL,VALUE,0,W-,-0.0411968041184486,-0.0175447464718082,-0.0236520576466404,0.006586609385881,0.0590534274463089,-0.0524668180604279,-0.002332043521199867,0.0190095843346334,-0.021341627855833267,-0.02597653610914319,0.022783892763156288,-0.04876042887229948
2025-03-27,KOSPI_KOSDAQ_ALL,FLOW,0,R-,-0.03886454543006,-0.0175447464718082,-0.021319798958251802,0.0174429967536835,0.0590534274463089,-0.0416104306926254,0.0214581263509368,0.0190095843346334,0.002448542016303401,0.055779592669934486,0.022783892763156288,0.0329956999067782
2025-07-24,KOSPI_KOSDAQ_ALL,REVISION,1,N,0.019810287727814,-0.0134653076827692,0.0332755954105832,0.0278408834199827,-0.0273203551358523,0.055161238555835004,0.007996108505145427,-0.06778689422648387,0.0757830027316293,0.04015284957700249,-0.0497797524590059,0.08993260203600839
2025-07-24,KOSPI_KOSDAQ_ALL,VALUE,1,W+,-0.0154333033750262,-0.0134653076827692,-0.001967995692257,-0.0250028582073161,-0.0273203551358523,0.002317496928536198,-0.06363837673300199,-0.06778689422648387,0.004148517493481885,-0.059017457611228785,-0.0497797524590059,-0.009237705152222886
2025-07-24,KOSPI_KOSDAQ_ALL,FLOW,1,R+,-0.0105418897903255,-0.0134653076827692,0.0029234178924437,-0.0114431547633914,-0.0273203551358523,0.0158772003724609,-0.05764859422668556,-0.06778689422648387,0.010138299999798317,-0.029239084988155528,-0.0497797524590059,0.02054066747085037
2025-07-31,KOSPI_KOSDAQ_ALL,REVISION,1,W+,0.0094082955679059,-0.0044437678880506,0.0138520634559565,0.0081766009797797,-0.0047870697145206,0.0129636706943003,0.014514665786371728,-0.026674936039628783,0.04118960182600051,0.035017093578830094,-0.009602247611648296,0.04461934119047839
2025-07-31,KOSPI_KOSDAQ_ALL,VALUE,1,R+,-0.0061324106868471,-0.0044437678880506,-0.0016886427987965,-0.0220128448566561,-0.0047870697145206,-0.0172257751421355,-0.03295762864901253,-0.026674936039628783,-0.006282692609383744,-0.04009477084993196,-0.009602247611648296,-0.030492523238283664
2025-07-31,KOSPI_KOSDAQ_ALL,FLOW,0,R-,-0.0065350982268535,-0.0044437678880506,-0.0020913303388029004,-0.0077542471525206,-0.0047870697145206,-0.0029671774379999996,-0.014460839550476723,-0.026674936039628783,0.01221409648915206,-0.0034257883437626147,-0.009602247611648296,0.006176459267885681
2025-08-07,KOSPI_KOSDAQ_ALL,REVISION,1,W+,-0.0094735800630824,-0.0180993267770513,0.008625746713968901,-0.0125435201180394,-0.0127623381107043,0.00021881799266489955,0.007034203320380961,-0.006836495477473559,0.01387069879785452,0.011493824693241228,0.0029548802181997846,0.008538944475041443
2025-08-07,KOSPI_KOSDAQ_ALL,VALUE,0,R-,-0.0241986202788456,-0.0180993267770513,-0.006099293501794299,-0.0102450760417158,-0.0127623381107043,0.0025172620689885,-0.019281498291061405,-0.006836495477473559,-0.012445002813587847,-0.026086352474301466,0.0029548802181997846,-0.02904123269250125
2025-08-07,KOSPI_KOSDAQ_ALL,FLOW,0,R-,-0.007909064768887,-0.0180993267770513,0.010190262008164301,-0.0095204679874057,-0.0127623381107043,0.0032418701232985996,0.006234898751299678,-0.006836495477473559,0.013071394228773237,-0.006943489230575306,0.0029548802181997846,-0.00989836944877509
2025-08-14,KOSPI_KOSDAQ_ALL,REVISION,1,W+,-0.0114320338510007,-0.0333494798983623,0.0219174460473616,0.0165218012341572,-0.005701628874927,0.0222234301090842,0.0784473295750483,0.07451684809479153,0.0039304814802567645,0.03700266747384706,0.047133124139108196,-0.010130456665261134
2025-08-14,KOSPI_KOSDAQ_ALL,VALUE,0,R-,-0.0193624740753984,-0.0333494798983623,0.013987005822963902,-0.0029489347103777,-0.005701628874927,0.0027526941645493,0.04423779086810442,0.07451684809479153,-0.03027905722668711,-0.02109991297260061,0.047133124139108196,-0.0682330371117088
2025-08-14,KOSPI_KOSDAQ_ALL,FLOW,0,R-,-0.033701155541887,-0.0333494798983623,-0.00035167564352469455,-0.0008150577263564,-0.005701628874927,0.0048865711485705995,0.08341131968062299,0.07451684809479153,0.008894471585831454,0.03434714650906723,0.047133124139108196,-0.012785977630040968
2025-08-22,KOSPI_KOSDAQ_ALL,REVISION,1,W+,0.0264052455063675,0.0300423117330447,-0.003637066226677199,0.0227659177701388,0.0138067848588881,0.0089591329112507,0.10952514400084179,0.13657038528397414,-0.02704524128313235,0.029876411140714376,0.07692298080405946,-0.047046569663345084
2025-08-22,KOSPI_KOSDAQ_ALL,VALUE,0,R-,0.0168269281855565,0.0300423117330447,-0.013215383547488201,-0.0053961549198495,0.0138067848588881,-0.0192029397787376,0.06261098276841026,0.13657038528397414,-0.07395940251556388,-0.023660580015094967,0.07692298080405946,-0.10058356081915443
2025-08-22,KOSPI_KOSDAQ_ALL,FLOW,0,R-,0.034804754640107,0.0300423117330447,0.004762442907062302,0.0148433496697073,0.0138067848588881,0.0010365648108192002,0.1616837538230551,0.13657038528397414,0.02511336853908097,0.0685954908951445,0.07692298080405946,-0.008327489908914965
2025-11-21,KOSPI_KOSDAQ_ALL,REVISION,0,N,0.0352086785063116,0.0611603130647411,-0.025951634558429505,-0.0043069543623242,0.0110729006762376,-0.015379855038561801,0.04428283362923979,0.08237061890209962,-0.03808778527285983,0.0010682266921000494,0.025008527485365528,-0.02394030079326548
2025-11-21,KOSPI_KOSDAQ_ALL,VALUE,1,W+,0.0217945904311603,0.0611603130647411,-0.039365722633580805,-0.0383669935306047,0.0110729006762376,-0.049439894206842305,0.0660901578769697,0.08237061890209962,-0.016280461025129922,-0.0018653468503190274,0.025008527485365528,-0.026873874335684556
2025-11-21,KOSPI_KOSDAQ_ALL,FLOW,0,W-,0.0353719209641564,0.0611603130647411,-0.0257883921005847,-0.0231349570904411,0.0110729006762376,-0.0342078577666787,0.04776420155730743,0.08237061890209962,-0.034606417344792195,-0.022866054863328822,0.025008527485365528,-0.04787458234869435
2025-11-28,KOSPI_KOSDAQ_ALL,REVISION,0,R-,0.0388967287999798,0.0451230207005279,-0.006226291900548096,0.0170368827819583,0.0316137551647327,-0.0145768723827744,0.021247982422830436,0.048717007363725306,-0.02746902494089487,0.016008822209487183,0.04395784919198742,-0.027949026982500236
2025-11-28,KOSPI_KOSDAQ_ALL,VALUE,1,W+,0.0371828300368986,0.0451230207005279,-0.007940190663629297,0.0088761344228819,0.0316137551647327,-0.0227376207418508,0.02254656290540158,0.048717007363725306,-0.026170444458323727,-0.012066270941694324,0.04395784919198742,-0.05602412013368174
2025-11-28,KOSPI_KOSDAQ_ALL,FLOW,1,W+,0.0239171711431842,0.0451230207005279,-0.021205849557343698,-0.0017080849489258,0.0316137551647327,-0.0333218401136585,0.01718266655630618,0.048717007363725306,-0.031534340807419126,-0.012852641388652386,0.04395784919198742,-0.056810490580639805
2026-04-07,KOSPI_KOSDAQ_ALL,REVISION,0,R-,0.0901096297074014,0.1214906417443468,-0.031381012036945405,0.0166486255981833,0.0488133242631286,-0.0321646986649453,0.28921269285512263,0.2967086942726169,-0.007496001417494291,0.13794345518566997,0.19777243549946344,-0.05982898031379347
2026-04-07,KOSPI_KOSDAQ_ALL,VALUE,1,W+,0.0684806699820367,0.1214906417443468,-0.05300997176231011,-0.0127850938947775,0.0488133242631286,-0.0615984181579061,0.12433468139746529,0.2967086942726169,-0.17237401287515164,-0.10535259695739552,0.19777243549946344,-0.30312503245685896
2026-04-07,KOSPI_KOSDAQ_ALL,FLOW,0,W-,0.0716139681647183,0.1214906417443468,-0.04987667357962851,-0.0407438698046778,0.0488133242631286,-0.0895571940678064,0.20809152588448532,0.2967086942726169,-0.0886171683881316,0.0038547966510671383,0.19777243549946344,-0.1939176388483963
2026-06-15,KOSPI_KOSDAQ_ALL,REVISION,0,N,-0.0618278172124591,-0.0571831996430181,-0.004644617569440998,0.0042716032795611,0.0180066770333937,-0.013735073753832601,-0.1881451773943006,-0.2380888464023252,0.049943669008024605,-0.028659059099397255,-0.051948614883676636,0.02328955578427938
2026-06-15,KOSPI_KOSDAQ_ALL,VALUE,0,W-,-0.0782128808344502,-0.0571831996430181,-0.0210296811914321,0.0015074800788556,0.0180066770333937,-0.0164991969545381,-0.08667641007087123,-0.2380888464023252,0.15141243633145396,0.2245638070680751,-0.051948614883676636,0.27651242195175174
2026-06-15,KOSPI_KOSDAQ_ALL,FLOW,0,N,-0.0707089335835206,-0.0571831996430181,-0.013525733940502493,0.0200274643055945,0.0180066770333937,0.0020207872722007997,-0.17796772725983823,-0.2380888464023252,0.06012111914248697,0.038469187848021225,-0.051948614883676636,0.09041780273169786
2026-06-22,KOSPI_KOSDAQ_ALL,REVISION,0,N,-0.0349207608697915,-0.1012046066509373,0.06628384578114581,-0.0043632572454118,-0.0772654430469667,0.0729021858015549,-0.1827000400321095,-0.21596062881505462,0.03326058878294513,-0.043194381475092136,-0.04031079405863003,-0.002883587416462108
2026-06-22,KOSPI_KOSDAQ_ALL,VALUE,0,W-,-0.0057640915606189,-0.1012046066509373,0.09544051509031841,0.0557739687778947,-0.0772654430469667,0.1330394118248614,-0.03520736365191213,-0.21596062881505462,0.1807532651631425,0.2544251859541009,-0.04031079405863003,0.29473598001273094
2026-06-22,KOSPI_KOSDAQ_ALL,FLOW,0,W-,-0.0435340555973443,-0.1012046066509373,0.057670551053593005,-0.0004204362382167,-0.0772654430469667,0.07684500680874999,-0.15014282857197858,-0.21596062881505462,0.06581780024307604,0.03298084388483624,-0.04031079405863003,0.07329163794346627
2026-06-29,KOSPI_KOSDAQ_ALL,REVISION,0,N,-0.0531992131369503,-0.053247013013407,4.779987645670003e-05,-0.0249051968337075,-0.0065698070879591,-0.0183353897457484,-0.21829636992371648,-0.19420036289148257,-0.024096007032233913,-0.10063569810358541,0.0021592304755266856,-0.1027949285791121
2026-06-29,KOSPI_KOSDAQ_ALL,VALUE,0,W-,0.0253043656667628,-0.053247013013407,0.0785513786801698,0.1035025619048953,-0.0065698070879591,0.1100723689928544,-0.04009399076740261,-0.19420036289148257,0.15410637212407996,0.29972912713750466,0.0021592304755266856,0.297569896661978
2026-06-29,KOSPI_KOSDAQ_ALL,FLOW,0,W-,-0.0367636821075326,-0.053247013013407,0.0164833309058744,-0.0060969592735712,-0.0065698070879591,0.00047284781438789933,-0.1383201351154495,-0.19420036289148257,0.055880227776033076,0.05956790730243022,0.0021592304755266856,0.05740867682690354
2026-07-06,KOSPI_KOSDAQ_ALL,REVISION,0,N,-0.052947096857119,-0.0503151789488093,-0.0026319179083097027,-0.0037398612257597,0.0159377776423345,-0.019677638868094198,-0.10929834028221352,-0.11324744067671488,0.003949100394501359,-0.06609533731692874,-0.08103375338106411,0.014938416064135374
2026-07-06,KOSPI_KOSDAQ_ALL,VALUE,1,W+,-0.0280323981432478,-0.0503151789488093,0.022282780805561498,0.0495011686074851,0.0159377776423345,0.033563390965150604,-0.025346419834887945,-0.11324744067671488,0.08790102084182694,0.10709105626383231,-0.08103375338106411,0.18812480964489642
2026-07-06,KOSPI_KOSDAQ_ALL,FLOW,0,W-,-0.0398595958983297,-0.0503151789488093,0.010455583050479597,0.0247557459699862,0.0159377776423345,0.008817968327651703,-0.04771937002215165,-0.11324744067671488,0.06552807065456323,0.022688673766031453,-0.08103375338106411,0.10372242714709556
2026-07-13,KOSPI_KOSDAQ_ALL,REVISION,0,R-,-0.0555354651041489,-0.0298009317700241,-0.025734533334124798,-0.0107564995129455,0.0305032352284565,-0.041259734741402,,,,,,
2026-07-13,KOSPI_KOSDAQ_ALL,VALUE,0,W-,-0.0262668843137518,-0.0298009317700241,0.0035340474562722997,0.0259295593100126,0.0305032352284565,-0.0045736759184439,,,,,,
2026-07-13,KOSPI_KOSDAQ_ALL,FLOW,0,W-,-0.039253441345511,-0.0298009317700241,-0.009452509575486902,0.0146365854605461,0.0305032352284565,-0.0158666497679104,,,,,,
2026-07-21,KOSPI_KOSDAQ_ALL,REVISION,0,R-,-0.0769534057373743,-0.0762593966411409,-0.0006940090962334056,-0.0641357797727124,-0.0364308071776709,-0.027704972595041497,,,,,,
2026-07-21,KOSPI_KOSDAQ_ALL,VALUE,0,W-,-0.0107998473969864,-0.0762593966411409,0.0654595492441545,0.0939035617739912,-0.0364308071776709,0.13033436895166212,,,,,,
2026-07-21,KOSPI_KOSDAQ_ALL,FLOW,0,W-,-0.0302282860604688,-0.0762593966411409,0.046031110580672094,0.0253069384851313,-0.0364308071776709,0.0617377456628022,,,,,,
2026-08-04,KOSPI_KOSDAQ_ALL,REVISION,0,R-,,,,,,,,,,,,
2026-08-04,KOSPI_KOSDAQ_ALL,VALUE,0,W-,,,,,,,,,,,,
2026-08-04,KOSPI_KOSDAQ_ALL,FLOW,0,W-,,,,,,,,,,,,
