"Code","Name","결산월","코스피200 구성종목여부(1:해당, 0:미해당)","상장된 시장","수정주가수익률","시가총액","","이전 시가총액"
"A000020","동화약품","12","0","KOSPI","-3.87","243","","252.78"
"A000040","KR모터스","12","0","KOSPI","-1.67","206.86","","210.37"
"A000050","경방","12","1","KOSPI","-2.08","452.35","","461.95"
"A000070","삼양홀딩스","12","1","KOSPI","-1.59","1327.46","","1348.87"
"A000080","하이트진로","12","1","KOSPI","-3.33","1830.49","","1893.61"
"A000100","유한양행","12","1","KOSPI","-0.52","3184.05","","3200.78"
"A000120","CJ대한통운","12","1","KOSPI","0.73","4699.34","","4665.12"
"A000140","하이트진로홀딩스","12","1","KOSPI","-1.96","348.1","","355.06"
"A000150","두산","12","1","KOSPI","-1.44","2180.27","","2212.17"
"A000180","성창기업지주","12","0","KOSPI","0","252.15","","252.15"
"A0001A0","덕양에너젠","12","0","외감","","","",""
"A000210","DL","12","1","KOSPI","-6.4","2898.84","","3097.2"
"A000220","유유제약","12","0","KOSPI","-2.85","84.1","","86.57"
"A000230","일동홀딩스","12","1","KOSPI","-1.1","673.08","","680.6"
"A000240","한국앤컴퍼니","12","1","KOSPI","1.14","2065.05","","2041.79"
"A000250","삼천당제약","12","0","KOSDAQ","0","186.89","","186.89"
"A000270","기아","12","1","KOSPI","-1.37","19011.54","","19275.03"
"A000300","DH오토넥스","12","0","KOSPI","2.02","111.03","","108.83"
"A000320","노루홀딩스","12","0","KOSPI","-0.99","264.63","","267.27"
"A000370","한화손해보험","12","0","KOSPI","-0.37","731.36","","734.08"
"A000390","SP삼화","12","0","KOSPI","-2.82","281.6","","282.34"
"A000400","롯데손해보험","12","0","KOSPI","-1.91","378.67","","386.06"
"A000430","대원강업","12","0","KOSPI","0","313.1","","313.1"
"A000440","중앙에너비스","12","0","KOSDAQ","0.17","36.49","","36.43"
"A000480","CR홀딩스","12","1","KOSPI","-1.1","359.2","","363.2"
"A000490","대동","12","0","KOSPI","0.14","173.45","","173.22"
"A0004V0","엔비알모션","12","0","외감","","","",""
"A000500","가온전선","12","0","KOSPI","-1.61","88.82","","90.28"
"A000520","삼일제약","12","0","KOSPI","-3.09","50.05","","51.65"
"A000540","흥국화재","12","0","KOSPI","-0.52","244.44","","245.73"
"A000590","CS홀딩스","12","0","KOSPI","-0.38","90.51","","90.86"
"A000640","동아쏘시오홀딩스","12","1","KOSPI","-0.28","845.4","","847.79"
"A000650","천일고속","12","0","KOSPI","0.55","129.49","","128.77"
"A000660","SK하이닉스","12","1","KOSPI","-3.62","19401.26","","20129.27"
"A000670","영풍","12","1","KOSPI","-2.91","1902.83","","1959.93"
"A000680","LS네트웍스","12","0","KOSPI","-1.17","266.73","","269.89"
"A000700","유수홀딩스","12","0","KOSPI","-1.41","254.43","","258.07"
"A000720","현대건설","12","1","KOSPI","-5.43","4075.62","","4309.47"
"A000760","이화산업","12","0","KOSPI","0.25","56.42","","56.28"
"A0007C0","아크릴","12","0","외감","","","",""
"A0007J0","인벤테라","12","0","외감","","","",""
"A000810","삼성화재","12","1","KOSPI","1.02","14022.95","","13880.83"
"A000850","화천기공","12","0","KOSPI","0","122.1","","122.1"
"A000860","강남제비스코","12","0","KOSPI","-2.2","260","","265.85"
"A000880","한화","12","1","KOSPI","-2.99","2792.21","","2878.42"
"A000890","보해양조","12","0","KOSPI","0.91","159.02","","157.59"
"A0008Z0","에스엔시스","12","0","외감","","","",""
"A000910","유니온","12","0","KOSPI","-0.12","65.49","","65.57"
"A000950","전방","12","0","KOSPI","-2.57","60.4","","61.99"
"A000970","한국주철관","12","0","KOSPI","-3.64","271.33","","281.59"
"A000990","DB하이텍","12","0","KOSPI","-1.58","827.46","","840.77"
"A0009K0","에임드바이오","12","0","외감","","","",""
"A001000","신라섬유","12","0","KOSDAQ","-3.54","75.99","","78.78"
"A001020","페이퍼코리아","12","0","KOSPI","0.14","114.52","","114.36"
"A001040","CJ","12","1","KOSPI","-0.23","6397.66","","6412.23"
"A001060","JW중외제약","12","0","KOSPI","0.92","720.66","","714.1"
"A001070","대한방직","12","0","KOSPI","0.62","51.73","","51.41"
"A001080","만호제강","6","0","KOSPI","-1.49","82.59","","83.83"
"A0010F0","보원케미칼","12","0","외감","","","",""
"A0010V0","제이피아이헬스케어","12","0","외감","","","",""
"A001120","LX인터내셔널","12","1","KOSPI","-3.81","1370.17","","1424.43"
"A001130","대한제분","12","0","KOSPI","-1.55","321.1","","326.17"
"A0011A0","액스비스","12","0","외감","","","",""
"A0011T0","채비","12","0","외감","","","",""
"A001200","유진투자증권","12","0","KOSPI","-2.22","255.73","","261.54"
"A001210","금호전기","12","0","KOSPI","0","81.61","","81.61"
"A001230","동국홀딩스","12","1","KOSPI","0.22","886.83","","884.93"
"A001250","GS글로벌","12","0","KOSPI","-2.45","71.88","","73.69"
"A001260","남광토건","12","0","KOSPI","-7.35","123.44","","133.23"
"A001270","부국증권","12","0","KOSPI","-0.56","185.62","","186.66"
"A001290","상상인증권","12","0","KOSPI","0.42","76.8","","76.48"
"A001340","PKC","12","0","KOSPI","2.24","92.31","","90.29"
"A001360","삼성제약","12","0","KOSPI","0.77","188.17","","186.73"
"A001380","SG글로벌","12","0","KOSPI","-2.24","109.38","","111.88"
"A001390","KG케미칼","12","0","KOSPI","-2.25","174.48","","178.5"
"A0013V0","삼진식품","12","0","외감","","","",""
"A001420","태원물산","12","0","KOSPI","-2.86","29.72","","30.59"
"A001430","세아베스틸지주","12","1","KOSPI","-4.29","961.1","","1004.14"
"A001440","대한전선","12","0","KOSPI","-2.58","2378.82","","2441.75"
"A001450","현대해상","12","0","KOSPI","2.48","2950.2","","2878.68"
"A001460","BYC","12","0","KOSPI","-1.48","291.7","","296.07"
"A001470","삼부토건","12","0","KOSPI","0","15.93","","15.93"
"A001500","현대차증권","12","0","KOSPI","-0.95","306.57","","309.51"
"A001510","SK증권","12","0","KOSPI","-1.75","358.53","","364.93"
"A001520","동양","12","0","KOSPI","-0.57","837.78","","842.55"
"A001530","DI동일","12","0","KOSPI","0","144.54","","144.54"
"A001540","안국약품","12","0","KOSDAQ","-0.89","217.81","","219.76"
"A001550","조비","12","0","KOSPI","-2.54","52.81","","54.19"
"A001560","제일연마","12","0","KOSPI","-1.51","65.3","","66.3"
"A001570","금양","12","0","KOSPI","-2.31","74.97","","76.74"
"A0015G0","그린광학","12","0","외감","","","",""
"A0015N0","아로마티카","12","0","외감","","","",""
"A0015S0","페스카로","12","0","외감","","","",""
"A001620","케이비아이동국실업","12","0","KOSPI","-0.19","67.55","","67.68"
"A001630","종근당홀딩스","12","0","KOSPI","-1.07","371.65","","375.68"
"A001680","대상","12","1","KOSPI","-2.34","1004.82","","1028.91"
"A001720","신영증권","3","0","KOSPI","-0.93","502.16","","506.86"
"A001740","SK네트웍스","12","1","KOSPI","-4.98","1516.43","","1595.85"
"A001750","한양증권","12","0","KOSPI","-0.13","98.9","","99.03"
"A001770","SHD","12","0","KOSPI","0.25","24.3","","24.24"
"A001780","알루코","12","0","KOSPI","-2.32","413.64","","423.47"
"A001790","대한제당","12","0","KOSPI","-2.73","188.73","","194.04"
"A0017J0","세미티에스","12","0","외감","","","",""
"A001800","오리온홀딩스","12","1","KOSPI","3.42","5790.83","","5599.6"
"A001810","무림SP","12","0","KOSDAQ","-2.38","72.72","","74.49"
"A001820","삼화콘덴서","12","0","KOSPI","-1.08","142.93","","144.49"
"A001840","이화공영","12","0","KOSDAQ","-0.67","59.02","","59.42"
"A001940","KISCO홀딩스","12","0","KOSPI","-1.73","251.28","","255.71"
"A002020","코오롱","12","0","KOSPI","-0.71","675.43","","680.25"
"A002030","아세아","12","0","KOSPI","-1.76","244.3","","248.68"
"A002070","비비안","12","0","KOSPI","-0.86","63.12","","63.67"
"A002100","경농","12","0","KOSPI","0.38","114.53","","114.1"
"A002140","고려산업","12","0","KOSPI","0.27","46.26","","46.14"
"A002150","도화엔지니어링","12","0","KOSPI","-3.34","175.68","","181.75"
"A002170","SYTS","12","0","KOSPI","-2.68","130.5","","134.1"
"A002200","한국수출포장","12","0","KOSPI","-1.46","81.2","","82.4"
"A002210","동성제약","12","0","KOSPI","-1.83","132.19","","134.65"
"A002220","한일철강","12","0","KOSPI","-0.99","40.9","","41.31"
"A002230","피에스텍","12","0","KOSDAQ","-1.63","124.17","","126.23"
"A002240","고려제강","12","1","KOSPI","-2.3","727.2","","744.3"
"A002290","삼일기업공사","12","0","KOSDAQ","-3.45","48.61","","50.34"
"A002310","아세아제지","12","0","KOSPI","0","158.08","","158.08"
"A002320","한진","12","0","KOSPI","-1.49","435.88","","442.46"
"A002350","넥센타이어","12","1","KOSPI","-2.19","1291.97","","1320.9"
"A002360","SH에너지화학","12","0","KOSPI","-2.07","157.81","","161.14"
"A002380","KCC","12","1","KOSPI","-1.71","4249","","4322.89"
"A002390","한독","12","0","KOSPI","-1.46","468.5","","475.43"
"A002410","범양건영","12","0","KOSPI","-1.98","58.69","","59.88"
"A002420","세기상사","12","0","KOSPI","-1.9","23.19","","23.64"
"A002450","삼익악기","12","0","KOSPI","-2.24","255.79","","261.66"
"A002460","HS화성","12","0","KOSPI","-4","164.35","","171.2"
"A002600","조흥","12","0","KOSPI","0","92.4","","92.4"
"A002620","제일파마홀딩스","12","0","KOSPI","0.46","1286.01","","1280.07"
"A002630","오리엔트바이오","3","0","KOSPI","-1.99","305.94","","312.15"
"A002680","한탑","12","0","KOSDAQ","-3.35","42.02","","43.47"
"A002690","동일제강","12","0","KOSPI","-0.9","49.58","","50.03"
"A002700","신일전자","12","0","KOSPI","0.53","135.7","","134.99"
"A002710","TCC스틸","12","0","KOSPI","-2.01","54.4","","55.52"
"A002720","국제약품","12","0","KOSPI","-4.16","88.02","","91.84"
"A002760","보락","12","0","KOSPI","-2.67","54.63","","56.13"
"A002780","진흥기업","12","0","KOSPI","-1.64","319.62","","324.96"
"A002790","아모레퍼시픽홀딩스","12","1","KOSPI","-0.87","13644.26","","13763.94"
"A002800","신신제약","12","0","외감","","","",""
"A002810","삼영무역","12","0","KOSPI","-0.7","350.74","","353.21"
"A002820","SUN&L","12","0","KOSPI","-1.17","160.12","","162.01"
"A002840","미원상사","12","0","KOSPI","2.86","175.7","","170.81"
"A002870","신풍","12","0","KOSPI","1.42","25","","24.65"
"A002880","디와이에이","12","0","KOSPI","-1.09","207.59","","209.87"
"A002900","TYM","12","0","KOSPI","15.07","102.33","","88.93"
"A002920","유성기업","12","0","KOSPI","-0.49","105.48","","106"
"A002960","한국쉘석유","12","1","KOSPI","-1.58","605.8","","615.55"
"A002990","금호건설","12","0","KOSPI","-3.45","393.02","","407.06"
"A003000","부광약품","12","1","KOSPI","-0.53","1047.63","","1053.23"
"A003010","혜인","12","0","KOSPI","-3.24","43.6","","45.07"
"A003030","세아제강지주","12","1","KOSPI","-4.46","450","","471"
"A003060","에이프로젠바이오로직스","12","0","KOSPI","-2.1","452.43","","462.12"
"A003070","코오롱글로벌","12","0","KOSPI","1.17","287.49","","284.18"
"A003080","SB성보","12","0","KOSPI","0","134.13","","134.13"
"A003090","대웅","12","0","KOSPI","1.22","676.77","","668.63"
"A003100","선광","12","0","KOSDAQ","-1.1","118.47","","119.79"
"A003120","일성아이에스","12","0","KOSPI","-3.21","320.53","","331.17"
"A003160","디아이","12","0","KOSPI","-1.71","144.89","","147.4"
"A003200","일신방직","12","1","KOSPI","-1.07","333.6","","337.2"
"A003220","대원제약","12","0","KOSPI","-2.05","337.72","","344.79"
"A003230","삼양식품","12","0","KOSPI","-1.45","178.91","","181.55"
"A003240","태광산업","12","1","KOSPI","-1.86","1055.5","","1075.54"
"A003280","흥아해운","12","0","KOSPI","1.52","113.09","","111.4"
"A003300","한일홀딩스","12","1","KOSPI","-3.56","818.67","","848.85"
"A003310","대주산업","12","0","KOSDAQ","-1.67","41.76","","42.47"
"A003350","한국화장품제조","12","0","KOSPI","-3.18","144.8","","149.56"
"A003380","하림지주","12","0","외감","","","",""
"A003460","유화증권","12","0","KOSPI","-1.56","179.18","","182.01"
"A003470","유안타증권","12","0","KOSPI","-2.97","685.55","","706.5"
"A003480","한진중공업홀딩스","12","0","KOSPI","-2.96","154.74","","159.46"
"A003490","대한항공","12","1","KOSPI","-1.02","2126.92","","2148.77"
"A003520","영진약품","12","1","KOSPI","5.99","1509.77","","1424.51"
"A003530","한화투자증권","12","0","KOSPI","-2.17","281.74","","287.99"
"A003540","대신증권","12","0","KOSPI","-2.97","581.36","","599.13"
"A003550","LG","12","1","KOSPI","-0.45","11492.3","","11544.07"
"A003570","SNT다이내믹스","12","1","KOSPI","-4.02","349.09","","363.7"
"A003580","HLB글로벌","12","0","KOSPI","4.87","44.65","","42.57"
"A003610","방림","9","0","KOSPI","-0.19","109.17","","109.38"
"A003620","KG모빌리티","12","1","KOSPI","-2.93","1046.99","","1078.55"
"A003650","미창석유","12","0","KOSPI","-3.47","145.26","","150.48"
"A003670","포스코퓨처엠","12","0","KOSDAQ","-2.48","697.03","","714.75"
"A003680","한성기업","12","0","KOSPI","-2.38","47.27","","48.43"
"A003690","코리안리","12","0","KOSPI","-0.39","1552.76","","1558.78"
"A003720","삼영","12","0","KOSPI","-1.47","56.78","","57.63"
"A003780","진양산업","12","0","KOSPI","-1.1","52.65","","53.24"
"A003800","에이스침대","12","0","KOSDAQ","0","332.92","","332.92"
"A003830","대한화섬","12","0","KOSPI","-3.72","137.45","","142.76"
"A003850","보령","12","0","KOSPI","-0.36","461.96","","463.65"
"A003920","남양유업","12","1","KOSPI","-0.69","516.24","","519.84"
"A003960","사조대림","12","0","KOSPI","-0.49","121.6","","122.19"
"A004000","롯데정밀화학","12","1","KOSPI","-1.81","912.03","","928.8"
"A004020","현대제철","12","1","KOSPI","-6.08","7633.1","","8126.85"
"A004060","SG세계물산","12","0","KOSPI","-0.45","225.7","","226.72"
"A004080","신흥","12","0","KOSPI","0.87","111.84","","110.88"
"A004090","한국석유","12","0","KOSPI","0","81.9","","81.9"
"A004100","태양금속","12","0","KOSPI","-1.1","66.24","","66.98"
"A004140","동방","12","0","KOSPI","-7.22","55.32","","59.62"
"A004150","한솔홀딩스","12","1","KOSPI","-4.04","358.39","","373.47"
"A004170","신세계","12","1","KOSPI","1.47","2037.95","","2008.42"
"A004250","NPC","12","0","KOSPI","-0.69","263.28","","265.12"
"A004270","남성","12","0","KOSPI","0","72.97","","72.97"
"A004310","현대약품","11","0","KOSPI","-2.02","135.52","","138.32"
"A004360","세방","12","0","KOSPI","-0.29","333.07","","334.04"
"A004370","농심","12","1","KOSPI","2.54","2335.73","","2277.95"
"A004380","삼익THK","12","0","KOSPI","1.95","219.45","","215.25"
"A004410","서울식품","12","0","KOSPI","-0.98","53.26","","53.79"
"A004430","송원산업","12","0","KOSPI","-4.67","465.6","","488.4"
"A004440","삼일씨엔에스","12","0","KOSPI","-2","343.13","","350.13"
"A004450","삼화왕관","12","0","KOSPI","-1.15","92.64","","93.72"
"A004490","세방전지","12","1","KOSPI","-1.41","586.6","","595"
"A004540","깨끗한나라","12","0","KOSPI","-0.34","218.53","","219.28"
"A004560","현대비앤지스틸","12","0","KOSPI","-1.42","157.57","","159.84"
"A004590","한국가구","12","0","KOSDAQ","-1.01","66.08","","66.75"
"A004650","창해에탄올","12","0","KOSDAQ","1.65","181.55","","178.59"
"A004690","삼천리","12","0","KOSPI","-2.84","415.64","","427.81"
"A004700","조광피혁","12","1","KOSPI","-0.43","232.05","","233.05"
"A004710","한솔테크닉스","12","1","KOSPI","-3.44","465.41","","482"
"A004720","팜젠사이언스","12","0","KOSPI","-1.67","77.68","","79"
"A004770","써니전자","12","0","KOSPI","1.57","137.33","","135.21"
"A004780","대륙제관","12","0","KOSDAQ","0.26","121.34","","121.02"
"A004800","효성","12","1","KOSPI","-4.51","4091.18","","4284.33"
"A004830","덕성","12","0","KOSPI","3.48","158.37","","153.04"
"A004840","DRB동일","12","0","KOSPI","0","238.78","","238.78"
"A004870","티웨이홀딩스","12","0","KOSPI","-0.1","157.01","","157.17"
"A004890","동일산업","12","0","KOSPI","0.52","141.39","","140.66"
"A004910","조광페인트","12","0","KOSPI","-1.1","172.8","","174.72"
"A004920","씨아이테크","12","0","KOSPI","-0.52","36.24","","36.43"
"A004960","한신공영","12","0","KOSPI","-3.17","212.04","","218.98"
"A004970","신라교역","12","0","KOSPI","-1.16","272.8","","276"
"A004980","성신양회","12","0","KOSPI","-3.75","308.51","","320.51"
"A004990","롯데지주","12","1","KOSPI","0","3550.66","","3550.66"
"A005010","휴스틸","12","0","KOSPI","-1.26","108.28","","109.66"
"A005030","부산주공","12","0","KOSPI","-5.48","38.98","","41.25"
"A005070","코스모신소재","12","0","KOSPI","0","44.96","","44.96"
"A005090","SGC에너지","12","1","KOSPI","-0.79","427.67","","431.07"
"A005110","한창","12","0","KOSPI","0.63","165.57","","164.54"
"A005160","동국산업","12","0","KOSDAQ","-2.59","235","","241.25"
"A005180","빙그레","12","1","KOSPI","-0.88","664.96","","670.87"
"A005250","녹십자홀딩스","12","0","KOSPI","-0.14","1636.58","","1638.93"
"A005290","동진쎄미켐","12","0","KOSDAQ","-2.75","268.47","","276.06"
"A005300","롯데칠성","12","1","KOSPI","-0.34","2511.52","","2520.18"
"A005320","온타이드","12","0","KOSPI","-0.72","76.05","","76.6"
"A005360","모나미","12","0","KOSPI","-1.24","82.68","","83.72"
"A005380","현대차","12","1","KOSPI","-2.46","30618.43","","31389.4"
"A005420","코스모화학","12","0","KOSPI","-1.05","62.91","","63.58"
"A005430","한국공항","12","0","KOSPI","-3.32","96.89","","100.22"
"A005440","현대지에프홀딩스","12","1","KOSPI","1.01","1958.97","","1939.43"
"A005490","POSCO홀딩스","12","1","KOSPI","-4.57","19137.51","","20052.97"
"A005500","삼진제약","12","0","KOSPI","1.09","387.81","","383.64"
"A005610","삼립","12","1","KOSPI","-1.91","1988.99","","2027.82"
"A005670","푸드웰","12","0","KOSDAQ","-0.18","45.44","","45.52"
"A005680","삼영전자","12","0","KOSPI","-3.25","238","","246"
"A005690","파미셀","12","0","KOSPI","-0.35","326.23","","327.38"
"A005710","대원산업","12","0","KOSDAQ","-2.9","122.05","","125.69"
"A005720","넥센","12","0","KOSPI","0","411.11","","411.11"
"A005740","크라운해태홀딩스","12","1","KOSPI","0","729.39","","729.39"
"A005750","대림바스","12","0","KOSPI","1.08","217.8","","215.47"
"A005800","신영와코루","12","0","KOSPI","-1.36","130.95","","132.75"
"A005810","풍산홀딩스","12","0","KOSPI","-3.3","333.39","","344.75"
"A005820","원림","12","0","KOSPI","-0.67","48.84","","49.17"
"A005830","DB손해보험","12","1","KOSPI","-0.14","4899.36","","4906.44"
"A005850","에스엘","12","1","KOSPI","-1.29","519.83","","526.6"
"A005860","한일사료","12","0","KOSDAQ","-0.98","64.82","","65.46"
"A005870","휴니드","12","0","KOSPI","0","157.14","","157.14"
"A005880","대한해운","12","0","KOSPI","-3.14","414.03","","427.46"
"A005930","삼성전자","12","1","KOSPI","2.3","184430.44","","180284.33"
"A005940","NH투자증권","12","1","KOSPI","-2.14","2698.71","","2757.81"
"A005950","이수화학","12","0","KOSPI","-2.58","230.7","","236.81"
"A005960","동부건설","12","0","KOSPI","4.07","119.99","","115.29"
"A005990","매일홀딩스","12","0","KOSDAQ","-0.21","648.38","","649.74"
"A006040","동원산업","12","0","KOSPI","1.52","1008.96","","993.83"
"A006050","국영지앤엠","12","0","KOSDAQ","-2.33","63.71","","65.23"
"A006060","화승인더","12","0","KOSPI","4.83","348.52","","332.47"
"A006090","사조오양","12","0","KOSPI","-2.41","133.33","","136.63"
"A006110","삼아알미늄","12","0","KOSPI","-1.08","35.26","","35.64"
"A006120","SK디스커버리","12","1","KOSPI","-1.36","1769.28","","1793.58"
"A006140","피제이전자","12","0","KOSDAQ","-0.13","76.4","","76.5"
"A006200","한국전자홀딩스","12","0","KOSPI","-0.55","42.12","","42.36"
"A006220","제주은행","12","0","KOSPI","-1.15","171.72","","173.71"
"A006260","LS","12","1","KOSPI","-3.11","1553.65","","1603.56"
"A006280","녹십자","12","1","KOSPI","-1.8","1916.59","","1951.65"
"A006340","대원전선","12","0","KOSPI","-4.59","120.21","","126"
"A006360","GS건설","12","0","KOSPI","-3.25","2112.25","","2183.25"
"A006370","대구백화점","12","0","KOSPI","-0.72","149.88","","150.96"
"A006380","카프로","12","0","KOSPI","-3.42","163.6","","169.4"
"A006400","삼성SDI","12","1","KOSPI","0.87","7942.3","","7873.54"
"A006490","프리티","12","0","KOSPI","-1.56","170.67","","173.38"
"A006570","대림통상","12","0","KOSPI","-1.77","92.72","","94.4"
"A006620","동구바이오제약","12","0","외감","","","",""
"A006650","대한유화","12","1","KOSPI","-2.37","1472.25","","1508"
"A006660","삼성공조","12","0","KOSPI","0","82.48","","82.48"
"A006730","서부T&D","12","0","KOSDAQ","-1.29","787.93","","798.23"
"A006740","블루산업개발","12","0","KOSPI","-3.86","60.83","","63.27"
"A006800","미래에셋증권","12","1","KOSPI","-2.84","2567.87","","2643.01"
"A006840","AK홀딩스","12","0","KOSPI","-1.54","763.06","","774.98"
"A006880","신송홀딩스","12","0","KOSPI","-1.75","99.48","","101.26"
"A006890","태경케미컬","12","0","KOSPI","-1.6","71.22","","72.38"
"A006910","보성파워텍","12","0","KOSDAQ","0.12","325.17","","324.79"
"A006920","모헨즈","12","0","KOSDAQ","0","51.87","","51.87"
"A006980","우성","12","0","KOSPI","0.29","105.99","","105.68"
"A007070","GS리테일","12","1","KOSPI","0.57","4104.1","","4081"
"A007110","일신석재","12","0","KOSPI","0.75","104.57","","103.79"
"A007120","미래아이앤지","12","0","KOSPI","9.94","109.34","","99.45"
"A007160","사조산업","12","0","KOSPI","-0.34","295.5","","296.5"
"A007210","벽산","12","0","KOSPI","-1.56","604.01","","613.61"
"A007280","한국특강","12","0","KOSPI","0","15.2","","15.2"
"A007310","오뚜기","12","1","KOSPI","1.99","2996.24","","2937.76"
"A007330","푸른저축은행","12","0","KOSDAQ","1.2","88.84","","87.78"
"A007340","DN오토모티브","12","1","KOSPI","-1.41","664.36","","673.85"
"A007370","진양제약","12","0","KOSDAQ","-2.83","66","","67.92"
"A007390","네이처셀","12","0","KOSDAQ","-1.65","265.48","","269.92"
"A007460","에이프로젠","12","0","KOSPI","-3.35","41.51","","42.95"
"A007530","와이엠","12","0","KOSDAQ","-4.9","23.22","","24.42"
"A007540","샘표","12","0","KOSPI","-0.2","217.76","","218.2"
"A007570","일양약품","12","1","KOSPI","-3.85","832.31","","865.64"
"A007590","동방아그로","12","0","KOSPI","-1.14","106.22","","107.44"
"A007610","선도전기","12","0","KOSPI","-0.2","45.81","","45.9"
"A007660","이수페타시스","12","0","KOSPI","-0.36","226.15","","226.98"
"A007680","대원","12","0","외감","","","",""
"A007690","국도화학","12","1","KOSPI","0.32","368.97","","367.81"
"A007700","F&F홀딩스","12","0","KOSPI","-1.53","198.66","","201.74"
"A007720","소노스퀘어","12","0","KOSDAQ","11.97","146.16","","130.54"
"A007770","한일화학","12","0","KOSDAQ","-1.57","44.05","","44.75"
"A007810","코리아써키트","12","0","KOSPI","-3.83","237.39","","246.84"
"A007820","엠엑스로보틱스","12","0","KOSDAQ","-4.08","97.34","","101.48"
"A007860","서연","12","1","KOSPI","-2.48","265.32","","272.07"
"A007980","TP","12","0","KOSPI","-3.11","210.45","","217.2"
"A008040","사조동아원","12","0","KOSPI","-0.77","125.8","","126.78"
"A008060","대덕","12","1","KOSPI","-1.45","364.51","","369.88"
"A008250","이건산업","12","0","KOSPI","0","104.98","","104.98"
"A008260","NI스틸","12","0","KOSPI","-2.42","74.48","","76.33"
"A008290","원풍물산","12","0","KOSDAQ","0.85","218.14","","216.3"
"A0082N0","카나프테라퓨틱스","12","0","외감","","","",""
"A008350","남선알미늄","12","0","KOSPI","-4.38","132.21","","138.27"
"A008370","원풍","12","0","KOSDAQ","-1.23","48.24","","48.84"
"A008420","문배철강","12","0","KOSPI","-3.48","51.26","","53.1"
"A008470","부스타","12","0","KOSDAQ","-1.01","49.25","","49.76"
"A008490","서흥","12","1","KOSPI","0.88","532.18","","527.55"
"A008500","일정실업","12","0","KOSPI","-0.32","37.62","","37.74"
"A008600","윌비스","12","0","KOSPI","-1.41","119.7","","121.41"
"A008700","아남전자","12","0","KOSPI","-2.94","101.8","","104.89"
"A008730","율촌화학","12","0","KOSPI","1.19","316.2","","312.48"
"A008770","호텔신라","12","1","KOSPI","0.85","2798.39","","2774.84"
"A008830","대동기어","12","0","KOSDAQ","-0.18","24.49","","24.54"
"A008870","금비","9","0","KOSPI","0.29","68.8","","68.6"
"A0088M0","메쥬","12","0","외감","","","",""
"A008930","한미사이언스","12","0","KOSPI","0.75","7840.05","","7781.76"
"A008970","KBI동양철관","12","0","KOSPI","-4.96","109.15","","114.85"
"A009070","KCTC","12","0","KOSPI","-0.59","101.4","","102"
"A009140","경인전자","12","0","KOSPI","0.24","32.83","","32.75"
"A009150","삼성전기","12","1","KOSPI","-1.37","3772.03","","3824.32"
"A009160","SIMPAC","12","0","KOSPI","0.98","149.79","","148.33"
"A009180","한솔로지스틱스","12","0","KOSPI","-2.21","47.37","","48.44"
"A009190","대양금속","12","0","KOSPI","-5.6","70.58","","74.77"
"A009200","무림페이퍼","12","0","KOSPI","-2.13","124.2","","126.91"
"A009240","한샘","12","1","KOSPI","-0.79","4436.15","","4471.45"
"A009270","신원","12","0","KOSPI","1.88","120.28","","118.06"
"A009290","광동제약","12","1","KOSPI","-0.98","532.07","","537.31"
"A009300","삼아제약","12","0","KOSDAQ","-1.43","109.56","","111.16"
"A009310","참엔지니어링","12","0","KOSPI","0","70.34","","70.34"
"A009320","아진전자부품","12","0","KOSPI","-4.76","60.48","","63.5"
"A009410","태영건설","12","0","KOSPI","-0.16","491.25","","492.02"
"A009420","한올바이오파마","12","0","KOSPI","2.91","830.63","","807.12"
"A009440","KC그린홀딩스","12","0","KOSPI","-2.76","181.95","","187.11"
"A009450","경동나비엔","12","0","KOSPI","1.28","503.85","","497.48"
"A009460","한창제지","12","0","KOSPI","-3.24","62.35","","64.44"
"A009470","삼화전기","12","0","KOSPI","0.11","29.53","","29.5"
"A009520","포스코엠텍","12","0","KOSDAQ","-2.58","125.55","","128.88"
"A009540","HD한국조선해양","12","1","KOSPI","-5.41","7980","","8436"
"A009580","무림P&P","12","1","KOSPI","-1.28","264.75","","268.18"
"A009620","삼보산업","12","0","KOSDAQ","-2.9","32.83","","33.81"
"A009680","모토닉","12","1","KOSPI","-1.61","323.07","","328.35"
"A009730","이렘","12","0","KOSDAQ","1.97","70.08","","68.73"
"A009770","삼정펄프","12","0","KOSPI","-1.2","93","","94.12"
"A009780","엠에스씨","12","0","KOSDAQ","0","93.72","","93.72"
"A009810","플레이그램","12","0","KOSPI","-1.27","41.77","","42.31"
"A009830","한화솔루션","12","1","KOSPI","-3.01","3980.15","","4103.75"
"A009900","명신산업","12","0","외감","","","",""
"A009970","영원무역홀딩스","12","0","KOSPI","0","865.86","","865.86"
"A010040","한국내화","12","0","KOSPI","0.32","72.25","","72.02"
"A010060","OCI홀딩스","12","1","KOSPI","-11.38","2599.58","","2933.47"
"A010100","한국무브넥스","12","0","KOSPI","-2.84","93.79","","96.53"
"A010120","LS ELECTRIC","12","1","KOSPI","-0.39","1518","","1524"
"A010130","고려아연","12","1","KOSPI","-2.32","9142.52","","9359.52"
"A010140","삼성중공업","12","1","KOSPI","-2.19","2269.51","","2320.3"
"A010170","대한광통신","12","0","KOSDAQ","2.38","70.68","","69.03"
"A010240","흥국","12","0","KOSDAQ","-0.42","29.45","","29.57"
"A010280","아이티센엔텍","12","0","KOSDAQ","29.94","82.55","","63.53"
"A010400","우진아이엔에스","12","0","외감","","","",""
"A010470","오리콤","12","0","KOSDAQ","-0.28","80.45","","80.68"
"A010580","에스엠벡셀","12","0","KOSPI","-0.2","27.19","","27.24"
"A010640","진양폴리","12","0","KOSPI","0","23","","23"
"A010660","화천기계","12","0","KOSPI","0","57.2","","57.2"
"A010690","화신","12","1","KOSPI","-5.97","220","","233.97"
"A010770","평화홀딩스","12","0","KOSPI","-1.09","53.31","","53.89"
"A010780","아이에스동서","12","1","KOSPI","-1.31","1237.54","","1253.97"
"A010820","퍼스텍","12","0","KOSPI","0.43","219.79","","218.86"
"A010950","S-Oil","12","1","KOSPI","-4.71","9569.54","","10042.39"
"A010960","삼호개발","12","0","KOSPI","-2.03","90.38","","92.25"
"A011000","진원생명과학","12","0","KOSPI","-2.49","251.79","","258.22"
"A011040","경동제약","12","0","KOSDAQ","0.29","230.32","","229.66"
"A011070","LG이노텍","12","1","KOSPI","1.1","1732.43","","1713.5"
"A011080","형지I&C","12","0","KOSDAQ","-4.69","109.6","","114.99"
"A011090","에넥스","12","0","KOSPI","2.33","250.17","","244.47"
"A011150","CJ씨푸드","12","0","KOSPI","-1.16","122.52","","123.96"
"A011170","롯데케미칼","12","1","KOSPI","-0.17","9991.28","","10008.42"
"A011200","HMM","12","0","KOSPI","0","458.98","","458.98"
"A011210","현대위아","12","1","KOSPI","1.16","2618.89","","2588.97"
"A011230","삼화전자","12","0","KOSPI","-1.19","23.62","","23.91"
"A011280","태림포장","12","0","KOSPI","-1.13","217.37","","219.85"
"A011300","우성머티리얼스","12","0","KOSPI","1.34","55.72","","54.98"
"A011320","유니크","12","0","KOSDAQ","2.1","65.69","","64.34"
"A011330","유니켐","12","0","KOSPI","0","88.39","","88.39"
"A011370","서한","12","0","KOSDAQ","-1.26","198.26","","200.78"
"A011390","부산산업","12","0","KOSPI","-0.54","38.86","","39.07"
"A011420","갤럭시아에스엠","12","0","KOSPI","1.56","80.86","","79.62"
"A011500","한농화성","12","0","KOSPI","-1.22","63.33","","64.11"
"A011560","세보엠이씨","12","0","KOSDAQ","-2.3","76.13","","77.92"
"A011690","와이투솔루션","12","0","KOSPI","-2.21","107.26","","109.69"
"A011700","한신기계","12","0","KOSPI","-0.2","80.79","","80.95"
"A011760","현대코퍼레이션","12","0","KOSPI","0.19","343.29","","342.63"
"A011780","금호석유화학","12","1","KOSPI","-1.78","2013.91","","2050.48"
"A011790","SKC","12","1","KOSPI","-1.06","1038.04","","1049.13"
"A0117P0","피스피스스튜디오","12","0","외감","","","",""
"A011810","STX","12","0","KOSPI","-1.53","67.53","","68.57"
"A011930","신성이엔지","12","0","KOSPI","-2.09","123.86","","126.51"
"A012030","DB","12","0","KOSPI","0","146.61","","146.61"
"A0120G0","삼양바이오팜","12","0","외감","","","",""
"A012160","영흥","12","0","KOSPI","0.2","234.22","","233.75"
"A012170","아센디오","12","0","KOSPI","1.53","85.38","","84.09"
"A012200","계양전기","12","0","KOSPI","-0.78","166.26","","167.56"
"A012210","삼미금속","12","0","외감","","","",""
"A012280","영화금속","12","0","KOSPI","3.21","87.72","","84.99"
"A012320","경동인베스트","12","0","KOSPI","-0.74","280.18","","282.27"
"A012330","현대모비스","12","1","KOSPI","-0.19","25260.73","","25309.4"
"A012340","뉴인텍","12","0","KOSDAQ","-0.59","64.43","","64.81"
"A012450","한화에어로스페이스","12","1","KOSPI","-0.45","2369.6","","2380.22"
"A012510","더존비즈온","12","0","KOSPI","-0.97","761.1","","768.52"
"A012610","경인양행","12","0","KOSPI","-2.12","158.56","","161.99"
"A012620","원일특강","12","0","KOSDAQ","-0.47","47.08","","47.3"
"A012630","HDC","12","1","KOSPI","-5.31","3565.67","","3765.44"
"A012690","모나리자","12","0","KOSPI","-1.94","148.11","","151.04"
"A0126Z0","삼성에피스홀딩스","12","0","외감","","","",""
"A012700","리드코프","12","0","KOSDAQ","0","242.35","","242.35"
"A012750","에스원","12","1","KOSPI","5.29","3856.92","","3663.12"
"A012790","신일제약","12","0","KOSDAQ","9.17","145.75","","133.51"
"A012800","대창","12","0","KOSPI","2.1","92.96","","91.05"
"A012860","모베이스전자","12","0","KOSDAQ","-1.87","99.36","","101.25"
"A013000","세우글로벌","12","0","KOSPI","2.91","66.93","","65.03"
"A013030","하이록코리아","12","0","KOSDAQ","-2.33","371.64","","380.49"
"A013120","동원개발","12","0","KOSDAQ","0","409.09","","409.09"
"A013310","아진산업","12","0","KOSDAQ","-1.26","118.81","","120.32"
"A013360","일성건설","12","0","KOSPI","-1.67","63.02","","64.08"
"A013520","화승코퍼레이션","12","0","KOSPI","-2.53","248.88","","255.34"
"A013570","디와이","12","0","KOSPI","0","168.71","","168.71"
"A013580","계룡건설","12","0","KOSPI","-1.17","113.42","","114.76"
"A013700","까뮤이앤씨","12","0","KOSPI","0","57.12","","57.12"
"A013720","청보","12","0","KOSDAQ","-0.14","26.72","","26.76"
"A013810","스페코","12","0","KOSDAQ","-3.56","71.17","","73.79"
"A013870","지엠비코리아","12","0","KOSPI","0","90.21","","90.21"
"A013890","지누스","12","0","K-OTC","0","86.89","","86.89"
"A013990","아가방컴퍼니","12","0","KOSDAQ","-1.55","293.03","","297.63"
"A014100","메디앙스","12","0","KOSDAQ","-2.31","209","","213.95"
"A014130","한익스프레스","12","0","KOSPI","-4.72","145.2","","152.4"
"A014160","대영포장","12","0","KOSPI","-1.45","105.49","","107.04"
"A014190","원익큐브","12","0","KOSDAQ","-3.8","83.3","","86.58"
"A014280","금강공업","12","0","KOSPI","-3.96","241.58","","251.54"
"A014440","영보화학","12","0","KOSPI","-1.96","85.2","","86.9"
"A014470","부방","12","0","KOSDAQ","-5.77","201.06","","213.38"
"A014530","극동유화","12","0","KOSPI","0","146.45","","146.45"
"A014570","고려제약","12","0","KOSDAQ","-1.78","66.66","","67.87"
"A014580","태경비케이","12","0","KOSPI","0","72.41","","72.41"
"A014620","성광벤드","12","0","KOSDAQ","-4.94","330.33","","347.49"
"A014680","한솔케미칼","12","1","KOSPI","0","826.81","","826.81"
"A014710","사조씨푸드","12","0","KOSPI","-1.37","124.32","","126.04"
"A014790","HL D&I","12","0","KOSPI","-2.73","161.11","","165.63"
"A014820","동원시스템즈","12","1","KOSPI","0.26","1846.9","","1842.09"
"A014830","유니드","12","1","KOSPI","-2.07","420.05","","428.93"
"A014910","성문전자","12","0","KOSPI","-1.63","60.09","","61.09"
"A014940","오리엔탈정공","12","0","KOSDAQ","-2","89.61","","91.43"
"A014950","삼익제약","12","0","외감","","","",""
"A014970","삼륭물산","12","0","KOSDAQ","-1.04","101.19","","102.25"
"A014990","인디에프","12","0","KOSPI","-1.47","138.2","","140.26"
"A015020","이스타코","12","0","KOSPI","-1.48","56.99","","57.85"
"A015230","대창단조","12","0","KOSPI","-1.64","83.9","","85.3"
"A015260","에이엔피","12","0","KOSPI","-2.61","74.17","","76.16"
"A015360","INVENI","12","0","KOSPI","0.54","224.4","","223.2"
"A015590","DKME","12","0","KOSPI","-4.07","74.98","","78.17"
"A015710","코콤","12","0","KOSDAQ","-2.48","206.86","","212.12"
"A015750","성우하이텍","12","0","KOSDAQ","-2.72","537","","552"
"A015760","한국전력","12","1","KOSPI","-0.49","39480.79","","39673.38"
"A015860","일진홀딩스","12","0","KOSPI","-0.97","503.34","","508.28"
"A015890","태경산업","12","0","KOSPI","-1.91","150.24","","153.16"
"A016090","대현","12","0","KOSPI","-1.62","164.83","","167.54"
"A016100","리더스코스메틱","12","0","KOSDAQ","-2.76","505.89","","520.25"
"A016250","SGC E&C","12","0","KOSDAQ","-3.89","290.64","","302.4"
"A016360","삼성증권","12","1","KOSPI","-3.27","2828.1","","2923.65"
"A016380","KG스틸","12","0","KOSPI","0","92.7","","92.7"
"A016450","한세예스24홀딩스","12","0","KOSPI","-2.02","776","","792"
"A016580","환인제약","12","0","KOSPI","-1.28","287.37","","291.09"
"A016590","신대양제지","12","0","KOSPI","-1.2","95.96","","97.12"
"A016600","큐캐피탈","12","0","KOSDAQ","-1.35","53.02","","53.75"
"A016610","DB증권","12","0","KOSPI","-1.63","166.18","","168.94"
"A016670","디모아","12","0","KOSDAQ","7.41","115.17","","107.23"
"A016710","대성홀딩스","12","0","KOSPI","0","156.87","","156.87"
"A016740","두올","12","0","외감","","","",""
"A016790","현대사료","12","0","외감","","","",""
"A016800","퍼시스","12","0","KOSPI","-0.98","407.1","","411.13"
"A016880","웅진","12","0","KOSPI","-0.66","179.61","","180.81"
"A016920","카스","12","0","KOSDAQ","-0.99","32.27","","32.59"
"A017000","신원종합개발","12","0","KOSDAQ","-1.77","50.24","","51.15"
"A017040","광명전기","12","0","KOSPI","-1.12","95.99","","97.08"
"A017180","명문제약","12","0","KOSPI","3.05","107.51","","104.33"
"A017250","인터엠","9","0","KOSDAQ","-0.37","54.31","","54.51"
"A017370","우신시스템","12","0","KOSPI","-0.62","65.68","","66.09"
"A017390","서울가스","12","0","KOSPI","0","440","","440"
"A017480","삼현철강","12","0","KOSDAQ","-6.66","61.63","","66.03"
"A017510","세명전기","12","0","KOSDAQ","-0.15","49.78","","49.85"
"A017550","수산세보틱스","12","0","KOSPI","-3.04","88.54","","91.32"
"A017650","대림제지","12","0","KOSDAQ","0","45.63","","45.63"
"A017670","SK텔레콤","12","1","KOSPI","-0.7","17118.09","","17239.21"
"A017800","현대엘리베이터","12","1","KOSPI","-2.64","1362.18","","1399.13"
"A017810","풀무원","12","0","KOSPI","-1.13","664.69","","672.31"
"A017860","DS단석","12","0","외감","","","",""
"A017890","한국알콜","12","0","KOSDAQ","-0.5","172.85","","173.71"
"A017900","광전자","12","0","KOSPI","-1.5","133.27","","135.3"
"A017940","E1","12","0","KOSPI","-1.31","414.34","","419.83"
"A017960","한국카본","12","0","KOSPI","-2.64","275.63","","283.11"
"A018000","유니슨","12","0","KOSDAQ","-1.78","95.75","","97.49"
"A018120","진로발효","12","0","KOSDAQ","-0.15","254.69","","255.06"
"A018250","애경산업","12","0","외감","","","",""
"A018260","삼성에스디에스","12","1","KOSPI","0.88","13347.67","","13231.6"
"A018290","브이티","12","0","KOSDAQ","-0.74","43.94","","44.27"
"A018310","삼목에스폼","12","0","KOSDAQ","-2.88","264.6","","272.44"
"A018470","조일알미늄","12","0","KOSPI","-4.02","107.88","","112.4"
"A018500","동원모빌리티","3","0","KOSPI","0","92.41","","92.41"
"A018620","우진비앤지","12","0","KOSDAQ","-2.62","67.89","","69.72"
"A018670","SK가스","12","0","KOSPI","-1.69","724.73","","737.16"
"A018680","서울제약","12","0","KOSDAQ","-6.94","119.23","","128.12"
"A018700","졸스","12","0","KOSDAQ","-0.45","38.29","","38.46"
"A018880","한온시스템","12","1","KOSPI","0.48","5578.21","","5551.52"
"A019010","베뉴지","12","0","KOSDAQ","-0.45","52.78","","53.02"
"A019170","신풍제약","12","0","KOSPI","0","321.95","","321.95"
"A019180","티에이치엔","12","0","KOSPI","-3.37","41.31","","42.75"
"A019210","와이지-원","12","0","KOSDAQ","-0.93","256.94","","259.34"
"A019490","엑시큐어하이트론","12","0","KOSPI","-1.96","41.43","","42.25"
"A019540","일지테크","12","0","KOSDAQ","-0.44","91.76","","92.16"
"A019550","SBI인베스트먼트","12","0","KOSDAQ","-1.83","95.62","","97.4"
"A019570","GMI벤처","12","0","KOSDAQ","6","62.06","","58.55"
"A019660","글로본","12","0","KOSDAQ","2.55","157.93","","154.01"
"A019680","대교","12","1","KOSPI","-0.43","786.04","","789.43"
"A019770","서연탑메탈","12","0","KOSDAQ","-1.2","43.22","","43.75"
"A019990","에너토크","12","0","KOSDAQ","0.76","36.29","","36.02"
"A020000","한섬","12","1","KOSPI","-0.7","1050.47","","1057.86"
"A020120","키다리스튜디오","12","0","KOSPI","0.16","51.06","","50.98"
"A020150","롯데에너지머티리얼즈","12","1","KOSPI","0.33","591.92","","589.96"
"A020180","대신정보통신","3","0","KOSDAQ","-1.14","66.48","","67.25"
"A020400","대동금속","12","0","KOSDAQ","-1.28","18.53","","18.77"
"A020560","아시아나항공","12","0","KOSPI","0.21","925.76","","923.8"
"A020710","시공테크","12","0","KOSDAQ","0.63","129.11","","128.31"
"A020760","일진디스플","12","0","KOSPI","-2.35","129.4","","132.51"
"A021040","대호특수강","12","0","KOSDAQ","0.75","67.15","","66.65"
"A021050","서원","12","0","KOSPI","-0.93","44.62","","45.04"
"A021080","에이티넘인베스트","12","0","KOSDAQ","-1.46","97.2","","98.64"
"A021240","코웨이","12","1","KOSPI","1.46","7511.96","","7403.98"
"A021320","KCC건설","12","0","KOSDAQ","0","193.67","","193.67"
"A021650","한국큐빅","12","0","KOSDAQ","-1.11","53.01","","53.6"
"A021820","세원정공","6","0","KOSPI","-0.25","200.5","","201"
"A021880","메이슨캐피탈","3","0","KOSDAQ","5.13","45.06","","33.5"
"A022100","포스코DX","12","0","KOSDAQ","-1.58","852.91","","866.6"
"A022220","티케이지애강","12","0","KOSDAQ","-0.22","118.87","","119.13"
"A023000","삼원강재","12","0","KOSPI","-0.56","141.2","","142"
"A023150","MH에탄올","12","0","KOSPI","0","58.81","","58.81"
"A023160","태광","12","0","KOSDAQ","-0.95","276.93","","279.58"
"A023350","한국종합기술","12","0","KOSPI","-2.71","62.96","","64.71"
"A023410","유진기업","12","0","KOSDAQ","-4.18","389.98","","407"
"A023440","제이스코홀딩스","12","0","KOSDAQ","0","41.23","","41.23"
"A023450","동남합성","12","0","KOSPI","-0.11","55.96","","56.03"
"A023530","롯데쇼핑","12","1","KOSPI","-1.14","8171.89","","8266.36"
"A023590","다우기술","12","0","KOSPI","-0.43","1034.18","","1038.66"
"A023600","삼보판지","12","0","KOSDAQ","-0.83","100.94","","101.78"
"A023760","한국캐피탈","12","0","KOSDAQ","-0.25","135.41","","135.75"
"A023770","플레이위드","12","0","KOSDAQ","1.64","35.66","","35.09"
"A023790","동일스틸럭스","12","0","KOSDAQ","-1.63","22.18","","22.55"
"A023800","인지컨트롤스","12","0","KOSPI","0.34","90.05","","89.75"
"A023810","인팩","12","0","KOSPI","-0.14","69.5","","69.6"
"A023900","풍국주정","12","0","KOSDAQ","1.42","90.3","","89.04"
"A023910","대한약품","12","0","KOSDAQ","0","163.8","","163.8"
"A023960","에쓰씨엔지니어링","12","0","KOSPI","0.11","46.2","","46.15"
"A024060","흥구석유","12","0","KOSDAQ","-1.9","50.33","","51.3"
"A024070","WISCOM","12","0","KOSPI","-0.33","69.12","","69.34"
"A024090","디씨엠","12","0","KOSPI","0.93","127.53","","126.36"
"A024110","기업은행","12","1","KOSPI","-1.7","6467.76","","6579.75"
"A024120","KB오토시스","12","0","KOSDAQ","0.17","67.73","","67.62"
"A024720","콜마홀딩스","12","0","KOSPI","2.47","902.77","","880.99"
"A024740","한일단조","12","0","KOSDAQ","-1.39","46.79","","47.45"
"A024800","유성티엔에스","12","0","KOSDAQ","-0.99","113.62","","114.75"
"A024830","세원물산","12","0","KOSDAQ","-0.78","74.57","","75.15"
"A024840","KBI메탈","12","0","KOSDAQ","-1.46","71.48","","72.54"
"A024850","HLB이노베이션","12","0","KOSDAQ","0.45","25.99","","25.87"
"A024880","케이피에프","12","0","KOSDAQ","0.81","65.05","","64.53"
"A024890","대원화성","12","0","KOSPI","-0.16","126.84","","127.05"
"A024900","디와이덕양","12","0","KOSPI","-0.52","62.85","","63.18"
"A024910","경창산업","12","0","KOSDAQ","-0.18","96.23","","96.4"
"A024940","PN풍년","12","0","KOSDAQ","-1.44","37.55","","38.1"
"A024950","삼천리자전거","12","0","KOSDAQ","0","304.63","","304.63"
"A025000","KPX케미칼","12","0","KOSPI","0.19","252.16","","251.68"
"A025320","시노펙스","12","0","KOSDAQ","21.43","136.71","","112.58"
"A025440","DH오토웨어","12","0","KOSDAQ","-0.44","62.36","","62.64"
"A025530","SJM홀딩스","12","0","KOSPI","0","85.12","","85.12"
"A025540","한국단자","12","1","KOSPI","0.23","901.94","","899.86"
"A025550","한국선재","12","0","KOSDAQ","-3.08","80.92","","83.5"
"A025560","미래산업","12","0","KOSPI","-0.22","223.45","","223.95"
"A025620","차AI헬스케어","12","0","KOSPI","0","40.82","","40.82"
"A025750","한솔홈데코","12","0","KOSPI","-2.13","122.54","","125.21"
"A025770","한국정보통신","12","0","KOSDAQ","0.89","440.52","","436.64"
"A025820","이구산업","12","0","KOSPI","-0.37","45.15","","45.31"
"A025860","남해화학","12","1","KOSPI","-1.35","473.44","","479.9"
"A025870","신라에스지","12","0","KOSDAQ","-0.15","26.2","","26.24"
"A025880","케이씨피드","12","0","KOSDAQ","-0.99","37.27","","37.64"
"A025890","한국주강","12","0","KOSPI","18.76","40.09","","33.76"
"A025900","동화기업","12","0","KOSDAQ","-1.11","577.86","","584.32"
"A025950","동신건설","12","0","KOSDAQ","-0.57","44.18","","44.44"
"A025980","아난티","12","0","KOSDAQ","-2.76","610","","627.29"
"A026040","제이에스티나","12","0","KOSDAQ","5.38","226.1","","214.55"
"A026150","특수건설","12","0","KOSDAQ","-5.41","40.18","","42.48"
"A026890","스틱인베스트먼트","12","0","KOSPI","3.25","198.8","","192.55"
"A026910","광진실업","12","0","KOSDAQ","-0.59","27.06","","27.22"
"A026940","부국철강","12","0","KOSPI","-1.07","55.7","","56.3"
"A026960","동서","12","0","KOSDAQ","0.92","3270.16","","3240.25"
"A027040","서울전자통신","12","0","KOSDAQ","1.16","79.31","","78.4"
"A027050","코리아나","12","0","KOSDAQ","-1.58","348.8","","354.4"
"A027360","아주IB투자","12","0","외감","","","",""
"A027410","BGF","12","0","KOSPI","0.26","4707.05","","4694.67"
"A027580","상보","12","0","KOSDAQ","-4.14","115.38","","120.36"
"A027710","팜스토리","12","0","KOSDAQ","-4.1","121.91","","127.13"
"A027740","마니커","12","0","KOSPI","-0.5","83.79","","84.21"
"A027830","대성창투","12","0","KOSDAQ","-1.54","76.8","","78"
"A027970","한국제지","12","0","KOSPI","-1.71","28.24","","28.74"
"A028050","삼성E&A","12","1","KOSPI","-2.41","2381.4","","2440.2"
"A028080","휴맥스홀딩스","12","0","KOSDAQ","-0.14","92.7","","92.82"
"A028100","동아지질","12","0","KOSPI","-1.67","94.53","","96.14"
"A028260","삼성물산","12","1","KOSPI","0.39","24375.17","","24280.33"
"A028300","HLB","12","0","KOSDAQ","4.86","654.62","","624.3"
"A028670","팬오션","12","0","KOSPI","-2.15","2057.45","","2102.64"
"A029460","케이씨","12","0","KOSPI","-5.36","500.9","","529.29"
"A029480","광무","12","0","KOSDAQ","3.99","52.89","","50.86"
"A029530","신도리코","12","1","KOSPI","-1.9","469.23","","478.3"
"A029780","삼성카드","12","1","KOSPI","-0.9","4466.36","","4506.91"
"A030000","제일기획","12","1","KOSPI","-1.18","1932.69","","1955.7"
"A030190","NICE평가정보","12","0","KOSDAQ","-2.32","511.83","","523.97"
"A030200","KT","12","1","KOSPI","0","8264.19","","8264.19"
"A030210","다올투자증권","12","0","KOSPI","-1.66","160.44","","163.15"
"A030350","드래곤플라이","12","0","KOSDAQ","29.87","126.71","","97.57"
"A030520","한컴","12","0","KOSDAQ","0.23","500.88","","499.73"
"A030530","원익홀딩스","12","0","KOSDAQ","-8.16","282.44","","307.54"
"A030610","교보증권","12","0","KOSPI","-2.88","363.6","","374.4"
"A030720","동원수산","12","0","KOSPI","-3.77","41.41","","43.03"
"A030960","양지사","6","0","KOSDAQ","-0.75","127.36","","128.32"
"A031210","서울보증보험","12","0","외감","","","",""
"A031310","아이즈비전","12","0","KOSDAQ","1.1","57.73","","57.1"
"A031330","에스에이엠티","12","0","KOSDAQ","-0.73","163.59","","164.79"
"A031430","신세계인터내셔날","12","0","KOSPI","0.9","561.2","","556.21"
"A031440","신세계푸드","12","0","KOSPI","0.35","561.51","","559.57"
"A031510","오스템","12","0","KOSDAQ","-0.92","69.94","","70.59"
"A031820","아이티센씨티에스","12","0","KOSPI","-2.2","56.7","","57.97"
"A031860","디에이치엑스컴퍼니","12","0","KOSDAQ","-0.42","187.15","","187.93"
"A031980","피에스케이홀딩스","12","0","KOSDAQ","-0.99","203.32","","205.35"
"A032080","아즈텍WB","12","0","KOSDAQ","1.23","63.37","","61.84"
"A032190","다우데이타","12","0","KOSDAQ","0.37","487.31","","485.52"
"A032280","삼일","12","0","KOSDAQ","-3.2","41.67","","43.05"
"A032300","한국파마","12","0","외감","","","",""
"A032350","롯데관광개발","12","0","KOSPI","0","400.99","","400.99"
"A032500","케이엠더블유","12","0","KOSDAQ","-1.97","160.2","","163.42"
"A032540","TJ미디어","12","0","KOSDAQ","-1.14","54.4","","55.03"
"A032560","황금에스티","12","0","KOSPI","-1.57","96.46","","98"
"A032580","피델릭스","12","0","KOSDAQ","-1.13","63.04","","63.76"
"A032620","GC메디아이","12","0","KOSDAQ","-2.53","162.96","","167.19"
"A032640","LG유플러스","12","1","KOSPI","-2.64","4824.56","","4955.54"
"A032680","소프트센","12","0","KOSDAQ","0.63","49.25","","48.94"
"A032750","삼진","12","0","KOSDAQ","-2.56","52.44","","53.82"
"A032790","엠젠솔루션","12","0","KOSDAQ","-7.67","176.96","","191.66"
"A032800","판타지오","6","0","KOSDAQ","-1.37","88.73","","89.96"
"A032820","우리기술","12","0","KOSDAQ","0","53.64","","53.64"
"A032830","삼성생명","12","1","KOSPI","0","21600","","21600"
"A032850","비트컴퓨터","12","0","KOSDAQ","-1.16","127.33","","128.83"
"A032860","더라미","12","0","KOSDAQ","0","88.25","","88.25"
"A032940","원익","12","0","KOSDAQ","-5.94","82","","87.18"
"A032960","동일기연","12","0","KOSDAQ","-1.82","77.98","","79.43"
"A032980","바이온","12","0","KOSDAQ","-4.57","45.46","","47.64"
"A033050","제이엠아이","12","0","KOSDAQ","-2.68","41.38","","42.52"
"A033100","제룡전기","12","0","KOSDAQ","0","49.71","","49.71"
"A033130","디지틀조선","12","0","KOSDAQ","-4.29","128.42","","134.17"
"A033160","엠케이전자","12","0","KOSDAQ","-0.78","194.96","","196.49"
"A033170","시그네틱스","12","0","KOSDAQ","-1.18","143.59","","145.31"
"A033200","모아텍","3","0","KOSDAQ","1.81","44.36","","43.57"
"A033230","인성정보","12","0","KOSDAQ","-5.49","90.6","","95.86"
"A033240","자화전자","12","0","KOSPI","1.87","243.44","","238.97"
"A033250","체시스","12","0","KOSPI","-5.64","44.16","","46.8"
"A033270","유나이티드제약","12","0","KOSPI","2.05","323.34","","316.85"
"A033290","로젠","12","0","KOSDAQ","-1.49","337.82","","342.94"
"A033310","엠투엔","12","0","KOSDAQ","1.22","63.72","","62.95"
"A033320","제이씨현시스템","12","0","KOSDAQ","-1.69","111.25","","113.16"
"A033340","좋은사람들","12","0","KOSDAQ","-2.87","62.6","","64.45"
"A033500","동성화인텍","12","0","KOSDAQ","-1.23","152.19","","154.08"
"A033530","SJG세종","12","1","KOSPI","-2.68","189.11","","194.33"
"A033540","파라텍","12","0","KOSDAQ","-0.34","65.94","","66.16"
"A033560","블루콤","12","0","KOSDAQ","7.09","261.12","","243.84"
"A033640","네패스","12","0","KOSDAQ","-1.03","167.18","","168.93"
"A033780","KT&G","12","1","KOSPI","1.63","17161.56","","16886.98"
"A033790","피노","12","0","KOSDAQ","1.22","33.15","","32.75"
"A033830","티비씨","12","0","KOSDAQ","0.67","74.8","","74.3"
"A033920","무학","12","1","KOSPI","-1.1","900.6","","910.58"
"A034020","두산에너빌리티","12","1","KOSPI","-5.45","2579.65","","2728.27"
"A034120","SBS","12","1","KOSPI","1.04","532.06","","526.59"
"A034220","LG디스플레이","12","1","KOSPI","-0.61","8677.03","","8730.7"
"A034230","파라다이스","12","0","KOSDAQ","4.83","1677.89","","1600.59"
"A034310","NICE","12","0","KOSPI","2.25","774.69","","757.65"
"A034590","인천도시가스","12","0","KOSPI","-0.17","130.59","","130.81"
"A034730","SK","12","1","KOSPI","-1.37","15197.82","","15408.91"
"A034810","해성산업","12","0","KOSDAQ","-5.18","178.97","","188.75"
"A034830","한국토지신탁","12","0","KOSDAQ","1.29","891.29","","879.92"
"A034940","조아제약","12","0","KOSDAQ","1.23","186","","183.73"
"A034950","한국기업평가","12","0","KOSDAQ","0.81","196.83","","195.24"
"A035000","HS애드","12","0","KOSPI","-0.77","149.6","","150.76"
"A035080","그래디언트","12","0","KOSDAQ","1.7","529.82","","520.97"
"A035150","백산","12","0","KOSPI","1.07","159.72","","158.03"
"A035200","프럼파스트","12","0","KOSDAQ","-1.8","30.01","","30.56"
"A035250","강원랜드","12","1","KOSPI","1.89","9210.14","","9038.99"
"A035290","골드앤에스","12","0","KOSDAQ","0","84.14","","84.14"
"A035420","NAVER","12","1","KOSPI","0.59","22414.62","","22282.77"
"A035460","기산텔레콤","12","0","KOSDAQ","2.5","50.87","","49.64"
"A035510","신세계 I&C","12","0","KOSPI","-0.44","154.11","","154.8"
"A035600","KG이니시스","12","0","KOSDAQ","-4.13","431.93","","450.53"
"A035610","솔본","12","0","KOSDAQ","-1.87","172.01","","175.29"
"A035620","바른손이앤에이","12","0","KOSDAQ","2.06","180.35","","176.7"
"A035720","카카오","12","0","KOSDAQ","0.2","6743.92","","6730.43"
"A035760","CJ ENM","12","0","KOSDAQ","-0.2","1218.24","","1220.73"
"A035810","이지홀딩스","12","0","KOSDAQ","-1.14","321.74","","325.45"
"A035890","서희건설","12","0","KOSDAQ","-4.03","190.33","","198.32"
"A035900","JYP Ent.","12","0","KOSDAQ","-1.69","168","","170.9"
"A036000","예림당","12","0","KOSDAQ","-2.11","101.35","","103.54"
"A036010","아비코전자","12","0","KOSDAQ","-2.14","83.24","","85.07"
"A036030","케이티알파","12","0","KOSDAQ","-0.24","297.86","","298.58"
"A036090","위지트","12","0","KOSDAQ","0.97","100.72","","99.75"
"A036120","서울평가정보","12","0","KOSDAQ","-5.14","49.17","","51.83"
"A036170","에이치엠넥스","12","0","KOSDAQ","-1.3","91.57","","92.77"
"A036190","금화피에스시","12","0","KOSDAQ","-0.52","231.6","","232.8"
"A036200","유니셈","12","0","KOSDAQ","1.72","233.41","","229.47"
"A036220","오상헬스케어","12","0","KOSDAQ","12.9","37.43","","33.15"
"A036420","콘텐트리중앙","12","0","KOSDAQ","-1.39","487.07","","493.92"
"A036460","한국가스공사","12","1","KOSPI","-2.81","3826.37","","3937.15"
"A036480","대성미생물","12","0","KOSDAQ","-0.14","52.36","","52.44"
"A036530","SNT홀딩스","12","0","KOSPI","0","369.63","","369.63"
"A036540","SFA반도체","12","0","KOSDAQ","1.58","330.66","","325.51"
"A036560","KZ정밀","12","0","KOSDAQ","-1.87","140.33","","143.01"
"A036570","NC","12","1","KOSPI","0.65","5131.39","","5098.5"
"A036580","팜스코","12","1","KOSPI","-1.16","470.12","","475.63"
"A036620","감성코퍼레이션","12","0","KOSDAQ","-0.28","26.39","","26.46"
"A036630","세종텔레콤","12","0","KOSDAQ","2.47","373.91","","364.9"
"A036640","HRS","12","0","KOSDAQ","0","61.25","","61.25"
"A036670","삼양케이씨아이","12","0","KOSDAQ","2.46","117.21","","114.39"
"A036690","코맥스","12","0","KOSDAQ","0.71","78.01","","77.46"
"A036710","심텍홀딩스","12","0","KOSDAQ","-0.88","98.41","","99.28"
"A036800","나이스정보통신","12","0","KOSDAQ","-0.88","337.5","","340.5"
"A036810","에프에스티","12","0","KOSDAQ","-3.44","71.39","","73.93"
"A036830","솔브레인홀딩스","12","0","KOSDAQ","-0.12","706.42","","707.25"
"A036890","진성티이씨","12","0","KOSDAQ","-1.97","137.43","","140.19"
"A036930","주성엔지니어링","12","0","KOSDAQ","-2.81","367.18","","377.79"
"A037030","파워넷","12","0","K-OTC","0","9.11","","9.11"
"A037070","파세코","12","0","KOSDAQ","0.97","68.64","","67.98"
"A037230","한국팩키지","12","0","KOSDAQ","-1.6","38.5","","39.13"
"A037270","YG PLUS","12","0","KOSPI","-0.98","173.68","","175.41"
"A037330","인지디스플레","12","0","KOSDAQ","6.07","84.02","","79.22"
"A037350","성도이엔지","12","0","KOSDAQ","-0.64","71.09","","71.55"
"A037370","EG","12","0","KOSDAQ","0","77.63","","77.63"
"A037400","우리엔터프라이즈","12","0","KOSDAQ","-1.4","70.16","","71.16"
"A037440","희림","12","0","KOSDAQ","-14.2","80.75","","94.12"
"A037460","삼지전자","12","0","KOSDAQ","0.49","85.02","","84.6"
"A037560","LG헬로비전","12","0","KOSPI","-1.9","999.06","","1018.43"
"A037710","광주신세계","12","0","KOSPI","-1.34","412.8","","418.4"
"A037760","쎄니트","12","0","KOSDAQ","1","81.77","","80.96"
"A037950","엘컴텍","12","0","KOSDAQ","1.99","169.47","","166.16"
"A038010","제일테크노스","12","0","KOSDAQ","-1.97","33.52","","34.2"
"A038060","루멘스","12","0","KOSDAQ","-0.6","197.38","","198.56"
"A038070","서린바이오","12","0","KOSDAQ","-1.7","86.59","","88.09"
"A038110","에코플라스틱","12","0","KOSDAQ","-1.63","75.47","","76.71"
"A038290","마크로젠","12","0","KOSDAQ","-0.57","312.56","","314.34"
"A038390","레드캡투어","12","0","KOSDAQ","-0.82","155.9","","157.19"
"A038460","바이오스마트","12","0","KOSDAQ","-6.29","126.67","","135.17"
"A038500","삼표시멘트","12","0","KOSDAQ","-1.45","509.95","","517.46"
"A038530","케이바이오랩스","12","0","KOSDAQ","9.76","46.87","","42.7"
"A038540","상상인","12","0","KOSDAQ","0","215.24","","215.24"
"A038620","위즈코프","12","0","KOSDAQ","-1.25","62.15","","62.94"
"A038680","에스넷","12","0","KOSDAQ","-0.71","111.72","","112.53"
"A038870","에코심플렉스","12","0","KOSDAQ","0","204.2","","204.2"
"A038880","아이에이","12","0","KOSDAQ","-4.86","186.99","","196.55"
"A038950","파인디지털","12","0","KOSDAQ","-0.36","56.56","","56.76"
"A039010","현대에이치티","12","0","KOSDAQ","0.69","75.64","","75.12"
"A039020","이건홀딩스","12","0","KOSDAQ","0.26","54.23","","54.08"
"A039030","이오테크닉스","12","0","KOSDAQ","0.78","1436.83","","1425.78"
"A039130","하나투어","12","0","KOSPI","2.07","1086.11","","1064.04"
"A039200","오스코텍","12","0","KOSDAQ","-1.83","230.07","","234.36"
"A039240","경남스틸","12","0","KOSDAQ","-1.79","55","","56"
"A039290","인포뱅크","12","0","KOSDAQ","-2.34","65.2","","66.77"
"A039310","세중","12","0","KOSDAQ","-2.09","72.12","","73.66"
"A039340","한국경제TV","12","0","KOSDAQ","-1.3","87.63","","88.78"
"A039420","케이엘넷","12","0","KOSDAQ","-0.15","80.07","","80.19"
"A039440","에스티아이","12","0","KOSDAQ","-1.51","114.96","","116.73"
"A039490","키움증권","12","0","KOSPI","-1.87","1509.41","","1538.14"
"A039560","다산네트웍스","12","0","KOSDAQ","-5.39","143.53","","151.71"
"A039570","HDC랩스","12","0","KOSPI","0.98","297.51","","294.63"
"A039610","화성밸브","12","0","KOSDAQ","-0.9","48.34","","48.78"
"A039740","한국정보공학","12","0","KOSDAQ","1.38","59.02","","58.21"
"A039830","오로라","12","0","KOSDAQ","-0.41","129.69","","130.23"
"A039840","디오","12","0","KOSDAQ","-3.99","766.16","","798.02"
"A039860","나노엔텍","12","0","KOSDAQ","0.63","156.25","","155.28"
"A039980","폴라리스AI","12","0","KOSDAQ","-2.73","121.67","","125.09"
"A040160","누리플렉스","12","0","KOSDAQ","-4.02","129.6","","135.02"
"A040300","YTN","12","0","KOSDAQ","-0.5","124.53","","125.16"
"A040350","크레오에스지","12","0","KOSDAQ","5.59","325.14","","307.93"
"A040420","정상제이엘에스","12","0","KOSDAQ","-0.31","100.34","","100.65"
"A040610","SG&G","12","0","KOSDAQ","0.15","116.92","","116.75"
"A040910","아이씨디","12","0","KOSDAQ","0.74","224.55","","222.91"
"A041020","폴라리스오피스","12","0","KOSDAQ","1.4","94.58","","93.28"
"A041190","우리기술투자","12","0","KOSDAQ","-4.72","45.78","","48.05"
"A041440","현대에버다임","12","0","KOSDAQ","0.62","175.04","","173.96"
"A041460","한국전자인증","12","0","KOSDAQ","0","181.33","","181.33"
"A041510","에스엠","12","0","KOSDAQ","-1.35","873.49","","885.46"
"A041520","이엘씨","12","0","KOSDAQ","-1.89","157.84","","160.89"
"A041590","플래스크","12","0","KOSDAQ","1.74","171.4","","168.47"
"A041650","상신브레이크","12","0","KOSPI","-3.35","167.48","","173.27"
"A041830","인바디","12","0","KOSDAQ","1.82","649.98","","638.35"
"A041910","폴라리스AI파마","12","0","KOSDAQ","1.35","256.93","","253.52"
"A041920","메디아나","12","0","KOSDAQ","-1.44","177.77","","180.36"
"A041930","SY동아","12","0","KOSDAQ","-1.18","79.16","","80.11"
"A041960","코미팜","12","0","KOSDAQ","-1.85","2167.34","","2208.18"
"A042000","카페24","12","0","K-OTC","0","67.5","","67.5"
"A042040","케이피엠테크","12","0","KOSDAQ","0.79","40.86","","40.54"
"A042110","에스씨디","12","0","KOSDAQ","-0.45","105.84","","106.33"
"A042370","비츠로테크","12","0","KOSDAQ","-0.39","69.16","","69.43"
"A042420","네오위즈홀딩스","12","0","KOSDAQ","-1.02","133.23","","134.61"
"A042500","링네트","12","0","KOSDAQ","-2.07","69","","70.45"
"A042510","라온시큐어","12","0","KOSDAQ","0.95","118.33","","117.22"
"A042520","한스바이오메드","9","0","KOSDAQ","-3.18","195.19","","201.59"
"A042600","새로닉스","12","0","KOSDAQ","3.92","51","","49.07"
"A042660","한화오션","12","1","KOSPI","-5.56","1394.42","","1476.44"
"A042700","한미반도체","12","1","KOSPI","-2.1","415.83","","424.73"
"A042940","상지건설","12","0","KOSDAQ","-3.95","21.94","","22.84"
"A043090","더테크놀로지","12","0","KOSDAQ","-0.78","100.7","","101.5"
"A043100","알파AI","12","0","KOSDAQ","-2.33","120.97","","123.86"
"A043150","바텍","12","0","KOSDAQ","-1.97","591.94","","603.83"
"A043200","파루","12","0","KOSDAQ","0.11","77.43","","77.34"
"A043220","티에스넥스젠","12","0","KOSDAQ","0","91.72","","91.72"
"A043260","성호전자","12","0","KOSDAQ","-0.62","28.18","","28.36"
"A043340","에쎈테크","12","0","KOSDAQ","1.44","65.81","","64.87"
"A043360","디지아이","12","0","KOSDAQ","3.05","36.45","","35.37"
"A043370","피에이치에이","12","0","KOSDAQ","-1.14","273","","276.15"
"A043590","웰킵스하이텍","12","0","KOSDAQ","4.1","56.16","","53.95"
"A043610","KT지니뮤직","12","0","KOSDAQ","-0.46","179.59","","180.43"
"A043650","국순당","12","0","KOSDAQ","-0.15","122.51","","122.69"
"A043710","코스리거글로벌","12","0","KOSDAQ","0","223.8","","223.8"
"A043910","자연과환경","12","0","KOSDAQ","-0.57","34.58","","34.78"
"A044180","KD","12","0","KOSDAQ","7.58","34.61","","35.68"
"A044340","위닉스","12","0","KOSDAQ","0.77","213.48","","211.84"
"A044380","주연테크","12","0","KOSPI","0.47","36.68","","36.51"
"A044450","KSS해운","12","0","KOSPI","1.98","208.67","","204.62"
"A044480","빌리언스","12","0","KOSDAQ","3.31","107.5","","104.06"
"A044490","태웅","12","0","KOSDAQ","0.82","335.15","","332.43"
"A044780","에이치케이","12","0","KOSDAQ","1.12","41.6","","41.14"
"A044820","코스맥스비티아이","12","0","KOSPI","0.18","525.33","","524.37"
"A044960","이글벳","12","0","KOSDAQ","1.55","68.73","","67.68"
"A044990","에이치엔에스하이텍","12","0","KONEX","3.02","40.94","","39.73"
"A045060","오공","12","0","KOSDAQ","-2.32","58.3","","59.68"
"A045100","한양이엔지","12","0","KOSDAQ","0.38","240.3","","239.4"
"A045300","성우테크론","12","0","KOSDAQ","-0.17","24.12","","24.16"
"A045340","토탈소프트","12","0","KOSDAQ","-2.26","25.89","","26.49"
"A045390","대아티아이","12","0","KOSDAQ","-8.81","106.73","","117.04"
"A045510","정원엔시스","12","0","KOSDAQ","0.5","86.95","","86.52"
"A045520","크린앤사이언스","12","0","KOSDAQ","1.52","34.78","","34.26"
"A045660","에이텍","12","0","KOSDAQ","2.36","35.85","","35.02"
"A045970","코아시아","12","0","KOSDAQ","-0.49","108.29","","108.82"
"A046070","코다코","12","0","KOSDAQ","-1.52","113.61","","115.35"
"A046120","오르비텍","12","0","KOSDAQ","-0.18","67.08","","67.2"
"A046210","HLB파나진","12","0","KOSDAQ","-0.18","144.76","","145.02"
"A046310","백금T&A","12","0","KOSDAQ","-1.03","33.04","","33.38"
"A046390","삼화네트웍스","12","0","KOSDAQ","0","75.3","","75.3"
"A046440","KG파이낸셜","12","0","KOSDAQ","-3.52","255.79","","265.11"
"A046890","서울반도체","12","0","KOSDAQ","0.33","886.24","","883.33"
"A046940","우원개발","12","0","KOSDAQ","-4.37","68.86","","72.01"
"A046970","우리로","12","0","KOSDAQ","-1.93","51.7","","52.71"
"A047040","대우건설","12","1","KOSPI","-0.83","2497.89","","2518.67"
"A047050","포스코인터내셔널","12","1","KOSPI","-5.43","2579.3","","2727.34"
"A047080","한빛소프트","12","0","KOSDAQ","2.5","132.85","","129.61"
"A047310","파워로직스","12","0","KOSDAQ","-3.11","128.31","","132.42"
"A047400","유니온머티리얼","12","0","KOSPI","2.38","117.6","","114.87"
"A047560","이스트소프트","12","0","KOSDAQ","1.43","105.43","","103.94"
"A047770","코데즈컴바인","12","0","KOSDAQ","-6.7","2266.77","","2429.5"
"A047810","한국항공우주","12","1","KOSPI","-1.17","6560.07","","6638.05"
"A047820","초록뱀미디어","12","0","KOSDAQ","-0.14","171.68","","171.93"
"A047920","HLB제약","12","0","KOSDAQ","-3.76","77.42","","80.44"
"A048410","현대바이오","12","0","KOSDAQ","-0.52","174.52","","175.42"
"A048430","유라테크","12","0","KOSDAQ","0.12","95.27","","95.16"
"A048470","대동스틸","12","0","KOSDAQ","-3.46","32.1","","33.25"
"A048530","인트론바이오","12","0","KOSDAQ","-1.54","963.97","","979"
"A048550","SM C&C","12","0","KOSDAQ","-1.71","180.09","","183.22"
"A048770","TPC로보틱스","12","0","KOSDAQ","0.17","74.05","","73.92"
"A048830","엔피케이","12","0","KOSDAQ","-0.39","65.4","","65.65"
"A048870","시너지이노베이션","12","0","KOSDAQ","-16.23","710.16","","847.76"
"A048910","대원미디어","12","0","KOSDAQ","-2.3","127.71","","130.72"
"A049070","인탑스","12","0","KOSDAQ","-1.94","173.72","","177.16"
"A049080","기가레인","12","0","KOSDAQ","-0.57","123.05","","123.75"
"A049120","파인디앤씨","12","0","KOSDAQ","-2.55","31.93","","32.76"
"A049180","셀루메드","12","0","KOSDAQ","3.04","167.62","","162.68"
"A049430","코메론","12","0","KOSDAQ","-1.4","83.06","","84.24"
"A049470","비트플래닛","12","0","KOSDAQ","-7.96","113.3","","123.1"
"A049480","오픈베이스","12","0","KOSDAQ","1.63","117.83","","115.95"
"A049520","유아이엘","12","0","KOSDAQ","-0.85","133.29","","134.43"
"A049550","잉크테크","12","0","KOSDAQ","3.74","74.63","","71.94"
"A049630","재영솔루텍","12","0","KOSDAQ","1.04","77.11","","76.32"
"A049720","고려신용정보","12","0","KOSDAQ","-1.65","42.69","","43.4"
"A049800","우진플라임","12","0","KOSPI","-0.45","43.95","","44.15"
"A049830","승일","12","0","KOSDAQ","-2.26","79.72","","81.56"
"A049950","미래컴퍼니","12","0","KOSDAQ","-0.27","141.73","","142.11"
"A049960","쎌바이오텍","12","0","KOSDAQ","0.32","580.92","","579.04"
"A050090","비케이홀딩스","12","0","KOSDAQ","5.73","90.13","","85.25"
"A050110","캠시스","12","0","KOSDAQ","-1.48","167.67","","170.19"
"A050120","ES큐브","12","0","KOSDAQ","2.9","71.16","","69.15"
"A050760","에스폴리텍","12","0","KOSDAQ","0","34.22","","34.22"
"A050860","아세아텍","6","0","KOSDAQ","-3.41","59.41","","61.51"
"A050890","쏠리드","12","0","KOSDAQ","-0.65","99","","99.65"
"A050960","수산아이앤티","12","0","외감","","","",""
"A051160","지어소프트","12","0","KOSDAQ","0.9","20.54","","20.36"
"A051360","토비스","12","0","KOSDAQ","-0.21","158.64","","158.98"
"A051370","인터플렉스","12","0","KOSDAQ","-3.08","180.19","","185.92"
"A051380","피씨디렉트","12","0","KOSDAQ","0.1","33.76","","33.73"
"A051390","YW","12","0","KOSDAQ","0.66","43.55","","43.26"
"A051490","나라엠앤디","12","0","KOSDAQ","-1.14","67.88","","68.66"
"A051500","CJ프레시웨이","12","0","KOSDAQ","-2.09","666","","680.24"
"A051600","한전KPS","12","1","KOSPI","1.79","3325.5","","3267"
"A051630","진양화학","12","0","KOSPI","-2","47.16","","48.12"
"A051780","큐로홀딩스","12","0","KOSDAQ","0.75","95.49","","94.78"
"A051900","LG생활건강","12","1","KOSPI","0.78","16149.22","","16024.27"
"A051910","LG화학","12","1","KOSPI","-1.2","19119.21","","19351.16"
"A051980","중앙첨단소재","12","0","KOSDAQ","0.29","125.83","","125.46"
"A052020","에스티큐브","12","0","KOSDAQ","-0.99","206.22","","208.28"
"A052220","iMBC","12","0","KOSDAQ","-2.5","103.16","","105.8"
"A052260","현대바이오랜드","12","0","KOSDAQ","-5.94","332.25","","353.25"
"A052300","오션인더블유","12","0","KOSDAQ","11.63","79.55","","71.26"
"A052330","코텍","12","0","KOSDAQ","0.4","196.24","","195.46"
"A052400","코나아이","12","0","KOSDAQ","-0.49","317.41","","318.96"
"A052420","오성첨단소재","12","0","KOSDAQ","-6.41","121.23","","129.53"
"A052460","아이크래프트","12","0","KOSDAQ","-4","75.3","","78.45"
"A052600","한네트","12","0","KOSDAQ","-1.69","40.36","","41.05"
"A052690","한전기술","12","1","KOSPI","-5.05","1186.73","","1249.79"
"A052710","아모텍","12","0","KOSDAQ","1.04","190","","188.05"
"A052770","아이톡시","12","0","KOSDAQ","0.72","155.49","","154.38"
"A052790","액토즈소프트","12","0","KOSDAQ","1.08","265.7","","262.87"
"A052860","아이앤씨","12","0","KOSDAQ","0.88","41.66","","41.3"
"A052900","KX하이텍","12","0","KOSDAQ","-3.04","69.79","","71.98"
"A053030","바이넥스","12","0","KOSDAQ","-6.86","549.06","","589.51"
"A053050","지에스이","12","0","KOSDAQ","0","56.21","","56.21"
"A053060","세동","12","0","KOSDAQ","3.36","26.94","","26.06"
"A053080","케이엔솔","12","0","외감","","","",""
"A053160","프리엠스","12","0","KOSDAQ","-2.95","41.4","","42.66"
"A053210","스카이라이프","12","0","KOSPI","0.94","767.54","","760.37"
"A053260","금강철강","12","0","KOSDAQ","-0.92","80.87","","81.62"
"A053270","구영테크","12","0","KOSDAQ","9.53","46.62","","42.56"
"A053280","예스24","12","0","KOSDAQ","-0.37","138.98","","139.49"
"A053290","NE능률","12","0","KOSDAQ","0","51.28","","51.28"
"A053300","한국정보인증","12","0","KOSDAQ","0.64","252.93","","251.31"
"A053350","이니텍","12","0","KOSDAQ","2.68","166.64","","162.29"
"A053450","세코닉스","12","0","KOSDAQ","1.98","189.62","","185.94"
"A053580","웹케시","12","0","K-OTC","-3.21","76.3","","78.84"
"A053610","프로텍","12","0","KOSDAQ","3.92","88.2","","84.87"
"A053620","태양","12","0","KOSDAQ","-1.36","93.31","","94.6"
"A053690","한미글로벌","12","0","KOSPI","-1.25","128.64","","130.27"
"A053700","삼보모터스","12","0","KOSDAQ","-1.09","99.87","","100.96"
"A053800","안랩","12","0","KOSDAQ","1.54","661.92","","651.9"
"A053950","경남제약","12","0","KOSDAQ","-1.64","87.96","","89.42"
"A053980","오상자이엘","12","0","KOSDAQ","-2.42","179.25","","183.69"
"A054040","한국컴퓨터","12","0","KOSDAQ","-1.1","57.7","","58.34"
"A054050","NH농우바이오","12","0","KOSDAQ","-1.99","351.78","","358.93"
"A054090","삼진엘앤디","12","0","KOSDAQ","-1.59","85.05","","86.42"
"A054180","메디콕스","12","0","KOSDAQ","-2.14","59.9","","61.21"
"A054210","이랜텍","12","0","KOSDAQ","-3.44","120.13","","124.41"
"A054220","비츠로시스","12","0","KOSDAQ","-5.49","65.86","","69.68"
"A054300","팬스타엔터프라이즈","12","0","KOSDAQ","-3.31","51.71","","53.47"
"A054410","케이피티유","12","0","KOSDAQ","-0.92","43.41","","43.82"
"A054450","텔레칩스","12","0","KOSDAQ","1.36","103.01","","101.63"
"A054540","삼영엠텍","12","0","KOSDAQ","-0.59","45.92","","46.19"
"A054620","APS","12","0","KOSDAQ","1.86","490.43","","481.47"
"A054670","대한뉴팜","12","0","KOSDAQ","-1.89","223.22","","227.53"
"A054780","키이스트","12","0","KOSDAQ","-1.55","270.31","","274.57"
"A054800","아이디스홀딩스","12","0","KOSDAQ","0.62","167.63","","166.6"
"A054920","한컴위드","12","0","KOSDAQ","-2.21","49.67","","50.79"
"A054930","유신","12","0","KOSDAQ","-3.08","33","","34.05"
"A054940","엑사이엔씨","12","0","KOSDAQ","2.78","73.65","","71.65"
"A054950","제이브이엠","12","0","KOSDAQ","0.51","311.48","","309.9"
"A055490","테이팩스","12","0","외감","","","",""
"A055550","신한지주","12","1","KOSPI","-0.62","19062.82","","19181.37"
"A056080","유진로봇","12","0","KOSDAQ","-0.84","109.59","","110.52"
"A056090","시지메드텍","12","0","KOSDAQ","-0.44","174.28","","175.05"
"A056190","SFA","12","0","KOSDAQ","-2.54","964.15","","989.29"
"A056360","코위버","12","0","KOSDAQ","0","55.06","","55.06"
"A056700","신화인터텍","12","0","KOSDAQ","-1.15","125.43","","126.88"
"A056730","CNT85","12","0","KOSDAQ","-3.37","74.91","","77.53"
"A057030","YBM넷","12","0","KOSDAQ","0.23","72.27","","72.1"
"A057050","현대홈쇼핑","12","1","KOSPI","-4.09","1548","","1614"
"A057540","옴니시스템","12","0","KOSDAQ","-10.73","143.8","","161.09"
"A057680","티사이언티픽","12","0","KOSDAQ","-4.74","55.59","","58.36"
"A058110","멕아이씨에스","12","0","KOSDAQ","-4.56","41.55","","43.54"
"A058400","KNN","12","0","KOSDAQ","-1.73","128.06","","130.31"
"A058430","포스코스틸리온","12","0","KOSPI","-3.37","129","","133.5"
"A058450","한주에이알티","12","0","KOSDAQ","-3.46","109.05","","112.96"
"A058470","리노공업","12","0","KOSDAQ","0.57","673.71","","669.9"
"A058610","에스피지","12","0","KOSDAQ","-1.97","96.77","","98.71"
"A058630","엠게임","12","0","KOSDAQ","1.89","102.8","","100.89"
"A058650","세아홀딩스","12","0","KOSPI","-1.44","548","","556"
"A058730","다스코","12","0","KOSPI","-1.56","60.62","","61.58"
"A058820","CMG제약","12","0","KOSDAQ","-1.71","458.22","","466.2"
"A058850","KTcs","12","0","KOSPI","-0.49","131.26","","131.9"
"A058860","KTis","12","0","KOSPI","0","164.27","","164.27"
"A058970","엠로","12","0","KONEX","0","24.36","","24.36"
"A059090","미코","12","0","KOSDAQ","0.82","84.5","","83.82"
"A059100","아이컴포넌트","12","0","KOSDAQ","-2.16","122.91","","125.37"
"A059120","아진엑스텍","12","0","KOSDAQ","-0.14","40.31","","40.37"
"A059210","메타바이오메드","12","0","KOSDAQ","-1.42","121.84","","123.59"
"A059270","해성에어로보틱스","12","0","외감","","","",""
"A060150","인선이엔티","12","0","KOSDAQ","1.68","226.93","","223.18"
"A060230","제이케이시냅스","12","0","KOSDAQ","0","34.93","","34.93"
"A060240","스타코링크","12","0","KOSDAQ","4.41","194.68","","186.46"
"A060250","NHN KCP","12","0","KOSDAQ","-1.89","422.94","","431.07"
"A060260","뉴보텍","12","0","KOSDAQ","-2.35","81.72","","83.69"
"A060280","큐렉소","12","0","KOSDAQ","-3.01","173.86","","179.25"
"A060310","3S","3","0","KOSDAQ","-4.97","170.37","","179.27"
"A060370","LS마린솔루션","12","0","KOSDAQ","-0.71","122.64","","123.52"
"A060380","동양에스텍","12","0","KOSDAQ","-0.49","30.65","","30.8"
"A060480","국일신동","12","0","KOSDAQ","1.47","26.84","","26.45"
"A060540","에스에이티","12","0","KOSDAQ","-1.54","41.37","","42.02"
"A060560","HC홈센타","12","0","KOSDAQ","-1.26","74.64","","75.59"
"A060570","드림어스컴퍼니","12","0","KOSDAQ","-2.09","146","","149.11"
"A060590","씨티씨바이오","12","0","KOSDAQ","0.31","277.93","","277.06"
"A060720","KH바텍","12","0","KOSDAQ","-1.16","340","","344"
"A060850","영림원소프트랩","12","0","외감","","","",""
"A060900","에이전트AI","12","0","KOSDAQ","0","42.21","","42.21"
"A060980","HL홀딩스","12","1","KOSPI","0.87","627.64","","622.24"
"A061040","알에프텍","12","0","KOSDAQ","2.05","88.52","","86.74"
"A061090","세나테크놀로지","12","0","외감","","","",""
"A061250","화일약품","12","0","KOSDAQ","-0.55","104.05","","104.62"
"A061970","LB세미콘","12","0","KOSDAQ","-1.13","133.76","","135.29"
"A062040","산일전기","12","0","외감","","","",""
"A062970","한국첨단소재","12","0","외감","","","",""
"A063080","컴투스홀딩스","12","0","KOSDAQ","5.82","592.88","","560.27"
"A063160","종근당바이오","12","0","KOSPI","4.28","159.24","","152.7"
"A063170","서울옥션","12","0","KOSDAQ","1.06","321.43","","318.05"
"A063440","SM Life Design","12","0","KOSDAQ","-8.4","70.48","","76.94"
"A063570","NICE인프라","12","0","KOSDAQ","-1.47","174.82","","177.42"
"A063760","이엘피","12","0","KONEX","1.83","35.43","","34.79"
"A064090","인크레더블버즈","12","0","KOSDAQ","0.82","89.54","","88.82"
"A064240","홈캐스트","12","0","KOSDAQ","5.87","281.16","","265.58"
"A064260","다날","12","0","KOSDAQ","-2.35","153.05","","156.74"
"A064290","인텍플러스","12","0","KOSDAQ","3.52","31.4","","30.33"
"A064350","현대로템","12","1","KOSPI","-3.86","1483.25","","1542.75"
"A064400","LG씨엔에스","12","0","외감","","","",""
"A064480","브리지텍","12","0","KOSDAQ","-0.93","76.02","","76.74"
"A064520","테크엘","12","0","KOSDAQ","-2.07","183.52","","187.4"
"A064550","바이오니아","12","0","KOSDAQ","-2.21","204.01","","208.61"
"A064760","티씨케이","12","0","KOSDAQ","-0.57","507.86","","510.78"
"A064800","포니링크","12","0","KOSDAQ","0","178.59","","178.59"
"A064820","케이프","12","0","KOSDAQ","-1.64","44.45","","45.19"
"A064850","에프앤가이드","12","0","KONEX","0","21.87","","21.87"
"A064960","SNT모티브","12","1","KOSPI","-0.15","934.78","","936.22"
"A065060","지엔코","12","0","KOSDAQ","1.08","112.11","","103.39"
"A065130","탑엔지니어링","12","0","KOSDAQ","-1.79","96.66","","98.41"
"A065150","대산F&B","12","0","KOSDAQ","0.6","202.43","","201.21"
"A065170","비엘팜텍","12","0","KOSDAQ","-3.18","109.96","","113.57"
"A065350","신성델타테크","12","0","KOSDAQ","-0.52","78.54","","78.95"
"A065370","위세아이텍","12","0","외감","","","",""
"A065420","에스아이리소스","12","0","KOSDAQ","-2.37","92.58","","94.83"
"A065440","이루온","12","0","KOSDAQ","2.16","28.74","","28.13"
"A065450","빅텍","12","0","KOSDAQ","-4.7","76.93","","80.73"
"A065500","오리엔트정공","12","0","KOSDAQ","-2.29","23.58","","24.14"
"A065510","휴비츠","12","0","KOSDAQ","-2.53","206.12","","211.47"
"A065530","와이어블","12","0","KOSDAQ","-0.65","80.35","","80.88"
"A065570","삼영이엔씨","12","0","KOSDAQ","-0.37","71.46","","71.72"
"A065650","하이퍼코퍼레이션","12","0","KOSDAQ","-2.7","110.96","","109.8"
"A065660","안트로젠","12","0","KOSDAQ","-3.21","213.45","","220.54"
"A065680","우주일렉트로","12","0","KOSDAQ","-2.9","149.51","","153.98"
"A065690","파커스","12","0","KOSDAQ","-0.88","56.36","","56.86"
"A065710","서호전기","12","0","KOSDAQ","-2.12","59.48","","60.77"
"A065770","CS","12","0","KOSDAQ","0.59","20.4","","20.28"
"A065950","웰크론","12","0","KOSDAQ","0.12","107.19","","107.06"
"A066130","하츠","12","0","KOSDAQ","-0.15","82.82","","82.94"
"A066310","큐에스아이","12","0","KOSDAQ","-1.8","63.08","","64.24"
"A066360","체리부로","12","0","외감","","","",""
"A066410","버킷스튜디오","12","0","KOSDAQ","0.97","127.97","","126.73"
"A066430","아이로보틱스","12","0","KOSDAQ","-29.82","33.8","","48.17"
"A066570","LG전자","12","1","KOSPI","0.34","9737.04","","9704.32"
"A066590","스모트로닉","12","0","KOSDAQ","-0.76","66.19","","66.7"
"A066620","국보디자인","12","0","KOSDAQ","-2.59","155.25","","159.38"
"A066670","디티씨","12","0","KOSDAQ","-2.54","78.97","","81.03"
"A066700","테라젠이텍스","12","0","KOSDAQ","-2.31","188.72","","193.18"
"A066790","씨씨에스","12","0","KOSDAQ","-0.23","175.29","","175.69"
"A066900","디에이피","12","0","KOSDAQ","0","99.85","","99.85"
"A066910","손오공","12","0","KOSDAQ","-3.87","141.45","","147.14"
"A066970","엘앤에프","12","0","KOSDAQ","0.22","188.85","","188.43"
"A066980","한성크린텍","12","0","KOSDAQ","-1.21","101.43","","102.67"
"A067000","조이시티","12","0","KOSDAQ","-0.52","339.52","","341.28"
"A067010","이씨에스","3","0","KOSDAQ","-0.66","45.38","","45.68"
"A067080","대화제약","12","0","KOSDAQ","-1.4","643.34","","652.45"
"A067160","SOOP","12","0","KOSDAQ","0.69","302.73","","300.66"
"A067170","오텍","12","0","KOSDAQ","-2.03","71.65","","73.14"
"A067280","멀티캠퍼스","12","0","KOSDAQ","-1.17","251.3","","254.26"
"A067290","JW신약","12","0","KOSDAQ","-3.05","359.99","","371.32"
"A067310","하나마이크론","12","0","KOSDAQ","2.29","119.68","","117"
"A067370","선바이오","12","0","KONEX","-4.87","186.68","","196.25"
"A067390","아스트","12","0","KOSDAQ","0","244.91","","244.91"
"A067570","엔브이에이치코리아","12","0","KOSDAQ","-0.14","104.26","","104.41"
"A067630","HLB생명과학","12","0","KOSDAQ","2.46","98.6","","96.23"
"A067730","로지시스","12","0","KOSDAQ","0.96","49.13","","48.67"
"A067770","세진티에스","12","0","KOSDAQ","0","32.75","","32.75"
"A067830","세이브존I&C","12","0","KOSPI","-0.35","234.75","","235.57"
"A067900","와이엔텍","12","0","KOSDAQ","0","51.78","","51.78"
"A067920","이글루","12","0","KOSDAQ","0.58","44.24","","43.98"
"A067990","도이치모터스","12","0","KOSDAQ","1.2","110.31","","108.99"
"A068050","팬엔터테인먼트","12","0","KOSDAQ","-2.56","58.79","","60.33"
"A068100","케이웨더","12","0","외감","","","",""
"A068240","다원시스","12","0","KOSDAQ","1.64","443.51","","436.34"
"A068270","셀트리온","12","0","KOSDAQ","-0.7","11514.85","","11596.35"
"A068290","삼성출판사","12","0","KOSPI","-1.12","133","","134.5"
"A068330","일신바이오","12","0","KOSDAQ","0.87","102.36","","101.48"
"A068760","셀트리온제약","12","0","KOSDAQ","-1.88","550.04","","559.78"
"A068790","DMS","12","0","KOSDAQ","-1.62","203.8","","207.15"
"A068930","디지털대성","12","0","KOSDAQ","-0.49","67.68","","68.01"
"A068940","셀피글로벌","12","0","KOSDAQ","1.41","62.98","","62.11"
"A069080","웹젠","12","0","KOSDAQ","6.17","881.01","","829.81"
"A069140","누리플랜","12","0","KOSDAQ","0.95","24.02","","23.79"
"A069260","TKG휴켐스","12","1","KOSPI","-0.51","803.26","","807.35"
"A069330","유아이디","12","0","KOSDAQ","-0.15","40.12","","40.18"
"A069410","엔텔스","12","0","KOSDAQ","-1.33","102.45","","103.83"
"A069460","대호에이엘","12","0","KOSPI","-11.11","48.84","","54.95"
"A069510","에스텍","12","0","KOSDAQ","-0.21","104.41","","104.63"
"A069540","빛과전자","12","0","KOSDAQ","-3.36","41.81","","43.27"
"A069620","대웅제약","12","1","KOSPI","0.11","1018.46","","1017.3"
"A069640","한세엠케이","12","0","KOSPI","-2.93","230.85","","237.81"
"A069730","DSR제강","12","0","KOSPI","0","57.6","","57.6"
"A069920","엑시온그룹","12","0","KOSDAQ","-0.5","152.83","","153.59"
"A069960","현대백화점","12","1","KOSPI","1.75","3393.35","","3334.85"
"A070300","엑스큐어","12","0","KOSDAQ","0.28","44.89","","44.77"
"A070590","인티큐브","12","0","KOSDAQ","-0.38","36.57","","36.71"
"A070960","모나용평","12","0","외감","","","",""
"A071050","한국금융지주","12","1","KOSPI","-2.49","2401.79","","2463.09"
"A071090","하이스틸","12","0","KOSPI","-6.45","46.4","","49.6"
"A071200","인피니트헬스케어","12","0","KOSDAQ","-1.44","217.13","","220.3"
"A071280","로체시스템즈","12","0","KOSDAQ","3.72","43.59","","42.03"
"A071320","지역난방공사","12","0","KOSPI","-0.57","803.56","","808.2"
"A071670","에이테크솔루션","12","0","KOSDAQ","-0.99","49.8","","50.3"
"A071840","롯데하이마트","12","0","KOSPI","1.47","1307.87","","1288.98"
"A071850","캐스텍코리아","12","0","KOSDAQ","0.29","85","","84.76"
"A071950","코아스","12","0","KOSPI","2.77","57.33","","55.79"
"A071970","HD현대마린엔진","12","0","KOSPI","-1.09","100.91","","102.03"
"A072020","중앙백신","12","0","KOSDAQ","2.27","148.6","","145.3"
"A072130","유엔젤","12","0","KOSPI","2.73","74.55","","72.57"
"A072470","우리산업홀딩스","12","0","KOSDAQ","-0.47","201.15","","202.09"
"A072710","농심홀딩스","12","0","KOSPI","2.67","714.22","","695.67"
"A072770","멤레이비티","12","0","KOSDAQ","-0.31","48.34","","48.5"
"A072870","메가스터디","12","0","KOSDAQ","0.51","159.45","","158.64"
"A072950","빛샘전자","12","0","KOSDAQ","-2.53","34.68","","35.58"
"A072990","에이치시티","12","0","외감","","","",""
"A073010","케이에스피","12","0","KOSDAQ","-0.63","30.03","","30.22"
"A073110","엘엠에스","12","0","KOSDAQ","-1.31","73.92","","74.9"
"A073190","듀오백","12","0","KOSDAQ","2.02","27.23","","26.69"
"A073240","금호타이어","12","1","KOSPI","-2.59","1248.15","","1281.32"
"A073490","LIG아큐버","12","0","KOSDAQ","-1.03","57.5","","58.1"
"A073540","에프알텍","12","0","KOSDAQ","-1.95","37.34","","38.08"
"A073560","우리손에프앤지","12","0","외감","","","",""
"A073570","리튬포어스","12","0","KOSDAQ","-1.82","34.34","","34.97"
"A073640","테라사이언스","12","0","KOSDAQ","2.26","31.99","","31.29"
"A074430","아미노로직스","12","0","KOSDAQ","-1.6","216.05","","219.57"
"A074600","원익QnC","12","0","KOSDAQ","-2.77","207.68","","213.59"
"A074610","이엔플러스","12","0","KOSPI","0.75","33.11","","32.87"
"A075130","플랜티넷","12","0","KOSDAQ","0.56","64.69","","64.33"
"A075180","새론오토모티브","12","0","KOSPI","-0.12","157.82","","158.02"
"A075580","세진중공업","12","0","KOSPI","-0.25","151.26","","151.64"
"A075970","동국알앤에스","12","0","KOSDAQ","-2.34","34.5","","35.33"
"A076080","웰크론한텍","12","0","KOSDAQ","-8.51","61","","66.68"
"A076610","해성옵틱스","12","0","KOSDAQ","0","90.55","","90.55"
"A077360","덕산하이메탈","12","0","KOSDAQ","-1.63","205.15","","208.56"
"A077500","유니퀘스트","12","0","KOSPI","-0.75","107.46","","108.27"
"A077970","STX엔진","12","0","KOSPI","1.05","132.53","","131.15"
"A078000","텔코웨어","12","0","KOSPI","0","128.56","","128.56"
"A078020","LS증권","12","0","KOSDAQ","-1.73","368.38","","374.86"
"A078070","유비쿼스홀딩스","12","0","KOSDAQ","-0.78","271.36","","273.48"
"A078130","국일제지","12","0","KOSDAQ","-0.45","69.07","","69.38"
"A078140","대봉엘에스","12","0","KOSDAQ","-1.11","148.01","","149.67"
"A078150","HB테크놀러지","12","0","KOSDAQ","-2.23","253.43","","259.2"
"A078160","메디포스트","12","0","KOSDAQ","-0.12","641.49","","642.27"
"A078340","컴투스","12","0","KOSDAQ","3.46","1694.51","","1637.9"
"A078350","한양디지텍","12","0","KOSDAQ","-2.13","48.35","","49.4"
"A078520","에이블씨엔씨","12","1","KOSPI","-0.93","493.66","","498.27"
"A078590","휴림에이텍","12","0","KOSDAQ","0.39","49.38","","49.18"
"A078600","대주전자재료","12","0","KOSDAQ","-0.38","49.3","","49.49"
"A078860","아이오케이이엔엠","12","0","KOSDAQ","0","87.57","","87.57"
"A078890","가온그룹","12","0","KOSDAQ","-1.25","158.89","","160.9"
"A078930","GS","12","1","KOSPI","-4.52","4905.93","","5138.22"
"A079000","와토스코리아","12","0","KOSDAQ","-1.94","63.63","","64.89"
"A079160","CJ CGV","12","0","KOSPI","-0.89","2370.07","","2391.23"
"A079170","한창산업","12","0","KOSDAQ","-0.17","30.32","","30.37"
"A079190","케스피온","12","0","KOSDAQ","0.71","77.32","","76.77"
"A079370","제우스","12","0","KOSDAQ","0.32","164.07","","163.55"
"A079430","현대리바트","12","1","KOSPI","-2.33","543.74","","556.69"
"A079550","LIG디펜스앤에어로스페이스","12","0","KOSPI","-0.11","2048.2","","2050.4"
"A079650","서산","12","0","KOSDAQ","-2.23","56.12","","57.4"
"A079810","APS이노베이션","12","0","KOSDAQ","6.94","39.01","","36.48"
"A079900","전진건설로봇","12","0","외감","","","",""
"A079940","가비아","12","0","KOSDAQ","0.77","88.52","","87.85"
"A079950","인베니아","12","0","KOSDAQ","-5.07","104.17","","109.74"
"A079960","동양이엔피","12","0","KOSDAQ","-1.02","113.97","","115.15"
"A079970","투비소프트","12","0","KOSDAQ","9","113.31","","103.95"
"A079980","휴비스","12","1","KOSPI","-2.18","278.42","","284.63"
"A080010","이상네트웍스","12","0","KOSDAQ","-0.94","56.79","","57.33"
"A080160","모두투어","12","0","KOSDAQ","0.5","376.74","","374.85"
"A080220","제주반도체","12","0","KOSDAQ","-1.4","98.75","","100.16"
"A080420","모다이노칩","12","0","KOSDAQ","0","175.91","","175.91"
"A080470","성창오토텍","12","0","KOSDAQ","0.55","39.86","","39.64"
"A080520","오디텍","12","0","KOSDAQ","0","102.43","","102.43"
"A080530","코디","12","0","KOSDAQ","-2.62","55.25","","56.74"
"A080580","오킨스전자","12","0","KOSDAQ","-0.59","41.73","","41.97"
"A080720","한국유니온제약","12","0","외감","","","",""
"A081000","일진다이아","12","0","KOSPI","-1.96","101.5","","103.53"
"A081150","티플랙스","12","0","KOSDAQ","-0.58","28.69","","28.86"
"A081180","쎄크","12","0","외감","","","",""
"A081580","성우전자","12","0","KOSDAQ","1.07","102.35","","101.27"
"A081660","미스토홀딩스","12","0","KOSPI","0.98","1170.38","","1159.07"
"A082210","옵트론텍","12","0","KOSDAQ","-1.43","111.53","","113.15"
"A082270","젬백스","12","0","KOSDAQ","-1.58","542.87","","551.6"
"A082640","동양생명","12","0","KOSPI","0.46","1167.16","","1161.78"
"A082660","코스나인","12","0","KOSDAQ","0.28","40.96","","40.85"
"A082740","한화엔진","12","1","KOSPI","0.59","298.16","","296.42"
"A082800","비보존 제약","12","0","KOSDAQ","-1.97","47.23","","48.18"
"A082850","우리바이오","12","0","KOSDAQ","-0.48","86.01","","86.43"
"A082920","비츠로셀","12","0","KOSDAQ","-0.45","165.49","","166.23"
"A083310","엘오티베큠","12","0","KOSDAQ","-1.13","157.36","","159.16"
"A083420","그린케미칼","12","0","KOSPI","-1.97","89.8","","91.6"
"A083450","GST","12","0","KOSDAQ","1.3","50.97","","50.32"
"A083470","이엠앤아이","12","0","KOSDAQ","-4.47","53.87","","56.38"
"A083500","에프엔에스테크","12","0","외감","","","",""
"A083550","케이엠","12","0","KOSDAQ","1.8","66.4","","65.23"
"A083640","인콘","12","0","KOSDAQ","-3.63","59.47","","61.71"
"A083650","비에이치아이","12","0","KOSDAQ","-3.11","76.96","","79.43"
"A083660","CSA 코스믹","12","0","KOSDAQ","-2.35","69.67","","71.34"
"A083790","CG인바이츠","12","0","KOSDAQ","-2.27","373.49","","382.14"
"A083930","아바코","12","0","KOSDAQ","-1.69","83.98","","85.42"
"A084010","대한제강","12","0","KOSPI","-7.83","261.26","","283.44"
"A084110","휴온스글로벌","12","0","KOSDAQ","0","921.95","","921.95"
"A084180","수성웹툰","12","0","KOSDAQ","0","32.39","","32.39"
"A084370","유진테크","12","0","KOSDAQ","2.52","326.55","","318.53"
"A084440","유비온","9","0","KONEX","0","11.99","","11.99"
"A084650","랩지노믹스","12","0","KOSDAQ","-0.53","120.91","","121.55"
"A084670","동양고속","12","0","KOSPI","0","95.07","","95.07"
"A084680","이월드","12","0","KOSPI","-1.15","233.52","","236.23"
"A084690","대상홀딩스","12","0","KOSPI","-0.7","510.6","","514.22"
"A084730","팅크웨어","12","0","KOSDAQ","0","131.98","","131.98"
"A084850","아이티엠반도체","12","0","외감","","","",""
"A084870","TBH글로벌","12","1","KOSPI","-2.92","242.98","","250.28"
"A084990","헬릭스미스","12","0","KOSDAQ","-4.25","1869.83","","1952.8"
"A085310","엔케이","12","0","KOSPI","-5.67","211.85","","224.59"
"A085620","미래에셋생명","12","0","KOSPI","-1.76","688.15","","700.49"
"A085660","차바이오텍","12","0","KOSDAQ","0.72","701.87","","696.82"
"A085670","뉴프렉스","12","0","KOSDAQ","-1.96","33.34","","34.01"
"A085810","알티캐스트","12","0","KOSDAQ","-0.81","103.68","","104.52"
"A085910","네오티스","12","0","KOSDAQ","-0.59","53.2","","53.52"
"A086040","바이오톡스텍","12","0","KOSDAQ","0.52","83.78","","83.35"
"A086060","진바이오텍","12","0","KOSDAQ","-1.98","46.84","","47.79"
"A086280","현대글로비스","12","1","KOSPI","0","7031.25","","7031.25"
"A086390","유니테스트","12","0","KOSDAQ","-3.25","150.37","","155.42"
"A086450","동국제약","12","0","KOSDAQ","0","555.75","","555.75"
"A086520","에코프로","12","0","KOSDAQ","2.69","258.7","","251.92"
"A086670","비엠티","12","0","KOSDAQ","0.59","34.87","","34.66"
"A086710","선진뷰티사이언스","12","0","외감","","","",""
"A086790","하나금융지주","12","1","KOSPI","-2","7237.27","","7385.28"
"A086820","바이오솔루션","12","0","외감","","","",""
"A086890","이수앱지스","12","0","KOSDAQ","-1.19","178.27","","180.43"
"A086900","메디톡스","12","0","KOSDAQ","0.02","2630.85","","2630.29"
"A086960","MDS테크","12","0","KOSDAQ","-0.7","186.45","","187.77"
"A086980","쇼박스","12","0","KOSDAQ","1.13","505.81","","500.17"
"A087010","펩트론","12","0","KOSDAQ","-1.88","290.13","","295.7"
"A087260","모바일어플라이언스","12","0","외감","","","",""
"A087600","픽셀플러스","12","0","KOSDAQ","-1.39","145.36","","147.41"
"A088130","동아엘텍","12","0","KOSDAQ","-0.93","237.5","","239.73"
"A088280","쏘닉스","12","0","외감","","","",""
"A088290","이원컴포텍","12","0","KOSDAQ","-1.67","25.81","","26.25"
"A088340","유라클","12","0","외감","","","",""
"A088350","한화생명","12","1","KOSPI","-0.3","5680.19","","5697.56"
"A088390","이녹스","12","0","KOSDAQ","-0.75","162.47","","163.7"
"A088790","진도","12","0","KOSPI","-2.11","57.76","","59"
"A088800","에이스테크","12","0","KOSDAQ","-3.21","136.54","","141.08"
"A088910","동우팜투테이블","12","0","KOSDAQ","-2.21","96.13","","98.3"
"A089010","켐트로닉스","12","0","KOSDAQ","-2.44","61.07","","62.6"
"A089030","테크윙","12","0","KOSDAQ","0.4","216.86","","215.99"
"A089140","넥스턴앤롤코리아","12","0","KOSDAQ","3.08","102.34","","99.28"
"A089150","케이씨티","12","0","KOSDAQ","0.85","51.11","","50.68"
"A089230","THE E&M","12","0","KOSDAQ","6.36","150.65","","141.65"
"A089470","HDC현대EP","12","0","KOSPI","-0.1","317.72","","318.04"
"A089590","제주항공","12","0","KOSPI","-1.71","819.95","","834.2"
"A089600","KT나스미디어","12","0","KOSDAQ","3.54","434.59","","419.74"
"A089790","제이티","12","0","KOSDAQ","-0.28","27.01","","27.09"
"A089850","유비벨록스","12","0","KOSDAQ","-0.84","83.61","","84.32"
"A089860","롯데렌탈","12","0","외감","","","",""
"A089890","코세스","12","0","KOSDAQ","0.45","36.14","","35.98"
"A089970","브이엠","12","0","외감","","","",""
"A089980","상아프론테크","12","0","KOSDAQ","1.59","165.47","","162.88"
"A090080","평화산업","12","0","KOSPI","-1.62","68.26","","69.38"
"A090150","아이윈","12","0","KOSDAQ","-1.79","31.78","","32.36"
"A090350","노루페인트","12","0","KOSPI","-1.29","230","","233"
"A090360","로보스타","12","0","KOSDAQ","-2.28","83.46","","85.41"
"A090370","메타랩스","12","0","KOSPI","-1.08","58.54","","59.18"
"A090410","덕신이피씨","12","0","KOSDAQ","0","54.72","","54.72"
"A090430","아모레퍼시픽","12","1","KOSPI","2.28","24874.09","","24318.73"
"A090460","비에이치","12","0","KOSDAQ","-2.52","84.74","","86.93"
"A090470","제이스로보틱스","12","0","KOSDAQ","-4","105.1","","109.48"
"A090710","휴림로봇","12","0","KOSDAQ","-2.93","50.31","","51.83"
"A090850","현대이지웰","12","0","KOSDAQ","-3.42","111.79","","115.75"
"A091120","이엠텍","12","0","KOSDAQ","1.88","152.28","","149.48"
"A091340","S&K폴리텍","12","0","KOSDAQ","-1.66","32.09","","32.63"
"A091440","한울소재과학","12","0","KOSDAQ","-2.65","35.76","","36.73"
"A091580","상신이디피","12","0","KOSDAQ","-1.87","47.33","","48.23"
"A091590","남화토건","12","0","KOSDAQ","-0.72","64.34","","64.8"
"A091700","파트론","12","0","KOSDAQ","0.46","595.72","","593.01"
"A091810","트리니티항공","12","0","외감","","","",""
"A091970","LSK아이로봇","12","0","KOSDAQ","-3.6","29.69","","30.79"
"A092040","아미코젠","12","0","KOSDAQ","-0.49","553.33","","556.06"
"A092070","디엔에프","12","0","KOSDAQ","3.03","164.66","","159.81"
"A092130","이크레더블","12","0","KOSDAQ","-2.38","123.45","","126.46"
"A092190","서울바이오시스","12","0","외감","","","",""
"A092200","디아이씨","12","0","KOSPI","0","190.31","","190.31"
"A092220","KEC","12","0","KOSPI","0","66.13","","66.13"
"A092230","KPX홀딩스","12","0","KOSPI","-0.16","268.27","","268.69"
"A092300","현우산업","12","0","KOSDAQ","3.37","25.61","","24.78"
"A092440","기신정기","3","0","KOSPI","-0.5","174.32","","175.2"
"A092460","한라IMS","12","0","KOSDAQ","0.62","79.67","","79.18"
"A092600","앤씨앤","12","0","KOSDAQ","-3.8","101.06","","105.05"
"A092730","네오팜","12","0","KOSDAQ","-0.14","271.96","","272.34"
"A092780","DYP","12","0","외감","","","",""
"A092790","넥스틸","12","0","외감","","","",""
"A092870","엑시콘","12","0","KOSDAQ","-0.56","78.62","","79.06"
"A093050","LF","12","1","KOSPI","-0.78","741.23","","747.08"
"A093190","빅솔론","12","0","KOSDAQ","1.77","146.88","","144.33"
"A093240","형지엘리트","6","0","KOSPI","-8.08","144.38","","157.07"
"A093320","케이아이엔엑스","12","0","KOSDAQ","2.74","73.2","","71.25"
"A093370","후성","12","1","KOSPI","-0.17","528.53","","529.45"
"A093380","풍강","8","0","KOSDAQ","-1.38","35.32","","35.81"
"A093520","매커스","12","0","KOSDAQ","-0.62","64.69","","65.1"
"A093640","케이알엠","12","0","KOSDAQ","6.23","48.67","","45.33"
"A093920","서원인텍","12","0","KOSDAQ","0.44","212.97","","212.04"
"A094170","동운아나텍","12","0","KOSDAQ","0.77","78.48","","77.88"
"A094280","효성ITX","12","0","KOSPI","-1.09","156.61","","158.35"
"A094360","칩스앤미디어","12","0","KOSDAQ","-2.65","46.38","","47.64"
"A094480","갤럭시아머니트리","12","0","KOSDAQ","0.23","144.18","","143.85"
"A094820","일진파워","12","0","KOSDAQ","0.52","72.38","","72"
"A094840","슈프리마에이치큐","12","0","KOSDAQ","-0.46","66","","66.31"
"A094850","참좋은여행","12","0","KOSDAQ","-1.71","137.06","","139.44"
"A094860","네오리진","12","0","KOSDAQ","-1.9","46.15","","47.05"
"A094940","푸른로보틱스","12","0","KOSDAQ","-0.37","45.64","","45.81"
"A094970","제이엠티","12","0","KOSDAQ","0.9","37.43","","37.1"
"A095190","신화프리텍","12","0","KOSDAQ","-3.32","102.79","","106.32"
"A095270","웨이브일렉트로","12","0","KOSDAQ","2.95","259.04","","251.62"
"A095340","ISC","12","0","KOSDAQ","0.62","316.15","","314.21"
"A095500","미래나노텍","12","0","KOSDAQ","0","108.41","","108.41"
"A095570","AJ네트웍스","12","0","KOSPI","-2.08","353.04","","360.53"
"A095610","테스","12","0","KOSDAQ","2.27","163.57","","159.94"
"A095660","네오위즈","12","0","KOSDAQ","0","306.81","","306.81"
"A095700","제넥신","12","0","KOSDAQ","-2.6","926.8","","949.31"
"A095720","웅진씽크빅","12","0","KOSPI","0.82","427.57","","424.11"
"A095910","에스에너지","12","0","KOSDAQ","-0.22","103.53","","103.77"
"A096240","크레버스","12","0","KOSDAQ","0.74","85.14","","84.51"
"A096250","와이즈넛","12","0","외감","","","",""
"A096350","대창솔루션","12","0","KOSDAQ","0.88","38.53","","38.19"
"A096530","씨젠","12","0","KOSDAQ","1.15","923.44","","912.94"
"A096610","알에프세미","12","0","KOSDAQ","-0.69","58.63","","59.04"
"A096630","에스코넥","12","0","KOSDAQ","0.48","137.06","","136.41"
"A096690","에이루트","12","0","KOSDAQ","-4.97","88","","92.6"
"A096760","JW홀딩스","12","0","KOSPI","-0.44","527.22","","529.53"
"A096770","SK이노베이션","12","1","KOSPI","-3.48","14101","","14609.56"
"A096870","엘디티","12","0","KOSDAQ","-2.56","25.38","","26.05"
"A097230","HJ중공업","12","1","KOSPI","-3.39","379.49","","392.79"
"A097520","엠씨넥스","12","0","KOSDAQ","-3.18","205.61","","212.36"
"A097780","에코볼트","12","0","KOSDAQ","-1.27","165.16","","167.28"
"A097800","윈팩","12","0","KOSDAQ","-0.9","93.98","","94.84"
"A097870","효성오앤비","6","0","KOSDAQ","-0.27","105.27","","105.56"
"A097950","CJ제일제당","12","1","KOSPI","0.8","4987.72","","4948.23"
"A098070","한텍","12","0","외감","","","",""
"A098120","마이크로컨텍솔","12","0","KOSDAQ","0","57.36","","57.36"
"A098460","고영","12","0","KOSDAQ","-2.21","543.39","","555.68"
"A098660","에스티오","12","0","KOSDAQ","-1.43","37.6","","38.15"
"A099190","아이센스","12","0","KOSDAQ","-0.27","502.62","","503.99"
"A099220","SDN","12","0","KOSDAQ","-2.52","54.38","","55.78"
"A099320","쎄트렉아이","12","0","KOSDAQ","4.79","144.02","","137.43"
"A099390","브레인즈컴퍼니","12","0","외감","","","",""
"A099410","동방선기","12","0","KOSDAQ","0.51","42.81","","42.59"
"A099430","바이오플러스","12","0","외감","","","",""
"A099440","스맥","12","0","KOSDAQ","-3.17","86.94","","89.79"
"A099520","DGI","12","0","KOSDAQ","3.46","31.68","","30.63"
"A099750","이지케어텍","3","0","외감","","","",""
"A100030","인지소프트","12","0","KOSDAQ","1.38","36.12","","35.63"
"A100090","SK오션플랜트","12","0","KOSDAQ","-0.72","77.09","","77.64"
"A100120","뷰웍스","12","0","KOSDAQ","0","508.09","","508.09"
"A100130","동국S&C","12","0","KOSDAQ","-1.97","312.57","","318.86"
"A100220","비상교육","12","0","KOSPI","-5.49","156.61","","165.71"
"A100250","진양홀딩스","12","0","KOSPI","-1","193.96","","195.91"
"A100590","머큐리","12","0","외감","","","",""
"A100660","서암기계공업","12","0","KOSDAQ","-0.6","41.58","","41.83"
"A100700","세운메디칼","12","0","KOSDAQ","-1.32","196.01","","198.63"
"A100790","미래에셋벤처투자","12","0","외감","","","",""
"A100840","SNT에너지","12","0","KOSPI","-0.38","183.85","","184.55"
"A101000","KS인더스트리","12","0","KOSDAQ","2.97","83.99","","81.57"
"A101140","인바이오젠","12","0","KOSPI","0.32","31.04","","30.94"
"A101160","월덱스","12","0","KOSDAQ","-1.15","34.7","","35.1"
"A101170","우림피티에스","12","0","KOSDAQ","1.02","53.39","","52.85"
"A101240","씨큐브","12","0","KOSDAQ","-0.98","76.55","","77.31"
"A101330","모베이스","12","0","KOSDAQ","1.23","127.53","","125.97"
"A101360","에코앤드림","12","0","KONEX","0","32.23","","32.23"
"A101390","아이엠","12","0","KOSDAQ","-4.52","69.6","","72.89"
"A101400","엔시트론","12","0","KOSDAQ","-4.15","43.4","","45.29"
"A101490","에스앤에스텍","12","0","KOSDAQ","-1.66","163.21","","165.97"
"A101530","해태제과식품","12","0","외감","","","",""
"A101670","하이드로리튬","12","0","KOSDAQ","0.18","42.11","","42.03"
"A101680","한국정밀기계","12","0","KOSDAQ","0","34.5","","34.5"
"A101730","위메이드맥스","12","0","KOSDAQ","0.52","65.58","","65.24"
"A101930","인화정공","12","0","KOSDAQ","-1.71","48.24","","49.08"
"A101970","우양에이치씨","12","0","외감","","","",""
"A102120","어보브반도체","12","0","KOSDAQ","0","198.17","","198.17"
"A102260","동성케미컬","12","0","KOSPI","-1.97","294.48","","300.39"
"A102370","케이옥션","12","0","외감","","","",""
"A102460","이연제약","12","0","KOSPI","-2.18","376.04","","384.42"
"A102710","이엔에프테크놀로지","12","0","KOSDAQ","-1.97","247.79","","252.76"
"A102940","코오롱생명과학","12","0","KOSDAQ","-2.44","1070.54","","1097.31"
"A103140","풍산","12","1","KOSPI","-2.66","872.96","","896.78"
"A103230","에스앤더블류","12","0","KOSDAQ","1.07","34.09","","33.73"
"A103590","일진전기","12","0","KOSPI","-2.18","199.49","","203.94"
"A103840","우양","12","0","외감","","","",""
"A104040","디에스엠","12","0","KOSDAQ","-0.58","36.83","","37.05"
"A104200","NHN벅스","12","0","KOSDAQ","-0.49","151.98","","152.72"
"A104460","디와이피엔에프","12","0","KOSDAQ","29.96","74.35","","57.21"
"A104480","티케이케미칼","12","0","KOSDAQ","-3.28","200.88","","207.7"
"A104540","코렌텍","12","0","KOSDAQ","-0.64","151.71","","152.68"
"A104620","노랑풍선","12","0","외감","","","",""
"A104700","한국철강","12","1","KOSPI","-5.41","434.71","","459.58"
"A104830","원익머트리얼즈","12","0","KOSDAQ","-0.86","356.61","","359.71"
"A105330","케이엔더블유","12","0","KOSDAQ","1.65","45.29","","44.55"
"A105550","엣지파운드리","12","0","KOSDAQ","-0.56","58.99","","59.32"
"A105560","KB금융","12","1","KOSPI","-1.33","12942.78","","13116.64"
"A105630","한세실업","12","1","KOSPI","-1.4","1972","","2000"
"A105740","디케이락","12","0","KOSDAQ","-0.55","42.66","","42.89"
"A105760","포스뱅크","12","0","외감","","","",""
"A105840","우진","12","0","KOSPI","0","133.5","","133.5"
"A106080","케이이엠텍","12","0","KOSDAQ","-0.27","42.16","","42.28"
"A106190","하이텍팜","12","0","KOSDAQ","-1.84","113.42","","115.55"
"A106240","파인테크닉스","12","0","KOSDAQ","-0.14","123.73","","123.89"
"A106520","노블엠앤비","12","0","KOSDAQ","-3.69","128.17","","133.08"
"A107590","미원홀딩스","12","0","KOSPI","0.39","279.83","","278.75"
"A107600","새빗켐","12","0","외감","","","",""
"A107640","한중엔시에스","12","0","KONEX","2.13","17.76","","17.39"
"A108230","톱텍","12","0","KOSDAQ","-0.84","515.76","","520.13"
"A108320","LX세미콘","12","0","KOSDAQ","0.63","517.2","","513.95"
"A108380","대양전기공업","12","0","KOSDAQ","0","125.33","","125.33"
"A108490","로보티즈","12","0","외감","","","",""
"A108670","LX하우시스","12","1","KOSPI","-0.68","1309.28","","1318.25"
"A108860","셀바스AI","12","0","KOSDAQ","0","95.94","","95.94"
"A109070","주성코퍼레이션","12","0","KOSPI","-3.67","44.57","","46.27"
"A109080","옵티시스","12","0","KOSDAQ","0.95","36.07","","35.73"
"A109610","에스와이","12","0","KOSDAQ","-7.93","100.75","","109.43"
"A109670","씨싸이트","12","0","외감","","","",""
"A109740","디에스케이","12","0","KOSDAQ","2.44","177.13","","172.9"
"A109820","진매트릭스","12","0","KOSDAQ","-1.46","45.66","","46.34"
"A109860","동일금속","12","0","KOSDAQ","-1.88","61.95","","63.14"
"A109960","앱토크롬","12","0","KOSDAQ","1.44","95.27","","93.92"
"A110020","전진바이오팜","12","0","외감","","","",""
"A110790","크리스에프앤씨","12","0","외감","","","",""
"A110990","디아이티","12","0","외감","","","",""
"A111110","호전실업","12","0","외감","","","",""
"A111380","동인기연","12","0","외감","","","",""
"A111710","남화산업","12","0","외감","","","",""
"A111770","영원무역","12","1","KOSPI","-1.12","1949.7","","1971.86"
"A112040","위메이드","12","0","KOSDAQ","1.91","448.56","","440.16"
"A112290","와이씨켐","12","0","외감","","","",""
"A112610","씨에스윈드","12","0","KOSPI","1.57","391.52","","385.47"
"A113810","디젠스","12","0","KOSDAQ","-0.6","32.34","","32.54"
"A114090","GKL","12","1","KOSPI","2.56","1861.86","","1815.46"
"A114190","강원에너지","12","0","KOSDAQ","-5.19","47.36","","49.95"
"A114450","그린생명과학","12","0","KOSDAQ","1.13","94.05","","93"
"A114630","폴라리스우노","12","0","KOSDAQ","0.19","71.4","","71.26"
"A114810","한솔아이원스","12","0","KOSDAQ","-1.04","250.84","","253.47"
"A114840","아이패밀리에스씨","12","0","외감","","","",""
"A115160","휴맥스","12","0","KOSDAQ","1.89","321.61","","315.64"
"A115180","큐리언트","12","0","KOSDAQ","-1.1","291.26","","294.51"
"A115310","인포바인","12","0","KOSDAQ","-1.15","80.64","","81.58"
"A115440","우리넷","12","0","KOSDAQ","-3.35","38.51","","39.85"
"A115450","HLB테라퓨틱스","12","0","KOSDAQ","0","434.4","","434.4"
"A115480","씨유메디칼","12","0","KOSDAQ","-4.75","26.71","","28.04"
"A115500","케이씨에스","12","0","KOSDAQ","1.4","56.4","","55.62"
"A115530","씨엔플러스","12","0","KOSDAQ","-4.07","81.61","","85.07"
"A115570","스타플렉스","12","0","KOSDAQ","-0.14","47.56","","47.63"
"A115610","이미지스","12","0","KOSDAQ","0.29","53.76","","53.61"
"A117580","대성에너지","12","0","KOSPI","-0.32","171.33","","171.88"
"A117670","알파칩스","12","0","KOSDAQ","2.01","69.16","","67.8"
"A117730","티로보틱스","12","0","외감","","","",""
"A118000","메타케어","12","0","KOSPI","-1.44","72.05","","73.1"
"A118990","모트렉스","12","0","외감","","","",""
"A119500","포메탈","12","0","KOSDAQ","-4.13","44.61","","46.54"
"A119610","인터로조","12","0","KOSDAQ","0.95","460.14","","455.82"
"A119650","KC코트렐","12","0","KOSPI","-0.19","53.3","","53.4"
"A119830","아이텍","12","0","KOSDAQ","-0.4","65.63","","65.89"
"A119850","지엔씨에너지","12","0","KOSDAQ","-0.85","69.6","","70.2"
"A120030","조선선재","12","0","KOSPI","0","84.51","","84.51"
"A120110","코오롱인더","12","1","KOSPI","-1.15","1720.74","","1740.84"
"A120240","대정화금","12","0","KOSDAQ","-1.72","86.5","","88.01"
"A121440","골프존홀딩스","12","0","KOSDAQ","-1.39","334.13","","338.84"
"A121600","나노신소재","12","0","KOSDAQ","-3.83","163.27","","169.78"
"A121800","비덴트","12","0","KOSDAQ","3.77","166.63","","160.58"
"A121850","코이즈","12","0","KOSDAQ","-1.44","53.25","","54.02"
"A121890","에스디시스템","12","0","KOSDAQ","0.92","41.61","","41.23"
"A122310","제노레이","12","0","외감","","","",""
"A122350","삼기","12","0","KOSDAQ","0.56","138.57","","137.8"
"A122450","KX","12","0","KOSDAQ","-1.49","124.36","","126.25"
"A122640","예스티","12","0","KOSDAQ","-1.63","78.32","","79.62"
"A122690","서진오토모티브","12","0","KOSDAQ","-3.7","96.03","","99.72"
"A122870","와이지엔터테인먼트","12","0","KOSDAQ","-1.7","608.82","","619.36"
"A122900","아이마켓코리아","12","0","KOSPI","-3.2","598.46","","618.23"
"A122990","와이솔","12","0","KOSDAQ","1.24","330.34","","326.29"
"A123010","알엔티엑스","12","0","KONEX","0","15.2","","15.2"
"A123040","엠에스오토텍","12","0","KOSDAQ","3","101.32","","98.36"
"A123330","제닉","12","0","KOSDAQ","-3.79","133.98","","139.26"
"A123410","코리아에프티","12","0","KOSDAQ","0","121.53","","121.53"
"A123420","위메이드플레이","12","0","KOSDAQ","0","382.21","","382.21"
"A123570","이엠넷","12","0","KOSDAQ","-2.57","39.66","","40.7"
"A123690","한국화장품","12","0","KOSPI","-2.39","163.89","","167.91"
"A123700","SJM","12","0","KOSPI","0","117.66","","117.66"
"A123750","알톤","12","0","KOSDAQ","-2.67","84.25","","86.56"
"A123840","뉴온","12","0","KOSDAQ","-3.82","88.48","","92"
"A123860","아나패스","12","0","KOSDAQ","0.7","146.35","","145.33"
"A123890","한국자산신탁","12","0","외감","","","",""
"A124500","아이티센글로벌","12","0","KOSDAQ","2.56","53.04","","51.72"
"A124560","태웅로직스","12","0","외감","","","",""
"A125020","티씨머티리얼즈","12","0","외감","","","",""
"A125210","아모그린텍","12","0","외감","","","",""
"A125490","한라캐스트","12","0","외감","","","",""
"A126340","비나텍","12","0","KONEX","0","11.72","","11.72"
"A126560","현대퓨처넷","12","0","KOSPI","-2.12","374.39","","382.48"
"A126600","BGF에코머티리얼즈","12","0","KOSDAQ","0.35","138.91","","138.43"
"A126640","화신정공","12","0","KOSDAQ","-1.9","56.2","","57.29"
"A126700","하이비젼시스템","12","0","KOSDAQ","-0.56","131.94","","132.69"
"A126720","수산인더스트리","12","0","외감","","","",""
"A126730","코칩","12","0","외감","","","",""
"A126880","제이엔케이글로벌","12","0","KOSDAQ","-5.49","72.96","","77.2"
"A127120","제이에스링크","12","0","KOSDAQ","2.21","72.52","","70.95"
"A127710","아시아경제","12","0","KOSDAQ","-6.42","128.74","","137.58"
"A127980","화인써키트","12","0","외감","","","",""
"A128540","에코캡","12","0","외감","","","",""
"A128660","피제이메탈","12","0","KOSDAQ","-2.84","46.63","","47.99"
"A128820","대성산업","12","0","KOSPI","-7.67","71.06","","76.96"
"A128940","한미약품","12","1","KOSPI","-0.87","5968.88","","6021.06"
"A129260","인터지스","12","0","KOSPI","-1.19","98.75","","99.94"
"A129890","앱코","12","0","외감","","","",""
"A129920","대성하이텍","12","0","외감","","","",""
"A130500","GH신소재","12","0","KOSDAQ","-5.25","36.61","","38.64"
"A130580","나이스디앤비","12","0","KOSDAQ","2.68","88.4","","86.09"
"A130660","한전산업","12","0","KOSPI","-2.34","176.69","","180.93"
"A130740","티피씨글로벌","12","0","KOSDAQ","-1.48","34.54","","35.06"
"A131030","옵투스제약","12","0","KOSDAQ","0.82","203.75","","202.09"
"A131090","시큐브","12","0","KOSDAQ","-3.94","36.52","","38.01"
"A131100","티엔엔터테인먼트","12","0","KOSDAQ","-2.08","32.61","","33.31"
"A131180","딜리","12","0","KOSDAQ","-1.47","78.95","","80.13"
"A131220","대한과학","12","0","KOSDAQ","-0.37","58.11","","58.32"
"A131290","티에스이","12","0","KOSDAQ","-0.32","103.76","","104.09"
"A131370","알서포트","12","0","KOSDAQ","-2.11","123.31","","125.98"
"A131400","이브이첨단소재","12","0","KOSDAQ","-1.7","43.5","","44.25"
"A131760","파인텍","12","0","KOSDAQ","-5.48","46.46","","49.15"
"A131970","두산테스나","12","0","KOSDAQ","-0.42","64.39","","64.66"
"A133750","메가엠디","12","0","KOSDAQ","-1.16","86.6","","87.62"
"A133820","화인베스틸","12","0","KOSPI","-5.42","81.21","","85.87"
"A134060","이퓨쳐","12","0","KOSDAQ","0.14","34.48","","34.43"
"A134380","미원화학","12","0","KOSPI","-1.21","113.67","","115.06"
"A134580","탑코미디어","12","0","KOSDAQ","0","45.62","","45.62"
"A134790","시디즈","12","0","KOSPI","-1.01","39.1","","39.5"
"A136150","원일티엔아이","12","0","외감","","","",""
"A136410","아셈스","12","0","외감","","","",""
"A136480","하림","12","0","KOSDAQ","-2.21","238.44","","243.84"
"A136490","선진","12","0","KOSPI","-1.01","240.54","","242.98"
"A136540","윈스테크넷","12","0","KOSDAQ","1.35","110.68","","109.21"
"A137080","나래나노텍","12","0","외감","","","",""
"A137310","에스디바이오센서","12","0","외감","","","",""
"A137400","피엔티","12","0","KOSDAQ","0","97.28","","97.28"
"A137940","넥스트아이","12","0","KOSDAQ","1.45","167.31","","164.92"
"A137950","제이씨케미칼","12","0","KOSDAQ","-1.86","71.57","","72.92"
"A138040","메리츠금융지주","12","0","KOSPI","-1.96","1786.07","","1821.79"
"A138070","신진에스엠","12","0","KOSDAQ","-2.11","124.71","","127.4"
"A138080","오이솔루션","12","0","KOSDAQ","0.8","65","","64.49"
"A138360","앤로보틱스","12","0","KOSDAQ","3.2","88.67","","85.92"
"A138610","나이벡","12","0","KOSDAQ","-1.48","69.42","","70.47"
"A138930","BNK금융지주","12","1","KOSPI","-1.57","2868.23","","2913.86"
"A139130","iM금융지주","12","0","KOSPI","-1.01","1485.98","","1501.19"
"A139480","이마트","12","1","KOSPI","-1.6","5129.15","","5212.78"
"A139670","키네마스터","12","0","KOSDAQ","-4.21","49.47","","51.64"
"A139990","아주스틸","12","0","외감","","","",""
"A140070","서플러스글로벌","12","0","외감","","","",""
"A140410","메지온","12","0","KOSDAQ","-2.65","224.75","","230.87"
"A140430","카티스","12","0","외감","","","",""
"A140520","대창스틸","12","0","KOSDAQ","-1.73","57.9","","58.92"
"A140670","알에스오토메이션","12","0","외감","","","",""
"A140860","파크시스템스","12","0","KOSDAQ","-1.59","80.64","","81.94"
"A141000","비아트론","12","0","KOSDAQ","-0.7","325.31","","327.61"
"A141080","리가켐바이오","12","0","KOSDAQ","1.93","295.31","","289.72"
"A142210","유니트론텍","12","0","KOSDAQ","2.06","73.83","","72.34"
"A142280","녹십자엠에스","12","0","KOSDAQ","0.9","161.09","","159.65"
"A142760","모아라이프플러스","12","0","KONEX","8.14","132.86","","122.86"
"A143160","아이디스","12","0","KOSDAQ","-4.2","170.93","","178.43"
"A143210","핸즈코퍼레이션","12","0","외감","","","",""
"A143240","사람인","12","0","KOSDAQ","-0.63","184.4","","185.57"
"A143540","영우디에스피","12","0","KOSDAQ","1.82","53.3","","52.35"
"A144510","지씨셀","12","0","외감","","","",""
"A144960","뉴파워프라즈마","12","0","외감","","","",""
"A145020","휴젤","12","0","KOSDAQ","-1.46","1044.33","","1059.77"
"A145170","노브랜드","12","0","외감","","","",""
"A145210","다이나믹디자인","12","0","KOSPI","-0.5","119.42","","120.01"
"A145720","덴티움","12","0","외감","","","",""
"A145990","삼양사","12","1","KOSPI","-1.44","986.79","","1001.2"
"A146060","율촌","12","0","외감","","","",""
"A146320","비씨엔씨","12","0","외감","","","",""
"A147760","피엠티","12","0","외감","","","",""
"A147830","제룡산업","12","0","KOSDAQ","-0.87","36.17","","36.49"
"A148150","세경하이테크","12","0","외감","","","",""
"A148250","알엔투테크놀로지","12","0","KONEX","-9.86","34.99","","38.82"
"A148780","비큐AI","12","0","외감","","","",""
"A148930","에이치와이티씨","12","0","외감","","","",""
"A149950","아바텍","12","0","KOSDAQ","-1.16","125.57","","127.04"
"A149980","하이로닉","12","0","KOSDAQ","1.14","136.8","","135.26"
"A150900","파수AI","12","0","KOSDAQ","-0.4","60.51","","60.75"
"A151860","KG에코솔루션","12","0","KOSDAQ","-2.5","119.16","","122.22"
"A153460","네이블","12","0","KOSDAQ","-3","38.09","","39.27"
"A153490","우리이앤엘하루틴","12","0","KOSDAQ","-1.38","71.36","","72.36"
"A153710","옵티팜","12","0","외감","","","",""
"A154030","아시아종묘","12","0","KONEX","2.15","34.64","","33.91"
"A154040","다산솔루에타","12","0","KOSDAQ","-0.76","85.9","","86.56"
"A155650","와이엠씨","12","0","KOSDAQ","-3.99","54.65","","56.92"
"A155660","DSR","12","0","KOSPI","0.59","68.24","","67.84"
"A156100","엘앤케이바이오","12","0","KONEX","0.75","239.56","","237.79"
"A158430","아톤","12","0","외감","","","",""
"A159010","아스플로","12","0","외감","","","",""
"A159580","제로투세븐","12","0","KOSDAQ","-0.74","98.57","","99.3"
"A159910","에코글로우","12","0","KOSDAQ","-2.07","104.9","","107.12"
"A160190","하이젠알앤엠","12","0","외감","","","",""
"A160550","NEW","12","0","KOSDAQ","-3.23","328.87","","339.84"
"A160980","싸이맥스","12","0","KOSDAQ","-6.45","54.87","","58.65"
"A161000","애경케미칼","12","0","KOSPI","-3.8","186.47","","193.84"
"A161390","한국타이어앤테크놀로지","12","1","KOSPI","-0.77","6391.95","","6441.5"
"A161580","필옵틱스","12","0","외감","","","",""
"A161890","한국콜마","12","1","KOSPI","-0.9","1850.48","","1867.36"
"A162300","신스틸","12","0","외감","","","",""
"A163280","에어레인","12","0","외감","","","",""
"A163560","동일고무벨트","12","0","KOSPI","-0.93","131.29","","132.52"
"A163730","핑거","12","0","외감","","","",""
"A166090","하나머티리얼즈","12","0","외감","","","",""
"A166480","코아스템켐온","12","0","KOSDAQ","-0.53","296.27","","297.85"
"A168330","내츄럴엔도텍","12","0","KOSDAQ","-2.99","410.95","","423.61"
"A168360","펨트론","12","0","외감","","","",""
"A169330","엠브레인","6","0","외감","","","",""
"A170030","현대공업","12","0","KOSDAQ","-2.84","78.51","","80.81"
"A170790","파이오링크","12","0","KOSDAQ","0","52.11","","52.11"
"A170900","동아에스티","12","1","KOSPI","-3.56","1129.06","","1170.73"
"A170920","엘티씨","12","0","KOSDAQ","0.77","89.82","","89.14"
"A171010","램테크놀러지","12","0","KOSDAQ","-1.67","36.94","","37.56"
"A171090","선익시스템","12","0","외감","","","",""
"A171120","라이온켐텍","12","0","KOSDAQ","-0.89","257.72","","260.02"
"A172670","에이엘티","12","0","외감","","","",""
"A173130","오파스넷","12","0","외감","","","",""
"A173940","에프엔씨엔터","12","0","KOSDAQ","-0.62","231.27","","232.71"
"A174900","앱클론","12","0","외감","","","",""
"A175140","아고스","12","0","KOSDAQ","-1.35","51.33","","52.03"
"A175250","아이큐어","12","0","외감","","","",""
"A175330","JB금융지주","12","0","KOSPI","-1.95","859.58","","876.68"
"A176750","듀켐바이오","12","0","KONEX","6.19","90","","84.75"
"A177350","베셀","12","0","KOSDAQ","-0.76","49.83","","50.21"
"A177830","파버나인","12","0","KOSDAQ","-2.26","34.81","","35.61"
"A177900","쓰리에이로직스","12","0","외감","","","",""
"A178320","서진시스템","12","0","외감","","","",""
"A178780","일월지엠엘","12","0","KOSDAQ","2.17","86.16","","84.33"
"A178920","PI첨단소재","12","0","KOSDAQ","-1.95","295.13","","301"
"A179290","엠아이텍","12","0","외감","","","",""
"A179530","애드바이오텍","12","0","외감","","","",""
"A179900","유티아이","12","0","외감","","","",""
"A180400","DXVX","12","0","KOSDAQ","-2.18","65.55","","67.01"
"A180640","한진칼","12","0","KOSPI","-1.85","981.58","","1000.05"
"A181710","NHN","12","0","KOSPI","2.01","1191.51","","1168.03"
"A182360","큐브엔터","12","0","KOSDAQ","-0.98","67.1","","67.76"
"A182400","엔케이젠바이오텍코리아","12","0","KOSDAQ","0.24","468.82","","467.71"
"A183190","아세아시멘트","12","0","KOSPI","-3.38","329.58","","341.12"
"A183300","코미코","12","0","외감","","","",""
"A183490","엔지켐생명과학","12","0","KONEX","0.14","464.34","","463.69"
"A184230","SGA솔루션즈","12","0","KOSDAQ","-1.66","68.26","","69.42"
"A185490","아이진","12","0","KOSDAQ","-2.86","220.87","","227.39"
"A185750","종근당","12","1","KOSPI","-3.15","1011.47","","1044.4"
"A186230","그린플러스","12","0","KONEX","9.96","33.41","","30.39"
"A187220","디티앤씨","12","0","KOSDAQ","-3.34","142.39","","147.32"
"A187270","신화콘텍","12","0","KOSDAQ","0.52","43.1","","42.88"
"A187420","HLB제넥스","12","0","KOSDAQ","-3.57","217.25","","225.3"
"A187660","페니트리움바이오","12","0","외감","","","",""
"A187790","나노","12","0","KOSDAQ","-0.52","45.9","","46.14"
"A187870","디바이스","12","0","외감","","","",""
"A188040","바이오포트","12","0","외감","","","",""
"A188260","세니젠","12","0","외감","","","",""
"A189300","인텔리안테크","12","0","외감","","","",""
"A189330","씨이랩","12","0","KONEX","-14.29","2.02","","2.36"
"A189690","포시에스","6","0","KOSDAQ","-1.32","53.49","","54.21"
"A189860","서전기전","12","0","KOSDAQ","2.07","40.59","","39.76"
"A189980","흥국에프엔비","12","0","KOSDAQ","-0.53","207.39","","208.49"
"A190510","나무가","12","0","KOSDAQ","1.11","182.17","","180.17"
"A190650","코리아에셋투자증권","3","0","외감","","","",""
"A191410","육일씨엔에쓰","12","0","KOSDAQ","-0.14","62.05","","62.13"
"A191420","테고사이언스","12","0","KOSDAQ","-2.31","101.83","","104.24"
"A192080","더블유게임즈","12","0","KOSDAQ","-1.26","606.61","","610.96"
"A192250","케이사인","12","0","KOSDAQ","0.56","165.99","","165.06"
"A192390","윈하이텍","12","0","KOSDAQ","-1.63","59.57","","60.56"
"A192400","쿠쿠홀딩스","12","0","KOSPI","0","2083.21","","2083.21"
"A192410","오늘이엔엠","12","0","KOSDAQ","-1.14","28.2","","28.52"
"A192440","슈피겐코리아","12","0","KOSDAQ","-3.17","323.25","","333.82"
"A192650","드림텍","12","0","외감","","","",""
"A192820","코스맥스","12","1","KOSPI","1.44","1264.43","","1246.43"
"A193250","링크드","12","0","KOSDAQ","0","293.25","","293.25"
"A194370","제이에스코퍼레이션","12","0","KOSPI","-5.37","295.16","","311.92"
"A194480","데브시스터즈","12","0","KOSDAQ","0","267.54","","267.54"
"A194700","노바렉스","12","0","외감","","","",""
"A195500","마니커에프앤지","12","0","외감","","","",""
"A195870","해성디에스","12","0","외감","","","",""
"A195940","HK이노엔","12","0","외감","","","",""
"A195990","루트K","12","0","KOSDAQ","-0.22","214.22","","214.7"
"A196170","알테오젠","12","0","KOSDAQ","-2.35","209.38","","214.42"
"A196300","HLB펩","12","0","외감","","","",""
"A196450","코아시아씨엠","12","0","KOSDAQ","4.5","95.03","","90.94"
"A196490","디에이테크놀로지","12","0","KOSDAQ","-0.45","66.78","","67.08"
"A196700","웹스","12","0","KOSDAQ","1.53","45.34","","44.66"
"A197140","디지캡","12","0","KONEX","-6.56","13.25","","14.18"
"A198080","캐프","12","0","외감","","","",""
"A198440","강동씨앤엘","12","0","KOSDAQ","0","14","","14"
"A198940","한주라이트메탈","12","0","KONEX","0","14.68","","14.68"
"A199430","케이엔알시스템","12","0","외감","","","",""
"A199480","뱅크웨어글로벌","12","0","외감","","","",""
"A199550","레이저옵텍","12","0","외감","","","",""
"A199730","바이오인프라","12","0","외감","","","",""
"A199800","툴젠","12","0","KONEX","0.59","139.26","","138.45"
"A199820","제일일렉트릭","12","0","외감","","","",""
"A200130","콜마비앤에이치","12","0","KOSDAQ","0.29","1004.48","","1001.53"
"A200230","텔콘RF제약","12","0","KOSDAQ","-3.17","153.17","","158.19"
"A200350","아티스트스튜디오","12","0","KONEX","-3.09","35.34","","36.47"
"A200470","에이팩트","12","0","KOSDAQ","-3.43","34.58","","35.81"
"A200670","휴메딕스","12","0","KOSDAQ","0.93","474.93","","470.56"
"A200710","에이디테크놀로지","12","0","KOSDAQ","0","54.6","","54.6"
"A200780","비씨월드제약","12","0","KOSDAQ","-1.41","210.23","","213.23"
"A200880","서연이화","12","0","KOSPI","-3.93","395.97","","412.18"
"A201490","미투온","12","0","외감","","","",""
"A203400","에이비온","12","0","KONEX","-1.04","81.75","","82.61"
"A203450","유니온바이오메트릭스","12","0","KONEX","2.56","27.92","","27.22"
"A203650","드림시큐리티","12","0","KOSDAQ","0","11","","11"
"A203690","아크솔루션스","12","0","KOSDAQ","-0.32","273.85","","274.72"
"A204020","그리티","12","0","외감","","","",""
"A204270","제이앤티씨","12","0","외감","","","",""
"A204320","HL만도","12","0","KOSPI","-2.89","1732.72","","1784.37"
"A204610","티쓰리","12","0","외감","","","",""
"A204620","글로벌텍스프리","12","0","KOSDAQ","1.27","11.97","","11.82"
"A204840","지엘팜텍","12","0","KOSDAQ","0","9.45","","9.45"
"A205100","엑셈","12","0","KOSDAQ","-1.28","110.16","","111.59"
"A205470","휴마시스","12","0","KOSDAQ","0.25","10.86","","10.84"
"A205500","넥써쓰","12","0","KOSDAQ","0","242.96","","242.96"
"A206400","베노티앤알","12","0","KOSDAQ","1.05","100.85","","99.8"
"A206560","덱스터","12","0","KOSDAQ","-2.86","237.96","","244.96"
"A206640","바디텍메드","12","0","KOSDAQ","-0.87","604.63","","609.9"
"A206650","유바이오로직스","12","0","외감","","","",""
"A207760","미스터블루","12","0","KOSDAQ","0.12","97.22","","97.1"
"A207940","삼성바이오로직스","12","0","외감","","","",""
"A208140","정다운","12","0","KOSDAQ","2.14","5.81","","5.69"
"A208350","지란지교시큐리티","12","0","KOSDAQ","0","10.49","","10.49"
"A208370","셀바스헬스케어","12","0","KOSDAQ","0","10.85","","10.85"
"A208640","썸에이지","12","0","KOSDAQ","5.24","32.16","","30.56"
"A208710","포톤","12","0","KOSDAQ","12.39","112.21","","99.84"
"A208860","다산디엠씨","12","0","외감","","","",""
"A209640","와이제이링크","12","0","외감","","","",""
"A210120","캔버스엔","12","0","KONEX","0","52.2","","52.2"
"A210540","디와이파워","12","0","KOSPI","-1.34","81.16","","82.26"
"A210980","SK디앤디","12","0","KOSPI","-0.72","590.2","","594.5"
"A211050","인카금융서비스","12","0","KONEX","-12.89","14.81","","17"
"A211270","AP위성","12","0","KOSDAQ","-0.11","119.06","","119.19"
"A212560","네오오토","12","0","KOSDAQ","-1.46","53.29","","54.08"
"A212710","아이에스티이","12","0","외감","","","",""
"A213420","덕산네오룩스","12","0","KOSDAQ","-2.44","312.2","","320.01"
"A213500","한솔제지","12","0","KOSPI","-0.2","411.76","","412.59"
"A214150","클래시스","12","0","KOSDAQ","0.25","10.89","","10.86"
"A214180","헥토이노베이션","12","0","KOSDAQ","3.57","189.59","","183.05"
"A214260","라파스","12","0","외감","","","",""
"A214270","FSN","12","0","KOSDAQ","0","10.81","","10.81"
"A214320","이노션","12","0","KOSPI","-0.48","1650","","1658"
"A214330","금호에이치티","12","0","KOSPI","-2.47","92.38","","94.72"
"A214370","케어젠","12","0","KOSDAQ","-1.98","1166.32","","1189.88"
"A214390","경보제약","12","0","KOSPI","-0.33","356.21","","357.41"
"A214420","토니모리","12","0","KOSPI","-2.62","436.88","","448.64"
"A214430","아이쓰리시스템","12","0","KOSDAQ","4.73","183.78","","175.49"
"A214450","파마리서치","12","0","KOSDAQ","-1.47","570.81","","579.33"
"A214610","롤링스톤","12","0","KONEX","0","88.49","","88.49"
"A214680","디알텍","12","0","KOSDAQ","-0.75","8.82","","8.89"
"A215000","골프존","12","0","KOSDAQ","-0.14","445.55","","446.18"
"A215090","솔디펜스","12","0","KOSDAQ","0.51","10.89","","10.84"
"A215100","로보로보","12","0","KOSDAQ","0","5.6","","5.6"
"A215200","메가스터디교육","12","0","KOSDAQ","-0.61","113.55","","114.24"
"A215360","우리산업","12","0","KOSDAQ","-2.87","263.01","","270.77"
"A215380","콜마바이오텍","12","0","KOSDAQ","0","10.81","","10.81"
"A215480","토박스코리아","12","0","KOSDAQ","0","7.07","","7.07"
"A215600","신라젠","12","0","외감","","","",""
"A215790","이노인스트루먼트","12","0","KOSDAQ","-0.25","13.76","","13.79"
"A216050","인크로스","12","0","외감","","","",""
"A216080","제테마","12","0","외감","","","",""
"A217190","제너셈","12","0","KOSDAQ","-2.8","48.67","","50.07"
"A217270","넵튠","12","0","KOSDAQ","0","10.17","","10.17"
"A217330","싸이토젠","12","0","외감","","","",""
"A217480","에스디생명공학","12","0","외감","","","",""
"A217500","러셀","12","0","KOSDAQ","1.02","9.38","","9.29"
"A217590","티엠씨","12","0","외감","","","",""
"A217730","강스템바이오텍","12","0","KOSDAQ","1.1","191.71","","189.63"
"A217820","원익피앤이","12","0","KOSDAQ","-2.29","94.08","","96.29"
"A218150","미래생명자원","12","0","KOSDAQ","1.02","7.02","","6.95"
"A218410","RFHIC","12","0","KOSDAQ","0","13.39","","13.39"
"A219130","타이거일렉","12","0","KOSDAQ","7.33","37.89","","35.3"
"A219420","링크제니시스","12","0","외감","","","",""
"A219550","디와이디","12","0","KOSDAQ","0","12.48","","12.48"
"A219750","한국비티비","12","0","KONEX","3.45","46.69","","45.14"
"A220100","퓨쳐켐","12","0","KONEX","7.87","52.79","","48.94"
"A220180","폴라리스AI핸디","12","0","KONEX","14.79","42.4","","36.94"
"A220260","켐트로스","12","0","KOSDAQ","-0.5","5.99","","6.02"
"A221800","지구홀딩스","12","0","KONEX","-2.82","29.95","","30.81"
"A221840","하이즈항공","12","0","KOSDAQ","1.89","191.12","","187.58"
"A221980","케이디켐","12","0","KOSDAQ","4.23","74.64","","71.62"
"A222040","코스맥스엔비티","12","0","KOSDAQ","-1.95","674.54","","687.94"
"A222080","SFA넥셀","12","0","KOSDAQ","0","13.93","","13.93"
"A222110","팬젠","12","0","KOSDAQ","1.13","155.67","","153.93"
"A222160","NPX","12","0","KONEX","0","14.71","","14.71"
"A222420","쎄노텍","12","0","KOSDAQ","1.08","7.72","","7.64"
"A222800","심텍","12","0","KOSDAQ","-1.57","165.47","","168.1"
"A222980","한국맥널티","12","0","KOSDAQ","-2.05","106.96","","109.2"
"A223250","드림씨아이에스","12","0","외감","","","",""
"A223310","사토시홀딩스","12","0","KOSDAQ","-3.9","89.8","","93.45"
"A224060","더코디","12","0","KOSDAQ","-2.27","40.78","","41.73"
"A224110","에이텍모빌리티","12","0","KOSDAQ","2.8","46.99","","45.71"
"A225190","LK삼양","12","0","외감","","","",""
"A225220","제놀루션","12","0","KONEX","-3.94","25.28","","26.32"
"A225430","케이엠제약","12","0","KOSDAQ","0","8.82","","8.82"
"A225530","HC보광산업","12","0","KOSDAQ","-0.21","109.73","","109.96"
"A225570","넥슨게임즈","12","0","KOSDAQ","0.76","17.96","","17.83"
"A225590","패션플랫폼","12","0","KOSDAQ","0","10.21","","10.21"
"A226320","잇츠한불","12","0","KOSPI","-1.07","805.43","","814.16"
"A226330","신테카바이오","12","0","외감","","","",""
"A226340","본느","12","0","KOSDAQ","-0.26","12.71","","12.74"
"A226400","오스테오닉","12","0","KONEX","","30.89","",""
"A226590","엠디바이스","12","0","외감","","","",""
"A226950","올릭스","12","0","외감","","","",""
"A227100","프로브잇","12","0","외감","","","",""
"A227610","아우딘퓨쳐스","12","0","외감","","","",""
"A227840","현대코퍼레이션홀딩스","12","0","KOSPI","-2.69","213.87","","219.79"
"A227950","엔투텍","12","0","KOSDAQ","-0.43","17.63","","17.7"
"A228340","동양파일","12","0","KOSDAQ","-3.08","220","","227"
"A228670","레이","12","0","외감","","","",""
"A228760","지노믹트리","12","0","외감","","","",""
"A228850","레이언스","12","0","KOSDAQ","0","344.26","","344.26"
"A229000","젠큐릭스","12","0","KONEX","-4.77","74.18","","77.89"
"A229640","LS에코에너지","12","0","외감","","","",""
"A230240","에치에프알","12","0","KOSDAQ","-2.01","15.64","","15.96"
"A230360","에코마케팅","12","0","외감","","","",""
"A232140","와이씨","12","0","KOSDAQ","0.51","20.82","","20.71"
"A232680","라온로보틱스","12","0","KONEX","10.19","10.87","","9.87"
"A232830","아이티센피엔에스","12","0","외감","","","",""
"A234030","싸이닉솔루션","12","0","외감","","","",""
"A234080","JW생명과학","12","0","외감","","","",""
"A234100","폴라리스세원","12","0","KONEX","14.86","19.32","","16.82"
"A234300","에스트래픽","12","0","외감","","","",""
"A234340","헥토파이낸셜","12","0","외감","","","",""
"A234690","녹십자웰빙","12","0","외감","","","",""
"A234920","자이글","12","0","외감","","","",""
"A235980","메드팩토","12","0","외감","","","",""
"A236200","슈프리마","12","0","KOSDAQ","2.36","199.31","","194.71"
"A236810","엔비티","12","0","외감","","","",""
"A237690","에스티팜","12","0","외감","","","",""
"A237750","피앤씨테크","12","0","외감","","","",""
"A237820","플레이디","12","0","외감","","","",""
"A237880","클리오","12","0","외감","","","",""
"A238090","앤디포스","12","0","외감","","","",""
"A238120","얼라인드","12","0","외감","","","",""
"A238200","비피도","12","0","외감","","","",""
"A238490","힘스","12","0","외감","","","",""
"A239340","이스트에이드","12","0","외감","","","",""
"A239610","에이치엘사이언스","12","0","외감","","","",""
"A239890","피엔에이치테크","12","0","외감","","","",""
"A240550","동방메디컬","12","0","외감","","","",""
"A240600","유진테크놀로지","12","0","외감","","","",""
"A240810","원익IPS","12","0","KOSDAQ","4.36","740.86","","709.9"
"A241520","DSC인베스트먼트","12","0","외감","","","",""
"A241560","두산밥캣","12","0","외감","","","",""
"A241590","화승엔터프라이즈","12","0","외감","","","",""
"A241690","유니테크노","12","0","외감","","","",""
"A241710","코스메카코리아","12","0","외감","","","",""
"A241770","메카로","12","0","외감","","","",""
"A241790","티이엠씨씨엔에스","12","0","외감","","","",""
"A241820","피씨엘","12","0","외감","","","",""
"A241840","에이스토리","12","0","외감","","","",""
"A242040","나무에이엑스","12","0","외감","","","",""
"A243070","휴온스","12","0","외감","","","",""
"A243840","신흥에스이씨","12","0","외감","","","",""
"A244460","올리패스","12","0","외감","","","",""
"A244920","에이플러스에셋","12","0","외감","","","",""
"A245620","EDGC","12","0","외감","","","",""
"A246250","에스엘에스바이오","12","0","외감","","","",""
"A246690","TS인베스트먼트","12","0","외감","","","",""
"A246710","티앤알바이오팹","12","0","외감","","","",""
"A246720","아스타","12","0","외감","","","",""
"A246960","SCL사이언스","12","0","외감","","","",""
"A247540","에코프로비엠","12","0","외감","","","",""
"A247660","나노씨엠에스","12","0","외감","","","",""
"A248070","솔루엠","12","0","외감","","","",""
"A248170","샘표식품","12","0","외감","","","",""
"A249420","일동제약","12","0","외감","","","",""
"A250000","보라티알","12","0","외감","","","",""
"A250060","모비스","12","0","외감","","","",""
"A250930","예선테크","12","0","외감","","","",""
"A251120","바이오에프디엔씨","12","0","외감","","","",""
"A251270","넷마블","12","0","외감","","","",""
"A251370","와이엠티","12","0","외감","","","",""
"A251630","브이원텍","12","0","외감","","","",""
"A251970","펌텍코리아","12","0","외감","","","",""
"A252500","세화피앤씨","12","0","외감","","","",""
"A252990","샘씨엔에스","12","0","외감","","","",""
"A253450","스튜디오드래곤","12","0","외감","","","",""
"A253590","네오셈","12","0","외감","","","",""
"A253840","수젠텍","12","0","외감","","","",""
"A254120","자비스","12","0","외감","","","",""
"A254490","미래반도체","12","0","외감","","","",""
"A255220","SG","12","0","외감","","","",""
"A255440","야스","12","0","외감","","","",""
"A256150","한독크린텍","12","0","외감","","","",""
"A256630","포인트엔지니어링","12","0","외감","","","",""
"A256840","한국비엔씨","12","0","외감","","","",""
"A256940","킵스파마","12","0","외감","","","",""
"A257370","피엔티엠에스","12","0","외감","","","",""
"A257720","실리콘투","12","0","외감","","","",""
"A258610","케일럼","12","0","외감","","","",""
"A258790","소프트캠프","12","0","외감","","","",""
"A258830","세종메디칼","12","0","외감","","","",""
"A259630","엠플러스","12","0","외감","","","",""
"A259960","크래프톤","12","0","외감","","","",""
"A260660","알리코제약","12","0","외감","","","",""
"A260930","씨티케이","12","0","외감","","","",""
"A260970","에스앤디","12","0","외감","","","",""
"A261200","덴티스","12","0","외감","","","",""
"A261520","이지스","12","0","외감","","","",""
"A261780","아리바이오랩","12","0","외감","","","",""
"A262260","에이프로","12","0","외감","","","",""
"A262840","아이퀘스트","12","0","외감","","","",""
"A263020","디케이앤디","12","0","외감","","","",""
"A263050","유틸렉스","12","0","외감","","","",""
"A263600","덕우전자","12","0","외감","","","",""
"A263690","디알젬","12","0","외감","","","",""
"A263700","케어랩스","12","0","외감","","","",""
"A263720","디앤씨미디어","12","0","외감","","","",""
"A263750","펄어비스","12","0","외감","","","",""
"A263770","유에스티","12","0","외감","","","",""
"A263800","데이타솔루션","12","0","외감","","","",""
"A263810","상신전자","12","0","외감","","","",""
"A263860","지니언스","12","0","외감","","","",""
"A263920","휴엠앤씨","12","0","외감","","","",""
"A264450","유비쿼스","12","0","외감","","","",""
"A264660","씨앤지하이테크","12","0","외감","","","",""
"A264850","이랜시스","12","0","외감","","","",""
"A264900","크라운제과","12","0","외감","","","",""
"A265520","AP시스템","12","0","외감","","","",""
"A265560","영화테크","12","0","외감","","","",""
"A265740","엔에프씨","12","0","외감","","","",""
"A267250","HD현대","12","0","외감","","","",""
"A267260","HD현대일렉트릭","12","0","외감","","","",""
"A267270","HD건설기계","12","0","외감","","","",""
"A267290","경동도시가스","12","0","외감","","","",""
"A267320","나인테크","12","0","외감","","","",""
"A267790","배럴","12","0","외감","","","",""
"A267850","아시아나IDT","12","0","외감","","","",""
"A267980","매일유업","12","0","외감","","","",""
"A268280","미원에스씨","12","0","외감","","","",""
"A269620","시스웍","12","0","외감","","","",""
"A270520","앱튼","12","0","외감","","","",""
"A270660","에브리봇","12","0","외감","","","",""
"A270870","뉴트리","12","0","외감","","","",""
"A271560","오리온","12","0","외감","","","",""
"A271830","팸텍","12","0","외감","","","",""
"A271940","일진하이솔루스","12","0","외감","","","",""
"A271980","제일약품","12","0","외감","","","",""
"A272110","케이엔제이","12","0","외감","","","",""
"A272210","한화시스템","12","0","외감","","","",""
"A272290","이녹스첨단소재","12","0","외감","","","",""
"A272450","진에어","12","0","외감","","","",""
"A272550","삼양패키징","12","0","외감","","","",""
"A273060","와이즈버즈","12","0","외감","","","",""
"A273640","와이엠텍","12","0","외감","","","",""
"A274090","켄코아에어로스페이스","12","0","외감","","","",""
"A274400","이노시뮬레이션","12","0","외감","","","",""
"A275630","에스에스알","12","0","외감","","","",""
"A276040","스코넥","12","0","외감","","","",""
"A276730","한울앤제주","12","0","외감","","","",""
"A277070","린드먼아시아","12","0","외감","","","",""
"A277410","인산가","12","0","외감","","","",""
"A277810","레인보우로보틱스","12","0","외감","","","",""
"A277880","티에스아이","12","0","외감","","","",""
"A278280","천보","12","0","외감","","","",""
"A278470","에이피알","12","0","외감","","","",""
"A278650","HLB바이오스텝","12","0","외감","","","",""
"A279570","케이뱅크","12","0","외감","","","",""
"A279600","미디어젠","12","0","외감","","","",""
"A280360","롯데웰푸드","12","0","외감","","","",""
"A281740","레이크머티리얼즈","12","0","외감","","","",""
"A281820","케이씨텍","12","0","외감","","","",""
"A282330","BGF리테일","12","0","외감","","","",""
"A282720","금양그린파워","12","0","외감","","","",""
"A282880","코윈테크","12","0","외감","","","",""
"A284620","카이노스메드","12","0","외감","","","",""
"A284740","쿠쿠홈시스","12","0","외감","","","",""
"A285130","SK케미칼","12","0","외감","","","",""
"A285490","노바텍","12","0","외감","","","",""
"A285800","진영","12","0","외감","","","",""
"A286750","나노실리칸첨단소재","12","0","외감","","","",""
"A286940","롯데이노베이트","12","0","외감","","","",""
"A287840","인투셀","12","0","외감","","","",""
"A288180","케이피항공산업","12","0","외감","","","",""
"A288330","파라택시스코리아","12","0","외감","","","",""
"A288620","에스프리즘","12","0","외감","","","",""
"A288980","모아데이타","12","0","외감","","","",""
"A289010","아이스크림에듀","12","0","외감","","","",""
"A289080","SV인베스트먼트","3","0","외감","","","",""
"A289220","자이언트스텝","12","0","외감","","","",""
"A289930","웨이비스","12","0","외감","","","",""
"A290090","트윔","12","0","외감","","","",""
"A290120","DH오토리드","12","0","외감","","","",""
"A290270","휴네시온","12","0","외감","","","",""
"A290520","신도기연","12","0","외감","","","",""
"A290550","디케이티","12","0","외감","","","",""
"A290560","파라택시스이더리움","12","0","외감","","","",""
"A290650","엘앤씨바이오","12","0","외감","","","",""
"A290660","다이나믹솔루션","12","0","외감","","","",""
"A290670","대보마그네틱","12","0","외감","","","",""
"A290690","아리바이오홀딩스","12","0","외감","","","",""
"A290720","푸드나무","12","0","외감","","","",""
"A290740","액트로","12","0","외감","","","",""
"A291230","엔피","12","0","외감","","","",""
"A291650","압타머사이언스","12","0","외감","","","",""
"A291810","핀텔","12","0","외감","","","",""
"A293480","하나제약","12","0","외감","","","",""
"A293490","카카오게임즈","12","0","외감","","","",""
"A293580","나우IB","12","0","외감","","","",""
"A293780","압타바이오","12","0","외감","","","",""
"A294090","이오플로우","12","0","외감","","","",""
"A294140","레몬","12","0","외감","","","",""
"A294570","쿠콘","12","0","외감","","","",""
"A294630","서남","12","0","외감","","","",""
"A294870","IPARK현대산업개발","12","0","외감","","","",""
"A295310","에이치브이엠","12","0","외감","","","",""
"A296640","이노에이엑스","12","0","외감","","","",""
"A297090","씨에스베어링","12","0","외감","","","",""
"A297570","아틀라스링크","12","0","외감","","","",""
"A297890","HB솔루션","12","0","외감","","","",""
"A298000","효성화학","12","0","외감","","","",""
"A298020","효성티앤씨","12","0","외감","","","",""
"A298040","효성중공업","12","0","외감","","","",""
"A298050","HS효성첨단소재","12","0","외감","","","",""
"A298060","풍전약품","12","0","외감","","","",""
"A298380","에이비엘바이오","12","0","외감","","","",""
"A298540","더네이쳐홀딩스","12","0","외감","","","",""
"A298690","에어부산","12","0","외감","","","",""
"A298830","슈어소프트테크","12","0","외감","","","",""
"A299030","하나기술","12","0","외감","","","",""
"A299170","더블유에스아이","12","0","외감","","","",""
"A299660","셀리드","12","0","외감","","","",""
"A299900","위지윅스튜디오","12","0","외감","","","",""
"A300080","플리토","12","0","외감","","","",""
"A300120","라온피플","12","0","외감","","","",""
"A300720","한일시멘트","12","0","외감","","","",""
"A301300","바이브컴퍼니","12","0","외감","","","",""
"A302430","이노메트리","12","0","외감","","","",""
"A302440","SK바이오사이언스","12","0","외감","","","",""
"A302550","리메드","12","0","외감","","","",""
"A303030","지니틱스","12","0","외감","","","",""
"A303360","프로티아","12","0","외감","","","",""
"A303530","이노뎁","12","0","외감","","","",""
"A303810","동국생명과학","12","0","외감","","","",""
"A304100","솔트룩스","12","0","외감","","","",""
"A304360","에스바이오메딕스","12","0","외감","","","",""
"A304840","피플바이오","12","0","외감","","","",""
"A305090","마이크로디지탈","12","0","외감","","","",""
"A306040","에스제이그룹","12","0","외감","","","",""
"A306200","세아제강","12","0","외감","","","",""
"A306620","지아이에스","12","0","외감","","","",""
"A307180","아이엘","12","0","외감","","","",""
"A307280","원바이오젠","12","0","외감","","","",""
"A307750","국전","12","0","외감","","","",""
"A307870","비투엔","12","0","외감","","","",""
"A307930","컴퍼니케이","12","0","외감","","","",""
"A307950","현대오토에버","12","0","외감","","","",""
"A308080","바이젠셀","12","0","외감","","","",""
"A308100","형지글로벌","12","0","외감","","","",""
"A308170","씨티알모빌리티","12","0","외감","","","",""
"A308430","셀비온","12","0","외감","","","",""
"A309710","아이티켐","12","0","외감","","","",""
"A309930","조이웍스앤코","12","0","외감","","","",""
"A309960","LB인베스트먼트","12","0","외감","","","",""
"A310200","애니플러스","12","0","외감","","","",""
"A310210","보로노이","12","0","외감","","","",""
"A310870","디와이씨","12","0","외감","","","",""
"A311320","지오엘리먼트","12","0","외감","","","",""
"A311390","네오크레마","12","0","외감","","","",""
"A311690","CJ 바이오사이언스","12","0","외감","","","",""
"A312610","에이에프더블류","12","0","외감","","","",""
"A313760","캐리","12","0","외감","","","",""
"A314130","지놈앤컴퍼니","12","0","외감","","","",""
"A314140","알피바이오","12","0","외감","","","",""
"A314930","바이오다인","12","0","외감","","","",""
"A315640","딥노이드","12","0","외감","","","",""
"A316140","우리금융지주","12","0","외감","","","",""
"A317120","라닉스","12","0","외감","","","",""
"A317240","TS트릴리온","12","0","외감","","","",""
"A317330","덕산테코피아","12","0","외감","","","",""
"A317400","자이에스앤디","12","0","외감","","","",""
"A317450","명인제약","12","0","외감","","","",""
"A317530","에피소드컴퍼니","12","0","외감","","","",""
"A317690","퀀타매트릭스","12","0","외감","","","",""
"A317770","엑스페릭스","12","0","외감","","","",""
"A317830","에스피시스템스","12","0","외감","","","",""
"A317850","대모","12","0","외감","","","",""
"A317870","엔바이오니아","12","0","외감","","","",""
"A318000","KBG","12","0","외감","","","",""
"A318010","팜스빌","12","0","외감","","","",""
"A318020","포인트모바일","12","0","외감","","","",""
"A318060","그래피","12","0","외감","","","",""
"A318160","셀바이오휴먼텍","12","0","외감","","","",""
"A318410","비비씨","12","0","외감","","","",""
"A319400","현대무벡스","12","0","외감","","","",""
"A319660","피에스케이","12","0","외감","","","",""
"A320000","한울반도체","12","0","외감","","","",""
"A321260","프로이천","12","0","외감","","","",""
"A321370","센서뷰","12","0","외감","","","",""
"A321550","티움바이오","12","0","외감","","","",""
"A321820","아티스트컴퍼니","12","0","외감","","","",""
"A322000","HD현대에너지솔루션","12","0","외감","","","",""
"A322180","LS티라유텍","12","0","외감","","","",""
"A322310","오로스테크놀로지","12","0","외감","","","",""
"A322510","제이엘케이","12","0","외감","","","",""
"A322780","코퍼스코리아","12","0","외감","","","",""
"A323280","태성","12","0","외감","","","",""
"A323350","다원넥스뷰","12","0","외감","","","",""
"A323410","카카오뱅크","12","0","외감","","","",""
"A323990","박셀바이오","12","0","외감","","","",""
"A326030","SK바이오팜","12","0","외감","","","",""
"A327260","RF머트리얼즈","12","0","외감","","","",""
"A328130","루닛","12","0","외감","","","",""
"A328380","솔트웨어","12","0","외감","","","",""
"A329180","HD현대중공업","12","0","외감","","","",""
"A330350","위더스제약","12","0","외감","","","",""
"A330730","스톤브릿지벤처스","12","0","외감","","","",""
"A330860","네패스아크","12","0","외감","","","",""
"A331380","포커스에이아이","12","0","외감","","","",""
"A331520","밸로프","12","0","외감","","","",""
"A331740","아우토크립트","12","0","외감","","","",""
"A331920","셀레믹스","12","0","외감","","","",""
"A332290","누보","12","0","외감","","","",""
"A332370","아이디피","12","0","외감","","","",""
"A332570","PS일렉트로닉스","12","0","외감","","","",""
"A333050","이노테나","12","0","외감","","","",""
"A333430","일승","12","0","외감","","","",""
"A333620","엔시스","12","0","외감","","","",""
"A334970","프레스티지바이오로직스","6","0","외감","","","",""
"A335810","프리시젼바이오","12","0","외감","","","",""
"A335870","윙스풋","12","0","외감","","","",""
"A336060","웨이버스","12","0","외감","","","",""
"A336260","두산퓨얼셀","12","0","외감","","","",""
"A336370","솔루스첨단소재","12","0","외감","","","",""
"A336570","원텍","12","0","외감","","","",""
"A336680","탑런토탈솔루션","12","0","외감","","","",""
"A337930","젝시믹스","12","0","외감","","","",""
"A338220","뷰노","12","0","외감","","","",""
"A338840","와이바이오로직스","12","0","외감","","","",""
"A339770","교촌에프앤비","12","0","외감","","","",""
"A339950","아이비김영","12","0","외감","","","",""
"A340360","다보링크","12","0","외감","","","",""
"A340440","세림B&G","12","0","외감","","","",""
"A340450","지씨지놈","12","0","외감","","","",""
"A340570","티앤엘","12","0","외감","","","",""
"A340810","시선AI","12","0","외감","","","",""
"A340930","성원에너텍","12","0","외감","","","",""
"A342870","오아","12","0","외감","","","",""
"A344820","KCC글라스","12","0","외감","","","",""
"A344860","이노진","12","0","외감","","","",""
"A347000","센코","12","0","외감","","","",""
"A347700","스피어","12","0","외감","","","",""
"A347740","피엔케이피부임상연구센타","12","0","외감","","","",""
"A347770","핌스","12","0","외감","","","",""
"A347850","디앤디파마텍","12","0","외감","","","",""
"A347860","알체라","12","0","외감","","","",""
"A347890","엠엑스온","12","0","외감","","","",""
"A348030","모비릭스","12","0","외감","","","",""
"A348080","큐라티스","12","0","외감","","","",""
"A348150","고바이오랩","12","0","외감","","","",""
"A348210","넥스틴","12","0","외감","","","",""
"A348340","뉴로메카","12","0","외감","","","",""
"A348350","위드텍","12","0","외감","","","",""
"A348370","엔켐","12","0","외감","","","",""
"A351320","넥사다이내믹스","12","0","외감","","","",""
"A351330","이삭엔지니어링","12","0","외감","","","",""
"A351870","차이커뮤니케이션","12","0","외감","","","",""
"A352090","스톰테크","12","0","외감","","","",""
"A352480","씨앤씨인터내셔널","12","0","외감","","","",""
"A352700","씨앤투스","12","0","외감","","","",""
"A352770","셀레스트라","12","0","외감","","","",""
"A352820","하이브","12","0","외감","","","",""
"A352910","오비고","12","0","외감","","","",""
"A352940","인바이오","12","0","외감","","","",""
"A353190","휴럼","12","0","외감","","","",""
"A353200","대덕전자","12","0","외감","","","",""
"A353590","오토앤","12","0","외감","","","",""
"A353810","이지바이오","12","0","외감","","","",""
"A354200","엔젠바이오","12","0","외감","","","",""
"A354320","알멕","12","0","외감","","","",""
"A355150","코스텍시스","12","0","외감","","","",""
"A355390","크라우드웍스","12","0","외감","","","",""
"A355690","에이텀","12","0","외감","","","",""
"A356680","엑스게이트","12","0","외감","","","",""
"A356860","티엘비","12","0","외감","","","",""
"A356890","싸이버원","12","0","외감","","","",""
"A357230","에이치피오","12","0","외감","","","",""
"A357550","석경에이티","12","0","외감","","","",""
"A357580","아모센스","12","0","외감","","","",""
"A357780","솔브레인","12","0","외감","","","",""
"A357880","SKAI","12","0","외감","","","",""
"A358570","지아이이노베이션","12","0","외감","","","",""
"A359090","씨엔알리서치","12","0","외감","","","",""
"A360070","탑머티리얼","12","0","외감","","","",""
"A360350","코셈","12","0","외감","","","",""
"A361390","제노코","12","0","외감","","","",""
"A361570","알비더블유","12","0","외감","","","",""
"A361610","SK아이이테크놀로지","12","0","외감","","","",""
"A361670","삼영에스앤씨","12","0","외감","","","",""
"A362320","청담글로벌","12","0","외감","","","",""
"A362990","드림인사이트","12","0","외감","","","",""
"A363250","진시스템","12","0","외감","","","",""
"A363260","모비데이즈","12","0","외감","","","",""
"A363280","티와이홀딩스","12","0","외감","","","",""
"A364950","에이아이코리아","12","0","외감","","","",""
"A365270","큐라클","12","0","외감","","","",""
"A365330","에스와이스틸텍","12","0","외감","","","",""
"A365340","성일하이텍","12","0","외감","","","",""
"A365590","하이딥","12","0","외감","","","",""
"A365900","브이씨","12","0","외감","","","",""
"A366030","나인앤컴퍼니","12","0","외감","","","",""
"A367000","플래티어","12","0","외감","","","",""
"A368600","아이씨에이치","12","0","외감","","","",""
"A368770","파이버프로","12","0","외감","","","",""
"A368970","오에스피","12","0","외감","","","",""
"A369370","블리츠웨이엔터테인먼트","12","0","외감","","","",""
"A370090","퓨런티어","12","0","외감","","","",""
"A371950","풍원정밀","12","0","외감","","","",""
"A372170","윤성에프앤씨","12","0","외감","","","",""
"A372320","큐로셀","12","0","외감","","","",""
"A372800","아이티아이즈","12","0","외감","","","",""
"A372910","한컴라이프케어","12","0","외감","","","",""
"A373110","엑셀세라퓨틱스","12","0","외감","","","",""
"A373160","데이원컴퍼니","12","0","외감","","","",""
"A373170","엠아이큐브솔루션","12","0","외감","","","",""
"A373200","엑스플러스","12","0","외감","","","",""
"A373220","LG에너지솔루션","12","0","외감","","","",""
"A375500","DL이앤씨","12","0","외감","","","",""
"A376180","피코그램","12","0","외감","","","",""
"A376270","HEM파마","12","0","외감","","","",""
"A376290","씨유테크","12","0","외감","","","",""
"A376300","디어유","12","0","외감","","","",""
"A376900","로킷헬스케어","12","0","외감","","","",""
"A376930","노을","12","0","외감","","","",""
"A376980","원티드랩","12","0","외감","","","",""
"A377030","비트맥스","12","0","외감","","","",""
"A377220","프롬바이오","12","0","외감","","","",""
"A377300","카카오페이","12","0","외감","","","",""
"A377330","이지트로닉스","12","0","외감","","","",""
"A377450","리파인","12","0","외감","","","",""
"A377460","큐에이드","12","0","외감","","","",""
"A377480","마음AI","12","0","외감","","","",""
"A377740","바이오노트","12","0","외감","","","",""
"A378340","필에너지","12","0","외감","","","",""
"A378800","샤페론","12","0","외감","","","",""
"A378850","화승알앤에이","12","0","외감","","","",""
"A380540","옵티코어","12","0","외감","","","",""
"A380550","뉴로핏","12","0","외감","","","",""
"A381620","제닉스로보틱스","12","0","외감","","","",""
"A381970","케이카","12","0","외감","","","",""
"A382150","온코크로스","12","0","외감","","","",""
"A382480","지아이텍","12","0","외감","","","",""
"A382800","지앤비에스 에코","12","0","외감","","","",""
"A382840","원준","12","0","외감","","","",""
"A382900","범한퓨얼셀","12","0","외감","","","",""
"A383220","F&F","12","0","외감","","","",""
"A383310","에코프로에이치엔","12","0","외감","","","",""
"A383800","LX홀딩스","12","0","외감","","","",""
"A383930","디티앤씨알오","12","0","외감","","","",""
"A384470","코어라인소프트","12","0","외감","","","",""
"A387570","파인메딕스","12","0","외감","","","",""
"A388050","지투파워","12","0","외감","","","",""
"A388210","씨엠티엑스","12","0","외감","","","",""
"A388610","지에프씨생명과학","12","0","외감","","","",""
"A388720","유일로보틱스","12","0","외감","","","",""
"A388790","라이콤","12","0","외감","","","",""
"A388870","파로스아이바이오","12","0","외감","","","",""
"A389020","자람테크놀로지","12","0","외감","","","",""
"A389030","지니너스","12","0","외감","","","",""
"A389140","포바이포","12","0","외감","","","",""
"A389260","대명에너지","12","0","외감","","","",""
"A389470","인벤티지랩","12","0","외감","","","",""
"A389500","에스비비테크","12","0","외감","","","",""
"A389650","넥스트바이오메디컬","12","0","외감","","","",""
"A389680","유디엠텍","12","0","외감","","","",""
"A391710","코닉오토메이션","12","0","외감","","","",""
"A393210","토마토시스템","12","0","외감","","","",""
"A393890","더블유씨피","12","0","외감","","","",""
"A393970","대진첨단소재","12","0","외감","","","",""
"A394280","오픈엣지테크놀로지","12","0","외감","","","",""
"A394420","리센스메디컬","12","0","외감","","","",""
"A394800","쓰리빌리언","12","0","외감","","","",""
"A396270","넥스트칩","12","0","외감","","","",""
"A396300","세아메카닉스","12","0","외감","","","",""
"A396470","워트","12","0","외감","","","",""
"A397030","에이프릴바이오","12","0","외감","","","",""
"A397810","애드포러스","12","0","외감","","","",""
"A398120","에스지헬스케어","12","0","외감","","","",""
"A399720","가온칩스","12","0","외감","","","",""
"A402030","코난테크놀로지","12","0","외감","","","",""
"A402340","SK스퀘어","12","0","외감","","","",""
"A402490","그린리소스","12","0","외감","","","",""
"A403490","우듬지팜","12","0","외감","","","",""
"A403550","쏘카","12","0","외감","","","",""
"A403850","더핑크퐁컴퍼니","12","0","외감","","","",""
"A403870","HPSP","12","0","외감","","","",""
"A405000","플라즈맵","12","0","외감","","","",""
"A405100","큐알티","12","0","외감","","","",""
"A405920","나라셀라","12","0","외감","","","",""
"A406820","뷰티스킨","12","0","외감","","","",""
"A407400","꿈비","12","0","외감","","","",""
"A408470","한패스","12","0","외감","","","",""
"A408900","스튜디오미르","12","0","외감","","","",""
"A408920","메쎄이상","12","0","외감","","","",""
"A411080","샌즈랩","12","0","외감","","","",""
"A412350","레이저쎌","12","0","외감","","","",""
"A412540","제일엠앤에스","12","0","외감","","","",""
"A413390","엠오티","12","0","외감","","","",""
"A413630","씨피시스템","12","0","외감","","","",""
"A413640","비아이매트릭스","12","0","외감","","","",""
"A415380","스튜디오삼익","12","0","외감","","","",""
"A416180","신성에스티","12","0","외감","","","",""
"A417010","나노팀","12","0","외감","","","",""
"A417180","핑거스토리","12","0","외감","","","",""
"A417200","LS머트리얼즈","12","0","외감","","","",""
"A417500","제이아이테크","12","0","외감","","","",""
"A417790","트루엔","12","0","외감","","","",""
"A417840","저스템","12","0","외감","","","",""
"A417860","오브젠","12","0","외감","","","",""
"A417970","모델솔루션","12","0","외감","","","",""
"A418250","시큐레터","12","0","외감","","","",""
"A418420","라온텍","12","0","외감","","","",""
"A418470","KT밀리의서재","12","0","외감","","","",""
"A418550","제이오","12","0","외감","","","",""
"A418620","E8","12","0","외감","","","",""
"A419050","삼기에너지솔루션즈","12","0","외감","","","",""
"A419080","엔젯","12","0","외감","","","",""
"A419120","산돌","12","0","외감","","","",""
"A419530","SAMG엔터","12","0","외감","","","",""
"A419540","비스토스","12","0","외감","","","",""
"A420570","제이투케이바이오","12","0","외감","","","",""
"A420770","기가비스","12","0","외감","","","",""
"A424760","벨로크","12","0","외감","","","",""
"A424870","이뮨온시아","12","0","외감","","","",""
"A424960","스마트레이더시스템","12","0","외감","","","",""
"A424980","마이크로투나노","12","0","외감","","","",""
"A425040","티이엠씨","12","0","외감","","","",""
"A425420","티에프이","12","0","외감","","","",""
"A429270","시지트로닉스","12","0","외감","","","",""
"A430690","한싹","12","0","외감","","","",""
"A431190","케이쓰리아이","12","0","외감","","","",""
"A432430","와이랩","12","0","외감","","","",""
"A432470","케이엔에스","12","0","외감","","","",""
"A432720","퀄리타스반도체","12","0","외감","","","",""
"A432980","엠에프씨","12","0","외감","","","",""
"A434480","모니터랩","12","0","외감","","","",""
"A435570","에르코스","12","0","외감","","","",""
"A437730","삼현","12","0","외감","","","",""
"A438700","버넥트","12","0","외감","","","",""
"A439090","마녀공장","12","0","외감","","","",""
"A439260","대한조선","12","0","외감","","","",""
"A439580","블루엠텍","12","0","외감","","","",""
"A439960","코스모로보틱스","12","0","외감","","","",""
"A440110","파두","12","0","외감","","","",""
"A440290","HB인베스트먼트","12","0","외감","","","",""
"A440320","오픈놀","12","0","외감","","","",""
"A441270","파인엠텍","12","0","외감","","","",""
"A443060","HD현대마린솔루션","12","0","외감","","","",""
"A443250","레뷰코퍼레이션","12","0","외감","","","",""
"A443670","에스피소프트","12","0","외감","","","",""
"A444530","심플랫폼","12","0","외감","","","",""
"A445090","에이직랜드","12","0","외감","","","",""
"A445180","퓨릿","12","0","외감","","","",""
"A445680","큐리옥스바이오시스템즈","12","0","외감","","","",""
"A446070","유니드비티플러스","12","0","외감","","","",""
"A446540","메가터치","12","0","외감","","","",""
"A446840","지슨","12","0","외감","","","",""
"A448280","에코아이","12","0","외감","","","",""
"A448710","코츠테크놀로지","12","0","외감","","","",""
"A448900","한국피아이엠","12","0","외감","","","",""
"A450080","에코프로머티","12","0","외감","","","",""
"A450330","하스","12","0","외감","","","",""
"A450520","인스웨이브","12","0","외감","","","",""
"A450950","아스테라시스","12","0","외감","","","",""
"A451220","아이엠티","12","0","외감","","","",""
"A451250","삐아","12","0","외감","","","",""
"A451760","컨텍","12","0","외감","","","",""
"A452160","제이엔비","12","0","외감","","","",""
"A452190","한빛레이저","12","0","외감","","","",""
"A452200","민테크","12","0","외감","","","",""
"A452260","한화갤러리아","12","0","외감","","","",""
"A452280","한선엔지니어링","12","0","외감","","","",""
"A452300","캡스톤파트너스","12","0","외감","","","",""
"A452400","이닉스","12","0","외감","","","",""
"A452430","사피엔반도체","12","0","외감","","","",""
"A452450","피아이이","12","0","외감","","","",""
"A453340","현대그린푸드","12","0","외감","","","",""
"A453450","그리드위즈","12","0","외감","","","",""
"A453860","에이에스텍","12","0","외감","","","",""
"A454910","두산로보틱스","12","0","외감","","","",""
"A455180","케이지에이","12","0","외감","","","",""
"A455900","엔젤로보틱스","12","0","외감","","","",""
"A456010","아이씨티케이","12","0","외감","","","",""
"A456040","OCI","12","0","외감","","","",""
"A456070","이엔셀","12","0","외감","","","",""
"A456160","지투지바이오","12","0","외감","","","",""
"A457190","이수스페셜티케미컬","12","0","외감","","","",""
"A457370","한켐","12","0","외감","","","",""
"A457550","우진엔텍","12","0","외감","","","",""
"A457600","벡트","12","0","외감","","","",""
"A458350","에스팀","12","0","외감","","","",""
"A458650","성우","12","0","외감","","","",""
"A458870","씨어스","12","0","외감","","","",""
"A459100","위츠","12","0","외감","","","",""
"A459510","나우로보틱스","12","0","외감","","","",""
"A459550","알트","12","0","외감","","","",""
"A460470","아이빔테크놀로지","12","0","외감","","","",""
"A460850","동국씨엠","12","0","외감","","","",""
"A460860","동국제강","12","0","외감","","","",""
"A460870","에스엠씨지","12","0","외감","","","",""
"A460930","현대힘스","12","0","외감","","","",""
"A460940","피앤에스로보틱스","12","0","외감","","","",""
"A461030","아이엠비디엑스","12","0","외감","","","",""
"A461300","아이스크림미디어","12","0","외감","","","",""
"A462310","뉴키즈온","12","0","외감","","","",""
"A462350","이노스페이스","12","0","외감","","","",""
"A462510","라메디텍","12","0","외감","","","",""
"A462520","조선내화","12","0","외감","","","",""
"A462860","더즌","12","0","외감","","","",""
"A462870","시프트업","12","0","외감","","","",""
"A462980","아이지넷","12","0","외감","","","",""
"A463020","뉴엔AI","12","0","외감","","","",""
"A463480","모티브링크","12","0","외감","","","",""
"A464080","에스오에스랩","12","0","외감","","","",""
"A464280","티디에스팜","12","0","외감","","","",""
"A464490","쿼드메디슨","12","0","외감","","","",""
"A464500","아이언디바이스","12","0","외감","","","",""
"A464580","닷밀","12","0","외감","","","",""
"A465480","인스피언","12","0","외감","","","",""
"A465770","STX그린로지스","12","0","외감","","","",""
"A466100","클로봇","12","0","외감","","","",""
"A466410","사이냅소프트","12","0","외감","","","",""
"A468530","프로티나","12","0","외감","","","",""
"A469610","이노테크","12","0","외감","","","",""
"A469750","아이비젼웍스","12","0","외감","","","",""
"A471820","셀로맥스사이언스","12","0","외감","","","",""
"A472850","폰드그룹","12","0","외감","","","",""
"A473980","노머스","12","0","외감","","","",""
"A474170","루미르","12","0","외감","","","",""
"A474610","RF시스템즈","12","0","외감","","","",""
"A474650","링크솔루션","12","0","외감","","","",""
"A475150","SK이터닉스","12","0","외감","","","",""
"A475230","엔알비","12","0","외감","","","",""
"A475400","씨메스로보틱스","12","0","외감","","","",""
"A475430","키스트론","12","0","외감","","","",""
"A475460","미트박스","12","0","외감","","","",""
"A475560","더본코리아","12","0","외감","","","",""
"A475580","에이럭스","12","0","외감","","","",""
"A475660","에스켐","12","0","외감","","","",""
"A475830","오름테라퓨틱","12","0","외감","","","",""
"A475960","토모큐브","12","0","외감","","","",""
"A476040","오가노이드사이언스","12","0","외감","","","",""
"A476060","온코닉테라퓨틱스","12","0","외감","","","",""
"A476080","M83","12","0","외감","","","",""
"A476830","알지노믹스","12","0","외감","","","",""
"A477850","마키나락스","12","0","외감","","","",""
"A478340","나라스페이스테크놀로지","12","0","외감","","","",""
"A478560","블랙야크아이앤씨","12","0","외감","","","",""
"A479960","위너스일렉","12","0","외감","","","",""
"A480370","씨케이솔루션","12","0","외감","","","",""
"A481070","에이유브랜즈","12","0","외감","","","",""
"A482630","삼양엔씨켐","12","0","외감","","","",""
"A483650","달바글로벌","12","0","외감","","","",""
"A484120","도우인시스","12","0","외감","","","",""
"A484590","삼양컴텍","12","0","외감","","","",""
"A484810","티엑스알로보틱스","12","0","외감","","","",""
"A484870","엠앤씨솔루션","12","0","외감","","","",""
"A486990","노타","12","0","외감","","","",""
"A487570","HS효성","12","0","외감","","","",""
"A487580","폴레드","12","0","외감","","","",""
"A488280","에스투더블유","12","0","외감","","","",""
"A488900","비츠로넥스텍","12","0","외감","","","",""
"A489460","바이오비쥬","12","0","외감","","","",""
"A489500","엘케이켐","12","0","외감","","","",""
"A489790","한화비전","12","0","외감","","","",""
"A490470","세미파이브","12","0","외감","","","",""
"A491000","리브스메드","12","0","외감","","","",""
"A493280","아이엠바이오로직스","12","0","외감","","","",""
"A493330","지에프아이","12","0","외감","","","",""
"A494120","큐리오시스","12","0","외감","","","",""
"A499790","GS피앤엘","12","0","외감","","","",""
"A900070","글로벌에스엠","12","0","KOSDAQ","6.97","127.12","","118.84"
"A900100","파이온엑스","12","0","KOSDAQ","-5.07","221.55","","233.38"
"A900110","딥커머스","12","0","KOSDAQ","-0.78","70.96","","71.52"
"A900120","씨엑스아이","6","0","KOSDAQ","-0.52","290.17","","291.67"
"A900140","엘브이엠씨홀딩스","12","0","KOSPI","-1.98","451.41","","460.5"
"A900250","크리스탈신소재","12","0","KOSDAQ","-2.63","228","","234.17"
"A900260","로스웰","12","0","외감","","","",""
"A900270","헝셩그룹","12","0","외감","","","",""
"A900290","GRT","6","0","외감","","","",""
"A900300","오가닉티코스메틱","12","0","외감","","","",""
"A900310","컬러레이","12","0","외감","","","",""
"A900340","윙입푸드","12","0","외감","","","",""
"A950130","엑세스바이오","12","0","KOSDAQ","-0.94","198.66","","200.55"
"A950140","잉글우드랩","12","0","외감","","","",""
"A950160","코오롱티슈진","12","0","외감","","","",""
"A950170","JTC","2","0","외감","","","",""
"A950190","고스트스튜디오","12","0","외감","","","",""
"A950200","소마젠","12","0","외감","","","",""
"A950210","프레스티지바이오파마","6","0","외감","","","",""
"A950220","네오이뮨텍","12","0","외감","","","",""
"A950250","테라뷰","4","0","외감","","","",""
