"Code","Name","결산월","코스피200 구성종목여부(1:해당, 0:미해당)","상장된 시장","수정주가수익률","시가총액","","이전 시가총액"
"A000020","동화약품","12","0","KOSPI","1.22","279.04","","275.68"
"A000040","KR모터스","12","0","KOSPI","6.67","225.16","","211.09"
"A000050","경방","12","1","KOSPI","-2.28","470.17","","481.14"
"A000070","삼양홀딩스","12","1","KOSPI","0","1139.05","","1139.05"
"A000080","하이트진로","12","1","KOSPI","0.21","1641.13","","1637.62"
"A000100","유한양행","12","1","KOSPI","-3.48","3401.53","","3524.2"
"A000120","CJ대한통운","12","1","KOSPI","-1.83","4904.65","","4995.9"
"A000140","하이트진로홀딩스","12","1","KOSPI","1.8","328.38","","322.57"
"A000150","두산","12","1","KOSPI","-0.94","2233.44","","2254.71"
"A000180","성창기업지주","12","0","KOSPI","0","226","","226"
"A0001A0","덕양에너젠","12","0","외감","","","",""
"A000210","DL","12","1","KOSPI","5.77","2871","","2714.4"
"A000220","유유제약","12","0","KOSPI","1.02","91.19","","90.26"
"A000230","일동홀딩스","12","1","KOSPI","1.05","724.47","","716.95"
"A000240","한국앤컴퍼니","12","1","KOSPI","-0.96","1925.52","","1944.12"
"A000250","삼천당제약","12","0","KOSDAQ","-1.47","214.49","","217.69"
"A000270","기아","12","1","KOSPI","0","16883.38","","16883.38"
"A000300","DH오토넥스","12","0","KOSPI","0.79","111.91","","111.03"
"A000320","노루홀딩스","12","0","KOSPI","-1.66","234.94","","238.89"
"A000370","한화손해보험","12","0","KOSPI","0","631.54","","631.54"
"A000390","SP삼화","12","0","KOSPI","0","264.07","","264.07"
"A000400","롯데손해보험","12","0","KOSPI","-0.19","345.1","","345.77"
"A000430","대원강업","12","0","KOSPI","-0.1","303.49","","303.8"
"A000440","중앙에너비스","12","0","KOSDAQ","0","37.3","","37.3"
"A000480","CR홀딩스","12","0","KOSPI","-0.24","331.6","","332.4"
"A000490","대동","12","0","KOSPI","0.26","185.79","","185.32"
"A0004V0","엔비알모션","12","0","외감","","","",""
"A000500","가온전선","12","0","KOSPI","-0.64","97.35","","97.98"
"A000520","삼일제약","12","0","KOSPI","0.6","55.28","","54.95"
"A000540","흥국화재","12","0","KOSPI","0.89","217.78","","215.86"
"A000590","CS홀딩스","12","0","KOSPI","0.13","90.51","","90.4"
"A000640","동아쏘시오홀딩스","12","1","KOSPI","-1.18","813.45","","823.14"
"A000650","천일고속","12","0","KOSPI","0.57","125.63","","124.91"
"A000660","SK하이닉스","12","1","KOSPI","-0.47","23296.08","","23405.28"
"A000670","영풍","12","1","KOSPI","-0.76","2164.4","","2180.98"
"A000680","LS네트웍스","12","0","KOSPI","0.15","259.66","","259.26"
"A000700","유수홀딩스","12","0","KOSPI","2.38","279.95","","273.44"
"A000720","현대건설","12","1","KOSPI","2.42","3769.39","","3680.31"
"A000760","이화산업","12","0","KOSPI","0","54.04","","54.04"
"A0007C0","아크릴","12","0","외감","","","",""
"A0007J0","인벤테라","12","0","외감","","","",""
"A000810","삼성화재","12","1","KOSPI","0.74","12814.89","","12720.14"
"A000850","화천기공","12","0","KOSPI","-0.2","110.44","","110.66"
"A000860","강남제비스코","12","0","KOSPI","-1.39","230.75","","234"
"A000880","한화","12","1","KOSPI","-2.32","2679.77","","2743.49"
"A000890","보해양조","12","0","KOSPI","1.08","134.11","","132.68"
"A0008Z0","에스엔시스","12","0","외감","","","",""
"A000910","유니온","12","0","KOSPI","-0.98","63.38","","64.01"
"A000950","전방","12","0","KOSPI","0.5","67.2","","66.86"
"A000970","한국주철관","12","0","KOSPI","-0.47","243.97","","245.11"
"A000990","DB하이텍","12","1","KOSPI","-1.38","791.97","","803.06"
"A0009K0","에임드바이오","12","0","외감","","","",""
"A001000","신라섬유","12","0","KOSDAQ","-1.04","69.43","","70.16"
"A001020","페이퍼코리아","12","0","KOSPI","-1.62","116.76","","118.68"
"A001040","CJ","12","1","KOSPI","1.17","6326.7","","6253.81"
"A001060","JW중외제약","12","1","KOSPI","0.53","1064.58","","1058.96"
"A001070","대한방직","12","0","KOSPI","-0.32","65.51","","65.72"
"A001080","만호제강","6","0","KOSPI","-1","81.96","","82.79"
"A0010F0","보원케미칼","12","0","외감","","","",""
"A0010V0","제이피아이헬스케어","12","0","외감","","","",""
"A001120","LX인터내셔널","12","1","KOSPI","-0.14","1428.31","","1430.24"
"A001130","대한제분","12","0","KOSPI","-0.85","294.06","","296.6"
"A0011A0","액스비스","12","0","외감","","","",""
"A0011T0","채비","12","0","외감","","","",""
"A001200","유진투자증권","12","0","KOSPI","1.44","273.65","","269.77"
"A001210","금호전기","12","0","KOSPI","-1.65","82.3","","83.68"
"A001230","동국홀딩스","12","1","KOSPI","-1.58","888.95","","903.26"
"A001250","GS글로벌","12","0","KOSPI","0.61","204.27","","203.03"
"A001260","남광토건","12","0","KOSPI","0","108.74","","108.74"
"A001270","부국증권","12","0","KOSPI","-0.52","200.14","","201.18"
"A001290","상상인증권","12","0","KOSPI","1.79","72.66","","71.39"
"A001340","PKC","12","0","KOSPI","0","82.43","","82.43"
"A001360","삼성제약","12","0","KOSPI","-0.71","213.46","","214.99"
"A001380","SG글로벌","12","0","KOSPI","1.48","142.78","","140.69"
"A001390","KG케미칼","12","0","KOSPI","0.73","157.83","","156.69"
"A0013V0","삼진식품","12","0","외감","","","",""
"A001420","태원물산","12","0","KOSPI","0","29.64","","29.64"
"A001430","세아베스틸지주","12","1","KOSPI","-0.94","946.76","","955.73"
"A001440","대한전선","12","0","KOSPI","-0.64","2004.15","","2016.99"
"A001450","현대해상","12","0","KOSPI","1.01","2673.06","","2646.24"
"A001460","BYC","12","0","KOSPI","-0.41","303.25","","304.5"
"A001470","삼부토건","12","0","KOSPI","-18.27","126.75","","155.09"
"A001500","현대차증권","12","0","KOSPI","0.97","305.11","","302.17"
"A001510","SK증권","12","0","KOSPI","2.17","376.14","","368.13"
"A001520","동양","12","1","KOSPI","-0.86","825.85","","833.01"
"A001530","DI동일","12","0","KOSPI","0.17","138.12","","137.89"
"A001540","안국약품","12","0","KOSDAQ","1.1","239.33","","236.72"
"A001550","조비","12","0","KOSPI","-0.41","48.71","","48.91"
"A001560","제일연마","12","0","KOSPI","-1.59","62","","63"
"A001570","금양","12","0","KOSPI","4.73","169.81","","162.14"
"A0015G0","그린광학","12","0","외감","","","",""
"A0015N0","아로마티카","12","0","외감","","","",""
"A0015S0","페스카로","12","0","외감","","","",""
"A001620","케이비아이동국실업","12","0","KOSPI","0","67.94","","67.94"
"A001630","종근당홀딩스","12","0","KOSPI","0.1","429.42","","428.97"
"A001680","대상","12","1","KOSPI","0.17","1032.35","","1030.63"
"A001720","신영증권","3","0","KOSPI","0","462.27","","462.27"
"A001740","SK네트웍스","12","1","KOSPI","-1.44","1528.84","","1551.17"
"A001750","한양증권","12","0","KOSPI","0","97.88","","97.88"
"A001770","SHD","12","0","KOSPI","-0.29","20.71","","20.77"
"A001780","알루코","12","0","KOSPI","-0.54","363.17","","365.13"
"A001790","대한제당","12","0","KOSPI","-0.2","220.56","","221"
"A0017J0","세미티에스","12","0","외감","","","",""
"A001800","오리온홀딩스","12","1","KOSPI","-0.64","5557.76","","5593.62"
"A001810","무림SP","12","0","KOSDAQ","0.82","68.29","","67.74"
"A001820","삼화콘덴서","12","0","KOSPI","-0.83","124.22","","125.26"
"A001840","이화공영","12","0","KOSDAQ","0.66","60.41","","60.01"
"A001940","KISCO홀딩스","12","0","KOSPI","-0.81","226.15","","228"
"A002020","코오롱","12","0","KOSPI","1.16","844.28","","834.63"
"A002030","아세아","12","0","KOSPI","0.95","232.25","","230.06"
"A002070","비비안","12","0","KOSPI","-0.22","62.15","","62.29"
"A002100","경농","12","0","KOSPI","0","114.97","","114.97"
"A002140","고려산업","12","0","KOSPI","0.95","52.87","","52.37"
"A002150","도화엔지니어링","12","0","KOSPI","0","168.43","","168.43"
"A002170","SYTS","12","0","KOSPI","1.18","154.5","","152.7"
"A002200","한국수출포장","12","0","KOSPI","0.7","86","","85.4"
"A002210","동성제약","12","0","KOSPI","-1.89","127.93","","130.4"
"A002220","한일철강","12","0","KOSPI","5.79","42.84","","40.49"
"A002230","피에스텍","12","0","KOSDAQ","0","116.1","","116.1"
"A002240","고려제강","12","1","KOSPI","-0.4","679.5","","682.2"
"A002290","삼일기업공사","12","0","KOSDAQ","1.14","54.93","","54.31"
"A002310","아세아제지","12","0","KOSPI","1.83","224.81","","220.78"
"A002320","한진","12","0","KOSPI","2.03","390.97","","383.19"
"A002350","넥센타이어","12","1","KOSPI","0.38","1258.23","","1253.41"
"A002360","SH에너지화학","12","0","KOSPI","-0.56","197.26","","198.37"
"A002380","KCC","12","1","KOSPI","1.31","4090.65","","4037.87"
"A002390","한독","12","0","KOSPI","-1.07","408.68","","413.09"
"A002410","범양건영","12","0","KOSPI","0","62.02","","62.02"
"A002420","세기상사","12","0","KOSPI","-0.56","21.68","","21.81"
"A002450","삼익악기","12","0","KOSPI","-0.36","231.47","","232.3"
"A002460","HS화성","12","0","KOSPI","-0.81","152.52","","153.77"
"A002600","조흥","12","0","KOSPI","2.04","105","","102.9"
"A002620","제일파마홀딩스","12","1","KOSPI","1.93","1020.2","","1000.89"
"A002630","오리엔트바이오","3","0","KOSPI","0.92","339.33","","336.22"
"A002680","한탑","12","0","KOSDAQ","-1.69","42.33","","43.06"
"A002690","동일제강","12","0","KOSPI","-0.3","49.05","","49.2"
"A002700","신일전자","12","0","KOSPI","0.81","132.5","","131.44"
"A002710","TCC스틸","12","0","KOSPI","-3.72","57.87","","60.1"
"A002720","국제약품","12","0","KOSPI","-1.65","89.35","","90.84"
"A002760","보락","12","0","KOSPI","0.99","73.56","","72.84"
"A002780","진흥기업","12","0","KOSPI","0","305.12","","305.12"
"A002790","아모레퍼시픽홀딩스","12","1","KOSPI","0","12686.77","","12686.77"
"A002800","신신제약","12","0","외감","","","",""
"A002810","삼영무역","12","0","KOSPI","-0.25","328.51","","329.33"
"A002820","SUN&L","12","0","KOSPI","1.44","133.64","","131.75"
"A002840","미원상사","12","0","KOSPI","1.44","216.88","","213.79"
"A002870","신풍","12","0","KOSPI","3.74","29.12","","28.07"
"A002880","디와이에이","12","0","KOSPI","-1.4","192.95","","195.7"
"A002900","TYM","12","0","KOSPI","0.76","130.78","","129.8"
"A002920","유성기업","12","0","KOSPI","0.51","101.58","","101.07"
"A002960","한국쉘석유","12","1","KOSPI","0.78","585","","580.45"
"A002990","금호건설","12","0","KOSPI","1.23","316.52","","312.66"
"A003000","부광약품","12","1","KOSPI","-0.47","1178.35","","1183.95"
"A003010","혜인","12","0","KOSPI","-1.59","47.29","","48.05"
"A003030","세아제강지주","12","1","KOSPI","0.71","426","","423"
"A003060","에이프로젠바이오로직스","12","0","KOSPI","1.47","503.03","","495.72"
"A003070","코오롱글로벌","12","0","KOSPI","2.4","247.72","","241.92"
"A003080","SB성보","12","0","KOSPI","-0.32","123.32","","123.72"
"A003090","대웅","12","0","KOSPI","-2.93","770.96","","794.22"
"A003100","선광","12","0","KOSDAQ","0","123.09","","123.09"
"A003120","일성아이에스","12","0","KOSPI","1.31","308.56","","304.57"
"A003160","디아이","12","0","KOSPI","0.45","140.32","","139.69"
"A003200","일신방직","12","1","KOSPI","-1.48","320.4","","325.2"
"A003220","대원제약","12","0","KOSPI","5.61","399.6","","378.38"
"A003230","삼양식품","12","0","KOSPI","3.22","193.22","","187.2"
"A003240","태광산업","12","1","KOSPI","-1.16","951.96","","963.09"
"A003280","흥아해운","12","0","KOSPI","-1.49","135.58","","137.64"
"A003300","한일홀딩스","12","1","KOSPI","-0.92","652.67","","658.71"
"A003310","대주산업","12","0","KOSDAQ","-0.58","60.17","","60.52"
"A003350","한국화장품제조","12","0","KOSPI","-1.8","161.11","","164.06"
"A003380","하림지주","12","0","외감","","","",""
"A003460","유화증권","12","0","KOSPI","1.94","178.61","","175.21"
"A003470","유안타증권","12","0","KOSPI","5.14","734.44","","698.52"
"A003480","한진중공업홀딩스","12","0","KOSPI","2.53","155.33","","151.49"
"A003490","대한항공","12","1","KOSPI","-0.91","1984.88","","2003.09"
"A003520","영진약품","12","1","KOSPI","0.42","2140.32","","2131.44"
"A003530","한화투자증권","12","0","KOSPI","3.02","255.9","","248.4"
"A003540","대신증권","12","0","KOSPI","0.97","530.58","","525.5"
"A003550","LG","12","1","KOSPI","-2.13","11078.17","","11319.75"
"A003570","SNT다이내믹스","12","1","KOSPI","1.46","337.72","","332.85"
"A003580","HLB글로벌","12","0","KOSPI","2.77","56.9","","55.37"
"A003610","방림","9","0","KOSPI","0.66","96.69","","96.05"
"A003620","KG모빌리티","12","1","KOSPI","-0.56","975.63","","981.12"
"A003650","미창석유","12","0","KOSPI","0.93","151.35","","149.96"
"A003670","포스코퓨처엠","12","0","KOSDAQ","0","646.82","","646.82"
"A003680","한성기업","12","0","KOSPI","-0.11","48.7","","48.75"
"A003690","코리안리","12","0","KOSPI","1.27","1444.43","","1426.37"
"A003720","삼영","12","0","KOSPI","0","53.04","","53.04"
"A003780","진양산업","12","0","KOSPI","0.2","64.35","","64.22"
"A003800","에이스침대","12","0","KOSDAQ","-0.64","344.23","","346.45"
"A003830","대한화섬","12","0","KOSPI","1.41","143.42","","141.43"
"A003850","보령","12","1","KOSPI","0","583.36","","583.36"
"A003920","남양유업","12","1","KOSPI","-0.44","493.2","","495.36"
"A003960","사조대림","12","0","KOSPI","-1.55","113.85","","115.64"
"A004000","롯데정밀화학","12","1","KOSPI","10.8","926.22","","835.92"
"A004020","현대제철","12","1","KOSPI","0.81","6658.94","","6605.57"
"A004060","SG세계물산","12","0","KOSPI","2.42","257.08","","251.01"
"A004080","신흥","12","0","KOSPI","0","115.68","","115.68"
"A004090","한국석유","12","0","KOSPI","-0.48","68.47","","68.8"
"A004100","태양금속","12","0","KOSPI","-1.6","78.91","","80.19"
"A004140","동방","12","0","KOSPI","-0.18","58.87","","58.98"
"A004150","한솔홀딩스","12","0","KOSPI","-1.48","333.7","","338.73"
"A004170","신세계","12","1","KOSPI","-0.79","1865.66","","1880.43"
"A004250","NPC","12","0","KOSPI","-0.41","265.49","","266.59"
"A004270","남성","12","0","KOSPI","0.76","71.88","","71.34"
"A004310","현대약품","11","0","KOSPI","-0.85","162.4","","163.8"
"A004360","세방","12","0","KOSPI","1.25","312.8","","308.94"
"A004370","농심","12","1","KOSPI","3.8","2077.22","","2001.19"
"A004380","삼익THK","12","0","KOSPI","-1.24","201.18","","203.7"
"A004410","서울식품","12","0","KOSPI","0.53","49.83","","49.56"
"A004430","송원산업","12","0","KOSPI","0.48","506.4","","504"
"A004440","삼일씨엔에스","12","0","KOSPI","-0.62","306.84","","308.75"
"A004450","삼화왕관","12","0","KOSPI","-2.91","100.72","","103.73"
"A004490","세방전지","12","1","KOSPI","0.26","537.6","","536.2"
"A004540","깨끗한나라","12","0","KOSPI","5.81","210.34","","198.8"
"A004560","현대비앤지스틸","12","0","KOSPI","3.2","170.39","","165.11"
"A004590","한국가구","12","0","KOSDAQ","1.75","78.6","","77.25"
"A004650","창해에탄올","12","0","KOSDAQ","2.64","180.28","","175.64"
"A004690","삼천리","12","0","KOSPI","0","427.81","","427.81"
"A004700","조광피혁","12","1","KOSPI","4.27","284.25","","272.61"
"A004710","한솔테크닉스","12","1","KOSPI","-1.42","460.99","","467.62"
"A004720","팜젠사이언스","12","0","KOSPI","3.85","152.72","","147.07"
"A004770","써니전자","12","0","KOSPI","2.15","113.25","","110.87"
"A004780","대륙제관","12","0","KOSDAQ","0.3","107.51","","107.19"
"A004800","효성","12","1","KOSPI","2.26","4775.97","","4670.62"
"A004830","덕성","12","0","KOSPI","-2.19","174.83","","178.75"
"A004840","DRB동일","12","0","KOSPI","2.56","259.14","","252.66"
"A004870","티웨이홀딩스","12","0","KOSPI","-3.19","133.09","","137.48"
"A004890","동일산업","12","0","KOSPI","0","175.83","","175.83"
"A004910","조광페인트","12","0","KOSPI","0","141.44","","141.44"
"A004920","씨아이테크","12","0","KOSPI","1.43","41.37","","40.78"
"A004960","한신공영","12","0","KOSPI","1.17","214.02","","211.54"
"A004970","신라교역","12","0","KOSPI","0","241.6","","241.6"
"A004980","성신양회","12","0","KOSPI","0.93","259.29","","256.89"
"A004990","롯데지주","12","1","KOSPI","-0.27","2608.27","","2615.38"
"A005010","휴스틸","12","0","KOSPI","1.05","100.32","","99.28"
"A005030","부산주공","12","0","KOSPI","0.84","40.91","","40.57"
"A005070","코스모신소재","12","0","KOSPI","6.93","76.29","","71.34"
"A005090","SGC에너지","12","1","KOSPI","0.48","405.34","","403.4"
"A005110","한창","12","0","KOSPI","2.89","165.4","","160.75"
"A005160","동국산업","12","0","KOSDAQ","1","303","","300"
"A005180","빙그레","12","1","KOSPI","-0.32","613.73","","615.7"
"A005250","녹십자홀딩스","12","0","KOSPI","-0.28","1660.1","","1664.8"
"A005290","동진쎄미켐","12","0","KOSDAQ","-0.45","519.38","","521.75"
"A005300","롯데칠성","12","1","KOSPI","-0.49","1995.61","","2005.51"
"A005320","온타이드","12","0","KOSPI","0.47","62.19","","61.89"
"A005360","모나미","12","0","KOSPI","1.27","90.14","","89.01"
"A005380","현대차","12","1","KOSPI","-0.77","28415.67","","28635.94"
"A005420","코스모화학","12","0","KOSPI","2.04","66.64","","65.31"
"A005430","한국공항","12","0","KOSPI","0.14","110.98","","110.82"
"A005440","현대지에프홀딩스","12","1","KOSPI","0.54","1822.19","","1812.42"
"A005490","POSCO홀딩스","12","1","KOSPI","1.86","19137.51","","18788.76"
"A005500","삼진제약","12","0","KOSPI","1.52","465.65","","458.7"
"A005610","삼립","12","1","KOSPI","6.87","1678.34","","1570.48"
"A005670","푸드웰","12","0","KOSDAQ","-1.3","48.48","","49.12"
"A005680","삼영전자","12","0","KOSPI","-0.41","244","","245"
"A005690","파미셀","12","0","KOSPI","0.15","374.8","","374.23"
"A005710","대원산업","12","0","KOSDAQ","0.14","130.24","","130.06"
"A005720","넥센","12","0","KOSPI","-0.77","392.79","","395.85"
"A005740","크라운해태홀딩스","12","1","KOSPI","0.69","536.36","","532.68"
"A005750","대림바스","12","0","KOSPI","-0.89","172.07","","173.62"
"A005800","신영와코루","12","0","KOSPI","0.96","142.65","","141.3"
"A005810","풍산홀딩스","12","0","KOSPI","-0.24","325.94","","326.73"
"A005820","원림","12","0","KOSPI","-0.22","49.5","","49.61"
"A005830","DB손해보험","12","1","KOSPI","3.63","4644.48","","4481.64"
"A005850","에스엘","12","1","KOSPI","0.71","480.88","","477.5"
"A005860","한일사료","12","0","KOSDAQ","0.18","86.53","","86.37"
"A005870","휴니드","12","0","KOSPI","-0.36","186.13","","186.81"
"A005880","대한해운","12","0","KOSPI","1.06","464.1","","459.22"
"A005930","삼성전자","12","1","KOSPI","-1.75","216741.51","","220601.69"
"A005940","NH투자증권","12","1","KOSPI","1.5","2856.3","","2814.09"
"A005950","이수화학","12","0","KOSPI","-0.27","282.64","","283.41"
"A005960","동부건설","12","0","KOSPI","-0.95","89.25","","90.1"
"A005990","매일홀딩스","12","0","KOSDAQ","-0.49","554.69","","557.4"
"A006040","동원산업","12","0","KOSPI","0","968.6","","968.6"
"A006050","국영지앤엠","12","0","KOSDAQ","3.69","94.97","","91.59"
"A006060","화승인더","12","0","KOSPI","-3.21","583.63","","602.99"
"A006090","사조오양","12","0","KOSPI","1.22","116.84","","115.43"
"A006110","삼아알미늄","12","0","KOSPI","1.17","37.9","","37.46"
"A006120","SK디스커버리","12","1","KOSPI","1.57","1732.82","","1706.09"
"A006140","피제이전자","12","0","KOSDAQ","-0.5","79.5","","79.9"
"A006200","한국전자홀딩스","12","0","KOSPI","-1.3","46.19","","46.8"
"A006220","제주은행","12","0","KOSPI","0.15","150.48","","150.25"
"A006260","LS","12","1","KOSPI","1.85","1774.22","","1742.02"
"A006280","녹십자","12","1","KOSPI","-0.27","2126.95","","2132.79"
"A006340","대원전선","12","0","KOSPI","0.79","130.08","","129.06"
"A006360","GS건설","12","0","KOSPI","1.51","1909.9","","1881.5"
"A006370","대구백화점","12","0","KOSPI","0","145.01","","145.01"
"A006380","카프로","12","0","KOSPI","-1.63","157.2","","159.8"
"A006400","삼성SDI","12","1","KOSPI","-0.47","7357.8","","7392.19"
"A006490","프리티","12","0","KOSPI","2.14","209.27","","204.88"
"A006570","대림통상","12","0","KOSPI","0.83","92.11","","91.35"
"A006620","동구바이오제약","12","0","외감","","","",""
"A006650","대한유화","12","1","KOSPI","-0.81","1592.5","","1605.5"
"A006660","삼성공조","12","0","KOSPI","1","82.48","","81.67"
"A006730","서부T&D","12","0","KOSDAQ","0.72","719.26","","714.11"
"A006740","블루산업개발","12","0","KOSPI","1.74","71.37","","70.15"
"A006800","미래에셋증권","12","1","KOSPI","3.65","2878.23","","2776.96"
"A006840","AK홀딩스","12","0","KOSPI","-0.44","898.18","","902.16"
"A006880","신송홀딩스","12","0","KOSPI","-0.12","96.29","","96.41"
"A006890","태경케미컬","12","0","KOSPI","1.69","69.6","","68.44"
"A006910","보성파워텍","12","0","KOSDAQ","0.22","350.16","","349.4"
"A006920","모헨즈","12","0","KOSDAQ","0","52.47","","52.47"
"A006980","우성","12","0","KOSPI","-0.14","109.54","","109.7"
"A007070","GS리테일","12","1","KOSPI","-1.13","4050.2","","4096.4"
"A007110","일신석재","12","0","KOSPI","1.39","113.09","","111.54"
"A007120","미래아이앤지","12","0","KOSPI","1.94","137.83","","135.21"
"A007160","사조산업","12","0","KOSPI","2.14","334.5","","327.5"
"A007210","벽산","12","1","KOSPI","1.86","449.75","","441.53"
"A007280","한국특강","12","0","KOSPI","0","15.2","","15.2"
"A007310","오뚜기","12","1","KOSPI","1","2793.28","","2765.76"
"A007330","푸른저축은행","12","0","KOSDAQ","0","79.79","","79.79"
"A007340","DN오토모티브","12","1","KOSPI","0.77","619.28","","614.53"
"A007370","진양제약","12","0","KOSDAQ","-4.05","73.92","","77.04"
"A007390","네이처셀","12","0","KOSDAQ","2.46","296.22","","289.11"
"A007460","에이프로젠","12","0","KOSPI","0","44.47","","44.47"
"A007530","와이엠","12","0","KOSDAQ","2.27","42.48","","41.53"
"A007540","샘표","12","0","KOSPI","0","287.97","","287.97"
"A007570","일양약품","12","1","KOSPI","0","969.44","","969.44"
"A007590","동방아그로","12","0","KOSPI","0","96.14","","96.14"
"A007610","선도전기","12","0","KOSPI","-1.49","59.31","","60.21"
"A007660","이수페타시스","12","0","KOSPI","-0.78","211.29","","212.94"
"A007680","대원","12","0","외감","","","",""
"A007690","국도화학","12","1","KOSPI","0","354.45","","354.45"
"A007700","F&F홀딩스","12","0","KOSPI","4.92","213.29","","203.28"
"A007720","소노스퀘어","12","0","KOSDAQ","-1.54","160.78","","163.3"
"A007770","한일화학","12","0","KOSDAQ","-0.74","47.21","","47.56"
"A007810","코리아써키트","12","0","KOSPI","-2.36","244.47","","250.38"
"A007820","엠엑스로보틱스","12","0","KOSDAQ","0.74","104.4","","103.63"
"A007860","서연","12","0","KOSPI","-1.79","247.34","","251.83"
"A007980","TP","12","0","KOSPI","-2.5","154.95","","158.93"
"A008040","사조동아원","12","0","KOSPI","0.62","105.92","","105.27"
"A008060","대덕","12","1","KOSPI","0.38","385","","383.54"
"A008250","이건산업","12","0","KOSPI","3.05","126.54","","122.79"
"A008260","NI스틸","12","0","KOSPI","1.01","85","","84.14"
"A008290","원풍물산","12","0","KOSDAQ","1.84","204.14","","200.46"
"A0082N0","카나프테라퓨틱스","12","0","외감","","","",""
"A008350","남선알미늄","12","0","KOSPI","4.04","155.9","","149.84"
"A008370","원풍","12","0","KOSDAQ","-1.06","55.98","","56.58"
"A008420","문배철강","12","0","KOSPI","0.37","55.97","","55.77"
"A008470","부스타","12","0","KOSDAQ","-0.15","54.55","","54.63"
"A008490","서흥","12","1","KOSPI","1.9","496.31","","487.06"
"A008500","일정실업","12","0","KOSPI","0","35.82","","35.82"
"A008600","윌비스","12","0","KOSPI","3.39","147.63","","142.78"
"A008700","아남전자","12","0","KOSPI","-3.46","107.59","","111.45"
"A008730","율촌화학","12","0","KOSPI","1.8","350.92","","344.72"
"A008770","호텔신라","12","1","KOSPI","0.77","2562.9","","2543.28"
"A008830","대동기어","12","0","KOSDAQ","-0.56","24.09","","24.22"
"A008870","금비","9","0","KOSPI","-19.93","114.5","","143"
"A0088M0","메쥬","12","0","외감","","","",""
"A008930","한미사이언스","12","1","KOSPI","0.65","9005.85","","8947.56"
"A008970","KBI동양철관","12","0","KOSPI","-1.4","114.44","","116.07"
"A009070","KCTC","12","0","KOSPI","0","94.65","","94.65"
"A009140","경인전자","12","0","KOSPI","0.23","34.64","","34.56"
"A009150","삼성전기","12","1","KOSPI","5.74","4130.56","","3906.48"
"A009160","SIMPAC","12","0","KOSPI","0.39","148.33","","147.75"
"A009180","한솔로지스틱스","12","0","KOSPI","0.54","46.3","","46.05"
"A009190","대양금속","12","0","KOSPI","2.75","52.97","","51.55"
"A009200","무림페이퍼","12","0","KOSPI","0","127.95","","127.95"
"A009240","한샘","12","1","KOSPI","-1.4","4153.74","","4212.57"
"A009270","신원","12","0","KOSPI","-1.04","120.28","","121.54"
"A009290","광동제약","12","1","KOSPI","0","511.1","","511.1"
"A009300","삼아제약","12","0","KOSDAQ","0","128.04","","128.04"
"A009310","참엔지니어링","12","0","KOSPI","0.18","138.72","","138.47"
"A009320","아진전자부품","12","0","KOSPI","-0.89","74.8","","75.47"
"A009410","태영건설","12","0","KOSPI","4.7","459.16","","438.54"
"A009420","한올바이오파마","12","1","KOSPI","-0.45","1149.29","","1154.52"
"A009440","KC그린홀딩스","12","0","KOSPI","0.25","180.38","","179.93"
"A009450","경동나비엔","12","0","KOSPI","-1.01","752.91","","760.55"
"A009460","한창제지","12","0","KOSPI","-0.89","66.53","","67.13"
"A009470","삼화전기","12","0","KOSPI","-3.33","36.51","","37.76"
"A009520","포스코엠텍","12","0","KOSDAQ","0","118.06","","118.06"
"A009540","HD한국조선해양","12","1","KOSPI","0","8170","","8170"
"A009580","무림P&P","12","0","KOSPI","2.79","275.67","","268.18"
"A009620","삼보산업","12","0","KOSDAQ","-3.08","35.28","","36.4"
"A009680","모토닉","12","0","KOSPI","-1.29","302.61","","306.57"
"A009730","이렘","12","0","KOSDAQ","0.62","91.05","","90.49"
"A009770","삼정펄프","12","0","KOSPI","0.76","99.87","","99.12"
"A009780","엠에스씨","12","0","KOSDAQ","0.42","105.16","","104.72"
"A009810","플레이그램","12","0","KOSPI","5.83","45.54","","43.03"
"A009830","한화솔루션","12","1","KOSPI","-2.49","4194.4","","4301.52"
"A009900","명신산업","12","0","외감","","","",""
"A009970","영원무역홀딩스","12","0","KOSPI","-0.32","863.13","","865.86"
"A010040","한국내화","12","0","KOSPI","-0.17","66.42","","66.53"
"A010060","OCI홀딩스","12","1","KOSPI","-1.93","2420.71","","2468.41"
"A010100","한국무브넥스","12","0","KOSPI","-0.35","86.78","","87.09"
"A010120","LS ELECTRIC","12","1","KOSPI","1.15","1323","","1308"
"A010130","고려아연","12","1","KOSPI","-1.71","9774.66","","9944.49"
"A010140","삼성중공업","12","1","KOSPI","-1.88","2412.65","","2458.82"
"A010170","대한광통신","12","0","KOSDAQ","-0.3","77.02","","77.25"
"A010240","흥국","12","0","KOSDAQ","1.75","32.22","","31.67"
"A010280","아이티센엔텍","12","0","KOSDAQ","-1.08","93.07","","94.08"
"A010400","우진아이엔에스","12","0","외감","","","",""
"A010470","오리콤","12","0","KOSDAQ","0.69","67.27","","66.81"
"A010580","에스엠벡셀","12","0","KOSPI","-4.58","34.64","","36.3"
"A010640","진양폴리","12","0","KOSPI","0","23","","23"
"A010660","화천기계","12","0","KOSPI","0","53.02","","53.02"
"A010690","화신","12","0","KOSPI","-1.44","262.95","","266.79"
"A010770","평화홀딩스","12","0","KOSPI","-0.13","54.33","","54.41"
"A010780","아이에스동서","12","1","KOSPI","0.5","1797.05","","1788.11"
"A010820","퍼스텍","12","0","KOSPI","-1.71","215.12","","218.86"
"A010950","S-Oil","12","1","KOSPI","0.77","8815.23","","8747.68"
"A010960","삼호개발","12","0","KOSPI","-0.14","87","","87.13"
"A011000","진원생명과학","12","0","KOSPI","0.63","257.23","","255.62"
"A011040","경동제약","12","0","KOSDAQ","0.54","248.91","","247.58"
"A011070","LG이노텍","12","1","KOSPI","-1.08","2158.44","","2182.11"
"A011080","형지I&C","12","0","KOSDAQ","-0.45","72.19","","72.52"
"A011090","에넥스","12","0","KOSPI","-0.17","174.58","","174.88"
"A011150","CJ씨푸드","12","0","KOSPI","0.44","123.6","","123.06"
"A011170","롯데케미칼","12","1","KOSPI","-1.05","9682.81","","9785.63"
"A011200","HMM","12","0","KOSPI","0","375.38","","375.38"
"A011210","현대위아","12","1","KOSPI","1.41","2349.66","","2317.02"
"A011230","삼화전자","12","0","KOSPI","0","25.19","","25.19"
"A011280","태림포장","12","0","KOSPI","-0.16","226.22","","226.58"
"A011300","우성머티리얼스","12","0","KOSPI","-1.38","61.12","","61.98"
"A011320","유니크","12","0","KOSDAQ","0.62","78.73","","78.25"
"A011330","유니켐","12","0","KOSPI","0","90.74","","90.74"
"A011370","서한","12","0","KOSDAQ","2.16","190.69","","186.66"
"A011390","부산산업","12","0","KOSPI","0.32","50","","49.84"
"A011420","갤럭시아에스엠","12","0","KOSPI","1.87","90.09","","88.43"
"A011500","한농화성","12","0","KOSPI","0","64.58","","64.58"
"A011560","세보엠이씨","12","0","KOSDAQ","-2.31","66.87","","68.45"
"A011690","와이투솔루션","12","0","KOSPI","-0.17","111.56","","111.74"
"A011700","한신기계","12","0","KOSPI","-1.26","101.88","","103.18"
"A011760","현대코퍼레이션","12","0","KOSPI","1.75","307.57","","302.28"
"A011780","금호석유화학","12","1","KOSPI","2.07","1949.93","","1910.32"
"A011790","SKC","12","1","KOSPI","-1.08","1030.32","","1041.58"
"A0117P0","피스피스스튜디오","12","0","외감","","","",""
"A011810","STX","12","0","KOSPI","-13.19","74.7","","86.05"
"A011930","신성이엔지","12","0","KOSPI","0.42","241.26","","240.26"
"A012030","DB","12","0","KOSPI","-0.37","146.43","","146.98"
"A0120G0","삼양바이오팜","12","0","외감","","","",""
"A012160","영흥","12","0","KOSPI","-0.25","190.13","","190.6"
"A012170","아센디오","12","0","KOSPI","0.32","210.87","","210.19"
"A012200","계양전기","12","0","KOSPI","-2.05","202.12","","206.36"
"A012210","삼미금속","12","0","외감","","","",""
"A012280","영화금속","12","0","KOSPI","2.98","94.31","","91.58"
"A012320","경동인베스트","12","0","KOSPI","-0.38","275.65","","276.69"
"A012330","현대모비스","12","1","KOSPI","1.54","25601.44","","25212.06"
"A012340","뉴인텍","12","0","KOSDAQ","-2.28","57.19","","58.52"
"A012450","한화에어로스페이스","12","1","KOSPI","-1.1","2858.39","","2890.27"
"A012510","더존비즈온","12","0","KOSPI","1.92","707.69","","694.34"
"A012610","경인양행","12","0","KOSPI","0.63","260.15","","258.54"
"A012620","원일특강","12","0","KOSDAQ","0","50.38","","50.38"
"A012630","HDC","12","1","KOSPI","0.35","3211.37","","3200.06"
"A012690","모나리자","12","0","KOSPI","5.32","144.82","","137.51"
"A0126Z0","삼성에피스홀딩스","12","0","외감","","","",""
"A012700","리드코프","12","0","KOSDAQ","0.43","249.04","","247.97"
"A012750","에스원","12","1","KOSPI","-3.54","4141.91","","4293.91"
"A012790","신일제약","12","0","KOSDAQ","1.81","133.51","","131.14"
"A012800","대창","12","0","KOSPI","-1.22","110.74","","112.1"
"A012860","모베이스전자","12","0","KOSDAQ","0.65","83.97","","83.43"
"A013000","세우글로벌","12","0","KOSPI","2.46","54.37","","53.07"
"A013030","하이록코리아","12","0","KOSDAQ","0","295.41","","295.41"
"A013120","동원개발","12","0","KOSDAQ","0.43","419.53","","417.72"
"A013310","아진산업","12","0","KOSDAQ","0.91","112.13","","111.12"
"A013360","일성건설","12","0","KOSPI","0","54.2","","54.2"
"A013520","화승코퍼레이션","12","0","KOSPI","-2.38","225","","230.48"
"A013570","디와이","12","0","KOSPI","-0.65","161.6","","162.66"
"A013580","계룡건설","12","0","KOSPI","-0.42","104.94","","105.38"
"A013700","까뮤이앤씨","12","0","KOSPI","-0.84","53.51","","53.96"
"A013720","청보","12","0","KOSDAQ","-2.48","25.57","","26.22"
"A013810","스페코","12","0","KOSDAQ","1.14","73.65","","72.83"
"A013870","지엠비코리아","12","0","KOSPI","0.38","100.13","","99.75"
"A013890","지누스","12","0","K-OTC","-0.55","227.2","","228.44"
"A013990","아가방컴퍼니","12","0","KOSDAQ","12.45","285.13","","253.56"
"A014100","메디앙스","12","0","KOSDAQ","7.96","186.45","","172.7"
"A014130","한익스프레스","12","0","KOSPI","2.34","120.6","","117.84"
"A014160","대영포장","12","0","KOSPI","0","111.46","","111.46"
"A014190","원익큐브","12","0","KOSDAQ","-1.37","88.78","","90.01"
"A014280","금강공업","12","0","KOSPI","0.39","250.08","","249.11"
"A014440","영보화학","12","0","KOSPI","0.25","80.3","","80.1"
"A014470","부방","12","0","KOSDAQ","2.27","179.14","","175.16"
"A014530","극동유화","12","0","KOSPI","0","128.84","","128.84"
"A014570","고려제약","12","0","KOSDAQ","0.43","76.34","","76.01"
"A014580","태경비케이","12","0","KOSPI","-0.54","75.58","","75.99"
"A014620","성광벤드","12","0","KOSDAQ","-0.99","256.54","","259.12"
"A014680","한솔케미칼","12","1","KOSPI","0.64","883.28","","877.64"
"A014710","사조씨푸드","12","0","KOSPI","-1.12","106.75","","107.96"
"A014790","HL D&I","12","0","KOSPI","1.13","195.25","","193.06"
"A014820","동원시스템즈","12","1","KOSPI","0.92","1582.03","","1567.58"
"A014830","유니드","12","1","KOSPI","-0.35","384.93","","386.26"
"A014910","성문전자","12","0","KOSPI","1.28","118.2","","116.71"
"A014940","오리엔탈정공","12","0","KOSDAQ","6.53","85.96","","80.69"
"A014950","삼익제약","12","0","외감","","","",""
"A014970","삼륭물산","12","0","KOSDAQ","-1.51","118.73","","120.55"
"A014990","인디에프","12","0","KOSPI","-2.36","134.07","","137.31"
"A015020","이스타코","12","0","KOSPI","2.33","65.78","","64.28"
"A015230","대창단조","12","0","KOSPI","0","81.9","","81.9"
"A015260","에이엔피","12","0","KOSPI","7.71","121.01","","112.34"
"A015360","INVENI","12","0","KOSPI","-1.86","237","","241.5"
"A015590","DKME","12","0","KOSPI","-1.78","97.62","","99.39"
"A015710","코콤","12","0","KOSDAQ","-2.14","200.72","","205.11"
"A015750","성우하이텍","12","0","KOSDAQ","0.12","487.2","","486.6"
"A015760","한국전력","12","1","KOSPI","-0.33","39159.81","","39288.2"
"A015860","일진홀딩스","12","0","KOSPI","-2.5","384.91","","394.78"
"A015890","태경산업","12","0","KOSPI","-0.4","146.44","","147.02"
"A016090","대현","12","0","KOSPI","-1.4","159.62","","161.88"
"A016100","리더스코스메틱","12","0","KOSDAQ","2.83","522.04","","507.69"
"A016250","SGC E&C","12","0","KOSDAQ","-0.3","368.48","","369.6"
"A016360","삼성증권","12","1","KOSPI","0.54","2866.32","","2851.03"
"A016380","KG스틸","12","0","KOSPI","-2.08","411.25","","420"
"A016450","한세예스24홀딩스","12","0","KOSPI","-2.16","544","","556"
"A016580","환인제약","12","0","KOSPI","-0.95","291.09","","293.88"
"A016590","신대양제지","12","0","KOSPI","0.44","87.44","","87.06"
"A016600","큐캐피탈","12","0","KOSDAQ","1.38","138.62","","136.73"
"A016610","DB증권","12","0","KOSPI","2.09","155.14","","151.96"
"A016670","디모아","12","0","KOSDAQ","0.17","115.17","","114.97"
"A016710","대성홀딩스","12","0","KOSPI","0.22","146.74","","146.41"
"A016740","두올","12","0","외감","","","",""
"A016790","현대사료","12","0","외감","","","",""
"A016800","퍼시스","12","0","KOSPI","0.44","391","","389.28"
"A016880","웅진","12","0","KOSPI","-0.51","176.61","","177.51"
"A016920","카스","12","0","KOSDAQ","-0.76","42.13","","42.46"
"A017000","신원종합개발","12","0","KOSDAQ","-0.97","51.65","","52.15"
"A017040","광명전기","12","0","KOSPI","-0.78","110.08","","110.94"
"A017180","명문제약","12","0","KOSPI","-1.68","120.43","","122.49"
"A017250","인터엠","9","0","KOSDAQ","-2.15","54.61","","55.81"
"A017370","우신시스템","12","0","KOSPI","0.43","57.88","","57.63"
"A017390","서울가스","12","0","KOSPI","-0.12","402.5","","403"
"A017480","삼현철강","12","0","KOSDAQ","-0.12","67.44","","67.52"
"A017510","세명전기","12","0","KOSDAQ","0","65.1","","65.1"
"A017550","수산세보틱스","12","0","KOSPI","1.82","112.76","","110.74"
"A017650","대림제지","12","0","KOSDAQ","0","72.9","","72.9"
"A017670","SK텔레콤","12","1","KOSPI","0.45","18046.67","","17965.92"
"A017800","현대엘리베이터","12","1","KOSPI","0.64","1546.92","","1537.07"
"A017810","풀무원","12","0","KOSPI","-1.89","493.28","","502.8"
"A017860","DS단석","12","0","외감","","","",""
"A017890","한국알콜","12","0","KOSDAQ","-1.43","193.8","","196.61"
"A017900","광전자","12","0","KOSPI","-0.22","132.4","","132.69"
"A017940","E1","12","0","KOSPI","1.1","439.73","","434.92"
"A017960","한국카본","12","0","KOSPI","0","283.55","","283.55"
"A018000","유니슨","12","0","KOSDAQ","-2.19","108.79","","111.22"
"A018120","진로발효","12","0","KOSDAQ","0.15","254.31","","253.94"
"A018250","애경산업","12","0","외감","","","",""
"A018260","삼성에스디에스","12","1","KOSPI","3.36","11916.18","","11529.29"
"A018290","브이티","12","0","KOSDAQ","-0.86","42.64","","43.01"
"A018310","삼목에스폼","12","0","KOSDAQ","0.94","157.78","","156.31"
"A018470","조일알미늄","12","0","KOSPI","0.52","134.68","","133.98"
"A018500","동원모빌리티","3","0","KOSPI","-0.14","119.67","","119.84"
"A018620","우진비앤지","12","0","KOSDAQ","3.87","100.82","","97.07"
"A018670","SK가스","12","0","KOSPI","-1.45","722.95","","733.61"
"A018680","서울제약","12","0","KOSDAQ","0","107.76","","107.76"
"A018700","졸스","12","0","KOSDAQ","1.87","75.19","","73.81"
"A018880","한온시스템","12","1","KOSPI","-0.94","5604.9","","5658.28"
"A019010","베뉴지","12","0","KOSDAQ","1.58","61.94","","60.97"
"A019170","신풍제약","12","0","KOSPI","0.42","382.02","","380.43"
"A019180","티에이치엔","12","0","KOSPI","-0.52","51.21","","51.48"
"A019210","와이지-원","12","0","KOSDAQ","-0.98","243.73","","246.14"
"A019490","엑시큐어하이트론","12","0","KOSPI","3.61","36.5","","35.23"
"A019540","일지테크","12","0","KOSDAQ","3.06","113.92","","110.54"
"A019550","SBI인베스트먼트","12","0","KOSDAQ","0.14","112.31","","112.15"
"A019570","GMI벤처","12","0","KOSDAQ","-0.4","99.6","","100"
"A019660","글로본","12","0","KOSDAQ","2.87","210.57","","204.69"
"A019680","대교","12","1","KOSPI","3.79","719.97","","693.72"
"A019770","서연탑메탈","12","0","KOSDAQ","0","40.19","","40.19"
"A019990","에너토크","12","0","KOSDAQ","-2.09","38.78","","39.61"
"A020000","한섬","12","1","KOSPI","-2.09","981.51","","1002.44"
"A020120","키다리스튜디오","12","0","KOSPI","-5.34","53.36","","56.36"
"A020150","롯데에너지머티리얼즈","12","1","KOSPI","-1.85","727.16","","740.88"
"A020180","대신정보통신","3","0","KOSDAQ","-0.42","90.31","","90.69"
"A020400","대동금속","12","0","KOSDAQ","0.65","18.46","","18.34"
"A020560","아시아나항공","12","0","KOSPI","1.3","910.15","","898.44"
"A020710","시공테크","12","0","KOSDAQ","-0.16","122.89","","123.09"
"A020760","일진디스플","12","0","KOSPI","2.02","128.41","","125.86"
"A021040","대호특수강","12","0","KOSDAQ","0.91","83.69","","82.94"
"A021050","서원","12","0","KOSPI","0","92.34","","92.34"
"A021080","에이티넘인베스트","12","0","KOSDAQ","11.41","107.76","","96.72"
"A021240","코웨이","12","1","KOSPI","-0.66","6956.66","","7002.93"
"A021320","KCC건설","12","0","KOSDAQ","4.12","270.71","","260.01"
"A021650","한국큐빅","12","0","KOSDAQ","-3.17","51.43","","53.11"
"A021820","세원정공","6","0","KOSPI","-0.54","184","","185"
"A021880","메이슨캐피탈","3","0","KOSDAQ","1.33","55.68","","54.95"
"A022100","포스코DX","12","0","KOSDAQ","2.59","903.09","","880.28"
"A022220","티케이지애강","12","0","KOSDAQ","1.52","121.2","","119.39"
"A023000","삼원강재","12","0","KOSPI","-0.85","140.4","","141.6"
"A023150","MH에탄올","12","0","KOSPI","0.27","53.86","","53.72"
"A023160","태광","12","0","KOSDAQ","0","227.64","","227.64"
"A023350","한국종합기술","12","0","KOSPI","-1.22","61.98","","62.74"
"A023410","유진기업","12","0","KOSDAQ","0.39","383.32","","381.84"
"A023440","제이스코홀딩스","12","0","KOSDAQ","0","41.23","","41.23"
"A023450","동남합성","12","0","KOSPI","7.69","82","","76.15"
"A023530","롯데쇼핑","12","1","KOSPI","-0.77","6093.49","","6140.72"
"A023590","다우기술","12","0","KOSPI","0.77","1171.02","","1162.05"
"A023600","삼보판지","12","0","KOSDAQ","0.42","100.66","","100.24"
"A023760","한국캐피탈","12","0","KOSDAQ","0.11","154.08","","153.91"
"A023770","플레이위드","12","0","KOSDAQ","1.94","37.82","","37.1"
"A023790","동일스틸럭스","12","0","KOSDAQ","-2.62","28.65","","29.42"
"A023800","인지컨트롤스","12","0","KOSPI","-1.64","90.66","","92.17"
"A023810","인팩","12","0","KOSPI","0.14","70.6","","70.5"
"A023900","풍국주정","12","0","KOSDAQ","0.49","86.94","","86.52"
"A023910","대한약품","12","0","KOSDAQ","-1.35","198","","200.7"
"A023960","에쓰씨엔지니어링","12","0","KOSPI","1.37","41.47","","40.91"
"A024060","흥구석유","12","0","KOSDAQ","0.47","48.23","","48"
"A024070","WISCOM","12","0","KOSPI","0.12","64.99","","64.91"
"A024090","디씨엠","12","0","KOSPI","-2.61","152.69","","156.78"
"A024110","기업은행","12","1","KOSPI","0.88","6411.76","","6355.76"
"A024120","KB오토시스","12","0","KOSDAQ","-1.06","64.63","","65.32"
"A024720","콜마홀딩스","12","0","KOSPI","0.51","833.26","","829.07"
"A024740","한일단조","12","0","KOSDAQ","0.47","46.86","","46.64"
"A024800","유성티엔에스","12","0","KOSDAQ","5.58","120.43","","114.07"
"A024830","세원물산","12","0","KOSDAQ","-0.46","72.73","","73.06"
"A024840","KBI메탈","12","0","KOSDAQ","2.73","120.01","","116.83"
"A024850","HLB이노베이션","12","0","KOSDAQ","-0.2","38.57","","38.65"
"A024880","케이피에프","12","0","KOSDAQ","2.04","70.79","","69.37"
"A024890","대원화성","12","0","KOSPI","0.85","122.3","","121.27"
"A024900","디와이덕양","12","0","KOSPI","0.65","75.55","","75.06"
"A024910","경창산업","12","0","KOSDAQ","-0.5","103.96","","104.48"
"A024940","PN풍년","12","0","KOSDAQ","-0.54","36.6","","36.8"
"A024950","삼천리자전거","12","0","KOSDAQ","0","234.94","","234.94"
"A025000","KPX케미칼","12","0","KOSPI","-0.98","245.39","","247.81"
"A025320","시노펙스","12","0","KOSDAQ","1.35","145.07","","143.14"
"A025440","DH오토웨어","12","0","KOSDAQ","-1.57","85.94","","87.32"
"A025530","SJM홀딩스","12","0","KOSPI","-1.28","80.49","","81.54"
"A025540","한국단자","12","1","KOSPI","-0.46","904.02","","908.19"
"A025550","한국선재","12","0","KOSDAQ","1.32","93.8","","92.57"
"A025560","미래산업","12","0","KOSPI","0","189.51","","189.51"
"A025620","차AI헬스케어","12","0","KOSPI","-0.67","176.41","","177.6"
"A025750","한솔홈데코","12","0","KOSPI","-0.53","143.47","","144.24"
"A025770","한국정보통신","12","0","KOSDAQ","-2.26","502.63","","514.27"
"A025820","이구산업","12","0","KOSPI","2.67","57.85","","56.35"
"A025860","남해화학","12","1","KOSPI","0.46","436.18","","434.19"
"A025870","신라에스지","12","0","KOSDAQ","-1.67","25.88","","26.32"
"A025880","케이씨피드","12","0","KOSDAQ","0.3","41.74","","41.62"
"A025890","한국주강","12","0","KOSPI","1.73","36.53","","35.91"
"A025900","동화기업","12","0","KOSDAQ","-0.26","558.48","","559.91"
"A025950","동신건설","12","0","KOSDAQ","-3.36","48.38","","50.06"
"A025980","아난티","12","0","KOSDAQ","-0.14","605.06","","605.88"
"A026040","제이에스티나","12","0","KOSDAQ","-0.39","209.6","","210.42"
"A026150","특수건설","12","0","KOSDAQ","-2.39","53.07","","54.37"
"A026890","스틱인베스트먼트","12","0","KOSPI","0.13","163.8","","163.59"
"A026910","광진실업","12","0","KOSDAQ","0.57","28.06","","27.9"
"A026940","부국철강","12","0","KOSPI","-0.55","54.2","","54.5"
"A026960","동서","12","0","KOSPI","-0.15","3280.13","","3285.12"
"A027040","서울전자통신","12","0","KOSDAQ","-1.71","87.18","","88.69"
"A027050","코리아나","12","0","KOSDAQ","-0.61","328","","330"
"A027360","아주IB투자","12","0","외감","","","",""
"A027410","BGF","12","1","KOSPI","-0.23","5351.18","","5363.56"
"A027580","상보","12","0","KOSDAQ","0.24","90.92","","90.7"
"A027710","팜스토리","12","0","KOSDAQ","4.62","145.85","","139.41"
"A027740","마니커","12","0","KOSPI","0.82","102.55","","101.72"
"A027830","대성창투","12","0","KOSDAQ","1.07","94.6","","93.6"
"A027970","한국제지","12","0","KOSPI","-0.58","33.85","","34.05"
"A028050","삼성E&A","12","1","KOSPI","0.43","2263.8","","2254"
"A028080","휴맥스홀딩스","12","0","KOSDAQ","-0.54","92.57","","93.07"
"A028100","동아지질","12","0","KOSPI","0","119.03","","119.03"
"A028260","삼성물산","12","1","KOSPI","0.38","25323.62","","25228.78"
"A028300","HLB","12","0","KOSDAQ","0.23","790.2","","788.42"
"A028670","팬오션","12","0","KOSPI","-2.43","2030.84","","2078.72"
"A029460","케이씨","12","0","KOSPI","1.88","542.64","","532.62"
"A029480","광무","12","0","KOSDAQ","-1.37","48.61","","49.28"
"A029530","신도리코","12","1","KOSPI","0.9","508.03","","503.5"
"A029780","삼성카드","12","1","KOSPI","0.7","4987.73","","4952.97"
"A030000","제일기획","12","1","KOSPI","0.87","1990.21","","1972.96"
"A030190","NICE평가정보","12","0","KOSDAQ","0","452.33","","452.33"
"A030200","KT","12","1","KOSPI","0.33","8055.3","","8029.19"
"A030210","다올투자증권","12","0","KOSPI","0","179.74","","179.74"
"A030350","드래곤플라이","12","0","KOSDAQ","-1.75","157.68","","160.5"
"A030520","한컴","12","0","KOSDAQ","-2.22","458.18","","468.57"
"A030530","원익홀딩스","12","0","KOSDAQ","1.18","301.66","","298.13"
"A030610","교보증권","12","0","KOSPI","1.5","365.4","","360"
"A030720","동원수산","12","0","KOSPI","1.05","39.01","","38.61"
"A030960","양지사","6","0","KOSDAQ","0","108.02","","108.02"
"A031210","서울보증보험","12","0","외감","","","",""
"A031310","아이즈비전","12","0","KOSDAQ","1.95","57.65","","56.54"
"A031330","에스에이엠티","12","0","KOSDAQ","2.32","141.19","","137.99"
"A031430","신세계인터내셔날","12","0","KOSPI","1.04","486.23","","481.24"
"A031440","신세계푸드","12","0","KOSPI","6.01","683.49","","644.77"
"A031510","오스템","12","0","KOSDAQ","-2.13","101.79","","104"
"A031820","아이티센씨티에스","12","0","KOSPI","0.28","56.38","","56.22"
"A031860","디에이치엑스컴퍼니","12","0","KOSDAQ","-2.08","140.75","","143.74"
"A031980","피에스케이홀딩스","12","0","KOSDAQ","5.7","282.61","","267.36"
"A032080","아즈텍WB","12","0","KOSDAQ","-2.51","65.87","","67.56"
"A032190","다우데이타","12","0","KOSDAQ","1.06","508.73","","503.37"
"A032280","삼일","12","0","KOSDAQ","-0.74","43.21","","43.53"
"A032300","한국파마","12","0","외감","","","",""
"A032350","롯데관광개발","12","0","KOSPI","-0.8","375.27","","378.29"
"A032500","케이엠더블유","12","0","KOSDAQ","-1.73","137.33","","139.75"
"A032540","TJ미디어","12","0","KOSDAQ","-0.12","55.73","","55.8"
"A032560","황금에스티","12","0","KOSPI","0.81","86.94","","86.24"
"A032580","피델릭스","12","0","KOSDAQ","0.15","66.43","","66.33"
"A032620","GC메디아이","12","0","KOSDAQ","-0.45","179.88","","180.68"
"A032640","LG유플러스","12","1","KOSPI","0.93","4715.4","","4671.74"
"A032680","소프트센","12","0","KOSDAQ","-0.85","72.03","","72.64"
"A032750","삼진","12","0","KOSDAQ","0","50.34","","50.34"
"A032790","엠젠솔루션","12","0","KOSDAQ","0","175.38","","175.38"
"A032800","판타지오","6","0","KOSDAQ","-0.58","84.53","","85.02"
"A032820","우리기술","12","0","KOSDAQ","0.33","69.17","","68.94"
"A032830","삼성생명","12","1","KOSPI","0.72","19640","","19500"
"A032850","비트컴퓨터","12","0","KOSDAQ","0","148.78","","148.78"
"A032860","더라미","12","0","KOSDAQ","0","88.44","","88.44"
"A032940","원익","12","0","KOSDAQ","-0.57","88.44","","88.95"
"A032960","동일기연","12","0","KOSDAQ","-2.11","80.29","","82.02"
"A032980","바이온","12","0","KOSDAQ","-1.57","50.65","","51.46"
"A033050","제이엠아이","12","0","KOSDAQ","0.33","49.19","","49.03"
"A033100","제룡전기","12","0","KOSDAQ","-1.07","51.96","","52.52"
"A033130","디지틀조선","12","0","KOSDAQ","2.67","149.76","","145.86"
"A033160","엠케이전자","12","0","KOSDAQ","-2.02","264.96","","270.42"
"A033170","시그네틱스","12","0","KOSDAQ","-0.55","153.88","","154.74"
"A033200","모아텍","3","0","KOSDAQ","-1.25","56.61","","57.32"
"A033230","인성정보","12","0","KOSDAQ","-2.61","107.73","","110.62"
"A033240","자화전자","12","0","KOSPI","1.92","238.07","","233.6"
"A033250","체시스","12","0","KOSPI","1.51","56.4","","55.56"
"A033270","유나이티드제약","12","0","KOSPI","-0.24","336.3","","337.11"
"A033290","로젠","12","0","KOSDAQ","-2.72","282.92","","290.83"
"A033310","엠투엔","12","0","KOSDAQ","0","56.58","","56.58"
"A033320","제이씨현시스템","12","0","KOSDAQ","2.42","153.68","","150.05"
"A033340","좋은사람들","12","0","KOSDAQ","1.26","74.09","","73.16"
"A033500","동성화인텍","12","0","KOSDAQ","2.5","188.35","","183.76"
"A033530","SJG세종","12","0","KOSPI","-4.93","212.58","","223.61"
"A033540","파라텍","12","0","KOSDAQ","1.14","69.86","","69.08"
"A033560","블루콤","12","0","KOSDAQ","-0.63","305.28","","307.2"
"A033640","네패스","12","0","KOSDAQ","1.13","175.91","","173.95"
"A033780","KT&G","12","1","KOSPI","0.82","16955.62","","16818.33"
"A033790","피노","12","0","KOSDAQ","3.1","51.29","","49.75"
"A033830","티비씨","12","0","KOSDAQ","-0.14","73","","73.1"
"A033920","무학","12","1","KOSPI","-0.21","691.13","","692.55"
"A034020","두산에너빌리티","12","1","KOSPI","-1.41","2600.88","","2638.03"
"A034120","SBS","12","1","KOSPI","0.92","500.12","","495.56"
"A034220","LG디스플레이","12","1","KOSPI","1.01","10770.25","","10662.91"
"A034230","파라다이스","12","0","KOSDAQ","0.99","1395.97","","1382.33"
"A034310","NICE","12","0","KOSPI","-2.42","687.56","","704.61"
"A034590","인천도시가스","12","0","KOSPI","-1.89","136.27","","138.9"
"A034730","SK","12","1","KOSPI","0.24","14705.3","","14670.12"
"A034810","해성산업","12","0","KOSDAQ","-0.6","162.35","","163.33"
"A034830","한국토지신탁","12","0","KOSPI","-1.03","845.84","","854.68"
"A034940","조아제약","12","0","KOSDAQ","-3","174.11","","179.49"
"A034950","한국기업평가","12","0","KOSDAQ","-0.49","184.8","","185.71"
"A035000","HS애드","12","0","KOSPI","2.44","139.17","","135.85"
"A035080","그래디언트","12","0","KOSDAQ","-0.16","361.08","","361.67"
"A035150","백산","12","0","KOSPI","2.52","177.39","","173.03"
"A035200","프럼파스트","12","0","KOSDAQ","-0.35","31.73","","31.84"
"A035250","강원랜드","12","1","KOSPI","-0.86","8632.5","","8707.38"
"A035290","골드앤에스","12","0","KOSDAQ","2.39","71.62","","69.95"
"A035420","NAVER","12","1","KOSPI","0.14","23238.69","","23205.73"
"A035460","기산텔레콤","12","0","KOSDAQ","-1.07","53.86","","54.45"
"A035510","신세계 I&C","12","0","KOSPI","0.52","132.96","","132.27"
"A035600","KG이니시스","12","0","KOSDAQ","3.87","392.06","","377.44"
"A035610","솔본","12","0","KOSDAQ","2.17","179.94","","176.11"
"A035620","바른손이앤에이","12","0","KOSDAQ","0.5","200.33","","199.33"
"A035720","카카오","12","0","KOSDAQ","0","6258.26","","6258.26"
"A035760","CJ ENM","12","0","KOSDAQ","0.12","1000.7","","999.46"
"A035810","이지홀딩스","12","0","KOSDAQ","-0.7","376.87","","379.52"
"A035890","서희건설","12","0","KOSDAQ","-1.11","213.52","","215.92"
"A035900","JYP Ent.","12","0","KOSDAQ","-1.06","190.64","","192.68"
"A036000","예림당","12","0","KOSDAQ","2.77","128.07","","124.62"
"A036010","아비코전자","12","0","KOSDAQ","-0.9","100.31","","101.22"
"A036030","케이티알파","12","0","KOSDAQ","0.25","289.29","","288.58"
"A036090","위지트","12","0","KOSDAQ","-0.35","91.33","","91.65"
"A036120","서울평가정보","12","0","KOSDAQ","3.35","60.17","","58.22"
"A036170","에이치엠넥스","12","0","KOSDAQ","-1.26","113.74","","115.18"
"A036190","금화피에스시","12","0","KOSDAQ","1.11","219.3","","216.9"
"A036200","유니셈","12","0","KOSDAQ","-0.71","221.58","","223.16"
"A036220","오상헬스케어","12","0","외감","","","",""
"A036420","콘텐트리중앙","12","0","KOSDAQ","-1.77","506.47","","515.59"
"A036460","한국가스공사","12","1","KOSPI","-0.49","3729.45","","3747.91"
"A036480","대성미생물","12","0","KOSDAQ","-0.28","53.24","","53.39"
"A036530","SNT홀딩스","12","0","KOSPI","2.63","308.69","","300.77"
"A036540","SFA반도체","12","0","KOSDAQ","-2.37","348.46","","356.92"
"A036560","KZ정밀","12","0","KOSDAQ","0.7","136.71","","135.77"
"A036570","NC","12","1","KOSPI","0.2","5526.11","","5515.15"
"A036580","팜스코","12","1","KOSPI","0.99","560.1","","554.59"
"A036620","감성코퍼레이션","12","0","KOSDAQ","-4.93","40.32","","42.41"
"A036630","세종텔레콤","12","0","KOSDAQ","-0.38","393.43","","394.93"
"A036640","HRS","12","0","KOSDAQ","0.28","59.04","","58.88"
"A036670","삼양케이씨아이","12","0","KOSDAQ","5.27","108.08","","102.67"
"A036690","코맥스","12","0","KOSDAQ","-3.07","82.26","","84.87"
"A036710","심텍홀딩스","12","0","KOSDAQ","-1.42","108.7","","110.27"
"A036800","나이스정보통신","12","0","KOSDAQ","0.29","350","","349"
"A036810","에프에스티","12","0","KOSDAQ","-0.45","72.94","","73.27"
"A036830","솔브레인홀딩스","12","0","KOSDAQ","0.64","1045.14","","1038.51"
"A036890","진성티이씨","12","0","KOSDAQ","-0.81","129.36","","130.42"
"A036930","주성엔지니어링","12","0","KOSDAQ","0","509.03","","509.03"
"A037030","파워넷","12","0","K-OTC","0","17.2","","17.2"
"A037070","파세코","12","0","KOSDAQ","-0.82","95.57","","96.36"
"A037230","한국팩키지","12","0","KOSDAQ","-2.48","49.25","","50.5"
"A037270","YG PLUS","12","0","KOSPI","0.31","185.76","","185.18"
"A037330","인지디스플레","12","0","KOSDAQ","-1.48","82.78","","84.02"
"A037350","성도이엔지","12","0","KOSDAQ","-0.77","69.93","","70.47"
"A037370","EG","12","0","KOSDAQ","-1.89","97.5","","99.38"
"A037400","우리엔터프라이즈","12","0","KOSDAQ","-0.19","65.55","","65.67"
"A037440","희림","12","0","KOSDAQ","-1.22","78.94","","79.92"
"A037460","삼지전자","12","0","KOSDAQ","1.21","95.35","","94.21"
"A037560","LG헬로비전","12","0","KOSPI","-0.53","721.8","","725.68"
"A037710","광주신세계","12","0","KOSPI","-0.2","407.2","","408"
"A037760","쎄니트","12","0","KOSDAQ","-3.57","87.44","","90.68"
"A037950","엘컴텍","12","0","KOSDAQ","-5.07","239.74","","252.55"
"A038010","제일테크노스","12","0","KOSDAQ","3.24","38.7","","37.48"
"A038060","루멘스","12","0","KOSDAQ","-0.65","217.47","","218.89"
"A038070","서린바이오","12","0","KOSDAQ","-0.87","101.82","","102.72"
"A038110","에코플라스틱","12","0","KOSDAQ","1.46","70.93","","69.9"
"A038290","마크로젠","12","0","KOSDAQ","-0.91","340.65","","343.77"
"A038390","레드캡투어","12","0","KOSDAQ","0","154.61","","154.61"
"A038460","바이오스마트","12","0","KOSDAQ","0","133.35","","133.35"
"A038500","삼표시멘트","12","0","KOSDAQ","-0.33","489.01","","490.62"
"A038530","케이바이오랩스","12","0","KOSDAQ","-2.6","48.48","","49.78"
"A038540","상상인","12","0","KOSDAQ","2.97","259.69","","252.21"
"A038620","위즈코프","12","0","KOSDAQ","-0.64","49.06","","49.37"
"A038680","에스넷","12","0","KOSDAQ","-2.78","118.15","","121.53"
"A038870","에코심플렉스","12","0","KOSDAQ","-4.14","154.71","","161.4"
"A038880","아이에이","12","0","KOSDAQ","-0.75","188.45","","189.88"
"A038950","파인디지털","12","0","KOSDAQ","-2.95","60.33","","62.16"
"A039010","현대에이치티","12","0","KOSDAQ","1.57","72.36","","71.24"
"A039020","이건홀딩스","12","0","KOSDAQ","1.27","51.58","","50.93"
"A039030","이오테크닉스","12","0","KOSDAQ","1.07","1273.5","","1259.99"
"A039130","하나투어","12","0","KOSPI","-0.26","879.35","","881.67"
"A039200","오스코텍","12","0","KOSDAQ","-3.15","271.78","","280.63"
"A039240","경남스틸","12","0","KOSDAQ","-2.37","51.5","","52.75"
"A039290","인포뱅크","12","0","KOSDAQ","0.14","61.12","","61.03"
"A039310","세중","12","0","KOSDAQ","1.08","76.47","","75.66"
"A039340","한국경제TV","12","0","KOSDAQ","0.51","134.78","","134.09"
"A039420","케이엘넷","12","0","KOSDAQ","1.55","79.35","","78.14"
"A039440","에스티아이","12","0","KOSDAQ","-1.24","121.14","","122.65"
"A039490","키움증권","12","0","KOSPI","0.68","1626.54","","1615.49"
"A039560","다산네트웍스","12","0","KOSDAQ","-0.95","145.73","","147.12"
"A039570","HDC랩스","12","0","KOSPI","-0.34","242.37","","243.2"
"A039610","화성밸브","12","0","KOSDAQ","0.49","44.41","","44.19"
"A039740","한국정보공학","12","0","KOSDAQ","-1.12","56.53","","57.17"
"A039830","오로라","12","0","KOSDAQ","1.26","129.69","","128.08"
"A039840","디오","12","0","KOSDAQ","1.78","866.29","","851.12"
"A039860","나노엔텍","12","0","KOSDAQ","-0.69","141.74","","142.72"
"A039980","폴라리스AI","12","0","KOSDAQ","1.08","168.82","","167.02"
"A040160","누리플렉스","12","0","KOSDAQ","-2.23","132.01","","135.02"
"A040300","YTN","12","0","KOSDAQ","0","119.7","","119.7"
"A040350","크레오에스지","12","0","KOSDAQ","0.14","323.74","","323.28"
"A040420","정상제이엘에스","12","0","KOSDAQ","-1.34","104.1","","105.51"
"A040610","SG&G","12","0","KOSDAQ","4.29","136.86","","131.24"
"A040910","아이씨디","12","0","KOSDAQ","11.07","247.58","","222.91"
"A041020","폴라리스오피스","12","0","KOSDAQ","3.48","110.59","","106.87"
"A041190","우리기술투자","12","0","KOSDAQ","1.72","64.51","","63.42"
"A041440","현대에버다임","12","0","KOSDAQ","5.94","178.8","","168.77"
"A041460","한국전자인증","12","0","KOSDAQ","-1.94","162.66","","165.88"
"A041510","에스엠","12","0","KOSDAQ","-1.15","749.48","","758.18"
"A041520","이엘씨","12","0","KOSDAQ","0.84","146.26","","145.05"
"A041590","플래스크","12","0","KOSDAQ","-1.18","134.87","","136.49"
"A041650","상신브레이크","12","0","KOSPI","0","150.3","","150.3"
"A041830","인바디","12","0","KOSDAQ","4.29","581.56","","557.61"
"A041910","폴라리스AI파마","12","0","KOSDAQ","1.52","190.97","","188.11"
"A041920","메디아나","12","0","KOSDAQ","-0.7","183.82","","185.12"
"A041930","SY동아","12","0","KOSDAQ","1.24","90.53","","89.43"
"A041960","코미팜","12","0","KOSDAQ","-2.61","1628.65","","1672.22"
"A042000","카페24","12","0","K-OTC","3.09","63.52","","61.62"
"A042040","케이피엠테크","12","0","KOSDAQ","-3.32","81.71","","84.52"
"A042110","에스씨디","12","0","KOSDAQ","-0.25","95.69","","95.93"
"A042370","비츠로테크","12","0","KOSDAQ","0.11","61.07","","61"
"A042420","네오위즈홀딩스","12","0","KOSDAQ","2.46","133.69","","130.49"
"A042500","링네트","12","0","KOSDAQ","0","67.9","","67.9"
"A042510","라온시큐어","12","0","KOSDAQ","-0.91","104.34","","105.29"
"A042520","한스바이오메드","9","0","KOSDAQ","0.26","191.24","","190.75"
"A042600","새로닉스","12","0","KOSDAQ","3.18","64.48","","62.49"
"A042660","한화오션","12","1","KOSPI","0","1224.9","","1224.9"
"A042700","한미반도체","12","0","KOSPI","-1.39","359.87","","364.96"
"A042940","상지건설","12","0","KOSDAQ","-2.5","37.68","","38.65"
"A043090","더테크놀로지","12","0","KOSDAQ","-1.56","102.96","","104.59"
"A043100","알파AI","12","0","KOSDAQ","0.37","117.89","","117.46"
"A043150","바텍","12","0","KOSDAQ","-1.38","585.26","","593.43"
"A043200","파루","12","0","KOSDAQ","-4.88","113.04","","118.84"
"A043220","티에스넥스젠","12","0","KOSDAQ","3.94","84.92","","81.7"
"A043260","성호전자","12","0","KOSDAQ","-2.35","36.74","","37.62"
"A043340","에쎈테크","12","0","KOSDAQ","0.33","109.8","","109.44"
"A043360","디지아이","12","0","KOSDAQ","-0.25","35.82","","35.91"
"A043370","피에이치에이","12","0","KOSDAQ","0.44","238.35","","237.3"
"A043590","웰킵스하이텍","12","0","KOSDAQ","3.41","59.15","","57.2"
"A043610","KT지니뮤직","12","0","KOSDAQ","-1.75","187.54","","190.88"
"A043650","국순당","12","0","KOSDAQ","-0.14","125.37","","125.54"
"A043710","코스리거글로벌","12","0","KOSDAQ","0","196.07","","196.07"
"A043910","자연과환경","12","0","KOSDAQ","0.65","63.09","","62.68"
"A044180","KD","12","0","KOSDAQ","5.61","45.9","","43.46"
"A044340","위닉스","12","0","KOSDAQ","-0.5","161.79","","162.6"
"A044380","주연테크","12","0","KOSPI","-0.27","106.94","","107.22"
"A044450","KSS해운","12","0","KOSPI","1.52","194.18","","191.28"
"A044480","빌리언스","12","0","KOSDAQ","0","83.08","","83.08"
"A044490","태웅","12","0","KOSDAQ","4.74","401.45","","383.29"
"A044780","에이치케이","12","0","KOSDAQ","-0.46","39.94","","40.12"
"A044820","코스맥스비티아이","12","0","KOSPI","1.62","543.58","","534.94"
"A044960","이글벳","12","0","KOSDAQ","2.74","70.01","","68.14"
"A044990","에이치엔에스하이텍","12","0","KONEX","0","32.07","","32.07"
"A045060","오공","12","0","KOSDAQ","-0.51","56.11","","56.4"
"A045100","한양이엔지","12","0","KOSDAQ","1.95","235.8","","231.3"
"A045300","성우테크론","12","0","KOSDAQ","1.08","27.3","","27"
"A045340","토탈소프트","12","0","KOSDAQ","1.23","31.71","","31.32"
"A045390","대아티아이","12","0","KOSDAQ","-4.27","143.73","","150.13"
"A045510","정원엔시스","12","0","KOSDAQ","4.15","86.95","","83.49"
"A045520","크린앤사이언스","12","0","KOSDAQ","-2.63","40.95","","42.05"
"A045660","에이텍","12","0","KOSDAQ","0.1","40.23","","40.18"
"A045970","코아시아","12","0","KOSDAQ","-0.76","86.61","","87.27"
"A046070","코다코","12","0","KOSDAQ","-1.73","133.92","","136.29"
"A046120","오르비텍","12","0","KOSDAQ","-1.62","78.4","","79.69"
"A046210","HLB파나진","12","0","KOSDAQ","0","223.46","","223.46"
"A046310","백금T&A","12","0","KOSDAQ","-0.71","56.34","","56.74"
"A046390","삼화네트웍스","12","0","KOSDAQ","-4.4","97.55","","102.04"
"A046440","KG파이낸셜","12","0","KOSDAQ","2.74","233","","226.79"
"A046890","서울반도체","12","0","KOSDAQ","-3.35","1008.68","","1043.67"
"A046940","우원개발","12","0","KOSDAQ","0.16","92.01","","91.86"
"A046970","우리로","12","0","KOSDAQ","-6.08","54.91","","58.47"
"A047040","대우건설","12","1","KOSPI","0.87","2418.92","","2398.14"
"A047050","포스코인터내셔널","12","1","KOSPI","0.89","2567.91","","2545.14"
"A047080","한빛소프트","12","0","KOSDAQ","-2.63","213.86","","219.65"
"A047310","파워로직스","12","0","KOSDAQ","-2.23","146.65","","150"
"A047400","유니온머티리얼","12","0","KOSPI","-0.32","131.46","","131.88"
"A047560","이스트소프트","12","0","KOSDAQ","0.38","129.68","","129.19"
"A047770","코데즈컴바인","12","0","KOSDAQ","-2.95","236.14","","243.33"
"A047810","한국항공우주","12","1","KOSPI","-1.46","7885.74","","8002.71"
"A047820","초록뱀미디어","12","0","KOSDAQ","-7.32","218.24","","235.48"
"A047920","HLB제약","12","0","KOSDAQ","-0.37","91.89","","92.23"
"A048410","현대바이오","12","0","KOSDAQ","4.49","246.93","","236.32"
"A048430","유라테크","12","0","KOSDAQ","2.31","86.75","","84.79"
"A048470","대동스틸","12","0","KOSDAQ","-0.15","34","","34.05"
"A048530","인트론바이오","12","0","KOSDAQ","0.38","798.54","","795.53"
"A048550","SM C&C","12","0","KOSDAQ","-1.27","162.01","","164.1"
"A048770","TPC로보틱스","12","0","KOSDAQ","0.37","70.31","","70.05"
"A048830","엔피케이","12","0","KOSDAQ","3.18","48.21","","46.72"
"A048870","시너지이노베이션","12","0","KOSDAQ","0.99","406.13","","402.13"
"A048910","대원미디어","12","0","KOSDAQ","-4.51","165.66","","173.49"
"A049070","인탑스","12","0","KOSDAQ","-1.21","175.44","","177.59"
"A049080","기가레인","12","0","KOSDAQ","1.35","119.5","","117.91"
"A049120","파인디앤씨","12","0","KOSDAQ","1.31","35.92","","35.46"
"A049180","셀루메드","12","0","KOSDAQ","-1.18","433.43","","438.62"
"A049430","코메론","12","0","KOSDAQ","-0.46","78.9","","79.26"
"A049470","비트플래닛","12","0","KOSDAQ","-1","116.54","","117.72"
"A049480","오픈베이스","12","0","KOSDAQ","0.72","154.76","","153.66"
"A049520","유아이엘","12","0","KOSDAQ","2.37","123.04","","120.19"
"A049550","잉크테크","12","0","KOSDAQ","11.6","87.91","","78.77"
"A049630","재영솔루텍","12","0","KOSDAQ","1.9","102.28","","100.37"
"A049720","고려신용정보","12","0","KOSDAQ","-0.38","37.25","","37.39"
"A049800","우진플라임","12","0","KOSPI","-1.82","54","","55"
"A049830","승일","12","0","KOSDAQ","-6.32","77.26","","82.48"
"A049950","미래컴퍼니","12","0","KOSDAQ","-1.34","113","","114.53"
"A049960","쎌바이오텍","12","0","KOSDAQ","-1.29","576.22","","583.74"
"A050090","비케이홀딩스","12","0","KOSDAQ","1.52","93.88","","92.47"
"A050110","캠시스","12","0","KOSDAQ","-1.34","151.61","","153.67"
"A050120","ES큐브","12","0","KOSDAQ","1.27","83.24","","82.2"
"A050760","에스폴리텍","12","0","KOSDAQ","-2.64","39.2","","40.26"
"A050860","아세아텍","6","0","KOSDAQ","-0.82","63.88","","64.4"
"A050890","쏠리드","12","0","KOSDAQ","-1.19","107.16","","108.45"
"A050960","수산아이앤티","12","0","외감","","","",""
"A051160","지어소프트","12","0","KOSDAQ","-8.4","36.39","","39.72"
"A051360","토비스","12","0","KOSDAQ","0.52","162.99","","162.16"
"A051370","인터플렉스","12","0","KOSDAQ","1.59","262.09","","258"
"A051380","피씨디렉트","12","0","KOSDAQ","-1.15","44.42","","44.94"
"A051390","YW","12","0","KOSDAQ","0","43.89","","43.89"
"A051490","나라엠앤디","12","0","KOSDAQ","0.12","59.5","","59.43"
"A051500","CJ프레시웨이","12","0","KOSDAQ","1.98","550.84","","540.16"
"A051600","한전KPS","12","1","KOSPI","-0.77","2902.5","","2925"
"A051630","진양화학","12","0","KOSPI","0.63","57.54","","57.18"
"A051780","큐로홀딩스","12","0","KOSDAQ","2.64","123.47","","120.29"
"A051900","LG생활건강","12","1","KOSPI","-0.09","17367.44","","17383.05"
"A051910","LG화학","12","1","KOSPI","-3.41","15938.2","","16501.5"
"A051980","중앙첨단소재","12","0","KOSDAQ","-3.16","107.56","","111.07"
"A052020","에스티큐브","12","0","KOSDAQ","-0.99","256.82","","259.38"
"A052220","iMBC","12","0","KOSDAQ","1.01","103.16","","102.12"
"A052260","현대바이오랜드","12","0","KOSDAQ","-0.83","358.5","","361.5"
"A052300","오션인더블유","12","0","KOSDAQ","-1.32","96.83","","98.12"
"A052330","코텍","12","0","KOSDAQ","-0.81","191.57","","193.12"
"A052400","코나아이","12","0","KOSDAQ","8.13","279.29","","258.28"
"A052420","오성첨단소재","12","0","KOSDAQ","-1.89","160.52","","163.62"
"A052460","아이크래프트","12","0","KOSDAQ","0.56","72.49","","72.08"
"A052600","한네트","12","0","KOSDAQ","4.76","50.88","","48.57"
"A052690","한전기술","12","1","KOSPI","1.14","1020.47","","1009.01"
"A052710","아모텍","12","0","KOSDAQ","0.26","186.59","","186.1"
"A052770","아이톡시","12","0","KOSDAQ","5.17","204.6","","194.54"
"A052790","액토즈소프트","12","0","KOSDAQ","5.13","266.84","","253.81"
"A052860","아이앤씨","12","0","KOSDAQ","-1.06","33.81","","34.17"
"A052900","KX하이텍","12","0","KOSDAQ","0.25","87.95","","87.73"
"A053030","바이넥스","12","0","KOSDAQ","-6.4","685.14","","731.96"
"A053050","지에스이","12","0","KOSDAQ","-1.63","58.76","","59.73"
"A053060","세동","12","0","KOSDAQ","-1.49","26.74","","27.14"
"A053080","케이엔솔","12","0","외감","","","",""
"A053160","프리엠스","12","0","KOSDAQ","0.16","36.66","","36.6"
"A053210","스카이라이프","12","0","KOSPI","0","832.1","","832.1"
"A053260","금강철강","12","0","KOSDAQ","-1.35","75.25","","76.28"
"A053270","구영테크","12","0","KOSDAQ","-1.12","43.65","","44.14"
"A053280","예스24","12","0","KOSDAQ","-0.15","111.11","","111.28"
"A053290","NE능률","12","0","KOSDAQ","-1.54","66.53","","67.56"
"A053300","한국정보인증","12","0","KOSDAQ","-0.85","218.96","","220.84"
"A053350","이니텍","12","0","KOSDAQ","0.94","149.22","","147.84"
"A053450","세코닉스","12","0","KOSDAQ","0.52","211.96","","210.87"
"A053580","웹케시","12","0","K-OTC","0","70.67","","70.67"
"A053610","프로텍","12","0","KOSDAQ","-0.97","91.8","","92.7"
"A053620","태양","12","0","KOSDAQ","3.02","102.77","","99.76"
"A053690","한미글로벌","12","0","KOSPI","-1.01","106.93","","108.01"
"A053700","삼보모터스","12","0","KOSDAQ","0.36","102.91","","102.55"
"A053800","안랩","12","0","KOSDAQ","0.19","535.74","","534.74"
"A053950","경남제약","12","0","KOSDAQ","0.42","80.31","","79.98"
"A053980","오상자이엘","12","0","KOSDAQ","-1.62","215.64","","219.19"
"A054040","한국컴퓨터","12","0","KOSDAQ","-0.64","62.2","","62.6"
"A054050","NH농우바이오","12","0","KOSDAQ","0.63","341.77","","339.63"
"A054090","삼진엘앤디","12","0","KOSDAQ","-0.6","75.22","","75.68"
"A054180","메디콕스","12","0","KOSDAQ","1.63","67.98","","66.89"
"A054210","이랜텍","12","0","KOSDAQ","0.88","140.69","","139.46"
"A054220","비츠로시스","12","0","KOSDAQ","-3.71","67.87","","70.49"
"A054300","팬스타엔터프라이즈","12","0","KOSDAQ","0.26","52.25","","52.11"
"A054410","케이피티유","12","0","KOSDAQ","-0.56","44.93","","45.19"
"A054450","텔레칩스","12","0","KOSDAQ","-1.87","111.63","","113.75"
"A054540","삼영엠텍","12","0","KOSDAQ","0.98","48.63","","48.15"
"A054620","APS","12","0","KOSDAQ","-1.98","444.33","","453.3"
"A054670","대한뉴팜","12","0","KOSDAQ","2.77","239.73","","233.27"
"A054780","키이스트","12","0","KOSDAQ","-0.15","250.95","","251.34"
"A054800","아이디스홀딩스","12","0","KOSDAQ","0.31","168.15","","167.63"
"A054920","한컴위드","12","0","KOSDAQ","-1.16","50.5","","51.09"
"A054930","유신","12","0","KOSDAQ","0.88","34.5","","34.2"
"A054940","엑사이엔씨","12","0","KOSDAQ","3.34","76.96","","74.47"
"A054950","제이브이엠","12","0","KOSDAQ","-1.51","330.47","","335.54"
"A055490","테이팩스","12","0","외감","","","",""
"A055550","신한지주","12","1","KOSPI","1.29","18683.46","","18446.36"
"A056080","유진로봇","12","0","KOSDAQ","-0.22","108.08","","108.31"
"A056090","시지메드텍","12","0","KOSDAQ","3.88","205.76","","198.08"
"A056190","SFA","12","0","KOSDAQ","0.52","1044.94","","1039.56"
"A056360","코위버","12","0","KOSDAQ","-0.34","58.19","","58.39"
"A056700","신화인터텍","12","0","KOSDAQ","2.49","131.84","","128.63"
"A056730","CNT85","12","0","KOSDAQ","-2.42","64.67","","66.27"
"A057030","YBM넷","12","0","KOSDAQ","-0.61","66.96","","67.37"
"A057050","현대홈쇼핑","12","1","KOSPI","0","1482","","1482"
"A057540","옴니시스템","12","0","KOSDAQ","1.07","135.05","","133.63"
"A057680","티사이언티픽","12","0","KOSDAQ","0.4","61.4","","61.15"
"A058110","멕아이씨에스","12","0","KOSDAQ","-1.75","42.03","","42.78"
"A058400","KNN","12","0","KOSDAQ","-0.12","112.7","","112.83"
"A058430","포스코스틸리온","12","0","KOSPI","0.55","163.2","","162.3"
"A058450","한주에이알티","12","0","KOSDAQ","4.7","93.69","","89.49"
"A058470","리노공업","12","0","KOSDAQ","0.36","642.47","","640.18"
"A058610","에스피지","12","0","KOSDAQ","-0.34","95.15","","95.47"
"A058630","엠게임","12","0","KOSDAQ","-0.5","113.5","","114.07"
"A058650","세아홀딩스","12","0","KOSPI","0.38","528","","526"
"A058730","다스코","12","0","KOSPI","0","79.31","","79.31"
"A058820","CMG제약","12","0","KOSDAQ","1.1","487.89","","482.57"
"A058850","KTcs","12","0","KOSPI","0","107.78","","107.78"
"A058860","KTis","12","0","KOSPI","-0.23","148.95","","149.3"
"A058970","엠로","12","0","KONEX","-4","23.11","","24.08"
"A059090","미코","12","0","KOSDAQ","-0.86","94.73","","95.56"
"A059100","아이컴포넌트","12","0","KOSDAQ","-2.5","106.28","","109"
"A059120","아진엑스텍","12","0","KOSDAQ","-0.78","71.22","","71.78"
"A059210","메타바이오메드","12","0","KOSDAQ","0.71","109.26","","108.5"
"A059270","해성에어로보틱스","12","0","외감","","","",""
"A060150","인선이엔티","12","0","KOSDAQ","2.45","185.64","","181.2"
"A060230","제이케이시냅스","12","0","KOSDAQ","0.57","48.03","","47.76"
"A060240","스타코링크","12","0","KOSDAQ","3.85","253.4","","244.01"
"A060250","NHN KCP","12","0","KOSDAQ","-1.56","399.44","","405.77"
"A060260","뉴보텍","12","0","KOSDAQ","4.16","147.93","","142.02"
"A060280","큐렉소","12","0","KOSDAQ","-0.37","143.67","","144.21"
"A060310","3S","3","0","KOSDAQ","0.27","154.44","","154.02"
"A060370","LS마린솔루션","12","0","KOSDAQ","-1.78","132.71","","135.12"
"A060380","동양에스텍","12","0","KOSDAQ","0.85","29.7","","29.45"
"A060480","국일신동","12","0","KOSDAQ","6.18","32.38","","30.5"
"A060540","에스에이티","12","0","KOSDAQ","-1.52","46.75","","47.47"
"A060560","HC홈센타","12","0","KOSDAQ","6.05","118.88","","112.1"
"A060570","드림어스컴퍼니","12","0","KOSDAQ","-0.53","145.37","","146.15"
"A060590","씨티씨바이오","12","0","KOSDAQ","-1.72","248.31","","252.66"
"A060720","KH바텍","12","0","KOSDAQ","-0.4","252","","253"
"A060850","영림원소프트랩","12","0","외감","","","",""
"A060900","에이전트AI","12","0","KOSDAQ","0","42.21","","42.21"
"A060980","HL홀딩스","12","1","KOSPI","0","630.88","","630.88"
"A061040","알에프텍","12","0","KOSDAQ","7.02","77.47","","72.39"
"A061090","세나테크놀로지","12","0","외감","","","",""
"A061250","화일약품","12","0","KOSDAQ","4.02","149.15","","143.39"
"A061970","LB세미콘","12","0","KOSDAQ","-3.04","167.69","","172.95"
"A062040","산일전기","12","0","외감","","","",""
"A062970","한국첨단소재","12","0","외감","","","",""
"A063080","컴투스홀딩스","12","0","KOSDAQ","-1.28","504.83","","511.35"
"A063160","종근당바이오","12","0","KOSPI","-0.68","153.49","","154.53"
"A063170","서울옥션","12","0","KOSDAQ","-2.11","274.91","","280.83"
"A063440","SM Life Design","12","0","KOSDAQ","-1.19","95.39","","96.54"
"A063570","NICE인프라","12","0","KOSDAQ","0.14","184.71","","184.45"
"A063760","이엘피","12","0","KONEX","-0.92","43.23","","43.63"
"A064090","인크레더블버즈","12","0","KOSDAQ","11.78","67.58","","60.46"
"A064240","홈캐스트","12","0","KOSDAQ","-3.33","300.7","","311.07"
"A064260","다날","12","0","KOSDAQ","-2.11","274.87","","280.81"
"A064290","인텍플러스","12","0","KOSDAQ","7.73","40.78","","37.86"
"A064350","현대로템","12","1","KOSPI","-0.25","1729.75","","1734"
"A064400","LG씨엔에스","12","0","외감","","","",""
"A064480","브리지텍","12","0","KOSDAQ","-0.33","72.31","","72.55"
"A064520","테크엘","12","0","KOSDAQ","0","157.51","","157.51"
"A064550","바이오니아","12","0","KOSDAQ","0.41","188.46","","187.69"
"A064760","티씨케이","12","0","KOSDAQ","-1.07","431.98","","436.65"
"A064800","포니링크","12","0","KOSDAQ","-0.46","229.72","","230.78"
"A064820","케이프","12","0","KOSDAQ","0.44","42.04","","41.85"
"A064850","에프앤가이드","12","0","KONEX","-0.29","24.38","","24.45"
"A064960","SNT모티브","12","1","KOSPI","-1.28","891.57","","903.09"
"A065060","지엔코","12","0","KOSDAQ","-1.88","182.07","","183.5"
"A065130","탑엔지니어링","12","0","KOSDAQ","0.82","97.77","","96.98"
"A065150","대산F&B","12","0","KOSDAQ","0.41","197.98","","197.17"
"A065170","비엘팜텍","12","0","KOSDAQ","-2.36","106.91","","109.49"
"A065350","신성델타테크","12","0","KOSDAQ","-0.7","71.72","","72.23"
"A065370","위세아이텍","12","0","외감","","","",""
"A065420","에스아이리소스","12","0","KOSDAQ","4.11","76.06","","73.06"
"A065440","이루온","12","0","KOSDAQ","-1.46","50.27","","51.01"
"A065450","빅텍","12","0","KOSDAQ","2.23","78.52","","76.81"
"A065500","오리엔트정공","12","0","KOSDAQ","-0.46","56.32","","56.58"
"A065510","휴비츠","12","0","KOSDAQ","0.64","186.52","","185.33"
"A065530","와이어블","12","0","KOSDAQ","-1.06","74","","74.8"
"A065570","삼영이엔씨","12","0","KOSDAQ","-3.74","90.64","","94.16"
"A065650","하이퍼코퍼레이션","12","0","KOSDAQ","2.91","172.21","","167.34"
"A065660","안트로젠","12","0","KOSDAQ","-2.94","246.67","","254.13"
"A065680","우주일렉트로","12","0","KOSDAQ","-0.7","141.07","","142.06"
"A065690","파커스","12","0","KOSDAQ","-2.63","58.24","","59.81"
"A065710","서호전기","12","0","KOSDAQ","1.65","63.35","","62.32"
"A065770","CS","12","0","KOSDAQ","0.68","33.57","","33.35"
"A065950","웰크론","12","0","KOSDAQ","1.67","93.04","","91.51"
"A066130","하츠","12","0","KOSDAQ","2.72","72.58","","70.66"
"A066310","큐에스아이","12","0","KOSDAQ","-0.47","86.92","","87.34"
"A066360","체리부로","12","0","외감","","","",""
"A066410","버킷스튜디오","12","0","KOSDAQ","-1.37","133.21","","135.06"
"A066430","아이로보틱스","12","0","KOSDAQ","0","48.17","","48.17"
"A066570","LG전자","12","1","KOSPI","0.76","8706.06","","8640.6"
"A066590","스모트로닉","12","0","KOSDAQ","-2.58","61.01","","62.63"
"A066620","국보디자인","12","0","KOSDAQ","-0.54","138.75","","139.5"
"A066670","디티씨","12","0","KOSDAQ","0.1","92.62","","92.52"
"A066700","테라젠이텍스","12","0","KOSDAQ","-1.72","206.54","","210.15"
"A066790","씨씨에스","12","0","KOSDAQ","2.29","141.66","","138.49"
"A066900","디에이피","12","0","KOSDAQ","-0.91","98.71","","99.62"
"A066910","손오공","12","0","KOSDAQ","2.03","132.03","","129.41"
"A066970","엘앤에프","12","0","KOSDAQ","8.49","340.37","","313.74"
"A066980","한성크린텍","12","0","KOSDAQ","0.37","121.42","","120.87"
"A067000","조이시티","12","0","KOSDAQ","-1.39","376","","381.3"
"A067010","이씨에스","3","0","KOSDAQ","2.44","47.25","","46.13"
"A067080","대화제약","12","0","KOSDAQ","1.17","707.13","","698.93"
"A067160","SOOP","12","0","KOSDAQ","0.47","346.26","","344.63"
"A067170","오텍","12","0","KOSDAQ","0.28","83.33","","83.1"
"A067280","멀티캠퍼스","12","0","KOSDAQ","1.96","247.15","","242.41"
"A067290","JW신약","12","0","KOSDAQ","0.46","425.59","","423.64"
"A067310","하나마이크론","12","0","KOSDAQ","-3.58","144.74","","150.11"
"A067370","선바이오","12","0","KONEX","-1.8","229.15","","233.35"
"A067390","아스트","12","0","KOSDAQ","0.69","315.15","","312.98"
"A067570","엔브이에이치코리아","12","0","KOSDAQ","0.12","116.04","","115.89"
"A067630","HLB생명과학","12","0","KOSDAQ","-1.47","111.27","","112.92"
"A067730","로지시스","12","0","KOSDAQ","0.21","43.67","","43.58"
"A067770","세진티에스","12","0","KOSDAQ","0.91","27.88","","27.62"
"A067830","세이브존I&C","12","0","KOSPI","-0.76","213.82","","215.46"
"A067900","와이엔텍","12","0","KOSDAQ","0.12","57.8","","57.73"
"A067920","이글루","12","0","KOSDAQ","2.39","48.23","","47.1"
"A067990","도이치모터스","12","0","KOSDAQ","3.73","120.42","","116.08"
"A068050","팬엔터테인먼트","12","0","KOSDAQ","0.43","71.42","","71.12"
"A068100","케이웨더","12","0","외감","","","",""
"A068240","다원시스","12","0","KOSDAQ","0.18","437.54","","436.74"
"A068270","셀트리온","12","0","KOSDAQ","-1.6","12160.32","","12358.52"
"A068290","삼성출판사","12","0","KOSPI","-2.45","119.5","","122.5"
"A068330","일신바이오","12","0","KOSDAQ","-0.72","152.99","","154.09"
"A068760","셀트리온제약","12","0","KOSDAQ","-1.61","669.5","","680.48"
"A068790","DMS","12","0","KOSDAQ","0.73","218.03","","216.46"
"A068930","디지털대성","12","0","KOSDAQ","-1.04","74.1","","74.88"
"A068940","셀피글로벌","12","0","KOSDAQ","-0.76","65.23","","65.73"
"A069080","웹젠","12","0","KOSDAQ","0.52","679.73","","676.2"
"A069140","누리플랜","12","0","KOSDAQ","-1.89","28.28","","28.83"
"A069260","TKG휴켐스","12","1","KOSPI","0.5","825.75","","821.66"
"A069330","유아이디","12","0","KOSDAQ","-2.05","36.85","","37.62"
"A069410","엔텔스","12","0","KOSDAQ","-0.34","101.42","","101.76"
"A069460","대호에이엘","12","0","KOSPI","-0.75","54","","54.41"
"A069510","에스텍","12","0","KOSDAQ","0.54","102.34","","101.79"
"A069540","빛과전자","12","0","KOSDAQ","-1.43","65.37","","66.32"
"A069620","대웅제약","12","1","KOSPI","-1.5","1141.28","","1158.66"
"A069640","한세엠케이","12","0","KOSPI","8.7","252.99","","232.75"
"A069730","DSR제강","12","0","KOSPI","2.11","59.33","","58.1"
"A069920","엑시온그룹","12","0","KOSDAQ","0.94","123.62","","122.47"
"A069960","현대백화점","12","1","KOSPI","-1.56","2948.71","","2995.51"
"A070300","엑스큐어","12","0","KOSDAQ","-7.89","43.16","","46.86"
"A070590","인티큐브","12","0","KOSDAQ","-4.61","41.64","","43.65"
"A070960","모나용평","12","0","KOSPI","-0.77","371.59","","374.48"
"A071050","한국금융지주","12","1","KOSPI","1.78","2546.68","","2502.1"
"A071090","하이스틸","12","0","KOSPI","2.71","41.7","","40.6"
"A071200","인피니트헬스케어","12","0","KOSDAQ","-0.89","217.62","","219.57"
"A071280","로체시스템즈","12","0","KOSDAQ","0.12","66.37","","66.29"
"A071320","지역난방공사","12","0","KOSPI","0","764.2","","764.2"
"A071670","에이테크솔루션","12","0","KOSDAQ","29.86","61.1","","47.05"
"A071840","롯데하이마트","12","0","KOSPI","-0.35","1006.87","","1010.41"
"A071850","캐스텍코리아","12","0","KOSDAQ","-0.47","78.94","","79.31"
"A071950","코아스","12","0","KOSPI","0","53.78","","53.78"
"A071970","HD현대마린엔진","12","0","KOSPI","-30","78.14","","111.63"
"A072020","중앙백신","12","0","KOSDAQ","0","185.2","","185.2"
"A072130","유엔젤","12","0","KOSPI","-0.53","74.95","","75.35"
"A072470","우리산업홀딩스","12","0","KOSDAQ","-0.91","206.82","","208.71"
"A072710","농심홀딩스","12","0","KOSPI","1.58","595.96","","586.68"
"A072770","멤레이비티","12","0","KOSDAQ","-0.32","46.83","","46.98"
"A072870","메가스터디","12","0","KOSDAQ","-0.87","136.75","","137.96"
"A072950","빛샘전자","12","0","KOSDAQ","0.49","36.72","","36.54"
"A072990","에이치시티","12","0","외감","","","",""
"A073010","케이에스피","12","0","KOSDAQ","1.11","34.38","","34"
"A073110","엘엠에스","12","0","KOSDAQ","2.29","63.69","","62.27"
"A073190","듀오백","12","0","KOSDAQ","2.56","31.12","","30.34"
"A073240","금호타이어","12","1","KOSPI","-1.37","1480.4","","1500.94"
"A073490","LIG아큐버","12","0","KOSDAQ","0.48","63.33","","63.03"
"A073540","에프알텍","12","0","KOSDAQ","-1.38","36.54","","37.05"
"A073560","우리손에프앤지","12","0","외감","","","",""
"A073570","리튬포어스","12","0","KOSDAQ","-0.92","38.22","","38.57"
"A073640","테라사이언스","12","0","KOSDAQ","-0.82","34.4","","34.68"
"A074430","아미노로직스","12","0","KOSDAQ","0","298.17","","298.17"
"A074600","원익QnC","12","0","KOSDAQ","1.05","253.02","","250.39"
"A074610","이엔플러스","12","0","KOSPI","-1.04","47.06","","47.55"
"A075130","플랜티넷","12","0","KOSDAQ","0.46","59.14","","58.87"
"A075180","새론오토모티브","12","0","KOSPI","-0.5","152.83","","153.6"
"A075580","세진중공업","12","0","KOSPI","0","132.88","","132.88"
"A075970","동국알앤에스","12","0","KOSDAQ","0.96","38.64","","38.27"
"A076080","웰크론한텍","12","0","KOSDAQ","1.62","56.68","","55.78"
"A076610","해성옵틱스","12","0","KOSDAQ","1.26","93.71","","92.55"
"A077360","덕산하이메탈","12","0","KOSDAQ","-2.16","206.28","","210.83"
"A077500","유니퀘스트","12","0","KOSPI","-2.15","110.91","","113.35"
"A077970","STX엔진","12","0","KOSPI","-6.2","146.11","","155.77"
"A078000","텔코웨어","12","0","KOSPI","-0.42","114.98","","115.46"
"A078020","LS증권","12","0","KOSDAQ","-0.31","393.07","","394.29"
"A078070","유비쿼스홀딩스","12","0","KOSDAQ","0.49","217.3","","216.24"
"A078130","국일제지","12","0","KOSDAQ","0","70.6","","70.6"
"A078140","대봉엘에스","12","0","KOSDAQ","-0.96","172.4","","174.06"
"A078150","HB테크놀러지","12","0","KOSDAQ","-0.69","333.92","","336.23"
"A078160","메디포스트","12","0","KOSDAQ","-0.12","660.29","","661.07"
"A078340","컴투스","12","0","KOSDAQ","1.74","1504.08","","1478.35"
"A078350","한양디지텍","12","0","KOSDAQ","-0.57","52","","52.3"
"A078520","에이블씨엔씨","12","1","KOSPI","0.57","539.02","","535.95"
"A078590","휴림에이텍","12","0","KOSDAQ","6.52","37.85","","35.54"
"A078600","대주전자재료","12","0","KOSDAQ","-0.51","45.84","","46.08"
"A078860","아이오케이이엔엠","12","0","KOSDAQ","0","100.56","","100.56"
"A078890","가온그룹","12","0","KOSDAQ","3.91","160.23","","154.19"
"A078930","GS","12","1","KOSPI","-0.1","4571.44","","4576.08"
"A079000","와토스코리아","12","0","KOSDAQ","0.33","56.89","","56.7"
"A079160","CJ CGV","12","0","KOSPI","0.97","1989.16","","1970.12"
"A079170","한창산업","12","0","KOSDAQ","0.33","31.93","","31.82"
"A079190","케스피온","12","0","KOSDAQ","-0.3","90.16","","90.43"
"A079370","제우스","12","0","KOSDAQ","-3.3","152.13","","157.32"
"A079430","현대리바트","12","1","KOSPI","-0.39","445.35","","447.08"
"A079550","LIG디펜스앤에어로스페이스","12","0","KOSPI","-0.7","2184.6","","2200"
"A079650","서산","12","0","KOSDAQ","0","59.6","","59.6"
"A079810","APS이노베이션","12","0","KOSDAQ","0.78","32.04","","31.79"
"A079900","전진건설로봇","12","0","외감","","","",""
"A079940","가비아","12","0","KOSDAQ","0.32","84.87","","84.6"
"A079950","인베니아","12","0","KOSDAQ","-0.38","122.03","","122.5"
"A079960","동양이엔피","12","0","KOSDAQ","-0.37","105.72","","106.11"
"A079970","투비소프트","12","0","KOSDAQ","-0.98","125.76","","127"
"A079980","휴비스","12","0","KOSPI","-2.66","278.07","","285.66"
"A080010","이상네트웍스","12","0","KOSDAQ","0.12","75.42","","75.33"
"A080160","모두투어","12","0","KOSDAQ","-0.89","349.65","","352.8"
"A080220","제주반도체","12","0","KOSDAQ","-4.25","105.66","","110.35"
"A080420","모다이노칩","12","0","KOSDAQ","1.2","502.25","","496.27"
"A080470","성창오토텍","12","0","KOSDAQ","-1.83","39.13","","39.86"
"A080520","오디텍","12","0","KOSDAQ","-0.53","109.83","","110.42"
"A080530","코디","12","0","KOSDAQ","0.96","75.75","","75.03"
"A080580","오킨스전자","12","0","KOSDAQ","-1.38","44.21","","44.83"
"A080720","한국유니온제약","12","0","외감","","","",""
"A081000","일진다이아","12","0","KOSPI","0.13","90.22","","90.11"
"A081150","티플랙스","12","0","KOSDAQ","0.53","33.26","","33.09"
"A081180","쎄크","12","0","외감","","","",""
"A081580","성우전자","12","0","KOSDAQ","2.09","98.32","","96.31"
"A081660","미스토홀딩스","12","0","KOSPI","-0.98","1036.99","","1047.26"
"A082210","옵트론텍","12","0","KOSDAQ","0.84","145.42","","144.21"
"A082270","젬백스","12","0","KOSDAQ","-0.51","591.91","","594.97"
"A082640","동양생명","12","0","KOSPI","3.33","1167.16","","1129.51"
"A082660","코스나인","12","0","KOSDAQ","0.71","41.31","","41.02"
"A082740","한화엔진","12","0","KOSPI","-0.11","305.45","","305.8"
"A082800","비보존 제약","12","0","KOSDAQ","-3.6","71.13","","73.79"
"A082850","우리바이오","12","0","KOSDAQ","-1.15","89.33","","90.37"
"A082920","비츠로셀","12","0","KOSDAQ","2.09","181.07","","177.36"
"A083310","엘오티베큠","12","0","KOSDAQ","2.05","209.61","","205.4"
"A083420","그린케미칼","12","0","KOSPI","-0.35","84.5","","84.8"
"A083450","GST","12","0","KOSDAQ","1.21","54.42","","53.76"
"A083470","이엠앤아이","12","0","KOSDAQ","-0.27","71.69","","71.88"
"A083500","에프엔에스테크","12","0","외감","","","",""
"A083550","케이엠","12","0","KOSDAQ","1.75","56.91","","55.94"
"A083640","인콘","12","0","KOSDAQ","-0.62","102.96","","103.6"
"A083650","비에이치아이","12","0","KOSDAQ","1.66","79.82","","78.52"
"A083660","CSA 코스믹","12","0","KOSDAQ","0","70.64","","70.64"
"A083790","CG인바이츠","12","0","KOSDAQ","1.94","715.75","","702.13"
"A083930","아바코","12","0","KOSDAQ","1.02","95.02","","94.06"
"A084010","대한제강","12","0","KOSPI","-0.33","223.05","","223.79"
"A084110","휴온스글로벌","12","0","KOSDAQ","-1.94","277.78","","283.29"
"A084180","수성웹툰","12","0","KOSDAQ","-0.86","33.01","","33.29"
"A084370","유진테크","12","0","KOSDAQ","-0.27","425.09","","426.24"
"A084440","유비온","9","0","KONEX","0","9.62","","9.62"
"A084650","랩지노믹스","12","0","KOSDAQ","-2.4","138.67","","142.08"
"A084670","동양고속","12","0","KOSPI","0.57","92.82","","92.29"
"A084680","이월드","12","0","KOSPI","1.53","270.17","","266.1"
"A084690","대상홀딩스","12","0","KOSPI","-1.94","458.09","","467.14"
"A084730","팅크웨어","12","0","KOSDAQ","6.5","144.2","","135.4"
"A084850","아이티엠반도체","12","0","외감","","","",""
"A084870","TBH글로벌","12","0","KOSPI","3.2","201.69","","195.43"
"A084990","헬릭스미스","12","0","KOSDAQ","-10.98","1785.42","","2005.74"
"A085310","엔케이","12","0","KOSPI","2.7","241.98","","235.61"
"A085620","미래에셋생명","12","0","KOSPI","0.73","603.22","","598.87"
"A085660","차바이오텍","12","0","KOSDAQ","-1.84","807.91","","823.06"
"A085670","뉴프렉스","12","0","KOSDAQ","0","58.67","","58.67"
"A085810","알티캐스트","12","0","KOSDAQ","0.11","99.64","","99.54"
"A085910","네오티스","12","0","KOSDAQ","0.95","58.59","","58.04"
"A086040","바이오톡스텍","12","0","KOSDAQ","1.09","93.58","","92.57"
"A086060","진바이오텍","12","0","KOSDAQ","-0.7","60.96","","61.39"
"A086280","현대글로비스","12","1","KOSPI","0.29","6393.75","","6375"
"A086390","유니테스트","12","0","KOSDAQ","3.77","209.44","","201.83"
"A086450","동국제약","12","0","KOSDAQ","0.88","608.21","","602.88"
"A086520","에코프로","12","0","KOSDAQ","-0.76","237.01","","238.83"
"A086670","비엠티","12","0","KOSDAQ","-0.12","33.32","","33.36"
"A086710","선진뷰티사이언스","12","0","외감","","","",""
"A086790","하나금융지주","12","1","KOSPI","1.41","7459.28","","7355.68"
"A086820","바이오솔루션","12","0","외감","","","",""
"A086890","이수앱지스","12","0","KOSDAQ","1.25","239.92","","236.96"
"A086900","메디톡스","12","0","KOSDAQ","0.97","2484.35","","2460.59"
"A086960","MDS테크","12","0","KOSDAQ","2.87","173.67","","168.82"
"A086980","쇼박스","12","0","KOSDAQ","0.26","488.91","","487.65"
"A087010","펩트론","12","0","KOSDAQ","1.73","304.65","","299.47"
"A087260","모바일어플라이언스","12","0","외감","","","",""
"A087600","픽셀플러스","12","0","KOSDAQ","-2.32","137.61","","140.87"
"A088130","동아엘텍","12","0","KOSDAQ","-1.18","234.16","","236.94"
"A088280","쏘닉스","12","0","외감","","","",""
"A088290","이원컴포텍","12","0","KOSDAQ","-0.51","37.02","","37.21"
"A088340","유라클","12","0","외감","","","",""
"A088350","한화생명","12","1","KOSPI","0.18","4889.82","","4881.14"
"A088390","이녹스","12","0","KOSDAQ","-1.27","190.78","","193.24"
"A088790","진도","12","0","KOSPI","3.93","88.88","","85.52"
"A088800","에이스테크","12","0","KOSDAQ","0.11","133.14","","133"
"A088910","동우팜투테이블","12","0","KOSDAQ","-1.16","97.27","","98.41"
"A089010","켐트로닉스","12","0","KOSDAQ","-2.21","58.52","","59.84"
"A089030","테크윙","12","0","KOSDAQ","-1.99","254.87","","260.06"
"A089140","넥스턴앤롤코리아","12","0","KOSDAQ","0","116.28","","116.28"
"A089150","케이씨티","12","0","KOSDAQ","-0.63","53.77","","54.11"
"A089230","THE E&M","12","0","KOSDAQ","-2.48","158.92","","162.96"
"A089470","HDC현대EP","12","0","KOSPI","0.64","300.18","","298.27"
"A089590","제주항공","12","0","KOSPI","-1.33","766.84","","777.2"
"A089600","KT나스미디어","12","0","KOSDAQ","1.42","412.32","","406.55"
"A089790","제이티","12","0","KOSDAQ","2.2","41.62","","40.72"
"A089850","유비벨록스","12","0","KOSDAQ","4.46","83.25","","79.7"
"A089860","롯데렌탈","12","0","외감","","","",""
"A089890","코세스","12","0","KOSDAQ","-0.39","31.07","","31.19"
"A089970","브이엠","12","0","외감","","","",""
"A089980","상아프론테크","12","0","KOSDAQ","-2.4","135.01","","138.34"
"A090080","평화산업","12","0","KOSPI","0.54","69.2","","68.82"
"A090150","아이윈","12","0","KOSDAQ","3.47","40.28","","38.92"
"A090350","노루페인트","12","0","KOSPI","-1.44","205","","208"
"A090360","로보스타","12","0","KOSDAQ","0","77.14","","77.14"
"A090370","메타랩스","12","0","KOSPI","1.79","42.79","","42.04"
"A090410","덕신이피씨","12","0","KOSDAQ","-0.17","47.75","","47.83"
"A090430","아모레퍼시픽","12","1","KOSPI","0.36","24231.04","","24143.36"
"A090460","비에이치","12","0","KOSDAQ","4.24","134.62","","129.14"
"A090470","제이스로보틱스","12","0","KOSDAQ","-2.43","175.9","","180.28"
"A090710","휴림로봇","12","0","KOSDAQ","-0.95","49.46","","49.93"
"A090850","현대이지웰","12","0","KOSDAQ","0.45","109.32","","108.82"
"A091120","이엠텍","12","0","KOSDAQ","1.15","185.97","","183.86"
"A091340","S&K폴리텍","12","0","KOSDAQ","0.45","37.27","","37.1"
"A091440","한울소재과학","12","0","KOSDAQ","0.6","34.79","","34.58"
"A091580","상신이디피","12","0","KOSDAQ","-1.65","47.21","","48"
"A091590","남화토건","12","0","KOSDAQ","0.18","64.22","","64.1"
"A091700","파트론","12","0","KOSDAQ","-1.7","628.21","","639.05"
"A091810","트리니티항공","12","0","외감","","","",""
"A091970","LSK아이로봇","12","0","KOSDAQ","-2.37","63.92","","65.47"
"A092040","아미코젠","12","0","KOSDAQ","0.53","515.04","","512.31"
"A092070","디엔에프","12","0","KOSDAQ","-4.35","142.06","","148.51"
"A092130","이크레더블","12","0","KOSDAQ","2.08","147.53","","144.52"
"A092190","서울바이오시스","12","0","외감","","","",""
"A092200","디아이씨","12","0","KOSPI","-2.29","203.55","","208.32"
"A092220","KEC","12","0","KOSPI","-0.84","69.68","","70.27"
"A092230","KPX홀딩스","12","0","KOSPI","0.34","252.63","","251.79"
"A092300","현우산업","12","0","KOSDAQ","-0.38","27.82","","27.93"
"A092440","기신정기","3","0","KOSPI","0.71","165.86","","164.69"
"A092460","한라IMS","12","0","KOSDAQ","4.96","126.15","","120.19"
"A092600","앤씨앤","12","0","KOSDAQ","0","91.98","","91.98"
"A092730","네오팜","12","0","KOSDAQ","-0.4","279.42","","280.54"
"A092780","DYP","12","0","외감","","","",""
"A092790","넥스틸","12","0","외감","","","",""
"A092870","엑시콘","12","0","KOSDAQ","0.48","93.28","","92.83"
"A093050","LF","12","1","KOSPI","-1.18","614.04","","621.35"
"A093190","빅솔론","12","0","KOSDAQ","0","141.27","","141.27"
"A093240","형지엘리트","6","0","KOSPI","0.72","124.28","","123.39"
"A093320","케이아이엔엑스","12","0","KOSDAQ","-2.26","73.93","","75.64"
"A093370","후성","12","1","KOSPI","1.44","717.95","","707.78"
"A093380","풍강","8","0","KOSDAQ","0.28","35.37","","35.27"
"A093520","매커스","12","0","KOSDAQ","1.2","68","","67.19"
"A093640","케이알엠","12","0","KOSDAQ","3.32","36.34","","35.17"
"A093920","서원인텍","12","0","KOSDAQ","2.21","214.83","","210.18"
"A094170","동운아나텍","12","0","KOSDAQ","1.28","70.99","","70.09"
"A094280","효성ITX","12","0","KOSPI","-1.13","151.99","","153.72"
"A094360","칩스앤미디어","12","0","KOSDAQ","-3.26","74.74","","77.26"
"A094480","갤럭시아머니트리","12","0","KOSDAQ","-0.77","169.03","","170.33"
"A094820","일진파워","12","0","KOSDAQ","0.39","76.75","","76.45"
"A094840","슈프리마에이치큐","12","0","KOSDAQ","0.42","126.19","","125.66"
"A094850","참좋은여행","12","0","KOSDAQ","-0.25","113.68","","113.96"
"A094860","네오리진","12","0","KOSDAQ","-0.54","41.29","","41.52"
"A094940","푸른로보틱스","12","0","KOSDAQ","-4.43","48.68","","50.94"
"A094970","제이엠티","12","0","KOSDAQ","0.78","43.46","","43.13"
"A095190","신화프리텍","12","0","KOSDAQ","-0.53","100.75","","101.29"
"A095270","웨이브일렉트로","12","0","KOSDAQ","-4.56","365.51","","382.99"
"A095340","ISC","12","0","KOSDAQ","0.53","367.33","","365.39"
"A095500","미래나노텍","12","0","KOSDAQ","1.88","113.54","","111.44"
"A095570","AJ네트웍스","12","0","KOSPI","0","355.85","","355.85"
"A095610","테스","12","0","KOSDAQ","1.63","339.85","","334.4"
"A095660","네오위즈","12","0","KOSDAQ","2.46","319.96","","312.29"
"A095700","제넥신","12","0","KOSDAQ","-2.45","985.57","","1010.34"
"A095720","웅진씽크빅","12","0","KOSPI","0.9","389.49","","386.03"
"A095910","에스에너지","12","0","KOSDAQ","-0.48","95.99","","96.45"
"A096240","크레버스","12","0","KOSDAQ","0.38","175.57","","171.57"
"A096250","와이즈넛","12","0","외감","","","",""
"A096350","대창솔루션","12","0","KOSDAQ","1.34","33.99","","33.54"
"A096530","씨젠","12","0","KOSDAQ","1.69","948.36","","932.62"
"A096610","알에프세미","12","0","KOSDAQ","-0.44","92.58","","92.99"
"A096630","에스코넥","12","0","KOSDAQ","-1.65","194.82","","198.08"
"A096690","에이루트","12","0","KOSDAQ","2.39","142.65","","139.31"
"A096760","JW홀딩스","12","0","KOSPI","0","680.61","","680.61"
"A096770","SK이노베이션","12","1","KOSPI","3.81","13869.83","","13361.27"
"A096870","엘디티","12","0","KOSDAQ","-2.15","28.92","","29.55"
"A097230","HJ중공업","12","1","KOSPI","1.59","424.5","","417.85"
"A097520","엠씨넥스","12","0","KOSDAQ","-2.33","151.17","","154.77"
"A097780","에코볼트","12","0","KOSDAQ","-4.77","187.39","","196.77"
"A097800","윈팩","12","0","KOSDAQ","2.16","105.11","","102.89"
"A097870","효성오앤비","6","0","KOSDAQ","-1.03","83.81","","84.68"
"A097950","CJ제일제당","12","1","KOSPI","-0.62","5264.44","","5297.34"
"A098070","한텍","12","0","외감","","","",""
"A098120","마이크로컨텍솔","12","0","KOSDAQ","-4.68","69.41","","72.82"
"A098460","고영","12","0","KOSDAQ","0.54","630.9","","627.49"
"A098660","에스티오","12","0","KOSDAQ","-0.13","31.11","","31.16"
"A099190","아이센스","12","0","KOSDAQ","-0.13","541.23","","541.92"
"A099220","SDN","12","0","KOSDAQ","-1.51","57.24","","58.11"
"A099320","쎄트렉아이","12","0","KOSDAQ","1.46","203.13","","200.2"
"A099390","브레인즈컴퍼니","12","0","외감","","","",""
"A099410","동방선기","12","0","KOSDAQ","3.97","33.05","","31.79"
"A099430","바이오플러스","12","0","외감","","","",""
"A099440","스맥","12","0","KOSDAQ","0.65","84.31","","83.77"
"A099520","DGI","12","0","KOSDAQ","-0.22","32.25","","32.32"
"A099750","이지케어텍","3","0","외감","","","",""
"A100030","인지소프트","12","0","KOSDAQ","-0.4","41.21","","41.37"
"A100090","SK오션플랜트","12","0","KOSDAQ","-8.08","142.23","","154.73"
"A100120","뷰웍스","12","0","KOSDAQ","0","507.09","","507.09"
"A100130","동국S&C","12","0","KOSDAQ","4.82","472","","450.29"
"A100220","비상교육","12","0","KOSPI","3.62","185.85","","179.36"
"A100250","진양홀딩스","12","0","KOSPI","0.42","201.22","","200.38"
"A100590","머큐리","12","0","외감","","","",""
"A100660","서암기계공업","12","0","KOSDAQ","0","43.97","","43.97"
"A100700","세운메디칼","12","0","KOSDAQ","3.89","222.5","","214.18"
"A100790","미래에셋벤처투자","12","0","외감","","","",""
"A100840","SNT에너지","12","0","KOSPI","1.76","163.65","","160.82"
"A101000","KS인더스트리","12","0","KOSDAQ","-4.4","74.93","","78.37"
"A101140","인바이오젠","12","0","KOSPI","-2.93","53.07","","54.67"
"A101160","월덱스","12","0","KOSDAQ","0.28","47.79","","47.66"
"A101170","우림피티에스","12","0","KOSDAQ","1.02","53.73","","53.19"
"A101240","씨큐브","12","0","KOSDAQ","-1.71","87.16","","88.68"
"A101330","모베이스","12","0","KOSDAQ","1.59","119.59","","117.73"
"A101360","에코앤드림","12","0","KONEX","0","42.98","","42.98"
"A101390","아이엠","12","0","KOSDAQ","3.64","101.76","","98.19"
"A101400","엔시트론","12","0","KOSDAQ","0","47.91","","47.91"
"A101490","에스앤에스텍","12","0","KOSDAQ","0","204.26","","204.26"
"A101530","해태제과식품","12","0","KOSPI","-1.66","775.96","","789.07"
"A101670","하이드로리튬","12","0","KOSDAQ","0","44.23","","44.23"
"A101680","한국정밀기계","12","0","KOSDAQ","0.93","31.77","","31.47"
"A101730","위메이드맥스","12","0","KOSDAQ","0.48","70.59","","70.25"
"A101930","인화정공","12","0","KOSDAQ","1.48","44.79","","44.14"
"A101970","우양에이치씨","12","0","외감","","","",""
"A102120","어보브반도체","12","0","KOSDAQ","0.5","175.47","","174.6"
"A102260","동성케미컬","12","0","KOSPI","-0.59","307.66","","309.48"
"A102370","케이옥션","12","0","외감","","","",""
"A102460","이연제약","12","0","KOSPI","-3.55","437.96","","454.08"
"A102710","이엔에프테크놀로지","12","0","KOSDAQ","-4.19","276.19","","288.26"
"A102940","코오롱생명과학","12","0","KOSDAQ","-0.25","1233.73","","1236.77"
"A103140","풍산","12","1","KOSPI","0.5","853.34","","849.14"
"A103230","에스앤더블류","12","0","KOSDAQ","0","34.09","","34.09"
"A103590","일진전기","12","0","KOSPI","0.52","177.62","","176.69"
"A103840","우양","12","0","외감","","","",""
"A104040","디에스엠","12","0","KOSDAQ","7.08","68.6","","64.06"
"A104200","NHN벅스","12","0","KOSDAQ","-0.43","171.26","","172"
"A104460","디와이피엔에프","12","0","KOSDAQ","1.58","61.92","","60.96"
"A104480","티케이케미칼","12","0","KOSDAQ","0.24","187.24","","186.79"
"A104540","코렌텍","12","0","KOSDAQ","-0.84","173.8","","175.27"
"A104620","노랑풍선","12","0","외감","","","",""
"A104700","한국철강","12","1","KOSPI","1.81","362.41","","355.97"
"A104830","원익머트리얼즈","12","0","KOSDAQ","-1.32","416.05","","421.62"
"A105330","케이엔더블유","12","0","KOSDAQ","-0.75","37.59","","37.87"
"A105550","엣지파운드리","12","0","KOSDAQ","-1.52","87.44","","88.79"
"A105560","KB금융","12","1","KOSPI","2.77","13638.21","","13271.18"
"A105630","한세실업","12","1","KOSPI","-1.94","1418","","1446"
"A105740","디케이락","12","0","KOSDAQ","-0.19","41.95","","42.03"
"A105760","포스뱅크","12","0","외감","","","",""
"A105840","우진","12","0","KOSPI","0.73","120.48","","119.61"
"A106080","케이이엠텍","12","0","KOSDAQ","-5.65","67.12","","71.14"
"A106190","하이텍팜","12","0","KOSDAQ","-1.26","110.94","","112.36"
"A106240","파인테크닉스","12","0","KOSDAQ","2.44","105.65","","103.13"
"A106520","노블엠앤비","12","0","KOSDAQ","-7.64","189.92","","205.62"
"A107590","미원홀딩스","12","0","KOSPI","0.55","322.76","","320.99"
"A107600","새빗켐","12","0","외감","","","",""
"A107640","한중엔시에스","12","0","KONEX","14.9","10.84","","9.44"
"A108230","톱텍","12","0","KOSDAQ","0.8","665.49","","660.24"
"A108320","LX세미콘","12","0","KOSDAQ","-2.14","520.46","","531.84"
"A108380","대양전기공업","12","0","KOSDAQ","-1.61","116.72","","118.63"
"A108490","로보티즈","12","0","외감","","","",""
"A108670","LX하우시스","12","1","KOSPI","0.41","1098.54","","1094.06"
"A108860","셀바스AI","12","0","KOSDAQ","2.29","118","","115.35"
"A109070","주성코퍼레이션","12","0","KOSPI","13.78","73.28","","64.4"
"A109080","옵티시스","12","0","KOSDAQ","-2.51","39.45","","40.47"
"A109610","에스와이","12","0","KOSDAQ","9.63","218.86","","199.64"
"A109670","씨싸이트","12","0","외감","","","",""
"A109740","디에스케이","12","0","KOSDAQ","6.34","316.23","","297.38"
"A109820","진매트릭스","12","0","KOSDAQ","-1.93","52.08","","53.1"
"A109860","동일금속","12","0","KOSDAQ","1.64","69.51","","68.39"
"A109960","앱토크롬","12","0","KOSDAQ","-0.55","94.23","","94.75"
"A110020","전진바이오팜","12","0","외감","","","",""
"A110790","크리스에프앤씨","12","0","외감","","","",""
"A110990","디아이티","12","0","외감","","","",""
"A111110","호전실업","12","0","외감","","","",""
"A111380","동인기연","12","0","외감","","","",""
"A111710","남화산업","12","0","외감","","","",""
"A111770","영원무역","12","1","KOSPI","-2.6","1661.68","","1705.99"
"A112040","위메이드","12","0","KOSDAQ","2.23","424.2","","414.96"
"A112290","와이씨켐","12","0","외감","","","",""
"A112610","씨에스윈드","12","0","KOSPI","6.01","426.96","","402.76"
"A113810","디젠스","12","0","KOSDAQ","-0.61","33.26","","33.46"
"A114090","GKL","12","1","KOSPI","0.4","1534.02","","1527.84"
"A114190","강원에너지","12","0","KOSDAQ","1.62","47.97","","47.21"
"A114450","그린생명과학","12","0","KOSDAQ","1.62","103.2","","101.55"
"A114630","폴라리스우노","12","0","KOSDAQ","-2.65","89.59","","92.03"
"A114810","한솔아이원스","12","0","KOSDAQ","4.71","221.46","","211.49"
"A114840","아이패밀리에스씨","12","0","외감","","","",""
"A115160","휴맥스","12","0","KOSDAQ","-0.7","339.55","","341.94"
"A115180","큐리언트","12","0","KOSDAQ","1.73","381.6","","375.09"
"A115310","인포바인","12","0","KOSDAQ","0.38","81.89","","81.58"
"A115440","우리넷","12","0","KOSDAQ","-3.33","48","","49.65"
"A115450","HLB테라퓨틱스","12","0","KOSDAQ","-2.87","448.48","","461.73"
"A115480","씨유메디칼","12","0","KOSDAQ","-0.65","60.22","","60.62"
"A115500","케이씨에스","12","0","KOSDAQ","0.47","50.76","","50.52"
"A115530","씨엔플러스","12","0","KOSDAQ","2.75","48.03","","46.74"
"A115570","스타플렉스","12","0","KOSDAQ","0.89","51.37","","50.92"
"A115610","이미지스","12","0","KOSDAQ","-2.28","49.24","","50.39"
"A117580","대성에너지","12","0","KOSPI","0.31","175.18","","174.63"
"A117670","알파칩스","12","0","KOSDAQ","-2.23","105.63","","108.04"
"A117730","티로보틱스","12","0","외감","","","",""
"A118000","메타케어","12","0","KOSPI","18.3","112.2","","94.84"
"A118990","모트렉스","12","0","외감","","","",""
"A119500","포메탈","12","0","KOSDAQ","0.13","45.09","","45.03"
"A119610","인터로조","12","0","KOSDAQ","1.52","503.78","","496.23"
"A119650","KC코트렐","12","0","KOSPI","0","72.8","","72.8"
"A119830","아이텍","12","0","KOSDAQ","0.34","46.05","","45.89"
"A119850","지엔씨에너지","12","0","KOSDAQ","-1.08","62.75","","63.43"
"A120030","조선선재","12","0","KOSPI","-0.49","76.34","","76.72"
"A120110","코오롱인더","12","1","KOSPI","1.7","2105.09","","2069.92"
"A120240","대정화금","12","0","KOSDAQ","2.78","89.52","","87.1"
"A121440","골프존홀딩스","12","0","KOSDAQ","0.12","357.26","","356.83"
"A121600","나노신소재","12","0","KOSDAQ","-1.11","192.56","","194.73"
"A121800","비덴트","12","0","KOSDAQ","-1.74","116.75","","118.82"
"A121850","코이즈","12","0","KOSDAQ","15","82.54","","71.77"
"A121890","에스디시스템","12","0","KOSDAQ","0","37.81","","37.81"
"A122310","제노레이","12","0","외감","","","",""
"A122350","삼기","12","0","KOSDAQ","0.63","123.46","","122.69"
"A122450","KX","12","0","KOSDAQ","1.37","129.21","","127.46"
"A122640","예스티","12","0","KOSDAQ","8.67","141.07","","129.82"
"A122690","서진오토모티브","12","0","KOSDAQ","-0.32","100.52","","100.84"
"A122870","와이지엔터테인먼트","12","0","KOSDAQ","-1.28","579.47","","587"
"A122900","아이마켓코리아","12","0","KOSPI","1.15","474.45","","469.06"
"A122990","와이솔","12","0","KOSDAQ","0.32","322.23","","321.22"
"A123010","알엔티엑스","12","0","KOSDAQ","-12.82","36.45","","41.81"
"A123040","엠에스오토텍","12","0","KOSDAQ","-2.03","98.48","","100.52"
"A123330","제닉","12","0","KOSDAQ","-1.77","146.52","","149.16"
"A123410","코리아에프티","12","0","KOSDAQ","-0.53","129.46","","130.16"
"A123420","위메이드플레이","12","0","KOSDAQ","0.4","364.13","","362.7"
"A123570","이엠넷","12","0","KOSDAQ","1.74","45.1","","44.33"
"A123690","한국화장품","12","0","KOSPI","-1.44","164.7","","167.11"
"A123700","SJM","12","0","KOSPI","-0.15","106.58","","106.74"
"A123750","알톤","12","0","KOSDAQ","-0.63","73.04","","73.5"
"A123840","뉴온","12","0","KOSDAQ","1.05","122.98","","121.71"
"A123860","아나패스","12","0","KOSDAQ","-2.89","119","","122.55"
"A123890","한국자산신탁","12","0","KOSPI","-0.1","841.5","","842.35"
"A124500","아이티센글로벌","12","0","KOSDAQ","3.2","66.87","","64.8"
"A124560","태웅로직스","12","0","외감","","","",""
"A125020","티씨머티리얼즈","12","0","외감","","","",""
"A125210","아모그린텍","12","0","외감","","","",""
"A125490","한라캐스트","12","0","외감","","","",""
"A126340","비나텍","12","0","KONEX","0","10.11","","10.11"
"A126560","현대퓨처넷","12","0","KOSPI","-0.26","415.39","","416.47"
"A126600","BGF에코머티리얼즈","12","0","KOSDAQ","-1.89","176.93","","180.34"
"A126640","화신정공","12","0","KOSDAQ","1.42","65.11","","64.2"
"A126700","하이비젼시스템","12","0","KOSDAQ","-0.25","120.58","","120.88"
"A126720","수산인더스트리","12","0","외감","","","",""
"A126730","코칩","12","0","외감","","","",""
"A126880","제이엔케이글로벌","12","0","KOSDAQ","-2.98","52.16","","53.76"
"A127120","제이에스링크","12","0","KOSDAQ","0","82.88","","82.88"
"A127710","아시아경제","12","0","KOSDAQ","0.33","152.73","","152.22"
"A127980","화인써키트","12","0","외감","","","",""
"A128540","에코캡","12","0","외감","","","",""
"A128660","피제이메탈","12","0","KOSDAQ","-1.17","52.21","","52.83"
"A128820","대성산업","12","0","KOSPI","-0.17","70.1","","70.22"
"A128940","한미약품","12","1","KOSPI","-0.15","6741.08","","6751.52"
"A129260","인터지스","12","0","KOSPI","1.29","93.39","","92.2"
"A129890","앱코","12","0","외감","","","",""
"A129920","대성하이텍","12","0","외감","","","",""
"A130500","GH신소재","12","0","KOSDAQ","1.55","45.85","","45.15"
"A130580","나이스디앤비","12","0","KOSDAQ","-1.8","92.4","","94.09"
"A130660","한전산업","12","0","KOSPI","-1.37","188.43","","191.04"
"A130740","티피씨글로벌","12","0","KOSDAQ","1.61","35.82","","35.25"
"A131030","옵투스제약","12","0","KOSDAQ","-1.9","170.62","","173.93"
"A131090","시큐브","12","0","KOSDAQ","-4.85","39.98","","42.02"
"A131100","티엔엔터테인먼트","12","0","KOSDAQ","-3.98","36.58","","38.1"
"A131180","딜리","12","0","KOSDAQ","-0.95","76.31","","77.04"
"A131220","대한과학","12","0","KOSDAQ","-0.65","54.75","","55.1"
"A131290","티에스이","12","0","KOSDAQ","-0.64","103.2","","103.87"
"A131370","알서포트","12","0","KOSDAQ","-0.77","137.96","","139.03"
"A131400","이브이첨단소재","12","0","KOSDAQ","-1.84","67.63","","68.9"
"A131760","파인텍","12","0","KOSDAQ","9.29","38.45","","35.18"
"A131970","두산테스나","12","0","KOSDAQ","0.12","57.95","","57.88"
"A133750","메가엠디","12","0","KOSDAQ","2.01","77.73","","76.2"
"A133820","화인베스틸","12","0","KOSPI","1.13","100.15","","99.03"
"A134060","이퓨쳐","12","0","KOSDAQ","-0.3","31.67","","31.76"
"A134380","미원화학","12","0","KOSPI","4.8","166.68","","159.04"
"A134580","탑코미디어","12","0","KOSDAQ","0.41","41.12","","40.95"
"A134790","시디즈","12","0","KOSPI","-1.37","35.9","","36.4"
"A136150","원일티엔아이","12","0","외감","","","",""
"A136410","아셈스","12","0","외감","","","",""
"A136480","하림","12","0","KOSDAQ","-0.32","250.04","","250.85"
"A136490","선진","12","0","KOSPI","0","222.63","","222.63"
"A136540","윈스테크넷","12","0","KOSDAQ","-0.83","134.53","","135.66"
"A137080","나래나노텍","12","0","외감","","","",""
"A137310","에스디바이오센서","12","0","외감","","","",""
"A137400","피엔티","12","0","KOSDAQ","0.89","85.88","","85.12"
"A137940","넥스트아이","12","0","KOSDAQ","0.35","170.9","","170.3"
"A137950","제이씨케미칼","12","0","KOSDAQ","2.3","111.8","","109.29"
"A138040","메리츠금융지주","12","0","KOSPI","1.69","1714.63","","1686.05"
"A138070","신진에스엠","12","0","KOSDAQ","1.75","104.53","","102.73"
"A138080","오이솔루션","12","0","KOSDAQ","0","62.16","","62.16"
"A138360","앤로보틱스","12","0","KOSDAQ","4.04","70.93","","68.18"
"A138610","나이벡","12","0","KOSDAQ","-2.57","69.16","","70.99"
"A138930","BNK금융지주","12","1","KOSPI","0.7","2829.12","","2809.56"
"A139130","iM금융지주","12","0","KOSPI","0.68","1494.43","","1484.29"
"A139480","이마트","12","1","KOSPI","0","4529.82","","4529.82"
"A139670","키네마스터","12","0","KOSDAQ","-0.94","44.49","","44.91"
"A139990","아주스틸","12","0","외감","","","",""
"A140070","서플러스글로벌","12","0","외감","","","",""
"A140410","메지온","12","0","KOSDAQ","-0.33","245.96","","246.78"
"A140430","카티스","12","0","외감","","","",""
"A140520","대창스틸","12","0","KOSDAQ","-2.28","56.22","","57.54"
"A140670","알에스오토메이션","12","0","외감","","","",""
"A140860","파크시스템스","12","0","KOSDAQ","1.08","121.89","","120.59"
"A141000","비아트론","12","0","KOSDAQ","-0.4","299.23","","300.44"
"A141080","리가켐바이오","12","0","KOSDAQ","-4.08","437.83","","456.47"
"A142210","유니트론텍","12","0","KOSDAQ","0.51","98.66","","98.16"
"A142280","녹십자엠에스","12","0","KOSDAQ","0","153.44","","153.44"
"A142760","모아라이프플러스","12","0","KOSDAQ","0.38","162.46","","161.84"
"A143160","아이디스","12","0","KOSDAQ","-0.78","136.1","","137.17"
"A143210","핸즈코퍼레이션","12","0","외감","","","",""
"A143240","사람인","12","0","KOSDAQ","5.28","185.57","","176.26"
"A143540","영우디에스피","12","0","KOSDAQ","0.78","117.33","","116.42"
"A144510","지씨셀","12","0","KOSDAQ","-0.47","446.44","","448.55"
"A144960","뉴파워프라즈마","12","0","외감","","","",""
"A145020","휴젤","12","0","KOSDAQ","1.71","1152.7","","1133.33"
"A145170","노브랜드","12","0","외감","","","",""
"A145210","다이나믹디자인","12","0","KOSPI","0.38","95.18","","94.82"
"A145720","덴티움","12","0","외감","","","",""
"A145990","삼양사","12","1","KOSPI","-2.06","1027.95","","1049.56"
"A146060","율촌","12","0","외감","","","",""
"A146320","비씨엔씨","12","0","외감","","","",""
"A147760","피엠티","12","0","외감","","","",""
"A147830","제룡산업","12","0","KOSDAQ","-1.26","37.2","","37.68"
"A148150","세경하이테크","12","0","외감","","","",""
"A148250","알엔투테크놀로지","12","0","KOSDAQ","-3.1","37.53","","38.73"
"A148780","비큐AI","12","0","외감","","","",""
"A148930","에이치와이티씨","12","0","외감","","","",""
"A149950","아바텍","12","0","KOSDAQ","-1.14","121.74","","123.14"
"A149980","하이로닉","12","0","KOSDAQ","0.47","148.86","","148.16"
"A150900","파수AI","12","0","KOSDAQ","-0.14","56.35","","56.43"
"A151860","KG에코솔루션","12","0","KOSDAQ","-0.32","112.5","","112.86"
"A153460","네이블","12","0","KOSDAQ","1.84","54.37","","53.39"
"A153490","우리이앤엘하루틴","12","0","KOSDAQ","-0.35","71.36","","71.61"
"A153710","옵티팜","12","0","외감","","","",""
"A154030","아시아종묘","12","0","KONEX","-0.27","45.45","","45.57"
"A154040","다산솔루에타","12","0","KOSDAQ","1.72","78.18","","76.85"
"A155650","와이엠씨","12","0","KOSDAQ","-0.19","53.17","","53.27"
"A155660","DSR","12","0","KOSPI","-0.87","73.12","","73.76"
"A156100","엘앤케이바이오","12","0","KONEX","0.69","193.42","","192.09"
"A158430","아톤","12","0","외감","","","",""
"A159010","아스플로","12","0","외감","","","",""
"A159580","제로투세븐","12","0","KOSDAQ","29.99","116.14","","89.35"
"A159910","에코글로우","12","0","KOSDAQ","-3.4","99.46","","102.96"
"A160190","하이젠알앤엠","12","0","외감","","","",""
"A160550","NEW","12","0","KOSDAQ","4.03","424.79","","408.35"
"A160980","싸이맥스","12","0","KOSDAQ","0","73.25","","73.25"
"A161000","애경케미칼","12","0","KOSPI","1.81","325.21","","319.44"
"A161390","한국타이어앤테크놀로지","12","1","KOSPI","0.37","6652.09","","6627.32"
"A161580","필옵틱스","12","0","외감","","","",""
"A161890","한국콜마","12","1","KOSPI","-0.82","2038.27","","2055.15"
"A162300","신스틸","12","0","외감","","","",""
"A163280","에어레인","12","0","외감","","","",""
"A163560","동일고무벨트","12","0","KOSPI","3.03","166.87","","161.96"
"A163730","핑거","12","0","외감","","","",""
"A166090","하나머티리얼즈","12","0","외감","","","",""
"A166480","코아스템켐온","12","0","KOSDAQ","-0.29","267.2","","267.98"
"A168330","내츄럴엔도텍","12","0","KOSDAQ","1.96","354.47","","347.65"
"A168360","펨트론","12","0","외감","","","",""
"A169330","엠브레인","6","0","외감","","","",""
"A170030","현대공업","12","0","KOSDAQ","-0.39","77.44","","77.75"
"A170790","파이오링크","12","0","KOSDAQ","0","52.11","","52.11"
"A170900","동아에스티","12","1","KOSPI","-0.4","1051.26","","1055.48"
"A170920","엘티씨","12","0","KOSDAQ","-4.09","112.02","","116.8"
"A171010","램테크놀러지","12","0","KOSDAQ","0.83","34.49","","34.21"
"A171090","선익시스템","12","0","외감","","","",""
"A171120","라이온켐텍","12","0","KOSDAQ","0.25","310.8","","310.03"
"A172670","에이엘티","12","0","외감","","","",""
"A173130","오파스넷","12","0","외감","","","",""
"A173940","에프엔씨엔터","12","0","KOSDAQ","1.97","186.03","","182.43"
"A174900","앱클론","12","0","외감","","","",""
"A175140","아고스","12","0","KOSDAQ","0","50.45","","50.45"
"A175250","아이큐어","12","0","외감","","","",""
"A175330","JB금융지주","12","0","KOSPI","0.35","903.1","","899.99"
"A176750","듀켐바이오","12","0","KONEX","-2.28","75.67","","77.44"
"A177350","베셀","12","0","KOSDAQ","1.83","61.98","","60.64"
"A177830","파버나인","12","0","KOSDAQ","2.64","37.54","","36.58"
"A177900","쓰리에이로직스","12","0","외감","","","",""
"A178320","서진시스템","12","0","외감","","","",""
"A178780","일월지엠엘","12","0","KOSDAQ","3.29","92.46","","89.51"
"A178920","PI첨단소재","12","0","KOSDAQ","-1.72","336.24","","342.12"
"A179290","엠아이텍","12","0","외감","","","",""
"A179530","애드바이오텍","12","0","외감","","","",""
"A179900","유티아이","12","0","외감","","","",""
"A180400","DXVX","12","0","KOSDAQ","-0.69","60.45","","60.87"
"A180640","한진칼","12","0","KOSPI","-1.19","982.23","","994.06"
"A181710","NHN","12","0","KOSPI","1.47","1353.9","","1334.33"
"A182360","큐브엔터","12","0","KOSDAQ","-5.22","72.41","","76.4"
"A182400","엔케이젠바이오텍코리아","12","0","KOSDAQ","2.51","589.7","","575.26"
"A183190","아세아시멘트","12","0","KOSPI","-2.41","253.45","","259.71"
"A183300","코미코","12","0","외감","","","",""
"A183490","엔지켐생명과학","12","0","KONEX","-0.56","466.74","","469.35"
"A184230","SGA솔루션즈","12","0","KOSDAQ","-0.18","71.84","","71.96"
"A185490","아이진","12","0","KOSDAQ","-1.65","238.64","","242.65"
"A185750","종근당","12","1","KOSPI","0.47","1011.47","","1006.77"
"A186230","그린플러스","12","0","KONEX","-0.5","25.81","","25.94"
"A187220","디티앤씨","12","0","KOSDAQ","-0.75","129.58","","130.57"
"A187270","신화콘텍","12","0","KOSDAQ","-6.04","43.03","","45.79"
"A187420","HLB제넥스","12","0","KOSDAQ","3.82","230.66","","222.17"
"A187660","페니트리움바이오","12","0","외감","","","",""
"A187790","나노","12","0","KOSDAQ","0.41","60.07","","59.82"
"A187870","디바이스","12","0","외감","","","",""
"A188040","바이오포트","12","0","외감","","","",""
"A188260","세니젠","12","0","외감","","","",""
"A189300","인텔리안테크","12","0","외감","","","",""
"A189330","씨이랩","12","0","KONEX","0","3.58","","3.58"
"A189690","포시에스","6","0","KOSDAQ","-0.13","50.81","","50.88"
"A189860","서전기전","12","0","KOSDAQ","0.47","31.08","","30.94"
"A189980","흥국에프엔비","12","0","KOSDAQ","2.6","144.62","","140.95"
"A190510","나무가","12","0","KOSDAQ","-2.54","217.87","","223.54"
"A190650","코리아에셋투자증권","3","0","외감","","","",""
"A191410","육일씨엔에쓰","12","0","KOSDAQ","-0.91","55.74","","56.25"
"A191420","테고사이언스","12","0","KOSDAQ","15.42","182.92","","158.48"
"A192080","더블유게임즈","12","0","KOSDAQ","-0.25","675.35","","677.07"
"A192250","케이사인","12","0","KOSDAQ","-1.03","147.85","","149.39"
"A192390","윈하이텍","12","0","KOSDAQ","0.15","64.01","","63.91"
"A192400","쿠쿠홀딩스","12","1","KOSPI","-0.68","1441.09","","1450.9"
"A192410","오늘이엔엠","12","0","KOSDAQ","0","29.53","","29.53"
"A192440","슈피겐코리아","12","0","KOSDAQ","2.39","426.44","","416.5"
"A192650","드림텍","12","0","외감","","","",""
"A192820","코스맥스","12","1","KOSPI","-0.33","1367.93","","1372.43"
"A193250","링크드","12","0","KOSDAQ","-2.7","220.16","","226.27"
"A194370","제이에스코퍼레이션","12","0","KOSPI","1.02","255.85","","253.27"
"A194480","데브시스터즈","12","0","KOSDAQ","-0.57","290.75","","292.41"
"A194700","노바렉스","12","0","외감","","","",""
"A195500","마니커에프앤지","12","0","외감","","","",""
"A195870","해성디에스","12","0","KOSPI","1.32","261.8","","258.4"
"A195940","HK이노엔","12","0","외감","","","",""
"A195990","루트K","12","0","KOSDAQ","-6.59","199.43","","213.51"
"A196170","알테오젠","12","0","KOSDAQ","-1.37","278.96","","282.82"
"A196300","HLB펩","12","0","외감","","","",""
"A196450","코아시아씨엠","12","0","KOSDAQ","-0.17","129.6","","129.81"
"A196490","디에이테크놀로지","12","0","KOSDAQ","-0.32","56.39","","56.57"
"A196700","웹스","12","0","KOSDAQ","0.52","40","","39.79"
"A197140","디지캡","12","0","KONEX","-14.88","14.79","","17.38"
"A198080","캐프","12","0","외감","","","",""
"A198440","강동씨앤엘","12","0","KOSDAQ","0","14.56","","14.56"
"A198940","한주라이트메탈","12","0","KONEX","-10.27","50.33","","56.09"
"A199430","케이엔알시스템","12","0","외감","","","",""
"A199480","뱅크웨어글로벌","12","0","외감","","","",""
"A199550","레이저옵텍","12","0","외감","","","",""
"A199730","바이오인프라","12","0","외감","","","",""
"A199800","툴젠","12","0","KONEX","4.63","140.89","","134.65"
"A199820","제일일렉트릭","12","0","외감","","","",""
"A200130","콜마비앤에이치","12","0","KOSDAQ","-1.9","1068","","1088.68"
"A200230","텔콘RF제약","12","0","KOSDAQ","5.5","139.61","","132.33"
"A200350","아티스트스튜디오","12","0","KONEX","-2.88","31.68","","32.62"
"A200470","에이팩트","12","0","KOSDAQ","5.56","48.36","","45.82"
"A200670","휴메딕스","12","0","KOSDAQ","2.36","379.6","","370.85"
"A200710","에이디테크놀로지","12","0","KOSDAQ","0.45","45.91","","45.7"
"A200780","비씨월드제약","12","0","KOSDAQ","-0.46","215.57","","216.57"
"A200880","서연이화","12","0","KOSPI","-0.8","336.5","","339.21"
"A201490","미투온","12","0","외감","","","",""
"A203400","에이비온","12","0","KONEX","-0.11","80.48","","80.57"
"A203450","유니온바이오메트릭스","12","0","KONEX","11.94","34.9","","31.18"
"A203650","드림시큐리티","12","0","KOSDAQ","0","11.14","","11.14"
"A203690","아크솔루션스","12","0","KOSDAQ","-1.2","287.82","","291.32"
"A204020","그리티","12","0","외감","","","",""
"A204270","제이앤티씨","12","0","외감","","","",""
"A204320","HL만도","12","1","KOSPI","0.68","2084.9","","2070.81"
"A204610","티쓰리","12","0","외감","","","",""
"A204620","글로벌텍스프리","12","0","KOSDAQ","0","12.03","","12.03"
"A204840","지엘팜텍","12","0","KOSDAQ","0.42","32.04","","31.91"
"A205100","엑셈","12","0","KOSDAQ","2.24","114.85","","112.34"
"A205470","휴마시스","12","0","KOSDAQ","0.5","11.06","","11"
"A205500","넥써쓰","12","0","KOSDAQ","2.82","250.32","","243.45"
"A206400","베노티앤알","12","0","KOSDAQ","0.14","94.89","","94.76"
"A206560","덱스터","12","0","KOSDAQ","1.82","243.41","","239.07"
"A206640","바디텍메드","12","0","KOSDAQ","1.58","609.9","","600.41"
"A206650","유바이오로직스","12","0","외감","","","",""
"A207760","미스터블루","12","0","KOSDAQ","1.69","75.01","","73.76"
"A207940","삼성바이오로직스","12","0","외감","","","",""
"A208140","정다운","12","0","KOSDAQ","-3.24","51.83","","53.57"
"A208350","지란지교시큐리티","12","0","KOSDAQ","1.87","11.38","","11.17"
"A208370","셀바스헬스케어","12","0","KOSDAQ","0.41","13.18","","13.12"
"A208640","썸에이지","12","0","KOSDAQ","1.13","128.92","","127.48"
"A208710","포톤","12","0","KOSDAQ","1.17","83.17","","82.21"
"A208860","다산디엠씨","12","0","외감","","","",""
"A209640","와이제이링크","12","0","외감","","","",""
"A210120","캔버스엔","12","0","KONEX","0","60.07","","60.07"
"A210540","디와이파워","12","0","KOSPI","0.66","67.24","","66.8"
"A210980","SK디앤디","12","0","KOSPI","3.06","543.88","","527.73"
"A211050","인카금융서비스","12","0","KONEX","11.11","17.77","","15.99"
"A211270","AP위성","12","0","KOSDAQ","-0.75","103.73","","104.52"
"A212560","네오오토","12","0","KOSDAQ","-3.3","53.81","","55.65"
"A212710","아이에스티이","12","0","외감","","","",""
"A213420","덕산네오룩스","12","0","KOSDAQ","1.37","356.63","","351.83"
"A213500","한솔제지","12","0","KOSPI","-1.06","386.13","","390.26"
"A214150","클래시스","12","0","KOSDAQ","-0.74","11","","11.08"
"A214180","헥토이노베이션","12","0","KOSDAQ","2.81","195.54","","190.19"
"A214260","라파스","12","0","외감","","","",""
"A214270","FSN","12","0","KOSDAQ","6.59","17.74","","16.64"
"A214320","이노션","12","0","KOSPI","0.63","1590","","1580"
"A214330","금호에이치티","12","0","KOSPI","-0.6","80.56","","81.05"
"A214370","케어젠","12","0","KOSDAQ","0.42","1531.53","","1525.1"
"A214390","경보제약","12","0","KOSPI","-0.27","444.67","","445.86"
"A214420","토니모리","12","0","KOSPI","-0.5","584.47","","587.41"
"A214430","아이쓰리시스템","12","0","KOSDAQ","0.66","202.69","","201.37"
"A214450","파마리서치","12","0","KOSDAQ","-1.47","509.28","","516.86"
"A214610","롤링스톤","12","0","KONEX","0","80.25","","80.25"
"A214680","디알텍","12","0","KOSDAQ","0","9.82","","9.82"
"A215000","골프존","12","0","KOSDAQ","0.27","460.62","","459.36"
"A215090","솔디펜스","12","0","KOSDAQ","1.5","11.14","","10.97"
"A215100","로보로보","12","0","KOSDAQ","-0.24","5.87","","5.88"
"A215200","메가스터디교육","12","0","KOSDAQ","6.93","104.02","","97.28"
"A215360","우리산업","12","0","KOSDAQ","-1.61","306.84","","311.86"
"A215380","콜마바이오텍","12","0","KOSDAQ","1","11.11","","11"
"A215480","토박스코리아","12","0","KOSDAQ","0","7.32","","7.32"
"A215600","신라젠","12","0","외감","","","",""
"A215790","이노인스트루먼트","12","0","KOSDAQ","-0.25","13.97","","14"
"A216050","인크로스","12","0","외감","","","",""
"A216080","제테마","12","0","외감","","","",""
"A217190","제너셈","12","0","KOSDAQ","-0.65","53.84","","54.19"
"A217270","넵튠","12","0","KOSDAQ","0","10.17","","10.17"
"A217330","싸이토젠","12","0","외감","","","",""
"A217480","에스디생명공학","12","0","외감","","","",""
"A217500","러셀","12","0","KOSDAQ","-0.99","9.55","","9.64"
"A217590","티엠씨","12","0","외감","","","",""
"A217730","강스템바이오텍","12","0","KOSDAQ","-0.6","232.67","","234.07"
"A217820","원익피앤이","12","0","KOSDAQ","-2.01","71.54","","73.01"
"A218150","미래생명자원","12","0","KOSDAQ","0","7.15","","7.15"
"A218410","RFHIC","12","0","KOSDAQ","1.01","13.66","","13.52"
"A219130","타이거일렉","12","0","KOSDAQ","-4.46","39.21","","41.04"
"A219420","링크제니시스","12","0","외감","","","",""
"A219550","디와이디","12","0","KOSDAQ","0","12.7","","12.7"
"A219750","한국비티비","12","0","KONEX","0","44.36","","44.36"
"A220100","퓨쳐켐","12","0","KONEX","0","75.98","","75.98"
"A220180","폴라리스AI핸디","12","0","KONEX","14.97","58.74","","51.09"
"A220260","켐트로스","12","0","KOSDAQ","1.7","7.23","","7.11"
"A221800","지구홀딩스","12","0","KONEX","12.78","36.84","","32.67"
"A221840","하이즈항공","12","0","KOSDAQ","0.38","230.93","","230.05"
"A221980","케이디켐","12","0","KOSDAQ","0.85","71.62","","71.01"
"A222040","코스맥스엔비티","12","0","KOSDAQ","-1.05","777.68","","785.93"
"A222080","SFA넥셀","12","0","KOSDAQ","0","14.18","","14.18"
"A222110","팬젠","12","0","KOSDAQ","-4.01","205.4","","213.98"
"A222160","NPX","12","0","KONEX","0","10.3","","10.3"
"A222420","쎄노텍","12","0","KOSDAQ","12.39","20.96","","18.64"
"A222800","심텍","12","0","KOSDAQ","-2.22","174.03","","177.98"
"A222980","한국맥널티","12","0","KOSDAQ","1.82","83.33","","81.84"
"A223250","드림씨아이에스","12","0","외감","","","",""
"A223310","사토시홀딩스","12","0","KOSDAQ","-0.39","85.16","","85.49"
"A224060","더코디","12","0","KOSDAQ","-1.91","38.88","","39.64"
"A224110","에이텍모빌리티","12","0","KOSDAQ","-1.82","37.38","","38.07"
"A225190","LK삼양","12","0","외감","","","",""
"A225220","제놀루션","12","0","KONEX","0","21.29","","21.29"
"A225430","케이엠제약","12","0","KOSDAQ","0","9.61","","9.61"
"A225530","HC보광산업","12","0","KOSDAQ","2.14","164.88","","161.43"
"A225570","넥슨게임즈","12","0","KOSDAQ","0.25","18.1","","18.05"
"A225590","패션플랫폼","12","0","KOSDAQ","0.25","10.24","","10.21"
"A226320","잇츠한불","12","0","KOSPI","0.79","1341.8","","1331.31"
"A226330","신테카바이오","12","0","외감","","","",""
"A226340","본느","12","0","KOSDAQ","0.25","13","","12.97"
"A226400","오스테오닉","12","0","KONEX","0","20.09","","20.09"
"A226590","엠디바이스","12","0","외감","","","",""
"A226950","올릭스","12","0","외감","","","",""
"A227100","프로브잇","12","0","외감","","","",""
"A227610","아우딘퓨쳐스","12","0","외감","","","",""
"A227840","현대코퍼레이션홀딩스","12","0","KOSPI","-0.27","167.46","","167.91"
"A227950","엔투텍","12","0","KOSDAQ","0","15.59","","15.59"
"A228340","동양파일","12","0","KOSDAQ","-0.52","191.4","","192.4"
"A228670","레이","12","0","외감","","","",""
"A228760","지노믹트리","12","0","KONEX","0.16","68.07","","67.96"
"A228850","레이언스","12","0","KOSDAQ","0.25","330.16","","329.33"
"A229000","젠큐릭스","12","0","KONEX","-0.34","67.35","","67.58"
"A229640","LS에코에너지","12","0","외감","","","",""
"A230240","에치에프알","12","0","KOSDAQ","-0.5","16","","16.08"
"A230360","에코마케팅","12","0","외감","","","",""
"A232140","와이씨","12","0","KOSDAQ","-2.68","21.19","","21.77"
"A232680","라온로보틱스","12","0","KONEX","-8.13","12.19","","13.27"
"A232830","아이티센피엔에스","12","0","외감","","","",""
"A234030","싸이닉솔루션","12","0","외감","","","",""
"A234080","JW생명과학","12","0","외감","","","",""
"A234100","폴라리스세원","12","0","KONEX","14.35","35.13","","30.72"
"A234300","에스트래픽","12","0","외감","","","",""
"A234340","헥토파이낸셜","12","0","외감","","","",""
"A234690","녹십자웰빙","12","0","외감","","","",""
"A234920","자이글","12","0","외감","","","",""
"A235980","메드팩토","12","0","외감","","","",""
"A236200","슈프리마","12","0","KOSDAQ","-2.16","192.23","","196.48"
"A236810","엔비티","12","0","외감","","","",""
"A237690","에스티팜","12","0","KOSDAQ","2.1","942.7","","923.3"
"A237750","피앤씨테크","12","0","KOSDAQ","-0.7","64.51","","64.97"
"A237820","플레이디","12","0","외감","","","",""
"A237880","클리오","12","0","외감","","","",""
"A238090","앤디포스","12","0","외감","","","",""
"A238120","얼라인드","12","0","외감","","","",""
"A238200","비피도","12","0","외감","","","",""
"A238490","힘스","12","0","외감","","","",""
"A239340","이스트에이드","12","0","KOSDAQ","-0.71","10.01","","10.08"
"A239610","에이치엘사이언스","12","0","외감","","","",""
"A239890","피엔에이치테크","12","0","외감","","","",""
"A240550","동방메디컬","12","0","외감","","","",""
"A240600","유진테크놀로지","12","0","외감","","","",""
"A240810","원익IPS","12","0","KOSDAQ","-1.66","980.24","","996.75"
"A241520","DSC인베스트먼트","12","0","외감","","","",""
"A241560","두산밥캣","12","0","외감","","","",""
"A241590","화승엔터프라이즈","12","0","외감","","","",""
"A241690","유니테크노","12","0","외감","","","",""
"A241710","코스메카코리아","12","0","외감","","","",""
"A241770","메카로","12","0","외감","","","",""
"A241790","티이엠씨씨엔에스","12","0","외감","","","",""
"A241820","피씨엘","12","0","외감","","","",""
"A241840","에이스토리","12","0","외감","","","",""
"A242040","나무에이엑스","12","0","외감","","","",""
"A243070","휴온스","12","0","KOSDAQ","0.11","531.18","","530.59"
"A243840","신흥에스이씨","12","0","외감","","","",""
"A244460","올리패스","12","0","외감","","","",""
"A244920","에이플러스에셋","12","0","외감","","","",""
"A245620","EDGC","12","0","외감","","","",""
"A246250","에스엘에스바이오","12","0","KONEX","-0.4","28.65","","28.77"
"A246690","TS인베스트먼트","12","0","외감","","","",""
"A246710","티앤알바이오팹","12","0","외감","","","",""
"A246720","아스타","12","0","외감","","","",""
"A246960","SCL사이언스","12","0","외감","","","",""
"A247540","에코프로비엠","12","0","외감","","","",""
"A247660","나노씨엠에스","12","0","외감","","","",""
"A248070","솔루엠","12","0","외감","","","",""
"A248170","샘표식품","12","0","외감","","","",""
"A249420","일동제약","12","0","외감","","","",""
"A250000","보라티알","12","0","외감","","","",""
"A250060","모비스","12","0","외감","","","",""
"A250930","예선테크","12","0","외감","","","",""
"A251120","바이오에프디엔씨","12","0","외감","","","",""
"A251270","넷마블","12","0","외감","","","",""
"A251370","와이엠티","12","0","외감","","","",""
"A251630","브이원텍","12","0","외감","","","",""
"A251970","펌텍코리아","12","0","외감","","","",""
"A252500","세화피앤씨","12","0","외감","","","",""
"A252990","샘씨엔에스","12","0","외감","","","",""
"A253450","스튜디오드래곤","12","0","외감","","","",""
"A253590","네오셈","12","0","외감","","","",""
"A253840","수젠텍","12","0","외감","","","",""
"A254120","자비스","12","0","외감","","","",""
"A254490","미래반도체","12","0","외감","","","",""
"A255220","SG","12","0","외감","","","",""
"A255440","야스","12","0","외감","","","",""
"A256150","한독크린텍","12","0","외감","","","",""
"A256630","포인트엔지니어링","12","0","외감","","","",""
"A256840","한국비엔씨","12","0","외감","","","",""
"A256940","킵스파마","12","0","외감","","","",""
"A257370","피엔티엠에스","12","0","외감","","","",""
"A257720","실리콘투","12","0","외감","","","",""
"A258610","케일럼","12","0","외감","","","",""
"A258790","소프트캠프","12","0","외감","","","",""
"A258830","세종메디칼","12","0","외감","","","",""
"A259630","엠플러스","12","0","외감","","","",""
"A259960","크래프톤","12","0","외감","","","",""
"A260660","알리코제약","12","0","외감","","","",""
"A260930","씨티케이","12","0","외감","","","",""
"A260970","에스앤디","12","0","외감","","","",""
"A261200","덴티스","12","0","외감","","","",""
"A261520","이지스","12","0","외감","","","",""
"A261780","아리바이오랩","12","0","외감","","","",""
"A262260","에이프로","12","0","외감","","","",""
"A262840","아이퀘스트","12","0","외감","","","",""
"A263020","디케이앤디","12","0","외감","","","",""
"A263050","유틸렉스","12","0","외감","","","",""
"A263600","덕우전자","12","0","외감","","","",""
"A263690","디알젬","12","0","외감","","","",""
"A263700","케어랩스","12","0","외감","","","",""
"A263720","디앤씨미디어","12","0","외감","","","",""
"A263750","펄어비스","12","0","외감","","","",""
"A263770","유에스티","12","0","외감","","","",""
"A263800","데이타솔루션","12","0","외감","","","",""
"A263810","상신전자","12","0","외감","","","",""
"A263860","지니언스","12","0","외감","","","",""
"A263920","휴엠앤씨","12","0","외감","","","",""
"A264450","유비쿼스","12","0","외감","","","",""
"A264660","씨앤지하이테크","12","0","외감","","","",""
"A264850","이랜시스","12","0","외감","","","",""
"A264900","크라운제과","12","0","외감","","","",""
"A265520","AP시스템","12","0","외감","","","",""
"A265560","영화테크","12","0","외감","","","",""
"A265740","엔에프씨","12","0","외감","","","",""
"A267250","HD현대","12","0","외감","","","",""
"A267260","HD현대일렉트릭","12","0","외감","","","",""
"A267270","HD건설기계","12","0","외감","","","",""
"A267290","경동도시가스","12","0","외감","","","",""
"A267320","나인테크","12","0","외감","","","",""
"A267790","배럴","12","0","외감","","","",""
"A267850","아시아나IDT","12","0","외감","","","",""
"A267980","매일유업","12","0","외감","","","",""
"A268280","미원에스씨","12","0","외감","","","",""
"A269620","시스웍","12","0","외감","","","",""
"A270520","앱튼","12","0","외감","","","",""
"A270660","에브리봇","12","0","외감","","","",""
"A270870","뉴트리","12","0","외감","","","",""
"A271560","오리온","12","0","외감","","","",""
"A271830","팸텍","12","0","외감","","","",""
"A271940","일진하이솔루스","12","0","외감","","","",""
"A271980","제일약품","12","0","외감","","","",""
"A272110","케이엔제이","12","0","외감","","","",""
"A272210","한화시스템","12","0","외감","","","",""
"A272290","이녹스첨단소재","12","0","외감","","","",""
"A272450","진에어","12","0","외감","","","",""
"A272550","삼양패키징","12","0","외감","","","",""
"A273060","와이즈버즈","12","0","외감","","","",""
"A273640","와이엠텍","12","0","외감","","","",""
"A274090","켄코아에어로스페이스","12","0","외감","","","",""
"A274400","이노시뮬레이션","12","0","외감","","","",""
"A275630","에스에스알","12","0","외감","","","",""
"A276040","스코넥","12","0","외감","","","",""
"A276730","한울앤제주","12","0","외감","","","",""
"A277070","린드먼아시아","12","0","외감","","","",""
"A277410","인산가","12","0","외감","","","",""
"A277810","레인보우로보틱스","12","0","외감","","","",""
"A277880","티에스아이","12","0","외감","","","",""
"A278280","천보","12","0","외감","","","",""
"A278470","에이피알","12","0","외감","","","",""
"A278650","HLB바이오스텝","12","0","외감","","","",""
"A279570","케이뱅크","12","0","외감","","","",""
"A279600","미디어젠","12","0","외감","","","",""
"A280360","롯데웰푸드","12","0","외감","","","",""
"A281740","레이크머티리얼즈","12","0","외감","","","",""
"A281820","케이씨텍","12","0","외감","","","",""
"A282330","BGF리테일","12","0","외감","","","",""
"A282720","금양그린파워","12","0","외감","","","",""
"A282880","코윈테크","12","0","외감","","","",""
"A284620","카이노스메드","12","0","외감","","","",""
"A284740","쿠쿠홈시스","12","0","외감","","","",""
"A285130","SK케미칼","12","0","외감","","","",""
"A285490","노바텍","12","0","외감","","","",""
"A285800","진영","12","0","외감","","","",""
"A286750","나노실리칸첨단소재","12","0","외감","","","",""
"A286940","롯데이노베이트","12","0","외감","","","",""
"A287840","인투셀","12","0","외감","","","",""
"A288180","케이피항공산업","12","0","외감","","","",""
"A288330","파라택시스코리아","12","0","외감","","","",""
"A288620","에스프리즘","12","0","외감","","","",""
"A288980","모아데이타","12","0","외감","","","",""
"A289010","아이스크림에듀","12","0","외감","","","",""
"A289080","SV인베스트먼트","3","0","외감","","","",""
"A289220","자이언트스텝","12","0","외감","","","",""
"A289930","웨이비스","12","0","외감","","","",""
"A290090","트윔","12","0","외감","","","",""
"A290120","DH오토리드","12","0","외감","","","",""
"A290270","휴네시온","12","0","외감","","","",""
"A290520","신도기연","12","0","외감","","","",""
"A290550","디케이티","12","0","외감","","","",""
"A290560","파라택시스이더리움","12","0","외감","","","",""
"A290650","엘앤씨바이오","12","0","외감","","","",""
"A290660","다이나믹솔루션","12","0","외감","","","",""
"A290670","대보마그네틱","12","0","외감","","","",""
"A290690","아리바이오홀딩스","12","0","외감","","","",""
"A290720","푸드나무","12","0","외감","","","",""
"A290740","액트로","12","0","외감","","","",""
"A291230","엔피","12","0","외감","","","",""
"A291650","압타머사이언스","12","0","외감","","","",""
"A291810","핀텔","12","0","외감","","","",""
"A293480","하나제약","12","0","외감","","","",""
"A293490","카카오게임즈","12","0","외감","","","",""
"A293580","나우IB","12","0","외감","","","",""
"A293780","압타바이오","12","0","외감","","","",""
"A294090","이오플로우","12","0","외감","","","",""
"A294140","레몬","12","0","외감","","","",""
"A294570","쿠콘","12","0","외감","","","",""
"A294630","서남","12","0","외감","","","",""
"A294870","IPARK현대산업개발","12","0","외감","","","",""
"A295310","에이치브이엠","12","0","외감","","","",""
"A296640","이노에이엑스","12","0","외감","","","",""
"A297090","씨에스베어링","12","0","외감","","","",""
"A297570","아틀라스링크","12","0","외감","","","",""
"A297890","HB솔루션","12","0","외감","","","",""
"A298000","효성화학","12","0","외감","","","",""
"A298020","효성티앤씨","12","0","외감","","","",""
"A298040","효성중공업","12","0","외감","","","",""
"A298050","HS효성첨단소재","12","0","외감","","","",""
"A298060","풍전약품","12","0","외감","","","",""
"A298380","에이비엘바이오","12","0","외감","","","",""
"A298540","더네이쳐홀딩스","12","0","외감","","","",""
"A298690","에어부산","12","0","외감","","","",""
"A298830","슈어소프트테크","12","0","외감","","","",""
"A299030","하나기술","12","0","외감","","","",""
"A299170","더블유에스아이","12","0","외감","","","",""
"A299660","셀리드","12","0","외감","","","",""
"A299900","위지윅스튜디오","12","0","외감","","","",""
"A300080","플리토","12","0","외감","","","",""
"A300120","라온피플","12","0","외감","","","",""
"A300720","한일시멘트","12","0","외감","","","",""
"A301300","바이브컴퍼니","12","0","외감","","","",""
"A302430","이노메트리","12","0","외감","","","",""
"A302440","SK바이오사이언스","12","0","외감","","","",""
"A302550","리메드","12","0","외감","","","",""
"A303030","지니틱스","12","0","외감","","","",""
"A303360","프로티아","12","0","외감","","","",""
"A303530","이노뎁","12","0","외감","","","",""
"A303810","동국생명과학","12","0","외감","","","",""
"A304100","솔트룩스","12","0","외감","","","",""
"A304360","에스바이오메딕스","12","0","외감","","","",""
"A304840","피플바이오","12","0","외감","","","",""
"A305090","마이크로디지탈","12","0","외감","","","",""
"A306040","에스제이그룹","12","0","외감","","","",""
"A306200","세아제강","12","0","외감","","","",""
"A306620","지아이에스","12","0","외감","","","",""
"A307180","아이엘","12","0","외감","","","",""
"A307280","원바이오젠","12","0","외감","","","",""
"A307750","국전","12","0","외감","","","",""
"A307870","비투엔","12","0","외감","","","",""
"A307930","컴퍼니케이","12","0","외감","","","",""
"A307950","현대오토에버","12","0","외감","","","",""
"A308080","바이젠셀","12","0","외감","","","",""
"A308100","형지글로벌","12","0","외감","","","",""
"A308170","씨티알모빌리티","12","0","외감","","","",""
"A308430","셀비온","12","0","외감","","","",""
"A309710","아이티켐","12","0","외감","","","",""
"A309930","조이웍스앤코","12","0","외감","","","",""
"A309960","LB인베스트먼트","12","0","외감","","","",""
"A310200","애니플러스","12","0","외감","","","",""
"A310210","보로노이","12","0","외감","","","",""
"A310870","디와이씨","12","0","외감","","","",""
"A311320","지오엘리먼트","12","0","외감","","","",""
"A311390","네오크레마","12","0","외감","","","",""
"A311690","CJ 바이오사이언스","12","0","외감","","","",""
"A312610","에이에프더블류","12","0","외감","","","",""
"A313760","캐리","12","0","외감","","","",""
"A314130","지놈앤컴퍼니","12","0","외감","","","",""
"A314140","알피바이오","12","0","외감","","","",""
"A314930","바이오다인","12","0","외감","","","",""
"A315640","딥노이드","12","0","외감","","","",""
"A316140","우리금융지주","12","0","외감","","","",""
"A317120","라닉스","12","0","외감","","","",""
"A317240","TS트릴리온","12","0","외감","","","",""
"A317330","덕산테코피아","12","0","외감","","","",""
"A317400","자이에스앤디","12","0","외감","","","",""
"A317450","명인제약","12","0","외감","","","",""
"A317530","에피소드컴퍼니","12","0","외감","","","",""
"A317690","퀀타매트릭스","12","0","외감","","","",""
"A317770","엑스페릭스","12","0","외감","","","",""
"A317830","에스피시스템스","12","0","외감","","","",""
"A317850","대모","12","0","외감","","","",""
"A317870","엔바이오니아","12","0","외감","","","",""
"A318000","KBG","12","0","외감","","","",""
"A318010","팜스빌","12","0","외감","","","",""
"A318020","포인트모바일","12","0","외감","","","",""
"A318060","그래피","12","0","외감","","","",""
"A318160","셀바이오휴먼텍","12","0","외감","","","",""
"A318410","비비씨","12","0","외감","","","",""
"A319400","현대무벡스","12","0","외감","","","",""
"A319660","피에스케이","12","0","외감","","","",""
"A320000","한울반도체","12","0","외감","","","",""
"A321260","프로이천","12","0","외감","","","",""
"A321370","센서뷰","12","0","외감","","","",""
"A321550","티움바이오","12","0","외감","","","",""
"A321820","아티스트컴퍼니","12","0","외감","","","",""
"A322000","HD현대에너지솔루션","12","0","외감","","","",""
"A322180","LS티라유텍","12","0","외감","","","",""
"A322310","오로스테크놀로지","12","0","외감","","","",""
"A322510","제이엘케이","12","0","외감","","","",""
"A322780","코퍼스코리아","12","0","외감","","","",""
"A323280","태성","12","0","외감","","","",""
"A323350","다원넥스뷰","12","0","외감","","","",""
"A323410","카카오뱅크","12","0","외감","","","",""
"A323990","박셀바이오","12","0","외감","","","",""
"A326030","SK바이오팜","12","0","외감","","","",""
"A327260","RF머트리얼즈","12","0","외감","","","",""
"A328130","루닛","12","0","외감","","","",""
"A328380","솔트웨어","12","0","외감","","","",""
"A329180","HD현대중공업","12","0","외감","","","",""
"A330350","위더스제약","12","0","외감","","","",""
"A330730","스톤브릿지벤처스","12","0","외감","","","",""
"A330860","네패스아크","12","0","외감","","","",""
"A331380","포커스에이아이","12","0","외감","","","",""
"A331520","밸로프","12","0","외감","","","",""
"A331740","아우토크립트","12","0","외감","","","",""
"A331920","셀레믹스","12","0","외감","","","",""
"A332290","누보","12","0","외감","","","",""
"A332370","아이디피","12","0","외감","","","",""
"A332570","PS일렉트로닉스","12","0","외감","","","",""
"A333050","이노테나","12","0","외감","","","",""
"A333430","일승","12","0","외감","","","",""
"A333620","엔시스","12","0","외감","","","",""
"A334970","프레스티지바이오로직스","6","0","외감","","","",""
"A335810","프리시젼바이오","12","0","외감","","","",""
"A335870","윙스풋","12","0","외감","","","",""
"A336060","웨이버스","12","0","외감","","","",""
"A336260","두산퓨얼셀","12","0","외감","","","",""
"A336370","솔루스첨단소재","12","0","외감","","","",""
"A336570","원텍","12","0","외감","","","",""
"A336680","탑런토탈솔루션","12","0","외감","","","",""
"A337930","젝시믹스","12","0","외감","","","",""
"A338220","뷰노","12","0","외감","","","",""
"A338840","와이바이오로직스","12","0","외감","","","",""
"A339770","교촌에프앤비","12","0","외감","","","",""
"A339950","아이비김영","12","0","외감","","","",""
"A340360","다보링크","12","0","외감","","","",""
"A340440","세림B&G","12","0","외감","","","",""
"A340450","지씨지놈","12","0","외감","","","",""
"A340570","티앤엘","12","0","외감","","","",""
"A340810","시선AI","12","0","외감","","","",""
"A340930","성원에너텍","12","0","외감","","","",""
"A342870","오아","12","0","외감","","","",""
"A344820","KCC글라스","12","0","외감","","","",""
"A344860","이노진","12","0","외감","","","",""
"A347000","센코","12","0","외감","","","",""
"A347700","스피어","12","0","외감","","","",""
"A347740","피엔케이피부임상연구센타","12","0","외감","","","",""
"A347770","핌스","12","0","외감","","","",""
"A347850","디앤디파마텍","12","0","외감","","","",""
"A347860","알체라","12","0","외감","","","",""
"A347890","엠엑스온","12","0","외감","","","",""
"A348030","모비릭스","12","0","외감","","","",""
"A348080","큐라티스","12","0","외감","","","",""
"A348150","고바이오랩","12","0","외감","","","",""
"A348210","넥스틴","12","0","외감","","","",""
"A348340","뉴로메카","12","0","외감","","","",""
"A348350","위드텍","12","0","외감","","","",""
"A348370","엔켐","12","0","외감","","","",""
"A351320","넥사다이내믹스","12","0","외감","","","",""
"A351330","이삭엔지니어링","12","0","외감","","","",""
"A351870","차이커뮤니케이션","12","0","외감","","","",""
"A352090","스톰테크","12","0","외감","","","",""
"A352480","씨앤씨인터내셔널","12","0","외감","","","",""
"A352700","씨앤투스","12","0","외감","","","",""
"A352770","셀레스트라","12","0","외감","","","",""
"A352820","하이브","12","0","외감","","","",""
"A352910","오비고","12","0","외감","","","",""
"A352940","인바이오","12","0","외감","","","",""
"A353190","휴럼","12","0","외감","","","",""
"A353200","대덕전자","12","0","외감","","","",""
"A353590","오토앤","12","0","외감","","","",""
"A353810","이지바이오","12","0","외감","","","",""
"A354200","엔젠바이오","12","0","외감","","","",""
"A354320","알멕","12","0","외감","","","",""
"A355150","코스텍시스","12","0","외감","","","",""
"A355390","크라우드웍스","12","0","외감","","","",""
"A355690","에이텀","12","0","외감","","","",""
"A356680","엑스게이트","12","0","외감","","","",""
"A356860","티엘비","12","0","외감","","","",""
"A356890","싸이버원","12","0","외감","","","",""
"A357230","에이치피오","12","0","외감","","","",""
"A357550","석경에이티","12","0","외감","","","",""
"A357580","아모센스","12","0","외감","","","",""
"A357780","솔브레인","12","0","외감","","","",""
"A357880","SKAI","12","0","외감","","","",""
"A358570","지아이이노베이션","12","0","외감","","","",""
"A359090","씨엔알리서치","12","0","외감","","","",""
"A360070","탑머티리얼","12","0","외감","","","",""
"A360350","코셈","12","0","외감","","","",""
"A361390","제노코","12","0","외감","","","",""
"A361570","알비더블유","12","0","외감","","","",""
"A361610","SK아이이테크놀로지","12","0","외감","","","",""
"A361670","삼영에스앤씨","12","0","외감","","","",""
"A362320","청담글로벌","12","0","외감","","","",""
"A362990","드림인사이트","12","0","외감","","","",""
"A363250","진시스템","12","0","외감","","","",""
"A363260","모비데이즈","12","0","외감","","","",""
"A363280","티와이홀딩스","12","0","외감","","","",""
"A364950","에이아이코리아","12","0","외감","","","",""
"A365270","큐라클","12","0","외감","","","",""
"A365330","에스와이스틸텍","12","0","외감","","","",""
"A365340","성일하이텍","12","0","외감","","","",""
"A365590","하이딥","12","0","외감","","","",""
"A365900","브이씨","12","0","외감","","","",""
"A366030","나인앤컴퍼니","12","0","외감","","","",""
"A367000","플래티어","12","0","외감","","","",""
"A368600","아이씨에이치","12","0","외감","","","",""
"A368770","파이버프로","12","0","외감","","","",""
"A368970","오에스피","12","0","외감","","","",""
"A369370","블리츠웨이엔터테인먼트","12","0","외감","","","",""
"A370090","퓨런티어","12","0","외감","","","",""
"A371950","풍원정밀","12","0","외감","","","",""
"A372170","윤성에프앤씨","12","0","외감","","","",""
"A372320","큐로셀","12","0","외감","","","",""
"A372800","아이티아이즈","12","0","외감","","","",""
"A372910","한컴라이프케어","12","0","외감","","","",""
"A373110","엑셀세라퓨틱스","12","0","외감","","","",""
"A373160","데이원컴퍼니","12","0","외감","","","",""
"A373170","엠아이큐브솔루션","12","0","외감","","","",""
"A373200","엑스플러스","12","0","외감","","","",""
"A373220","LG에너지솔루션","12","0","외감","","","",""
"A375500","DL이앤씨","12","0","외감","","","",""
"A376180","피코그램","12","0","외감","","","",""
"A376270","HEM파마","12","0","외감","","","",""
"A376290","씨유테크","12","0","외감","","","",""
"A376300","디어유","12","0","외감","","","",""
"A376900","로킷헬스케어","12","0","외감","","","",""
"A376930","노을","12","0","외감","","","",""
"A376980","원티드랩","12","0","외감","","","",""
"A377030","비트맥스","12","0","외감","","","",""
"A377220","프롬바이오","12","0","외감","","","",""
"A377300","카카오페이","12","0","외감","","","",""
"A377330","이지트로닉스","12","0","외감","","","",""
"A377450","리파인","12","0","외감","","","",""
"A377460","큐에이드","12","0","외감","","","",""
"A377480","마음AI","12","0","외감","","","",""
"A377740","바이오노트","12","0","외감","","","",""
"A378340","필에너지","12","0","외감","","","",""
"A378800","샤페론","12","0","외감","","","",""
"A378850","화승알앤에이","12","0","외감","","","",""
"A380540","옵티코어","12","0","외감","","","",""
"A380550","뉴로핏","12","0","외감","","","",""
"A381620","제닉스로보틱스","12","0","외감","","","",""
"A381970","케이카","12","0","외감","","","",""
"A382150","온코크로스","12","0","외감","","","",""
"A382480","지아이텍","12","0","외감","","","",""
"A382800","지앤비에스 에코","12","0","외감","","","",""
"A382840","원준","12","0","외감","","","",""
"A382900","범한퓨얼셀","12","0","외감","","","",""
"A383220","F&F","12","0","외감","","","",""
"A383310","에코프로에이치엔","12","0","외감","","","",""
"A383800","LX홀딩스","12","0","외감","","","",""
"A383930","디티앤씨알오","12","0","외감","","","",""
"A384470","코어라인소프트","12","0","외감","","","",""
"A387570","파인메딕스","12","0","외감","","","",""
"A388050","지투파워","12","0","외감","","","",""
"A388210","씨엠티엑스","12","0","외감","","","",""
"A388610","지에프씨생명과학","12","0","외감","","","",""
"A388720","유일로보틱스","12","0","외감","","","",""
"A388790","라이콤","12","0","외감","","","",""
"A388870","파로스아이바이오","12","0","외감","","","",""
"A389020","자람테크놀로지","12","0","외감","","","",""
"A389030","지니너스","12","0","외감","","","",""
"A389140","포바이포","12","0","외감","","","",""
"A389260","대명에너지","12","0","외감","","","",""
"A389470","인벤티지랩","12","0","외감","","","",""
"A389500","에스비비테크","12","0","외감","","","",""
"A389650","넥스트바이오메디컬","12","0","외감","","","",""
"A389680","유디엠텍","12","0","외감","","","",""
"A391710","코닉오토메이션","12","0","외감","","","",""
"A393210","토마토시스템","12","0","외감","","","",""
"A393890","더블유씨피","12","0","외감","","","",""
"A393970","대진첨단소재","12","0","외감","","","",""
"A394280","오픈엣지테크놀로지","12","0","외감","","","",""
"A394420","리센스메디컬","12","0","외감","","","",""
"A394800","쓰리빌리언","12","0","외감","","","",""
"A396270","넥스트칩","12","0","외감","","","",""
"A396300","세아메카닉스","12","0","외감","","","",""
"A396470","워트","12","0","외감","","","",""
"A397030","에이프릴바이오","12","0","외감","","","",""
"A397810","애드포러스","12","0","외감","","","",""
"A398120","에스지헬스케어","12","0","외감","","","",""
"A399720","가온칩스","12","0","외감","","","",""
"A402030","코난테크놀로지","12","0","외감","","","",""
"A402340","SK스퀘어","12","0","외감","","","",""
"A402490","그린리소스","12","0","외감","","","",""
"A403490","우듬지팜","12","0","외감","","","",""
"A403550","쏘카","12","0","외감","","","",""
"A403850","더핑크퐁컴퍼니","12","0","외감","","","",""
"A403870","HPSP","12","0","외감","","","",""
"A405000","플라즈맵","12","0","외감","","","",""
"A405100","큐알티","12","0","외감","","","",""
"A405920","나라셀라","12","0","외감","","","",""
"A406820","뷰티스킨","12","0","외감","","","",""
"A407400","꿈비","12","0","외감","","","",""
"A408470","한패스","12","0","외감","","","",""
"A408900","스튜디오미르","12","0","외감","","","",""
"A408920","메쎄이상","12","0","외감","","","",""
"A411080","샌즈랩","12","0","외감","","","",""
"A412350","레이저쎌","12","0","외감","","","",""
"A412540","제일엠앤에스","12","0","외감","","","",""
"A413390","엠오티","12","0","외감","","","",""
"A413630","씨피시스템","12","0","외감","","","",""
"A413640","비아이매트릭스","12","0","외감","","","",""
"A415380","스튜디오삼익","12","0","외감","","","",""
"A416180","신성에스티","12","0","외감","","","",""
"A417010","나노팀","12","0","외감","","","",""
"A417180","핑거스토리","12","0","외감","","","",""
"A417200","LS머트리얼즈","12","0","외감","","","",""
"A417500","제이아이테크","12","0","외감","","","",""
"A417790","트루엔","12","0","외감","","","",""
"A417840","저스템","12","0","외감","","","",""
"A417860","오브젠","12","0","외감","","","",""
"A417970","모델솔루션","12","0","외감","","","",""
"A418250","시큐레터","12","0","외감","","","",""
"A418420","라온텍","12","0","외감","","","",""
"A418470","KT밀리의서재","12","0","외감","","","",""
"A418550","제이오","12","0","외감","","","",""
"A418620","E8","12","0","외감","","","",""
"A419050","삼기에너지솔루션즈","12","0","외감","","","",""
"A419080","엔젯","12","0","외감","","","",""
"A419120","산돌","12","0","외감","","","",""
"A419530","SAMG엔터","12","0","외감","","","",""
"A419540","비스토스","12","0","외감","","","",""
"A420570","제이투케이바이오","12","0","외감","","","",""
"A420770","기가비스","12","0","외감","","","",""
"A424760","벨로크","12","0","외감","","","",""
"A424870","이뮨온시아","12","0","외감","","","",""
"A424960","스마트레이더시스템","12","0","외감","","","",""
"A424980","마이크로투나노","12","0","외감","","","",""
"A425040","티이엠씨","12","0","외감","","","",""
"A425420","티에프이","12","0","외감","","","",""
"A429270","시지트로닉스","12","0","외감","","","",""
"A430690","한싹","12","0","외감","","","",""
"A431190","케이쓰리아이","12","0","외감","","","",""
"A432430","와이랩","12","0","외감","","","",""
"A432470","케이엔에스","12","0","외감","","","",""
"A432720","퀄리타스반도체","12","0","외감","","","",""
"A432980","엠에프씨","12","0","외감","","","",""
"A434480","모니터랩","12","0","외감","","","",""
"A435570","에르코스","12","0","외감","","","",""
"A437730","삼현","12","0","외감","","","",""
"A438700","버넥트","12","0","외감","","","",""
"A439090","마녀공장","12","0","외감","","","",""
"A439260","대한조선","12","0","외감","","","",""
"A439580","블루엠텍","12","0","외감","","","",""
"A439960","코스모로보틱스","12","0","외감","","","",""
"A440110","파두","12","0","외감","","","",""
"A440290","HB인베스트먼트","12","0","외감","","","",""
"A440320","오픈놀","12","0","외감","","","",""
"A441270","파인엠텍","12","0","외감","","","",""
"A443060","HD현대마린솔루션","12","0","외감","","","",""
"A443250","레뷰코퍼레이션","12","0","외감","","","",""
"A443670","에스피소프트","12","0","외감","","","",""
"A444530","심플랫폼","12","0","외감","","","",""
"A445090","에이직랜드","12","0","외감","","","",""
"A445180","퓨릿","12","0","외감","","","",""
"A445680","큐리옥스바이오시스템즈","12","0","외감","","","",""
"A446070","유니드비티플러스","12","0","외감","","","",""
"A446540","메가터치","12","0","외감","","","",""
"A446840","지슨","12","0","외감","","","",""
"A448280","에코아이","12","0","외감","","","",""
"A448710","코츠테크놀로지","12","0","외감","","","",""
"A448900","한국피아이엠","12","0","외감","","","",""
"A450080","에코프로머티","12","0","외감","","","",""
"A450330","하스","12","0","외감","","","",""
"A450520","인스웨이브","12","0","외감","","","",""
"A450950","아스테라시스","12","0","외감","","","",""
"A451220","아이엠티","12","0","외감","","","",""
"A451250","삐아","12","0","외감","","","",""
"A451760","컨텍","12","0","외감","","","",""
"A452160","제이엔비","12","0","외감","","","",""
"A452190","한빛레이저","12","0","외감","","","",""
"A452200","민테크","12","0","외감","","","",""
"A452260","한화갤러리아","12","0","외감","","","",""
"A452280","한선엔지니어링","12","0","외감","","","",""
"A452300","캡스톤파트너스","12","0","외감","","","",""
"A452400","이닉스","12","0","외감","","","",""
"A452430","사피엔반도체","12","0","외감","","","",""
"A452450","피아이이","12","0","외감","","","",""
"A453340","현대그린푸드","12","0","외감","","","",""
"A453450","그리드위즈","12","0","외감","","","",""
"A453860","에이에스텍","12","0","외감","","","",""
"A454910","두산로보틱스","12","0","외감","","","",""
"A455180","케이지에이","12","0","외감","","","",""
"A455900","엔젤로보틱스","12","0","외감","","","",""
"A456010","아이씨티케이","12","0","외감","","","",""
"A456040","OCI","12","0","외감","","","",""
"A456070","이엔셀","12","0","외감","","","",""
"A456160","지투지바이오","12","0","외감","","","",""
"A457190","이수스페셜티케미컬","12","0","외감","","","",""
"A457370","한켐","12","0","외감","","","",""
"A457550","우진엔텍","12","0","외감","","","",""
"A457600","벡트","12","0","외감","","","",""
"A458350","에스팀","12","0","외감","","","",""
"A458650","성우","12","0","외감","","","",""
"A458870","씨어스","12","0","외감","","","",""
"A459100","위츠","12","0","외감","","","",""
"A459510","나우로보틱스","12","0","외감","","","",""
"A459550","알트","12","0","외감","","","",""
"A460470","아이빔테크놀로지","12","0","외감","","","",""
"A460850","동국씨엠","12","0","외감","","","",""
"A460860","동국제강","12","0","외감","","","",""
"A460870","에스엠씨지","12","0","외감","","","",""
"A460930","현대힘스","12","0","외감","","","",""
"A460940","피앤에스로보틱스","12","0","외감","","","",""
"A461030","아이엠비디엑스","12","0","외감","","","",""
"A461300","아이스크림미디어","12","0","외감","","","",""
"A462310","뉴키즈온","12","0","외감","","","",""
"A462350","이노스페이스","12","0","외감","","","",""
"A462510","라메디텍","12","0","외감","","","",""
"A462520","조선내화","12","0","외감","","","",""
"A462860","더즌","12","0","외감","","","",""
"A462870","시프트업","12","0","외감","","","",""
"A462980","아이지넷","12","0","외감","","","",""
"A463020","뉴엔AI","12","0","외감","","","",""
"A463480","모티브링크","12","0","외감","","","",""
"A464080","에스오에스랩","12","0","외감","","","",""
"A464280","티디에스팜","12","0","외감","","","",""
"A464490","쿼드메디슨","12","0","외감","","","",""
"A464500","아이언디바이스","12","0","외감","","","",""
"A464580","닷밀","12","0","외감","","","",""
"A465480","인스피언","12","0","외감","","","",""
"A465770","STX그린로지스","12","0","외감","","","",""
"A466100","클로봇","12","0","외감","","","",""
"A466410","사이냅소프트","12","0","외감","","","",""
"A468530","프로티나","12","0","외감","","","",""
"A469610","이노테크","12","0","외감","","","",""
"A469750","아이비젼웍스","12","0","외감","","","",""
"A471820","셀로맥스사이언스","12","0","외감","","","",""
"A472850","폰드그룹","12","0","외감","","","",""
"A473980","노머스","12","0","외감","","","",""
"A474170","루미르","12","0","외감","","","",""
"A474610","RF시스템즈","12","0","외감","","","",""
"A474650","링크솔루션","12","0","외감","","","",""
"A475150","SK이터닉스","12","0","외감","","","",""
"A475230","엔알비","12","0","외감","","","",""
"A475400","씨메스로보틱스","12","0","외감","","","",""
"A475430","키스트론","12","0","외감","","","",""
"A475460","미트박스","12","0","외감","","","",""
"A475560","더본코리아","12","0","외감","","","",""
"A475580","에이럭스","12","0","외감","","","",""
"A475660","에스켐","12","0","외감","","","",""
"A475830","오름테라퓨틱","12","0","외감","","","",""
"A475960","토모큐브","12","0","외감","","","",""
"A476040","오가노이드사이언스","12","0","외감","","","",""
"A476060","온코닉테라퓨틱스","12","0","외감","","","",""
"A476080","M83","12","0","외감","","","",""
"A476830","알지노믹스","12","0","외감","","","",""
"A477850","마키나락스","12","0","외감","","","",""
"A478340","나라스페이스테크놀로지","12","0","외감","","","",""
"A478560","블랙야크아이앤씨","12","0","외감","","","",""
"A479960","위너스일렉","12","0","외감","","","",""
"A480370","씨케이솔루션","12","0","외감","","","",""
"A481070","에이유브랜즈","12","0","외감","","","",""
"A482630","삼양엔씨켐","12","0","외감","","","",""
"A483650","달바글로벌","12","0","외감","","","",""
"A484120","도우인시스","12","0","외감","","","",""
"A484590","삼양컴텍","12","0","외감","","","",""
"A484810","티엑스알로보틱스","12","0","외감","","","",""
"A484870","엠앤씨솔루션","12","0","외감","","","",""
"A486990","노타","12","0","외감","","","",""
"A487570","HS효성","12","0","외감","","","",""
"A487580","폴레드","12","0","외감","","","",""
"A488280","에스투더블유","12","0","외감","","","",""
"A488900","비츠로넥스텍","12","0","외감","","","",""
"A489460","바이오비쥬","12","0","외감","","","",""
"A489500","엘케이켐","12","0","외감","","","",""
"A489790","한화비전","12","0","외감","","","",""
"A490470","세미파이브","12","0","외감","","","",""
"A491000","리브스메드","12","0","외감","","","",""
"A493280","아이엠바이오로직스","12","0","외감","","","",""
"A493330","지에프아이","12","0","외감","","","",""
"A494120","큐리오시스","12","0","외감","","","",""
"A499790","GS피앤엘","12","0","외감","","","",""
"A900070","글로벌에스엠","12","0","KOSDAQ","1.42","90.19","","88.93"
"A900100","파이온엑스","12","0","KOSDAQ","1.13","255.51","","252.67"
"A900110","딥커머스","12","0","KOSDAQ","0","93.84","","93.84"
"A900120","씨엑스아이","6","0","KOSDAQ","1.24","257.62","","254.46"
"A900140","엘브이엠씨홀딩스","12","0","KOSPI","1.44","404.5","","398.75"
"A900250","크리스탈신소재","12","0","KOSDAQ","1.1","255.12","","252.35"
"A900260","로스웰","12","0","KOSDAQ","-0.3","304.12","","305.03"
"A900270","헝셩그룹","12","0","외감","","","",""
"A900290","GRT","6","0","외감","","","",""
"A900300","오가닉티코스메틱","12","0","외감","","","",""
"A900310","컬러레이","12","0","외감","","","",""
"A900340","윙입푸드","12","0","외감","","","",""
"A950130","엑세스바이오","12","0","KOSDAQ","-0.62","217.87","","219.23"
"A950140","잉글우드랩","12","0","외감","","","",""
"A950160","코오롱티슈진","12","0","외감","","","",""
"A950170","JTC","2","0","외감","","","",""
"A950190","고스트스튜디오","12","0","외감","","","",""
"A950200","소마젠","12","0","외감","","","",""
"A950210","프레스티지바이오파마","6","0","외감","","","",""
"A950220","네오이뮨텍","12","0","외감","","","",""
"A950250","테라뷰","4","0","외감","","","",""
