"Code","Name","결산월","코스피200 구성종목여부(1:해당, 0:미해당)","상장된 시장","수정주가수익률","시가총액","","이전 시가총액"
"A000020","동화약품","12","0","KOSPI","0.38","219.54","","218.7"
"A000040","KR모터스","12","0","KOSPI","0.44","198.1","","197.22"
"A000050","경방","12","1","KOSPI","-0.5","542.82","","545.56"
"A000070","삼양홀딩스","12","1","KOSPI","-1.86","1584.39","","1614.37"
"A000080","하이트진로","12","1","KOSPI","-2.08","2149.6","","2195.18"
"A000100","유한양행","12","1","KOSPI","3.63","3184.05","","3072.53"
"A000120","CJ대한통운","12","1","KOSPI","-1.05","4300.13","","4345.75"
"A000140","하이트진로홀딩스","12","1","KOSPI","-3.85","377.11","","392.19"
"A000150","두산","12","1","KOSPI","-2.31","1799.52","","1842.06"
"A000180","성창기업지주","12","0","KOSPI","-2.81","301.33","","310.05"
"A0001A0","덕양에너젠","12","0","외감","","","",""
"A000210","DL","12","1","KOSPI","-5.29","2804.88","","2961.48"
"A000220","유유제약","12","0","KOSPI","1.1","84.72","","83.8"
"A000230","일동홀딩스","12","1","KOSPI","0","653.02","","653.02"
"A000240","한국앤컴퍼니","12","1","KOSPI","3.67","2102.26","","2027.84"
"A000250","삼천당제약","12","0","KOSDAQ","-0.47","180.94","","181.79"
"A000270","기아","12","1","KOSPI","0.74","19254.76","","19112.88"
"A000300","DH오토넥스","12","0","KOSPI","0.85","103.98","","103.1"
"A000320","노루홀딩스","12","0","KOSPI","-1.68","270.57","","275.19"
"A000370","한화손해보험","12","0","KOSPI","0","750.41","","750.41"
"A000390","SP삼화","12","0","KOSPI","0","273.23","","273.23"
"A000400","롯데손해보험","12","0","KOSPI","0.18","374.64","","373.97"
"A000430","대원강업","12","0","KOSPI","-1.3","282.1","","285.82"
"A000440","중앙에너비스","12","0","KOSDAQ","-0.34","36.24","","36.37"
"A000480","CR홀딩스","12","1","KOSPI","2.1","369.6","","362"
"A000490","대동","12","0","KOSPI","-0.36","194.81","","195.52"
"A0004V0","엔비알모션","12","0","외감","","","",""
"A000500","가온전선","12","0","KOSPI","0.26","79.46","","79.25"
"A000520","삼일제약","12","0","KOSPI","0","47.58","","47.58"
"A000540","흥국화재","12","0","KOSPI","0.38","252.47","","251.51"
"A000590","CS홀딩스","12","0","KOSPI","-3.03","84.85","","87.51"
"A000640","동아쏘시오홀딩스","12","1","KOSPI","3.01","1062.72","","1031.68"
"A000650","천일고속","12","0","KOSPI","3.15","112.34","","108.91"
"A000660","SK하이닉스","12","1","KOSPI","-2.34","21257.67","","21767.27"
"A000670","영풍","12","1","KOSPI","-1.9","1993.09","","2031.77"
"A000680","LS네트웍스","12","0","KOSPI","-0.3","260.04","","260.82"
"A000700","유수홀딩스","12","0","KOSPI","2.14","235.68","","230.73"
"A000720","현대건설","12","1","KOSPI","-8.91","4042.21","","4437.53"
"A000760","이화산업","12","0","KOSPI","-0.24","57.96","","58.1"
"A0007C0","아크릴","12","0","외감","","","",""
"A0007J0","인벤테라","12","0","외감","","","",""
"A000810","삼성화재","12","1","KOSPI","1.33","14401.95","","14212.45"
"A000850","화천기공","12","0","KOSPI","-3.32","121.88","","126.06"
"A000860","강남제비스코","12","0","KOSPI","1.33","247.33","","244.08"
"A000880","한화","12","1","KOSPI","-3.14","2773.47","","2863.42"
"A000890","보해양조","12","0","KOSPI","1.42","171.48","","169.08"
"A0008Z0","에스엔시스","12","0","외감","","","",""
"A000910","유니온","12","0","KOSPI","0.59","66.66","","66.27"
"A000950","전방","12","0","KOSPI","-0.58","85.68","","86.18"
"A000970","한국주철관","12","0","KOSPI","0.92","250.81","","248.53"
"A000990","DB하이텍","12","0","KOSPI","0.59","752.03","","747.6"
"A0009K0","에임드바이오","12","0","외감","","","",""
"A001000","신라섬유","12","0","KOSDAQ","0","118.96","","118.96"
"A001020","페이퍼코리아","12","0","KOSPI","-1.14","111.31","","112.59"
"A001040","CJ","12","1","KOSPI","2.84","6849.43","","6659.97"
"A001060","JW중외제약","12","0","KOSPI","-1.21","690.67","","699.1"
"A001070","대한방직","12","0","KOSPI","-1.68","55.97","","56.92"
"A001080","만호제강","6","0","KOSPI","-0.52","79.27","","79.68"
"A0010F0","보원케미칼","12","0","외감","","","",""
"A0010V0","제이피아이헬스케어","12","0","외감","","","",""
"A001120","LX인터내셔널","12","1","KOSPI","-4.55","1300.4","","1362.41"
"A001130","대한제분","12","0","KOSPI","0.54","312.65","","310.96"
"A0011A0","액스비스","12","0","외감","","","",""
"A0011T0","채비","12","0","외감","","","",""
"A001200","유진투자증권","12","0","KOSPI","-0.35","277.52","","278.49"
"A001210","금호전기","12","0","KOSPI","1.58","88.87","","87.49"
"A001230","동국홀딩스","12","1","KOSPI","0.32","595.04","","593.13"
"A001250","GS글로벌","12","0","KOSPI","-2.99","109.74","","113.12"
"A001260","남광토건","12","0","KOSPI","-0.92","105.8","","106.78"
"A001270","부국증권","12","0","KOSPI","-0.3","170.58","","171.1"
"A001290","상상인증권","12","0","KOSPI","-0.43","72.98","","73.3"
"A001340","PKC","12","0","KOSPI","-1.54","86.02","","87.37"
"A001360","삼성제약","12","0","KOSPI","-0.42","203.08","","203.94"
"A001380","SG글로벌","12","0","KOSPI","0.21","101.45","","101.24"
"A001390","KG케미칼","12","0","KOSPI","0.33","172.76","","172.18"
"A0013V0","삼진식품","12","0","외감","","","",""
"A001420","태원물산","12","0","KOSPI","-0.78","24.21","","24.4"
"A001430","세아베스틸지주","12","1","KOSPI","0.19","970.07","","968.28"
"A001440","대한전선","12","0","KOSPI","0.88","2403.99","","2383.01"
"A001450","현대해상","12","0","KOSPI","-0.74","2990.43","","3012.78"
"A001460","BYC","12","0","KOSPI","-1.9","322.93","","329.17"
"A001470","삼부토건","12","0","KOSPI","0","15.93","","15.93"
"A001500","현대차증권","12","0","KOSPI","-1.3","289.56","","293.37"
"A001510","SK증권","12","0","KOSPI","-0.43","368.13","","369.74"
"A001520","동양","12","0","KOSPI","2.04","774.53","","759.02"
"A001530","DI동일","12","0","KOSPI","-0.16","141.54","","141.77"
"A001540","안국약품","12","0","KOSDAQ","2.07","224.98","","220.42"
"A001550","조비","12","0","KOSPI","1.61","49.67","","48.89"
"A001560","제일연마","12","0","KOSPI","0.73","69.2","","68.7"
"A001570","금양","12","0","KOSPI","-5.63","95.63","","101.33"
"A0015G0","그린광학","12","0","외감","","","",""
"A0015N0","아로마티카","12","0","외감","","","",""
"A0015S0","페스카로","12","0","외감","","","",""
"A001620","케이비아이동국실업","12","0","KOSPI","-2.56","65.05","","66.76"
"A001630","종근당홀딩스","12","0","KOSPI","2.5","458.97","","447.78"
"A001680","대상","12","1","KOSPI","2.44","1083.96","","1058.16"
"A001720","신영증권","3","0","KOSPI","0.69","544.4","","540.65"
"A001740","SK네트웍스","12","1","KOSPI","2.5","1630.59","","1590.88"
"A001750","한양증권","12","0","KOSPI","0.14","93.55","","93.43"
"A001770","SHD","12","0","KOSPI","0.8","23.08","","22.9"
"A001780","알루코","12","0","KOSPI","-1.23","527.7","","534.26"
"A001790","대한제당","12","0","KOSPI","-2.71","205.97","","211.72"
"A0017J0","세미티에스","12","0","외감","","","",""
"A001800","오리온홀딩스","12","1","KOSPI","0.98","5557.76","","5503.98"
"A001810","무림SP","12","0","KOSDAQ","-1.35","80.69","","81.8"
"A001820","삼화콘덴서","12","0","KOSPI","1.69","125.26","","123.18"
"A001840","이화공영","12","0","KOSDAQ","-0.94","52.19","","52.68"
"A001940","KISCO홀딩스","12","0","KOSPI","-1.28","228","","230.95"
"A002020","코오롱","12","0","KOSPI","0.75","805.69","","799.66"
"A002030","아세아","12","0","KOSPI","1.46","227.87","","224.58"
"A002070","비비안","12","0","KOSPI","-0.32","64.22","","64.42"
"A002100","경농","12","0","KOSPI","-0.39","109.54","","109.98"
"A002140","고려산업","12","0","KOSPI","1.37","46.14","","45.51"
"A002150","도화엔지니어링","12","0","KOSPI","0.78","153.26","","152.08"
"A002170","SYTS","12","0","KOSPI","-0.62","144.6","","145.5"
"A002200","한국수출포장","12","0","KOSPI","-0.51","78.2","","78.6"
"A002210","동성제약","12","0","KOSPI","-0.19","119.19","","119.42"
"A002220","한일철강","12","0","KOSPI","0.26","38.96","","38.86"
"A002230","피에스텍","12","0","KOSDAQ","-0.84","110.66","","111.6"
"A002240","고려제강","12","1","KOSPI","-0.61","736.2","","740.7"
"A002290","삼일기업공사","12","0","KOSDAQ","0.59","31.56","","31.37"
"A002310","아세아제지","12","0","KOSPI","-0.29","151.36","","151.81"
"A002320","한진","12","0","KOSPI","2.97","519.1","","504.13"
"A002350","넥센타이어","12","1","KOSPI","-1.44","1320.9","","1340.18"
"A002360","SH에너지화학","12","0","KOSPI","-1.41","155.03","","157.25"
"A002380","KCC","12","1","KOSPI","0","4317.61","","4317.61"
"A002390","한독","12","0","KOSPI","0.75","424.42","","421.27"
"A002410","범양건영","12","0","KOSPI","-1.58","59.17","","60.12"
"A002420","세기상사","12","0","KOSPI","6.75","20.62","","19.32"
"A002450","삼익악기","12","0","KOSPI","-1.76","257.04","","261.66"
"A002460","HS화성","12","0","KOSPI","-1.1","167.46","","169.33"
"A002600","조흥","12","0","KOSPI","1.03","88.5","","87.6"
"A002620","제일파마홀딩스","12","0","KOSPI","5.71","742.5","","702.41"
"A002630","오리엔트바이오","3","0","KOSPI","-2.35","225.96","","231.4"
"A002680","한탑","12","0","KOSDAQ","-0.58","35.36","","35.57"
"A002690","동일제강","12","0","KOSPI","-1.86","51.45","","52.43"
"A002700","신일전자","12","0","KOSPI","-0.33","107.28","","107.64"
"A002710","TCC스틸","12","0","KOSPI","0.7","48.37","","48.04"
"A002720","국제약품","12","0","KOSPI","-0.94","69.92","","70.58"
"A002760","보락","12","0","KOSPI","-0.53","45.4","","45.64"
"A002780","진흥기업","12","0","KOSPI","2.66","382.17","","372.25"
"A002790","아모레퍼시픽홀딩스","12","1","KOSPI","6.57","12287.81","","11529.8"
"A002800","신신제약","12","0","외감","","","",""
"A002810","삼영무역","12","0","KOSPI","1.53","382.85","","377.09"
"A002820","SUN&L","12","0","KOSPI","1.9","166.54","","163.43"
"A002840","미원상사","12","0","KOSPI","0.84","162.02","","160.67"
"A002870","신풍","12","0","KOSPI","2.01","24.82","","24.33"
"A002880","디와이에이","12","0","KOSPI","-0.91","198.9","","200.73"
"A002900","TYM","12","0","KOSPI","1.91","87.29","","85.66"
"A002920","유성기업","12","0","KOSPI","-0.38","101.45","","101.84"
"A002960","한국쉘석유","12","1","KOSPI","1.05","624.65","","618.15"
"A002990","금호건설","12","0","KOSPI","-3.32","405.5","","419.42"
"A003000","부광약품","12","1","KOSPI","0","961.32","","961.32"
"A003010","혜인","12","0","KOSPI","0","42.65","","42.65"
"A003030","세아제강지주","12","1","KOSPI","0.46","393.6","","391.8"
"A003060","에이프로젠바이오로직스","12","0","KOSPI","-2.66","340.1","","349.38"
"A003070","코오롱글로벌","12","0","KOSPI","3.26","234.25","","226.85"
"A003080","SB성보","12","0","KOSPI","3.43","132.73","","128.33"
"A003090","대웅","12","0","KOSPI","0.3","768.64","","766.31"
"A003100","선광","12","0","KOSDAQ","1.08","124.08","","122.76"
"A003120","일성아이에스","12","0","KOSPI","0","291.27","","291.27"
"A003160","디아이","12","0","KOSPI","0.78","162.21","","160.95"
"A003200","일신방직","12","1","KOSPI","2.05","357.6","","350.4"
"A003220","대원제약","12","0","KOSPI","3.09","353.63","","343.02"
"A003230","삼양식품","12","0","KOSPI","0.2","186.44","","186.07"
"A003240","태광산업","12","1","KOSPI","0.2","1101.15","","1098.93"
"A003280","흥아해운","12","0","KOSPI","-1.29","129.19","","130.88"
"A003300","한일홀딩스","12","1","KOSPI","-0.44","679.08","","682.1"
"A003310","대주산업","12","0","KOSDAQ","-1.35","38.93","","39.46"
"A003350","한국화장품제조","12","0","KOSPI","3.61","136.64","","131.88"
"A003380","하림지주","12","0","외감","","","",""
"A003460","유화증권","12","0","KOSPI","0.33","173.51","","172.94"
"A003470","유안타증권","12","0","KOSPI","0.14","697.52","","696.53"
"A003480","한진중공업홀딩스","12","0","KOSPI","0.7","169.8","","168.62"
"A003490","대한항공","12","1","KOSPI","2.18","2214.33","","2166.98"
"A003520","영진약품","12","1","KOSPI","3.14","436.95","","423.62"
"A003530","한화투자증권","12","0","KOSPI","-0.14","307.58","","308"
"A003540","대신증권","12","0","KOSPI","2.16","601.66","","588.97"
"A003550","LG","12","1","KOSPI","1.49","11751.14","","11578.58"
"A003570","SNT다이내믹스","12","1","KOSPI","1.75","472.49","","464.37"
"A003580","HLB글로벌","12","0","KOSPI","29.9","42.2","","32.48"
"A003610","방림","9","0","KOSPI","-1.21","103.67","","104.94"
"A003620","KG모빌리티","12","1","KOSPI","0","1111.48","","1111.48"
"A003650","미창석유","12","0","KOSPI","-0.94","146.65","","148.05"
"A003670","포스코퓨처엠","12","0","KOSDAQ","-2.19","658.63","","673.4"
"A003680","한성기업","12","0","KOSPI","-0.34","47.82","","47.99"
"A003690","코리안리","12","0","KOSPI","-1.86","1588.87","","1618.96"
"A003720","삼영","12","0","KOSPI","0.25","67.83","","67.66"
"A003780","진양산업","12","0","KOSPI","0.14","47","","46.93"
"A003800","에이스침대","12","0","KOSDAQ","0","332.7","","332.7"
"A003830","대한화섬","12","0","KOSPI","0.73","127.62","","126.69"
"A003850","보령","12","0","KOSPI","-0.9","463.65","","467.87"
"A003920","남양유업","12","1","KOSPI","-0.37","576","","578.16"
"A003960","사조대림","12","0","KOSPI","-0.45","132.32","","132.92"
"A004000","롯데정밀화학","12","1","KOSPI","1.36","958.47","","945.57"
"A004020","현대제철","12","1","KOSPI","-3.27","7112.66","","7352.86"
"A004060","SG세계물산","12","0","KOSPI","3.24","258.09","","249.99"
"A004080","신흥","12","0","KOSPI","0","92.93","","92.93"
"A004090","한국석유","12","0","KOSPI","-4.21","67.16","","70.11"
"A004100","태양금속","12","0","KOSPI","-1.93","55.97","","57.07"
"A004140","동방","12","0","KOSPI","-0.43","50.26","","50.47"
"A004150","한솔홀딩스","12","1","KOSPI","1.93","361.59","","354.73"
"A004170","신세계","12","1","KOSPI","-0.69","2111.79","","2126.56"
"A004250","NPC","12","0","KOSPI","-1.96","275.77","","281.28"
"A004270","남성","12","0","KOSPI","0.24","75.14","","74.96"
"A004310","현대약품","11","0","KOSPI","-1.24","122.36","","123.9"
"A004360","세방","12","0","KOSPI","-0.31","314.73","","315.7"
"A004370","농심","12","1","KOSPI","2.51","2603.37","","2539.5"
"A004380","삼익THK","12","0","KOSPI","1.02","186.9","","185.01"
"A004410","서울식품","12","0","KOSPI","-0.62","53.33","","53.66"
"A004430","송원산업","12","0","KOSPI","-0.58","409.2","","411.6"
"A004440","삼일씨엔에스","12","0","외감","","","",""
"A004450","삼화왕관","12","0","KOSPI","0","88.33","","88.33"
"A004490","세방전지","12","1","KOSPI","0.12","568.4","","567.7"
"A004540","깨끗한나라","12","0","KOSPI","-0.77","192.85","","194.34"
"A004560","현대비앤지스틸","12","0","KOSPI","-4.04","161.34","","168.13"
"A004590","한국가구","12","0","KOSDAQ","1.38","66.08","","65.17"
"A004650","창해에탄올","12","0","KOSDAQ","-0.99","196.4","","198.36"
"A004690","삼천리","12","0","KOSPI","1.49","413.61","","407.53"
"A004700","조광피혁","12","1","KOSPI","3.95","279.93","","269.29"
"A004710","한솔테크닉스","12","1","KOSPI","2.37","430.04","","420.09"
"A004720","팜젠사이언스","12","0","KOSPI","0.47","79.76","","79.38"
"A004770","써니전자","12","0","KOSPI","0","126.21","","126.21"
"A004780","대륙제관","12","0","KOSDAQ","-1.27","110.85","","112.28"
"A004800","효성","12","1","KOSPI","1.1","4828.65","","4775.97"
"A004830","덕성","12","0","KOSPI","3.57","118.23","","114.15"
"A004840","DRB동일","12","0","KOSPI","0","229.63","","229.63"
"A004870","티웨이홀딩스","12","0","KOSPI","1.3","135.75","","134.01"
"A004890","동일산업","12","0","KOSPI","-0.94","153.27","","154.73"
"A004910","조광페인트","12","0","KOSPI","-0.4","159.36","","160"
"A004920","씨아이테크","12","0","KOSPI","-0.76","33.78","","34.04"
"A004960","한신공영","12","0","KOSPI","0.29","173.4","","172.9"
"A004970","신라교역","12","0","KOSPI","-0.61","260.8","","262.4"
"A004980","성신양회","12","0","KOSPI","-1.41","247.05","","250.58"
"A004990","롯데지주","12","1","KOSPI","0.04","3722.65","","3721.23"
"A005010","휴스틸","12","0","KOSPI","-0.98","104.82","","105.85"
"A005030","부산주공","12","0","KOSPI","-0.34","33","","33.11"
"A005070","코스모신소재","12","0","KOSPI","0","36.42","","36.42"
"A005090","SGC에너지","12","1","KOSPI","0.61","399.03","","396.61"
"A005110","한창","12","0","KOSPI","1.87","159.2","","156.27"
"A005160","동국산업","12","0","KOSDAQ","0.52","193.75","","192.75"
"A005180","빙그레","12","1","KOSPI","1","693.53","","686.63"
"A005250","녹십자홀딩스","12","0","KOSPI","0.78","1822.34","","1808.23"
"A005290","동진쎄미켐","12","0","KOSDAQ","-1.34","275.4","","279.15"
"A005300","롯데칠성","12","1","KOSPI","-2.38","2539.98","","2601.84"
"A005320","온타이드","12","0","KOSPI","-2.41","69.62","","71.34"
"A005360","모나미","12","0","KOSPI","-0.58","81.16","","81.64"
"A005380","현대차","12","1","KOSPI","-0.34","32270.5","","32380.64"
"A005420","코스모화학","12","0","KOSPI","-0.11","63.38","","63.44"
"A005430","한국공항","12","0","KOSPI","0.99","97.05","","96.1"
"A005440","현대지에프홀딩스","12","1","KOSPI","0.78","1890.58","","1875.93"
"A005490","POSCO홀딩스","12","1","KOSPI","-3.33","17698.93","","18309.24"
"A005500","삼진제약","12","0","KOSPI","0.59","354.45","","352.37"
"A005610","삼립","12","1","KOSPI","-0.4","2148.62","","2157.25"
"A005670","푸드웰","12","0","KOSDAQ","-1.51","41.68","","42.32"
"A005680","삼영전자","12","0","KOSPI","1.3","234","","231"
"A005690","파미셀","12","0","KOSPI","-2.41","301.05","","308.49"
"A005710","대원산업","12","0","KOSDAQ","0","104.01","","104.01"
"A005720","넥센","12","0","KOSPI","-0.13","405.51","","406.02"
"A005740","크라운해태홀딩스","12","1","KOSPI","3.95","853.17","","820.75"
"A005750","대림바스","12","0","KOSPI","6.62","249.58","","234.08"
"A005800","신영와코루","12","0","KOSPI","0.35","129.6","","129.15"
"A005810","풍산홀딩스","12","0","KOSPI","0.86","321.24","","318.5"
"A005820","원림","12","0","KOSPI","-1.42","45.76","","46.42"
"A005830","DB손해보험","12","1","KOSPI","0.97","5168.4","","5118.84"
"A005850","에스엘","12","1","KOSPI","0.6","565.55","","562.16"
"A005860","한일사료","12","0","KOSDAQ","2.38","61.79","","60.35"
"A005870","휴니드","12","0","KOSPI","-1.25","159.6","","161.62"
"A005880","대한해운","12","0","KOSPI","-0.31","394.49","","395.71"
"A005930","삼성전자","12","1","KOSPI","0.24","182207.09","","181771.88"
"A005940","NH투자증권","12","1","KOSPI","1.64","2794.39","","2749.36"
"A005950","이수화학","12","0","KOSPI","-0.64","238.34","","239.86"
"A005960","동부건설","12","0","KOSPI","-0.39","108.03","","108.46"
"A005990","매일홀딩스","12","0","KOSDAQ","-0.3","659.95","","661.96"
"A006040","동원산업","12","0","KOSPI","0.18","961.88","","960.19"
"A006050","국영지앤엠","12","0","KOSDAQ","1.44","58.11","","57.28"
"A006060","화승인더","12","0","KOSPI","5.03","450.3","","428.73"
"A006090","사조오양","12","0","KOSPI","-0.39","119.2","","119.67"
"A006110","삼아알미늄","12","0","KOSPI","0","33.61","","33.61"
"A006120","SK디스커버리","12","1","KOSPI","-2.05","1978.28","","2019.6"
"A006140","피제이전자","12","0","KOSDAQ","-0.56","70.7","","71.1"
"A006200","한국전자홀딩스","12","0","KOSPI","0.11","44.04","","43.99"
"A006220","제주은행","12","0","KOSPI","-2.12","183.89","","187.87"
"A006260","LS","12","1","KOSPI","0.34","1410.36","","1405.53"
"A006280","녹십자","12","1","KOSPI","2.49","2162.01","","2109.42"
"A006340","대원전선","12","0","KOSPI","1.93","162.1","","159.03"
"A006360","GS건설","12","0","KOSPI","-6.26","1860.2","","1984.45"
"A006370","대구백화점","12","0","KOSPI","0","158","","158"
"A006380","카프로","12","0","KOSPI","-2.68","116","","119.2"
"A006400","삼성SDI","12","1","KOSPI","0.1","6759.55","","6752.68"
"A006490","프리티","12","0","KOSPI","2.25","188.42","","184.27"
"A006570","대림통상","12","0","KOSPI","5.51","81.61","","77.34"
"A006620","동구바이오제약","12","0","외감","","","",""
"A006650","대한유화","12","1","KOSPI","-2.3","1517.75","","1553.5"
"A006660","삼성공조","12","0","KOSPI","0","82.08","","82.08"
"A006730","서부T&D","12","0","KOSDAQ","0.7","741.58","","736.43"
"A006740","블루산업개발","12","0","KOSPI","0.61","54.83","","54.5"
"A006800","미래에셋증권","12","1","KOSPI","1.22","2714.88","","2682.21"
"A006840","AK홀딩스","12","0","KOSPI","-2.31","728.62","","745.84"
"A006880","신송홀딩스","12","0","KOSPI","0.22","107.64","","107.41"
"A006890","태경케미컬","12","0","KOSPI","2.52","75.4","","73.54"
"A006910","보성파워텍","12","0","KOSDAQ","2.03","190.41","","186.62"
"A006920","모헨즈","12","0","KOSDAQ","1.37","52.42","","51.71"
"A006980","우성","12","0","KOSPI","0.15","101.35","","101.2"
"A007070","GS리테일","12","1","KOSPI","1.66","3780.7","","3719.1"
"A007110","일신석재","12","0","KOSPI","-0.4","95.66","","96.05"
"A007120","미래아이앤지","12","0","KOSPI","-3.52","135.51","","140.45"
"A007160","사조산업","12","0","KOSPI","-0.16","319.5","","320"
"A007210","벽산","12","0","KOSPI","5.59","543.68","","514.89"
"A007280","한국특강","12","0","KOSPI","-2.58","11.35","","11.65"
"A007310","오뚜기","12","1","KOSPI","1.27","3553.52","","3508.8"
"A007330","푸른저축은행","12","0","KOSDAQ","0.7","86.42","","85.82"
"A007340","DN오토모티브","12","1","KOSPI","1.58","610.97","","601.48"
"A007370","진양제약","12","0","KOSDAQ","2.08","58.86","","57.66"
"A007390","네이처셀","12","0","KOSDAQ","-1.29","299.83","","303.76"
"A007460","에이프로젠","12","0","KOSPI","-3.14","39.44","","40.72"
"A007530","와이엠","12","0","KOSDAQ","-0.16","19.63","","19.67"
"A007540","샘표","12","0","KOSPI","-1.75","199.09","","202.65"
"A007570","일양약품","12","1","KOSPI","-0.99","954.2","","963.73"
"A007590","동방아그로","12","0","KOSPI","-0.3","89.2","","89.47"
"A007610","선도전기","12","0","KOSPI","-0.42","42.84","","43.02"
"A007660","이수페타시스","12","0","KOSPI","0","219.55","","219.55"
"A007680","대원","12","0","외감","","","",""
"A007690","국도화학","12","1","KOSPI","-2.88","352.7","","363.16"
"A007700","F&F홀딩스","12","0","KOSPI","1.01","230.23","","227.92"
"A007720","소노스퀘어","12","0","KOSDAQ","-0.91","109.87","","110.88"
"A007770","한일화학","12","0","KOSDAQ","-0.85","40.89","","41.24"
"A007810","코리아써키트","12","0","KOSPI","-1.3","268.1","","271.64"
"A007820","엠엑스로보틱스","12","0","KOSDAQ","0.86","89.53","","88.76"
"A007860","서연","12","1","KOSPI","0","268.7","","268.7"
"A007980","TP","12","0","KOSPI","-0.65","183.05","","184.24"
"A008040","사조동아원","12","0","KOSPI","0.56","117.98","","117.32"
"A008060","대덕","12","1","KOSPI","0.24","404.03","","403.06"
"A008250","이건산업","12","0","KOSPI","-1.24","111.54","","112.95"
"A008260","NI스틸","12","0","KOSPI","0.39","73.06","","72.77"
"A008290","원풍물산","12","0","KOSDAQ","-1.25","204.14","","206.72"
"A0082N0","카나프테라퓨틱스","12","0","외감","","","",""
"A008350","남선알미늄","12","0","KOSPI","-0.42","130.56","","131.11"
"A008370","원풍","12","0","KOSDAQ","1.54","47.58","","46.86"
"A008420","문배철강","12","0","KOSPI","-0.41","49.82","","50.03"
"A008470","부스타","12","0","KOSDAQ","-1.99","45.64","","46.56"
"A008490","서흥","12","1","KOSPI","2","502.68","","492.84"
"A008500","일정실업","12","0","KOSPI","0.17","35.28","","35.22"
"A008600","윌비스","12","0","KOSPI","-3.7","133.67","","138.8"
"A008700","아남전자","12","0","KOSPI","0.85","91.78","","91.01"
"A008730","율촌화학","12","0","KOSPI","2.52","302.56","","295.12"
"A008770","호텔신라","12","1","KOSPI","-0.14","2770.92","","2774.84"
"A008830","대동기어","12","0","KOSDAQ","0.2","22.24","","22.2"
"A008870","금비","9","0","KOSPI","1.62","62.6","","61.6"
"A0088M0","메쥬","12","0","외감","","","",""
"A008930","한미사이언스","12","0","KOSPI","1.37","8597.82","","8481.24"
"A008970","KBI동양철관","12","0","KOSPI","1.54","107.11","","105.48"
"A009070","KCTC","12","0","KOSPI","-2.97","102.75","","105.9"
"A009140","경인전자","12","0","KOSPI","-0.25","31.1","","31.18"
"A009150","삼성전기","12","1","KOSPI","0.35","4324.76","","4309.83"
"A009160","SIMPAC","12","0","KOSPI","0","158.8","","158.8"
"A009180","한솔로지스틱스","12","0","KOSPI","0","47.62","","47.62"
"A009190","대양금속","12","0","KOSPI","11.92","42.8","","38.25"
"A009200","무림페이퍼","12","0","KOSPI","1.59","133.15","","131.07"
"A009240","한샘","12","1","KOSPI","0.65","5448.1","","5412.8"
"A009270","신원","12","0","KOSPI","0.3","105.4","","105.08"
"A009290","광동제약","12","1","KOSPI","0.94","560.9","","555.66"
"A009300","삼아제약","12","0","KOSDAQ","-1.29","97.14","","98.42"
"A009310","참엔지니어링","12","0","KOSPI","0","70.34","","70.34"
"A009320","아진전자부품","12","0","KOSPI","-1.59","53.35","","54.22"
"A009410","태영건설","12","0","KOSPI","0.52","440.06","","437.77"
"A009420","한올바이오파마","12","0","KOSPI","3.03","876.09","","850.32"
"A009440","KC그린홀딩스","12","0","KOSPI","-1.01","175.89","","177.69"
"A009450","경동나비엔","12","0","KOSPI","-1.49","421.68","","428.05"
"A009460","한창제지","12","0","KOSPI","1.56","58.18","","57.28"
"A009470","삼화전기","12","0","KOSPI","1.17","28.6","","28.27"
"A009520","포스코엠텍","12","0","KOSDAQ","-1.2","103.27","","104.52"
"A009540","HD한국조선해양","12","1","KOSPI","-6.09","8208","","8740"
"A009580","무림P&P","12","1","KOSPI","1.82","278.79","","273.8"
"A009620","삼보산업","12","0","KOSDAQ","-2.67","38.22","","39.27"
"A009680","모토닉","12","1","KOSPI","1.9","353.1","","346.5"
"A009730","이렘","12","0","KOSDAQ","1.69","50.16","","49.33"
"A009770","삼정펄프","12","0","KOSPI","0.14","91.25","","91.12"
"A009780","엠에스씨","12","0","KOSDAQ","7.49","78.32","","72.86"
"A009810","플레이그램","12","0","KOSPI","4.74","43.57","","41.59"
"A009830","한화솔루션","12","1","KOSPI","0","3963.67","","3963.67"
"A009900","명신산업","12","0","외감","","","",""
"A009970","영원무역홀딩스","12","0","KOSPI","1.93","934.04","","916.31"
"A010040","한국내화","12","0","KOSPI","-1.32","68.36","","69.28"
"A010060","OCI홀딩스","12","1","KOSPI","0","2184.6","","2184.6"
"A010100","한국무브넥스","12","0","KOSPI","-0.34","90.44","","90.74"
"A010120","LS ELECTRIC","12","1","KOSPI","0.23","1308","","1305"
"A010130","고려아연","12","1","KOSPI","0","9151.95","","9151.95"
"A010140","삼성중공업","12","1","KOSPI","-2.89","2712.79","","2793.59"
"A010170","대한광통신","12","0","KOSDAQ","1.65","58","","57.06"
"A010240","흥국","12","0","KOSDAQ","0.12","26.77","","26.74"
"A010280","아이티센엔텍","12","0","KOSDAQ","-0.69","58.27","","58.67"
"A010400","우진아이엔에스","12","0","외감","","","",""
"A010470","오리콤","12","0","KOSDAQ","-0.13","86.56","","86.68"
"A010580","에스엠벡셀","12","0","KOSPI","1.36","30.9","","30.48"
"A010640","진양폴리","12","0","KOSPI","0","23","","23"
"A010660","화천기계","12","0","KOSPI","0.4","54.78","","54.56"
"A010690","화신","12","1","KOSPI","-0.31","223.84","","224.54"
"A010770","평화홀딩스","12","0","KOSPI","0.57","51.63","","51.34"
"A010780","아이에스동서","12","1","KOSPI","-2.62","1164.44","","1195.8"
"A010820","퍼스텍","12","0","KOSPI","-2.32","226.58","","231.95"
"A010950","S-Oil","12","1","KOSPI","-0.12","9524.5","","9535.76"
"A010960","삼호개발","12","0","KOSPI","-0.56","89.25","","89.75"
"A011000","진원생명과학","12","0","KOSPI","-2.68","233.28","","239.72"
"A011040","경동제약","12","0","KOSDAQ","0","230.99","","230.99"
"A011070","LG이노텍","12","1","KOSPI","-0.96","1962","","1980.94"
"A011080","형지I&C","12","0","KOSDAQ","0.9","54.72","","54.23"
"A011090","에넥스","12","0","KOSPI","1.83","250.77","","246.27"
"A011150","CJ씨푸드","12","0","KOSPI","0.14","126.3","","126.12"
"A011170","롯데케미칼","12","1","KOSPI","-3.28","10608.24","","10968.13"
"A011200","HMM","12","0","KOSPI","2.74","559.96","","545.04"
"A011210","현대위아","12","1","KOSPI","0","2882.68","","2882.68"
"A011230","삼화전자","12","0","KOSPI","-0.31","23.12","","23.19"
"A011280","태림포장","12","0","KOSPI","-0.93","227.29","","229.41"
"A011300","우성머티리얼스","12","0","KOSPI","-0.64","53.39","","53.73"
"A011320","유니크","12","0","KOSDAQ","-0.31","62.12","","62.31"
"A011330","유니켐","12","0","KOSPI","0","83.91","","83.91"
"A011370","서한","12","0","KOSDAQ","-2.08","166.48","","170.01"
"A011390","부산산업","12","0","KOSPI","0.61","34.8","","34.58"
"A011420","갤럭시아에스엠","12","0","KOSPI","0.78","88.43","","87.75"
"A011500","한농화성","12","0","KOSPI","0","63.8","","63.8"
"A011560","세보엠이씨","12","0","KOSDAQ","0.74","72.13","","71.6"
"A011690","와이투솔루션","12","0","KOSPI","-2.42","90.44","","92.68"
"A011700","한신기계","12","0","KOSPI","0","81.28","","81.28"
"A011760","현대코퍼레이션","12","0","KOSPI","-1.12","291.7","","295.01"
"A011780","금호석유화학","12","1","KOSPI","-3.49","1767.13","","1831.11"
"A011790","SKC","12","1","KOSPI","-1.49","1094.72","","1111.27"
"A0117P0","피스피스스튜디오","12","0","외감","","","",""
"A011810","STX","12","0","KOSPI","-0.16","94.72","","94.87"
"A011930","신성이엔지","12","0","KOSPI","-6.08","128.39","","136.7"
"A012030","DB","12","0","KOSPI","-1.82","108","","110"
"A0120G0","삼양바이오팜","12","0","외감","","","",""
"A012160","영흥","12","0","KOSPI","0.22","182.25","","181.86"
"A012170","아센디오","12","0","KOSPI","-7.04","94.3","","101.45"
"A012200","계양전기","12","0","KOSPI","-0.63","153.71","","154.69"
"A012210","삼미금속","12","0","외감","","","",""
"A012280","영화금속","12","0","KOSPI","-1.18","76.13","","77.04"
"A012320","경동인베스트","12","0","KOSPI","-0.5","277.39","","278.78"
"A012330","현대모비스","12","1","KOSPI","0","24092.61","","24092.61"
"A012340","뉴인텍","12","0","KOSDAQ","5.23","61.38","","58.33"
"A012450","한화에어로스페이스","12","1","KOSPI","-2.8","2029.57","","2088.01"
"A012510","더존비즈온","12","0","KOSPI","-1.06","694.34","","701.76"
"A012610","경인양행","12","0","KOSPI","-0.69","146.44","","147.45"
"A012620","원일특강","12","0","KOSDAQ","-1.32","49.5","","50.16"
"A012630","HDC","12","1","KOSPI","0","3226.44","","3226.44"
"A012690","모나리자","12","0","KOSPI","3.97","158.17","","152.14"
"A0126Z0","삼성에피스홀딩스","12","0","외감","","","",""
"A012700","리드코프","12","0","KOSDAQ","6.34","278.19","","261.61"
"A012750","에스원","12","1","KOSPI","0.88","3488.32","","3457.93"
"A012790","신일제약","12","0","KOSDAQ","0.35","112.18","","111.79"
"A012800","대창","12","0","KOSPI","1.43","90.68","","89.41"
"A012860","모베이스전자","12","0","KOSDAQ","0.14","99.09","","98.96"
"A013000","세우글로벌","12","0","KOSPI","3.55","51.88","","50.11"
"A013030","하이록코리아","12","0","KOSDAQ","-1.83","365.52","","372.32"
"A013120","동원개발","12","0","KOSDAQ","-0.32","427.25","","428.61"
"A013310","아진산업","12","0","KOSDAQ","3.35","97.26","","94.11"
"A013360","일성건설","12","0","KOSPI","0","65.69","","65.69"
"A013520","화승코퍼레이션","12","0","KOSPI","-2.75","285.68","","293.75"
"A013570","디와이","12","0","KOSPI","1.48","162.66","","160.29"
"A013580","계룡건설","12","0","KOSPI","0","92.43","","92.43"
"A013700","까뮤이앤씨","12","0","KOSPI","-0.38","58.47","","58.7"
"A013720","청보","12","0","KOSDAQ","-1.18","20.72","","20.97"
"A013810","스페코","12","0","KOSDAQ","-0.36","76.56","","76.83"
"A013870","지엠비코리아","12","0","KOSPI","0.43","88.21","","87.83"
"A013890","지누스","12","0","K-OTC","0","49.8","","49.8"
"A013990","아가방컴퍼니","12","0","KOSDAQ","-1.62","319.01","","324.27"
"A014100","메디앙스","12","0","KOSDAQ","-1.81","208.45","","212.3"
"A014130","한익스프레스","12","0","KOSPI","0.74","163.2","","162"
"A014160","대영포장","12","0","KOSPI","2.39","110.66","","108.08"
"A014190","원익큐브","12","0","KOSDAQ","6.09","78.77","","74.25"
"A014280","금강공업","12","0","KOSPI","-2.65","178.21","","183.07"
"A014440","영보화학","12","0","KOSPI","1.12","90.4","","89.4"
"A014470","부방","12","0","KOSDAQ","2","203.24","","199.25"
"A014530","극동유화","12","0","KOSPI","0.64","137.04","","136.17"
"A014570","고려제약","12","0","KOSDAQ","-0.93","58.52","","59.07"
"A014580","태경비케이","12","0","KOSPI","0.6","69.37","","68.96"
"A014620","성광벤드","12","0","KOSDAQ","0","301.73","","301.73"
"A014680","한솔케미칼","12","1","KOSPI","2.87","648.34","","630.27"
"A014710","사조씨푸드","12","0","KOSPI","-0.85","119.84","","120.87"
"A014790","HL D&I","12","0","KOSPI","-2.04","144.53","","147.55"
"A014820","동원시스템즈","12","1","KOSPI","3.07","1938.4","","1880.61"
"A014830","유니드","12","1","KOSPI","-1.17","412.49","","417.38"
"A014910","성문전자","12","0","KOSPI","0.21","39.15","","39.07"
"A014940","오리엔탈정공","12","0","KOSDAQ","-2.17","118.8","","121.44"
"A014950","삼익제약","12","0","외감","","","",""
"A014970","삼륭물산","12","0","KOSDAQ","0.78","97.71","","96.95"
"A014990","인디에프","12","0","KOSPI","-0.63","139.08","","139.97"
"A015020","이스타코","12","0","KOSPI","9.97","68.56","","62.35"
"A015230","대창단조","12","0","KOSPI","-1.64","84","","85.4"
"A015260","에이엔피","12","0","KOSPI","0","74.49","","74.49"
"A015360","INVENI","12","0","KOSPI","-1.07","221.7","","224.1"
"A015590","DKME","12","0","KOSPI","-1.69","54.08","","55.01"
"A015710","코콤","12","0","KOSDAQ","0.45","194.59","","193.71"
"A015750","성우하이텍","12","0","KOSDAQ","-1.25","520.2","","526.8"
"A015760","한국전력","12","1","KOSPI","2.05","38389.45","","37619.09"
"A015860","일진홀딩스","12","0","KOSPI","-0.9","545.29","","550.22"
"A015890","태경산업","12","0","KOSPI","0","148.19","","148.19"
"A016090","대현","12","0","KOSPI","-2.01","143.32","","146.26"
"A016100","리더스코스메틱","12","0","KOSDAQ","2.71","645.82","","628.78"
"A016250","SGC E&C","12","0","KOSDAQ","-1.16","309.4","","313.04"
"A016360","삼성증권","12","1","KOSPI","1.13","3065.05","","3030.65"
"A016380","KG스틸","12","0","KOSPI","0","50","","50"
"A016450","한세예스24홀딩스","12","0","KOSPI","2.28","986","","964"
"A016580","환인제약","12","0","KOSPI","1.57","301.32","","296.67"
"A016590","신대양제지","12","0","KOSPI","-0.42","90.73","","91.12"
"A016600","큐캐피탈","12","0","KOSDAQ","-0.57","47.67","","47.94"
"A016610","DB증권","12","0","KOSPI","-0.51","166.39","","167.24"
"A016670","디모아","12","0","KOSDAQ","-3.41","95.51","","98.89"
"A016710","대성홀딩스","12","0","KOSPI","1.09","149.47","","147.86"
"A016740","두올","12","0","외감","","","",""
"A016790","현대사료","12","0","외감","","","",""
"A016800","퍼시스","12","0","KOSPI","-0.42","411.13","","412.85"
"A016880","웅진","12","0","KOSPI","0","195.53","","195.53"
"A016920","카스","12","0","KOSDAQ","0.54","29.92","","29.76"
"A017000","신원종합개발","12","0","KOSDAQ","-0.37","54.27","","54.47"
"A017040","광명전기","12","0","KOSPI","0.24","89.28","","89.06"
"A017180","명문제약","12","0","KOSPI","-2.59","81.68","","83.85"
"A017250","인터엠","9","0","KOSDAQ","0","50.21","","50.21"
"A017370","우신시스템","12","0","KOSPI","-0.85","65.95","","66.52"
"A017390","서울가스","12","0","KOSPI","-1.46","404.5","","410.5"
"A017480","삼현철강","12","0","KOSDAQ","-0.26","59.51","","59.67"
"A017510","세명전기","12","0","KOSDAQ","0.17","45.89","","45.81"
"A017550","수산세보틱스","12","0","KOSPI","-0.65","115.28","","116.04"
"A017650","대림제지","12","0","KOSDAQ","-0.1","44.55","","44.6"
"A017670","SK텔레콤","12","1","KOSPI","1.16","17602.56","","17400.7"
"A017800","현대엘리베이터","12","1","KOSPI","-1.33","1283.35","","1300.6"
"A017810","풀무원","12","0","KOSPI","-0.28","678.02","","679.92"
"A017860","DS단석","12","0","외감","","","",""
"A017890","한국알콜","12","0","KOSDAQ","-1.43","149.3","","151.46"
"A017900","광전자","12","0","KOSPI","1.6","128.92","","126.9"
"A017940","E1","12","0","KOSPI","-0.69","397.88","","400.62"
"A017960","한국카본","12","0","KOSPI","-0.28","289.44","","290.26"
"A018000","유니슨","12","0","KOSDAQ","4.17","94.01","","90.25"
"A018120","진로발효","12","0","KOSDAQ","0","247.16","","247.16"
"A018250","애경산업","12","0","외감","","","",""
"A018260","삼성에스디에스","12","1","KOSPI","-2.86","14430.96","","14856.54"
"A018290","브이티","12","0","KOSDAQ","0","44.02","","44.02"
"A018310","삼목에스폼","12","0","KOSDAQ","-3.64","207.27","","215.11"
"A018470","조일알미늄","12","0","KOSPI","2.5","156.95","","153.12"
"A018500","동원모빌리티","3","0","KOSPI","0","86.41","","86.41"
"A018620","우진비앤지","12","0","KOSDAQ","5.02","57.14","","54.41"
"A018670","SK가스","12","0","KOSPI","-0.13","694.03","","694.91"
"A018680","서울제약","12","0","KOSDAQ","-2.3","105.7","","108.19"
"A018700","졸스","12","0","KOSDAQ","1.65","31.94","","31.43"
"A018880","한온시스템","12","1","KOSPI","0","5097.79","","5097.79"
"A019010","베뉴지","12","0","KOSDAQ","0","51.57","","51.57"
"A019170","신풍제약","12","0","KOSPI","-0.63","213.43","","214.79"
"A019180","티에이치엔","12","0","KOSPI","2.47","33.57","","32.76"
"A019210","와이지-원","12","0","KOSDAQ","0","253.34","","253.34"
"A019490","엑시큐어하이트론","12","0","KOSPI","1.24","36.06","","35.62"
"A019540","일지테크","12","0","KOSDAQ","-1.3","92.16","","93.38"
"A019550","SBI인베스트먼트","12","0","KOSDAQ","-0.71","90.76","","91.41"
"A019570","GMI벤처","12","0","KOSDAQ","30","39.67","","30.52"
"A019660","글로본","12","0","KOSDAQ","-0.53","130.76","","131.46"
"A019680","대교","12","1","KOSPI","3.6","876.67","","846.18"
"A019770","서연탑메탈","12","0","KOSDAQ","0.55","42.76","","42.52"
"A019990","에너토크","12","0","KOSDAQ","-0.32","36.88","","37"
"A020000","한섬","12","1","KOSPI","0.77","967.96","","960.57"
"A020120","키다리스튜디오","12","0","KOSPI","0.14","54.7","","54.62"
"A020150","롯데에너지머티리얼즈","12","1","KOSPI","0.39","503.72","","501.76"
"A020180","대신정보통신","3","0","KOSDAQ","7.84","42.27","","39.2"
"A020400","대동금속","12","0","KOSDAQ","0.57","16.8","","16.7"
"A020560","아시아나항공","12","0","KOSPI","0","985.26","","985.26"
"A020710","시공테크","12","0","KOSDAQ","-2.55","137.73","","141.34"
"A020760","일진디스플","12","0","KOSPI","0.32","133.22","","132.79"
"A021040","대호특수강","12","0","KOSDAQ","-2.38","61.64","","63.14"
"A021050","서원","12","0","KOSPI","-0.5","55.95","","56.23"
"A021080","에이티넘인베스트","12","0","KOSDAQ","1.07","90.96","","90"
"A021240","코웨이","12","1","KOSPI","2.75","7496.53","","7296.01"
"A021320","KCC건설","12","0","KOSDAQ","-1.36","170.34","","172.7"
"A021650","한국큐빅","12","0","KOSDAQ","1.82","49.85","","48.96"
"A021820","세원정공","6","0","KOSPI","-0.51","194","","195"
"A021880","메이슨캐피탈","3","0","KOSDAQ","-2.03","22.16","","22.62"
"A022100","포스코DX","12","0","KOSDAQ","0.95","729.01","","722.16"
"A022220","티케이지애강","12","0","KOSDAQ","-0.68","113.95","","114.72"
"A023000","삼원강재","12","0","KOSPI","0.57","141.4","","140.6"
"A023150","MH에탄올","12","0","KOSPI","-1.56","60.5","","61.46"
"A023160","태광","12","0","KOSDAQ","0","271.63","","271.63"
"A023350","한국종합기술","12","0","KOSPI","-0.18","59.57","","59.68"
"A023410","유진기업","12","0","KOSDAQ","0.89","335.59","","332.63"
"A023440","제이스코홀딩스","12","0","KOSDAQ","0.28","40.11","","39.99"
"A023450","동남합성","12","0","KOSPI","0.12","53.83","","53.76"
"A023530","롯데쇼핑","12","1","KOSPI","2.78","8738.72","","8502.54"
"A023590","다우기술","12","0","KOSPI","2.49","1016.23","","991.55"
"A023600","삼보판지","12","0","KOSDAQ","0.84","101.36","","100.52"
"A023760","한국캐피탈","12","0","KOSDAQ","0.39","131.2","","130.7"
"A023770","플레이위드","12","0","KOSDAQ","-4.67","35.23","","36.95"
"A023790","동일스틸럭스","12","0","KOSDAQ","1.03","17.96","","17.78"
"A023800","인지컨트롤스","12","0","KOSPI","0.56","81.71","","81.26"
"A023810","인팩","12","0","KOSPI","-0.63","63.6","","64"
"A023900","풍국주정","12","0","KOSDAQ","0.41","83.24","","82.91"
"A023910","대한약품","12","0","KOSDAQ","2.57","155.7","","151.8"
"A023960","에쓰씨엔지니어링","12","0","KOSPI","-3.66","50.88","","52.82"
"A024060","흥구석유","12","0","KOSDAQ","-0.16","46.73","","46.8"
"A024070","WISCOM","12","0","KOSPI","-0.34","65.89","","66.11"
"A024090","디씨엠","12","0","KOSPI","-2.31","123.44","","126.36"
"A024110","기업은행","12","1","KOSPI","0.8","7010.66","","6955.02"
"A024120","KB오토시스","12","0","KOSDAQ","-0.55","62.45","","62.79"
"A024720","콜마홀딩스","12","0","KOSPI","3.46","825.72","","798.09"
"A024740","한일단조","12","0","KOSDAQ","-0.66","42.58","","42.87"
"A024800","유성티엔에스","12","0","KOSDAQ","0","88.17","","88.17"
"A024830","세원물산","12","0","KOSDAQ","0.91","74.31","","73.65"
"A024840","KBI메탈","12","0","KOSDAQ","1.31","65.85","","65"
"A024850","HLB이노베이션","12","0","KOSDAQ","2.55","21.84","","21.3"
"A024880","케이피에프","12","0","KOSDAQ","-0.26","58.06","","58.21"
"A024890","대원화성","12","0","KOSPI","-0.82","124.98","","126.02"
"A024900","디와이덕양","12","0","KOSPI","0.27","59.59","","59.43"
"A024910","경창산업","12","0","KOSDAQ","0.38","93.07","","92.72"
"A024940","PN풍년","12","0","KOSDAQ","-2.75","38.9","","40"
"A024950","삼천리자전거","12","0","KOSDAQ","-2.29","254.85","","260.83"
"A025000","KPX케미칼","12","0","KOSPI","-0.71","236.68","","238.37"
"A025320","시노펙스","12","0","KOSDAQ","0.93","105.18","","104.22"
"A025440","DH오토웨어","12","0","KOSDAQ","0.12","56.65","","56.59"
"A025530","SJM홀딩스","12","0","KOSPI","-0.37","81.39","","81.69"
"A025540","한국단자","12","1","KOSPI","2.41","1016.5","","992.55"
"A025550","한국선재","12","0","KOSDAQ","-1.05","103.73","","104.83"
"A025560","미래산업","12","0","KOSPI","-0.24","204.92","","205.42"
"A025620","차AI헬스케어","12","0","KOSPI","-1.18","47.98","","48.55"
"A025750","한솔홈데코","12","0","KOSPI","-0.91","124.44","","125.58"
"A025770","한국정보통신","12","0","KOSDAQ","-1.98","481.28","","490.98"
"A025820","이구산업","12","0","KOSPI","0.38","44.48","","44.31"
"A025860","남해화학","12","1","KOSPI","1.44","454.56","","448.1"
"A025870","신라에스지","12","0","KOSDAQ","-2.49","26.64","","27.32"
"A025880","케이씨피드","12","0","KOSDAQ","-2","33.48","","34.16"
"A025890","한국주강","12","0","KOSPI","-2.3","31.27","","32.01"
"A025900","동화기업","12","0","KOSDAQ","0.69","628.83","","624.52"
"A025950","동신건설","12","0","KOSDAQ","-0.91","41.24","","41.62"
"A025980","아난티","12","0","KOSDAQ","4.83","572.13","","545.79"
"A026040","제이에스티나","12","0","KOSDAQ","0.85","196.4","","194.74"
"A026150","특수건설","12","0","KOSDAQ","1.97","36.18","","35.48"
"A026890","스틱인베스트먼트","12","0","KOSPI","0.23","181.72","","181.3"
"A026910","광진실업","12","0","KOSDAQ","1.12","23.12","","22.87"
"A026940","부국철강","12","0","KOSPI","0.19","53.8","","53.7"
"A026960","동서","12","0","KOSDAQ","2.58","3364.88","","3280.13"
"A027040","서울전자통신","12","0","KOSDAQ","4.19","67.81","","65.08"
"A027050","코리아나","12","0","KOSDAQ","4.41","388","","371.6"
"A027360","아주IB투자","12","0","외감","","","",""
"A027410","BGF","12","0","KOSPI","-3.71","4174.41","","4335.44"
"A027580","상보","12","0","KOSDAQ","1.46","97.85","","96.44"
"A027710","팜스토리","12","0","KOSDAQ","-1.52","104.27","","105.87"
"A027740","마니커","12","0","KOSPI","-0.9","82.54","","83.29"
"A027830","대성창투","12","0","KOSDAQ","0.5","81.2","","80.8"
"A027970","한국제지","12","0","KOSPI","0","33.07","","33.07"
"A028050","삼성E&A","12","1","KOSPI","4.52","1950.2","","1865.92"
"A028080","휴맥스홀딩스","12","0","KOSDAQ","0.13","94.71","","94.58"
"A028100","동아지질","12","0","KOSPI","0","90.05","","90.05"
"A028260","삼성물산","12","1","KOSPI","-0.67","28168.97","","28358.66"
"A028300","HLB","12","0","KOSDAQ","-0.29","611.88","","613.66"
"A028670","팬오션","12","0","KOSPI","0.28","1892.15","","1886.85"
"A029460","케이씨","12","0","KOSPI","3.46","449.14","","434.11"
"A029480","광무","12","0","KOSDAQ","-1.79","55.6","","56.61"
"A029530","신도리코","12","1","KOSPI","0.93","494.43","","489.89"
"A029780","삼성카드","12","1","KOSPI","0","4252.02","","4252.02"
"A030000","제일기획","12","1","KOSPI","0.57","2036.23","","2024.73"
"A030190","NICE평가정보","12","0","KOSDAQ","0.37","493","","491.18"
"A030200","KT","12","1","KOSPI","0.17","7533.08","","7520.02"
"A030210","다올투자증권","12","0","KOSPI","-1.57","170.69","","173.4"
"A030350","드래곤플라이","12","0","KOSDAQ","-1.69","90.25","","91.79"
"A030520","한컴","12","0","KOSDAQ","0.25","467.41","","466.26"
"A030530","원익홀딩스","12","0","KOSDAQ","-0.86","929.78","","937.83"
"A030610","교보증권","12","0","KOSPI","1.54","357.12","","351.72"
"A030720","동원수산","12","0","KOSPI","-2.68","44.25","","45.47"
"A030960","양지사","6","0","KOSDAQ","-1.98","126.72","","129.28"
"A031210","서울보증보험","12","0","외감","","","",""
"A031310","아이즈비전","12","0","KOSDAQ","-0.66","47.71","","48.03"
"A031330","에스에이엠티","12","0","KOSDAQ","-0.27","149.19","","149.59"
"A031430","신세계인터내셔날","12","0","KOSPI","2.79","658.31","","640.46"
"A031440","신세계푸드","12","0","KOSPI","-2.41","547.96","","561.51"
"A031510","오스템","12","0","KOSDAQ","0.22","58.37","","58.24"
"A031820","아이티센씨티에스","12","0","KOSPI","-0.32","48.89","","49.05"
"A031860","디에이치엑스컴퍼니","12","0","KOSDAQ","-2.31","46.26","","47.35"
"A031980","피에스케이홀딩스","12","0","KOSDAQ","0.45","180.95","","180.14"
"A032080","아즈텍WB","12","0","KOSDAQ","-1.93","46.82","","47.75"
"A032190","다우데이타","12","0","KOSDAQ","-0.72","494.45","","498.02"
"A032280","삼일","12","0","KOSDAQ","-2.38","49.86","","51.07"
"A032300","한국파마","12","0","외감","","","",""
"A032350","롯데관광개발","12","0","KOSPI","0.76","402.5","","399.48"
"A032500","케이엠더블유","12","0","KOSDAQ","-2.37","132.5","","135.72"
"A032540","TJ미디어","12","0","KOSDAQ","0.37","56.49","","56.28"
"A032560","황금에스티","12","0","KOSPI","0.49","86.1","","85.68"
"A032580","피델릭스","12","0","KOSDAQ","0.72","57.79","","57.38"
"A032620","GC메디아이","12","0","KOSDAQ","0.4","150.07","","149.46"
"A032640","LG유플러스","12","1","KOSPI","0.47","4671.74","","4649.91"
"A032680","소프트센","12","0","KOSDAQ","-2.45","48.21","","49.42"
"A032750","삼진","12","0","KOSDAQ","-1.59","52.02","","52.86"
"A032790","엠젠솔루션","12","0","KOSDAQ","-9.77","189.04","","209.52"
"A032800","판타지오","6","0","KOSDAQ","6.47","73.01","","68.57"
"A032820","우리기술","12","0","KOSDAQ","-0.77","59.72","","60.18"
"A032830","삼성생명","12","1","KOSPI","1.32","23100","","22800"
"A032850","비트컴퓨터","12","0","KOSDAQ","-2.62","123.34","","126.67"
"A032860","더라미","12","0","KOSDAQ","0","38.92","","38.92"
"A032940","원익","12","0","KOSDAQ","0","74.54","","74.54"
"A032960","동일기연","12","0","KOSDAQ","0","76.69","","76.69"
"A032980","바이온","12","0","KOSDAQ","-1.11","37.19","","37.61"
"A033050","제이엠아이","12","0","KOSDAQ","2.26","44.31","","43.33"
"A033100","제룡전기","12","0","KOSDAQ","0.18","45.94","","45.86"
"A033130","디지틀조선","12","0","KOSDAQ","1.31","186.69","","184.28"
"A033160","엠케이전자","12","0","KOSDAQ","-1.56","165.52","","168.14"
"A033170","시그네틱스","12","0","KOSDAQ","0","141.88","","141.88"
"A033200","모아텍","3","0","KOSDAQ","0","41.35","","41.35"
"A033230","인성정보","12","0","KOSDAQ","0.32","78.81","","78.55"
"A033240","자화전자","12","0","KOSPI","-2.08","253.29","","258.66"
"A033250","체시스","12","0","KOSPI","2.04","77.88","","76.32"
"A033270","유나이티드제약","12","0","KOSPI","0.54","301.46","","299.84"
"A033290","로젠","12","0","KOSDAQ","-0.45","311.3","","312.7"
"A033310","엠투엔","12","0","KOSDAQ","0","59","","59"
"A033320","제이씨현시스템","12","0","KOSDAQ","3.76","131.89","","127.11"
"A033340","좋은사람들","12","0","KOSDAQ","3.61","64.45","","62.2"
"A033500","동성화인텍","12","0","KOSDAQ","-2.13","117.51","","120.08"
"A033530","SJG세종","12","1","KOSPI","0","190.92","","190.92"
"A033540","파라텍","12","0","KOSDAQ","0.33","68.28","","68.05"
"A033560","블루콤","12","0","KOSDAQ","2.09","234.24","","229.44"
"A033640","네패스","12","0","KOSDAQ","-0.34","129.86","","130.3"
"A033780","KT&G","12","1","KOSPI","-0.47","14690.3","","14758.94"
"A033790","피노","12","0","KOSDAQ","0.59","29.1","","28.93"
"A033830","티비씨","12","0","KOSDAQ","0.73","68.8","","68.3"
"A033920","무학","12","1","KOSPI","1.88","987.72","","969.45"
"A034020","두산에너빌리티","12","1","KOSPI","-2.13","2192.17","","2239.94"
"A034120","SBS","12","1","KOSPI","2.12","570.39","","558.53"
"A034220","LG디스플레이","12","1","KOSPI","-2","8766.48","","8945.39"
"A034230","파라다이스","12","0","KOSDAQ","-1.92","1391.42","","1418.71"
"A034310","NICE","12","0","KOSPI","-3.86","801.21","","833.41"
"A034590","인천도시가스","12","0","KOSPI","-1.2","125.77","","127.31"
"A034730","SK","12","1","KOSPI","0.82","17203.09","","17062.37"
"A034810","해성산업","12","0","KOSDAQ","-1.49","161.37","","163.81"
"A034830","한국토지신탁","12","0","KOSDAQ","1.55","910.22","","896.34"
"A034940","조아제약","12","0","KOSDAQ","-2.13","130.23","","133.06"
"A034950","한국기업평가","12","0","KOSDAQ","0","198.42","","198.42"
"A035000","HS애드","12","0","KOSPI","-0.11","148.28","","148.44"
"A035080","그래디언트","12","0","KOSDAQ","-1.44","566.4","","574.66"
"A035150","백산","12","0","KOSPI","0.19","125.84","","125.6"
"A035200","프럼파스트","12","0","KOSDAQ","-0.74","24.5","","24.69"
"A035250","강원랜드","12","1","KOSPI","2.06","9017.59","","8835.74"
"A035290","골드앤에스","12","0","KOSDAQ","-2.17","88.67","","90.64"
"A035420","NAVER","12","1","KOSPI","-0.16","21096.11","","21129.08"
"A035460","기산텔레콤","12","0","KOSDAQ","-3.8","38.7","","40.23"
"A035510","신세계 I&C","12","0","KOSPI","-0.21","159.79","","160.13"
"A035600","KG이니시스","12","0","KOSDAQ","0","356.17","","356.17"
"A035610","솔본","12","0","KOSDAQ","-1.1","147.67","","149.31"
"A035620","바른손이앤에이","12","0","KOSDAQ","1.23","217.65","","215.01"
"A035720","카카오","12","0","KOSDAQ","-1.62","6618.49","","6727.18"
"A035760","CJ ENM","12","0","KOSDAQ","0.26","1177.22","","1174.11"
"A035810","이지홀딩스","12","0","KOSDAQ","0.73","293.65","","291.53"
"A035890","서희건설","12","0","KOSDAQ","-0.92","171.93","","173.53"
"A035900","JYP Ent.","12","0","KOSDAQ","-2.05","154.73","","157.96"
"A036000","예림당","12","0","KOSDAQ","-1.88","96.17","","98.01"
"A036010","아비코전자","12","0","KOSDAQ","0.49","80.51","","80.12"
"A036030","케이티알파","12","0","KOSDAQ","-0.6","295.01","","296.79"
"A036090","위지트","12","0","KOSDAQ","-1.44","107.58","","109.16"
"A036120","서울평가정보","12","0","KOSDAQ","13.85","52.54","","46.15"
"A036170","에이치엠넥스","12","0","KOSDAQ","2.21","89.16","","87.23"
"A036190","금화피에스시","12","0","KOSDAQ","1.16","209.4","","207"
"A036200","유니셈","12","0","KOSDAQ","-5.74","272.05","","288.61"
"A036220","오상헬스케어","12","0","KOSDAQ","0","58.29","","58.29"
"A036420","콘텐트리중앙","12","0","KOSDAQ","0.69","497.91","","494.49"
"A036460","한국가스공사","12","1","KOSPI","-2.15","3577.13","","3655.59"
"A036480","대성미생물","12","0","KOSDAQ","1.59","38.87","","38.27"
"A036530","SNT홀딩스","12","0","KOSPI","-1.27","419.6","","424.98"
"A036540","SFA반도체","12","0","KOSDAQ","0.2","330.66","","330.02"
"A036560","KZ정밀","12","0","KOSDAQ","1.73","138.6","","136.24"
"A036570","NC","12","1","KOSPI","-1.38","5471.29","","5548.04"
"A036580","팜스코","12","1","KOSPI","3.64","470.12","","453.59"
"A036620","감성코퍼레이션","12","0","KOSDAQ","0.6","24.83","","24.68"
"A036630","세종텔레콤","12","0","KOSDAQ","-0.4","197.92","","198.72"
"A036640","HRS","12","0","KOSDAQ","2.7","62.15","","60.51"
"A036670","삼양케이씨아이","12","0","KOSDAQ","2.47","107.63","","105.04"
"A036690","코맥스","12","0","KOSDAQ","0.2","66.94","","66.8"
"A036710","심텍홀딩스","12","0","KOSDAQ","-4.06","103.12","","107.48"
"A036800","나이스정보통신","12","0","KOSDAQ","-0.32","316.5","","317.5"
"A036810","에프에스티","12","0","KOSDAQ","-0.66","62.12","","62.53"
"A036830","솔브레인홀딩스","12","0","KOSDAQ","2.21","689.03","","674.12"
"A036890","진성티이씨","12","0","KOSDAQ","1.64","118.31","","116.4"
"A036930","주성엔지니어링","12","0","KOSDAQ","1.33","403.36","","398.06"
"A037030","파워넷","12","0","K-OTC","0","13","","13"
"A037070","파세코","12","0","KOSDAQ","-0.98","66.4","","67.06"
"A037230","한국팩키지","12","0","KOSDAQ","-0.71","35","","35.25"
"A037270","YG PLUS","12","0","KOSPI","-0.33","171.96","","172.53"
"A037330","인지디스플레","12","0","KOSDAQ","0","64.98","","64.98"
"A037350","성도이엔지","12","0","KOSDAQ","-0.73","73.16","","73.7"
"A037370","EG","12","0","KOSDAQ","1.77","86.25","","84.75"
"A037400","우리엔터프라이즈","12","0","KOSDAQ","-0.45","81.87","","82.25"
"A037440","희림","12","0","KOSDAQ","-3.04","64.39","","66.41"
"A037460","삼지전자","12","0","KOSDAQ","-0.32","65.36","","65.57"
"A037560","LG헬로비전","12","0","KOSPI","1.75","902.26","","886.77"
"A037710","광주신세계","12","0","KOSPI","0.39","407.2","","405.6"
"A037760","쎄니트","12","0","KOSDAQ","0.7","69.79","","69.3"
"A037950","엘컴텍","12","0","KOSDAQ","0.25","165.75","","165.34"
"A038010","제일테크노스","12","0","KOSDAQ","0.53","34.2","","34.02"
"A038060","루멘스","12","0","KOSDAQ","0.46","208.49","","207.55"
"A038070","서린바이오","12","0","KOSDAQ","0","85.65","","85.65"
"A038110","에코플라스틱","12","0","KOSDAQ","-1.98","73.2","","74.67"
"A038290","마크로젠","12","0","KOSDAQ","-0.28","317.47","","318.36"
"A038390","레드캡투어","12","0","KOSDAQ","-0.27","160.62","","161.05"
"A038460","바이오스마트","12","0","KOSDAQ","2.94","116.29","","112.97"
"A038500","삼표시멘트","12","0","KOSDAQ","-1.18","450.9","","456.27"
"A038530","케이바이오랩스","12","0","KOSDAQ","-3.78","74.82","","77.76"
"A038540","상상인","12","0","KOSDAQ","-0.49","191.38","","192.31"
"A038620","위즈코프","12","0","KOSDAQ","2.28","49.53","","48.42"
"A038680","에스넷","12","0","KOSDAQ","0.6","108.03","","107.38"
"A038870","에코심플렉스","12","0","KOSDAQ","-1.81","193.94","","197.51"
"A038880","아이에이","12","0","KOSDAQ","3.26","166.9","","161.63"
"A038950","파인디지털","12","0","KOSDAQ","0.96","53.6","","53.09"
"A039010","현대에이치티","12","0","KOSDAQ","-0.41","62.88","","63.14"
"A039020","이건홀딩스","12","0","KOSDAQ","-0.88","48.57","","49"
"A039030","이오테크닉스","12","0","KOSDAQ","-3.42","1420.94","","1471.25"
"A039130","하나투어","12","0","KOSPI","2","1184.85","","1161.62"
"A039200","오스코텍","12","0","KOSDAQ","-0.51","248.77","","250.04"
"A039240","경남스틸","12","0","KOSDAQ","0.41","49.5","","49.3"
"A039290","인포뱅크","12","0","KOSDAQ","-2.04","62.6","","63.9"
"A039310","세중","12","0","KOSDAQ","-0.39","69.95","","70.22"
"A039340","한국경제TV","12","0","KOSDAQ","-0.94","72.91","","73.6"
"A039420","케이엘넷","12","0","KOSDAQ","1.22","59.9","","59.18"
"A039440","에스티아이","12","0","KOSDAQ","0.25","102.28","","102.03"
"A039490","키움증권","12","0","KOSPI","0.3","1458.58","","1454.16"
"A039560","다산네트웍스","12","0","KOSDAQ","0.96","126.36","","125.16"
"A039570","HDC랩스","12","0","KOSPI","-1.48","273.24","","277.35"
"A039610","화성밸브","12","0","KOSDAQ","-0.53","40.91","","41.13"
"A039740","한국정보공학","12","0","KOSDAQ","-1.1","50.36","","50.92"
"A039830","오로라","12","0","KOSDAQ","0","127","","127"
"A039840","디오","12","0","KOSDAQ","2.21","665.27","","650.85"
"A039860","나노엔텍","12","0","KOSDAQ","0.45","161.85","","161.12"
"A039980","폴라리스AI","12","0","KOSDAQ","-1.89","121.49","","123.83"
"A040160","누리플렉스","12","0","KOSDAQ","0.95","128.39","","127.19"
"A040300","YTN","12","0","KOSDAQ","-0.63","132.3","","133.14"
"A040350","크레오에스지","12","0","KOSDAQ","-0.81","171.64","","173.03"
"A040420","정상제이엘에스","12","0","KOSDAQ","0.15","102.22","","102.06"
"A040610","SG&G","12","0","KOSDAQ","-0.79","106.52","","107.37"
"A040910","아이씨디","12","0","KOSDAQ","-2.28","176.02","","180.13"
"A041020","폴라리스오피스","12","0","KOSDAQ","-0.11","86.85","","86.95"
"A041190","우리기술투자","12","0","KOSDAQ","0.6","42.08","","41.83"
"A041440","현대에버다임","12","0","KOSDAQ","-0.24","151.03","","151.39"
"A041460","한국전자인증","12","0","KOSDAQ","1.02","212.45","","210.3"
"A041510","에스엠","12","0","KOSDAQ","-1.01","818.72","","827.07"
"A041520","이엘씨","12","0","KOSDAQ","-1.28","188.32","","190.75"
"A041590","플래스크","12","0","KOSDAQ","2.94","168.2","","163.4"
"A041650","상신브레이크","12","0","KOSPI","0.38","169.62","","168.98"
"A041830","인바디","12","0","KOSDAQ","7.22","670.51","","625.35"
"A041910","폴라리스AI파마","12","0","KOSDAQ","5.6","310.02","","291.57"
"A041920","메디아나","12","0","KOSDAQ","0.91","191.61","","189.88"
"A041930","SY동아","12","0","KOSDAQ","-1.4","77.66","","78.76"
"A041960","코미팜","12","0","KOSDAQ","-2.09","2288.12","","2337.03"
"A042000","카페24","12","0","K-OTC","0","51.61","","51.61"
"A042040","케이피엠테크","12","0","KOSDAQ","5.44","39.57","","37.53"
"A042110","에스씨디","12","0","KOSDAQ","2.09","106.33","","104.15"
"A042370","비츠로테크","12","0","KOSDAQ","2.11","71.86","","70.37"
"A042420","네오위즈홀딩스","12","0","KOSDAQ","1.01","137.81","","136.44"
"A042500","링네트","12","0","KOSDAQ","-1","57.91","","58.49"
"A042510","라온시큐어","12","0","KOSDAQ","-2.09","126.6","","129.31"
"A042520","한스바이오메드","9","0","KOSDAQ","0","173.5","","173.5"
"A042600","새로닉스","12","0","KOSDAQ","0.83","45.35","","44.97"
"A042660","한화오션","12","1","KOSPI","-3.61","1533.86","","1591.28"
"A042700","한미반도체","12","1","KOSPI","2.79","328.08","","319.18"
"A042940","상지건설","12","0","KOSDAQ","0","22.13","","22.13"
"A043090","더테크놀로지","12","0","KOSDAQ","-3.67","86.5","","89.79"
"A043100","알파AI","12","0","KOSDAQ","-1.3","94.12","","95.35"
"A043150","바텍","12","0","KOSDAQ","0.35","646.9","","644.67"
"A043200","파루","12","0","KOSDAQ","-3.86","96.25","","100.12"
"A043220","티에스넥스젠","12","0","KOSDAQ","0","91.72","","91.72"
"A043260","성호전자","12","0","KOSDAQ","-0.11","26.73","","26.76"
"A043340","에쎈테크","12","0","KOSDAQ","1.07","54.22","","53.64"
"A043360","디지아이","12","0","KOSDAQ","6.31","32.58","","30.65"
"A043370","피에이치에이","12","0","KOSDAQ","-2.09","245.7","","250.95"
"A043590","웰킵스하이텍","12","0","KOSDAQ","0.14","47.58","","47.52"
"A043610","KT지니뮤직","12","0","KOSDAQ","-0.69","180.64","","181.89"
"A043650","국순당","12","0","KOSDAQ","-1.63","118.58","","120.54"
"A043710","코스리거글로벌","12","0","KOSDAQ","0.14","132.17","","131.98"
"A043910","자연과환경","12","0","KOSDAQ","-3.6","34.58","","35.88"
"A044180","KD","12","0","KOSDAQ","2.95","37.21","","36.14"
"A044340","위닉스","12","0","KOSDAQ","-4.48","226.57","","237.2"
"A044380","주연테크","12","0","KOSPI","-4.49","36.47","","38.18"
"A044450","KSS해운","12","0","KOSPI","0","197.08","","197.08"
"A044480","빌리언스","12","0","KOSDAQ","-5.77","81.44","","86.43"
"A044490","태웅","12","0","KOSDAQ","-2.45","289.74","","297"
"A044780","에이치케이","12","0","KOSDAQ","-3.5","32.95","","34.14"
"A044820","코스맥스비티아이","12","0","KOSPI","7.41","557.03","","518.61"
"A044960","이글벳","12","0","KOSDAQ","-1.85","61.84","","63.01"
"A044990","에이치엔에스하이텍","12","0","KONEX","-10.45","43.35","","48.41"
"A045060","오공","12","0","KOSDAQ","-3.96","64.29","","66.94"
"A045100","한양이엔지","12","0","KOSDAQ","2.49","222.3","","216.9"
"A045300","성우테크론","12","0","KOSDAQ","0","21.86","","21.86"
"A045340","토탈소프트","12","0","KOSDAQ","-2.69","21.65","","22.25"
"A045390","대아티아이","12","0","KOSDAQ","-0.37","94.63","","94.99"
"A045510","정원엔시스","12","0","KOSDAQ","0.51","56.48","","56.19"
"A045520","크린앤사이언스","12","0","KOSDAQ","-3.17","33.73","","34.84"
"A045660","에이텍","12","0","KOSDAQ","-0.53","31.22","","31.39"
"A045970","코아시아","12","0","KOSDAQ","-0.25","106.71","","106.97"
"A046070","코다코","12","0","KOSDAQ","1.1","106.91","","105.74"
"A046120","오르비텍","12","0","KOSDAQ","-1.78","66.44","","67.64"
"A046210","HLB파나진","12","0","KOSDAQ","-1.08","123.31","","124.65"
"A046310","백금T&A","12","0","KOSDAQ","1.29","31.43","","31.03"
"A046390","삼화네트웍스","12","0","KOSDAQ","2.59","59.25","","57.76"
"A046440","KG파이낸셜","12","0","KOSDAQ","0","225.75","","225.75"
"A046890","서울반도체","12","0","KOSDAQ","6.71","880.41","","825.02"
"A046940","우원개발","12","0","KOSDAQ","0.11","63.95","","63.88"
"A046970","우리로","12","0","KOSDAQ","-2.46","53.64","","55"
"A047040","대우건설","12","1","KOSPI","-4.96","2468.8","","2597.64"
"A047050","포스코인터내셔널","12","1","KOSPI","-5.15","2414.18","","2545.14"
"A047080","한빛소프트","12","0","KOSDAQ","-2.15","147.19","","150.43"
"A047310","파워로직스","12","0","KOSDAQ","-0.14","109.61","","109.77"
"A047400","유니온머티리얼","12","0","KOSPI","1.71","112.35","","110.46"
"A047560","이스트소프트","12","0","KOSDAQ","-0.84","116.81","","117.8"
"A047770","코데즈컴바인","12","0","KOSDAQ","-6.68","5335.81","","5718.02"
"A047810","한국항공우주","12","1","KOSPI","1.37","7213.16","","7115.68"
"A047820","초록뱀미디어","12","0","KOSDAQ","-3.13","152.72","","157.64"
"A047920","HLB제약","12","0","KOSDAQ","0","75.23","","75.23"
"A048410","현대바이오","12","0","KOSDAQ","3.64","189.66","","183"
"A048430","유라테크","12","0","KOSDAQ","2.27","88.36","","86.4"
"A048470","대동스틸","12","0","KOSDAQ","0.98","30.8","","30.5"
"A048530","인트론바이오","12","0","KOSDAQ","0","1296.32","","1296.32"
"A048550","SM C&C","12","0","KOSDAQ","-0.56","185.3","","186.35"
"A048770","TPC로보틱스","12","0","KOSDAQ","5.03","75.47","","71.85"
"A048830","엔피케이","12","0","KOSDAQ","-4.69","40.71","","42.71"
"A048870","시너지이노베이션","12","0","KOSDAQ","0","46.35","","46.35"
"A048910","대원미디어","12","0","KOSDAQ","-3.38","114.73","","118.74"
"A049070","인탑스","12","0","KOSDAQ","0.26","165.12","","164.69"
"A049080","기가레인","12","0","KOSDAQ","0.96","111.18","","110.12"
"A049120","파인디앤씨","12","0","KOSDAQ","-0.3","30.35","","30.44"
"A049180","셀루메드","12","0","KOSDAQ","-7.52","162.13","","175.32"
"A049430","코메론","12","0","KOSDAQ","0","76.09","","76.09"
"A049470","비트플래닛","12","0","KOSDAQ","1.1","107.58","","106.4"
"A049480","오픈베이스","12","0","KOSDAQ","-1.41","76.83","","77.93"
"A049520","유아이엘","12","0","KOSDAQ","2.1","138.42","","135.57"
"A049550","잉크테크","12","0","KOSDAQ","-4.76","52.07","","54.67"
"A049630","재영솔루텍","12","0","KOSDAQ","-1.17","54.01","","54.65"
"A049720","고려신용정보","12","0","KOSDAQ","0.67","42.69","","42.4"
"A049800","우진플라임","12","0","KOSPI","1.55","42.65","","42"
"A049830","승일","12","0","KOSDAQ","0.83","74.2","","73.59"
"A049950","미래컴퍼니","12","0","KOSDAQ","-0.58","131.77","","132.53"
"A049960","쎌바이오텍","12","0","KOSDAQ","-1.62","629.8","","640.14"
"A050090","비케이홀딩스","12","0","KOSDAQ","1.69","81.72","","80.36"
"A050110","캠시스","12","0","KOSDAQ","-0.61","183.24","","184.37"
"A050120","ES큐브","12","0","KOSDAQ","0","58.57","","58.57"
"A050760","에스폴리텍","12","0","KOSDAQ","-0.62","26.3","","26.46"
"A050860","아세아텍","6","0","KOSDAQ","0","58.01","","58.01"
"A050890","쏠리드","12","0","KOSDAQ","-2.43","112.1","","114.89"
"A050960","수산아이앤티","12","0","외감","","","",""
"A051160","지어소프트","12","0","KOSDAQ","6.85","21.82","","20.42"
"A051360","토비스","12","0","KOSDAQ","0.5","168.84","","168.01"
"A051370","인터플렉스","12","0","KOSDAQ","0.93","176.91","","175.27"
"A051380","피씨디렉트","12","0","KOSDAQ","-0.57","30.2","","30.37"
"A051390","YW","12","0","KOSDAQ","7.57","39.52","","36.73"
"A051490","나라엠앤디","12","0","KOSDAQ","0.64","66.6","","66.17"
"A051500","CJ프레시웨이","12","0","KOSDAQ","-1.28","733.66","","743.16"
"A051600","한전KPS","12","1","KOSPI","1.79","3321","","3262.5"
"A051630","진양화학","12","0","KOSPI","5.49","49.56","","46.98"
"A051780","큐로홀딩스","12","0","KOSDAQ","-1.67","89.14","","90.65"
"A051900","LG생활건강","12","1","KOSPI","2.85","14634.25","","14228.18"
"A051910","LG화학","12","1","KOSPI","1.66","20345.23","","20013.87"
"A051980","중앙첨단소재","12","0","KOSDAQ","0","91.33","","91.33"
"A052020","에스티큐브","12","0","KOSDAQ","-4.34","152.81","","159.74"
"A052220","iMBC","12","0","KOSDAQ","-0.58","97.98","","98.56"
"A052260","현대바이오랜드","12","0","KOSDAQ","4.13","359.25","","345"
"A052300","오션인더블유","12","0","KOSDAQ","-6.45","80.91","","86.49"
"A052330","코텍","12","0","KOSDAQ","-0.43","180.66","","181.44"
"A052400","코나아이","12","0","KOSDAQ","0.94","333.74","","330.63"
"A052420","오성첨단소재","12","0","KOSDAQ","2.99","128.29","","124.58"
"A052460","아이크래프트","12","0","KOSDAQ","5.58","70.07","","66.36"
"A052600","한네트","12","0","KOSDAQ","0.78","37.52","","37.24"
"A052690","한전기술","12","1","KOSPI","0.17","1135.13","","1133.22"
"A052710","아모텍","12","0","KOSDAQ","1.83","162.23","","159.3"
"A052770","아이톡시","12","0","KOSDAQ","-0.13","165.4","","165.62"
"A052790","액토즈소프트","12","0","KOSDAQ","-2.3","288.93","","295.73"
"A052860","아이앤씨","12","0","KOSDAQ","0.25","29.52","","29.45"
"A052900","KX하이텍","12","0","KOSDAQ","0","87.29","","87.29"
"A053030","바이넥스","12","0","KOSDAQ","-1.14","671.12","","678.89"
"A053050","지에스이","12","0","KOSDAQ","0.25","54.7","","54.56"
"A053060","세동","12","0","KOSDAQ","0","21.62","","21.62"
"A053080","케이엔솔","12","0","외감","","","",""
"A053160","프리엠스","12","0","KOSDAQ","2.31","34.5","","33.72"
"A053210","스카이라이프","12","0","KOSPI","1.89","774.72","","760.37"
"A053260","금강철강","12","0","KOSDAQ","2.48","81.34","","79.37"
"A053270","구영테크","12","0","KOSDAQ","0.27","36.92","","36.82"
"A053280","예스24","12","0","KOSDAQ","-0.23","150.16","","150.5"
"A053290","NE능률","12","0","KOSDAQ","1.06","49.37","","48.85"
"A053300","한국정보인증","12","0","KOSDAQ","0.5","271","","269.65"
"A053350","이니텍","12","0","KOSDAQ","-0.9","152.79","","154.17"
"A053450","세코닉스","12","0","KOSDAQ","1.23","173.34","","171.24"
"A053580","웹케시","12","0","K-OTC","0.38","74.33","","74.05"
"A053610","프로텍","12","0","KOSDAQ","0.36","75.42","","75.15"
"A053620","태양","12","0","KOSDAQ","0.1","84.19","","84.11"
"A053690","한미글로벌","12","0","KOSPI","-1.27","115.36","","116.84"
"A053700","삼보모터스","12","0","KOSDAQ","-0.13","94.02","","94.14"
"A053800","안랩","12","0","KOSDAQ","-0.18","555.77","","556.77"
"A053950","경남제약","12","0","KOSDAQ","1.34","85.38","","84.25"
"A053980","오상자이엘","12","0","KOSDAQ","-1.83","190.79","","194.34"
"A054040","한국컴퓨터","12","0","KOSDAQ","0.58","56.09","","55.77"
"A054050","NH농우바이오","12","0","KOSDAQ","0","322.47","","322.47"
"A054090","삼진엘앤디","12","0","KOSDAQ","-0.5","68.48","","68.82"
"A054180","메디콕스","12","0","KOSDAQ","0.76","72.36","","71.81"
"A054210","이랜텍","12","0","KOSDAQ","0.24","137.35","","137.02"
"A054220","비츠로시스","12","0","KOSDAQ","-0.35","57.8","","58"
"A054300","팬스타엔터프라이즈","12","0","KOSDAQ","1.07","64.5","","63.82"
"A054410","케이피티유","12","0","KOSDAQ","-1.48","50.6","","51.36"
"A054450","텔레칩스","12","0","KOSDAQ","4.76","91.32","","87.17"
"A054540","삼영엠텍","12","0","KOSDAQ","0.15","44.22","","44.16"
"A054620","APS","12","0","KOSDAQ","1.98","462.26","","453.3"
"A054670","대한뉴팜","12","0","KOSDAQ","0.3","236.86","","236.14"
"A054780","키이스트","12","0","KOSDAQ","-1.2","255.21","","258.31"
"A054800","아이디스홀딩스","12","0","KOSDAQ","-0.96","159.36","","160.91"
"A054920","한컴위드","12","0","KOSDAQ","-0.83","42.56","","42.92"
"A054930","유신","12","0","KOSDAQ","0.6","30.15","","29.97"
"A054940","엑사이엔씨","12","0","KOSDAQ","-1.15","71.16","","71.99"
"A054950","제이브이엠","12","0","KOSDAQ","0.38","335.54","","334.27"
"A055490","테이팩스","12","0","외감","","","",""
"A055550","신한지주","12","1","KOSPI","1.35","19608.15","","19347.34"
"A056080","유진로봇","12","0","KOSDAQ","-1.73","112.5","","114.48"
"A056090","시지메드텍","12","0","KOSDAQ","-0.76","199.21","","200.74"
"A056190","SFA","12","0","KOSDAQ","0.82","1100.6","","1091.63"
"A056360","코위버","12","0","KOSDAQ","0","51.43","","51.43"
"A056700","신화인터텍","12","0","KOSDAQ","4.84","78.81","","75.17"
"A056730","CNT85","12","0","KOSDAQ","3.4","86.02","","83.19"
"A057030","YBM넷","12","0","KOSDAQ","1.92","69.33","","68.02"
"A057050","현대홈쇼핑","12","1","KOSPI","-2.37","1482","","1518"
"A057540","옴니시스템","12","0","KOSDAQ","-1.01","99.66","","100.68"
"A057680","티사이언티픽","12","0","KOSDAQ","-0.72","54.48","","54.88"
"A058110","멕아이씨에스","12","0","KOSDAQ","-2.72","40.21","","41.34"
"A058400","KNN","12","0","KOSDAQ","1.36","128.46","","126.74"
"A058430","포스코스틸리온","12","0","KOSPI","-2.72","117.9","","121.2"
"A058450","한주에이알티","12","0","KOSDAQ","24.29","127.63","","102.69"
"A058470","리노공업","12","0","KOSDAQ","0.12","611.98","","611.22"
"A058610","에스피지","12","0","KOSDAQ","-1.26","88.84","","89.97"
"A058630","엠게임","12","0","KOSDAQ","-4.83","120.38","","126.49"
"A058650","세아홀딩스","12","0","KOSPI","0.35","580","","578"
"A058730","다스코","12","0","KOSPI","1.88","58.96","","57.87"
"A058820","CMG제약","12","0","KOSDAQ","-2.03","191.61","","195.58"
"A058850","KTcs","12","0","KOSPI","-0.33","130.4","","130.83"
"A058860","KTis","12","0","KOSPI","-0.11","151.39","","151.56"
"A058970","엠로","12","0","외감","","","",""
"A059090","미코","12","0","KOSDAQ","-0.21","65.56","","65.7"
"A059100","아이컴포넌트","12","0","KOSDAQ","-3.05","129.01","","133.07"
"A059120","아진엑스텍","12","0","KOSDAQ","-0.6","37.61","","37.83"
"A059210","메타바이오메드","12","0","KOSDAQ","5.84","105.23","","99.42"
"A059270","해성에어로보틱스","12","0","외감","","","",""
"A060150","인선이엔티","12","0","KOSDAQ","2.34","209.19","","204.41"
"A060230","제이케이시냅스","12","0","KOSDAQ","2.27","28.65","","28.02"
"A060240","스타코링크","12","0","KOSDAQ","0.5","183.71","","182.8"
"A060250","NHN KCP","12","0","KOSDAQ","0","328.95","","328.95"
"A060260","뉴보텍","12","0","KOSDAQ","-0.9","40.86","","41.23"
"A060280","큐렉소","12","0","KOSDAQ","-0.27","201.62","","202.16"
"A060310","3S","3","0","KOSDAQ","-0.61","99.98","","100.59"
"A060370","LS마린솔루션","12","0","KOSDAQ","-1.65","117.38","","119.36"
"A060380","동양에스텍","12","0","KOSDAQ","1.3","27.25","","26.9"
"A060480","국일신동","12","0","KOSDAQ","9.2","30.28","","27.73"
"A060540","에스에이티","12","0","KOSDAQ","0","39.1","","39.1"
"A060560","HC홈센타","12","0","KOSDAQ","-0.95","70.57","","71.25"
"A060570","드림어스컴퍼니","12","0","KOSDAQ","-0.23","136.2","","136.51"
"A060590","씨티씨바이오","12","0","KOSDAQ","-1.2","285.77","","289.26"
"A060720","KH바텍","12","0","KOSDAQ","-2.11","324","","331"
"A060850","영림원소프트랩","12","0","외감","","","",""
"A060900","에이전트AI","12","0","KOSDAQ","0","42.21","","42.21"
"A060980","HL홀딩스","12","1","KOSPI","0","561.74","","561.74"
"A061040","알에프텍","12","0","KOSDAQ","0.47","82.04","","81.66"
"A061090","세나테크놀로지","12","0","외감","","","",""
"A061250","화일약품","12","0","KOSDAQ","2.09","98.72","","96.7"
"A061970","LB세미콘","12","0","KOSDAQ","6.08","87.79","","82.75"
"A062040","산일전기","12","0","외감","","","",""
"A062970","한국첨단소재","12","0","외감","","","",""
"A063080","컴투스홀딩스","12","0","KOSDAQ","1.42","606.58","","598.1"
"A063160","종근당바이오","12","0","KOSPI","3.53","168.65","","162.9"
"A063170","서울옥션","12","0","KOSDAQ","-1.53","325.66","","330.74"
"A063440","SM Life Design","12","0","KOSDAQ","4.58","27.68","","26.47"
"A063570","NICE인프라","12","0","KOSDAQ","-2.18","198.49","","202.92"
"A063760","이엘피","12","0","KONEX","9.47","33.05","","30.19"
"A064090","인크레더블버즈","12","0","KOSDAQ","-0.24","99.68","","99.92"
"A064240","홈캐스트","12","0","KOSDAQ","2.86","235.03","","228.48"
"A064260","다날","12","0","KOSDAQ","-0.74","174.52","","175.82"
"A064290","인텍플러스","12","0","KOSDAQ","-0.17","27.22","","27.27"
"A064350","현대로템","12","1","KOSPI","2.13","1423.75","","1394"
"A064400","LG씨엔에스","12","0","외감","","","",""
"A064480","브리지텍","12","0","KOSDAQ","0.5","71.72","","71.36"
"A064520","테크엘","12","0","KOSDAQ","2.49","196.35","","191.58"
"A064550","바이오니아","12","0","KOSDAQ","-2.02","185.61","","189.44"
"A064760","티씨케이","12","0","KOSDAQ","2.25","344.41","","336.82"
"A064800","포니링크","12","0","KOSDAQ","4.4","117.88","","112.91"
"A064820","케이프","12","0","KOSDAQ","3.04","40.74","","39.54"
"A064850","에프앤가이드","12","0","KONEX","0.34","20.62","","20.55"
"A064960","SNT모티브","12","1","KOSPI","-0.52","1096.1","","1101.86"
"A065060","지엔코","12","0","KOSDAQ","2.03","80.44","","78.84"
"A065130","탑엔지니어링","12","0","KOSDAQ","0","95.22","","95.22"
"A065150","대산F&B","12","0","KOSDAQ","1.31","249.7","","246.47"
"A065170","비엘팜텍","12","0","KOSDAQ","-4.07","98.38","","102.55"
"A065350","신성델타테크","12","0","KOSDAQ","-0.87","69.89","","70.5"
"A065370","위세아이텍","12","0","외감","","","",""
"A065420","에스아이리소스","12","0","KOSDAQ","-4.23","68.06","","71.06"
"A065440","이루온","12","0","KOSDAQ","-2.54","29.14","","29.91"
"A065450","빅텍","12","0","KOSDAQ","1.34","73.87","","72.89"
"A065500","오리엔트정공","12","0","KOSDAQ","-1.09","30.12","","30.45"
"A065510","휴비츠","12","0","KOSDAQ","-0.31","188.28","","188.87"
"A065530","와이어블","12","0","KOSDAQ","0.63","85.1","","84.58"
"A065570","삼영이엔씨","12","0","KOSDAQ","0.39","68.02","","67.76"
"A065650","하이퍼코퍼레이션","12","0","KOSDAQ","-1.61","82.91","","84.26"
"A065660","안트로젠","12","0","KOSDAQ","0.89","252.64","","250.4"
"A065680","우주일렉트로","12","0","KOSDAQ","-0.65","151","","151.99"
"A065690","파커스","12","0","KOSDAQ","0.93","54.54","","54.03"
"A065710","서호전기","12","0","KOSDAQ","-0.49","52.79","","53.05"
"A065770","CS","12","0","KOSDAQ","-1.87","25.2","","25.68"
"A065950","웰크론","12","0","KOSDAQ","1.26","112.54","","111.14"
"A066130","하츠","12","0","KOSDAQ","-0.76","83.2","","83.84"
"A066310","큐에스아이","12","0","KOSDAQ","3.91","63.74","","61.34"
"A066360","체리부로","12","0","외감","","","",""
"A066410","버킷스튜디오","12","0","KOSDAQ","0.68","91.27","","90.66"
"A066430","아이로보틱스","12","0","KOSDAQ","-4.31","78.42","","81.94"
"A066570","LG전자","12","1","KOSPI","1.64","10129.8","","9966.15"
"A066590","스모트로닉","12","0","KOSDAQ","-0.19","44.87","","44.95"
"A066620","국보디자인","12","0","KOSDAQ","-1.94","151.88","","154.88"
"A066670","디티씨","12","0","KOSDAQ","-0.38","74.21","","74.49"
"A066700","테라젠이텍스","12","0","KOSDAQ","-2.15","190.26","","194.43"
"A066790","씨씨에스","12","0","KOSDAQ","4.52","155.51","","148.78"
"A066900","디에이피","12","0","KOSDAQ","0","94.39","","94.39"
"A066910","손오공","12","0","KOSDAQ","-0.36","121.96","","122.4"
"A066970","엘앤에프","12","0","KOSDAQ","-1","164.71","","166.37"
"A066980","한성크린텍","12","0","KOSDAQ","-2.52","96.05","","98.53"
"A067000","조이시티","12","0","KOSDAQ","5.13","373.46","","355.23"
"A067010","이씨에스","3","0","KOSDAQ","-1.58","46.58","","47.33"
"A067080","대화제약","12","0","KOSDAQ","-0.13","684.35","","685.26"
"A067160","SOOP","12","0","KOSDAQ","-1.98","229.82","","234.47"
"A067170","오텍","12","0","KOSDAQ","-2.03","66.17","","67.54"
"A067280","멀티캠퍼스","12","0","KOSDAQ","-0.11","264.63","","264.93"
"A067290","JW신약","12","0","KOSDAQ","0","306.89","","306.89"
"A067310","하나마이크론","12","0","KOSDAQ","-0.36","125.05","","125.5"
"A067370","선바이오","12","0","KONEX","-0.19","201.6","","201.98"
"A067390","아스트","12","0","KOSDAQ","0","285.61","","285.61"
"A067570","엔브이에이치코리아","12","0","KOSDAQ","-0.82","87.32","","88.03"
"A067630","HLB생명과학","12","0","KOSDAQ","0.83","100.26","","99.43"
"A067730","로지시스","12","0","KOSDAQ","5.47","45.02","","42.69"
"A067770","세진티에스","12","0","KOSDAQ","1.01","25.19","","24.94"
"A067830","세이브존I&C","12","0","KOSPI","0.92","225.72","","223.67"
"A067900","와이엔텍","12","0","KOSDAQ","-1.39","49.92","","50.62"
"A067920","이글루","12","0","KOSDAQ","-0.23","44.9","","45"
"A067990","도이치모터스","12","0","KOSDAQ","8.43","99.67","","91.92"
"A068050","팬엔터테인먼트","12","0","KOSDAQ","3.77","51.84","","49.95"
"A068100","케이웨더","12","0","외감","","","",""
"A068240","다원시스","12","0","KOSDAQ","0.18","451.05","","450.26"
"A068270","셀트리온","12","0","KOSDAQ","1.8","12149.59","","11934.85"
"A068290","삼성출판사","12","0","KOSPI","0","113","","113"
"A068330","일신바이오","12","0","KOSDAQ","-0.65","101.03","","101.7"
"A068760","셀트리온제약","12","0","KOSDAQ","-0.99","319.87","","323.06"
"A068790","DMS","12","0","KOSDAQ","0.76","206.04","","204.47"
"A068930","디지털대성","12","0","KOSDAQ","0.17","66.57","","66.46"
"A068940","셀피글로벌","12","0","KOSDAQ","0","60.36","","60.36"
"A069080","웹젠","12","0","KOSDAQ","1.92","843.93","","828.04"
"A069140","누리플랜","12","0","KOSDAQ","-11.41","37.36","","42.18"
"A069260","TKG휴켐스","12","1","KOSPI","0.29","711.29","","709.24"
"A069330","유아이디","12","0","KOSDAQ","0.47","38.16","","37.98"
"A069410","엔텔스","12","0","KOSDAQ","0","103.83","","103.83"
"A069460","대호에이엘","12","0","KOSPI","2.3","36.23","","35.41"
"A069510","에스텍","12","0","KOSDAQ","-0.1","106.37","","106.48"
"A069540","빛과전자","12","0","KOSDAQ","-2.12","27.76","","28.36"
"A069620","대웅제약","12","1","KOSPI","0.57","1013.83","","1008.03"
"A069640","한세엠케이","12","0","KOSPI","-3.47","211.25","","218.84"
"A069730","DSR제강","12","0","KOSPI","-1.17","54.79","","55.44"
"A069920","엑시온그룹","12","0","KOSDAQ","-3.76","156.66","","162.78"
"A069960","현대백화점","12","1","KOSPI","0.71","3334.85","","3311.45"
"A070300","엑스큐어","12","0","KOSDAQ","1.79","49.14","","48.28"
"A070590","인티큐브","12","0","KOSDAQ","4.05","33.64","","32.33"
"A070960","모나용평","12","0","외감","","","",""
"A071050","한국금융지주","12","1","KOSPI","1.38","2451.94","","2418.51"
"A071090","하이스틸","12","0","KOSPI","0.27","37","","36.9"
"A071200","인피니트헬스케어","12","0","KOSDAQ","-0.34","217.2","","217.93"
"A071280","로체시스템즈","12","0","KOSDAQ","0","35.12","","35.12"
"A071320","지역난방공사","12","0","KOSPI","1.59","815.14","","802.41"
"A071670","에이테크솔루션","12","0","KOSDAQ","0.77","46.05","","45.7"
"A071840","롯데하이마트","12","0","KOSPI","-0.75","1251.21","","1260.65"
"A071850","캐스텍코리아","12","0","KOSDAQ","0.81","77.08","","76.47"
"A071950","코아스","12","0","KOSPI","-1.45","50.1","","50.84"
"A071970","HD현대마린엔진","12","0","KOSPI","-0.37","121","","121.45"
"A072020","중앙백신","12","0","KOSDAQ","0.3","120.78","","120.41"
"A072130","유엔젤","12","0","KOSPI","-1.16","67.3","","68.09"
"A072470","우리산업홀딩스","12","0","KOSDAQ","0.48","197.37","","196.43"
"A072710","농심홀딩스","12","0","KOSPI","1.32","709.58","","700.31"
"A072770","멤레이비티","12","0","KOSDAQ","1.09","42.28","","22.01"
"A072870","메가스터디","12","0","KOSDAQ","1.37","148.2","","146.19"
"A072950","빛샘전자","12","0","KOSDAQ","-4.58","33.78","","35.4"
"A072990","에이치시티","12","0","외감","","","",""
"A073010","케이에스피","12","0","KOSDAQ","-0.67","27.81","","28"
"A073110","엘엠에스","12","0","KOSDAQ","0.11","79.08","","78.99"
"A073190","듀오백","12","0","KOSDAQ","0","24.59","","24.59"
"A073240","금호타이어","12","1","KOSPI","-1.12","1390.34","","1406.14"
"A073490","LIG아큐버","12","0","KOSDAQ","0","51.68","","51.68"
"A073540","에프알텍","12","0","KOSDAQ","-1.41","43.83","","44.46"
"A073560","우리손에프앤지","12","0","외감","","","",""
"A073570","리튬포어스","12","0","KOSDAQ","-5.54","25.29","","26.78"
"A073640","테라사이언스","12","0","KOSDAQ","0","29.32","","29.32"
"A074430","아미노로직스","12","0","KOSDAQ","4.01","147.99","","142.28"
"A074600","원익QnC","12","0","KOSDAQ","-0.66","196.5","","197.82"
"A074610","이엔플러스","12","0","KOSPI","1.72","47.91","","47.1"
"A075130","플랜티넷","12","0","KOSDAQ","0.84","64.15","","63.62"
"A075180","새론오토모티브","12","0","KOSPI","-0.24","157.44","","157.82"
"A075580","세진중공업","12","0","KOSPI","-2.72","130","","133.64"
"A075970","동국알앤에스","12","0","KOSDAQ","0.6","31","","30.82"
"A076080","웰크론한텍","12","0","KOSDAQ","-4.7","52.98","","55.6"
"A076610","해성옵틱스","12","0","KOSDAQ","-0.37","89.71","","90.05"
"A077360","덕산하이메탈","12","0","KOSDAQ","-1.93","230.59","","235.14"
"A077500","유니퀘스트","12","0","KOSPI","-0.57","93.96","","94.5"
"A077970","STX엔진","12","0","KOSPI","6.23","188.21","","177.17"
"A078000","텔코웨어","12","0","KOSPI","0","123.71","","123.71"
"A078020","LS증권","12","0","KOSDAQ","1.82","361.5","","355.02"
"A078070","유비쿼스홀딩스","12","0","KOSDAQ","0.39","273.48","","272.42"
"A078130","국일제지","12","0","KOSDAQ","-3.33","56.82","","58.78"
"A078140","대봉엘에스","12","0","KOSDAQ","1.59","141.91","","139.69"
"A078150","HB테크놀러지","12","0","KOSDAQ","-0.4","191.8","","192.57"
"A078160","메디포스트","12","0","KOSDAQ","-2.08","733.84","","747.53"
"A078340","컴투스","12","0","KOSDAQ","0.25","1545.26","","1541.4"
"A078350","한양디지텍","12","0","KOSDAQ","4.65","50.6","","48.35"
"A078520","에이블씨엔씨","12","1","KOSPI","5.77","397.7","","376"
"A078590","휴림에이텍","12","0","KOSDAQ","7.71","36.89","","34.25"
"A078600","대주전자재료","12","0","KOSDAQ","0.77","49.78","","49.4"
"A078860","아이오케이이엔엠","12","0","KOSDAQ","3.64","82.44","","79.54"
"A078890","가온그룹","12","0","KOSDAQ","-1.4","142.13","","144.14"
"A078930","GS","12","1","KOSPI","-1.7","4850.18","","4933.81"
"A079000","와토스코리아","12","0","KOSDAQ","-0.56","55.94","","56.26"
"A079160","CJ CGV","12","0","KOSPI","-0.86","2433.55","","2454.71"
"A079170","한창산업","12","0","KOSDAQ","0","28.7","","28.7"
"A079190","케스피온","12","0","KOSDAQ","6.86","70.21","","65.71"
"A079370","제우스","12","0","KOSDAQ","-1.55","131.88","","133.95"
"A079430","현대리바트","12","1","KOSPI","-2.5","605.88","","621.42"
"A079550","LIG디펜스앤에어로스페이스","12","0","KOSPI","3.06","2596","","2519"
"A079650","서산","12","0","KOSDAQ","-5.67","54.52","","57.8"
"A079810","APS이노베이션","12","0","KOSDAQ","0","42.33","","42.33"
"A079900","전진건설로봇","12","0","외감","","","",""
"A079940","가비아","12","0","KOSDAQ","0.79","103.55","","102.74"
"A079950","인베니아","12","0","KOSDAQ","-0.92","112.52","","113.56"
"A079960","동양이엔피","12","0","KOSDAQ","-0.38","102.97","","103.36"
"A079970","투비소프트","12","0","KOSDAQ","13.85","153.85","","134.68"
"A079980","휴비스","12","1","KOSPI","2.44","304.63","","297.39"
"A080010","이상네트웍스","12","0","KOSDAQ","-0.32","56.97","","57.15"
"A080160","모두투어","12","0","KOSDAQ","0.47","406.35","","404.46"
"A080220","제주반도체","12","0","KOSDAQ","-1.07","97.7","","98.75"
"A080420","모다이노칩","12","0","KOSDAQ","1.91","119.11","","116.88"
"A080470","성창오토텍","12","0","KOSDAQ","-2.5","31.32","","32.12"
"A080520","오디텍","12","0","KOSDAQ","0.74","95.62","","94.91"
"A080530","코디","12","0","KOSDAQ","4.17","52.14","","50.05"
"A080580","오킨스전자","12","0","KOSDAQ","-0.14","43.65","","43.71"
"A080720","한국유니온제약","12","0","외감","","","",""
"A081000","일진다이아","12","0","KOSPI","-0.24","92.03","","92.25"
"A081150","티플랙스","12","0","KOSDAQ","0.63","26.75","","26.58"
"A081180","쎄크","12","0","외감","","","",""
"A081580","성우전자","12","0","KOSDAQ","-5.63","122.2","","129.49"
"A081660","미스토홀딩스","12","0","KOSPI","1.05","1085.57","","1074.26"
"A082210","옵트론텍","12","0","KOSDAQ","6.5","109.11","","102.46"
"A082270","젬백스","12","0","KOSDAQ","0.53","555.97","","553.06"
"A082640","동양생명","12","0","KOSPI","3.13","1242.46","","1204.81"
"A082660","코스나인","12","0","KOSDAQ","0.76","38.24","","37.95"
"A082740","한화엔진","12","1","KOSPI","0","234.22","","234.22"
"A082800","비보존 제약","12","0","KOSDAQ","-2.24","41.35","","42.3"
"A082850","우리바이오","12","0","KOSDAQ","1.34","109.43","","107.98"
"A082920","비츠로셀","12","0","KOSDAQ","-0.4","167.31","","167.98"
"A083310","엘오티베큠","12","0","KOSDAQ","0","154.58","","154.58"
"A083420","그린케미칼","12","0","KOSPI","-0.23","85.8","","86"
"A083450","GST","12","0","KOSDAQ","-1.84","49.76","","50.69"
"A083470","이엠앤아이","12","0","KOSDAQ","-1.88","45.53","","46.41"
"A083500","에프엔에스테크","12","0","외감","","","",""
"A083550","케이엠","12","0","KOSDAQ","0.88","66.89","","66.3"
"A083640","인콘","12","0","KOSDAQ","-1.64","38.37","","39.01"
"A083650","비에이치아이","12","0","KOSDAQ","-6.05","88.79","","94.51"
"A083660","CSA 코스믹","12","0","KOSDAQ","-1.05","79.02","","79.86"
"A083790","CG인바이츠","12","0","KOSDAQ","-2.17","390.8","","399.46"
"A083930","아바코","12","0","KOSDAQ","0.54","89.58","","89.1"
"A084010","대한제강","12","0","KOSPI","-0.58","210.48","","211.72"
"A084110","휴온스글로벌","12","0","KOSDAQ","-0.81","834.2","","841.04"
"A084180","수성웹툰","12","0","KOSDAQ","-0.73","28.04","","28.25"
"A084370","유진테크","12","0","KOSDAQ","-0.35","328.85","","329.99"
"A084440","유비온","9","0","KONEX","14.97","10.47","","9.11"
"A084650","랩지노믹스","12","0","KOSDAQ","-0.17","129.47","","129.69"
"A084670","동양고속","12","0","KOSPI","0.3","89.24","","88.97"
"A084680","이월드","12","0","KOSPI","-0.87","258.86","","261.12"
"A084690","대상홀딩스","12","0","KOSPI","1.13","485.25","","479.82"
"A084730","팅크웨어","12","0","KOSDAQ","-2.23","107.05","","109.49"
"A084850","아이티엠반도체","12","0","외감","","","",""
"A084870","TBH글로벌","12","1","KOSPI","-0.3","205.02","","205.65"
"A084990","헬릭스미스","12","0","KOSDAQ","0.33","2150.98","","2143.88"
"A085310","엔케이","12","0","KOSPI","2.84","337.5","","328.19"
"A085620","미래에셋생명","12","0","KOSPI","-0.46","634.44","","637.34"
"A085660","차바이오텍","12","0","KOSDAQ","-0.7","711.97","","717.02"
"A085670","뉴프렉스","12","0","KOSDAQ","-0.86","27.94","","28.18"
"A085810","알티캐스트","12","0","KOSDAQ","-0.52","101.34","","101.87"
"A085910","네오티스","12","0","KOSDAQ","-0.55","47.03","","47.29"
"A086040","바이오톡스텍","12","0","KOSDAQ","0.87","83.92","","83.2"
"A086060","진바이오텍","12","0","KOSDAQ","0.53","41.2","","40.99"
"A086280","현대글로비스","12","1","KOSPI","-1.06","7012.5","","7087.5"
"A086390","유니테스트","12","0","KOSDAQ","-1.09","175.6","","177.54"
"A086450","동국제약","12","0","KOSDAQ","2.22","532.63","","521.07"
"A086520","에코프로","12","0","KOSDAQ","-0.85","197.63","","199.33"
"A086670","비엠티","12","0","KOSDAQ","1.03","32.06","","31.73"
"A086710","선진뷰티사이언스","12","0","외감","","","",""
"A086790","하나금융지주","12","1","KOSPI","0.85","7000.47","","6941.27"
"A086820","바이오솔루션","12","0","외감","","","",""
"A086890","이수앱지스","12","0","KOSDAQ","-2.47","169.77","","174.08"
"A086900","메디톡스","12","0","KOSDAQ","2.09","2656.31","","2602.01"
"A086960","MDS테크","12","0","KOSDAQ","0.7","191.3","","189.98"
"A086980","쇼박스","12","0","KOSDAQ","2.84","453.22","","440.7"
"A087010","펩트론","12","0","KOSDAQ","-3.21","353.79","","365.52"
"A087260","모바일어플라이언스","12","0","외감","","","",""
"A087600","픽셀플러스","12","0","KOSDAQ","-3.95","168.64","","175.58"
"A088130","동아엘텍","12","0","KOSDAQ","0","217.99","","217.99"
"A088280","쏘닉스","12","0","외감","","","",""
"A088290","이원컴포텍","12","0","KOSDAQ","7.04","19.04","","17.79"
"A088340","유라클","12","0","외감","","","",""
"A088350","한화생명","12","1","KOSPI","1.69","5758.35","","5662.82"
"A088390","이녹스","12","0","KOSDAQ","0.41","149.55","","148.93"
"A088790","진도","12","0","KOSPI","1.3","58.26","","57.51"
"A088800","에이스테크","12","0","KOSDAQ","-0.56","113.37","","114.02"
"A088910","동우팜투테이블","12","0","KOSDAQ","-0.82","96.47","","97.27"
"A089010","켐트로닉스","12","0","KOSDAQ","-0.6","61.71","","62.08"
"A089030","테크윙","12","0","KOSDAQ","2.26","164.5","","160.87"
"A089140","넥스턴앤롤코리아","12","0","KOSDAQ","3.98","60.61","","58.29"
"A089150","케이씨티","12","0","KOSDAQ","0.39","44.42","","44.25"
"A089230","THE E&M","12","0","KOSDAQ","-1.41","153.96","","156.16"
"A089470","HDC현대EP","12","0","KOSPI","-0.11","290.93","","291.25"
"A089590","제주항공","12","0","KOSPI","0.4","966.32","","962.44"
"A089600","KT나스미디어","12","0","KOSDAQ","-3.7","408.2","","423.87"
"A089790","제이티","12","0","KOSDAQ","-2.56","28.4","","29.14"
"A089850","유비벨록스","12","0","KOSDAQ","-0.39","91.79","","92.15"
"A089860","롯데렌탈","12","0","외감","","","",""
"A089890","코세스","12","0","KOSDAQ","-0.11","36.55","","36.59"
"A089970","브이엠","12","0","외감","","","",""
"A089980","상아프론테크","12","0","KOSDAQ","1.19","164.82","","162.88"
"A090080","평화산업","12","0","KOSPI","4.02","72.56","","69.76"
"A090150","아이윈","12","0","KOSDAQ","-1.46","29.31","","29.75"
"A090350","노루페인트","12","0","KOSPI","0.45","223","","222"
"A090360","로보스타","12","0","KOSDAQ","3.18","88.53","","85.8"
"A090370","메타랩스","12","0","KOSPI","0.58","67.25","","66.86"
"A090410","덕신이피씨","12","0","KOSDAQ","-0.14","57.45","","57.53"
"A090430","아모레퍼시픽","12","1","KOSPI","3.86","22828.04","","21980.39"
"A090460","비에이치","12","0","KOSDAQ","1.88","84.74","","83.18"
"A090470","제이스로보틱스","12","0","KOSDAQ","-0.17","83.79","","83.94"
"A090710","휴림로봇","12","0","KOSDAQ","-4.78","47.28","","49.65"
"A090850","현대이지웰","12","0","KOSDAQ","-0.95","102.89","","103.88"
"A091120","이엠텍","12","0","KOSDAQ","-3.61","138.67","","143.86"
"A091340","S&K폴리텍","12","0","KOSDAQ","1.6","26.49","","26.07"
"A091440","한울소재과학","12","0","KOSDAQ","-2.49","28.59","","29.32"
"A091580","상신이디피","12","0","KOSDAQ","-0.14","41.45","","41.51"
"A091590","남화토건","12","0","KOSDAQ","-0.55","64.22","","64.57"
"A091700","파트론","12","0","KOSDAQ","-4.93","574.06","","603.84"
"A091810","트리니티항공","12","0","외감","","","",""
"A091970","LSK아이로봇","12","0","KOSDAQ","-1.94","28.07","","28.63"
"A092040","아미코젠","12","0","KOSDAQ","-0.96","565.18","","570.65"
"A092070","디엔에프","12","0","KOSDAQ","-3.01","156.05","","160.89"
"A092130","이크레더블","12","0","KOSDAQ","0.62","117.43","","116.7"
"A092190","서울바이오시스","12","0","외감","","","",""
"A092200","디아이씨","12","0","KOSPI","1.29","170.56","","168.39"
"A092220","KEC","12","0","KOSPI","-1.7","68.2","","69.38"
"A092230","KPX홀딩스","12","0","KOSPI","-0.5","253.48","","254.75"
"A092300","현우산업","12","0","KOSDAQ","6.95","26.55","","24.82"
"A092440","기신정기","3","0","KOSPI","-0.85","170.53","","171.99"
"A092460","한라IMS","12","0","KOSDAQ","-1.59","72.48","","73.66"
"A092600","앤씨앤","12","0","KOSDAQ","1.43","94.15","","92.82"
"A092730","네오팜","12","0","KOSDAQ","1.16","227.57","","224.96"
"A092780","DYP","12","0","외감","","","",""
"A092790","넥스틸","12","0","외감","","","",""
"A092870","엑시콘","12","0","KOSDAQ","-1.81","62.63","","63.78"
"A093050","LF","12","1","KOSPI","0","748.54","","748.54"
"A093190","빅솔론","12","0","KOSDAQ","-1.16","130.56","","132.09"
"A093240","형지엘리트","6","0","KOSPI","-1.23","41.04","","41.55"
"A093320","케이아이엔엑스","12","0","KOSDAQ","-1.2","80.03","","81.01"
"A093370","후성","12","1","KOSPI","-0.91","403.32","","407.02"
"A093380","풍강","8","0","KOSDAQ","0","32.4","","32.4"
"A093520","매커스","12","0","KOSDAQ","-1.7","51.46","","52.35"
"A093640","케이알엠","12","0","KOSDAQ","2.58","29.37","","28.64"
"A093920","서원인텍","12","0","KOSDAQ","0.88","212.97","","211.11"
"A094170","동운아나텍","12","0","KOSDAQ","1.23","73.99","","73.09"
"A094280","효성ITX","12","0","KOSPI","-1.08","158.35","","160.08"
"A094360","칩스앤미디어","12","0","KOSDAQ","26.83","53.73","","42.37"
"A094480","갤럭시아머니트리","12","0","KOSDAQ","0","145.32","","145.32"
"A094820","일진파워","12","0","KOSDAQ","0","70.19","","70.19"
"A094840","슈프리마에이치큐","12","0","KOSDAQ","1.31","65.08","","64.24"
"A094850","참좋은여행","12","0","KOSDAQ","0.49","144.9","","144.2"
"A094860","네오리진","12","0","KOSDAQ","-5.53","45.71","","48.38"
"A094940","푸른로보틱스","12","0","KOSDAQ","-3.95","37.06","","38.59"
"A094970","제이엠티","12","0","KOSDAQ","3.95","33.08","","31.82"
"A095190","신화프리텍","12","0","KOSDAQ","1.72","101.5","","99.79"
"A095270","웨이브일렉트로","12","0","KOSDAQ","0","253.21","","253.21"
"A095340","ISC","12","0","KOSDAQ","1.76","334.56","","328.76"
"A095500","미래나노텍","12","0","KOSDAQ","-0.62","112.72","","113.42"
"A095570","AJ네트웍스","12","0","KOSPI","1.83","390.5","","383.47"
"A095610","테스","12","0","KOSDAQ","-3.57","170.79","","177.11"
"A095660","네오위즈","12","0","KOSDAQ","1.37","324.34","","319.96"
"A095700","제넥신","12","0","KOSDAQ","1.39","493.48","","486.7"
"A095720","웅진씽크빅","12","0","KOSPI","1.81","486.43","","477.77"
"A095910","에스에너지","12","0","KOSDAQ","2.53","89.37","","87.17"
"A096240","크레버스","12","0","KOSDAQ","-3.3","91.16","","94.27"
"A096250","와이즈넛","12","0","외감","","","",""
"A096350","대창솔루션","12","0","KOSDAQ","-0.21","26.71","","26.77"
"A096530","씨젠","12","0","KOSDAQ","0","926.06","","926.06"
"A096610","알에프세미","12","0","KOSDAQ","0.26","62.29","","62.13"
"A096630","에스코넥","12","0","KOSDAQ","4.57","134.45","","128.57"
"A096690","에이루트","12","0","KOSDAQ","0.78","90.9","","90.2"
"A096760","JW홀딩스","12","0","KOSPI","-0.6","481.6","","484.49"
"A096770","SK이노베이션","12","1","KOSPI","-1.58","14378.4","","14609.56"
"A096870","엘디티","12","0","KOSDAQ","-1.44","18.23","","18.5"
"A097230","HJ중공업","12","1","KOSPI","-2.16","394.32","","403.02"
"A097520","엠씨넥스","12","0","KOSDAQ","-1.78","224.06","","228.1"
"A097780","에코볼트","12","0","KOSDAQ","-2.12","92.22","","94.21"
"A097800","윈팩","12","0","KOSDAQ","4.44","133.63","","127.95"
"A097870","효성오앤비","6","0","KOSDAQ","-3.25","112.23","","116"
"A097950","CJ제일제당","12","1","KOSPI","-0.66","4960.64","","4993.54"
"A098070","한텍","12","0","외감","","","",""
"A098120","마이크로컨텍솔","12","0","KOSDAQ","-3.65","50.46","","52.37"
"A098460","고영","12","0","KOSDAQ","2.82","522.23","","507.89"
"A098660","에스티오","12","0","KOSDAQ","1.86","34.34","","33.71"
"A099190","아이센스","12","0","KOSDAQ","-0.54","509.48","","512.22"
"A099220","SDN","12","0","KOSDAQ","-1.69","51.05","","51.92"
"A099320","쎄트렉아이","12","0","KOSDAQ","-1","126.64","","127.92"
"A099390","브레인즈컴퍼니","12","0","외감","","","",""
"A099410","동방선기","12","0","KOSDAQ","1.65","44.02","","43.3"
"A099430","바이오플러스","12","0","외감","","","",""
"A099440","스맥","12","0","KOSDAQ","0.12","89.46","","89.35"
"A099520","DGI","12","0","KOSDAQ","-3.98","25.55","","26.6"
"A099750","이지케어텍","3","0","외감","","","",""
"A100030","인지소프트","12","0","KOSDAQ","-3.31","38.42","","39.73"
"A100090","SK오션플랜트","12","0","KOSDAQ","-5.67","74.03","","78.48"
"A100120","뷰웍스","12","0","KOSDAQ","1.1","461.09","","456.09"
"A100130","동국S&C","12","0","KOSDAQ","9.59","320","","292"
"A100220","비상교육","12","0","KOSPI","1","131.92","","130.62"
"A100250","진양홀딩스","12","0","KOSPI","2.33","196.47","","192"
"A100590","머큐리","12","0","외감","","","",""
"A100660","서암기계공업","12","0","KOSDAQ","-0.46","41.2","","41.39"
"A100700","세운메디칼","12","0","KOSDAQ","-1.24","192.28","","194.69"
"A100790","미래에셋벤처투자","12","0","외감","","","",""
"A100840","SNT에너지","12","0","KOSPI","-1.04","169.32","","171.09"
"A101000","KS인더스트리","12","0","KOSDAQ","2.7","63.18","","61.53"
"A101140","인바이오젠","12","0","KOSPI","-0.95","31.24","","31.54"
"A101160","월덱스","12","0","KOSDAQ","-0.22","30.98","","31.05"
"A101170","우림피티에스","12","0","KOSDAQ","-0.54","49.75","","50.02"
"A101240","씨큐브","12","0","KOSDAQ","1.14","73.67","","72.83"
"A101330","모베이스","12","0","KOSDAQ","0.78","119.91","","118.97"
"A101360","에코앤드림","12","0","KONEX","0","31.93","","31.93"
"A101390","아이엠","12","0","KOSDAQ","2.93","79.28","","77.03"
"A101400","엔시트론","12","0","KOSDAQ","0","45.02","","45.02"
"A101490","에스앤에스텍","12","0","KOSDAQ","1.19","167.16","","165.18"
"A101530","해태제과식품","12","0","외감","","","",""
"A101670","하이드로리튬","12","0","KOSDAQ","0.87","30.81","","30.54"
"A101680","한국정밀기계","12","0","KOSDAQ","0.12","33.83","","33.78"
"A101730","위메이드맥스","12","0","KOSDAQ","2.24","73.74","","72.12"
"A101930","인화정공","12","0","KOSDAQ","0","46.85","","46.85"
"A101970","우양에이치씨","12","0","외감","","","",""
"A102120","어보브반도체","12","0","KOSDAQ","-1.38","112.44","","114.01"
"A102260","동성케미컬","12","0","KOSPI","-2.11","294.48","","300.85"
"A102370","케이옥션","12","0","외감","","","",""
"A102460","이연제약","12","0","KOSPI","0.9","434.09","","430.22"
"A102710","이엔에프테크놀로지","12","0","KOSDAQ","2.84","257.02","","249.92"
"A102940","코오롱생명과학","12","0","KOSDAQ","0.1","1280.64","","1279.3"
"A103140","풍산","12","1","KOSPI","-0.87","795.89","","802.9"
"A103230","에스앤더블류","12","0","KOSDAQ","1.16","31.32","","30.96"
"A103590","일진전기","12","0","KOSPI","-0.58","190.96","","192.08"
"A103840","우양","12","0","외감","","","",""
"A104040","디에스엠","12","0","KOSDAQ","0","32.78","","32.78"
"A104200","NHN벅스","12","0","KOSDAQ","1.75","172","","169.03"
"A104460","디와이피엔에프","12","0","KOSDAQ","-2.15","48.75","","49.82"
"A104480","티케이케미칼","12","0","KOSDAQ","0.23","198.15","","197.7"
"A104540","코렌텍","12","0","KOSDAQ","0.7","138.63","","137.66"
"A104620","노랑풍선","12","0","외감","","","",""
"A104700","한국철강","12","1","KOSPI","-2.87","358.73","","369.32"
"A104830","원익머트리얼즈","12","0","KOSDAQ","1.3","385.71","","380.76"
"A105330","케이엔더블유","12","0","KOSDAQ","1.08","37.14","","36.74"
"A105550","엣지파운드리","12","0","KOSDAQ","0","57.68","","57.68"
"A105560","KB금융","12","1","KOSPI","1.08","12614.38","","12479.16"
"A105630","한세실업","12","1","KOSPI","1.08","2248","","2224"
"A105740","디케이락","12","0","KOSDAQ","-0.18","43.13","","43.21"
"A105760","포스뱅크","12","0","외감","","","",""
"A105840","우진","12","0","KOSPI","0.38","138.36","","137.84"
"A106080","케이이엠텍","12","0","KOSDAQ","-2.4","46.39","","47.53"
"A106190","하이텍팜","12","0","KOSDAQ","0","102.08","","102.08"
"A106240","파인테크닉스","12","0","KOSDAQ","-0.16","102.89","","103.05"
"A106520","노블엠앤비","12","0","KOSDAQ","-1.47","157.85","","160.21"
"A107590","미원홀딩스","12","0","KOSPI","-2.45","231.94","","237.77"
"A107600","새빗켐","12","0","외감","","","",""
"A107640","한중엔시에스","12","0","KONEX","-14.94","17.91","","21.05"
"A108230","톱텍","12","0","KOSDAQ","0","470.22","","470.22"
"A108320","LX세미콘","12","0","KOSDAQ","6.16","532.66","","501.75"
"A108380","대양전기공업","12","0","KOSDAQ","0","127.72","","127.72"
"A108490","로보티즈","12","0","외감","","","",""
"A108670","LX하우시스","12","1","KOSPI","4.78","1179.25","","1125.44"
"A108860","셀바스AI","12","0","KOSDAQ","-1.57","83.15","","84.47"
"A109070","주성코퍼레이션","12","0","KOSPI","-2.24","41.17","","42.12"
"A109080","옵티시스","12","0","KOSDAQ","-2.04","35.23","","35.96"
"A109610","에스와이","12","0","KOSDAQ","0","79.98","","79.98"
"A109670","씨싸이트","12","0","외감","","","",""
"A109740","디에스케이","12","0","KOSDAQ","23.47","170.95","","138.45"
"A109820","진매트릭스","12","0","KOSDAQ","0.17","24.74","","24.69"
"A109860","동일금속","12","0","KOSDAQ","-0.11","62.16","","62.23"
"A109960","앱토크롬","12","0","KOSDAQ","-3.02","103.4","","106.61"
"A110020","전진바이오팜","12","0","외감","","","",""
"A110790","크리스에프앤씨","12","0","외감","","","",""
"A110990","디아이티","12","0","외감","","","",""
"A111110","호전실업","12","0","외감","","","",""
"A111380","동인기연","12","0","외감","","","",""
"A111710","남화산업","12","0","외감","","","",""
"A111770","영원무역","12","1","KOSPI","-1.55","2251.02","","2286.47"
"A112040","위메이드","12","0","KOSDAQ","-2.03","527.52","","538.44"
"A112290","와이씨켐","12","0","외감","","","",""
"A112610","씨에스윈드","12","0","KOSPI","-1.52","337.07","","342.26"
"A113810","디젠스","12","0","KOSDAQ","-1","28.98","","29.27"
"A114090","GKL","12","1","KOSPI","-0.41","1493.81","","1500"
"A114190","강원에너지","12","0","KOSDAQ","1.75","48.81","","47.97"
"A114450","그린생명과학","12","0","KOSDAQ","10.97","92.55","","83.4"
"A114630","폴라리스우노","12","0","KOSDAQ","-0.91","75.07","","75.76"
"A114810","한솔아이원스","12","0","KOSDAQ","0.39","270.79","","269.74"
"A114840","아이패밀리에스씨","12","0","외감","","","",""
"A115160","휴맥스","12","0","KOSDAQ","-0.37","320.42","","321.61"
"A115180","큐리언트","12","0","KOSDAQ","-1.39","307.16","","311.49"
"A115310","인포바인","12","0","KOSDAQ","0","78.78","","78.78"
"A115440","우리넷","12","0","KOSDAQ","-3","35.01","","36.09"
"A115450","HLB테라퓨틱스","12","0","KOSDAQ","-2.33","426.02","","436.16"
"A115480","씨유메디칼","12","0","KOSDAQ","2.59","47.5","","46.31"
"A115500","케이씨에스","12","0","KOSDAQ","1.48","66","","65.04"
"A115530","씨엔플러스","12","0","KOSDAQ","10.98","67.52","","60.84"
"A115570","스타플렉스","12","0","KOSDAQ","-3.4","39.77","","41.17"
"A115610","이미지스","12","0","KOSDAQ","4.16","53.76","","51.61"
"A117580","대성에너지","12","0","KOSPI","0.65","170.5","","169.4"
"A117670","알파칩스","12","0","KOSDAQ","2.53","61.77","","60.25"
"A117730","티로보틱스","12","0","외감","","","",""
"A118000","메타케어","12","0","KOSPI","0.16","55.31","","55.22"
"A118990","모트렉스","12","0","외감","","","",""
"A119500","포메탈","12","0","KOSDAQ","-0.45","40.16","","40.34"
"A119610","인터로조","12","0","KOSDAQ","1.54","425.65","","419.19"
"A119650","KC코트렐","12","0","KOSPI","0.55","55.2","","54.9"
"A119830","아이텍","12","0","KOSDAQ","-2.07","41.83","","42.71"
"A119850","지엔씨에너지","12","0","KOSDAQ","0.54","63.69","","63.35"
"A120030","조선선재","12","0","KOSPI","0.45","83.89","","83.51"
"A120110","코오롱인더","12","1","KOSPI","-2.68","1735.78","","1783.51"
"A120240","대정화금","12","0","KOSDAQ","-0.37","81.66","","81.96"
"A121440","골프존홀딩스","12","0","KOSDAQ","-3.06","379.96","","391.96"
"A121600","나노신소재","12","0","KOSDAQ","0.57","190.39","","189.3"
"A121800","비덴트","12","0","KOSDAQ","8.97","219.4","","201.34"
"A121850","코이즈","12","0","KOSDAQ","19.02","54.32","","45.63"
"A121890","에스디시스템","12","0","KOSDAQ","0.74","36.1","","35.83"
"A122310","제노레이","12","0","외감","","","",""
"A122350","삼기","12","0","KOSDAQ","-1.96","123.62","","126.08"
"A122450","KX","12","0","KOSDAQ","4.64","130.69","","124.9"
"A122640","예스티","12","0","KOSDAQ","2.12","83.52","","81.79"
"A122690","서진오토모티브","12","0","KOSDAQ","-5.79","114.79","","121.85"
"A122870","와이지엔터테인먼트","12","0","KOSDAQ","-1.15","583.23","","590.01"
"A122900","아이마켓코리아","12","0","KOSPI","2.63","700.9","","682.92"
"A122990","와이솔","12","0","KOSDAQ","4","301.47","","289.88"
"A123010","알엔티엑스","12","0","KONEX","7.95","16.61","","15.39"
"A123040","엠에스오토텍","12","0","KOSDAQ","2.63","63.18","","61.57"
"A123330","제닉","12","0","KOSDAQ","3.21","121.59","","117.81"
"A123410","코리아에프티","12","0","KOSDAQ","2.67","112.34","","109.42"
"A123420","위메이드플레이","12","0","KOSDAQ","-0.44","367.69","","369.31"
"A123570","이엠넷","12","0","KOSDAQ","3.39","35.26","","34.1"
"A123690","한국화장품","12","0","KOSPI","2.49","165.5","","161.48"
"A123700","SJM","12","0","KOSPI","-0.28","110.79","","111.11"
"A123750","알톤","12","0","KOSDAQ","1.82","103.54","","101.7"
"A123840","뉴온","12","0","KOSDAQ","4.3","100.78","","96.63"
"A123860","아나패스","12","0","KOSDAQ","-4.2","173.18","","180.78"
"A123890","한국자산신탁","12","0","외감","","","",""
"A124500","아이티센글로벌","12","0","KOSDAQ","0.75","59.45","","59.01"
"A124560","태웅로직스","12","0","외감","","","",""
"A125020","티씨머티리얼즈","12","0","외감","","","",""
"A125210","아모그린텍","12","0","외감","","","",""
"A125490","한라캐스트","12","0","외감","","","",""
"A126340","비나텍","12","0","KONEX","0","11.34","","11.34"
"A126560","현대퓨처넷","12","0","KOSPI","1.93","370.61","","363.6"
"A126600","BGF에코머티리얼즈","12","0","KOSDAQ","0","135.5","","135.5"
"A126640","화신정공","12","0","KOSDAQ","0.34","53.47","","53.29"
"A126700","하이비젼시스템","12","0","KOSDAQ","-1.72","145.09","","147.63"
"A126720","수산인더스트리","12","0","외감","","","",""
"A126730","코칩","12","0","외감","","","",""
"A126880","제이엔케이글로벌","12","0","KOSDAQ","-1.39","56.56","","57.36"
"A127120","제이에스링크","12","0","KOSDAQ","0.94","67.18","","66.55"
"A127710","아시아경제","12","0","KOSDAQ","1.12","68.16","","67.4"
"A127980","화인써키트","12","0","외감","","","",""
"A128540","에코캡","12","0","외감","","","",""
"A128660","피제이메탈","12","0","KOSDAQ","0.54","40.53","","40.31"
"A128820","대성산업","12","0","KOSPI","0.14","83.34","","83.22"
"A128940","한미약품","12","1","KOSPI","0.75","7001.96","","6949.78"
"A129260","인터지스","12","0","KOSPI","-3.37","93.69","","96.96"
"A129890","앱코","12","0","외감","","","",""
"A129920","대성하이텍","12","0","외감","","","",""
"A130500","GH신소재","12","0","KOSDAQ","-3.18","51.1","","52.78"
"A130580","나이스디앤비","12","0","KOSDAQ","-0.76","80.23","","80.85"
"A130660","한전산업","12","0","KOSPI","-0.97","165.93","","167.56"
"A130740","티피씨글로벌","12","0","KOSDAQ","-0.3","31.7","","31.8"
"A131030","옵투스제약","12","0","KOSDAQ","7.01","164.32","","153.56"
"A131090","시큐브","12","0","KOSDAQ","-2.55","30.81","","31.62"
"A131100","티엔엔터테인먼트","12","0","KOSDAQ","-1.54","28.26","","28.7"
"A131180","딜리","12","0","KOSDAQ","-1.13","76.75","","77.63"
"A131220","대한과학","12","0","KOSDAQ","1.94","64.05","","62.83"
"A131290","티에스이","12","0","KOSDAQ","0","111.72","","111.72"
"A131370","알서포트","12","0","KOSDAQ","2.13","127.84","","125.18"
"A131400","이브이첨단소재","12","0","KOSDAQ","-0.8","27.75","","27.98"
"A131760","파인텍","12","0","KOSDAQ","0.71","44.78","","44.46"
"A131970","두산테스나","12","0","KOSDAQ","-0.75","63.23","","63.71"
"A133750","메가엠디","12","0","KOSDAQ","-0.12","85.79","","85.89"
"A133820","화인베스틸","12","0","KOSPI","2.88","80.25","","78"
"A134060","이퓨쳐","12","0","KOSDAQ","-0.8","29.76","","30"
"A134380","미원화학","12","0","KOSPI","0.53","111.31","","110.72"
"A134580","탑코미디어","12","0","KOSDAQ","-1.6","41.63","","42.3"
"A134790","시디즈","12","0","KOSPI","-16.5","33.9","","40.6"
"A136150","원일티엔아이","12","0","외감","","","",""
"A136410","아셈스","12","0","외감","","","",""
"A136480","하림","12","0","KOSDAQ","-0.94","227.92","","230.08"
"A136490","선진","12","0","KOSPI","-0.17","236.87","","237.28"
"A136540","윈스테크넷","12","0","KOSDAQ","-3.43","105.03","","108.76"
"A137080","나래나노텍","12","0","외감","","","",""
"A137310","에스디바이오센서","12","0","외감","","","",""
"A137400","피엔티","12","0","KOSDAQ","0","79.8","","79.8"
"A137940","넥스트아이","12","0","KOSDAQ","0","125.54","","125.54"
"A137950","제이씨케미칼","12","0","KOSDAQ","-0.68","56.87","","57.26"
"A138040","메리츠금융지주","12","0","KOSPI","0.8","1800.36","","1786.07"
"A138070","신진에스엠","12","0","KOSDAQ","-2.64","115.74","","118.88"
"A138080","오이솔루션","12","0","KOSDAQ","0.38","68.63","","68.37"
"A138360","앤로보틱스","12","0","KOSDAQ","2.94","85.61","","83.16"
"A138610","나이벡","12","0","KOSDAQ","1.77","60.03","","58.98"
"A138930","BNK금융지주","12","1","KOSPI","1.61","3083.35","","3034.46"
"A139130","iM금융지주","12","0","KOSPI","1.77","1551.91","","1524.86"
"A139480","이마트","12","1","KOSPI","1.4","5045.52","","4975.83"
"A139670","키네마스터","12","0","KOSDAQ","-1.25","38.8","","39.29"
"A139990","아주스틸","12","0","외감","","","",""
"A140070","서플러스글로벌","12","0","외감","","","",""
"A140410","메지온","12","0","KOSDAQ","0","214.56","","214.56"
"A140430","카티스","12","0","외감","","","",""
"A140520","대창스틸","12","0","KOSDAQ","0.68","53.75","","53.38"
"A140670","알에스오토메이션","12","0","외감","","","",""
"A140860","파크시스템스","12","0","KOSDAQ","0","80.84","","80.84"
"A141000","비아트론","12","0","KOSDAQ","0.2","284.01","","283.44"
"A141080","리가켐바이오","12","0","KOSDAQ","-0.2","228.83","","229.28"
"A142210","유니트론텍","12","0","KOSDAQ","3.68","60.58","","58.43"
"A142280","녹십자엠에스","12","0","KOSDAQ","-1.74","134.8","","137.19"
"A142760","모아라이프플러스","12","0","KONEX","2.12","107.07","","104.85"
"A143160","아이디스","12","0","KOSDAQ","0","192.9","","192.9"
"A143210","핸즈코퍼레이션","12","0","외감","","","",""
"A143240","사람인","12","0","KOSDAQ","1.28","183.82","","181.49"
"A143540","영우디에스피","12","0","KOSDAQ","1.2","55.42","","54.76"
"A144510","지씨셀","12","0","외감","","","",""
"A144960","뉴파워프라즈마","12","0","외감","","","",""
"A145020","휴젤","12","0","KOSDAQ","-0.99","852.87","","861.41"
"A145170","노브랜드","12","0","외감","","","",""
"A145210","다이나믹디자인","12","0","KOSPI","0.87","110.03","","109.08"
"A145720","덴티움","12","0","외감","","","",""
"A145990","삼양사","12","1","KOSPI","1.34","1011.49","","998.11"
"A146060","율촌","12","0","외감","","","",""
"A146320","비씨엔씨","12","0","외감","","","",""
"A147760","피엠티","12","0","외감","","","",""
"A147830","제룡산업","12","0","KOSDAQ","-0.24","33.63","","33.71"
"A148150","세경하이테크","12","0","외감","","","",""
"A148250","알엔투테크놀로지","12","0","KONEX","4.52","52.04","","49.79"
"A148780","비큐AI","12","0","외감","","","",""
"A148930","에이치와이티씨","12","0","외감","","","",""
"A149950","아바텍","12","0","KOSDAQ","0.35","139.1","","138.61"
"A149980","하이로닉","12","0","KOSDAQ","0","149.83","","149.83"
"A150900","파수AI","12","0","KOSDAQ","-3.37","64.86","","67.12"
"A151860","KG에코솔루션","12","0","KOSDAQ","-1.29","124.2","","125.82"
"A153460","네이블","12","0","KOSDAQ","-0.32","30.59","","30.69"
"A153490","우리이앤엘하루틴","12","0","KOSDAQ","2.07","73.85","","72.36"
"A153710","옵티팜","12","0","외감","","","",""
"A154030","아시아종묘","12","0","KONEX","-4.74","33","","34.64"
"A154040","다산솔루에타","12","0","KOSDAQ","1.94","81.27","","79.72"
"A155650","와이엠씨","12","0","KOSDAQ","-4.78","39.26","","41.24"
"A155660","DSR","12","0","KOSPI","-3.16","61.2","","63.2"
"A156100","엘앤케이바이오","12","0","KONEX","0.2","219.6","","219.15"
"A158430","아톤","12","0","외감","","","",""
"A159010","아스플로","12","0","외감","","","",""
"A159580","제로투세븐","12","0","KOSDAQ","-2.03","100.9","","102.99"
"A159910","에코글로우","12","0","KOSDAQ","-2.17","92.27","","94.31"
"A160190","하이젠알앤엠","12","0","외감","","","",""
"A160550","NEW","12","0","KOSDAQ","0.96","434.39","","430.28"
"A160980","싸이맥스","12","0","KOSDAQ","0","57.57","","57.57"
"A161000","애경케미칼","12","0","KOSPI","1.47","176.86","","174.3"
"A161390","한국타이어앤테크놀로지","12","1","KOSPI","0.39","6354.79","","6330.02"
"A161580","필옵틱스","12","0","외감","","","",""
"A161890","한국콜마","12","1","KOSPI","6.12","1793.51","","1690.12"
"A162300","신스틸","12","0","외감","","","",""
"A163280","에어레인","12","0","외감","","","",""
"A163560","동일고무벨트","12","0","KOSPI","-0.47","125.44","","126.03"
"A163730","핑거","12","0","외감","","","",""
"A166090","하나머티리얼즈","12","0","외감","","","",""
"A166480","코아스템켐온","12","0","KOSDAQ","0.49","319.85","","318.28"
"A168330","내츄럴엔도텍","12","0","KOSDAQ","0","318.44","","318.44"
"A168360","펨트론","12","0","외감","","","",""
"A169330","엠브레인","6","0","외감","","","",""
"A170030","현대공업","12","0","KOSDAQ","-1.97","83.72","","85.4"
"A170790","파이오링크","12","0","KOSDAQ","-1.09","55.88","","56.5"
"A170900","동아에스티","12","1","KOSPI","2.67","1283.22","","1249.89"
"A170920","엘티씨","12","0","KOSDAQ","0","73.43","","73.43"
"A171010","램테크놀러지","12","0","KOSDAQ","-1.44","31.19","","31.64"
"A171090","선익시스템","12","0","외감","","","",""
"A171120","라이온켐텍","12","0","KOSDAQ","0.34","226.17","","225.4"
"A172670","에이엘티","12","0","외감","","","",""
"A173130","오파스넷","12","0","외감","","","",""
"A173940","에프엔씨엔터","12","0","KOSDAQ","0","229.12","","229.12"
"A174900","앱클론","12","0","외감","","","",""
"A175140","아고스","12","0","KOSDAQ","-1.47","46.95","","47.65"
"A175250","아이큐어","12","0","외감","","","",""
"A175330","JB금융지주","12","0","KOSPI","-0.36","868.91","","872.02"
"A176750","듀켐바이오","12","0","KONEX","-1.62","91","","92.5"
"A177350","베셀","12","0","KOSDAQ","-4.76","54.58","","57.31"
"A177830","파버나인","12","0","KOSDAQ","-0.78","34.28","","34.54"
"A177900","쓰리에이로직스","12","0","외감","","","",""
"A178320","서진시스템","12","0","외감","","","",""
"A178780","일월지엠엘","12","0","KOSDAQ","3.75","75.9","","73.16"
"A178920","PI첨단소재","12","0","KOSDAQ","0.6","293.66","","291.9"
"A179290","엠아이텍","12","0","외감","","","",""
"A179530","애드바이오텍","12","0","외감","","","",""
"A179900","유티아이","12","0","외감","","","",""
"A180400","DXVX","12","0","KOSDAQ","1.25","59.19","","58.47"
"A180640","한진칼","12","0","KOSPI","2.83","1052.83","","1023.8"
"A181710","NHN","12","0","KOSPI","-0.54","1083.9","","1089.77"
"A182360","큐브엔터","12","0","KOSDAQ","9.34","71.93","","65.79"
"A182400","엔케이젠바이오텍코리아","12","0","KOSDAQ","0.63","439.17","","436.44"
"A183190","아세아시멘트","12","0","KOSPI","-1.48","306.18","","310.79"
"A183300","코미코","12","0","외감","","","",""
"A183490","엔지켐생명과학","12","0","KONEX","0.82","399.4","","396.15"
"A184230","SGA솔루션즈","12","0","KOSDAQ","-2.53","75.65","","77.62"
"A185490","아이진","12","0","KOSDAQ","1.41","252.28","","248.77"
"A185750","종근당","12","1","KOSPI","1.57","1213.77","","1194.95"
"A186230","그린플러스","12","0","KONEX","0","24.66","","24.66"
"A187220","디티앤씨","12","0","KOSDAQ","-1.9","127.12","","129.58"
"A187270","신화콘텍","12","0","KOSDAQ","0","34.66","","34.66"
"A187420","HLB제넥스","12","0","KOSDAQ","0.83","217.7","","215.91"
"A187660","페니트리움바이오","12","0","외감","","","",""
"A187790","나노","12","0","KOSDAQ","-2.62","39.72","","40.79"
"A187870","디바이스","12","0","외감","","","",""
"A188040","바이오포트","12","0","외감","","","",""
"A188260","세니젠","12","0","외감","","","",""
"A189300","인텔리안테크","12","0","외감","","","",""
"A189330","씨이랩","12","0","KONEX","0","5.72","","5.72"
"A189690","포시에스","6","0","KOSDAQ","3.03","50.94","","49.44"
"A189860","서전기전","12","0","KOSDAQ","0","34.82","","34.82"
"A189980","흥국에프엔비","12","0","KOSDAQ","1.87","200.05","","196.38"
"A190510","나무가","12","0","KOSDAQ","-0.14","243.56","","243.89"
"A190650","코리아에셋투자증권","3","0","외감","","","",""
"A191410","육일씨엔에쓰","12","0","KOSDAQ","0.23","75.6","","75.43"
"A191420","테고사이언스","12","0","KOSDAQ","5.12","94.98","","90.35"
"A192080","더블유게임즈","12","0","KOSDAQ","-1.39","667.36","","676.75"
"A192250","케이사인","12","0","KOSDAQ","-0.21","143.85","","144.16"
"A192390","윈하이텍","12","0","KOSDAQ","9.17","58.69","","53.75"
"A192400","쿠쿠홀딩스","12","0","KOSPI","0.73","2019.49","","2004.79"
"A192410","오늘이엔엠","12","0","KOSDAQ","0.56","25.99","","25.85"
"A192440","슈피겐코리아","12","0","KOSDAQ","1.46","345.63","","340.66"
"A192650","드림텍","12","0","외감","","","",""
"A192820","코스맥스","12","1","KOSPI","10.67","1259.93","","1138.44"
"A193250","링크드","12","0","KOSDAQ","29.93","94.14","","72.46"
"A194370","제이에스코퍼레이션","12","0","KOSPI","8.06","380.23","","350.5"
"A194480","데브시스터즈","12","0","KOSDAQ","-1.72","280.5","","285.42"
"A194700","노바렉스","12","0","외감","","","",""
"A195500","마니커에프앤지","12","0","외감","","","",""
"A195870","해성디에스","12","0","외감","","","",""
"A195940","HK이노엔","12","0","외감","","","",""
"A195990","루트K","12","0","KOSDAQ","0.71","131.19","","130.27"
"A196170","알테오젠","12","0","KOSDAQ","-3.98","206.67","","215.24"
"A196300","HLB펩","12","0","외감","","","",""
"A196450","코아시아씨엠","12","0","KOSDAQ","0.41","95.03","","94.64"
"A196490","디에이테크놀로지","12","0","KOSDAQ","0.63","57.6","","57.23"
"A196700","웹스","12","0","KOSDAQ","-2.07","38.97","","39.79"
"A197140","디지캡","12","0","KONEX","-0.38","16.43","","16.49"
"A198080","캐프","12","0","외감","","","",""
"A198440","강동씨앤엘","12","0","KOSDAQ","-0.25","13.97","","14"
"A198940","한주라이트메탈","12","0","KONEX","0","13.6","","13.6"
"A199430","케이엔알시스템","12","0","외감","","","",""
"A199480","뱅크웨어글로벌","12","0","외감","","","",""
"A199550","레이저옵텍","12","0","외감","","","",""
"A199730","바이오인프라","12","0","외감","","","",""
"A199800","툴젠","12","0","KONEX","-9.87","165.81","","183.96"
"A199820","제일일렉트릭","12","0","외감","","","",""
"A200130","콜마비앤에이치","12","0","KOSDAQ","-1.46","1097.54","","1113.79"
"A200230","텔콘RF제약","12","0","KOSDAQ","0.47","107.47","","106.97"
"A200350","아티스트스튜디오","12","0","KONEX","-0.54","33.2","","30.61"
"A200470","에이팩트","12","0","KOSDAQ","0.48","36.51","","36.34"
"A200670","휴메딕스","12","0","KOSDAQ","-0.35","495.05","","496.8"
"A200710","에이디테크놀로지","12","0","KOSDAQ","0.44","46.38","","46.18"
"A200780","비씨월드제약","12","0","KOSDAQ","2.48","220.24","","214.9"
"A200880","서연이화","12","0","KOSPI","-2.79","377.05","","387.86"
"A201490","미투온","12","0","외감","","","",""
"A203400","에이비온","12","0","KONEX","-0.48","89.03","","89.46"
"A203450","유니온바이오메트릭스","12","0","KONEX","0","27.81","","27.81"
"A203650","드림시큐리티","12","0","KOSDAQ","-0.75","10.92","","11"
"A203690","아크솔루션스","12","0","KOSDAQ","3.48","283.74","","274.2"
"A204020","그리티","12","0","외감","","","",""
"A204270","제이앤티씨","12","0","외감","","","",""
"A204320","HL만도","12","0","KOSPI","-1","1399.32","","1413.41"
"A204610","티쓰리","12","0","외감","","","",""
"A204620","글로벌텍스프리","12","0","KOSDAQ","-0.5","11.85","","11.91"
"A204840","지엘팜텍","12","0","KOSDAQ","-0.25","8.98","","9"
"A205100","엑셈","12","0","KOSDAQ","3.74","118.88","","114.59"
"A205470","휴마시스","12","0","KOSDAQ","0","10.92","","10.92"
"A205500","넥써쓰","12","0","KOSDAQ","7.93","233.01","","215.89"
"A206400","베노티앤알","12","0","KOSDAQ","0.18","72.43","","72.3"
"A206560","덱스터","12","0","KOSDAQ","-1.34","236.64","","239.85"
"A206640","바디텍메드","12","0","KOSDAQ","-0.53","596.47","","599.63"
"A206650","유바이오로직스","12","0","외감","","","",""
"A207760","미스터블루","12","0","KOSDAQ","-0.62","90.19","","90.76"
"A207940","삼성바이오로직스","12","0","외감","","","",""
"A208140","정다운","12","0","KOSDAQ","0.5","5.41","","5.38"
"A208350","지란지교시큐리티","12","0","KOSDAQ","0","10.49","","10.49"
"A208370","셀바스헬스케어","12","0","KOSDAQ","-0.25","10.88","","10.91"
"A208640","썸에이지","12","0","KOSDAQ","0.25","32","","31.92"
"A208710","포톤","12","0","KOSDAQ","-3.33","70.26","","72.68"
"A208860","다산디엠씨","12","0","외감","","","",""
"A209640","와이제이링크","12","0","외감","","","",""
"A210120","캔버스엔","12","0","KONEX","0","38.93","","38.93"
"A210540","디와이파워","12","0","KOSPI","0.68","65.59","","65.15"
"A210980","SK디앤디","12","0","KOSPI","-0.47","677.43","","680.66"
"A211050","인카금융서비스","12","0","KONEX","14.91","18.04","","15.7"
"A211270","AP위성","12","0","KOSDAQ","0.97","136.22","","134.91"
"A212560","네오오토","12","0","KOSDAQ","0","52.76","","52.76"
"A212710","아이에스티이","12","0","외감","","","",""
"A213420","덕산네오룩스","12","0","KOSDAQ","0.15","388.45","","387.85"
"A213500","한솔제지","12","0","KOSPI","-2.44","362.98","","372.07"
"A214150","클래시스","12","0","KOSDAQ","-0.76","10.81","","10.89"
"A214180","헥토이노베이션","12","0","KOSDAQ","-3.04","173.52","","178.95"
"A214260","라파스","12","0","외감","","","",""
"A214270","FSN","12","0","KOSDAQ","0","10.75","","10.75"
"A214320","이노션","12","0","KOSPI","-0.84","1654","","1668"
"A214330","금호에이치티","12","0","KOSPI","-1.25","92.77","","93.94"
"A214370","케어젠","12","0","KOSDAQ","-0.08","1349.46","","1350.53"
"A214390","경보제약","12","0","KOSPI","1.03","352.63","","349.04"
"A214420","토니모리","12","0","KOSPI","2.88","377.5","","366.91"
"A214430","아이쓰리시스템","12","0","KOSDAQ","1.57","171.84","","169.19"
"A214450","파마리서치","12","0","KOSDAQ","0.86","669.26","","663.58"
"A214610","롤링스톤","12","0","KONEX","-6.46","80.98","","86.57"
"A214680","디알텍","12","0","KOSDAQ","-0.25","8.84","","8.87"
"A215000","골프존","12","0","KOSDAQ","6.78","484.46","","453.71"
"A215090","솔디펜스","12","0","KOSDAQ","-0.25","10.78","","10.81"
"A215100","로보로보","12","0","KOSDAQ","0.5","5.59","","5.56"
"A215200","메가스터디교육","12","0","KOSDAQ","-0.59","116.92","","117.61"
"A215360","우리산업","12","0","KOSDAQ","1.92","242","","237.44"
"A215380","콜마바이오텍","12","0","KOSDAQ","-0.25","10.84","","10.86"
"A215480","토박스코리아","12","0","KOSDAQ","-0.25","7.09","","7.11"
"A215600","신라젠","12","0","외감","","","",""
"A215790","이노인스트루먼트","12","0","KOSDAQ","-0.25","13.86","","13.9"
"A216050","인크로스","12","0","외감","","","",""
"A216080","제테마","12","0","외감","","","",""
"A217190","제너셈","12","0","KOSDAQ","-0.99","44.02","","44.46"
"A217270","넵튠","12","0","KOSDAQ","0","10.17","","10.17"
"A217330","싸이토젠","12","0","외감","","","",""
"A217480","에스디생명공학","12","0","외감","","","",""
"A217500","러셀","12","0","KOSDAQ","-0.51","9.33","","9.38"
"A217590","티엠씨","12","0","외감","","","",""
"A217730","강스템바이오텍","12","0","KOSDAQ","9.02","192.06","","176.17"
"A217820","원익피앤이","12","0","KOSDAQ","-1.52","79.14","","80.36"
"A218150","미래생명자원","12","0","KOSDAQ","-0.5","6.99","","7.02"
"A218410","RFHIC","12","0","KOSDAQ","0","14.17","","14.17"
"A219130","타이거일렉","12","0","KOSDAQ","2.32","30.69","","29.99"
"A219420","링크제니시스","12","0","외감","","","",""
"A219550","디와이디","12","0","KOSDAQ","0.77","12.54","","12.45"
"A219750","한국비티비","12","0","KONEX","0","41.25","","41.25"
"A220100","퓨쳐켐","12","0","KONEX","-6.04","57.93","","61.66"
"A220180","폴라리스AI핸디","12","0","KONEX","-10.55","67.21","","75.13"
"A220260","켐트로스","12","0","KOSDAQ","0.25","6.04","","6.02"
"A221800","지구홀딩스","12","0","KONEX","2.53","35.23","","34.36"
"A221840","하이즈항공","12","0","KOSDAQ","-1.29","162.45","","164.57"
"A221980","케이디켐","12","0","KOSDAQ","-1.38","57.5","","58.3"
"A222040","코스맥스엔비티","12","0","KOSDAQ","-3.95","527.05","","548.7"
"A222080","SFA넥셀","12","0","KOSDAQ","0","14","","14"
"A222110","팬젠","12","0","KOSDAQ","0.24","162.84","","162.46"
"A222160","NPX","12","0","KONEX","0","6.67","","6.67"
"A222420","쎄노텍","12","0","KOSDAQ","-0.25","6.52","","6.53"
"A222800","심텍","12","0","KOSDAQ","-3.64","168.54","","174.9"
"A222980","한국맥널티","12","0","KOSDAQ","-0.8","124.13","","125.12"
"A223250","드림씨아이에스","12","0","외감","","","",""
"A223310","사토시홀딩스","12","0","KOSDAQ","-2.05","91.91","","93.84"
"A224060","더코디","12","0","KOSDAQ","15.88","51.21","","44.2"
"A224110","에이텍모빌리티","12","0","KOSDAQ","0.57","46.78","","46.51"
"A225190","LK삼양","12","0","외감","","","",""
"A225220","제놀루션","12","0","KONEX","2.81","22.62","","22.01"
"A225430","케이엠제약","12","0","KOSDAQ","-0.25","8.87","","8.89"
"A225530","HC보광산업","12","0","KOSDAQ","4.86","86.75","","82.73"
"A225570","넥슨게임즈","12","0","KOSDAQ","-0.5","18.01","","18.1"
"A225590","패션플랫폼","12","0","KOSDAQ","1","10.34","","10.24"
"A226320","잇츠한불","12","0","KOSPI","0.58","1502.53","","1493.8"
"A226330","신테카바이오","12","0","외감","","","",""
"A226340","본느","12","0","KOSDAQ","-0.51","12.77","","12.84"
"A226400","오스테오닉","12","0","외감","","","",""
"A226590","엠디바이스","12","0","외감","","","",""
"A226950","올릭스","12","0","외감","","","",""
"A227100","프로브잇","12","0","외감","","","",""
"A227610","아우딘퓨쳐스","12","0","외감","","","",""
"A227840","현대코퍼레이션홀딩스","12","0","KOSPI","1.95","237.99","","233.44"
"A227950","엔투텍","12","0","KOSDAQ","0.74","15.33","","15.21"
"A228340","동양파일","12","0","외감","","","",""
"A228670","레이","12","0","외감","","","",""
"A228760","지노믹트리","12","0","외감","","","",""
"A228850","레이언스","12","0","외감","","","",""
"A229000","젠큐릭스","12","0","KONEX","-2.65","64.78","","66.54"
"A229640","LS에코에너지","12","0","외감","","","",""
"A230240","에치에프알","12","0","KOSDAQ","1.65","17.2","","16.92"
"A230360","에코마케팅","12","0","외감","","","",""
"A232140","와이씨","12","0","KOSDAQ","0.26","20.71","","20.66"
"A232680","라온로보틱스","12","0","KONEX","-14.72","7.56","","8.86"
"A232830","아이티센피엔에스","12","0","외감","","","",""
"A234030","싸이닉솔루션","12","0","외감","","","",""
"A234080","JW생명과학","12","0","외감","","","",""
"A234100","폴라리스세원","12","0","KONEX","0","24.55","","24.55"
"A234300","에스트래픽","12","0","외감","","","",""
"A234340","헥토파이낸셜","12","0","외감","","","",""
"A234690","녹십자웰빙","12","0","외감","","","",""
"A234920","자이글","12","0","외감","","","",""
"A235980","메드팩토","12","0","외감","","","",""
"A236200","슈프리마","12","0","KOSDAQ","-4.69","165.32","","173.47"
"A236810","엔비티","12","0","외감","","","",""
"A237690","에스티팜","12","0","외감","","","",""
"A237750","피앤씨테크","12","0","외감","","","",""
"A237820","플레이디","12","0","외감","","","",""
"A237880","클리오","12","0","외감","","","",""
"A238090","앤디포스","12","0","외감","","","",""
"A238120","얼라인드","12","0","외감","","","",""
"A238200","비피도","12","0","외감","","","",""
"A238490","힘스","12","0","외감","","","",""
"A239340","이스트에이드","12","0","외감","","","",""
"A239610","에이치엘사이언스","12","0","외감","","","",""
"A239890","피엔에이치테크","12","0","외감","","","",""
"A240550","동방메디컬","12","0","외감","","","",""
"A240600","유진테크놀로지","12","0","외감","","","",""
"A240810","원익IPS","12","0","외감","","","",""
"A241520","DSC인베스트먼트","12","0","외감","","","",""
"A241560","두산밥캣","12","0","외감","","","",""
"A241590","화승엔터프라이즈","12","0","외감","","","",""
"A241690","유니테크노","12","0","외감","","","",""
"A241710","코스메카코리아","12","0","외감","","","",""
"A241770","메카로","12","0","외감","","","",""
"A241790","티이엠씨씨엔에스","12","0","외감","","","",""
"A241820","피씨엘","12","0","외감","","","",""
"A241840","에이스토리","12","0","외감","","","",""
"A242040","나무에이엑스","12","0","외감","","","",""
"A243070","휴온스","12","0","외감","","","",""
"A243840","신흥에스이씨","12","0","외감","","","",""
"A244460","올리패스","12","0","외감","","","",""
"A244920","에이플러스에셋","12","0","외감","","","",""
"A245620","EDGC","12","0","외감","","","",""
"A246250","에스엘에스바이오","12","0","외감","","","",""
"A246690","TS인베스트먼트","12","0","외감","","","",""
"A246710","티앤알바이오팹","12","0","외감","","","",""
"A246720","아스타","12","0","외감","","","",""
"A246960","SCL사이언스","12","0","외감","","","",""
"A247540","에코프로비엠","12","0","외감","","","",""
"A247660","나노씨엠에스","12","0","외감","","","",""
"A248070","솔루엠","12","0","외감","","","",""
"A248170","샘표식품","12","0","외감","","","",""
"A249420","일동제약","12","0","외감","","","",""
"A250000","보라티알","12","0","외감","","","",""
"A250060","모비스","12","0","외감","","","",""
"A250930","예선테크","12","0","외감","","","",""
"A251120","바이오에프디엔씨","12","0","외감","","","",""
"A251270","넷마블","12","0","외감","","","",""
"A251370","와이엠티","12","0","외감","","","",""
"A251630","브이원텍","12","0","외감","","","",""
"A251970","펌텍코리아","12","0","외감","","","",""
"A252500","세화피앤씨","12","0","외감","","","",""
"A252990","샘씨엔에스","12","0","외감","","","",""
"A253450","스튜디오드래곤","12","0","외감","","","",""
"A253590","네오셈","12","0","외감","","","",""
"A253840","수젠텍","12","0","외감","","","",""
"A254120","자비스","12","0","외감","","","",""
"A254490","미래반도체","12","0","외감","","","",""
"A255220","SG","12","0","외감","","","",""
"A255440","야스","12","0","외감","","","",""
"A256150","한독크린텍","12","0","외감","","","",""
"A256630","포인트엔지니어링","12","0","외감","","","",""
"A256840","한국비엔씨","12","0","외감","","","",""
"A256940","킵스파마","12","0","외감","","","",""
"A257370","피엔티엠에스","12","0","외감","","","",""
"A257720","실리콘투","12","0","외감","","","",""
"A258610","케일럼","12","0","외감","","","",""
"A258790","소프트캠프","12","0","외감","","","",""
"A258830","세종메디칼","12","0","외감","","","",""
"A259630","엠플러스","12","0","외감","","","",""
"A259960","크래프톤","12","0","외감","","","",""
"A260660","알리코제약","12","0","외감","","","",""
"A260930","씨티케이","12","0","외감","","","",""
"A260970","에스앤디","12","0","외감","","","",""
"A261200","덴티스","12","0","외감","","","",""
"A261520","이지스","12","0","외감","","","",""
"A261780","아리바이오랩","12","0","외감","","","",""
"A262260","에이프로","12","0","외감","","","",""
"A262840","아이퀘스트","12","0","외감","","","",""
"A263020","디케이앤디","12","0","외감","","","",""
"A263050","유틸렉스","12","0","외감","","","",""
"A263600","덕우전자","12","0","외감","","","",""
"A263690","디알젬","12","0","외감","","","",""
"A263700","케어랩스","12","0","외감","","","",""
"A263720","디앤씨미디어","12","0","외감","","","",""
"A263750","펄어비스","12","0","외감","","","",""
"A263770","유에스티","12","0","외감","","","",""
"A263800","데이타솔루션","12","0","외감","","","",""
"A263810","상신전자","12","0","외감","","","",""
"A263860","지니언스","12","0","외감","","","",""
"A263920","휴엠앤씨","12","0","외감","","","",""
"A264450","유비쿼스","12","0","외감","","","",""
"A264660","씨앤지하이테크","12","0","외감","","","",""
"A264850","이랜시스","12","0","외감","","","",""
"A264900","크라운제과","12","0","외감","","","",""
"A265520","AP시스템","12","0","외감","","","",""
"A265560","영화테크","12","0","외감","","","",""
"A265740","엔에프씨","12","0","외감","","","",""
"A267250","HD현대","12","0","외감","","","",""
"A267260","HD현대일렉트릭","12","0","외감","","","",""
"A267270","HD건설기계","12","0","외감","","","",""
"A267290","경동도시가스","12","0","외감","","","",""
"A267320","나인테크","12","0","외감","","","",""
"A267790","배럴","12","0","외감","","","",""
"A267850","아시아나IDT","12","0","외감","","","",""
"A267980","매일유업","12","0","외감","","","",""
"A268280","미원에스씨","12","0","외감","","","",""
"A269620","시스웍","12","0","외감","","","",""
"A270520","앱튼","12","0","외감","","","",""
"A270660","에브리봇","12","0","외감","","","",""
"A270870","뉴트리","12","0","외감","","","",""
"A271560","오리온","12","0","외감","","","",""
"A271830","팸텍","12","0","외감","","","",""
"A271940","일진하이솔루스","12","0","외감","","","",""
"A271980","제일약품","12","0","외감","","","",""
"A272110","케이엔제이","12","0","외감","","","",""
"A272210","한화시스템","12","0","외감","","","",""
"A272290","이녹스첨단소재","12","0","외감","","","",""
"A272450","진에어","12","0","외감","","","",""
"A272550","삼양패키징","12","0","외감","","","",""
"A273060","와이즈버즈","12","0","외감","","","",""
"A273640","와이엠텍","12","0","외감","","","",""
"A274090","켄코아에어로스페이스","12","0","외감","","","",""
"A274400","이노시뮬레이션","12","0","외감","","","",""
"A275630","에스에스알","12","0","외감","","","",""
"A276040","스코넥","12","0","외감","","","",""
"A276730","한울앤제주","12","0","외감","","","",""
"A277070","린드먼아시아","12","0","외감","","","",""
"A277410","인산가","12","0","외감","","","",""
"A277810","레인보우로보틱스","12","0","외감","","","",""
"A277880","티에스아이","12","0","외감","","","",""
"A278280","천보","12","0","외감","","","",""
"A278470","에이피알","12","0","외감","","","",""
"A278650","HLB바이오스텝","12","0","외감","","","",""
"A279570","케이뱅크","12","0","외감","","","",""
"A279600","미디어젠","12","0","외감","","","",""
"A280360","롯데웰푸드","12","0","외감","","","",""
"A281740","레이크머티리얼즈","12","0","외감","","","",""
"A281820","케이씨텍","12","0","외감","","","",""
"A282330","BGF리테일","12","0","외감","","","",""
"A282720","금양그린파워","12","0","외감","","","",""
"A282880","코윈테크","12","0","외감","","","",""
"A284620","카이노스메드","12","0","외감","","","",""
"A284740","쿠쿠홈시스","12","0","외감","","","",""
"A285130","SK케미칼","12","0","외감","","","",""
"A285490","노바텍","12","0","외감","","","",""
"A285800","진영","12","0","외감","","","",""
"A286750","나노실리칸첨단소재","12","0","외감","","","",""
"A286940","롯데이노베이트","12","0","외감","","","",""
"A287840","인투셀","12","0","외감","","","",""
"A288180","케이피항공산업","12","0","외감","","","",""
"A288330","파라택시스코리아","12","0","외감","","","",""
"A288620","에스프리즘","12","0","외감","","","",""
"A288980","모아데이타","12","0","외감","","","",""
"A289010","아이스크림에듀","12","0","외감","","","",""
"A289080","SV인베스트먼트","3","0","외감","","","",""
"A289220","자이언트스텝","12","0","외감","","","",""
"A289930","웨이비스","12","0","외감","","","",""
"A290090","트윔","12","0","외감","","","",""
"A290120","DH오토리드","12","0","외감","","","",""
"A290270","휴네시온","12","0","외감","","","",""
"A290520","신도기연","12","0","외감","","","",""
"A290550","디케이티","12","0","외감","","","",""
"A290560","파라택시스이더리움","12","0","외감","","","",""
"A290650","엘앤씨바이오","12","0","외감","","","",""
"A290660","다이나믹솔루션","12","0","외감","","","",""
"A290670","대보마그네틱","12","0","외감","","","",""
"A290690","아리바이오홀딩스","12","0","외감","","","",""
"A290720","푸드나무","12","0","외감","","","",""
"A290740","액트로","12","0","외감","","","",""
"A291230","엔피","12","0","외감","","","",""
"A291650","압타머사이언스","12","0","외감","","","",""
"A291810","핀텔","12","0","외감","","","",""
"A293480","하나제약","12","0","외감","","","",""
"A293490","카카오게임즈","12","0","외감","","","",""
"A293580","나우IB","12","0","외감","","","",""
"A293780","압타바이오","12","0","외감","","","",""
"A294090","이오플로우","12","0","외감","","","",""
"A294140","레몬","12","0","외감","","","",""
"A294570","쿠콘","12","0","외감","","","",""
"A294630","서남","12","0","외감","","","",""
"A294870","IPARK현대산업개발","12","0","외감","","","",""
"A295310","에이치브이엠","12","0","외감","","","",""
"A296640","이노에이엑스","12","0","외감","","","",""
"A297090","씨에스베어링","12","0","외감","","","",""
"A297570","아틀라스링크","12","0","외감","","","",""
"A297890","HB솔루션","12","0","외감","","","",""
"A298000","효성화학","12","0","외감","","","",""
"A298020","효성티앤씨","12","0","외감","","","",""
"A298040","효성중공업","12","0","외감","","","",""
"A298050","HS효성첨단소재","12","0","외감","","","",""
"A298060","풍전약품","12","0","외감","","","",""
"A298380","에이비엘바이오","12","0","외감","","","",""
"A298540","더네이쳐홀딩스","12","0","외감","","","",""
"A298690","에어부산","12","0","외감","","","",""
"A298830","슈어소프트테크","12","0","외감","","","",""
"A299030","하나기술","12","0","외감","","","",""
"A299170","더블유에스아이","12","0","외감","","","",""
"A299660","셀리드","12","0","외감","","","",""
"A299900","위지윅스튜디오","12","0","외감","","","",""
"A300080","플리토","12","0","외감","","","",""
"A300120","라온피플","12","0","외감","","","",""
"A300720","한일시멘트","12","0","외감","","","",""
"A301300","바이브컴퍼니","12","0","외감","","","",""
"A302430","이노메트리","12","0","외감","","","",""
"A302440","SK바이오사이언스","12","0","외감","","","",""
"A302550","리메드","12","0","외감","","","",""
"A303030","지니틱스","12","0","외감","","","",""
"A303360","프로티아","12","0","외감","","","",""
"A303530","이노뎁","12","0","외감","","","",""
"A303810","동국생명과학","12","0","외감","","","",""
"A304100","솔트룩스","12","0","외감","","","",""
"A304360","에스바이오메딕스","12","0","외감","","","",""
"A304840","피플바이오","12","0","외감","","","",""
"A305090","마이크로디지탈","12","0","외감","","","",""
"A306040","에스제이그룹","12","0","외감","","","",""
"A306200","세아제강","12","0","외감","","","",""
"A306620","지아이에스","12","0","외감","","","",""
"A307180","아이엘","12","0","외감","","","",""
"A307280","원바이오젠","12","0","외감","","","",""
"A307750","국전","12","0","외감","","","",""
"A307870","비투엔","12","0","외감","","","",""
"A307930","컴퍼니케이","12","0","외감","","","",""
"A307950","현대오토에버","12","0","외감","","","",""
"A308080","바이젠셀","12","0","외감","","","",""
"A308100","형지글로벌","12","0","외감","","","",""
"A308170","씨티알모빌리티","12","0","외감","","","",""
"A308430","셀비온","12","0","외감","","","",""
"A309710","아이티켐","12","0","외감","","","",""
"A309930","조이웍스앤코","12","0","외감","","","",""
"A309960","LB인베스트먼트","12","0","외감","","","",""
"A310200","애니플러스","12","0","외감","","","",""
"A310210","보로노이","12","0","외감","","","",""
"A310870","디와이씨","12","0","외감","","","",""
"A311320","지오엘리먼트","12","0","외감","","","",""
"A311390","네오크레마","12","0","외감","","","",""
"A311690","CJ 바이오사이언스","12","0","외감","","","",""
"A312610","에이에프더블류","12","0","외감","","","",""
"A313760","캐리","12","0","외감","","","",""
"A314130","지놈앤컴퍼니","12","0","외감","","","",""
"A314140","알피바이오","12","0","외감","","","",""
"A314930","바이오다인","12","0","외감","","","",""
"A315640","딥노이드","12","0","외감","","","",""
"A316140","우리금융지주","12","0","외감","","","",""
"A317120","라닉스","12","0","외감","","","",""
"A317240","TS트릴리온","12","0","외감","","","",""
"A317330","덕산테코피아","12","0","외감","","","",""
"A317400","자이에스앤디","12","0","외감","","","",""
"A317450","명인제약","12","0","외감","","","",""
"A317530","에피소드컴퍼니","12","0","외감","","","",""
"A317690","퀀타매트릭스","12","0","외감","","","",""
"A317770","엑스페릭스","12","0","외감","","","",""
"A317830","에스피시스템스","12","0","외감","","","",""
"A317850","대모","12","0","외감","","","",""
"A317870","엔바이오니아","12","0","외감","","","",""
"A318000","KBG","12","0","외감","","","",""
"A318010","팜스빌","12","0","외감","","","",""
"A318020","포인트모바일","12","0","외감","","","",""
"A318060","그래피","12","0","외감","","","",""
"A318160","셀바이오휴먼텍","12","0","외감","","","",""
"A318410","비비씨","12","0","외감","","","",""
"A319400","현대무벡스","12","0","외감","","","",""
"A319660","피에스케이","12","0","외감","","","",""
"A320000","한울반도체","12","0","외감","","","",""
"A321260","프로이천","12","0","외감","","","",""
"A321370","센서뷰","12","0","외감","","","",""
"A321550","티움바이오","12","0","외감","","","",""
"A321820","아티스트컴퍼니","12","0","외감","","","",""
"A322000","HD현대에너지솔루션","12","0","외감","","","",""
"A322180","LS티라유텍","12","0","외감","","","",""
"A322310","오로스테크놀로지","12","0","외감","","","",""
"A322510","제이엘케이","12","0","외감","","","",""
"A322780","코퍼스코리아","12","0","외감","","","",""
"A323280","태성","12","0","외감","","","",""
"A323350","다원넥스뷰","12","0","외감","","","",""
"A323410","카카오뱅크","12","0","외감","","","",""
"A323990","박셀바이오","12","0","외감","","","",""
"A326030","SK바이오팜","12","0","외감","","","",""
"A327260","RF머트리얼즈","12","0","외감","","","",""
"A328130","루닛","12","0","외감","","","",""
"A328380","솔트웨어","12","0","외감","","","",""
"A329180","HD현대중공업","12","0","외감","","","",""
"A330350","위더스제약","12","0","외감","","","",""
"A330730","스톤브릿지벤처스","12","0","외감","","","",""
"A330860","네패스아크","12","0","외감","","","",""
"A331380","포커스에이아이","12","0","외감","","","",""
"A331520","밸로프","12","0","외감","","","",""
"A331740","아우토크립트","12","0","외감","","","",""
"A331920","셀레믹스","12","0","외감","","","",""
"A332290","누보","12","0","외감","","","",""
"A332370","아이디피","12","0","외감","","","",""
"A332570","PS일렉트로닉스","12","0","외감","","","",""
"A333050","이노테나","12","0","외감","","","",""
"A333430","일승","12","0","외감","","","",""
"A333620","엔시스","12","0","외감","","","",""
"A334970","프레스티지바이오로직스","6","0","외감","","","",""
"A335810","프리시젼바이오","12","0","외감","","","",""
"A335870","윙스풋","12","0","외감","","","",""
"A336060","웨이버스","12","0","외감","","","",""
"A336260","두산퓨얼셀","12","0","외감","","","",""
"A336370","솔루스첨단소재","12","0","외감","","","",""
"A336570","원텍","12","0","외감","","","",""
"A336680","탑런토탈솔루션","12","0","외감","","","",""
"A337930","젝시믹스","12","0","외감","","","",""
"A338220","뷰노","12","0","외감","","","",""
"A338840","와이바이오로직스","12","0","외감","","","",""
"A339770","교촌에프앤비","12","0","외감","","","",""
"A339950","아이비김영","12","0","외감","","","",""
"A340360","다보링크","12","0","외감","","","",""
"A340440","세림B&G","12","0","외감","","","",""
"A340450","지씨지놈","12","0","외감","","","",""
"A340570","티앤엘","12","0","외감","","","",""
"A340810","시선AI","12","0","외감","","","",""
"A340930","성원에너텍","12","0","외감","","","",""
"A342870","오아","12","0","외감","","","",""
"A344820","KCC글라스","12","0","외감","","","",""
"A344860","이노진","12","0","외감","","","",""
"A347000","센코","12","0","외감","","","",""
"A347700","스피어","12","0","외감","","","",""
"A347740","피엔케이피부임상연구센타","12","0","외감","","","",""
"A347770","핌스","12","0","외감","","","",""
"A347850","디앤디파마텍","12","0","외감","","","",""
"A347860","알체라","12","0","외감","","","",""
"A347890","엠엑스온","12","0","외감","","","",""
"A348030","모비릭스","12","0","외감","","","",""
"A348080","큐라티스","12","0","외감","","","",""
"A348150","고바이오랩","12","0","외감","","","",""
"A348210","넥스틴","12","0","외감","","","",""
"A348340","뉴로메카","12","0","외감","","","",""
"A348350","위드텍","12","0","외감","","","",""
"A348370","엔켐","12","0","외감","","","",""
"A351320","넥사다이내믹스","12","0","외감","","","",""
"A351330","이삭엔지니어링","12","0","외감","","","",""
"A351870","차이커뮤니케이션","12","0","외감","","","",""
"A352090","스톰테크","12","0","외감","","","",""
"A352480","씨앤씨인터내셔널","12","0","외감","","","",""
"A352700","씨앤투스","12","0","외감","","","",""
"A352770","셀레스트라","12","0","외감","","","",""
"A352820","하이브","12","0","외감","","","",""
"A352910","오비고","12","0","외감","","","",""
"A352940","인바이오","12","0","외감","","","",""
"A353190","휴럼","12","0","외감","","","",""
"A353200","대덕전자","12","0","외감","","","",""
"A353590","오토앤","12","0","외감","","","",""
"A353810","이지바이오","12","0","외감","","","",""
"A354200","엔젠바이오","12","0","외감","","","",""
"A354320","알멕","12","0","외감","","","",""
"A355150","코스텍시스","12","0","외감","","","",""
"A355390","크라우드웍스","12","0","외감","","","",""
"A355690","에이텀","12","0","외감","","","",""
"A356680","엑스게이트","12","0","외감","","","",""
"A356860","티엘비","12","0","외감","","","",""
"A356890","싸이버원","12","0","외감","","","",""
"A357230","에이치피오","12","0","외감","","","",""
"A357550","석경에이티","12","0","외감","","","",""
"A357580","아모센스","12","0","외감","","","",""
"A357780","솔브레인","12","0","외감","","","",""
"A357880","SKAI","12","0","외감","","","",""
"A358570","지아이이노베이션","12","0","외감","","","",""
"A359090","씨엔알리서치","12","0","외감","","","",""
"A360070","탑머티리얼","12","0","외감","","","",""
"A360350","코셈","12","0","외감","","","",""
"A361390","제노코","12","0","외감","","","",""
"A361570","알비더블유","12","0","외감","","","",""
"A361610","SK아이이테크놀로지","12","0","외감","","","",""
"A361670","삼영에스앤씨","12","0","외감","","","",""
"A362320","청담글로벌","12","0","외감","","","",""
"A362990","드림인사이트","12","0","외감","","","",""
"A363250","진시스템","12","0","외감","","","",""
"A363260","모비데이즈","12","0","외감","","","",""
"A363280","티와이홀딩스","12","0","외감","","","",""
"A364950","에이아이코리아","12","0","외감","","","",""
"A365270","큐라클","12","0","외감","","","",""
"A365330","에스와이스틸텍","12","0","외감","","","",""
"A365340","성일하이텍","12","0","외감","","","",""
"A365590","하이딥","12","0","외감","","","",""
"A365900","브이씨","12","0","외감","","","",""
"A366030","나인앤컴퍼니","12","0","외감","","","",""
"A367000","플래티어","12","0","외감","","","",""
"A368600","아이씨에이치","12","0","외감","","","",""
"A368770","파이버프로","12","0","외감","","","",""
"A368970","오에스피","12","0","외감","","","",""
"A369370","블리츠웨이엔터테인먼트","12","0","외감","","","",""
"A370090","퓨런티어","12","0","외감","","","",""
"A371950","풍원정밀","12","0","외감","","","",""
"A372170","윤성에프앤씨","12","0","외감","","","",""
"A372320","큐로셀","12","0","외감","","","",""
"A372800","아이티아이즈","12","0","외감","","","",""
"A372910","한컴라이프케어","12","0","외감","","","",""
"A373110","엑셀세라퓨틱스","12","0","외감","","","",""
"A373160","데이원컴퍼니","12","0","외감","","","",""
"A373170","엠아이큐브솔루션","12","0","외감","","","",""
"A373200","엑스플러스","12","0","외감","","","",""
"A373220","LG에너지솔루션","12","0","외감","","","",""
"A375500","DL이앤씨","12","0","외감","","","",""
"A376180","피코그램","12","0","외감","","","",""
"A376270","HEM파마","12","0","외감","","","",""
"A376290","씨유테크","12","0","외감","","","",""
"A376300","디어유","12","0","외감","","","",""
"A376900","로킷헬스케어","12","0","외감","","","",""
"A376930","노을","12","0","외감","","","",""
"A376980","원티드랩","12","0","외감","","","",""
"A377030","비트맥스","12","0","외감","","","",""
"A377220","프롬바이오","12","0","외감","","","",""
"A377300","카카오페이","12","0","외감","","","",""
"A377330","이지트로닉스","12","0","외감","","","",""
"A377450","리파인","12","0","외감","","","",""
"A377460","큐에이드","12","0","외감","","","",""
"A377480","마음AI","12","0","외감","","","",""
"A377740","바이오노트","12","0","외감","","","",""
"A378340","필에너지","12","0","외감","","","",""
"A378800","샤페론","12","0","외감","","","",""
"A378850","화승알앤에이","12","0","외감","","","",""
"A380540","옵티코어","12","0","외감","","","",""
"A380550","뉴로핏","12","0","외감","","","",""
"A381620","제닉스로보틱스","12","0","외감","","","",""
"A381970","케이카","12","0","외감","","","",""
"A382150","온코크로스","12","0","외감","","","",""
"A382480","지아이텍","12","0","외감","","","",""
"A382800","지앤비에스 에코","12","0","외감","","","",""
"A382840","원준","12","0","외감","","","",""
"A382900","범한퓨얼셀","12","0","외감","","","",""
"A383220","F&F","12","0","외감","","","",""
"A383310","에코프로에이치엔","12","0","외감","","","",""
"A383800","LX홀딩스","12","0","외감","","","",""
"A383930","디티앤씨알오","12","0","외감","","","",""
"A384470","코어라인소프트","12","0","외감","","","",""
"A387570","파인메딕스","12","0","외감","","","",""
"A388050","지투파워","12","0","외감","","","",""
"A388210","씨엠티엑스","12","0","외감","","","",""
"A388610","지에프씨생명과학","12","0","외감","","","",""
"A388720","유일로보틱스","12","0","외감","","","",""
"A388790","라이콤","12","0","외감","","","",""
"A388870","파로스아이바이오","12","0","외감","","","",""
"A389020","자람테크놀로지","12","0","외감","","","",""
"A389030","지니너스","12","0","외감","","","",""
"A389140","포바이포","12","0","외감","","","",""
"A389260","대명에너지","12","0","외감","","","",""
"A389470","인벤티지랩","12","0","외감","","","",""
"A389500","에스비비테크","12","0","외감","","","",""
"A389650","넥스트바이오메디컬","12","0","외감","","","",""
"A389680","유디엠텍","12","0","외감","","","",""
"A391710","코닉오토메이션","12","0","외감","","","",""
"A393210","토마토시스템","12","0","외감","","","",""
"A393890","더블유씨피","12","0","외감","","","",""
"A393970","대진첨단소재","12","0","외감","","","",""
"A394280","오픈엣지테크놀로지","12","0","외감","","","",""
"A394420","리센스메디컬","12","0","외감","","","",""
"A394800","쓰리빌리언","12","0","외감","","","",""
"A396270","넥스트칩","12","0","외감","","","",""
"A396300","세아메카닉스","12","0","외감","","","",""
"A396470","워트","12","0","외감","","","",""
"A397030","에이프릴바이오","12","0","외감","","","",""
"A397810","애드포러스","12","0","외감","","","",""
"A398120","에스지헬스케어","12","0","외감","","","",""
"A399720","가온칩스","12","0","외감","","","",""
"A402030","코난테크놀로지","12","0","외감","","","",""
"A402340","SK스퀘어","12","0","외감","","","",""
"A402490","그린리소스","12","0","외감","","","",""
"A403490","우듬지팜","12","0","외감","","","",""
"A403550","쏘카","12","0","외감","","","",""
"A403850","더핑크퐁컴퍼니","12","0","외감","","","",""
"A403870","HPSP","12","0","외감","","","",""
"A405000","플라즈맵","12","0","외감","","","",""
"A405100","큐알티","12","0","외감","","","",""
"A405920","나라셀라","12","0","외감","","","",""
"A406820","뷰티스킨","12","0","외감","","","",""
"A407400","꿈비","12","0","외감","","","",""
"A408470","한패스","12","0","외감","","","",""
"A408900","스튜디오미르","12","0","외감","","","",""
"A408920","메쎄이상","12","0","외감","","","",""
"A411080","샌즈랩","12","0","외감","","","",""
"A412350","레이저쎌","12","0","외감","","","",""
"A412540","제일엠앤에스","12","0","외감","","","",""
"A413390","엠오티","12","0","외감","","","",""
"A413630","씨피시스템","12","0","외감","","","",""
"A413640","비아이매트릭스","12","0","외감","","","",""
"A415380","스튜디오삼익","12","0","외감","","","",""
"A416180","신성에스티","12","0","외감","","","",""
"A417010","나노팀","12","0","외감","","","",""
"A417180","핑거스토리","12","0","외감","","","",""
"A417200","LS머트리얼즈","12","0","외감","","","",""
"A417500","제이아이테크","12","0","외감","","","",""
"A417790","트루엔","12","0","외감","","","",""
"A417840","저스템","12","0","외감","","","",""
"A417860","오브젠","12","0","외감","","","",""
"A417970","모델솔루션","12","0","외감","","","",""
"A418250","시큐레터","12","0","외감","","","",""
"A418420","라온텍","12","0","외감","","","",""
"A418470","KT밀리의서재","12","0","외감","","","",""
"A418550","제이오","12","0","외감","","","",""
"A418620","E8","12","0","외감","","","",""
"A419050","삼기에너지솔루션즈","12","0","외감","","","",""
"A419080","엔젯","12","0","외감","","","",""
"A419120","산돌","12","0","외감","","","",""
"A419530","SAMG엔터","12","0","외감","","","",""
"A419540","비스토스","12","0","외감","","","",""
"A420570","제이투케이바이오","12","0","외감","","","",""
"A420770","기가비스","12","0","외감","","","",""
"A424760","벨로크","12","0","외감","","","",""
"A424870","이뮨온시아","12","0","외감","","","",""
"A424960","스마트레이더시스템","12","0","외감","","","",""
"A424980","마이크로투나노","12","0","외감","","","",""
"A425040","티이엠씨","12","0","외감","","","",""
"A425420","티에프이","12","0","외감","","","",""
"A429270","시지트로닉스","12","0","외감","","","",""
"A430690","한싹","12","0","외감","","","",""
"A431190","케이쓰리아이","12","0","외감","","","",""
"A432430","와이랩","12","0","외감","","","",""
"A432470","케이엔에스","12","0","외감","","","",""
"A432720","퀄리타스반도체","12","0","외감","","","",""
"A432980","엠에프씨","12","0","외감","","","",""
"A434480","모니터랩","12","0","외감","","","",""
"A435570","에르코스","12","0","외감","","","",""
"A437730","삼현","12","0","외감","","","",""
"A438700","버넥트","12","0","외감","","","",""
"A439090","마녀공장","12","0","외감","","","",""
"A439260","대한조선","12","0","외감","","","",""
"A439580","블루엠텍","12","0","외감","","","",""
"A439960","코스모로보틱스","12","0","외감","","","",""
"A440110","파두","12","0","외감","","","",""
"A440290","HB인베스트먼트","12","0","외감","","","",""
"A440320","오픈놀","12","0","외감","","","",""
"A441270","파인엠텍","12","0","외감","","","",""
"A443060","HD현대마린솔루션","12","0","외감","","","",""
"A443250","레뷰코퍼레이션","12","0","외감","","","",""
"A443670","에스피소프트","12","0","외감","","","",""
"A444530","심플랫폼","12","0","외감","","","",""
"A445090","에이직랜드","12","0","외감","","","",""
"A445180","퓨릿","12","0","외감","","","",""
"A445680","큐리옥스바이오시스템즈","12","0","외감","","","",""
"A446070","유니드비티플러스","12","0","외감","","","",""
"A446540","메가터치","12","0","외감","","","",""
"A446840","지슨","12","0","외감","","","",""
"A448280","에코아이","12","0","외감","","","",""
"A448710","코츠테크놀로지","12","0","외감","","","",""
"A448900","한국피아이엠","12","0","외감","","","",""
"A450080","에코프로머티","12","0","외감","","","",""
"A450330","하스","12","0","외감","","","",""
"A450520","인스웨이브","12","0","외감","","","",""
"A450950","아스테라시스","12","0","외감","","","",""
"A451220","아이엠티","12","0","외감","","","",""
"A451250","삐아","12","0","외감","","","",""
"A451760","컨텍","12","0","외감","","","",""
"A452160","제이엔비","12","0","외감","","","",""
"A452190","한빛레이저","12","0","외감","","","",""
"A452200","민테크","12","0","외감","","","",""
"A452260","한화갤러리아","12","0","외감","","","",""
"A452280","한선엔지니어링","12","0","외감","","","",""
"A452300","캡스톤파트너스","12","0","외감","","","",""
"A452400","이닉스","12","0","외감","","","",""
"A452430","사피엔반도체","12","0","외감","","","",""
"A452450","피아이이","12","0","외감","","","",""
"A453340","현대그린푸드","12","0","외감","","","",""
"A453450","그리드위즈","12","0","외감","","","",""
"A453860","에이에스텍","12","0","외감","","","",""
"A454910","두산로보틱스","12","0","외감","","","",""
"A455180","케이지에이","12","0","외감","","","",""
"A455900","엔젤로보틱스","12","0","외감","","","",""
"A456010","아이씨티케이","12","0","외감","","","",""
"A456040","OCI","12","0","외감","","","",""
"A456070","이엔셀","12","0","외감","","","",""
"A456160","지투지바이오","12","0","외감","","","",""
"A457190","이수스페셜티케미컬","12","0","외감","","","",""
"A457370","한켐","12","0","외감","","","",""
"A457550","우진엔텍","12","0","외감","","","",""
"A457600","벡트","12","0","외감","","","",""
"A458350","에스팀","12","0","외감","","","",""
"A458650","성우","12","0","외감","","","",""
"A458870","씨어스","12","0","외감","","","",""
"A459100","위츠","12","0","외감","","","",""
"A459510","나우로보틱스","12","0","외감","","","",""
"A459550","알트","12","0","외감","","","",""
"A460470","아이빔테크놀로지","12","0","외감","","","",""
"A460850","동국씨엠","12","0","외감","","","",""
"A460860","동국제강","12","0","외감","","","",""
"A460870","에스엠씨지","12","0","외감","","","",""
"A460930","현대힘스","12","0","외감","","","",""
"A460940","피앤에스로보틱스","12","0","외감","","","",""
"A461030","아이엠비디엑스","12","0","외감","","","",""
"A461300","아이스크림미디어","12","0","외감","","","",""
"A462310","뉴키즈온","12","0","외감","","","",""
"A462350","이노스페이스","12","0","외감","","","",""
"A462510","라메디텍","12","0","외감","","","",""
"A462520","조선내화","12","0","외감","","","",""
"A462860","더즌","12","0","외감","","","",""
"A462870","시프트업","12","0","외감","","","",""
"A462980","아이지넷","12","0","외감","","","",""
"A463020","뉴엔AI","12","0","외감","","","",""
"A463480","모티브링크","12","0","외감","","","",""
"A464080","에스오에스랩","12","0","외감","","","",""
"A464280","티디에스팜","12","0","외감","","","",""
"A464490","쿼드메디슨","12","0","외감","","","",""
"A464500","아이언디바이스","12","0","외감","","","",""
"A464580","닷밀","12","0","외감","","","",""
"A465480","인스피언","12","0","외감","","","",""
"A465770","STX그린로지스","12","0","외감","","","",""
"A466100","클로봇","12","0","외감","","","",""
"A466410","사이냅소프트","12","0","외감","","","",""
"A468530","프로티나","12","0","외감","","","",""
"A469610","이노테크","12","0","외감","","","",""
"A469750","아이비젼웍스","12","0","외감","","","",""
"A471820","셀로맥스사이언스","12","0","외감","","","",""
"A472850","폰드그룹","12","0","외감","","","",""
"A473980","노머스","12","0","외감","","","",""
"A474170","루미르","12","0","외감","","","",""
"A474610","RF시스템즈","12","0","외감","","","",""
"A474650","링크솔루션","12","0","외감","","","",""
"A475150","SK이터닉스","12","0","외감","","","",""
"A475230","엔알비","12","0","외감","","","",""
"A475400","씨메스로보틱스","12","0","외감","","","",""
"A475430","키스트론","12","0","외감","","","",""
"A475460","미트박스","12","0","외감","","","",""
"A475560","더본코리아","12","0","외감","","","",""
"A475580","에이럭스","12","0","외감","","","",""
"A475660","에스켐","12","0","외감","","","",""
"A475830","오름테라퓨틱","12","0","외감","","","",""
"A475960","토모큐브","12","0","외감","","","",""
"A476040","오가노이드사이언스","12","0","외감","","","",""
"A476060","온코닉테라퓨틱스","12","0","외감","","","",""
"A476080","M83","12","0","외감","","","",""
"A476830","알지노믹스","12","0","외감","","","",""
"A477850","마키나락스","12","0","외감","","","",""
"A478340","나라스페이스테크놀로지","12","0","외감","","","",""
"A478560","블랙야크아이앤씨","12","0","외감","","","",""
"A479960","위너스일렉","12","0","외감","","","",""
"A480370","씨케이솔루션","12","0","외감","","","",""
"A481070","에이유브랜즈","12","0","외감","","","",""
"A482630","삼양엔씨켐","12","0","외감","","","",""
"A483650","달바글로벌","12","0","외감","","","",""
"A484120","도우인시스","12","0","외감","","","",""
"A484590","삼양컴텍","12","0","외감","","","",""
"A484810","티엑스알로보틱스","12","0","외감","","","",""
"A484870","엠앤씨솔루션","12","0","외감","","","",""
"A486990","노타","12","0","외감","","","",""
"A487570","HS효성","12","0","외감","","","",""
"A487580","폴레드","12","0","외감","","","",""
"A488280","에스투더블유","12","0","외감","","","",""
"A488900","비츠로넥스텍","12","0","외감","","","",""
"A489460","바이오비쥬","12","0","외감","","","",""
"A489500","엘케이켐","12","0","외감","","","",""
"A489790","한화비전","12","0","외감","","","",""
"A490470","세미파이브","12","0","외감","","","",""
"A491000","리브스메드","12","0","외감","","","",""
"A493280","아이엠바이오로직스","12","0","외감","","","",""
"A493330","지에프아이","12","0","외감","","","",""
"A494120","큐리오시스","12","0","외감","","","",""
"A499790","GS피앤엘","12","0","외감","","","",""
"A900070","글로벌에스엠","12","0","KOSDAQ","-6.16","116.47","","124.12"
"A900100","파이온엑스","12","0","KOSDAQ","-2.19","297.82","","304.48"
"A900110","딥커머스","12","0","KOSDAQ","-2.07","66.21","","67.61"
"A900120","씨엑스아이","6","0","KOSDAQ","-0.54","278.6","","280.11"
"A900140","엘브이엠씨홀딩스","12","0","KOSPI","-2.12","464.33","","474.39"
"A900250","크리스탈신소재","12","0","KOSDAQ","-1.49","203.05","","206.13"
"A900260","로스웰","12","0","외감","","","",""
"A900270","헝셩그룹","12","0","외감","","","",""
"A900290","GRT","6","0","외감","","","",""
"A900300","오가닉티코스메틱","12","0","외감","","","",""
"A900310","컬러레이","12","0","외감","","","",""
"A900340","윙입푸드","12","0","외감","","","",""
"A950130","엑세스바이오","12","0","KOSDAQ","-1.14","210.84","","213.27"
"A950140","잉글우드랩","12","0","외감","","","",""
"A950160","코오롱티슈진","12","0","외감","","","",""
"A950170","JTC","2","0","외감","","","",""
"A950190","고스트스튜디오","12","0","외감","","","",""
"A950200","소마젠","12","0","외감","","","",""
"A950210","프레스티지바이오파마","6","0","외감","","","",""
"A950220","네오이뮨텍","12","0","외감","","","",""
"A950250","테라뷰","4","0","외감","","","",""
