"Code","Name","결산월","코스피200 구성종목여부(1:해당, 0:미해당)","상장된 시장","수정주가수익률","시가총액","","이전 시가총액"
"A000020","동화약품","12","0","KOSPI","-3.19","262.56","","271.21"
"A000040","KR모터스","12","0","KOSPI","-3.77","62.5","","64.95"
"A000050","경방","12","1","KOSPI","-1.43","378.33","","383.81"
"A000070","삼양홀딩스","12","1","KOSPI","0.45","954.92","","950.63"
"A000080","하이트진로","12","1","KOSPI","0","1693.73","","1693.73"
"A000100","유한양행","12","1","KOSPI","-2.65","2566.5","","2636.49"
"A000120","CJ대한통운","12","1","KOSPI","-1.32","3421.85","","3467.48"
"A000140","하이트진로홀딩스","12","0","KOSPI","-0.71","228.12","","229.75"
"A000150","두산","12","1","KOSPI","-2.49","2255.68","","2313.28"
"A000180","성창기업지주","12","0","KOSPI","-0.95","181.35","","183.1"
"A0001A0","덕양에너젠","12","0","외감","","","",""
"A000210","DL","12","1","KOSPI","0.48","2898.84","","2884.92"
"A000220","유유제약","12","0","KOSPI","-3.04","71.01","","73.24"
"A000230","일동홀딩스","12","0","KOSPI","-0.65","161.55","","162.6"
"A000240","한국앤컴퍼니","12","1","KOSPI","-0.55","1688.32","","1697.62"
"A000250","삼천당제약","12","0","KOSDAQ","-2.33","324.96","","332.69"
"A000270","기아","12","1","KOSPI","-0.45","13437.79","","13498.6"
"A000300","DH오토넥스","12","0","KOSPI","-2.11","65.56","","66.97"
"A000320","노루홀딩스","12","0","KOSPI","-0.3","221.3","","221.96"
"A000370","한화손해보험","12","0","KOSPI","-0.12","953.76","","954.92"
"A000390","SP삼화","12","0","KOSPI","-0.26","197.78","","198.31"
"A000400","롯데손해보험","12","0","KOSPI","-0.67","395.45","","398.14"
"A000430","대원강업","12","0","KOSPI","-0.13","238.39","","238.7"
"A000440","중앙에너비스","12","0","KOSDAQ","-1.33","36.93","","37.43"
"A000480","CR홀딩스","12","0","KOSPI","0.57","350.8","","348.8"
"A000490","대동","12","0","KOSPI","-7.88","221.86","","240.84"
"A0004V0","엔비알모션","12","0","외감","","","",""
"A000500","가온전선","12","0","KOSPI","0.46","90.49","","90.07"
"A000520","삼일제약","12","0","KOSPI","-1.99","45.98","","46.92"
"A000540","흥국화재","12","0","KOSPI","-1.29","344.98","","349.48"
"A000590","CS홀딩스","12","0","KOSPI","-0.74","92.47","","93.17"
"A000640","동아쏘시오홀딩스","12","1","KOSPI","-2.01","748.86","","764.21"
"A000650","천일고속","12","0","KOSPI","0","141.78","","141.78"
"A000660","SK하이닉스","12","1","KOSPI","3.89","58385.79","","56201.78"
"A000670","영풍","12","1","KOSPI","0.28","1952.56","","1947.04"
"A000680","LS네트웍스","12","0","KOSPI","-0.67","232.86","","234.44"
"A000700","유수홀딩스","12","0","KOSPI","-1.45","158.86","","161.2"
"A000720","현대건설","12","1","KOSPI","-1.38","3986.54","","4042.21"
"A000760","이화산업","12","0","KOSPI","0","48.58","","48.58"
"A0007C0","아크릴","12","0","외감","","","",""
"A0007J0","인벤테라","12","0","외감","","","",""
"A000810","삼성화재","12","1","KOSPI","-0.37","12601.71","","12649.08"
"A000850","화천기공","12","0","KOSPI","1.08","123.64","","122.32"
"A000860","강남제비스코","12","0","KOSPI","-0.96","234","","236.28"
"A000880","한화","12","1","KOSPI","-0.24","3140.77","","3148.27"
"A000890","보해양조","12","0","KOSPI","-2.43","97.05","","99.47"
"A0008Z0","에스엔시스","12","0","외감","","","",""
"A000910","유니온","12","0","KOSPI","-1.14","60.89","","61.59"
"A000950","전방","12","0","KOSPI","-2.98","32.84","","33.85"
"A000970","한국주철관","12","0","KOSPI","-1.18","209.76","","212.27"
"A000990","DB하이텍","12","1","KOSPI","-1.22","536.85","","543.51"
"A0009K0","에임드바이오","12","0","외감","","","",""
"A001000","신라섬유","12","0","KOSDAQ","-7.72","69.68","","75.5"
"A001020","페이퍼코리아","12","0","KOSPI","-2.87","43.65","","44.94"
"A001040","CJ","12","1","KOSPI","-2.4","5339.39","","5470.69"
"A001060","JW중외제약","12","1","KOSPI","-1.73","816.8","","831.16"
"A001070","대한방직","12","0","KOSPI","-0.4","79.39","","79.71"
"A001080","만호제강","6","0","KOSPI","-0.27","76.15","","76.36"
"A0010F0","보원케미칼","12","0","외감","","","",""
"A0010V0","제이피아이헬스케어","12","0","외감","","","",""
"A001120","LX인터내셔널","12","1","KOSPI","-0.91","1054.27","","1063.96"
"A001130","대한제분","12","0","KOSPI","-0.89","281.38","","283.92"
"A0011A0","액스비스","12","0","외감","","","",""
"A0011T0","채비","12","0","외감","","","",""
"A001200","유진투자증권","12","0","KOSPI","-0.74","324.99","","327.41"
"A001210","금호전기","12","0","KOSPI","-2.29","50.14","","51.32"
"A001230","동국홀딩스","12","1","KOSPI","0.47","1025.9","","1021.13"
"A001250","GS글로벌","12","0","KOSPI","-2.94","231.92","","238.94"
"A001260","남광토건","12","0","KOSPI","-0.65","60.19","","60.58"
"A001270","부국증권","12","0","KOSPI","0","283.1","","283.1"
"A001290","상상인증권","12","0","KOSPI","0","87.96","","87.96"
"A001340","PKC","12","0","KOSPI","-0.38","117.24","","117.69"
"A001360","삼성제약","12","0","KOSPI","-4.81","163.73","","172.01"
"A001380","SG글로벌","12","0","KOSPI","-1.82","182.1","","185.48"
"A001390","KG케미칼","12","0","KOSPI","-0.95","248.45","","250.84"
"A0013V0","삼진식품","12","0","외감","","","",""
"A001420","태원물산","12","0","KOSPI","1.26","27.47","","27.13"
"A001430","세아베스틸지주","12","1","KOSPI","-0.87","1018.48","","1027.45"
"A001440","대한전선","12","0","KOSPI","-1.37","924.99","","937.84"
"A001450","현대해상","12","1","KOSPI","-0.21","4161.57","","4170.51"
"A001460","BYC","12","0","KOSPI","-0.16","198","","198.32"
"A001470","삼부토건","12","0","KOSPI","-4.84","140.19","","147.32"
"A001500","현대차증권","12","0","KOSPI","0","335.91","","335.91"
"A001510","SK증권","12","0","KOSPI","0.42","379.34","","377.74"
"A001520","동양","12","1","KOSPI","-1.49","472.59","","479.75"
"A001530","DI동일","12","0","KOSPI","-0.19","125.67","","125.9"
"A001540","안국약품","12","0","KOSDAQ","-2.05","155.86","","159.12"
"A001550","조비","12","0","KOSPI","-0.84","54.39","","54.86"
"A001560","제일연마","12","0","KOSPI","0.17","59.2","","59.1"
"A001570","금양","12","0","KOSPI","-0.2","105.28","","105.49"
"A0015G0","그린광학","12","0","외감","","","",""
"A0015N0","아로마티카","12","0","외감","","","",""
"A0015S0","페스카로","12","0","외감","","","",""
"A001620","케이비아이동국실업","12","0","KOSPI","-6.25","33.09","","35.29"
"A001630","종근당홀딩스","12","0","KOSPI","-2.52","349.19","","358.21"
"A001680","대상","12","1","KOSPI","-1.23","977.07","","989.2"
"A001720","신영증권","3","0","KOSPI","1.58","544.4","","535.95"
"A001740","SK네트웍스","12","1","KOSPI","-0.9","1640.52","","1655.41"
"A001750","한양증권","12","0","KOSPI","-0.52","98.01","","98.52"
"A001770","SHD","12","0","KOSPI","-1.68","21.32","","21.69"
"A001780","알루코","12","0","KOSPI","-1.78","246.67","","251.15"
"A001790","대한제당","12","0","KOSPI","-1.77","221","","224.98"
"A0017J0","세미티에스","12","0","외감","","","",""
"A001800","오리온홀딩스","12","1","KOSPI","0.95","1672.6","","1656.94"
"A001810","무림SP","12","0","KOSDAQ","-0.52","63.42","","63.76"
"A001820","삼화콘덴서","12","0","KOSPI","-0.78","395.01","","398.13"
"A001840","이화공영","12","0","KOSDAQ","-4.46","95.36","","99.82"
"A001940","KISCO홀딩스","12","0","KOSPI","-1.09","268.65","","271.6"
"A002020","코오롱","12","0","KOSPI","-1.23","776.74","","786.39"
"A002030","아세아","12","0","KOSPI","1.24","268.4","","265.11"
"A002070","비비안","12","0","KOSPI","-0.66","51.51","","51.85"
"A002100","경농","12","0","KOSPI","0","132.32","","132.32"
"A002140","고려산업","12","0","KOSPI","-3.62","69.71","","72.32"
"A002150","도화엔지니어링","12","0","KOSPI","-0.1","168.26","","168.43"
"A002170","SYTS","12","0","KOSPI","-0.35","126.6","","127.05"
"A002200","한국수출포장","12","0","KOSPI","0.31","64.2","","64"
"A002210","동성제약","12","0","KOSPI","-2.14","118.83","","121.43"
"A002220","한일철강","12","0","KOSPI","-3.33","53.24","","55.08"
"A002230","피에스텍","12","0","KOSDAQ","-1.87","103.07","","105.03"
"A002240","고려제강","12","1","KOSPI","-1.16","612","","619.2"
"A002290","삼일기업공사","12","0","KOSDAQ","-1.19","36.08","","36.52"
"A002310","아세아제지","12","0","KOSPI","0","165.7","","165.7"
"A002320","한진","12","0","KOSPI","-1.33","310.74","","314.93"
"A002350","넥센타이어","12","1","KOSPI","-0.43","1142.71","","1147.6"
"A002360","SH에너지화학","12","0","KOSPI","-0.35","158.37","","158.92"
"A002380","KCC","12","1","KOSPI","-1.3","4016.75","","4069.54"
"A002390","한독","12","0","KOSPI","-1.2","312.33","","316.11"
"A002410","범양건영","12","0","KOSPI","-1.82","44.92","","45.76"
"A002420","세기상사","12","0","KOSPI","-3.58","29.63","","30.73"
"A002450","삼익악기","12","0","KOSPI","-3.16","222.25","","229.5"
"A002460","HS화성","12","0","KOSPI","0","192.99","","192.99"
"A002600","조흥","12","0","KOSPI","-0.17","174.6","","174.9"
"A002620","제일파마홀딩스","12","0","KOSPI","-1.59","147.53","","149.92"
"A002630","오리엔트바이오","3","0","KOSPI","-4.33","180.18","","188.33"
"A002680","한탑","12","0","KOSDAQ","-1.54","39.94","","40.56"
"A002690","동일제강","12","0","KOSPI","-0.15","49.43","","49.5"
"A002700","신일전자","12","0","KOSPI","2.24","97.34","","95.2"
"A002710","TCC스틸","12","0","KOSPI","-0.78","42.67","","43.01"
"A002720","국제약품","12","0","KOSPI","-3.12","81.16","","83.76"
"A002760","보락","12","0","KOSPI","-4.27","67.09","","70.08"
"A002780","진흥기업","12","0","KOSPI","-3.01","281.26","","289.98"
"A002790","아모레퍼시픽홀딩스","12","1","KOSPI","-1.02","11956.44","","12080.12"
"A002800","신신제약","12","0","KOSDAQ","-1.8","107.86","","109.83"
"A002810","삼영무역","12","0","KOSPI","-1.73","280.76","","285.7"
"A002820","SUN&L","12","0","KOSPI","-1","99.48","","100.49"
"A002840","미원상사","12","0","KOSPI","-0.22","180.29","","180.68"
"A002870","신풍","12","0","KOSPI","0","29.78","","29.78"
"A002880","디와이에이","12","0","KOSPI","-2.26","99.22","","101.52"
"A002900","TYM","12","0","KOSPI","-3.13","111.16","","114.76"
"A002920","유성기업","12","0","KOSPI","-0.68","94.19","","94.84"
"A002960","한국쉘석유","12","1","KOSPI","-0.62","518.05","","521.3"
"A002990","금호건설","12","0","KOSPI","-3.84","349.89","","363.87"
"A003000","부광약품","12","1","KOSPI","-1.41","1091.83","","1107.43"
"A003010","혜인","12","0","KOSPI","-0.44","42.78","","42.97"
"A003030","세아제강지주","12","1","KOSPI","-0.41","585.6","","588"
"A003060","에이프로젠바이오로직스","12","0","KOSPI","-2.53","325.78","","334.24"
"A003070","코오롱글로벌","12","0","KOSPI","-0.98","254.63","","257.15"
"A003080","SB성보","12","0","KOSPI","0.31","131.33","","130.93"
"A003090","대웅","12","0","KOSPI","-0.57","1017.48","","1023.3"
"A003100","선광","12","0","KOSDAQ","-1.58","123.42","","125.4"
"A003120","일성아이에스","12","0","KOSPI","-0.37","360.43","","361.76"
"A003160","디아이","12","0","KOSPI","0.39","160.32","","159.69"
"A003200","일신방직","12","0","KOSPI","-1.4","253.2","","256.8"
"A003220","대원제약","12","0","KOSPI","-0.72","377.72","","380.45"
"A003230","삼양식품","12","0","KOSPI","0.43","704.34","","701.32"
"A003240","태광산업","12","1","KOSPI","-1.53","1362.8","","1383.96"
"A003280","흥아해운","12","0","KOSPI","-5.68","93.23","","98.85"
"A003300","한일홀딩스","12","1","KOSPI","-0.99","1128.02","","1139.34"
"A003310","대주산업","12","0","KOSDAQ","-6.44","77.16","","82.46"
"A003350","한국화장품제조","12","0","KOSPI","-6.07","217.54","","231.59"
"A003380","하림지주","12","0","KOSDAQ","-1.19","1170.38","","1184.53"
"A003460","유화증권","12","0","KOSPI","-0.61","185.98","","187.12"
"A003470","유안타증권","12","0","KOSPI","-0.13","739.43","","740.43"
"A003480","한진중공업홀딩스","12","0","KOSPI","0","120.19","","120.19"
"A003490","대한항공","12","1","KOSPI","1.93","3257.91","","3196.26"
"A003520","영진약품","12","1","KOSPI","-2.33","1607.63","","1646.03"
"A003530","한화투자증권","12","0","KOSPI","-1.08","473.35","","478.53"
"A003540","대신증권","12","0","KOSPI","-2.97","746.37","","769.22"
"A003550","LG","12","1","KOSPI","0.44","15599.16","","15530.14"
"A003570","SNT다이내믹스","12","0","KOSPI","-2.2","245.5","","251.02"
"A003580","HLB글로벌","12","0","KOSPI","-1.63","81.04","","82.38"
"A003610","방림","9","0","KOSPI","-0.25","86.11","","86.32"
"A003620","KG모빌리티","12","1","KOSPI","-0.59","699.4","","703.54"
"A003650","미창석유","12","0","KOSPI","0","152.22","","152.22"
"A003670","포스코퓨처엠","12","0","KOSDAQ","-2.62","2088.12","","2144.24"
"A003680","한성기업","12","0","KOSPI","-1.17","36.98","","37.41"
"A003690","코리안리","12","0","KOSPI","0","1299.99","","1299.99"
"A003720","삼영","12","0","KOSPI","0.43","39.61","","39.44"
"A003780","진양산업","12","0","KOSPI","-0.16","39.52","","39.59"
"A003800","에이스침대","12","0","KOSDAQ","1.89","442.93","","434.73"
"A003830","대한화섬","12","0","KOSPI","0","153.38","","153.38"
"A003850","보령","12","1","KOSPI","-1.41","372.16","","377.47"
"A003920","남양유업","12","1","KOSPI","-1.28","498.24","","504.72"
"A003960","사조대림","12","0","KOSPI","-4.38","149.61","","156.47"
"A004000","롯데정밀화학","12","1","KOSPI","-0.48","1617.66","","1625.4"
"A004020","현대제철","12","1","KOSPI","-0.53","7566.38","","7606.41"
"A004060","SG세계물산","12","0","KOSPI","-4.07","186.23","","194.13"
"A004080","신흥","12","0","KOSPI","-2.79","100.32","","103.2"
"A004090","한국석유","12","0","KOSPI","-0.6","64.73","","65.13"
"A004100","태양금속","12","0","KOSPI","0.28","65.33","","65.14"
"A004140","동방","12","0","KOSPI","-2.9","48.95","","50.41"
"A004150","한솔홀딩스","12","0","KOSPI","-2.18","207.92","","212.56"
"A004170","신세계","12","1","KOSPI","-2.83","2874.79","","2958.48"
"A004250","NPC","12","0","KOSPI","-4.46","196.45","","205.63"
"A004270","남성","12","0","KOSPI","-0.68","78.94","","79.49"
"A004310","현대약품","11","0","KOSPI","-3.04","98.28","","101.36"
"A004360","세방","12","0","KOSPI","-0.8","239.43","","241.36"
"A004370","농심","12","1","KOSPI","-2.32","2177.59","","2229.29"
"A004380","삼익THK","12","0","KOSPI","1.43","447.3","","441"
"A004410","서울식품","12","0","KOSPI","-6.88","86.71","","93.13"
"A004430","송원산업","12","0","KOSPI","-2.85","613.2","","631.2"
"A004440","삼일씨엔에스","12","0","KOSPI","0.76","168.7","","167.43"
"A004450","삼화왕관","12","0","KOSPI","0.56","115.04","","114.4"
"A004490","세방전지","12","1","KOSPI","-1.77","505.4","","514.5"
"A004540","깨끗한나라","12","0","KOSPI","-2.5","152.69","","156.6"
"A004560","현대비앤지스틸","12","0","KOSPI","0.87","174.16","","172.65"
"A004590","한국가구","12","0","KOSDAQ","-0.28","54.3","","54.45"
"A004650","창해에탄올","12","0","KOSDAQ","-0.28","163.6","","164.06"
"A004690","삼천리","12","0","KOSPI","-2.13","466.33","","476.47"
"A004700","조광피혁","12","0","KOSPI","-0.25","262.64","","263.31"
"A004710","한솔테크닉스","12","1","KOSPI","-0.3","371.45","","372.55"
"A004720","팜젠사이언스","12","0","KOSPI","-9.54","123.04","","136.02"
"A004770","써니전자","12","0","KOSPI","-5.61","88.28","","93.53"
"A004780","대륙제관","12","0","KOSDAQ","-0.76","103.37","","104.17"
"A004800","효성","12","1","KOSPI","1.48","4828.65","","4758.42"
"A004830","덕성","12","0","KOSPI","-4.02","58.02","","60.45"
"A004840","DRB동일","12","0","KOSPI","-0.25","150.48","","150.86"
"A004870","티웨이홀딩스","12","0","KOSPI","-3.21","235.59","","243.39"
"A004890","동일산업","12","0","KOSPI","-3.29","156.91","","162.25"
"A004910","조광페인트","12","0","KOSPI","0","130.56","","130.56"
"A004920","씨아이테크","12","0","KOSPI","-1.18","30.01","","30.37"
"A004960","한신공영","12","0","KOSPI","-1.82","203.13","","206.81"
"A004970","신라교역","12","0","KOSPI","-1.26","250.4","","253.6"
"A004980","성신양회","12","0","KOSPI","-2.78","134.21","","138.05"
"A004990","롯데지주","12","1","KOSPI","-0.48","4546.24","","4568.35"
"A005010","휴스틸","12","0","KOSPI","0.31","110.7","","110.35"
"A005030","부산주공","12","0","KOSPI","-2.66","34.08","","34.64"
"A005070","코스모신소재","12","0","KOSPI","-1.08","223.01","","225.45"
"A005090","SGC에너지","12","0","KOSPI","-2.27","208.74","","213.59"
"A005110","한창","12","0","KOSPI","-3.56","60.65","","62.89"
"A005160","동국산업","12","0","KOSDAQ","-0.12","219.96","","220.23"
"A005180","빙그레","12","1","KOSPI","-1.88","618.66","","630.48"
"A005250","녹십자홀딩스","12","1","KOSPI","-2.21","1765.91","","1805.88"
"A005290","동진쎄미켐","12","0","KOSDAQ","4.11","1107.98","","1064.28"
"A005300","롯데칠성","12","1","KOSPI","0.23","1054.34","","1051.94"
"A005320","온타이드","12","0","KOSPI","-1.57","40.79","","41.44"
"A005360","모나미","12","0","KOSPI","-1.36","54.99","","55.75"
"A005380","현대차","12","1","KOSPI","-0.65","33702.3","","33922.58"
"A005420","코스모화학","12","0","KOSPI","7.81","309.64","","287.2"
"A005430","한국공항","12","0","KOSPI","-3.05","170.98","","176.37"
"A005440","현대지에프홀딩스","12","1","KOSPI","0","1465.57","","1465.57"
"A005490","POSCO홀딩스","12","1","KOSPI","0.31","28510.1","","28422.91"
"A005500","삼진제약","12","0","KOSPI","-1.22","505.96","","512.22"
"A005610","삼립","12","1","KOSPI","-2.17","1363.38","","1393.58"
"A005670","푸드웰","12","0","KOSDAQ","-1.38","40.16","","40.72"
"A005680","삼영전자","12","0","KOSPI","-2.7","252","","259"
"A005690","파미셀","12","0","KOSPI","-3.35","320.66","","331.76"
"A005710","대원산업","12","0","KOSDAQ","0.49","165.51","","164.71"
"A005720","넥센","12","0","KOSPI","1.32","411.22","","405.86"
"A005740","크라운해태홀딩스","12","0","KOSPI","-2.84","228.65","","235.33"
"A005750","대림바스","12","0","KOSPI","-3.44","107.54","","111.37"
"A005800","신영와코루","12","0","KOSPI","-3.85","135","","140.4"
"A005810","풍산홀딩스","12","0","KOSPI","1.35","412.91","","407.43"
"A005820","원림","12","0","KOSPI","-1.24","52.69","","53.35"
"A005830","DB손해보험","12","1","KOSPI","-0.14","4941.84","","4948.92"
"A005850","에스엘","12","1","KOSPI","-0.87","773.82","","780.59"
"A005860","한일사료","12","0","KOSDAQ","-2.69","78.41","","80.58"
"A005870","휴니드","12","0","KOSPI","-0.77","181.39","","182.8"
"A005880","대한해운","12","0","KOSPI","0.89","555.7","","550.82"
"A005930","삼성전자","12","1","KOSPI","0.7","332815.92","","330492.14"
"A005940","NH투자증권","12","1","KOSPI","1.8","3981.94","","3911.58"
"A005950","이수화학","12","0","KOSPI","-2.23","234.52","","239.86"
"A005960","동부건설","12","0","KOSPI","-4.72","210.62","","221.05"
"A005990","매일홀딩스","12","0","KOSDAQ","-2.59","206.46","","211.95"
"A006040","동원산업","12","0","KOSPI","-4.19","1077.91","","1124.99"
"A006050","국영지앤엠","12","0","KOSDAQ","2.92","43.1","","41.87"
"A006060","화승인더","12","0","KOSPI","-3.79","548.22","","569.8"
"A006090","사조오양","12","0","KOSPI","-0.38","123.91","","124.38"
"A006110","삼아알미늄","12","0","KOSPI","-0.9","36.52","","36.85"
"A006120","SK디스커버리","12","1","KOSPI","0","1883.06","","1883.06"
"A006140","피제이전자","12","0","KOSDAQ","-1.03","77.1","","77.9"
"A006200","한국전자홀딩스","12","0","KOSPI","-0.46","40.3","","40.48"
"A006220","제주은행","12","0","KOSPI","0.56","158","","157.11"
"A006260","LS","12","1","KOSPI","2.68","2218.58","","2160.62"
"A006280","녹십자","12","1","KOSPI","-2.49","2518.45","","2582.72"
"A006340","대원전선","12","0","KOSPI","-0.45","74.58","","74.92"
"A006360","GS건설","12","1","KOSPI","-0.89","1996.16","","2014.07"
"A006370","대구백화점","12","0","KOSPI","-1.23","129.86","","131.48"
"A006380","카프로","12","0","KOSPI","-2.66","307.6","","316"
"A006400","삼성SDI","12","1","KOSPI","0.48","14371.79","","14303.02"
"A006490","프리티","12","0","KOSPI","3.27","178.9","","173.23"
"A006570","대림통상","12","0","KOSPI","0.56","81.61","","81.15"
"A006620","동구바이오제약","12","0","외감","","","",""
"A006650","대한유화","12","1","KOSPI","0.19","1712.75","","1709.5"
"A006660","삼성공조","12","0","KOSPI","0","91.01","","91.01"
"A006730","서부T&D","12","0","KOSDAQ","-3.77","662.73","","551.38"
"A006740","블루산업개발","12","0","KOSPI","12.23","81.47","","72.59"
"A006800","미래에셋증권","12","1","KOSPI","0.22","6010.17","","5996.85"
"A006840","AK홀딩스","12","1","KOSPI","-1.48","882.29","","895.54"
"A006880","신송홀딩스","12","0","KOSPI","-1.22","67.31","","68.13"
"A006890","태경케미컬","12","0","KOSPI","-1.15","54.64","","55.27"
"A006910","보성파워텍","12","0","KOSDAQ","-3.01","118.08","","121.74"
"A006920","모헨즈","12","0","KOSDAQ","-1.93","66.61","","67.92"
"A006980","우성","12","0","KOSPI","-2.23","94.86","","97.03"
"A007070","GS리테일","12","1","KOSPI","-3.7","3006.85","","3122.35"
"A007110","일신석재","12","0","KOSPI","-3.61","92.95","","96.43"
"A007120","미래아이앤지","12","0","KOSPI","-2.67","60.49","","62.15"
"A007160","사조산업","12","0","KOSPI","-0.88","338.5","","341.5"
"A007210","벽산","12","0","KOSPI","-0.54","252.3","","253.67"
"A007280","한국특강","12","0","KOSPI","-2.18","36.31","","37.12"
"A007310","오뚜기","12","1","KOSPI","-1.1","2793.28","","2824.24"
"A007330","푸른저축은행","12","0","KOSDAQ","-0.52","116.44","","117.04"
"A007340","DN오토모티브","12","0","KOSPI","-3.79","317.31","","329.8"
"A007370","진양제약","12","0","KOSDAQ","0.23","52.44","","52.32"
"A007390","네이처셀","12","0","KOSDAQ","2.63","1210.97","","1179.92"
"A007460","에이프로젠","12","0","KOSPI","2.93","612.23","","594.81"
"A007530","와이엠","12","0","KOSDAQ","-5.26","21.52","","22.72"
"A007540","샘표","12","0","KOSPI","-1.29","87.86","","89.01"
"A007570","일양약품","12","1","KOSPI","-1.59","706.61","","718.03"
"A007590","동방아그로","12","0","KOSPI","-0.28","95.87","","96.14"
"A007610","선도전기","12","0","KOSPI","-1.57","56.25","","57.15"
"A007660","이수페타시스","12","0","KOSPI","-0.82","175.6","","177.04"
"A007680","대원","12","0","KOSDAQ","2.37","119.34","","116.58"
"A007690","국도화학","12","0","KOSPI","-3.08","383.5","","395.7"
"A007700","F&F홀딩스","12","0","KOSPI","-5.04","667.59","","703.01"
"A007720","소노스퀘어","12","0","KOSDAQ","-1.6","310.47","","315.51"
"A007770","한일화학","12","0","KOSDAQ","-1.65","41.77","","42.47"
"A007810","코리아써키트","12","0","KOSPI","1.13","316.52","","312.97"
"A007820","엠엑스로보틱스","12","0","KOSDAQ","-3.11","312","","322"
"A007860","서연","12","0","KOSPI","-1.84","175.16","","178.45"
"A007980","TP","12","0","KOSPI","-1.07","182.84","","184.81"
"A008040","사조동아원","12","0","KOSPI","-2.39","201.84","","206.78"
"A008060","대덕","12","1","KOSPI","-1.1","482.6","","487.96"
"A008250","이건산업","12","0","KOSPI","1.76","86.8","","85.3"
"A008260","NI스틸","12","0","KOSPI","0.17","85.14","","85"
"A008290","원풍물산","12","0","KOSDAQ","-4.72","127.84","","134.18"
"A0082N0","카나프테라퓨틱스","12","0","외감","","","",""
"A008350","남선알미늄","12","0","KOSPI","-4.95","107.87","","113.48"
"A008370","원풍","12","0","KOSDAQ","-1.61","47.76","","48.54"
"A008420","문배철강","12","0","KOSPI","-0.35","58.85","","59.05"
"A008470","부스타","12","0","KOSDAQ","1.6","42.7","","42.02"
"A008490","서흥","12","0","KOSPI","-1.07","373.1","","377.15"
"A008500","일정실업","12","0","KOSPI","-0.96","30.96","","31.26"
"A008600","윌비스","12","0","KOSPI","0.58","99.47","","98.9"
"A008700","아남전자","12","0","KOSPI","-2.4","172.76","","177"
"A008730","율촌화학","12","0","KOSPI","-3.63","493.52","","512.12"
"A008770","호텔신라","12","1","KOSPI","1.88","3394.96","","3332.17"
"A008830","대동기어","12","0","KOSDAQ","0.46","19.77","","19.68"
"A008870","금비","9","0","KOSPI","-0.97","71.6","","72.3"
"A0088M0","메쥬","12","0","외감","","","",""
"A008930","한미사이언스","12","1","KOSPI","-0.46","6757.37","","6788.51"
"A008970","KBI동양철관","12","0","KOSPI","-1.76","97.27","","99.01"
"A009070","KCTC","12","0","KOSPI","-0.97","76.35","","77.1"
"A009140","경인전자","12","0","KOSPI","-0.24","32.59","","32.67"
"A009150","삼성전기","12","1","KOSPI","2.51","7618.76","","7432.02"
"A009160","SIMPAC","12","0","KOSPI","-2.8","116.19","","119.54"
"A009180","한솔로지스틱스","12","0","KOSPI","-0.73","33.7","","33.94"
"A009190","대양금속","12","0","KOSPI","-5.39","39.97","","42.25"
"A009200","무림페이퍼","12","0","KOSPI","0.2","102.15","","101.94"
"A009240","한샘","12","1","KOSPI","-2.18","4224.34","","4318.48"
"A009270","신원","12","0","KOSPI","-0.49","127.56","","128.19"
"A009290","광동제약","12","1","KOSPI","-0.58","452.39","","455.01"
"A009300","삼아제약","12","0","KOSDAQ","-2.48","100.01","","102.56"
"A009310","참엔지니어링","12","0","KOSPI","0","137.73","","137.73"
"A009320","아진전자부품","12","0","KOSPI","-3.56","116.26","","120.55"
"A009410","태영건설","12","0","KOSPI","1.86","628.01","","616.55"
"A009420","한올바이오파마","12","1","KOSPI","9.15","809.73","","741.82"
"A009440","KC그린홀딩스","12","0","KOSPI","0.58","117.33","","116.66"
"A009450","경동나비엔","12","0","KOSPI","0","670.1","","670.1"
"A009460","한창제지","12","0","KOSPI","-0.5","59.31","","59.61"
"A009470","삼화전기","12","0","KOSPI","-2.56","75.4","","77.38"
"A009520","포스코엠텍","12","0","KOSDAQ","-1.75","93.7","","95.36"
"A009540","HD한국조선해양","12","1","KOSPI","-1.12","7536.5","","7621.5"
"A009580","무림P&P","12","0","KOSPI","0.87","290.32","","287.83"
"A009620","삼보산업","12","0","KOSDAQ","-6.93","17.85","","19.18"
"A009680","모토닉","12","0","KOSPI","-0.64","305.25","","307.23"
"A009730","이렘","12","0","KOSDAQ","-4.13","41.9","","43.71"
"A009770","삼정펄프","12","0","KOSPI","-0.8","108","","108.87"
"A009780","엠에스씨","12","0","KOSDAQ","1","89.32","","88.44"
"A009810","플레이그램","12","0","KOSPI","-12.27","42.13","","48.02"
"A009830","한화솔루션","12","1","KOSPI","0.34","4911.32","","4894.84"
"A009900","명신산업","12","0","외감","","","",""
"A009970","영원무역홀딩스","12","0","KOSPI","-1.09","743.14","","751.32"
"A010040","한국내화","12","0","KOSPI","-0.83","68.02","","68.59"
"A010060","OCI홀딩스","12","1","KOSPI","0.38","3124.27","","3112.34"
"A010100","한국무브넥스","12","0","KOSPI","0","60.9","","60.9"
"A010120","LS ELECTRIC","12","1","KOSPI","-2.47","1893","","1941"
"A010130","고려아연","12","1","KOSPI","-0.72","9085.91","","9151.95"
"A010140","삼성중공업","12","1","KOSPI","-1.12","2761.2","","2792.4"
"A010170","대한광통신","12","0","KOSDAQ","0.71","339.33","","336.94"
"A010240","흥국","12","0","KOSDAQ","-2.87","43.81","","45.1"
"A010280","아이티센엔텍","12","0","KOSDAQ","-2.85","55.23","","56.85"
"A010400","우진아이엔에스","12","0","외감","","","",""
"A010470","오리콤","12","0","KOSDAQ","0.19","59.68","","59.56"
"A010580","에스엠벡셀","12","0","KOSPI","-4","30.24","","31.5"
"A010640","진양폴리","12","0","KOSPI","0.29","17.2","","17.15"
"A010660","화천기계","12","0","KOSPI","-1.57","48.4","","49.17"
"A010690","화신","12","0","KOSPI","-2.45","152.95","","156.79"
"A010770","평화홀딩스","12","0","KOSPI","1.03","50.24","","49.73"
"A010780","아이에스동서","12","1","KOSPI","-0.96","1112.84","","1123.63"
"A010820","퍼스텍","12","0","KOSPI","-2.22","154.56","","158.07"
"A010950","S-Oil","12","1","KOSPI","0","13960.27","","13960.27"
"A010960","삼호개발","12","0","KOSPI","0.11","114.5","","114.38"
"A011000","진원생명과학","12","0","KOSPI","-4.07","124.93","","130.22"
"A011040","경동제약","12","0","KOSDAQ","-0.66","298.02","","300.02"
"A011070","LG이노텍","12","1","KOSPI","1.02","3514.57","","3479.06"
"A011080","형지I&C","12","0","KOSDAQ","-7.58","49.86","","53.95"
"A011090","에넥스","12","0","KOSPI","2.02","121.18","","118.78"
"A011150","CJ씨푸드","12","0","KOSPI","-2.62","100.25","","102.94"
"A011170","롯데케미칼","12","1","KOSPI","-1.23","12373.43","","12527.67"
"A011200","HMM","12","0","KOSPI","-1.95","962.87","","982.05"
"A011210","현대위아","12","1","KOSPI","0.47","1735.05","","1726.89"
"A011230","삼화전자","12","0","KOSPI","-14.83","23.5","","29.48"
"A011280","태림포장","12","0","KOSPI","-0.81","173.83","","175.24"
"A011300","우성머티리얼스","12","0","KOSPI","-0.31","36.96","","37.07"
"A011320","유니크","12","0","KOSDAQ","-1.34","113.99","","115.54"
"A011330","유니켐","12","0","KOSPI","-1.46","68.82","","69.84"
"A011370","서한","12","0","KOSDAQ","-2.29","215.41","","220.46"
"A011390","부산산업","12","0","KOSPI","-0.97","32.31","","32.63"
"A011420","갤럭시아에스엠","12","0","KOSPI","-3.65","79.89","","82.92"
"A011500","한농화성","12","0","KOSPI","-3.66","67.94","","70.52"
"A011560","세보엠이씨","12","0","KOSDAQ","0","114.78","","114.78"
"A011690","와이투솔루션","12","0","KOSPI","-3.54","228.43","","236.8"
"A011700","한신기계","12","0","KOSPI","-1.99","128.16","","130.76"
"A011760","현대코퍼레이션","12","0","KOSPI","0","258.63","","258.63"
"A011780","금호석유화학","12","1","KOSPI","2.78","2927.95","","2848.73"
"A011790","SKC","12","1","KOSPI","-4.16","1598.97","","1668.41"
"A0117P0","피스피스스튜디오","12","0","외감","","","",""
"A011810","STX","12","0","KOSPI","0","426.02","","426.02"
"A011930","신성이엔지","12","0","KOSPI","-3.46","338.2","","350.31"
"A012030","DB","12","0","KOSPI","-5.73","122.35","","129.78"
"A0120G0","삼양바이오팜","12","0","외감","","","",""
"A012160","영흥","12","0","KOSPI","-3.08","108.14","","111.57"
"A012170","아센디오","12","0","KOSPI","-4.12","123.97","","129.29"
"A012200","계양전기","12","0","KOSPI","0","148.33","","148.33"
"A012210","삼미금속","12","0","외감","","","",""
"A012280","영화금속","12","0","KOSPI","-3.33","65.9","","68.18"
"A012320","경동인베스트","12","0","KOSPI","-0.12","100.75","","100.87"
"A012330","현대모비스","12","1","KOSPI","0.37","26088.16","","25990.81"
"A012340","뉴인텍","12","0","KOSDAQ","-1.36","53.3","","54.04"
"A012450","한화에어로스페이스","12","1","KOSPI","-2.66","1827.85","","1877.82"
"A012510","더존비즈온","12","0","KOSPI","-0.76","967.33","","974.75"
"A012610","경인양행","12","0","KOSPI","-1.65","216.12","","219.76"
"A012620","원일특강","12","0","KOSDAQ","-0.41","42.94","","43.12"
"A012630","HDC","12","1","KOSPI","-2.12","2958.83","","3022.91"
"A012690","모나리자","12","0","KOSPI","-3.16","179.2","","185.05"
"A0126Z0","삼성에피스홀딩스","12","0","외감","","","",""
"A012700","리드코프","12","0","KOSDAQ","-1.8","160.23","","163.17"
"A012750","에스원","12","1","KOSPI","0","3875.92","","3875.92"
"A012790","신일제약","12","0","KOSDAQ","-1.25","93.62","","94.8"
"A012800","대창","12","0","KOSPI","-1.1","90.14","","91.14"
"A012860","모베이스전자","12","0","KOSDAQ","0.41","65.61","","65.34"
"A013000","세우글로벌","12","0","KOSPI","-3.41","40.27","","41.7"
"A013030","하이록코리아","12","0","KOSDAQ","1.35","306.3","","302.21"
"A013120","동원개발","12","0","KOSDAQ","-1.55","460.4","","467.66"
"A013310","아진산업","12","0","KOSDAQ","-4.41","83.16","","87"
"A013360","일성건설","12","0","KOSPI","-2.43","53.67","","55.01"
"A013520","화승코퍼레이션","12","0","KOSPI","-3.4","165.28","","171.09"
"A013570","디와이","12","0","KOSPI","-0.31","168.45","","168.97"
"A013580","계룡건설","12","0","KOSPI","1.59","142.89","","140.66"
"A013700","까뮤이앤씨","12","0","KOSPI","0","45.6","","45.6"
"A013720","청보","12","0","KOSDAQ","3.57","21.35","","20.61"
"A013810","스페코","12","0","KOSDAQ","-2.52","62.29","","63.9"
"A013870","지엠비코리아","12","0","KOSPI","-2.54","153.91","","157.92"
"A013890","지누스","12","0","K-OTC","-0.22","1145.32","","1147.81"
"A013990","아가방컴퍼니","12","0","KOSDAQ","-0.67","196.34","","197.65"
"A014100","메디앙스","12","0","KOSDAQ","-5.02","140.22","","147.63"
"A014130","한익스프레스","12","0","KOSPI","-0.75","55.32","","55.74"
"A014160","대영포장","12","0","KOSPI","-2.35","92.84","","95.07"
"A014190","원익큐브","12","0","KOSDAQ","4.06","72.57","","69.74"
"A014280","금강공업","12","0","KOSPI","-0.87","138.88","","140.09"
"A014440","영보화학","12","0","KOSPI","-0.41","96.8","","97.2"
"A014470","부방","12","0","KOSDAQ","-2.8","148.03","","152.29"
"A014530","극동유화","12","0","KOSPI","0.47","112.45","","111.93"
"A014570","고려제약","12","0","KOSDAQ","-2.22","72.71","","74.36"
"A014580","태경비케이","12","0","KOSPI","-0.34","80.13","","80.4"
"A014620","성광벤드","12","0","KOSDAQ","0.2","286","","285.43"
"A014680","한솔케미칼","12","1","KOSPI","-0.54","832.46","","836.97"
"A014710","사조씨푸드","12","0","KOSPI","-2.34","107.96","","110.54"
"A014790","HL D&I","12","0","KOSPI","-1.01","143.43","","144.88"
"A014820","동원시스템즈","12","1","KOSPI","-0.2","1255.31","","1257.87"
"A014830","유니드","12","1","KOSPI","-0.34","396.04","","397.38"
"A014910","성문전자","12","0","KOSPI","-3.04","39.53","","39.76"
"A014940","오리엔탈정공","12","0","KOSDAQ","-1.99","39.94","","40.75"
"A014950","삼익제약","12","0","외감","","","",""
"A014970","삼륭물산","12","0","KOSDAQ","0.99","77.44","","76.68"
"A014990","인디에프","12","0","KOSPI","-3.72","61","","63.35"
"A015020","이스타코","12","0","KOSPI","-5.55","36.47","","38.61"
"A015230","대창단조","12","0","KOSPI","1.56","117","","115.2"
"A015260","에이엔피","12","0","KOSPI","-7.17","44.74","","48.2"
"A015360","INVENI","12","0","KOSPI","-0.39","232.5","","233.4"
"A015590","DKME","12","0","KOSPI","-3.3","69.34","","71.7"
"A015710","코콤","12","0","KOSDAQ","-0.25","139.02","","139.37"
"A015750","성우하이텍","12","0","KOSDAQ","0.32","374.4","","373.2"
"A015760","한국전력","12","1","KOSPI","-0.64","25004.5","","25164.99"
"A015860","일진홀딩스","12","0","KOSPI","-1.27","269.44","","272.89"
"A015890","태경산업","12","0","KOSPI","-0.73","158.71","","159.88"
"A016090","대현","12","0","KOSPI","-2.59","119.09","","122.26"
"A016100","리더스코스메틱","12","0","KOSDAQ","-4.44","328.29","","343.54"
"A016250","SGC E&C","12","0","KOSDAQ","0.41","340.2","","338.8"
"A016360","삼성증권","12","1","KOSPI","0","3268.38","","3268.38"
"A016380","KG스틸","12","0","KOSPI","1.95","195.75","","192"
"A016450","한세예스24홀딩스","12","0","KOSPI","-0.89","448","","452"
"A016580","환인제약","12","0","KOSPI","2.84","403.62","","392.46"
"A016590","신대양제지","12","0","KOSPI","1.51","134.17","","132.17"
"A016600","큐캐피탈","12","0","KOSDAQ","-4.43","130.08","","136.11"
"A016610","DB증권","12","0","KOSPI","-3.03","176.58","","182.1"
"A016670","디모아","12","0","KOSDAQ","-7.63","65.53","","70.94"
"A016710","대성홀딩스","12","0","KOSPI","-3.42","127.27","","131.77"
"A016740","두올","12","0","KOSPI","0.34","107.96","","107.59"
"A016790","현대사료","12","0","외감","","","",""
"A016800","퍼시스","12","0","KOSPI","0","382.95","","382.95"
"A016880","웅진","12","0","KOSPI","3.17","165.34","","160.25"
"A016920","카스","12","0","KOSDAQ","-2.25","32.64","","33.39"
"A017000","신원종합개발","12","0","KOSDAQ","-6.56","60.21","","64.44"
"A017040","광명전기","12","0","KOSPI","-1.17","109.86","","111.16"
"A017180","명문제약","12","0","KOSPI","-2.87","138.47","","142.56"
"A017250","인터엠","9","0","KOSDAQ","-1.37","60.61","","61.45"
"A017370","우신시스템","12","0","KOSPI","-2.45","160.43","","164.46"
"A017390","서울가스","12","0","KOSPI","0.1","478.5","","478"
"A017480","삼현철강","12","0","KOSDAQ","-1.05","66.82","","67.52"
"A017510","세명전기","12","0","KOSDAQ","0.98","78.52","","77.75"
"A017550","수산세보틱스","12","0","KOSPI","-2.44","75.58","","77.47"
"A017650","대림제지","12","0","KOSDAQ","2.46","46.8","","45.68"
"A017670","SK텔레콤","12","1","KOSPI","0.18","22043.58","","22003.21"
"A017800","현대엘리베이터","12","1","KOSPI","-0.56","1305.52","","1312.91"
"A017810","풀무원","12","0","KOSPI","-3.06","603.74","","622.79"
"A017860","DS단석","12","0","외감","","","",""
"A017890","한국알콜","12","0","KOSDAQ","-0.69","155.35","","156.43"
"A017900","광전자","12","0","KOSPI","-1.07","160.5","","162.24"
"A017940","E1","12","0","KOSPI","0.17","395.14","","394.45"
"A017960","한국카본","12","0","KOSPI","-2.23","230.79","","236.07"
"A018000","유니슨","12","0","KOSDAQ","-2.69","303.27","","311.64"
"A018120","진로발효","12","0","KOSDAQ","-0.28","271.99","","272.75"
"A018250","애경산업","12","0","외감","","","",""
"A018260","삼성에스디에스","12","1","KOSPI","-0.72","15939.83","","16055.89"
"A018290","브이티","12","0","KOSDAQ","-1.05","88.33","","89.26"
"A018310","삼목에스폼","12","0","KOSDAQ","-0.82","178.61","","180.08"
"A018470","조일알미늄","12","0","KOSPI","-1.26","81.78","","82.82"
"A018500","동원모빌리티","3","0","KOSPI","-0.75","119.37","","120.27"
"A018620","우진비앤지","12","0","KOSDAQ","-0.19","63.67","","63.79"
"A018670","SK가스","12","0","KOSPI","-1.91","826.79","","842.94"
"A018680","서울제약","12","0","KOSDAQ","-3.26","87.2","","90.13"
"A018700","졸스","12","0","KOSDAQ","-5.73","51.51","","54.64"
"A018880","한온시스템","12","1","KOSPI","-5.73","7019.47","","7446.51"
"A019010","베뉴지","12","0","KOSDAQ","-1.61","59.05","","60.01"
"A019170","신풍제약","12","0","KOSPI","-2.75","374.07","","384.67"
"A019180","티에이치엔","12","0","KOSPI","-1.11","32.13","","32.49"
"A019210","와이지-원","12","0","KOSDAQ","3.07","430.31","","417.48"
"A019490","엑시큐어하이트론","12","0","KOSPI","0.5","22.15","","22.04"
"A019540","일지테크","12","0","KOSDAQ","-0.1","64.93","","65"
"A019550","SBI인베스트먼트","12","0","KOSDAQ","-5.25","234.19","","247.15"
"A019570","GMI벤처","12","0","KOSDAQ","-9.89","23.68","","26.28"
"A019660","글로본","12","0","KOSDAQ","-2.81","77.56","","79.8"
"A019680","대교","12","1","KOSPI","-1.1","684.4","","692.02"
"A019770","서연탑메탈","12","0","KOSDAQ","-1.38","41.71","","42.29"
"A019990","에너토크","12","0","KOSDAQ","-7","59.61","","64.1"
"A020000","한섬","12","1","KOSPI","-3.69","772.15","","801.71"
"A020120","키다리스튜디오","12","0","KOSPI","-2.69","42.91","","44.09"
"A020150","롯데에너지머티리얼즈","12","1","KOSPI","-1.66","1639.9","","1667.5"
"A020180","대신정보통신","3","0","KOSDAQ","-6.76","50.34","","53.99"
"A020400","대동금속","12","0","KOSDAQ","-3.7","18.72","","19.44"
"A020560","아시아나항공","12","0","KOSPI","-0.96","953.32","","962.55"
"A020710","시공테크","12","0","KOSDAQ","-3.08","132.52","","136.73"
"A020760","일진디스플","12","0","KOSPI","-1.91","203.86","","207.83"
"A021040","대호특수강","12","0","KOSDAQ","-1.05","68.95","","69.68"
"A021050","서원","12","0","KOSPI","-2.63","52.7","","54.12"
"A021080","에이티넘인베스트","12","0","KOSDAQ","-7.68","135.6","","146.88"
"A021240","코웨이","12","1","KOSPI","-4.13","7818.49","","8155.18"
"A021320","KCC건설","12","0","KOSDAQ","-0.89","166.92","","168.42"
"A021650","한국큐빅","12","0","KOSDAQ","-2.84","25.42","","26.16"
"A021820","세원정공","6","0","KOSPI","-3.63","146","","151.5"
"A021880","메이슨캐피탈","3","0","KOSDAQ","-1.8","51.78","","52.73"
"A022100","포스코DX","12","0","KOSDAQ","0.38","1207.16","","1202.59"
"A022220","티케이지애강","12","0","KOSDAQ","-1.25","143.73","","145.54"
"A023000","삼원강재","12","0","KOSPI","0.3","134.8","","134.4"
"A023150","MH에탄올","12","0","KOSPI","-0.46","47.89","","48.11"
"A023160","태광","12","0","KOSDAQ","4.46","310.05","","296.8"
"A023350","한국종합기술","12","0","KOSPI","-5.45","60.77","","64.28"
"A023410","유진기업","12","0","KOSDAQ","0.21","362.41","","361.65"
"A023440","제이스코홀딩스","12","0","KOSDAQ","-1.75","29.16","","29.68"
"A023450","동남합성","12","0","KOSPI","-1.49","77.82","","79"
"A023530","롯데쇼핑","12","1","KOSPI","-1.75","5525.98","","5624.41"
"A023590","다우기술","12","0","KOSPI","-0.99","901.82","","910.79"
"A023600","삼보판지","12","0","KOSDAQ","-0.14","99.4","","99.54"
"A023760","한국캐피탈","12","0","KOSDAQ","-2.02","105.97","","108.16"
"A023770","플레이위드","12","0","KOSDAQ","-0.38","24.51","","24.6"
"A023790","동일스틸럭스","12","0","KOSDAQ","-0.52","28.24","","28.39"
"A023800","인지컨트롤스","12","0","KOSPI","-2.01","88.84","","90.66"
"A023810","인팩","12","0","KOSPI","0.54","46.35","","46.1"
"A023900","풍국주정","12","0","KOSDAQ","-1.83","168.84","","171.99"
"A023910","대한약품","12","0","KOSDAQ","-0.62","239.1","","240.6"
"A023960","에쓰씨엔지니어링","12","0","KOSPI","-5.88","39.47","","41.94"
"A024060","흥구석유","12","0","KOSDAQ","-0.18","41.85","","41.93"
"A024070","WISCOM","12","0","KOSPI","0.36","63.63","","63.41"
"A024090","디씨엠","12","0","KOSPI","-0.4","146.25","","146.84"
"A024110","기업은행","12","1","KOSPI","0.62","9071.66","","9015.66"
"A024120","KB오토시스","12","0","KOSDAQ","-2.12","79.58","","81.31"
"A024720","콜마홀딩스","12","0","KOSPI","-3.13","674.14","","695.92"
"A024740","한일단조","12","0","KOSDAQ","-4.45","48.04","","50.27"
"A024800","유성티엔에스","12","0","KOSDAQ","-2.78","87.48","","89.98"
"A024830","세원물산","12","0","KOSDAQ","-1.87","56.95","","58.03"
"A024840","KBI메탈","12","0","KOSDAQ","-0.42","74.2","","74.51"
"A024850","HLB이노베이션","12","0","KOSDAQ","-8.07","31.33","","34.08"
"A024880","케이피에프","12","0","KOSDAQ","-0.58","76.07","","76.52"
"A024890","대원화성","12","0","KOSPI","-4.22","107.66","","112.4"
"A024900","디와이덕양","12","0","KOSPI","-3.64","47.38","","49.17"
"A024910","경창산업","12","0","KOSDAQ","-0.69","62.78","","63.22"
"A024940","PN풍년","12","0","KOSDAQ","-1.27","27.15","","27.5"
"A024950","삼천리자전거","12","0","KOSDAQ","-1.31","119.59","","121.19"
"A025000","KPX케미칼","12","0","KOSPI","1.6","338.32","","332.99"
"A025320","시노펙스","12","0","KOSDAQ","-11.3","295.81","","333.48"
"A025440","DH오토웨어","12","0","KOSDAQ","-3.45","166.68","","172.63"
"A025530","SJM홀딩스","12","0","KOSPI","0.1","73.33","","73.25"
"A025540","한국단자","12","1","KOSPI","-1.32","699.89","","709.26"
"A025550","한국선재","12","0","KOSDAQ","-0.52","70.75","","71.11"
"A025560","미래산업","12","0","KOSPI","-1.34","139.41","","141.3"
"A025620","차AI헬스케어","12","0","KOSPI","-10.94","452.83","","507.6"
"A025750","한솔홈데코","12","0","KOSPI","-1.73","114.4","","116.42"
"A025770","한국정보통신","12","0","KOSDAQ","1.4","421.12","","415.3"
"A025820","이구산업","12","0","KOSPI","-2.18","67.55","","69.06"
"A025860","남해화학","12","1","KOSPI","-1.2","448.6","","454.06"
"A025870","신라에스지","12","0","KOSDAQ","-5.24","23.16","","24.44"
"A025880","케이씨피드","12","0","KOSDAQ","-2.58","37.94","","38.95"
"A025890","한국주강","12","0","KOSPI","-0.65","25.79","","25.95"
"A025900","동화기업","12","0","KOSDAQ","-0.48","445.06","","447.21"
"A025950","동신건설","12","0","KOSDAQ","-6.26","59.14","","63.08"
"A025980","아난티","12","0","KOSDAQ","3.39","451.94","","437.12"
"A026040","제이에스티나","12","0","KOSDAQ","-3.63","91.93","","95.39"
"A026150","특수건설","12","0","KOSDAQ","-1.98","39.68","","40.48"
"A026890","스틱인베스트먼트","12","0","KOSPI","-0.76","162.54","","163.8"
"A026910","광진실업","12","0","KOSDAQ","-2.28","21.97","","22.48"
"A026940","부국철강","12","0","KOSPI","-1.07","55.6","","56.2"
"A026960","동서","12","1","KOSPI","-1.86","2886.32","","2941.15"
"A027040","서울전자통신","12","0","KOSDAQ","-2.34","80.96","","82.9"
"A027050","코리아나","12","0","KOSDAQ","-3.56","270.8","","280.8"
"A027360","아주IB투자","12","0","외감","","","",""
"A027410","BGF","12","1","KOSPI","-3.65","467.82","","485.57"
"A027580","상보","12","0","KOSDAQ","1.1","49.82","","49.27"
"A027710","팜스토리","12","0","KOSDAQ","-2.59","116.18","","119.27"
"A027740","마니커","12","0","KOSPI","-1.08","74.94","","75.75"
"A027830","대성창투","12","0","KOSDAQ","-6.44","90","","96.2"
"A027970","한국제지","12","0","KOSPI","-0.67","35.01","","35.25"
"A028050","삼성E&A","12","1","KOSPI","-0.41","2371.6","","2381.4"
"A028080","휴맥스홀딩스","12","0","KOSDAQ","-2.16","59.81","","61.13"
"A028100","동아지질","12","0","KOSPI","-2.95","132.25","","136.28"
"A028260","삼성물산","12","1","KOSPI","0.38","24754.55","","24659.71"
"A028300","HLB","12","0","KOSDAQ","-2.51","1266.65","","1297.11"
"A028670","팬오션","12","1","KOSPI","0.91","2966.68","","2939.96"
"A029460","케이씨","12","0","KOSPI","2.02","341.56","","334.78"
"A029480","광무","12","0","KOSDAQ","-5.49","22.04","","23.32"
"A029530","신도리코","12","1","KOSPI","-0.95","633.03","","639.07"
"A029780","삼성카드","12","1","KOSPI","-0.49","4750.21","","4773.39"
"A030000","제일기획","12","1","KOSPI","0.48","2415.87","","2404.36"
"A030190","NICE평가정보","12","0","KOSDAQ","-1.88","538.54","","548.86"
"A030200","KT","12","1","KOSPI","-1.6","8016.13","","8146.69"
"A030210","다올투자증권","12","0","KOSPI","1.94","253.92","","249.1"
"A030350","드래곤플라이","12","0","KOSDAQ","-2.96","68.22","","70.3"
"A030520","한컴","12","0","KOSDAQ","-2.8","400.48","","412.02"
"A030530","원익홀딩스","12","0","KOSDAQ","0.26","597.82","","596.28"
"A030610","교보증권","12","0","KOSPI","-0.87","327.24","","330.12"
"A030720","동원수산","12","0","KOSPI","-0.97","37.72","","38.09"
"A030960","양지사","6","0","KOSDAQ","-5.37","143.66","","151.81"
"A031210","서울보증보험","12","0","외감","","","",""
"A031310","아이즈비전","12","0","KOSDAQ","-1.5","46.69","","47.4"
"A031330","에스에이엠티","12","0","KOSDAQ","-0.99","200.99","","202.99"
"A031430","신세계인터내셔날","12","0","KOSPI","-1.31","536.93","","544.07"
"A031440","신세계푸드","12","0","KOSPI","-1.82","522.78","","532.47"
"A031510","오스템","12","0","KOSDAQ","-7.83","131.56","","142.74"
"A031820","아이티센씨티에스","12","0","KOSPI","5.21","51.44","","48.89"
"A031860","디에이치엑스컴퍼니","12","0","KOSDAQ","-8.82","57.44","","63"
"A031980","피에스케이홀딩스","12","0","KOSDAQ","5.61","535.74","","507.27"
"A032080","아즈텍WB","12","0","KOSDAQ","-3.86","41.73","","43.4"
"A032190","다우데이타","12","0","KOSDAQ","0","392.58","","392.58"
"A032280","삼일","12","0","KOSDAQ","-1.45","33.08","","33.56"
"A032300","한국파마","12","0","외감","","","",""
"A032350","롯데관광개발","12","0","KOSPI","0.88","522.04","","517.5"
"A032500","케이엠더블유","12","0","KOSDAQ","-0.22","368.69","","369.5"
"A032540","TJ미디어","12","0","KOSDAQ","-3.53","62.76","","65.06"
"A032560","황금에스티","12","0","KOSPI","-0.94","117.88","","119"
"A032580","피델릭스","12","0","KOSDAQ","-4.88","40.11","","42.16"
"A032620","GC메디아이","12","0","KOSDAQ","-0.92","151.07","","152.48"
"A032640","LG유플러스","12","1","KOSPI","-1.38","6221.71","","6309.03"
"A032680","소프트센","12","0","KOSDAQ","-5.35","54.48","","57.56"
"A032750","삼진","12","0","KOSDAQ","-3.33","55.68","","57.6"
"A032790","엠젠솔루션","12","0","KOSDAQ","-5.34","103.72","","109.57"
"A032800","판타지오","6","0","KOSDAQ","-4.98","97.06","","102.15"
"A032820","우리기술","12","0","KOSDAQ","-3.92","50.9","","52.97"
"A032830","삼성생명","12","1","KOSPI","-0.8","24800","","25000"
"A032850","비트컴퓨터","12","0","KOSDAQ","-1.53","96.25","","97.74"
"A032860","더라미","12","0","KOSDAQ","-2.19","36.28","","37.09"
"A032940","원익","12","0","KOSDAQ","-0.34","73.79","","74.04"
"A032960","동일기연","12","0","KOSDAQ","0","84.34","","84.34"
"A032980","바이온","12","0","KOSDAQ","-3.99","48.33","","50.34"
"A033050","제이엠아이","12","0","KOSDAQ","-0.91","35.67","","36"
"A033100","제룡전기","12","0","KOSDAQ","-1.6","88.99","","90.43"
"A033130","디지틀조선","12","0","KOSDAQ","-0.85","86.85","","87.59"
"A033160","엠케이전자","12","0","KOSDAQ","0","234.43","","234.43"
"A033170","시그네틱스","12","0","KOSDAQ","-0.74","114.45","","115.3"
"A033200","모아텍","3","0","KOSDAQ","-1","70.94","","71.66"
"A033230","인성정보","12","0","KOSDAQ","-0.9","94.93","","95.79"
"A033240","자화전자","12","0","KOSPI","1.39","457.35","","451.08"
"A033250","체시스","12","0","KOSPI","-3.28","23.33","","24.12"
"A033270","유나이티드제약","12","0","KOSPI","-2.2","469.2","","479.74"
"A033290","로젠","12","0","KOSDAQ","-3.23","450","","465.01"
"A033310","엠투엔","12","0","KOSDAQ","1.06","41.75","","41.31"
"A033320","제이씨현시스템","12","0","KOSDAQ","-12.27","225.55","","257.09"
"A033340","좋은사람들","12","0","KOSDAQ","-3.02","50.98","","52.56"
"A033500","동성화인텍","12","0","KOSDAQ","0","131.95","","131.95"
"A033530","SJG세종","12","0","KOSPI","-1.47","161.64","","164.05"
"A033540","파라텍","12","0","KOSDAQ","-2.21","73.94","","75.61"
"A033560","블루콤","12","0","KOSDAQ","4.23","137.28","","131.71"
"A033640","네패스","12","0","KOSDAQ","0.1","209.52","","209.3"
"A033780","KT&G","12","1","KOSPI","0","16612.39","","16612.39"
"A033790","피노","12","0","KOSDAQ","-3.42","70.18","","72.66"
"A033830","티비씨","12","0","KOSDAQ","2.56","64","","62.4"
"A033920","무학","12","1","KOSPI","-0.82","518.7","","522.98"
"A034020","두산에너빌리티","12","1","KOSPI","0.63","1687.43","","1676.78"
"A034120","SBS","12","1","KOSPI","-0.95","474.57","","479.13"
"A034220","LG디스플레이","12","1","KOSPI","-1.01","10519.78","","10627.13"
"A034230","파라다이스","12","0","KOSDAQ","-3.06","2018.93","","2082.59"
"A034310","NICE","12","0","KOSPI","-6.08","526.56","","560.66"
"A034590","인천도시가스","12","0","KOSPI","-0.33","133.43","","133.87"
"A034730","SK","12","1","KOSPI","-0.36","19595.34","","19665.7"
"A034810","해성산업","12","0","KOSDAQ","0","119.32","","119.32"
"A034830","한국토지신탁","12","0","KOSPI","0","801.65","","801.65"
"A034940","조아제약","12","0","KOSDAQ","-0.87","129.09","","130.23"
"A034950","한국기업평가","12","0","KOSDAQ","-0.54","250.18","","251.54"
"A035000","HS애드","12","0","KOSPI","3.38","177.27","","171.47"
"A035080","그래디언트","12","0","KOSDAQ","-2.96","229.91","","236.93"
"A035150","백산","12","0","KOSPI","-0.7","171.58","","172.79"
"A035200","프럼파스트","12","0","KOSDAQ","-5.69","42.62","","45.2"
"A035250","강원랜드","12","1","KOSPI","-2.77","7498.61","","7712.56"
"A035290","골드앤에스","12","0","KOSDAQ","0","116.19","","116.19"
"A035420","NAVER","12","1","KOSPI","-0.58","28183.09","","28347.9"
"A035460","기산텔레콤","12","0","KOSDAQ","-2.61","43.59","","44.75"
"A035510","신세계 I&C","12","0","KOSPI","0.12","141.9","","141.73"
"A035600","KG이니시스","12","0","KOSDAQ","0","478.55","","478.55"
"A035610","솔본","12","0","KOSDAQ","1.88","162.71","","159.7"
"A035620","바른손이앤에이","12","0","KOSDAQ","-3.97","123.18","","128.27"
"A035720","카카오","12","1","KOSPI","0.74","9200.07","","9132.17"
"A035760","CJ ENM","12","0","KOSDAQ","-1.57","1440.76","","1463.75"
"A035810","이지홀딩스","12","0","KOSDAQ","-0.33","340.52","","341.64"
"A035890","서희건설","12","0","KOSDAQ","0","209.9","","209.9"
"A035900","JYP Ent.","12","0","KOSDAQ","1.44","487.2","","480.29"
"A036000","예림당","12","0","KOSDAQ","-4.41","209.84","","219.52"
"A036010","아비코전자","12","0","KOSDAQ","-1.55","109.93","","111.66"
"A036030","케이티알파","12","0","KOSDAQ","-3.86","222.5","","231.43"
"A036090","위지트","12","0","KOSDAQ","-7.74","142.56","","154.53"
"A036120","서울평가정보","12","0","KOSDAQ","5.07","257.38","","244.95"
"A036170","에이치엠넥스","12","0","KOSDAQ","29.82","138.89","","106.99"
"A036190","금화피에스시","12","0","KOSDAQ","0.71","253.8","","252"
"A036200","유니셈","12","0","KOSDAQ","-3.02","196.86","","203"
"A036220","오상헬스케어","12","0","외감","","","",""
"A036420","콘텐트리중앙","12","0","KOSDAQ","1.51","613.69","","604.57"
"A036460","한국가스공사","12","1","KOSPI","0.23","3978.69","","3969.46"
"A036480","대성미생물","12","0","KOSDAQ","-2.71","39.52","","40.62"
"A036530","SNT홀딩스","12","0","KOSPI","-0.63","248.53","","250.12"
"A036540","SFA반도체","12","0","KOSDAQ","-0.21","338.58","","339.29"
"A036560","KZ정밀","12","0","KOSDAQ","-0.91","137.81","","139.07"
"A036570","NC","12","1","KOSPI","-2.33","10124.86","","10366.19"
"A036580","팜스코","12","1","KOSPI","-3.77","422.37","","438.9"
"A036620","감성코퍼레이션","12","0","KOSDAQ","1.23","31.44","","31.06"
"A036630","세종텔레콤","12","0","KOSDAQ","-1.83","354.79","","361.4"
"A036640","HRS","12","0","KOSDAQ","-2.18","69.83","","71.39"
"A036670","삼양케이씨아이","12","0","KOSDAQ","-14.86","102.67","","120.59"
"A036690","코맥스","12","0","KOSDAQ","-2.44","95.37","","97.75"
"A036710","심텍홀딩스","12","0","KOSDAQ","-0.41","84.8","","85.15"
"A036800","나이스정보통신","12","0","KOSDAQ","-1.52","227","","230.5"
"A036810","에프에스티","12","0","KOSDAQ","2.72","116.99","","113.9"
"A036830","솔브레인홀딩스","12","0","KOSDAQ","-0.88","1172.64","","1183.08"
"A036890","진성티이씨","12","0","KOSDAQ","0.98","232.69","","230.44"
"A036930","주성엔지니어링","12","0","KOSDAQ","1.55","632.06","","622.41"
"A037030","파워넷","12","0","K-OTC","0","40.47","","40.47"
"A037070","파세코","12","0","KOSDAQ","1.43","79.24","","78.12"
"A037230","한국팩키지","12","0","KOSDAQ","-2.17","56.25","","57.5"
"A037270","YG PLUS","12","0","KOSPI","-2.47","114.89","","117.8"
"A037330","인지디스플레","12","0","KOSDAQ","1.38","65.33","","64.44"
"A037350","성도이엔지","12","0","KOSDAQ","0","103.65","","103.65"
"A037370","EG","12","0","KOSDAQ","-2.73","80.25","","82.5"
"A037400","우리엔터프라이즈","12","0","KOSDAQ","-2.03","42.12","","42.99"
"A037440","희림","12","0","KOSDAQ","0.98","64.81","","64.18"
"A037460","삼지전자","12","0","KOSDAQ","-1.68","133.49","","135.77"
"A037560","LG헬로비전","12","0","KOSPI","-3.17","543.68","","561.49"
"A037710","광주신세계","12","0","KOSPI","-0.88","361.6","","364.8"
"A037760","쎄니트","12","0","KOSDAQ","-2.13","54.3","","55.49"
"A037950","엘컴텍","12","0","KOSDAQ","-3.04","188.74","","194.65"
"A038010","제일테크노스","12","0","KOSDAQ","-1.63","35.37","","35.96"
"A038060","루멘스","12","0","KOSDAQ","-0.24","199.98","","200.45"
"A038070","서린바이오","12","0","KOSDAQ","-2.78","79.01","","81.27"
"A038110","에코플라스틱","12","0","KOSDAQ","-2.49","48.8","","50.05"
"A038290","마크로젠","12","0","KOSDAQ","-0.3","312.65","","313.6"
"A038390","레드캡투어","12","0","KOSDAQ","-0.31","139.15","","139.58"
"A038460","바이오스마트","12","0","KOSDAQ","-3.19","85.82","","88.66"
"A038500","삼표시멘트","12","0","KOSDAQ","-0.97","330.12","","333.34"
"A038530","케이바이오랩스","12","0","KOSDAQ","12.94","29.05","","25.72"
"A038540","상상인","12","0","KOSDAQ","1.33","546.72","","539.56"
"A038620","위즈코프","12","0","KOSDAQ","-0.35","47.82","","47.98"
"A038680","에스넷","12","0","KOSDAQ","-2.96","89.7","","92.43"
"A038870","에코심플렉스","12","0","KOSDAQ","-3.93","99.45","","103.53"
"A038880","아이에이","12","0","KOSDAQ","6.32","166.37","","156.48"
"A038950","파인디지털","12","0","KOSDAQ","0.2","51.31","","51.21"
"A039010","현대에이치티","12","0","KOSDAQ","0.42","82.45","","82.11"
"A039020","이건홀딩스","12","0","KOSDAQ","-1.93","47.42","","48.35"
"A039030","이오테크닉스","12","0","KOSDAQ","2.94","1074.55","","1043.85"
"A039130","하나투어","12","0","KOSPI","-1.92","1184.85","","1208.08"
"A039200","오스코텍","12","0","KOSDAQ","-0.45","301.12","","302.48"
"A039240","경남스틸","12","0","KOSDAQ","-1.41","48.9","","49.6"
"A039290","인포뱅크","12","0","KOSDAQ","-1.46","82.25","","83.46"
"A039310","세중","12","0","KOSDAQ","0.15","60.98","","60.89"
"A039340","한국경제TV","12","0","KOSDAQ","-0.52","88.55","","89.01"
"A039420","케이엘넷","12","0","KOSDAQ","0","74.28","","74.28"
"A039440","에스티아이","12","0","KOSDAQ","0","340.63","","340.63"
"A039490","키움증권","12","0","KOSPI","-1.16","1889.53","","1911.63"
"A039560","다산네트웍스","12","0","KOSDAQ","1.01","162.78","","160.89"
"A039570","HDC랩스","12","0","KOSPI","-0.65","251.02","","252.66"
"A039610","화성밸브","12","0","KOSDAQ","-1.41","40.7","","41.28"
"A039740","한국정보공학","12","0","KOSDAQ","-4.46","33.52","","35.08"
"A039830","오로라","12","0","KOSDAQ","-1.36","117.32","","118.93"
"A039840","디오","12","0","KOSDAQ","0.6","507.48","","504.45"
"A039860","나노엔텍","12","0","KOSDAQ","-1.23","137.02","","138.73"
"A039980","폴라리스AI","12","0","KOSDAQ","-3.04","86.03","","88.73"
"A040160","누리플렉스","12","0","KOSDAQ","-2.4","122.36","","125.38"
"A040300","YTN","12","0","KOSDAQ","-0.24","88.62","","88.83"
"A040350","크레오에스지","12","0","KOSDAQ","-7.29","285.7","","308.16"
"A040420","정상제이엘에스","12","0","KOSDAQ","0","123.7","","123.7"
"A040610","SG&G","12","0","KOSDAQ","-3.43","100.9","","104.48"
"A040910","아이씨디","12","0","KOSDAQ","-2.26","216.4","","219.46"
"A041020","폴라리스오피스","12","0","KOSDAQ","-7.41","47.43","","51.22"
"A041190","우리기술투자","12","0","KOSDAQ","-4.25","265.02","","276.78"
"A041440","현대에버다임","12","0","KOSDAQ","-0.32","168.95","","169.48"
"A041460","한국전자인증","12","0","KOSDAQ","-4.42","143.78","","150.43"
"A041510","에스엠","12","0","KOSDAQ","-5.43","796.26","","841.94"
"A041520","이엘씨","12","0","KOSDAQ","0.52","94.1","","93.61"
"A041590","플래스크","12","0","KOSDAQ","0","203.14","","203.14"
"A041650","상신브레이크","12","0","KOSPI","-1.54","165.12","","167.69"
"A041830","인바디","12","0","KOSDAQ","-1.09","498.77","","504.25"
"A041910","폴라리스AI파마","12","0","KOSDAQ","-2.17","132.48","","135.43"
"A041920","메디아나","12","0","KOSDAQ","-2.72","80.45","","82.7"
"A041930","SY동아","12","0","KOSDAQ","0.1","77.34","","77.26"
"A041960","코미팜","12","0","KOSDAQ","2.55","1993.91","","1944.34"
"A042000","카페24","12","0","K-OTC","-3.42","448.64","","464.53"
"A042040","케이피엠테크","12","0","KOSDAQ","-15.73","124.23","","147.42"
"A042110","에스씨디","12","0","KOSDAQ","-1.13","84.34","","85.3"
"A042370","비츠로테크","12","0","KOSDAQ","-0.53","105.06","","105.62"
"A042420","네오위즈홀딩스","12","0","KOSDAQ","0.76","117.35","","116.47"
"A042500","링네트","12","0","KOSDAQ","-3.23","58.25","","60.2"
"A042510","라온시큐어","12","0","KOSDAQ","0.58","111.17","","110.54"
"A042520","한스바이오메드","9","0","KOSDAQ","2.31","283.41","","277.01"
"A042600","새로닉스","12","0","KOSDAQ","0","91.31","","91.31"
"A042660","한화오션","12","0","KOSPI","-3.65","1664.71","","1727.72"
"A042700","한미반도체","12","0","KOSPI","4.74","772.52","","737.55"
"A042940","상지건설","12","0","KOSDAQ","0","40.2","","40.2"
"A043090","더테크놀로지","12","0","KOSDAQ","-1.72","156.64","","159.38"
"A043100","알파AI","12","0","KOSDAQ","-3.72","80.58","","83.69"
"A043150","바텍","12","0","KOSDAQ","0.48","469.39","","467.17"
"A043200","파루","12","0","KOSDAQ","-3.38","114.66","","118.66"
"A043220","티에스넥스젠","12","0","KOSDAQ","-3.1","63.12","","65.14"
"A043260","성호전자","12","0","KOSDAQ","-2.46","29.21","","29.95"
"A043340","에쎈테크","12","0","KOSDAQ","-2.11","100.44","","102.6"
"A043360","디지아이","12","0","KOSDAQ","-1.36","29.48","","29.88"
"A043370","피에이치에이","12","0","KOSDAQ","-2.03","202.86","","207.06"
"A043590","웰킵스하이텍","12","0","KOSDAQ","0","65","","65"
"A043610","KT지니뮤직","12","0","KOSDAQ","-3.75","221.12","","229.73"
"A043650","국순당","12","0","KOSDAQ","-1.57","100.54","","102.15"
"A043710","코스리거글로벌","12","0","KOSDAQ","-4.08","84.46","","88.05"
"A043910","자연과환경","12","0","KOSDAQ","-2.46","60.6","","62.13"
"A044180","KD","12","0","KOSDAQ","7.39","67.23","","62.6"
"A044340","위닉스","12","0","KOSDAQ","-0.42","195.49","","196.3"
"A044380","주연테크","12","0","KOSPI","-21.82","45.92","","58.74"
"A044450","KSS해운","12","0","KOSPI","1.57","209.83","","206.59"
"A044480","빌리언스","12","0","KOSDAQ","11.28","64.5","","57.96"
"A044490","태웅","12","0","KOSDAQ","-1.6","370.14","","376.14"
"A044780","에이치케이","12","0","KOSDAQ","-0.9","30.31","","30.59"
"A044820","코스맥스비티아이","12","0","KOSPI","-1.05","317.41","","320.77"
"A044960","이글벳","12","0","KOSDAQ","-4.42","56.77","","59.39"
"A044990","에이치엔에스하이텍","12","0","KONEX","14.86","25.84","","22.5"
"A045060","오공","12","0","KOSDAQ","-1.09","57.55","","58.19"
"A045100","한양이엔지","12","0","KOSDAQ","2.23","247.5","","242.1"
"A045300","성우테크론","12","0","KOSDAQ","-3.37","39.12","","40.48"
"A045340","토탈소프트","12","0","KOSDAQ","-1.35","28.16","","28.54"
"A045390","대아티아이","12","0","KOSDAQ","-1.4","125.23","","127.01"
"A045510","정원엔시스","12","0","KOSDAQ","10.78","77.79","","70.22"
"A045520","크린앤사이언스","12","0","KOSDAQ","0","78","","78"
"A045660","에이텍","12","0","KOSDAQ","-10.08","88.38","","98.29"
"A045970","코아시아","12","0","KOSDAQ","-0.54","93.6","","94.11"
"A046070","코다코","12","0","KOSDAQ","-1.5","115.43","","117.19"
"A046120","오르비텍","12","0","KOSDAQ","-2.97","82","","84.5"
"A046210","HLB파나진","12","0","KOSDAQ","-3.44","260.33","","269.59"
"A046310","백금T&A","12","0","KOSDAQ","-10.34","68.28","","76.15"
"A046390","삼화네트웍스","12","0","KOSDAQ","-2.14","58.72","","60"
"A046440","KG파이낸셜","12","0","KOSDAQ","0","234.42","","234.42"
"A046890","서울반도체","12","0","KOSDAQ","0.35","1693.77","","1687.94"
"A046940","우원개발","12","0","KOSDAQ","-0.39","55.45","","55.67"
"A046970","우리로","12","0","KOSDAQ","-1.75","64.21","","65.35"
"A047040","대우건설","12","1","KOSPI","0.34","2418.92","","2410.61"
"A047050","포스코인터내셔널","12","1","KOSPI","1.96","2251.6","","2208.42"
"A047080","한빛소프트","12","0","KOSDAQ","-4.29","99.61","","104.08"
"A047310","파워로직스","12","0","KOSDAQ","-1.66","202.63","","206.06"
"A047400","유니온머티리얼","12","0","KOSPI","-1.51","109.83","","111.51"
"A047560","이스트소프트","12","0","KOSDAQ","-2.36","69.59","","71.28"
"A047770","코데즈컴바인","12","0","KOSDAQ","-8.66","121.66","","133.21"
"A047810","한국항공우주","12","1","KOSPI","0.76","4552.09","","4517.97"
"A047820","초록뱀미디어","12","0","KOSDAQ","-5.28","98.88","","104.39"
"A047920","HLB제약","12","0","KOSDAQ","-1.63","75.09","","76.33"
"A048410","현대바이오","12","0","KOSDAQ","-2.24","170.36","","174.27"
"A048430","유라테크","12","0","KOSDAQ","-1.05","98.15","","99.19"
"A048470","대동스틸","12","0","KOSDAQ","-0.56","44.7","","44.95"
"A048530","인트론바이오","12","0","KOSDAQ","-0.55","548.9","","551.91"
"A048550","SM C&C","12","0","KOSDAQ","-3.83","259.55","","269.9"
"A048770","TPC로보틱스","12","0","KOSDAQ","-3.17","78.69","","81.27"
"A048830","엔피케이","12","0","KOSDAQ","-3.83","39.98","","41.57"
"A048870","시너지이노베이션","12","0","KOSDAQ","-3.27","114.36","","118.23"
"A048910","대원미디어","12","0","KOSDAQ","-1.51","115.22","","116.98"
"A049070","인탑스","12","0","KOSDAQ","0","179.74","","179.74"
"A049080","기가레인","12","0","KOSDAQ","-0.17","141.84","","142.08"
"A049120","파인디앤씨","12","0","KOSDAQ","-2.54","76.84","","78.84"
"A049180","셀루메드","12","0","KOSDAQ","-3.45","165.66","","171.59"
"A049430","코메론","12","0","KOSDAQ","0.98","83.78","","82.97"
"A049470","비트플래닛","12","0","KOSDAQ","-6.13","85.12","","90.68"
"A049480","오픈베이스","12","0","KOSDAQ","-3.45","114.38","","118.46"
"A049520","유아이엘","12","0","KOSDAQ","-1.17","147.7","","149.44"
"A049550","잉크테크","12","0","KOSDAQ","4.23","38.18","","36.64"
"A049630","재영솔루텍","12","0","KOSDAQ","-3.91","67.89","","70.65"
"A049720","고려신용정보","12","0","KOSDAQ","1.24","46.62","","46.05"
"A049800","우진플라임","12","0","KOSPI","-3.69","78.3","","81.3"
"A049830","승일","12","0","KOSDAQ","-1.92","62.55","","63.77"
"A049950","미래컴퍼니","12","0","KOSDAQ","-0.49","626.66","","629.72"
"A049960","쎌바이오텍","12","0","KOSDAQ","-0.13","355.79","","356.26"
"A050090","비케이홀딩스","12","0","KOSDAQ","-2.52","61.53","","63.12"
"A050110","캠시스","12","0","KOSDAQ","-1.92","147.87","","150.76"
"A050120","ES큐브","12","0","KOSDAQ","0","84.49","","84.49"
"A050760","에스폴리텍","12","0","KOSDAQ","-1.77","31.77","","32.34"
"A050860","아세아텍","6","0","KOSDAQ","-0.17","52.76","","52.85"
"A050890","쏠리드","12","0","KOSDAQ","4.8","130.62","","124.64"
"A050960","수산아이앤티","12","0","KOSDAQ","-0.32","64","","64.2"
"A051160","지어소프트","12","0","KOSDAQ","-1.42","28.45","","28.85"
"A051360","토비스","12","0","KOSDAQ","-2.5","130.23","","133.57"
"A051370","인터플렉스","12","0","KOSDAQ","-1.38","906.41","","919.05"
"A051380","피씨디렉트","12","0","KOSDAQ","-7.23","34.35","","37.02"
"A051390","YW","12","0","KOSDAQ","-0.63","45.14","","45.42"
"A051490","나라엠앤디","12","0","KOSDAQ","-0.21","66.31","","66.46"
"A051500","CJ프레시웨이","12","0","KOSDAQ","-1.55","452.9","","460.02"
"A051600","한전KPS","12","1","KOSPI","0.85","1874.25","","1858.5"
"A051630","진양화학","12","0","KOSPI","-1.48","27.96","","28.38"
"A051780","큐로홀딩스","12","0","KOSDAQ","-4.69","61.1","","64.11"
"A051900","LG생활건강","12","1","KOSPI","-1.32","18710.6","","18960.49"
"A051910","LG화학","12","1","KOSPI","0.25","28131.05","","28060.46"
"A051980","중앙첨단소재","12","0","KOSDAQ","-0.92","19.83","","20.02"
"A052020","에스티큐브","12","0","KOSDAQ","-3.89","143.92","","149.75"
"A052220","iMBC","12","0","KOSDAQ","-1.57","79.47","","80.73"
"A052260","현대바이오랜드","12","0","KOSDAQ","0.26","294","","293.25"
"A052300","오션인더블유","12","0","KOSDAQ","-2.32","70.2","","71.87"
"A052330","코텍","12","0","KOSDAQ","0.31","250.75","","249.97"
"A052400","코나아이","12","0","KOSDAQ","-2.63","201.49","","206.94"
"A052420","오성첨단소재","12","0","KOSDAQ","29.8","117.38","","90.44"
"A052460","아이크래프트","12","0","KOSDAQ","-3.04","51.3","","52.91"
"A052600","한네트","12","0","KOSDAQ","-1.62","38.56","","39.2"
"A052690","한전기술","12","1","KOSPI","-1.17","966.97","","978.43"
"A052710","아모텍","12","0","KOSDAQ","1.3","456.48","","450.63"
"A052770","아이톡시","12","0","KOSDAQ","-4.42","94.91","","99.29"
"A052790","액토즈소프트","12","0","KOSDAQ","-0.28","203.95","","204.52"
"A052860","아이앤씨","12","0","KOSDAQ","-0.17","86.93","","87.08"
"A052900","KX하이텍","12","0","KOSDAQ","2.26","52.87","","51.7"
"A053030","바이넥스","12","0","KOSDAQ","-0.99","313.08","","316.22"
"A053050","지에스이","12","0","KOSDAQ","-0.3","50.08","","50.23"
"A053060","세동","12","0","KOSDAQ","-1.87","20.65","","21.05"
"A053080","케이엔솔","12","0","외감","","","",""
"A053160","프리엠스","12","0","KOSDAQ","-8.22","50.94","","55.5"
"A053210","스카이라이프","12","0","KOSPI","-1.84","638.42","","650.38"
"A053260","금강철강","12","0","KOSDAQ","-0.39","72.17","","72.45"
"A053270","구영테크","12","0","KOSDAQ","-0.24","40.97","","41.07"
"A053280","예스24","12","0","KOSDAQ","-0.7","97.18","","97.87"
"A053290","NE능률","12","0","KOSDAQ","-2.57","63.84","","65.53"
"A053300","한국정보인증","12","0","KOSDAQ","-4.55","182.94","","191.66"
"A053350","이니텍","12","0","KOSDAQ","1.07","150.21","","148.63"
"A053450","세코닉스","12","0","KOSDAQ","-0.37","145.31","","145.86"
"A053580","웹케시","12","0","K-OTC","0","54.57","","54.57"
"A053610","프로텍","12","0","KOSDAQ","-2.05","181.16","","184.95"
"A053620","태양","12","0","KOSDAQ","-1.71","98.9","","100.62"
"A053690","한미글로벌","12","0","KOSPI","0.11","98.13","","98.03"
"A053700","삼보모터스","12","0","KOSDAQ","1.35","85.35","","84.21"
"A053800","안랩","12","0","KOSDAQ","-1.76","557.77","","567.79"
"A053950","경남제약","12","0","KOSDAQ","3.09","112.48","","109.11"
"A053980","오상자이엘","12","0","KOSDAQ","-2.45","113.23","","116.07"
"A054040","한국컴퓨터","12","0","KOSDAQ","-1.65","86.14","","87.59"
"A054050","NH농우바이오","12","0","KOSDAQ","-1.22","230.95","","233.81"
"A054090","삼진엘앤디","12","0","KOSDAQ","-1.84","60.03","","61.15"
"A054180","메디콕스","12","0","KOSDAQ","-4.45","39.89","","41.75"
"A054210","이랜텍","12","0","KOSDAQ","-2.54","90.21","","92.56"
"A054220","비츠로시스","12","0","KOSDAQ","-1.94","55.23","","56.32"
"A054300","팬스타엔터프라이즈","12","0","KOSDAQ","-6.89","34.46","","37.01"
"A054410","케이피티유","12","0","KOSDAQ","-5.34","31.37","","33.14"
"A054450","텔레칩스","12","0","KOSDAQ","0.83","129.17","","128.1"
"A054540","삼영엠텍","12","0","KOSDAQ","-1.39","50.77","","51.48"
"A054620","APS","12","0","KOSDAQ","-3.83","89.84","","93.42"
"A054670","대한뉴팜","12","0","KOSDAQ","-3.32","188.05","","194.51"
"A054780","키이스트","12","0","KOSDAQ","-7.54","185.11","","200.22"
"A054800","아이디스홀딩스","12","0","KOSDAQ","6.88","152.63","","142.8"
"A054920","한컴위드","12","0","KOSDAQ","-7.77","43.29","","46.93"
"A054930","유신","12","0","KOSDAQ","0.41","36.6","","36.45"
"A054940","엑사이엔씨","12","0","KOSDAQ","-0.72","45.45","","45.78"
"A054950","제이브이엠","12","0","KOSDAQ","0.55","350.1","","348.2"
"A055490","테이팩스","12","0","KOSPI","-5.02","138.23","","145.54"
"A055550","신한지주","12","1","KOSPI","0.2","23899.66","","23852.24"
"A056080","유진로봇","12","0","KOSDAQ","-0.82","112.7","","113.64"
"A056090","시지메드텍","12","0","KOSDAQ","-2.8","93.34","","96.03"
"A056190","SFA","12","0","KOSDAQ","-1.02","1395.06","","1409.42"
"A056360","코위버","12","0","KOSDAQ","0.65","75.44","","74.95"
"A056700","신화인터텍","12","0","KOSDAQ","-3.78","66.72","","69.34"
"A056730","CNT85","12","0","KOSDAQ","-6.68","125.69","","134.69"
"A057030","YBM넷","12","0","KOSDAQ","-3.16","47.55","","49.1"
"A057050","현대홈쇼핑","12","1","KOSPI","-0.81","1476","","1488"
"A057540","옴니시스템","12","0","KOSDAQ","-2.54","93.77","","96.21"
"A057680","티사이언티픽","12","0","KOSDAQ","0.97","216.53","","214.46"
"A058110","멕아이씨에스","12","0","KOSDAQ","-1.87","25.28","","25.76"
"A058400","KNN","12","0","KOSDAQ","-1.9","136.4","","139.05"
"A058430","포스코스틸리온","12","0","KOSPI","-1.4","169.5","","171.9"
"A058450","한주에이알티","12","0","KOSDAQ","-7.04","27.78","","29.88"
"A058470","리노공업","12","0","KOSDAQ","1.42","871.86","","859.67"
"A058610","에스피지","12","0","KOSDAQ","-1.59","129.44","","131.52"
"A058630","엠게임","12","0","KOSDAQ","-19.06","104.56","","129.19"
"A058650","세아홀딩스","12","0","KOSPI","0.99","614","","608"
"A058730","다스코","12","0","KOSPI","-0.15","99.95","","100.1"
"A058820","CMG제약","12","0","KOSDAQ","2.25","644.61","","630.31"
"A058850","KTcs","12","0","KOSPI","-1.06","99.46","","100.52"
"A058860","KTis","12","0","KOSPI","-0.67","103.88","","104.58"
"A058970","엠로","12","0","KONEX","-1.7","13.94","","14.18"
"A059090","미코","12","0","KOSDAQ","-0.73","126.99","","127.93"
"A059100","아이컴포넌트","12","0","KOSDAQ","-2.42","51.41","","52.68"
"A059120","아진엑스텍","12","0","KOSDAQ","-6.28","63.97","","68.26"
"A059210","메타바이오메드","12","0","KOSDAQ","-1.72","75.03","","76.34"
"A059270","해성에어로보틱스","12","0","외감","","","",""
"A060150","인선이엔티","12","0","KOSDAQ","0.14","264.77","","264.41"
"A060230","제이케이시냅스","12","0","KOSDAQ","7.11","41.97","","39.18"
"A060240","스타코링크","12","0","KOSDAQ","-3.63","185.91","","192.93"
"A060250","NHN KCP","12","0","KOSDAQ","-0.82","355.51","","358.45"
"A060260","뉴보텍","12","0","KOSDAQ","-4.7","47.38","","49.72"
"A060280","큐렉소","12","0","KOSDAQ","-3.74","297.9","","309.47"
"A060310","3S","3","0","KOSDAQ","-0.53","78.7","","79.12"
"A060370","LS마린솔루션","12","0","KOSDAQ","-1.98","97.35","","99.32"
"A060380","동양에스텍","12","0","KOSDAQ","-1.26","31.4","","31.8"
"A060480","국일신동","12","0","KOSDAQ","-4.13","32.16","","33.55"
"A060540","에스에이티","12","0","KOSDAQ","-2.85","46.87","","48.25"
"A060560","HC홈센타","12","0","KOSDAQ","-1.31","157.54","","159.63"
"A060570","드림어스컴퍼니","12","0","KOSDAQ","2.85","291.95","","283.87"
"A060590","씨티씨바이오","12","0","KOSDAQ","1.88","190.69","","187.18"
"A060720","KH바텍","12","0","KOSDAQ","-3.28","236","","244"
"A060850","영림원소프트랩","12","0","외감","","","",""
"A060900","에이전트AI","12","0","KOSDAQ","-2.7","52.1","","53.55"
"A060980","HL홀딩스","12","1","KOSPI","0","680.57","","680.57"
"A061040","알에프텍","12","0","KOSDAQ","-1.62","92.39","","93.92"
"A061090","세나테크놀로지","12","0","외감","","","",""
"A061250","화일약품","12","0","KOSDAQ","-0.6","94.82","","95.4"
"A061970","LB세미콘","12","0","KOSDAQ","-2.93","123.47","","127.19"
"A062040","산일전기","12","0","외감","","","",""
"A062970","한국첨단소재","12","0","외감","","","",""
"A063080","컴투스홀딩스","12","0","KOSDAQ","-1.45","538.17","","546.08"
"A063160","종근당바이오","12","0","KOSPI","-2.28","112.17","","114.79"
"A063170","서울옥션","12","0","KOSDAQ","-1.58","136.69","","138.89"
"A063440","SM Life Design","12","0","KOSDAQ","-5.2","48.84","","51.52"
"A063570","NICE인프라","12","0","KOSDAQ","-2.83","267.95","","275.76"
"A063760","이엘피","12","0","KOSDAQ","-0.66","147.66","","148.64"
"A064090","인크레더블버즈","12","0","KOSDAQ","-6.65","150.07","","160.75"
"A064240","홈캐스트","12","0","KOSDAQ","-5.38","481.7","","509.09"
"A064260","다날","12","0","KOSDAQ","-8.97","294.56","","323.58"
"A064290","인텍플러스","12","0","KOSDAQ","4.32","63.94","","61.29"
"A064350","현대로템","12","1","KOSPI","-0.79","1606.5","","1619.25"
"A064400","LG씨엔에스","12","0","외감","","","",""
"A064480","브리지텍","12","0","KOSDAQ","-5.53","71.48","","75.66"
"A064520","테크엘","12","0","KOSDAQ","-6.19","105.61","","112.58"
"A064550","바이오니아","12","0","KOSDAQ","-0.47","173.45","","174.28"
"A064760","티씨케이","12","0","KOSDAQ","1.58","823.09","","810.25"
"A064800","포니링크","12","0","KOSDAQ","-2.52","187.91","","188.47"
"A064820","케이프","12","0","KOSDAQ","-2.35","66.75","","68.35"
"A064850","에프앤가이드","12","0","KONEX","0","21.59","","21.59"
"A064960","SNT모티브","12","1","KOSPI","-1.4","669.01","","678.51"
"A065060","지엔코","12","0","KOSDAQ","-4.68","239.63","","251.39"
"A065130","탑엔지니어링","12","0","KOSDAQ","0.61","105.92","","105.28"
"A065150","대산F&B","12","0","KOSDAQ","0","106.26","","106.26"
"A065170","비엘팜텍","12","0","KOSDAQ","-6.76","65.77","","70.54"
"A065350","신성델타테크","12","0","KOSDAQ","-1.29","118.39","","119.94"
"A065370","위세아이텍","12","0","외감","","","",""
"A065420","에스아이리소스","12","0","KOSDAQ","-0.34","47.13","","47.28"
"A065440","이루온","12","0","KOSDAQ","-1.62","41.62","","42.31"
"A065450","빅텍","12","0","KOSDAQ","-1.02","95.43","","96.41"
"A065500","오리엔트정공","12","0","KOSDAQ","-3.47","37.83","","39.19"
"A065510","휴비츠","12","0","KOSDAQ","-1.85","158.03","","161"
"A065530","와이어블","12","0","KOSDAQ","-1.29","81.14","","82.2"
"A065570","삼영이엔씨","12","0","KOSDAQ","-0.77","78.94","","79.55"
"A065650","하이퍼코퍼레이션","12","0","KOSDAQ","-2.53","143.53","","147.25"
"A065660","안트로젠","12","0","KOSDAQ","-4.58","306.61","","321.33"
"A065680","우주일렉트로","12","0","KOSDAQ","-0.37","135.11","","135.6"
"A065690","파커스","12","0","KOSDAQ","-0.3","45.68","","45.82"
"A065710","서호전기","12","0","KOSDAQ","-1.32","77.25","","78.28"
"A065770","CS","12","0","KOSDAQ","-1.09","34.19","","34.56"
"A065950","웰크론","12","0","KOSDAQ","-0.82","77.24","","77.87"
"A066130","하츠","12","0","KOSDAQ","-0.94","60.86","","61.44"
"A066310","큐에스아이","12","0","KOSDAQ","-0.48","51.74","","51.99"
"A066360","체리부로","12","0","KOSDAQ","-4.01","96.86","","100.9"
"A066410","버킷스튜디오","12","0","KOSDAQ","-3.89","51.74","","53.84"
"A066430","아이로보틱스","12","0","KOSDAQ","-4.83","27.2","","28.58"
"A066570","LG전자","12","1","KOSPI","-0.48","16937.55","","17019.37"
"A066590","스모트로닉","12","0","KOSDAQ","-3.27","55.8","","57.69"
"A066620","국보디자인","12","0","KOSDAQ","-0.81","137.63","","138.75"
"A066670","디티씨","12","0","KOSDAQ","0.13","71.22","","71.12"
"A066700","테라젠이텍스","12","0","KOSDAQ","-1.59","370.86","","376.85"
"A066790","씨씨에스","12","0","KOSDAQ","8.93","57.26","","52.57"
"A066900","디에이피","12","0","KOSDAQ","-5.7","71.53","","75.85"
"A066910","손오공","12","0","KOSDAQ","-13.04","92.73","","106.63"
"A066970","엘앤에프","12","0","KOSDAQ","-0.89","953.62","","962.23"
"A066980","한성크린텍","12","0","KOSDAQ","-5.57","143.85","","152.34"
"A067000","조이시티","12","0","KOSDAQ","-1.09","159.67","","161.43"
"A067010","이씨에스","3","0","KOSDAQ","0.21","35.48","","35.4"
"A067080","대화제약","12","0","KOSDAQ","-1.8","397.3","","404.59"
"A067160","SOOP","12","0","KOSDAQ","0","219.32","","219.32"
"A067170","오텍","12","0","KOSDAQ","0","145.67","","145.67"
"A067280","멀티캠퍼스","12","0","KOSDAQ","-1.03","199.44","","201.51"
"A067290","JW신약","12","0","KOSDAQ","-0.25","322.36","","323.17"
"A067310","하나마이크론","12","0","KOSDAQ","-2.99","116.1","","119.68"
"A067370","선바이오","12","0","KONEX","-2.72","95.64","","98.31"
"A067390","아스트","12","0","KOSDAQ","1.07","277.83","","274.89"
"A067570","엔브이에이치코리아","12","0","KOSDAQ","0.9","97.08","","96.22"
"A067630","HLB생명과학","12","0","KOSDAQ","-3.94","203.55","","211.89"
"A067730","로지시스","12","0","KOSDAQ","2.17","35.12","","34.37"
"A067770","세진티에스","12","0","KOSDAQ","2.71","23.85","","23.22"
"A067830","세이브존I&C","12","0","KOSPI","-0.51","199.87","","200.9"
"A067900","와이엔텍","12","0","KOSDAQ","-2.2","75.39","","77.08"
"A067920","이글루","12","0","KOSDAQ","-4.31","53.66","","56.08"
"A067990","도이치모터스","12","0","KOSDAQ","-2.52","142.35","","146.02"
"A068050","팬엔터테인먼트","12","0","KOSDAQ","0.34","45.23","","45.08"
"A068100","케이웨더","12","0","외감","","","",""
"A068240","다원시스","12","0","KOSDAQ","15.22","386.32","","335.3"
"A068270","셀트리온","12","0","KOSDAQ","-1.82","25146.62","","25612.75"
"A068290","삼성출판사","12","0","KOSPI","-3.56","108.5","","112.5"
"A068330","일신바이오","12","0","KOSDAQ","-3.33","102.58","","106.12"
"A068760","셀트리온제약","12","0","KOSDAQ","-0.33","2003.72","","2010.39"
"A068790","DMS","12","0","KOSDAQ","-2.95","150.93","","155.52"
"A068930","디지털대성","12","0","KOSDAQ","-0.12","92.97","","93.08"
"A068940","셀피글로벌","12","0","KOSDAQ","-10.59","71.09","","79.51"
"A069080","웹젠","12","0","KOSDAQ","0.52","1363","","1355.94"
"A069140","누리플랜","12","0","KOSDAQ","-3.66","22.52","","23.38"
"A069260","TKG휴켐스","12","1","KOSPI","-1.56","1032.18","","1048.54"
"A069330","유아이디","12","0","KOSDAQ","-2.08","41.9","","42.8"
"A069410","엔텔스","12","0","KOSDAQ","-2.9","103.83","","106.94"
"A069460","대호에이엘","12","0","KOSPI","-2.02","32.83","","33.51"
"A069510","에스텍","12","0","KOSDAQ","1.24","133.65","","132.01"
"A069540","빛과전자","12","0","KOSDAQ","-6.22","39.86","","42.5"
"A069620","대웅제약","12","1","KOSPI","1.34","1749.57","","1726.4"
"A069640","한세엠케이","12","0","KOSPI","0","156.2","","156.2"
"A069730","DSR제강","12","0","KOSPI","-4.72","75.6","","79.34"
"A069920","엑시온그룹","12","0","KOSDAQ","-1.53","98.61","","100.14"
"A069960","현대백화점","12","1","KOSPI","-1.42","2445.56","","2480.66"
"A070300","엑스큐어","12","0","KOSDAQ","0.51","43.68","","43.46"
"A070590","인티큐브","12","0","KOSDAQ","0","28.04","","28.04"
"A070960","모나용평","12","0","KOSPI","-3.67","505.4","","524.65"
"A071050","한국금융지주","12","1","KOSPI","1.92","3845.09","","3772.65"
"A071090","하이스틸","12","0","KOSPI","-1.77","44.5","","45.3"
"A071200","인피니트헬스케어","12","0","KOSDAQ","20.73","224.45","","185.9"
"A071280","로체시스템즈","12","0","KOSDAQ","-4.5","77.86","","81.53"
"A071320","지역난방공사","12","0","KOSPI","-0.8","859.14","","866.09"
"A071670","에이테크솔루션","12","0","KOSDAQ","-1.49","132","","134"
"A071840","롯데하이마트","12","0","KOSPI","-0.7","1685.59","","1697.39"
"A071850","캐스텍코리아","12","0","KOSDAQ","-2.88","56.42","","58.09"
"A071950","코아스","12","0","KOSPI","-3.03","34.62","","35.7"
"A071970","HD현대마린엔진","12","0","KOSPI","-3.76","113.58","","118.02"
"A072020","중앙백신","12","0","KOSDAQ","-1.99","125.9","","128.47"
"A072130","유엔젤","12","0","KOSPI","-4.97","56.74","","59.71"
"A072470","우리산업홀딩스","12","0","KOSDAQ","-1.4","133.34","","135.23"
"A072710","농심홀딩스","12","0","KOSPI","-1.26","544.94","","551.9"
"A072770","멤레이비티","12","0","KOSDAQ","-2.99","39.4","","40.61"
"A072870","메가스터디","12","0","KOSDAQ","-1.27","124.51","","126.11"
"A072950","빛샘전자","12","0","KOSDAQ","-2.5","37.38","","38.34"
"A072990","에이치시티","12","0","KOSDAQ","-1.39","45.62","","46.26"
"A073010","케이에스피","12","0","KOSDAQ","0","28.35","","28.35"
"A073110","엘엠에스","12","0","KOSDAQ","0.11","79.62","","79.53"
"A073190","듀오백","12","0","KOSDAQ","-1.44","24.59","","24.95"
"A073240","금호타이어","12","1","KOSPI","-0.11","721.24","","722.03"
"A073490","LIG아큐버","12","0","KOSDAQ","3.02","123.05","","119.45"
"A073540","에프알텍","12","0","KOSDAQ","-0.78","36.14","","36.42"
"A073560","우리손에프앤지","12","0","KOSDAQ","-1.49","160.63","","163.05"
"A073570","리튬포어스","12","0","KOSDAQ","6.99","26.15","","24.44"
"A073640","테라사이언스","12","0","KOSDAQ","1","27.37","","27.1"
"A074430","아미노로직스","12","0","KOSDAQ","-3.87","185.31","","192.78"
"A074600","원익QnC","12","0","KOSDAQ","-0.61","425.87","","428.49"
"A074610","이엔플러스","12","0","KOSPI","3.6","157.58","","152.11"
"A075130","플랜티넷","12","0","KOSDAQ","-1.25","49.37","","50"
"A075180","새론오토모티브","12","0","KOSPI","0.27","142.08","","141.7"
"A075580","세진중공업","12","0","KOSPI","-1.25","105.91","","107.25"
"A075970","동국알앤에스","12","0","KOSDAQ","-1.78","45.72","","46.55"
"A076080","웰크론한텍","12","0","KOSDAQ","-0.64","60.12","","60.51"
"A076610","해성옵틱스","12","0","KOSDAQ","-2.37","75.62","","77.46"
"A077360","덕산하이메탈","12","0","KOSDAQ","-0.83","189.02","","190.61"
"A077500","유니퀘스트","12","0","KOSPI","-1.16","231.28","","233.98"
"A077970","STX엔진","12","0","KOSPI","-6.73","184.99","","198.34"
"A078000","텔코웨어","12","0","KOSPI","-0.79","122.25","","123.22"
"A078020","LS증권","12","0","KOSDAQ","0.45","447.32","","445.29"
"A078070","유비쿼스홀딩스","12","0","KOSDAQ","-0.14","111.57","","111.73"
"A078130","국일제지","12","0","KOSDAQ","0","86.71","","86.71"
"A078140","대봉엘에스","12","0","KOSDAQ","-5.27","105.54","","111.42"
"A078150","HB테크놀러지","12","0","KOSDAQ","-0.59","266.2","","267.78"
"A078160","메디포스트","12","0","KOSDAQ","1.45","715.9","","705.69"
"A078340","컴투스","12","0","KOSDAQ","-0.38","1689.36","","1695.79"
"A078350","한양디지텍","12","0","KOSDAQ","0.44","34.05","","33.9"
"A078520","에이블씨엔씨","12","1","KOSPI","-8.53","289.68","","316.7"
"A078590","휴림에이텍","12","0","KOSDAQ","-1.19","26.72","","27.04"
"A078600","대주전자재료","12","0","KOSDAQ","-3.62","193.53","","200.81"
"A078860","아이오케이이엔엠","12","0","KOSDAQ","-2.25","63.51","","64.97"
"A078890","가온그룹","12","0","KOSDAQ","-1.69","156.21","","158.89"
"A078930","GS","12","1","KOSPI","0.16","5714.3","","5705"
"A079000","와토스코리아","12","0","KOSDAQ","-1.13","47.4","","47.94"
"A079160","CJ CGV","12","1","KOSPI","-1.72","1572.29","","1599.8"
"A079170","한창산업","12","0","KOSDAQ","-0.63","32.86","","33.07"
"A079190","케스피온","12","0","KOSDAQ","-4.23","89","","92.94"
"A079370","제우스","12","0","KOSDAQ","-0.3","169.78","","170.3"
"A079430","현대리바트","12","1","KOSPI","-3.14","633.51","","654.05"
"A079550","LIG디펜스앤에어로스페이스","12","1","KOSPI","-0.87","1251.8","","1262.8"
"A079650","서산","12","0","KOSDAQ","1.19","85.2","","84.2"
"A079810","APS이노베이션","12","0","KOSDAQ","-2.23","37.35","","38.21"
"A079900","전진건설로봇","12","0","외감","","","",""
"A079940","가비아","12","0","KOSDAQ","0.17","80.54","","80.4"
"A079950","인베니아","12","0","KOSDAQ","-1.88","102.78","","104.75"
"A079960","동양이엔피","12","0","KOSDAQ","0.4","97.46","","97.07"
"A079970","투비소프트","12","0","KOSDAQ","8.85","130.12","","119.55"
"A079980","휴비스","12","0","KOSPI","2.22","350.18","","342.59"
"A080010","이상네트웍스","12","0","KOSDAQ","-0.78","80.5","","81.14"
"A080160","모두투어","12","0","KOSDAQ","-0.91","620.87","","626.54"
"A080220","제주반도체","12","0","KOSDAQ","-5.01","106.92","","112.56"
"A080420","모다이노칩","12","0","KOSDAQ","-0.47","426.51","","428.5"
"A080470","성창오토텍","12","0","KOSDAQ","-3.35","56.79","","58.77"
"A080520","오디텍","12","0","KOSDAQ","-2.35","92.92","","95.15"
"A080530","코디","12","0","KOSDAQ","-5.56","18.19","","19.26"
"A080580","오킨스전자","12","0","KOSDAQ","-1.36","26.91","","27.28"
"A080720","한국유니온제약","12","0","외감","","","",""
"A081000","일진다이아","12","0","KOSPI","-3.57","197.93","","205.26"
"A081150","티플랙스","12","0","KOSDAQ","-1.91","43.56","","44.41"
"A081180","쎄크","12","0","외감","","","",""
"A081580","성우전자","12","0","KOSDAQ","-0.45","68.55","","68.86"
"A081660","미스토홀딩스","12","0","KOSPI","0.49","998.62","","993.73"
"A082210","옵트론텍","12","0","KOSDAQ","0.29","153.86","","153.41"
"A082270","젬백스","12","0","KOSDAQ","4.43","435.23","","416.78"
"A082640","동양생명","12","0","KOSPI","-0.76","1261.82","","1271.51"
"A082660","코스나인","12","0","KOSDAQ","-4.68","32.07","","33.64"
"A082740","한화엔진","12","0","KOSPI","-2.86","271.4","","279.39"
"A082800","비보존 제약","12","0","KOSDAQ","6.05","43.25","","40.78"
"A082850","우리바이오","12","0","KOSDAQ","-5.38","62.07","","65.6"
"A082920","비츠로셀","12","0","KOSDAQ","0","284.06","","284.06"
"A083310","엘오티베큠","12","0","KOSDAQ","0.62","203.53","","202.27"
"A083420","그린케미칼","12","0","KOSPI","1","90.8","","89.9"
"A083450","GST","12","0","KOSDAQ","3.54","122.53","","118.34"
"A083470","이엠앤아이","12","0","KOSDAQ","-7.52","30.1","","32.55"
"A083500","에프엔에스테크","12","0","KOSDAQ","-3.46","48.03","","49.76"
"A083550","케이엠","12","0","KOSDAQ","-0.87","56.45","","56.94"
"A083640","인콘","12","0","KOSDAQ","2.17","54.29","","53.14"
"A083650","비에이치아이","12","0","KOSDAQ","-5.85","102.44","","108.81"
"A083660","CSA 코스믹","12","0","KOSDAQ","-4.09","74.05","","77.21"
"A083790","CG인바이츠","12","0","KOSDAQ","-0.26","493.46","","494.75"
"A083930","아바코","12","0","KOSDAQ","-0.74","107.5","","108.3"
"A084010","대한제강","12","0","KOSPI","-2.23","237.35","","242.77"
"A084110","휴온스글로벌","12","0","KOSDAQ","0","522.35","","522.35"
"A084180","수성웹툰","12","0","KOSDAQ","-3.77","42.75","","44.42"
"A084370","유진테크","12","0","KOSDAQ","5.3","500.72","","475.51"
"A084440","유비온","9","0","KONEX","14.26","8.89","","7.78"
"A084650","랩지노믹스","12","0","KOSDAQ","-3.51","84.4","","87.47"
"A084670","동양고속","12","0","KOSPI","-0.7","92.53","","93.18"
"A084680","이월드","12","0","KOSPI","-3.31","158.84","","164.28"
"A084690","대상홀딩스","12","0","KOSPI","-1.48","362.13","","367.56"
"A084730","팅크웨어","12","0","KOSDAQ","-0.48","108.43","","108.95"
"A084850","아이티엠반도체","12","0","외감","","","",""
"A084870","TBH글로벌","12","0","KOSPI","-1.53","160.81","","163.31"
"A084990","헬릭스미스","12","0","KOSDAQ","0.14","2292.91","","2289.72"
"A085310","엔케이","12","0","KOSPI","-3.38","102.78","","106.38"
"A085620","미래에셋생명","12","0","KOSPI","1.14","773.81","","765.1"
"A085660","차바이오텍","12","0","KOSDAQ","4.27","993.01","","952.38"
"A085670","뉴프렉스","12","0","KOSDAQ","-0.52","64.86","","65.2"
"A085810","알티캐스트","12","0","KOSDAQ","-0.91","103.46","","104.42"
"A085910","네오티스","12","0","KOSDAQ","0.11","51.82","","51.76"
"A086040","바이오톡스텍","12","0","KOSDAQ","-0.98","102.12","","103.14"
"A086060","진바이오텍","12","0","KOSDAQ","-2.54","41.24","","42.32"
"A086280","현대글로비스","12","1","KOSPI","-1.06","5231.25","","5287.5"
"A086390","유니테스트","12","0","KOSDAQ","-2.4","257.84","","264.18"
"A086450","동국제약","12","0","KOSDAQ","-0.33","529.96","","531.74"
"A086520","에코프로","12","0","KOSDAQ","-0.97","785.31","","793.04"
"A086670","비엠티","12","0","KOSDAQ","-2.28","48.88","","50.02"
"A086710","선진뷰티사이언스","12","0","외감","","","",""
"A086790","하나금융지주","12","1","KOSPI","-0.71","14548.55","","14652.15"
"A086820","바이오솔루션","12","0","외감","","","",""
"A086890","이수앱지스","12","0","KOSDAQ","-2.17","202.18","","206.67"
"A086900","메디톡스","12","0","KOSDAQ","0.44","2575.99","","2564.67"
"A086960","MDS테크","12","0","KOSDAQ","-2.97","172.98","","178.28"
"A086980","쇼박스","12","0","KOSDAQ","-3.95","350.56","","364.96"
"A087010","펩트론","12","0","KOSDAQ","-4.07","415.71","","433.34"
"A087260","모바일어플라이언스","12","0","KOSDAQ","-3.77","137.85","","143.25"
"A087600","픽셀플러스","12","0","KOSDAQ","-0.4","81.26","","81.58"
"A088130","동아엘텍","12","0","KOSDAQ","-1.21","136.59","","138.26"
"A088280","쏘닉스","12","0","외감","","","",""
"A088290","이원컴포텍","12","0","KOSDAQ","-2.81","27.14","","27.93"
"A088340","유라클","12","0","외감","","","",""
"A088350","한화생명","12","1","KOSPI","0.85","6157.88","","6105.77"
"A088390","이녹스","12","0","KOSDAQ","-2.89","125.77","","129.51"
"A088790","진도","12","0","KOSPI","-0.18","69.33","","69.46"
"A088800","에이스테크","12","0","KOSDAQ","-2.73","137.45","","141.3"
"A088910","동우팜투테이블","12","0","KOSDAQ","-0.25","97.35","","97.59"
"A089010","켐트로닉스","12","0","KOSDAQ","-3.65","72.2","","74.93"
"A089030","테크윙","12","0","KOSDAQ","5.78","336.74","","318.34"
"A089140","넥스턴앤롤코리아","12","0","KOSDAQ","-1.44","162.3","","164.67"
"A089150","케이씨티","12","0","KOSDAQ","-2.3","47.42","","48.53"
"A089230","THE E&M","12","0","KOSDAQ","-1.77","76.61","","77.99"
"A089470","HDC현대EP","12","0","KOSPI","-0.71","221.71","","223.3"
"A089590","제주항공","12","0","KOSPI","0.29","926.44","","923.8"
"A089600","KT나스미디어","12","0","KOSDAQ","-0.14","603.2","","604.07"
"A089790","제이티","12","0","KOSDAQ","-2.4","18.37","","18.82"
"A089850","유비벨록스","12","0","KOSDAQ","-1.41","74.71","","75.78"
"A089860","롯데렌탈","12","0","외감","","","",""
"A089890","코세스","12","0","KOSDAQ","0.8","42.47","","42.13"
"A089970","브이엠","12","0","외감","","","",""
"A089980","상아프론테크","12","0","KOSDAQ","-1.85","189.71","","193.27"
"A090080","평화산업","12","0","KOSPI","0.67","55.92","","55.54"
"A090150","아이윈","12","0","KOSDAQ","-1.73","24.73","","25.16"
"A090350","노루페인트","12","0","KOSPI","-1.57","176","","178.8"
"A090360","로보스타","12","0","KOSDAQ","-1.03","150.15","","151.71"
"A090370","메타랩스","12","0","KOSPI","-10.69","75","","83.97"
"A090410","덕신이피씨","12","0","KOSDAQ","-2.91","60.09","","61.89"
"A090430","아모레퍼시픽","12","1","KOSPI","-0.79","18385.2","","18531.34"
"A090460","비에이치","12","0","KOSDAQ","-1.33","814.58","","825.52"
"A090470","제이스로보틱스","12","0","KOSDAQ","0.84","263.49","","261.3"
"A090710","휴림로봇","12","0","KOSDAQ","-2.71","139.5","","143.38"
"A090850","현대이지웰","12","0","KOSDAQ","-1.29","52.83","","53.52"
"A091120","이엠텍","12","0","KOSDAQ","-2.23","255.65","","261.48"
"A091340","S&K폴리텍","12","0","KOSDAQ","-4.04","64.02","","66.71"
"A091440","한울소재과학","12","0","KOSDAQ","-4.9","19.58","","20.59"
"A091580","상신이디피","12","0","KOSDAQ","-0.27","83.36","","83.58"
"A091590","남화토건","12","0","KOSDAQ","-1.55","67.15","","68.21"
"A091700","파트론","12","0","KOSDAQ","0.62","530.19","","526.94"
"A091810","트리니티항공","12","0","외감","","","",""
"A091970","LSK아이로봇","12","0","KOSDAQ","-1.54","95.59","","97.09"
"A092040","아미코젠","12","0","KOSDAQ","-1.33","427.97","","433.73"
"A092070","디엔에프","12","0","KOSDAQ","1.04","156.58","","154.97"
"A092130","이크레더블","12","0","KOSDAQ","-0.32","186.07","","186.68"
"A092190","서울바이오시스","12","0","외감","","","",""
"A092200","디아이씨","12","0","KOSPI","-0.25","182.21","","182.66"
"A092220","KEC","12","0","KOSPI","-4.6","131.39","","137.73"
"A092230","KPX홀딩스","12","0","KOSPI","0.46","278.4","","277.14"
"A092300","현우산업","12","0","KOSDAQ","-1.89","41.46","","42.26"
"A092440","기신정기","3","0","KOSPI","-0.82","141.62","","142.79"
"A092460","한라IMS","12","0","KOSDAQ","-2.45","72.08","","73.89"
"A092600","앤씨앤","12","0","KOSDAQ","-6.29","86.2","","91.98"
"A092730","네오팜","12","0","KOSDAQ","-0.13","292.11","","292.48"
"A092780","DYP","12","0","KOSPI","-5.26","55.77","","58.86"
"A092790","넥스틸","12","0","외감","","","",""
"A092870","엑시콘","12","0","KOSDAQ","1.19","151.02","","149.24"
"A093050","LF","12","1","KOSPI","-3.51","925.45","","959.07"
"A093190","빅솔론","12","0","KOSDAQ","0.31","125.82","","125.44"
"A093240","형지엘리트","6","0","KOSPI","-6.35","92.73","","99.01"
"A093320","케이아이엔엑스","12","0","KOSDAQ","0","70.27","","70.27"
"A093370","후성","12","1","KOSPI","-0.3","919.38","","922.15"
"A093380","풍강","8","0","KOSDAQ","-2.98","32.21","","33.19"
"A093520","매커스","12","0","KOSDAQ","-15.2","73.06","","86.15"
"A093640","케이알엠","12","0","KOSDAQ","-2.86","25.51","","26.26"
"A093920","서원인텍","12","0","KOSDAQ","0.23","161.08","","160.7"
"A094170","동운아나텍","12","0","KOSDAQ","2.42","101.55","","99.15"
"A094280","효성ITX","12","0","KOSPI","-3.65","152.57","","158.35"
"A094360","칩스앤미디어","12","0","KOSDAQ","-3.35","57.74","","59.74"
"A094480","갤럭시아머니트리","12","0","KOSDAQ","-10.38","213.51","","238.24"
"A094820","일진파워","12","0","KOSDAQ","0.74","82.03","","81.43"
"A094840","슈프리마에이치큐","12","0","KOSDAQ","-1","62.41","","63.04"
"A094850","참좋은여행","12","0","KOSDAQ","0.45","156.1","","155.4"
"A094860","네오리진","12","0","KOSDAQ","-3.76","31.74","","32.98"
"A094940","푸른로보틱스","12","0","KOSDAQ","-3.83","36.36","","37.8"
"A094970","제이엠티","12","0","KOSDAQ","-0.57","116.07","","116.74"
"A095190","신화프리텍","12","0","KOSDAQ","-2.15","63.28","","64.67"
"A095270","웨이브일렉트로","12","0","KOSDAQ","-1.42","222.68","","225.88"
"A095340","ISC","12","0","KOSDAQ","-2.11","253.01","","258.45"
"A095500","미래나노텍","12","0","KOSDAQ","-1.37","117.15","","118.78"
"A095570","AJ네트웍스","12","0","KOSPI","-3.04","328.69","","338.99"
"A095610","테스","12","0","KOSDAQ","4.04","785.14","","754.64"
"A095660","네오위즈","12","0","KOSDAQ","-1.56","276.13","","280.51"
"A095700","제넥신","12","0","KOSDAQ","0.93","1072.94","","1058.88"
"A095720","웅진씽크빅","12","0","KOSPI","-2.74","245.81","","252.73"
"A095910","에스에너지","12","0","KOSDAQ","-0.5","105.01","","105.54"
"A096240","크레버스","12","0","KOSDAQ","-1.79","116.14","","118.25"
"A096250","와이즈넛","12","0","외감","","","",""
"A096350","대창솔루션","12","0","KOSDAQ","-2.25","23.75","","24.3"
"A096530","씨젠","12","0","KOSDAQ","-0.47","838.18","","842.11"
"A096610","알에프세미","12","0","KOSDAQ","-0.16","51.97","","52.06"
"A096630","에스코넥","12","0","KOSDAQ","-2.25","141.95","","145.22"
"A096690","에이루트","12","0","KOSDAQ","0","162.77","","162.77"
"A096760","JW홀딩스","12","1","KOSPI","-2.5","483.76","","496.17"
"A096770","SK이노베이션","12","1","KOSPI","0","18724.28","","18724.28"
"A096870","엘디티","12","0","KOSDAQ","1.36","22.37","","22.07"
"A097230","HJ중공업","12","1","KOSPI","-2.86","342.55","","352.62"
"A097520","엠씨넥스","12","0","KOSDAQ","1.5","183.11","","180.41"
"A097780","에코볼트","12","0","KOSDAQ","4.35","177.86","","170.45"
"A097800","윈팩","12","0","KOSDAQ","-8.81","25.64","","28.12"
"A097870","효성오앤비","6","0","KOSDAQ","-1.09","57.94","","58.58"
"A097950","CJ제일제당","12","1","KOSPI","-7.03","4881.99","","5250.93"
"A098070","한텍","12","0","외감","","","",""
"A098120","마이크로컨텍솔","12","0","KOSDAQ","0.56","37.53","","37.32"
"A098460","고영","12","0","KOSDAQ","0.48","1156.46","","1150.99"
"A098660","에스티오","12","0","KOSDAQ","-1.68","24.69","","25.11"
"A099190","아이센스","12","0","KOSDAQ","1.29","324.13","","320.01"
"A099220","SDN","12","0","KOSDAQ","-1.45","59.61","","60.49"
"A099320","쎄트렉아이","12","0","KOSDAQ","-2.89","147.5","","151.89"
"A099390","브레인즈컴퍼니","12","0","외감","","","",""
"A099410","동방선기","12","0","KOSDAQ","-0.26","26.27","","26.34"
"A099430","바이오플러스","12","0","외감","","","",""
"A099440","스맥","12","0","KOSDAQ","-2.47","99.81","","102.34"
"A099520","DGI","12","0","KOSDAQ","-2.36","20.42","","20.91"
"A099750","이지케어텍","3","0","외감","","","",""
"A100030","인지소프트","12","0","KOSDAQ","-3.73","38.09","","39.57"
"A100090","SK오션플랜트","12","0","KOSDAQ","-1.03","96.74","","97.75"
"A100120","뷰웍스","12","0","KOSDAQ","-0.93","374.07","","377.57"
"A100130","동국S&C","12","0","KOSDAQ","-0.71","321.72","","324"
"A100220","비상교육","12","0","KOSPI","1.7","155.31","","152.71"
"A100250","진양홀딩스","12","0","KOSPI","-0.83","167.69","","169.08"
"A100590","머큐리","12","0","외감","","","",""
"A100660","서암기계공업","12","0","KOSDAQ","-0.46","40.51","","40.7"
"A100700","세운메디칼","12","0","KOSDAQ","-0.84","155.93","","157.24"
"A100790","미래에셋벤처투자","12","0","외감","","","",""
"A100840","SNT에너지","12","0","KOSPI","0.95","113.35","","112.29"
"A101000","KS인더스트리","12","0","KOSDAQ","-2.65","108.24","","111.19"
"A101140","인바이오젠","12","0","KOSPI","4.06","63.59","","61.11"
"A101160","월덱스","12","0","KOSDAQ","-1.3","100.55","","101.87"
"A101170","우림피티에스","12","0","KOSDAQ","-2.86","57.31","","59"
"A101240","씨큐브","12","0","KOSDAQ","-2.02","66.32","","67.68"
"A101330","모베이스","12","0","KOSDAQ","-0.15","133.75","","133.95"
"A101360","에코앤드림","12","0","KONEX","3.54","5.21","","5.03"
"A101390","아이엠","12","0","KOSDAQ","-2.22","69.75","","71.33"
"A101400","엔시트론","12","0","KOSDAQ","-2.13","56","","57.22"
"A101490","에스앤에스텍","12","0","KOSDAQ","-1.93","80.42","","82"
"A101530","해태제과식품","12","0","KOSPI","-2.18","457.13","","467.32"
"A101670","하이드로리튬","12","0","KOSDAQ","-3.24","31.09","","32.13"
"A101680","한국정밀기계","12","0","KOSDAQ","0","19.2","","19.2"
"A101730","위메이드맥스","12","0","KOSDAQ","-4.41","82.93","","86.75"
"A101930","인화정공","12","0","KOSDAQ","-1.34","41.29","","41.85"
"A101970","우양에이치씨","12","0","외감","","","",""
"A102120","어보브반도체","12","0","KOSDAQ","1.4","139.5","","137.58"
"A102260","동성케미컬","12","0","KOSPI","0.53","260.4","","259.04"
"A102370","케이옥션","12","0","외감","","","",""
"A102460","이연제약","12","0","KOSPI","-1.65","269.61","","274.13"
"A102710","이엔에프테크놀로지","12","0","KOSDAQ","1.98","365.65","","358.55"
"A102940","코오롱생명과학","12","0","KOSDAQ","-2.03","1137.07","","1160.66"
"A103140","풍산","12","1","KOSPI","1.26","1241.48","","1226.06"
"A103230","에스앤더블류","12","0","KOSDAQ","-3.04","20.7","","21.35"
"A103590","일진전기","12","0","KOSPI","-0.77","166.68","","167.97"
"A103840","우양","12","0","외감","","","",""
"A104040","디에스엠","12","0","KOSDAQ","-3.86","62.45","","64.95"
"A104200","NHN벅스","12","0","KOSDAQ","-1.58","129.15","","131.22"
"A104460","디와이피엔에프","12","0","KOSDAQ","-1.46","39.8","","40.39"
"A104480","티케이케미칼","12","0","KOSDAQ","-1.27","176.34","","178.61"
"A104540","코렌텍","12","0","KOSDAQ","0","117.76","","117.76"
"A104620","노랑풍선","12","0","외감","","","",""
"A104700","한국철강","12","0","KOSPI","2.25","355.05","","347.22"
"A104830","원익머트리얼즈","12","0","KOSDAQ","0.28","450.11","","448.84"
"A105330","케이엔더블유","12","0","KOSDAQ","-0.4","28.53","","28.65"
"A105550","엣지파운드리","12","0","KOSDAQ","-2.61","45.12","","46.33"
"A105560","KB금융","12","1","KOSPI","0.16","26090.16","","26048.35"
"A105630","한세실업","12","1","KOSPI","-1.04","1138","","1150"
"A105740","디케이락","12","0","KOSDAQ","-0.51","38.37","","38.57"
"A105760","포스뱅크","12","0","외감","","","",""
"A105840","우진","12","0","KOSPI","-1.77","86.8","","88.36"
"A106080","케이이엠텍","12","0","KOSDAQ","0.19","41.08","","41"
"A106190","하이텍팜","12","0","KOSDAQ","-2.23","77.62","","79.39"
"A106240","파인테크닉스","12","0","KOSDAQ","-4.12","84.99","","88.64"
"A106520","노블엠앤비","12","0","KOSDAQ","-19.96","74.97","","93.67"
"A107590","미원홀딩스","12","0","KOSPI","-1.38","100.03","","101.43"
"A107600","새빗켐","12","0","외감","","","",""
"A107640","한중엔시에스","12","0","KONEX","0","13.32","","13.32"
"A108230","톱텍","12","0","KOSDAQ","-0.39","923.61","","927.22"
"A108320","LX세미콘","12","0","KOSDAQ","-0.2","814.84","","816.47"
"A108380","대양전기공업","12","0","KOSDAQ","1.27","114.81","","113.37"
"A108490","로보티즈","12","0","외감","","","",""
"A108670","LX하우시스","12","1","KOSPI","-1.33","862.69","","874.35"
"A108860","셀바스AI","12","0","KOSDAQ","-3.31","96.49","","99.8"
"A109070","주성코퍼레이션","12","0","KOSPI","0","28.39","","28.39"
"A109080","옵티시스","12","0","KOSDAQ","-0.15","36.35","","36.41"
"A109610","에스와이","12","0","KOSDAQ","-5.18","149.9","","158.1"
"A109670","씨싸이트","12","0","외감","","","",""
"A109740","디에스케이","12","0","KOSDAQ","3.52","186.82","","180.47"
"A109820","진매트릭스","12","0","KOSDAQ","-2.65","37.49","","38.51"
"A109860","동일금속","12","0","KOSDAQ","-0.27","51.66","","51.8"
"A109960","앱토크롬","12","0","KOSDAQ","-2.95","157.15","","161.93"
"A110020","전진바이오팜","12","0","외감","","","",""
"A110790","크리스에프앤씨","12","0","외감","","","",""
"A110990","디아이티","12","0","외감","","","",""
"A111110","호전실업","12","0","KOSPI","-1.09","108.4","","109.6"
"A111380","동인기연","12","0","외감","","","",""
"A111710","남화산업","12","0","외감","","","",""
"A111770","영원무역","12","1","KOSPI","-1.36","1442.34","","1462.28"
"A112040","위메이드","12","0","KOSDAQ","-1.82","771.96","","786.24"
"A112290","와이씨켐","12","0","외감","","","",""
"A112610","씨에스윈드","12","0","KOSPI","-2.42","452.89","","464.12"
"A113810","디젠스","12","0","KOSDAQ","-2.09","40.55","","41.41"
"A114090","GKL","12","1","KOSPI","-1.51","1812.37","","1840.21"
"A114190","강원에너지","12","0","KOSDAQ","-0.6","38.06","","38.29"
"A114450","그린생명과학","12","0","KOSDAQ","-1.69","65.55","","66.67"
"A114630","폴라리스우노","12","0","KOSDAQ","-1.15","81.99","","82.94"
"A114810","한솔아이원스","12","0","KOSDAQ","-0.85","122.8","","123.85"
"A114840","아이패밀리에스씨","12","0","외감","","","",""
"A115160","휴맥스","12","0","KOSDAQ","-5.04","216.4","","227.88"
"A115180","큐리언트","12","0","KOSDAQ","-3.21","182.72","","188.78"
"A115310","인포바인","12","0","KOSDAQ","0.71","90.84","","90.2"
"A115440","우리넷","12","0","KOSDAQ","-3.89","45.58","","47.42"
"A115450","HLB테라퓨틱스","12","0","KOSDAQ","-4.64","640.52","","671.68"
"A115480","씨유메디칼","12","0","KOSDAQ","-3.17","42.82","","44.22"
"A115500","케이씨에스","12","0","KOSDAQ","-2.16","54.36","","55.56"
"A115530","씨엔플러스","12","0","KOSDAQ","2.05","22.25","","21.8"
"A115570","스타플렉스","12","0","KOSDAQ","-1.87","33.88","","34.53"
"A115610","이미지스","12","0","KOSDAQ","-2.88","37.46","","38.58"
"A117580","대성에너지","12","0","KOSPI","0.81","170.78","","169.4"
"A117670","알파칩스","12","0","KOSDAQ","0","115.43","","115.43"
"A117730","티로보틱스","12","0","외감","","","",""
"A118000","메타케어","12","0","KOSPI","-4.3","79.1","","82.66"
"A118990","모트렉스","12","0","KOSDAQ","-1.88","169.67","","172.92"
"A119500","포메탈","12","0","KOSDAQ","-3.09","42.71","","44.07"
"A119610","인터로조","12","0","KOSDAQ","3.54","409.49","","395.48"
"A119650","KC코트렐","12","0","KOSPI","-5.41","62.47","","66.04"
"A119830","아이텍","12","0","KOSDAQ","-2.4","25.67","","26.3"
"A119850","지엔씨에너지","12","0","KOSDAQ","-1.55","67.46","","68.52"
"A120030","조선선재","12","0","KOSPI","2.51","102.88","","100.36"
"A120110","코오롱인더","12","1","KOSPI","-1.67","2101.19","","2136.89"
"A120240","대정화금","12","0","KOSDAQ","-0.81","75.04","","75.66"
"A121440","골프존홀딩스","12","0","KOSDAQ","0","221.47","","221.47"
"A121600","나노신소재","12","0","KOSDAQ","-1.52","175.2","","177.91"
"A121800","비덴트","12","0","KOSDAQ","18.09","615.24","","521"
"A121850","코이즈","12","0","KOSDAQ","-0.2","52.66","","52.77"
"A121890","에스디시스템","12","0","KOSDAQ","-1.58","23.67","","24.05"
"A122310","제노레이","12","0","외감","","","",""
"A122350","삼기","12","0","KOSDAQ","-2.61","109.28","","112.21"
"A122450","KX","12","0","KOSDAQ","0.82","138.74","","137.61"
"A122640","예스티","12","0","KOSDAQ","-0.57","227.62","","228.92"
"A122690","서진오토모티브","12","0","KOSDAQ","-2.09","71.34","","72.87"
"A122870","와이지엔터테인먼트","12","0","KOSDAQ","-1.82","541.02","","551.03"
"A122900","아이마켓코리아","12","0","KOSPI","-0.33","329.96","","331.04"
"A122990","와이솔","12","0","KOSDAQ","2.08","337.72","","330.82"
"A123010","알엔티엑스","12","0","KOSDAQ","1.5","20.19","","19.89"
"A123040","엠에스오토텍","12","0","KOSDAQ","-7.44","44.19","","47.74"
"A123330","제닉","12","0","KOSDAQ","-2.78","84.89","","87.32"
"A123410","코리아에프티","12","0","KOSDAQ","0.13","109.14","","109"
"A123420","위메이드플레이","12","0","KOSDAQ","-2.78","251.21","","258.39"
"A123570","이엠넷","12","0","KOSDAQ","-1.29","46.95","","47.56"
"A123690","한국화장품","12","0","KOSPI","-2.52","279.58","","286.81"
"A123700","SJM","12","0","KOSPI","0","78.65","","78.65"
"A123750","알톤","12","0","KOSDAQ","-0.6","42.32","","42.57"
"A123840","뉴온","12","0","KOSDAQ","-23.08","141.96","","184.54"
"A123860","아나패스","12","0","KOSDAQ","-1.26","199.01","","201.54"
"A123890","한국자산신탁","12","0","KOSPI","-0.87","748.94","","755.48"
"A124500","아이티센글로벌","12","0","KOSDAQ","1.7","45.68","","44.92"
"A124560","태웅로직스","12","0","외감","","","",""
"A125020","티씨머티리얼즈","12","0","외감","","","",""
"A125210","아모그린텍","12","0","외감","","","",""
"A125490","한라캐스트","12","0","외감","","","",""
"A126340","비나텍","12","0","KONEX","0","25.26","","25.26"
"A126560","현대퓨처넷","12","0","KOSPI","-2.43","430.62","","441.35"
"A126600","BGF에코머티리얼즈","12","0","KOSDAQ","-1.99","99.03","","101.04"
"A126640","화신정공","12","0","KOSDAQ","-2.96","47.65","","49.1"
"A126700","하이비젼시스템","12","0","KOSDAQ","-0.41","183.04","","183.79"
"A126720","수산인더스트리","12","0","외감","","","",""
"A126730","코칩","12","0","외감","","","",""
"A126880","제이엔케이글로벌","12","0","KOSDAQ","-4.22","52.18","","54.48"
"A127120","제이에스링크","12","0","KOSDAQ","1.23","61.74","","60.99"
"A127710","아시아경제","12","0","KOSDAQ","-3.57","78.51","","81.41"
"A127980","화인써키트","12","0","외감","","","",""
"A128540","에코캡","12","0","외감","","","",""
"A128660","피제이메탈","12","0","KOSDAQ","-1.15","53.2","","53.82"
"A128820","대성산업","12","0","KOSPI","-1.78","161.94","","164.88"
"A128940","한미약품","12","1","KOSPI","1.06","6363.17","","6296.19"
"A129260","인터지스","12","0","KOSPI","-1.11","92.37","","93.41"
"A129890","앱코","12","0","외감","","","",""
"A129920","대성하이텍","12","0","외감","","","",""
"A130500","GH신소재","12","0","KOSDAQ","-2.18","36.96","","37.79"
"A130580","나이스디앤비","12","0","KOSDAQ","0.12","125.51","","125.36"
"A130660","한전산업","12","0","KOSPI","-0.12","138.88","","139.04"
"A130740","티피씨글로벌","12","0","KOSDAQ","-2.99","26.08","","26.89"
"A131030","옵투스제약","12","0","KOSDAQ","-1.26","129.37","","131.03"
"A131090","시큐브","12","0","KOSDAQ","-12.72","59.5","","68.17"
"A131100","티엔엔터테인먼트","12","0","KOSDAQ","-6.46","23.46","","25.08"
"A131180","딜리","12","0","KOSDAQ","-0.39","75.72","","76.02"
"A131220","대한과학","12","0","KOSDAQ","-1.97","35.57","","36.28"
"A131290","티에스이","12","0","KOSDAQ","0.65","170.35","","169.24"
"A131370","알서포트","12","0","KOSDAQ","-13.08","159.27","","183.24"
"A131400","이브이첨단소재","12","0","KOSDAQ","-6.41","34.21","","36.56"
"A131760","파인텍","12","0","KOSDAQ","-2.39","54.25","","55.58"
"A131970","두산테스나","12","0","KOSDAQ","-1.37","98.64","","100.01"
"A133750","메가엠디","12","0","KOSDAQ","-1.68","58.94","","59.95"
"A133820","화인베스틸","12","0","KOSPI","2.93","70.84","","68.82"
"A134060","이퓨쳐","12","0","KOSDAQ","5.71","33.53","","31.72"
"A134380","미원화학","12","0","KOSPI","-4.39","128.18","","134.07"
"A134580","탑코미디어","12","0","KOSDAQ","-4.56","39.99","","41.91"
"A134790","시디즈","12","0","KOSPI","-2.28","90","","92.1"
"A136150","원일티엔아이","12","0","외감","","","",""
"A136410","아셈스","12","0","외감","","","",""
"A136480","하림","12","0","KOSDAQ","-1.28","166.15","","168.31"
"A136490","선진","12","0","KOSPI","0","349.56","","349.56"
"A136540","윈스테크넷","12","0","KOSDAQ","-0.81","140.61","","141.76"
"A137080","나래나노텍","12","0","외감","","","",""
"A137310","에스디바이오센서","12","0","외감","","","",""
"A137400","피엔티","12","0","KOSDAQ","-1.5","104.32","","105.91"
"A137940","넥스트아이","12","0","KOSDAQ","-3.63","227.01","","235.57"
"A137950","제이씨케미칼","12","0","KOSDAQ","-2.74","79.02","","81.24"
"A138040","메리츠금융지주","12","0","KOSPI","-3.48","2179.01","","2257.6"
"A138070","신진에스엠","12","0","KOSDAQ","-2.77","62.98","","64.78"
"A138080","오이솔루션","12","0","KOSDAQ","-0.44","88.23","","88.62"
"A138360","앤로보틱스","12","0","KOSDAQ","1.33","116.19","","114.66"
"A138610","나이벡","12","0","KOSDAQ","-3.48","58.3","","60.41"
"A138930","BNK금융지주","12","1","KOSPI","-0.64","3054.01","","3073.57"
"A139130","iM금융지주","12","0","KOSPI","1.9","1809.86","","1776.03"
"A139480","이마트","12","1","KOSPI","-1.63","7582.22","","7707.66"
"A139670","키네마스터","12","0","KOSDAQ","-4.57","23.44","","24.56"
"A139990","아주스틸","12","0","외감","","","",""
"A140070","서플러스글로벌","12","0","KOSDAQ","0","139.26","","139.26"
"A140410","메지온","12","0","KOSDAQ","1.88","293.23","","287.81"
"A140430","카티스","12","0","외감","","","",""
"A140520","대창스틸","12","0","KOSDAQ","-4.24","79.1","","82.6"
"A140670","알에스오토메이션","12","0","KOSDAQ","-1.11","162.04","","163.86"
"A140860","파크시스템스","12","0","KOSDAQ","-0.56","176.18","","177.16"
"A141000","비아트론","12","0","KOSDAQ","0.26","230.79","","230.18"
"A141080","리가켐바이오","12","0","KOSDAQ","-4.45","331.49","","346.92"
"A142210","유니트론텍","12","0","KOSDAQ","-1.59","67.44","","68.53"
"A142280","녹십자엠에스","12","0","KOSDAQ","-2.51","111.37","","114.24"
"A142760","모아라이프플러스","12","0","KOSDAQ","-1.27","148.36","","150.27"
"A143160","아이디스","12","0","KOSDAQ","-2","78.77","","80.37"
"A143210","핸즈코퍼레이션","12","0","KOSPI","4.33","205.3","","196.77"
"A143240","사람인","12","0","KOSDAQ","1.49","237.92","","234.43"
"A143540","영우디에스피","12","0","KOSDAQ","-3.21","62.38","","64.46"
"A144510","지씨셀","12","0","KOSDAQ","2.48","457.52","","446.44"
"A144960","뉴파워프라즈마","12","0","KOSDAQ","0.18","228.95","","228.53"
"A145020","휴젤","12","0","KOSDAQ","2.84","2168.07","","2108.19"
"A145170","노브랜드","12","0","외감","","","",""
"A145210","다이나믹디자인","12","0","KOSPI","0.62","29.05","","68.09"
"A145720","덴티움","12","0","KOSPI","-1.17","653.06","","660.81"
"A145990","삼양사","12","1","KOSPI","-1.76","920.94","","937.4"
"A146060","율촌","12","0","외감","","","",""
"A146320","비씨엔씨","12","0","외감","","","",""
"A147760","피엠티","12","0","KOSDAQ","-2.61","100.84","","103.55"
"A147830","제룡산업","12","0","KOSDAQ","-2.9","76.9","","79.2"
"A148150","세경하이테크","12","0","외감","","","",""
"A148250","알엔투테크놀로지","12","0","KOSDAQ","-1.62","53.8","","54.68"
"A148780","비큐AI","12","0","KONEX","0","9.49","","9.49"
"A148930","에이치와이티씨","12","0","외감","","","",""
"A149950","아바텍","12","0","KOSDAQ","-1.93","118.93","","121.27"
"A149980","하이로닉","12","0","KOSDAQ","-5.3","67.94","","71.74"
"A150900","파수AI","12","0","KOSDAQ","-0.58","42.18","","42.42"
"A151860","KG에코솔루션","12","0","KOSDAQ","-0.82","153.18","","154.44"
"A153460","네이블","12","0","KOSDAQ","-2.41","34.41","","35.26"
"A153490","우리이앤엘하루틴","12","0","KOSDAQ","-2.24","54.39","","55.64"
"A153710","옵티팜","12","0","외감","","","",""
"A154030","아시아종묘","12","0","KONEX","0","39.7","","39.7"
"A154040","다산솔루에타","12","0","KOSDAQ","-2.67","60.2","","61.86"
"A155650","와이엠씨","12","0","KOSDAQ","2.29","286.09","","279.68"
"A155660","DSR","12","0","KOSPI","-5.73","84.16","","89.28"
"A156100","엘앤케이바이오","12","0","KOSDAQ","0.81","98.37","","97.58"
"A158430","아톤","12","0","외감","","","",""
"A159010","아스플로","12","0","외감","","","",""
"A159580","제로투세븐","12","0","KOSDAQ","-6.08","62.68","","66.73"
"A159910","에코글로우","12","0","KOSDAQ","-0.71","68.67","","69.16"
"A160190","하이젠알앤엠","12","0","외감","","","",""
"A160550","NEW","12","0","KOSDAQ","-2.87","268.85","","276.8"
"A160980","싸이맥스","12","0","KOSDAQ","-0.59","177.68","","178.74"
"A161000","애경케미칼","12","0","KOSPI","0","528.66","","528.66"
"A161390","한국타이어앤테크놀로지","12","1","KOSPI","-1.27","6726.42","","6813.13"
"A161580","필옵틱스","12","0","KOSDAQ","-3.42","196.95","","203.93"
"A161890","한국콜마","12","1","KOSPI","-2.59","1747.45","","1793.88"
"A162300","신스틸","12","0","외감","","","",""
"A163280","에어레인","12","0","외감","","","",""
"A163560","동일고무벨트","12","0","KOSPI","-1.58","109.97","","111.74"
"A163730","핑거","12","0","외감","","","",""
"A166090","하나머티리얼즈","12","0","KOSDAQ","-0.15","321.19","","321.67"
"A166480","코아스템켐온","12","0","KOSDAQ","-7.66","189.4","","205.11"
"A168330","내츄럴엔도텍","12","0","KOSDAQ","-3.55","440.03","","456.21"
"A168360","펨트론","12","0","외감","","","",""
"A169330","엠브레인","6","0","외감","","","",""
"A170030","현대공업","12","0","KOSDAQ","-0.62","61.13","","61.51"
"A170790","파이오링크","12","0","KOSDAQ","-0.51","40.32","","40.52"
"A170900","동아에스티","12","1","KOSPI","-1.49","780.21","","792.03"
"A170920","엘티씨","12","0","KOSDAQ","-5.36","99.64","","105.28"
"A171010","램테크놀러지","12","0","KOSDAQ","-0.48","47.35","","47.58"
"A171090","선익시스템","12","0","KOSDAQ","0.62","145.8","","144.9"
"A171120","라이온켐텍","12","0","KOSDAQ","-1.01","226.17","","228.48"
"A172670","에이엘티","12","0","외감","","","",""
"A173130","오파스넷","12","0","KONEX","0","11.87","","11.87"
"A173940","에프엔씨엔터","12","0","KOSDAQ","-6.78","116.5","","124.97"
"A174900","앱클론","12","0","KOSDAQ","1.45","380.8","","375.36"
"A175140","아고스","12","0","KOSDAQ","-0.69","78.55","","79.09"
"A175250","아이큐어","12","0","외감","","","",""
"A175330","JB금융지주","12","0","KOSPI","-0.17","924.86","","926.42"
"A176750","듀켐바이오","12","0","KONEX","-3.7","60.81","","63.15"
"A177350","베셀","12","0","KOSDAQ","-0.89","75.1","","75.77"
"A177830","파버나인","12","0","KOSDAQ","1.06","61.48","","60.84"
"A177900","쓰리에이로직스","12","0","외감","","","",""
"A178320","서진시스템","12","0","KOSDAQ","0","215.27","","215.27"
"A178780","일월지엠엘","12","0","KOSDAQ","-1.34","44.66","","45.27"
"A178920","PI첨단소재","12","0","KOSDAQ","3","1463.91","","1421.33"
"A179290","엠아이텍","12","0","외감","","","",""
"A179530","애드바이오텍","12","0","외감","","","",""
"A179900","유티아이","12","0","KOSDAQ","0.5","108.24","","107.71"
"A180400","DXVX","12","0","KOSDAQ","-2.42","182.86","","187.39"
"A180640","한진칼","12","0","KOSPI","-1.34","1091.69","","1106.49"
"A181710","NHN","12","0","KOSPI","-0.29","1351.94","","1355.86"
"A182360","큐브엔터","12","0","KOSDAQ","-2.2","53.15","","54.34"
"A182400","엔케이젠바이오텍코리아","12","0","KOSDAQ","-1.05","450.77","","455.57"
"A183190","아세아시멘트","12","0","KOSPI","-2.07","388.91","","397.14"
"A183300","코미코","12","0","KOSDAQ","-0.2","220.69","","221.13"
"A183490","엔지켐생명과학","12","0","KONEX","2.71","324","","315.45"
"A184230","SGA솔루션즈","12","0","KOSDAQ","-5.63","81.69","","86.56"
"A185490","아이진","12","0","KOSDAQ","-4.82","169.93","","178.53"
"A185750","종근당","12","1","KOSPI","0","1260.81","","1260.81"
"A186230","그린플러스","12","0","KONEX","14.93","23.85","","20.75"
"A187220","디티앤씨","12","0","KOSDAQ","-3.28","87.21","","90.16"
"A187270","신화콘텍","12","0","KOSDAQ","-2.13","50.34","","51.43"
"A187420","HLB제넥스","12","0","KOSDAQ","-2.51","176.39","","180.93"
"A187660","페니트리움바이오","12","0","외감","","","",""
"A187790","나노","12","0","KOSDAQ","-1.31","44.37","","44.96"
"A187870","디바이스","12","0","외감","","","",""
"A188040","바이오포트","12","0","외감","","","",""
"A188260","세니젠","12","0","외감","","","",""
"A189300","인텔리안테크","12","0","KOSDAQ","-0.33","108.26","","108.62"
"A189330","씨이랩","12","0","KONEX","-1.24","26.62","","26.95"
"A189690","포시에스","6","0","KOSDAQ","-3.86","41.08","","42.72"
"A189860","서전기전","12","0","KOSDAQ","-2.2","32.39","","33.12"
"A189980","흥국에프엔비","12","0","KOSDAQ","-3.41","66.51","","68.86"
"A190510","나무가","12","0","KOSDAQ","-5.56","69.78","","73.89"
"A190650","코리아에셋투자증권","3","0","외감","","","",""
"A191410","육일씨엔에쓰","12","0","KOSDAQ","0.69","49.6","","49.26"
"A191420","테고사이언스","12","0","KOSDAQ","-1.19","294.76","","298.31"
"A192080","더블유게임즈","12","0","KOSDAQ","-3.17","908.34","","938.04"
"A192250","케이사인","12","0","KOSDAQ","-3.88","91.29","","94.98"
"A192390","윈하이텍","12","0","KOSDAQ","-3.56","41.38","","42.9"
"A192400","쿠쿠홀딩스","12","1","KOSPI","0","1617.55","","1617.55"
"A192410","오늘이엔엠","12","0","KOSDAQ","-5.52","179.85","","190.35"
"A192440","슈피겐코리아","12","0","KOSDAQ","2.07","291.55","","285.64"
"A192650","드림텍","12","0","외감","","","",""
"A192820","코스맥스","12","1","KOSPI","-0.82","1221.02","","1231.06"
"A193250","링크드","12","0","KOSDAQ","4.19","147.63","","141.7"
"A194370","제이에스코퍼레이션","12","0","KOSPI","-0.77","172.03","","173.36"
"A194480","데브시스터즈","12","0","KOSDAQ","-1.35","162.63","","164.86"
"A194700","노바렉스","12","0","외감","","","",""
"A195500","마니커에프앤지","12","0","외감","","","",""
"A195870","해성디에스","12","0","KOSPI","-2.37","280.5","","287.3"
"A195940","HK이노엔","12","0","외감","","","",""
"A195990","루트K","12","0","KOSDAQ","1.11","101.09","","99.98"
"A196170","알테오젠","12","0","KOSDAQ","-3.76","137.14","","142.5"
"A196300","HLB펩","12","0","KOSDAQ","1.25","120.36","","118.88"
"A196450","코아시아씨엠","12","0","KOSDAQ","0","67.88","","67.88"
"A196490","디에이테크놀로지","12","0","KOSDAQ","-3","74.62","","76.93"
"A196700","웹스","12","0","KOSDAQ","0.2","34.66","","34.59"
"A197140","디지캡","12","0","KONEX","12.84","15.66","","13.88"
"A198080","캐프","12","0","외감","","","",""
"A198440","강동씨앤엘","12","0","KOSDAQ","-1.44","52.12","","52.88"
"A198940","한주라이트메탈","12","0","외감","","","",""
"A199430","케이엔알시스템","12","0","외감","","","",""
"A199480","뱅크웨어글로벌","12","0","외감","","","",""
"A199550","레이저옵텍","12","0","외감","","","",""
"A199730","바이오인프라","12","0","외감","","","",""
"A199800","툴젠","12","0","KONEX","-3.56","299.98","","311.07"
"A199820","제일일렉트릭","12","0","외감","","","",""
"A200130","콜마비앤에이치","12","0","KOSDAQ","1.56","865.63","","852.33"
"A200230","텔콘RF제약","12","0","KOSDAQ","-5.45","945.2","","999.73"
"A200350","아티스트스튜디오","12","0","KONEX","9","10.16","","9.33"
"A200470","에이팩트","12","0","KOSDAQ","-4.23","47.75","","49.85"
"A200670","휴메딕스","12","0","KOSDAQ","-3.89","396.85","","412.91"
"A200710","에이디테크놀로지","12","0","KOSDAQ","2.45","87.84","","85.74"
"A200780","비씨월드제약","12","0","KOSDAQ","-1.46","172.87","","175.42"
"A200880","서연이화","12","0","KOSPI","0","285.15","","285.15"
"A201490","미투온","12","0","KOSDAQ","0.65","288.37","","286.51"
"A203400","에이비온","12","0","KONEX","4.94","58.52","","55.76"
"A203450","유니온바이오메트릭스","12","0","KOSDAQ","-0.31","47.34","","47.49"
"A203650","드림시큐리티","12","0","KOSDAQ","-4.13","137.58","","143.5"
"A203690","아크솔루션스","12","0","KOSDAQ","-6.71","351.84","","377.13"
"A204020","그리티","12","0","외감","","","",""
"A204270","제이앤티씨","12","0","외감","","","",""
"A204320","HL만도","12","1","KOSPI","-1.79","2836.21","","2887.86"
"A204610","티쓰리","12","0","외감","","","",""
"A204620","글로벌텍스프리","12","0","KOSDAQ","-3.41","162.53","","168.27"
"A204840","지엘팜텍","12","0","KOSDAQ","-3.65","104.51","","108.48"
"A205100","엑셈","12","0","KOSDAQ","-3.69","130.01","","134.99"
"A205470","휴마시스","12","0","KOSDAQ","-5.37","53.32","","56.35"
"A205500","넥써쓰","12","0","KOSDAQ","-0.61","163.35","","164.35"
"A206400","베노티앤알","12","0","KOSDAQ","5.64","48.41","","57.25"
"A206560","덱스터","12","0","KOSDAQ","-5.37","191.72","","202.6"
"A206640","바디텍메드","12","0","KOSDAQ","0.58","401.95","","399.62"
"A206650","유바이오로직스","12","0","KOSDAQ","-0.92","132.03","","133.25"
"A207760","미스터블루","12","0","KOSDAQ","-4.9","82.03","","86.25"
"A207940","삼성바이오로직스","12","1","KOSPI","0","23389.33","","23389.33"
"A208140","정다운","12","0","KOSDAQ","-5.84","74.42","","79.04"
"A208350","지란지교시큐리티","12","0","KOSDAQ","11.66","86.77","","77.71"
"A208370","셀바스헬스케어","12","0","KOSDAQ","-4.43","87.95","","92.03"
"A208640","썸에이지","12","0","KOSDAQ","-4.38","116.31","","121.63"
"A208710","포톤","12","0","KOSDAQ","-0.45","60.15","","60.42"
"A208860","다산디엠씨","12","0","KOSDAQ","-1.1","56.45","","57.07"
"A209640","와이제이링크","12","0","외감","","","",""
"A210120","캔버스엔","12","0","KONEX","0","49.27","","49.27"
"A210540","디와이파워","12","0","KOSPI","0.54","205.38","","204.27"
"A210980","SK디앤디","12","0","KOSPI","-1.37","524.23","","531.5"
"A211050","인카금융서비스","12","0","KONEX","14.94","13.45","","11.7"
"A211270","AP위성","12","0","KOSDAQ","2.68","126.42","","123.12"
"A212560","네오오토","12","0","KOSDAQ","-2.99","46.07","","47.49"
"A212710","아이에스티이","12","0","외감","","","",""
"A213420","덕산네오룩스","12","0","KOSDAQ","4.77","579.84","","553.43"
"A213500","한솔제지","12","0","KOSPI","0","333.21","","333.21"
"A214150","클래시스","12","0","KOSDAQ","-3.46","22.28","","23.07"
"A214180","헥토이노베이션","12","0","KOSDAQ","-4.98","306.08","","322.13"
"A214260","라파스","12","0","외감","","","",""
"A214270","FSN","12","0","KOSDAQ","-18.78","86.29","","106.24"
"A214320","이노션","12","1","KOSPI","0","1520","","1520"
"A214330","금호에이치티","12","0","KOSPI","-1.36","49.51","","50.19"
"A214370","케어젠","12","0","KOSDAQ","-1.81","814.32","","829.36"
"A214390","경보제약","12","0","KOSPI","-1.59","296.45","","301.23"
"A214420","토니모리","12","0","KOSPI","-4.13","348.39","","363.38"
"A214430","아이쓰리시스템","12","0","KOSDAQ","-2.48","148.42","","152.19"
"A214450","파마리서치","12","0","KOSDAQ","-0.52","541.47","","544.31"
"A214610","롤링스톤","12","0","KONEX","-4.1","68.09","","71.01"
"A214680","디알텍","12","0","KOSDAQ","-1.85","76.86","","78.31"
"A215000","골프존","12","0","KOSDAQ","-0.11","288.36","","288.67"
"A215090","솔디펜스","12","0","KOSDAQ","-0.5","10.89","","10.95"
"A215100","로보로보","12","0","KOSDAQ","-7.28","40.87","","7.5"
"A215200","메가스터디교육","12","0","KOSDAQ","-1.46","125.75","","127.61"
"A215360","우리산업","12","0","KOSDAQ","-2.72","310.49","","319.17"
"A215380","콜마바이오텍","12","0","KOSDAQ","-3.14","46.87","","48.39"
"A215480","토박스코리아","12","0","KOSDAQ","-3.83","59.09","","61.45"
"A215600","신라젠","12","0","KOSDAQ","2.3","5739.32","","5610.12"
"A215790","이노인스트루먼트","12","0","KOSDAQ","2.47","207.33","","202.33"
"A216050","인크로스","12","0","KOSDAQ","-2.31","166.39","","170.33"
"A216080","제테마","12","0","외감","","","",""
"A217190","제너셈","12","0","KOSDAQ","-1.53","28.28","","28.72"
"A217270","넵튠","12","0","KOSDAQ","-2.45","302.74","","310.36"
"A217330","싸이토젠","12","0","외감","","","",""
"A217480","에스디생명공학","12","0","KOSDAQ","-3.64","292.35","","303.39"
"A217500","러셀","12","0","KOSDAQ","0","9.64","","9.64"
"A217590","티엠씨","12","0","외감","","","",""
"A217730","강스템바이오텍","12","0","KOSDAQ","-4.29","172.11","","179.83"
"A217820","원익피앤이","12","0","KOSDAQ","3.92","90.9","","87.47"
"A218150","미래생명자원","12","0","KOSDAQ","-1.77","9.81","","9.99"
"A218410","RFHIC","12","0","KOSDAQ","0","274.91","","274.91"
"A219130","타이거일렉","12","0","KOSDAQ","-3.63","38.58","","40.03"
"A219420","링크제니시스","12","0","KONEX","-1.08","58.5","","59.14"
"A219550","디와이디","12","0","KOSDAQ","-3.74","112.97","","117.36"
"A219750","한국비티비","12","0","KONEX","-5.02","47.36","","49.86"
"A220100","퓨쳐켐","12","0","KOSDAQ","-0.82","102.32","","103.17"
"A220180","폴라리스AI핸디","12","0","KOSDAQ","0.15","50.3","","50.23"
"A220260","켐트로스","12","0","KOSDAQ","-3.83","106.4","","110.64"
"A221800","지구홀딩스","12","0","KONEX","-13.19","23.76","","27.37"
"A221840","하이즈항공","12","0","KOSDAQ","-1.66","125.47","","127.59"
"A221980","케이디켐","12","0","KOSDAQ","0.62","65.57","","65.16"
"A222040","코스맥스엔비티","12","0","KOSDAQ","1.95","432.16","","423.91"
"A222080","SFA넥셀","12","0","KOSDAQ","-1.85","85.26","","86.87"
"A222110","팬젠","12","0","KOSDAQ","-0.74","129.81","","130.77"
"A222160","NPX","12","0","KONEX","-14.88","16.45","","19.33"
"A222420","쎄노텍","12","0","KOSDAQ","-3.18","122.27","","126.28"
"A222800","심텍","12","0","KOSDAQ","-1.42","237.77","","241.18"
"A222980","한국맥널티","12","0","KOSDAQ","-0.34","71.89","","72.14"
"A223250","드림씨아이에스","12","0","외감","","","",""
"A223310","사토시홀딩스","12","0","KOSDAQ","-6.61","89.77","","96.13"
"A224060","더코디","12","0","KOSDAQ","-5.36","106.22","","112.24"
"A224110","에이텍모빌리티","12","0","KOSDAQ","-8.86","57.67","","63.28"
"A225190","LK삼양","12","0","KOSDAQ","-2.28","192.5","","197"
"A225220","제놀루션","12","0","KONEX","2.57","20.8","","20.28"
"A225430","케이엠제약","12","0","KOSDAQ","0.25","9","","8.98"
"A225530","HC보광산업","12","0","KOSDAQ","-3.88","204.75","","213.02"
"A225570","넥슨게임즈","12","0","KOSDAQ","-2.98","262.44","","270.5"
"A225590","패션플랫폼","12","0","KOSDAQ","-0.25","10.39","","10.41"
"A226320","잇츠한불","12","0","KOSPI","-4.37","1032.87","","1080.02"
"A226330","신테카바이오","12","0","외감","","","",""
"A226340","본느","12","0","KOSDAQ","-0.25","13","","13.03"
"A226400","오스테오닉","12","0","KONEX","2.34","41.13","","40.19"
"A226590","엠디바이스","12","0","외감","","","",""
"A226950","올릭스","12","0","외감","","","",""
"A227100","프로브잇","12","0","외감","","","",""
"A227610","아우딘퓨쳐스","12","0","KOSDAQ","-1.3","114","","115.5"
"A227840","현대코퍼레이션홀딩스","12","0","KOSPI","-2","133.78","","136.51"
"A227950","엔투텍","12","0","KOSDAQ","0.25","15.02","","14.99"
"A228340","동양파일","12","0","KOSDAQ","-1.36","101.4","","102.8"
"A228670","레이","12","0","외감","","","",""
"A228760","지노믹트리","12","0","KONEX","0","108.24","","108.24"
"A228850","레이언스","12","0","KOSDAQ","2.84","300.3","","292"
"A229000","젠큐릭스","12","0","KONEX","0.4","59.68","","59.44"
"A229640","LS에코에너지","12","0","KOSPI","-0.94","194.47","","196.31"
"A230240","에치에프알","12","0","KOSDAQ","0","15.92","","15.92"
"A230360","에코마케팅","12","0","KOSDAQ","-1.34","149.57","","151.6"
"A232140","와이씨","12","0","KOSDAQ","-0.4","460.32","","462.18"
"A232680","라온로보틱스","12","0","KONEX","0.89","47.8","","47.38"
"A232830","아이티센피엔에스","12","0","KONEX","2.84","8.35","","8.12"
"A234030","싸이닉솔루션","12","0","외감","","","",""
"A234080","JW생명과학","12","0","KOSPI","-5.02","321.84","","338.86"
"A234100","폴라리스세원","12","0","KOSDAQ","-3.38","30.15","","31.21"
"A234300","에스트래픽","12","0","KOSDAQ","-3.97","138.55","","144.28"
"A234340","헥토파이낸셜","12","0","외감","","","",""
"A234690","녹십자웰빙","12","0","외감","","","",""
"A234920","자이글","12","0","KOSDAQ","0","96.34","","96.34"
"A235980","메드팩토","12","0","외감","","","",""
"A236200","슈프리마","12","0","KOSDAQ","-0.42","166.39","","167.09"
"A236810","엔비티","12","0","외감","","","",""
"A237690","에스티팜","12","0","KOSDAQ","-2.1","566.21","","578.34"
"A237750","피앤씨테크","12","0","KOSDAQ","-2","54.25","","55.35"
"A237820","플레이디","12","0","외감","","","",""
"A237880","클리오","12","0","KOSDAQ","-0.97","694.87","","701.65"
"A238090","앤디포스","12","0","KOSDAQ","-1.65","125.37","","127.48"
"A238120","얼라인드","12","0","KOSDAQ","-0.8","44.57","","44.93"
"A238200","비피도","12","0","외감","","","",""
"A238490","힘스","12","0","KOSDAQ","-2.82","126.72","","130.4"
"A239340","이스트에이드","12","0","KOSDAQ","0.75","9.7","","9.62"
"A239610","에이치엘사이언스","12","0","KOSDAQ","-5.28","179.98","","190"
"A239890","피엔에이치테크","12","0","KONEX","0","18.95","","18.95"
"A240550","동방메디컬","12","0","외감","","","",""
"A240600","유진테크놀로지","12","0","외감","","","",""
"A240810","원익IPS","12","0","KOSDAQ","3.23","1384.72","","1341.39"
"A241520","DSC인베스트먼트","12","0","KOSDAQ","-13.01","90.13","","103.6"
"A241560","두산밥캣","12","0","KOSPI","-0.87","3418.5","","3448.57"
"A241590","화승엔터프라이즈","12","0","KOSPI","-3.71","667.42","","693.14"
"A241690","유니테크노","12","0","KOSDAQ","4.15","134.78","","129.41"
"A241710","코스메카코리아","12","0","KOSDAQ","0.77","349.77","","347.1"
"A241770","메카로","12","0","KOSDAQ","1.37","437.64","","431.74"
"A241790","티이엠씨씨엔에스","12","0","KOSDAQ","-2.43","91.71","","93.99"
"A241820","피씨엘","12","0","KOSDAQ","18.38","143.63","","121.33"
"A241840","에이스토리","12","0","외감","","","",""
"A242040","나무에이엑스","12","0","KOSDAQ","0.25","14.11","","14.08"
"A243070","휴온스","12","0","KOSDAQ","-0.45","544.72","","547.2"
"A243840","신흥에스이씨","12","0","KOSDAQ","-2.8","170.34","","175.26"
"A244460","올리패스","12","0","외감","","","",""
"A244920","에이플러스에셋","12","0","외감","","","",""
"A245620","EDGC","12","0","외감","","","",""
"A246250","에스엘에스바이오","12","0","KONEX","-9.09","29.11","","32.02"
"A246690","TS인베스트먼트","12","0","KOSDAQ","-5.49","69.51","","73.54"
"A246710","티앤알바이오팹","12","0","외감","","","",""
"A246720","아스타","12","0","KOSDAQ","10.11","189.46","","172.07"
"A246960","SCL사이언스","12","0","외감","","","",""
"A247540","에코프로비엠","12","0","외감","","","",""
"A247660","나노씨엠에스","12","0","외감","","","",""
"A248070","솔루엠","12","0","외감","","","",""
"A248170","샘표식품","12","0","KOSPI","-2.42","156.69","","160.58"
"A249420","일동제약","12","0","KOSPI","-1.76","492.7","","501.53"
"A250000","보라티알","12","0","KOSDAQ","-3.82","93.5","","97.21"
"A250060","모비스","12","0","KOSDAQ","0","46.86","","46.86"
"A250930","예선테크","12","0","KOSDAQ","-0.75","10.29","","10.37"
"A251120","바이오에프디엔씨","12","0","외감","","","",""
"A251270","넷마블","12","1","KOSPI","-1.31","15984.78","","16197.34"
"A251370","와이엠티","12","0","KOSDAQ","1.37","302.13","","298.06"
"A251630","브이원텍","12","0","KOSDAQ","0.21","344","","343.26"
"A251970","펌텍코리아","12","0","외감","","","",""
"A252500","세화피앤씨","12","0","KOSDAQ","-4.18","43.7","","45.61"
"A252990","샘씨엔에스","12","0","외감","","","",""
"A253450","스튜디오드래곤","12","0","KOSDAQ","1.56","1825.22","","1797.19"
"A253590","네오셈","12","0","외감","","","",""
"A253840","수젠텍","12","0","KONEX","4.07","34.41","","33.06"
"A254120","자비스","12","0","KOSDAQ","0","9.04","","9.04"
"A254490","미래반도체","12","0","외감","","","",""
"A255220","SG","12","0","외감","","","",""
"A255440","야스","12","0","KOSDAQ","1.85","355.58","","349.11"
"A256150","한독크린텍","12","0","외감","","","",""
"A256630","포인트엔지니어링","12","0","KOSDAQ","0","13.69","","13.69"
"A256840","한국비엔씨","12","0","KOSDAQ","0","13.56","","13.56"
"A256940","킵스파마","12","0","KOSDAQ","0.37","58.5","","58.29"
"A257370","피엔티엠에스","12","0","외감","","","",""
"A257720","실리콘투","12","0","외감","","","",""
"A258610","케일럼","12","0","KOSDAQ","-3.3","45.47","","47.02"
"A258790","소프트캠프","12","0","KOSDAQ","-0.25","6.4","","6.42"
"A258830","세종메디칼","12","0","외감","","","",""
"A259630","엠플러스","12","0","KOSDAQ","-3.91","106.84","","111.18"
"A259960","크래프톤","12","0","외감","","","",""
"A260660","알리코제약","12","0","외감","","","",""
"A260930","씨티케이","12","0","KOSDAQ","0.24","419.06","","418.04"
"A260970","에스앤디","12","0","KONEX","0","13.62","","13.62"
"A261200","덴티스","12","0","KOSDAQ","-0.25","8.5","","8.52"
"A261520","이지스","12","0","외감","","","",""
"A261780","아리바이오랩","12","0","외감","","","",""
"A262260","에이프로","12","0","외감","","","",""
"A262840","아이퀘스트","12","0","외감","","","",""
"A263020","디케이앤디","12","0","외감","","","",""
"A263050","유틸렉스","12","0","외감","","","",""
"A263600","덕우전자","12","0","KOSDAQ","-4.4","141.12","","147.6"
"A263690","디알젬","12","0","외감","","","",""
"A263700","케어랩스","12","0","외감","","","",""
"A263720","디앤씨미디어","12","0","KOSDAQ","-3.31","30.66","","31.71"
"A263750","펄어비스","12","0","KOSDAQ","0.05","2612.35","","2611.15"
"A263770","유에스티","12","0","KOSDAQ","-1.24","5.2","","5.26"
"A263800","데이타솔루션","12","0","KOSDAQ","-3.1","64.81","","66.89"
"A263810","상신전자","12","0","KOSDAQ","-5.38","86.26","","91.16"
"A263860","지니언스","12","0","KOSDAQ","-3.77","61.9","","64.33"
"A263920","휴엠앤씨","12","0","KOSDAQ","-4.14","54.74","","57.11"
"A264450","유비쿼스","12","0","KOSDAQ","2.96","133.74","","129.89"
"A264660","씨앤지하이테크","12","0","외감","","","",""
"A264850","이랜시스","12","0","KOSDAQ","0.25","8.74","","8.72"
"A264900","크라운제과","12","0","KOSPI","-3.09","176.59","","182.22"
"A265520","AP시스템","12","0","KOSDAQ","-2.18","459.62","","469.87"
"A265560","영화테크","12","0","KOSDAQ","-1.88","97.55","","99.42"
"A265740","엔에프씨","12","0","외감","","","",""
"A267250","HD현대","12","1","KOSPI","-0.13","6237.77","","6245.92"
"A267260","HD현대일렉트릭","12","0","KOSPI","-2.17","1148.15","","1173.67"
"A267270","HD건설기계","12","0","KOSPI","-4.01","1654.28","","1723.41"
"A267290","경동도시가스","12","0","KOSPI","-0.97","167.69","","169.34"
"A267320","나인테크","12","0","KOSDAQ","1.01","8.04","","7.96"
"A267790","배럴","12","0","외감","","","",""
"A267850","아시아나IDT","12","0","외감","","","",""
"A267980","매일유업","12","0","KOSDAQ","-2.23","501.39","","512.81"
"A268280","미원에스씨","12","0","KOSPI","0","306.6","","306.6"
"A269620","시스웍","12","0","외감","","","",""
"A270520","앱튼","12","0","KOSDAQ","1","9.3","","9.2"
"A270660","에브리봇","12","0","KONEX","4.99","22.47","","21.4"
"A270870","뉴트리","12","0","외감","","","",""
"A271560","오리온","12","1","KOSPI","-1.67","4645.19","","4724.25"
"A271830","팸텍","12","0","외감","","","",""
"A271940","일진하이솔루스","12","0","외감","","","",""
"A271980","제일약품","12","0","KOSPI","2.65","609.26","","593.5"
"A272110","케이엔제이","12","0","외감","","","",""
"A272210","한화시스템","12","0","외감","","","",""
"A272290","이녹스첨단소재","12","0","KOSDAQ","-1.62","737.04","","749.16"
"A272450","진에어","12","0","KOSPI","-2.05","789","","805.5"
"A272550","삼양패키징","12","0","KOSPI","-3.82","286.33","","297.7"
"A273060","와이즈버즈","12","0","KOSDAQ","-0.74","15.02","","15.13"
"A273640","와이엠텍","12","0","외감","","","",""
"A274090","켄코아에어로스페이스","12","0","외감","","","",""
"A274400","이노시뮬레이션","12","0","외감","","","",""
"A275630","에스에스알","12","0","외감","","","",""
"A276040","스코넥","12","0","외감","","","",""
"A276730","한울앤제주","12","0","외감","","","",""
"A277070","린드먼아시아","12","0","외감","","","",""
"A277410","인산가","12","0","KOSDAQ","-0.68","4.84","","4.87"
"A277810","레인보우로보틱스","12","0","외감","","","",""
"A277880","티에스아이","12","0","KONEX","-14.51","27.65","","32.34"
"A278280","천보","12","0","외감","","","",""
"A278470","에이피알","12","0","외감","","","",""
"A278650","HLB바이오스텝","12","0","외감","","","",""
"A279570","케이뱅크","12","0","외감","","","",""
"A279600","미디어젠","12","0","KONEX","2.08","28.42","","27.84"
"A280360","롯데웰푸드","12","0","KOSPI","-2.01","614.53","","627.16"
"A281740","레이크머티리얼즈","12","0","KOSDAQ","-0.26","9.44","","9.46"
"A281820","케이씨텍","12","0","KOSPI","1.48","475.15","","468.21"
"A282330","BGF리테일","12","1","KOSPI","-4.62","3923.45","","4113.57"
"A282720","금양그린파워","12","0","외감","","","",""
"A282880","코윈테크","12","0","외감","","","",""
"A284620","카이노스메드","12","0","외감","","","",""
"A284740","쿠쿠홈시스","12","0","외감","","","",""
"A285130","SK케미칼","12","0","외감","","","",""
"A285490","노바텍","12","0","외감","","","",""
"A285800","진영","12","0","외감","","","",""
"A286750","나노실리칸첨단소재","12","0","외감","","","",""
"A286940","롯데이노베이트","12","0","외감","","","",""
"A287840","인투셀","12","0","외감","","","",""
"A288180","케이피항공산업","12","0","외감","","","",""
"A288330","파라택시스코리아","12","0","외감","","","",""
"A288620","에스프리즘","12","0","외감","","","",""
"A288980","모아데이타","12","0","외감","","","",""
"A289010","아이스크림에듀","12","0","외감","","","",""
"A289080","SV인베스트먼트","3","0","외감","","","",""
"A289220","자이언트스텝","12","0","외감","","","",""
"A289930","웨이비스","12","0","외감","","","",""
"A290090","트윔","12","0","외감","","","",""
"A290120","DH오토리드","12","0","외감","","","",""
"A290270","휴네시온","12","0","외감","","","",""
"A290520","신도기연","12","0","외감","","","",""
"A290550","디케이티","12","0","외감","","","",""
"A290560","파라택시스이더리움","12","0","외감","","","",""
"A290650","엘앤씨바이오","12","0","외감","","","",""
"A290660","다이나믹솔루션","12","0","외감","","","",""
"A290670","대보마그네틱","12","0","외감","","","",""
"A290690","아리바이오홀딩스","12","0","외감","","","",""
"A290720","푸드나무","12","0","외감","","","",""
"A290740","액트로","12","0","외감","","","",""
"A291230","엔피","12","0","외감","","","",""
"A291650","압타머사이언스","12","0","외감","","","",""
"A291810","핀텔","12","0","외감","","","",""
"A293480","하나제약","12","0","외감","","","",""
"A293490","카카오게임즈","12","0","외감","","","",""
"A293580","나우IB","12","0","외감","","","",""
"A293780","압타바이오","12","0","외감","","","",""
"A294090","이오플로우","12","0","외감","","","",""
"A294140","레몬","12","0","외감","","","",""
"A294570","쿠콘","12","0","외감","","","",""
"A294630","서남","12","0","외감","","","",""
"A294870","IPARK현대산업개발","12","0","외감","","","",""
"A295310","에이치브이엠","12","0","외감","","","",""
"A296640","이노에이엑스","12","0","외감","","","",""
"A297090","씨에스베어링","12","0","외감","","","",""
"A297570","아틀라스링크","12","0","외감","","","",""
"A297890","HB솔루션","12","0","외감","","","",""
"A298000","효성화학","12","0","외감","","","",""
"A298020","효성티앤씨","12","0","외감","","","",""
"A298040","효성중공업","12","0","외감","","","",""
"A298050","HS효성첨단소재","12","0","외감","","","",""
"A298060","풍전약품","12","0","외감","","","",""
"A298380","에이비엘바이오","12","0","외감","","","",""
"A298540","더네이쳐홀딩스","12","0","외감","","","",""
"A298690","에어부산","12","0","외감","","","",""
"A298830","슈어소프트테크","12","0","외감","","","",""
"A299030","하나기술","12","0","외감","","","",""
"A299170","더블유에스아이","12","0","외감","","","",""
"A299660","셀리드","12","0","외감","","","",""
"A299900","위지윅스튜디오","12","0","외감","","","",""
"A300080","플리토","12","0","외감","","","",""
"A300120","라온피플","12","0","외감","","","",""
"A300720","한일시멘트","12","0","외감","","","",""
"A301300","바이브컴퍼니","12","0","외감","","","",""
"A302430","이노메트리","12","0","외감","","","",""
"A302440","SK바이오사이언스","12","0","외감","","","",""
"A302550","리메드","12","0","외감","","","",""
"A303030","지니틱스","12","0","외감","","","",""
"A303360","프로티아","12","0","외감","","","",""
"A303530","이노뎁","12","0","외감","","","",""
"A303810","동국생명과학","12","0","외감","","","",""
"A304100","솔트룩스","12","0","외감","","","",""
"A304360","에스바이오메딕스","12","0","외감","","","",""
"A304840","피플바이오","12","0","외감","","","",""
"A305090","마이크로디지탈","12","0","외감","","","",""
"A306040","에스제이그룹","12","0","외감","","","",""
"A306200","세아제강","12","0","외감","","","",""
"A306620","지아이에스","12","0","외감","","","",""
"A307180","아이엘","12","0","외감","","","",""
"A307280","원바이오젠","12","0","외감","","","",""
"A307750","국전","12","0","외감","","","",""
"A307870","비투엔","12","0","외감","","","",""
"A307930","컴퍼니케이","12","0","외감","","","",""
"A307950","현대오토에버","12","0","외감","","","",""
"A308080","바이젠셀","12","0","외감","","","",""
"A308100","형지글로벌","12","0","외감","","","",""
"A308170","씨티알모빌리티","12","0","외감","","","",""
"A308430","셀비온","12","0","외감","","","",""
"A309710","아이티켐","12","0","외감","","","",""
"A309930","조이웍스앤코","12","0","외감","","","",""
"A309960","LB인베스트먼트","12","0","외감","","","",""
"A310200","애니플러스","12","0","외감","","","",""
"A310210","보로노이","12","0","외감","","","",""
"A310870","디와이씨","12","0","외감","","","",""
"A311320","지오엘리먼트","12","0","외감","","","",""
"A311390","네오크레마","12","0","외감","","","",""
"A311690","CJ 바이오사이언스","12","0","외감","","","",""
"A312610","에이에프더블류","12","0","외감","","","",""
"A313760","캐리","12","0","외감","","","",""
"A314130","지놈앤컴퍼니","12","0","외감","","","",""
"A314140","알피바이오","12","0","외감","","","",""
"A314930","바이오다인","12","0","외감","","","",""
"A315640","딥노이드","12","0","외감","","","",""
"A316140","우리금융지주","12","0","외감","","","",""
"A317120","라닉스","12","0","외감","","","",""
"A317240","TS트릴리온","12","0","외감","","","",""
"A317330","덕산테코피아","12","0","외감","","","",""
"A317400","자이에스앤디","12","0","외감","","","",""
"A317450","명인제약","12","0","외감","","","",""
"A317530","에피소드컴퍼니","12","0","외감","","","",""
"A317690","퀀타매트릭스","12","0","외감","","","",""
"A317770","엑스페릭스","12","0","외감","","","",""
"A317830","에스피시스템스","12","0","외감","","","",""
"A317850","대모","12","0","외감","","","",""
"A317870","엔바이오니아","12","0","외감","","","",""
"A318000","KBG","12","0","외감","","","",""
"A318010","팜스빌","12","0","외감","","","",""
"A318020","포인트모바일","12","0","외감","","","",""
"A318060","그래피","12","0","외감","","","",""
"A318160","셀바이오휴먼텍","12","0","외감","","","",""
"A318410","비비씨","12","0","외감","","","",""
"A319400","현대무벡스","12","0","외감","","","",""
"A319660","피에스케이","12","0","외감","","","",""
"A320000","한울반도체","12","0","외감","","","",""
"A321260","프로이천","12","0","외감","","","",""
"A321370","센서뷰","12","0","외감","","","",""
"A321550","티움바이오","12","0","외감","","","",""
"A321820","아티스트컴퍼니","12","0","외감","","","",""
"A322000","HD현대에너지솔루션","12","0","외감","","","",""
"A322180","LS티라유텍","12","0","외감","","","",""
"A322310","오로스테크놀로지","12","0","외감","","","",""
"A322510","제이엘케이","12","0","외감","","","",""
"A322780","코퍼스코리아","12","0","외감","","","",""
"A323280","태성","12","0","외감","","","",""
"A323350","다원넥스뷰","12","0","외감","","","",""
"A323410","카카오뱅크","12","0","외감","","","",""
"A323990","박셀바이오","12","0","외감","","","",""
"A326030","SK바이오팜","12","0","외감","","","",""
"A327260","RF머트리얼즈","12","0","외감","","","",""
"A328130","루닛","12","0","외감","","","",""
"A328380","솔트웨어","12","0","외감","","","",""
"A329180","HD현대중공업","12","0","외감","","","",""
"A330350","위더스제약","12","0","외감","","","",""
"A330730","스톤브릿지벤처스","12","0","외감","","","",""
"A330860","네패스아크","12","0","외감","","","",""
"A331380","포커스에이아이","12","0","외감","","","",""
"A331520","밸로프","12","0","외감","","","",""
"A331740","아우토크립트","12","0","외감","","","",""
"A331920","셀레믹스","12","0","외감","","","",""
"A332290","누보","12","0","외감","","","",""
"A332370","아이디피","12","0","외감","","","",""
"A332570","PS일렉트로닉스","12","0","외감","","","",""
"A333050","이노테나","12","0","외감","","","",""
"A333430","일승","12","0","외감","","","",""
"A333620","엔시스","12","0","외감","","","",""
"A334970","프레스티지바이오로직스","6","0","외감","","","",""
"A335810","프리시젼바이오","12","0","외감","","","",""
"A335870","윙스풋","12","0","외감","","","",""
"A336060","웨이버스","12","0","외감","","","",""
"A336260","두산퓨얼셀","12","0","외감","","","",""
"A336370","솔루스첨단소재","12","0","외감","","","",""
"A336570","원텍","12","0","외감","","","",""
"A336680","탑런토탈솔루션","12","0","외감","","","",""
"A337930","젝시믹스","12","0","외감","","","",""
"A338220","뷰노","12","0","외감","","","",""
"A338840","와이바이오로직스","12","0","외감","","","",""
"A339770","교촌에프앤비","12","0","외감","","","",""
"A339950","아이비김영","12","0","외감","","","",""
"A340360","다보링크","12","0","외감","","","",""
"A340440","세림B&G","12","0","외감","","","",""
"A340450","지씨지놈","12","0","외감","","","",""
"A340570","티앤엘","12","0","외감","","","",""
"A340810","시선AI","12","0","외감","","","",""
"A340930","성원에너텍","12","0","외감","","","",""
"A342870","오아","12","0","외감","","","",""
"A344820","KCC글라스","12","0","외감","","","",""
"A344860","이노진","12","0","외감","","","",""
"A347000","센코","12","0","외감","","","",""
"A347700","스피어","12","0","외감","","","",""
"A347740","피엔케이피부임상연구센타","12","0","외감","","","",""
"A347770","핌스","12","0","외감","","","",""
"A347850","디앤디파마텍","12","0","외감","","","",""
"A347860","알체라","12","0","외감","","","",""
"A347890","엠엑스온","12","0","외감","","","",""
"A348030","모비릭스","12","0","외감","","","",""
"A348080","큐라티스","12","0","외감","","","",""
"A348150","고바이오랩","12","0","외감","","","",""
"A348210","넥스틴","12","0","외감","","","",""
"A348340","뉴로메카","12","0","외감","","","",""
"A348350","위드텍","12","0","외감","","","",""
"A348370","엔켐","12","0","외감","","","",""
"A351320","넥사다이내믹스","12","0","외감","","","",""
"A351330","이삭엔지니어링","12","0","외감","","","",""
"A351870","차이커뮤니케이션","12","0","외감","","","",""
"A352090","스톰테크","12","0","외감","","","",""
"A352480","씨앤씨인터내셔널","12","0","외감","","","",""
"A352700","씨앤투스","12","0","외감","","","",""
"A352770","셀레스트라","12","0","외감","","","",""
"A352820","하이브","12","0","외감","","","",""
"A352910","오비고","12","0","외감","","","",""
"A352940","인바이오","12","0","외감","","","",""
"A353190","휴럼","12","0","외감","","","",""
"A353200","대덕전자","12","0","외감","","","",""
"A353590","오토앤","12","0","외감","","","",""
"A353810","이지바이오","12","0","외감","","","",""
"A354200","엔젠바이오","12","0","외감","","","",""
"A354320","알멕","12","0","외감","","","",""
"A355150","코스텍시스","12","0","외감","","","",""
"A355390","크라우드웍스","12","0","외감","","","",""
"A355690","에이텀","12","0","외감","","","",""
"A356680","엑스게이트","12","0","외감","","","",""
"A356860","티엘비","12","0","외감","","","",""
"A356890","싸이버원","12","0","외감","","","",""
"A357230","에이치피오","12","0","외감","","","",""
"A357550","석경에이티","12","0","외감","","","",""
"A357580","아모센스","12","0","외감","","","",""
"A357780","솔브레인","12","0","외감","","","",""
"A357880","SKAI","12","0","외감","","","",""
"A358570","지아이이노베이션","12","0","외감","","","",""
"A359090","씨엔알리서치","12","0","외감","","","",""
"A360070","탑머티리얼","12","0","외감","","","",""
"A360350","코셈","12","0","외감","","","",""
"A361390","제노코","12","0","외감","","","",""
"A361570","알비더블유","12","0","외감","","","",""
"A361610","SK아이이테크놀로지","12","0","외감","","","",""
"A361670","삼영에스앤씨","12","0","외감","","","",""
"A362320","청담글로벌","12","0","외감","","","",""
"A362990","드림인사이트","12","0","외감","","","",""
"A363250","진시스템","12","0","외감","","","",""
"A363260","모비데이즈","12","0","외감","","","",""
"A363280","티와이홀딩스","12","0","외감","","","",""
"A364950","에이아이코리아","12","0","외감","","","",""
"A365270","큐라클","12","0","외감","","","",""
"A365330","에스와이스틸텍","12","0","외감","","","",""
"A365340","성일하이텍","12","0","외감","","","",""
"A365590","하이딥","12","0","외감","","","",""
"A365900","브이씨","12","0","외감","","","",""
"A366030","나인앤컴퍼니","12","0","외감","","","",""
"A367000","플래티어","12","0","외감","","","",""
"A368600","아이씨에이치","12","0","외감","","","",""
"A368770","파이버프로","12","0","외감","","","",""
"A368970","오에스피","12","0","외감","","","",""
"A369370","블리츠웨이엔터테인먼트","12","0","외감","","","",""
"A370090","퓨런티어","12","0","외감","","","",""
"A371950","풍원정밀","12","0","외감","","","",""
"A372170","윤성에프앤씨","12","0","외감","","","",""
"A372320","큐로셀","12","0","외감","","","",""
"A372800","아이티아이즈","12","0","외감","","","",""
"A372910","한컴라이프케어","12","0","외감","","","",""
"A373110","엑셀세라퓨틱스","12","0","외감","","","",""
"A373160","데이원컴퍼니","12","0","외감","","","",""
"A373170","엠아이큐브솔루션","12","0","외감","","","",""
"A373200","엑스플러스","12","0","외감","","","",""
"A373220","LG에너지솔루션","12","0","외감","","","",""
"A375500","DL이앤씨","12","0","외감","","","",""
"A376180","피코그램","12","0","외감","","","",""
"A376270","HEM파마","12","0","외감","","","",""
"A376290","씨유테크","12","0","외감","","","",""
"A376300","디어유","12","0","외감","","","",""
"A376900","로킷헬스케어","12","0","외감","","","",""
"A376930","노을","12","0","외감","","","",""
"A376980","원티드랩","12","0","외감","","","",""
"A377030","비트맥스","12","0","외감","","","",""
"A377220","프롬바이오","12","0","외감","","","",""
"A377300","카카오페이","12","0","외감","","","",""
"A377330","이지트로닉스","12","0","외감","","","",""
"A377450","리파인","12","0","외감","","","",""
"A377460","큐에이드","12","0","외감","","","",""
"A377480","마음AI","12","0","외감","","","",""
"A377740","바이오노트","12","0","외감","","","",""
"A378340","필에너지","12","0","외감","","","",""
"A378800","샤페론","12","0","외감","","","",""
"A378850","화승알앤에이","12","0","외감","","","",""
"A380540","옵티코어","12","0","외감","","","",""
"A380550","뉴로핏","12","0","외감","","","",""
"A381620","제닉스로보틱스","12","0","외감","","","",""
"A381970","케이카","12","0","외감","","","",""
"A382150","온코크로스","12","0","외감","","","",""
"A382480","지아이텍","12","0","외감","","","",""
"A382800","지앤비에스 에코","12","0","외감","","","",""
"A382840","원준","12","0","외감","","","",""
"A382900","범한퓨얼셀","12","0","외감","","","",""
"A383220","F&F","12","0","외감","","","",""
"A383310","에코프로에이치엔","12","0","외감","","","",""
"A383800","LX홀딩스","12","0","외감","","","",""
"A383930","디티앤씨알오","12","0","외감","","","",""
"A384470","코어라인소프트","12","0","외감","","","",""
"A387570","파인메딕스","12","0","외감","","","",""
"A388050","지투파워","12","0","외감","","","",""
"A388210","씨엠티엑스","12","0","외감","","","",""
"A388610","지에프씨생명과학","12","0","외감","","","",""
"A388720","유일로보틱스","12","0","외감","","","",""
"A388790","라이콤","12","0","외감","","","",""
"A388870","파로스아이바이오","12","0","외감","","","",""
"A389020","자람테크놀로지","12","0","외감","","","",""
"A389030","지니너스","12","0","외감","","","",""
"A389140","포바이포","12","0","외감","","","",""
"A389260","대명에너지","12","0","외감","","","",""
"A389470","인벤티지랩","12","0","외감","","","",""
"A389500","에스비비테크","12","0","외감","","","",""
"A389650","넥스트바이오메디컬","12","0","외감","","","",""
"A389680","유디엠텍","12","0","외감","","","",""
"A391710","코닉오토메이션","12","0","외감","","","",""
"A393210","토마토시스템","12","0","외감","","","",""
"A393890","더블유씨피","12","0","외감","","","",""
"A393970","대진첨단소재","12","0","외감","","","",""
"A394280","오픈엣지테크놀로지","12","0","외감","","","",""
"A394420","리센스메디컬","12","0","외감","","","",""
"A394800","쓰리빌리언","12","0","외감","","","",""
"A396270","넥스트칩","12","0","외감","","","",""
"A396300","세아메카닉스","12","0","외감","","","",""
"A396470","워트","12","0","외감","","","",""
"A397030","에이프릴바이오","12","0","외감","","","",""
"A397810","애드포러스","12","0","외감","","","",""
"A398120","에스지헬스케어","12","0","외감","","","",""
"A399720","가온칩스","12","0","외감","","","",""
"A402030","코난테크놀로지","12","0","외감","","","",""
"A402340","SK스퀘어","12","0","외감","","","",""
"A402490","그린리소스","12","0","외감","","","",""
"A403490","우듬지팜","12","0","외감","","","",""
"A403550","쏘카","12","0","외감","","","",""
"A403850","더핑크퐁컴퍼니","12","0","외감","","","",""
"A403870","HPSP","12","0","외감","","","",""
"A405000","플라즈맵","12","0","외감","","","",""
"A405100","큐알티","12","0","외감","","","",""
"A405920","나라셀라","12","0","외감","","","",""
"A406820","뷰티스킨","12","0","외감","","","",""
"A407400","꿈비","12","0","외감","","","",""
"A408470","한패스","12","0","외감","","","",""
"A408900","스튜디오미르","12","0","외감","","","",""
"A408920","메쎄이상","12","0","외감","","","",""
"A411080","샌즈랩","12","0","외감","","","",""
"A412350","레이저쎌","12","0","외감","","","",""
"A412540","제일엠앤에스","12","0","외감","","","",""
"A413390","엠오티","12","0","외감","","","",""
"A413630","씨피시스템","12","0","외감","","","",""
"A413640","비아이매트릭스","12","0","외감","","","",""
"A415380","스튜디오삼익","12","0","외감","","","",""
"A416180","신성에스티","12","0","외감","","","",""
"A417010","나노팀","12","0","외감","","","",""
"A417180","핑거스토리","12","0","외감","","","",""
"A417200","LS머트리얼즈","12","0","외감","","","",""
"A417500","제이아이테크","12","0","외감","","","",""
"A417790","트루엔","12","0","외감","","","",""
"A417840","저스템","12","0","외감","","","",""
"A417860","오브젠","12","0","외감","","","",""
"A417970","모델솔루션","12","0","외감","","","",""
"A418250","시큐레터","12","0","외감","","","",""
"A418420","라온텍","12","0","외감","","","",""
"A418470","KT밀리의서재","12","0","외감","","","",""
"A418550","제이오","12","0","외감","","","",""
"A418620","E8","12","0","외감","","","",""
"A419050","삼기에너지솔루션즈","12","0","외감","","","",""
"A419080","엔젯","12","0","외감","","","",""
"A419120","산돌","12","0","외감","","","",""
"A419530","SAMG엔터","12","0","외감","","","",""
"A419540","비스토스","12","0","외감","","","",""
"A420570","제이투케이바이오","12","0","외감","","","",""
"A420770","기가비스","12","0","외감","","","",""
"A424760","벨로크","12","0","외감","","","",""
"A424870","이뮨온시아","12","0","외감","","","",""
"A424960","스마트레이더시스템","12","0","외감","","","",""
"A424980","마이크로투나노","12","0","외감","","","",""
"A425040","티이엠씨","12","0","외감","","","",""
"A425420","티에프이","12","0","외감","","","",""
"A429270","시지트로닉스","12","0","외감","","","",""
"A430690","한싹","12","0","외감","","","",""
"A431190","케이쓰리아이","12","0","외감","","","",""
"A432430","와이랩","12","0","외감","","","",""
"A432470","케이엔에스","12","0","외감","","","",""
"A432720","퀄리타스반도체","12","0","외감","","","",""
"A432980","엠에프씨","12","0","외감","","","",""
"A434480","모니터랩","12","0","외감","","","",""
"A435570","에르코스","12","0","외감","","","",""
"A437730","삼현","12","0","외감","","","",""
"A438700","버넥트","12","0","외감","","","",""
"A439090","마녀공장","12","0","외감","","","",""
"A439260","대한조선","12","0","외감","","","",""
"A439580","블루엠텍","12","0","외감","","","",""
"A439960","코스모로보틱스","12","0","외감","","","",""
"A440110","파두","12","0","외감","","","",""
"A440290","HB인베스트먼트","12","0","외감","","","",""
"A440320","오픈놀","12","0","외감","","","",""
"A441270","파인엠텍","12","0","외감","","","",""
"A443060","HD현대마린솔루션","12","0","외감","","","",""
"A443250","레뷰코퍼레이션","12","0","외감","","","",""
"A443670","에스피소프트","12","0","외감","","","",""
"A444530","심플랫폼","12","0","외감","","","",""
"A445090","에이직랜드","12","0","외감","","","",""
"A445180","퓨릿","12","0","외감","","","",""
"A445680","큐리옥스바이오시스템즈","12","0","외감","","","",""
"A446070","유니드비티플러스","12","0","외감","","","",""
"A446540","메가터치","12","0","외감","","","",""
"A446840","지슨","12","0","외감","","","",""
"A448280","에코아이","12","0","외감","","","",""
"A448710","코츠테크놀로지","12","0","외감","","","",""
"A448900","한국피아이엠","12","0","외감","","","",""
"A450080","에코프로머티","12","0","외감","","","",""
"A450330","하스","12","0","외감","","","",""
"A450520","인스웨이브","12","0","외감","","","",""
"A450950","아스테라시스","12","0","외감","","","",""
"A451220","아이엠티","12","0","외감","","","",""
"A451250","삐아","12","0","외감","","","",""
"A451760","컨텍","12","0","외감","","","",""
"A452160","제이엔비","12","0","외감","","","",""
"A452190","한빛레이저","12","0","외감","","","",""
"A452200","민테크","12","0","외감","","","",""
"A452260","한화갤러리아","12","0","외감","","","",""
"A452280","한선엔지니어링","12","0","외감","","","",""
"A452300","캡스톤파트너스","12","0","외감","","","",""
"A452400","이닉스","12","0","외감","","","",""
"A452430","사피엔반도체","12","0","외감","","","",""
"A452450","피아이이","12","0","외감","","","",""
"A453340","현대그린푸드","12","0","외감","","","",""
"A453450","그리드위즈","12","0","외감","","","",""
"A453860","에이에스텍","12","0","외감","","","",""
"A454910","두산로보틱스","12","0","외감","","","",""
"A455180","케이지에이","12","0","외감","","","",""
"A455900","엔젤로보틱스","12","0","외감","","","",""
"A456010","아이씨티케이","12","0","외감","","","",""
"A456040","OCI","12","0","외감","","","",""
"A456070","이엔셀","12","0","외감","","","",""
"A456160","지투지바이오","12","0","외감","","","",""
"A457190","이수스페셜티케미컬","12","0","외감","","","",""
"A457370","한켐","12","0","외감","","","",""
"A457550","우진엔텍","12","0","외감","","","",""
"A457600","벡트","12","0","외감","","","",""
"A458350","에스팀","12","0","외감","","","",""
"A458650","성우","12","0","외감","","","",""
"A458870","씨어스","12","0","외감","","","",""
"A459100","위츠","12","0","외감","","","",""
"A459510","나우로보틱스","12","0","외감","","","",""
"A459550","알트","12","0","외감","","","",""
"A460470","아이빔테크놀로지","12","0","외감","","","",""
"A460850","동국씨엠","12","0","외감","","","",""
"A460860","동국제강","12","0","외감","","","",""
"A460870","에스엠씨지","12","0","외감","","","",""
"A460930","현대힘스","12","0","외감","","","",""
"A460940","피앤에스로보틱스","12","0","외감","","","",""
"A461030","아이엠비디엑스","12","0","외감","","","",""
"A461300","아이스크림미디어","12","0","외감","","","",""
"A462310","뉴키즈온","12","0","외감","","","",""
"A462350","이노스페이스","12","0","외감","","","",""
"A462510","라메디텍","12","0","외감","","","",""
"A462520","조선내화","12","0","외감","","","",""
"A462860","더즌","12","0","외감","","","",""
"A462870","시프트업","12","0","외감","","","",""
"A462980","아이지넷","12","0","외감","","","",""
"A463020","뉴엔AI","12","0","외감","","","",""
"A463480","모티브링크","12","0","외감","","","",""
"A464080","에스오에스랩","12","0","외감","","","",""
"A464280","티디에스팜","12","0","외감","","","",""
"A464490","쿼드메디슨","12","0","외감","","","",""
"A464500","아이언디바이스","12","0","외감","","","",""
"A464580","닷밀","12","0","외감","","","",""
"A465480","인스피언","12","0","외감","","","",""
"A465770","STX그린로지스","12","0","외감","","","",""
"A466100","클로봇","12","0","외감","","","",""
"A466410","사이냅소프트","12","0","외감","","","",""
"A468530","프로티나","12","0","외감","","","",""
"A469610","이노테크","12","0","외감","","","",""
"A469750","아이비젼웍스","12","0","외감","","","",""
"A471820","셀로맥스사이언스","12","0","외감","","","",""
"A472850","폰드그룹","12","0","외감","","","",""
"A473980","노머스","12","0","외감","","","",""
"A474170","루미르","12","0","외감","","","",""
"A474610","RF시스템즈","12","0","외감","","","",""
"A474650","링크솔루션","12","0","외감","","","",""
"A475150","SK이터닉스","12","0","외감","","","",""
"A475230","엔알비","12","0","외감","","","",""
"A475400","씨메스로보틱스","12","0","외감","","","",""
"A475430","키스트론","12","0","외감","","","",""
"A475460","미트박스","12","0","외감","","","",""
"A475560","더본코리아","12","0","외감","","","",""
"A475580","에이럭스","12","0","외감","","","",""
"A475660","에스켐","12","0","외감","","","",""
"A475830","오름테라퓨틱","12","0","외감","","","",""
"A475960","토모큐브","12","0","외감","","","",""
"A476040","오가노이드사이언스","12","0","외감","","","",""
"A476060","온코닉테라퓨틱스","12","0","외감","","","",""
"A476080","M83","12","0","외감","","","",""
"A476830","알지노믹스","12","0","외감","","","",""
"A477850","마키나락스","12","0","외감","","","",""
"A478340","나라스페이스테크놀로지","12","0","외감","","","",""
"A478560","블랙야크아이앤씨","12","0","외감","","","",""
"A479960","위너스일렉","12","0","외감","","","",""
"A480370","씨케이솔루션","12","0","외감","","","",""
"A481070","에이유브랜즈","12","0","외감","","","",""
"A482630","삼양엔씨켐","12","0","외감","","","",""
"A483650","달바글로벌","12","0","외감","","","",""
"A484120","도우인시스","12","0","외감","","","",""
"A484590","삼양컴텍","12","0","외감","","","",""
"A484810","티엑스알로보틱스","12","0","외감","","","",""
"A484870","엠앤씨솔루션","12","0","외감","","","",""
"A486990","노타","12","0","외감","","","",""
"A487570","HS효성","12","0","외감","","","",""
"A487580","폴레드","12","0","외감","","","",""
"A488280","에스투더블유","12","0","외감","","","",""
"A488900","비츠로넥스텍","12","0","외감","","","",""
"A489460","바이오비쥬","12","0","외감","","","",""
"A489500","엘케이켐","12","0","외감","","","",""
"A489790","한화비전","12","0","외감","","","",""
"A490470","세미파이브","12","0","외감","","","",""
"A491000","리브스메드","12","0","외감","","","",""
"A493280","아이엠바이오로직스","12","0","외감","","","",""
"A493330","지에프아이","12","0","외감","","","",""
"A494120","큐리오시스","12","0","외감","","","",""
"A499790","GS피앤엘","12","0","외감","","","",""
"A900070","글로벌에스엠","12","0","KOSDAQ","-0.41","64.76","","65.03"
"A900100","파이온엑스","12","0","KOSDAQ","-7.29","441.52","","476.24"
"A900110","딥커머스","12","0","KOSDAQ","-3.55","52.76","","54.71"
"A900120","씨엑스아이","6","0","KOSDAQ","-2.13","106.76","","109.08"
"A900140","엘브이엠씨홀딩스","12","0","KOSPI","-1.43","231.21","","234.56"
"A900250","크리스탈신소재","12","0","KOSDAQ","-1.73","154.21","","156.92"
"A900260","로스웰","12","0","KOSDAQ","-4.52","172.48","","180.65"
"A900270","헝셩그룹","12","0","KOSDAQ","-3.23","180","","186"
"A900290","GRT","6","0","KOSDAQ","-1.17","227.05","","229.75"
"A900300","오가닉티코스메틱","12","0","KOSDAQ","-1.2","187.57","","189.84"
"A900310","컬러레이","12","0","KOSDAQ","-0.59","181.17","","182.25"
"A900340","윙입푸드","12","0","외감","","","",""
"A950130","엑세스바이오","12","0","KOSDAQ","-3.28","123.55","","127.75"
"A950140","잉글우드랩","12","0","KOSDAQ","-0.96","122.39","","123.58"
"A950160","코오롱티슈진","12","0","KOSDAQ","-1.18","3043.12","","3079.35"
"A950170","JTC","2","0","외감","","","",""
"A950190","고스트스튜디오","12","0","외감","","","",""
"A950200","소마젠","12","0","외감","","","",""
"A950210","프레스티지바이오파마","6","0","외감","","","",""
"A950220","네오이뮨텍","12","0","외감","","","",""
"A950250","테라뷰","4","0","외감","","","",""
