"Code","Name","결산월","코스피200 구성종목여부(1:해당, 0:미해당)","상장된 시장","수정주가수익률","시가총액","","이전 시가총액"
"A000020","동화약품","12","0","KOSPI","-2.8","271.21","","279.04"
"A000040","KR모터스","12","0","KOSPI","-1.43","64.95","","65.89"
"A000050","경방","12","1","KOSPI","2.19","383.81","","375.59"
"A000070","삼양홀딩스","12","1","KOSPI","0.91","950.63","","942.07"
"A000080","하이트진로","12","1","KOSPI","0.63","1693.73","","1683.21"
"A000100","유한양행","12","1","KOSPI","1.35","2636.49","","2601.49"
"A000120","CJ대한통운","12","1","KOSPI","0","3467.48","","3467.48"
"A000140","하이트진로홀딩스","12","0","KOSPI","-0.3","229.75","","230.44"
"A000150","두산","12","1","KOSPI","-1.63","2313.28","","2351.67"
"A000180","성창기업지주","12","0","KOSPI","0.19","183.1","","182.75"
"A0001A0","덕양에너젠","12","0","외감","","","",""
"A000210","DL","12","1","KOSPI","-0.6","2884.92","","2902.32"
"A000220","유유제약","12","0","KOSPI","-0.86","73.24","","73.88"
"A000230","일동홀딩스","12","0","KOSPI","-1.27","162.6","","164.7"
"A000240","한국앤컴퍼니","12","1","KOSPI","0.83","1697.62","","1683.67"
"A000250","삼천당제약","12","0","KOSDAQ","-2.27","332.69","","340.43"
"A000270","기아","12","1","KOSPI","0.15","13498.6","","13478.33"
"A000300","DH오토넥스","12","0","KOSPI","-1.3","66.97","","67.85"
"A000320","노루홀딩스","12","0","KOSPI","-1.47","221.96","","225.29"
"A000370","한화손해보험","12","0","KOSPI","-2.15","954.92","","975.94"
"A000390","SP삼화","12","0","KOSPI","-0.92","198.31","","200.14"
"A000400","롯데손해보험","12","0","KOSPI","-1.33","398.14","","403.51"
"A000430","대원강업","12","0","KOSPI","-1.79","238.7","","243.04"
"A000440","중앙에너비스","12","0","KOSDAQ","-0.5","37.43","","37.61"
"A000480","CR홀딩스","12","0","KOSPI","0.23","348.8","","348"
"A000490","대동","12","0","KOSPI","7.41","240.84","","224.23"
"A0004V0","엔비알모션","12","0","외감","","","",""
"A000500","가온전선","12","0","KOSPI","-1.59","90.07","","91.53"
"A000520","삼일제약","12","0","KOSPI","-1.16","46.92","","47.47"
"A000540","흥국화재","12","0","KOSPI","-1.81","349.48","","355.9"
"A000590","CS홀딩스","12","0","KOSPI","-0.12","93.17","","93.28"
"A000640","동아쏘시오홀딩스","12","1","KOSPI","-1.58","764.21","","776.49"
"A000650","천일고속","12","0","KOSPI","1.43","141.78","","139.78"
"A000660","SK하이닉스","12","1","KOSPI","1.98","56201.78","","55109.78"
"A000670","영풍","12","1","KOSPI","1.73","1947.04","","1913.88"
"A000680","LS네트웍스","12","0","KOSPI","0.17","234.44","","234.04"
"A000700","유수홀딩스","12","0","KOSPI","0.32","161.2","","160.68"
"A000720","현대건설","12","1","KOSPI","0.83","4042.21","","4008.81"
"A000760","이화산업","12","0","KOSPI","0","48.58","","48.58"
"A0007C0","아크릴","12","0","외감","","","",""
"A0007J0","인벤테라","12","0","외감","","","",""
"A000810","삼성화재","12","1","KOSPI","-0.37","12649.08","","12696.46"
"A000850","화천기공","12","0","KOSPI","-2.8","122.32","","125.84"
"A000860","강남제비스코","12","0","KOSPI","-0.41","236.28","","237.25"
"A000880","한화","12","1","KOSPI","1.08","3148.27","","3114.54"
"A000890","보해양조","12","0","KOSPI","-0.96","99.47","","100.43"
"A0008Z0","에스엔시스","12","0","외감","","","",""
"A000910","유니온","12","0","KOSPI","0.9","61.59","","61.04"
"A000950","전방","12","0","KOSPI","-0.25","33.85","","33.94"
"A000970","한국주철관","12","0","KOSPI","-0.32","212.27","","212.96"
"A000990","DB하이텍","12","1","KOSPI","-0.81","543.51","","547.94"
"A0009K0","에임드바이오","12","0","외감","","","",""
"A001000","신라섬유","12","0","KOSDAQ","0.97","75.5","","74.77"
"A001020","페이퍼코리아","12","0","KOSPI","-4.45","44.94","","47.04"
"A001040","CJ","12","1","KOSPI","-0.79","5470.69","","5514.45"
"A001060","JW중외제약","12","1","KOSPI","-2.03","831.16","","848.4"
"A001070","대한방직","12","0","KOSPI","0.4","79.71","","79.39"
"A001080","만호제강","6","0","KOSPI","-0.27","76.36","","76.57"
"A0010F0","보원케미칼","12","0","외감","","","",""
"A0010V0","제이피아이헬스케어","12","0","외감","","","",""
"A001120","LX인터내셔널","12","1","KOSPI","-1.26","1063.96","","1077.53"
"A001130","대한제분","12","0","KOSPI","0","283.92","","283.92"
"A0011A0","액스비스","12","0","외감","","","",""
"A0011T0","채비","12","0","외감","","","",""
"A001200","유진투자증권","12","0","KOSPI","-3.15","327.41","","338.06"
"A001210","금호전기","12","0","KOSPI","0","51.32","","51.32"
"A001230","동국홀딩스","12","1","KOSPI","-8.94","1021.13","","1121.33"
"A001250","GS글로벌","12","0","KOSPI","-1.19","238.94","","241.82"
"A001260","남광토건","12","0","KOSPI","-1.75","60.58","","61.66"
"A001270","부국증권","12","0","KOSPI","2.82","283.1","","275.32"
"A001290","상상인증권","12","0","KOSPI","0","87.96","","87.96"
"A001340","PKC","12","0","KOSPI","-1.87","117.69","","119.93"
"A001360","삼성제약","12","0","KOSPI","1.59","172.01","","169.32"
"A001380","SG글로벌","12","0","KOSPI","-4.18","185.48","","193.57"
"A001390","KG케미칼","12","0","KOSPI","-4.33","250.84","","262.18"
"A0013V0","삼진식품","12","0","외감","","","",""
"A001420","태원물산","12","0","KOSPI","0.71","27.13","","26.94"
"A001430","세아베스틸지주","12","1","KOSPI","-1.04","1027.45","","1038.21"
"A001440","대한전선","12","0","KOSPI","0.92","937.84","","929.27"
"A001450","현대해상","12","1","KOSPI","0","4170.51","","4170.51"
"A001460","BYC","12","0","KOSPI","0.32","198.32","","197.69"
"A001470","삼부토건","12","0","KOSPI","-2.97","147.32","","151.82"
"A001500","현대차증권","12","0","KOSPI","-1.29","335.91","","340.31"
"A001510","SK증권","12","0","KOSPI","-2.48","377.74","","387.34"
"A001520","동양","12","1","KOSPI","-2.19","479.75","","490.5"
"A001530","DI동일","12","0","KOSPI","0.37","125.9","","125.43"
"A001540","안국약품","12","0","KOSDAQ","-1.61","159.12","","161.73"
"A001550","조비","12","0","KOSPI","1.71","54.86","","53.93"
"A001560","제일연마","12","0","KOSPI","-1.01","59.1","","59.7"
"A001570","금양","12","0","KOSPI","-0.6","105.49","","106.13"
"A0015G0","그린광학","12","0","외감","","","",""
"A0015N0","아로마티카","12","0","외감","","","",""
"A0015S0","페스카로","12","0","외감","","","",""
"A001620","케이비아이동국실업","12","0","KOSPI","-4.38","35.29","","36.91"
"A001630","종근당홀딩스","12","0","KOSPI","0","358.21","","358.21"
"A001680","대상","12","1","KOSPI","0.71","989.2","","982.27"
"A001720","신영증권","3","0","KOSPI","0","535.95","","535.95"
"A001740","SK네트웍스","12","1","KOSPI","-0.89","1655.41","","1670.3"
"A001750","한양증권","12","0","KOSPI","-0.51","98.52","","99.03"
"A001770","SHD","12","0","KOSPI","0","21.69","","21.69"
"A001780","알루코","12","0","KOSPI","-0.3","251.15","","251.89"
"A001790","대한제당","12","0","KOSPI","-0.97","224.98","","227.19"
"A0017J0","세미티에스","12","0","외감","","","",""
"A001800","오리온홀딩스","12","1","KOSPI","-1.67","1656.94","","1685.13"
"A001810","무림SP","12","0","KOSDAQ","0.88","63.76","","63.2"
"A001820","삼화콘덴서","12","0","KOSPI","-0.65","398.13","","400.73"
"A001840","이화공영","12","0","KOSDAQ","-3.26","99.82","","103.19"
"A001940","KISCO홀딩스","12","0","KOSPI","-2.26","271.6","","277.88"
"A002020","코오롱","12","0","KOSPI","-1.51","786.39","","798.45"
"A002030","아세아","12","0","KOSPI","-1.63","265.11","","269.5"
"A002070","비비안","12","0","KOSPI","0","51.85","","51.85"
"A002100","경농","12","0","KOSPI","0.33","132.32","","131.89"
"A002140","고려산업","12","0","KOSPI","-2.85","72.32","","74.44"
"A002150","도화엔지니어링","12","0","KOSPI","0.81","168.43","","167.08"
"A002170","SYTS","12","0","KOSPI","-0.35","127.05","","127.5"
"A002200","한국수출포장","12","0","KOSPI","0","64","","64"
"A002210","동성제약","12","0","KOSPI","-1.51","121.43","","123.29"
"A002220","한일철강","12","0","KOSPI","-0.18","55.08","","55.18"
"A002230","피에스텍","12","0","KOSDAQ","0.56","105.03","","104.44"
"A002240","고려제강","12","1","KOSPI","0","619.2","","619.2"
"A002290","삼일기업공사","12","0","KOSDAQ","-1.34","36.52","","37.01"
"A002310","아세아제지","12","0","KOSPI","-0.27","165.7","","166.14"
"A002320","한진","12","0","KOSPI","-1.5","314.93","","319.72"
"A002350","넥센타이어","12","1","KOSPI","-1.67","1147.6","","1167.13"
"A002360","SH에너지화학","12","0","KOSPI","-2.05","158.92","","162.26"
"A002380","KCC","12","1","KOSPI","0.92","4069.54","","4032.59"
"A002390","한독","12","0","KOSPI","0","316.11","","316.11"
"A002410","범양건영","12","0","KOSPI","-4.23","45.76","","47.78"
"A002420","세기상사","12","0","KOSPI","1.34","30.73","","30.32"
"A002450","삼익악기","12","0","KOSPI","-1.93","229.5","","234.02"
"A002460","HS화성","12","0","KOSPI","0","192.99","","192.99"
"A002600","조흥","12","0","KOSPI","1.57","174.9","","172.2"
"A002620","제일파마홀딩스","12","0","KOSPI","-2.68","149.92","","154.05"
"A002630","오리엔트바이오","3","0","KOSPI","-0.86","188.33","","189.96"
"A002680","한탑","12","0","KOSDAQ","-0.26","40.56","","40.66"
"A002690","동일제강","12","0","KOSPI","-0.3","49.5","","49.65"
"A002700","신일전자","12","0","KOSPI","0.37","95.2","","94.85"
"A002710","TCC스틸","12","0","KOSPI","-1.03","43.01","","43.46"
"A002720","국제약품","12","0","KOSPI","-0.82","83.76","","84.46"
"A002760","보락","12","0","KOSPI","0.86","70.08","","69.48"
"A002780","진흥기업","12","0","KOSPI","-1.24","289.98","","293.61"
"A002790","아모레퍼시픽홀딩스","12","1","KOSPI","0.34","12080.12","","12038.89"
"A002800","신신제약","12","0","KOSDAQ","-3.08","109.83","","113.32"
"A002810","삼영무역","12","0","KOSPI","-0.86","285.7","","288.17"
"A002820","SUN&L","12","0","KOSPI","1.4","100.49","","99.1"
"A002840","미원상사","12","0","KOSPI","-0.22","180.68","","187.96"
"A002870","신풍","12","0","KOSPI","-1.62","29.78","","30.27"
"A002880","디와이에이","12","0","KOSPI","-1.78","101.52","","103.36"
"A002900","TYM","12","0","KOSPI","-3.57","114.76","","119.01"
"A002920","유성기업","12","0","KOSPI","-1.22","94.84","","96.01"
"A002960","한국쉘석유","12","1","KOSPI","0.25","521.3","","520"
"A002990","금호건설","12","0","KOSPI","-0.49","363.87","","365.67"
"A003000","부광약품","12","1","KOSPI","-0.8","1107.43","","1116.34"
"A003010","혜인","12","0","KOSPI","-2.03","42.97","","43.86"
"A003030","세아제강지주","12","1","KOSPI","-2","588","","600"
"A003060","에이프로젠바이오로직스","12","0","KOSPI","-1.74","334.24","","340.17"
"A003070","코오롱글로벌","12","0","KOSPI","-1.92","257.15","","262.19"
"A003080","SB성보","12","0","KOSPI","2.03","130.93","","128.33"
"A003090","대웅","12","0","KOSPI","-1.95","1023.3","","1043.65"
"A003100","선광","12","0","KOSDAQ","-0.52","125.4","","126.06"
"A003120","일성아이에스","12","0","KOSPI","0.37","361.76","","360.43"
"A003160","디아이","12","0","KOSPI","-2.31","159.69","","163.47"
"A003200","일신방직","12","0","KOSPI","-0.47","256.8","","258"
"A003220","대원제약","12","0","KOSPI","0","380.45","","380.45"
"A003230","삼양식품","12","0","KOSPI","3.67","701.32","","676.46"
"A003240","태광산업","12","1","KOSPI","1.97","1383.96","","1357.23"
"A003280","흥아해운","12","0","KOSPI","-4.44","98.85","","103.45"
"A003300","한일홀딩스","12","1","KOSPI","-3.21","1139.34","","1177.07"
"A003310","대주산업","12","0","KOSDAQ","-8.27","82.46","","89.9"
"A003350","한국화장품제조","12","0","KOSPI","1.39","231.59","","228.41"
"A003380","하림지주","12","0","KOSDAQ","-5.63","1184.53","","1255.24"
"A003460","유화증권","12","0","KOSPI","-0.6","187.12","","188.25"
"A003470","유안타증권","12","0","KOSPI","-2.11","740.43","","756.4"
"A003480","한진중공업홀딩스","12","0","KOSPI","-1.69","120.19","","122.25"
"A003490","대한항공","12","1","KOSPI","-0.59","3196.26","","3215.23"
"A003520","영진약품","12","1","KOSPI","-1.1","1646.03","","1664.32"
"A003530","한화투자증권","12","0","KOSPI","-2.97","478.53","","493.19"
"A003540","대신증권","12","0","KOSPI","-2.26","769.22","","786.99"
"A003550","LG","12","1","KOSPI","0.45","15530.14","","15461.12"
"A003570","SNT다이내믹스","12","0","KOSPI","-4.69","251.02","","263.36"
"A003580","HLB글로벌","12","0","KOSPI","-0.35","82.38","","82.67"
"A003610","방림","9","0","KOSPI","-0.97","86.32","","87.17"
"A003620","KG모빌리티","12","1","KOSPI","-1.16","703.54","","711.82"
"A003650","미창석유","12","0","KOSPI","0","152.22","","152.22"
"A003670","포스코퓨처엠","12","0","KOSDAQ","2.4","2144.24","","2094.03"
"A003680","한성기업","12","0","KOSPI","-1.44","37.41","","37.96"
"A003690","코리안리","12","0","KOSPI","0.93","1299.99","","1287.95"
"A003720","삼영","12","0","KOSPI","-2.11","39.44","","40.29"
"A003780","진양산업","12","0","KOSPI","0.33","39.59","","39.46"
"A003800","에이스침대","12","0","KOSDAQ","0.2","434.73","","433.84"
"A003830","대한화섬","12","0","KOSPI","-0.86","153.38","","154.71"
"A003850","보령","12","1","KOSPI","-0.7","377.47","","380.12"
"A003920","남양유업","12","1","KOSPI","0.72","504.72","","501.12"
"A003960","사조대림","12","0","KOSPI","0.96","156.47","","154.97"
"A004000","롯데정밀화학","12","1","KOSPI","-0.94","1625.4","","1640.88"
"A004020","현대제철","12","1","KOSPI","-4.68","7606.41","","7980.06"
"A004060","SG세계물산","12","0","KOSPI","-1.84","194.13","","197.77"
"A004080","신흥","12","0","KOSPI","0.47","103.2","","102.72"
"A004090","한국석유","12","0","KOSPI","-0.2","65.13","","65.26"
"A004100","태양금속","12","0","KOSPI","0.28","65.14","","64.96"
"A004140","동방","12","0","KOSPI","-1.9","50.41","","51.39"
"A004150","한솔홀딩스","12","0","KOSPI","0.44","212.56","","211.63"
"A004170","신세계","12","1","KOSPI","0.5","2958.48","","2943.71"
"A004250","NPC","12","0","KOSPI","1.08","205.63","","203.43"
"A004270","남성","12","0","KOSPI","-1.79","79.49","","80.93"
"A004310","현대약품","11","0","KOSPI","-0.82","101.36","","102.2"
"A004360","세방","12","0","KOSPI","-0.79","241.36","","243.29"
"A004370","농심","12","1","KOSPI","0.69","2229.29","","2214.08"
"A004380","삼익THK","12","0","KOSPI","-2.78","441","","453.6"
"A004410","서울식품","12","0","KOSPI","0.36","93.13","","92.79"
"A004430","송원산업","12","0","KOSPI","3.95","631.2","","607.2"
"A004440","삼일씨엔에스","12","0","KOSPI","-2.59","167.43","","171.88"
"A004450","삼화왕관","12","0","KOSPI","0.19","114.4","","114.18"
"A004490","세방전지","12","1","KOSPI","0.55","514.5","","511.7"
"A004540","깨끗한나라","12","0","KOSPI","0.48","156.6","","155.85"
"A004560","현대비앤지스틸","12","0","KOSPI","0.88","172.65","","171.14"
"A004590","한국가구","12","0","KOSDAQ","-0.95","54.45","","54.98"
"A004650","창해에탄올","12","0","KOSDAQ","0.85","164.06","","162.68"
"A004690","삼천리","12","0","KOSPI","-0.42","476.47","","478.49"
"A004700","조광피혁","12","0","KOSPI","1.67","263.31","","258.98"
"A004710","한솔테크닉스","12","1","KOSPI","-1.17","372.55","","376.97"
"A004720","팜젠사이언스","12","0","KOSPI","0.84","136.02","","134.9"
"A004770","써니전자","12","0","KOSPI","4.7","93.53","","89.33"
"A004780","대륙제관","12","0","KOSDAQ","0.92","104.17","","103.21"
"A004800","효성","12","1","KOSPI","-1.81","4758.42","","4846.21"
"A004830","덕성","12","0","KOSPI","-1.15","60.45","","61.15"
"A004840","DRB동일","12","0","KOSPI","0.38","150.86","","150.29"
"A004870","티웨이홀딩스","12","0","KOSPI","-1.72","243.39","","247.65"
"A004890","동일산업","12","0","KOSPI","-0.45","162.25","","162.97"
"A004910","조광페인트","12","0","KOSPI","0.49","130.56","","129.92"
"A004920","씨아이테크","12","0","KOSPI","1.65","30.37","","29.87"
"A004960","한신공영","12","0","KOSPI","-1.79","206.81","","210.58"
"A004970","신라교역","12","0","KOSPI","1.28","253.6","","250.4"
"A004980","성신양회","12","0","KOSPI","-0.86","138.05","","139.25"
"A004990","롯데지주","12","1","KOSPI","-0.32","4568.35","","4583.08"
"A005010","휴스틸","12","0","KOSPI","-1.24","110.35","","111.74"
"A005030","부산주공","12","0","KOSPI","-0.38","34.64","","34.77"
"A005070","코스모신소재","12","0","KOSPI","-1.77","225.45","","229.52"
"A005090","SGC에너지","12","0","KOSPI","-1.12","213.59","","216.02"
"A005110","한창","12","0","KOSPI","-0.82","62.89","","63.4"
"A005160","동국산업","12","0","KOSDAQ","-0.73","220.23","","221.86"
"A005180","빙그레","12","1","KOSPI","0.95","630.48","","624.57"
"A005250","녹십자홀딩스","12","1","KOSPI","-0.13","1805.88","","1808.23"
"A005290","동진쎄미켐","12","0","KOSDAQ","-1.9","1064.28","","1084.85"
"A005300","롯데칠성","12","1","KOSPI","-0.23","1051.94","","1054.34"
"A005320","온타이드","12","0","KOSPI","-1.09","41.44","","41.9"
"A005360","모나미","12","0","KOSPI","-0.17","55.75","","55.84"
"A005380","현대차","12","1","KOSPI","0","33922.58","","33922.58"
"A005420","코스모화학","12","0","KOSPI","-1.03","287.2","","290.19"
"A005430","한국공항","12","0","KOSPI","-1.94","176.37","","179.85"
"A005440","현대지에프홀딩스","12","1","KOSPI","0.33","1465.57","","1460.68"
"A005490","POSCO홀딩스","12","1","KOSPI","-2.25","28422.91","","29076.81"
"A005500","삼진제약","12","0","KOSPI","-0.81","512.22","","516.38"
"A005610","삼립","12","1","KOSPI","4.19","1393.58","","1337.5"
"A005670","푸드웰","12","0","KOSDAQ","1.9","40.72","","39.96"
"A005680","삼영전자","12","0","KOSPI","-0.38","259","","260"
"A005690","파미셀","12","0","KOSPI","-5.33","331.76","","350.45"
"A005710","대원산업","12","0","KOSDAQ","-0.36","164.71","","165.31"
"A005720","넥센","12","0","KOSPI","-0.79","405.86","","409.08"
"A005740","크라운해태홀딩스","12","0","KOSPI","-0.31","235.33","","236.07"
"A005750","대림바스","12","0","KOSPI","-4.3","111.37","","116.37"
"A005800","신영와코루","12","0","KOSPI","0.97","140.4","","139.05"
"A005810","풍산홀딩스","12","0","KOSPI","0.19","407.43","","406.65"
"A005820","원림","12","0","KOSPI","1.68","53.35","","52.47"
"A005830","DB손해보험","12","1","KOSPI","-1.69","4948.92","","5033.88"
"A005850","에스엘","12","1","KOSPI","2.67","780.59","","760.27"
"A005860","한일사료","12","0","KOSDAQ","0.74","80.58","","79.99"
"A005870","휴니드","12","0","KOSPI","-0.77","182.8","","184.21"
"A005880","대한해운","12","0","KOSPI","-2.38","550.82","","564.25"
"A005930","삼성전자","12","1","KOSPI","1.15","330492.14","","326748.29"
"A005940","NH투자증권","12","1","KOSPI","-2.46","3911.58","","4010.08"
"A005950","이수화학","12","0","KOSPI","-0.32","239.86","","240.63"
"A005960","동부건설","12","0","KOSPI","-0.47","221.05","","222.09"
"A005990","매일홀딩스","12","0","KOSDAQ","3.34","211.95","","205.09"
"A006040","동원산업","12","0","KOSPI","-1.76","1124.99","","1145.17"
"A006050","국영지앤엠","12","0","KOSDAQ","0.42","41.87","","41.7"
"A006060","화승인더","12","0","KOSPI","-1.9","569.8","","580.86"
"A006090","사조오양","12","0","KOSPI","0","124.38","","124.38"
"A006110","삼아알미늄","12","0","KOSPI","0","36.85","","36.85"
"A006120","SK디스커버리","12","1","KOSPI","0","1883.06","","1883.06"
"A006140","피제이전자","12","0","KOSDAQ","-0.13","77.9","","78"
"A006200","한국전자홀딩스","12","0","KOSPI","0.46","40.48","","40.3"
"A006220","제주은행","12","0","KOSPI","-1.25","157.11","","159.11"
"A006260","LS","12","1","KOSPI","-1.61","2160.62","","2196.04"
"A006280","녹십자","12","1","KOSPI","-1.12","2582.72","","2611.94"
"A006340","대원전선","12","0","KOSPI","-2.65","74.92","","76.96"
"A006360","GS건설","12","1","KOSPI","0","2014.07","","2014.07"
"A006370","대구백화점","12","0","KOSPI","0.41","131.48","","130.94"
"A006380","카프로","12","0","KOSPI","-1.25","316","","320"
"A006400","삼성SDI","12","1","KOSPI","-0.48","14303.02","","14371.79"
"A006490","프리티","12","0","KOSPI","-6.81","173.23","","185.89"
"A006570","대림통상","12","0","KOSPI","-1.3","81.15","","82.22"
"A006620","동구바이오제약","12","0","외감","","","",""
"A006650","대한유화","12","1","KOSPI","0.77","1709.5","","1696.5"
"A006660","삼성공조","12","0","KOSPI","1.82","91.01","","89.39"
"A006730","서부T&D","12","0","KOSDAQ","2.1","551.38","","540.05"
"A006740","블루산업개발","12","0","KOSPI","3.81","72.59","","69.93"
"A006800","미래에셋증권","12","1","KOSPI","-13.46","5996.85","","6929.69"
"A006840","AK홀딩스","12","1","KOSPI","-1.89","895.54","","912.76"
"A006880","신송홀딩스","12","0","KOSPI","-0.69","68.13","","68.61"
"A006890","태경케미컬","12","0","KOSPI","0","55.27","","55.27"
"A006910","보성파워텍","12","0","KOSDAQ","-0.56","121.74","","122.43"
"A006920","모헨즈","12","0","KOSDAQ","-1.43","67.92","","68.91"
"A006980","우성","12","0","KOSPI","2.28","97.03","","94.86"
"A007070","GS리테일","12","1","KOSPI","-0.37","3122.35","","3133.9"
"A007110","일신석재","12","0","KOSPI","-0.8","96.43","","97.21"
"A007120","미래아이앤지","12","0","KOSPI","3.45","62.15","","60.08"
"A007160","사조산업","12","0","KOSPI","-1.01","341.5","","345"
"A007210","벽산","12","0","KOSPI","-1.6","253.67","","257.79"
"A007280","한국특강","12","0","KOSPI","-1.44","37.12","","37.66"
"A007310","오뚜기","12","1","KOSPI","0","2824.24","","2824.24"
"A007330","푸른저축은행","12","0","KOSDAQ","0.26","117.04","","116.74"
"A007340","DN오토모티브","12","0","KOSPI","0.15","329.8","","329.3"
"A007370","진양제약","12","0","KOSDAQ","0","52.32","","52.32"
"A007390","네이처셀","12","0","KOSDAQ","-6.37","1179.92","","1260.13"
"A007460","에이프로젠","12","0","KOSPI","0.42","594.81","","592.32"
"A007530","와이엠","12","0","KOSDAQ","-3.35","22.72","","23.5"
"A007540","샘표","12","0","KOSPI","-0.16","89.01","","89.15"
"A007570","일양약품","12","1","KOSPI","1.62","718.03","","706.61"
"A007590","동방아그로","12","0","KOSPI","0.28","96.14","","95.87"
"A007610","선도전기","12","0","KOSPI","-0.47","57.15","","57.42"
"A007660","이수페타시스","12","0","KOSPI","-0.12","177.04","","177.25"
"A007680","대원","12","0","KOSDAQ","-2.31","116.58","","119.34"
"A007690","국도화학","12","0","KOSPI","2.41","395.7","","386.41"
"A007700","F&F홀딩스","12","0","KOSPI","-0.54","703.01","","706.86"
"A007720","소노스퀘어","12","0","KOSDAQ","-2.95","315.51","","325.08"
"A007770","한일화학","12","0","KOSDAQ","0","42.47","","42.47"
"A007810","코리아써키트","12","0","KOSPI","-3.28","312.97","","323.6"
"A007820","엠엑스로보틱스","12","0","KOSDAQ","-1.23","322","","326"
"A007860","서연","12","0","KOSPI","1.88","178.45","","175.16"
"A007980","TP","12","0","KOSPI","2.32","184.81","","180.62"
"A008040","사조동아원","12","0","KOSPI","-0.34","206.78","","207.48"
"A008060","대덕","12","1","KOSPI","2.04","487.96","","478.2"
"A008250","이건산업","12","0","KOSPI","0.89","85.3","","84.55"
"A008260","NI스틸","12","0","KOSPI","-1.64","85","","86.42"
"A008290","원풍물산","12","0","KOSDAQ","-4.38","134.18","","140.32"
"A0082N0","카나프테라퓨틱스","12","0","외감","","","",""
"A008350","남선알미늄","12","0","KOSPI","-1.44","113.48","","115.14"
"A008370","원풍","12","0","KOSDAQ","-0.25","48.54","","48.66"
"A008420","문배철강","12","0","KOSPI","-0.52","59.05","","59.36"
"A008470","부스타","12","0","KOSDAQ","-7.75","42.02","","45.55"
"A008490","서흥","12","0","KOSPI","1.24","377.15","","372.53"
"A008500","일정실업","12","0","KOSPI","0.97","31.26","","30.96"
"A008600","윌비스","12","0","KOSPI","-0.86","98.9","","99.75"
"A008700","아남전자","12","0","KOSPI","-0.22","177","","177.39"
"A008730","율촌화학","12","0","KOSPI","-2.59","512.12","","525.76"
"A008770","호텔신라","12","1","KOSPI","-0.47","3332.17","","3347.86"
"A008830","대동기어","12","0","KOSDAQ","-0.23","19.68","","19.73"
"A008870","금비","9","0","KOSPI","-0.14","72.3","","72.4"
"A0088M0","메쥬","12","0","외감","","","",""
"A008930","한미사이언스","12","1","KOSPI","-1.8","6788.51","","6913.07"
"A008970","KBI동양철관","12","0","KOSPI","-1.3","99.01","","100.32"
"A009070","KCTC","12","0","KOSPI","0.98","77.1","","76.35"
"A009140","경인전자","12","0","KOSPI","0.24","32.67","","32.59"
"A009150","삼성전기","12","1","KOSPI","-1","7432.02","","7506.72"
"A009160","SIMPAC","12","0","KOSPI","-0.84","119.54","","120.56"
"A009180","한솔로지스틱스","12","0","KOSPI","-1.44","33.94","","34.44"
"A009190","대양금속","12","0","KOSPI","1.03","42.25","","41.82"
"A009200","무림페이퍼","12","0","KOSPI","-3.16","101.94","","105.27"
"A009240","한샘","12","1","KOSPI","0.82","4318.48","","4283.17"
"A009270","신원","12","0","KOSPI","-1.94","128.19","","130.72"
"A009290","광동제약","12","1","KOSPI","1.52","455.01","","448.2"
"A009300","삼아제약","12","0","KOSDAQ","-0.62","102.56","","103.19"
"A009310","참엔지니어링","12","0","KOSPI","0.36","137.73","","137.24"
"A009320","아진전자부품","12","0","KOSPI","-2.88","120.55","","124.12"
"A009410","태영건설","12","0","KOSPI","0.5","616.55","","613.49"
"A009420","한올바이오파마","12","1","KOSPI","-0.7","741.82","","747.04"
"A009440","KC그린홀딩스","12","0","KOSPI","0.97","116.66","","115.54"
"A009450","경동나비엔","12","0","KOSPI","6.48","670.1","","629.33"
"A009460","한창제지","12","0","KOSPI","-0.6","59.61","","59.97"
"A009470","삼화전기","12","0","KOSPI","-2.5","77.38","","79.37"
"A009520","포스코엠텍","12","0","KOSDAQ","-1.08","95.36","","96.4"
"A009540","HD한국조선해양","12","1","KOSPI","-0.37","7621.5","","7649.83"
"A009580","무림P&P","12","0","KOSPI","-0.97","287.83","","290.64"
"A009620","삼보산업","12","0","KOSDAQ","-8.05","19.18","","20.86"
"A009680","모토닉","12","0","KOSPI","-0.85","307.23","","309.87"
"A009730","이렘","12","0","KOSDAQ","-0.91","43.71","","44.11"
"A009770","삼정펄프","12","0","KOSPI","-0.23","108.87","","109.12"
"A009780","엠에스씨","12","0","KOSDAQ","-2.43","88.44","","90.64"
"A009810","플레이그램","12","0","KOSPI","24.82","48.02","","38.47"
"A009830","한화솔루션","12","1","KOSPI","-0.83","4894.84","","4936.04"
"A009900","명신산업","12","0","외감","","","",""
"A009970","영원무역홀딩스","12","0","KOSPI","-1.61","751.32","","763.59"
"A010040","한국내화","12","0","KOSPI","-0.99","68.59","","69.28"
"A010060","OCI홀딩스","12","1","KOSPI","3.98","3112.34","","2993.1"
"A010100","한국무브넥스","12","0","KOSPI","0.5","60.9","","60.6"
"A010120","LS ELECTRIC","12","1","KOSPI","0.94","1941","","1923"
"A010130","고려아연","12","1","KOSPI","0.62","9151.95","","9095.34"
"A010140","삼성중공업","12","1","KOSPI","-2.32","2792.4","","2858.7"
"A010170","대한광통신","12","0","KOSDAQ","-2.42","336.94","","345.31"
"A010240","흥국","12","0","KOSDAQ","0.55","45.1","","44.85"
"A010280","아이티센엔텍","12","0","KOSDAQ","1.44","56.85","","56.04"
"A010400","우진아이엔에스","12","0","외감","","","",""
"A010470","오리콤","12","0","KOSDAQ","0.39","59.56","","59.33"
"A010580","에스엠벡셀","12","0","KOSPI","-2.37","31.5","","32.27"
"A010640","진양폴리","12","0","KOSPI","0.29","17.15","","17.1"
"A010660","화천기계","12","0","KOSPI","0.45","49.17","","48.95"
"A010690","화신","12","0","KOSPI","0.34","156.79","","156.27"
"A010770","평화홀딩스","12","0","KOSPI","-1.02","49.73","","50.24"
"A010780","아이에스동서","12","1","KOSPI","-0.55","1123.63","","1129.79"
"A010820","퍼스텍","12","0","KOSPI","-0.59","158.07","","159"
"A010950","S-Oil","12","1","KOSPI","0.4","13960.27","","13903.97"
"A010960","삼호개발","12","0","KOSPI","-0.44","114.38","","114.88"
"A011000","진원생명과학","12","0","KOSPI","-0.65","130.22","","131.07"
"A011040","경동제약","12","0","KOSDAQ","-0.22","300.02","","300.68"
"A011070","LG이노텍","12","1","KOSPI","0","3479.06","","3479.06"
"A011080","형지I&C","12","0","KOSDAQ","-3.82","53.95","","56.1"
"A011090","에넥스","12","0","KOSPI","-4.35","118.78","","124.18"
"A011150","CJ씨푸드","12","0","KOSPI","0","102.94","","102.94"
"A011170","롯데케미칼","12","1","KOSPI","0.41","12527.67","","12476.25"
"A011200","HMM","12","0","KOSPI","-2.29","982.05","","1005.06"
"A011210","현대위아","12","1","KOSPI","-0.47","1726.89","","1735.05"
"A011230","삼화전자","12","0","KOSPI","0","29.48","","29.48"
"A011280","태림포장","12","0","KOSPI","-2.17","175.24","","179.14"
"A011300","우성머티리얼스","12","0","KOSPI","0.31","37.07","","36.96"
"A011320","유니크","12","0","KOSDAQ","-1.97","115.54","","117.86"
"A011330","유니켐","12","0","KOSPI","-0.36","69.84","","70.1"
"A011370","서한","12","0","KOSDAQ","-1.58","220.46","","223.99"
"A011390","부산산업","12","0","KOSPI","-0.32","32.63","","32.74"
"A011420","갤럭시아에스엠","12","0","KOSPI","2.38","82.92","","81"
"A011500","한농화성","12","0","KOSPI","-0.44","70.52","","70.84"
"A011560","세보엠이씨","12","0","KOSDAQ","0.46","114.78","","114.25"
"A011690","와이투솔루션","12","0","KOSPI","1.23","236.8","","233.92"
"A011700","한신기계","12","0","KOSPI","-2.54","130.76","","134.16"
"A011760","현대코퍼레이션","12","0","KOSPI","0.77","258.63","","256.64"
"A011780","금호석유화학","12","1","KOSPI","0.11","2848.73","","2845.68"
"A011790","SKC","12","1","KOSPI","-0.89","1668.41","","1683.42"
"A0117P0","피스피스스튜디오","12","0","외감","","","",""
"A011810","STX","12","0","KOSPI","0","426.02","","426.02"
"A011930","신성이엔지","12","0","KOSPI","-3.34","350.31","","362.42"
"A012030","DB","12","0","KOSPI","0","129.78","","129.78"
"A0120G0","삼양바이오팜","12","0","외감","","","",""
"A012160","영흥","12","0","KOSPI","-0.38","111.57","","112"
"A012170","아센디오","12","0","KOSPI","3.77","129.29","","124.59"
"A012200","계양전기","12","0","KOSPI","0.78","148.33","","147.19"
"A012210","삼미금속","12","0","외감","","","",""
"A012280","영화금속","12","0","KOSPI","1.69","68.18","","67.04"
"A012320","경동인베스트","12","0","KOSPI","0.12","100.87","","100.75"
"A012330","현대모비스","12","1","KOSPI","0","25990.81","","25990.81"
"A012340","뉴인텍","12","0","KOSDAQ","2.8","54.04","","52.56"
"A012450","한화에어로스페이스","12","1","KOSPI","0","1877.82","","1877.82"
"A012510","더존비즈온","12","0","KOSPI","0.15","974.75","","973.26"
"A012610","경인양행","12","0","KOSPI","-4.06","219.76","","229.05"
"A012620","원일특강","12","0","KOSDAQ","-0.81","43.12","","43.47"
"A012630","HDC","12","1","KOSPI","0.5","3022.91","","3007.83"
"A012690","모나리자","12","0","KOSPI","0.4","185.05","","184.32"
"A0126Z0","삼성에피스홀딩스","12","0","외감","","","",""
"A012700","리드코프","12","0","KOSDAQ","0.16","163.17","","162.9"
"A012750","에스원","12","1","KOSPI","-1.92","3875.92","","3951.91"
"A012790","신일제약","12","0","KOSDAQ","0","94.8","","94.8"
"A012800","대창","12","0","KOSPI","-0.99","91.14","","92.05"
"A012860","모베이스전자","12","0","KOSDAQ","-1.22","65.34","","66.15"
"A013000","세우글로벌","12","0","KOSPI","-1.68","41.7","","42.41"
"A013030","하이록코리아","12","0","KOSDAQ","2.07","302.21","","296.09"
"A013120","동원개발","12","0","KOSDAQ","-1.72","467.66","","475.83"
"A013310","아진산업","12","0","KOSDAQ","-1.94","87","","88.72"
"A013360","일성건설","12","0","KOSPI","-0.96","55.01","","55.54"
"A013520","화승코퍼레이션","12","0","KOSPI","6.85","171.09","","160.11"
"A013570","디와이","12","0","KOSPI","-3.02","168.97","","174.24"
"A013580","계룡건설","12","0","KOSPI","-1.56","140.66","","142.89"
"A013700","까뮤이앤씨","12","0","KOSPI","-0.98","45.6","","46.06"
"A013720","청보","12","0","KOSDAQ","-5.97","20.61","","21.92"
"A013810","스페코","12","0","KOSDAQ","0.69","63.9","","63.46"
"A013870","지엠비코리아","12","0","KOSPI","5.75","157.92","","149.34"
"A013890","지누스","12","0","K-OTC","0.44","1147.81","","1142.83"
"A013990","아가방컴퍼니","12","0","KOSDAQ","-1.31","197.65","","200.29"
"A014100","메디앙스","12","0","KOSDAQ","0","147.63","","147.63"
"A014130","한익스프레스","12","0","KOSPI","0.98","55.74","","55.2"
"A014160","대영포장","12","0","KOSPI","-0.67","95.07","","95.71"
"A014190","원익큐브","12","0","KOSDAQ","0.51","69.74","","69.38"
"A014280","금강공업","12","0","KOSPI","-0.52","140.09","","140.82"
"A014440","영보화학","12","0","KOSPI","-1.62","97.2","","98.8"
"A014470","부방","12","0","KOSDAQ","1.1","152.29","","150.63"
"A014530","극동유화","12","0","KOSPI","-0.77","111.93","","112.8"
"A014570","고려제약","12","0","KOSDAQ","-0.59","74.36","","74.8"
"A014580","태경비케이","12","0","KOSPI","2.1","80.4","","78.75"
"A014620","성광벤드","12","0","KOSDAQ","-2.63","285.43","","293.15"
"A014680","한솔케미칼","12","1","KOSPI","0","836.97","","836.97"
"A014710","사조씨푸드","12","0","KOSPI","-0.31","110.54","","110.89"
"A014790","HL D&I","12","0","KOSPI","-2.22","144.88","","148.17"
"A014820","동원시스템즈","12","1","KOSPI","0","1257.87","","1257.87"
"A014830","유니드","12","1","KOSPI","-0.33","397.38","","398.71"
"A014910","성문전자","12","0","KOSPI","0.22","39.76","","39.67"
"A014940","오리엔탈정공","12","0","KOSDAQ","-2.43","40.75","","41.76"
"A014950","삼익제약","12","0","외감","","","",""
"A014970","삼륭물산","12","0","KOSDAQ","0.6","76.68","","76.23"
"A014990","인디에프","12","0","KOSPI","-1.38","63.35","","64.24"
"A015020","이스타코","12","0","KOSPI","0.56","38.61","","38.4"
"A015230","대창단조","12","0","KOSPI","0","115.2","","115.2"
"A015260","에이엔피","12","0","KOSPI","-17.5","48.2","","58.42"
"A015360","INVENI","12","0","KOSPI","1.7","233.4","","229.5"
"A015590","DKME","12","0","KOSPI","-3.34","71.7","","74.18"
"A015710","코콤","12","0","KOSDAQ","1.92","139.37","","136.74"
"A015750","성우하이텍","12","0","KOSDAQ","0.81","373.2","","370.2"
"A015760","한국전력","12","1","KOSPI","0.51","25164.99","","25036.6"
"A015860","일진홀딩스","12","0","KOSPI","3.36","272.89","","264.01"
"A015890","태경산업","12","0","KOSPI","-0.55","159.88","","160.76"
"A016090","대현","12","0","KOSPI","-2.35","122.26","","125.21"
"A016100","리더스코스메틱","12","0","KOSDAQ","2.41","343.54","","335.47"
"A016250","SGC E&C","12","0","KOSDAQ","-3.04","338.8","","349.44"
"A016360","삼성증권","12","1","KOSPI","-1.21","3268.38","","3308.57"
"A016380","KG스틸","12","0","KOSPI","-4.24","192","","200.5"
"A016450","한세예스24홀딩스","12","0","KOSPI","-1.74","452","","460"
"A016580","환인제약","12","0","KOSPI","-1.86","392.46","","399.9"
"A016590","신대양제지","12","0","KOSPI","-0.45","132.17","","132.77"
"A016600","큐캐피탈","12","0","KOSDAQ","5.18","136.11","","129.41"
"A016610","DB증권","12","0","KOSPI","3.87","182.1","","175.3"
"A016670","디모아","12","0","KOSDAQ","-7.33","70.94","","76.55"
"A016710","대성홀딩스","12","0","KOSPI","-1.09","131.77","","133.22"
"A016740","두올","12","0","KOSPI","-1.99","107.59","","109.78"
"A016790","현대사료","12","0","외감","","","",""
"A016800","퍼시스","12","0","KOSPI","0.91","382.95","","379.5"
"A016880","웅진","12","0","KOSPI","-0.68","160.25","","161.34"
"A016920","카스","12","0","KOSDAQ","1.63","33.39","","32.86"
"A017000","신원종합개발","12","0","KOSDAQ","-0.16","64.44","","64.54"
"A017040","광명전기","12","0","KOSPI","-0.97","111.16","","112.24"
"A017180","명문제약","12","0","KOSPI","-1.66","142.56","","144.96"
"A017250","인터엠","9","0","KOSDAQ","1.57","61.45","","60.51"
"A017370","우신시스템","12","0","KOSPI","-0.22","164.46","","164.83"
"A017390","서울가스","12","0","KOSPI","1.59","478","","470.5"
"A017480","삼현철강","12","0","KOSDAQ","0","67.52","","67.52"
"A017510","세명전기","12","0","KOSDAQ","3.55","77.75","","75.09"
"A017550","수산세보틱스","12","0","KOSPI","-1.03","77.47","","78.28"
"A017650","대림제지","12","0","KOSDAQ","-0.49","45.68","","45.9"
"A017670","SK텔레콤","12","1","KOSPI","-1.62","22003.21","","22366.56"
"A017800","현대엘리베이터","12","1","KOSPI","-0.56","1312.91","","1320.3"
"A017810","풀무원","12","0","KOSPI","-2.1","622.79","","636.12"
"A017860","DS단석","12","0","외감","","","",""
"A017890","한국알콜","12","0","KOSDAQ","0.56","156.43","","155.56"
"A017900","광전자","12","0","KOSPI","-2.44","162.24","","166.3"
"A017940","E1","12","0","KOSPI","0.88","394.45","","391.02"
"A017960","한국카본","12","0","KOSPI","-0.74","236.07","","237.83"
"A018000","유니슨","12","0","KOSDAQ","-2.15","311.64","","318.49"
"A018120","진로발효","12","0","KOSDAQ","0.69","272.75","","270.86"
"A018250","애경산업","12","0","외감","","","",""
"A018260","삼성에스디에스","12","1","KOSPI","0.48","16055.89","","15978.52"
"A018290","브이티","12","0","KOSDAQ","0.23","89.26","","89.06"
"A018310","삼목에스폼","12","0","KOSDAQ","0","180.08","","180.08"
"A018470","조일알미늄","12","0","KOSPI","1.28","82.82","","81.78"
"A018500","동원모빌리티","3","0","KOSPI","-0.45","120.27","","120.81"
"A018620","우진비앤지","12","0","KOSDAQ","-3.1","63.79","","65.83"
"A018670","SK가스","12","0","KOSPI","0","842.94","","842.94"
"A018680","서울제약","12","0","KOSDAQ","-0.92","90.13","","90.97"
"A018700","졸스","12","0","KOSDAQ","2.48","54.64","","53.32"
"A018880","한온시스템","12","1","KOSPI","4.49","7446.51","","7126.23"
"A019010","베뉴지","12","0","KOSDAQ","0","60.01","","60.01"
"A019170","신풍제약","12","0","KOSPI","-1.89","384.67","","392.09"
"A019180","티에이치엔","12","0","KOSPI","-1.63","32.49","","33.03"
"A019210","와이지-원","12","0","KOSDAQ","-2.01","417.48","","426.03"
"A019490","엑시큐어하이트론","12","0","KOSPI","-1.85","22.04","","22.45"
"A019540","일지테크","12","0","KOSDAQ","-1.23","65","","65.81"
"A019550","SBI인베스트먼트","12","0","KOSDAQ","29.79","247.15","","190.43"
"A019570","GMI벤처","12","0","KOSDAQ","-2.23","26.28","","26.88"
"A019660","글로본","12","0","KOSDAQ","-1.89","79.8","","81.34"
"A019680","대교","12","1","KOSPI","1.36","692.02","","682.7"
"A019770","서연탑메탈","12","0","KOSDAQ","-2.68","42.29","","43.45"
"A019990","에너토크","12","0","KOSDAQ","-0.91","64.1","","64.68"
"A020000","한섬","12","1","KOSPI","-1.51","801.71","","814.02"
"A020120","키다리스튜디오","12","0","KOSPI","2.58","44.09","","42.99"
"A020150","롯데에너지머티리얼즈","12","1","KOSPI","-2.29","1667.5","","1706.6"
"A020180","대신정보통신","3","0","KOSDAQ","12.85","53.99","","47.84"
"A020400","대동금속","12","0","KOSDAQ","2.53","19.44","","18.96"
"A020560","아시아나항공","12","0","KOSPI","-0.85","962.55","","970.76"
"A020710","시공테크","12","0","KOSDAQ","-1.16","136.73","","138.33"
"A020760","일진디스플","12","0","KOSPI","0.41","207.83","","206.98"
"A021040","대호특수강","12","0","KOSDAQ","0.32","69.68","","69.46"
"A021050","서원","12","0","KOSPI","0","54.12","","54.12"
"A021080","에이티넘인베스트","12","0","KOSDAQ","29.94","146.88","","113.04"
"A021240","코웨이","12","1","KOSPI","0.46","8155.18","","8117.77"
"A021320","KCC건설","12","0","KOSDAQ","0.77","168.42","","167.13"
"A021650","한국큐빅","12","0","KOSDAQ","-1.67","26.16","","26.6"
"A021820","세원정공","6","0","KOSPI","-5.9","151.5","","161"
"A021880","메이슨캐피탈","3","0","KOSDAQ","-2.24","52.73","","53.94"
"A022100","포스코DX","12","0","KOSDAQ","-2.35","1202.59","","1231.48"
"A022220","티케이지애강","12","0","KOSDAQ","-0.53","145.54","","146.32"
"A023000","삼원강재","12","0","KOSPI","-0.74","134.4","","135.4"
"A023150","MH에탄올","12","0","KOSPI","0.31","48.11","","47.96"
"A023160","태광","12","0","KOSDAQ","-0.89","296.8","","299.45"
"A023350","한국종합기술","12","0","KOSPI","0.34","64.28","","64.06"
"A023410","유진기업","12","0","KOSDAQ","0","361.65","","361.65"
"A023440","제이스코홀딩스","12","0","KOSDAQ","0.88","29.68","","29.42"
"A023450","동남합성","12","0","KOSPI","-1.95","79","","80.57"
"A023530","롯데쇼핑","12","1","KOSPI","-0.25","5624.41","","5638.47"
"A023590","다우기술","12","0","KOSPI","1.25","910.79","","899.58"
"A023600","삼보판지","12","0","KOSDAQ","0.42","99.54","","99.12"
"A023760","한국캐피탈","12","0","KOSDAQ","1.42","108.16","","106.64"
"A023770","플레이위드","12","0","KOSDAQ","-1.23","24.6","","24.91"
"A023790","동일스틸럭스","12","0","KOSDAQ","1.18","28.39","","28.06"
"A023800","인지컨트롤스","12","0","KOSPI","-2.45","90.66","","92.93"
"A023810","인팩","12","0","KOSPI","0.66","46.1","","45.8"
"A023900","풍국주정","12","0","KOSDAQ","-3.87","171.99","","178.92"
"A023910","대한약품","12","0","KOSDAQ","-1.11","240.6","","243.3"
"A023960","에쓰씨엔지니어링","12","0","KOSPI","1.73","41.94","","41.22"
"A024060","흥구석유","12","0","KOSDAQ","-0.71","41.93","","42.23"
"A024070","WISCOM","12","0","KOSPI","-1.06","63.41","","64.09"
"A024090","디씨엠","12","0","KOSPI","-0.4","146.84","","147.42"
"A024110","기업은행","12","1","KOSPI","-0.31","9015.66","","9043.66"
"A024120","KB오토시스","12","0","KOSDAQ","0.57","81.31","","80.84"
"A024720","콜마홀딩스","12","0","KOSPI","-0.12","695.92","","696.76"
"A024740","한일단조","12","0","KOSDAQ","-0.88","50.27","","50.72"
"A024800","유성티엔에스","12","0","KOSDAQ","-1","89.98","","90.89"
"A024830","세원물산","12","0","KOSDAQ","0.29","58.03","","57.87"
"A024840","KBI메탈","12","0","KOSDAQ","-3.05","74.51","","76.85"
"A024850","HLB이노베이션","12","0","KOSDAQ","-5.78","34.08","","36.17"
"A024880","케이피에프","12","0","KOSDAQ","-1.15","76.52","","77.41"
"A024890","대원화성","12","0","KOSPI","1.87","112.4","","110.34"
"A024900","디와이덕양","12","0","KOSPI","-2.27","49.17","","50.31"
"A024910","경창산업","12","0","KOSDAQ","0","63.22","","63.22"
"A024940","PN풍년","12","0","KOSDAQ","0.18","27.5","","27.45"
"A024950","삼천리자전거","12","0","KOSDAQ","1.33","121.19","","119.59"
"A025000","KPX케미칼","12","0","KOSPI","-1.01","332.99","","336.38"
"A025320","시노펙스","12","0","KOSDAQ","-6.09","333.48","","355.1"
"A025440","DH오토웨어","12","0","KOSDAQ","-0.85","172.63","","174.12"
"A025530","SJM홀딩스","12","0","KOSPI","0.1","73.25","","73.18"
"A025540","한국단자","12","1","KOSPI","0.89","709.26","","703.01"
"A025550","한국선재","12","0","KOSDAQ","-0.17","71.11","","71.24"
"A025560","미래산업","12","0","KOSPI","-1.32","141.3","","143.2"
"A025620","차AI헬스케어","12","0","KOSPI","0","507.6","","507.6"
"A025750","한솔홈데코","12","0","KOSPI","-0.69","116.42","","117.22"
"A025770","한국정보통신","12","0","KOSDAQ","-0.47","415.3","","417.24"
"A025820","이구산업","12","0","KOSPI","-2.13","69.06","","70.56"
"A025860","남해화학","12","1","KOSPI","1.11","454.06","","449.1"
"A025870","신라에스지","12","0","KOSDAQ","0","24.44","","24.44"
"A025880","케이씨피드","12","0","KOSDAQ","2.64","38.95","","37.94"
"A025890","한국주강","12","0","KOSPI","0","25.95","","25.95"
"A025900","동화기업","12","0","KOSDAQ","-2.04","447.21","","456.54"
"A025950","동신건설","12","0","KOSDAQ","5.48","63.08","","59.81"
"A025980","아난티","12","0","KOSDAQ","-1.12","437.12","","442.06"
"A026040","제이에스티나","12","0","KOSDAQ","-0.17","95.39","","95.56"
"A026150","특수건설","12","0","KOSDAQ","0","40.48","","40.48"
"A026890","스틱인베스트먼트","12","0","KOSPI","1.03","163.8","","162.13"
"A026910","광진실업","12","0","KOSDAQ","-3.17","22.48","","23.22"
"A026940","부국철강","12","0","KOSPI","-1.4","56.2","","57"
"A026960","동서","12","1","KOSPI","1.9","2941.15","","2886.32"
"A027040","서울전자통신","12","0","KOSDAQ","1.99","82.9","","81.28"
"A027050","코리아나","12","0","KOSDAQ","2.48","280.8","","274"
"A027360","아주IB투자","12","0","외감","","","",""
"A027410","BGF","12","1","KOSPI","-1.31","485.57","","492.02"
"A027580","상보","12","0","KOSDAQ","0.28","49.27","","49.14"
"A027710","팜스토리","12","0","KOSDAQ","1.12","119.27","","117.94"
"A027740","마니커","12","0","KOSPI","-0.46","75.75","","76.11"
"A027830","대성창투","12","0","KOSDAQ","15.9","96.2","","83"
"A027970","한국제지","12","0","KOSPI","0","35.25","","35.25"
"A028050","삼성E&A","12","1","KOSPI","-3.19","2381.4","","2459.8"
"A028080","휴맥스홀딩스","12","0","KOSDAQ","-1.02","61.13","","61.76"
"A028100","동아지질","12","0","KOSPI","-1.25","136.28","","138"
"A028260","삼성물산","12","1","KOSPI","-0.38","24659.71","","24754.55"
"A028300","HLB","12","0","KOSDAQ","-2.97","1297.11","","1336.86"
"A028670","팬오션","12","1","KOSPI","-4.51","2939.96","","3078.94"
"A029460","케이씨","12","0","KOSPI","-3.89","334.78","","348.34"
"A029480","광무","12","0","KOSDAQ","0.87","23.32","","23.12"
"A029530","신도리코","12","1","KOSPI","0.32","639.07","","637.06"
"A029780","삼성카드","12","1","KOSPI","0.73","4773.39","","4738.63"
"A030000","제일기획","12","1","KOSPI","0","2404.36","","2404.36"
"A030190","NICE평가정보","12","0","KOSDAQ","-1.85","548.86","","559.18"
"A030200","KT","12","1","KOSPI","-0.32","8146.69","","8172.8"
"A030210","다올투자증권","12","0","KOSPI","1.85","249.1","","244.57"
"A030350","드래곤플라이","12","0","KOSDAQ","0.74","70.3","","69.78"
"A030520","한컴","12","0","KOSDAQ","2.59","412.02","","401.63"
"A030530","원익홀딩스","12","0","KOSDAQ","-0.52","596.28","","599.37"
"A030610","교보증권","12","0","KOSPI","-2.65","330.12","","339.12"
"A030720","동원수산","12","0","KOSPI","2.2","38.09","","37.27"
"A030960","양지사","6","0","KOSDAQ","-0.21","151.81","","152.13"
"A031210","서울보증보험","12","0","외감","","","",""
"A031310","아이즈비전","12","0","KOSDAQ","0.67","47.4","","47.08"
"A031330","에스에이엠티","12","0","KOSDAQ","-0.73","202.99","","204.49"
"A031430","신세계인터내셔날","12","0","KOSPI","0.93","544.07","","539.07"
"A031440","신세계푸드","12","0","KOSPI","1.1","532.47","","526.66"
"A031510","오스템","12","0","KOSDAQ","-0.9","142.74","","144.04"
"A031820","아이티센씨티에스","12","0","KOSPI","0.33","48.89","","48.73"
"A031860","디에이치엑스컴퍼니","12","0","KOSDAQ","-1.77","63","","64.13"
"A031980","피에스케이홀딩스","12","0","KOSDAQ","-3.11","507.27","","523.54"
"A032080","아즈텍WB","12","0","KOSDAQ","-0.95","43.4","","43.82"
"A032190","다우데이타","12","0","KOSDAQ","-1.44","392.58","","398.32"
"A032280","삼일","12","0","KOSDAQ","0.73","33.56","","33.32"
"A032300","한국파마","12","0","외감","","","",""
"A032350","롯데관광개발","12","0","KOSPI","0.88","517.5","","512.96"
"A032500","케이엠더블유","12","0","KOSDAQ","-1.92","369.5","","376.74"
"A032540","TJ미디어","12","0","KOSDAQ","0.21","65.06","","64.92"
"A032560","황금에스티","12","0","KOSPI","-0.82","119","","119.98"
"A032580","피델릭스","12","0","KOSDAQ","0","42.16","","42.16"
"A032620","GC메디아이","12","0","KOSDAQ","0.4","152.48","","151.88"
"A032640","LG유플러스","12","1","KOSPI","-1.03","6309.03","","6374.53"
"A032680","소프트센","12","0","KOSDAQ","1.08","57.56","","56.94"
"A032750","삼진","12","0","KOSDAQ","1.16","57.6","","56.94"
"A032790","엠젠솔루션","12","0","KOSDAQ","-4.36","109.57","","114.56"
"A032800","판타지오","6","0","KOSDAQ","-1.75","102.15","","103.97"
"A032820","우리기술","12","0","KOSDAQ","4.76","52.97","","50.56"
"A032830","삼성생명","12","1","KOSPI","0.4","25000","","24900"
"A032850","비트컴퓨터","12","0","KOSDAQ","3.52","97.74","","94.42"
"A032860","더라미","12","0","KOSDAQ","2.23","37.09","","36.28"
"A032940","원익","12","0","KOSDAQ","-1.68","74.04","","75.3"
"A032960","동일기연","12","0","KOSDAQ","0.35","84.34","","84.04"
"A032980","바이온","12","0","KOSDAQ","-5.94","50.34","","51.66"
"A033050","제이엠아이","12","0","KOSDAQ","-0.9","36","","36.33"
"A033100","제룡전기","12","0","KOSDAQ","0.36","90.43","","90.11"
"A033130","디지틀조선","12","0","KOSDAQ","7.27","87.59","","81.65"
"A033160","엠케이전자","12","0","KOSDAQ","-1.38","234.43","","237.7"
"A033170","시그네틱스","12","0","KOSDAQ","-1.82","115.3","","117.45"
"A033200","모아텍","3","0","KOSDAQ","0.2","71.66","","71.51"
"A033230","인성정보","12","0","KOSDAQ","1.32","95.79","","94.55"
"A033240","자화전자","12","0","KOSPI","-2.89","451.08","","464.51"
"A033250","체시스","12","0","KOSPI","-2.43","24.12","","24.72"
"A033270","유나이티드제약","12","0","KOSPI","2.96","479.74","","465.96"
"A033290","로젠","12","0","KOSDAQ","-3.77","465.01","","483.21"
"A033310","엠투엔","12","0","KOSDAQ","-3.09","41.31","","42.63"
"A033320","제이씨현시스템","12","0","KOSDAQ","29.95","257.09","","197.83"
"A033340","좋은사람들","12","0","KOSDAQ","-1.49","52.56","","53.35"
"A033500","동성화인텍","12","0","KOSDAQ","-0.81","131.95","","133.03"
"A033530","SJG세종","12","0","KOSPI","-1.33","164.05","","166.25"
"A033540","파라텍","12","0","KOSDAQ","1.11","75.61","","74.77"
"A033560","블루콤","12","0","KOSDAQ","0.29","131.71","","131.33"
"A033640","네패스","12","0","KOSDAQ","2.13","209.3","","204.94"
"A033780","KT&G","12","1","KOSPI","0.83","16612.39","","16475.1"
"A033790","피노","12","0","KOSDAQ","-1.28","72.66","","73.6"
"A033830","티비씨","12","0","KOSDAQ","-0.16","62.4","","62.5"
"A033920","무학","12","1","KOSPI","-1.61","522.98","","531.52"
"A034020","두산에너빌리티","12","1","KOSPI","-2.17","1676.78","","1714.05"
"A034120","SBS","12","1","KOSPI","0.77","479.13","","475.48"
"A034220","LG디스플레이","12","1","KOSPI","-2.3","10627.13","","10877.6"
"A034230","파라다이스","12","0","KOSDAQ","1.55","2082.59","","2050.76"
"A034310","NICE","12","0","KOSPI","1.02","560.66","","554.98"
"A034590","인천도시가스","12","0","KOSPI","0","133.87","","133.87"
"A034730","SK","12","1","KOSPI","-1.58","19665.7","","19982.32"
"A034810","해성산업","12","0","KOSDAQ","-0.41","119.32","","119.81"
"A034830","한국토지신탁","12","0","KOSPI","0.16","801.65","","800.39"
"A034940","조아제약","12","0","KOSDAQ","-1.29","130.23","","131.93"
"A034950","한국기업평가","12","0","KOSDAQ","0.54","251.54","","250.18"
"A035000","HS애드","12","0","KOSPI","-0.48","171.47","","172.3"
"A035080","그래디언트","12","0","KOSDAQ","2.27","236.93","","231.66"
"A035150","백산","12","0","KOSPI","-0.97","172.79","","174.48"
"A035200","프럼파스트","12","0","KOSDAQ","-1.58","45.2","","45.92"
"A035250","강원랜드","12","1","KOSPI","-1.9","7712.56","","7862.31"
"A035290","골드앤에스","12","0","KOSDAQ","-2.96","116.19","","119.74"
"A035420","NAVER","12","1","KOSPI","1.9","28347.9","","27820.5"
"A035460","기산텔레콤","12","0","KOSDAQ","0.49","44.75","","44.53"
"A035510","신세계 I&C","12","0","KOSPI","0.98","141.73","","140.35"
"A035600","KG이니시스","12","0","KOSDAQ","0","478.55","","477.78"
"A035610","솔본","12","0","KOSDAQ","0.69","159.7","","158.61"
"A035620","바른손이앤에이","12","0","KOSDAQ","-1.05","128.27","","129.62"
"A035720","카카오","12","1","KOSPI","-5.61","9132.17","","9675.35"
"A035760","CJ ENM","12","0","KOSDAQ","1.07","1463.75","","1448.22"
"A035810","이지홀딩스","12","0","KOSDAQ","-1.3","341.64","","346.14"
"A035890","서희건설","12","0","KOSDAQ","-0.82","209.9","","211.63"
"A035900","JYP Ent.","12","0","KOSDAQ","5.3","480.29","","456.1"
"A036000","예림당","12","0","KOSDAQ","2.25","219.52","","214.68"
"A036010","아비코전자","12","0","KOSDAQ","-0.59","111.66","","112.33"
"A036030","케이티알파","12","0","KOSDAQ","9.64","231.43","","211.08"
"A036090","위지트","12","0","KOSDAQ","29.88","154.53","","118.98"
"A036120","서울평가정보","12","0","KOSDAQ","0","244.95","","244.95"
"A036170","에이치엠넥스","12","0","KOSDAQ","29.98","106.99","","82.31"
"A036190","금화피에스시","12","0","KOSDAQ","-0.83","252","","254.1"
"A036200","유니셈","12","0","KOSDAQ","-2.36","203","","207.9"
"A036220","오상헬스케어","12","0","외감","","","",""
"A036420","콘텐트리중앙","12","0","KOSDAQ","-1.12","604.57","","611.41"
"A036460","한국가스공사","12","1","KOSPI","-0.58","3969.46","","3992.54"
"A036480","대성미생물","12","0","KOSDAQ","-0.83","40.62","","40.96"
"A036530","SNT홀딩스","12","0","KOSPI","-0.63","250.12","","251.7"
"A036540","SFA반도체","12","0","KOSDAQ","1.48","339.29","","334.35"
"A036560","KZ정밀","12","0","KOSDAQ","-0.11","139.07","","139.23"
"A036570","NC","12","1","KOSPI","-1.97","10366.19","","10574.61"
"A036580","팜스코","12","1","KOSPI","-0.83","438.9","","442.57"
"A036620","감성코퍼레이션","12","0","KOSDAQ","-2.8","31.06","","31.95"
"A036630","세종텔레콤","12","0","KOSDAQ","-0.5","361.4","","363.2"
"A036640","HRS","12","0","KOSDAQ","0","71.39","","71.39"
"A036670","삼양케이씨아이","12","0","KOSDAQ","-2.73","120.59","","123.97"
"A036690","코맥스","12","0","KOSDAQ","-1.69","97.75","","99.43"
"A036710","심텍홀딩스","12","0","KOSDAQ","-0.61","85.15","","85.67"
"A036800","나이스정보통신","12","0","KOSDAQ","1.54","230.5","","227"
"A036810","에프에스티","12","0","KOSDAQ","-4.38","113.9","","119.12"
"A036830","솔브레인홀딩스","12","0","KOSDAQ","0","1183.08","","1183.08"
"A036890","진성티이씨","12","0","KOSDAQ","-1.91","230.44","","234.94"
"A036930","주성엔지니어링","12","0","KOSDAQ","-3.73","622.41","","646.54"
"A037030","파워넷","12","0","K-OTC","2.43","40.47","","39.51"
"A037070","파세코","12","0","KOSDAQ","1.09","78.12","","77.28"
"A037230","한국팩키지","12","0","KOSDAQ","5.99","57.5","","54.25"
"A037270","YG PLUS","12","0","KOSPI","2.79","117.8","","114.6"
"A037330","인지디스플레","12","0","KOSDAQ","-0.28","64.44","","64.62"
"A037350","성도이엔지","12","0","KOSDAQ","-0.3","103.65","","103.96"
"A037370","EG","12","0","KOSDAQ","-5.17","82.5","","87"
"A037400","우리엔터프라이즈","12","0","KOSDAQ","-2.82","42.99","","44.24"
"A037440","희림","12","0","KOSDAQ","-0.22","64.18","","64.32"
"A037460","삼지전자","12","0","KOSDAQ","0.73","135.77","","134.79"
"A037560","LG헬로비전","12","0","KOSPI","1.12","561.49","","555.29"
"A037710","광주신세계","12","0","KOSPI","2.24","364.8","","356.8"
"A037760","쎄니트","12","0","KOSDAQ","-1.5","55.49","","56.33"
"A037950","엘컴텍","12","0","KOSDAQ","0.66","194.65","","193.38"
"A038010","제일테크노스","12","0","KOSDAQ","-0.62","35.96","","36.18"
"A038060","루멘스","12","0","KOSDAQ","-2.75","200.45","","206.13"
"A038070","서린바이오","12","0","KOSDAQ","-0.79","81.27","","81.92"
"A038110","에코플라스틱","12","0","KOSDAQ","-0.45","50.05","","50.27"
"A038290","마크로젠","12","0","KOSDAQ","-2.92","313.6","","323.03"
"A038390","레드캡투어","12","0","KOSDAQ","1.25","139.58","","137.86"
"A038460","바이오스마트","12","0","KOSDAQ","2.04","88.66","","86.89"
"A038500","삼표시멘트","12","0","KOSDAQ","0","333.34","","333.34"
"A038530","케이바이오랩스","12","0","KOSDAQ","1.18","25.72","","25.42"
"A038540","상상인","12","0","KOSDAQ","-2.16","539.56","","551.49"
"A038620","위즈코프","12","0","KOSDAQ","1.42","47.98","","47.31"
"A038680","에스넷","12","0","KOSDAQ","1.23","92.43","","91.31"
"A038870","에코심플렉스","12","0","KOSDAQ","-0.31","103.53","","103.85"
"A038880","아이에이","12","0","KOSDAQ","0","156.48","","156.48"
"A038950","파인디지털","12","0","KOSDAQ","0.8","51.21","","50.8"
"A039010","현대에이치티","12","0","KOSDAQ","-0.42","82.11","","82.45"
"A039020","이건홀딩스","12","0","KOSDAQ","-0.88","48.35","","48.78"
"A039030","이오테크닉스","12","0","KOSDAQ","-2.97","1043.85","","1075.78"
"A039130","하나투어","12","0","KOSPI","0.48","1208.08","","1202.28"
"A039200","오스코텍","12","0","KOSDAQ","5.21","302.48","","287.5"
"A039240","경남스틸","12","0","KOSDAQ","-1.78","49.6","","50.5"
"A039290","인포뱅크","12","0","KOSDAQ","10.73","83.46","","75.38"
"A039310","세중","12","0","KOSDAQ","2.28","60.89","","59.53"
"A039340","한국경제TV","12","0","KOSDAQ","3.06","89.01","","86.37"
"A039420","케이엘넷","12","0","KOSDAQ","2.16","74.28","","72.71"
"A039440","에스티아이","12","0","KOSDAQ","0.56","340.63","","338.72"
"A039490","키움증권","12","0","KOSPI","-1.59","1911.63","","1942.57"
"A039560","다산네트웍스","12","0","KOSDAQ","6.15","160.89","","151.57"
"A039570","HDC랩스","12","0","KOSPI","1.66","252.66","","248.55"
"A039610","화성밸브","12","0","KOSDAQ","-0.53","41.28","","41.5"
"A039740","한국정보공학","12","0","KOSDAQ","-0.11","35.08","","35.12"
"A039830","오로라","12","0","KOSDAQ","-1.34","118.93","","120.54"
"A039840","디오","12","0","KOSDAQ","-1.77","504.45","","513.55"
"A039860","나노엔텍","12","0","KOSDAQ","-2.74","138.73","","142.65"
"A039980","폴라리스AI","12","0","KOSDAQ","-1","88.73","","89.63"
"A040160","누리플렉스","12","0","KOSDAQ","0.97","125.38","","124.17"
"A040300","YTN","12","0","KOSDAQ","0","88.83","","88.83"
"A040350","크레오에스지","12","0","KOSDAQ","-2.64","308.16","","316.52"
"A040420","정상제이엘에스","12","0","KOSDAQ","-0.75","123.7","","124.64"
"A040610","SG&G","12","0","KOSDAQ","-4.37","104.48","","109.25"
"A040910","아이씨디","12","0","KOSDAQ","0.38","219.46","","218.63"
"A041020","폴라리스오피스","12","0","KOSDAQ","0.93","51.22","","50.75"
"A041190","우리기술투자","12","0","KOSDAQ","29.98","276.78","","212.94"
"A041440","현대에버다임","12","0","KOSDAQ","-3.17","169.48","","175.04"
"A041460","한국전자인증","12","0","KOSDAQ","13.98","150.43","","131.97"
"A041510","에스엠","12","0","KOSDAQ","5.88","841.94","","795.17"
"A041520","이엘씨","12","0","KOSDAQ","1.86","93.61","","91.9"
"A041590","플래스크","12","0","KOSDAQ","7.75","203.14","","188.53"
"A041650","상신브레이크","12","0","KOSPI","1.83","167.69","","164.69"
"A041830","인바디","12","0","KOSDAQ","0.96","504.25","","499.46"
"A041910","폴라리스AI파마","12","0","KOSDAQ","0.44","135.43","","134.84"
"A041920","메디아나","12","0","KOSDAQ","-0.21","82.7","","82.87"
"A041930","SY동아","12","0","KOSDAQ","-0.51","77.26","","77.66"
"A041960","코미팜","12","0","KOSDAQ","-3.29","1944.34","","2010.44"
"A042000","카페24","12","0","K-OTC","-1.68","464.53","","472.47"
"A042040","케이피엠테크","12","0","KOSDAQ","24.93","147.42","","118"
"A042110","에스씨디","12","0","KOSDAQ","-0.28","85.3","","85.54"
"A042370","비츠로테크","12","0","KOSDAQ","-1.56","105.62","","107.3"
"A042420","네오위즈홀딩스","12","0","KOSDAQ","1.94","116.47","","114.25"
"A042500","링네트","12","0","KOSDAQ","5.77","60.2","","56.91"
"A042510","라온시큐어","12","0","KOSDAQ","15.07","110.54","","96.07"
"A042520","한스바이오메드","9","0","KOSDAQ","-7.41","277.01","","299.19"
"A042600","새로닉스","12","0","KOSDAQ","-0.94","91.31","","92.18"
"A042660","한화오션","12","0","KOSPI","-0.3","1727.72","","1732.98"
"A042700","한미반도체","12","0","KOSPI","0.87","737.55","","731.19"
"A042940","상지건설","12","0","KOSDAQ","-1.19","40.2","","40.69"
"A043090","더테크놀로지","12","0","KOSDAQ","3.74","159.38","","153.64"
"A043100","알파AI","12","0","KOSDAQ","-2.1","83.69","","85.48"
"A043150","바텍","12","0","KOSDAQ","-0.63","467.17","","470.14"
"A043200","파루","12","0","KOSDAQ","-0.12","118.66","","118.81"
"A043220","티에스넥스젠","12","0","KOSDAQ","-2.27","65.14","","66.66"
"A043260","성호전자","12","0","KOSDAQ","-0.49","29.95","","30.1"
"A043340","에쎈테크","12","0","KOSDAQ","-2.4","102.6","","105.12"
"A043360","디지아이","12","0","KOSDAQ","1.22","29.88","","29.52"
"A043370","피에이치에이","12","0","KOSDAQ","1.02","207.06","","204.96"
"A043590","웰킵스하이텍","12","0","KOSDAQ","-0.99","65","","65.65"
"A043610","KT지니뮤직","12","0","KOSDAQ","4.94","229.73","","218.91"
"A043650","국순당","12","0","KOSDAQ","-1.21","102.15","","103.4"
"A043710","코스리거글로벌","12","0","KOSDAQ","-2.57","88.05","","90.37"
"A043910","자연과환경","12","0","KOSDAQ","-1.61","62.13","","63.15"
"A044180","KD","12","0","KOSDAQ","1.73","62.6","","61.53"
"A044340","위닉스","12","0","KOSDAQ","0.84","196.3","","194.67"
"A044380","주연테크","12","0","KOSPI","24.46","58.74","","47.19"
"A044450","KSS해운","12","0","KOSPI","0.11","206.59","","206.35"
"A044480","빌리언스","12","0","KOSDAQ","7.32","57.96","","54.01"
"A044490","태웅","12","0","KOSDAQ","3.01","376.14","","365.13"
"A044780","에이치케이","12","0","KOSDAQ","1.84","30.59","","30.03"
"A044820","코스맥스비티아이","12","0","KOSPI","-2.34","320.77","","328.45"
"A044960","이글벳","12","0","KOSDAQ","-1.17","59.39","","60.09"
"A044990","에이치엔에스하이텍","12","0","KONEX","-14.91","22.5","","26.44"
"A045060","오공","12","0","KOSDAQ","0","58.19","","58.19"
"A045100","한양이엔지","12","0","KOSDAQ","-1.1","242.1","","244.8"
"A045300","성우테크론","12","0","KOSDAQ","-1.71","40.48","","41.19"
"A045340","토탈소프트","12","0","KOSDAQ","2.62","28.54","","27.81"
"A045390","대아티아이","12","0","KOSDAQ","-0.28","127.01","","127.36"
"A045510","정원엔시스","12","0","KOSDAQ","2.83","70.22","","68.28"
"A045520","크린앤사이언스","12","0","KOSDAQ","-4","78","","81.25"
"A045660","에이텍","12","0","KOSDAQ","14.98","98.29","","85.49"
"A045970","코아시아","12","0","KOSDAQ","1.28","94.11","","92.92"
"A046070","코다코","12","0","KOSDAQ","-1.48","117.19","","118.95"
"A046120","오르비텍","12","0","KOSDAQ","-1.52","84.5","","85.81"
"A046210","HLB파나진","12","0","KOSDAQ","-4.96","269.59","","283.64"
"A046310","백금T&A","12","0","KOSDAQ","-14.19","76.15","","88.75"
"A046390","삼화네트웍스","12","0","KOSDAQ","2.56","60","","58.5"
"A046440","KG파이낸셜","12","0","KOSDAQ","0","234.42","","234.42"
"A046890","서울반도체","12","0","KOSDAQ","-0.69","1687.94","","1699.6"
"A046940","우원개발","12","0","KOSDAQ","-4.16","55.67","","58.09"
"A046970","우리로","12","0","KOSDAQ","2.33","65.35","","63.86"
"A047040","대우건설","12","1","KOSPI","-2.36","2410.61","","2468.8"
"A047050","포스코인터내셔널","12","1","KOSPI","-1.92","2208.42","","2251.6"
"A047080","한빛소프트","12","0","KOSDAQ","3.58","104.08","","100.48"
"A047310","파워로직스","12","0","KOSDAQ","2.21","206.06","","201.6"
"A047400","유니온머티리얼","12","0","KOSPI","-0.56","111.51","","112.14"
"A047560","이스트소프트","12","0","KOSDAQ","0","71.28","","71.28"
"A047770","코데즈컴바인","12","0","KOSDAQ","1.88","133.21","","130.75"
"A047810","한국항공우주","12","1","KOSPI","-1.17","4517.97","","4571.58"
"A047820","초록뱀미디어","12","0","KOSDAQ","0.63","104.39","","103.74"
"A047920","HLB제약","12","0","KOSDAQ","-3.31","76.33","","78.94"
"A048410","현대바이오","12","0","KOSDAQ","-5.14","174.27","","183.72"
"A048430","유라테크","12","0","KOSDAQ","0.12","99.19","","99.07"
"A048470","대동스틸","12","0","KOSDAQ","-1.32","44.95","","45.55"
"A048530","인트론바이오","12","0","KOSDAQ","-0.68","551.91","","555.67"
"A048550","SM C&C","12","0","KOSDAQ","2.87","269.9","","262.37"
"A048770","TPC로보틱스","12","0","KOSDAQ","0.96","81.27","","80.5"
"A048830","엔피케이","12","0","KOSDAQ","3.98","41.57","","39.98"
"A048870","시너지이노베이션","12","0","KOSDAQ","-3.17","118.23","","122.1"
"A048910","대원미디어","12","0","KOSDAQ","1.86","116.98","","114.85"
"A049070","인탑스","12","0","KOSDAQ","-0.48","179.74","","180.6"
"A049080","기가레인","12","0","KOSDAQ","4.04","142.08","","136.57"
"A049120","파인디앤씨","12","0","KOSDAQ","0.42","78.84","","78.5"
"A049180","셀루메드","12","0","KOSDAQ","-2.93","171.59","","176.77"
"A049430","코메론","12","0","KOSDAQ","0.66","82.97","","82.43"
"A049470","비트플래닛","12","0","KOSDAQ","14.22","90.68","","79.38"
"A049480","오픈베이스","12","0","KOSDAQ","5.16","118.46","","112.65"
"A049520","유아이엘","12","0","KOSDAQ","-1.15","149.44","","151.19"
"A049550","잉크테크","12","0","KOSDAQ","4.41","36.64","","35.09"
"A049630","재영솔루텍","12","0","KOSDAQ","-4.02","70.65","","73.61"
"A049720","고려신용정보","12","0","KOSDAQ","0.31","46.05","","45.9"
"A049800","우진플라임","12","0","KOSPI","-1.33","81.3","","82.4"
"A049830","승일","12","0","KOSDAQ","4.31","63.77","","61.14"
"A049950","미래컴퍼니","12","0","KOSDAQ","-3.29","629.72","","651.17"
"A049960","쎌바이오텍","12","0","KOSDAQ","0.13","356.26","","355.79"
"A050090","비케이홀딩스","12","0","KOSDAQ","0.55","63.12","","62.78"
"A050110","캠시스","12","0","KOSDAQ","1.36","150.76","","148.74"
"A050120","ES큐브","12","0","KOSDAQ","25.77","84.49","","67.18"
"A050760","에스폴리텍","12","0","KOSDAQ","1.28","32.34","","31.93"
"A050860","아세아텍","6","0","KOSDAQ","0.67","52.85","","52.5"
"A050890","쏠리드","12","0","KOSDAQ","-2.94","124.64","","128.42"
"A050960","수산아이앤티","12","0","KOSDAQ","3.37","64.2","","62.11"
"A051160","지어소프트","12","0","KOSDAQ","-4.5","28.85","","30.22"
"A051360","토비스","12","0","KOSDAQ","-0.37","133.57","","134.07"
"A051370","인터플렉스","12","0","KOSDAQ","-7.23","919.05","","990.72"
"A051380","피씨디렉트","12","0","KOSDAQ","8.87","37.02","","34.01"
"A051390","YW","12","0","KOSDAQ","1.01","45.42","","44.97"
"A051490","나라엠앤디","12","0","KOSDAQ","-1.06","66.46","","67.17"
"A051500","CJ프레시웨이","12","0","KOSDAQ","1.57","460.02","","452.9"
"A051600","한전KPS","12","1","KOSPI","-1.67","1858.5","","1890"
"A051630","진양화학","12","0","KOSPI","-1.25","28.38","","28.74"
"A051780","큐로홀딩스","12","0","KOSDAQ","-1.84","64.11","","65.31"
"A051900","LG생활건강","12","1","KOSPI","2.45","18960.49","","18507.56"
"A051910","LG화학","12","1","KOSPI","0.89","28060.46","","27813.38"
"A051980","중앙첨단소재","12","0","KOSDAQ","-1.51","20.02","","20.32"
"A052020","에스티큐브","12","0","KOSDAQ","-4.24","149.75","","156.38"
"A052220","iMBC","12","0","KOSDAQ","-3.04","80.73","","83.26"
"A052260","현대바이오랜드","12","0","KOSDAQ","0","293.25","","293.25"
"A052300","오션인더블유","12","0","KOSDAQ","0.83","71.87","","71.27"
"A052330","코텍","12","0","KOSDAQ","0","249.97","","249.97"
"A052400","코나아이","12","0","KOSDAQ","1.14","206.94","","204.6"
"A052420","오성첨단소재","12","0","KOSDAQ","-6.54","90.44","","96.76"
"A052460","아이크래프트","12","0","KOSDAQ","-0.3","52.91","","53.08"
"A052600","한네트","12","0","KOSDAQ","6.44","39.2","","36.83"
"A052690","한전기술","12","1","KOSPI","1.59","978.43","","963.14"
"A052710","아모텍","12","0","KOSDAQ","0","450.63","","450.63"
"A052770","아이톡시","12","0","KOSDAQ","5.3","99.29","","94.3"
"A052790","액토즈소프트","12","0","KOSDAQ","0.56","204.52","","203.38"
"A052860","아이앤씨","12","0","KOSDAQ","3.24","87.08","","84.35"
"A052900","KX하이텍","12","0","KOSDAQ","-0.45","51.7","","51.94"
"A053030","바이넥스","12","0","KOSDAQ","-0.98","316.22","","319.35"
"A053050","지에스이","12","0","KOSDAQ","-0.89","50.23","","50.68"
"A053060","세동","12","0","KOSDAQ","0.47","21.05","","20.95"
"A053080","케이엔솔","12","0","외감","","","",""
"A053160","프리엠스","12","0","KOSDAQ","5.23","55.5","","52.74"
"A053210","스카이라이프","12","0","KOSPI","0","650.38","","650.38"
"A053260","금강철강","12","0","KOSDAQ","0.91","72.45","","71.79"
"A053270","구영테크","12","0","KOSDAQ","0.73","41.07","","40.78"
"A053280","예스24","12","0","KOSDAQ","0.35","97.87","","97.52"
"A053290","NE능률","12","0","KOSDAQ","0.31","65.53","","65.33"
"A053300","한국정보인증","12","0","KOSDAQ","5.49","191.66","","181.69"
"A053350","이니텍","12","0","KOSDAQ","5.92","148.63","","140.32"
"A053450","세코닉스","12","0","KOSDAQ","-0.37","145.86","","146.41"
"A053580","웹케시","12","0","K-OTC","-3.1","54.57","","56.31"
"A053610","프로텍","12","0","KOSDAQ","-0.51","184.95","","185.89"
"A053620","태양","12","0","KOSDAQ","0.86","100.62","","99.76"
"A053690","한미글로벌","12","0","KOSPI","-1.42","98.03","","99.44"
"A053700","삼보모터스","12","0","KOSDAQ","-4.06","84.21","","87.78"
"A053800","안랩","12","0","KOSDAQ","7.39","567.79","","528.73"
"A053950","경남제약","12","0","KOSDAQ","-2.51","109.11","","111.92"
"A053980","오상자이엘","12","0","KOSDAQ","-2.24","116.07","","118.73"
"A054040","한국컴퓨터","12","0","KOSDAQ","-1.98","87.59","","89.36"
"A054050","NH농우바이오","12","0","KOSDAQ","0.93","233.81","","231.66"
"A054090","삼진엘앤디","12","0","KOSDAQ","2.51","61.15","","59.65"
"A054180","메디콕스","12","0","KOSDAQ","-3.29","41.75","","43.17"
"A054210","이랜텍","12","0","KOSDAQ","-0.33","92.56","","92.87"
"A054220","비츠로시스","12","0","KOSDAQ","-0.77","56.32","","56.76"
"A054300","팬스타엔터프라이즈","12","0","KOSDAQ","-0.11","37.01","","37.05"
"A054410","케이피티유","12","0","KOSDAQ","-5.07","33.14","","34.91"
"A054450","텔레칩스","12","0","KOSDAQ","-3.21","128.1","","132.36"
"A054540","삼영엠텍","12","0","KOSDAQ","-2.46","51.48","","52.78"
"A054620","APS","12","0","KOSDAQ","0.9","93.42","","92.58"
"A054670","대한뉴팜","12","0","KOSDAQ","-1.09","194.51","","196.66"
"A054780","키이스트","12","0","KOSDAQ","3.4","200.22","","193.63"
"A054800","아이디스홀딩스","12","0","KOSDAQ","2.6","142.8","","139.18"
"A054920","한컴위드","12","0","KOSDAQ","18.79","46.93","","39.51"
"A054930","유신","12","0","KOSDAQ","2.1","36.45","","35.7"
"A054940","엑사이엔씨","12","0","KOSDAQ","-1.43","45.78","","46.44"
"A054950","제이브이엠","12","0","KOSDAQ","0.18","348.2","","347.57"
"A055490","테이팩스","12","0","KOSPI","0.16","145.54","","145.3"
"A055550","신한지주","12","1","KOSPI","0.4","23852.24","","23757.4"
"A056080","유진로봇","12","0","KOSDAQ","0.52","113.64","","113.05"
"A056090","시지메드텍","12","0","KOSDAQ","-0.4","96.03","","96.42"
"A056190","SFA","12","0","KOSDAQ","0.9","1409.42","","1396.85"
"A056360","코위버","12","0","KOSDAQ","-4.61","74.95","","78.57"
"A056700","신화인터텍","12","0","KOSDAQ","-1.86","69.34","","70.65"
"A056730","CNT85","12","0","KOSDAQ","29.86","134.69","","103.72"
"A057030","YBM넷","12","0","KOSDAQ","-0.17","49.1","","49.18"
"A057050","현대홈쇼핑","12","1","KOSPI","0","1488","","1488"
"A057540","옴니시스템","12","0","KOSDAQ","1.07","96.21","","95.19"
"A057680","티사이언티픽","12","0","KOSDAQ","29.54","214.46","","165.56"
"A058110","멕아이씨에스","12","0","KOSDAQ","-2.44","25.76","","26.41"
"A058400","KNN","12","0","KOSDAQ","-1.87","139.05","","141.7"
"A058430","포스코스틸리온","12","0","KOSPI","-0.52","171.9","","172.8"
"A058450","한주에이알티","12","0","KOSDAQ","1.83","29.88","","29.34"
"A058470","리노공업","12","0","KOSDAQ","0.18","859.67","","858.15"
"A058610","에스피지","12","0","KOSDAQ","0.16","131.52","","131.32"
"A058630","엠게임","12","0","KOSDAQ","29.86","129.19","","99.48"
"A058650","세아홀딩스","12","0","KOSPI","-1.94","608","","620"
"A058730","다스코","12","0","KOSPI","-1.37","100.1","","101.49"
"A058820","CMG제약","12","0","KOSDAQ","-6.31","630.31","","672.77"
"A058850","KTcs","12","0","KOSPI","1.51","100.52","","99.03"
"A058860","KTis","12","0","KOSPI","0.17","104.58","","104.41"
"A058970","엠로","12","0","KONEX","-0.67","14.18","","14.28"
"A059090","미코","12","0","KOSDAQ","0.12","127.93","","127.77"
"A059100","아이컴포넌트","12","0","KOSDAQ","-3.62","52.68","","54.66"
"A059120","아진엑스텍","12","0","KOSDAQ","-1.33","68.26","","69.18"
"A059210","메타바이오메드","12","0","KOSDAQ","-3.06","76.34","","78.75"
"A059270","해성에어로보틱스","12","0","외감","","","",""
"A060150","인선이엔티","12","0","KOSDAQ","0.96","264.41","","261.91"
"A060230","제이케이시냅스","12","0","KOSDAQ","-1.32","39.18","","39.71"
"A060240","스타코링크","12","0","KOSDAQ","-2.09","192.93","","197.04"
"A060250","NHN KCP","12","0","KOSDAQ","8.93","358.45","","329.07"
"A060260","뉴보텍","12","0","KOSDAQ","-1.7","49.72","","50.58"
"A060280","큐렉소","12","0","KOSDAQ","-8.55","309.47","","338.39"
"A060310","3S","3","0","KOSDAQ","0.8","79.12","","78.49"
"A060370","LS마린솔루션","12","0","KOSDAQ","0.33","99.32","","98.99"
"A060380","동양에스텍","12","0","KOSDAQ","-5.5","31.8","","33.65"
"A060480","국일신동","12","0","KOSDAQ","-0.82","33.55","","33.82"
"A060540","에스에이티","12","0","KOSDAQ","-1.78","48.25","","49.12"
"A060560","HC홈센타","12","0","KOSDAQ","-1.8","159.63","","162.56"
"A060570","드림어스컴퍼니","12","0","KOSDAQ","2.93","283.87","","275.78"
"A060590","씨티씨바이오","12","0","KOSDAQ","-3.18","187.18","","193.33"
"A060720","KH바텍","12","0","KOSDAQ","-3.94","244","","254"
"A060850","영림원소프트랩","12","0","외감","","","",""
"A060900","에이전트AI","12","0","KOSDAQ","2.42","53.55","","52.28"
"A060980","HL홀딩스","12","1","KOSPI","-0.47","680.57","","683.81"
"A061040","알에프텍","12","0","KOSDAQ","2.07","93.92","","92.01"
"A061090","세나테크놀로지","12","0","외감","","","",""
"A061250","화일약품","12","0","KOSDAQ","-0.3","95.4","","95.69"
"A061970","LB세미콘","12","0","KOSDAQ","1.93","127.19","","124.79"
"A062040","산일전기","12","0","외감","","","",""
"A062970","한국첨단소재","12","0","외감","","","",""
"A063080","컴투스홀딩스","12","0","KOSDAQ","3.11","546.08","","529.59"
"A063160","종근당바이오","12","0","KOSPI","-0.45","114.79","","115.31"
"A063170","서울옥션","12","0","KOSDAQ","-0.36","138.89","","139.4"
"A063440","SM Life Design","12","0","KOSDAQ","0.37","51.52","","51.33"
"A063570","NICE인프라","12","0","KOSDAQ","1.92","275.76","","270.56"
"A063760","이엘피","12","0","KOSDAQ","-0.66","148.64","","149.62"
"A064090","인크레더블버즈","12","0","KOSDAQ","0.8","160.75","","159.48"
"A064240","홈캐스트","12","0","KOSDAQ","0.32","509.09","","507.48"
"A064260","다날","12","0","KOSDAQ","14.67","323.58","","282.18"
"A064290","인텍플러스","12","0","KOSDAQ","-3.48","61.29","","63.5"
"A064350","현대로템","12","1","KOSPI","-1.3","1619.25","","1640.5"
"A064400","LG씨엔에스","12","0","외감","","","",""
"A064480","브리지텍","12","0","KOSDAQ","3.77","75.66","","72.91"
"A064520","테크엘","12","0","KOSDAQ","3.99","112.58","","108.26"
"A064550","바이오니아","12","0","KOSDAQ","-3.54","174.28","","180.67"
"A064760","티씨케이","12","0","KOSDAQ","-3.88","810.25","","842.94"
"A064800","포니링크","12","0","KOSDAQ","-1.79","188.47","","191.9"
"A064820","케이프","12","0","KOSDAQ","0","68.35","","68.35"
"A064850","에프앤가이드","12","0","KONEX","0","21.59","","21.59"
"A064960","SNT모티브","12","1","KOSPI","1.64","678.51","","667.55"
"A065060","지엔코","12","0","KOSDAQ","-4.82","251.39","","264.13"
"A065130","탑엔지니어링","12","0","KOSDAQ","-0.9","105.28","","106.24"
"A065150","대산F&B","12","0","KOSDAQ","0","106.26","","106.26"
"A065170","비엘팜텍","12","0","KOSDAQ","-1.11","70.54","","71.34"
"A065350","신성델타테크","12","0","KOSDAQ","-1.27","119.94","","121.49"
"A065370","위세아이텍","12","0","외감","","","",""
"A065420","에스아이리소스","12","0","KOSDAQ","-1.76","47.28","","48.13"
"A065440","이루온","12","0","KOSDAQ","4.14","42.31","","40.63"
"A065450","빅텍","12","0","KOSDAQ","-0.76","96.41","","97.14"
"A065500","오리엔트정공","12","0","KOSDAQ","-1.34","39.19","","39.73"
"A065510","휴비츠","12","0","KOSDAQ","0.74","161","","159.81"
"A065530","와이어블","12","0","KOSDAQ","-0.64","82.2","","82.73"
"A065570","삼영이엔씨","12","0","KOSDAQ","-0.11","79.55","","79.64"
"A065650","하이퍼코퍼레이션","12","0","KOSDAQ","2.59","147.25","","143.53"
"A065660","안트로젠","12","0","KOSDAQ","4.93","321.33","","306.21"
"A065680","우주일렉트로","12","0","KOSDAQ","-0.36","135.6","","136.1"
"A065690","파커스","12","0","KOSDAQ","-2.65","45.82","","47.07"
"A065710","서호전기","12","0","KOSDAQ","4.11","78.28","","75.19"
"A065770","CS","12","0","KOSDAQ","0.82","34.56","","34.28"
"A065950","웰크론","12","0","KOSDAQ","-0.81","77.87","","78.51"
"A066130","하츠","12","0","KOSDAQ","-0.1","61.44","","61.5"
"A066310","큐에스아이","12","0","KOSDAQ","-0.32","51.99","","52.15"
"A066360","체리부로","12","0","KOSDAQ","2.26","100.9","","98.67"
"A066410","버킷스튜디오","12","0","KOSDAQ","3.19","53.84","","52.17"
"A066430","아이로보틱스","12","0","KOSDAQ","-12.35","28.58","","32.6"
"A066570","LG전자","12","1","KOSPI","-1.42","17019.37","","17264.84"
"A066590","스모트로닉","12","0","KOSDAQ","-0.61","57.69","","58.04"
"A066620","국보디자인","12","0","KOSDAQ","-0.8","138.75","","139.88"
"A066670","디티씨","12","0","KOSDAQ","-0.26","71.12","","71.31"
"A066700","테라젠이텍스","12","0","KOSDAQ","1.2","376.85","","372.36"
"A066790","씨씨에스","12","0","KOSDAQ","-5.17","52.57","","55.43"
"A066900","디에이피","12","0","KOSDAQ","-0.6","75.85","","76.31"
"A066910","손오공","12","0","KOSDAQ","15.68","106.63","","92.18"
"A066970","엘앤에프","12","0","KOSDAQ","-2.61","962.23","","988.03"
"A066980","한성크린텍","12","0","KOSDAQ","6.01","152.34","","143.7"
"A067000","조이시티","12","0","KOSDAQ","0","161.43","","161.43"
"A067010","이씨에스","3","0","KOSDAQ","0","35.4","","35.4"
"A067080","대화제약","12","0","KOSDAQ","2.3","404.59","","395.48"
"A067160","SOOP","12","0","KOSDAQ","2.65","219.32","","213.67"
"A067170","오텍","12","0","KOSDAQ","0","145.67","","145.67"
"A067280","멀티캠퍼스","12","0","KOSDAQ","-1.02","201.51","","203.58"
"A067290","JW신약","12","0","KOSDAQ","-1.85","323.17","","327.12"
"A067310","하나마이크론","12","0","KOSDAQ","-1.47","119.68","","121.47"
"A067370","선바이오","12","0","KONEX","3.21","98.31","","95.25"
"A067390","아스트","12","0","KOSDAQ","-2.1","274.89","","280.78"
"A067570","엔브이에이치코리아","12","0","KOSDAQ","0","96.22","","96.22"
"A067630","HLB생명과학","12","0","KOSDAQ","-1.33","211.89","","214.76"
"A067730","로지시스","12","0","KOSDAQ","3.08","34.37","","33.35"
"A067770","세진티에스","12","0","KOSDAQ","-0.18","23.22","","23.26"
"A067830","세이브존I&C","12","0","KOSPI","1.03","200.9","","198.84"
"A067900","와이엔텍","12","0","KOSDAQ","0","77.08","","77.08"
"A067920","이글루","12","0","KOSDAQ","9.8","56.08","","51.08"
"A067990","도이치모터스","12","0","KOSDAQ","2.21","146.02","","142.87"
"A068050","팬엔터테인먼트","12","0","KOSDAQ","0.68","45.08","","44.78"
"A068100","케이웨더","12","0","외감","","","",""
"A068240","다원시스","12","0","KOSDAQ","2.99","335.3","","325.58"
"A068270","셀트리온","12","0","KOSDAQ","-0.81","25612.75","","25821.28"
"A068290","삼성출판사","12","0","KOSPI","-2.6","112.5","","115.5"
"A068330","일신바이오","12","0","KOSDAQ","1.48","106.12","","104.57"
"A068760","셀트리온제약","12","0","KOSDAQ","-0.82","2010.39","","2027.06"
"A068790","DMS","12","0","KOSDAQ","-3","155.52","","160.33"
"A068930","디지털대성","12","0","KOSDAQ","0.24","93.08","","92.85"
"A068940","셀피글로벌","12","0","KOSDAQ","9.44","79.51","","72.65"
"A069080","웹젠","12","0","KOSDAQ","4.92","1355.94","","1292.38"
"A069140","누리플랜","12","0","KOSDAQ","0","23.38","","23.38"
"A069260","TKG휴켐스","12","1","KOSPI","0.98","1048.54","","1038.32"
"A069330","유아이디","12","0","KOSDAQ","-5.76","42.8","","45.41"
"A069410","엔텔스","12","0","KOSDAQ","9.93","106.94","","97.28"
"A069460","대호에이엘","12","0","KOSPI","-0.4","33.51","","33.65"
"A069510","에스텍","12","0","KOSDAQ","-2.81","132.01","","135.83"
"A069540","빛과전자","12","0","KOSDAQ","-2.36","42.5","","43.53"
"A069620","대웅제약","12","1","KOSPI","-1.65","1726.4","","1755.37"
"A069640","한세엠케이","12","0","KOSPI","-1.22","156.2","","158.14"
"A069730","DSR제강","12","0","KOSPI","-0.9","79.34","","80.06"
"A069920","엑시온그룹","12","0","KOSDAQ","-1.38","100.14","","101.55"
"A069960","현대백화점","12","1","KOSPI","0","2480.66","","2480.66"
"A070300","엑스큐어","12","0","KOSDAQ","0.85","43.46","","43.09"
"A070590","인티큐브","12","0","KOSDAQ","-1.7","28.04","","28.52"
"A070960","모나용평","12","0","KOSPI","0.93","524.65","","519.84"
"A071050","한국금융지주","12","1","KOSPI","-1.31","3772.65","","3822.8"
"A071090","하이스틸","12","0","KOSPI","0","45.3","","45.3"
"A071200","인피니트헬스케어","12","0","KOSDAQ","-2.93","185.9","","191.51"
"A071280","로체시스템즈","12","0","KOSDAQ","-2.74","81.53","","83.83"
"A071320","지역난방공사","12","0","KOSPI","0.27","866.09","","863.77"
"A071670","에이테크솔루션","12","0","KOSDAQ","2.29","134","","131"
"A071840","롯데하이마트","12","0","KOSPI","-3.49","1697.39","","1758.77"
"A071850","캐스텍코리아","12","0","KOSDAQ","2.29","58.09","","56.79"
"A071950","코아스","12","0","KOSPI","-0.43","35.7","","35.85"
"A071970","HD현대마린엔진","12","0","KOSPI","-2.25","118.02","","120.74"
"A072020","중앙백신","12","0","KOSDAQ","-1.4","128.47","","130.3"
"A072130","유엔젤","12","0","KOSPI","-1.09","59.71","","60.37"
"A072470","우리산업홀딩스","12","0","KOSDAQ","-0.28","135.23","","135.61"
"A072710","농심홀딩스","12","0","KOSPI","1.28","551.9","","544.94"
"A072770","멤레이비티","12","0","KOSDAQ","-0.37","40.61","","40.77"
"A072870","메가스터디","12","0","KOSDAQ","-0.48","126.11","","126.71"
"A072950","빛샘전자","12","0","KOSDAQ","4.24","38.34","","36.78"
"A072990","에이치시티","12","0","KOSDAQ","-1.94","46.26","","47.17"
"A073010","케이에스피","12","0","KOSDAQ","0","28.35","","28.35"
"A073110","엘엠에스","12","0","KOSDAQ","0.22","79.53","","79.35"
"A073190","듀오백","12","0","KOSDAQ","0.48","24.95","","24.83"
"A073240","금호타이어","12","1","KOSPI","2.58","722.03","","703.86"
"A073490","LIG아큐버","12","0","KOSDAQ","-0.75","119.45","","120.35"
"A073540","에프알텍","12","0","KOSDAQ","0.31","36.42","","36.31"
"A073560","우리손에프앤지","12","0","KOSDAQ","0.86","163.05","","161.67"
"A073570","리튬포어스","12","0","KOSDAQ","5.12","24.44","","23.25"
"A073640","테라사이언스","12","0","KOSDAQ","-3.61","27.1","","28.12"
"A074430","아미노로직스","12","0","KOSDAQ","-1.35","192.78","","195.41"
"A074600","원익QnC","12","0","KOSDAQ","0","428.49","","428.49"
"A074610","이엔플러스","12","0","KOSPI","-2.66","152.11","","156.27"
"A075130","플랜티넷","12","0","KOSDAQ","2.57","50","","48.74"
"A075180","새론오토모티브","12","0","KOSPI","0.27","141.7","","141.31"
"A075580","세진중공업","12","0","KOSPI","-1.24","107.25","","108.59"
"A075970","동국알앤에스","12","0","KOSDAQ","-1.17","46.55","","47.1"
"A076080","웰크론한텍","12","0","KOSDAQ","-1.26","60.51","","61.28"
"A076610","해성옵틱스","12","0","KOSDAQ","-3.43","77.46","","80.21"
"A077360","덕산하이메탈","12","0","KOSDAQ","1.94","190.61","","186.97"
"A077500","유니퀘스트","12","0","KOSPI","1.17","233.98","","231.28"
"A077970","STX엔진","12","0","KOSPI","-1.03","198.34","","200.41"
"A078000","텔코웨어","12","0","KOSPI","-0.39","123.22","","123.71"
"A078020","LS증권","12","0","KOSDAQ","0.92","445.29","","441.24"
"A078070","유비쿼스홀딩스","12","0","KOSDAQ","-1.14","111.73","","113.01"
"A078130","국일제지","12","0","KOSDAQ","-4.73","86.71","","91.02"
"A078140","대봉엘에스","12","0","KOSDAQ","0","111.42","","111.42"
"A078150","HB테크놀러지","12","0","KOSDAQ","0.15","267.78","","267.38"
"A078160","메디포스트","12","0","KOSDAQ","-4.26","705.69","","737.12"
"A078340","컴투스","12","0","KOSDAQ","1.7","1695.79","","1667.49"
"A078350","한양디지텍","12","0","KOSDAQ","-0.88","33.9","","34.2"
"A078520","에이블씨엔씨","12","1","KOSPI","-1.57","316.7","","321.77"
"A078590","휴림에이텍","12","0","KOSDAQ","0","27.04","","27.04"
"A078600","대주전자재료","12","0","KOSDAQ","-2.13","200.81","","205.17"
"A078860","아이오케이이엔엠","12","0","KOSDAQ","-2","64.97","","66.3"
"A078890","가온그룹","12","0","KOSDAQ","-1.66","158.89","","161.57"
"A078930","GS","12","1","KOSPI","-0.49","5705","","5732.88"
"A079000","와토스코리아","12","0","KOSDAQ","0.28","47.94","","47.8"
"A079160","CJ CGV","12","1","KOSPI","3.28","1599.8","","1549.01"
"A079170","한창산업","12","0","KOSDAQ","-1.55","33.07","","33.59"
"A079190","케스피온","12","0","KOSDAQ","0.16","92.94","","92.79"
"A079370","제우스","12","0","KOSDAQ","-0.3","170.3","","170.82"
"A079430","현대리바트","12","1","KOSPI","-0.93","654.05","","660.21"
"A079550","LIG디펜스앤에어로스페이스","12","1","KOSPI","-0.69","1262.8","","1271.6"
"A079650","서산","12","0","KOSDAQ","-2.43","84.2","","86.3"
"A079810","APS이노베이션","12","0","KOSDAQ","0","38.21","","38.21"
"A079900","전진건설로봇","12","0","외감","","","",""
"A079940","가비아","12","0","KOSDAQ","3.85","80.4","","77.42"
"A079950","인베니아","12","0","KOSDAQ","-0.55","104.75","","105.33"
"A079960","동양이엔피","12","0","KOSDAQ","-0.4","97.07","","97.46"
"A079970","투비소프트","12","0","KOSDAQ","-0.88","119.55","","120.6"
"A079980","휴비스","12","0","KOSPI","-1.68","342.59","","348.45"
"A080010","이상네트웍스","12","0","KOSDAQ","0.22","81.14","","80.95"
"A080160","모두투어","12","0","KOSDAQ","0.3","626.54","","624.65"
"A080220","제주반도체","12","0","KOSDAQ","1.24","112.56","","111.19"
"A080420","모다이노칩","12","0","KOSDAQ","-4.44","428.5","","448.43"
"A080470","성창오토텍","12","0","KOSDAQ","-3.25","58.77","","60.74"
"A080520","오디텍","12","0","KOSDAQ","-3.23","95.15","","98.32"
"A080530","코디","12","0","KOSDAQ","-1.37","19.26","","19.53"
"A080580","오킨스전자","12","0","KOSDAQ","-1.01","27.28","","27.56"
"A080720","한국유니온제약","12","0","외감","","","",""
"A081000","일진다이아","12","0","KOSPI","-1.36","205.26","","208.08"
"A081150","티플랙스","12","0","KOSDAQ","-2.66","44.41","","45.62"
"A081180","쎄크","12","0","외감","","","",""
"A081580","성우전자","12","0","KOSDAQ","-0.45","68.86","","69.17"
"A081660","미스토홀딩스","12","0","KOSPI","1.25","993.73","","981.51"
"A082210","옵트론텍","12","0","KOSDAQ","-1.59","153.41","","155.89"
"A082270","젬백스","12","0","KOSDAQ","-2.17","416.78","","426"
"A082640","동양생명","12","0","KOSPI","-0.25","1271.51","","1274.73"
"A082660","코스나인","12","0","KOSDAQ","-0.48","33.64","","33.8"
"A082740","한화엔진","12","0","KOSPI","-3.13","279.39","","288.43"
"A082800","비보존 제약","12","0","KOSDAQ","0.47","40.78","","40.59"
"A082850","우리바이오","12","0","KOSDAQ","4.98","65.6","","62.49"
"A082920","비츠로셀","12","0","KOSDAQ","0","284.06","","284.06"
"A083310","엘오티베큠","12","0","KOSDAQ","-2.13","202.27","","206.68"
"A083420","그린케미칼","12","0","KOSPI","0.11","89.9","","89.8"
"A083450","GST","12","0","KOSDAQ","-1.17","118.34","","119.73"
"A083470","이엠앤아이","12","0","KOSDAQ","0.99","32.55","","32.23"
"A083500","에프엔에스테크","12","0","KOSDAQ","-3.47","49.76","","51.55"
"A083550","케이엠","12","0","KOSDAQ","-0.52","56.94","","57.24"
"A083640","인콘","12","0","KOSDAQ","5.73","53.14","","50.26"
"A083650","비에이치아이","12","0","KOSDAQ","-2.9","108.81","","112.06"
"A083660","CSA 코스믹","12","0","KOSDAQ","-2.74","77.21","","79.39"
"A083790","CG인바이츠","12","0","KOSDAQ","-2.8","494.75","","509"
"A083930","아바코","12","0","KOSDAQ","-2.03","108.3","","110.54"
"A084010","대한제강","12","0","KOSPI","-1.4","242.77","","246.22"
"A084110","휴온스글로벌","12","0","KOSDAQ","3.33","522.35","","505.5"
"A084180","수성웹툰","12","0","KOSDAQ","0.76","44.42","","44.09"
"A084370","유진테크","12","0","KOSDAQ","-0.72","475.51","","478.95"
"A084440","유비온","9","0","KONEX","-11.13","7.78","","8.75"
"A084650","랩지노믹스","12","0","KOSDAQ","-1.44","87.47","","88.75"
"A084670","동양고속","12","0","KOSPI","-0.14","93.18","","93.31"
"A084680","이월드","12","0","KOSPI","-0.82","164.28","","165.63"
"A084690","대상홀딩스","12","0","KOSPI","-1.46","367.56","","372.99"
"A084730","팅크웨어","12","0","KOSDAQ","-0.48","108.95","","109.47"
"A084850","아이티엠반도체","12","0","외감","","","",""
"A084870","TBH글로벌","12","0","KOSPI","-0.13","163.31","","163.52"
"A084990","헬릭스미스","12","0","KOSDAQ","-2.78","2289.72","","2355.14"
"A085310","엔케이","12","0","KOSPI","0.38","106.38","","105.98"
"A085620","미래에셋생명","12","0","KOSPI","-4.7","765.1","","802.85"
"A085660","차바이오텍","12","0","KOSDAQ","-7.41","952.38","","1028.57"
"A085670","뉴프렉스","12","0","KOSDAQ","-4.27","65.2","","68.11"
"A085810","알티캐스트","12","0","KOSDAQ","-1.3","104.42","","105.8"
"A085910","네오티스","12","0","KOSDAQ","0","51.76","","51.76"
"A086040","바이오톡스텍","12","0","KOSDAQ","-3.53","103.14","","106.91"
"A086060","진바이오텍","12","0","KOSDAQ","0.41","42.32","","42.15"
"A086280","현대글로비스","12","1","KOSPI","-0.35","5287.5","","5306.25"
"A086390","유니테스트","12","0","KOSDAQ","0","264.18","","264.18"
"A086450","동국제약","12","0","KOSDAQ","-0.33","531.74","","533.52"
"A086520","에코프로","12","0","KOSDAQ","-1.91","793.04","","808.5"
"A086670","비엠티","12","0","KOSDAQ","0.66","50.02","","49.69"
"A086710","선진뷰티사이언스","12","0","외감","","","",""
"A086790","하나금융지주","12","1","KOSPI","0.3","14652.15","","14607.75"
"A086820","바이오솔루션","12","0","외감","","","",""
"A086890","이수앱지스","12","0","KOSDAQ","-3.72","206.67","","214.66"
"A086900","메디톡스","12","0","KOSDAQ","0.78","2564.67","","2544.88"
"A086960","MDS테크","12","0","KOSDAQ","2.02","178.28","","174.75"
"A086980","쇼박스","12","0","KOSDAQ","6.19","364.96","","343.67"
"A087010","펩트론","12","0","KOSDAQ","-3.12","433.34","","447.29"
"A087260","모바일어플라이언스","12","0","KOSDAQ","0.84","143.25","","142.05"
"A087600","픽셀플러스","12","0","KOSDAQ","-3.94","81.58","","84.93"
"A088130","동아엘텍","12","0","KOSDAQ","0.81","138.26","","137.15"
"A088280","쏘닉스","12","0","외감","","","",""
"A088290","이원컴포텍","12","0","KOSDAQ","-16.6","27.93","","33.48"
"A088340","유라클","12","0","외감","","","",""
"A088350","한화생명","12","1","KOSPI","-1.26","6105.77","","6183.93"
"A088390","이녹스","12","0","KOSDAQ","0","129.51","","129.51"
"A088790","진도","12","0","KOSPI","3.72","69.46","","66.97"
"A088800","에이스테크","12","0","KOSDAQ","1.02","141.3","","139.88"
"A088910","동우팜투테이블","12","0","KOSDAQ","-1.36","97.59","","98.94"
"A089010","켐트로닉스","12","0","KOSDAQ","1","74.93","","74.18"
"A089030","테크윙","12","0","KOSDAQ","2.67","318.34","","310.06"
"A089140","넥스턴앤롤코리아","12","0","KOSDAQ","-0.71","164.67","","165.85"
"A089150","케이씨티","12","0","KOSDAQ","6.59","48.53","","45.53"
"A089230","THE E&M","12","0","KOSDAQ","0","77.99","","77.99"
"A089470","HDC현대EP","12","0","KOSPI","-0.43","223.3","","224.26"
"A089590","제주항공","12","0","KOSPI","-2.1","923.8","","943.57"
"A089600","KT나스미디어","12","0","KOSDAQ","2.68","604.07","","588.32"
"A089790","제이티","12","0","KOSDAQ","-4.94","18.82","","19.8"
"A089850","유비벨록스","12","0","KOSDAQ","5.45","75.78","","71.87"
"A089860","롯데렌탈","12","0","외감","","","",""
"A089890","코세스","12","0","KOSDAQ","-1.77","42.13","","42.89"
"A089970","브이엠","12","0","외감","","","",""
"A089980","상아프론테크","12","0","KOSDAQ","-2.17","193.27","","197.55"
"A090080","평화산업","12","0","KOSPI","0.34","55.54","","55.36"
"A090150","아이윈","12","0","KOSDAQ","-2.07","25.16","","25.69"
"A090350","노루페인트","12","0","KOSPI","-1.65","178.8","","181.8"
"A090360","로보스타","12","0","KOSDAQ","4.01","151.71","","145.86"
"A090370","메타랩스","12","0","KOSPI","6.1","83.97","","79.14"
"A090410","덕신이피씨","12","0","KOSDAQ","-2.52","61.89","","63.5"
"A090430","아모레퍼시픽","12","1","KOSPI","1.12","18531.34","","18326.74"
"A090460","비에이치","12","0","KOSDAQ","-3.12","825.52","","852.1"
"A090470","제이스로보틱스","12","0","KOSDAQ","0","261.3","","261.3"
"A090710","휴림로봇","12","0","KOSDAQ","5.94","143.38","","135.34"
"A090850","현대이지웰","12","0","KOSDAQ","1.12","53.52","","52.93"
"A091120","이엠텍","12","0","KOSDAQ","-1.37","261.48","","265.12"
"A091340","S&K폴리텍","12","0","KOSDAQ","1.97","66.71","","65.42"
"A091440","한울소재과학","12","0","KOSDAQ","-1.99","20.59","","21.01"
"A091580","상신이디피","12","0","KOSDAQ","1.93","83.58","","82"
"A091590","남화토건","12","0","KOSDAQ","-1.36","68.21","","69.15"
"A091700","파트론","12","0","KOSDAQ","0.62","526.94","","523.69"
"A091810","트리니티항공","12","0","외감","","","",""
"A091970","LSK아이로봇","12","0","KOSDAQ","-0.61","97.09","","97.69"
"A092040","아미코젠","12","0","KOSDAQ","-0.55","433.73","","436.13"
"A092070","디엔에프","12","0","KOSDAQ","-0.35","154.97","","155.51"
"A092130","이크레더블","12","0","KOSDAQ","0.32","186.68","","186.07"
"A092190","서울바이오시스","12","0","외감","","","",""
"A092200","디아이씨","12","0","KOSPI","-0.37","182.66","","183.33"
"A092220","KEC","12","0","KOSPI","-1.88","137.73","","140.36"
"A092230","KPX홀딩스","12","0","KOSPI","-0.61","277.14","","278.83"
"A092300","현우산업","12","0","KOSDAQ","-1.43","42.26","","42.88"
"A092440","기신정기","3","0","KOSPI","2.95","142.79","","138.7"
"A092460","한라IMS","12","0","KOSDAQ","2.51","73.89","","72.08"
"A092600","앤씨앤","12","0","KOSDAQ","-2.56","91.98","","94.4"
"A092730","네오팜","12","0","KOSDAQ","4.53","292.48","","279.8"
"A092780","DYP","12","0","KOSPI","-3.35","58.86","","60.9"
"A092790","넥스틸","12","0","외감","","","",""
"A092870","엑시콘","12","0","KOSDAQ","-2.89","149.24","","153.68"
"A093050","LF","12","1","KOSPI","1.23","959.07","","947.38"
"A093190","빅솔론","12","0","KOSDAQ","-0.46","125.44","","126.01"
"A093240","형지엘리트","6","0","KOSPI","-1.89","99.01","","100.91"
"A093320","케이아이엔엑스","12","0","KOSDAQ","0.35","70.27","","70.03"
"A093370","후성","12","1","KOSPI","-0.7","922.15","","928.62"
"A093380","풍강","8","0","KOSDAQ","-0.44","33.19","","33.34"
"A093520","매커스","12","0","KOSDAQ","22.81","86.15","","70.15"
"A093640","케이알엠","12","0","KOSDAQ","0.5","26.26","","26.13"
"A093920","서원인텍","12","0","KOSDAQ","-0.12","160.7","","160.89"
"A094170","동운아나텍","12","0","KOSDAQ","-1.49","99.15","","100.65"
"A094280","효성ITX","12","0","KOSPI","9.16","158.35","","145.06"
"A094360","칩스앤미디어","12","0","KOSDAQ","-0.74","59.74","","60.18"
"A094480","갤럭시아머니트리","12","0","KOSDAQ","25.74","238.24","","189.47"
"A094820","일진파워","12","0","KOSDAQ","-0.55","81.43","","81.88"
"A094840","슈프리마에이치큐","12","0","KOSDAQ","0.67","63.04","","62.62"
"A094850","참좋은여행","12","0","KOSDAQ","-0.45","155.4","","156.1"
"A094860","네오리진","12","0","KOSDAQ","1.76","32.98","","32.4"
"A094940","푸른로보틱스","12","0","KOSDAQ","3.05","37.8","","36.68"
"A094970","제이엠티","12","0","KOSDAQ","-4.91","116.74","","122.76"
"A095190","신화프리텍","12","0","KOSDAQ","-2.89","64.67","","66.6"
"A095270","웨이브일렉트로","12","0","KOSDAQ","-0.7","225.88","","227.47"
"A095340","ISC","12","0","KOSDAQ","-2.56","258.45","","265.25"
"A095500","미래나노텍","12","0","KOSDAQ","-0.39","118.78","","119.24"
"A095570","AJ네트웍스","12","0","KOSPI","-1.76","338.99","","345.08"
"A095610","테스","12","0","KOSDAQ","-0.13","754.64","","755.62"
"A095660","네오위즈","12","0","KOSDAQ","3.64","280.51","","270.65"
"A095700","제넥신","12","0","KOSDAQ","-4.46","1058.88","","1108.27"
"A095720","웅진씽크빅","12","0","KOSPI","-1.75","252.73","","257.24"
"A095910","에스에너지","12","0","KOSDAQ","3.1","105.54","","102.37"
"A096240","크레버스","12","0","KOSDAQ","0.3","118.25","","117.9"
"A096250","와이즈넛","12","0","외감","","","",""
"A096350","대창솔루션","12","0","KOSDAQ","-0.37","24.3","","24.39"
"A096530","씨젠","12","0","KOSDAQ","2.07","842.11","","825.06"
"A096610","알에프세미","12","0","KOSDAQ","0.16","52.06","","51.97"
"A096630","에스코넥","12","0","KOSDAQ","-1.33","145.22","","147.17"
"A096690","에이루트","12","0","KOSDAQ","0","162.77","","162.77"
"A096760","JW홀딩스","12","1","KOSPI","-0.62","496.17","","499.27"
"A096770","SK이노베이션","12","1","KOSPI","-0.49","18724.28","","18816.74"
"A096870","엘디티","12","0","KOSDAQ","-0.75","22.07","","22.24"
"A097230","HJ중공업","12","1","KOSPI","-0.15","352.62","","353.15"
"A097520","엠씨넥스","12","0","KOSDAQ","1.52","180.41","","177.71"
"A097780","에코볼트","12","0","KOSDAQ","-2.13","170.45","","174.15"
"A097800","윈팩","12","0","KOSDAQ","9.67","28.12","","25.64"
"A097870","효성오앤비","6","0","KOSDAQ","-1.94","58.58","","59.74"
"A097950","CJ제일제당","12","1","KOSPI","-0.62","5250.93","","5280.77"
"A098070","한텍","12","0","외감","","","",""
"A098120","마이크로컨텍솔","12","0","KOSDAQ","-2.71","37.32","","38.36"
"A098460","고영","12","0","KOSDAQ","-1.18","1150.99","","1164.67"
"A098660","에스티오","12","0","KOSDAQ","-3.1","25.11","","25.92"
"A099190","아이센스","12","0","KOSDAQ","-0.43","320.01","","321.38"
"A099220","SDN","12","0","KOSDAQ","0.88","60.49","","59.96"
"A099320","쎄트렉아이","12","0","KOSDAQ","-2.12","151.89","","155.18"
"A099390","브레인즈컴퍼니","12","0","외감","","","",""
"A099410","동방선기","12","0","KOSDAQ","1.3","26.34","","26"
"A099430","바이오플러스","12","0","외감","","","",""
"A099440","스맥","12","0","KOSDAQ","-0.98","102.34","","103.36"
"A099520","DGI","12","0","KOSDAQ","0.4","20.91","","20.83"
"A099750","이지케어텍","3","0","외감","","","",""
"A100030","인지소프트","12","0","KOSDAQ","-3.6","39.57","","41.05"
"A100090","SK오션플랜트","12","0","KOSDAQ","-0.85","97.75","","98.59"
"A100120","뷰웍스","12","0","KOSDAQ","-0.66","377.57","","380.07"
"A100130","동국S&C","12","0","KOSDAQ","0.53","324","","322.29"
"A100220","비상교육","12","0","KOSPI","0","152.71","","152.71"
"A100250","진양홀딩스","12","0","KOSPI","0.33","169.08","","168.52"
"A100590","머큐리","12","0","외감","","","",""
"A100660","서암기계공업","12","0","KOSDAQ","-2.12","40.7","","41.58"
"A100700","세운메디칼","12","0","KOSDAQ","-1.37","157.24","","159.43"
"A100790","미래에셋벤처투자","12","0","외감","","","",""
"A100840","SNT에너지","12","0","KOSPI","2.26","112.29","","109.81"
"A101000","KS인더스트리","12","0","KOSDAQ","7.78","111.19","","103.17"
"A101140","인바이오젠","12","0","KOSPI","-7.35","61.11","","65.96"
"A101160","월덱스","12","0","KOSDAQ","-2.99","101.87","","105.01"
"A101170","우림피티에스","12","0","KOSDAQ","-0.34","59","","59.2"
"A101240","씨큐브","12","0","KOSDAQ","0.79","67.68","","67.15"
"A101330","모베이스","12","0","KOSDAQ","-0.74","133.95","","134.95"
"A101360","에코앤드림","12","0","KONEX","0","5.03","","5.03"
"A101390","아이엠","12","0","KOSDAQ","-3.66","71.33","","74.04"
"A101400","엔시트론","12","0","KOSDAQ","-6.13","57.22","","60.96"
"A101490","에스앤에스텍","12","0","KOSDAQ","0.12","82","","81.9"
"A101530","해태제과식품","12","0","KOSPI","-1.53","467.32","","474.6"
"A101670","하이드로리튬","12","0","KOSDAQ","-1.16","32.13","","32.51"
"A101680","한국정밀기계","12","0","KOSDAQ","0.22","19.2","","19.16"
"A101730","위메이드맥스","12","0","KOSDAQ","-0.49","86.75","","87.18"
"A101930","인화정공","12","0","KOSDAQ","0.11","41.85","","41.81"
"A101970","우양에이치씨","12","0","외감","","","",""
"A102120","어보브반도체","12","0","KOSDAQ","-0.63","137.58","","138.46"
"A102260","동성케미컬","12","0","KOSPI","-1.04","259.04","","261.76"
"A102370","케이옥션","12","0","외감","","","",""
"A102460","이연제약","12","0","KOSPI","-3.41","274.13","","283.8"
"A102710","이엔에프테크놀로지","12","0","KOSDAQ","0.4","358.55","","357.13"
"A102940","코오롱생명과학","12","0","KOSDAQ","0.79","1160.66","","1151.53"
"A103140","풍산","12","1","KOSPI","-1.57","1226.06","","1245.68"
"A103230","에스앤더블류","12","0","KOSDAQ","-1.82","21.35","","21.74"
"A103590","일진전기","12","0","KOSPI","-0.33","167.97","","168.53"
"A103840","우양","12","0","외감","","","",""
"A104040","디에스엠","12","0","KOSDAQ","4.53","64.95","","62.13"
"A104200","NHN벅스","12","0","KOSDAQ","1.96","131.22","","128.7"
"A104460","디와이피엔에프","12","0","KOSDAQ","-1.05","40.39","","40.82"
"A104480","티케이케미칼","12","0","KOSDAQ","-0.76","178.61","","179.97"
"A104540","코렌텍","12","0","KOSDAQ","-1.25","117.76","","119.25"
"A104620","노랑풍선","12","0","외감","","","",""
"A104700","한국철강","12","0","KOSPI","-1.05","347.22","","350.9"
"A104830","원익머트리얼즈","12","0","KOSDAQ","2.01","448.84","","440.02"
"A105330","케이엔더블유","12","0","KOSDAQ","0.2","28.65","","28.59"
"A105550","엣지파운드리","12","0","KOSDAQ","-3.71","46.33","","48.12"
"A105560","KB금융","12","1","KOSPI","-0.48","26048.35","","26173.78"
"A105630","한세실업","12","1","KOSPI","-2.04","1150","","1174"
"A105740","디케이락","12","0","KOSDAQ","-0.81","38.57","","38.88"
"A105760","포스뱅크","12","0","외감","","","",""
"A105840","우진","12","0","KOSPI","-0.59","88.36","","88.88"
"A106080","케이이엠텍","12","0","KOSDAQ","-2","41","","41.84"
"A106190","하이텍팜","12","0","KOSDAQ","-1.75","79.39","","80.81"
"A106240","파인테크닉스","12","0","KOSDAQ","-2.11","88.64","","89.85"
"A106520","노블엠앤비","12","0","KOSDAQ","29.86","93.67","","72.13"
"A107590","미원홀딩스","12","0","KOSPI","-1.14","101.43","","102.6"
"A107600","새빗켐","12","0","외감","","","",""
"A107640","한중엔시에스","12","0","KONEX","-8.16","13.32","","14.5"
"A108230","톱텍","12","0","KOSDAQ","-2.1","927.22","","947.06"
"A108320","LX세미콘","12","0","KOSDAQ","0.5","816.47","","812.4"
"A108380","대양전기공업","12","0","KOSDAQ","-2.87","113.37","","116.72"
"A108490","로보티즈","12","0","외감","","","",""
"A108670","LX하우시스","12","1","KOSPI","0.72","874.35","","868.07"
"A108860","셀바스AI","12","0","KOSDAQ","1.8","99.8","","98.04"
"A109070","주성코퍼레이션","12","0","KOSPI","5.47","28.39","","26.92"
"A109080","옵티시스","12","0","KOSDAQ","-0.31","36.41","","36.52"
"A109610","에스와이","12","0","KOSDAQ","-1.65","158.1","","160.75"
"A109670","씨싸이트","12","0","외감","","","",""
"A109740","디에스케이","12","0","KOSDAQ","-2.45","180.47","","185"
"A109820","진매트릭스","12","0","KOSDAQ","-1.82","38.51","","39.23"
"A109860","동일금속","12","0","KOSDAQ","-0.67","51.8","","52.15"
"A109960","앱토크롬","12","0","KOSDAQ","-2.13","161.93","","165.46"
"A110020","전진바이오팜","12","0","외감","","","",""
"A110790","크리스에프앤씨","12","0","외감","","","",""
"A110990","디아이티","12","0","외감","","","",""
"A111110","호전실업","12","0","KOSPI","1.48","109.6","","108"
"A111380","동인기연","12","0","외감","","","",""
"A111710","남화산업","12","0","외감","","","",""
"A111770","영원무역","12","1","KOSPI","-0.3","1462.28","","1466.71"
"A112040","위메이드","12","0","KOSDAQ","0","786.24","","786.24"
"A112290","와이씨켐","12","0","외감","","","",""
"A112610","씨에스윈드","12","0","KOSPI","2.29","464.12","","453.75"
"A113810","디젠스","12","0","KOSDAQ","0.26","41.41","","41.3"
"A114090","GKL","12","1","KOSPI","-1.49","1840.21","","1868.04"
"A114190","강원에너지","12","0","KOSDAQ","-0.2","38.29","","38.36"
"A114450","그린생명과학","12","0","KOSDAQ","0.34","66.67","","66.45"
"A114630","폴라리스우노","12","0","KOSDAQ","0.99","82.94","","82.12"
"A114810","한솔아이원스","12","0","KOSDAQ","-3.28","123.85","","128.05"
"A114840","아이패밀리에스씨","12","0","외감","","","",""
"A115160","휴맥스","12","0","KOSDAQ","-0.94","227.88","","230.03"
"A115180","큐리언트","12","0","KOSDAQ","-2.16","188.78","","192.94"
"A115310","인포바인","12","0","KOSDAQ","-1.22","90.2","","91.32"
"A115440","우리넷","12","0","KOSDAQ","2.76","47.42","","46.15"
"A115450","HLB테라퓨틱스","12","0","KOSDAQ","-3","671.68","","692.46"
"A115480","씨유메디칼","12","0","KOSDAQ","-2.74","44.22","","45.46"
"A115500","케이씨에스","12","0","KOSDAQ","8.81","55.56","","51.06"
"A115530","씨엔플러스","12","0","KOSDAQ","-1.27","21.8","","22.08"
"A115570","스타플렉스","12","0","KOSDAQ","-1.11","34.53","","34.91"
"A115610","이미지스","12","0","KOSDAQ","2.13","38.58","","37.77"
"A117580","대성에너지","12","0","KOSPI","-0.32","169.4","","169.95"
"A117670","알파칩스","12","0","KOSDAQ","0","115.43","","115.43"
"A117730","티로보틱스","12","0","외감","","","",""
"A118000","메타케어","12","0","KOSPI","1.46","82.66","","81.47"
"A118990","모트렉스","12","0","KOSDAQ","-2.14","172.92","","176.71"
"A119500","포메탈","12","0","KOSDAQ","-1.46","44.07","","44.72"
"A119610","인터로조","12","0","KOSDAQ","-0.68","395.48","","398.17"
"A119650","KC코트렐","12","0","KOSPI","-3.05","66.04","","68.12"
"A119830","아이텍","12","0","KOSDAQ","1.42","26.3","","25.93"
"A119850","지엔씨에너지","12","0","KOSDAQ","2.56","68.52","","66.81"
"A120030","조선선재","12","0","KOSPI","-2.56","100.36","","103"
"A120110","코오롱인더","12","1","KOSPI","-1.99","2136.89","","2180.24"
"A120240","대정화금","12","0","KOSDAQ","-0.4","75.66","","75.96"
"A121440","골프존홀딩스","12","0","KOSDAQ","0","221.47","","221.47"
"A121600","나노신소재","12","0","KOSDAQ","-0.3","177.91","","178.46"
"A121800","비덴트","12","0","KOSDAQ","29.82","521","","401.34"
"A121850","코이즈","12","0","KOSDAQ","-4.21","52.77","","55.09"
"A121890","에스디시스템","12","0","KOSDAQ","-0.63","24.05","","24.21"
"A122310","제노레이","12","0","외감","","","",""
"A122350","삼기","12","0","KOSDAQ","-1.09","112.21","","113.44"
"A122450","KX","12","0","KOSDAQ","-0.41","137.61","","138.18"
"A122640","예스티","12","0","KOSDAQ","-4.17","228.92","","238.87"
"A122690","서진오토모티브","12","0","KOSDAQ","-0.22","72.87","","73.03"
"A122870","와이지엔터테인먼트","12","0","KOSDAQ","2.19","551.03","","539.21"
"A122900","아이마켓코리아","12","0","KOSPI","0.11","331.04","","330.68"
"A122990","와이솔","12","0","KOSDAQ","-0.69","330.82","","333.12"
"A123010","알엔티엑스","12","0","KOSDAQ","2.43","19.89","","19.42"
"A123040","엠에스오토텍","12","0","KOSDAQ","-1.38","47.74","","48.41"
"A123330","제닉","12","0","KOSDAQ","1.61","87.32","","85.93"
"A123410","코리아에프티","12","0","KOSDAQ","-2.13","109","","111.36"
"A123420","위메이드플레이","12","0","KOSDAQ","-0.92","258.39","","260.78"
"A123570","이엠넷","12","0","KOSDAQ","-0.58","47.56","","47.84"
"A123690","한국화장품","12","0","KOSPI","1.42","286.81","","282.8"
"A123700","SJM","12","0","KOSPI","0","78.65","","78.65"
"A123750","알톤","12","0","KOSDAQ","-1.33","42.57","","43.15"
"A123840","뉴온","12","0","KOSDAQ","30","184.54","","141.96"
"A123860","아나패스","12","0","KOSDAQ","-0.5","201.54","","202.55"
"A123890","한국자산신탁","12","0","KOSPI","1.89","755.48","","741.46"
"A124500","아이티센글로벌","12","0","KOSDAQ","-3.61","44.92","","46.6"
"A124560","태웅로직스","12","0","외감","","","",""
"A125020","티씨머티리얼즈","12","0","외감","","","",""
"A125210","아모그린텍","12","0","외감","","","",""
"A125490","한라캐스트","12","0","외감","","","",""
"A126340","비나텍","12","0","KONEX","0","25.26","","25.26"
"A126560","현대퓨처넷","12","0","KOSPI","2.89","441.35","","428.93"
"A126600","BGF에코머티리얼즈","12","0","KOSDAQ","-0.31","101.04","","101.36"
"A126640","화신정공","12","0","KOSDAQ","-1.46","49.1","","49.83"
"A126700","하이비젼시스템","12","0","KOSDAQ","-4.28","183.79","","192.01"
"A126720","수산인더스트리","12","0","외감","","","",""
"A126730","코칩","12","0","외감","","","",""
"A126880","제이엔케이글로벌","12","0","KOSDAQ","-4.3","54.48","","56.92"
"A127120","제이에스링크","12","0","KOSDAQ","8.4","60.99","","56.27"
"A127710","아시아경제","12","0","KOSDAQ","8.77","81.41","","74.85"
"A127980","화인써키트","12","0","외감","","","",""
"A128540","에코캡","12","0","외감","","","",""
"A128660","피제이메탈","12","0","KOSDAQ","0.23","53.82","","53.7"
"A128820","대성산업","12","0","KOSPI","-0.68","164.88","","166.01"
"A128940","한미약품","12","1","KOSPI","-0.7","6296.19","","6340.84"
"A129260","인터지스","12","0","KOSPI","1.29","93.41","","92.22"
"A129890","앱코","12","0","외감","","","",""
"A129920","대성하이텍","12","0","외감","","","",""
"A130500","GH신소재","12","0","KOSDAQ","-0.87","37.79","","38.12"
"A130580","나이스디앤비","12","0","KOSDAQ","1.12","125.36","","123.97"
"A130660","한전산업","12","0","KOSPI","-0.58","139.04","","139.85"
"A130740","티피씨글로벌","12","0","KOSDAQ","-1.56","26.89","","27.31"
"A131030","옵투스제약","12","0","KOSDAQ","0.38","131.03","","130.53"
"A131090","시큐브","12","0","KOSDAQ","3.35","68.17","","65.96"
"A131100","티엔엔터테인먼트","12","0","KOSDAQ","0.38","25.08","","24.98"
"A131180","딜리","12","0","KOSDAQ","0.19","76.02","","75.87"
"A131220","대한과학","12","0","KOSDAQ","0","36.28","","36.28"
"A131290","티에스이","12","0","KOSDAQ","-1.92","169.24","","172.56"
"A131370","알서포트","12","0","KOSDAQ","13.72","183.24","","161.13"
"A131400","이브이첨단소재","12","0","KOSDAQ","-3.88","36.56","","38.03"
"A131760","파인텍","12","0","KOSDAQ","0.18","55.58","","55.48"
"A131970","두산테스나","12","0","KOSDAQ","1.04","100.01","","98.98"
"A133750","메가엠디","12","0","KOSDAQ","-2.72","59.95","","61.63"
"A133820","화인베스틸","12","0","KOSPI","-3.06","68.82","","70.99"
"A134060","이퓨쳐","12","0","KOSDAQ","-5","31.72","","33.38"
"A134380","미원화학","12","0","KOSPI","0.33","134.07","","133.63"
"A134580","탑코미디어","12","0","KOSDAQ","-2.49","41.91","","42.98"
"A134790","시디즈","12","0","KOSPI","29.9","92.1","","70.9"
"A136150","원일티엔아이","12","0","외감","","","",""
"A136410","아셈스","12","0","외감","","","",""
"A136480","하림","12","0","KOSDAQ","-1.27","168.31","","170.47"
"A136490","선진","12","0","KOSPI","0.68","349.56","","347.18"
"A136540","윈스테크넷","12","0","KOSDAQ","3.78","141.76","","136.6"
"A137080","나래나노텍","12","0","외감","","","",""
"A137310","에스디바이오센서","12","0","외감","","","",""
"A137400","피엔티","12","0","KOSDAQ","-0.37","105.91","","106.31"
"A137940","넥스트아이","12","0","KOSDAQ","-4.44","235.57","","246.53"
"A137950","제이씨케미칼","12","0","KOSDAQ","-1.18","81.24","","82.21"
"A138040","메리츠금융지주","12","0","KOSPI","3.27","2257.6","","2186.15"
"A138070","신진에스엠","12","0","KOSDAQ","-4.37","64.78","","67.74"
"A138080","오이솔루션","12","0","KOSDAQ","-4.18","88.62","","92.49"
"A138360","앤로보틱스","12","0","KOSDAQ","-2.34","114.66","","117.41"
"A138610","나이벡","12","0","KOSDAQ","-6.07","60.41","","64.31"
"A138930","BNK금융지주","12","1","KOSPI","0.53","3073.57","","3057.27"
"A139130","iM금융지주","12","0","KOSPI","1.45","1776.03","","1750.66"
"A139480","이마트","12","1","KOSPI","-1.95","7707.66","","7860.98"
"A139670","키네마스터","12","0","KOSDAQ","-4.63","24.56","","25.75"
"A139990","아주스틸","12","0","외감","","","",""
"A140070","서플러스글로벌","12","0","KOSDAQ","1.21","139.26","","137.6"
"A140410","메지온","12","0","KOSDAQ","-1.57","287.81","","292.4"
"A140430","카티스","12","0","외감","","","",""
"A140520","대창스틸","12","0","KOSDAQ","-0.24","82.6","","82.8"
"A140670","알에스오토메이션","12","0","KOSDAQ","-5.51","163.86","","173.41"
"A140860","파크시스템스","12","0","KOSDAQ","-1.1","177.16","","179.14"
"A141000","비아트론","12","0","KOSDAQ","-2.06","230.18","","235.03"
"A141080","리가켐바이오","12","0","KOSDAQ","4.19","346.92","","332.98"
"A142210","유니트론텍","12","0","KOSDAQ","-0.14","68.53","","68.63"
"A142280","녹십자엠에스","12","0","KOSDAQ","-1.65","114.24","","116.15"
"A142760","모아라이프플러스","12","0","KOSDAQ","-5.11","150.27","","158.35"
"A143160","아이디스","12","0","KOSDAQ","5.63","80.37","","76.09"
"A143210","핸즈코퍼레이션","12","0","KOSPI","0.56","196.77","","195.68"
"A143240","사람인","12","0","KOSDAQ","-0.74","234.43","","236.18"
"A143540","영우디에스피","12","0","KOSDAQ","1.54","64.46","","63.48"
"A144510","지씨셀","12","0","KOSDAQ","-5.58","446.44","","472.82"
"A144960","뉴파워프라즈마","12","0","KOSDAQ","-0.72","228.53","","230.18"
"A145020","휴젤","12","0","KOSDAQ","2.17","2108.19","","2063.39"
"A145170","노브랜드","12","0","외감","","","",""
"A145210","다이나믹디자인","12","0","KOSPI","2.32","68.09","","66.54"
"A145720","덴티움","12","0","KOSPI","-2.13","660.81","","675.2"
"A145990","삼양사","12","1","KOSPI","-1.3","937.4","","949.75"
"A146060","율촌","12","0","외감","","","",""
"A146320","비씨엔씨","12","0","외감","","","",""
"A147760","피엠티","12","0","KOSDAQ","-0.42","103.55","","103.98"
"A147830","제룡산업","12","0","KOSDAQ","0","79.2","","79.2"
"A148150","세경하이테크","12","0","외감","","","",""
"A148250","알엔투테크놀로지","12","0","KOSDAQ","-0.35","54.68","","54.87"
"A148780","비큐AI","12","0","KONEX","0","9.49","","9.49"
"A148930","에이치와이티씨","12","0","외감","","","",""
"A149950","아바텍","12","0","KOSDAQ","-0.26","121.27","","121.58"
"A149980","하이로닉","12","0","KOSDAQ","0","71.74","","71.74"
"A150900","파수AI","12","0","KOSDAQ","0.19","42.42","","42.34"
"A151860","KG에코솔루션","12","0","KOSDAQ","-1.83","154.44","","157.32"
"A153460","네이블","12","0","KOSDAQ","3.25","35.26","","34.15"
"A153490","우리이앤엘하루틴","12","0","KOSDAQ","-1.33","55.64","","56.39"
"A153710","옵티팜","12","0","외감","","","",""
"A154030","아시아종묘","12","0","KONEX","1.04","39.7","","39.29"
"A154040","다산솔루에타","12","0","KOSDAQ","2.37","61.86","","60.43"
"A155650","와이엠씨","12","0","KOSDAQ","-1.9","279.68","","285.1"
"A155660","DSR","12","0","KOSPI","-3.63","89.28","","92.64"
"A156100","엘앤케이바이오","12","0","KOSDAQ","-6.82","97.58","","104.72"
"A158430","아톤","12","0","외감","","","",""
"A159010","아스플로","12","0","외감","","","",""
"A159580","제로투세븐","12","0","KOSDAQ","0.93","66.73","","66.12"
"A159910","에코글로우","12","0","KOSDAQ","-4.52","69.16","","72.44"
"A160190","하이젠알앤엠","12","0","외감","","","",""
"A160550","NEW","12","0","KOSDAQ","3.59","276.8","","267.21"
"A160980","싸이맥스","12","0","KOSDAQ","-1.74","178.74","","181.91"
"A161000","애경케미칼","12","0","KOSPI","-1.79","528.66","","538.27"
"A161390","한국타이어앤테크놀로지","12","1","KOSPI","1.48","6813.13","","6714.03"
"A161580","필옵틱스","12","0","KOSDAQ","0.43","203.93","","203.06"
"A161890","한국콜마","12","1","KOSPI","0.24","1793.88","","1789.66"
"A162300","신스틸","12","0","외감","","","",""
"A163280","에어레인","12","0","외감","","","",""
"A163560","동일고무벨트","12","0","KOSPI","0.68","111.74","","110.98"
"A163730","핑거","12","0","외감","","","",""
"A166090","하나머티리얼즈","12","0","KOSDAQ","-3.28","321.67","","332.56"
"A166480","코아스템켐온","12","0","KOSDAQ","6.53","205.11","","192.54"
"A168330","내츄럴엔도텍","12","0","KOSDAQ","-2.17","456.21","","466.33"
"A168360","펨트론","12","0","외감","","","",""
"A169330","엠브레인","6","0","외감","","","",""
"A170030","현대공업","12","0","KOSDAQ","-0.25","61.51","","61.67"
"A170790","파이오링크","12","0","KOSDAQ","-1.5","40.52","","41.14"
"A170900","동아에스티","12","1","KOSPI","-1.68","792.03","","805.55"
"A170920","엘티씨","12","0","KOSDAQ","-1.41","105.28","","106.78"
"A171010","램테크놀러지","12","0","KOSDAQ","-0.48","47.58","","47.81"
"A171090","선익시스템","12","0","KOSDAQ","-1.23","144.9","","146.7"
"A171120","라이온켐텍","12","0","KOSDAQ","-1","228.48","","230.79"
"A172670","에이엘티","12","0","외감","","","",""
"A173130","오파스넷","12","0","KONEX","0","11.87","","11.87"
"A173940","에프엔씨엔터","12","0","KOSDAQ","0.35","124.97","","124.54"
"A174900","앱클론","12","0","KOSDAQ","-4.66","375.36","","393.72"
"A175140","아고스","12","0","KOSDAQ","1.4","79.09","","78.01"
"A175250","아이큐어","12","0","외감","","","",""
"A175330","JB금융지주","12","0","KOSPI","-1.49","926.42","","940.41"
"A176750","듀켐바이오","12","0","KONEX","0","63.15","","63.15"
"A177350","베셀","12","0","KOSDAQ","-1.46","75.77","","76.89"
"A177830","파버나인","12","0","KOSDAQ","-2.24","60.84","","62.23"
"A177900","쓰리에이로직스","12","0","외감","","","",""
"A178320","서진시스템","12","0","KOSDAQ","3.61","215.27","","207.77"
"A178780","일월지엠엘","12","0","KOSDAQ","0.74","45.27","","44.94"
"A178920","PI첨단소재","12","0","KOSDAQ","0.41","1421.33","","1415.46"
"A179290","엠아이텍","12","0","외감","","","",""
"A179530","애드바이오텍","12","0","외감","","","",""
"A179900","유티아이","12","0","KOSDAQ","1.51","107.71","","106.11"
"A180400","DXVX","12","0","KOSDAQ","-10.27","187.39","","208.85"
"A180640","한진칼","12","0","KOSPI","-0.53","1106.49","","1112.4"
"A181710","NHN","12","0","KOSPI","2.06","1355.86","","1328.47"
"A182360","큐브엔터","12","0","KOSDAQ","4.87","54.34","","51.82"
"A182400","엔케이젠바이오텍코리아","12","0","KOSDAQ","0.26","455.57","","454.37"
"A183190","아세아시멘트","12","0","KOSPI","-3.6","397.14","","411.98"
"A183300","코미코","12","0","KOSDAQ","-1.56","221.13","","224.64"
"A183490","엔지켐생명과학","12","0","KONEX","-4.35","315.45","","329.81"
"A184230","SGA솔루션즈","12","0","KOSDAQ","4.95","86.56","","82.47"
"A185490","아이진","12","0","KOSDAQ","-2.22","178.53","","182.58"
"A185750","종근당","12","1","KOSPI","0","1260.81","","1260.81"
"A186230","그린플러스","12","0","KONEX","14.86","20.75","","18.07"
"A187220","디티앤씨","12","0","KOSDAQ","0.11","90.16","","90.07"
"A187270","신화콘텍","12","0","KOSDAQ","0","51.43","","51.43"
"A187420","HLB제넥스","12","0","KOSDAQ","0.76","180.93","","179.57"
"A187660","페니트리움바이오","12","0","외감","","","",""
"A187790","나노","12","0","KOSDAQ","-3.78","44.96","","46.73"
"A187870","디바이스","12","0","외감","","","",""
"A188040","바이오포트","12","0","외감","","","",""
"A188260","세니젠","12","0","외감","","","",""
"A189300","인텔리안테크","12","0","KOSDAQ","-1.95","108.62","","110.79"
"A189330","씨이랩","12","0","KONEX","2.98","26.95","","26.17"
"A189690","포시에스","6","0","KOSDAQ","4.38","42.72","","40.93"
"A189860","서전기전","12","0","KOSDAQ","-0.73","33.12","","33.36"
"A189980","흥국에프엔비","12","0","KOSDAQ","-1.57","68.86","","69.96"
"A190510","나무가","12","0","KOSDAQ","-2.48","73.89","","75.77"
"A190650","코리아에셋투자증권","3","0","외감","","","",""
"A191410","육일씨엔에쓰","12","0","KOSDAQ","0.52","49.26","","49.01"
"A191420","테고사이언스","12","0","KOSDAQ","-1.81","298.31","","303.82"
"A192080","더블유게임즈","12","0","KOSDAQ","-0.56","938.04","","943.28"
"A192250","케이사인","12","0","KOSDAQ","13.19","94.98","","83.92"
"A192390","윈하이텍","12","0","KOSDAQ","-1.81","42.9","","43.69"
"A192400","쿠쿠홀딩스","12","1","KOSPI","0","1617.55","","1617.55"
"A192410","오늘이엔엠","12","0","KOSDAQ","0.78","190.35","","188.89"
"A192440","슈피겐코리아","12","0","KOSDAQ","0.77","285.64","","283.47"
"A192650","드림텍","12","0","외감","","","",""
"A192820","코스맥스","12","1","KOSPI","1.24","1231.06","","1215.99"
"A193250","링크드","12","0","KOSDAQ","0.65","141.7","","140.79"
"A194370","제이에스코퍼레이션","12","0","KOSPI","1.56","173.36","","170.7"
"A194480","데브시스터즈","12","0","KOSDAQ","2.78","164.86","","160.4"
"A194700","노바렉스","12","0","외감","","","",""
"A195500","마니커에프앤지","12","0","외감","","","",""
"A195870","해성디에스","12","0","KOSPI","-1.74","287.3","","292.4"
"A195940","HK이노엔","12","0","외감","","","",""
"A195990","루트K","12","0","KOSDAQ","6.27","99.98","","94.08"
"A196170","알테오젠","12","0","KOSDAQ","-4.24","142.5","","148.8"
"A196300","HLB펩","12","0","KOSDAQ","-4.95","118.88","","125.07"
"A196450","코아시아씨엠","12","0","KOSDAQ","0","67.88","","67.88"
"A196490","디에이테크놀로지","12","0","KOSDAQ","-1.27","76.93","","77.92"
"A196700","웹스","12","0","KOSDAQ","-0.59","34.59","","34.79"
"A197140","디지캡","12","0","KONEX","-8.9","13.88","","15.23"
"A198080","캐프","12","0","외감","","","",""
"A198440","강동씨앤엘","12","0","KOSDAQ","-2.25","52.88","","54.1"
"A198940","한주라이트메탈","12","0","외감","","","",""
"A199430","케이엔알시스템","12","0","외감","","","",""
"A199480","뱅크웨어글로벌","12","0","외감","","","",""
"A199550","레이저옵텍","12","0","외감","","","",""
"A199730","바이오인프라","12","0","외감","","","",""
"A199800","툴젠","12","0","KONEX","-1.3","311.07","","315.15"
"A199820","제일일렉트릭","12","0","외감","","","",""
"A200130","콜마비앤에이치","12","0","KOSDAQ","0","852.33","","852.33"
"A200230","텔콘RF제약","12","0","KOSDAQ","-8.94","999.73","","1097.89"
"A200350","아티스트스튜디오","12","0","KONEX","15","9.33","","8.11"
"A200470","에이팩트","12","0","KOSDAQ","-2.07","49.85","","50.91"
"A200670","휴메딕스","12","0","KOSDAQ","10.24","412.91","","374.56"
"A200710","에이디테크놀로지","12","0","KOSDAQ","0","85.74","","85.74"
"A200780","비씨월드제약","12","0","KOSDAQ","0","175.42","","175.42"
"A200880","서연이화","12","0","KOSPI","-2.77","285.15","","293.26"
"A201490","미투온","12","0","KOSDAQ","2.44","286.51","","279.69"
"A203400","에이비온","12","0","KONEX","-6.33","55.76","","59.53"
"A203450","유니온바이오메트릭스","12","0","KOSDAQ","2.37","47.49","","46.39"
"A203650","드림시큐리티","12","0","KOSDAQ","7.15","143.5","","133.92"
"A203690","아크솔루션스","12","0","KOSDAQ","8.87","377.13","","346.42"
"A204020","그리티","12","0","외감","","","",""
"A204270","제이앤티씨","12","0","외감","","","",""
"A204320","HL만도","12","1","KOSPI","-0.97","2887.86","","2916.04"
"A204610","티쓰리","12","0","외감","","","",""
"A204620","글로벌텍스프리","12","0","KOSDAQ","-0.85","168.27","","169.7"
"A204840","지엘팜텍","12","0","KOSDAQ","-5.39","108.48","","114.66"
"A205100","엑셈","12","0","KOSDAQ","-1.46","134.99","","136.99"
"A205470","휴마시스","12","0","KOSDAQ","1.9","56.35","","55.3"
"A205500","넥써쓰","12","0","KOSDAQ","-1.79","164.35","","167.34"
"A206400","베노티앤알","12","0","KOSDAQ","3.19","57.25","","55.48"
"A206560","덱스터","12","0","KOSDAQ","-1.72","202.6","","206.15"
"A206640","바디텍메드","12","0","KOSDAQ","0","399.62","","399.62"
"A206650","유바이오로직스","12","0","KOSDAQ","-1.45","133.25","","135.21"
"A207760","미스터블루","12","0","KOSDAQ","-1.65","86.25","","87.7"
"A207940","삼성바이오로직스","12","1","KOSPI","-2.48","23389.33","","23984.81"
"A208140","정다운","12","0","KOSDAQ","0.39","79.04","","78.73"
"A208350","지란지교시큐리티","12","0","KOSDAQ","-1.55","77.71","","78.93"
"A208370","셀바스헬스케어","12","0","KOSDAQ","0.14","92.03","","91.9"
"A208640","썸에이지","12","0","KOSDAQ","-2.14","121.63","","124.29"
"A208710","포톤","12","0","KOSDAQ","-0.23","60.42","","60.56"
"A208860","다산디엠씨","12","0","KOSDAQ","-0.55","57.07","","57.38"
"A209640","와이제이링크","12","0","외감","","","",""
"A210120","캔버스엔","12","0","KONEX","0","49.27","","49.27"
"A210540","디와이파워","12","0","KOSPI","-2.63","204.27","","209.79"
"A210980","SK디앤디","12","0","KOSPI","0.61","531.5","","528.27"
"A211050","인카금융서비스","12","0","KONEX","-14.13","11.7","","13.62"
"A211270","AP위성","12","0","KOSDAQ","-0.97","123.12","","124.32"
"A212560","네오오토","12","0","KOSDAQ","-2.74","47.49","","48.82"
"A212710","아이에스티이","12","0","외감","","","",""
"A213420","덕산네오룩스","12","0","KOSDAQ","-2.12","553.43","","565.44"
"A213500","한솔제지","12","0","KOSPI","-1.41","333.21","","337.97"
"A214150","클래시스","12","0","KOSDAQ","-3.89","23.07","","24.01"
"A214180","헥토이노베이션","12","0","KOSDAQ","7.54","322.13","","299.54"
"A214260","라파스","12","0","외감","","","",""
"A214270","FSN","12","0","KOSDAQ","24.51","106.24","","85.33"
"A214320","이노션","12","1","KOSPI","1.06","1520","","1504"
"A214330","금호에이치티","12","0","KOSPI","0.19","50.19","","50.09"
"A214370","케어젠","12","0","KOSDAQ","2.39","829.36","","810.02"
"A214390","경보제약","12","0","KOSPI","-0.79","301.23","","303.62"
"A214420","토니모리","12","0","KOSPI","1.73","363.38","","357.21"
"A214430","아이쓰리시스템","12","0","KOSDAQ","-1.33","152.19","","154.25"
"A214450","파마리서치","12","0","KOSDAQ","-0.86","544.31","","549.04"
"A214610","롤링스톤","12","0","KONEX","0","71.01","","71.01"
"A214680","디알텍","12","0","KOSDAQ","-0.26","78.31","","78.52"
"A215000","골프존","12","0","KOSDAQ","-0.86","288.67","","291.18"
"A215090","솔디펜스","12","0","KOSDAQ","-0.5","10.95","","11"
"A215100","로보로보","12","0","KOSDAQ","1.13","7.5","","7.42"
"A215200","메가스터디교육","12","0","KOSDAQ","-2.14","127.61","","130.4"
"A215360","우리산업","12","0","KOSDAQ","0.58","319.17","","317.34"
"A215380","콜마바이오텍","12","0","KOSDAQ","4.69","48.39","","46.22"
"A215480","토박스코리아","12","0","KOSDAQ","-1.45","61.45","","62.35"
"A215600","신라젠","12","0","KOSDAQ","-5.82","5610.12","","5956.93"
"A215790","이노인스트루먼트","12","0","KOSDAQ","-0.74","202.33","","203.83"
"A216050","인크로스","12","0","KOSDAQ","-0.69","170.33","","171.51"
"A216080","제테마","12","0","외감","","","",""
"A217190","제너셈","12","0","KOSDAQ","0.92","28.72","","28.46"
"A217270","넵튠","12","0","KOSDAQ","0","310.36","","310.36"
"A217330","싸이토젠","12","0","외감","","","",""
"A217480","에스디생명공학","12","0","KOSDAQ","5.36","303.39","","287.94"
"A217500","러셀","12","0","KOSDAQ","0","9.64","","9.64"
"A217590","티엠씨","12","0","외감","","","",""
"A217730","강스템바이오텍","12","0","KOSDAQ","1.3","179.83","","177.51"
"A217820","원익피앤이","12","0","KOSDAQ","-1.65","87.47","","88.94"
"A218150","미래생명자원","12","0","KOSDAQ","1.62","9.99","","9.83"
"A218410","RFHIC","12","0","KOSDAQ","0","274.91","","274.91"
"A219130","타이거일렉","12","0","KOSDAQ","-2.76","40.03","","41.17"
"A219420","링크제니시스","12","0","KONEX","-0.71","59.14","","59.56"
"A219550","디와이디","12","0","KOSDAQ","-0.23","117.36","","117.63"
"A219750","한국비티비","12","0","KONEX","-2.11","49.86","","50.94"
"A220100","퓨쳐켐","12","0","KOSDAQ","-2.39","103.17","","105.7"
"A220180","폴라리스AI핸디","12","0","KOSDAQ","2.44","50.23","","49.03"
"A220260","켐트로스","12","0","KOSDAQ","2.18","110.64","","108.28"
"A221800","지구홀딩스","12","0","KONEX","7.46","27.37","","25.47"
"A221840","하이즈항공","12","0","KOSDAQ","-3.87","127.59","","132.72"
"A221980","케이디켐","12","0","KOSDAQ","-0.62","65.16","","65.57"
"A222040","코스맥스엔비티","12","0","KOSDAQ","9.02","423.91","","388.84"
"A222080","SFA넥셀","12","0","KOSDAQ","-3.57","86.87","","90.09"
"A222110","팬젠","12","0","KOSDAQ","-1.09","130.77","","132.22"
"A222160","NPX","12","0","KONEX","5.91","19.33","","18.25"
"A222420","쎄노텍","12","0","KOSDAQ","-1.64","126.28","","128.38"
"A222800","심텍","12","0","KOSDAQ","1.92","241.18","","236.63"
"A222980","한국맥널티","12","0","KOSDAQ","0","72.14","","72.14"
"A223250","드림씨아이에스","12","0","외감","","","",""
"A223310","사토시홀딩스","12","0","KOSDAQ","4.76","96.13","","91.76"
"A224060","더코디","12","0","KOSDAQ","0.55","112.24","","111.62"
"A224110","에이텍모빌리티","12","0","KOSDAQ","8.22","63.28","","58.47"
"A225190","LK삼양","12","0","KOSDAQ","0.51","197","","196"
"A225220","제놀루션","12","0","KONEX","1.16","20.28","","20.05"
"A225430","케이엠제약","12","0","KOSDAQ","-0.5","8.98","","9.02"
"A225530","HC보광산업","12","0","KOSDAQ","-0.96","213.02","","215.09"
"A225570","넥슨게임즈","12","0","KOSDAQ","-6.19","270.5","","288.34"
"A225590","패션플랫폼","12","0","KOSDAQ","-0.24","10.41","","10.44"
"A226320","잇츠한불","12","0","KOSPI","1.13","1080.02","","1067.96"
"A226330","신테카바이오","12","0","외감","","","",""
"A226340","본느","12","0","KOSDAQ","0","13.03","","13.03"
"A226400","오스테오닉","12","0","KONEX","2.26","40.19","","39.3"
"A226590","엠디바이스","12","0","외감","","","",""
"A226950","올릭스","12","0","외감","","","",""
"A227100","프로브잇","12","0","외감","","","",""
"A227610","아우딘퓨쳐스","12","0","KOSDAQ","-2.94","115.5","","119"
"A227840","현대코퍼레이션홀딩스","12","0","KOSPI","1.35","136.51","","134.69"
"A227950","엔투텍","12","0","KOSDAQ","-0.25","14.99","","15.02"
"A228340","동양파일","12","0","KOSDAQ","-2.1","102.8","","105"
"A228670","레이","12","0","외감","","","",""
"A228760","지노믹트리","12","0","KONEX","-0.36","108.24","","108.63"
"A228850","레이언스","12","0","KOSDAQ","-2.76","292","","300.3"
"A229000","젠큐릭스","12","0","KONEX","0","59.44","","59.44"
"A229640","LS에코에너지","12","0","KOSPI","0","196.31","","196.31"
"A230240","에치에프알","12","0","KOSDAQ","0.25","15.92","","15.88"
"A230360","에코마케팅","12","0","KOSDAQ","-0.53","151.6","","152.41"
"A232140","와이씨","12","0","KOSDAQ","-2.86","462.18","","475.77"
"A232680","라온로보틱스","12","0","KONEX","0.9","47.38","","46.96"
"A232830","아이티센피엔에스","12","0","KONEX","2.92","8.12","","7.88"
"A234030","싸이닉솔루션","12","0","외감","","","",""
"A234080","JW생명과학","12","0","KOSPI","0.71","338.86","","336.48"
"A234100","폴라리스세원","12","0","KOSDAQ","-4.13","31.21","","32.55"
"A234300","에스트래픽","12","0","KOSDAQ","-2.7","144.28","","148.29"
"A234340","헥토파이낸셜","12","0","외감","","","",""
"A234690","녹십자웰빙","12","0","외감","","","",""
"A234920","자이글","12","0","KOSDAQ","0","96.34","","96.34"
"A235980","메드팩토","12","0","외감","","","",""
"A236200","슈프리마","12","0","KOSDAQ","1.72","167.09","","164.26"
"A236810","엔비티","12","0","외감","","","",""
"A237690","에스티팜","12","0","KOSDAQ","-2.21","578.34","","591.4"
"A237750","피앤씨테크","12","0","KOSDAQ","0.47","55.35","","55.09"
"A237820","플레이디","12","0","외감","","","",""
"A237880","클리오","12","0","KOSDAQ","2.35","701.65","","685.55"
"A238090","앤디포스","12","0","KOSDAQ","0.12","127.48","","127.33"
"A238120","얼라인드","12","0","KOSDAQ","-0.79","44.93","","45.29"
"A238200","비피도","12","0","외감","","","",""
"A238490","힘스","12","0","KOSDAQ","-4.06","130.4","","135.92"
"A239340","이스트에이드","12","0","KOSDAQ","0","9.62","","9.62"
"A239610","에이치엘사이언스","12","0","KOSDAQ","0.82","190","","188.46"
"A239890","피엔에이치테크","12","0","KONEX","0","18.95","","18.95"
"A240550","동방메디컬","12","0","외감","","","",""
"A240600","유진테크놀로지","12","0","외감","","","",""
"A240810","원익IPS","12","0","KOSDAQ","-5.8","1341.39","","1423.93"
"A241520","DSC인베스트먼트","12","0","KOSDAQ","11.91","103.6","","92.58"
"A241560","두산밥캣","12","0","KOSPI","0.88","3448.57","","3418.5"
"A241590","화승엔터프라이즈","12","0","KOSPI","-9.66","693.14","","767.3"
"A241690","유니테크노","12","0","KOSDAQ","-4.82","129.41","","135.97"
"A241710","코스메카코리아","12","0","KOSDAQ","0","347.1","","347.1"
"A241770","메카로","12","0","KOSDAQ","2.81","431.74","","419.94"
"A241790","티이엠씨씨엔에스","12","0","KOSDAQ","0","93.99","","93.99"
"A241820","피씨엘","12","0","KOSDAQ","0.74","121.33","","120.44"
"A241840","에이스토리","12","0","외감","","","",""
"A242040","나무에이엑스","12","0","KOSDAQ","0","14.08","","14.08"
"A243070","휴온스","12","0","KOSDAQ","4.62","547.2","","523.06"
"A243840","신흥에스이씨","12","0","KOSDAQ","-1.29","175.26","","177.55"
"A244460","올리패스","12","0","외감","","","",""
"A244920","에이플러스에셋","12","0","외감","","","",""
"A245620","EDGC","12","0","외감","","","",""
"A246250","에스엘에스바이오","12","0","KONEX","1.85","32.02","","31.44"
"A246690","TS인베스트먼트","12","0","KOSDAQ","2.02","73.54","","72.08"
"A246710","티앤알바이오팹","12","0","외감","","","",""
"A246720","아스타","12","0","KOSDAQ","-0.27","172.07","","172.54"
"A246960","SCL사이언스","12","0","외감","","","",""
"A247540","에코프로비엠","12","0","외감","","","",""
"A247660","나노씨엠에스","12","0","외감","","","",""
"A248070","솔루엠","12","0","외감","","","",""
"A248170","샘표식품","12","0","KOSPI","0.43","160.58","","159.89"
"A249420","일동제약","12","0","KOSPI","-1.73","501.53","","510.36"
"A250000","보라티알","12","0","KOSDAQ","10.34","97.21","","88.1"
"A250060","모비스","12","0","KOSDAQ","0.61","46.86","","46.58"
"A250930","예선테크","12","0","KOSDAQ","-0.5","10.37","","10.42"
"A251120","바이오에프디엔씨","12","0","외감","","","",""
"A251270","넷마블","12","1","KOSPI","-0.26","16197.34","","16239.85"
"A251370","와이엠티","12","0","KOSDAQ","-3.94","298.06","","310.28"
"A251630","브이원텍","12","0","KOSDAQ","-3.02","343.26","","353.94"
"A251970","펌텍코리아","12","0","외감","","","",""
"A252500","세화피앤씨","12","0","KOSDAQ","-4.2","45.61","","47.61"
"A252990","샘씨엔에스","12","0","외감","","","",""
"A253450","스튜디오드래곤","12","0","KOSDAQ","7.37","1797.19","","1673.82"
"A253590","네오셈","12","0","외감","","","",""
"A253840","수젠텍","12","0","KONEX","-6.25","33.06","","35.26"
"A254120","자비스","12","0","KOSDAQ","0","9.04","","9.04"
"A254490","미래반도체","12","0","외감","","","",""
"A255220","SG","12","0","외감","","","",""
"A255440","야스","12","0","KOSDAQ","-6.57","349.11","","373.68"
"A256150","한독크린텍","12","0","외감","","","",""
"A256630","포인트엔지니어링","12","0","KOSDAQ","-0.26","13.69","","13.72"
"A256840","한국비엔씨","12","0","KOSDAQ","0","13.56","","13.56"
"A256940","킵스파마","12","0","KOSDAQ","-1.09","58.29","","58.93"
"A257370","피엔티엠에스","12","0","외감","","","",""
"A257720","실리콘투","12","0","외감","","","",""
"A258610","케일럼","12","0","KOSDAQ","-3.92","47.02","","48.94"
"A258790","소프트캠프","12","0","KOSDAQ","-0.25","6.42","","6.44"
"A258830","세종메디칼","12","0","외감","","","",""
"A259630","엠플러스","12","0","KOSDAQ","-1.14","111.18","","112.46"
"A259960","크래프톤","12","0","외감","","","",""
"A260660","알리코제약","12","0","외감","","","",""
"A260930","씨티케이","12","0","KOSDAQ","-2.71","418.04","","429.69"
"A260970","에스앤디","12","0","KONEX","0","13.62","","13.62"
"A261200","덴티스","12","0","KOSDAQ","0","8.52","","8.52"
"A261520","이지스","12","0","외감","","","",""
"A261780","아리바이오랩","12","0","외감","","","",""
"A262260","에이프로","12","0","외감","","","",""
"A262840","아이퀘스트","12","0","외감","","","",""
"A263020","디케이앤디","12","0","외감","","","",""
"A263050","유틸렉스","12","0","외감","","","",""
"A263600","덕우전자","12","0","KOSDAQ","-2.67","147.6","","151.66"
"A263690","디알젬","12","0","외감","","","",""
"A263700","케어랩스","12","0","외감","","","",""
"A263720","디앤씨미디어","12","0","KOSDAQ","-2.6","31.71","","32.56"
"A263750","펄어비스","12","0","KOSDAQ","7.13","2611.15","","2437.39"
"A263770","유에스티","12","0","KOSDAQ","-2.42","5.26","","5.39"
"A263800","데이타솔루션","12","0","KOSDAQ","3.32","66.89","","64.74"
"A263810","상신전자","12","0","KOSDAQ","-2.92","91.16","","93.91"
"A263860","지니언스","12","0","KOSDAQ","2.32","64.33","","62.87"
"A263920","휴엠앤씨","12","0","KOSDAQ","-1.63","57.11","","58.05"
"A264450","유비쿼스","12","0","KOSDAQ","-1.93","129.89","","132.45"
"A264660","씨앤지하이테크","12","0","외감","","","",""
"A264850","이랜시스","12","0","KOSDAQ","0.25","8.72","","8.69"
"A264900","크라운제과","12","0","KOSPI","-1.02","182.22","","184.1"
"A265520","AP시스템","12","0","KOSDAQ","0","469.87","","469.87"
"A265560","영화테크","12","0","KOSDAQ","-4.86","99.42","","104.5"
"A265740","엔에프씨","12","0","외감","","","",""
"A267250","HD현대","12","1","KOSPI","-2.04","6245.92","","6376.21"
"A267260","HD현대일렉트릭","12","0","KOSPI","0.44","1173.67","","1168.56"
"A267270","HD건설기계","12","0","KOSPI","0.29","1723.41","","1718.48"
"A267290","경동도시가스","12","0","KOSPI","-1.64","169.34","","172.17"
"A267320","나인테크","12","0","KOSDAQ","-1.49","7.96","","8.08"
"A267790","배럴","12","0","외감","","","",""
"A267850","아시아나IDT","12","0","외감","","","",""
"A267980","매일유업","12","0","KOSDAQ","0","512.81","","512.81"
"A268280","미원에스씨","12","0","KOSPI","0.34","306.6","","305.57"
"A269620","시스웍","12","0","외감","","","",""
"A270520","앱튼","12","0","KOSDAQ","1.27","9.2","","9.09"
"A270660","에브리봇","12","0","KONEX","0","21.4","","21.4"
"A270870","뉴트리","12","0","외감","","","",""
"A271560","오리온","12","1","KOSPI","2.14","4724.25","","4625.42"
"A271830","팸텍","12","0","외감","","","",""
"A271940","일진하이솔루스","12","0","외감","","","",""
"A271980","제일약품","12","0","KOSPI","-2.92","593.5","","611.36"
"A272110","케이엔제이","12","0","외감","","","",""
"A272210","한화시스템","12","0","외감","","","",""
"A272290","이녹스첨단소재","12","0","KOSDAQ","-2.26","749.16","","766.48"
"A272450","진에어","12","0","KOSPI","-1.1","805.5","","814.5"
"A272550","삼양패키징","12","0","KOSPI","-2.33","297.7","","304.8"
"A273060","와이즈버즈","12","0","KOSDAQ","1","15.13","","14.98"
"A273640","와이엠텍","12","0","외감","","","",""
"A274090","켄코아에어로스페이스","12","0","외감","","","",""
"A274400","이노시뮬레이션","12","0","외감","","","",""
"A275630","에스에스알","12","0","외감","","","",""
"A276040","스코넥","12","0","외감","","","",""
"A276730","한울앤제주","12","0","외감","","","",""
"A277070","린드먼아시아","12","0","외감","","","",""
"A277410","인산가","12","0","KOSDAQ","-1.12","4.87","","4.93"
"A277810","레인보우로보틱스","12","0","외감","","","",""
"A277880","티에스아이","12","0","KONEX","14.9","32.34","","28.15"
"A278280","천보","12","0","외감","","","",""
"A278470","에이피알","12","0","외감","","","",""
"A278650","HLB바이오스텝","12","0","외감","","","",""
"A279570","케이뱅크","12","0","외감","","","",""
"A279600","미디어젠","12","0","KONEX","1.05","27.84","","27.55"
"A280360","롯데웰푸드","12","0","KOSPI","1.36","627.16","","618.74"
"A281740","레이크머티리얼즈","12","0","KOSDAQ","0.26","9.46","","9.44"
"A281820","케이씨텍","12","0","KOSPI","-2.07","468.21","","478.13"
"A282330","BGF리테일","12","1","KOSPI","0.63","4113.57","","4087.64"
"A282720","금양그린파워","12","0","외감","","","",""
"A282880","코윈테크","12","0","외감","","","",""
"A284620","카이노스메드","12","0","외감","","","",""
"A284740","쿠쿠홈시스","12","0","외감","","","",""
"A285130","SK케미칼","12","0","외감","","","",""
"A285490","노바텍","12","0","외감","","","",""
"A285800","진영","12","0","외감","","","",""
"A286750","나노실리칸첨단소재","12","0","외감","","","",""
"A286940","롯데이노베이트","12","0","외감","","","",""
"A287840","인투셀","12","0","외감","","","",""
"A288180","케이피항공산업","12","0","외감","","","",""
"A288330","파라택시스코리아","12","0","외감","","","",""
"A288620","에스프리즘","12","0","외감","","","",""
"A288980","모아데이타","12","0","외감","","","",""
"A289010","아이스크림에듀","12","0","외감","","","",""
"A289080","SV인베스트먼트","3","0","외감","","","",""
"A289220","자이언트스텝","12","0","외감","","","",""
"A289930","웨이비스","12","0","외감","","","",""
"A290090","트윔","12","0","외감","","","",""
"A290120","DH오토리드","12","0","외감","","","",""
"A290270","휴네시온","12","0","외감","","","",""
"A290520","신도기연","12","0","외감","","","",""
"A290550","디케이티","12","0","외감","","","",""
"A290560","파라택시스이더리움","12","0","외감","","","",""
"A290650","엘앤씨바이오","12","0","외감","","","",""
"A290660","다이나믹솔루션","12","0","외감","","","",""
"A290670","대보마그네틱","12","0","외감","","","",""
"A290690","아리바이오홀딩스","12","0","외감","","","",""
"A290720","푸드나무","12","0","외감","","","",""
"A290740","액트로","12","0","외감","","","",""
"A291230","엔피","12","0","외감","","","",""
"A291650","압타머사이언스","12","0","외감","","","",""
"A291810","핀텔","12","0","외감","","","",""
"A293480","하나제약","12","0","외감","","","",""
"A293490","카카오게임즈","12","0","외감","","","",""
"A293580","나우IB","12","0","외감","","","",""
"A293780","압타바이오","12","0","외감","","","",""
"A294090","이오플로우","12","0","외감","","","",""
"A294140","레몬","12","0","외감","","","",""
"A294570","쿠콘","12","0","외감","","","",""
"A294630","서남","12","0","외감","","","",""
"A294870","IPARK현대산업개발","12","0","외감","","","",""
"A295310","에이치브이엠","12","0","외감","","","",""
"A296640","이노에이엑스","12","0","외감","","","",""
"A297090","씨에스베어링","12","0","외감","","","",""
"A297570","아틀라스링크","12","0","외감","","","",""
"A297890","HB솔루션","12","0","외감","","","",""
"A298000","효성화학","12","0","외감","","","",""
"A298020","효성티앤씨","12","0","외감","","","",""
"A298040","효성중공업","12","0","외감","","","",""
"A298050","HS효성첨단소재","12","0","외감","","","",""
"A298060","풍전약품","12","0","외감","","","",""
"A298380","에이비엘바이오","12","0","외감","","","",""
"A298540","더네이쳐홀딩스","12","0","외감","","","",""
"A298690","에어부산","12","0","외감","","","",""
"A298830","슈어소프트테크","12","0","외감","","","",""
"A299030","하나기술","12","0","외감","","","",""
"A299170","더블유에스아이","12","0","외감","","","",""
"A299660","셀리드","12","0","외감","","","",""
"A299900","위지윅스튜디오","12","0","외감","","","",""
"A300080","플리토","12","0","외감","","","",""
"A300120","라온피플","12","0","외감","","","",""
"A300720","한일시멘트","12","0","외감","","","",""
"A301300","바이브컴퍼니","12","0","외감","","","",""
"A302430","이노메트리","12","0","외감","","","",""
"A302440","SK바이오사이언스","12","0","외감","","","",""
"A302550","리메드","12","0","외감","","","",""
"A303030","지니틱스","12","0","외감","","","",""
"A303360","프로티아","12","0","외감","","","",""
"A303530","이노뎁","12","0","외감","","","",""
"A303810","동국생명과학","12","0","외감","","","",""
"A304100","솔트룩스","12","0","외감","","","",""
"A304360","에스바이오메딕스","12","0","외감","","","",""
"A304840","피플바이오","12","0","외감","","","",""
"A305090","마이크로디지탈","12","0","외감","","","",""
"A306040","에스제이그룹","12","0","외감","","","",""
"A306200","세아제강","12","0","외감","","","",""
"A306620","지아이에스","12","0","외감","","","",""
"A307180","아이엘","12","0","외감","","","",""
"A307280","원바이오젠","12","0","외감","","","",""
"A307750","국전","12","0","외감","","","",""
"A307870","비투엔","12","0","외감","","","",""
"A307930","컴퍼니케이","12","0","외감","","","",""
"A307950","현대오토에버","12","0","외감","","","",""
"A308080","바이젠셀","12","0","외감","","","",""
"A308100","형지글로벌","12","0","외감","","","",""
"A308170","씨티알모빌리티","12","0","외감","","","",""
"A308430","셀비온","12","0","외감","","","",""
"A309710","아이티켐","12","0","외감","","","",""
"A309930","조이웍스앤코","12","0","외감","","","",""
"A309960","LB인베스트먼트","12","0","외감","","","",""
"A310200","애니플러스","12","0","외감","","","",""
"A310210","보로노이","12","0","외감","","","",""
"A310870","디와이씨","12","0","외감","","","",""
"A311320","지오엘리먼트","12","0","외감","","","",""
"A311390","네오크레마","12","0","외감","","","",""
"A311690","CJ 바이오사이언스","12","0","외감","","","",""
"A312610","에이에프더블류","12","0","외감","","","",""
"A313760","캐리","12","0","외감","","","",""
"A314130","지놈앤컴퍼니","12","0","외감","","","",""
"A314140","알피바이오","12","0","외감","","","",""
"A314930","바이오다인","12","0","외감","","","",""
"A315640","딥노이드","12","0","외감","","","",""
"A316140","우리금융지주","12","0","외감","","","",""
"A317120","라닉스","12","0","외감","","","",""
"A317240","TS트릴리온","12","0","외감","","","",""
"A317330","덕산테코피아","12","0","외감","","","",""
"A317400","자이에스앤디","12","0","외감","","","",""
"A317450","명인제약","12","0","외감","","","",""
"A317530","에피소드컴퍼니","12","0","외감","","","",""
"A317690","퀀타매트릭스","12","0","외감","","","",""
"A317770","엑스페릭스","12","0","외감","","","",""
"A317830","에스피시스템스","12","0","외감","","","",""
"A317850","대모","12","0","외감","","","",""
"A317870","엔바이오니아","12","0","외감","","","",""
"A318000","KBG","12","0","외감","","","",""
"A318010","팜스빌","12","0","외감","","","",""
"A318020","포인트모바일","12","0","외감","","","",""
"A318060","그래피","12","0","외감","","","",""
"A318160","셀바이오휴먼텍","12","0","외감","","","",""
"A318410","비비씨","12","0","외감","","","",""
"A319400","현대무벡스","12","0","외감","","","",""
"A319660","피에스케이","12","0","외감","","","",""
"A320000","한울반도체","12","0","외감","","","",""
"A321260","프로이천","12","0","외감","","","",""
"A321370","센서뷰","12","0","외감","","","",""
"A321550","티움바이오","12","0","외감","","","",""
"A321820","아티스트컴퍼니","12","0","외감","","","",""
"A322000","HD현대에너지솔루션","12","0","외감","","","",""
"A322180","LS티라유텍","12","0","외감","","","",""
"A322310","오로스테크놀로지","12","0","외감","","","",""
"A322510","제이엘케이","12","0","외감","","","",""
"A322780","코퍼스코리아","12","0","외감","","","",""
"A323280","태성","12","0","외감","","","",""
"A323350","다원넥스뷰","12","0","외감","","","",""
"A323410","카카오뱅크","12","0","외감","","","",""
"A323990","박셀바이오","12","0","외감","","","",""
"A326030","SK바이오팜","12","0","외감","","","",""
"A327260","RF머트리얼즈","12","0","외감","","","",""
"A328130","루닛","12","0","외감","","","",""
"A328380","솔트웨어","12","0","외감","","","",""
"A329180","HD현대중공업","12","0","외감","","","",""
"A330350","위더스제약","12","0","외감","","","",""
"A330730","스톤브릿지벤처스","12","0","외감","","","",""
"A330860","네패스아크","12","0","외감","","","",""
"A331380","포커스에이아이","12","0","외감","","","",""
"A331520","밸로프","12","0","외감","","","",""
"A331740","아우토크립트","12","0","외감","","","",""
"A331920","셀레믹스","12","0","외감","","","",""
"A332290","누보","12","0","외감","","","",""
"A332370","아이디피","12","0","외감","","","",""
"A332570","PS일렉트로닉스","12","0","외감","","","",""
"A333050","이노테나","12","0","외감","","","",""
"A333430","일승","12","0","외감","","","",""
"A333620","엔시스","12","0","외감","","","",""
"A334970","프레스티지바이오로직스","6","0","외감","","","",""
"A335810","프리시젼바이오","12","0","외감","","","",""
"A335870","윙스풋","12","0","외감","","","",""
"A336060","웨이버스","12","0","외감","","","",""
"A336260","두산퓨얼셀","12","0","외감","","","",""
"A336370","솔루스첨단소재","12","0","외감","","","",""
"A336570","원텍","12","0","외감","","","",""
"A336680","탑런토탈솔루션","12","0","외감","","","",""
"A337930","젝시믹스","12","0","외감","","","",""
"A338220","뷰노","12","0","외감","","","",""
"A338840","와이바이오로직스","12","0","외감","","","",""
"A339770","교촌에프앤비","12","0","외감","","","",""
"A339950","아이비김영","12","0","외감","","","",""
"A340360","다보링크","12","0","외감","","","",""
"A340440","세림B&G","12","0","외감","","","",""
"A340450","지씨지놈","12","0","외감","","","",""
"A340570","티앤엘","12","0","외감","","","",""
"A340810","시선AI","12","0","외감","","","",""
"A340930","성원에너텍","12","0","외감","","","",""
"A342870","오아","12","0","외감","","","",""
"A344820","KCC글라스","12","0","외감","","","",""
"A344860","이노진","12","0","외감","","","",""
"A347000","센코","12","0","외감","","","",""
"A347700","스피어","12","0","외감","","","",""
"A347740","피엔케이피부임상연구센타","12","0","외감","","","",""
"A347770","핌스","12","0","외감","","","",""
"A347850","디앤디파마텍","12","0","외감","","","",""
"A347860","알체라","12","0","외감","","","",""
"A347890","엠엑스온","12","0","외감","","","",""
"A348030","모비릭스","12","0","외감","","","",""
"A348080","큐라티스","12","0","외감","","","",""
"A348150","고바이오랩","12","0","외감","","","",""
"A348210","넥스틴","12","0","외감","","","",""
"A348340","뉴로메카","12","0","외감","","","",""
"A348350","위드텍","12","0","외감","","","",""
"A348370","엔켐","12","0","외감","","","",""
"A351320","넥사다이내믹스","12","0","외감","","","",""
"A351330","이삭엔지니어링","12","0","외감","","","",""
"A351870","차이커뮤니케이션","12","0","외감","","","",""
"A352090","스톰테크","12","0","외감","","","",""
"A352480","씨앤씨인터내셔널","12","0","외감","","","",""
"A352700","씨앤투스","12","0","외감","","","",""
"A352770","셀레스트라","12","0","외감","","","",""
"A352820","하이브","12","0","외감","","","",""
"A352910","오비고","12","0","외감","","","",""
"A352940","인바이오","12","0","외감","","","",""
"A353190","휴럼","12","0","외감","","","",""
"A353200","대덕전자","12","0","외감","","","",""
"A353590","오토앤","12","0","외감","","","",""
"A353810","이지바이오","12","0","외감","","","",""
"A354200","엔젠바이오","12","0","외감","","","",""
"A354320","알멕","12","0","외감","","","",""
"A355150","코스텍시스","12","0","외감","","","",""
"A355390","크라우드웍스","12","0","외감","","","",""
"A355690","에이텀","12","0","외감","","","",""
"A356680","엑스게이트","12","0","외감","","","",""
"A356860","티엘비","12","0","외감","","","",""
"A356890","싸이버원","12","0","외감","","","",""
"A357230","에이치피오","12","0","외감","","","",""
"A357550","석경에이티","12","0","외감","","","",""
"A357580","아모센스","12","0","외감","","","",""
"A357780","솔브레인","12","0","외감","","","",""
"A357880","SKAI","12","0","외감","","","",""
"A358570","지아이이노베이션","12","0","외감","","","",""
"A359090","씨엔알리서치","12","0","외감","","","",""
"A360070","탑머티리얼","12","0","외감","","","",""
"A360350","코셈","12","0","외감","","","",""
"A361390","제노코","12","0","외감","","","",""
"A361570","알비더블유","12","0","외감","","","",""
"A361610","SK아이이테크놀로지","12","0","외감","","","",""
"A361670","삼영에스앤씨","12","0","외감","","","",""
"A362320","청담글로벌","12","0","외감","","","",""
"A362990","드림인사이트","12","0","외감","","","",""
"A363250","진시스템","12","0","외감","","","",""
"A363260","모비데이즈","12","0","외감","","","",""
"A363280","티와이홀딩스","12","0","외감","","","",""
"A364950","에이아이코리아","12","0","외감","","","",""
"A365270","큐라클","12","0","외감","","","",""
"A365330","에스와이스틸텍","12","0","외감","","","",""
"A365340","성일하이텍","12","0","외감","","","",""
"A365590","하이딥","12","0","외감","","","",""
"A365900","브이씨","12","0","외감","","","",""
"A366030","나인앤컴퍼니","12","0","외감","","","",""
"A367000","플래티어","12","0","외감","","","",""
"A368600","아이씨에이치","12","0","외감","","","",""
"A368770","파이버프로","12","0","외감","","","",""
"A368970","오에스피","12","0","외감","","","",""
"A369370","블리츠웨이엔터테인먼트","12","0","외감","","","",""
"A370090","퓨런티어","12","0","외감","","","",""
"A371950","풍원정밀","12","0","외감","","","",""
"A372170","윤성에프앤씨","12","0","외감","","","",""
"A372320","큐로셀","12","0","외감","","","",""
"A372800","아이티아이즈","12","0","외감","","","",""
"A372910","한컴라이프케어","12","0","외감","","","",""
"A373110","엑셀세라퓨틱스","12","0","외감","","","",""
"A373160","데이원컴퍼니","12","0","외감","","","",""
"A373170","엠아이큐브솔루션","12","0","외감","","","",""
"A373200","엑스플러스","12","0","외감","","","",""
"A373220","LG에너지솔루션","12","0","외감","","","",""
"A375500","DL이앤씨","12","0","외감","","","",""
"A376180","피코그램","12","0","외감","","","",""
"A376270","HEM파마","12","0","외감","","","",""
"A376290","씨유테크","12","0","외감","","","",""
"A376300","디어유","12","0","외감","","","",""
"A376900","로킷헬스케어","12","0","외감","","","",""
"A376930","노을","12","0","외감","","","",""
"A376980","원티드랩","12","0","외감","","","",""
"A377030","비트맥스","12","0","외감","","","",""
"A377220","프롬바이오","12","0","외감","","","",""
"A377300","카카오페이","12","0","외감","","","",""
"A377330","이지트로닉스","12","0","외감","","","",""
"A377450","리파인","12","0","외감","","","",""
"A377460","큐에이드","12","0","외감","","","",""
"A377480","마음AI","12","0","외감","","","",""
"A377740","바이오노트","12","0","외감","","","",""
"A378340","필에너지","12","0","외감","","","",""
"A378800","샤페론","12","0","외감","","","",""
"A378850","화승알앤에이","12","0","외감","","","",""
"A380540","옵티코어","12","0","외감","","","",""
"A380550","뉴로핏","12","0","외감","","","",""
"A381620","제닉스로보틱스","12","0","외감","","","",""
"A381970","케이카","12","0","외감","","","",""
"A382150","온코크로스","12","0","외감","","","",""
"A382480","지아이텍","12","0","외감","","","",""
"A382800","지앤비에스 에코","12","0","외감","","","",""
"A382840","원준","12","0","외감","","","",""
"A382900","범한퓨얼셀","12","0","외감","","","",""
"A383220","F&F","12","0","외감","","","",""
"A383310","에코프로에이치엔","12","0","외감","","","",""
"A383800","LX홀딩스","12","0","외감","","","",""
"A383930","디티앤씨알오","12","0","외감","","","",""
"A384470","코어라인소프트","12","0","외감","","","",""
"A387570","파인메딕스","12","0","외감","","","",""
"A388050","지투파워","12","0","외감","","","",""
"A388210","씨엠티엑스","12","0","외감","","","",""
"A388610","지에프씨생명과학","12","0","외감","","","",""
"A388720","유일로보틱스","12","0","외감","","","",""
"A388790","라이콤","12","0","외감","","","",""
"A388870","파로스아이바이오","12","0","외감","","","",""
"A389020","자람테크놀로지","12","0","외감","","","",""
"A389030","지니너스","12","0","외감","","","",""
"A389140","포바이포","12","0","외감","","","",""
"A389260","대명에너지","12","0","외감","","","",""
"A389470","인벤티지랩","12","0","외감","","","",""
"A389500","에스비비테크","12","0","외감","","","",""
"A389650","넥스트바이오메디컬","12","0","외감","","","",""
"A389680","유디엠텍","12","0","외감","","","",""
"A391710","코닉오토메이션","12","0","외감","","","",""
"A393210","토마토시스템","12","0","외감","","","",""
"A393890","더블유씨피","12","0","외감","","","",""
"A393970","대진첨단소재","12","0","외감","","","",""
"A394280","오픈엣지테크놀로지","12","0","외감","","","",""
"A394420","리센스메디컬","12","0","외감","","","",""
"A394800","쓰리빌리언","12","0","외감","","","",""
"A396270","넥스트칩","12","0","외감","","","",""
"A396300","세아메카닉스","12","0","외감","","","",""
"A396470","워트","12","0","외감","","","",""
"A397030","에이프릴바이오","12","0","외감","","","",""
"A397810","애드포러스","12","0","외감","","","",""
"A398120","에스지헬스케어","12","0","외감","","","",""
"A399720","가온칩스","12","0","외감","","","",""
"A402030","코난테크놀로지","12","0","외감","","","",""
"A402340","SK스퀘어","12","0","외감","","","",""
"A402490","그린리소스","12","0","외감","","","",""
"A403490","우듬지팜","12","0","외감","","","",""
"A403550","쏘카","12","0","외감","","","",""
"A403850","더핑크퐁컴퍼니","12","0","외감","","","",""
"A403870","HPSP","12","0","외감","","","",""
"A405000","플라즈맵","12","0","외감","","","",""
"A405100","큐알티","12","0","외감","","","",""
"A405920","나라셀라","12","0","외감","","","",""
"A406820","뷰티스킨","12","0","외감","","","",""
"A407400","꿈비","12","0","외감","","","",""
"A408470","한패스","12","0","외감","","","",""
"A408900","스튜디오미르","12","0","외감","","","",""
"A408920","메쎄이상","12","0","외감","","","",""
"A411080","샌즈랩","12","0","외감","","","",""
"A412350","레이저쎌","12","0","외감","","","",""
"A412540","제일엠앤에스","12","0","외감","","","",""
"A413390","엠오티","12","0","외감","","","",""
"A413630","씨피시스템","12","0","외감","","","",""
"A413640","비아이매트릭스","12","0","외감","","","",""
"A415380","스튜디오삼익","12","0","외감","","","",""
"A416180","신성에스티","12","0","외감","","","",""
"A417010","나노팀","12","0","외감","","","",""
"A417180","핑거스토리","12","0","외감","","","",""
"A417200","LS머트리얼즈","12","0","외감","","","",""
"A417500","제이아이테크","12","0","외감","","","",""
"A417790","트루엔","12","0","외감","","","",""
"A417840","저스템","12","0","외감","","","",""
"A417860","오브젠","12","0","외감","","","",""
"A417970","모델솔루션","12","0","외감","","","",""
"A418250","시큐레터","12","0","외감","","","",""
"A418420","라온텍","12","0","외감","","","",""
"A418470","KT밀리의서재","12","0","외감","","","",""
"A418550","제이오","12","0","외감","","","",""
"A418620","E8","12","0","외감","","","",""
"A419050","삼기에너지솔루션즈","12","0","외감","","","",""
"A419080","엔젯","12","0","외감","","","",""
"A419120","산돌","12","0","외감","","","",""
"A419530","SAMG엔터","12","0","외감","","","",""
"A419540","비스토스","12","0","외감","","","",""
"A420570","제이투케이바이오","12","0","외감","","","",""
"A420770","기가비스","12","0","외감","","","",""
"A424760","벨로크","12","0","외감","","","",""
"A424870","이뮨온시아","12","0","외감","","","",""
"A424960","스마트레이더시스템","12","0","외감","","","",""
"A424980","마이크로투나노","12","0","외감","","","",""
"A425040","티이엠씨","12","0","외감","","","",""
"A425420","티에프이","12","0","외감","","","",""
"A429270","시지트로닉스","12","0","외감","","","",""
"A430690","한싹","12","0","외감","","","",""
"A431190","케이쓰리아이","12","0","외감","","","",""
"A432430","와이랩","12","0","외감","","","",""
"A432470","케이엔에스","12","0","외감","","","",""
"A432720","퀄리타스반도체","12","0","외감","","","",""
"A432980","엠에프씨","12","0","외감","","","",""
"A434480","모니터랩","12","0","외감","","","",""
"A435570","에르코스","12","0","외감","","","",""
"A437730","삼현","12","0","외감","","","",""
"A438700","버넥트","12","0","외감","","","",""
"A439090","마녀공장","12","0","외감","","","",""
"A439260","대한조선","12","0","외감","","","",""
"A439580","블루엠텍","12","0","외감","","","",""
"A439960","코스모로보틱스","12","0","외감","","","",""
"A440110","파두","12","0","외감","","","",""
"A440290","HB인베스트먼트","12","0","외감","","","",""
"A440320","오픈놀","12","0","외감","","","",""
"A441270","파인엠텍","12","0","외감","","","",""
"A443060","HD현대마린솔루션","12","0","외감","","","",""
"A443250","레뷰코퍼레이션","12","0","외감","","","",""
"A443670","에스피소프트","12","0","외감","","","",""
"A444530","심플랫폼","12","0","외감","","","",""
"A445090","에이직랜드","12","0","외감","","","",""
"A445180","퓨릿","12","0","외감","","","",""
"A445680","큐리옥스바이오시스템즈","12","0","외감","","","",""
"A446070","유니드비티플러스","12","0","외감","","","",""
"A446540","메가터치","12","0","외감","","","",""
"A446840","지슨","12","0","외감","","","",""
"A448280","에코아이","12","0","외감","","","",""
"A448710","코츠테크놀로지","12","0","외감","","","",""
"A448900","한국피아이엠","12","0","외감","","","",""
"A450080","에코프로머티","12","0","외감","","","",""
"A450330","하스","12","0","외감","","","",""
"A450520","인스웨이브","12","0","외감","","","",""
"A450950","아스테라시스","12","0","외감","","","",""
"A451220","아이엠티","12","0","외감","","","",""
"A451250","삐아","12","0","외감","","","",""
"A451760","컨텍","12","0","외감","","","",""
"A452160","제이엔비","12","0","외감","","","",""
"A452190","한빛레이저","12","0","외감","","","",""
"A452200","민테크","12","0","외감","","","",""
"A452260","한화갤러리아","12","0","외감","","","",""
"A452280","한선엔지니어링","12","0","외감","","","",""
"A452300","캡스톤파트너스","12","0","외감","","","",""
"A452400","이닉스","12","0","외감","","","",""
"A452430","사피엔반도체","12","0","외감","","","",""
"A452450","피아이이","12","0","외감","","","",""
"A453340","현대그린푸드","12","0","외감","","","",""
"A453450","그리드위즈","12","0","외감","","","",""
"A453860","에이에스텍","12","0","외감","","","",""
"A454910","두산로보틱스","12","0","외감","","","",""
"A455180","케이지에이","12","0","외감","","","",""
"A455900","엔젤로보틱스","12","0","외감","","","",""
"A456010","아이씨티케이","12","0","외감","","","",""
"A456040","OCI","12","0","외감","","","",""
"A456070","이엔셀","12","0","외감","","","",""
"A456160","지투지바이오","12","0","외감","","","",""
"A457190","이수스페셜티케미컬","12","0","외감","","","",""
"A457370","한켐","12","0","외감","","","",""
"A457550","우진엔텍","12","0","외감","","","",""
"A457600","벡트","12","0","외감","","","",""
"A458350","에스팀","12","0","외감","","","",""
"A458650","성우","12","0","외감","","","",""
"A458870","씨어스","12","0","외감","","","",""
"A459100","위츠","12","0","외감","","","",""
"A459510","나우로보틱스","12","0","외감","","","",""
"A459550","알트","12","0","외감","","","",""
"A460470","아이빔테크놀로지","12","0","외감","","","",""
"A460850","동국씨엠","12","0","외감","","","",""
"A460860","동국제강","12","0","외감","","","",""
"A460870","에스엠씨지","12","0","외감","","","",""
"A460930","현대힘스","12","0","외감","","","",""
"A460940","피앤에스로보틱스","12","0","외감","","","",""
"A461030","아이엠비디엑스","12","0","외감","","","",""
"A461300","아이스크림미디어","12","0","외감","","","",""
"A462310","뉴키즈온","12","0","외감","","","",""
"A462350","이노스페이스","12","0","외감","","","",""
"A462510","라메디텍","12","0","외감","","","",""
"A462520","조선내화","12","0","외감","","","",""
"A462860","더즌","12","0","외감","","","",""
"A462870","시프트업","12","0","외감","","","",""
"A462980","아이지넷","12","0","외감","","","",""
"A463020","뉴엔AI","12","0","외감","","","",""
"A463480","모티브링크","12","0","외감","","","",""
"A464080","에스오에스랩","12","0","외감","","","",""
"A464280","티디에스팜","12","0","외감","","","",""
"A464490","쿼드메디슨","12","0","외감","","","",""
"A464500","아이언디바이스","12","0","외감","","","",""
"A464580","닷밀","12","0","외감","","","",""
"A465480","인스피언","12","0","외감","","","",""
"A465770","STX그린로지스","12","0","외감","","","",""
"A466100","클로봇","12","0","외감","","","",""
"A466410","사이냅소프트","12","0","외감","","","",""
"A468530","프로티나","12","0","외감","","","",""
"A469610","이노테크","12","0","외감","","","",""
"A469750","아이비젼웍스","12","0","외감","","","",""
"A471820","셀로맥스사이언스","12","0","외감","","","",""
"A472850","폰드그룹","12","0","외감","","","",""
"A473980","노머스","12","0","외감","","","",""
"A474170","루미르","12","0","외감","","","",""
"A474610","RF시스템즈","12","0","외감","","","",""
"A474650","링크솔루션","12","0","외감","","","",""
"A475150","SK이터닉스","12","0","외감","","","",""
"A475230","엔알비","12","0","외감","","","",""
"A475400","씨메스로보틱스","12","0","외감","","","",""
"A475430","키스트론","12","0","외감","","","",""
"A475460","미트박스","12","0","외감","","","",""
"A475560","더본코리아","12","0","외감","","","",""
"A475580","에이럭스","12","0","외감","","","",""
"A475660","에스켐","12","0","외감","","","",""
"A475830","오름테라퓨틱","12","0","외감","","","",""
"A475960","토모큐브","12","0","외감","","","",""
"A476040","오가노이드사이언스","12","0","외감","","","",""
"A476060","온코닉테라퓨틱스","12","0","외감","","","",""
"A476080","M83","12","0","외감","","","",""
"A476830","알지노믹스","12","0","외감","","","",""
"A477850","마키나락스","12","0","외감","","","",""
"A478340","나라스페이스테크놀로지","12","0","외감","","","",""
"A478560","블랙야크아이앤씨","12","0","외감","","","",""
"A479960","위너스일렉","12","0","외감","","","",""
"A480370","씨케이솔루션","12","0","외감","","","",""
"A481070","에이유브랜즈","12","0","외감","","","",""
"A482630","삼양엔씨켐","12","0","외감","","","",""
"A483650","달바글로벌","12","0","외감","","","",""
"A484120","도우인시스","12","0","외감","","","",""
"A484590","삼양컴텍","12","0","외감","","","",""
"A484810","티엑스알로보틱스","12","0","외감","","","",""
"A484870","엠앤씨솔루션","12","0","외감","","","",""
"A486990","노타","12","0","외감","","","",""
"A487570","HS효성","12","0","외감","","","",""
"A487580","폴레드","12","0","외감","","","",""
"A488280","에스투더블유","12","0","외감","","","",""
"A488900","비츠로넥스텍","12","0","외감","","","",""
"A489460","바이오비쥬","12","0","외감","","","",""
"A489500","엘케이켐","12","0","외감","","","",""
"A489790","한화비전","12","0","외감","","","",""
"A490470","세미파이브","12","0","외감","","","",""
"A491000","리브스메드","12","0","외감","","","",""
"A493280","아이엠바이오로직스","12","0","외감","","","",""
"A493330","지에프아이","12","0","외감","","","",""
"A494120","큐리오시스","12","0","외감","","","",""
"A499790","GS피앤엘","12","0","외감","","","",""
"A900070","글로벌에스엠","12","0","KOSDAQ","-1.63","65.03","","66.11"
"A900100","파이온엑스","12","0","KOSDAQ","0","476.24","","476.24"
"A900110","딥커머스","12","0","KOSDAQ","-4.06","54.71","","57.02"
"A900120","씨엑스아이","6","0","KOSDAQ","0.41","109.08","","108.64"
"A900140","엘브이엠씨홀딩스","12","0","KOSPI","1.66","234.56","","230.73"
"A900250","크리스탈신소재","12","0","KOSDAQ","0.65","156.92","","155.9"
"A900260","로스웰","12","0","KOSDAQ","0","180.65","","180.65"
"A900270","헝셩그룹","12","0","KOSDAQ","-2.72","186","","191.2"
"A900290","GRT","6","0","KOSDAQ","-1.16","229.75","","232.44"
"A900300","오가닉티코스메틱","12","0","KOSDAQ","-0.15","189.84","","190.13"
"A900310","컬러레이","12","0","KOSDAQ","-1.75","182.25","","185.49"
"A900340","윙입푸드","12","0","외감","","","",""
"A950130","엑세스바이오","12","0","KOSDAQ","-1.67","127.75","","129.91"
"A950140","잉글우드랩","12","0","KOSDAQ","0.16","123.58","","123.38"
"A950160","코오롱티슈진","12","0","KOSDAQ","-5.2","3079.35","","3248.41"
"A950170","JTC","2","0","외감","","","",""
"A950190","고스트스튜디오","12","0","외감","","","",""
"A950200","소마젠","12","0","외감","","","",""
"A950210","프레스티지바이오파마","6","0","외감","","","",""
"A950220","네오이뮨텍","12","0","외감","","","",""
"A950250","테라뷰","4","0","외감","","","",""
