"Code","Name","결산월","코스피200 구성종목여부(1:해당, 0:미해당)","상장된 시장","수정주가수익률","시가총액","","이전 시가총액"
"A000020","동화약품","12","0","KOSPI","-0.43","322.61","","324.01"
"A000040","KR모터스","12","0","KOSPI","-3.24","68.02","","70.3"
"A000050","경방","12","1","KOSPI","0.74","375.59","","372.85"
"A000070","삼양홀딩스","12","1","KOSPI","2.68","852.14","","829.88"
"A000080","하이트진로","12","1","KOSPI","2.25","1595.54","","1560.47"
"A000100","유한양행","12","1","KOSPI","0.46","2643.33","","2631.12"
"A000120","CJ대한통운","12","1","KOSPI","1.52","3056.85","","3011.23"
"A000140","하이트진로홀딩스","12","0","KOSPI","0.1","226.5","","226.27"
"A000150","두산","12","1","KOSPI","1.42","2054.19","","2025.39"
"A000180","성창기업지주","12","0","KOSPI","0","188.68","","188.68"
"A0001A0","덕양에너젠","12","0","외감","","","",""
"A000210","DL","12","1","KOSPI","3.64","2578.68","","2488.2"
"A000220","유유제약","12","0","KOSPI","2.37","110.18","","107.63"
"A000230","일동홀딩스","12","0","KOSPI","2.7","159.45","","155.26"
"A000240","한국앤컴퍼니","12","1","KOSPI","0.55","1706.92","","1697.62"
"A000250","삼천당제약","12","0","KOSDAQ","4.29","886.44","","849.97"
"A000270","기아","12","1","KOSPI","0.95","12870.29","","12748.68"
"A000300","DH오토넥스","12","0","KOSPI","-0.28","62.04","","62.21"
"A000320","노루홀딩스","12","0","KOSPI","0.68","198.04","","196.71"
"A000370","한화손해보험","12","0","KOSPI","0.24","984.11","","981.77"
"A000390","SP삼화","12","0","KOSPI","0.29","181.63","","181.11"
"A000400","롯데손해보험","12","0","KOSPI","1.57","433.72","","427.01"
"A000430","대원강업","12","0","KOSPI","2.82","283.03","","275.28"
"A000440","중앙에너비스","12","0","KOSDAQ","1.04","36.3","","35.93"
"A000480","CR홀딩스","12","0","KOSPI","0.12","333.6","","333.2"
"A000490","대동","12","0","KOSPI","0.26","180.1","","179.62"
"A0004V0","엔비알모션","12","0","외감","","","",""
"A000500","가온전선","12","0","KOSPI","0.43","97.77","","97.35"
"A000520","삼일제약","12","0","KOSPI","24.86","182.33","","146.03"
"A000540","흥국화재","12","0","KOSPI","-2.69","395.73","","406.66"
"A000590","CS홀딩스","12","0","KOSPI","1.46","88.2","","86.93"
"A000640","동아쏘시오홀딩스","12","1","KOSPI","1.53","816.39","","804.12"
"A000650","천일고속","12","0","KOSPI","-0.22","129.63","","129.92"
"A000660","SK하이닉스","12","1","KOSPI","-3.1","59259.39","","61152.2"
"A000670","영풍","12","1","KOSPI","0.44","1696.52","","1689.15"
"A000680","LS네트웍스","12","0","KOSPI","0","243.9","","243.9"
"A000700","유수홀딩스","12","0","KOSPI","-3.39","192.97","","199.74"
"A000720","현대건설","12","1","KOSPI","2.88","4571.15","","4443.1"
"A000760","이화산업","12","0","KOSPI","-0.27","51.52","","51.66"
"A0007C0","아크릴","12","0","외감","","","",""
"A0007J0","인벤테라","12","0","외감","","","",""
"A000810","삼성화재","12","1","KOSPI","-0.72","13004.39","","13099.14"
"A000850","화천기공","12","0","KOSPI","0.19","117.04","","116.82"
"A000860","강남제비스코","12","0","KOSPI","0.16","209.63","","209.3"
"A000880","한화","12","1","KOSPI","3.51","2987.11","","2885.91"
"A000890","보해양조","12","0","KOSPI","1.92","102.36","","100.43"
"A0008Z0","에스엔시스","12","0","외감","","","",""
"A000910","유니온","12","0","KOSPI","0.13","61.98","","61.9"
"A000950","전방","12","0","KOSPI","1.52","33.77","","33.26"
"A000970","한국주철관","12","0","KOSPI","0.82","224.36","","222.53"
"A000990","DB하이텍","12","1","KOSPI","-0.98","672.17","","678.83"
"A0009K0","에임드바이오","12","0","외감","","","",""
"A001000","신라섬유","12","0","KOSDAQ","-0.67","71.98","","72.47"
"A001020","페이퍼코리아","12","0","KOSPI","0","76.45","","76.45"
"A001040","CJ","12","1","KOSPI","0.32","4580.79","","4566.2"
"A001060","JW중외제약","12","1","KOSPI","1.43","835.56","","823.78"
"A001070","대한방직","12","0","KOSPI","0.81","65.72","","65.19"
"A001080","만호제강","6","0","KOSPI","0.84","74.29","","73.66"
"A0010F0","보원케미칼","12","0","외감","","","",""
"A0010V0","제이피아이헬스케어","12","0","외감","","","",""
"A001120","LX인터내셔널","12","1","KOSPI","4.07","1091.09","","1048.46"
"A001130","대한제분","12","0","KOSPI","0.89","287.3","","284.77"
"A0011A0","액스비스","12","0","외감","","","",""
"A0011T0","채비","12","0","외감","","","",""
"A001200","유진투자증권","12","0","KOSPI","0.72","340","","337.58"
"A001210","금호전기","12","0","KOSPI","-0.4","52.29","","52.49"
"A001230","동국홀딩스","12","1","KOSPI","5.45","1016.36","","963.87"
"A001250","GS글로벌","12","0","KOSPI","7.01","314.87","","294.23"
"A001260","남광토건","12","0","KOSPI","-7.93","176.87","","192.1"
"A001270","부국증권","12","0","KOSPI","0","279.47","","279.47"
"A001290","상상인증권","12","0","KOSPI","1.56","148.79","","146.5"
"A001340","PKC","12","0","KOSPI","2.52","146.21","","142.62"
"A001360","삼성제약","12","0","KOSPI","0.45","193.34","","192.47"
"A001380","SG글로벌","12","0","KOSPI","2.13","129.5","","126.8"
"A001390","KG케미칼","12","0","KOSPI","3.72","312.07","","300.88"
"A0013V0","삼진식품","12","0","외감","","","",""
"A001420","태원물산","12","0","KOSPI","1.55","29.91","","29.45"
"A001430","세아베스틸지주","12","1","KOSPI","-0.56","955.73","","961.1"
"A001440","대한전선","12","0","KOSPI","1.12","1156.24","","1143.39"
"A001450","현대해상","12","1","KOSPI","0.77","3504.48","","3477.66"
"A001460","BYC","12","0","KOSPI","0.35","180.51","","179.89"
"A001470","삼부토건","12","0","KOSPI","-3.36","140.19","","145.07"
"A001500","현대차증권","12","0","KOSPI","0","306.57","","306.57"
"A001510","SK증권","12","0","KOSPI","0","376.14","","376.14"
"A001520","동양","12","1","KOSPI","1.37","440.37","","434.4"
"A001530","DI동일","12","0","KOSPI","0","117.72","","117.72"
"A001540","안국약품","12","0","KOSDAQ","0.93","213.24","","211.29"
"A001550","조비","12","0","KOSPI","-1.39","71.63","","72.64"
"A001560","제일연마","12","0","KOSPI","0.68","59","","58.6"
"A001570","금양","12","0","KOSPI","0.2","108.05","","107.83"
"A0015G0","그린광학","12","0","외감","","","",""
"A0015N0","아로마티카","12","0","외감","","","",""
"A0015S0","페스카로","12","0","외감","","","",""
"A001620","케이비아이동국실업","12","0","KOSPI","1.31","61.84","","61.04"
"A001630","종근당홀딩스","12","0","KOSPI","1.26","361.71","","357.2"
"A001680","대상","12","1","KOSPI","3.36","852.34","","824.62"
"A001720","신영증권","3","0","KOSPI","1.03","552.85","","547.22"
"A001740","SK네트웍스","12","1","KOSPI","3.33","1464.31","","1417.15"
"A001750","한양증권","12","0","KOSPI","0.26","96.99","","96.74"
"A001770","SHD","12","0","KOSPI","0.91","26.91","","26.67"
"A001780","알루코","12","0","KOSPI","6.41","284.68","","267.54"
"A001790","대한제당","12","0","KOSPI","0","197.13","","197.13"
"A0017J0","세미티에스","12","0","외감","","","",""
"A001800","오리온홀딩스","12","1","KOSPI","0.37","1678.86","","1672.6"
"A001810","무림SP","12","0","KOSDAQ","-1.12","68.18","","68.96"
"A001820","삼화콘덴서","12","0","KOSPI","5.29","496.88","","471.93"
"A001840","이화공영","12","0","KOSDAQ","0","139.63","","139.63"
"A001940","KISCO홀딩스","12","0","KOSPI","1.08","242.04","","239.45"
"A002020","코오롱","12","0","KOSPI","2.99","602.46","","584.97"
"A002030","아세아","12","0","KOSPI","-0.44","247.59","","248.68"
"A002070","비비안","12","0","KOSPI","0.28","49.52","","49.38"
"A002100","경농","12","0","KOSPI","0.82","132.97","","131.89"
"A002140","고려산업","12","0","KOSPI","0.28","88.04","","87.79"
"A002150","도화엔지니어링","12","0","KOSPI","2","171.97","","168.6"
"A002170","SYTS","12","0","KOSPI","1.48","133.8","","131.85"
"A002200","한국수출포장","12","0","KOSPI","1.09","92.6","","91.6"
"A002210","동성제약","12","0","KOSPI","-3.98","537.22","","559.5"
"A002220","한일철강","12","0","KOSPI","-1.74","51.92","","52.84"
"A002230","피에스텍","12","0","KOSDAQ","-0.35","113.29","","113.69"
"A002240","고려제강","12","1","KOSPI","0.65","621","","617"
"A002290","삼일기업공사","12","0","KOSDAQ","15.84","44.89","","38.75"
"A002310","아세아제지","12","0","KOSPI","0.17","263.32","","262.87"
"A002320","한진","12","0","KOSPI","2.93","273.62","","265.84"
"A002350","넥센타이어","12","1","KOSPI","0.41","1196.43","","1191.55"
"A002360","SH에너지화학","12","0","KOSPI","1.06","158.37","","156.7"
"A002380","KCC","12","1","KOSPI","0.3","3552.27","","3541.71"
"A002390","한독","12","0","KOSPI","-0.27","512.69","","514.07"
"A002410","범양건영","12","0","KOSPI","5.54","47.54","","45.04"
"A002420","세기상사","12","0","KOSPI","2.46","35.71","","34.85"
"A002450","삼익악기","12","0","KOSPI","6.45","194.19","","182.42"
"A002460","HS화성","12","0","KOSPI","0","189.25","","189.25"
"A002600","조흥","12","0","KOSPI","1.09","138.6","","137.1"
"A002620","제일파마홀딩스","12","0","KOSPI","1.14","135.15","","133.62"
"A002630","오리엔트바이오","3","0","KOSPI","0.96","172.02","","170.39"
"A002680","한탑","12","0","KOSDAQ","-2.73","48.26","","49.61"
"A002690","동일제강","12","0","KOSPI","-3.28","46.5","","48.08"
"A002700","신일전자","12","0","KOSPI","0.62","115.1","","114.39"
"A002710","TCC스틸","12","0","KOSPI","0.52","43.01","","42.79"
"A002720","국제약품","12","0","KOSPI","1.8","108.38","","106.47"
"A002760","보락","12","0","KOSPI","20.06","116.51","","97.04"
"A002780","진흥기업","12","0","KOSPI","-0.78","276.9","","279.08"
"A002790","아모레퍼시픽홀딩스","12","1","KOSPI","1.88","11173.08","","10966.94"
"A002800","신신제약","12","0","KOSDAQ","1.78","173.7","","170.67"
"A002810","삼영무역","12","0","KOSPI","-0.27","300.52","","301.34"
"A002820","SUN&L","12","0","KOSPI","1.3","88.63","","87.5"
"A002840","미원상사","12","0","KOSPI","2.35","190.31","","185.94"
"A002870","신풍","12","0","KOSPI","1.47","36.18","","35.66"
"A002880","디와이에이","12","0","KOSPI","0.84","110.71","","109.79"
"A002900","TYM","12","0","KOSPI","-0.25","132.74","","133.07"
"A002920","유성기업","12","0","KOSPI","0.44","88.48","","88.09"
"A002960","한국쉘석유","12","1","KOSPI","1.35","440.05","","434.2"
"A002990","금호건설","12","0","KOSPI","4.13","406.89","","390.76"
"A003000","부광약품","12","1","KOSPI","0.62","1087.37","","1080.69"
"A003010","혜인","12","0","KOSPI","-1.08","52.5","","53.08"
"A003030","세아제강지주","12","1","KOSPI","-2.54","507","","520.2"
"A003060","에이프로젠바이오로직스","12","0","KOSPI","-1.75","364.43","","370.92"
"A003070","코오롱글로벌","12","0","KOSPI","1.52","252.1","","248.32"
"A003080","SB성보","12","0","KOSPI","0.33","122.12","","121.72"
"A003090","대웅","12","0","KOSPI","0.72","1215.17","","1206.45"
"A003100","선광","12","0","KOSDAQ","1.35","123.75","","122.1"
"A003120","일성아이에스","12","0","KOSPI","0.86","311.22","","308.56"
"A003160","디아이","12","0","KOSPI","0.1","154.96","","154.81"
"A003200","일신방직","12","0","KOSPI","-0.47","256.8","","258"
"A003220","대원제약","12","0","KOSPI","0.74","390.57","","387.7"
"A003230","삼양식품","12","0","KOSPI","3.46","630.51","","609.42"
"A003240","태광산업","12","1","KOSPI","-0.66","1338.31","","1347.21"
"A003280","흥아해운","12","0","KOSPI","1.26","108.65","","107.3"
"A003300","한일홀딩스","12","1","KOSPI","-1.86","796.03","","811.12"
"A003310","대주산업","12","0","KOSDAQ","2.35","61.76","","60.34"
"A003350","한국화장품제조","12","0","KOSPI","0.73","187.17","","185.81"
"A003380","하림지주","12","0","KOSDAQ","-2.06","1007.73","","1028.95"
"A003460","유화증권","12","0","KOSPI","0","165","","165"
"A003470","유안타증권","12","0","KOSPI","0.34","895.19","","892.2"
"A003480","한진중공업홀딩스","12","0","KOSPI","0.41","109.11","","108.67"
"A003490","대한항공","12","1","KOSPI","2.08","3020.8","","2959.15"
"A003520","영진약품","12","1","KOSPI","4.47","1538.13","","1472.29"
"A003530","한화투자증권","12","0","KOSPI","1.33","526.81","","519.91"
"A003540","대신증권","12","0","KOSPI","1.49","690.52","","680.36"
"A003550","LG","12","1","KOSPI","1.27","15150.52","","14960.7"
"A003570","SNT다이내믹스","12","0","KOSPI","1.03","255.24","","252.64"
"A003580","HLB글로벌","12","0","KOSPI","0.79","121.8","","120.84"
"A003610","방림","9","0","KOSPI","-1.06","78.7","","79.55"
"A003620","KG모빌리티","12","1","KOSPI","-0.6","686.99","","691.13"
"A003650","미창석유","12","0","KOSPI","-0.62","139.35","","140.22"
"A003670","포스코퓨처엠","12","0","KOSDAQ","-0.81","2903.29","","2926.92"
"A003680","한성기업","12","0","KOSPI","0.45","36.81","","36.65"
"A003690","코리안리","12","0","KOSPI","0.88","1378.23","","1366.19"
"A003720","삼영","12","0","KOSPI","0","34.68","","34.68"
"A003780","진양산업","12","0","KOSPI","1.55","38.41","","37.83"
"A003800","에이스침대","12","0","KOSDAQ","2.05","452.69","","443.6"
"A003830","대한화섬","12","0","KOSPI","-0.45","148.07","","148.74"
"A003850","보령","12","1","KOSPI","1.06","503.88","","498.58"
"A003920","남양유업","12","1","KOSPI","0.44","488.16","","486"
"A003960","사조대림","12","0","KOSPI","2.95","176.73","","171.66"
"A004000","롯데정밀화학","12","1","KOSPI","2.68","1878.24","","1829.22"
"A004020","현대제철","12","1","KOSPI","3.56","6992.56","","6752.36"
"A004060","SG세계물산","12","0","KOSPI","1.52","176.31","","173.68"
"A004080","신흥","12","0","KOSPI","1.42","103.2","","101.76"
"A004090","한국석유","12","0","KOSPI","-0.1","65.26","","65.32"
"A004100","태양금속","12","0","KOSPI","1.22","60.92","","60.19"
"A004140","동방","12","0","KOSPI","-0.6","53.99","","54.32"
"A004150","한솔홀딩스","12","0","KOSPI","-0.55","211.4","","212.56"
"A004170","신세계","12","1","KOSPI","2.62","3475.35","","3386.74"
"A004250","NPC","12","0","KOSPI","0.18","203.43","","203.06"
"A004270","남성","12","0","KOSPI","1.91","77.13","","75.68"
"A004310","현대약품","11","0","KOSPI","2.35","209.28","","204.48"
"A004360","세방","12","0","KOSPI","0","262.6","","262.6"
"A004370","농심","12","1","KOSPI","0.17","1821.75","","1818.71"
"A004380","삼익THK","12","0","KOSPI","-0.48","438.9","","441"
"A004410","서울식품","12","0","KOSPI","0.84","81.32","","80.64"
"A004430","송원산업","12","0","KOSPI","4.24","736.8","","706.8"
"A004440","삼일씨엔에스","12","0","KOSPI","3.24","129.87","","125.79"
"A004450","삼화왕관","12","0","KOSPI","-0.77","111.17","","112.03"
"A004490","세방전지","12","1","KOSPI","-0.46","450.1","","452.2"
"A004540","깨끗한나라","12","0","KOSPI","0","152.69","","152.69"
"A004560","현대비앤지스틸","12","0","KOSPI","0","177.93","","177.93"
"A004590","한국가구","12","0","KOSDAQ","0.58","64.8","","64.42"
"A004650","창해에탄올","12","0","KOSDAQ","0.62","149.35","","148.43"
"A004690","삼천리","12","0","KOSPI","2.18","474.44","","464.3"
"A004700","조광피혁","12","0","KOSPI","0.26","253","","252.33"
"A004710","한솔테크닉스","12","0","KOSPI","1.26","267.53","","264.21"
"A004720","팜젠사이언스","12","0","KOSPI","2.12","136.02","","133.2"
"A004770","써니전자","12","0","KOSPI","-0.68","131.6","","132.5"
"A004780","대륙제관","12","0","KOSDAQ","2.34","97.49","","95.26"
"A004800","효성","12","1","KOSPI","0","4196.54","","4196.54"
"A004830","덕성","12","0","KOSPI","-0.13","58.96","","59.04"
"A004840","DRB동일","12","0","KOSPI","0.14","140.41","","140.22"
"A004870","티웨이홀딩스","12","0","KOSPI","0.97","369.7","","366.15"
"A004890","동일산업","12","0","KOSPI","-1.74","178.25","","181.41"
"A004910","조광페인트","12","0","KOSPI","0.23","111.74","","111.49"
"A004920","씨아이테크","12","0","KOSPI","0","34.22","","34.22"
"A004960","한신공영","12","0","KOSPI","0.49","232.02","","230.89"
"A004970","신라교역","12","0","KOSPI","5.33","268.8","","255.2"
"A004980","성신양회","12","0","KOSPI","1.09","133.01","","131.57"
"A004990","롯데지주","12","1","KOSPI","2.16","4531.5","","4435.72"
"A005010","휴스틸","12","0","KOSPI","-0.74","93.06","","93.75"
"A005030","부산주공","12","0","KOSPI","-3.11","39.68","","40.96"
"A005070","코스모신소재","12","0","KOSPI","-1.96","285.68","","291.38"
"A005090","SGC에너지","12","0","KOSPI","1.75","283.01","","278.16"
"A005110","한창","12","0","KOSPI","3.01","64.95","","63.06"
"A005160","동국산업","12","0","KOSDAQ","2.85","205.86","","200.16"
"A005180","빙그레","12","1","KOSPI","1.85","596.99","","586.15"
"A005250","녹십자홀딩스","12","1","KOSPI","3.17","1914.05","","1855.26"
"A005290","동진쎄미켐","12","0","KOSDAQ","-2.99","750.65","","773.79"
"A005300","롯데칠성","12","1","KOSPI","0.8","1205.41","","1195.82"
"A005320","온타이드","12","0","KOSPI","12.74","63.99","","56.76"
"A005360","모나미","12","0","KOSPI","1.89","61.23","","60.09"
"A005380","현대차","12","1","KOSPI","3.01","33922.58","","32931.33"
"A005420","코스모화학","12","0","KOSPI","-0.93","396.4","","400.14"
"A005430","한국공항","12","0","KOSPI","0.45","141.38","","140.74"
"A005440","현대지에프홀딩스","12","1","KOSPI","1.09","1358.09","","1343.44"
"A005490","POSCO홀딩스","12","1","KOSPI","5.34","30123.05","","28597.28"
"A005500","삼진제약","12","0","KOSPI","6.13","601.87","","567.12"
"A005610","삼립","12","1","KOSPI","-0.8","1070","","1078.63"
"A005670","푸드웰","12","0","KOSDAQ","2.99","46.88","","45.52"
"A005680","삼영전자","12","0","KOSPI","0","247","","247"
"A005690","파미셀","12","0","KOSPI","-2.12","943.29","","963.73"
"A005710","대원산업","12","0","KOSDAQ","-0.82","144.87","","146.07"
"A005720","넥센","12","0","KOSPI","-0.42","379.63","","381.23"
"A005740","크라운해태홀딩스","12","0","KOSPI","0.75","199.7","","198.21"
"A005750","대림바스","12","0","KOSPI","1.24","95.37","","94.2"
"A005800","신영와코루","12","0","KOSPI","0.37","123.3","","122.85"
"A005810","풍산홀딩스","12","0","KOSPI","0.7","394.11","","391.37"
"A005820","원림","12","0","KOSPI","1.91","52.8","","51.81"
"A005830","DB손해보험","12","1","KOSPI","-0.31","4580.76","","4594.92"
"A005850","에스엘","12","1","KOSPI","1.18","726.41","","717.94"
"A005860","한일사료","12","0","KOSDAQ","3.92","78.41","","75.46"
"A005870","휴니드","12","0","KOSPI","0.92","155.28","","153.86"
"A005880","대한해운","12","0","KOSPI","1.09","681.5","","674.17"
"A005930","삼성전자","12","1","KOSPI","-0.6","320837.85","","322763.65"
"A005940","NH투자증권","12","1","KOSPI","0","3911.58","","3911.58"
"A005950","이수화학","12","0","KOSPI","-0.41","183.34","","184.1"
"A005960","동부건설","12","0","KOSPI","-1.47","196.3","","199.22"
"A005990","매일홀딩스","12","0","KOSDAQ","-0.71","191.37","","192.74"
"A006040","동원산업","12","0","KOSPI","1.72","995.51","","978.69"
"A006050","국영지앤엠","12","0","KOSDAQ","0.82","42.75","","42.4"
"A006060","화승인더","12","0","KOSPI","0.48","464.13","","461.92"
"A006090","사조오양","12","0","KOSPI","2.72","124.38","","121.08"
"A006110","삼아알미늄","12","0","KOSPI","1.92","37.9","","37.18"
"A006120","SK디스커버리","12","1","KOSPI","1.85","444.85","","436.76"
"A006140","피제이전자","12","0","KOSDAQ","0.92","76.8","","76.1"
"A006200","한국전자홀딩스","12","0","KOSPI","-0.12","38.33","","38.38"
"A006220","제주은행","12","0","KOSPI","0.88","152.91","","151.58"
"A006260","LS","12","1","KOSPI","1.21","2418.22","","2389.24"
"A006280","녹십자","12","1","KOSPI","1.23","2401.58","","2372.37"
"A006340","대원전선","12","0","KOSPI","5.59","122.25","","115.78"
"A006360","GS건설","12","1","KOSPI","2.43","2114.98","","2064.8"
"A006370","대구백화점","12","0","KOSPI","-1.49","107.68","","109.3"
"A006380","카프로","12","0","KOSPI","-1.47","376.4","","382"
"A006400","삼성SDI","12","1","KOSPI","-0.25","13821.67","","13856.05"
"A006490","프리티","12","0","KOSPI","29.97","834.47","","642.03"
"A006570","대림통상","12","0","KOSPI","0.4","76.89","","76.58"
"A006620","동구바이오제약","12","0","KOSDAQ","3","395.68","","384.16"
"A006650","대한유화","12","1","KOSPI","0","1901.25","","1901.25"
"A006660","삼성공조","12","0","KOSPI","2.13","97.52","","95.48"
"A006730","서부T&D","12","0","KOSDAQ","2.29","525.94","","514.15"
"A006740","블루산업개발","12","0","KOSPI","-1.42","77.03","","78.14"
"A006800","미래에셋증권","12","1","KOSPI","0.11","6130.11","","6123.45"
"A006840","AK홀딩스","12","1","KOSPI","0.96","972.37","","963.1"
"A006880","신송홀딩스","12","0","KOSPI","-1.56","74.52","","75.7"
"A006890","태경케미컬","12","0","KOSPI","2.19","54.17","","53.01"
"A006910","보성파워텍","12","0","KOSDAQ","5.4","152.24","","144.44"
"A006920","모헨즈","12","0","KOSDAQ","1.48","89.98","","88.67"
"A006980","우성","12","0","KOSPI","4.16","96.72","","92.85"
"A007070","GS리테일","12","1","KOSPI","-1.43","2394.7","","2429.35"
"A007110","일신석재","12","0","KOSPI","-2.01","113.47","","115.8"
"A007120","미래아이앤지","12","0","KOSPI","7.82","59.98","","55.63"
"A007160","사조산업","12","0","KOSPI","2.85","342.5","","333"
"A007210","벽산","12","0","KOSPI","2.68","249.22","","242.7"
"A007280","한국특강","12","0","KOSPI","0","42.8","","42.8"
"A007310","오뚜기","12","1","KOSPI","-0.42","2435.52","","2445.84"
"A007330","푸른저축은행","12","0","KOSDAQ","-0.39","116.14","","116.59"
"A007340","DN오토모티브","12","0","KOSPI","0","343.29","","343.29"
"A007370","진양제약","12","0","KOSDAQ","2.74","72","","70.08"
"A007390","네이처셀","12","0","KOSDAQ","10.08","1503.39","","1365.76"
"A007460","에이프로젠","12","0","KOSPI","0","647.07","","647.07"
"A007530","와이엠","12","0","KOSDAQ","3.11","16.68","","16.17"
"A007540","샘표","12","0","KOSPI","-0.32","88.29","","88.57"
"A007570","일양약품","12","1","KOSPI","1.75","775.17","","761.84"
"A007590","동방아그로","12","0","KOSPI","0.28","96.96","","96.68"
"A007610","선도전기","12","0","KOSPI","3.77","133.92","","129.06"
"A007660","이수페타시스","12","0","KOSPI","-0.53","153.93","","154.76"
"A007680","대원","12","0","KOSDAQ","1.21","138.13","","136.47"
"A007690","국도화학","12","0","KOSPI","-0.34","341.66","","342.83"
"A007700","F&F홀딩스","12","0","KOSPI","0","646.03","","646.03"
"A007720","소노스퀘어","12","0","KOSDAQ","7.76","329.11","","305.43"
"A007770","한일화학","12","0","KOSDAQ","0.41","43.35","","43.17"
"A007810","코리아써키트","12","0","KOSPI","0.47","201.49","","200.54"
"A007820","엠엑스로보틱스","12","0","KOSDAQ","-0.73","272","","274"
"A007860","서연","12","0","KOSPI","0.31","150.74","","150.27"
"A007980","TP","12","0","KOSPI","0.79","158.72","","157.47"
"A008040","사조동아원","12","0","KOSPI","0.36","196.9","","196.19"
"A008060","대덕","12","1","KOSPI","3.07","409.89","","397.69"
"A008250","이건산업","12","0","KOSPI","1.41","94.67","","93.36"
"A008260","NI스틸","12","0","KOSPI","0.8","89.4","","88.69"
"A008290","원풍물산","12","0","KOSDAQ","1.79","163.36","","160.48"
"A0082N0","카나프테라퓨틱스","12","0","외감","","","",""
"A008350","남선알미늄","12","0","KOSPI","0","112.93","","112.93"
"A008370","원풍","12","0","KOSDAQ","-0.62","48.24","","48.54"
"A008420","문배철강","12","0","KOSPI","0.52","59.87","","59.56"
"A008470","부스타","12","0","KOSDAQ","0.73","46.14","","45.81"
"A008490","서흥","12","0","KOSPI","1.92","367.9","","360.96"
"A008500","일정실업","12","0","KOSPI","-0.91","26.16","","26.4"
"A008600","윌비스","12","0","KOSPI","2.36","98.9","","96.62"
"A008700","아남전자","12","0","KOSPI","0.15","262.22","","261.84"
"A008730","율촌화학","12","0","KOSPI","4.5","403","","385.64"
"A008770","호텔신라","12","1","KOSPI","0.65","3673.62","","3650.08"
"A008830","대동기어","12","0","KOSDAQ","-2.41","25.48","","26.11"
"A008870","금비","9","0","KOSPI","0.52","77.1","","76.7"
"A0088M0","메쥬","12","0","외감","","","",""
"A008930","한미사이언스","12","1","KOSPI","1.29","5968.93","","5892.73"
"A008970","KBI동양철관","12","0","KOSPI","-2.55","118.66","","119.51"
"A009070","KCTC","12","0","KOSPI","1.33","79.95","","78.9"
"A009140","경인전자","12","0","KOSPI","6.86","46.5","","43.51"
"A009150","삼성전기","12","1","KOSPI","2.87","8029.57","","7805.49"
"A009160","SIMPAC","12","0","KOSPI","-0.95","121.87","","123.03"
"A009180","한솔로지스틱스","12","0","KOSPI","0.62","40.04","","39.79"
"A009190","대양금속","12","0","KOSPI","-2.74","45.95","","47.24"
"A009200","무림페이퍼","12","0","KOSPI","-1.38","133.98","","135.85"
"A009240","한샘","12","1","KOSPI","1.71","3506.56","","3447.72"
"A009270","신원","12","0","KOSPI","-0.97","176.31","","178.03"
"A009290","광동제약","12","1","KOSPI","0","467.07","","467.07"
"A009300","삼아제약","12","0","KOSDAQ","2.51","168.81","","164.66"
"A009310","참엔지니어링","12","0","KOSPI","0.84","117.56","","116.58"
"A009320","아진전자부품","12","0","KOSPI","0.62","154.85","","153.9"
"A009410","태영건설","12","0","KOSPI","0.96","806.02","","798.38"
"A009420","한올바이오파마","12","1","KOSPI","-2.88","1674.31","","1723.94"
"A009440","KC그린홀딩스","12","0","KOSPI","2.31","119.13","","116.44"
"A009450","경동나비엔","12","0","KOSPI","0.29","879.03","","876.48"
"A009460","한창제지","12","0","KOSPI","1.48","61.46","","60.56"
"A009470","삼화전기","12","0","KOSPI","2.91","128.64","","125"
"A009520","포스코엠텍","12","0","KOSDAQ","0.31","133.67","","133.26"
"A009540","HD한국조선해양","12","1","KOSPI","-0.68","10132.73","","8358.15"
"A009580","무림P&P","12","0","KOSPI","-3.46","399.78","","414.13"
"A009620","삼보산업","12","0","KOSDAQ","0.49","25.16","","25.04"
"A009680","모토닉","12","0","KOSPI","0","338.25","","338.25"
"A009730","이렘","12","0","KOSDAQ","0.65","62.26","","61.86"
"A009770","삼정펄프","12","0","KOSPI","-0.53","94.5","","95"
"A009780","엠에스씨","12","0","KOSDAQ","0","107.36","","107.36"
"A009810","플레이그램","12","0","KOSPI","2.51","38.67","","37.73"
"A009830","한화솔루션","12","1","KOSPI","1.87","4936.04","","4845.4"
"A009900","명신산업","12","0","외감","","","",""
"A009970","영원무역홀딩스","12","0","KOSPI","-1.09","741.78","","749.96"
"A010040","한국내화","12","0","KOSPI","-0.49","69.96","","70.31"
"A010060","OCI홀딩스","12","1","KOSPI","-3.29","3851.67","","3982.84"
"A010100","한국무브넥스","12","0","KOSPI","1.38","66.99","","66.08"
"A010120","LS ELECTRIC","12","1","KOSPI","-0.49","1842","","1851"
"A010130","고려아연","12","1","KOSPI","1.68","9123.65","","8972.69"
"A010140","삼성중공업","12","1","KOSPI","2.8","3147.3","","3061.5"
"A010170","대한광통신","12","0","KOSDAQ","-1.26","374.58","","379.36"
"A010240","흥국","12","0","KOSDAQ","3.69","53.73","","51.82"
"A010280","아이티센엔텍","12","0","KOSDAQ","-0.57","28.37","","28.53"
"A010400","우진아이엔에스","12","0","외감","","","",""
"A010470","오리콤","12","0","KOSDAQ","1.22","57.26","","56.57"
"A010580","에스엠벡셀","12","0","KOSPI","0.24","42.89","","42.79"
"A010640","진양폴리","12","0","KOSPI","1.19","17.05","","16.85"
"A010660","화천기계","12","0","KOSPI","1.68","46.53","","45.76"
"A010690","화신","12","0","KOSPI","0.38","139.68","","139.16"
"A010770","평화홀딩스","12","0","KOSPI","3.03","109.54","","106.33"
"A010780","아이에스동서","12","1","KOSPI","2.73","929.46","","904.8"
"A010820","퍼스텍","12","0","KOSPI","0.44","159.7","","159"
"A010950","S-Oil","12","1","KOSPI","-0.84","13284.77","","13397.35"
"A010960","삼호개발","12","0","KOSPI","-3.05","135.25","","139.5"
"A011000","진원생명과학","12","0","KOSPI","3.91","140.81","","135.51"
"A011040","경동제약","12","0","KOSDAQ","1.72","313.95","","308.64"
"A011070","LG이노텍","12","1","KOSPI","5","2982.06","","2840.05"
"A011080","형지I&C","12","0","KOSDAQ","5.51","52.2","","49.47"
"A011090","에넥스","12","0","KOSPI","4.12","106.19","","101.99"
"A011150","CJ씨푸드","12","0","KOSPI","1.68","98.09","","96.47"
"A011170","롯데케미칼","12","1","KOSPI","1.36","15303.97","","15098.32"
"A011200","HMM","12","0","KOSPI","2.9","1382.86","","1343.88"
"A011210","현대위아","12","1","KOSPI","3.52","1520.21","","1468.53"
"A011230","삼화전자","12","0","KOSPI","1.4","60.45","","59.61"
"A011280","태림포장","12","0","KOSPI","-0.17","207.11","","207.46"
"A011300","우성머티리얼스","12","0","KOSPI","-1.04","48.67","","49.18"
"A011320","유니크","12","0","KOSDAQ","-0.68","113.61","","114.38"
"A011330","유니켐","12","0","KOSPI","0.35","73.16","","72.9"
"A011370","서한","12","0","KOSDAQ","-0.21","234.58","","235.09"
"A011390","부산산업","12","0","KOSPI","-0.66","39.49","","39.76"
"A011420","갤럭시아에스엠","12","0","KOSPI","2.54","55.65","","54.27"
"A011500","한농화성","12","0","KOSPI","1.11","71.46","","70.68"
"A011560","세보엠이씨","12","0","KOSDAQ","-0.4","130.57","","131.1"
"A011690","와이투솔루션","12","0","KOSPI","1.62","419.56","","412.86"
"A011700","한신기계","12","0","KOSPI","-0.28","116.64","","116.97"
"A011760","현대코퍼레이션","12","0","KOSPI","2.52","242.09","","236.14"
"A011780","금호석유화학","12","1","KOSPI","-1.74","2927.95","","2979.74"
"A011790","SKC","12","1","KOSPI","1.87","1433.82","","1407.55"
"A0117P0","피스피스스튜디오","12","0","외감","","","",""
"A011810","STX","12","0","KOSPI","0","426.02","","426.02"
"A011930","신성이엔지","12","0","KOSPI","0.58","299.28","","297.55"
"A012030","DB","12","0","KOSPI","2.17","154.65","","151.36"
"A0120G0","삼양바이오팜","12","0","외감","","","",""
"A012160","영흥","12","0","KOSPI","1.19","109.43","","108.14"
"A012170","아센디오","12","0","KOSPI","8.98","97.01","","89.02"
"A012200","계양전기","12","0","KOSPI","0.12","134.31","","134.15"
"A012210","삼미금속","12","0","외감","","","",""
"A012280","영화금속","12","0","KOSPI","2.13","76.36","","74.77"
"A012320","경동인베스트","12","0","KOSPI","-0.46","101.46","","101.93"
"A012330","현대모비스","12","1","KOSPI","5.38","23849.25","","22632.45"
"A012340","뉴인텍","12","0","KOSDAQ","3.45","51.58","","49.86"
"A012450","한화에어로스페이스","12","1","KOSPI","1.93","1530.66","","1501.73"
"A012510","더존비즈온","12","0","KOSPI","3.27","1780.36","","1723.98"
"A012610","경인양행","12","0","KOSPI","3.99","241.97","","232.68"
"A012620","원일특강","12","0","KOSDAQ","0.99","44.88","","44.44"
"A012630","HDC","12","1","KOSPI","0.52","2917.37","","2902.29"
"A012690","모나리자","12","0","KOSPI","2.49","172.8","","168.59"
"A0126Z0","삼성에피스홀딩스","12","0","외감","","","",""
"A012700","리드코프","12","0","KOSDAQ","1.5","163.17","","160.76"
"A012750","에스원","12","1","KOSPI","-0.62","3644.12","","3666.92"
"A012790","신일제약","12","0","KOSDAQ","3.45","106.65","","103.1"
"A012800","대창","12","0","KOSPI","1.9","97.52","","95.7"
"A012860","모베이스전자","12","0","KOSDAQ","-0.41","65.61","","65.88"
"A013000","세우글로벌","12","0","KOSPI","0","44.89","","44.89"
"A013030","하이록코리아","12","0","KOSDAQ","-0.44","309.7","","311.06"
"A013120","동원개발","12","0","KOSDAQ","0.54","421.8","","419.53"
"A013310","아진산업","12","0","KOSDAQ","9.91","50.57","","46.01"
"A013360","일성건설","12","0","KOSPI","4.55","61.41","","58.74"
"A013520","화승코퍼레이션","12","0","KOSPI","-0.43","150.1","","150.75"
"A013570","디와이","12","0","KOSPI","-0.16","160.55","","160.81"
"A013580","계룡건설","12","0","KOSPI","1.1","163.88","","162.1"
"A013700","까뮤이앤씨","12","0","KOSPI","0.77","59.38","","58.92"
"A013720","청보","12","0","KOSDAQ","4.03","20.08","","19.3"
"A013810","스페코","12","0","KOSDAQ","1.8","53.86","","52.91"
"A013870","지엠비코리아","12","0","KOSPI","0.31","186.34","","185.76"
"A013890","지누스","12","0","K-OTC","7.61","1091.79","","1014.6"
"A013990","아가방컴퍼니","12","0","KOSDAQ","5.25","177.92","","169.04"
"A014100","메디앙스","12","0","KOSDAQ","2.2","164.61","","161.07"
"A014130","한익스프레스","12","0","KOSPI","0.46","78","","77.64"
"A014160","대영포장","12","0","KOSPI","-0.79","93.37","","94.11"
"A014190","원익큐브","12","0","KOSDAQ","3.4","97","","93.81"
"A014280","금강공업","12","0","KOSPI","0.69","141.79","","140.82"
"A014440","영보화학","12","0","KOSPI","-0.54","92.8","","93.3"
"A014470","부방","12","0","KOSDAQ","1.74","138.33","","135.97"
"A014530","극동유화","12","0","KOSPI","-0.3","114.37","","114.72"
"A014570","고려제약","12","0","KOSDAQ","2.33","121","","118.25"
"A014580","태경비케이","12","0","KOSPI","0.9","77.23","","76.54"
"A014620","성광벤드","12","0","KOSDAQ","-0.42","341.77","","343.2"
"A014680","한솔케미칼","12","1","KOSPI","0.57","800.83","","796.31"
"A014710","사조씨푸드","12","0","KOSPI","0.61","113.13","","112.44"
"A014790","HL D&I","12","0","KOSPI","2.34","143.61","","140.32"
"A014820","동원시스템즈","12","1","KOSPI","1.19","1197.67","","1183.58"
"A014830","유니드","12","1","KOSPI","2.97","431.16","","418.71"
"A014910","성문전자","12","0","KOSPI","4.33","51.64","","49.5"
"A014940","오리엔탈정공","12","0","KOSDAQ","0.48","42.17","","41.97"
"A014950","삼익제약","12","0","외감","","","",""
"A014970","삼륭물산","12","0","KOSDAQ","1.72","80.62","","79.26"
"A014990","인디에프","12","0","KOSPI","0.87","137.02","","135.84"
"A015020","이스타코","12","0","KOSPI","0.51","33.47","","33.3"
"A015230","대창단조","12","0","KOSPI","-0.4","100.6","","101"
"A015260","에이엔피","12","0","KOSPI","2.16","66.64","","65.23"
"A015360","INVENI","12","0","KOSPI","1.69","252.3","","248.1"
"A015590","DKME","12","0","KOSPI","1.4","135.33","","133.46"
"A015710","코콤","12","0","KOSDAQ","1","124.47","","123.24"
"A015750","성우하이텍","12","0","KOSDAQ","0.33","369.6","","368.4"
"A015760","한국전력","12","1","KOSPI","0.97","19997.18","","19804.59"
"A015860","일진홀딩스","12","0","KOSPI","1.01","246.74","","244.27"
"A015890","태경산업","12","0","KOSPI","0.53","165.14","","164.27"
"A016090","대현","12","0","KOSPI","0.62","109.58","","108.9"
"A016100","리더스코스메틱","12","0","KOSDAQ","-1.59","387.49","","393.77"
"A016250","SGC E&C","12","0","KOSDAQ","2.92","434.84","","422.52"
"A016360","삼성증권","12","1","KOSPI","-0.89","3500.56","","3531.82"
"A016380","KG스틸","12","0","KOSPI","-0.87","286.25","","288.75"
"A016450","한세예스24홀딩스","12","0","KOSPI","-0.35","343.2","","344.4"
"A016580","환인제약","12","0","KOSPI","3.36","457.56","","442.68"
"A016590","신대양제지","12","0","KOSPI","1.97","249.85","","245.01"
"A016600","큐캐피탈","12","0","KOSDAQ","-0.5","134.1","","134.77"
"A016610","DB증권","12","0","KOSPI","1.71","176.36","","173.39"
"A016670","디모아","12","0","KOSDAQ","2.52","57.11","","55.71"
"A016710","대성홀딩스","12","0","KOSPI","0.64","126.14","","125.34"
"A016740","두올","12","0","KOSPI","-0.44","122.91","","123.46"
"A016790","현대사료","12","0","외감","","","",""
"A016800","퍼시스","12","0","KOSPI","-0.78","368","","370.88"
"A016880","웅진","12","0","KOSPI","-0.34","213.67","","214.4"
"A016920","카스","12","0","KOSDAQ","0.26","41.77","","41.66"
"A017000","신원종합개발","12","0","KOSDAQ","2.59","51.75","","50.44"
"A017040","광명전기","12","0","KOSPI","2.06","150.38","","147.35"
"A017180","명문제약","12","0","KOSPI","8.77","228.22","","209.82"
"A017250","인터엠","9","0","KOSDAQ","1.1","58.19","","57.56"
"A017370","우신시스템","12","0","KOSPI","4.99","142.48","","135.71"
"A017390","서울가스","12","0","KOSPI","0","421.5","","421.5"
"A017480","삼현철강","12","0","KOSDAQ","-1.86","70.35","","71.68"
"A017510","세명전기","12","0","KOSDAQ","0.28","110.69","","110.38"
"A017550","수산세보틱스","12","0","KOSPI","0","80.98","","80.98"
"A017650","대림제지","12","0","KOSDAQ","0","71.55","","71.55"
"A017670","SK텔레콤","12","1","KOSPI","0.66","18410.02","","18288.9"
"A017800","현대엘리베이터","12","1","KOSPI","-0.38","1940.56","","1948.02"
"A017810","풀무원","12","0","KOSPI","-1.98","470.42","","479.95"
"A017860","DS단석","12","0","외감","","","",""
"A017890","한국알콜","12","0","KOSDAQ","-1.39","169.17","","171.55"
"A017900","광전자","12","0","KOSPI","-1.72","165.72","","168.62"
"A017940","E1","12","0","KOSPI","0.34","405.43","","404.05"
"A017960","한국카본","12","0","KOSPI","-0.76","285.74","","287.94"
"A018000","유니슨","12","0","KOSDAQ","1.77","282.46","","277.56"
"A018120","진로발효","12","0","KOSDAQ","1.12","237.38","","234.75"
"A018250","애경산업","12","0","KOSPI","-6.94","822.85","","884.24"
"A018260","삼성에스디에스","12","1","KOSPI","2.02","19576.58","","19189.69"
"A018290","브이티","12","0","KOSDAQ","0.94","148.97","","147.58"
"A018310","삼목에스폼","12","0","KOSDAQ","-1.65","174.93","","177.87"
"A018470","조일알미늄","12","0","KOSPI","0","75.86","","75.86"
"A018500","동원모빌리티","3","0","KOSPI","1.03","52.67","","52.13"
"A018620","우진비앤지","12","0","KOSDAQ","6.08","63.64","","60"
"A018670","SK가스","12","0","KOSPI","0.65","830.38","","825"
"A018680","서울제약","12","0","KOSDAQ","2.88","105.27","","102.32"
"A018700","졸스","12","0","KOSDAQ","3.01","52.35","","50.82"
"A018880","한온시스템","12","1","KOSPI","0.42","6352.22","","6325.53"
"A019010","베뉴지","12","0","KOSDAQ","-0.75","63.87","","64.35"
"A019170","신풍제약","12","0","KOSPI","0.49","431.3","","429.18"
"A019180","티에이치엔","12","0","KOSPI","-3.16","41.31","","42.66"
"A019210","와이지-원","12","0","KOSDAQ","3.44","550.64","","532.34"
"A019490","엑시큐어하이트론","12","0","KOSPI","-0.33","25.22","","25.3"
"A019540","일지테크","12","0","KOSDAQ","0.27","49.53","","49.39"
"A019550","SBI인베스트먼트","12","0","KOSDAQ","0.36","225.27","","224.46"
"A019570","GMI벤처","12","0","KOSDAQ","5.05","28.28","","26.92"
"A019660","글로본","12","0","KOSDAQ","6.97","105.28","","98.42"
"A019680","대교","12","1","KOSPI","-1.24","672.54","","681.01"
"A019770","서연탑메탈","12","0","KOSDAQ","-0.13","44.85","","44.91"
"A019990","에너토크","12","0","KOSDAQ","2.64","56.88","","55.41"
"A020000","한섬","12","1","KOSPI","2.9","742.59","","721.66"
"A020120","키다리스튜디오","12","0","KOSPI","-3.56","62.14","","64.44"
"A020150","롯데에너지머티리얼즈","12","1","KOSPI","-0.52","1771","","1780.2"
"A020180","대신정보통신","3","0","KOSDAQ","1.23","47.27","","46.69"
"A020400","대동금속","12","0","KOSDAQ","0.57","21.22","","21.1"
"A020560","아시아나항공","12","0","KOSPI","4.1","964.61","","926.64"
"A020710","시공테크","12","0","KOSDAQ","1.62","150.76","","148.35"
"A020760","일진디스플","12","0","KOSPI","-1.51","166.21","","168.75"
"A021040","대호특수강","12","0","KOSDAQ","-4.43","126.12","","131.97"
"A021050","서원","12","0","KOSPI","-0.44","53.88","","54.12"
"A021080","에이티넘인베스트","12","0","KOSDAQ","-5.33","204.72","","216.24"
"A021240","코웨이","12","1","KOSPI","0.11","6693.63","","6686.25"
"A021320","KCC건설","12","0","KOSDAQ","-0.26","167.13","","167.56"
"A021650","한국큐빅","12","0","KOSDAQ","0.6","36.99","","36.77"
"A021820","세원정공","6","0","KOSPI","1.14","133","","131.5"
"A021880","메이슨캐피탈","3","0","KOSDAQ","0.58","50.25","","49.96"
"A022100","포스코DX","12","0","KOSDAQ","0.39","1182.83","","1178.27"
"A022220","티케이지애강","12","0","KOSDAQ","0","142.44","","142.44"
"A023000","삼원강재","12","0","KOSPI","0.31","127.6","","127.2"
"A023150","MH에탄올","12","0","KOSPI","1.22","48.92","","48.33"
"A023160","태광","12","0","KOSDAQ","-1.53","341.85","","347.15"
"A023350","한국종합기술","12","0","KOSPI","3.09","69.42","","67.34"
"A023410","유진기업","12","0","KOSDAQ","1.29","410.48","","405.25"
"A023440","제이스코홀딩스","12","0","KOSDAQ","-3.2","35.4","","36.58"
"A023450","동남합성","12","0","KOSPI","-0.81","80.87","","81.53"
"A023530","롯데쇼핑","12","1","KOSPI","0.44","6425.89","","6397.77"
"A023590","다우기술","12","0","KOSPI","0.89","1018.47","","1009.5"
"A023600","삼보판지","12","0","KOSDAQ","6.5","140","","131.46"
"A023760","한국캐피탈","12","0","KOSDAQ","0.65","104.46","","103.79"
"A023770","플레이위드","12","0","KOSDAQ","2.99","29.83","","28.97"
"A023790","동일스틸럭스","12","0","KOSDAQ","2.12","30","","29.38"
"A023800","인지컨트롤스","12","0","KOSPI","0.89","103.54","","102.63"
"A023810","인팩","12","0","KOSPI","0","47.55","","47.55"
"A023900","풍국주정","12","0","KOSDAQ","1.53","167.58","","165.06"
"A023910","대한약품","12","0","KOSDAQ","-0.85","243.9","","246"
"A023960","에쓰씨엔지니어링","12","0","KOSPI","1.72","64.69","","63.59"
"A024060","흥구석유","12","0","KOSDAQ","1.29","41.25","","40.73"
"A024070","WISCOM","12","0","KOSPI","0","59.28","","59.28"
"A024090","디씨엠","12","0","KOSPI","0","145.08","","145.08"
"A024110","기업은행","12","1","KOSPI","1.56","9099.66","","8959.66"
"A024120","KB오토시스","12","0","KOSDAQ","0.16","70.5","","70.38"
"A024720","콜마홀딩스","12","0","KOSPI","-0.21","803.95","","805.62"
"A024740","한일단조","12","0","KOSDAQ","0.58","52.16","","51.86"
"A024800","유성티엔에스","12","0","KOSDAQ","1.36","91.17","","89.94"
"A024830","세원물산","12","0","KOSDAQ","-0.42","58.95","","59.2"
"A024840","KBI메탈","12","0","KOSDAQ","2.33","75.6","","73.89"
"A024850","HLB이노베이션","12","0","KOSDAQ","-0.28","27.88","","27.96"
"A024880","케이피에프","12","0","KOSDAQ","0.95","79.41","","78.45"
"A024890","대원화성","12","0","KOSPI","4.36","93.84","","89.92"
"A024900","디와이덕양","12","0","KOSPI","1.94","51.45","","50.48"
"A024910","경창산업","12","0","KOSDAQ","0.42","62.34","","62.07"
"A024940","PN풍년","12","0","KOSDAQ","2.92","29.95","","29.1"
"A024950","삼천리자전거","12","0","KOSDAQ","-2.73","118.13","","121.45"
"A025000","KPX케미칼","12","0","KOSPI","-1.94","292.82","","298.63"
"A025320","시노펙스","12","0","KOSDAQ","3.26","269.93","","261.41"
"A025440","DH오토웨어","12","0","KOSDAQ","-0.33","151.93","","152.43"
"A025530","SJM홀딩스","12","0","KOSPI","1.6","66.38","","65.34"
"A025540","한국단자","12","1","KOSPI","2.85","563.45","","547.83"
"A025550","한국선재","12","0","KOSDAQ","0.53","69.15","","68.78"
"A025560","미래산업","12","0","KOSPI","0.45","140.9","","140.26"
"A025620","차AI헬스케어","12","0","KOSPI","10.37","507.17","","459.5"
"A025750","한솔홈데코","12","0","KOSPI","1.68","121.65","","119.64"
"A025770","한국정보통신","12","0","KOSDAQ","0","502.63","","502.63"
"A025820","이구산업","12","0","KOSPI","3.61","76.75","","74.07"
"A025860","남해화학","12","1","KOSPI","0.43","586.21","","583.73"
"A025870","신라에스지","12","0","KOSDAQ","1.04","23.36","","23.12"
"A025880","케이씨피드","12","0","KOSDAQ","0.66","51.32","","50.98"
"A025890","한국주강","12","0","KOSPI","2.83","26.75","","26.01"
"A025900","동화기업","12","0","KOSDAQ","1.78","493.87","","485.26"
"A025950","동신건설","12","0","KOSDAQ","-3.71","80.72","","83.83"
"A025980","아난티","12","0","KOSDAQ","-0.16","521.91","","522.74"
"A026040","제이에스티나","12","0","KOSDAQ","0","156.46","","156.46"
"A026150","특수건설","12","0","KOSDAQ","-2.5","54.67","","56.07"
"A026890","스틱인베스트먼트","12","0","KOSPI","3.3","195.47","","189.22"
"A026910","광진실업","12","0","KOSDAQ","2.23","24.98","","24.44"
"A026940","부국철강","12","0","KOSPI","-0.36","55.4","","55.6"
"A026960","동서","12","1","KOSPI","0.94","2671.96","","2647.04"
"A027040","서울전자통신","12","0","KOSDAQ","2.5","79.66","","77.72"
"A027050","코리아나","12","0","KOSDAQ","-0.29","274.8","","275.6"
"A027360","아주IB투자","12","0","외감","","","",""
"A027410","BGF","12","1","KOSPI","-5.9","1215.96","","1292.25"
"A027580","상보","12","0","KOSDAQ","3.09","49.92","","48.43"
"A027710","팜스토리","12","0","KOSDAQ","0.79","112.64","","111.76"
"A027740","마니커","12","0","KOSPI","1.22","87.08","","86.03"
"A027830","대성창투","12","0","KOSDAQ","0.76","105.8","","105"
"A027970","한국제지","12","0","KOSPI","-0.67","44.05","","44.34"
"A028050","삼성E&A","12","1","KOSPI","1.73","3449.6","","3390.8"
"A028080","휴맥스홀딩스","12","0","KOSDAQ","0.22","57.23","","57.1"
"A028100","동아지질","12","0","KOSPI","-0.4","142.6","","143.18"
"A028260","삼성물산","12","1","KOSPI","1.94","24944.24","","24470.02"
"A028300","HLB","12","0","KOSDAQ","0.86","2135.73","","2117.51"
"A028670","팬오션","12","1","KOSPI","0.19","2838.41","","2833.06"
"A029460","케이씨","12","0","KOSPI","4.88","334.78","","319.2"
"A029480","광무","12","0","KOSDAQ","-0.24","27.74","","27.81"
"A029530","신도리코","12","1","KOSPI","2.69","655.2","","638.07"
"A029780","삼성카드","12","1","KOSPI","1.57","4130.37","","4066.65"
"A030000","제일기획","12","1","KOSPI","0.56","2076.49","","2064.99"
"A030190","NICE평가정보","12","0","KOSDAQ","1.72","539.75","","530.65"
"A030200","KT","12","1","KOSPI","1.11","7115.3","","7036.96"
"A030210","다올투자증권","12","0","KOSPI","-3.01","310.62","","320.27"
"A030350","드래곤플라이","12","0","KOSDAQ","-1.09","83.79","","84.71"
"A030520","한컴","12","0","KOSDAQ","-0.31","373.93","","375.09"
"A030530","원익홀딩스","12","0","KOSDAQ","-1.2","571.56","","578.51"
"A030610","교보증권","12","0","KOSPI","0.31","346.68","","345.6"
"A030720","동원수산","12","0","KOSPI","1.03","37.92","","37.54"
"A030960","양지사","6","0","KOSDAQ","0.48","166.19","","165.39"
"A031210","서울보증보험","12","0","외감","","","",""
"A031310","아이즈비전","12","0","KOSDAQ","0.14","55.36","","55.28"
"A031330","에스에이엠티","12","0","KOSDAQ","0","192.49","","192.49"
"A031430","신세계인터내셔날","12","0","KOSPI","0.83","606.9","","601.9"
"A031440","신세계푸드","12","0","KOSPI","0.4","484.06","","482.12"
"A031510","오스템","12","0","KOSDAQ","4.85","106.86","","101.92"
"A031820","아이티센씨티에스","12","0","KOSPI","1.39","34.88","","34.4"
"A031860","디에이치엑스컴퍼니","12","0","KOSDAQ","2.65","55.9","","54.46"
"A031980","피에스케이홀딩스","12","0","KOSDAQ","-3.75","522.52","","542.85"
"A032080","아즈텍WB","12","0","KOSDAQ","0.72","44.13","","43.82"
"A032190","다우데이타","12","0","KOSDAQ","3.82","520.88","","501.73"
"A032280","삼일","12","0","KOSDAQ","-0.24","34.21","","34.29"
"A032300","한국파마","12","0","외감","","","",""
"A032350","롯데관광개발","12","0","KOSPI","6.19","701.35","","660.5"
"A032500","케이엠더블유","12","0","KOSDAQ","-1.17","340.52","","344.54"
"A032540","TJ미디어","12","0","KOSDAQ","1.42","64.85","","63.95"
"A032560","황금에스티","12","0","KOSPI","0","151.9","","151.9"
"A032580","피델릭스","12","0","KOSDAQ","0","41.55","","41.55"
"A032620","GC메디아이","12","0","KOSDAQ","2.31","214.32","","209.49"
"A032640","LG유플러스","12","1","KOSPI","0.81","5413.98","","5370.32"
"A032680","소프트센","12","0","KOSDAQ","-1.72","61.41","","62.48"
"A032750","삼진","12","0","KOSDAQ","1.18","56.52","","55.86"
"A032790","엠젠솔루션","12","0","KOSDAQ","-0.94","153","","154.45"
"A032800","판타지오","6","0","KOSDAQ","1.37","80.7","","79.61"
"A032820","우리기술","12","0","KOSDAQ","4.45","60.12","","57.56"
"A032830","삼성생명","12","1","KOSPI","0.44","22800","","22700"
"A032850","비트컴퓨터","12","0","KOSDAQ","1.28","105.23","","103.9"
"A032860","더라미","12","0","KOSDAQ","7.13","45.67","","42.63"
"A032940","원익","12","0","KOSDAQ","0.77","57.68","","57.23"
"A032960","동일기연","12","0","KOSDAQ","0.38","78.38","","78.08"
"A032980","바이온","12","0","KOSDAQ","5.03","129.01","","122.83"
"A033050","제이엠아이","12","0","KOSDAQ","0.45","36.49","","36.33"
"A033100","제룡전기","12","0","KOSDAQ","1.33","183.91","","181.51"
"A033130","디지틀조선","12","0","KOSDAQ","-0.66","84.44","","84.99"
"A033160","엠케이전자","12","0","KOSDAQ","-1.36","236.61","","239.88"
"A033170","시그네틱스","12","0","KOSDAQ","-1.15","111.02","","112.3"
"A033200","모아텍","3","0","KOSDAQ","1.14","63.56","","62.84"
"A033230","인성정보","12","0","KOSDAQ","1.39","91.1","","89.85"
"A033240","자화전자","12","0","KOSPI","-0.28","317.73","","318.62"
"A033250","체시스","12","0","KOSPI","3.34","23.02","","22.27"
"A033270","유나이티드제약","12","0","KOSPI","-0.72","444.08","","447.32"
"A033290","로젠","12","0","KOSDAQ","3.37","430.33","","416.3"
"A033310","엠투엔","12","0","KOSDAQ","0.73","45.7","","45.37"
"A033320","제이씨현시스템","12","0","KOSDAQ","1.16","149.47","","147.75"
"A033340","좋은사람들","12","0","KOSDAQ","2.06","104.46","","102.35"
"A033500","동성화인텍","12","0","KOSDAQ","0.94","230.71","","228.55"
"A033530","SJG세종","12","0","KOSPI","-0.85","163.04","","164.45"
"A033540","파라텍","12","0","KOSDAQ","2.55","107.2","","104.53"
"A033560","블루콤","12","0","KOSDAQ","1.19","123.54","","122.09"
"A033640","네패스","12","0","KOSDAQ","2.24","194.31","","190.07"
"A033780","KT&G","12","1","KOSPI","0","13523.31","","13523.31"
"A033790","피노","12","0","KOSDAQ","-0.88","57.86","","58.37"
"A033830","티비씨","12","0","KOSDAQ","-0.74","66.9","","67.4"
"A033920","무학","12","1","KOSPI","0.87","495.9","","491.63"
"A034020","두산에너빌리티","12","1","KOSPI","8.17","1761.97","","1628.89"
"A034120","SBS","12","1","KOSPI","1.57","470.92","","463.62"
"A034220","LG디스플레이","12","1","KOSPI","-1.72","9195.86","","9356.88"
"A034230","파라다이스","12","0","KOSDAQ","3.33","1832.49","","1773.38"
"A034310","NICE","12","0","KOSPI","1.62","592.86","","583.39"
"A034590","인천도시가스","12","0","KOSPI","0.17","131.24","","131.02"
"A034730","SK","12","1","KOSPI","0.51","20967.37","","20861.83"
"A034810","해성산업","12","0","KOSDAQ","1.71","145.23","","142.79"
"A034830","한국토지신탁","12","0","KOSPI","0.34","748.63","","746.11"
"A034940","조아제약","12","0","KOSDAQ","0.98","175.24","","173.54"
"A034950","한국기업평가","12","0","KOSDAQ","-0.17","268.34","","268.8"
"A035000","HS애드","12","0","KOSPI","3.77","145.96","","140.66"
"A035080","그래디언트","12","0","KOSDAQ","0.14","215.28","","214.99"
"A035150","백산","12","0","KOSPI","2.01","159.72","","156.57"
"A035200","프럼파스트","12","0","KOSDAQ","-2.21","47.06","","48.12"
"A035250","강원랜드","12","1","KOSPI","0.73","5894.06","","5851.27"
"A035290","골드앤에스","12","0","KOSDAQ","0","107.54","","107.54"
"A035420","NAVER","12","1","KOSPI","0","26007.55","","26007.55"
"A035460","기산텔레콤","12","0","KOSDAQ","4.4","39.8","","38.12"
"A035510","신세계 I&C","12","0","KOSPI","-2.61","288.96","","296.7"
"A035600","KG이니시스","12","0","KOSDAQ","2.51","570.65","","556.69"
"A035610","솔본","12","0","KOSDAQ","-0.87","155.05","","156.42"
"A035620","바른손이앤에이","12","0","KOSDAQ","6.25","132.68","","124.87"
"A035720","카카오","12","1","KOSPI","0.38","10029.51","","9991.37"
"A035760","CJ ENM","12","0","KOSDAQ","-1.39","1369.9","","1389.17"
"A035810","이지홀딩스","12","0","KOSDAQ","0.45","390.43","","388.69"
"A035890","서희건설","12","0","KOSDAQ","-2.55","198.62","","203.82"
"A035900","JYP Ent.","12","0","KOSDAQ","4.91","777.28","","740.93"
"A036000","예림당","12","0","KOSDAQ","1.41","214.68","","211.69"
"A036010","아비코전자","12","0","KOSDAQ","0.91","103.02","","102.09"
"A036030","케이티알파","12","0","KOSDAQ","3.2","207.15","","200.72"
"A036090","위지트","12","0","KOSDAQ","-1.47","122.22","","124.04"
"A036120","서울평가정보","12","0","KOSDAQ","2.72","140.76","","137.03"
"A036170","에이치엠넥스","12","0","KOSDAQ","1.24","96.22","","95.04"
"A036190","금화피에스시","12","0","KOSDAQ","-0.4","222","","222.9"
"A036200","유니셈","12","0","KOSDAQ","-1.92","312.78","","318.91"
"A036220","오상헬스케어","12","0","외감","","","",""
"A036420","콘텐트리중앙","12","0","KOSDAQ","0.49","939.93","","935.37"
"A036460","한국가스공사","12","1","KOSPI","-0.51","4504.87","","4527.95"
"A036480","대성미생물","12","0","KOSDAQ","2.4","80.94","","79.04"
"A036530","SNT홀딩스","12","0","KOSPI","1.09","226.62","","224.18"
"A036540","SFA반도체","12","0","KOSDAQ","-0.8","349.16","","351.99"
"A036560","KZ정밀","12","0","KOSDAQ","-0.35","133.72","","134.19"
"A036570","NC","12","1","KOSPI","0.12","9170.51","","9159.54"
"A036580","팜스코","12","1","KOSPI","0","437.06","","437.06"
"A036620","감성코퍼레이션","12","0","KOSDAQ","-0.86","50.05","","50.49"
"A036630","세종텔레콤","12","0","KOSDAQ","1.14","373.4","","369.2"
"A036640","HRS","12","0","KOSDAQ","2.02","74.5","","73.02"
"A036670","삼양케이씨아이","12","0","KOSDAQ","1.55","88.36","","87"
"A036690","코맥스","12","0","KOSDAQ","0","91.03","","91.03"
"A036710","심텍홀딩스","12","0","KOSDAQ","0.71","74.5","","73.98"
"A036800","나이스정보통신","12","0","KOSDAQ","-0.87","227","","229"
"A036810","에프에스티","12","0","KOSDAQ","2.52","111.2","","108.46"
"A036830","솔브레인홀딩스","12","0","KOSDAQ","-4.13","1009.1","","1052.6"
"A036890","진성티이씨","12","0","KOSDAQ","0.94","240.56","","238.31"
"A036930","주성엔지니어링","12","0","KOSDAQ","-0.47","513.85","","516.27"
"A037030","파워넷","12","0","K-OTC","-4.78","80.63","","84.68"
"A037070","파세코","12","0","KOSDAQ","-0.35","79.66","","79.94"
"A037230","한국팩키지","12","0","KOSDAQ","2.65","82.25","","80.13"
"A037270","YG PLUS","12","0","KOSPI","1.23","119.25","","117.8"
"A037330","인지디스플레","12","0","KOSDAQ","-0.3","58.92","","59.1"
"A037350","성도이엔지","12","0","KOSDAQ","-0.83","129.17","","130.26"
"A037370","EG","12","0","KOSDAQ","5.05","76.5","","72.83"
"A037400","우리엔터프라이즈","12","0","KOSDAQ","1.19","42.37","","41.87"
"A037440","희림","12","0","KOSDAQ","0.44","62.86","","62.58"
"A037460","삼지전자","12","0","KOSDAQ","1.18","210.51","","208.06"
"A037560","LG헬로비전","12","0","KOSPI","4.68","658.3","","628.87"
"A037710","광주신세계","12","0","KOSPI","-0.67","355.2","","357.6"
"A037760","쎄니트","12","0","KOSDAQ","0.86","59.38","","58.87"
"A037950","엘컴텍","12","0","KOSDAQ","2.7","209.01","","203.52"
"A038010","제일테크노스","12","0","KOSDAQ","0.12","36.27","","36.23"
"A038060","루멘스","12","0","KOSDAQ","2.96","180.6","","175.4"
"A038070","서린바이오","12","0","KOSDAQ","1.97","83.53","","81.92"
"A038110","에코플라스틱","12","0","KOSDAQ","4.71","42.9","","40.97"
"A038290","마크로젠","12","0","KOSDAQ","-0.11","465.14","","465.67"
"A038390","레드캡투어","12","0","KOSDAQ","-0.32","134","","134.43"
"A038460","바이오스마트","12","0","KOSDAQ","3.91","116.73","","112.34"
"A038500","삼표시멘트","12","0","KOSDAQ","-1.03","361.79","","365.55"
"A038530","케이바이오랩스","12","0","KOSDAQ","-3.45","37.21","","38.54"
"A038540","상상인","12","0","KOSDAQ","0.85","1138.8","","1129.25"
"A038620","위즈코프","12","0","KOSDAQ","0.37","47.83","","47.65"
"A038680","에스넷","12","0","KOSDAQ","-1.04","91.63","","92.59"
"A038870","에코심플렉스","12","0","KOSDAQ","0.5","116.45","","115.88"
"A038880","아이에이","12","0","KOSDAQ","-2.56","163.76","","168.07"
"A038950","파인디지털","12","0","KOSDAQ","-3.94","48.5","","50.49"
"A039010","현대에이치티","12","0","KOSDAQ","3.31","107.81","","104.36"
"A039020","이건홀딩스","12","0","KOSDAQ","1.39","52.44","","51.72"
"A039030","이오테크닉스","12","0","KOSDAQ","-2.25","906.31","","927.19"
"A039130","하나투어","12","0","KOSPI","1.75","1353.29","","1330.05"
"A039200","오스코텍","12","0","KOSDAQ","2.58","651.29","","634.94"
"A039240","경남스틸","12","0","KOSDAQ","2.34","54.75","","53.5"
"A039290","인포뱅크","12","0","KOSDAQ","2.69","69.81","","67.99"
"A039310","세중","12","0","KOSDAQ","2.24","45.58","","44.58"
"A039340","한국경제TV","12","0","KOSDAQ","0.81","86.37","","85.68"
"A039420","케이엘넷","12","0","KOSDAQ","0.36","102.3","","101.93"
"A039440","에스티아이","12","0","KOSDAQ","6.11","298.91","","281.7"
"A039490","키움증권","12","0","KOSPI","0","2309.42","","2309.42"
"A039560","다산네트웍스","12","0","KOSDAQ","-0.98","170.37","","172.05"
"A039570","HDC랩스","12","0","KOSPI","0.78","213.98","","212.33"
"A039610","화성밸브","12","0","KOSDAQ","-4.39","58.68","","61.37"
"A039740","한국정보공학","12","0","KOSDAQ","-0.84","33.2","","33.48"
"A039830","오로라","12","0","KOSDAQ","6.11","130.77","","123.24"
"A039840","디오","12","0","KOSDAQ","1.14","675.13","","667.54"
"A039860","나노엔텍","12","0","KOSDAQ","-1.03","147.76","","149.3"
"A039980","폴라리스AI","12","0","KOSDAQ","0.78","93.41","","92.69"
"A040160","누리플렉스","12","0","KOSDAQ","-0.9","106.33","","107.29"
"A040300","YTN","12","0","KOSDAQ","0.97","87.78","","86.94"
"A040350","크레오에스지","12","0","KOSDAQ","-0.2","267.73","","268.27"
"A040420","정상제이엘에스","12","0","KOSDAQ","-0.14","116.01","","116.17"
"A040610","SG&G","12","0","KOSDAQ","0","86.92","","86.92"
"A040910","아이씨디","12","0","KOSDAQ","0.8","167.3","","165.97"
"A041020","폴라리스오피스","12","0","KOSDAQ","0.27","57.7","","57.55"
"A041190","우리기술투자","12","0","KOSDAQ","-3","353.64","","364.56"
"A041440","현대에버다임","12","0","KOSDAQ","-1.69","146.01","","148.52"
"A041460","한국전자인증","12","0","KOSDAQ","2.53","173.82","","169.53"
"A041510","에스엠","12","0","KOSDAQ","0.65","1011.64","","1005.11"
"A041520","이엘씨","12","0","KOSDAQ","0.47","77.4","","77.03"
"A041590","플래스크","12","0","KOSDAQ","-0.14","164.1","","164.32"
"A041650","상신브레이크","12","0","KOSPI","0.26","165.33","","164.9"
"A041830","인바디","12","0","KOSDAQ","0","669.14","","669.14"
"A041910","폴라리스AI파마","12","0","KOSDAQ","2.29","159.44","","155.87"
"A041920","메디아나","12","0","KOSDAQ","4.35","93.43","","89.53"
"A041930","SY동아","12","0","KOSDAQ","0.35","68.73","","68.49"
"A041960","코미팜","12","0","KOSDAQ","-0.63","2177.85","","2191.65"
"A042000","카페24","12","0","KOSDAQ","-4.22","1045.26","","1091.32"
"A042040","케이피엠테크","12","0","KOSDAQ","-1.37","107.41","","108.91"
"A042110","에스씨디","12","0","KOSDAQ","-0.33","73.7","","73.94"
"A042370","비츠로테크","12","0","KOSDAQ","4.76","147.54","","140.83"
"A042420","네오위즈홀딩스","12","0","KOSDAQ","3.45","132.85","","128.42"
"A042500","링네트","12","0","KOSDAQ","-1.01","58.55","","59.15"
"A042510","라온시큐어","12","0","KOSDAQ","1.5","118.49","","116.74"
"A042520","한스바이오메드","9","0","KOSDAQ","1.82","304.11","","298.69"
"A042600","새로닉스","12","0","KOSDAQ","-0.69","71.31","","71.81"
"A042660","한화오션","12","0","KOSPI","-0.86","3066.37","","3093.03"
"A042700","한미반도체","12","0","KOSPI","-0.44","718.48","","721.66"
"A042940","상지건설","12","0","KOSDAQ","3.58","76.38","","73.74"
"A043090","더테크놀로지","12","0","KOSDAQ","-0.84","151.11","","152.39"
"A043100","알파AI","12","0","KOSDAQ","1.54","78.78","","77.58"
"A043150","바텍","12","0","KOSDAQ","-0.13","560.01","","560.75"
"A043200","파루","12","0","KOSDAQ","6.27","108.14","","101.76"
"A043220","티에스넥스젠","12","0","KOSDAQ","2.02","68.88","","67.51"
"A043260","성호전자","12","0","KOSDAQ","-3.21","31.13","","32.16"
"A043340","에쎈테크","12","0","KOSDAQ","0","97.2","","97.2"
"A043360","디지아이","12","0","KOSDAQ","1.06","30.06","","29.75"
"A043370","피에이치에이","12","0","KOSDAQ","-3.11","209.58","","216.3"
"A043590","웰킵스하이텍","12","0","KOSDAQ","5.99","80.47","","75.92"
"A043610","KT지니뮤직","12","0","KOSDAQ","0.77","226.78","","225.06"
"A043650","국순당","12","0","KOSDAQ","0.18","101.61","","101.44"
"A043710","코스리거글로벌","12","0","KOSDAQ","-2.79","91.96","","94.6"
"A043910","자연과환경","12","0","KOSDAQ","-0.82","61.96","","62.47"
"A044180","KD","12","0","KOSDAQ","3.76","49.09","","47.31"
"A044340","위닉스","12","0","KOSDAQ","0.51","353.89","","352.11"
"A044380","주연테크","12","0","KOSPI","0.93","53.63","","53.14"
"A044450","KSS해운","12","0","KOSPI","1.03","203.8","","201.72"
"A044480","빌리언스","12","0","KOSDAQ","0","179.11","","140.61"
"A044490","태웅","12","0","KOSDAQ","0.8","380.14","","377.14"
"A044780","에이치케이","12","0","KOSDAQ","7.5","35.71","","33.22"
"A044820","코스맥스비티아이","12","0","KOSPI","-0.47","306.85","","308.29"
"A044960","이글벳","12","0","KOSDAQ","4.98","63.94","","60.91"
"A044990","에이치엔에스하이텍","12","0","KONEX","-8.16","33.8","","36.8"
"A045060","오공","12","0","KOSDAQ","-1.24","64.29","","65.1"
"A045100","한양이엔지","12","0","KOSDAQ","1.69","270.9","","266.4"
"A045300","성우테크론","12","0","KOSDAQ","-2.01","51.57","","52.63"
"A045340","토탈소프트","12","0","KOSDAQ","-3.73","29.82","","30.98"
"A045390","대아티아이","12","0","KOSDAQ","-0.82","171.48","","172.9"
"A045510","정원엔시스","12","0","KOSDAQ","0.18","90.83","","90.67"
"A045520","크린앤사이언스","12","0","KOSDAQ","0","115.38","","115.38"
"A045660","에이텍","12","0","KOSDAQ","-2.83","113.58","","116.88"
"A045970","코아시아","12","0","KOSDAQ","0.56","100.8","","100.24"
"A046070","코다코","12","0","KOSDAQ","-0.35","111.72","","112.11"
"A046120","오르비텍","12","0","KOSDAQ","0.96","82.7","","81.91"
"A046210","HLB파나진","12","0","KOSDAQ","1.11","319.7","","316.19"
"A046310","백금T&A","12","0","KOSDAQ","2.06","46.02","","45.09"
"A046390","삼화네트웍스","12","0","KOSDAQ","0.87","74.79","","74.14"
"A046440","KG파이낸셜","12","0","KOSDAQ","0.65","276.04","","274.25"
"A046890","서울반도체","12","0","KOSDAQ","-0.25","1169.02","","1171.94"
"A046940","우원개발","12","0","KOSDAQ","-3.18","84.83","","87.61"
"A046970","우리로","12","0","KOSDAQ","0.43","57.27","","57.02"
"A047040","대우건설","12","1","KOSPI","0.77","2177.86","","2161.24"
"A047050","포스코인터내셔널","12","1","KOSPI","0","2874.64","","2874.64"
"A047080","한빛소프트","12","0","KOSDAQ","1.39","108.66","","107.17"
"A047310","파워로직스","12","0","KOSDAQ","1.35","167.32","","165.09"
"A047400","유니온머티리얼","12","0","KOSPI","-0.58","108.57","","109.2"
"A047560","이스트소프트","12","0","KOSDAQ","0.78","64.15","","63.65"
"A047770","코데즈컴바인","12","0","KOSDAQ","2.3","134.91","","131.88"
"A047810","한국항공우주","12","1","KOSPI","3.66","4971.23","","4795.78"
"A047820","초록뱀미디어","12","0","KOSDAQ","0.67","97.91","","97.26"
"A047920","HLB제약","12","0","KOSDAQ","5","106.54","","101.47"
"A048410","현대바이오","12","0","KOSDAQ","-0.35","185.67","","186.32"
"A048430","유라테크","12","0","KOSDAQ","-0.55","103.45","","104.03"
"A048470","대동스틸","12","0","KOSDAQ","-0.59","67.4","","67.8"
"A048530","인트론바이오","12","0","KOSDAQ","3","645.15","","626.35"
"A048550","SM C&C","12","0","KOSDAQ","0.91","312.22","","309.39"
"A048770","TPC로보틱스","12","0","KOSDAQ","0.15","83.72","","83.59"
"A048830","엔피케이","12","0","KOSDAQ","0.2","46.15","","46.06"
"A048870","시너지이노베이션","12","0","KOSDAQ","2.74","145.43","","141.55"
"A048910","대원미디어","12","0","KOSDAQ","0","130.82","","130.82"
"A049070","인탑스","12","0","KOSDAQ","-0.49","174.58","","175.44"
"A049080","기가레인","12","0","KOSDAQ","-0.18","134.52","","134.76"
"A049120","파인디앤씨","12","0","KOSDAQ","0","74.13","","74.13"
"A049180","셀루메드","12","0","KOSDAQ","6.02","218.49","","206.09"
"A049430","코메론","12","0","KOSDAQ","-0.23","77.81","","77.99"
"A049470","비트플래닛","12","0","KOSDAQ","2.11","80.78","","79.11"
"A049480","오픈베이스","12","0","KOSDAQ","0.14","110.76","","110.61"
"A049520","유아이엘","12","0","KOSDAQ","-0.6","143.34","","144.22"
"A049550","잉크테크","12","0","KOSDAQ","-2.51","65.28","","66.96"
"A049630","재영솔루텍","12","0","KOSDAQ","2.12","123.34","","120.78"
"A049720","고려신용정보","12","0","KOSDAQ","2.94","52.55","","51.05"
"A049800","우진플라임","12","0","KOSPI","0.86","70.6","","70"
"A049830","승일","12","0","KOSDAQ","-0.32","56.6","","56.78"
"A049950","미래컴퍼니","12","0","KOSDAQ","0.32","965.26","","962.2"
"A049960","쎌바이오텍","12","0","KOSDAQ","-1.7","462.01","","470"
"A050090","비케이홀딩스","12","0","KOSDAQ","-0.47","72.94","","73.29"
"A050110","캠시스","12","0","KOSDAQ","1.36","150.58","","148.56"
"A050120","ES큐브","12","0","KOSDAQ","3.73","104.05","","100.31"
"A050760","에스폴리텍","12","0","KOSDAQ","2.39","31.44","","30.71"
"A050860","아세아텍","6","0","KOSDAQ","-1.08","56","","56.61"
"A050890","쏠리드","12","0","KOSDAQ","-0.83","145.49","","146.71"
"A050960","수산아이앤티","12","0","KOSDAQ","0","62.45","","62.45"
"A051160","지어소프트","12","0","KOSDAQ","-1.43","28.26","","28.67"
"A051360","토비스","12","0","KOSDAQ","0","132.4","","132.4"
"A051370","인터플렉스","12","0","KOSDAQ","5.6","461.88","","437.39"
"A051380","피씨디렉트","12","0","KOSDAQ","-2.66","33.1","","34.01"
"A051390","YW","12","0","KOSDAQ","1.22","42.41","","41.9"
"A051490","나라엠앤디","12","0","KOSDAQ","3.39","82.22","","79.52"
"A051500","CJ프레시웨이","12","0","KOSDAQ","-1.15","407.2","","411.94"
"A051600","한전KPS","12","1","KOSPI","3.57","2088","","2016"
"A051630","진양화학","12","0","KOSPI","-0.99","29.94","","30.24"
"A051780","큐로홀딩스","12","0","KOSDAQ","0","54.17","","54.17"
"A051900","LG생활건강","12","1","KOSPI","2.02","18163.96","","17804.74"
"A051910","LG화학","12","1","KOSPI","0.75","28448.71","","28236.94"
"A051980","중앙첨단소재","12","0","KOSDAQ","-9.69","26.74","","29.6"
"A052020","에스티큐브","12","0","KOSDAQ","0","376.62","","376.62"
"A052220","iMBC","12","0","KOSDAQ","1.43","73.26","","72.22"
"A052260","현대바이오랜드","12","0","KOSDAQ","1.25","303.75","","300"
"A052300","오션인더블유","12","0","KOSDAQ","-1.45","64.73","","65.68"
"A052330","코텍","12","0","KOSDAQ","1.52","208.7","","205.58"
"A052400","코나아이","12","0","KOSDAQ","-1.75","175.04","","178.15"
"A052420","오성첨단소재","12","0","KOSDAQ","-0.14","103.37","","103.51"
"A052460","아이크래프트","12","0","KOSDAQ","-1.75","49.85","","50.74"
"A052600","한네트","12","0","KOSDAQ","-0.16","35.79","","35.85"
"A052690","한전기술","12","1","KOSPI","4.99","1125.58","","1072.07"
"A052710","아모텍","12","0","KOSDAQ","6.08","374.15","","352.71"
"A052770","아이톡시","12","0","KOSDAQ","-4.44","70.51","","73.79"
"A052790","액토즈소프트","12","0","KOSDAQ","5.94","242.48","","228.88"
"A052860","아이앤씨","12","0","KOSDAQ","2.95","91.11","","88.5"
"A052900","KX하이텍","12","0","KOSDAQ","1.49","47.82","","47.12"
"A053030","바이넥스","12","0","KOSDAQ","-3.17","381.96","","394.49"
"A053050","지에스이","12","0","KOSDAQ","1.25","48.58","","47.98"
"A053060","세동","12","0","KOSDAQ","0.52","18.98","","18.88"
"A053080","케이엔솔","12","0","외감","","","",""
"A053160","프리엠스","12","0","KOSDAQ","-0.32","55.68","","55.86"
"A053210","스카이라이프","12","0","KOSPI","2.07","590.6","","578.65"
"A053260","금강철강","12","0","KOSDAQ","2.58","81.9","","79.84"
"A053270","구영테크","12","0","KOSDAQ","-1.81","37.61","","38.3"
"A053280","예스24","12","0","KOSDAQ","1.55","90.3","","88.92"
"A053290","NE능률","12","0","KOSDAQ","0.24","55.61","","55.48"
"A053300","한국정보인증","12","0","KOSDAQ","0.8","195.72","","194.16"
"A053350","이니텍","12","0","KOSDAQ","1.7","166.05","","163.28"
"A053450","세코닉스","12","0","KOSDAQ","3.07","128.38","","124.56"
"A053580","웹케시","12","0","K-OTC","5.35","110.94","","105.3"
"A053610","프로텍","12","0","KOSDAQ","0.26","181.16","","180.69"
"A053620","태양","12","0","KOSDAQ","-0.46","93.31","","93.74"
"A053690","한미글로벌","12","0","KOSPI","1.28","103.2","","101.89"
"A053700","삼보모터스","12","0","KOSDAQ","2.76","158.88","","154.61"
"A053800","안랩","12","0","KOSDAQ","-0.8","748.03","","754.04"
"A053950","경남제약","12","0","KOSDAQ","0","193.47","","193.47"
"A053980","오상자이엘","12","0","KOSDAQ","1.59","226.29","","222.74"
"A054040","한국컴퓨터","12","0","KOSDAQ","2.37","55.45","","54.16"
"A054050","NH농우바이오","12","0","KOSDAQ","-0.31","229.52","","230.23"
"A054090","삼진엘앤디","12","0","KOSDAQ","4.75","66.02","","63.02"
"A054180","메디콕스","12","0","KOSDAQ","2.79","111.82","","108.79"
"A054210","이랜텍","12","0","KOSDAQ","2.89","80.07","","77.82"
"A054220","비츠로시스","12","0","KOSDAQ","2.02","66.15","","64.84"
"A054300","팬스타엔터프라이즈","12","0","KOSDAQ","-1.36","29.94","","30.35"
"A054410","케이피티유","12","0","KOSDAQ","3.02","29.3","","28.44"
"A054450","텔레칩스","12","0","KOSDAQ","16.74","140.86","","120.66"
"A054540","삼영엠텍","12","0","KOSDAQ","3.42","56.94","","55.06"
"A054620","APS","12","0","KOSDAQ","1.22","152.75","","150.92"
"A054670","대한뉴팜","12","0","KOSDAQ","5.5","220.35","","208.86"
"A054780","키이스트","12","0","KOSDAQ","-0.4","193.25","","194.02"
"A054800","아이디스홀딩스","12","0","KOSDAQ","0","161.42","","161.42"
"A054920","한컴위드","12","0","KOSDAQ","1.41","58.11","","57.3"
"A054930","유신","12","0","KOSDAQ","1.83","41.7","","40.95"
"A054940","엑사이엔씨","12","0","KOSDAQ","1.84","45.95","","45.12"
"A054950","제이브이엠","12","0","KOSDAQ","-2.05","302.62","","308.95"
"A055490","테이팩스","12","0","KOSPI","1.57","121.72","","119.83"
"A055550","신한지주","12","1","KOSPI","1.88","21789.47","","21386.4"
"A056080","유진로봇","12","0","KOSDAQ","2.96","162.99","","158.3"
"A056090","시지메드텍","12","0","KOSDAQ","0.39","98.08","","97.7"
"A056190","SFA","12","0","KOSDAQ","-1.29","1237.06","","1253.22"
"A056360","코위버","12","0","KOSDAQ","3.53","74.65","","72.1"
"A056700","신화인터텍","12","0","KOSDAQ","1.68","61.77","","60.75"
"A056730","CNT85","12","0","KOSDAQ","-1.79","96.53","","98.28"
"A057030","YBM넷","12","0","KOSDAQ","1.52","43.64","","42.98"
"A057050","현대홈쇼핑","12","1","KOSPI","1.94","1260","","1236"
"A057540","옴니시스템","12","0","KOSDAQ","2.69","100.88","","98.24"
"A057680","티사이언티픽","12","0","KOSDAQ","1.75","100.74","","99.01"
"A058110","멕아이씨에스","12","0","KOSDAQ","4.73","35.6","","33.99"
"A058400","KNN","12","0","KOSDAQ","0.49","136.4","","135.74"
"A058430","포스코스틸리온","12","0","KOSPI","1.12","162","","160.2"
"A058450","한주에이알티","12","0","KOSDAQ","3.24","35.79","","34.67"
"A058470","리노공업","12","0","KOSDAQ","-2.85","884.06","","909.97"
"A058610","에스피지","12","0","KOSDAQ","10.29","279.75","","253.66"
"A058630","엠게임","12","0","KOSDAQ","0.58","84.53","","84.04"
"A058650","세아홀딩스","12","0","KOSPI","1.87","546","","536"
"A058730","다스코","12","0","KOSPI","1.41","99.79","","98.41"
"A058820","CMG제약","12","0","KOSDAQ","14.92","738.26","","642.43"
"A058850","KTcs","12","0","KOSPI","0.46","92.84","","92.41"
"A058860","KTis","12","0","KOSPI","0.18","94.49","","94.31"
"A058970","엠로","12","0","KONEX","-4.07","13.6","","14.18"
"A059090","미코","12","0","KOSDAQ","1.01","157.21","","155.64"
"A059100","아이컴포넌트","12","0","KOSDAQ","0.61","46.74","","46.46"
"A059120","아진엑스텍","12","0","KOSDAQ","-1.18","114.34","","115.7"
"A059210","메타바이오메드","12","0","KOSDAQ","2.87","94.06","","91.44"
"A059270","해성에어로보틱스","12","0","외감","","","",""
"A060150","인선이엔티","12","0","KOSDAQ","1.79","245.99","","241.68"
"A060230","제이케이시냅스","12","0","KOSDAQ","6.93","79.95","","74.77"
"A060240","스타코링크","12","0","KOSDAQ","2.35","147.47","","144.09"
"A060250","NHN KCP","12","0","KOSDAQ","-0.56","348.65","","350.62"
"A060260","뉴보텍","12","0","KOSDAQ","0","42.21","","42.21"
"A060280","큐렉소","12","0","KOSDAQ","-0.5","328.9","","330.57"
"A060310","3S","3","0","KOSDAQ","3.95","97.59","","93.88"
"A060370","LS마린솔루션","12","0","KOSDAQ","1.07","103.26","","102.16"
"A060380","동양에스텍","12","0","KOSDAQ","0","33.2","","33.2"
"A060480","국일신동","12","0","KOSDAQ","1.91","38.43","","37.71"
"A060540","에스에이티","12","0","KOSDAQ","0.26","49.29","","49.16"
"A060560","HC홈센타","12","0","KOSDAQ","0.24","178.49","","178.07"
"A060570","드림어스컴퍼니","12","0","KOSDAQ","-1.15","369.45","","373.73"
"A060590","씨티씨바이오","12","0","KOSDAQ","0.34","261.73","","260.85"
"A060720","KH바텍","12","0","KOSDAQ","1.68","242","","238"
"A060850","영림원소프트랩","12","0","외감","","","",""
"A060900","에이전트AI","12","0","KOSDAQ","6.41","72.4","","68.04"
"A060980","HL홀딩스","12","1","KOSPI","1.85","536.35","","526.63"
"A061040","알에프텍","12","0","KOSDAQ","1.32","87.82","","86.68"
"A061090","세나테크놀로지","12","0","외감","","","",""
"A061250","화일약품","12","0","KOSDAQ","0.25","113.85","","113.56"
"A061970","LB세미콘","12","0","KOSDAQ","1.34","115.59","","114.06"
"A062040","산일전기","12","0","외감","","","",""
"A062970","한국첨단소재","12","0","외감","","","",""
"A063080","컴투스홀딩스","12","0","KOSDAQ","-0.57","459.68","","462.32"
"A063160","종근당바이오","12","0","KOSPI","0.42","125.77","","125.25"
"A063170","서울옥션","12","0","KOSDAQ","1.25","164.61","","162.58"
"A063440","SM Life Design","12","0","KOSDAQ","2.6","60.53","","58.99"
"A063570","NICE인프라","12","0","KOSDAQ","0.38","462.52","","460.79"
"A063760","이엘피","12","0","KOSDAQ","-0.6","121.66","","122.39"
"A064090","인크레더블버즈","12","0","KOSDAQ","6.79","168.12","","157.44"
"A064240","홈캐스트","12","0","KOSDAQ","3.29","404.37","","391.48"
"A064260","다날","12","0","KOSDAQ","0.78","252.41","","250.44"
"A064290","인텍플러스","12","0","KOSDAQ","1.1","50.58","","50.03"
"A064350","현대로템","12","1","KOSPI","4.22","1364.25","","1309"
"A064400","LG씨엔에스","12","0","외감","","","",""
"A064480","브리지텍","12","0","KOSDAQ","2.87","55.7","","54.14"
"A064520","테크엘","12","0","KOSDAQ","0","88.34","","88.34"
"A064550","바이오니아","12","0","KOSDAQ","-2.44","247.49","","253.68"
"A064760","티씨케이","12","0","KOSDAQ","2.27","948.01","","927"
"A064800","포니링크","12","0","KOSDAQ","-0.15","187.28","","187.55"
"A064820","케이프","12","0","KOSDAQ","3.54","65.12","","62.9"
"A064850","에프앤가이드","12","0","KONEX","0","27.55","","27.55"
"A064960","SNT모티브","12","1","KOSPI","-0.76","571.76","","576.15"
"A065060","지엔코","12","0","KOSDAQ","2.12","259.23","","253.84"
"A065130","탑엔지니어링","12","0","KOSDAQ","1.02","94.74","","93.78"
"A065150","대산F&B","12","0","KOSDAQ","0","106.26","","106.26"
"A065170","비엘팜텍","12","0","KOSDAQ","-3.97","102.25","","104.13"
"A065350","신성델타테크","12","0","KOSDAQ","1.1","121.27","","119.94"
"A065370","위세아이텍","12","0","외감","","","",""
"A065420","에스아이리소스","12","0","KOSDAQ","2.11","41","","40.15"
"A065440","이루온","12","0","KOSDAQ","1.08","35.9","","35.51"
"A065450","빅텍","12","0","KOSDAQ","2.62","76.69","","74.73"
"A065500","오리엔트정공","12","0","KOSDAQ","0","74.68","","74.68"
"A065510","휴비츠","12","0","KOSDAQ","-0.82","143.78","","144.97"
"A065530","와이어블","12","0","KOSDAQ","1.78","105.72","","103.87"
"A065570","삼영이엔씨","12","0","KOSDAQ","-0.25","71.54","","71.72"
"A065650","하이퍼코퍼레이션","12","0","KOSDAQ","0.53","166.63","","165.74"
"A065660","안트로젠","12","0","KOSDAQ","9.52","722.99","","660.15"
"A065680","우주일렉트로","12","0","KOSDAQ","1.57","128.65","","126.66"
"A065690","파커스","12","0","KOSDAQ","-0.21","64.68","","64.82"
"A065710","서호전기","12","0","KOSDAQ","5.2","88.58","","84.2"
"A065770","CS","12","0","KOSDAQ","4.65","40.31","","38.52"
"A065950","웰크론","12","0","KOSDAQ","5.6","96.1","","91"
"A066130","하츠","12","0","KOSDAQ","3.26","105.34","","102.02"
"A066310","큐에스아이","12","0","KOSDAQ","0.64","52.4","","52.07"
"A066360","체리부로","12","0","KOSDAQ","2.6","93.37","","91"
"A066410","버킷스튜디오","12","0","KOSDAQ","1.72","54.76","","53.84"
"A066430","아이로보틱스","12","0","KOSDAQ","-1.32","69.15","","70.08"
"A066570","LG전자","12","1","KOSPI","2.29","18246.73","","17837.61"
"A066590","스모트로닉","12","0","KOSDAQ","4.79","94.58","","90.26"
"A066620","국보디자인","12","0","KOSDAQ","-0.95","156","","157.5"
"A066670","디티씨","12","0","KOSDAQ","1.17","72.81","","71.96"
"A066700","테라젠이텍스","12","0","KOSDAQ","1.92","488.28","","479.1"
"A066790","씨씨에스","12","0","KOSDAQ","-2.44","44.37","","45.48"
"A066900","디에이피","12","0","KOSDAQ","3.53","76.65","","74.03"
"A066910","손오공","12","0","KOSDAQ","2.65","76.31","","74.34"
"A066970","엘앤에프","12","0","KOSDAQ","-2.59","1015.07","","1042.1"
"A066980","한성크린텍","12","0","KOSDAQ","1.33","139.1","","137.18"
"A067000","조이시티","12","0","KOSDAQ","1.58","189.12","","186.18"
"A067010","이씨에스","3","0","KOSDAQ","1.23","37.13","","36.68"
"A067080","대화제약","12","0","KOSDAQ","0.88","524.88","","520.32"
"A067160","SOOP","12","0","KOSDAQ","1.46","313.72","","309.19"
"A067170","오텍","12","0","KOSDAQ","-0.79","193.16","","194.7"
"A067280","멀티캠퍼스","12","0","KOSDAQ","0.32","186.1","","185.51"
"A067290","JW신약","12","0","KOSDAQ","0.8","359.66","","356.81"
"A067310","하나마이크론","12","0","KOSDAQ","0.19","119.61","","119.39"
"A067370","선바이오","12","0","KONEX","-4.58","135.42","","141.92"
"A067390","아스트","12","0","KOSDAQ","-0.8","286.91","","289.23"
"A067570","엔브이에이치코리아","12","0","KOSDAQ","-0.87","81.71","","82.43"
"A067630","HLB생명과학","12","0","KOSDAQ","-2.91","356.14","","366.81"
"A067730","로지시스","12","0","KOSDAQ","-0.71","32.46","","32.69"
"A067770","세진티에스","12","0","KOSDAQ","-1.41","26.37","","26.74"
"A067830","세이브존I&C","12","0","KOSPI","0.24","172.58","","172.17"
"A067900","와이엔텍","12","0","KOSDAQ","0.88","81.81","","81.1"
"A067920","이글루","12","0","KOSDAQ","1.26","48.77","","48.16"
"A067990","도이치모터스","12","0","KOSDAQ","6.52","175.96","","165.2"
"A068050","팬엔터테인먼트","12","0","KOSDAQ","-0.2","68.58","","68.71"
"A068100","케이웨더","12","0","외감","","","",""
"A068240","다원시스","12","0","KOSDAQ","-1.14","421.56","","426.41"
"A068270","셀트리온","12","1","KOSPI","-1","36431.93","","36799.93"
"A068290","삼성출판사","12","0","KOSPI","0.62","97.2","","96.6"
"A068330","일신바이오","12","0","KOSDAQ","0.87","102.8","","101.92"
"A068760","셀트리온제약","12","0","KOSDAQ","-1.44","2742.02","","2782.05"
"A068790","DMS","12","0","KOSDAQ","1.13","165","","163.16"
"A068930","디지털대성","12","0","KOSDAQ","0.24","94.2","","93.98"
"A068940","셀피글로벌","12","0","KOSDAQ","5.21","59.87","","56.9"
"A069080","웹젠","12","0","KOSDAQ","-2.66","1098.17","","1128.18"
"A069140","누리플랜","12","0","KOSDAQ","0.97","24.61","","24.37"
"A069260","TKG휴켐스","12","1","KOSPI","2.07","1007.66","","987.22"
"A069330","유아이디","12","0","KOSDAQ","-2.82","36.85","","37.92"
"A069410","엔텔스","12","0","KOSDAQ","2.8","88.66","","86.24"
"A069460","대호에이엘","12","0","KOSPI","-0.71","56.58","","56.98"
"A069510","에스텍","12","0","KOSDAQ","-1.42","114.01","","115.65"
"A069540","빛과전자","12","0","KOSDAQ","12.26","67.55","","60.17"
"A069620","대웅제약","12","1","KOSPI","0","2317.32","","2317.32"
"A069640","한세엠케이","12","0","KOSPI","1.04","124.96","","123.67"
"A069730","DSR제강","12","0","KOSPI","1.82","80.35","","78.91"
"A069920","엑시온그룹","12","0","KOSDAQ","-0.86","88.53","","89.3"
"A069960","현대백화점","12","1","KOSPI","0","2171.75","","2171.75"
"A070300","엑스큐어","12","0","KOSDAQ","-0.46","47.58","","47.81"
"A070590","인티큐브","12","0","KOSDAQ","-4.64","25.68","","26.93"
"A070960","모나용평","12","0","KOSPI","4.99","364.85","","347.52"
"A071050","한국금융지주","12","1","KOSPI","0.85","4619.68","","4580.68"
"A071090","하이스틸","12","0","KOSPI","-1.42","55.5","","56.3"
"A071200","인피니트헬스케어","12","0","KOSDAQ","0.12","207.13","","206.88"
"A071280","로체시스템즈","12","0","KOSDAQ","3.02","75.64","","73.42"
"A071320","지역난방공사","12","0","KOSPI","0.36","959.88","","956.4"
"A071670","에이테크솔루션","12","0","KOSDAQ","-0.89","112","","113"
"A071840","롯데하이마트","12","0","KOSPI","2.21","1746.97","","1709.2"
"A071850","캐스텍코리아","12","0","KOSDAQ","5.11","61.12","","58.15"
"A071950","코아스","12","0","KOSPI","-0.62","49.92","","50.22"
"A071970","HD현대마린엔진","12","0","KOSPI","0.79","127.16","","126.17"
"A072020","중앙백신","12","0","KOSDAQ","5.35","136.88","","129.93"
"A072130","유엔젤","12","0","KOSPI","0.74","54.04","","53.64"
"A072470","우리산업홀딩스","12","0","KOSDAQ","2.41","136.18","","132.97"
"A072710","농심홀딩스","12","0","KOSPI","1.22","460.07","","454.5"
"A072770","멤레이비티","12","0","KOSDAQ","-1.14","46.06","","46.6"
"A072870","메가스터디","12","0","KOSDAQ","1.55","131.33","","129.32"
"A072950","빛샘전자","12","0","KOSDAQ","-1.1","37.8","","38.22"
"A072990","에이치시티","12","0","KOSDAQ","0","41.22","","41.22"
"A073010","케이에스피","12","0","KOSDAQ","0","28.35","","28.35"
"A073110","엘엠에스","12","0","KOSDAQ","1.01","71.43","","70.72"
"A073190","듀오백","12","0","KOSDAQ","1.06","28.48","","28.18"
"A073240","금호타이어","12","1","KOSPI","-2.23","761.53","","778.91"
"A073490","LIG아큐버","12","0","KOSDAQ","3.49","97.84","","94.54"
"A073540","에프알텍","12","0","KOSDAQ","0","29.98","","29.98"
"A073560","우리손에프앤지","12","0","KOSDAQ","0.43","160.63","","159.94"
"A073570","리튬포어스","12","0","KOSDAQ","-4.07","97.79","","101.94"
"A073640","테라사이언스","12","0","KOSDAQ","2.26","48.28","","47.21"
"A074430","아미노로직스","12","0","KOSDAQ","2.29","215.61","","210.78"
"A074600","원익QnC","12","0","KOSDAQ","-3.75","370.66","","385.12"
"A074610","이엔플러스","12","0","KOSPI","3.56","318.44","","307.5"
"A075130","플랜티넷","12","0","KOSDAQ","-0.17","52.77","","52.86"
"A075180","새론오토모티브","12","0","KOSPI","-0.32","121.15","","121.54"
"A075580","세진중공업","12","0","KOSPI","-0.54","177.86","","178.82"
"A075970","동국알앤에스","12","0","KOSDAQ","2.7","45.54","","44.34"
"A076080","웰크론한텍","12","0","KOSDAQ","2.54","62.64","","61.09"
"A076610","해성옵틱스","12","0","KOSDAQ","0.97","60.45","","59.86"
"A077360","덕산하이메탈","12","0","KOSDAQ","0.69","166.07","","164.94"
"A077500","유니퀘스트","12","0","KOSPI","5.26","216.64","","205.81"
"A077970","STX엔진","12","0","KOSPI","4.27","280.71","","269.2"
"A078000","텔코웨어","12","0","KOSPI","3.69","149.91","","144.57"
"A078020","LS증권","12","0","KOSDAQ","0.93","439.22","","435.17"
"A078070","유비쿼스홀딩스","12","0","KOSDAQ","1.47","99.67","","98.22"
"A078130","국일제지","12","0","KOSDAQ","1.48","95.56","","94.16"
"A078140","대봉엘에스","12","0","KOSDAQ","2.68","127.5","","124.17"
"A078150","HB테크놀러지","12","0","KOSDAQ","-1.56","248.82","","252.77"
"A078160","메디포스트","12","0","KOSDAQ","-3.06","1146.54","","1182.69"
"A078340","컴투스","12","0","KOSDAQ","-0.71","2341.69","","2358.41"
"A078350","한양디지텍","12","0","KOSDAQ","4.27","36.6","","35.1"
"A078520","에이블씨엔씨","12","1","KOSPI","0.26","471.64","","470.4"
"A078590","휴림에이텍","12","0","KOSDAQ","0.7","27.87","","27.68"
"A078600","대주전자재료","12","0","KOSDAQ","5.15","252.46","","240.1"
"A078860","아이오케이이엔엠","12","0","KOSDAQ","0.24","55.54","","55.41"
"A078890","가온그룹","12","0","KOSDAQ","-1.96","143.96","","146.84"
"A078930","GS","12","1","KOSPI","0.16","5788.63","","5779.34"
"A079000","와토스코리아","12","0","KOSDAQ","-0.86","49.9","","50.33"
"A079160","CJ CGV","12","1","KOSPI","0.3","1409.34","","1405.11"
"A079170","한창산업","12","0","KOSDAQ","0.46","33.96","","33.8"
"A079190","케스피온","12","0","KOSDAQ","0.66","119.98","","119.19"
"A079370","제우스","12","0","KOSDAQ","1.62","162.51","","159.91"
"A079430","현대리바트","12","1","KOSPI","4.67","506.19","","483.61"
"A079550","LIG디펜스앤에어로스페이스","12","1","KOSPI","1.14","1072.5","","1060.4"
"A079650","서산","12","0","KOSDAQ","2","97","","95.1"
"A079810","APS이노베이션","12","0","KOSDAQ","-2.53","38.03","","39.02"
"A079900","전진건설로봇","12","0","외감","","","",""
"A079940","가비아","12","0","KOSDAQ","6.1","101.25","","95.43"
"A079950","인베니아","12","0","KOSDAQ","3.39","92.1","","89.09"
"A079960","동양이엔피","12","0","KOSDAQ","0.43","90.78","","90.39"
"A079970","투비소프트","12","0","KOSDAQ","-1.67","158.65","","161.34"
"A079980","휴비스","12","0","KOSPI","1.38","379.5","","374.33"
"A080010","이상네트웍스","12","0","KOSDAQ","2.9","96.01","","93.31"
"A080160","모두투어","12","0","KOSDAQ","-1.62","745.61","","757.89"
"A080220","제주반도체","12","0","KOSDAQ","-2.33","150.32","","153.91"
"A080420","모다이노칩","12","0","KOSDAQ","1.56","388.24","","382.27"
"A080470","성창오토텍","12","0","KOSDAQ","0.95","77.38","","76.65"
"A080520","오디텍","12","0","KOSDAQ","0.67","88.45","","87.86"
"A080530","코디","12","0","KOSDAQ","0","35.34","","35.34"
"A080580","오킨스전자","12","0","KOSDAQ","-0.64","28.89","","29.08"
"A080720","한국유니온제약","12","0","외감","","","",""
"A081000","일진다이아","12","0","KOSPI","3.36","312.4","","302.25"
"A081150","티플랙스","12","0","KOSDAQ","0.79","46.47","","46.11"
"A081180","쎄크","12","0","외감","","","",""
"A081580","성우전자","12","0","KOSDAQ","-0.89","60.56","","61.1"
"A081660","미스토홀딩스","12","0","KOSPI","2.29","1362.87","","1332.31"
"A082210","옵트론텍","12","0","KOSDAQ","3.06","144.16","","139.88"
"A082270","젬백스","12","0","KOSDAQ","0.95","497.24","","492.55"
"A082640","동양생명","12","0","KOSPI","2.17","1215.03","","1189.21"
"A082660","코스나인","12","0","KOSDAQ","0","33","","33"
"A082740","한화엔진","12","0","KOSPI","5.37","422.56","","401.02"
"A082800","비보존 제약","12","0","KOSDAQ","-6.73","52.54","","56.34"
"A082850","우리바이오","12","0","KOSDAQ","-1.87","54.6","","55.63"
"A082920","비츠로셀","12","0","KOSDAQ","0","284.06","","284.06"
"A083310","엘오티베큠","12","0","KOSDAQ","-0.33","190.84","","191.47"
"A083420","그린케미칼","12","0","KOSPI","0.88","91.4","","90.6"
"A083450","GST","12","0","KOSDAQ","0.94","100.17","","99.23"
"A083470","이엠앤아이","12","0","KOSDAQ","5","26.8","","25.53"
"A083500","에프엔에스테크","12","0","KOSDAQ","0.64","41.61","","41.34"
"A083550","케이엠","12","0","KOSDAQ","2.51","80.72","","78.75"
"A083640","인콘","12","0","KOSDAQ","5.83","215.43","","203.56"
"A083650","비에이치아이","12","0","KOSDAQ","0","123.89","","123.89"
"A083660","CSA 코스믹","12","0","KOSDAQ","0","153.24","","153.24"
"A083790","CG인바이츠","12","0","KOSDAQ","-1.61","632.04","","642.4"
"A083930","아바코","12","0","KOSDAQ","-0.26","122.85","","123.17"
"A084010","대한제강","12","0","KOSPI","0.79","219.36","","217.63"
"A084110","휴온스글로벌","12","0","KOSDAQ","2.34","693.82","","677.96"
"A084180","수성웹툰","12","0","KOSDAQ","0","54.85","","54.85"
"A084370","유진테크","12","0","KOSDAQ","-2.88","425.09","","437.7"
"A084440","유비온","9","0","KONEX","4.13","7.18","","6.89"
"A084650","랩지노믹스","12","0","KOSDAQ","11.32","101.82","","91.46"
"A084670","동양고속","12","0","KOSPI","1.21","71.83","","70.97"
"A084680","이월드","12","0","KOSPI","1.93","167.44","","164.28"
"A084690","대상홀딩스","12","0","KOSPI","1.82","344.74","","338.59"
"A084730","팅크웨어","12","0","KOSDAQ","1.63","129.8","","127.71"
"A084850","아이티엠반도체","12","0","외감","","","",""
"A084870","TBH글로벌","12","0","KOSPI","3.61","143.49","","138.49"
"A084990","헬릭스미스","12","0","KOSDAQ","2.16","3400.28","","3328.48"
"A085310","엔케이","12","0","KOSPI","0.2","200.76","","200.36"
"A085620","미래에셋생명","12","0","KOSPI","3.23","906.32","","878"
"A085660","차바이오텍","12","0","KOSDAQ","3.81","1055.74","","1017.02"
"A085670","뉴프렉스","12","0","KOSDAQ","1.65","65.09","","64.03"
"A085810","알티캐스트","12","0","KOSDAQ","0.36","89.24","","88.93"
"A085910","네오티스","12","0","KOSDAQ","0.11","48.52","","48.46"
"A086040","바이오톡스텍","12","0","KOSDAQ","0.56","259.66","","258.21"
"A086060","진바이오텍","12","0","KOSDAQ","1.35","51.58","","50.89"
"A086280","현대글로비스","12","1","KOSPI","3.62","5906.25","","5700"
"A086390","유니테스트","12","0","KOSDAQ","2.86","342.37","","332.86"
"A086450","동국제약","12","0","KOSDAQ","0.15","605.55","","604.66"
"A086520","에코프로","12","0","KOSDAQ","-0.61","906.8","","912.32"
"A086670","비엠티","12","0","KOSDAQ","9.59","97.76","","89.2"
"A086710","선진뷰티사이언스","12","0","외감","","","",""
"A086790","하나금융지주","12","1","KOSPI","0.65","14021.3","","13931.23"
"A086820","바이오솔루션","12","0","외감","","","",""
"A086890","이수앱지스","12","0","KOSDAQ","4.6","325.27","","310.95"
"A086900","메디톡스","12","0","KOSDAQ","0.36","4069.88","","4055.17"
"A086960","MDS테크","12","0","KOSDAQ","4.02","159.74","","153.57"
"A086980","쇼박스","12","0","KOSDAQ","-1.9","356.19","","363.08"
"A087010","펩트론","12","0","KOSDAQ","3.48","507.4","","490.34"
"A087260","모바일어플라이언스","12","0","KOSDAQ","1.13","107.25","","106.05"
"A087600","픽셀플러스","12","0","KOSDAQ","0","73.09","","73.09"
"A088130","동아엘텍","12","0","KOSDAQ","-1.96","111.5","","113.73"
"A088280","쏘닉스","12","0","외감","","","",""
"A088290","이원컴포텍","12","0","KOSDAQ","0.32","22.3","","22.23"
"A088340","유라클","12","0","외감","","","",""
"A088350","한화생명","12","1","KOSPI","0.64","5437","","5402.26"
"A088390","이녹스","12","0","KOSDAQ","0.44","106.13","","105.66"
"A088790","진도","12","0","KOSPI","0.18","68.34","","68.21"
"A088800","에이스테크","12","0","KOSDAQ","2.54","128.1","","124.93"
"A088910","동우팜투테이블","12","0","KOSDAQ","1.49","105.52","","103.97"
"A089010","켐트로닉스","12","0","KOSDAQ","-0.15","83.95","","84.08"
"A089030","테크윙","12","0","KOSDAQ","1.65","397.62","","391.18"
"A089140","넥스턴앤롤코리아","12","0","KOSDAQ","-0.75","155.78","","156.97"
"A089150","케이씨티","12","0","KOSDAQ","0.93","46.65","","46.22"
"A089230","THE E&M","12","0","KOSDAQ","-1.14","88","","89.01"
"A089470","HDC현대EP","12","0","KOSPI","1.87","208.95","","205.12"
"A089590","제주항공","12","0","KOSPI","-0.48","1093.81","","1099.08"
"A089600","KT나스미디어","12","0","KOSDAQ","-0.92","757.28","","764.28"
"A089790","제이티","12","0","KOSDAQ","0.89","22.96","","22.76"
"A089850","유비벨록스","12","0","KOSDAQ","0.78","64.25","","63.76"
"A089860","롯데렌탈","12","0","외감","","","",""
"A089890","코세스","12","0","KOSDAQ","-2.08","43.73","","44.66"
"A089970","브이엠","12","0","외감","","","",""
"A089980","상아프론테크","12","0","KOSDAQ","1.83","238.2","","233.92"
"A090080","평화산업","12","0","KOSPI","9.19","117.82","","107.91"
"A090150","아이윈","12","0","KOSDAQ","0.2","24.77","","24.73"
"A090350","노루페인트","12","0","KOSPI","0.12","161.6","","161.4"
"A090360","로보스타","12","0","KOSDAQ","-2.25","186.03","","190.32"
"A090370","메타랩스","12","0","KOSPI","1.71","118.22","","116.23"
"A090410","덕신이피씨","12","0","KOSDAQ","-1.12","88.53","","89.53"
"A090430","아모레퍼시픽","12","1","KOSPI","2.7","17800.61","","17332.94"
"A090460","비에이치","12","0","KOSDAQ","-0.26","591","","592.56"
"A090470","제이스로보틱스","12","0","KOSDAQ","-1.99","216.05","","220.43"
"A090710","휴림로봇","12","0","KOSDAQ","2.34","131.97","","128.49"
"A090850","현대이지웰","12","0","KOSDAQ","-0.79","87.36","","88.05"
"A091120","이엠텍","12","0","KOSDAQ","0","259.83","","259.83"
"A091340","S&K폴리텍","12","0","KOSDAQ","0.59","59.57","","59.22"
"A091440","한울소재과학","12","0","KOSDAQ","3.36","33.95","","32.84"
"A091580","상신이디피","12","0","KOSDAQ","-4.07","146.27","","152.48"
"A091590","남화토건","12","0","KOSDAQ","-2.35","122.1","","125.03"
"A091700","파트론","12","0","KOSDAQ","0.12","457.62","","457.08"
"A091810","트리니티항공","12","0","외감","","","",""
"A091970","LSK아이로봇","12","0","KOSDAQ","-0.98","121.79","","122.99"
"A092040","아미코젠","12","0","KOSDAQ","3.26","667.86","","646.75"
"A092070","디엔에프","12","0","KOSDAQ","-0.76","140.44","","141.52"
"A092130","이크레더블","12","0","KOSDAQ","1.07","170.42","","168.61"
"A092190","서울바이오시스","12","0","외감","","","",""
"A092200","디아이씨","12","0","KOSPI","1.2","170.53","","168.51"
"A092220","KEC","12","0","KOSPI","-0.38","146.19","","146.75"
"A092230","KPX홀딩스","12","0","KOSPI","-0.16","265.73","","266.15"
"A092300","현우산업","12","0","KOSDAQ","2.73","61.99","","60.35"
"A092440","기신정기","3","0","KOSPI","0.21","137.24","","136.95"
"A092460","한라IMS","12","0","KOSDAQ","0.41","83.88","","83.54"
"A092600","앤씨앤","12","0","KOSDAQ","1.35","90.64","","89.43"
"A092730","네오팜","12","0","KOSDAQ","0.52","430.51","","428.28"
"A092780","DYP","12","0","KOSPI","-0.1","65.78","","65.84"
"A092790","넥스틸","12","0","외감","","","",""
"A092870","엑시콘","12","0","KOSDAQ","3.48","105.71","","102.16"
"A093050","LF","12","1","KOSPI","6.82","801.18","","750.01"
"A093190","빅솔론","12","0","KOSDAQ","-0.93","123.51","","124.67"
"A093240","형지엘리트","6","0","KOSPI","2.58","98.84","","95.87"
"A093320","케이아이엔엑스","12","0","KOSDAQ","1.64","75.64","","74.42"
"A093370","후성","12","1","KOSPI","-0.49","937.86","","942.48"
"A093380","풍강","8","0","KOSDAQ","-0.15","33.54","","33.59"
"A093520","매커스","12","0","KOSDAQ","1.55","68.61","","67.56"
"A093640","케이알엠","12","0","KOSDAQ","14.26","40.31","","35.28"
"A093920","서원인텍","12","0","KOSDAQ","-0.14","128.53","","128.71"
"A094170","동운아나텍","12","0","KOSDAQ","0","83.27","","83.27"
"A094280","효성ITX","12","0","KOSPI","0.84","138.12","","136.96"
"A094360","칩스앤미디어","12","0","KOSDAQ","0.62","60.48","","60.11"
"A094480","갤럭시아머니트리","12","0","KOSDAQ","0.35","150.29","","149.77"
"A094820","일진파워","12","0","KOSDAQ","0.17","87.91","","87.76"
"A094840","슈프리마에이치큐","12","0","KOSDAQ","-0.17","61.26","","61.36"
"A094850","참좋은여행","12","0","KOSDAQ","-0.79","176.4","","177.8"
"A094860","네오리진","12","0","KOSDAQ","-2.01","34.79","","35.5"
"A094940","푸른로보틱스","12","0","KOSDAQ","1.01","46.22","","45.76"
"A094970","제이엠티","12","0","KOSDAQ","3.86","58.54","","56.36"
"A095190","신화프리텍","12","0","KOSDAQ","4.68","165.1","","157.72"
"A095270","웨이브일렉트로","12","0","KOSDAQ","8.41","295.13","","272.22"
"A095340","ISC","12","0","KOSDAQ","-1.47","227.16","","230.56"
"A095500","미래나노텍","12","0","KOSDAQ","0.24","98.28","","98.05"
"A095570","AJ네트웍스","12","0","KOSPI","0","328.22","","328.22"
"A095610","테스","12","0","KOSDAQ","1.16","604.91","","597.99"
"A095660","네오위즈","12","0","KOSDAQ","10.3","398.85","","361.6"
"A095700","제넥신","12","0","KOSDAQ","-0.7","1987.74","","2001.86"
"A095720","웅진씽크빅","12","0","KOSPI","1.19","235.08","","232.31"
"A095910","에스에너지","12","0","KOSDAQ","-1.51","94.97","","96.42"
"A096240","크레버스","12","0","KOSDAQ","1.64","109.1","","107.34"
"A096250","와이즈넛","12","0","외감","","","",""
"A096350","대창솔루션","12","0","KOSDAQ","1.18","31.3","","30.94"
"A096530","씨젠","12","0","KOSDAQ","1.33","901.14","","889.33"
"A096610","알에프세미","12","0","KOSDAQ","2.39","41.74","","40.77"
"A096630","에스코넥","12","0","KOSDAQ","3.15","160.23","","155.33"
"A096690","에이루트","12","0","KOSDAQ","0","110.26","","110.26"
"A096760","JW홀딩스","12","1","KOSPI","0.37","519.99","","518.09"
"A096770","SK이노베이션","12","1","KOSPI","-1.18","19371.54","","19602.7"
"A096870","엘디티","12","0","KOSDAQ","-1.54","21.3","","21.64"
"A097230","HJ중공업","12","1","KOSPI","1.92","338.31","","331.94"
"A097520","엠씨넥스","12","0","KOSDAQ","-0.27","170.59","","170.3"
"A097780","에코볼트","12","0","KOSDAQ","0","264.29","","264.29"
"A097800","윈팩","12","0","KOSDAQ","0.43","39.38","","39.2"
"A097870","효성오앤비","6","0","KOSDAQ","0","71.34","","71.34"
"A097950","CJ제일제당","12","1","KOSPI","0.93","4907.34","","4862.18"
"A098070","한텍","12","0","외감","","","",""
"A098120","마이크로컨텍솔","12","0","KOSDAQ","3.39","35.54","","34.37"
"A098460","고영","12","0","KOSDAQ","3.1","1367.23","","1326.17"
"A098660","에스티오","12","0","KOSDAQ","0","25.15","","25.15"
"A099190","아이센스","12","0","KOSDAQ","-1.89","392.11","","399.67"
"A099220","SDN","12","0","KOSDAQ","2.33","53.98","","52.75"
"A099320","쎄트렉아이","12","0","KOSDAQ","0.29","125.72","","125.35"
"A099390","브레인즈컴퍼니","12","0","외감","","","",""
"A099410","동방선기","12","0","KOSDAQ","0.97","28.3","","28.03"
"A099430","바이오플러스","12","0","외감","","","",""
"A099440","스맥","12","0","KOSDAQ","1.23","98.11","","95.9"
"A099520","DGI","12","0","KOSDAQ","2.68","22.06","","21.49"
"A099750","이지케어텍","3","0","외감","","","",""
"A100030","인지소프트","12","0","KOSDAQ","1.38","36.29","","35.79"
"A100090","SK오션플랜트","12","0","KOSDAQ","0","86.8","","86.8"
"A100120","뷰웍스","12","0","KOSDAQ","-0.26","378.57","","379.57"
"A100130","동국S&C","12","0","KOSDAQ","1.51","287.43","","283.14"
"A100220","비상교육","12","0","KOSPI","0.98","134.52","","133.22"
"A100250","진양홀딩스","12","0","KOSPI","0","153.99","","153.99"
"A100590","머큐리","12","0","외감","","","",""
"A100660","서암기계공업","12","0","KOSDAQ","-0.13","47.88","","47.94"
"A100700","세운메디칼","12","0","KOSDAQ","-0.1","211.12","","211.34"
"A100790","미래에셋벤처투자","12","0","외감","","","",""
"A100840","SNT에너지","12","0","KOSPI","0.71","102.89","","102.16"
"A101000","KS인더스트리","12","0","KOSDAQ","-10.67","68.14","","76.28"
"A101140","인바이오젠","12","0","KOSPI","-2.12","70.92","","72.46"
"A101160","월덱스","12","0","KOSDAQ","-2.36","95.76","","98.08"
"A101170","우림피티에스","12","0","KOSDAQ","-0.12","54.2","","54.27"
"A101240","씨큐브","12","0","KOSDAQ","0.25","64.16","","64"
"A101330","모베이스","12","0","KOSDAQ","-0.97","101.76","","102.76"
"A101360","에코앤드림","12","0","KONEX","2.85","5.99","","5.82"
"A101390","아이엠","12","0","KOSDAQ","2.03","67.94","","66.59"
"A101400","엔시트론","12","0","KOSDAQ","3.26","64.46","","62.43"
"A101490","에스앤에스텍","12","0","KOSDAQ","1.42","91.77","","90.49"
"A101530","해태제과식품","12","0","KOSPI","1.34","439.66","","433.84"
"A101670","하이드로리튬","12","0","KOSDAQ","5.69","40.35","","38.18"
"A101680","한국정밀기계","12","0","KOSDAQ","0","20.25","","20.25"
"A101730","위메이드맥스","12","0","KOSDAQ","-0.69","122.48","","123.33"
"A101930","인화정공","12","0","KOSDAQ","2.56","52.26","","50.95"
"A101970","우양에이치씨","12","0","외감","","","",""
"A102120","어보브반도체","12","0","KOSDAQ","1.96","108.77","","106.68"
"A102260","동성케미컬","12","0","KOSPI","-0.45","299.03","","300.39"
"A102370","케이옥션","12","0","외감","","","",""
"A102460","이연제약","12","0","KOSPI","3.92","399.96","","384.87"
"A102710","이엔에프테크놀로지","12","0","KOSDAQ","-2.84","266.96","","274.77"
"A102940","코오롱생명과학","12","0","KOSDAQ","-1.03","986.03","","996.3"
"A103140","풍산","12","1","KOSPI","0.38","1104.16","","1099.95"
"A103230","에스앤더블류","12","0","KOSDAQ","0","24.48","","24.48"
"A103590","일진전기","12","0","KOSPI","1.69","178.36","","175.39"
"A103840","우양","12","0","외감","","","",""
"A104040","디에스엠","12","0","KOSDAQ","0.78","61.04","","60.57"
"A104200","NHN벅스","12","0","KOSDAQ","-0.11","133.15","","133.3"
"A104460","디와이피엔에프","12","0","KOSDAQ","0.13","42.91","","42.85"
"A104480","티케이케미칼","12","0","KOSDAQ","3.85","184.06","","177.25"
"A104540","코렌텍","12","0","KOSDAQ","3.89","92.91","","89.43"
"A104620","노랑풍선","12","0","외감","","","",""
"A104700","한국철강","12","0","KOSPI","-1","319.59","","322.81"
"A104830","원익머트리얼즈","12","0","KOSDAQ","-2.23","358.7","","366.89"
"A105330","케이엔더블유","12","0","KOSDAQ","0.52","33.06","","32.89"
"A105550","엣지파운드리","12","0","KOSDAQ","0.19","51.6","","51.5"
"A105560","KB금융","12","1","KOSPI","0.82","25630.24","","25421.18"
"A105630","한세실업","12","1","KOSPI","1.62","876","","862"
"A105740","디케이락","12","0","KOSDAQ","1.47","56.72","","55.9"
"A105760","포스뱅크","12","0","외감","","","",""
"A105840","우진","12","0","KOSPI","0.94","92.88","","92.01"
"A106080","케이이엠텍","12","0","KOSDAQ","-2.76","47.04","","48.38"
"A106190","하이텍팜","12","0","KOSDAQ","-1.17","89.67","","90.74"
"A106240","파인테크닉스","12","0","KOSDAQ","-2.27","90.14","","92.24"
"A106520","노블엠앤비","12","0","KOSDAQ","2.61","47.22","","46.02"
"A107590","미원홀딩스","12","0","KOSPI","0","104.7","","104.7"
"A107600","새빗켐","12","0","외감","","","",""
"A107640","한중엔시에스","12","0","KONEX","-3.97","8.73","","9.09"
"A108230","톱텍","12","0","KOSDAQ","-0.67","1075.14","","1082.35"
"A108320","LX세미콘","12","0","KOSDAQ","-1.34","599.34","","607.47"
"A108380","대양전기공업","12","0","KOSDAQ","0","137.29","","137.29"
"A108490","로보티즈","12","0","외감","","","",""
"A108670","LX하우시스","12","1","KOSPI","2.36","700.38","","684.23"
"A108860","셀바스AI","12","0","KOSDAQ","-2.7","119.1","","122.41"
"A109070","주성코퍼레이션","12","0","KOSPI","1.62","58.19","","57.26"
"A109080","옵티시스","12","0","KOSDAQ","1.66","48.41","","47.62"
"A109610","에스와이","12","0","KOSDAQ","-1.3","164.12","","166.29"
"A109670","씨싸이트","12","0","외감","","","",""
"A109740","디에스케이","12","0","KOSDAQ","-4.82","136.78","","143.7"
"A109820","진매트릭스","12","0","KOSDAQ","4.4","84.79","","81.21"
"A109860","동일금속","12","0","KOSDAQ","-1.33","57.12","","57.89"
"A109960","앱토크롬","12","0","KOSDAQ","2.17","171.34","","167.7"
"A110020","전진바이오팜","12","0","외감","","","",""
"A110790","크리스에프앤씨","12","0","외감","","","",""
"A110990","디아이티","12","0","외감","","","",""
"A111110","호전실업","12","0","KOSPI","1.01","120","","118.8"
"A111380","동인기연","12","0","외감","","","",""
"A111710","남화산업","12","0","외감","","","",""
"A111770","영원무역","12","1","KOSPI","-0.9","1214.13","","1225.21"
"A112040","위메이드","12","0","KOSDAQ","4.82","840","","801.36"
"A112290","와이씨켐","12","0","외감","","","",""
"A112610","씨에스윈드","12","0","KOSPI","0.59","591.17","","587.71"
"A113810","디젠스","12","0","KOSDAQ","1.82","44.24","","43.45"
"A114090","GKL","12","1","KOSPI","1.09","1438.14","","1422.68"
"A114190","강원에너지","12","0","KOSDAQ","5.13","37.52","","35.69"
"A114450","그린생명과학","12","0","KOSDAQ","10.17","123.45","","112.05"
"A114630","폴라리스우노","12","0","KOSDAQ","0.75","73.16","","72.62"
"A114810","한솔아이원스","12","0","KOSDAQ","0.85","158.98","","157.64"
"A114840","아이패밀리에스씨","12","0","외감","","","",""
"A115160","휴맥스","12","0","KOSDAQ","0.12","201.34","","201.1"
"A115180","큐리언트","12","0","KOSDAQ","0.97","196.34","","194.45"
"A115310","인포바인","12","0","KOSDAQ","0.59","81.1","","80.62"
"A115440","우리넷","12","0","KOSDAQ","1.37","51.94","","51.24"
"A115450","HLB테라퓨틱스","12","0","KOSDAQ","-1.97","976.59","","996.26"
"A115480","씨유메디칼","12","0","KOSDAQ","-3.17","49.98","","51.61"
"A115500","케이씨에스","12","0","KOSDAQ","2.75","51.54","","50.16"
"A115530","씨엔플러스","12","0","KOSDAQ","2.23","23.92","","23.4"
"A115570","스타플렉스","12","0","KOSDAQ","3.73","37.69","","36.33"
"A115610","이미지스","12","0","KOSDAQ","-1.68","33.59","","34.17"
"A117580","대성에너지","12","0","KOSPI","1.22","160.05","","158.13"
"A117670","알파칩스","12","0","KOSDAQ","4.18","262.23","","251.72"
"A117730","티로보틱스","12","0","외감","","","",""
"A118000","메타케어","12","0","KOSPI","2.59","76.84","","74.9"
"A118990","모트렉스","12","0","KOSDAQ","3.82","185.3","","178.49"
"A119500","포메탈","12","0","KOSDAQ","2.4","58.17","","56.81"
"A119610","인터로조","12","0","KOSDAQ","-0.37","436.43","","438.04"
"A119650","KC코트렐","12","0","KOSPI","0","67.34","","67.34"
"A119830","아이텍","12","0","KOSDAQ","2.78","27.49","","26.75"
"A119850","지엔씨에너지","12","0","KOSDAQ","1.83","72.6","","71.29"
"A120030","조선선재","12","0","KOSPI","-0.65","95.83","","96.46"
"A120110","코오롱인더","12","1","KOSPI","1.65","1737.18","","1708.95"
"A120240","대정화금","12","0","KOSDAQ","-1.17","108.27","","109.55"
"A121440","골프존홀딩스","12","0","KOSDAQ","0.71","242.88","","241.17"
"A121600","나노신소재","12","0","KOSDAQ","-0.57","190.39","","191.47"
"A121800","비덴트","12","0","KOSDAQ","-2.8","330.39","","339.92"
"A121850","코이즈","12","0","KOSDAQ","5.78","42.39","","40.08"
"A121890","에스디시스템","12","0","KOSDAQ","-5.95","12.01","","12.77"
"A122310","제노레이","12","0","외감","","","",""
"A122350","삼기","12","0","KOSDAQ","-0.49","94.18","","94.64"
"A122450","KX","12","0","KOSDAQ","5.29","154.87","","147.09"
"A122640","예스티","12","0","KOSDAQ","0","214.74","","214.74"
"A122690","서진오토모티브","12","0","KOSDAQ","-3.05","71.52","","73.77"
"A122870","와이지엔터테인먼트","12","0","KOSDAQ","0.68","540.12","","536.48"
"A122900","아이마켓코리아","12","0","KOSPI","4.91","361.23","","344.34"
"A122990","와이솔","12","0","KOSDAQ","-2.1","321.63","","328.53"
"A123010","알엔티엑스","12","0","KOSDAQ","-0.33","22.57","","22.65"
"A123040","엠에스오토텍","12","0","KOSDAQ","6.92","92.49","","86.51"
"A123330","제닉","12","0","KOSDAQ","0.66","105.68","","104.99"
"A123410","코리아에프티","12","0","KOSDAQ","4.31","74.2","","71.13"
"A123420","위메이드플레이","12","0","KOSDAQ","6.19","394.28","","371.31"
"A123570","이엠넷","12","0","KOSDAQ","0","58.14","","58.14"
"A123690","한국화장품","12","0","KOSPI","2.88","258.69","","251.46"
"A123700","SJM","12","0","KOSPI","0","69.36","","69.36"
"A123750","알톤","12","0","KOSDAQ","-0.14","44.74","","44.8"
"A123840","뉴온","12","0","KOSDAQ","5.17","126.61","","120.39"
"A123860","아나패스","12","0","KOSDAQ","7.58","179.77","","167.11"
"A123890","한국자산신탁","12","0","KOSPI","0","571.29","","571.29"
"A124500","아이티센글로벌","12","0","KOSDAQ","4.33","73.15","","70.11"
"A124560","태웅로직스","12","0","외감","","","",""
"A125020","티씨머티리얼즈","12","0","외감","","","",""
"A125210","아모그린텍","12","0","외감","","","",""
"A125490","한라캐스트","12","0","외감","","","",""
"A126340","비나텍","12","0","KONEX","0","31.99","","31.99"
"A126560","현대퓨처넷","12","0","KOSPI","-1.6","485.37","","493.27"
"A126600","BGF에코머티리얼즈","12","0","KOSDAQ","0.11","93.01","","92.91"
"A126640","화신정공","12","0","KOSDAQ","0.39","46.56","","46.38"
"A126700","하이비젼시스템","12","0","KOSDAQ","5.54","270.45","","256.26"
"A126720","수산인더스트리","12","0","외감","","","",""
"A126730","코칩","12","0","외감","","","",""
"A126880","제이엔케이글로벌","12","0","KOSDAQ","5.56","74.9","","70.95"
"A127120","제이에스링크","12","0","KOSDAQ","0.7","77.31","","76.78"
"A127710","아시아경제","12","0","KOSDAQ","-1.84","67.28","","68.54"
"A127980","화인써키트","12","0","외감","","","",""
"A128540","에코캡","12","0","외감","","","",""
"A128660","피제이메탈","12","0","KOSDAQ","-0.75","49.23","","49.61"
"A128820","대성산업","12","0","KOSPI","0.6","226.18","","224.82"
"A128940","한미약품","12","1","KOSPI","1.78","5875.02","","5772.55"
"A129260","인터지스","12","0","KOSPI","0.58","103.08","","102.48"
"A129890","앱코","12","0","외감","","","",""
"A129920","대성하이텍","12","0","외감","","","",""
"A130500","GH신소재","12","0","KOSDAQ","1.38","44.39","","43.78"
"A130580","나이스디앤비","12","0","KOSDAQ","-1.21","100.41","","101.64"
"A130660","한전산업","12","0","KOSPI","3.57","108.88","","105.14"
"A130740","티피씨글로벌","12","0","KOSDAQ","2.3","29.48","","28.82"
"A131030","옵투스제약","12","0","KOSDAQ","1.98","170.62","","167.3"
"A131090","시큐브","12","0","KOSDAQ","0","94.18","","94.18"
"A131100","티엔엔터테인먼트","12","0","KOSDAQ","-5.96","90.32","","96.05"
"A131180","딜리","12","0","KOSDAQ","4.9","81.74","","77.92"
"A131220","대한과학","12","0","KOSDAQ","1.65","40.34","","39.69"
"A131290","티에스이","12","0","KOSDAQ","-2.93","164.82","","169.79"
"A131370","알서포트","12","0","KOSDAQ","0.62","129.17","","128.37"
"A131400","이브이첨단소재","12","0","KOSDAQ","0","35.78","","35.78"
"A131760","파인텍","12","0","KOSDAQ","1.35","42.17","","41.61"
"A131970","두산테스나","12","0","KOSDAQ","-1.58","127.75","","129.81"
"A133750","메가엠디","12","0","KOSDAQ","1.57","57.93","","57.04"
"A133820","화인베스틸","12","0","KOSPI","-1","92.23","","93.16"
"A134060","이퓨쳐","12","0","KOSDAQ","-1.45","25.94","","26.33"
"A134380","미원화학","12","0","KOSPI","-0.17","126.3","","126.52"
"A134580","탑코미디어","12","0","KOSDAQ","2.86","34.43","","33.47"
"A134790","시디즈","12","0","KOSPI","2.02","131.4","","128.8"
"A136150","원일티엔아이","12","0","외감","","","",""
"A136410","아셈스","12","0","외감","","","",""
"A136480","하림","12","0","KOSDAQ","1.58","306.48","","301.7"
"A136490","선진","12","0","KOSPI","-1.01","349.56","","353.13"
"A136540","윈스테크넷","12","0","KOSDAQ","0.77","150.95","","149.8"
"A137080","나래나노텍","12","0","외감","","","",""
"A137310","에스디바이오센서","12","0","외감","","","",""
"A137400","피엔티","12","0","KOSDAQ","8.42","122.35","","112.84"
"A137940","넥스트아이","12","0","KOSDAQ","2.55","192.43","","187.64"
"A137950","제이씨케미칼","12","0","KOSDAQ","-0.77","74.86","","75.44"
"A138040","메리츠금융지주","12","0","KOSPI","1.76","2064.7","","2028.98"
"A138070","신진에스엠","12","0","KOSDAQ","-0.64","70.07","","70.52"
"A138080","오이솔루션","12","0","KOSDAQ","2.29","86.3","","84.36"
"A138360","앤로보틱스","12","0","KOSDAQ","2.3","82.24","","80.39"
"A138610","나이벡","12","0","KOSDAQ","1.21","60.41","","59.68"
"A138930","BNK금융지주","12","1","KOSPI","0.46","3552.69","","3536.4"
"A139130","iM금융지주","12","0","KOSPI","-0.42","2021.29","","2029.75"
"A139480","이마트","12","1","KOSPI","-2.53","7512.53","","7707.66"
"A139670","키네마스터","12","0","KOSDAQ","1.76","26.42","","25.96"
"A139990","아주스틸","12","0","외감","","","",""
"A140070","서플러스글로벌","12","0","KOSDAQ","0.26","144.81","","144.44"
"A140410","메지온","12","0","KOSDAQ","2.01","389.73","","382.05"
"A140430","카티스","12","0","외감","","","",""
"A140520","대창스틸","12","0","KOSDAQ","1.11","82.2","","81.3"
"A140670","알에스오토메이션","12","0","KOSDAQ","-1.63","192.53","","195.72"
"A140860","파크시스템스","12","0","KOSDAQ","4.92","295.59","","281.74"
"A141000","비아트론","12","0","KOSDAQ","0.34","179.3","","178.69"
"A141080","리가켐바이오","12","0","KOSDAQ","0.5","638.57","","635.39"
"A142210","유니트론텍","12","0","KOSDAQ","-1.14","68.73","","69.52"
"A142280","녹십자엠에스","12","0","KOSDAQ","2.66","129.06","","125.71"
"A142760","모아라이프플러스","12","0","KOSDAQ","0.3","268.8","","268"
"A143160","아이디스","12","0","KOSDAQ","1.11","78.02","","77.16"
"A143210","핸즈코퍼레이션","12","0","KOSPI","2.63","213.39","","207.92"
"A143240","사람인","12","0","KOSDAQ","0.72","244.9","","243.16"
"A143540","영우디에스피","12","0","KOSDAQ","-3.95","50.38","","52.45"
"A144510","지씨셀","12","0","KOSDAQ","6.67","641.69","","601.58"
"A144960","뉴파워프라즈마","12","0","KOSDAQ","-2.02","260.71","","266.07"
"A145020","휴젤","12","0","KOSDAQ","0.32","2614.49","","2606.21"
"A145170","노브랜드","12","0","외감","","","",""
"A145210","다이나믹디자인","12","0","KOSPI","0","87.91","","87.91"
"A145720","덴티움","12","0","KOSPI","-0.88","877.76","","885.51"
"A145990","삼양사","12","1","KOSPI","1.85","848.91","","833.47"
"A146060","율촌","12","0","외감","","","",""
"A146320","비씨엔씨","12","0","외감","","","",""
"A147760","피엠티","12","0","KOSDAQ","-1.27","84.39","","85.48"
"A147830","제룡산업","12","0","KOSDAQ","1.05","144.5","","143"
"A148150","세경하이테크","12","0","외감","","","",""
"A148250","알엔투테크놀로지","12","0","KOSDAQ","0","64.87","","64.87"
"A148780","비큐AI","12","0","KONEX","-5.91","29.47","","31.32"
"A148930","에이치와이티씨","12","0","외감","","","",""
"A149950","아바텍","12","0","KOSDAQ","-0.64","121.11","","121.89"
"A149980","하이로닉","12","0","KOSDAQ","1.02","97.54","","96.55"
"A150900","파수AI","12","0","KOSDAQ","3.67","49.4","","47.65"
"A151860","KG에코솔루션","12","0","KOSDAQ","0.89","142.2","","140.94"
"A153460","네이블","12","0","KOSDAQ","2.02","31.34","","30.72"
"A153490","우리이앤엘하루틴","12","0","KOSDAQ","0","46.86","","46.86"
"A153710","옵티팜","12","0","외감","","","",""
"A154030","아시아종묘","12","0","KOSDAQ","0.47","39.26","","39.07"
"A154040","다산솔루에타","12","0","KOSDAQ","1.35","63.7","","62.85"
"A155650","와이엠씨","12","0","KOSDAQ","2.24","157.84","","154.39"
"A155660","DSR","12","0","KOSPI","1.48","87.68","","86.4"
"A156100","엘앤케이바이오","12","0","KOSDAQ","1.63","99.26","","97.68"
"A158430","아톤","12","0","외감","","","",""
"A159010","아스플로","12","0","외감","","","",""
"A159580","제로투세븐","12","0","KOSDAQ","0.51","61.02","","60.71"
"A159910","에코글로우","12","0","KOSDAQ","8.35","59.51","","54.92"
"A160190","하이젠알앤엠","12","0","외감","","","",""
"A160550","NEW","12","0","KOSDAQ","7.31","249.4","","232.4"
"A160980","싸이맥스","12","0","KOSDAQ","-1.32","157.59","","159.7"
"A161000","애경케미칼","12","0","KOSPI","0.33","485.41","","483.8"
"A161390","한국타이어앤테크놀로지","12","1","KOSPI","0.57","6602.54","","6565.38"
"A161580","필옵틱스","12","0","KOSDAQ","1.81","163.49","","160.58"
"A161890","한국콜마","12","1","KOSPI","-0.26","1641.93","","1646.15"
"A162300","신스틸","12","0","외감","","","",""
"A163280","에어레인","12","0","외감","","","",""
"A163560","동일고무벨트","12","0","KOSPI","0.26","99.1","","98.84"
"A163730","핑거","12","0","외감","","","",""
"A166090","하나머티리얼즈","12","0","KOSDAQ","-1.23","382.29","","387.05"
"A166480","코아스템켐온","12","0","KOSDAQ","4.76","276.63","","264.05"
"A168330","내츄럴엔도텍","12","0","KOSDAQ","-1.23","404.62","","409.68"
"A168360","펨트론","12","0","외감","","","",""
"A169330","엠브레인","6","0","외감","","","",""
"A170030","현대공업","12","0","KOSDAQ","1.42","60.21","","59.37"
"A170790","파이오링크","12","0","KOSDAQ","0.86","47.99","","47.58"
"A170900","동아에스티","12","1","KOSPI","6.05","962.6","","907.72"
"A170920","엘티씨","12","0","KOSDAQ","0.34","112.42","","112.05"
"A171010","램테크놀러지","12","0","KOSDAQ","-2.26","59.08","","60.44"
"A171090","선익시스템","12","0","KOSDAQ","1.07","113.4","","112.2"
"A171120","라이온켐텍","12","0","KOSDAQ","0","182.32","","182.32"
"A172670","에이엘티","12","0","외감","","","",""
"A173130","오파스넷","12","0","KONEX","0","20.77","","20.77"
"A173940","에프엔씨엔터","12","0","KOSDAQ","2.35","112.48","","109.89"
"A174900","앱클론","12","0","KOSDAQ","-0.89","380.12","","383.52"
"A175140","아고스","12","0","KOSDAQ","-0.26","68.39","","68.57"
"A175250","아이큐어","12","0","외감","","","",""
"A175330","JB금융지주","12","0","KOSPI","0.65","965.28","","959.06"
"A176750","듀켐바이오","12","0","KONEX","0","72.38","","72.38"
"A177350","베셀","12","0","KOSDAQ","2.58","66.82","","65.14"
"A177830","파버나인","12","0","KOSDAQ","-0.22","48.25","","48.36"
"A177900","쓰리에이로직스","12","0","외감","","","",""
"A178320","서진시스템","12","0","KOSDAQ","0","230.58","","230.58"
"A178780","일월지엠엘","12","0","KOSDAQ","-12.43","79.29","","90.55"
"A178920","PI첨단소재","12","0","KOSDAQ","0.34","1318.55","","1314.14"
"A179290","엠아이텍","12","0","외감","","","",""
"A179530","애드바이오텍","12","0","외감","","","",""
"A179900","유티아이","12","0","KOSDAQ","2.13","115.17","","112.77"
"A180400","DXVX","12","0","KOSDAQ","4.08","376.22","","361.47"
"A180640","한진칼","12","0","KOSPI","1.04","1144.95","","1133.11"
"A181710","NHN","12","0","KOSPI","0.59","1326.51","","1318.68"
"A182360","큐브엔터","12","0","KOSDAQ","1.07","50.22","","49.69"
"A182400","엔케이젠바이오텍코리아","12","0","KOSDAQ","-0.51","481.03","","483.48"
"A183190","아세아시멘트","12","0","KOSPI","-1.05","365.43","","369.32"
"A183300","코미코","12","0","KOSDAQ","4.64","277.29","","265"
"A183490","엔지켐생명과학","12","0","KOSDAQ","-6.59","691.43","","740.22"
"A184230","SGA솔루션즈","12","0","KOSDAQ","3.21","88.23","","85.49"
"A185490","아이진","12","0","KOSDAQ","6.05","250.11","","235.85"
"A185750","종근당","12","1","KOSPI","1.61","1244.78","","1225.03"
"A186230","그린플러스","12","0","KONEX","-3.54","23.9","","24.78"
"A187220","디티앤씨","12","0","KOSDAQ","7.77","109.38","","101.5"
"A187270","신화콘텍","12","0","KOSDAQ","1.85","49.39","","48.5"
"A187420","HLB제넥스","12","0","KOSDAQ","0","133.12","","133.12"
"A187660","페니트리움바이오","12","0","외감","","","",""
"A187790","나노","12","0","KOSDAQ","0","58.82","","58.82"
"A187870","디바이스","12","0","KOSDAQ","0.9","75.62","","74.94"
"A188040","바이오포트","12","0","외감","","","",""
"A188260","세니젠","12","0","외감","","","",""
"A189300","인텔리안테크","12","0","KOSDAQ","0","92.02","","92.02"
"A189330","씨이랩","12","0","KONEX","-2.32","65.6","","67.16"
"A189690","포시에스","6","0","KOSDAQ","1.79","57.21","","56.2"
"A189860","서전기전","12","0","KOSDAQ","0.94","41.7","","41.32"
"A189980","흥국에프엔비","12","0","KOSDAQ","1.01","66.22","","65.56"
"A190510","나무가","12","0","KOSDAQ","-0.46","73.47","","73.81"
"A190650","코리아에셋투자증권","3","0","외감","","","",""
"A191410","육일씨엔에쓰","12","0","KOSDAQ","-0.6","61.26","","61.63"
"A191420","테고사이언스","12","0","KOSDAQ","2.75","468.33","","455.81"
"A192080","더블유게임즈","12","0","KOSDAQ","0.83","1284.47","","1273.92"
"A192250","케이사인","12","0","KOSDAQ","0.77","127.08","","126.11"
"A192390","윈하이텍","12","0","KOSDAQ","0.12","42.46","","42.41"
"A192400","쿠쿠홀딩스","12","1","KOSPI","-1.46","467.8","","474.71"
"A192410","오늘이엔엠","12","0","KOSDAQ","0","150.77","","150.77"
"A192440","슈피겐코리아","12","0","KOSDAQ","0.4","315.79","","314.55"
"A192650","드림텍","12","0","외감","","","",""
"A192820","코스맥스","12","1","KOSPI","1.45","1401.91","","1381.81"
"A193250","링크드","12","0","KOSDAQ","5.51","130.98","","124.13"
"A194370","제이에스코퍼레이션","12","0","KOSPI","-2.19","208.04","","212.7"
"A194480","데브시스터즈","12","0","KOSDAQ","1.15","147.21","","145.54"
"A194700","노바렉스","12","0","외감","","","",""
"A195500","마니커에프앤지","12","0","외감","","","",""
"A195870","해성디에스","12","0","KOSPI","0","327.25","","327.25"
"A195940","HK이노엔","12","0","외감","","","",""
"A195990","루트K","12","0","KOSDAQ","3.32","109.02","","105.52"
"A196170","알테오젠","12","0","KOSDAQ","17.79","296.34","","251.58"
"A196300","HLB펩","12","0","KOSDAQ","6.59","121.16","","113.66"
"A196450","코아시아씨엠","12","0","KOSDAQ","-1.16","73.64","","74.51"
"A196490","디에이테크놀로지","12","0","KOSDAQ","0","115.77","","115.77"
"A196700","웹스","12","0","KOSDAQ","-3.41","36.85","","38.15"
"A197140","디지캡","12","0","KONEX","0","25.23","","25.23"
"A198080","캐프","12","0","외감","","","",""
"A198440","강동씨앤엘","12","0","KOSDAQ","0.5","62.78","","62.47"
"A198940","한주라이트메탈","12","0","외감","","","",""
"A199430","케이엔알시스템","12","0","외감","","","",""
"A199480","뱅크웨어글로벌","12","0","외감","","","",""
"A199550","레이저옵텍","12","0","외감","","","",""
"A199730","바이오인프라","12","0","외감","","","",""
"A199800","툴젠","12","0","KONEX","2.29","801.46","","783.55"
"A199820","제일일렉트릭","12","0","외감","","","",""
"A200130","콜마비앤에이치","12","0","KOSDAQ","0","945.39","","945.39"
"A200230","텔콘RF제약","12","0","KOSDAQ","4.88","1399.63","","1334.44"
"A200350","아티스트스튜디오","12","0","KONEX","-2.5","6.98","","7.16"
"A200470","에이팩트","12","0","KOSDAQ","4.57","62.32","","59.59"
"A200670","휴메딕스","12","0","KOSDAQ","0.93","385.26","","381.69"
"A200710","에이디테크놀로지","12","0","KOSDAQ","-2.04","84.5","","86.26"
"A200780","비씨월드제약","12","0","KOSDAQ","0.6","183.46","","182.37"
"A200880","서연이화","12","0","KOSPI","-2.21","238.66","","244.07"
"A201490","미투온","12","0","KOSDAQ","3.17","262.64","","254.57"
"A203400","에이비온","12","0","KONEX","1.49","92.61","","91.25"
"A203450","유니온바이오메트릭스","12","0","KOSDAQ","2.28","49.47","","48.37"
"A203650","드림시큐리티","12","0","KOSDAQ","-0.5","215.55","","216.62"
"A203690","아크솔루션스","12","0","KOSDAQ","-2.2","363.91","","372.07"
"A204020","그리티","12","0","외감","","","",""
"A204270","제이앤티씨","12","0","외감","","","",""
"A204320","HL만도","12","1","KOSPI","4.04","2296.2","","2206.98"
"A204610","티쓰리","12","0","외감","","","",""
"A204620","글로벌텍스프리","12","0","KOSDAQ","7.5","143.89","","133.85"
"A204840","지엘팜텍","12","0","KOSDAQ","4.19","146.06","","140.2"
"A205100","엑셈","12","0","KOSDAQ","1.41","131.5","","129.67"
"A205470","휴마시스","12","0","KOSDAQ","5.12","54.16","","51.53"
"A205500","넥써쓰","12","0","KOSDAQ","4.15","218.7","","209.88"
"A206400","베노티앤알","12","0","KOSDAQ","6.21","105.85","","99.67"
"A206560","덱스터","12","0","KOSDAQ","4.12","221.33","","212.58"
"A206640","바디텍메드","12","0","KOSDAQ","-0.8","433.4","","436.9"
"A206650","유바이오로직스","12","0","KOSDAQ","5.73","202.93","","191.93"
"A207760","미스터블루","12","0","KOSDAQ","1","73.33","","72.6"
"A207940","삼성바이오로직스","12","1","KOSPI","1.73","33082.5","","32520.1"
"A208140","정다운","12","0","KOSDAQ","-0.24","83.86","","84.07"
"A208350","지란지교시큐리티","12","0","KOSDAQ","0.38","95.41","","95.05"
"A208370","셀바스헬스케어","12","0","KOSDAQ","0.49","80.59","","80.2"
"A208640","썸에이지","12","0","KOSDAQ","-5.8","376.68","","399.87"
"A208710","포톤","12","0","KOSDAQ","1.69","66.04","","64.94"
"A208860","다산디엠씨","12","0","KOSDAQ","0.81","77.87","","77.24"
"A209640","와이제이링크","12","0","외감","","","",""
"A210120","캔버스엔","12","0","KONEX","0","47.75","","47.75"
"A210540","디와이파워","12","0","KOSPI","4.43","208.14","","199.3"
"A210980","SK디앤디","12","0","KOSPI","3.66","457.19","","441.03"
"A211050","인카금융서비스","12","0","KONEX","0","14.81","","14.81"
"A211270","AP위성","12","0","KOSDAQ","0.87","122.07","","121.02"
"A212560","네오오토","12","0","KOSDAQ","-0.19","41.42","","41.5"
"A212710","아이에스티이","12","0","외감","","","",""
"A213420","덕산네오룩스","12","0","KOSDAQ","0.3","396.17","","394.96"
"A213500","한솔제지","12","0","KOSPI","1.59","380.81","","374.86"
"A214150","클래시스","12","0","KOSDAQ","2.9","408.19","","396.7"
"A214180","헥토이노베이션","12","0","KOSDAQ","3.35","293.6","","284.09"
"A214260","라파스","12","0","외감","","","",""
"A214270","FSN","12","0","KOSDAQ","2.97","247.39","","240.25"
"A214320","이노션","12","1","KOSPI","2.79","1254","","1220"
"A214330","금호에이치티","12","0","KOSPI","1.97","48.04","","47.12"
"A214370","케어젠","12","0","KOSDAQ","0.9","966.87","","958.28"
"A214390","경보제약","12","0","KOSPI","2.4","357.41","","349.04"
"A214420","토니모리","12","0","KOSPI","0.91","292.82","","290.18"
"A214430","아이쓰리시스템","12","0","KOSDAQ","0.62","167.27","","166.24"
"A214450","파마리서치","12","0","KOSDAQ","0.57","504.55","","501.71"
"A214610","롤링스톤","12","0","KONEX","-7.89","63.72","","69.19"
"A214680","디알텍","12","0","KOSDAQ","-1.16","89.91","","90.96"
"A215000","골프존","12","0","KOSDAQ","-0.66","283.65","","285.53"
"A215090","솔디펜스","12","0","KOSDAQ","-0.57","47.2","","47.47"
"A215100","로보로보","12","0","KOSDAQ","6.06","67.69","","63.82"
"A215200","메가스터디교육","12","0","KOSDAQ","13.23","188.97","","166.89"
"A215360","우리산업","12","0","KOSDAQ","0","362.09","","362.09"
"A215380","콜마바이오텍","12","0","KOSDAQ","-4.61","87.53","","91.76"
"A215480","토박스코리아","12","0","KOSDAQ","0","59.64","","59.64"
"A215600","신라젠","12","0","KOSDAQ","-4.23","7105.74","","7419.43"
"A215790","이노인스트루먼트","12","0","KOSDAQ","1.46","208.91","","205.9"
"A216050","인크로스","12","0","KOSDAQ","0.16","250.37","","249.98"
"A216080","제테마","12","0","외감","","","",""
"A217190","제너셈","12","0","KOSDAQ","1.22","32.75","","32.36"
"A217270","넵튠","12","0","KOSDAQ","5.15","272.28","","258.95"
"A217330","싸이토젠","12","0","외감","","","",""
"A217480","에스디생명공학","12","0","KOSDAQ","7.19","398.01","","371.33"
"A217500","러셀","12","0","KOSDAQ","1.06","11.35","","11.23"
"A217590","티엠씨","12","0","외감","","","",""
"A217730","강스템바이오텍","12","0","KOSDAQ","0.72","227.8","","226.16"
"A217820","원익피앤이","12","0","KOSDAQ","0.87","84.77","","84.04"
"A218150","미래생명자원","12","0","KOSDAQ","5.3","79.86","","75.84"
"A218410","RFHIC","12","0","KOSDAQ","-1.31","417.98","","423.52"
"A219130","타이거일렉","12","0","KOSDAQ","-2.86","42.94","","44.2"
"A219420","링크제니시스","12","0","KOSDAQ","0.4","125","","124.5"
"A219550","디와이디","12","0","KOSDAQ","1.22","141.51","","139.8"
"A219750","한국비티비","12","0","KONEX","2.71","61.57","","59.94"
"A220100","퓨쳐켐","12","0","KOSDAQ","4.24","124.53","","119.47"
"A220180","폴라리스AI핸디","12","0","KOSDAQ","0","39.48","","39.48"
"A220260","켐트로스","12","0","KOSDAQ","5.26","96.18","","91.37"
"A221800","지구홀딩스","12","0","KONEX","3.33","23.57","","22.81"
"A221840","하이즈항공","12","0","KOSDAQ","0.14","124.23","","124.05"
"A221980","케이디켐","12","0","KOSDAQ","-1.02","58.5","","59.11"
"A222040","코스맥스엔비티","12","0","KOSDAQ","0","466.19","","466.19"
"A222080","SFA넥셀","12","0","KOSDAQ","1.78","122.53","","120.39"
"A222110","팬젠","12","0","KOSDAQ","2.3","171.16","","167.31"
"A222160","NPX","12","0","KONEX","0","17.7","","17.7"
"A222420","쎄노텍","12","0","KOSDAQ","0.73","108.34","","107.56"
"A222800","심텍","12","0","KOSDAQ","1.66","208.87","","205.46"
"A222980","한국맥널티","12","0","KOSDAQ","4.44","58.46","","55.97"
"A223250","드림씨아이에스","12","0","외감","","","",""
"A223310","사토시홀딩스","12","0","KOSDAQ","1.98","73.64","","72.21"
"A224060","더코디","12","0","KOSDAQ","3.33","83.75","","81.05"
"A224110","에이텍모빌리티","12","0","KOSDAQ","-4.25","66.22","","69.15"
"A225190","LK삼양","12","0","KOSDAQ","-0.29","169.5","","170"
"A225220","제놀루션","12","0","KONEX","-0.11","25.43","","25.46"
"A225430","케이엠제약","12","0","KOSDAQ","0","9.5","","9.5"
"A225530","HC보광산업","12","0","KOSDAQ","-0.35","198.55","","199.24"
"A225570","넥슨게임즈","12","0","KOSDAQ","0.16","357.15","","356.57"
"A225590","패션플랫폼","12","0","KOSDAQ","0","44.96","","44.96"
"A226320","잇츠한불","12","0","KOSPI","3.98","1491.19","","1434.18"
"A226330","신테카바이오","12","0","외감","","","",""
"A226340","본느","12","0","KOSDAQ","0","13.16","","13.16"
"A226400","오스테오닉","12","0","KOSDAQ","8.47","67.9","","60.79"
"A226590","엠디바이스","12","0","외감","","","",""
"A226950","올릭스","12","0","외감","","","",""
"A227100","프로브잇","12","0","외감","","","",""
"A227610","아우딘퓨쳐스","12","0","KOSDAQ","3.45","135","","130.5"
"A227840","현대코퍼레이션홀딩스","12","0","KOSPI","2.21","126.5","","123.77"
"A227950","엔투텍","12","0","KOSDAQ","0","15.25","","15.25"
"A228340","동양파일","12","0","KOSDAQ","1.29","94.1","","92.9"
"A228670","레이","12","0","외감","","","",""
"A228760","지노믹트리","12","0","KONEX","1.33","353.81","","349.16"
"A228850","레이언스","12","0","KOSDAQ","1.34","312.74","","308.59"
"A229000","젠큐릭스","12","0","KONEX","-8.96","107.36","","117.93"
"A229640","LS에코에너지","12","0","KOSPI","-0.69","220.19","","221.72"
"A230240","에치에프알","12","0","KOSDAQ","0.25","16.24","","16.2"
"A230360","에코마케팅","12","0","KOSDAQ","5.13","156.16","","148.54"
"A232140","와이씨","12","0","KOSDAQ","1.87","336.13","","329.95"
"A232680","라온로보틱스","12","0","KONEX","0.88","48.22","","47.8"
"A232830","아이티센피엔에스","12","0","KONEX","-2.88","12.14","","12.5"
"A234030","싸이닉솔루션","12","0","외감","","","",""
"A234080","JW생명과학","12","0","KOSPI","1.54","418.03","","411.7"
"A234100","폴라리스세원","12","0","KOSDAQ","3.63","29.03","","28.01"
"A234300","에스트래픽","12","0","KOSDAQ","2.36","180.61","","176.43"
"A234340","헥토파이낸셜","12","0","외감","","","",""
"A234690","녹십자웰빙","12","0","외감","","","",""
"A234920","자이글","12","0","KOSDAQ","0.96","84.97","","84.16"
"A235980","메드팩토","12","0","외감","","","",""
"A236200","슈프리마","12","0","KOSDAQ","-0.6","175.59","","176.65"
"A236810","엔비티","12","0","외감","","","",""
"A237690","에스티팜","12","0","KOSDAQ","-0.44","846.98","","850.71"
"A237750","피앤씨테크","12","0","KOSDAQ","0.34","58.21","","58.01"
"A237820","플레이디","12","0","외감","","","",""
"A237880","클리오","12","0","KOSDAQ","-3.19","566.07","","584.71"
"A238090","앤디포스","12","0","KOSDAQ","0","106.54","","106.54"
"A238120","얼라인드","12","0","KOSDAQ","2.27","64.88","","63.45"
"A238200","비피도","12","0","외감","","","",""
"A238490","힘스","12","0","KOSDAQ","1.17","91.02","","89.97"
"A239340","이스트에이드","12","0","KOSDAQ","0","9.74","","9.74"
"A239610","에이치엘사이언스","12","0","KOSDAQ","-0.52","146.29","","147.07"
"A239890","피엔에이치테크","12","0","KONEX","0","19.36","","19.36"
"A240550","동방메디컬","12","0","외감","","","",""
"A240600","유진테크놀로지","12","0","외감","","","",""
"A240810","원익IPS","12","0","KOSDAQ","-2.69","1343.45","","1380.6"
"A241520","DSC인베스트먼트","12","0","KOSDAQ","0.19","94.68","","94.5"
"A241560","두산밥캣","12","0","KOSPI","1.43","3207.97","","3162.86"
"A241590","화승엔터프라이즈","12","0","KOSPI","-2.31","638.66","","653.8"
"A241690","유니테크노","12","0","KOSDAQ","-1.44","204.56","","207.54"
"A241710","코스메카코리아","12","0","KOSDAQ","-0.33","320.4","","321.47"
"A241770","메카로","12","0","KOSDAQ","3.04","372.3","","361.32"
"A241790","티이엠씨씨엔에스","12","0","KOSDAQ","0.5","91.71","","91.25"
"A241820","피씨엘","12","0","KOSDAQ","-1.25","140.95","","142.74"
"A241840","에이스토리","12","0","외감","","","",""
"A242040","나무에이엑스","12","0","KOSDAQ","0","14.22","","14.22"
"A243070","휴온스","12","0","KOSDAQ","4.09","630.76","","606"
"A243840","신흥에스이씨","12","0","KOSDAQ","3.81","249.62","","240.45"
"A244460","올리패스","12","0","외감","","","",""
"A244920","에이플러스에셋","12","0","외감","","","",""
"A245620","EDGC","12","0","외감","","","",""
"A246250","에스엘에스바이오","12","0","KONEX","0","46.58","","46.58"
"A246690","TS인베스트먼트","12","0","KOSDAQ","0.64","88","","87.44"
"A246710","티앤알바이오팹","12","0","외감","","","",""
"A246720","아스타","12","0","KOSDAQ","2.04","141.04","","138.22"
"A246960","SCL사이언스","12","0","외감","","","",""
"A247540","에코프로비엠","12","0","외감","","","",""
"A247660","나노씨엠에스","12","0","외감","","","",""
"A248070","솔루엠","12","0","외감","","","",""
"A248170","샘표식품","12","0","KOSPI","0.13","182.73","","182.5"
"A249420","일동제약","12","0","KOSPI","3.19","476.01","","461.29"
"A250000","보라티알","12","0","KOSDAQ","-2.11","94.17","","96.2"
"A250060","모비스","12","0","KOSDAQ","-1.23","45.45","","46.02"
"A250930","예선테크","12","0","KOSDAQ","-1.23","10.47","","10.6"
"A251120","바이오에프디엔씨","12","0","외감","","","",""
"A251270","넷마블","12","1","KOSPI","-0.34","12371.54","","12414.06"
"A251370","와이엠티","12","0","KOSDAQ","-1.49","244.37","","248.07"
"A251630","브이원텍","12","0","KOSDAQ","2.92","233.51","","226.88"
"A251970","펌텍코리아","12","0","외감","","","",""
"A252500","세화피앤씨","12","0","KOSDAQ","1.2","88.27","","87.22"
"A252990","샘씨엔에스","12","0","외감","","","",""
"A253450","스튜디오드래곤","12","0","KOSDAQ","1.88","2736.43","","2685.97"
"A253590","네오셈","12","0","외감","","","",""
"A253840","수젠텍","12","0","KONEX","-10.15","36.86","","41.02"
"A254120","자비스","12","0","KOSDAQ","0","9.36","","9.36"
"A254490","미래반도체","12","0","외감","","","",""
"A255220","SG","12","0","KOSDAQ","-2.06","65.28","","66.66"
"A255440","야스","12","0","KOSDAQ","-1.65","308.38","","313.55"
"A256150","한독크린텍","12","0","외감","","","",""
"A256630","포인트엔지니어링","12","0","KOSDAQ","0","14.07","","14.07"
"A256840","한국비엔씨","12","0","KOSDAQ","0","13.66","","13.66"
"A256940","킵스파마","12","0","KOSDAQ","-1.49","56.58","","57.43"
"A257370","피엔티엠에스","12","0","외감","","","",""
"A257720","실리콘투","12","0","외감","","","",""
"A258610","케일럼","12","0","KOSDAQ","-1.3","39.19","","39.71"
"A258790","소프트캠프","12","0","KOSDAQ","1.97","6.66","","6.53"
"A258830","세종메디칼","12","0","외감","","","",""
"A259630","엠플러스","12","0","KOSDAQ","2.4","163.32","","159.49"
"A259960","크래프톤","12","0","외감","","","",""
"A260660","알리코제약","12","0","KOSDAQ","1.93","202.95","","194.23"
"A260930","씨티케이","12","0","KOSDAQ","0","365.41","","365.41"
"A260970","에스앤디","12","0","KONEX","0.11","13.63","","13.62"
"A261200","덴티스","12","0","KOSDAQ","0","8.54","","8.54"
"A261520","이지스","12","0","외감","","","",""
"A261780","아리바이오랩","12","0","외감","","","",""
"A262260","에이프로","12","0","외감","","","",""
"A262840","아이퀘스트","12","0","외감","","","",""
"A263020","디케이앤디","12","0","외감","","","",""
"A263050","유틸렉스","12","0","외감","","","",""
"A263600","덕우전자","12","0","KOSDAQ","0.77","106.24","","105.43"
"A263690","디알젬","12","0","외감","","","",""
"A263700","케어랩스","12","0","외감","","","",""
"A263720","디앤씨미디어","12","0","KOSDAQ","9.26","177.61","","162.56"
"A263750","펄어비스","12","0","KOSDAQ","-0.45","2653.38","","2665.45"
"A263770","유에스티","12","0","KOSDAQ","-4.57","111.86","","117.22"
"A263800","데이타솔루션","12","0","KOSDAQ","1.07","65.27","","64.58"
"A263810","상신전자","12","0","KOSDAQ","3.54","80.18","","77.44"
"A263860","지니언스","12","0","KOSDAQ","3.15","63.6","","61.66"
"A263920","휴엠앤씨","12","0","KOSDAQ","0.15","51.43","","51.36"
"A264450","유비쿼스","12","0","KOSDAQ","1.55","117.59","","115.8"
"A264660","씨앤지하이테크","12","0","KOSDAQ","1.41","60.52","","59.68"
"A264850","이랜시스","12","0","KOSDAQ","1.21","9","","8.89"
"A264900","크라운제과","12","0","KOSPI","0.8","158.43","","157.17"
"A265520","AP시스템","12","0","KOSDAQ","0.18","394.04","","393.35"
"A265560","영화테크","12","0","KOSDAQ","1.5","72.16","","71.09"
"A265740","엔에프씨","12","0","외감","","","",""
"A267250","HD현대","12","1","KOSPI","-0.47","6921.81","","6954.39"
"A267260","HD현대일렉트릭","12","0","KOSPI","6.83","862.39","","807.28"
"A267270","HD건설기계","12","0","KOSPI","1.67","1807.36","","1777.73"
"A267290","경동도시가스","12","0","KOSPI","-0.89","183.97","","185.62"
"A267320","나인테크","12","0","KOSDAQ","0.24","8.36","","8.34"
"A267790","배럴","12","0","KOSDAQ","9.76","117.62","","107.16"
"A267850","아시아나IDT","12","0","외감","","","",""
"A267980","매일유업","12","0","KOSDAQ","0.31","486.94","","485.42"
"A268280","미원에스씨","12","0","KOSPI","0.16","314.89","","314.37"
"A269620","시스웍","12","0","KOSDAQ","1.38","59.4","","58.59"
"A270520","앱튼","12","0","KOSDAQ","-0.5","9.25","","9.3"
"A270660","에브리봇","12","0","KONEX","0","21.91","","21.91"
"A270870","뉴트리","12","0","외감","","","",""
"A271560","오리온","12","1","KOSPI","3.69","5000.99","","4823.09"
"A271830","팸텍","12","0","외감","","","",""
"A271940","일진하이솔루스","12","0","외감","","","",""
"A271980","제일약품","12","0","KOSPI","3.44","632.37","","611.36"
"A272110","케이엔제이","12","0","외감","","","",""
"A272210","한화시스템","12","0","외감","","","",""
"A272290","이녹스첨단소재","12","0","KOSDAQ","-1.64","574.85","","584.43"
"A272450","진에어","12","0","KOSPI","-0.34","870","","873"
"A272550","삼양패키징","12","0","KOSPI","0.24","297.7","","296.98"
"A273060","와이즈버즈","12","0","KOSDAQ","-0.5","14.98","","15.06"
"A273640","와이엠텍","12","0","외감","","","",""
"A274090","켄코아에어로스페이스","12","0","외감","","","",""
"A274400","이노시뮬레이션","12","0","외감","","","",""
"A275630","에스에스알","12","0","외감","","","",""
"A276040","스코넥","12","0","외감","","","",""
"A276730","한울앤제주","12","0","외감","","","",""
"A277070","린드먼아시아","12","0","KOSDAQ","5.91","157.28","","148.5"
"A277410","인산가","12","0","KOSDAQ","0.79","5.64","","5.59"
"A277810","레인보우로보틱스","12","0","외감","","","",""
"A277880","티에스아이","12","0","KONEX","0","33.12","","33.12"
"A278280","천보","12","0","외감","","","",""
"A278470","에이피알","12","0","외감","","","",""
"A278650","HLB바이오스텝","12","0","외감","","","",""
"A279570","케이뱅크","12","0","외감","","","",""
"A279600","미디어젠","12","0","KONEX","-3.3","28.04","","29"
"A280360","롯데웰푸드","12","0","KOSPI","2.11","713.44","","698.71"
"A281740","레이크머티리얼즈","12","0","KOSDAQ","0.25","9.68","","9.66"
"A281820","케이씨텍","12","0","KOSPI","-1.65","413.65","","420.59"
"A282330","BGF리테일","12","1","KOSPI","-0.32","2679.01","","2687.65"
"A282720","금양그린파워","12","0","외감","","","",""
"A282880","코윈테크","12","0","외감","","","",""
"A284620","카이노스메드","12","0","외감","","","",""
"A284740","쿠쿠홈시스","12","0","KOSPI","0","776.33","","776.33"
"A285130","SK케미칼","12","1","KOSPI","-0.48","1210.09","","1215.88"
"A285490","노바텍","12","0","외감","","","",""
"A285800","진영","12","0","외감","","","",""
"A286750","나노실리칸첨단소재","12","0","외감","","","",""
"A286940","롯데이노베이트","12","0","외감","","","",""
"A287840","인투셀","12","0","외감","","","",""
"A288180","케이피항공산업","12","0","외감","","","",""
"A288330","파라택시스코리아","12","0","외감","","","",""
"A288620","에스프리즘","12","0","외감","","","",""
"A288980","모아데이타","12","0","외감","","","",""
"A289010","아이스크림에듀","12","0","외감","","","",""
"A289080","SV인베스트먼트","3","0","외감","","","",""
"A289220","자이언트스텝","12","0","외감","","","",""
"A289930","웨이비스","12","0","외감","","","",""
"A290090","트윔","12","0","외감","","","",""
"A290120","DH오토리드","12","0","외감","","","",""
"A290270","휴네시온","12","0","외감","","","",""
"A290520","신도기연","12","0","외감","","","",""
"A290550","디케이티","12","0","외감","","","",""
"A290560","파라택시스이더리움","12","0","외감","","","",""
"A290650","엘앤씨바이오","12","0","외감","","","",""
"A290660","다이나믹솔루션","12","0","외감","","","",""
"A290670","대보마그네틱","12","0","외감","","","",""
"A290690","아리바이오홀딩스","12","0","외감","","","",""
"A290720","푸드나무","12","0","외감","","","",""
"A290740","액트로","12","0","외감","","","",""
"A291230","엔피","12","0","외감","","","",""
"A291650","압타머사이언스","12","0","외감","","","",""
"A291810","핀텔","12","0","외감","","","",""
"A293480","하나제약","12","0","외감","","","",""
"A293490","카카오게임즈","12","0","외감","","","",""
"A293580","나우IB","12","0","외감","","","",""
"A293780","압타바이오","12","0","외감","","","",""
"A294090","이오플로우","12","0","외감","","","",""
"A294140","레몬","12","0","외감","","","",""
"A294570","쿠콘","12","0","외감","","","",""
"A294630","서남","12","0","외감","","","",""
"A294870","IPARK현대산업개발","12","0","외감","","","",""
"A295310","에이치브이엠","12","0","외감","","","",""
"A296640","이노에이엑스","12","0","외감","","","",""
"A297090","씨에스베어링","12","0","외감","","","",""
"A297570","아틀라스링크","12","0","외감","","","",""
"A297890","HB솔루션","12","0","외감","","","",""
"A298000","효성화학","12","0","외감","","","",""
"A298020","효성티앤씨","12","0","외감","","","",""
"A298040","효성중공업","12","0","외감","","","",""
"A298050","HS효성첨단소재","12","0","외감","","","",""
"A298060","풍전약품","12","0","외감","","","",""
"A298380","에이비엘바이오","12","0","외감","","","",""
"A298540","더네이쳐홀딩스","12","0","외감","","","",""
"A298690","에어부산","12","0","외감","","","",""
"A298830","슈어소프트테크","12","0","외감","","","",""
"A299030","하나기술","12","0","외감","","","",""
"A299170","더블유에스아이","12","0","외감","","","",""
"A299660","셀리드","12","0","외감","","","",""
"A299900","위지윅스튜디오","12","0","외감","","","",""
"A300080","플리토","12","0","외감","","","",""
"A300120","라온피플","12","0","외감","","","",""
"A300720","한일시멘트","12","0","외감","","","",""
"A301300","바이브컴퍼니","12","0","외감","","","",""
"A302430","이노메트리","12","0","외감","","","",""
"A302440","SK바이오사이언스","12","0","외감","","","",""
"A302550","리메드","12","0","외감","","","",""
"A303030","지니틱스","12","0","외감","","","",""
"A303360","프로티아","12","0","외감","","","",""
"A303530","이노뎁","12","0","외감","","","",""
"A303810","동국생명과학","12","0","외감","","","",""
"A304100","솔트룩스","12","0","외감","","","",""
"A304360","에스바이오메딕스","12","0","외감","","","",""
"A304840","피플바이오","12","0","외감","","","",""
"A305090","마이크로디지탈","12","0","외감","","","",""
"A306040","에스제이그룹","12","0","외감","","","",""
"A306200","세아제강","12","0","외감","","","",""
"A306620","지아이에스","12","0","외감","","","",""
"A307180","아이엘","12","0","외감","","","",""
"A307280","원바이오젠","12","0","외감","","","",""
"A307750","국전","12","0","외감","","","",""
"A307870","비투엔","12","0","외감","","","",""
"A307930","컴퍼니케이","12","0","외감","","","",""
"A307950","현대오토에버","12","0","외감","","","",""
"A308080","바이젠셀","12","0","외감","","","",""
"A308100","형지글로벌","12","0","외감","","","",""
"A308170","씨티알모빌리티","12","0","외감","","","",""
"A308430","셀비온","12","0","외감","","","",""
"A309710","아이티켐","12","0","외감","","","",""
"A309930","조이웍스앤코","12","0","외감","","","",""
"A309960","LB인베스트먼트","12","0","외감","","","",""
"A310200","애니플러스","12","0","외감","","","",""
"A310210","보로노이","12","0","외감","","","",""
"A310870","디와이씨","12","0","외감","","","",""
"A311320","지오엘리먼트","12","0","외감","","","",""
"A311390","네오크레마","12","0","외감","","","",""
"A311690","CJ 바이오사이언스","12","0","외감","","","",""
"A312610","에이에프더블류","12","0","외감","","","",""
"A313760","캐리","12","0","외감","","","",""
"A314130","지놈앤컴퍼니","12","0","외감","","","",""
"A314140","알피바이오","12","0","외감","","","",""
"A314930","바이오다인","12","0","외감","","","",""
"A315640","딥노이드","12","0","외감","","","",""
"A316140","우리금융지주","12","0","외감","","","",""
"A317120","라닉스","12","0","외감","","","",""
"A317240","TS트릴리온","12","0","외감","","","",""
"A317330","덕산테코피아","12","0","외감","","","",""
"A317400","자이에스앤디","12","0","외감","","","",""
"A317450","명인제약","12","0","외감","","","",""
"A317530","에피소드컴퍼니","12","0","외감","","","",""
"A317690","퀀타매트릭스","12","0","외감","","","",""
"A317770","엑스페릭스","12","0","외감","","","",""
"A317830","에스피시스템스","12","0","외감","","","",""
"A317850","대모","12","0","외감","","","",""
"A317870","엔바이오니아","12","0","외감","","","",""
"A318000","KBG","12","0","외감","","","",""
"A318010","팜스빌","12","0","외감","","","",""
"A318020","포인트모바일","12","0","외감","","","",""
"A318060","그래피","12","0","외감","","","",""
"A318160","셀바이오휴먼텍","12","0","외감","","","",""
"A318410","비비씨","12","0","외감","","","",""
"A319400","현대무벡스","12","0","외감","","","",""
"A319660","피에스케이","12","0","외감","","","",""
"A320000","한울반도체","12","0","외감","","","",""
"A321260","프로이천","12","0","외감","","","",""
"A321370","센서뷰","12","0","외감","","","",""
"A321550","티움바이오","12","0","외감","","","",""
"A321820","아티스트컴퍼니","12","0","외감","","","",""
"A322000","HD현대에너지솔루션","12","0","외감","","","",""
"A322180","LS티라유텍","12","0","외감","","","",""
"A322310","오로스테크놀로지","12","0","외감","","","",""
"A322510","제이엘케이","12","0","외감","","","",""
"A322780","코퍼스코리아","12","0","외감","","","",""
"A323280","태성","12","0","외감","","","",""
"A323350","다원넥스뷰","12","0","외감","","","",""
"A323410","카카오뱅크","12","0","외감","","","",""
"A323990","박셀바이오","12","0","외감","","","",""
"A326030","SK바이오팜","12","0","외감","","","",""
"A327260","RF머트리얼즈","12","0","외감","","","",""
"A328130","루닛","12","0","외감","","","",""
"A328380","솔트웨어","12","0","외감","","","",""
"A329180","HD현대중공업","12","0","외감","","","",""
"A330350","위더스제약","12","0","외감","","","",""
"A330730","스톤브릿지벤처스","12","0","외감","","","",""
"A330860","네패스아크","12","0","외감","","","",""
"A331380","포커스에이아이","12","0","외감","","","",""
"A331520","밸로프","12","0","외감","","","",""
"A331740","아우토크립트","12","0","외감","","","",""
"A331920","셀레믹스","12","0","외감","","","",""
"A332290","누보","12","0","외감","","","",""
"A332370","아이디피","12","0","외감","","","",""
"A332570","PS일렉트로닉스","12","0","외감","","","",""
"A333050","이노테나","12","0","외감","","","",""
"A333430","일승","12","0","외감","","","",""
"A333620","엔시스","12","0","외감","","","",""
"A334970","프레스티지바이오로직스","6","0","외감","","","",""
"A335810","프리시젼바이오","12","0","외감","","","",""
"A335870","윙스풋","12","0","외감","","","",""
"A336060","웨이버스","12","0","외감","","","",""
"A336260","두산퓨얼셀","12","0","외감","","","",""
"A336370","솔루스첨단소재","12","0","외감","","","",""
"A336570","원텍","12","0","외감","","","",""
"A336680","탑런토탈솔루션","12","0","외감","","","",""
"A337930","젝시믹스","12","0","외감","","","",""
"A338220","뷰노","12","0","외감","","","",""
"A338840","와이바이오로직스","12","0","외감","","","",""
"A339770","교촌에프앤비","12","0","외감","","","",""
"A339950","아이비김영","12","0","외감","","","",""
"A340360","다보링크","12","0","외감","","","",""
"A340440","세림B&G","12","0","외감","","","",""
"A340450","지씨지놈","12","0","외감","","","",""
"A340570","티앤엘","12","0","외감","","","",""
"A340810","시선AI","12","0","외감","","","",""
"A340930","성원에너텍","12","0","외감","","","",""
"A342870","오아","12","0","외감","","","",""
"A344820","KCC글라스","12","0","외감","","","",""
"A344860","이노진","12","0","외감","","","",""
"A347000","센코","12","0","외감","","","",""
"A347700","스피어","12","0","외감","","","",""
"A347740","피엔케이피부임상연구센타","12","0","외감","","","",""
"A347770","핌스","12","0","외감","","","",""
"A347850","디앤디파마텍","12","0","외감","","","",""
"A347860","알체라","12","0","외감","","","",""
"A347890","엠엑스온","12","0","외감","","","",""
"A348030","모비릭스","12","0","외감","","","",""
"A348080","큐라티스","12","0","외감","","","",""
"A348150","고바이오랩","12","0","외감","","","",""
"A348210","넥스틴","12","0","외감","","","",""
"A348340","뉴로메카","12","0","외감","","","",""
"A348350","위드텍","12","0","외감","","","",""
"A348370","엔켐","12","0","외감","","","",""
"A351320","넥사다이내믹스","12","0","외감","","","",""
"A351330","이삭엔지니어링","12","0","외감","","","",""
"A351870","차이커뮤니케이션","12","0","외감","","","",""
"A352090","스톰테크","12","0","외감","","","",""
"A352480","씨앤씨인터내셔널","12","0","외감","","","",""
"A352700","씨앤투스","12","0","외감","","","",""
"A352770","셀레스트라","12","0","외감","","","",""
"A352820","하이브","12","0","외감","","","",""
"A352910","오비고","12","0","외감","","","",""
"A352940","인바이오","12","0","외감","","","",""
"A353190","휴럼","12","0","외감","","","",""
"A353200","대덕전자","12","0","외감","","","",""
"A353590","오토앤","12","0","외감","","","",""
"A353810","이지바이오","12","0","외감","","","",""
"A354200","엔젠바이오","12","0","외감","","","",""
"A354320","알멕","12","0","외감","","","",""
"A355150","코스텍시스","12","0","외감","","","",""
"A355390","크라우드웍스","12","0","외감","","","",""
"A355690","에이텀","12","0","외감","","","",""
"A356680","엑스게이트","12","0","외감","","","",""
"A356860","티엘비","12","0","외감","","","",""
"A356890","싸이버원","12","0","외감","","","",""
"A357230","에이치피오","12","0","외감","","","",""
"A357550","석경에이티","12","0","외감","","","",""
"A357580","아모센스","12","0","외감","","","",""
"A357780","솔브레인","12","0","외감","","","",""
"A357880","SKAI","12","0","외감","","","",""
"A358570","지아이이노베이션","12","0","외감","","","",""
"A359090","씨엔알리서치","12","0","외감","","","",""
"A360070","탑머티리얼","12","0","외감","","","",""
"A360350","코셈","12","0","외감","","","",""
"A361390","제노코","12","0","외감","","","",""
"A361570","알비더블유","12","0","외감","","","",""
"A361610","SK아이이테크놀로지","12","0","외감","","","",""
"A361670","삼영에스앤씨","12","0","외감","","","",""
"A362320","청담글로벌","12","0","외감","","","",""
"A362990","드림인사이트","12","0","외감","","","",""
"A363250","진시스템","12","0","외감","","","",""
"A363260","모비데이즈","12","0","외감","","","",""
"A363280","티와이홀딩스","12","0","외감","","","",""
"A364950","에이아이코리아","12","0","외감","","","",""
"A365270","큐라클","12","0","외감","","","",""
"A365330","에스와이스틸텍","12","0","외감","","","",""
"A365340","성일하이텍","12","0","외감","","","",""
"A365590","하이딥","12","0","외감","","","",""
"A365900","브이씨","12","0","외감","","","",""
"A366030","나인앤컴퍼니","12","0","외감","","","",""
"A367000","플래티어","12","0","외감","","","",""
"A368600","아이씨에이치","12","0","외감","","","",""
"A368770","파이버프로","12","0","외감","","","",""
"A368970","오에스피","12","0","외감","","","",""
"A369370","블리츠웨이엔터테인먼트","12","0","외감","","","",""
"A370090","퓨런티어","12","0","외감","","","",""
"A371950","풍원정밀","12","0","외감","","","",""
"A372170","윤성에프앤씨","12","0","외감","","","",""
"A372320","큐로셀","12","0","외감","","","",""
"A372800","아이티아이즈","12","0","외감","","","",""
"A372910","한컴라이프케어","12","0","외감","","","",""
"A373110","엑셀세라퓨틱스","12","0","외감","","","",""
"A373160","데이원컴퍼니","12","0","외감","","","",""
"A373170","엠아이큐브솔루션","12","0","외감","","","",""
"A373200","엑스플러스","12","0","외감","","","",""
"A373220","LG에너지솔루션","12","0","외감","","","",""
"A375500","DL이앤씨","12","0","외감","","","",""
"A376180","피코그램","12","0","외감","","","",""
"A376270","HEM파마","12","0","외감","","","",""
"A376290","씨유테크","12","0","외감","","","",""
"A376300","디어유","12","0","외감","","","",""
"A376900","로킷헬스케어","12","0","외감","","","",""
"A376930","노을","12","0","외감","","","",""
"A376980","원티드랩","12","0","외감","","","",""
"A377030","비트맥스","12","0","외감","","","",""
"A377220","프롬바이오","12","0","외감","","","",""
"A377300","카카오페이","12","0","외감","","","",""
"A377330","이지트로닉스","12","0","외감","","","",""
"A377450","리파인","12","0","외감","","","",""
"A377460","큐에이드","12","0","외감","","","",""
"A377480","마음AI","12","0","외감","","","",""
"A377740","바이오노트","12","0","외감","","","",""
"A378340","필에너지","12","0","외감","","","",""
"A378800","샤페론","12","0","외감","","","",""
"A378850","화승알앤에이","12","0","외감","","","",""
"A380540","옵티코어","12","0","외감","","","",""
"A380550","뉴로핏","12","0","외감","","","",""
"A381620","제닉스로보틱스","12","0","외감","","","",""
"A381970","케이카","12","0","외감","","","",""
"A382150","온코크로스","12","0","외감","","","",""
"A382480","지아이텍","12","0","외감","","","",""
"A382800","지앤비에스 에코","12","0","외감","","","",""
"A382840","원준","12","0","외감","","","",""
"A382900","범한퓨얼셀","12","0","외감","","","",""
"A383220","F&F","12","0","외감","","","",""
"A383310","에코프로에이치엔","12","0","외감","","","",""
"A383800","LX홀딩스","12","0","외감","","","",""
"A383930","디티앤씨알오","12","0","외감","","","",""
"A384470","코어라인소프트","12","0","외감","","","",""
"A387570","파인메딕스","12","0","외감","","","",""
"A388050","지투파워","12","0","외감","","","",""
"A388210","씨엠티엑스","12","0","외감","","","",""
"A388610","지에프씨생명과학","12","0","외감","","","",""
"A388720","유일로보틱스","12","0","외감","","","",""
"A388790","라이콤","12","0","외감","","","",""
"A388870","파로스아이바이오","12","0","외감","","","",""
"A389020","자람테크놀로지","12","0","외감","","","",""
"A389030","지니너스","12","0","외감","","","",""
"A389140","포바이포","12","0","외감","","","",""
"A389260","대명에너지","12","0","외감","","","",""
"A389470","인벤티지랩","12","0","외감","","","",""
"A389500","에스비비테크","12","0","외감","","","",""
"A389650","넥스트바이오메디컬","12","0","외감","","","",""
"A389680","유디엠텍","12","0","외감","","","",""
"A391710","코닉오토메이션","12","0","외감","","","",""
"A393210","토마토시스템","12","0","외감","","","",""
"A393890","더블유씨피","12","0","외감","","","",""
"A393970","대진첨단소재","12","0","외감","","","",""
"A394280","오픈엣지테크놀로지","12","0","외감","","","",""
"A394420","리센스메디컬","12","0","외감","","","",""
"A394800","쓰리빌리언","12","0","외감","","","",""
"A396270","넥스트칩","12","0","외감","","","",""
"A396300","세아메카닉스","12","0","외감","","","",""
"A396470","워트","12","0","외감","","","",""
"A397030","에이프릴바이오","12","0","외감","","","",""
"A397810","애드포러스","12","0","외감","","","",""
"A398120","에스지헬스케어","12","0","외감","","","",""
"A399720","가온칩스","12","0","외감","","","",""
"A402030","코난테크놀로지","12","0","외감","","","",""
"A402340","SK스퀘어","12","0","외감","","","",""
"A402490","그린리소스","12","0","외감","","","",""
"A403490","우듬지팜","12","0","외감","","","",""
"A403550","쏘카","12","0","외감","","","",""
"A403850","더핑크퐁컴퍼니","12","0","외감","","","",""
"A403870","HPSP","12","0","외감","","","",""
"A405000","플라즈맵","12","0","외감","","","",""
"A405100","큐알티","12","0","외감","","","",""
"A405920","나라셀라","12","0","외감","","","",""
"A406820","뷰티스킨","12","0","외감","","","",""
"A407400","꿈비","12","0","외감","","","",""
"A408470","한패스","12","0","외감","","","",""
"A408900","스튜디오미르","12","0","외감","","","",""
"A408920","메쎄이상","12","0","외감","","","",""
"A411080","샌즈랩","12","0","외감","","","",""
"A412350","레이저쎌","12","0","외감","","","",""
"A412540","제일엠앤에스","12","0","외감","","","",""
"A413390","엠오티","12","0","외감","","","",""
"A413630","씨피시스템","12","0","외감","","","",""
"A413640","비아이매트릭스","12","0","외감","","","",""
"A415380","스튜디오삼익","12","0","외감","","","",""
"A416180","신성에스티","12","0","외감","","","",""
"A417010","나노팀","12","0","외감","","","",""
"A417180","핑거스토리","12","0","외감","","","",""
"A417200","LS머트리얼즈","12","0","외감","","","",""
"A417500","제이아이테크","12","0","외감","","","",""
"A417790","트루엔","12","0","외감","","","",""
"A417840","저스템","12","0","외감","","","",""
"A417860","오브젠","12","0","외감","","","",""
"A417970","모델솔루션","12","0","외감","","","",""
"A418250","시큐레터","12","0","외감","","","",""
"A418420","라온텍","12","0","외감","","","",""
"A418470","KT밀리의서재","12","0","외감","","","",""
"A418550","제이오","12","0","외감","","","",""
"A418620","E8","12","0","외감","","","",""
"A419050","삼기에너지솔루션즈","12","0","외감","","","",""
"A419080","엔젯","12","0","외감","","","",""
"A419120","산돌","12","0","외감","","","",""
"A419530","SAMG엔터","12","0","외감","","","",""
"A419540","비스토스","12","0","외감","","","",""
"A420570","제이투케이바이오","12","0","외감","","","",""
"A420770","기가비스","12","0","외감","","","",""
"A424760","벨로크","12","0","외감","","","",""
"A424870","이뮨온시아","12","0","외감","","","",""
"A424960","스마트레이더시스템","12","0","외감","","","",""
"A424980","마이크로투나노","12","0","외감","","","",""
"A425040","티이엠씨","12","0","외감","","","",""
"A425420","티에프이","12","0","외감","","","",""
"A429270","시지트로닉스","12","0","외감","","","",""
"A430690","한싹","12","0","외감","","","",""
"A431190","케이쓰리아이","12","0","외감","","","",""
"A432430","와이랩","12","0","외감","","","",""
"A432470","케이엔에스","12","0","외감","","","",""
"A432720","퀄리타스반도체","12","0","외감","","","",""
"A432980","엠에프씨","12","0","외감","","","",""
"A434480","모니터랩","12","0","외감","","","",""
"A435570","에르코스","12","0","외감","","","",""
"A437730","삼현","12","0","외감","","","",""
"A438700","버넥트","12","0","외감","","","",""
"A439090","마녀공장","12","0","외감","","","",""
"A439260","대한조선","12","0","외감","","","",""
"A439580","블루엠텍","12","0","외감","","","",""
"A439960","코스모로보틱스","12","0","외감","","","",""
"A440110","파두","12","0","외감","","","",""
"A440290","HB인베스트먼트","12","0","외감","","","",""
"A440320","오픈놀","12","0","외감","","","",""
"A441270","파인엠텍","12","0","외감","","","",""
"A443060","HD현대마린솔루션","12","0","외감","","","",""
"A443250","레뷰코퍼레이션","12","0","외감","","","",""
"A443670","에스피소프트","12","0","외감","","","",""
"A444530","심플랫폼","12","0","외감","","","",""
"A445090","에이직랜드","12","0","외감","","","",""
"A445180","퓨릿","12","0","외감","","","",""
"A445680","큐리옥스바이오시스템즈","12","0","외감","","","",""
"A446070","유니드비티플러스","12","0","외감","","","",""
"A446540","메가터치","12","0","외감","","","",""
"A446840","지슨","12","0","외감","","","",""
"A448280","에코아이","12","0","외감","","","",""
"A448710","코츠테크놀로지","12","0","외감","","","",""
"A448900","한국피아이엠","12","0","외감","","","",""
"A450080","에코프로머티","12","0","외감","","","",""
"A450330","하스","12","0","외감","","","",""
"A450520","인스웨이브","12","0","외감","","","",""
"A450950","아스테라시스","12","0","외감","","","",""
"A451220","아이엠티","12","0","외감","","","",""
"A451250","삐아","12","0","외감","","","",""
"A451760","컨텍","12","0","외감","","","",""
"A452160","제이엔비","12","0","외감","","","",""
"A452190","한빛레이저","12","0","외감","","","",""
"A452200","민테크","12","0","외감","","","",""
"A452260","한화갤러리아","12","0","외감","","","",""
"A452280","한선엔지니어링","12","0","외감","","","",""
"A452300","캡스톤파트너스","12","0","외감","","","",""
"A452400","이닉스","12","0","외감","","","",""
"A452430","사피엔반도체","12","0","외감","","","",""
"A452450","피아이이","12","0","외감","","","",""
"A453340","현대그린푸드","12","0","외감","","","",""
"A453450","그리드위즈","12","0","외감","","","",""
"A453860","에이에스텍","12","0","외감","","","",""
"A454910","두산로보틱스","12","0","외감","","","",""
"A455180","케이지에이","12","0","외감","","","",""
"A455900","엔젤로보틱스","12","0","외감","","","",""
"A456010","아이씨티케이","12","0","외감","","","",""
"A456040","OCI","12","0","외감","","","",""
"A456070","이엔셀","12","0","외감","","","",""
"A456160","지투지바이오","12","0","외감","","","",""
"A457190","이수스페셜티케미컬","12","0","외감","","","",""
"A457370","한켐","12","0","외감","","","",""
"A457550","우진엔텍","12","0","외감","","","",""
"A457600","벡트","12","0","외감","","","",""
"A458350","에스팀","12","0","외감","","","",""
"A458650","성우","12","0","외감","","","",""
"A458870","씨어스","12","0","외감","","","",""
"A459100","위츠","12","0","외감","","","",""
"A459510","나우로보틱스","12","0","외감","","","",""
"A459550","알트","12","0","외감","","","",""
"A460470","아이빔테크놀로지","12","0","외감","","","",""
"A460850","동국씨엠","12","0","외감","","","",""
"A460860","동국제강","12","0","외감","","","",""
"A460870","에스엠씨지","12","0","외감","","","",""
"A460930","현대힘스","12","0","외감","","","",""
"A460940","피앤에스로보틱스","12","0","외감","","","",""
"A461030","아이엠비디엑스","12","0","외감","","","",""
"A461300","아이스크림미디어","12","0","외감","","","",""
"A462310","뉴키즈온","12","0","외감","","","",""
"A462350","이노스페이스","12","0","외감","","","",""
"A462510","라메디텍","12","0","외감","","","",""
"A462520","조선내화","12","0","외감","","","",""
"A462860","더즌","12","0","외감","","","",""
"A462870","시프트업","12","0","외감","","","",""
"A462980","아이지넷","12","0","외감","","","",""
"A463020","뉴엔AI","12","0","외감","","","",""
"A463480","모티브링크","12","0","외감","","","",""
"A464080","에스오에스랩","12","0","외감","","","",""
"A464280","티디에스팜","12","0","외감","","","",""
"A464490","쿼드메디슨","12","0","외감","","","",""
"A464500","아이언디바이스","12","0","외감","","","",""
"A464580","닷밀","12","0","외감","","","",""
"A465480","인스피언","12","0","외감","","","",""
"A465770","STX그린로지스","12","0","외감","","","",""
"A466100","클로봇","12","0","외감","","","",""
"A466410","사이냅소프트","12","0","외감","","","",""
"A468530","프로티나","12","0","외감","","","",""
"A469610","이노테크","12","0","외감","","","",""
"A469750","아이비젼웍스","12","0","외감","","","",""
"A471820","셀로맥스사이언스","12","0","외감","","","",""
"A472850","폰드그룹","12","0","외감","","","",""
"A473980","노머스","12","0","외감","","","",""
"A474170","루미르","12","0","외감","","","",""
"A474610","RF시스템즈","12","0","외감","","","",""
"A474650","링크솔루션","12","0","외감","","","",""
"A475150","SK이터닉스","12","0","외감","","","",""
"A475230","엔알비","12","0","외감","","","",""
"A475400","씨메스로보틱스","12","0","외감","","","",""
"A475430","키스트론","12","0","외감","","","",""
"A475460","미트박스","12","0","외감","","","",""
"A475560","더본코리아","12","0","외감","","","",""
"A475580","에이럭스","12","0","외감","","","",""
"A475660","에스켐","12","0","외감","","","",""
"A475830","오름테라퓨틱","12","0","외감","","","",""
"A475960","토모큐브","12","0","외감","","","",""
"A476040","오가노이드사이언스","12","0","외감","","","",""
"A476060","온코닉테라퓨틱스","12","0","외감","","","",""
"A476080","M83","12","0","외감","","","",""
"A476830","알지노믹스","12","0","외감","","","",""
"A477850","마키나락스","12","0","외감","","","",""
"A478340","나라스페이스테크놀로지","12","0","외감","","","",""
"A478560","블랙야크아이앤씨","12","0","외감","","","",""
"A479960","위너스일렉","12","0","외감","","","",""
"A480370","씨케이솔루션","12","0","외감","","","",""
"A481070","에이유브랜즈","12","0","외감","","","",""
"A482630","삼양엔씨켐","12","0","외감","","","",""
"A483650","달바글로벌","12","0","외감","","","",""
"A484120","도우인시스","12","0","외감","","","",""
"A484590","삼양컴텍","12","0","외감","","","",""
"A484810","티엑스알로보틱스","12","0","외감","","","",""
"A484870","엠앤씨솔루션","12","0","외감","","","",""
"A486990","노타","12","0","외감","","","",""
"A487570","HS효성","12","0","외감","","","",""
"A487580","폴레드","12","0","외감","","","",""
"A488280","에스투더블유","12","0","외감","","","",""
"A488900","비츠로넥스텍","12","0","외감","","","",""
"A489460","바이오비쥬","12","0","외감","","","",""
"A489500","엘케이켐","12","0","외감","","","",""
"A489790","한화비전","12","0","외감","","","",""
"A490470","세미파이브","12","0","외감","","","",""
"A491000","리브스메드","12","0","외감","","","",""
"A493280","아이엠바이오로직스","12","0","외감","","","",""
"A493330","지에프아이","12","0","외감","","","",""
"A494120","큐리오시스","12","0","외감","","","",""
"A499790","GS피앤엘","12","0","외감","","","",""
"A900070","글로벌에스엠","12","0","KOSDAQ","-0.82","64.76","","65.3"
"A900100","파이온엑스","12","0","KOSDAQ","0.45","262.06","","260.89"
"A900110","딥커머스","12","0","KOSDAQ","1.72","43.78","","43.04"
"A900120","씨엑스아이","6","0","KOSDAQ","1.21","74.08","","73.2"
"A900140","엘브이엠씨홀딩스","12","0","KOSPI","-0.19","245.09","","245.57"
"A900250","크리스탈신소재","12","0","KOSDAQ","1","136.58","","135.23"
"A900260","로스웰","12","0","KOSDAQ","1.9","170.67","","167.49"
"A900270","헝셩그룹","12","0","KOSDAQ","-0.51","155.2","","156"
"A900290","GRT","6","0","KOSDAQ","-1.17","198.42","","200.78"
"A900300","오가닉티코스메틱","12","0","KOSDAQ","-5.22","165.37","","174.48"
"A900310","컬러레이","12","0","KOSDAQ","1","163.89","","162.27"
"A900340","윙입푸드","12","0","외감","","","",""
"A950130","엑세스바이오","12","0","KOSDAQ","0.2","136.95","","136.68"
"A950140","잉글우드랩","12","0","KOSDAQ","0.19","103.11","","102.92"
"A950160","코오롱티슈진","12","0","KOSDAQ","0","2917.06","","2917.06"
"A950170","JTC","2","0","외감","","","",""
"A950190","고스트스튜디오","12","0","외감","","","",""
"A950200","소마젠","12","0","외감","","","",""
"A950210","프레스티지바이오파마","6","0","외감","","","",""
"A950220","네오이뮨텍","12","0","외감","","","",""
"A950250","테라뷰","4","0","외감","","","",""
