"Code","Name","결산월","코스피200 구성종목여부(1:해당, 0:미해당)","상장된 시장","수정주가수익률","시가총액","","이전 시가총액"
"A000020","동화약품","12","0","KOSPI","-0.81","342.16","","344.95"
"A000040","KR모터스","12","0","KOSPI","-0.67","70.9","","71.38"
"A000050","경방","12","1","KOSPI","-0.7","390.67","","393.41"
"A000070","삼양홀딩스","12","1","KOSPI","-3.66","833.3","","864.99"
"A000080","하이트진로","12","1","KOSPI","-3.04","1567.49","","1616.58"
"A000100","유한양행","12","1","KOSPI","1.33","2783.73","","2747.1"
"A000120","CJ대한통운","12","1","KOSPI","-2.16","3102.48","","3170.92"
"A000140","하이트진로홀딩스","12","0","KOSPI","-1.41","227.43","","230.68"
"A000150","두산","12","1","KOSPI","-1.46","1939","","1967.8"
"A000180","성창기업지주","12","0","KOSPI","0.74","190.77","","189.38"
"A0001A0","덕양에너젠","12","0","외감","","","",""
"A000210","DL","12","1","KOSPI","-0.94","2557.8","","2582.16"
"A000220","유유제약","12","0","KOSPI","-1.7","110.81","","112.72"
"A000230","일동홀딩스","12","0","KOSPI","-1.34","154.21","","156.31"
"A000240","한국앤컴퍼니","12","1","KOSPI","-0.27","1730.18","","1734.83"
"A000250","삼천당제약","12","0","KOSDAQ","2.94","966.02","","938.39"
"A000270","기아","12","1","KOSPI","2.52","13194.58","","12870.29"
"A000300","DH오토넥스","12","0","KOSPI","4.55","64.86","","62.04"
"A000320","노루홀딩스","12","0","KOSPI","-2.33","195.38","","200.03"
"A000370","한화손해보험","12","0","KOSPI","-1.27","910.56","","922.24"
"A000390","SP삼화","12","0","KOSPI","-2.59","178.73","","183.48"
"A000400","롯데손해보험","12","0","KOSPI","-1.33","399.48","","404.85"
"A000430","대원강업","12","0","KOSPI","-2.25","282.41","","288.92"
"A000440","중앙에너비스","12","0","KOSDAQ","0.85","36.74","","36.43"
"A000480","CR홀딩스","12","0","KOSPI","0.24","335.6","","334.8"
"A000490","대동","12","0","KOSPI","-3.16","167.28","","172.74"
"A0004V0","엔비알모션","12","0","외감","","","",""
"A000500","가온전선","12","0","KOSPI","-1.7","96.52","","98.18"
"A000520","삼일제약","12","0","KOSPI","-1.55","192.23","","195.25"
"A000540","흥국화재","12","0","KOSPI","-0.35","366.18","","367.47"
"A000590","CS홀딩스","12","0","KOSPI","0.78","89.01","","88.32"
"A000640","동아쏘시오홀딩스","12","1","KOSPI","-0.75","807.19","","813.32"
"A000650","천일고속","12","0","KOSPI","-0.9","126.34","","127.49"
"A000660","SK하이닉스","12","1","KOSPI","-1.71","58531.39","","59550.59"
"A000670","영풍","12","1","KOSPI","-1.63","1672.57","","1700.2"
"A000680","LS네트웍스","12","0","KOSPI","-0.16","249.81","","250.2"
"A000700","유수홀딩스","12","0","KOSPI","-3.61","180.99","","187.76"
"A000720","현대건설","12","1","KOSPI","-0.82","4699.21","","4738.19"
"A000760","이화산업","12","0","KOSPI","-1.04","53.34","","53.9"
"A0007C0","아크릴","12","0","외감","","","",""
"A0007J0","인벤테라","12","0","외감","","","",""
"A000810","삼성화재","12","1","KOSPI","0.56","12672.77","","12601.71"
"A000850","화천기공","12","0","KOSPI","-1.15","113.3","","114.62"
"A000860","강남제비스코","12","0","KOSPI","0.62","210.6","","209.3"
"A000880","한화","12","1","KOSPI","-3.05","2863.42","","2953.37"
"A000890","보해양조","12","0","KOSPI","-2.24","105.26","","107.68"
"A0008Z0","에스엔시스","12","0","외감","","","",""
"A000910","유니온","12","0","KOSPI","-0.12","64.16","","64.24"
"A000950","전방","12","0","KOSPI","0.25","34.1","","34.02"
"A000970","한국주철관","12","0","KOSPI","-0.49","232.57","","233.71"
"A000990","DB하이텍","12","1","KOSPI","-4.61","596.75","","625.59"
"A0009K0","에임드바이오","12","0","외감","","","",""
"A001000","신라섬유","12","0","KOSDAQ","-1.7","70.4","","71.62"
"A001020","페이퍼코리아","12","0","KOSPI","-1.42","75.09","","76.17"
"A001040","CJ","12","1","KOSPI","-2.1","4755.85","","4857.97"
"A001060","JW중외제약","12","1","KOSPI","0.11","866","","865.02"
"A001070","대한방직","12","0","KOSPI","0","65.72","","65.72"
"A001080","만호제강","6","0","KOSPI","0","73.87","","73.87"
"A0010F0","보원케미칼","12","0","외감","","","",""
"A0010V0","제이피아이헬스케어","12","0","외감","","","",""
"A001120","LX인터내셔널","12","1","KOSPI","-1.85","1027.14","","1046.52"
"A001130","대한제분","12","0","KOSPI","-1.18","283.92","","287.3"
"A0011A0","액스비스","12","0","외감","","","",""
"A0011T0","채비","12","0","외감","","","",""
"A001200","유진투자증권","12","0","KOSPI","-2.33","324.5","","332.25"
"A001210","금호전기","12","0","KOSPI","-0.94","51.04","","51.52"
"A001230","동국홀딩스","12","1","KOSPI","-0.61","940.01","","945.74"
"A001250","GS글로벌","12","0","KOSPI","-6.04","282.27","","300.42"
"A001260","남광토건","12","0","KOSPI","0.78","190.63","","189.15"
"A001270","부국증권","12","0","KOSPI","-1.83","277.91","","283.1"
"A001290","상상인증권","12","0","KOSPI","-4.98","140.17","","147.52"
"A001340","PKC","12","0","KOSPI","-2.79","148.46","","152.72"
"A001360","삼성제약","12","0","KOSPI","1.86","218.03","","214.06"
"A001380","SG글로벌","12","0","KOSPI","-4.06","116.91","","121.85"
"A001390","KG케미칼","12","0","KOSPI","-4.76","298.39","","313.31"
"A0013V0","삼진식품","12","0","외감","","","",""
"A001420","태원물산","12","0","KOSPI","-6.21","30.4","","32.41"
"A001430","세아베스틸지주","12","1","KOSPI","-0.97","918.07","","927.04"
"A001440","대한전선","12","0","KOSPI","-1.52","1113.41","","1130.54"
"A001450","현대해상","12","1","KOSPI","-1.97","3330.15","","3397.2"
"A001460","BYC","12","0","KOSPI","-1.05","176.77","","178.64"
"A001470","삼부토건","12","0","KOSPI","2.45","133.62","","130.43"
"A001500","현대차증권","12","0","KOSPI","-0.49","300.71","","302.17"
"A001510","SK증권","12","0","KOSPI","-1.7","369.74","","376.14"
"A001520","동양","12","1","KOSPI","0","447.53","","447.53"
"A001530","DI동일","12","0","KOSPI","0","117.72","","117.72"
"A001540","안국약품","12","0","KOSDAQ","1.47","224.33","","221.07"
"A001550","조비","12","0","KOSPI","-0.69","74.25","","74.77"
"A001560","제일연마","12","0","KOSPI","0.51","58.9","","58.6"
"A001570","금양","12","0","KOSPI","-1.2","106.11","","107.4"
"A0015G0","그린광학","12","0","외감","","","",""
"A0015N0","아로마티카","12","0","외감","","","",""
"A0015S0","페스카로","12","0","외감","","","",""
"A001620","케이비아이동국실업","12","0","KOSPI","-1.31","60.24","","61.04"
"A001630","종근당홀딩스","12","0","KOSPI","-0.14","365.22","","365.72"
"A001680","대상","12","1","KOSPI","-2.27","893.92","","914.71"
"A001720","신영증권","3","0","KOSPI","-0.35","530.32","","532.2"
"A001740","SK네트웍스","12","1","KOSPI","-1.41","1392.33","","1412.19"
"A001750","한양증권","12","0","KOSPI","-0.52","96.61","","97.12"
"A001770","SHD","12","0","KOSPI","-3.52","26.67","","27.64"
"A001780","알루코","12","0","KOSPI","-0.26","281.7","","282.45"
"A001790","대한제당","12","0","KOSPI","0.65","204.65","","203.32"
"A0017J0","세미티에스","12","0","외감","","","",""
"A001800","오리온홀딩스","12","1","KOSPI","-5.61","1685.13","","1785.36"
"A001810","무림SP","12","0","KOSDAQ","-1.39","70.84","","71.84"
"A001820","삼화콘덴서","12","0","KOSPI","-5.29","418.4","","441.79"
"A001840","이화공영","12","0","KOSDAQ","1.4","143.39","","141.41"
"A001940","KISCO홀딩스","12","0","KOSPI","1.4","240.19","","236.87"
"A002020","코오롱","12","0","KOSPI","-1.81","589.79","","600.65"
"A002030","아세아","12","0","KOSPI","-1.19","273.88","","277.16"
"A002070","비비안","12","0","KOSPI","0","49.45","","49.45"
"A002100","경농","12","0","KOSPI","-2.25","150.54","","154.01"
"A002140","고려산업","12","0","KOSPI","1.8","84.42","","82.92"
"A002150","도화엔지니어링","12","0","KOSPI","0","177.7","","177.7"
"A002170","SYTS","12","0","KOSPI","-0.89","133.8","","135"
"A002200","한국수출포장","12","0","KOSPI","-6.9","86.4","","92.8"
"A002210","동성제약","12","0","KOSPI","-3.15","533.5","","550.83"
"A002220","한일철강","12","0","KOSPI","-0.59","51.2","","51.51"
"A002230","피에스텍","12","0","KOSDAQ","-0.17","113.1","","113.29"
"A002240","고려제강","12","1","KOSPI","-1.14","606","","613"
"A002290","삼일기업공사","12","0","KOSDAQ","0.71","43.96","","43.65"
"A002310","아세아제지","12","0","KOSPI","-3.85","268.7","","279.44"
"A002320","한진","12","0","KOSPI","-4.43","271.23","","283.8"
"A002350","넥센타이어","12","1","KOSPI","-2.01","1191.55","","1215.97"
"A002360","SH에너지화학","12","0","KOSPI","-0.35","157.25","","157.81"
"A002380","KCC","12","1","KOSPI","-0.44","3599.77","","3615.61"
"A002390","한독","12","0","KOSPI","5.16","533.34","","507.19"
"A002410","범양건영","12","0","KOSPI","6.68","51.22","","48.01"
"A002420","세기상사","12","0","KOSPI","-1.18","34.2","","34.6"
"A002450","삼익악기","12","0","KOSPI","-1.59","195.55","","198.72"
"A002460","HS화성","12","0","KOSPI","-0.33","186.76","","187.38"
"A002600","조흥","12","0","KOSPI","-1.3","136.5","","138.3"
"A002620","제일파마홀딩스","12","0","KOSPI","0.16","136.01","","135.8"
"A002630","오리엔트바이오","3","0","KOSPI","-0.46","176.91","","177.73"
"A002680","한탑","12","0","KOSDAQ","1.75","48.36","","47.53"
"A002690","동일제강","12","0","KOSPI","-0.64","46.43","","46.73"
"A002700","신일전자","12","0","KOSPI","-0.59","120.43","","121.14"
"A002710","TCC스틸","12","0","KOSPI","0","41.67","","41.67"
"A002720","국제약품","12","0","KOSPI","3.54","127.34","","122.99"
"A002760","보락","12","0","KOSPI","29.81","161.73","","124.59"
"A002780","진흥기업","12","0","KOSPI","0.26","279.08","","278.35"
"A002790","아모레퍼시픽홀딩스","12","1","KOSPI","-2.91","12368.73","","12739.79"
"A002800","신신제약","12","0","KOSDAQ","2.54","183.56","","179.01"
"A002810","삼영무역","12","0","KOSPI","-0.54","301.34","","302.99"
"A002820","SUN&L","12","0","KOSPI","-0.87","85.99","","86.74"
"A002840","미원상사","12","0","KOSPI","-1.46","187.53","","190.31"
"A002870","신풍","12","0","KOSPI","0.96","36.71","","36.36"
"A002880","디와이에이","12","0","KOSPI","-0.86","105.65","","106.57"
"A002900","TYM","12","0","KOSPI","-2.79","136.66","","140.59"
"A002920","유성기업","12","0","KOSPI","-0.75","86.28","","86.92"
"A002960","한국쉘석유","12","1","KOSPI","-0.58","442","","444.6"
"A002990","금호건설","12","0","KOSPI","-3.08","394.34","","406.89"
"A003000","부광약품","12","1","KOSPI","5.48","1317.05","","1248.64"
"A003010","혜인","12","0","KOSPI","0.23","55.24","","55.11"
"A003030","세아제강지주","12","1","KOSPI","-2.73","469.8","","483"
"A003060","에이프로젠바이오로직스","12","0","KOSPI","0","388.21","","388.21"
"A003070","코오롱글로벌","12","0","KOSPI","-4.31","252.1","","263.45"
"A003080","SB성보","12","0","KOSPI","-0.32","126.33","","126.73"
"A003090","대웅","12","0","KOSPI","5.62","1311.1","","1241.33"
"A003100","선광","12","0","KOSDAQ","-0.78","126.72","","127.71"
"A003120","일성아이에스","12","0","KOSPI","-0.85","308.56","","311.22"
"A003160","디아이","12","0","KOSPI","0.21","149.45","","149.14"
"A003200","일신방직","12","0","KOSPI","0.47","258","","256.8"
"A003220","대원제약","12","0","KOSPI","-1.47","382.93","","388.66"
"A003230","삼양식품","12","0","KOSPI","-3.68","591.34","","613.94"
"A003240","태광산업","12","1","KOSPI","-3.24","1461.89","","1510.88"
"A003280","흥아해운","12","0","KOSPI","-3.79","119.96","","124.68"
"A003300","한일홀딩스","12","1","KOSPI","-1.85","799.8","","814.89"
"A003310","대주산업","12","0","KOSDAQ","-2.3","60.17","","61.58"
"A003350","한국화장품제조","12","0","KOSPI","-6.76","215.5","","231.13"
"A003380","하림지주","12","0","KOSDAQ","-1","1053.7","","1064.31"
"A003460","유화증권","12","0","KOSPI","-0.34","164.44","","165"
"A003470","유안타증권","12","0","KOSPI","-3.8","833.32","","866.25"
"A003480","한진중공업홀딩스","12","0","KOSPI","0.57","103.65","","103.06"
"A003490","대한항공","12","1","KOSPI","-1.53","3357.5","","3409.66"
"A003520","영진약품","12","1","KOSPI","17.71","1786.86","","1518.01"
"A003530","한화투자증권","12","0","KOSPI","-3.67","498.36","","517.33"
"A003540","대신증권","12","0","KOSPI","-0.78","649.9","","654.98"
"A003550","LG","12","1","KOSPI","-2.79","14443.03","","14857.17"
"A003570","SNT다이내믹스","12","0","KOSPI","-0.13","255.57","","255.89"
"A003580","HLB글로벌","12","0","KOSPI","-1.18","112.02","","113.36"
"A003610","방림","9","0","KOSPI","-0.8","78.49","","79.13"
"A003620","KG모빌리티","12","1","KOSPI","-0.2","684.23","","685.61"
"A003650","미창석유","12","0","KOSPI","0","139.7","","139.7"
"A003670","포스코퓨처엠","12","0","KOSDAQ","-9.98","2451.41","","2723.13"
"A003680","한성기업","12","0","KOSPI","0","36.7","","36.7"
"A003690","코리안리","12","0","KOSPI","-0.45","1324.06","","1330.08"
"A003720","삼영","12","0","KOSPI","-1.92","34.68","","35.36"
"A003780","진양산업","12","0","KOSPI","-2.05","37.18","","37.96"
"A003800","에이스침대","12","0","KOSDAQ","-0.05","445.82","","446.04"
"A003830","대한화섬","12","0","KOSPI","-0.45","147.41","","148.07"
"A003850","보령","12","1","KOSPI","3.81","530.4","","510.95"
"A003920","남양유업","12","1","KOSPI","-0.72","493.92","","497.52"
"A003960","사조대림","12","0","KOSPI","-1.57","167.79","","170.47"
"A004000","롯데정밀화학","12","1","KOSPI","-2.25","1790.52","","1831.8"
"A004020","현대제철","12","1","KOSPI","0.6","6739.01","","6698.98"
"A004060","SG세계물산","12","0","KOSPI","-3.07","165.99","","171.25"
"A004080","신흥","12","0","KOSPI","0.93","104.64","","103.68"
"A004090","한국석유","12","0","KOSPI","-0.71","63.88","","64.34"
"A004100","태양금속","12","0","KOSPI","1.27","58.35","","57.62"
"A004140","동방","12","0","KOSPI","0.3","53.99","","53.83"
"A004150","한솔홀딩스","12","0","KOSPI","-1.12","224.85","","227.4"
"A004170","신세계","12","1","KOSPI","-2.25","3642.72","","3726.4"
"A004250","NPC","12","0","KOSPI","-3.25","196.82","","203.43"
"A004270","남성","12","0","KOSPI","-3.44","71.16","","73.69"
"A004310","현대약품","11","0","KOSPI","20.03","258.88","","215.68"
"A004360","세방","12","0","KOSPI","-0.36","264.53","","265.49"
"A004370","농심","12","1","KOSPI","-0.47","1922.11","","1931.24"
"A004380","삼익THK","12","0","KOSPI","-4.27","400.05","","417.9"
"A004410","서울식품","12","0","KOSPI","-2.08","79.29","","80.98"
"A004430","송원산업","12","0","KOSPI","-1.82","710.4","","723.6"
"A004440","삼일씨엔에스","12","0","KOSPI","-0.48","131.14","","131.78"
"A004450","삼화왕관","12","0","KOSPI","-2.27","111.38","","113.97"
"A004490","세방전지","12","1","KOSPI","-0.61","455","","457.8"
"A004540","깨끗한나라","12","0","KOSPI","-0.96","154.36","","155.85"
"A004560","현대비앤지스틸","12","0","KOSPI","0.46","165.11","","164.36"
"A004590","한국가구","12","0","KOSDAQ","-1.86","63.23","","64.42"
"A004650","창해에탄올","12","0","KOSDAQ","-0.3","150.73","","151.19"
"A004690","삼천리","12","0","KOSPI","-2.19","452.14","","462.27"
"A004700","조광피혁","12","0","KOSPI","0.4","253","","252"
"A004710","한솔테크닉스","12","0","KOSPI","0.4","275.27","","274.16"
"A004720","팜젠사이언스","12","0","KOSPI","-2.4","137.72","","141.1"
"A004770","써니전자","12","0","KOSPI","-10.26","132.35","","147.48"
"A004780","대륙제관","12","0","KOSDAQ","-1.32","95.1","","96.37"
"A004800","효성","12","1","KOSPI","-0.83","4196.54","","4231.65"
"A004830","덕성","12","0","KOSPI","-2.13","61.31","","62.64"
"A004840","DRB동일","12","0","KOSPI","-0.14","137.56","","137.75"
"A004870","티웨이홀딩스","12","0","KOSPI","-5.27","408.02","","430.72"
"A004890","동일산업","12","0","KOSPI","-1.47","179.22","","181.89"
"A004910","조광페인트","12","0","KOSPI","-1.57","112.13","","113.92"
"A004920","씨아이테크","12","0","KOSPI","-1.14","37.24","","35.34"
"A004960","한신공영","12","0","KOSPI","0.76","225.78","","224.08"
"A004970","신라교역","12","0","KOSPI","-1.44","273.6","","277.6"
"A004980","성신양회","12","0","KOSPI","-2.11","133.73","","136.61"
"A004990","롯데지주","12","1","KOSPI","-2.61","4944.13","","5076.76"
"A005010","휴스틸","12","0","KOSPI","-1.5","90.63","","92.02"
"A005030","부산주공","12","0","KOSPI","-1.52","38.03","","38.61"
"A005070","코스모신소재","12","0","KOSPI","-2.43","261.26","","267.77"
"A005090","SGC에너지","12","0","KOSPI","8.05","205.34","","190.05"
"A005110","한창","12","0","KOSPI","10.21","81.84","","74.26"
"A005160","동국산업","12","0","KOSDAQ","-1.23","196.64","","199.08"
"A005180","빙그레","12","1","KOSPI","-2.25","598.96","","612.75"
"A005250","녹십자홀딩스","12","1","KOSPI","-0.25","1869.37","","1874.07"
"A005290","동진쎄미켐","12","0","KOSDAQ","-3.3","678.67","","701.81"
"A005300","롯데칠성","12","1","KOSPI","-2.56","1278.95","","1312.53"
"A005320","온타이드","12","0","KOSPI","-1.66","63.59","","64.66"
"A005360","모나미","12","0","KOSPI","-1.21","61.51","","62.27"
"A005380","현대차","12","1","KOSPI","2.96","34473.27","","33482.02"
"A005420","코스모화학","12","0","KOSPI","-6.12","379.59","","404.33"
"A005430","한국공항","12","0","KOSPI","-1.27","147.55","","149.45"
"A005440","현대지에프홀딩스","12","1","KOSPI","0.36","1367.86","","1362.98"
"A005490","POSCO홀딩스","12","1","KOSPI","-2.31","27681.82","","28335.72"
"A005500","삼진제약","12","0","KOSPI","0.47","594.92","","592.14"
"A005610","삼립","12","1","KOSPI","-1.56","1091.57","","1108.83"
"A005670","푸드웰","12","0","KOSDAQ","-1.77","48.8","","49.68"
"A005680","삼영전자","12","0","KOSPI","-1.26","236","","239"
"A005690","파미셀","12","0","KOSPI","4.1","963.73","","925.77"
"A005710","대원산업","12","0","KOSDAQ","-1.87","147.48","","150.28"
"A005720","넥센","12","0","KOSPI","-0.98","378.02","","381.77"
"A005740","크라운해태홀딩스","12","0","KOSPI","0","212.32","","212.32"
"A005750","대림바스","12","0","KOSPI","-1.66","98.53","","100.2"
"A005800","신영와코루","12","0","KOSPI","-1.87","118.35","","120.6"
"A005810","풍산홀딩스","12","0","KOSPI","-0.98","396.46","","400.38"
"A005820","원림","12","0","KOSPI","-2.31","51.15","","52.36"
"A005830","DB손해보험","12","1","KOSPI","0.32","4382.52","","4368.36"
"A005850","에스엘","12","1","KOSPI","0","704.39","","704.39"
"A005860","한일사료","12","0","KOSDAQ","-0.52","75.26","","75.66"
"A005870","휴니드","12","0","KOSPI","-0.84","166.57","","167.98"
"A005880","대한해운","12","0","KOSPI","-3.4","624.1","","646.08"
"A005930","삼성전자","12","1","KOSPI","-2.49","301194.71","","308897.9"
"A005940","NH투자증권","12","1","KOSPI","-2.55","3756.81","","3855.3"
"A005950","이수화학","12","0","KOSPI","-1.26","180.28","","182.57"
"A005960","동부건설","12","0","KOSPI","-1.78","195.46","","199.01"
"A005990","매일홀딩스","12","0","KOSDAQ","-2.07","194.8","","198.92"
"A006040","동원산업","12","0","KOSPI","0.31","1074.54","","1071.18"
"A006050","국영지앤엠","12","0","KOSDAQ","-0.36","47.63","","47.81"
"A006060","화승인더","12","0","KOSPI","-3.46","447.54","","463.58"
"A006090","사조오양","12","0","KOSPI","-0.77","121.08","","122.02"
"A006110","삼아알미늄","12","0","KOSPI","-1.43","37.84","","38.39"
"A006120","SK디스커버리","12","1","KOSPI","-1.84","431.91","","440"
"A006140","피제이전자","12","0","KOSDAQ","-0.78","76.8","","77.4"
"A006200","한국전자홀딩스","12","0","KOSPI","-0.47","39.36","","39.55"
"A006220","제주은행","12","0","KOSPI","-0.74","148.71","","149.81"
"A006260","LS","12","1","KOSPI","-4.67","2170.28","","2276.54"
"A006280","녹십자","12","1","KOSPI","-0.24","2407.43","","2413.27"
"A006340","대원전선","12","0","KOSPI","2.99","117.48","","114.08"
"A006360","GS건설","12","1","KOSPI","-1.55","2050.46","","2082.72"
"A006370","대구백화점","12","0","KOSPI","0","108.76","","108.76"
"A006380","카프로","12","0","KOSPI","-1.62","388.8","","395.2"
"A006400","삼성SDI","12","1","KOSPI","-4.05","13030.88","","13580.99"
"A006490","프리티","12","0","KOSPI","-10.77","660.51","","740.23"
"A006570","대림통상","12","0","KOSPI","-0.4","75.82","","76.13"
"A006620","동구바이오제약","12","0","KOSDAQ","0.95","409.13","","405.29"
"A006650","대한유화","12","1","KOSPI","-0.34","1901.25","","1907.75"
"A006660","삼성공조","12","0","KOSPI","-1.72","93.05","","94.67"
"A006730","서부T&D","12","0","KOSDAQ","-5.39","537.73","","568.39"
"A006740","블루산업개발","12","0","KOSPI","-1.79","79.25","","80.7"
"A006800","미래에셋증권","12","1","KOSPI","-1.67","5896.9","","5996.85"
"A006840","AK홀딩스","12","1","KOSPI","-1.6","977.67","","993.57"
"A006880","신송홀딩스","12","0","KOSPI","0.15","77.48","","77.36"
"A006890","태경케미컬","12","0","KOSPI","0.55","53.48","","53.19"
"A006910","보성파워텍","12","0","KOSDAQ","-3.64","145.82","","151.32"
"A006920","모헨즈","12","0","KOSDAQ","-0.48","89.65","","90.09"
"A006980","우성","12","0","KOSPI","-2.19","96.72","","98.88"
"A007070","GS리테일","12","1","KOSPI","-0.14","2741.2","","2745.05"
"A007110","일신석재","12","0","KOSPI","-3.88","134.39","","139.81"
"A007120","미래아이앤지","12","0","KOSPI","-0.51","60.39","","60.7"
"A007160","사조산업","12","0","KOSPI","-1.32","335.5","","340"
"A007210","벽산","12","0","KOSPI","-5.91","250.93","","266.7"
"A007280","한국특강","12","0","KOSPI","0.76","47.94","","47.58"
"A007310","오뚜기","12","1","KOSPI","-0.65","2621.28","","2638.48"
"A007330","푸른저축은행","12","0","KOSDAQ","-0.78","114.63","","115.53"
"A007340","DN오토모티브","12","0","KOSPI","-2.5","331.3","","339.8"
"A007370","진양제약","12","0","KOSDAQ","-0.47","75.96","","76.32"
"A007390","네이처셀","12","0","KOSDAQ","-3.54","1368.41","","1418.7"
"A007460","에이프로젠","12","0","KOSPI","-4","657.03","","684.4"
"A007530","와이엠","12","0","KOSDAQ","-6.78","15.13","","16.24"
"A007540","샘표","12","0","KOSPI","-0.98","86.85","","87.71"
"A007570","일양약품","12","1","KOSPI","1.89","821.83","","806.6"
"A007590","동방아그로","12","0","KOSPI","-1.49","99.27","","100.77"
"A007610","선도전기","12","0","KOSPI","2.42","122.04","","119.16"
"A007660","이수페타시스","12","0","KOSPI","-1.47","152.28","","154.55"
"A007680","대원","12","0","KOSDAQ","1.67","134.26","","132.05"
"A007690","국도화학","12","0","KOSPI","-1.66","344.57","","350.38"
"A007700","F&F홀딩스","12","0","KOSPI","4.39","677.6","","649.11"
"A007720","소노스퀘어","12","0","KOSDAQ","-1.62","335.67","","341.21"
"A007770","한일화학","12","0","KOSDAQ","-0.4","43.52","","43.7"
"A007810","코리아써키트","12","0","KOSPI","-3.09","192.75","","198.89"
"A007820","엠엑스로보틱스","12","0","KOSDAQ","-4.14","255","","266"
"A007860","서연","12","0","KOSPI","2.07","150.74","","147.69"
"A007980","TP","12","0","KOSPI","-1.56","157.72","","160.22"
"A008040","사조동아원","12","0","KOSPI","0.34","208.89","","208.19"
"A008060","대덕","12","1","KOSPI","-2.31","392.81","","402.08"
"A008250","이건산업","12","0","KOSPI","-0.92","90.45","","91.3"
"A008260","NI스틸","12","0","KOSPI","-0.16","87.98","","88.12"
"A008290","원풍물산","12","0","KOSDAQ","0","217.3","","217.3"
"A0082N0","카나프테라퓨틱스","12","0","외감","","","",""
"A008350","남선알미늄","12","0","KOSPI","2.34","120.65","","117.89"
"A008370","원풍","12","0","KOSDAQ","-2.06","48.42","","49.44"
"A008420","문배철강","12","0","KOSPI","-0.33","61.41","","61.61"
"A008470","부스타","12","0","KOSDAQ","-1.07","46.48","","46.98"
"A008490","서흥","12","0","KOSPI","-0.31","371.95","","373.1"
"A008500","일정실업","12","0","KOSPI","-0.24","24.48","","24.54"
"A008600","윌비스","12","0","KOSPI","-2.26","98.61","","100.89"
"A008700","아남전자","12","0","KOSPI","-3.61","236.77","","245.64"
"A008730","율촌화학","12","0","KOSPI","-2.15","395.56","","404.24"
"A008770","호텔신라","12","1","KOSPI","-3.37","3944.44","","4081.8"
"A008830","대동기어","12","0","KOSDAQ","-1.25","24.94","","25.25"
"A008870","금비","9","0","KOSPI","-1.04","75.9","","76.7"
"A0088M0","메쥬","12","0","외감","","","",""
"A008930","한미사이언스","12","1","KOSPI","3.28","6000.68","","5810.18"
"A008970","KBI동양철관","12","0","KOSPI","5.3","132.44","","125.77"
"A009070","KCTC","12","0","KOSPI","-0.95","78.6","","79.35"
"A009140","경인전자","12","0","KOSPI","-5.48","42.02","","44.45"
"A009150","삼성전기","12","1","KOSPI","-3.29","7693.45","","7954.88"
"A009160","SIMPAC","12","0","KOSPI","0.34","130.16","","129.72"
"A009180","한솔로지스틱스","12","0","KOSPI","-1.82","39.96","","40.7"
"A009190","대양금속","12","0","KOSPI","-4.26","44.28","","46.25"
"A009200","무림페이퍼","12","0","KOSPI","-3.11","129.82","","133.98"
"A009240","한샘","12","1","KOSPI","-0.97","3600.69","","3635.99"
"A009270","신원","12","0","KOSPI","2.27","196.76","","192.39"
"A009290","광동제약","12","1","KOSPI","1.25","468.64","","462.88"
"A009300","삼아제약","12","0","KOSDAQ","-2.36","145.24","","148.74"
"A009310","참엔지니어링","12","0","KOSPI","-2.05","105.76","","107.97"
"A009320","아진전자부품","12","0","KOSPI","-2.93","165.57","","170.57"
"A009410","태영건설","12","0","KOSPI","-3.51","755.6","","783.1"
"A009420","한올바이오파마","12","1","KOSPI","0.74","1776.18","","1763.12"
"A009440","KC그린홀딩스","12","0","KOSPI","-4.14","119.35","","124.51"
"A009450","경동나비엔","12","0","KOSPI","-0.15","843.36","","844.63"
"A009460","한창제지","12","0","KOSPI","0","62.05","","62.05"
"A009470","삼화전기","12","0","KOSPI","-6.42","110.78","","118.39"
"A009520","포스코엠텍","12","0","KOSDAQ","-6.48","135.13","","144.5"
"A009540","HD한국조선해양","12","1","KOSPI","-3.97","8369.02","","8714.84"
"A009580","무림P&P","12","0","KOSPI","-4.42","377.95","","395.42"
"A009620","삼보산업","12","0","KOSDAQ","-2.26","26.81","","27.43"
"A009680","모토닉","12","0","KOSPI","-2.43","331.65","","339.9"
"A009730","이렘","12","0","KOSDAQ","-1.71","58.85","","58.65"
"A009770","삼정펄프","12","0","KOSPI","1.72","95.87","","94.25"
"A009780","엠에스씨","12","0","KOSDAQ","-1.65","131.12","","133.32"
"A009810","플레이그램","12","0","KOSPI","-2.23","38.61","","39.49"
"A009830","한화솔루션","12","1","KOSPI","-3.05","4713.55","","4861.88"
"A009900","명신산업","12","0","외감","","","",""
"A009970","영원무역홀딩스","12","0","KOSPI","-0.18","748.59","","749.96"
"A010040","한국내화","12","0","KOSPI","-0.96","71.11","","71.79"
"A010060","OCI홀딩스","12","1","KOSPI","0","3815.9","","3815.9"
"A010100","한국무브넥스","12","0","KOSPI","-0.47","64.86","","65.16"
"A010120","LS ELECTRIC","12","1","KOSPI","-2.21","1722","","1761"
"A010130","고려아연","12","1","KOSPI","-0.32","8699.07","","8727.38"
"A010140","삼성중공업","12","1","KOSPI","-1.19","2905.5","","2940.6"
"A010170","대한광통신","12","0","KOSDAQ","-3.27","353.07","","365.02"
"A010240","흥국","12","0","KOSDAQ","-1.43","51.02","","51.76"
"A010280","아이티센엔텍","12","0","KOSDAQ","0.82","29.82","","29.58"
"A010400","우진아이엔에스","12","0","외감","","","",""
"A010470","오리콤","12","0","KOSDAQ","0","58.07","","58.07"
"A010580","에스엠벡셀","12","0","KOSPI","-1.43","41.68","","42.29"
"A010640","진양폴리","12","0","KOSPI","-2.31","16.9","","17.3"
"A010660","화천기계","12","0","KOSPI","-0.24","45.43","","45.54"
"A010690","화신","12","0","KOSPI","0.63","139.33","","138.46"
"A010770","평화홀딩스","12","0","KOSPI","-0.55","105.89","","106.47"
"A010780","아이에스동서","12","1","KOSPI","-3.01","895.55","","923.29"
"A010820","퍼스텍","12","0","KOSPI","-2.47","166.48","","170.69"
"A010950","S-Oil","12","1","KOSPI","-0.83","13397.35","","13509.94"
"A010960","삼호개발","12","0","KOSPI","1.29","137","","135.25"
"A011000","진원생명과학","12","0","KOSPI","-1.31","143.56","","145.47"
"A011040","경동제약","12","0","KOSDAQ","-0.42","316.61","","317.94"
"A011070","LG이노텍","12","1","KOSPI","-4.9","2757.22","","2899.22"
"A011080","형지I&C","12","0","KOSDAQ","2.53","55.32","","53.95"
"A011090","에넥스","12","0","KOSPI","-1.12","105.89","","107.09"
"A011150","CJ씨푸드","12","0","KOSPI","-0.9","98.99","","99.89"
"A011170","롯데케미칼","12","1","KOSPI","0","14875.53","","14875.53"
"A011200","HMM","12","0","KOSPI","0.79","1398.45","","1387.54"
"A011210","현대위아","12","1","KOSPI","4.37","1558.28","","1493.01"
"A011230","삼화전자","12","0","KOSPI","-6.72","52.29","","56.05"
"A011280","태림포장","12","0","KOSPI","-2.27","213.48","","218.44"
"A011300","우성머티리얼스","12","0","KOSPI","-0.69","49.07","","49.41"
"A011320","유니크","12","0","KOSDAQ","-3.56","109.93","","113.99"
"A011330","유니켐","12","0","KOSPI","-4.15","76.47","","79.78"
"A011370","서한","12","0","KOSDAQ","-3.79","217.93","","226.51"
"A011390","부산산업","12","0","KOSPI","2.95","42.35","","41.13"
"A011420","갤럭시아에스엠","12","0","KOSPI","-2.28","53.17","","54.41"
"A011500","한농화성","12","0","KOSPI","-1.29","95.39","","96.64"
"A011560","세보엠이씨","12","0","KOSDAQ","-2.92","122.67","","126.36"
"A011690","와이투솔루션","12","0","KOSPI","-1.92","456.94","","465.86"
"A011700","한신기계","12","0","KOSPI","-3.38","106.59","","110.32"
"A011760","현대코퍼레이션","12","0","KOSPI","-0.82","240.77","","242.75"
"A011780","금호석유화학","12","1","KOSPI","-6.21","2809.12","","2994.97"
"A011790","SKC","12","1","KOSPI","-3.68","1373.76","","1426.31"
"A0117P0","피스피스스튜디오","12","0","외감","","","",""
"A011810","STX","12","0","KOSPI","0","426.02","","426.02"
"A011930","신성이엔지","12","0","KOSPI","-4.76","276.79","","290.63"
"A012030","DB","12","0","KOSPI","-2.41","148.65","","152.33"
"A0120G0","삼양바이오팜","12","0","외감","","","",""
"A012160","영흥","12","0","KOSPI","6.11","119.3","","112.43"
"A012170","아센디오","12","0","KOSPI","-2.1","87.76","","89.64"
"A012200","계양전기","12","0","KOSPI","-1.71","131.22","","133.5"
"A012210","삼미금속","12","0","외감","","","",""
"A012280","영화금속","12","0","KOSPI","1.49","77.27","","76.13"
"A012320","경동인베스트","12","0","KOSPI","0","99.57","","99.57"
"A012330","현대모비스","12","1","KOSPI","3.52","25747.45","","24871.36"
"A012340","뉴인텍","12","0","KOSDAQ","-2.91","49.13","","50.6"
"A012450","한화에어로스페이스","12","1","KOSPI","-3.51","1446.5","","1499.1"
"A012510","더존비즈온","12","0","KOSPI","-1.7","1718.05","","1747.72"
"A012610","경인양행","12","0","KOSPI","-3.37","254.9","","263.79"
"A012620","원일특강","12","0","KOSDAQ","0","43.91","","43.91"
"A012630","HDC","12","1","KOSPI","-1.13","2962.6","","2996.52"
"A012690","모나리자","12","0","KOSPI","-2.38","172.25","","176.46"
"A0126Z0","삼성에피스홀딩스","12","0","외감","","","",""
"A012700","리드코프","12","0","KOSDAQ","-3.03","170.93","","176.28"
"A012750","에스원","12","1","KOSPI","-0.92","3666.92","","3701.12"
"A012790","신일제약","12","0","KOSDAQ","-0.35","111.39","","111.79"
"A012800","대창","12","0","KOSPI","-0.94","95.7","","96.61"
"A012860","모베이스전자","12","0","KOSDAQ","0.66","62.24","","61.83"
"A013000","세우글로벌","12","0","KOSPI","-1.3","44.89","","45.49"
"A013030","하이록코리아","12","0","KOSDAQ","-0.22","313.78","","314.47"
"A013120","동원개발","12","0","KOSDAQ","0.43","425.89","","424.07"
"A013310","아진산업","12","0","KOSDAQ","-11.02","77.53","","50.37"
"A013360","일성건설","12","0","KOSPI","6.29","94.79","","89.18"
"A013520","화승코퍼레이션","12","0","KOSPI","-0.84","153.01","","154.3"
"A013570","디와이","12","0","KOSPI","0","159.23","","159.23"
"A013580","계룡건설","12","0","KOSPI","-2.22","157.18","","160.76"
"A013700","까뮤이앤씨","12","0","KOSPI","-0.36","62.08","","62.31"
"A013720","청보","12","0","KOSDAQ","-0.42","19.3","","19.38"
"A013810","스페코","12","0","KOSDAQ","-5.54","49.98","","52.91"
"A013870","지엠비코리아","12","0","KOSPI","-3.74","176.8","","183.67"
"A013890","지누스","12","0","K-OTC","4.51","1038.26","","993.44"
"A013990","아가방컴퍼니","12","0","KOSDAQ","-4.69","173.65","","182.2"
"A014100","메디앙스","12","0","KOSDAQ","-3.39","168.15","","174.05"
"A014130","한익스프레스","12","0","KOSPI","-1.38","77.28","","78.36"
"A014160","대영포장","12","0","KOSPI","-2.88","97.21","","100.08"
"A014190","원익큐브","12","0","KOSDAQ","-4.53","97","","101.6"
"A014280","금강공업","12","0","KOSPI","-1.36","141.07","","143.01"
"A014440","영보화학","12","0","KOSPI","-1.68","93.4","","95"
"A014470","부방","12","0","KOSDAQ","-0.84","139.99","","141.17"
"A014530","극동유화","12","0","KOSPI","0.3","115.42","","115.07"
"A014570","고려제약","12","0","KOSDAQ","7.76","137.5","","127.6"
"A014580","태경비케이","12","0","KOSPI","0.55","76.13","","75.72"
"A014620","성광벤드","12","0","KOSDAQ","0","316.03","","316.03"
"A014680","한솔케미칼","12","1","KOSPI","-2.85","769.2","","791.79"
"A014710","사조씨푸드","12","0","KOSPI","-0.61","111.92","","112.61"
"A014790","HL D&I","12","0","KOSPI","6.73","156.2","","146.34"
"A014820","동원시스템즈","12","1","KOSPI","-1.4","1172.05","","1188.7"
"A014830","유니드","12","1","KOSPI","-2.25","443.16","","453.38"
"A014910","성문전자","12","0","KOSPI","-3.16","47.84","","49.4"
"A014940","오리엔탈정공","12","0","KOSDAQ","-6.6","37.3","","39.94"
"A014950","삼익제약","12","0","외감","","","",""
"A014970","삼륭물산","12","0","KOSDAQ","-8.5","81.37","","88.94"
"A014990","인디에프","12","0","KOSPI","2.75","143.21","","139.38"
"A015020","이스타코","12","0","KOSPI","-0.13","33.04","","33.08"
"A015230","대창단조","12","0","KOSPI","-0.83","95.3","","96.1"
"A015260","에이엔피","12","0","KOSPI","-0.9","63.5","","64.08"
"A015360","INVENI","12","0","KOSPI","-2.73","246.3","","253.2"
"A015590","DKME","12","0","KOSPI","0","137.21","","137.21"
"A015710","코콤","12","0","KOSDAQ","-0.69","126.75","","127.62"
"A015750","성우하이텍","12","0","KOSDAQ","3.47","411","","397.2"
"A015760","한국전력","12","1","KOSPI","-0.29","22372.45","","22436.64"
"A015860","일진홀딩스","12","0","KOSPI","-0.6","243.78","","245.26"
"A015890","태경산업","12","0","KOSPI","-0.69","168.07","","169.23"
"A016090","대현","12","0","KOSPI","1.23","111.85","","110.49"
"A016100","리더스코스메틱","12","0","KOSDAQ","-7","417.09","","448.49"
"A016250","SGC E&C","12","0","KOSDAQ","-1.9","403.76","","411.6"
"A016360","삼성증권","12","1","KOSPI","-0.13","3451.45","","3455.91"
"A016380","KG스틸","12","0","KOSPI","-2.77","263.75","","271.25"
"A016450","한세예스24홀딩스","12","0","KOSPI","-1.51","338.8","","344"
"A016580","환인제약","12","0","KOSPI","-1.57","465.93","","473.37"
"A016590","신대양제지","12","0","KOSPI","-4.59","284.5","","298.2"
"A016600","큐캐피탈","12","0","KOSDAQ","-0.5","133.43","","134.1"
"A016610","DB증권","12","0","KOSPI","-1.1","171.48","","173.39"
"A016670","디모아","12","0","KOSDAQ","-2.09","56.31","","57.51"
"A016710","대성홀딩스","12","0","KOSPI","-1.39","125.18","","126.95"
"A016740","두올","12","0","KOSPI","-0.3","121.09","","121.45"
"A016790","현대사료","12","0","외감","","","",""
"A016800","퍼시스","12","0","KOSPI","0","361.68","","361.68"
"A016880","웅진","12","0","KOSPI","-1.45","222.39","","225.66"
"A016920","카스","12","0","KOSDAQ","-0.5","42.73","","42.95"
"A017000","신원종합개발","12","0","KOSDAQ","-2.25","50.29","","51.45"
"A017040","광명전기","12","0","KOSPI","1.7","155.15","","152.55"
"A017180","명문제약","12","0","KOSPI","4.44","242.21","","231.9"
"A017250","인터엠","9","0","KOSDAQ","0.55","58.09","","57.77"
"A017370","우신시스템","12","0","KOSPI","-0.14","130.21","","130.4"
"A017390","서울가스","12","0","KOSPI","0.45","444","","442"
"A017480","삼현철강","12","0","KOSDAQ","1.57","70.98","","69.88"
"A017510","세명전기","12","0","KOSDAQ","16.55","123.49","","105.96"
"A017550","수산세보틱스","12","0","KOSPI","0.34","80.71","","80.44"
"A017650","대림제지","12","0","KOSDAQ","-3.64","77.4","","80.33"
"A017670","SK텔레콤","12","1","KOSPI","-1.05","18934.87","","19136.73"
"A017800","현대엘리베이터","12","1","KOSPI","-0.38","2100.93","","1982.85"
"A017810","풀무원","12","0","KOSPI","2.15","542.8","","531.37"
"A017860","DS단석","12","0","외감","","","",""
"A017890","한국알콜","12","0","KOSDAQ","1.26","190.35","","187.97"
"A017900","광전자","12","0","KOSPI","-4","159.92","","166.59"
"A017940","E1","12","0","KOSPI","-0.17","411.6","","412.29"
"A017960","한국카본","12","0","KOSPI","-2.23","250.14","","255.85"
"A018000","유니슨","12","0","KOSDAQ","-3.55","266.42","","276.22"
"A018120","진로발효","12","0","KOSDAQ","-0.16","238.51","","238.89"
"A018250","애경산업","12","0","KOSPI","0.6","1097.14","","1090.61"
"A018260","삼성에스디에스","12","1","KOSPI","-3.23","18531.98","","19151.01"
"A018290","브이티","12","0","KOSDAQ","-1.56","163.69","","166.29"
"A018310","삼목에스폼","12","0","KOSDAQ","-2.09","171.99","","175.67"
"A018470","조일알미늄","12","0","KOSPI","-1.36","75.52","","76.56"
"A018500","동원모빌리티","3","0","KOSPI","-2.5","63.82","","65.46"
"A018620","우진비앤지","12","0","KOSDAQ","-3.1","61.9","","63.88"
"A018670","SK가스","12","0","KOSPI","-1.5","883.29","","896.74"
"A018680","서울제약","12","0","KOSDAQ","-0.75","110.75","","111.59"
"A018700","졸스","12","0","KOSDAQ","-2.46","49.71","","50.96"
"A018880","한온시스템","12","1","KOSPI","-1.7","6192.08","","6298.84"
"A019010","베뉴지","12","0","KOSDAQ","-0.39","61.46","","61.7"
"A019170","신풍제약","12","0","KOSPI","3.61","486.93","","469.98"
"A019180","티에이치엔","12","0","KOSPI","-1.33","39.96","","40.5"
"A019210","와이지-원","12","0","KOSDAQ","-3.68","478.95","","497.25"
"A019490","엑시큐어하이트론","12","0","KOSPI","-4.55","25.5","","26.71"
"A019540","일지테크","12","0","KOSDAQ","-0.95","49.12","","49.59"
"A019550","SBI인베스트먼트","12","0","KOSDAQ","-2.7","204.2","","209.88"
"A019570","GMI벤처","12","0","KOSDAQ","0.15","27.16","","27.12"
"A019660","글로본","12","0","KOSDAQ","2.78","103.6","","100.8"
"A019680","대교","12","1","KOSPI","-0.38","675.08","","677.62"
"A019770","서연탑메탈","12","0","KOSDAQ","1.47","44.27","","43.63"
"A019990","에너토크","12","0","KOSDAQ","-3.96","56.78","","59.12"
"A020000","한섬","12","1","KOSPI","-1.34","816.48","","827.57"
"A020120","키다리스튜디오","12","0","KOSPI","4.37","60.48","","57.95"
"A020150","롯데에너지머티리얼즈","12","1","KOSPI","-5.21","1591.6","","1679"
"A020180","대신정보통신","3","0","KOSDAQ","-2.13","44.19","","45.15"
"A020400","대동금속","12","0","KOSDAQ","-0.79","21.1","","21.26"
"A020560","아시아나항공","12","0","KOSPI","-1.39","1017.97","","1032.33"
"A020710","시공테크","12","0","KOSDAQ","-2.04","144.14","","147.15"
"A020760","일진디스플","12","0","KOSPI","-4.67","156.01","","163.66"
"A021040","대호특수강","12","0","KOSDAQ","-3.97","132.7","","138.18"
"A021050","서원","12","0","KOSPI","-0.43","54.36","","54.6"
"A021080","에이티넘인베스트","12","0","KOSDAQ","-4.21","185.52","","193.68"
"A021240","코웨이","12","1","KOSPI","-1.67","6523.89","","6634.59"
"A021320","KCC건설","12","0","KOSDAQ","-1.79","163.92","","166.92"
"A021650","한국큐빅","12","0","KOSDAQ","-2.71","36.62","","37.64"
"A021820","세원정공","6","0","KOSPI","3","137.5","","133.5"
"A021880","메이슨캐피탈","3","0","KOSDAQ","-2.87","49.28","","50.74"
"A022100","포스코DX","12","0","KOSDAQ","-2.94","1153.94","","1188.91"
"A022220","티케이지애강","12","0","KOSDAQ","-0.74","139.07","","140.1"
"A023000","삼원강재","12","0","KOSPI","-0.47","126.6","","127.2"
"A023150","MH에탄올","12","0","KOSPI","-0.15","48.62","","48.7"
"A023160","태광","12","0","KOSDAQ","-3.36","304.75","","315.35"
"A023350","한국종합기술","12","0","KOSPI","1.71","71.61","","70.41"
"A023410","유진기업","12","0","KOSDAQ","-2.18","436.65","","446.37"
"A023440","제이스코홀딩스","12","0","KOSDAQ","-1.15","33.58","","33.97"
"A023450","동남합성","12","0","KOSPI","1.63","82.05","","80.74"
"A023530","롯데쇼핑","12","1","KOSPI","-2.38","6932.08","","7100.82"
"A023590","다우기술","12","0","KOSPI","-1.36","978.09","","991.55"
"A023600","삼보판지","12","0","KOSDAQ","-5.93","137.62","","146.3"
"A023760","한국캐피탈","12","0","KOSDAQ","-0.65","103.62","","104.29"
"A023770","플레이위드","12","0","KOSDAQ","5.26","29.76","","28.28"
"A023790","동일스틸럭스","12","0","KOSDAQ","0","28.35","","28.35"
"A023800","인지컨트롤스","12","0","KOSPI","-3.18","101.57","","104.91"
"A023810","인팩","12","0","KOSPI","-0.73","47.6","","47.95"
"A023900","풍국주정","12","0","KOSDAQ","-4.56","158.13","","165.69"
"A023910","대한약품","12","0","KOSDAQ","-0.78","267","","269.1"
"A023960","에쓰씨엔지니어링","12","0","KOSPI","-0.86","32.53","","31.96"
"A024060","흥구석유","12","0","KOSDAQ","-0.37","40.88","","41.03"
"A024070","WISCOM","12","0","KOSPI","-0.99","52.59","","53.12"
"A024090","디씨엠","12","0","KOSPI","-0.4","144.5","","145.08"
"A024110","기업은행","12","1","KOSPI","1.69","8427.68","","8287.69"
"A024120","KB오토시스","12","0","KOSDAQ","0","71.19","","71.19"
"A024720","콜마홀딩스","12","0","KOSPI","-2.5","815.67","","836.61"
"A024740","한일단조","12","0","KOSDAQ","-0.29","51.41","","51.56"
"A024800","유성티엔에스","12","0","KOSDAQ","2.35","88.85","","86.81"
"A024830","세원물산","12","0","KOSDAQ","-0.98","59.29","","59.87"
"A024840","KBI메탈","12","0","KOSDAQ","-2.74","72.01","","74.04"
"A024850","HLB이노베이션","12","0","KOSDAQ","-5.19","28.31","","29.86"
"A024880","케이피에프","12","0","KOSDAQ","0.76","79.04","","78.45"
"A024890","대원화성","12","0","KOSPI","-3.6","88.27","","91.57"
"A024900","디와이덕양","12","0","KOSPI","0.32","51.29","","51.13"
"A024910","경창산업","12","0","KOSDAQ","0","59","","59"
"A024940","PN풍년","12","0","KOSDAQ","0.68","29.8","","29.6"
"A024950","삼천리자전거","12","0","KOSDAQ","1.14","117.47","","116.14"
"A025000","KPX케미칼","12","0","KOSPI","0.65","299.6","","297.66"
"A025320","시노펙스","12","0","KOSDAQ","-5.75","247","","262.07"
"A025440","DH오토웨어","12","0","KOSDAQ","-1.45","134.55","","136.54"
"A025530","SJM홀딩스","12","0","KOSPI","1.59","66.68","","65.63"
"A025540","한국단자","12","1","KOSPI","-2.65","536.37","","550.95"
"A025550","한국선재","12","0","KOSDAQ","5.57","74.43","","70.5"
"A025560","미래산업","12","0","KOSPI","-1.77","140.26","","142.79"
"A025620","차AI헬스케어","12","0","KOSPI","-0.22","611.78","","613.11"
"A025750","한솔홈데코","12","0","KOSPI","-2.66","118.03","","121.25"
"A025770","한국정보통신","12","0","KOSDAQ","-1.55","492.92","","500.68"
"A025820","이구산업","12","0","KOSPI","-2.65","73.74","","75.75"
"A025860","남해화학","12","1","KOSPI","-1.83","665.7","","678.12"
"A025870","신라에스지","12","0","KOSDAQ","-1.96","24.04","","24.52"
"A025880","케이씨피드","12","0","KOSDAQ","-7.28","51.07","","55.08"
"A025890","한국주강","12","0","KOSPI","-0.63","26.58","","26.75"
"A025900","동화기업","12","0","KOSDAQ","1.19","489.57","","483.82"
"A025950","동신건설","12","0","KOSDAQ","19.39","89.46","","74.93"
"A025980","아난티","12","0","KOSDAQ","10.29","626.46","","568.01"
"A026040","제이에스티나","12","0","KOSDAQ","-0.54","153.16","","153.98"
"A026150","특수건설","12","0","KOSDAQ","2.24","54.67","","53.47"
"A026890","스틱인베스트먼트","12","0","KOSPI","-2.81","187.55","","192.97"
"A026910","광진실업","12","0","KOSDAQ","-1.65","24.79","","25.21"
"A026940","부국철강","12","0","KOSPI","-0.36","54.8","","55"
"A026960","동서","12","1","KOSPI","-0.55","2686.91","","2701.87"
"A027040","서울전자통신","12","0","KOSDAQ","0","76.75","","76.75"
"A027050","코리아나","12","0","KOSDAQ","-4.37","315.2","","329.6"
"A027360","아주IB투자","12","0","외감","","","",""
"A027410","BGF","12","1","KOSPI","-3.73","1230.26","","1277.95"
"A027580","상보","12","0","KOSDAQ","-2.13","43.67","","44.62"
"A027710","팜스토리","12","0","KOSDAQ","1.92","117.06","","114.85"
"A027740","마니커","12","0","KOSPI","0.13","89.41","","89.29"
"A027830","대성창투","12","0","KOSDAQ","-2.89","100.8","","103.8"
"A027970","한국제지","12","0","KOSPI","0.67","44.2","","43.9"
"A028050","삼성E&A","12","1","KOSPI","-2.54","3390.8","","3479"
"A028080","휴맥스홀딩스","12","0","KOSDAQ","-3.4","57.23","","59.24"
"A028100","동아지질","12","0","KOSPI","-2.63","148.93","","152.95"
"A028260","삼성물산","12","1","KOSPI","-2.51","25797.85","","26461.76"
"A028300","HLB","12","0","KOSDAQ","4.86","2912.03","","2777.18"
"A028670","팬오션","12","1","KOSPI","-8.62","2579.16","","2822.37"
"A029460","케이씨","12","0","KOSPI","-0.89","300.9","","303.61"
"A029480","광무","12","0","KOSDAQ","1.43","27.94","","27.55"
"A029530","신도리코","12","1","KOSPI","-1.81","655.2","","667.3"
"A029780","삼성카드","12","1","KOSPI","-1.68","4066.65","","4136.16"
"A030000","제일기획","12","1","KOSPI","-3.67","2116.76","","2197.29"
"A030190","NICE평가정보","12","0","KOSDAQ","-1.99","598.04","","610.18"
"A030200","KT","12","1","KOSPI","0.73","7232.8","","7180.57"
"A030210","다올투자증권","12","0","KOSPI","2.03","287.7","","281.97"
"A030350","드래곤플라이","12","0","KOSDAQ","-4.51","78.1","","81.79"
"A030520","한컴","12","0","KOSDAQ","-2.17","364.7","","372.78"
"A030530","원익홀딩스","12","0","KOSDAQ","-3.74","536.8","","557.66"
"A030610","교보증권","12","0","KOSPI","-1.27","334.8","","339.12"
"A030720","동원수산","12","0","KOSPI","-1.12","37.79","","38.22"
"A030960","양지사","6","0","KOSDAQ","-1.93","162.2","","165.39"
"A031210","서울보증보험","12","0","외감","","","",""
"A031310","아이즈비전","12","0","KOSDAQ","-3.88","54.73","","56.94"
"A031330","에스에이엠티","12","0","KOSDAQ","-2.07","188.99","","192.99"
"A031430","신세계인터내셔날","12","0","KOSPI","1.35","806.82","","796.11"
"A031440","신세계푸드","12","0","KOSPI","0","489.87","","489.87"
"A031510","오스템","12","0","KOSDAQ","-2.16","100.23","","102.44"
"A031820","아이티센씨티에스","12","0","KOSPI","-5.02","33.13","","34.88"
"A031860","디에이치엑스컴퍼니","12","0","KOSDAQ","-1.31","54.46","","55.18"
"A031980","피에스케이홀딩스","12","0","KOSDAQ","-2.98","463.56","","477.79"
"A032080","아즈텍WB","12","0","KOSDAQ","-0.82","37.96","","38.28"
"A032190","다우데이타","12","0","KOSDAQ","-3.75","492.16","","511.31"
"A032280","삼일","12","0","KOSDAQ","-1.21","33.16","","33.56"
"A032300","한국파마","12","0","외감","","","",""
"A032350","롯데관광개발","12","0","KOSPI","2.28","916.98","","896.55"
"A032500","케이엠더블유","12","0","KOSDAQ","-6.25","313.95","","334.88"
"A032540","TJ미디어","12","0","KOSDAQ","-1.09","63.04","","63.74"
"A032560","황금에스티","12","0","KOSPI","-5.36","138.46","","146.3"
"A032580","피델릭스","12","0","KOSDAQ","-2.38","42.27","","43.29"
"A032620","GC메디아이","12","0","KOSDAQ","-2.33","202.64","","207.48"
"A032640","LG유플러스","12","1","KOSPI","0.8","5479.47","","5435.81"
"A032680","소프트센","12","0","KOSDAQ","-1.02","59.56","","60.18"
"A032750","삼진","12","0","KOSDAQ","0.88","55.14","","54.66"
"A032790","엠젠솔루션","12","0","KOSDAQ","14.89","236.05","","205.45"
"A032800","판타지오","6","0","KOSDAQ","-3.31","85.06","","87.97"
"A032820","우리기술","12","0","KOSDAQ","-3.53","58.41","","60.55"
"A032830","삼성생명","12","1","KOSPI","-2.94","23100","","23800"
"A032850","비트컴퓨터","12","0","KOSDAQ","-2.86","107.22","","110.38"
"A032860","더라미","12","0","KOSDAQ","-0.32","41.89","","42.02"
"A032940","원익","12","0","KOSDAQ","-0.11","57.04","","57.11"
"A032960","동일기연","12","0","KOSDAQ","-1.5","78.08","","79.27"
"A032980","바이온","12","0","KOSDAQ","1.62","174.67","","171.88"
"A033050","제이엠아이","12","0","KOSDAQ","-0.91","35.51","","35.84"
"A033100","제룡전기","12","0","KOSDAQ","0","216.84","","216.84"
"A033130","디지틀조선","12","0","KOSDAQ","0.89","84.25","","83.51"
"A033160","엠케이전자","12","0","KOSDAQ","-0.49","222.44","","223.53"
"A033170","시그네틱스","12","0","KOSDAQ","-0.76","111.88","","112.73"
"A033200","모아텍","3","0","KOSDAQ","-0.11","63.06","","63.13"
"A033230","인성정보","12","0","KOSDAQ","-0.1","91.29","","91.38"
"A033240","자화전자","12","0","KOSPI","-4.49","285.5","","298.93"
"A033250","체시스","12","0","KOSPI","0","21.94","","21.94"
"A033270","유나이티드제약","12","0","KOSPI","0.71","461.91","","458.67"
"A033290","로젠","12","0","KOSDAQ","-4.36","427.16","","446.62"
"A033310","엠투엔","12","0","KOSDAQ","-2.22","43.62","","44.6"
"A033320","제이씨현시스템","12","0","KOSDAQ","-3.64","141.83","","147.18"
"A033340","좋은사람들","12","0","KOSDAQ","1.44","111.86","","110.27"
"A033500","동성화인텍","12","0","KOSDAQ","-4.42","192.39","","201.3"
"A033530","SJG세종","12","0","KOSPI","-0.13","159.03","","159.23"
"A033540","파라텍","12","0","KOSDAQ","-1.4","105.86","","107.37"
"A033560","블루콤","12","0","KOSDAQ","-1.46","109.98","","111.6"
"A033640","네패스","12","0","KOSDAQ","-3.47","174.41","","180.67"
"A033780","KT&G","12","1","KOSPI","-1.09","13715.52","","13866.54"
"A033790","피노","12","0","KOSDAQ","-1.59","58.28","","59.23"
"A033830","티비씨","12","0","KOSDAQ","0.15","67.7","","67.6"
"A033920","무학","12","1","KOSPI","0","493.05","","493.05"
"A034020","두산에너빌리티","12","1","KOSPI","-2.91","1596.95","","1644.86"
"A034120","SBS","12","1","KOSPI","-2.1","469.09","","479.13"
"A034220","LG디스플레이","12","1","KOSPI","-2.57","8820.16","","9052.74"
"A034230","파라다이스","12","0","KOSDAQ","-4.72","2109.87","","2214.45"
"A034310","NICE","12","0","KOSPI","-1.25","598.54","","606.12"
"A034590","인천도시가스","12","0","KOSPI","0.17","130.37","","130.15"
"A034730","SK","12","1","KOSPI","-2.39","20123.04","","20615.57"
"A034810","해성산업","12","0","KOSDAQ","-0.34","144.74","","145.23"
"A034830","한국토지신탁","12","0","KOSPI","-0.68","733.48","","738.53"
"A034940","조아제약","12","0","KOSDAQ","3.61","186.85","","180.34"
"A034950","한국기업평가","12","0","KOSDAQ","-0.87","259.26","","261.53"
"A035000","HS애드","12","0","KOSPI","1.16","144.63","","142.98"
"A035080","그래디언트","12","0","KOSDAQ","-3.47","203.58","","210.89"
"A035150","백산","12","0","KOSPI","0","159.72","","159.72"
"A035200","프럼파스트","12","0","KOSDAQ","-3.32","43.79","","45.29"
"A035250","강원랜드","12","1","KOSPI","0.35","6086.61","","6065.21"
"A035290","골드앤에스","12","0","KOSDAQ","2.08","119.74","","117.3"
"A035420","NAVER","12","1","KOSPI","-3.95","24853.86","","25875.7"
"A035460","기산텔레콤","12","0","KOSDAQ","-2.96","38.27","","39.43"
"A035510","신세계 I&C","12","0","KOSPI","-2.88","289.82","","298.42"
"A035600","KG이니시스","12","0","KOSDAQ","-2.82","577.62","","594.36"
"A035610","솔본","12","0","KOSDAQ","-1.6","151.22","","153.68"
"A035620","바른손이앤에이","12","0","KOSDAQ","-2.37","125.61","","128.66"
"A035720","카카오","12","1","KOSPI","-3.89","9419.35","","9800.7"
"A035760","CJ ENM","12","0","KOSDAQ","-2.13","1399.11","","1429.57"
"A035810","이지홀딩스","12","0","KOSDAQ","-0.42","411.28","","413.02"
"A035890","서희건설","12","0","KOSDAQ","-0.46","188.21","","189.08"
"A035900","JYP Ent.","12","0","KOSDAQ","-3.11","808.45","","834.41"
"A036000","예림당","12","0","KOSDAQ","-3.85","230.34","","239.56"
"A036010","아비코전자","12","0","KOSDAQ","-4.11","96.11","","100.23"
"A036030","케이티알파","12","0","KOSDAQ","0.35","205","","204.29"
"A036090","위지트","12","0","KOSDAQ","-3.19","110.22","","113.85"
"A036120","서울평가정보","12","0","KOSDAQ","-7.34","121.06","","130.64"
"A036170","에이치엠넥스","12","0","KOSDAQ","-4.94","88.48","","93.07"
"A036190","금화피에스시","12","0","KOSDAQ","-0.5","237","","238.2"
"A036200","유니셈","12","0","KOSDAQ","2.52","299.59","","292.23"
"A036220","오상헬스케어","12","0","외감","","","",""
"A036420","콘텐트리중앙","12","0","KOSDAQ","-5.17","879.47","","927.38"
"A036460","한국가스공사","12","1","KOSPI","0.92","4551.03","","4509.49"
"A036480","대성미생물","12","0","KOSDAQ","-0.78","81.81","","82.46"
"A036530","SNT홀딩스","12","0","KOSPI","-0.36","223.36","","224.18"
"A036540","SFA반도체","12","0","KOSDAQ","-3.04","337.88","","348.46"
"A036560","KZ정밀","12","0","KOSDAQ","0.7","135.14","","134.19"
"A036570","NC","12","1","KOSPI","1.08","9269.24","","9170.51"
"A036580","팜스코","12","1","KOSPI","-3.21","442.57","","457.26"
"A036620","감성코퍼레이션","12","0","KOSDAQ","-0.94","45.71","","46.15"
"A036630","세종텔레콤","12","0","KOSDAQ","-1.45","367.4","","372.8"
"A036640","HRS","12","0","KOSDAQ","-1.99","72.37","","73.84"
"A036670","삼양케이씨아이","12","0","KOSDAQ","0.25","90.39","","90.16"
"A036690","코맥스","12","0","KOSDAQ","-3.32","85.7","","88.65"
"A036710","심텍홀딩스","12","0","KOSDAQ","-1.87","73.11","","74.5"
"A036800","나이스정보통신","12","0","KOSDAQ","-0.66","227","","228.5"
"A036810","에프에스티","12","0","KOSDAQ","-2.67","106.9","","109.83"
"A036830","솔브레인홀딩스","12","0","KOSDAQ","-5.91","969.08","","1029.98"
"A036890","진성티이씨","12","0","KOSDAQ","-5.67","220.55","","233.82"
"A036930","주성엔지니어링","12","0","KOSDAQ","-0.99","484.9","","489.73"
"A037030","파워넷","12","0","K-OTC","-7.6","79.93","","86.5"
"A037070","파세코","12","0","KOSDAQ","0.89","79.52","","78.82"
"A037230","한국팩키지","12","0","KOSDAQ","-2.21","71.75","","73.38"
"A037270","YG PLUS","12","0","KOSPI","-2.05","125.36","","127.98"
"A037330","인지디스플레","12","0","KOSDAQ","0.3","59.64","","59.46"
"A037350","성도이엔지","12","0","KOSDAQ","-4.53","117.42","","122.99"
"A037370","EG","12","0","KOSDAQ","-1.9","77.25","","78.75"
"A037400","우리엔터프라이즈","12","0","KOSDAQ","-2.4","40.5","","41.5"
"A037440","희림","12","0","KOSDAQ","-0.55","62.44","","62.79"
"A037460","삼지전자","12","0","KOSDAQ","-3.19","198.27","","204.8"
"A037560","LG헬로비전","12","0","KOSPI","-2.5","635.06","","651.33"
"A037710","광주신세계","12","0","KOSPI","0.66","365.6","","363.2"
"A037760","쎄니트","12","0","KOSDAQ","-1.94","59.72","","60.9"
"A037950","엘컴텍","12","0","KOSDAQ","-0.61","207.74","","209.01"
"A038010","제일테크노스","12","0","KOSDAQ","-0.25","35.59","","35.69"
"A038060","루멘스","12","0","KOSDAQ","-2.39","173.98","","178.23"
"A038070","서린바이오","12","0","KOSDAQ","-2.19","86.43","","88.37"
"A038110","에코플라스틱","12","0","KOSDAQ","0.54","41.99","","41.76"
"A038290","마크로젠","12","0","KOSDAQ","1.46","517.06","","509.64"
"A038390","레드캡투어","12","0","KOSDAQ","-0.32","133.57","","134"
"A038460","바이오스마트","12","0","KOSDAQ","-4.78","124.05","","130.27"
"A038500","삼표시멘트","12","0","KOSDAQ","1.18","368.24","","363.94"
"A038530","케이바이오랩스","12","0","KOSDAQ","-0.72","36.54","","36.81"
"A038540","상상인","12","0","KOSDAQ","-9.83","1007.49","","1117.31"
"A038620","위즈코프","12","0","KOSDAQ","-1.48","47.48","","48.19"
"A038680","에스넷","12","0","KOSDAQ","-2.26","90.5","","92.59"
"A038870","에코심플렉스","12","0","KOSDAQ","1.34","112.67","","111.17"
"A038880","아이에이","12","0","KOSDAQ","0","152.77","","152.77"
"A038950","파인디지털","12","0","KOSDAQ","-0.55","46.36","","46.62"
"A039010","현대에이치티","12","0","KOSDAQ","-3.52","106.52","","110.4"
"A039020","이건홀딩스","12","0","KOSDAQ","0.84","51.72","","51.29"
"A039030","이오테크닉스","12","0","KOSDAQ","-7.36","835.08","","901.4"
"A039130","하나투어","12","0","KOSPI","-3.61","1393.94","","1446.22"
"A039200","오스코텍","12","0","KOSDAQ","18.49","855.67","","722.15"
"A039240","경남스틸","12","0","KOSDAQ","-0.86","57.75","","58.25"
"A039290","인포뱅크","12","0","KOSDAQ","-2.78","66.86","","68.77"
"A039310","세중","12","0","KOSDAQ","-3.3","47.75","","49.38"
"A039340","한국경제TV","12","0","KOSDAQ","-0.55","82.8","","83.26"
"A039420","케이엘넷","12","0","KOSDAQ","-4.11","98.67","","102.9"
"A039440","에스티아이","12","0","KOSDAQ","-0.72","264.49","","266.41"
"A039490","키움증권","12","0","KOSPI","1.91","2353.62","","2309.42"
"A039560","다산네트웍스","12","0","KOSDAQ","-3.09","167.01","","172.33"
"A039570","HDC랩스","12","0","KOSPI","-1.17","208.22","","210.69"
"A039610","화성밸브","12","0","KOSDAQ","5.78","62.61","","59.19"
"A039740","한국정보공학","12","0","KOSDAQ","-3.05","35.68","","36.8"
"A039830","오로라","12","0","KOSDAQ","-1.67","126.46","","128.62"
"A039840","디오","12","0","KOSDAQ","-0.68","662.99","","667.54"
"A039860","나노엔텍","12","0","KOSDAQ","-0.36","143.91","","144.42"
"A039980","폴라리스AI","12","0","KOSDAQ","6.1","103.31","","97.37"
"A040160","누리플렉스","12","0","KOSDAQ","-0.7","102.47","","103.2"
"A040300","YTN","12","0","KOSDAQ","-0.95","87.36","","88.2"
"A040350","크레오에스지","12","0","KOSDAQ","-1.53","279.13","","283.48"
"A040420","정상제이엘에스","12","0","KOSDAQ","-0.53","117.58","","118.21"
"A040610","SG&G","12","0","KOSDAQ","-2.69","80.28","","82.49"
"A040910","아이씨디","12","0","KOSDAQ","-0.94","157.64","","159.14"
"A041020","폴라리스오피스","12","0","KOSDAQ","-0.77","61.18","","61.66"
"A041190","우리기술투자","12","0","KOSDAQ","-5.26","340.62","","359.52"
"A041440","현대에버다임","12","0","KOSDAQ","-0.61","145.66","","146.55"
"A041460","한국전자인증","12","0","KOSDAQ","-2.93","163.52","","168.46"
"A041510","에스엠","12","0","KOSDAQ","-6.28","974.65","","1039.92"
"A041520","이엘씨","12","0","KOSDAQ","-1.59","75.45","","76.67"
"A041590","플래스크","12","0","KOSDAQ","-1.4","171.87","","174.31"
"A041650","상신브레이크","12","0","KOSPI","-0.78","163.18","","164.47"
"A041830","인바디","12","0","KOSDAQ","-3.74","650.66","","675.98"
"A041910","폴라리스AI파마","12","0","KOSDAQ","-2.46","164.79","","168.96"
"A041920","메디아나","12","0","KOSDAQ","-0.45","96.45","","96.89"
"A041930","SY동아","12","0","KOSDAQ","-0.9","69.68","","70.31"
"A041960","코미팜","12","0","KOSDAQ","-0.26","2137.38","","2142.9"
"A042000","카페24","12","0","KOSDAQ","1.94","1165.73","","1143.59"
"A042040","케이피엠테크","12","0","KOSDAQ","-6.31","138.85","","148.2"
"A042110","에스씨디","12","0","KOSDAQ","0","72.25","","72.25"
"A042370","비츠로테크","12","0","KOSDAQ","-0.62","143.96","","144.85"
"A042420","네오위즈홀딩스","12","0","KOSDAQ","-1.27","137.28","","139.05"
"A042500","링네트","12","0","KOSDAQ","-6.18","60.12","","64.08"
"A042510","라온시큐어","12","0","KOSDAQ","-1.87","125.33","","127.72"
"A042520","한스바이오메드","9","0","KOSDAQ","0.17","282.43","","281.93"
"A042600","새로닉스","12","0","KOSDAQ","-4.1","66.84","","69.7"
"A042660","한화오션","12","0","KOSPI","0.79","2744.47","","2723.03"
"A042700","한미반도체","12","0","KOSPI","-4.29","639","","667.61"
"A042940","상지건설","12","0","KOSDAQ","-3.27","78.2","","80.84"
"A043090","더테크놀로지","12","0","KOSDAQ","-1.21","147.91","","149.72"
"A043100","알파AI","12","0","KOSDAQ","-0.46","77.82","","78.18"
"A043150","바텍","12","0","KOSDAQ","-2.46","559.26","","573.37"
"A043200","파루","12","0","KOSDAQ","0.43","104.28","","103.84"
"A043220","티에스넥스젠","12","0","KOSDAQ","6.69","91.57","","85.83"
"A043260","성호전자","12","0","KOSDAQ","-3.38","29.51","","30.54"
"A043340","에쎈테크","12","0","KOSDAQ","-0.37","97.2","","97.56"
"A043360","디지아이","12","0","KOSDAQ","-0.15","29.34","","29.39"
"A043370","피에이치에이","12","0","KOSDAQ","-2.49","205.8","","211.05"
"A043590","웰킵스하이텍","12","0","KOSDAQ","5.1","66.95","","63.7"
"A043610","KT지니뮤직","12","0","KOSDAQ","-3.54","228.01","","236.37"
"A043650","국순당","12","0","KOSDAQ","-1.63","108.04","","109.83"
"A043710","코스리거글로벌","12","0","KOSDAQ","0.78","81.82","","81.19"
"A043910","자연과환경","12","0","KOSDAQ","-3.49","65.69","","68.07"
"A044180","KD","12","0","KOSDAQ","-1.44","48.73","","49.44"
"A044340","위닉스","12","0","KOSDAQ","-4.11","312.78","","326.19"
"A044380","주연테크","12","0","KOSPI","-0.38","51.56","","51.76"
"A044450","KSS해운","12","0","KOSPI","-0.23","198.7","","199.17"
"A044480","빌리언스","12","0","KOSDAQ","-0.59","184.04","","185.14"
"A044490","태웅","12","0","KOSDAQ","-3.53","355.13","","368.14"
"A044780","에이치케이","12","0","KOSDAQ","0","36.73","","36.73"
"A044820","코스맥스비티아이","12","0","KOSPI","-3.22","331.82","","342.86"
"A044960","이글벳","12","0","KOSDAQ","0.78","60.68","","60.21"
"A044990","에이치엔에스하이텍","12","0","KONEX","0","30.04","","30.04"
"A045060","오공","12","0","KOSDAQ","-1.14","59.8","","60.49"
"A045100","한양이엔지","12","0","KOSDAQ","-3.65","261","","270.9"
"A045300","성우테크론","12","0","KOSDAQ","-2.41","46.29","","47.44"
"A045340","토탈소프트","12","0","KOSDAQ","8.45","32.39","","29.87"
"A045390","대아티아이","12","0","KOSDAQ","13.6","202.07","","177.88"
"A045510","정원엔시스","12","0","KOSDAQ","-0.89","89.22","","90.02"
"A045520","크린앤사이언스","12","0","KOSDAQ","-4","101.4","","105.63"
"A045660","에이텍","12","0","KOSDAQ","1.58","106.14","","104.49"
"A045970","코아시아","12","0","KOSDAQ","-0.37","100.24","","100.61"
"A046070","코다코","12","0","KOSDAQ","-1.51","114.46","","116.22"
"A046120","오르비텍","12","0","KOSDAQ","-3.59","97.03","","100.64"
"A046210","HLB파나진","12","0","KOSDAQ","-1.55","305","","309.79"
"A046310","백금T&A","12","0","KOSDAQ","-2.14","45.73","","46.73"
"A046390","삼화네트웍스","12","0","KOSDAQ","-3.37","85.93","","88.93"
"A046440","KG파이낸셜","12","0","KOSDAQ","-1.17","278.73","","282.02"
"A046890","서울반도체","12","0","KOSDAQ","-3.89","1081.57","","1125.29"
"A046940","우원개발","12","0","KOSDAQ","0.18","79.55","","79.41"
"A046970","우리로","12","0","KOSDAQ","-6.74","50.56","","54.22"
"A047040","대우건설","12","1","KOSPI","-1.9","2148.77","","2190.33"
"A047050","포스코인터내셔널","12","1","KOSPI","-2.59","2788.28","","2862.3"
"A047080","한빛소프트","12","0","KOSDAQ","0.46","108.29","","107.79"
"A047310","파워로직스","12","0","KOSDAQ","-2.98","150.86","","155.49"
"A047400","유니온머티리얼","12","0","KOSPI","-2.26","108.78","","111.3"
"A047560","이스트소프트","12","0","KOSDAQ","-4.42","64.25","","67.22"
"A047770","코데즈컴바인","12","0","KOSDAQ","-0.29","131.69","","132.07"
"A047810","한국항공우주","12","1","KOSPI","-1.53","4698.3","","4771.41"
"A047820","초록뱀미디어","12","0","KOSDAQ","-4.32","107.63","","112.5"
"A047920","HLB제약","12","0","KOSDAQ","6.46","113.69","","106.8"
"A048410","현대바이오","12","0","KOSDAQ","-3.75","192.19","","199.68"
"A048430","유라테크","12","0","KOSDAQ","-3.88","97.11","","101.03"
"A048470","대동스틸","12","0","KOSDAQ","15.33","86.5","","75"
"A048530","인트론바이오","12","0","KOSDAQ","-0.22","691.77","","693.27"
"A048550","SM C&C","12","0","KOSDAQ","-6.93","315.98","","339.49"
"A048770","TPC로보틱스","12","0","KOSDAQ","-1.81","77.14","","78.56"
"A048830","엔피케이","12","0","KOSDAQ","-6.21","45.22","","48.21"
"A048870","시너지이노베이션","12","0","KOSDAQ","-0.97","142.1","","143.49"
"A048910","대원미디어","12","0","KOSDAQ","2.82","137.74","","133.97"
"A049070","인탑스","12","0","KOSDAQ","0","171.83","","171.83"
"A049080","기가레인","12","0","KOSDAQ","-2.55","130.86","","134.28"
"A049120","파인디앤씨","12","0","KOSDAQ","-1.52","70.4","","71.48"
"A049180","셀루메드","12","0","KOSDAQ","-1.91","247.41","","252.22"
"A049430","코메론","12","0","KOSDAQ","-0.82","76.37","","77"
"A049470","비트플래닛","12","0","KOSDAQ","-1.42","77.08","","78.19"
"A049480","오픈베이스","12","0","KOSDAQ","-4.56","111.71","","117.05"
"A049520","유아이엘","12","0","KOSDAQ","-0.98","132.23","","133.54"
"A049550","잉크테크","12","0","KOSDAQ","-0.75","64","","64.48"
"A049630","재영솔루텍","12","0","KOSDAQ","0","127.71","","118.8"
"A049720","고려신용정보","12","0","KOSDAQ","-3.66","52.77","","54.77"
"A049800","우진플라임","12","0","KOSPI","-1.17","67.6","","68.4"
"A049830","승일","12","0","KOSDAQ","0.1","58.5","","58.44"
"A049950","미래컴퍼니","12","0","KOSDAQ","-0.91","1002.04","","1011.23"
"A049960","쎌바이오텍","12","0","KOSDAQ","-1.19","430.52","","435.69"
"A050090","비케이홀딩스","12","0","KOSDAQ","-2.93","68.79","","70.87"
"A050110","캠시스","12","0","KOSDAQ","-3.31","135.27","","139.89"
"A050120","ES큐브","12","0","KOSDAQ","-4.89","89.07","","93.65"
"A050760","에스폴리텍","12","0","KOSDAQ","-3.06","31.04","","32.02"
"A050860","아세아텍","6","0","KOSDAQ","-1.62","58.54","","59.5"
"A050890","쏠리드","12","0","KOSDAQ","-0.98","140.61","","142"
"A050960","수산아이앤티","12","0","KOSDAQ","-3.26","60.02","","62.04"
"A051160","지어소프트","12","0","KOSDAQ","-0.49","28.25","","28.39"
"A051360","토비스","12","0","KOSDAQ","-1.25","132.4","","134.07"
"A051370","인터플렉스","12","0","KOSDAQ","-6.15","463.05","","493.38"
"A051380","피씨디렉트","12","0","KOSDAQ","-1.17","31.89","","32.27"
"A051390","YW","12","0","KOSDAQ","0","41.5","","41.5"
"A051490","나라엠앤디","12","0","KOSDAQ","1.77","81.65","","80.23"
"A051500","CJ프레시웨이","12","0","KOSDAQ","-0.42","420.25","","422.03"
"A051600","한전KPS","12","1","KOSPI","-5.3","1968.75","","2079"
"A051630","진양화학","12","0","KOSPI","-2.88","28.32","","29.16"
"A051780","큐로홀딩스","12","0","KOSDAQ","0","55.68","","55.68"
"A051900","LG생활건강","12","1","KOSPI","-0.86","19725.78","","19897.58"
"A051910","LG화학","12","1","KOSPI","-0.66","26542.72","","26719.2"
"A051980","중앙첨단소재","12","0","KOSDAQ","-4.55","27.96","","29.3"
"A052020","에스티큐브","12","0","KOSDAQ","-3.53","328.54","","340.56"
"A052220","iMBC","12","0","KOSDAQ","-0.78","73.37","","73.95"
"A052260","현대바이오랜드","12","0","KOSDAQ","-0.22","347.25","","348"
"A052300","오션인더블유","12","0","KOSDAQ","0.57","62.7","","62.35"
"A052330","코텍","12","0","KOSDAQ","-1.03","223.49","","225.83"
"A052400","코나아이","12","0","KOSDAQ","-4.53","180.49","","189.04"
"A052420","오성첨단소재","12","0","KOSDAQ","1.91","101.9","","99.99"
"A052460","아이크래프트","12","0","KOSDAQ","0","49.37","","49.37"
"A052600","한네트","12","0","KOSDAQ","-1","34.52","","34.86"
"A052690","한전기술","12","1","KOSPI","-4.8","1098.83","","1154.24"
"A052710","아모텍","12","0","KOSDAQ","-4.11","352.22","","367.33"
"A052770","아이톡시","12","0","KOSDAQ","0.2","69.55","","69.41"
"A052790","액토즈소프트","12","0","KOSDAQ","-2.28","218.68","","223.78"
"A052860","아이앤씨","12","0","KOSDAQ","-2.78","86.04","","88.5"
"A052900","KX하이텍","12","0","KOSDAQ","-1.14","44.68","","45.2"
"A053030","바이넥스","12","0","KOSDAQ","-3.42","402.98","","411.71"
"A053050","지에스이","12","0","KOSDAQ","-1.23","47.98","","48.58"
"A053060","세동","12","0","KOSDAQ","-1.93","17.96","","18.31"
"A053080","케이엔솔","12","0","외감","","","",""
"A053160","프리엠스","12","0","KOSDAQ","-1.88","50.16","","51.12"
"A053210","스카이라이프","12","0","KOSPI","0","600.17","","600.17"
"A053260","금강철강","12","0","KOSDAQ","2.15","80.12","","78.44"
"A053270","구영테크","12","0","KOSDAQ","-0.27","37.02","","37.11"
"A053280","예스24","12","0","KOSDAQ","-3.17","89.44","","92.36"
"A053290","NE능률","12","0","KOSDAQ","0.62","54.94","","54.6"
"A053300","한국정보인증","12","0","KOSDAQ","-3.9","184.19","","191.66"
"A053350","이니텍","12","0","KOSDAQ","-1.45","174.56","","177.13"
"A053450","세코닉스","12","0","KOSDAQ","-4.57","114.18","","119.64"
"A053580","웹케시","12","0","K-OTC","1.56","109.81","","108.12"
"A053610","프로텍","12","0","KOSDAQ","0.27","177.38","","176.91"
"A053620","태양","12","0","KOSDAQ","-2.77","90.73","","93.31"
"A053690","한미글로벌","12","0","KOSPI","-0.73","103.42","","104.18"
"A053700","삼보모터스","12","0","KOSDAQ","-6.48","164.58","","175.98"
"A053800","안랩","12","0","KOSDAQ","-7.41","751.04","","811.12"
"A053950","경남제약","12","0","KOSDAQ","0","193.47","","193.47"
"A053980","오상자이엘","12","0","KOSDAQ","-1.19","220.96","","223.62"
"A054040","한국컴퓨터","12","0","KOSDAQ","0.74","54.8","","54.4"
"A054050","NH농우바이오","12","0","KOSDAQ","0.94","230.95","","228.8"
"A054090","삼진엘앤디","12","0","KOSDAQ","0","67.02","","67.02"
"A054180","메디콕스","12","0","KOSDAQ","6.69","136.21","","127.67"
"A054210","이랜텍","12","0","KOSDAQ","-3.07","74.23","","76.59"
"A054220","비츠로시스","12","0","KOSDAQ","7.03","73.13","","68.33"
"A054300","팬스타엔터프라이즈","12","0","KOSDAQ","1.82","32.24","","31.67"
"A054410","케이피티유","12","0","KOSDAQ","-0.7","28.64","","28.84"
"A054450","텔레칩스","12","0","KOSDAQ","-3.6","128.1","","132.89"
"A054540","삼영엠텍","12","0","KOSDAQ","-2.94","57.92","","59.67"
"A054620","APS","12","0","KOSDAQ","-2.58","138.88","","142.56"
"A054670","대한뉴팜","12","0","KOSDAQ","-1.35","210.3","","213.17"
"A054780","키이스트","12","0","KOSDAQ","-3.21","198.28","","204.86"
"A054800","아이디스홀딩스","12","0","KOSDAQ","-0.63","162.46","","163.49"
"A054920","한컴위드","12","0","KOSDAQ","-2.95","57.64","","59.39"
"A054930","유신","12","0","KOSDAQ","0.36","42","","41.85"
"A054940","엑사이엔씨","12","0","KOSDAQ","-0.36","46.44","","46.61"
"A054950","제이브이엠","12","0","KOSDAQ","-0.51","306.42","","308"
"A055490","테이팩스","12","0","KOSPI","-2.27","121.72","","124.55"
"A055550","신한지주","12","1","KOSPI","0.57","20959.62","","20841.07"
"A056080","유진로봇","12","0","KOSDAQ","-4.05","155.68","","162.24"
"A056090","시지메드텍","12","0","KOSDAQ","-2.78","94.23","","96.93"
"A056190","SFA","12","0","KOSDAQ","-4.04","1150.88","","1199.35"
"A056360","코위버","12","0","KOSDAQ","-2.27","75.93","","77.69"
"A056700","신화인터텍","12","0","KOSDAQ","1.43","62.06","","61.18"
"A056730","CNT85","12","0","KOSDAQ","-1.67","90.16","","91.7"
"A057030","YBM넷","12","0","KOSDAQ","0","43.31","","43.31"
"A057050","현대홈쇼핑","12","1","KOSPI","-0.93","1272","","1284"
"A057540","옴니시스템","12","0","KOSDAQ","-0.39","104.75","","105.16"
"A057680","티사이언티픽","12","0","KOSDAQ","-2.71","97.21","","99.92"
"A058110","멕아이씨에스","12","0","KOSDAQ","-2.33","36.03","","36.89"
"A058400","KNN","12","0","KOSDAQ","-0.49","134.42","","135.08"
"A058430","포스코스틸리온","12","0","KOSPI","-0.77","154.2","","155.4"
"A058450","한주에이알티","12","0","KOSDAQ","-3.16","34.52","","35.65"
"A058470","리노공업","12","0","KOSDAQ","-0.87","868.82","","876.44"
"A058610","에스피지","12","0","KOSDAQ","-10.12","231.73","","257.83"
"A058630","엠게임","12","0","KOSDAQ","-1.84","83.45","","85.02"
"A058650","세아홀딩스","12","0","KOSPI","-0.74","534","","538"
"A058730","다스코","12","0","KOSPI","0","99.33","","99.33"
"A058820","CMG제약","12","0","KOSDAQ","0.44","738.26","","734.99"
"A058850","KTcs","12","0","KOSPI","-1.8","93.05","","94.76"
"A058860","KTis","12","0","KOSPI","-1.43","96.05","","97.45"
"A058970","엠로","12","0","KONEX","-3.45","13.48","","13.96"
"A059090","미코","12","0","KOSDAQ","-5.22","139.36","","147.03"
"A059100","아이컴포넌트","12","0","KOSDAQ","-1.97","45.82","","46.74"
"A059120","아진엑스텍","12","0","KOSDAQ","1.95","106.51","","104.47"
"A059210","메타바이오메드","12","0","KOSDAQ","1.98","101.5","","99.53"
"A059270","해성에어로보틱스","12","0","외감","","","",""
"A060150","인선이엔티","12","0","KOSDAQ","-1.21","263.98","","267.21"
"A060230","제이케이시냅스","12","0","KOSDAQ","0","86.12","","86.12"
"A060240","스타코링크","12","0","KOSDAQ","-2.98","141.67","","146.02"
"A060250","NHN KCP","12","0","KOSDAQ","-1.68","345.69","","351.6"
"A060260","뉴보텍","12","0","KOSDAQ","0","42.21","","42.21"
"A060280","큐렉소","12","0","KOSDAQ","-2.56","316.89","","325.23"
"A060310","3S","3","0","KOSDAQ","-5.09","89.52","","94.32"
"A060370","LS마린솔루션","12","0","KOSDAQ","0.22","101.62","","101.4"
"A060380","동양에스텍","12","0","KOSDAQ","-0.31","32.5","","32.6"
"A060480","국일신동","12","0","KOSDAQ","2.54","44.69","","43.58"
"A060540","에스에이티","12","0","KOSDAQ","0","51.68","","51.68"
"A060560","HC홈센타","12","0","KOSDAQ","-0.72","172.62","","173.88"
"A060570","드림어스컴퍼니","12","0","KOSDAQ","-4.9","369.45","","388.47"
"A060590","씨티씨바이오","12","0","KOSDAQ","-1.8","240.58","","244.99"
"A060720","KH바텍","12","0","KOSDAQ","-6.96","192.6","","207"
"A060850","영림원소프트랩","12","0","외감","","","",""
"A060900","에이전트AI","12","0","KOSDAQ","-2.09","71.87","","73.4"
"A060980","HL홀딩스","12","1","KOSPI","0.82","529.87","","525.55"
"A061040","알에프텍","12","0","KOSDAQ","4.62","88.49","","84.58"
"A061090","세나테크놀로지","12","0","외감","","","",""
"A061250","화일약품","12","0","KOSDAQ","4.46","124.94","","119.61"
"A061970","LB세미콘","12","0","KOSDAQ","0.19","115.81","","115.59"
"A062040","산일전기","12","0","외감","","","",""
"A062970","한국첨단소재","12","0","외감","","","",""
"A063080","컴투스홀딩스","12","0","KOSDAQ","-3.03","443.2","","457.05"
"A063160","종근당바이오","12","0","KOSPI","0.2","128.91","","128.65"
"A063170","서울옥션","12","0","KOSDAQ","-0.22","152.93","","153.27"
"A063440","SM Life Design","12","0","KOSDAQ","-2.41","62.06","","63.59"
"A063570","NICE인프라","12","0","KOSDAQ","-2.89","465.99","","479.84"
"A063760","이엘피","12","0","KOSDAQ","-3.45","109.88","","113.81"
"A064090","인크레더블버즈","12","0","KOSDAQ","-5.89","166.6","","177.03"
"A064240","홈캐스트","12","0","KOSDAQ","-2.88","380.21","","391.48"
"A064260","다날","12","0","KOSDAQ","-1.97","244.55","","249.46"
"A064290","인텍플러스","12","0","KOSDAQ","0.88","50.8","","50.36"
"A064350","현대로템","12","1","KOSPI","4.73","1411","","1347.25"
"A064400","LG씨엔에스","12","0","외감","","","",""
"A064480","브리지텍","12","0","KOSDAQ","-1.8","55.52","","56.54"
"A064520","테크엘","12","0","KOSDAQ","-2.59","87.34","","89.67"
"A064550","바이오니아","12","0","KOSDAQ","-0.37","278.43","","279.46"
"A064760","티씨케이","12","0","KOSDAQ","-1.44","881.46","","894.31"
"A064800","포니링크","12","0","KOSDAQ","0.41","200.38","","199.56"
"A064820","케이프","12","0","KOSDAQ","-0.53","65.36","","65.71"
"A064850","에프앤가이드","12","0","KONEX","1.4","30.37","","29.95"
"A064960","SNT모티브","12","1","KOSPI","-1.54","561.53","","570.3"
"A065060","지엔코","12","0","KOSDAQ","0.53","277.85","","276.38"
"A065130","탑엔지니어링","12","0","KOSDAQ","-0.7","90.43","","91.06"
"A065150","대산F&B","12","0","KOSDAQ","0","106.26","","106.26"
"A065170","비엘팜텍","12","0","KOSDAQ","0.39","161.83","","161.19"
"A065350","신성델타테크","12","0","KOSDAQ","-3.05","112.43","","115.96"
"A065370","위세아이텍","12","0","KONEX","-13.08","15.25","","17.54"
"A065420","에스아이리소스","12","0","KOSDAQ","-0.79","39.73","","40.05"
"A065440","이루온","12","0","KOSDAQ","0.22","35.06","","34.98"
"A065450","빅텍","12","0","KOSDAQ","-4.15","70.81","","73.87"
"A065500","오리엔트정공","12","0","KOSDAQ","-3.4","67.54","","69.92"
"A065510","휴비츠","12","0","KOSDAQ","1.24","145.57","","143.78"
"A065530","와이어블","12","0","KOSDAQ","-0.75","104.93","","105.72"
"A065570","삼영이엔씨","12","0","KOSDAQ","-0.13","68.11","","68.2"
"A065650","하이퍼코퍼레이션","12","0","KOSDAQ","-0.68","171.34","","172.51"
"A065660","안트로젠","12","0","KOSDAQ","14.8","1141.35","","994.2"
"A065680","우주일렉트로","12","0","KOSDAQ","-1.56","125.67","","127.65"
"A065690","파커스","12","0","KOSDAQ","-3.71","61.14","","63.5"
"A065710","서호전기","12","0","KOSDAQ","-0.31","83.95","","84.2"
"A065770","CS","12","0","KOSDAQ","1.35","42.38","","41.81"
"A065950","웰크론","12","0","KOSDAQ","-3.66","90.62","","94.06"
"A066130","하츠","12","0","KOSDAQ","-6.59","98.05","","104.96"
"A066310","큐에스아이","12","0","KOSDAQ","0.49","50.75","","50.5"
"A066360","체리부로","12","0","KOSDAQ","-0.29","94.91","","95.18"
"A066410","버킷스튜디오","12","0","KOSDAQ","-0.54","56.74","","57.05"
"A066430","아이로보틱스","12","0","KOSDAQ","0","58.4","","58.4"
"A066570","LG전자","12","1","KOSPI","-5.43","17101.2","","18083.08"
"A066590","스모트로닉","12","0","KOSDAQ","-0.93","91.74","","92.6"
"A066620","국보디자인","12","0","KOSDAQ","-3.28","143.63","","148.5"
"A066670","디티씨","12","0","KOSDAQ","-1.29","71.59","","72.52"
"A066700","테라젠이텍스","12","0","KOSDAQ","-1.43","526.55","","534.2"
"A066790","씨씨에스","12","0","KOSDAQ","-4.66","47.19","","49.49"
"A066900","디에이피","12","0","KOSDAQ","-0.15","76.99","","77.1"
"A066910","손오공","12","0","KOSDAQ","-1.37","78.61","","79.7"
"A066970","엘앤에프","12","0","KOSDAQ","-5.49","909.38","","962.23"
"A066980","한성크린텍","12","0","KOSDAQ","0.86","142.74","","141.53"
"A067000","조이시티","12","0","KOSDAQ","-4.33","182.05","","190.3"
"A067010","이씨에스","3","0","KOSDAQ","-0.21","34.95","","35.03"
"A067080","대화제약","12","0","KOSDAQ","-1.25","574.09","","581.38"
"A067160","SOOP","12","0","KOSDAQ","-3.67","311.45","","323.32"
"A067170","오텍","12","0","KOSDAQ","-3.42","195.47","","202.4"
"A067280","멀티캠퍼스","12","0","KOSDAQ","-0.96","183.14","","184.92"
"A067290","JW신약","12","0","KOSDAQ","0.11","373.52","","373.12"
"A067310","하나마이크론","12","0","KOSDAQ","-1.18","113.11","","114.45"
"A067370","선바이오","12","0","KONEX","-2.94","126.24","","130.07"
"A067390","아스트","12","0","KOSDAQ","-1.97","269.12","","274.54"
"A067570","엔브이에이치코리아","12","0","KOSDAQ","2.86","82.58","","80.28"
"A067630","HLB생명과학","12","0","KOSDAQ","0","392.15","","392.15"
"A067730","로지시스","12","0","KOSDAQ","-1.78","31.01","","31.57"
"A067770","세진티에스","12","0","KOSDAQ","-1","24.9","","25.15"
"A067830","세이브존I&C","12","0","KOSPI","0.47","175.24","","174.42"
"A067900","와이엔텍","12","0","KOSDAQ","-0.11","84.22","","84.31"
"A067920","이글루","12","0","KOSDAQ","0.22","49.43","","49.32"
"A067990","도이치모터스","12","0","KOSDAQ","-6.11","157.32","","167.56"
"A068050","팬엔터테인먼트","12","0","KOSDAQ","0","70.5","","70.5"
"A068100","케이웨더","12","0","외감","","","",""
"A068240","다원시스","12","0","KOSDAQ","-4.67","421.56","","442.21"
"A068270","셀트리온","12","1","KOSPI","-1.67","36063.93","","36677.26"
"A068290","삼성출판사","12","0","KOSPI","-0.42","95.5","","95.9"
"A068330","일신바이오","12","0","KOSDAQ","3.67","106.12","","102.36"
"A068760","셀트리온제약","12","0","KOSDAQ","-0.48","2738.68","","2752.03"
"A068790","DMS","12","0","KOSDAQ","-3.32","154.18","","159.48"
"A068930","디지털대성","12","0","KOSDAQ","-1.04","96.34","","97.34"
"A068940","셀피글로벌","12","0","KOSDAQ","-3.97","56.59","","58.93"
"A069080","웹젠","12","0","KOSDAQ","-2.19","1101.7","","1126.42"
"A069140","누리플랜","12","0","KOSDAQ","-0.19","24.9","","24.94"
"A069260","TKG휴켐스","12","1","KOSPI","-2.18","1009.7","","1032.18"
"A069330","유아이디","12","0","KOSDAQ","-2.89","34","","35.01"
"A069410","엔텔스","12","0","KOSDAQ","-4.48","88.31","","92.45"
"A069460","대호에이엘","12","0","KOSPI","30","84.66","","65.12"
"A069510","에스텍","12","0","KOSDAQ","-0.48","112.92","","113.46"
"A069540","빛과전자","12","0","KOSDAQ","-3.43","85.58","","82.13"
"A069620","대웅제약","12","1","KOSPI","4.79","2410.01","","2299.94"
"A069640","한세엠케이","12","0","KOSPI","-3.22","120.19","","124.19"
"A069730","DSR제강","12","0","KOSPI","-3.5","83.38","","86.4"
"A069920","엑시온그룹","12","0","KOSDAQ","-3.44","82.41","","85.34"
"A069960","현대백화점","12","1","KOSPI","-1.5","2153.02","","2185.79"
"A070300","엑스큐어","12","0","KOSDAQ","-1.72","46.41","","47.22"
"A070590","인티큐브","12","0","KOSDAQ","0","25.68","","25.68"
"A070960","모나용평","12","0","KOSPI","-4.15","378.33","","394.69"
"A071050","한국금융지주","12","1","KOSPI","-0.64","4346.63","","4374.49"
"A071090","하이스틸","12","0","KOSPI","1.11","54.8","","54.2"
"A071200","인피니트헬스케어","12","0","KOSDAQ","-1.3","203.71","","206.39"
"A071280","로체시스템즈","12","0","KOSDAQ","-6.41","70.36","","75.18"
"A071320","지역난방공사","12","0","KOSPI","-3.95","901.98","","939.04"
"A071670","에이테크솔루션","12","0","KOSDAQ","-5.16","101","","106.5"
"A071840","롯데하이마트","12","0","KOSPI","-0.94","1737.53","","1754.05"
"A071850","캐스텍코리아","12","0","KOSDAQ","4.99","62.48","","59.51"
"A071950","코아스","12","0","KOSPI","0","50.38","","50.38"
"A071970","HD현대마린엔진","12","0","KOSPI","0.57","131.64","","130.89"
"A072020","중앙백신","12","0","KOSDAQ","-0.83","131.76","","132.86"
"A072130","유엔젤","12","0","KOSPI","-2.14","51.2","","52.32"
"A072470","우리산업홀딩스","12","0","KOSDAQ","0.44","130.13","","129.57"
"A072710","농심홀딩스","12","0","KOSPI","0","493.92","","493.92"
"A072770","멤레이비티","12","0","KOSDAQ","1.87","48.37","","47.48"
"A072870","메가스터디","12","0","KOSDAQ","0.68","149.41","","148.4"
"A072950","빛샘전자","12","0","KOSDAQ","-5.88","43.2","","45.9"
"A072990","에이치시티","12","0","KOSDAQ","0","41.22","","41.22"
"A073010","케이에스피","12","0","KOSDAQ","0","28.35","","28.35"
"A073110","엘엠에스","12","0","KOSDAQ","-2.63","69.12","","70.99"
"A073190","듀오백","12","0","KOSDAQ","-1.29","27.53","","27.89"
"A073240","금호타이어","12","1","KOSPI","0","1229.19","","1229.19"
"A073490","LIG아큐버","12","0","KOSDAQ","-3.9","88.84","","92.44"
"A073540","에프알텍","12","0","KOSDAQ","-1.65","30.55","","31.07"
"A073560","우리손에프앤지","12","0","KOSDAQ","-1.52","156.82","","159.25"
"A073570","리튬포어스","12","0","KOSDAQ","-2.43","92.71","","95.02"
"A073640","테라사이언스","12","0","KOSDAQ","0","44.55","","44.55"
"A074430","아미노로직스","12","0","KOSDAQ","-3.02","211.66","","218.25"
"A074600","원익QnC","12","0","KOSDAQ","-2.91","350.94","","361.46"
"A074610","이엔플러스","12","0","KOSPI","0.26","421.31","","420.21"
"A075130","플랜티넷","12","0","KOSDAQ","-0.88","50.27","","50.71"
"A075180","새론오토모티브","12","0","KOSPI","0","121.15","","121.15"
"A075580","세진중공업","12","0","KOSPI","-2.27","165","","168.84"
"A075970","동국알앤에스","12","0","KOSDAQ","-1.59","45.45","","46.18"
"A076080","웰크론한텍","12","0","KOSDAQ","-1.94","58.86","","60.02"
"A076610","해성옵틱스","12","0","KOSDAQ","-2.35","55.53","","56.86"
"A077360","덕산하이메탈","12","0","KOSDAQ","-1.25","161.98","","164.03"
"A077500","유니퀘스트","12","0","KOSPI","-2.27","209.87","","214.75"
"A077970","STX엔진","12","0","KOSPI","-1.73","261.15","","265.75"
"A078000","텔코웨어","12","0","KOSPI","-0.32","153.3","","153.79"
"A078020","LS증권","12","0","KOSDAQ","0","441.24","","441.24"
"A078070","유비쿼스홀딩스","12","0","KOSDAQ","-1.31","125.21","","98.55"
"A078130","국일제지","12","0","KOSDAQ","0.51","92.3","","91.83"
"A078140","대봉엘에스","12","0","KOSDAQ","-2.38","136.36","","139.69"
"A078150","HB테크놀러지","12","0","KOSDAQ","-1.97","235.39","","240.13"
"A078160","메디포스트","12","0","KOSDAQ","7.29","1225.91","","1142.61"
"A078340","컴투스","12","0","KOSDAQ","-0.51","2259.34","","2270.92"
"A078350","한양디지텍","12","0","KOSDAQ","-2.96","36","","37.1"
"A078520","에이블씨엔씨","12","1","KOSPI","-6.19","470.4","","501.43"
"A078590","휴림에이텍","12","0","KOSDAQ","-2.95","27.49","","28.33"
"A078600","대주전자재료","12","0","KOSDAQ","-3.5","240.82","","249.55"
"A078860","아이오케이이엔엠","12","0","KOSDAQ","-0.93","56.87","","57.4"
"A078890","가온그룹","12","0","KOSDAQ","-3.11","143.67","","148.28"
"A078930","GS","12","1","KOSPI","-4.26","5639.96","","5890.83"
"A079000","와토스코리아","12","0","KOSDAQ","0.58","49.97","","49.68"
"A079160","CJ CGV","12","1","KOSPI","-0.14","1527.85","","1529.96"
"A079170","한창산업","12","0","KOSDAQ","-0.45","34.32","","34.48"
"A079190","케스피온","12","0","KOSDAQ","-3.95","100.6","","104.73"
"A079370","제우스","12","0","KOSDAQ","-1.9","160.43","","163.55"
"A079430","현대리바트","12","1","KOSPI","-1.93","521.6","","531.86"
"A079550","LIG디펜스앤에어로스페이스","12","1","KOSPI","-2.79","1034","","1063.7"
"A079650","서산","12","0","KOSDAQ","-2.53","96.4","","98.9"
"A079810","APS이노베이션","12","0","KOSDAQ","0","37.09","","37.09"
"A079900","전진건설로봇","12","0","외감","","","",""
"A079940","가비아","12","0","KOSDAQ","-3.27","104.22","","107.74"
"A079950","인베니아","12","0","KOSDAQ","-0.75","92.1","","92.8"
"A079960","동양이엔피","12","0","KOSDAQ","-0.89","88.03","","88.82"
"A079970","투비소프트","12","0","KOSDAQ","-2.23","169.11","","172.49"
"A079980","휴비스","12","0","KOSPI","-4.42","372.6","","389.85"
"A080010","이상네트웍스","12","0","KOSDAQ","-2.68","98.26","","100.97"
"A080160","모두투어","12","0","KOSDAQ","-3.47","709.7","","735.21"
"A080220","제주반도체","12","0","KOSDAQ","-1.14","133.39","","134.93"
"A080420","모다이노칩","12","0","KOSDAQ","-0.87","361.94","","365.13"
"A080470","성창오토텍","12","0","KOSDAQ","0","80.3","","80.3"
"A080520","오디텍","12","0","KOSDAQ","-0.41","86.1","","86.46"
"A080530","코디","12","0","KOSDAQ","0","35.34","","35.34"
"A080580","오킨스전자","12","0","KOSDAQ","0","29.08","","29.08"
"A080720","한국유니온제약","12","0","외감","","","",""
"A081000","일진다이아","12","0","KOSPI","-5.83","273.49","","290.41"
"A081150","티플랙스","12","0","KOSDAQ","-1.28","46.96","","47.57"
"A081180","쎄크","12","0","외감","","","",""
"A081580","성우전자","12","0","KOSDAQ","-0.26","59.47","","59.63"
"A081660","미스토홀딩스","12","0","KOSPI","0.9","1375.09","","1362.87"
"A082210","옵트론텍","12","0","KOSDAQ","-2.1","136.72","","139.65"
"A082270","젬백스","12","0","KOSDAQ","-0.79","590.94","","595.64"
"A082640","동양생명","12","0","KOSPI","4.08","1276.35","","1226.33"
"A082660","코스나인","12","0","KOSDAQ","-0.97","33","","33.32"
"A082740","한화엔진","12","0","KOSPI","-2.31","382.25","","391.29"
"A082800","비보존 제약","12","0","KOSDAQ","-4.97","58.04","","61.08"
"A082850","우리바이오","12","0","KOSDAQ","-1.09","56.67","","57.3"
"A082920","비츠로셀","12","0","KOSDAQ","0","284.06","","284.06"
"A083310","엘오티베큠","12","0","KOSDAQ","0.69","183.26","","181.99"
"A083420","그린케미칼","12","0","KOSPI","0.54","93.4","","92.9"
"A083450","GST","12","0","KOSDAQ","-3.38","85.16","","88.15"
"A083470","이엠앤아이","12","0","KOSDAQ","-0.38","27.87","","27.97"
"A083500","에프엔에스테크","12","0","KOSDAQ","0.8","41.61","","41.28"
"A083550","케이엠","12","0","KOSDAQ","-1.72","79.05","","80.43"
"A083640","인콘","12","0","KOSDAQ","0.68","223.76","","222.25"
"A083650","비에이치아이","12","0","KOSDAQ","-3.35","119.86","","124.02"
"A083660","CSA 코스믹","12","0","KOSDAQ","-2.96","187.8","","193.53"
"A083790","CG인바이츠","12","0","KOSDAQ","2.7","641.1","","624.27"
"A083930","아바코","12","0","KOSDAQ","-1.03","122.85","","124.13"
"A084010","대한제강","12","0","KOSPI","1.67","225.27","","221.57"
"A084110","휴온스글로벌","12","0","KOSDAQ","1.83","715.63","","702.74"
"A084180","수성웹툰","12","0","KOSDAQ","0","54.85","","54.85"
"A084370","유진테크","12","0","KOSDAQ","-4.35","403.32","","421.66"
"A084440","유비온","9","0","KONEX","-0.65","6.83","","6.88"
"A084650","랩지노믹스","12","0","KOSDAQ","2.16","122.52","","119.94"
"A084670","동양고속","12","0","KOSPI","3.1","73.55","","71.34"
"A084680","이월드","12","0","KOSPI","-0.78","171.97","","173.33"
"A084690","대상홀딩스","12","0","KOSPI","-3.19","340.4","","351.62"
"A084730","팅크웨어","12","0","KOSDAQ","-2.55","119.37","","122.5"
"A084850","아이티엠반도체","12","0","외감","","","",""
"A084870","TBH글로벌","12","0","KOSPI","-4.52","145.37","","152.25"
"A084990","헬릭스미스","12","0","KOSDAQ","1.81","3855.03","","3786.42"
"A085310","엔케이","12","0","KOSPI","-7.16","176.36","","189.96"
"A085620","미래에셋생명","12","0","KOSPI","0","878","","878"
"A085660","차바이오텍","12","0","KOSDAQ","-7.48","958.46","","1035.96"
"A085670","뉴프렉스","12","0","KOSDAQ","-3.85","61.63","","64.1"
"A085810","알티캐스트","12","0","KOSDAQ","-2.76","85.95","","88.39"
"A085910","네오티스","12","0","KOSDAQ","0.23","47.63","","47.52"
"A086040","바이오톡스텍","12","0","KOSDAQ","6.08","303.9","","286.5"
"A086060","진바이오텍","12","0","KOSDAQ","-2.32","50.8","","52.01"
"A086280","현대글로비스","12","1","KOSPI","3.01","6412.5","","6225"
"A086390","유니테스트","12","0","KOSDAQ","-3.11","295.88","","305.39"
"A086450","동국제약","12","0","KOSDAQ","0.58","619.77","","616.22"
"A086520","에코프로","12","0","KOSDAQ","-4.43","858.2","","897.97"
"A086670","비엠티","12","0","KOSDAQ","-8.92","79.02","","86.76"
"A086710","선진뷰티사이언스","12","0","외감","","","",""
"A086790","하나금융지주","12","1","KOSPI","-1.53","12550.12","","12745.28"
"A086820","바이오솔루션","12","0","외감","","","",""
"A086890","이수앱지스","12","0","KOSDAQ","1.6","330.89","","325.67"
"A086900","메디톡스","12","0","KOSDAQ","4.31","4242.4","","4067.05"
"A086960","MDS테크","12","0","KOSDAQ","-0.27","162.89","","163.33"
"A086980","쇼박스","12","0","KOSDAQ","-3.18","380.61","","393.13"
"A087010","펩트론","12","0","KOSDAQ","8.83","539.3","","495.53"
"A087260","모바일어플라이언스","12","0","KOSDAQ","-0.74","100.65","","101.4"
"A087600","픽셀플러스","12","0","KOSDAQ","0.47","69.58","","69.25"
"A088130","동아엘텍","12","0","KOSDAQ","-1.69","110.16","","112.06"
"A088280","쏘닉스","12","0","외감","","","",""
"A088290","이원컴포텍","12","0","KOSDAQ","0.67","21.51","","21.37"
"A088340","유라클","12","0","외감","","","",""
"A088350","한화생명","12","1","KOSPI","-1.98","5167.75","","5271.98"
"A088390","이녹스","12","0","KOSDAQ","-6.05","94.44","","100.52"
"A088790","진도","12","0","KOSPI","0.19","67.22","","67.09"
"A088800","에이스테크","12","0","KOSDAQ","-4.07","119.7","","124.77"
"A088910","동우팜투테이블","12","0","KOSDAQ","-0.12","104.1","","104.23"
"A089010","켐트로닉스","12","0","KOSDAQ","-2.22","72.21","","73.85"
"A089030","테크윙","12","0","KOSDAQ","-2.78","354.36","","364.49"
"A089140","넥스턴앤롤코리아","12","0","KOSDAQ","1.56","154","","151.64"
"A089150","케이씨티","12","0","KOSDAQ","-3.21","43.99","","45.45"
"A089230","THE E&M","12","0","KOSDAQ","-1.17","85.52","","86.53"
"A089470","HDC현대EP","12","0","KOSPI","-1.06","207.67","","209.9"
"A089590","제주항공","12","0","KOSPI","0.62","1291.48","","1283.57"
"A089600","KT나스미디어","12","0","KOSDAQ","1.42","688.99","","679.36"
"A089790","제이티","12","0","KOSDAQ","-2.44","22.97","","23.55"
"A089850","유비벨록스","12","0","KOSDAQ","1.97","73.65","","72.22"
"A089860","롯데렌탈","12","0","외감","","","",""
"A089890","코세스","12","0","KOSDAQ","-0.51","49.71","","49.97"
"A089970","브이엠","12","0","외감","","","",""
"A089980","상아프론테크","12","0","KOSDAQ","-4.41","231.78","","242.48"
"A090080","평화산업","12","0","KOSPI","-1.45","101.74","","103.23"
"A090150","아이윈","12","0","KOSDAQ","-0.39","24.92","","25.02"
"A090350","노루페인트","12","0","KOSPI","-1.24","158.8","","160.8"
"A090360","로보스타","12","0","KOSDAQ","-3.91","172.38","","179.4"
"A090370","메타랩스","12","0","KOSPI","-1.3","122.91","","124.54"
"A090410","덕신이피씨","12","0","KOSDAQ","-5.54","78.52","","83.12"
"A090430","아모레퍼시픽","12","1","KOSPI","-2.17","19729.74","","20168.18"
"A090460","비에이치","12","0","KOSDAQ","0.79","597.25","","592.56"
"A090470","제이스로보틱스","12","0","KOSDAQ","2.86","210.21","","204.37"
"A090710","휴림로봇","12","0","KOSDAQ","-7.26","115.55","","124.6"
"A090850","현대이지웰","12","0","KOSDAQ","-1.31","111.79","","113.27"
"A091120","이엠텍","12","0","KOSDAQ","-0.84","270.47","","272.75"
"A091340","S&K폴리텍","12","0","KOSDAQ","-6.12","54.71","","58.28"
"A091440","한울소재과학","12","0","KOSDAQ","-1.26","32.92","","33.34"
"A091580","상신이디피","12","0","KOSDAQ","-9.21","122.55","","134.98"
"A091590","남화토건","12","0","KOSDAQ","4.1","163.77","","157.32"
"A091700","파트론","12","0","KOSDAQ","-2.59","448.42","","460.33"
"A091810","트리니티항공","12","0","외감","","","",""
"A091970","LSK아이로봇","12","0","KOSDAQ","-6.01","125.19","","133.19"
"A092040","아미코젠","12","0","KOSDAQ","0","355.04","","355.04"
"A092070","디엔에프","12","0","KOSDAQ","-3.46","135.06","","139.9"
"A092130","이크레더블","12","0","KOSDAQ","-2.79","168.01","","172.83"
"A092190","서울바이오시스","12","0","외감","","","",""
"A092200","디아이씨","12","0","KOSPI","-1.22","163.56","","165.58"
"A092220","KEC","12","0","KOSPI","-2.25","146.75","","150.12"
"A092230","KPX홀딩스","12","0","KOSPI","-1.1","264.89","","267.84"
"A092300","현우산업","12","0","KOSDAQ","-3.04","57.13","","58.92"
"A092440","기신정기","3","0","KOSPI","0.68","129.5","","128.63"
"A092460","한라IMS","12","0","KOSDAQ","-1","79.41","","80.22"
"A092600","앤씨앤","12","0","KOSDAQ","-3.16","86.47","","89.29"
"A092730","네오팜","12","0","KOSDAQ","-1.49","444.69","","451.4"
"A092780","DYP","12","0","KOSPI","-1.37","61.5","","62.35"
"A092790","넥스틸","12","0","외감","","","",""
"A092870","엑시콘","12","0","KOSDAQ","0","99.5","","99.5"
"A093050","LF","12","1","KOSPI","-1.34","754.39","","764.63"
"A093190","빅솔론","12","0","KOSDAQ","-0.92","124.86","","126.01"
"A093240","형지엘리트","6","0","KOSPI","-3.14","100.37","","103.63"
"A093320","케이아이엔엑스","12","0","KOSDAQ","-0.31","79.06","","79.3"
"A093370","후성","12","1","KOSPI","-4.1","864.86","","901.82"
"A093380","풍강","8","0","KOSDAQ","0.15","33.59","","33.54"
"A093520","매커스","12","0","KOSDAQ","-1.19","67.16","","67.97"
"A093640","케이알엠","12","0","KOSDAQ","-7.54","41.68","","45.08"
"A093920","서원인텍","12","0","KOSDAQ","-4.83","120.9","","127.04"
"A094170","동운아나텍","12","0","KOSDAQ","-1.79","82.38","","83.87"
"A094280","효성ITX","12","0","KOSPI","-2.78","141.59","","145.63"
"A094360","칩스앤미디어","12","0","KOSDAQ","-3.23","55.59","","57.44"
"A094480","갤럭시아머니트리","12","0","KOSDAQ","-3.08","148.2","","152.9"
"A094820","일진파워","12","0","KOSDAQ","0.61","99.37","","98.77"
"A094840","슈프리마에이치큐","12","0","KOSDAQ","-0.67","61.68","","62.1"
"A094850","참좋은여행","12","0","KOSDAQ","-1.94","177.1","","180.6"
"A094860","네오리진","12","0","KOSDAQ","-0.95","34.93","","35.26"
"A094940","푸른로보틱스","12","0","KOSDAQ","29.89","59.43","","45.76"
"A094970","제이엠티","12","0","KOSDAQ","14.56","63.89","","55.77"
"A095190","신화프리텍","12","0","KOSDAQ","-2.87","160.03","","164.75"
"A095270","웨이브일렉트로","12","0","KOSDAQ","0.18","290.87","","290.34"
"A095340","ISC","12","0","KOSDAQ","-2.52","210.16","","215.6"
"A095500","미래나노텍","12","0","KOSDAQ","-2.86","94.9","","97.7"
"A095570","AJ네트웍스","12","0","KOSPI","-1.41","326.35","","331.03"
"A095610","테스","12","0","KOSDAQ","0.18","548.57","","547.58"
"A095660","네오위즈","12","0","KOSDAQ","-6.22","413.1","","440.49"
"A095700","제넥신","12","0","KOSDAQ","6.36","2363.71","","2222.3"
"A095720","웅진씽크빅","12","0","KOSPI","-0.73","234.73","","236.46"
"A095910","에스에너지","12","0","KOSDAQ","-0.74","88.23","","88.89"
"A096240","크레버스","12","0","KOSDAQ","-0.64","109.1","","109.81"
"A096250","와이즈넛","12","0","외감","","","",""
"A096350","대창솔루션","12","0","KOSDAQ","-4.07","30.03","","31.3"
"A096530","씨젠","12","0","KOSDAQ","-0.57","907.7","","912.94"
"A096610","알에프세미","12","0","KOSDAQ","-0.3","40.24","","40.36"
"A096630","에스코넥","12","0","KOSDAQ","-3.09","153.7","","158.6"
"A096690","에이루트","12","0","KOSDAQ","0","110.26","","110.26"
"A096760","JW홀딩스","12","1","KOSPI","-0.22","561.1","","562.37"
"A096770","SK이노베이션","12","1","KOSPI","-0.47","19417.77","","19510.23"
"A096870","엘디티","12","0","KOSDAQ","3.45","24.04","","23.24"
"A097230","HJ중공업","12","1","KOSPI","-1.6","325.58","","330.88"
"A097520","엠씨넥스","12","0","KOSDAQ","-5.7","152.2","","161.4"
"A097780","에코볼트","12","0","KOSDAQ","-3.25","284.46","","294.01"
"A097800","윈팩","12","0","KOSDAQ","6.14","41.25","","38.86"
"A097870","효성오앤비","6","0","KOSDAQ","-1.89","75.4","","76.85"
"A097950","CJ제일제당","12","1","KOSPI","-1.93","4975.08","","5072.92"
"A098070","한텍","12","0","외감","","","",""
"A098120","마이크로컨텍솔","12","0","KOSDAQ","-0.61","34.04","","34.25"
"A098460","고영","12","0","KOSDAQ","-2.11","1333.01","","1361.75"
"A098660","에스티오","12","0","KOSDAQ","-0.68","24.82","","24.98"
"A099190","아이센스","12","0","KOSDAQ","1.05","394.86","","390.74"
"A099220","SDN","12","0","KOSDAQ","-0.33","52.75","","52.93"
"A099320","쎄트렉아이","12","0","KOSDAQ","-2.41","125.72","","128.83"
"A099390","브레인즈컴퍼니","12","0","외감","","","",""
"A099410","동방선기","12","0","KOSDAQ","0.23","30.06","","29.99"
"A099430","바이오플러스","12","0","외감","","","",""
"A099440","스맥","12","0","KOSDAQ","-0.27","100.86","","101.13"
"A099520","DGI","12","0","KOSDAQ","-3.28","21.82","","22.56"
"A099750","이지케어텍","3","0","외감","","","",""
"A100030","인지소프트","12","0","KOSDAQ","0","35.63","","35.63"
"A100090","SK오션플랜트","12","0","KOSDAQ","0.19","86.8","","86.63"
"A100120","뷰웍스","12","0","KOSDAQ","-1.28","387.07","","392.07"
"A100130","동국S&C","12","0","KOSDAQ","-3.73","265.71","","276"
"A100220","비상교육","12","0","KOSPI","-2.28","128.28","","131.27"
"A100250","진양홀딩스","12","0","KOSPI","0.36","153.71","","153.15"
"A100590","머큐리","12","0","외감","","","",""
"A100660","서암기계공업","12","0","KOSDAQ","0.91","48.89","","48.45"
"A100700","세운메디칼","12","0","KOSDAQ","0","219.88","","219.88"
"A100790","미래에셋벤처투자","12","0","외감","","","",""
"A100840","SNT에너지","12","0","KOSPI","-2.46","101.43","","103.98"
"A101000","KS인더스트리","12","0","KOSDAQ","1.08","70.61","","69.85"
"A101140","인바이오젠","12","0","KOSPI","-2.5","73.88","","75.77"
"A101160","월덱스","12","0","KOSDAQ","0","95.6","","95.6"
"A101170","우림피티에스","12","0","KOSDAQ","-0.13","52.85","","52.92"
"A101240","씨큐브","12","0","KOSDAQ","-2.76","62.47","","64.24"
"A101330","모베이스","12","0","KOSDAQ","-1.1","98.46","","99.56"
"A101360","에코앤드림","12","0","KONEX","-2.36","5.09","","5.21"
"A101390","아이엠","12","0","KOSDAQ","-1.22","63.88","","64.67"
"A101400","엔시트론","12","0","KOSDAQ","3.9","67.23","","64.71"
"A101490","에스앤에스텍","12","0","KOSDAQ","-4.96","85.06","","89.5"
"A101530","해태제과식품","12","0","KOSPI","0","441.12","","441.12"
"A101670","하이드로리튬","12","0","KOSDAQ","1.95","39.5","","38.75"
"A101680","한국정밀기계","12","0","KOSDAQ","0","20.25","","20.25"
"A101730","위메이드맥스","12","0","KOSDAQ","-5.06","143.74","","151.39"
"A101930","인화정공","12","0","KOSDAQ","-2.75","52.82","","54.31"
"A101970","우양에이치씨","12","0","외감","","","",""
"A102120","어보브반도체","12","0","KOSDAQ","-5.17","99.35","","104.76"
"A102260","동성케미컬","12","0","KOSPI","0.47","294.48","","293.12"
"A102370","케이옥션","12","0","외감","","","",""
"A102460","이연제약","12","0","KOSPI","-4.59","400.8","","420.09"
"A102710","이엔에프테크놀로지","12","0","KOSDAQ","-4.75","242.11","","254.18"
"A102940","코오롱생명과학","12","0","KOSDAQ","-0.91","990.59","","999.72"
"A103140","풍산","12","1","KOSPI","-1.79","1073.33","","1092.95"
"A103230","에스앤더블류","12","0","KOSDAQ","3.34","25.63","","24.8"
"A103590","일진전기","12","0","KOSPI","2.49","182.99","","178.54"
"A103840","우양","12","0","외감","","","",""
"A104040","디에스엠","12","0","KOSDAQ","-2.78","60.1","","61.82"
"A104200","NHN벅스","12","0","KOSDAQ","-3.74","129.59","","134.63"
"A104460","디와이피엔에프","12","0","KOSDAQ","1.5","39.8","","39.21"
"A104480","티케이케미칼","12","0","KOSDAQ","-2.58","171.34","","175.88"
"A104540","코렌텍","12","0","KOSDAQ","1.17","94.4","","93.31"
"A104620","노랑풍선","12","0","외감","","","",""
"A104700","한국철강","12","0","KOSPI","0.72","320.51","","318.21"
"A104830","원익머트리얼즈","12","0","KOSDAQ","-4.01","332.22","","346.09"
"A105330","케이엔더블유","12","0","KOSDAQ","-0.18","31.65","","31.7"
"A105550","엣지파운드리","12","0","KOSDAQ","-0.7","49.54","","49.89"
"A105560","KB금융","12","1","KOSPI","-0.35","24083.22","","24166.85"
"A105630","한세실업","12","1","KOSPI","-2.24","872","","892"
"A105740","디케이락","12","0","KOSDAQ","-3.69","58.04","","60.26"
"A105760","포스뱅크","12","0","외감","","","",""
"A105840","우진","12","0","KOSPI","-2.25","90.45","","92.53"
"A106080","케이이엠텍","12","0","KOSDAQ","2.98","49.05","","47.63"
"A106190","하이텍팜","12","0","KOSDAQ","-1.18","89.32","","90.38"
"A106240","파인테크닉스","12","0","KOSDAQ","-0.75","93.43","","93.5"
"A106520","노블엠앤비","12","0","KOSDAQ","-2.48","47.22","","48.42"
"A107590","미원홀딩스","12","0","KOSPI","-1.57","102.48","","104.11"
"A107600","새빗켐","12","0","외감","","","",""
"A107640","한중엔시에스","12","0","KONEX","12.82","16.7","","14.8"
"A108230","톱텍","12","0","KOSDAQ","2.4","1076.94","","1051.69"
"A108320","LX세미콘","12","0","KOSDAQ","-4.42","580.64","","607.47"
"A108380","대양전기공업","12","0","KOSDAQ","-1.54","122.46","","124.38"
"A108490","로보티즈","12","0","외감","","","",""
"A108670","LX하우시스","12","1","KOSPI","-0.77","693.2","","698.58"
"A108860","셀바스AI","12","0","KOSDAQ","-4.71","138.29","","145.13"
"A109070","주성코퍼레이션","12","0","KOSPI","29.93","86.36","","66.47"
"A109080","옵티시스","12","0","KOSDAQ","-0.12","47.91","","47.96"
"A109610","에스와이","12","0","KOSDAQ","-2.89","161.71","","166.53"
"A109670","씨싸이트","12","0","외감","","","",""
"A109740","디에스케이","12","0","KOSDAQ","0","146.15","","146.15"
"A109820","진매트릭스","12","0","KOSDAQ","0.91","79.68","","78.96"
"A109860","동일금속","12","0","KOSDAQ","-1.44","57.4","","58.24"
"A109960","앱토크롬","12","0","KOSDAQ","-4.02","161.46","","168.22"
"A110020","전진바이오팜","12","0","외감","","","",""
"A110790","크리스에프앤씨","12","0","외감","","","",""
"A110990","디아이티","12","0","외감","","","",""
"A111110","호전실업","12","0","KOSPI","-0.34","118.4","","118.8"
"A111380","동인기연","12","0","외감","","","",""
"A111710","남화산업","12","0","외감","","","",""
"A111770","영원무역","12","1","KOSPI","-2.16","1205.27","","1231.86"
"A112040","위메이드","12","0","KOSDAQ","-4.14","835.8","","871.92"
"A112290","와이씨켐","12","0","외감","","","",""
"A112610","씨에스윈드","12","0","KOSPI","0","585.99","","585.99"
"A113810","디젠스","12","0","KOSDAQ","-3.34","42.54","","44.01"
"A114090","GKL","12","1","KOSPI","-3.68","1620.62","","1682.47"
"A114190","강원에너지","12","0","KOSDAQ","1.24","37.37","","36.91"
"A114450","그린생명과학","12","0","KOSDAQ","-3.97","116.1","","120.9"
"A114630","폴라리스우노","12","0","KOSDAQ","-0.75","71.81","","72.35"
"A114810","한솔아이원스","12","0","KOSDAQ","1.63","167.7","","165.02"
"A114840","아이패밀리에스씨","12","0","외감","","","",""
"A115160","휴맥스","12","0","KOSDAQ","-2.76","202.29","","208.03"
"A115180","큐리언트","12","0","KOSDAQ","5.1","202.77","","192.94"
"A115310","인포바인","12","0","KOSDAQ","0.2","79.18","","79.02"
"A115440","우리넷","12","0","KOSDAQ","-0.45","55.89","","56.15"
"A115450","HLB테라퓨틱스","12","0","KOSDAQ","0","1214.95","","1214.95"
"A115480","씨유메디칼","12","0","KOSDAQ","-2.9","44.3","","45.62"
"A115500","케이씨에스","12","0","KOSDAQ","-2.79","50.16","","51.6"
"A115530","씨엔플러스","12","0","KOSDAQ","-0.37","24.75","","24.84"
"A115570","스타플렉스","12","0","KOSDAQ","-0.35","36.85","","36.98"
"A115610","이미지스","12","0","KOSDAQ","-1.24","30.45","","30.83"
"A117580","대성에너지","12","0","KOSPI","-0.34","159.23","","159.78"
"A117670","알파칩스","12","0","KOSDAQ","-1.84","210.31","","214.25"
"A117730","티로보틱스","12","0","외감","","","",""
"A118000","메타케어","12","0","KOSPI","-4.26","77.49","","80.93"
"A118990","모트렉스","12","0","KOSDAQ","-2.77","172.22","","177.13"
"A119500","포메탈","12","0","KOSDAQ","-3.77","57.46","","59.71"
"A119610","인터로조","12","0","KOSDAQ","-1.1","435.35","","440.2"
"A119650","KC코트렐","12","0","KOSPI","-1.04","74.49","","75.27"
"A119830","아이텍","12","0","KOSDAQ","-1.33","27.6","","27.97"
"A119850","지엔씨에너지","12","0","KOSDAQ","0","73.17","","73.17"
"A120030","조선선재","12","0","KOSPI","0.53","95.58","","95.08"
"A120110","코오롱인더","12","1","KOSPI","-3.21","1701.25","","1757.71"
"A120240","대정화금","12","0","KOSDAQ","-1.91","115.32","","117.56"
"A121440","골프존홀딩스","12","0","KOSDAQ","-1.77","237.74","","242.03"
"A121600","나노신소재","12","0","KOSDAQ","-0.86","186.59","","188.22"
"A121800","비덴트","12","0","KOSDAQ","-3.53","289.09","","299.68"
"A121850","코이즈","12","0","KOSDAQ","-0.93","39.34","","39.71"
"A121890","에스디시스템","12","0","KOSDAQ","0.77","15.75","","15.63"
"A122310","제노레이","12","0","외감","","","",""
"A122350","삼기","12","0","KOSDAQ","1.74","98.96","","97.26"
"A122450","KX","12","0","KOSDAQ","4.81","154.16","","147.09"
"A122640","예스티","12","0","KOSDAQ","-6.15","181.75","","193.65"
"A122690","서진오토모티브","12","0","KOSDAQ","-1.33","72.6","","73.57"
"A122870","와이지엔터테인먼트","12","0","KOSDAQ","-4.63","561.94","","589.22"
"A122900","아이마켓코리아","12","0","KOSPI","-3.04","343.98","","354.76"
"A122990","와이솔","12","0","KOSDAQ","-1.8","313.59","","319.34"
"A123010","알엔티엑스","12","0","KOSDAQ","-6.63","25.91","","27.75"
"A123040","엠에스오토텍","12","0","KOSDAQ","-2.64","85.42","","87.73"
"A123330","제닉","12","0","KOSDAQ","-5.29","111.57","","117.81"
"A123410","코리아에프티","12","0","KOSDAQ","-3.58","71.27","","73.92"
"A123420","위메이드플레이","12","0","KOSDAQ","1.05","415.33","","411.02"
"A123570","이엠넷","12","0","KOSDAQ","7.84","61.26","","56.8"
"A123690","한국화장품","12","0","KOSPI","-4.58","284.4","","298.06"
"A123700","SJM","12","0","KOSPI","0","69.29","","69.29"
"A123750","알톤","12","0","KOSDAQ","-3.29","41.17","","42.57"
"A123840","뉴온","12","0","KOSDAQ","-3.02","121.74","","125.53"
"A123860","아나패스","12","0","KOSDAQ","-1.42","176.22","","178.75"
"A123890","한국자산신탁","12","0","KOSPI","-1.79","562.87","","573.16"
"A124500","아이티센글로벌","12","0","KOSDAQ","-2.54","71.67","","73.54"
"A124560","태웅로직스","12","0","외감","","","",""
"A125020","티씨머티리얼즈","12","0","외감","","","",""
"A125210","아모그린텍","12","0","외감","","","",""
"A125490","한라캐스트","12","0","외감","","","",""
"A126340","비나텍","12","0","KONEX","-5.88","26.94","","28.63"
"A126560","현대퓨처넷","12","0","KOSPI","-1.57","496.66","","504.56"
"A126600","BGF에코머티리얼즈","12","0","KOSDAQ","0","86.05","","86.05"
"A126640","화신정공","12","0","KOSDAQ","-0.79","45.65","","46.01"
"A126700","하이비젼시스템","12","0","KOSDAQ","-2.29","254.76","","260.74"
"A126720","수산인더스트리","12","0","외감","","","",""
"A126730","코칩","12","0","외감","","","",""
"A126880","제이엔케이글로벌","12","0","KOSDAQ","-2.56","90.6","","92.97"
"A127120","제이에스링크","12","0","KOSDAQ","2.67","86.65","","84.4"
"A127710","아시아경제","12","0","KOSDAQ","-1.35","64.75","","65.63"
"A127980","화인써키트","12","0","외감","","","",""
"A128540","에코캡","12","0","외감","","","",""
"A128660","피제이메탈","12","0","KOSDAQ","0.25","50.35","","50.23"
"A128820","대성산업","12","0","KOSPI","-1.39","208.08","","211.02"
"A128940","한미약품","12","1","KOSPI","3.8","5909.17","","5692.85"
"A129260","인터지스","12","0","KOSPI","-0.29","102.33","","102.63"
"A129890","앱코","12","0","외감","","","",""
"A129920","대성하이텍","12","0","외감","","","",""
"A130500","GH신소재","12","0","KOSDAQ","-2.2","43.95","","44.94"
"A130580","나이스디앤비","12","0","KOSDAQ","-2.56","99.64","","102.26"
"A130660","한전산업","12","0","KOSPI","-0.57","114.1","","114.75"
"A130740","티피씨글로벌","12","0","KOSDAQ","-0.78","30.15","","30.38"
"A131030","옵투스제약","12","0","KOSDAQ","-2.83","170.62","","175.59"
"A131090","시큐브","12","0","KOSDAQ","3.53","99.79","","96.39"
"A131100","티엔엔터테인먼트","12","0","KOSDAQ","11.46","106.47","","95.53"
"A131180","딜리","12","0","KOSDAQ","-2.22","77.48","","79.25"
"A131220","대한과학","12","0","KOSDAQ","-0.37","38.96","","39.11"
"A131290","티에스이","12","0","KOSDAQ","-8.04","145.46","","158.18"
"A131370","알서포트","12","0","KOSDAQ","-2.88","125.71","","129.44"
"A131400","이브이첨단소재","12","0","KOSDAQ","-2.77","36.56","","37.6"
"A131760","파인텍","12","0","KOSDAQ","-4.1","38.28","","39.92"
"A131970","두산테스나","12","0","KOSDAQ","0","122.96","","122.96"
"A133750","메가엠디","12","0","KOSDAQ","-0.97","57.26","","57.82"
"A133820","화인베스틸","12","0","KOSPI","-4.63","82.93","","86.96"
"A134060","이퓨쳐","12","0","KOSDAQ","-4.18","25.13","","26.23"
"A134380","미원화학","12","0","KOSPI","-0.35","124.99","","125.43"
"A134580","탑코미디어","12","0","KOSDAQ","-0.49","34.37","","34.54"
"A134790","시디즈","12","0","KOSPI","0.59","171.4","","170.4"
"A136150","원일티엔아이","12","0","외감","","","",""
"A136410","아셈스","12","0","외감","","","",""
"A136480","하림","12","0","KOSDAQ","0","307.79","","307.79"
"A136490","선진","12","0","KOSPI","2.56","380.47","","370.96"
"A136540","윈스테크넷","12","0","KOSDAQ","-1.14","149.8","","151.52"
"A137080","나래나노텍","12","0","외감","","","",""
"A137310","에스디바이오센서","12","0","외감","","","",""
"A137400","피엔티","12","0","KOSDAQ","-5.76","114.91","","121.93"
"A137940","넥스트아이","12","0","KOSDAQ","-0.66","206.81","","208.18"
"A137950","제이씨케미칼","12","0","KOSDAQ","-0.51","75.15","","75.53"
"A138040","메리츠금융지주","12","0","KOSPI","-2.15","1950.39","","1993.26"
"A138070","신진에스엠","12","0","KOSDAQ","-4.63","68.46","","71.78"
"A138080","오이솔루션","12","0","KOSDAQ","-0.9","85.52","","86.3"
"A138360","앤로보틱스","12","0","KOSDAQ","-3.56","80.3","","83.26"
"A138610","나이벡","12","0","KOSDAQ","12.62","69.72","","61.91"
"A138930","BNK금융지주","12","1","KOSPI","0.49","3324.54","","3308.24"
"A139130","iM금융지주","12","0","KOSPI","0","1852.15","","1852.15"
"A139480","이마트","12","1","KOSPI","1.94","8070.05","","7916.73"
"A139670","키네마스터","12","0","KOSDAQ","-2.02","25.47","","26"
"A139990","아주스틸","12","0","외감","","","",""
"A140070","서플러스글로벌","12","0","KOSDAQ","-2.44","147.95","","151.65"
"A140410","메지온","12","0","KOSDAQ","11.43","524.2","","470.41"
"A140430","카티스","12","0","외감","","","",""
"A140520","대창스틸","12","0","KOSDAQ","-2.22","83.8","","85.7"
"A140670","알에스오토메이션","12","0","KOSDAQ","-7.51","173.87","","187.98"
"A140860","파크시스템스","12","0","KOSDAQ","1.05","286.03","","283.06"
"A141000","비아트론","12","0","KOSDAQ","-1.43","166.58","","169"
"A141080","리가켐바이오","12","0","KOSDAQ","-1.6","651.28","","661.87"
"A142210","유니트론텍","12","0","KOSDAQ","-1.61","66.94","","68.03"
"A142280","녹십자엠에스","12","0","KOSDAQ","-0.35","134.32","","134.8"
"A142760","모아라이프플러스","12","0","KOSDAQ","-6.61","348.33","","372.98"
"A143160","아이디스","12","0","KOSDAQ","-1.95","75.55","","77.05"
"A143210","핸즈코퍼레이션","12","0","KOSPI","-2.6","205.08","","210.54"
"A143240","사람인","12","0","KOSDAQ","-2.15","238.5","","243.74"
"A143540","영우디에스피","12","0","KOSDAQ","-1.94","52.39","","53.43"
"A144510","지씨셀","12","0","KOSDAQ","2.61","706.07","","688.12"
"A144960","뉴파워프라즈마","12","0","KOSDAQ","-2.17","242.15","","247.51"
"A145020","휴젤","12","0","KOSDAQ","1.94","2696.86","","2645.43"
"A145170","노브랜드","12","0","외감","","","",""
"A145210","다이나믹디자인","12","0","KOSPI","0","87.91","","87.91"
"A145720","덴티움","12","0","KOSPI","-1.98","875.54","","893.25"
"A145990","삼양사","12","1","KOSPI","0.46","896.24","","892.13"
"A146060","율촌","12","0","외감","","","",""
"A146320","비씨엔씨","12","0","외감","","","",""
"A147760","피엠티","12","0","KOSDAQ","-3.55","88.18","","91.43"
"A147830","제룡산업","12","0","KOSDAQ","0.67","151","","150"
"A148150","세경하이테크","12","0","외감","","","",""
"A148250","알엔투테크놀로지","12","0","KOSDAQ","-2.23","61.01","","62.4"
"A148780","비큐AI","12","0","KONEX","1.54","31.32","","30.85"
"A148930","에이치와이티씨","12","0","외감","","","",""
"A149950","아바텍","12","0","KOSDAQ","-0.88","123.77","","124.86"
"A149980","하이로닉","12","0","KOSDAQ","-2.81","97.39","","100.21"
"A150900","파수AI","12","0","KOSDAQ","-3.39","52.43","","54.27"
"A151860","KG에코솔루션","12","0","KOSDAQ","0.57","159.12","","158.22"
"A153460","네이블","12","0","KOSDAQ","0","31.61","","31.61"
"A153490","우리이앤엘하루틴","12","0","KOSDAQ","1.02","49.4","","48.9"
"A153710","옵티팜","12","0","외감","","","",""
"A154030","아시아종묘","12","0","KOSDAQ","-1.56","37.74","","38.34"
"A154040","다산솔루에타","12","0","KOSDAQ","-1.52","62.73","","63.7"
"A155650","와이엠씨","12","0","KOSDAQ","0.31","160.8","","160.31"
"A155660","DSR","12","0","KOSPI","-1.81","86.88","","88.48"
"A156100","엘앤케이바이오","12","0","KOSDAQ","4.33","119.61","","114.65"
"A158430","아톤","12","0","외감","","","",""
"A159010","아스플로","12","0","외감","","","",""
"A159580","제로투세븐","12","0","KOSDAQ","-3.02","61.14","","63.05"
"A159910","에코글로우","12","0","KOSDAQ","29.99","103.95","","79.97"
"A160190","하이젠알앤엠","12","0","외감","","","",""
"A160550","NEW","12","0","KOSDAQ","-2.47","248.57","","254.88"
"A160980","싸이맥스","12","0","KOSDAQ","-3.09","149.13","","153.89"
"A161000","애경케미칼","12","0","KOSPI","-3.16","442.15","","456.57"
"A161390","한국타이어앤테크놀로지","12","1","KOSPI","-0.92","6639.7","","6701.64"
"A161580","필옵틱스","12","0","KOSDAQ","-3.56","157.67","","163.49"
"A161890","한국콜마","12","1","KOSPI","-1.43","1741.12","","1766.44"
"A162300","신스틸","12","0","외감","","","",""
"A163280","에어레인","12","0","외감","","","",""
"A163560","동일고무벨트","12","0","KOSPI","-0.51","98.72","","99.22"
"A163730","핑거","12","0","외감","","","",""
"A166090","하나머티리얼즈","12","0","KOSDAQ","-2.31","362.32","","370.88"
"A166480","코아스템켐온","12","0","KOSDAQ","-1.38","280.56","","284.49"
"A168330","내츄럴엔도텍","12","0","KOSDAQ","-3.25","391.47","","404.62"
"A168360","펨트론","12","0","외감","","","",""
"A169330","엠브레인","6","0","외감","","","",""
"A170030","현대공업","12","0","KOSDAQ","-1.04","58.45","","59.06"
"A170790","파이오링크","12","0","KOSDAQ","0","46.21","","46.21"
"A170900","동아에스티","12","1","KOSPI","-5.78","895.05","","949.94"
"A170920","엘티씨","12","0","KOSDAQ","-3.78","105.28","","109.42"
"A171010","램테크놀러지","12","0","KOSDAQ","-2.23","54.87","","56.12"
"A171090","선익시스템","12","0","KOSDAQ","-1.35","109.8","","111.3"
"A171120","라이온켐텍","12","0","KOSDAQ","-2.15","175.4","","179.25"
"A172670","에이엘티","12","0","외감","","","",""
"A173130","오파스넷","12","0","KONEX","0","21.96","","21.96"
"A173940","에프엔씨엔터","12","0","KOSDAQ","-2.5","117.65","","120.66"
"A174900","앱클론","12","0","KOSDAQ","2.49","392.36","","382.84"
"A175140","아고스","12","0","KOSDAQ","-2.64","66.94","","68.75"
"A175250","아이큐어","12","0","외감","","","",""
"A175330","JB금융지주","12","0","KOSPI","0.17","935.75","","934.19"
"A176750","듀켐바이오","12","0","KONEX","-5.42","68.46","","72.38"
"A177350","베셀","12","0","KOSDAQ","-2.63","62.23","","63.91"
"A177830","파버나인","12","0","KOSDAQ","-0.35","45.79","","45.95"
"A177900","쓰리에이로직스","12","0","외감","","","",""
"A178320","서진시스템","12","0","KOSDAQ","-2.76","220.27","","226.52"
"A178780","일월지엠엘","12","0","KOSDAQ","0.58","89.64","","89.12"
"A178920","PI첨단소재","12","0","KOSDAQ","-5.83","1184.93","","1258.35"
"A179290","엠아이텍","12","0","외감","","","",""
"A179530","애드바이오텍","12","0","외감","","","",""
"A179900","유티아이","12","0","KOSDAQ","-0.94","111.98","","113.04"
"A180400","DXVX","12","0","KOSDAQ","6.52","381.75","","358.39"
"A180640","한진칼","12","0","KOSPI","-1.54","1325.42","","1346.13"
"A181710","NHN","12","0","KOSPI","0.92","1293.25","","1281.51"
"A182360","큐브엔터","12","0","KOSDAQ","-2.03","57.67","","58.86"
"A182400","엔케이젠바이오텍코리아","12","0","KOSDAQ","1.26","494.86","","488.7"
"A183190","아세아시멘트","12","0","KOSPI","-0.2","385.69","","386.46"
"A183300","코미코","12","0","KOSDAQ","0.33","265.88","","265"
"A183490","엔지켐생명과학","12","0","KOSDAQ","6.86","747.84","","699.81"
"A184230","SGA솔루션즈","12","0","KOSDAQ","0","87.59","","87.59"
"A185490","아이진","12","0","KOSDAQ","-1.77","274.25","","279.18"
"A185750","종근당","12","1","KOSPI","1.18","1269.48","","1254.66"
"A186230","그린플러스","12","0","KONEX","2.24","24.78","","24.24"
"A187220","디티앤씨","12","0","KOSDAQ","-5.52","135","","142.88"
"A187270","신화콘텍","12","0","KOSDAQ","-4.23","45.02","","47.01"
"A187420","HLB제넥스","12","0","KOSDAQ","-2.47","288.79","","296.11"
"A187660","페니트리움바이오","12","0","외감","","","",""
"A187790","나노","12","0","KOSDAQ","-5.42","43.82","","46.33"
"A187870","디바이스","12","0","KOSDAQ","-0.5","67.82","","68.16"
"A188040","바이오포트","12","0","외감","","","",""
"A188260","세니젠","12","0","외감","","","",""
"A189300","인텔리안테크","12","0","KOSDAQ","-0.38","94.19","","94.55"
"A189330","씨이랩","12","0","KONEX","0","62.37","","62.37"
"A189690","포시에스","6","0","KOSDAQ","-2.31","54.48","","55.77"
"A189860","서전기전","12","0","KOSDAQ","0","46.55","","46.55"
"A189980","흥국에프엔비","12","0","KOSDAQ","-0.65","67.54","","67.98"
"A190510","나무가","12","0","KOSDAQ","0.25","69.36","","69.18"
"A190650","코리아에셋투자증권","3","0","외감","","","",""
"A191410","육일씨엔에쓰","12","0","KOSDAQ","-0.8","57.2","","57.66"
"A191420","테고사이언스","12","0","KOSDAQ","-2.74","516.78","","531.31"
"A192080","더블유게임즈","12","0","KOSDAQ","-6.62","1166.58","","1249.28"
"A192250","케이사인","12","0","KOSDAQ","-3.33","112.53","","116.41"
"A192390","윈하이텍","12","0","KOSDAQ","0","42.9","","42.9"
"A192400","쿠쿠홀딩스","12","1","KOSPI","0.21","504.48","","503.42"
"A192410","오늘이엔엠","12","0","KOSDAQ","0","150.77","","150.77"
"A192440","슈피겐코리아","12","0","KOSDAQ","0.2","310.82","","310.2"
"A192650","드림텍","12","0","외감","","","",""
"A192820","코스맥스","12","1","KOSPI","-1.64","1507.43","","1532.55"
"A193250","링크드","12","0","KOSDAQ","-3.14","126.87","","130.98"
"A194370","제이에스코퍼레이션","12","0","KOSPI","-0.61","216.04","","217.37"
"A194480","데브시스터즈","12","0","KOSDAQ","0","146.1","","146.1"
"A194700","노바렉스","12","0","외감","","","",""
"A195500","마니커에프앤지","12","0","외감","","","",""
"A195870","해성디에스","12","0","KOSPI","-3.4","313.65","","324.7"
"A195940","HK이노엔","12","0","외감","","","",""
"A195990","루트K","12","0","KOSDAQ","-2","114.47","","116.81"
"A196170","알테오젠","12","0","KOSDAQ","-1.84","302.65","","308.32"
"A196300","HLB펩","12","0","KOSDAQ","4.22","135.65","","130.15"
"A196450","코아시아씨엠","12","0","KOSDAQ","8.65","86.56","","79.67"
"A196490","디에이테크놀로지","12","0","KOSDAQ","-6.99","93.22","","100.22"
"A196700","웹스","12","0","KOSDAQ","-2.08","35.48","","36.23"
"A197140","디지캡","12","0","KONEX","0","25.23","","25.23"
"A198080","캐프","12","0","외감","","","",""
"A198440","강동씨앤엘","12","0","KOSDAQ","0.96","65.42","","64.8"
"A198940","한주라이트메탈","12","0","외감","","","",""
"A199430","케이엔알시스템","12","0","외감","","","",""
"A199480","뱅크웨어글로벌","12","0","외감","","","",""
"A199550","레이저옵텍","12","0","외감","","","",""
"A199730","바이오인프라","12","0","외감","","","",""
"A199800","툴젠","12","0","KONEX","-2.92","856.09","","881.84"
"A199820","제일일렉트릭","12","0","외감","","","",""
"A200130","콜마비앤에이치","12","0","KOSDAQ","-1.44","1008.91","","1023.68"
"A200230","텔콘RF제약","12","0","KOSDAQ","-1.92","1173.39","","1196.4"
"A200350","아티스트스튜디오","12","0","KONEX","-1.64","6.79","","6.9"
"A200470","에이팩트","12","0","KOSDAQ","-2.22","61.96","","63.37"
"A200670","휴메딕스","12","0","KOSDAQ","-2.21","394.18","","403.1"
"A200710","에이디테크놀로지","12","0","KOSDAQ","-3.24","77.38","","79.97"
"A200780","비씨월드제약","12","0","KOSDAQ","-2.3","186.02","","190.41"
"A200880","서연이화","12","0","KOSPI","2.56","237.85","","231.9"
"A201490","미투온","12","0","KOSDAQ","-3.28","265.12","","274.11"
"A203400","에이비온","12","0","KONEX","0.12","91.59","","91.48"
"A203450","유니온바이오메트릭스","12","0","KOSDAQ","-2.45","46.83","","48"
"A203650","드림시큐리티","12","0","KOSDAQ","-1.47","239.9","","243.48"
"A203690","아크솔루션스","12","0","KOSDAQ","-0.96","376.16","","379.79"
"A204020","그리티","12","0","외감","","","",""
"A204270","제이앤티씨","12","0","외감","","","",""
"A204320","HL만도","12","1","KOSPI","4.44","2319.68","","2221.07"
"A204610","티쓰리","12","0","외감","","","",""
"A204620","글로벌텍스프리","12","0","KOSDAQ","-3.57","155.71","","160.62"
"A204840","지엘팜텍","12","0","KOSDAQ","-1.23","153.2","","155.1"
"A205100","엑셈","12","0","KOSDAQ","-2.3","127.01","","130.01"
"A205470","휴마시스","12","0","KOSDAQ","-1.04","50.34","","50.87"
"A205500","넥써쓰","12","0","KOSDAQ","-1.65","220.29","","223.99"
"A206400","베노티앤알","12","0","KOSDAQ","0.21","104.31","","104.08"
"A206560","덱스터","12","0","KOSDAQ","-3.58","205.62","","213.25"
"A206640","바디텍메드","12","0","KOSDAQ","-1.31","440.39","","446.22"
"A206650","유바이오로직스","12","0","KOSDAQ","4.22","205.38","","197.06"
"A207760","미스터블루","12","0","KOSDAQ","-2.18","75.99","","77.68"
"A207940","삼성바이오로직스","12","1","KOSPI","3.6","33281","","32123.11"
"A208140","정다운","12","0","KOSDAQ","0","81.2","","81.2"
"A208350","지란지교시큐리티","12","0","KOSDAQ","-5.65","90.71","","96.14"
"A208370","셀바스헬스케어","12","0","KOSDAQ","-3.54","82.43","","85.46"
"A208640","썸에이지","12","0","KOSDAQ","4.52","360.72","","345.13"
"A208710","포톤","12","0","KOSDAQ","-0.63","64.81","","65.22"
"A208860","다산디엠씨","12","0","KOSDAQ","-1.41","76.77","","77.87"
"A209640","와이제이링크","12","0","외감","","","",""
"A210120","캔버스엔","12","0","KONEX","0","47.75","","47.75"
"A210540","디와이파워","12","0","KOSPI","-6.83","188.26","","202.06"
"A210980","SK디앤디","12","0","KOSPI","-0.35","466.07","","467.69"
"A211050","인카금융서비스","12","0","KONEX","-2.72","14.81","","15.22"
"A211270","AP위성","12","0","KOSDAQ","0","126.88","","126.88"
"A212560","네오오토","12","0","KOSDAQ","-0.17","45.99","","46.07"
"A212710","아이에스티이","12","0","외감","","","",""
"A213420","덕산네오룩스","12","0","KOSDAQ","0","379.36","","379.36"
"A213500","한솔제지","12","0","KOSPI","-0.32","373.67","","374.86"
"A214150","클래시스","12","0","KOSDAQ","0","387.03","","387.03"
"A214180","헥토이노베이션","12","0","KOSDAQ","-3.16","272.8","","281.71"
"A214260","라파스","12","0","외감","","","",""
"A214270","FSN","12","0","KOSDAQ","-3.14","234.3","","241.89"
"A214320","이노션","12","1","KOSPI","-0.15","1298","","1300"
"A214330","금호에이치티","12","0","KOSPI","-0.74","45.8","","46.14"
"A214370","케어젠","12","0","KOSDAQ","8.87","1094.71","","1005.54"
"A214390","경보제약","12","0","KOSPI","1.62","374.14","","368.17"
"A214420","토니모리","12","0","KOSPI","-3.94","322.81","","336.04"
"A214430","아이쓰리시스템","12","0","KOSDAQ","0","161.1","","161.1"
"A214450","파마리서치","12","0","KOSDAQ","-1.99","514.02","","524.43"
"A214610","롤링스톤","12","0","KONEX","2.94","63.72","","61.9"
"A214680","디알텍","12","0","KOSDAQ","-4.18","92.23","","96.25"
"A215000","골프존","12","0","KOSDAQ","-1.01","277.69","","280.51"
"A215090","솔디펜스","12","0","KOSDAQ","-2.37","52.28","","53.55"
"A215100","로보로보","12","0","KOSDAQ","-0.62","65.96","","66.37"
"A215200","메가스터디교육","12","0","KOSDAQ","1.44","246.38","","242.9"
"A215360","우리산업","12","0","KOSDAQ","-0.45","305.01","","306.38"
"A215380","콜마바이오텍","12","0","KOSDAQ","-1.53","93.45","","94.91"
"A215480","토박스코리아","12","0","KOSDAQ","-1.61","55.47","","56.37"
"A215600","신라젠","12","0","KOSDAQ","1.9","7303.5","","7167.11"
"A215790","이노인스트루먼트","12","0","KOSDAQ","-0.99","200.88","","202.89"
"A216050","인크로스","12","0","KOSDAQ","-2.15","233.42","","238.54"
"A216080","제테마","12","0","외감","","","",""
"A217190","제너셈","12","0","KOSDAQ","-1.5","28.72","","29.16"
"A217270","넵튠","12","0","KOSDAQ","-3.46","265.61","","275.13"
"A217330","싸이토젠","12","0","외감","","","",""
"A217480","에스디생명공학","12","0","KOSDAQ","-3.19","406.5","","419.9"
"A217500","러셀","12","0","KOSDAQ","2.08","12.83","","12.56"
"A217590","티엠씨","12","0","외감","","","",""
"A217730","강스템바이오텍","12","0","KOSDAQ","-3.35","282.5","","292.3"
"A217820","원익피앤이","12","0","KOSDAQ","0","85.02","","85.02"
"A218150","미래생명자원","12","0","KOSDAQ","-3.59","80.46","","83.45"
"A218410","RFHIC","12","0","KOSDAQ","-1.38","395.8","","401.35"
"A219130","타이거일렉","12","0","KOSDAQ","-2.52","41.55","","42.62"
"A219420","링크제니시스","12","0","KOSDAQ","3.9","120","","115.5"
"A219550","디와이디","12","0","KOSDAQ","-7.34","139.8","","150.89"
"A219750","한국비티비","12","0","KONEX","-4.58","58.08","","60.87"
"A220100","퓨쳐켐","12","0","KOSDAQ","-2.25","109.91","","112.44"
"A220180","폴라리스AI핸디","12","0","KOSDAQ","-1.14","38.81","","39.26"
"A220260","켐트로스","12","0","KOSDAQ","-0.63","94.38","","94.98"
"A221800","지구홀딩스","12","0","KONEX","2.69","25.37","","24.71"
"A221840","하이즈항공","12","0","KOSDAQ","-0.28","125.47","","125.82"
"A221980","케이디켐","12","0","KOSDAQ","0.34","58.71","","58.5"
"A222040","코스맥스엔비티","12","0","KOSDAQ","-2.99","502.29","","517.76"
"A222080","SFA넥셀","12","0","KOSDAQ","-3.75","123.87","","128.7"
"A222110","팬젠","12","0","KOSDAQ","-1.81","182.7","","186.07"
"A222160","NPX","12","0","KONEX","-3","16.09","","16.59"
"A222420","쎄노텍","12","0","KOSDAQ","-0.77","101.09","","101.88"
"A222800","심텍","12","0","KOSDAQ","-2.31","192.26","","196.81"
"A222980","한국맥널티","12","0","KOSDAQ","-0.4","61.94","","62.19"
"A223250","드림씨아이에스","12","0","외감","","","",""
"A223310","사토시홀딩스","12","0","KOSDAQ","8.21","88.98","","82.22"
"A224060","더코디","12","0","KOSDAQ","-1.22","150.69","","152.55"
"A224110","에이텍모빌리티","12","0","KOSDAQ","-0.88","60.08","","60.61"
"A225190","LK삼양","12","0","KOSDAQ","-0.58","170","","171"
"A225220","제놀루션","12","0","KONEX","0.24","24.1","","24.04"
"A225430","케이엠제약","12","0","KOSDAQ","0","9.5","","9.5"
"A225530","HC보광산업","12","0","KOSDAQ","-1.81","187.52","","190.96"
"A225570","넥슨게임즈","12","0","KOSDAQ","-1.72","363.52","","369.89"
"A225590","패션플랫폼","12","0","KOSDAQ","-3.78","43.37","","45.07"
"A226320","잇츠한불","12","0","KOSPI","-0.78","1388.13","","1399.09"
"A226330","신테카바이오","12","0","외감","","","",""
"A226340","본느","12","0","KOSDAQ","-0.5","13.07","","13.13"
"A226400","오스테오닉","12","0","KOSDAQ","-2.66","61.83","","63.52"
"A226590","엠디바이스","12","0","외감","","","",""
"A226950","올릭스","12","0","외감","","","",""
"A227100","프로브잇","12","0","외감","","","",""
"A227610","아우딘퓨쳐스","12","0","KOSDAQ","-3.93","159","","165.5"
"A227840","현대코퍼레이션홀딩스","12","0","KOSPI","-1.44","124.23","","126.05"
"A227950","엔투텍","12","0","KOSDAQ","-0.5","15.18","","15.25"
"A228340","동양파일","12","0","KOSDAQ","-0.11","91.7","","91.8"
"A228670","레이","12","0","외감","","","",""
"A228760","지노믹트리","12","0","KONEX","2.28","348.77","","341.01"
"A228850","레이언스","12","0","KOSDAQ","1.93","306.93","","301.13"
"A229000","젠큐릭스","12","0","KONEX","-1.95","98.76","","100.73"
"A229640","LS에코에너지","12","0","KOSPI","-1.26","216.52","","219.27"
"A230240","에치에프알","12","0","KOSDAQ","0","16.12","","16.12"
"A230360","에코마케팅","12","0","KOSDAQ","-2.51","151.3","","155.19"
"A232140","와이씨","12","0","KOSDAQ","-1.48","308.63","","313.27"
"A232680","라온로보틱스","12","0","KONEX","1.98","43.57","","42.73"
"A232830","아이티센피엔에스","12","0","KONEX","2.89","12.22","","11.88"
"A234030","싸이닉솔루션","12","0","외감","","","",""
"A234080","JW생명과학","12","0","KOSPI","-3.09","471.08","","486.12"
"A234100","폴라리스세원","12","0","KOSDAQ","1.17","28.34","","28.01"
"A234300","에스트래픽","12","0","KOSDAQ","-3.9","176.43","","183.59"
"A234340","헥토파이낸셜","12","0","외감","","","",""
"A234690","녹십자웰빙","12","0","외감","","","",""
"A234920","자이글","12","0","KOSDAQ","-2.33","85.24","","87.27"
"A235980","메드팩토","12","0","외감","","","",""
"A236200","슈프리마","12","0","KOSDAQ","-1.84","169.57","","172.76"
"A236810","엔비티","12","0","외감","","","",""
"A237690","에스티팜","12","0","KOSDAQ","1.26","823.66","","813.4"
"A237750","피앤씨테크","12","0","KOSDAQ","7.09","62.82","","58.66"
"A237820","플레이디","12","0","외감","","","",""
"A237880","클리오","12","0","KOSDAQ","3.65","601.66","","580.47"
"A238090","앤디포스","12","0","KOSDAQ","-2.64","105.48","","108.35"
"A238120","얼라인드","12","0","KOSDAQ","4.73","63.63","","60.75"
"A238200","비피도","12","0","외감","","","",""
"A238490","힘스","12","0","KOSDAQ","-1.6","80.76","","82.08"
"A239340","이스트에이드","12","0","KOSDAQ","-0.98","9.74","","9.84"
"A239610","에이치엘사이언스","12","0","KOSDAQ","1.49","157.86","","155.55"
"A239890","피엔에이치테크","12","0","KONEX","-2.7","18.54","","19.05"
"A240550","동방메디컬","12","0","외감","","","",""
"A240600","유진테크놀로지","12","0","외감","","","",""
"A240810","원익IPS","12","0","KOSDAQ","-2.53","1271.22","","1304.24"
"A241520","DSC인베스트먼트","12","0","KOSDAQ","-1.65","93.63","","95.2"
"A241560","두산밥캣","12","0","KOSPI","-0.32","3077.65","","3087.67"
"A241590","화승엔터프라이즈","12","0","KOSPI","-2.46","599.31","","614.45"
"A241690","유니테크노","12","0","KOSDAQ","0","196.21","","196.21"
"A241710","코스메카코리아","12","0","KOSDAQ","-2.17","336.95","","344.43"
"A241770","메카로","12","0","KOSDAQ","-0.86","345.85","","348.84"
"A241790","티이엠씨씨엔에스","12","0","KOSDAQ","-1.5","89.79","","91.16"
"A241820","피씨엘","12","0","KOSDAQ","2.06","154.34","","151.21"
"A241840","에이스토리","12","0","외감","","","",""
"A242040","나무에이엑스","12","0","KOSDAQ","0","14.18","","14.18"
"A243070","휴온스","12","0","KOSDAQ","-2.25","671","","686.47"
"A243840","신흥에스이씨","12","0","KOSDAQ","-5.3","228.33","","241.1"
"A244460","올리패스","12","0","외감","","","",""
"A244920","에이플러스에셋","12","0","외감","","","",""
"A245620","EDGC","12","0","외감","","","",""
"A246250","에스엘에스바이오","12","0","KONEX","-0.13","46.52","","46.58"
"A246690","TS인베스트먼트","12","0","KOSDAQ","-1.22","90.47","","91.59"
"A246710","티앤알바이오팹","12","0","외감","","","",""
"A246720","아스타","12","0","KOSDAQ","1.05","135.4","","133.99"
"A246960","SCL사이언스","12","0","외감","","","",""
"A247540","에코프로비엠","12","0","외감","","","",""
"A247660","나노씨엠에스","12","0","외감","","","",""
"A248070","솔루엠","12","0","외감","","","",""
"A248170","샘표식품","12","0","KOSPI","-2.13","178.16","","182.05"
"A249420","일동제약","12","0","KOSPI","-1.94","496.62","","506.44"
"A250000","보라티알","12","0","KOSDAQ","-0.36","94.51","","94.85"
"A250060","모비스","12","0","KOSDAQ","0.59","47.99","","47.71"
"A250930","예선테크","12","0","KOSDAQ","-1.22","10.52","","10.65"
"A251120","바이오에프디엔씨","12","0","외감","","","",""
"A251270","넷마블","12","1","KOSPI","-7.86","12456.57","","13519.42"
"A251370","와이엠티","12","0","KOSDAQ","-0.16","232.15","","232.52"
"A251630","브이원텍","12","0","KOSDAQ","-2.98","216.19","","222.82"
"A251970","펌텍코리아","12","0","외감","","","",""
"A252500","세화피앤씨","12","0","KOSDAQ","-8.01","122.45","","133.11"
"A252990","샘씨엔에스","12","0","외감","","","",""
"A253450","스튜디오드래곤","12","0","KOSDAQ","-4.06","2652.32","","2764.47"
"A253590","네오셈","12","0","KOSDAQ","","10.96","",""
"A253840","수젠텍","12","0","KONEX","0","37.84","","37.84"
"A254120","자비스","12","0","KOSDAQ","-0.71","9.43","","9.5"
"A254490","미래반도체","12","0","외감","","","",""
"A255220","SG","12","0","KOSDAQ","-0.38","66.28","","66.53"
"A255440","야스","12","0","KOSDAQ","-2.87","306.44","","315.49"
"A256150","한독크린텍","12","0","외감","","","",""
"A256630","포인트엔지니어링","12","0","KOSDAQ","0","14.04","","14.04"
"A256840","한국비엔씨","12","0","KOSDAQ","0","13.66","","13.66"
"A256940","킵스파마","12","0","KOSDAQ","-1.56","54.02","","54.87"
"A257370","피엔티엠에스","12","0","외감","","","",""
"A257720","실리콘투","12","0","외감","","","",""
"A258610","케일럼","12","0","KOSDAQ","-1.43","40.82","","41.41"
"A258790","소프트캠프","12","0","KOSDAQ","-1.9","6.63","","6.76"
"A258830","세종메디칼","12","0","외감","","","",""
"A259630","엠플러스","12","0","KOSDAQ","-5.45","159.75","","168.95"
"A259960","크래프톤","12","0","외감","","","",""
"A260660","알리코제약","12","0","KOSDAQ","-0.93","205.35","","207.26"
"A260930","씨티케이","12","0","KOSDAQ","-2.35","378.06","","387.17"
"A260970","에스앤디","12","0","KONEX","9.83","26.11","","23.78"
"A261200","덴티스","12","0","KOSDAQ","-0.74","8.54","","8.61"
"A261520","이지스","12","0","외감","","","",""
"A261780","아리바이오랩","12","0","외감","","","",""
"A262260","에이프로","12","0","외감","","","",""
"A262840","아이퀘스트","12","0","외감","","","",""
"A263020","디케이앤디","12","0","외감","","","",""
"A263050","유틸렉스","12","0","외감","","","",""
"A263600","덕우전자","12","0","KOSDAQ","-1.91","104.21","","106.24"
"A263690","디알젬","12","0","외감","","","",""
"A263700","케어랩스","12","0","KOSDAQ","-3.21","324.57","","335.33"
"A263720","디앤씨미디어","12","0","KOSDAQ","2.49","173.4","","169.18"
"A263750","펄어비스","12","0","KOSDAQ","0.62","2944.18","","2926.08"
"A263770","유에스티","12","0","KOSDAQ","3.8","102.74","","98.97"
"A263800","데이타솔루션","12","0","KOSDAQ","-0.91","67.04","","67.65"
"A263810","상신전자","12","0","KOSDAQ","0","79.2","","79.2"
"A263860","지니언스","12","0","KOSDAQ","5.15","69.43","","66.03"
"A263920","휴엠앤씨","12","0","KOSDAQ","4.8","61.91","","59.07"
"A264450","유비쿼스","12","0","KOSDAQ","-2.67","111.96","","115.03"
"A264660","씨앤지하이테크","12","0","KOSDAQ","-2.74","59.68","","61.36"
"A264850","이랜시스","12","0","KOSDAQ","0","9.06","","9.06"
"A264900","크라운제과","12","0","KOSPI","-2.29","160.31","","164.06"
"A265520","AP시스템","12","0","KOSDAQ","-3.46","348.87","","361.38"
"A265560","영화테크","12","0","KOSDAQ","1.47","74.03","","72.96"
"A265740","엔에프씨","12","0","외감","","","",""
"A267250","HD현대","12","1","KOSPI","-1.92","6661.23","","6791.52"
"A267260","HD현대일렉트릭","12","0","KOSPI","-2.63","792.99","","814.42"
"A267270","HD건설기계","12","0","KOSPI","-0.59","1654.28","","1664.16"
"A267290","경동도시가스","12","0","KOSPI","2.05","188.21","","184.44"
"A267320","나인테크","12","0","KOSDAQ","0","8.2","","8.2"
"A267790","배럴","12","0","KOSDAQ","4.33","121.59","","116.54"
"A267850","아시아나IDT","12","0","외감","","","",""
"A267980","매일유업","12","0","KOSDAQ","0.58","528.02","","524.98"
"A268280","미원에스씨","12","0","KOSPI","0","312.3","","312.3"
"A269620","시스웍","12","0","KOSDAQ","-1.7","57.24","","58.23"
"A270520","앱튼","12","0","KOSDAQ","-0.5","9.2","","9.25"
"A270660","에브리봇","12","0","KONEX","0","21.91","","21.91"
"A270870","뉴트리","12","0","외감","","","",""
"A271560","오리온","12","1","KOSPI","-5.54","5060.29","","5356.79"
"A271830","팸텍","12","0","외감","","","",""
"A271940","일진하이솔루스","12","0","외감","","","",""
"A271980","제일약품","12","0","KOSPI","-1.28","650.23","","658.63"
"A272110","케이엔제이","12","0","외감","","","",""
"A272210","한화시스템","12","0","외감","","","",""
"A272290","이녹스첨단소재","12","0","KOSDAQ","-2.52","539.14","","553.07"
"A272450","진에어","12","0","KOSPI","-0.3","1002","","1005"
"A272550","삼양패키징","12","0","KOSPI","-1.68","291.3","","296.27"
"A273060","와이즈버즈","12","0","KOSDAQ","0","15.13","","15.13"
"A273640","와이엠텍","12","0","외감","","","",""
"A274090","켄코아에어로스페이스","12","0","외감","","","",""
"A274400","이노시뮬레이션","12","0","외감","","","",""
"A275630","에스에스알","12","0","외감","","","",""
"A276040","스코넥","12","0","외감","","","",""
"A276730","한울앤제주","12","0","외감","","","",""
"A277070","린드먼아시아","12","0","KOSDAQ","1.86","133.38","","130.95"
"A277410","인산가","12","0","KOSDAQ","0","6.04","","6.04"
"A277810","레인보우로보틱스","12","0","외감","","","",""
"A277880","티에스아이","12","0","KONEX","0","33.12","","33.12"
"A278280","천보","12","0","외감","","","",""
"A278470","에이피알","12","0","외감","","","",""
"A278650","HLB바이오스텝","12","0","외감","","","",""
"A279570","케이뱅크","12","0","외감","","","",""
"A279600","미디어젠","12","0","KONEX","1.94","29","","28.45"
"A280360","롯데웰푸드","12","0","KOSPI","-1.4","740.8","","751.32"
"A281740","레이크머티리얼즈","12","0","KOSDAQ","0","9.66","","9.66"
"A281820","케이씨텍","12","0","KOSPI","-3.91","414.64","","431.51"
"A282330","BGF리테일","12","1","KOSPI","-1.4","3050.61","","3093.82"
"A282720","금양그린파워","12","0","외감","","","",""
"A282880","코윈테크","12","0","외감","","","",""
"A284620","카이노스메드","12","0","외감","","","",""
"A284740","쿠쿠홈시스","12","0","KOSPI","-1.63","812.23","","825.69"
"A285130","SK케미칼","12","1","KOSPI","-0.96","1192.72","","1204.3"
"A285490","노바텍","12","0","외감","","","",""
"A285800","진영","12","0","외감","","","",""
"A286750","나노실리칸첨단소재","12","0","외감","","","",""
"A286940","롯데이노베이트","12","0","외감","","","",""
"A287840","인투셀","12","0","외감","","","",""
"A288180","케이피항공산업","12","0","외감","","","",""
"A288330","파라택시스코리아","12","0","외감","","","",""
"A288620","에스프리즘","12","0","외감","","","",""
"A288980","모아데이타","12","0","외감","","","",""
"A289010","아이스크림에듀","12","0","외감","","","",""
"A289080","SV인베스트먼트","3","0","외감","","","",""
"A289220","자이언트스텝","12","0","외감","","","",""
"A289930","웨이비스","12","0","외감","","","",""
"A290090","트윔","12","0","외감","","","",""
"A290120","DH오토리드","12","0","외감","","","",""
"A290270","휴네시온","12","0","외감","","","",""
"A290520","신도기연","12","0","외감","","","",""
"A290550","디케이티","12","0","외감","","","",""
"A290560","파라택시스이더리움","12","0","외감","","","",""
"A290650","엘앤씨바이오","12","0","외감","","","",""
"A290660","다이나믹솔루션","12","0","외감","","","",""
"A290670","대보마그네틱","12","0","외감","","","",""
"A290690","아리바이오홀딩스","12","0","외감","","","",""
"A290720","푸드나무","12","0","외감","","","",""
"A290740","액트로","12","0","외감","","","",""
"A291230","엔피","12","0","외감","","","",""
"A291650","압타머사이언스","12","0","외감","","","",""
"A291810","핀텔","12","0","외감","","","",""
"A293480","하나제약","12","0","외감","","","",""
"A293490","카카오게임즈","12","0","외감","","","",""
"A293580","나우IB","12","0","외감","","","",""
"A293780","압타바이오","12","0","외감","","","",""
"A294090","이오플로우","12","0","외감","","","",""
"A294140","레몬","12","0","외감","","","",""
"A294570","쿠콘","12","0","외감","","","",""
"A294630","서남","12","0","외감","","","",""
"A294870","IPARK현대산업개발","12","0","외감","","","",""
"A295310","에이치브이엠","12","0","외감","","","",""
"A296640","이노에이엑스","12","0","외감","","","",""
"A297090","씨에스베어링","12","0","외감","","","",""
"A297570","아틀라스링크","12","0","외감","","","",""
"A297890","HB솔루션","12","0","외감","","","",""
"A298000","효성화학","12","0","외감","","","",""
"A298020","효성티앤씨","12","0","외감","","","",""
"A298040","효성중공업","12","0","외감","","","",""
"A298050","HS효성첨단소재","12","0","외감","","","",""
"A298060","풍전약품","12","0","외감","","","",""
"A298380","에이비엘바이오","12","0","외감","","","",""
"A298540","더네이쳐홀딩스","12","0","외감","","","",""
"A298690","에어부산","12","0","외감","","","",""
"A298830","슈어소프트테크","12","0","외감","","","",""
"A299030","하나기술","12","0","외감","","","",""
"A299170","더블유에스아이","12","0","외감","","","",""
"A299660","셀리드","12","0","외감","","","",""
"A299900","위지윅스튜디오","12","0","외감","","","",""
"A300080","플리토","12","0","외감","","","",""
"A300120","라온피플","12","0","외감","","","",""
"A300720","한일시멘트","12","0","외감","","","",""
"A301300","바이브컴퍼니","12","0","외감","","","",""
"A302430","이노메트리","12","0","외감","","","",""
"A302440","SK바이오사이언스","12","0","외감","","","",""
"A302550","리메드","12","0","외감","","","",""
"A303030","지니틱스","12","0","외감","","","",""
"A303360","프로티아","12","0","외감","","","",""
"A303530","이노뎁","12","0","외감","","","",""
"A303810","동국생명과학","12","0","외감","","","",""
"A304100","솔트룩스","12","0","외감","","","",""
"A304360","에스바이오메딕스","12","0","외감","","","",""
"A304840","피플바이오","12","0","외감","","","",""
"A305090","마이크로디지탈","12","0","외감","","","",""
"A306040","에스제이그룹","12","0","외감","","","",""
"A306200","세아제강","12","0","외감","","","",""
"A306620","지아이에스","12","0","외감","","","",""
"A307180","아이엘","12","0","외감","","","",""
"A307280","원바이오젠","12","0","외감","","","",""
"A307750","국전","12","0","외감","","","",""
"A307870","비투엔","12","0","외감","","","",""
"A307930","컴퍼니케이","12","0","외감","","","",""
"A307950","현대오토에버","12","0","외감","","","",""
"A308080","바이젠셀","12","0","외감","","","",""
"A308100","형지글로벌","12","0","외감","","","",""
"A308170","씨티알모빌리티","12","0","외감","","","",""
"A308430","셀비온","12","0","외감","","","",""
"A309710","아이티켐","12","0","외감","","","",""
"A309930","조이웍스앤코","12","0","외감","","","",""
"A309960","LB인베스트먼트","12","0","외감","","","",""
"A310200","애니플러스","12","0","외감","","","",""
"A310210","보로노이","12","0","외감","","","",""
"A310870","디와이씨","12","0","외감","","","",""
"A311320","지오엘리먼트","12","0","외감","","","",""
"A311390","네오크레마","12","0","외감","","","",""
"A311690","CJ 바이오사이언스","12","0","외감","","","",""
"A312610","에이에프더블류","12","0","외감","","","",""
"A313760","캐리","12","0","외감","","","",""
"A314130","지놈앤컴퍼니","12","0","외감","","","",""
"A314140","알피바이오","12","0","외감","","","",""
"A314930","바이오다인","12","0","외감","","","",""
"A315640","딥노이드","12","0","외감","","","",""
"A316140","우리금융지주","12","0","외감","","","",""
"A317120","라닉스","12","0","외감","","","",""
"A317240","TS트릴리온","12","0","외감","","","",""
"A317330","덕산테코피아","12","0","외감","","","",""
"A317400","자이에스앤디","12","0","외감","","","",""
"A317450","명인제약","12","0","외감","","","",""
"A317530","에피소드컴퍼니","12","0","외감","","","",""
"A317690","퀀타매트릭스","12","0","외감","","","",""
"A317770","엑스페릭스","12","0","외감","","","",""
"A317830","에스피시스템스","12","0","외감","","","",""
"A317850","대모","12","0","외감","","","",""
"A317870","엔바이오니아","12","0","외감","","","",""
"A318000","KBG","12","0","외감","","","",""
"A318010","팜스빌","12","0","외감","","","",""
"A318020","포인트모바일","12","0","외감","","","",""
"A318060","그래피","12","0","외감","","","",""
"A318160","셀바이오휴먼텍","12","0","외감","","","",""
"A318410","비비씨","12","0","외감","","","",""
"A319400","현대무벡스","12","0","외감","","","",""
"A319660","피에스케이","12","0","외감","","","",""
"A320000","한울반도체","12","0","외감","","","",""
"A321260","프로이천","12","0","외감","","","",""
"A321370","센서뷰","12","0","외감","","","",""
"A321550","티움바이오","12","0","외감","","","",""
"A321820","아티스트컴퍼니","12","0","외감","","","",""
"A322000","HD현대에너지솔루션","12","0","외감","","","",""
"A322180","LS티라유텍","12","0","외감","","","",""
"A322310","오로스테크놀로지","12","0","외감","","","",""
"A322510","제이엘케이","12","0","외감","","","",""
"A322780","코퍼스코리아","12","0","외감","","","",""
"A323280","태성","12","0","외감","","","",""
"A323350","다원넥스뷰","12","0","외감","","","",""
"A323410","카카오뱅크","12","0","외감","","","",""
"A323990","박셀바이오","12","0","외감","","","",""
"A326030","SK바이오팜","12","0","외감","","","",""
"A327260","RF머트리얼즈","12","0","외감","","","",""
"A328130","루닛","12","0","외감","","","",""
"A328380","솔트웨어","12","0","외감","","","",""
"A329180","HD현대중공업","12","0","외감","","","",""
"A330350","위더스제약","12","0","외감","","","",""
"A330730","스톤브릿지벤처스","12","0","외감","","","",""
"A330860","네패스아크","12","0","외감","","","",""
"A331380","포커스에이아이","12","0","외감","","","",""
"A331520","밸로프","12","0","외감","","","",""
"A331740","아우토크립트","12","0","외감","","","",""
"A331920","셀레믹스","12","0","외감","","","",""
"A332290","누보","12","0","외감","","","",""
"A332370","아이디피","12","0","외감","","","",""
"A332570","PS일렉트로닉스","12","0","외감","","","",""
"A333050","이노테나","12","0","외감","","","",""
"A333430","일승","12","0","외감","","","",""
"A333620","엔시스","12","0","외감","","","",""
"A334970","프레스티지바이오로직스","6","0","외감","","","",""
"A335810","프리시젼바이오","12","0","외감","","","",""
"A335870","윙스풋","12","0","외감","","","",""
"A336060","웨이버스","12","0","외감","","","",""
"A336260","두산퓨얼셀","12","0","외감","","","",""
"A336370","솔루스첨단소재","12","0","외감","","","",""
"A336570","원텍","12","0","외감","","","",""
"A336680","탑런토탈솔루션","12","0","외감","","","",""
"A337930","젝시믹스","12","0","외감","","","",""
"A338220","뷰노","12","0","외감","","","",""
"A338840","와이바이오로직스","12","0","외감","","","",""
"A339770","교촌에프앤비","12","0","외감","","","",""
"A339950","아이비김영","12","0","외감","","","",""
"A340360","다보링크","12","0","외감","","","",""
"A340440","세림B&G","12","0","외감","","","",""
"A340450","지씨지놈","12","0","외감","","","",""
"A340570","티앤엘","12","0","외감","","","",""
"A340810","시선AI","12","0","외감","","","",""
"A340930","성원에너텍","12","0","외감","","","",""
"A342870","오아","12","0","외감","","","",""
"A344820","KCC글라스","12","0","외감","","","",""
"A344860","이노진","12","0","외감","","","",""
"A347000","센코","12","0","외감","","","",""
"A347700","스피어","12","0","외감","","","",""
"A347740","피엔케이피부임상연구센타","12","0","외감","","","",""
"A347770","핌스","12","0","외감","","","",""
"A347850","디앤디파마텍","12","0","외감","","","",""
"A347860","알체라","12","0","외감","","","",""
"A347890","엠엑스온","12","0","외감","","","",""
"A348030","모비릭스","12","0","외감","","","",""
"A348080","큐라티스","12","0","외감","","","",""
"A348150","고바이오랩","12","0","외감","","","",""
"A348210","넥스틴","12","0","외감","","","",""
"A348340","뉴로메카","12","0","외감","","","",""
"A348350","위드텍","12","0","외감","","","",""
"A348370","엔켐","12","0","외감","","","",""
"A351320","넥사다이내믹스","12","0","외감","","","",""
"A351330","이삭엔지니어링","12","0","외감","","","",""
"A351870","차이커뮤니케이션","12","0","외감","","","",""
"A352090","스톰테크","12","0","외감","","","",""
"A352480","씨앤씨인터내셔널","12","0","외감","","","",""
"A352700","씨앤투스","12","0","외감","","","",""
"A352770","셀레스트라","12","0","외감","","","",""
"A352820","하이브","12","0","외감","","","",""
"A352910","오비고","12","0","외감","","","",""
"A352940","인바이오","12","0","외감","","","",""
"A353190","휴럼","12","0","외감","","","",""
"A353200","대덕전자","12","0","외감","","","",""
"A353590","오토앤","12","0","외감","","","",""
"A353810","이지바이오","12","0","외감","","","",""
"A354200","엔젠바이오","12","0","외감","","","",""
"A354320","알멕","12","0","외감","","","",""
"A355150","코스텍시스","12","0","외감","","","",""
"A355390","크라우드웍스","12","0","외감","","","",""
"A355690","에이텀","12","0","외감","","","",""
"A356680","엑스게이트","12","0","외감","","","",""
"A356860","티엘비","12","0","외감","","","",""
"A356890","싸이버원","12","0","외감","","","",""
"A357230","에이치피오","12","0","외감","","","",""
"A357550","석경에이티","12","0","외감","","","",""
"A357580","아모센스","12","0","외감","","","",""
"A357780","솔브레인","12","0","외감","","","",""
"A357880","SKAI","12","0","외감","","","",""
"A358570","지아이이노베이션","12","0","외감","","","",""
"A359090","씨엔알리서치","12","0","외감","","","",""
"A360070","탑머티리얼","12","0","외감","","","",""
"A360350","코셈","12","0","외감","","","",""
"A361390","제노코","12","0","외감","","","",""
"A361570","알비더블유","12","0","외감","","","",""
"A361610","SK아이이테크놀로지","12","0","외감","","","",""
"A361670","삼영에스앤씨","12","0","외감","","","",""
"A362320","청담글로벌","12","0","외감","","","",""
"A362990","드림인사이트","12","0","외감","","","",""
"A363250","진시스템","12","0","외감","","","",""
"A363260","모비데이즈","12","0","외감","","","",""
"A363280","티와이홀딩스","12","0","외감","","","",""
"A364950","에이아이코리아","12","0","외감","","","",""
"A365270","큐라클","12","0","외감","","","",""
"A365330","에스와이스틸텍","12","0","외감","","","",""
"A365340","성일하이텍","12","0","외감","","","",""
"A365590","하이딥","12","0","외감","","","",""
"A365900","브이씨","12","0","외감","","","",""
"A366030","나인앤컴퍼니","12","0","외감","","","",""
"A367000","플래티어","12","0","외감","","","",""
"A368600","아이씨에이치","12","0","외감","","","",""
"A368770","파이버프로","12","0","외감","","","",""
"A368970","오에스피","12","0","외감","","","",""
"A369370","블리츠웨이엔터테인먼트","12","0","외감","","","",""
"A370090","퓨런티어","12","0","외감","","","",""
"A371950","풍원정밀","12","0","외감","","","",""
"A372170","윤성에프앤씨","12","0","외감","","","",""
"A372320","큐로셀","12","0","외감","","","",""
"A372800","아이티아이즈","12","0","외감","","","",""
"A372910","한컴라이프케어","12","0","외감","","","",""
"A373110","엑셀세라퓨틱스","12","0","외감","","","",""
"A373160","데이원컴퍼니","12","0","외감","","","",""
"A373170","엠아이큐브솔루션","12","0","외감","","","",""
"A373200","엑스플러스","12","0","외감","","","",""
"A373220","LG에너지솔루션","12","0","외감","","","",""
"A375500","DL이앤씨","12","0","외감","","","",""
"A376180","피코그램","12","0","외감","","","",""
"A376270","HEM파마","12","0","외감","","","",""
"A376290","씨유테크","12","0","외감","","","",""
"A376300","디어유","12","0","외감","","","",""
"A376900","로킷헬스케어","12","0","외감","","","",""
"A376930","노을","12","0","외감","","","",""
"A376980","원티드랩","12","0","외감","","","",""
"A377030","비트맥스","12","0","외감","","","",""
"A377220","프롬바이오","12","0","외감","","","",""
"A377300","카카오페이","12","0","외감","","","",""
"A377330","이지트로닉스","12","0","외감","","","",""
"A377450","리파인","12","0","외감","","","",""
"A377460","큐에이드","12","0","외감","","","",""
"A377480","마음AI","12","0","외감","","","",""
"A377740","바이오노트","12","0","외감","","","",""
"A378340","필에너지","12","0","외감","","","",""
"A378800","샤페론","12","0","외감","","","",""
"A378850","화승알앤에이","12","0","외감","","","",""
"A380540","옵티코어","12","0","외감","","","",""
"A380550","뉴로핏","12","0","외감","","","",""
"A381620","제닉스로보틱스","12","0","외감","","","",""
"A381970","케이카","12","0","외감","","","",""
"A382150","온코크로스","12","0","외감","","","",""
"A382480","지아이텍","12","0","외감","","","",""
"A382800","지앤비에스 에코","12","0","외감","","","",""
"A382840","원준","12","0","외감","","","",""
"A382900","범한퓨얼셀","12","0","외감","","","",""
"A383220","F&F","12","0","외감","","","",""
"A383310","에코프로에이치엔","12","0","외감","","","",""
"A383800","LX홀딩스","12","0","외감","","","",""
"A383930","디티앤씨알오","12","0","외감","","","",""
"A384470","코어라인소프트","12","0","외감","","","",""
"A387570","파인메딕스","12","0","외감","","","",""
"A388050","지투파워","12","0","외감","","","",""
"A388210","씨엠티엑스","12","0","외감","","","",""
"A388610","지에프씨생명과학","12","0","외감","","","",""
"A388720","유일로보틱스","12","0","외감","","","",""
"A388790","라이콤","12","0","외감","","","",""
"A388870","파로스아이바이오","12","0","외감","","","",""
"A389020","자람테크놀로지","12","0","외감","","","",""
"A389030","지니너스","12","0","외감","","","",""
"A389140","포바이포","12","0","외감","","","",""
"A389260","대명에너지","12","0","외감","","","",""
"A389470","인벤티지랩","12","0","외감","","","",""
"A389500","에스비비테크","12","0","외감","","","",""
"A389650","넥스트바이오메디컬","12","0","외감","","","",""
"A389680","유디엠텍","12","0","외감","","","",""
"A391710","코닉오토메이션","12","0","외감","","","",""
"A393210","토마토시스템","12","0","외감","","","",""
"A393890","더블유씨피","12","0","외감","","","",""
"A393970","대진첨단소재","12","0","외감","","","",""
"A394280","오픈엣지테크놀로지","12","0","외감","","","",""
"A394420","리센스메디컬","12","0","외감","","","",""
"A394800","쓰리빌리언","12","0","외감","","","",""
"A396270","넥스트칩","12","0","외감","","","",""
"A396300","세아메카닉스","12","0","외감","","","",""
"A396470","워트","12","0","외감","","","",""
"A397030","에이프릴바이오","12","0","외감","","","",""
"A397810","애드포러스","12","0","외감","","","",""
"A398120","에스지헬스케어","12","0","외감","","","",""
"A399720","가온칩스","12","0","외감","","","",""
"A402030","코난테크놀로지","12","0","외감","","","",""
"A402340","SK스퀘어","12","0","외감","","","",""
"A402490","그린리소스","12","0","외감","","","",""
"A403490","우듬지팜","12","0","외감","","","",""
"A403550","쏘카","12","0","외감","","","",""
"A403850","더핑크퐁컴퍼니","12","0","외감","","","",""
"A403870","HPSP","12","0","외감","","","",""
"A405000","플라즈맵","12","0","외감","","","",""
"A405100","큐알티","12","0","외감","","","",""
"A405920","나라셀라","12","0","외감","","","",""
"A406820","뷰티스킨","12","0","외감","","","",""
"A407400","꿈비","12","0","외감","","","",""
"A408470","한패스","12","0","외감","","","",""
"A408900","스튜디오미르","12","0","외감","","","",""
"A408920","메쎄이상","12","0","외감","","","",""
"A411080","샌즈랩","12","0","외감","","","",""
"A412350","레이저쎌","12","0","외감","","","",""
"A412540","제일엠앤에스","12","0","외감","","","",""
"A413390","엠오티","12","0","외감","","","",""
"A413630","씨피시스템","12","0","외감","","","",""
"A413640","비아이매트릭스","12","0","외감","","","",""
"A415380","스튜디오삼익","12","0","외감","","","",""
"A416180","신성에스티","12","0","외감","","","",""
"A417010","나노팀","12","0","외감","","","",""
"A417180","핑거스토리","12","0","외감","","","",""
"A417200","LS머트리얼즈","12","0","외감","","","",""
"A417500","제이아이테크","12","0","외감","","","",""
"A417790","트루엔","12","0","외감","","","",""
"A417840","저스템","12","0","외감","","","",""
"A417860","오브젠","12","0","외감","","","",""
"A417970","모델솔루션","12","0","외감","","","",""
"A418250","시큐레터","12","0","외감","","","",""
"A418420","라온텍","12","0","외감","","","",""
"A418470","KT밀리의서재","12","0","외감","","","",""
"A418550","제이오","12","0","외감","","","",""
"A418620","E8","12","0","외감","","","",""
"A419050","삼기에너지솔루션즈","12","0","외감","","","",""
"A419080","엔젯","12","0","외감","","","",""
"A419120","산돌","12","0","외감","","","",""
"A419530","SAMG엔터","12","0","외감","","","",""
"A419540","비스토스","12","0","외감","","","",""
"A420570","제이투케이바이오","12","0","외감","","","",""
"A420770","기가비스","12","0","외감","","","",""
"A424760","벨로크","12","0","외감","","","",""
"A424870","이뮨온시아","12","0","외감","","","",""
"A424960","스마트레이더시스템","12","0","외감","","","",""
"A424980","마이크로투나노","12","0","외감","","","",""
"A425040","티이엠씨","12","0","외감","","","",""
"A425420","티에프이","12","0","외감","","","",""
"A429270","시지트로닉스","12","0","외감","","","",""
"A430690","한싹","12","0","외감","","","",""
"A431190","케이쓰리아이","12","0","외감","","","",""
"A432430","와이랩","12","0","외감","","","",""
"A432470","케이엔에스","12","0","외감","","","",""
"A432720","퀄리타스반도체","12","0","외감","","","",""
"A432980","엠에프씨","12","0","외감","","","",""
"A434480","모니터랩","12","0","외감","","","",""
"A435570","에르코스","12","0","외감","","","",""
"A437730","삼현","12","0","외감","","","",""
"A438700","버넥트","12","0","외감","","","",""
"A439090","마녀공장","12","0","외감","","","",""
"A439260","대한조선","12","0","외감","","","",""
"A439580","블루엠텍","12","0","외감","","","",""
"A439960","코스모로보틱스","12","0","외감","","","",""
"A440110","파두","12","0","외감","","","",""
"A440290","HB인베스트먼트","12","0","외감","","","",""
"A440320","오픈놀","12","0","외감","","","",""
"A441270","파인엠텍","12","0","외감","","","",""
"A443060","HD현대마린솔루션","12","0","외감","","","",""
"A443250","레뷰코퍼레이션","12","0","외감","","","",""
"A443670","에스피소프트","12","0","외감","","","",""
"A444530","심플랫폼","12","0","외감","","","",""
"A445090","에이직랜드","12","0","외감","","","",""
"A445180","퓨릿","12","0","외감","","","",""
"A445680","큐리옥스바이오시스템즈","12","0","외감","","","",""
"A446070","유니드비티플러스","12","0","외감","","","",""
"A446540","메가터치","12","0","외감","","","",""
"A446840","지슨","12","0","외감","","","",""
"A448280","에코아이","12","0","외감","","","",""
"A448710","코츠테크놀로지","12","0","외감","","","",""
"A448900","한국피아이엠","12","0","외감","","","",""
"A450080","에코프로머티","12","0","외감","","","",""
"A450330","하스","12","0","외감","","","",""
"A450520","인스웨이브","12","0","외감","","","",""
"A450950","아스테라시스","12","0","외감","","","",""
"A451220","아이엠티","12","0","외감","","","",""
"A451250","삐아","12","0","외감","","","",""
"A451760","컨텍","12","0","외감","","","",""
"A452160","제이엔비","12","0","외감","","","",""
"A452190","한빛레이저","12","0","외감","","","",""
"A452200","민테크","12","0","외감","","","",""
"A452260","한화갤러리아","12","0","외감","","","",""
"A452280","한선엔지니어링","12","0","외감","","","",""
"A452300","캡스톤파트너스","12","0","외감","","","",""
"A452400","이닉스","12","0","외감","","","",""
"A452430","사피엔반도체","12","0","외감","","","",""
"A452450","피아이이","12","0","외감","","","",""
"A453340","현대그린푸드","12","0","외감","","","",""
"A453450","그리드위즈","12","0","외감","","","",""
"A453860","에이에스텍","12","0","외감","","","",""
"A454910","두산로보틱스","12","0","외감","","","",""
"A455180","케이지에이","12","0","외감","","","",""
"A455900","엔젤로보틱스","12","0","외감","","","",""
"A456010","아이씨티케이","12","0","외감","","","",""
"A456040","OCI","12","0","외감","","","",""
"A456070","이엔셀","12","0","외감","","","",""
"A456160","지투지바이오","12","0","외감","","","",""
"A457190","이수스페셜티케미컬","12","0","외감","","","",""
"A457370","한켐","12","0","외감","","","",""
"A457550","우진엔텍","12","0","외감","","","",""
"A457600","벡트","12","0","외감","","","",""
"A458350","에스팀","12","0","외감","","","",""
"A458650","성우","12","0","외감","","","",""
"A458870","씨어스","12","0","외감","","","",""
"A459100","위츠","12","0","외감","","","",""
"A459510","나우로보틱스","12","0","외감","","","",""
"A459550","알트","12","0","외감","","","",""
"A460470","아이빔테크놀로지","12","0","외감","","","",""
"A460850","동국씨엠","12","0","외감","","","",""
"A460860","동국제강","12","0","외감","","","",""
"A460870","에스엠씨지","12","0","외감","","","",""
"A460930","현대힘스","12","0","외감","","","",""
"A460940","피앤에스로보틱스","12","0","외감","","","",""
"A461030","아이엠비디엑스","12","0","외감","","","",""
"A461300","아이스크림미디어","12","0","외감","","","",""
"A462310","뉴키즈온","12","0","외감","","","",""
"A462350","이노스페이스","12","0","외감","","","",""
"A462510","라메디텍","12","0","외감","","","",""
"A462520","조선내화","12","0","외감","","","",""
"A462860","더즌","12","0","외감","","","",""
"A462870","시프트업","12","0","외감","","","",""
"A462980","아이지넷","12","0","외감","","","",""
"A463020","뉴엔AI","12","0","외감","","","",""
"A463480","모티브링크","12","0","외감","","","",""
"A464080","에스오에스랩","12","0","외감","","","",""
"A464280","티디에스팜","12","0","외감","","","",""
"A464490","쿼드메디슨","12","0","외감","","","",""
"A464500","아이언디바이스","12","0","외감","","","",""
"A464580","닷밀","12","0","외감","","","",""
"A465480","인스피언","12","0","외감","","","",""
"A465770","STX그린로지스","12","0","외감","","","",""
"A466100","클로봇","12","0","외감","","","",""
"A466410","사이냅소프트","12","0","외감","","","",""
"A468530","프로티나","12","0","외감","","","",""
"A469610","이노테크","12","0","외감","","","",""
"A469750","아이비젼웍스","12","0","외감","","","",""
"A471820","셀로맥스사이언스","12","0","외감","","","",""
"A472850","폰드그룹","12","0","외감","","","",""
"A473980","노머스","12","0","외감","","","",""
"A474170","루미르","12","0","외감","","","",""
"A474610","RF시스템즈","12","0","외감","","","",""
"A474650","링크솔루션","12","0","외감","","","",""
"A475150","SK이터닉스","12","0","외감","","","",""
"A475230","엔알비","12","0","외감","","","",""
"A475400","씨메스로보틱스","12","0","외감","","","",""
"A475430","키스트론","12","0","외감","","","",""
"A475460","미트박스","12","0","외감","","","",""
"A475560","더본코리아","12","0","외감","","","",""
"A475580","에이럭스","12","0","외감","","","",""
"A475660","에스켐","12","0","외감","","","",""
"A475830","오름테라퓨틱","12","0","외감","","","",""
"A475960","토모큐브","12","0","외감","","","",""
"A476040","오가노이드사이언스","12","0","외감","","","",""
"A476060","온코닉테라퓨틱스","12","0","외감","","","",""
"A476080","M83","12","0","외감","","","",""
"A476830","알지노믹스","12","0","외감","","","",""
"A477850","마키나락스","12","0","외감","","","",""
"A478340","나라스페이스테크놀로지","12","0","외감","","","",""
"A478560","블랙야크아이앤씨","12","0","외감","","","",""
"A479960","위너스일렉","12","0","외감","","","",""
"A480370","씨케이솔루션","12","0","외감","","","",""
"A481070","에이유브랜즈","12","0","외감","","","",""
"A482630","삼양엔씨켐","12","0","외감","","","",""
"A483650","달바글로벌","12","0","외감","","","",""
"A484120","도우인시스","12","0","외감","","","",""
"A484590","삼양컴텍","12","0","외감","","","",""
"A484810","티엑스알로보틱스","12","0","외감","","","",""
"A484870","엠앤씨솔루션","12","0","외감","","","",""
"A486990","노타","12","0","외감","","","",""
"A487570","HS효성","12","0","외감","","","",""
"A487580","폴레드","12","0","외감","","","",""
"A488280","에스투더블유","12","0","외감","","","",""
"A488900","비츠로넥스텍","12","0","외감","","","",""
"A489460","바이오비쥬","12","0","외감","","","",""
"A489500","엘케이켐","12","0","외감","","","",""
"A489790","한화비전","12","0","외감","","","",""
"A490470","세미파이브","12","0","외감","","","",""
"A491000","리브스메드","12","0","외감","","","",""
"A493280","아이엠바이오로직스","12","0","외감","","","",""
"A493330","지에프아이","12","0","외감","","","",""
"A494120","큐리오시스","12","0","외감","","","",""
"A499790","GS피앤엘","12","0","외감","","","",""
"A900070","글로벌에스엠","12","0","KOSDAQ","-0.41","65.3","","65.57"
"A900100","파이온엑스","12","0","KOSDAQ","-2.54","240.55","","246.81"
"A900110","딥커머스","12","0","KOSDAQ","-3.51","43.23","","44.8"
"A900120","씨엑스아이","6","0","KOSDAQ","-2.8","76.62","","78.83"
"A900140","엘브이엠씨홀딩스","12","0","KOSPI","0","242.7","","242.7"
"A900250","크리스탈신소재","12","0","KOSDAQ","-4.02","129.47","","134.89"
"A900260","로스웰","12","0","KOSDAQ","-1.06","168.85","","170.67"
"A900270","헝셩그룹","12","0","KOSDAQ","-4.22","163.6","","170.8"
"A900290","GRT","6","0","KOSDAQ","-0.97","205.49","","207.52"
"A900300","오가닉티코스메틱","12","0","KOSDAQ","-2.44","170.78","","175.04"
"A900310","컬러레이","12","0","KOSDAQ","-4.41","181.44","","189.81"
"A900340","윙입푸드","12","0","외감","","","",""
"A950130","엑세스바이오","12","0","KOSDAQ","-0.6","135.32","","136.14"
"A950140","잉글우드랩","12","0","KOSDAQ","-4.43","102.92","","107.68"
"A950160","코오롱티슈진","12","0","KOSDAQ","-1.47","2853.12","","2895.75"
"A950170","JTC","2","0","외감","","","",""
"A950190","고스트스튜디오","12","0","외감","","","",""
"A950200","소마젠","12","0","외감","","","",""
"A950210","프레스티지바이오파마","6","0","외감","","","",""
"A950220","네오이뮨텍","12","0","외감","","","",""
"A950250","테라뷰","4","0","외감","","","",""
