"Code","Name","결산월","코스피200 구성종목여부(1:해당, 0:미해당)","상장된 시장","수정주가수익률","시가총액","","이전 시가총액"
"A000020","동화약품","12","0","KOSPI","-4.22","253.34","","264.51"
"A000040","KR모터스","12","0","KOSPI","1.02","93.59","","92.64"
"A000050","경방","12","0","KOSPI","-0.99","274.15","","276.89"
"A000070","삼양홀딩스","12","1","KOSPI","-1.44","701.41","","711.69"
"A000080","하이트진로","12","1","KOSPI","-0.53","1304.49","","1311.5"
"A000100","유한양행","12","1","KOSPI","0.21","3040.95","","3034.56"
"A000120","CJ대한통운","12","1","KOSPI","-1.82","3684.19","","3752.63"
"A000140","하이트진로홀딩스","12","0","KOSPI","0.25","187.97","","187.51"
"A000150","두산","12","1","KOSPI","-4.7","1665.14","","1747.21"
"A000180","성창기업지주","12","0","KOSPI","-0.49","141.94","","142.64"
"A0001A0","덕양에너젠","12","0","외감","","","",""
"A000210","DL","12","1","KOSPI","-1.69","3239.88","","3295.56"
"A000220","유유제약","12","0","KOSPI","1.63","79.61","","78.33"
"A000230","일동홀딩스","12","0","KOSPI","-0.4","131.13","","131.65"
"A000240","한국앤컴퍼니","12","1","KOSPI","-1.9","1441.81","","1469.72"
"A000250","삼천당제약","12","0","KOSDAQ","-4.3","1009.13","","1054.45"
"A000270","기아","12","1","KOSPI","-0.43","13964.77","","14025.57"
"A000300","DH오토넥스","12","0","KOSPI","0.21","96.86","","96.66"
"A000320","노루홀딩스","12","0","KOSPI","0.4","166.14","","165.47"
"A000370","한화손해보험","12","0","KOSPI","-1.15","602.37","","609.38"
"A000390","SP삼화","12","0","KOSPI","-0.17","156.78","","157.05"
"A000400","롯데손해보험","12","0","KOSPI","-1.78","370.61","","377.33"
"A000430","대원강업","12","0","KOSPI","-2.28","278.69","","285.2"
"A000440","중앙에너비스","12","0","KOSDAQ","-2.37","43.59","","44.65"
"A000480","CR홀딩스","12","0","KOSPI","-0.12","329.2","","329.6"
"A000490","대동","12","0","KOSPI","-2.08","133.83","","136.67"
"A0004V0","엔비알모션","12","0","외감","","","",""
"A000500","가온전선","12","0","KOSPI","-0.28","73.01","","73.22"
"A000520","삼일제약","12","0","KOSPI","-9.75","201.5","","223.28"
"A000540","흥국화재","12","0","KOSPI","1.03","314.79","","311.58"
"A000590","CS홀딩스","12","0","KOSPI","0.48","71.92","","71.58"
"A000640","동아쏘시오홀딩스","12","1","KOSPI","-1.94","619.97","","632.24"
"A000650","천일고속","12","0","KOSPI","-4.24","106.48","","111.19"
"A000660","SK하이닉스","12","1","KOSPI","-1.5","52634.57","","53435.37"
"A000670","영풍","12","1","KOSPI","-1.35","1481","","1501.26"
"A000680","LS네트웍스","12","0","KOSPI","2.15","243.9","","238.77"
"A000700","유수홀딩스","12","0","KOSPI","1.14","207.55","","205.21"
"A000720","현대건설","12","1","KOSPI","-0.2","5612.33","","5623.47"
"A000760","이화산업","12","0","KOSPI","1.84","54.32","","53.34"
"A0007C0","아크릴","12","0","외감","","","",""
"A0007J0","인벤테라","12","0","외감","","","",""
"A000810","삼성화재","12","1","KOSPI","-0.32","14591.45","","14638.82"
"A000850","화천기공","12","0","KOSPI","0","92.51","","92.51"
"A000860","강남제비스코","12","0","KOSPI","-0.55","175.83","","176.8"
"A000880","한화","12","1","KOSPI","-1.95","2263.75","","2308.73"
"A000890","보해양조","12","0","KOSPI","-4.4","146.79","","153.55"
"A0008Z0","에스엔시스","12","0","외감","","","",""
"A000910","유니온","12","0","KOSPI","-1.14","61.2","","61.9"
"A000950","전방","12","0","KOSPI","-0.28","30.16","","30.24"
"A000970","한국주철관","12","0","KOSPI","-1.99","224.58","","229.15"
"A000990","DB하이텍","12","1","KOSPI","-2.33","557.2","","570.52"
"A0009K0","에임드바이오","12","0","외감","","","",""
"A001000","신라섬유","12","0","KOSDAQ","0.46","53.41","","53.17"
"A001020","페이퍼코리아","12","0","KOSPI","11.11","73.37","","66.04"
"A001040","CJ","12","1","KOSPI","-2.02","3545.01","","3617.95"
"A001060","JW중외제약","12","1","KOSPI","-2.44","773.1","","792.4"
"A001070","대한방직","12","0","KOSPI","0","74.2","","74.2"
"A001080","만호제강","6","0","KOSPI","-2.29","70.97","","72.63"
"A0010F0","보원케미칼","12","0","외감","","","",""
"A0010V0","제이피아이헬스케어","12","0","외감","","","",""
"A001120","LX인터내셔널","12","1","KOSPI","-2.72","624.04","","641.48"
"A001130","대한제분","12","0","KOSPI","1.33","322.79","","318.56"
"A0011A0","액스비스","12","0","외감","","","",""
"A0011T0","채비","12","0","외감","","","",""
"A001200","유진투자증권","12","0","KOSPI","-2.4","236.35","","242.17"
"A001210","금호전기","12","0","KOSPI","-2.33","35.09","","35.93"
"A001230","동국홀딩스","12","1","KOSPI","-2.01","696.66","","710.97"
"A001250","GS글로벌","12","0","KOSPI","-3.29","206.33","","213.35"
"A001260","남광토건","12","0","KOSPI","-1.52","127.26","","129.23"
"A001270","부국증권","12","0","KOSPI","0.24","215.69","","215.18"
"A001290","상상인증권","12","0","KOSPI","0","144.22","","144.22"
"A001340","PKC","12","0","KOSPI","-3.33","117.24","","121.28"
"A001360","삼성제약","12","0","KOSPI","-1.74","148.58","","151.22"
"A001380","SG글로벌","12","0","KOSPI","-4.85","97.12","","102.07"
"A001390","KG케미칼","12","0","KOSPI","-0.34","184.34","","184.96"
"A0013V0","삼진식품","12","0","외감","","","",""
"A001420","태원물산","12","0","KOSPI","-1.62","41.65","","42.33"
"A001430","세아베스틸지주","12","1","KOSPI","0","695.73","","695.73"
"A001440","대한전선","12","0","KOSPI","-0.94","903.58","","912.14"
"A001450","현대해상","12","1","KOSPI","-0.13","3473.19","","3477.66"
"A001460","BYC","12","0","KOSPI","2.04","156.15","","153.03"
"A001470","삼부토건","12","0","KOSPI","-3.13","111.37","","114.96"
"A001500","현대차증권","12","0","KOSPI","-1.18","271.07","","274.3"
"A001510","SK증권","12","0","KOSPI","-1.18","316.16","","319.94"
"A001520","동양","12","1","KOSPI","0.53","449.92","","447.53"
"A001530","DI동일","12","0","KOSPI","-3.78","187.65","","195.02"
"A001540","안국약품","12","0","KOSDAQ","-5.3","186.51","","196.94"
"A001550","조비","12","0","KOSPI","-1.2","106.96","","108.26"
"A001560","제일연마","12","0","KOSPI","-3.32","61.2","","63.3"
"A001570","금양","12","0","KOSPI","-0.21","102.41","","102.63"
"A0015G0","그린광학","12","0","외감","","","",""
"A0015N0","아로마티카","12","0","외감","","","",""
"A0015S0","페스카로","12","0","외감","","","",""
"A001620","케이비아이동국실업","12","0","KOSPI","-1.18","55.15","","55.81"
"A001630","종근당홀딩스","12","0","KOSPI","-2.44","340.67","","349.19"
"A001680","대상","12","1","KOSPI","-2.1","968.41","","989.2"
"A001720","신영증권","3","0","KOSPI","-3.95","547.22","","569.74"
"A001740","SK네트웍스","12","1","KOSPI","0.5","1496.57","","1489.13"
"A001750","한양증권","12","0","KOSPI","0.44","86.55","","86.17"
"A001770","SHD","12","0","KOSPI","-0.44","27.27","","27.4"
"A001780","알루코","12","0","KOSPI","-0.37","198.98","","199.72"
"A001790","대한제당","12","0","KOSPI","-0.71","185.64","","186.97"
"A0017J0","세미티에스","12","0","외감","","","",""
"A001800","오리온홀딩스","12","1","KOSPI","-0.54","1155.81","","1162.07"
"A001810","무림SP","12","0","KOSDAQ","-1.07","61.32","","61.99"
"A001820","삼화콘덴서","12","0","KOSPI","-4.48","576.92","","603.95"
"A001840","이화공영","12","0","KOSDAQ","-1.33","117.25","","118.83"
"A001940","KISCO홀딩스","12","0","KOSPI","-1.12","245.74","","248.51"
"A002020","코오롱","12","0","KOSPI","-1.86","432.46","","440.66"
"A002030","아세아","12","0","KOSPI","-0.39","278.26","","279.36"
"A002070","비비안","12","0","KOSPI","0","43.47","","43.47"
"A002100","경농","12","0","KOSPI","-1.09","293.92","","297.18"
"A002140","고려산업","12","0","KOSPI","-0.92","53.87","","54.37"
"A002150","도화엔지니어링","12","0","KOSPI","-1.57","316.29","","321.35"
"A002170","SYTS","12","0","KOSPI","0","153","","153"
"A002200","한국수출포장","12","0","KOSPI","0.95","85","","84.2"
"A002210","동성제약","12","0","KOSPI","-3.26","403.53","","417.15"
"A002220","한일철강","12","0","KOSPI","0","50.67","","50.67"
"A002230","피에스텍","12","0","KOSDAQ","-1.86","93.23","","95"
"A002240","고려제강","12","1","KOSPI","-0.8","495","","499"
"A002290","삼일기업공사","12","0","KOSDAQ","0","38.69","","38.69"
"A002310","아세아제지","12","0","KOSPI","7.99","381.1","","352.89"
"A002320","한진","12","0","KOSPI","-4.72","423.3","","444.26"
"A002350","넥센타이어","12","1","KOSPI","-5.77","957.15","","1015.75"
"A002360","SH에너지화학","12","0","KOSPI","-2.3","117.8","","120.58"
"A002380","KCC","12","1","KOSPI","-1.28","3246.13","","3288.35"
"A002390","한독","12","0","KOSPI","-2.77","410.84","","422.54"
"A002410","범양건영","12","0","KOSPI","-1.62","45.19","","45.94"
"A002420","세기상사","12","0","KOSPI","-0.14","28.29","","28.33"
"A002450","삼익악기","12","0","KOSPI","-0.26","170.65","","171.1"
"A002460","HS화성","12","0","KOSPI","-0.35","177.42","","178.05"
"A002600","조흥","12","0","KOSPI","-1.34","110.4","","111.9"
"A002620","제일파마홀딩스","12","0","KOSPI","-3.85","379.37","","394.54"
"A002630","오리엔트바이오","3","0","KOSPI","-1.04","108.78","","109.93"
"A002680","한탑","12","0","KOSDAQ","3.14","58.03","","56.26"
"A002690","동일제강","12","0","KOSPI","-0.65","45.98","","46.28"
"A002700","신일전자","12","0","KOSPI","-5.69","147.07","","155.95"
"A002710","TCC스틸","12","0","KOSPI","-1.22","54.07","","54.74"
"A002720","국제약품","12","0","KOSPI","-2.41","102.38","","104.91"
"A002760","보락","12","0","KOSPI","-4.14","131.78","","137.47"
"A002780","진흥기업","12","0","KOSPI","-6.44","264.03","","282.22"
"A002790","아모레퍼시픽홀딩스","12","1","KOSPI","-1.86","5648.39","","5755.58"
"A002800","신신제약","12","0","KOSDAQ","-1.32","113.17","","114.69"
"A002810","삼영무역","12","0","KOSPI","-0.62","263.47","","265.11"
"A002820","SUN&L","12","0","KOSPI","0.18","69.22","","69.09"
"A002840","미원상사","12","0","KOSPI","-0.64","300.68","","302.61"
"A002870","신풍","12","0","KOSPI","-1.12","46.32","","46.84"
"A002880","디와이에이","12","0","KOSPI","-1.71","118.81","","120.87"
"A002900","TYM","12","0","KOSPI","-2.93","108.22","","111.49"
"A002920","유성기업","12","0","KOSPI","-0.17","74.73","","74.86"
"A002960","한국쉘석유","12","1","KOSPI","-0.31","415.35","","416.65"
"A002990","금호건설","12","0","KOSPI","-2.06","342.7","","349.9"
"A003000","부광약품","12","1","KOSPI","-3.63","972.52","","1009.17"
"A003010","혜인","12","0","KOSPI","-0.38","67.38","","67.63"
"A003030","세아제강지주","12","0","KOSPI","-0.97","210.4","","212.47"
"A003060","에이프로젠바이오로직스","12","0","KOSPI","-3.5","237.88","","246.51"
"A003070","코오롱글로벌","12","0","KOSPI","-1.41","264.71","","268.49"
"A003080","SB성보","12","0","KOSPI","-0.79","100.9","","101.7"
"A003090","대웅","12","0","KOSPI","-0.25","1162.84","","1165.75"
"A003100","선광","12","0","KOSDAQ","0.29","114.18","","113.85"
"A003120","일성아이에스","12","0","KOSPI","-0.11","247.11","","247.38"
"A003160","디아이","12","0","KOSPI","-2.91","120.95","","124.57"
"A003200","일신방직","12","0","KOSPI","-0.1","239.52","","239.76"
"A003220","대원제약","12","0","KOSPI","-1.79","324.43","","330.33"
"A003230","삼양식품","12","0","KOSPI","-1.3","631.27","","639.55"
"A003240","태광산업","12","1","KOSPI","-1.9","1780.33","","1814.84"
"A003280","흥아해운","12","0","KOSPI","-0.69","50.41","","50.76"
"A003300","한일홀딩스","12","1","KOSPI","-0.75","315.38","","317.78"
"A003310","대주산업","12","0","KOSDAQ","-0.61","57.34","","57.69"
"A003350","한국화장품제조","12","0","KOSPI","-2.69","155.9","","160.21"
"A003380","하림지주","12","0","KOSDAQ","0","1085.58","","1085.58"
"A003460","유화증권","12","0","KOSPI","0","144.59","","144.59"
"A003470","유안타증권","12","0","KOSPI","-1.14","607.77","","614.76"
"A003480","한진중공업홀딩스","12","0","KOSPI","3.82","128.31","","123.58"
"A003490","대한항공","12","1","KOSPI","-5.27","2982.86","","3148.84"
"A003520","영진약품","12","1","KOSPI","-0.6","1221.72","","1229.04"
"A003530","한화투자증권","12","0","KOSPI","-1.84","368.16","","375.06"
"A003540","대신증권","12","0","KOSPI","-2.24","553.43","","566.12"
"A003550","LG","12","1","KOSPI","-0.9","13373.18","","13493.97"
"A003570","SNT다이내믹스","12","0","KOSPI","0","245.4","","245.4"
"A003580","HLB글로벌","12","0","KOSPI","-0.16","143.7","","143.94"
"A003610","방림","9","0","KOSPI","0","93.3","","93.3"
"A003620","KG모빌리티","12","1","KOSPI","0","767.18","","767.18"
"A003650","미창석유","12","0","KOSPI","-2.24","136.91","","140.04"
"A003670","포스코퓨처엠","12","0","KOSDAQ","-3.28","3479.22","","3597.36"
"A003680","한성기업","12","0","KOSPI","-0.53","33.17","","33.35"
"A003690","코리안리","12","0","KOSPI","-1.52","1091.75","","1108.6"
"A003720","삼영","12","0","KOSPI","-0.5","27.17","","27.3"
"A003780","진양산업","12","0","KOSPI","2.8","47.71","","46.41"
"A003800","에이스침대","12","0","KOSDAQ","-0.55","301.65","","303.31"
"A003830","대한화섬","12","0","KOSPI","0","142.1","","142.1"
"A003850","보령","12","1","KOSPI","-4.38","530.4","","554.71"
"A003920","남양유업","12","1","KOSPI","-0.65","443.52","","446.4"
"A003960","사조대림","12","0","KOSPI","-0.7","126.66","","127.56"
"A004000","롯데정밀화학","12","1","KOSPI","-3.33","1124.88","","1163.58"
"A004020","현대제철","12","1","KOSPI","0.45","5985.04","","5958.35"
"A004060","SG세계물산","12","0","KOSPI","0.27","151.82","","151.41"
"A004080","신흥","12","0","KOSPI","1","96.96","","96"
"A004090","한국석유","12","0","KOSPI","-1.68","76.66","","77.97"
"A004100","태양금속","12","0","KOSPI","-1.96","45.88","","46.79"
"A004140","동방","12","0","KOSPI","0.29","57.39","","57.23"
"A004150","한솔홀딩스","12","0","KOSPI","-2.44","203.52","","208.62"
"A004170","신세계","12","1","KOSPI","-0.6","3258.75","","3278.45"
"A004250","NPC","12","0","KOSPI","-0.63","144.31","","145.23"
"A004270","남성","12","0","KOSPI","2.25","65.91","","64.46"
"A004310","현대약품","11","0","KOSPI","-3.16","156.8","","161.92"
"A004360","세방","12","0","KOSPI","-0.72","264.53","","266.46"
"A004370","농심","12","1","KOSPI","-0.16","1903.87","","1906.91"
"A004380","삼익THK","12","0","KOSPI","0.33","320.25","","319.2"
"A004410","서울식품","12","0","KOSPI","0","62.08","","62.08"
"A004430","송원산업","12","0","KOSPI","0","432","","432"
"A004440","삼일씨엔에스","12","0","KOSPI","-0.88","143.23","","144.51"
"A004450","삼화왕관","12","0","KOSPI","-0.86","98.78","","99.64"
"A004490","세방전지","12","1","KOSPI","-1.73","635.6","","646.8"
"A004540","깨끗한나라","12","0","KOSPI","0.85","88.63","","87.89"
"A004560","현대비앤지스틸","12","0","KOSPI","-1.92","153.8","","156.82"
"A004590","한국가구","12","0","KOSDAQ","0.42","71.7","","71.4"
"A004650","창해에탄올","12","0","KOSDAQ","-2","112.59","","114.89"
"A004690","삼천리","12","0","KOSPI","-1.05","381.98","","386.04"
"A004700","조광피혁","12","0","KOSPI","-0.42","235.71","","236.71"
"A004710","한솔테크닉스","12","0","KOSPI","-3.33","153.88","","159.19"
"A004720","팜젠사이언스","12","0","KOSPI","-4.62","90.71","","95.11"
"A004770","써니전자","12","0","KOSPI","-0.36","82.29","","82.59"
"A004780","대륙제관","12","0","KOSDAQ","-1.67","84.13","","85.56"
"A004800","효성","12","1","KOSPI","-0.13","1607.72","","1609.83"
"A004830","덕성","12","0","KOSPI","0","48.29","","48.29"
"A004840","DRB동일","12","0","KOSPI","-2.29","124.87","","127.79"
"A004870","티웨이홀딩스","12","0","KOSPI","-1.06","176.15","","178.03"
"A004890","동일산업","12","0","KOSPI","-1.38","138.48","","140.42"
"A004910","조광페인트","12","0","KOSPI","-3.02","86.4","","89.09"
"A004920","씨아이테크","12","0","KOSPI","1.33","28.9","","28.52"
"A004960","한신공영","12","0","KOSPI","2.51","212.32","","207.12"
"A004970","신라교역","12","0","KOSPI","-0.71","224.8","","226.4"
"A004980","성신양회","12","0","KOSPI","-1.88","250.89","","255.69"
"A004990","롯데지주","12","1","KOSPI","0.31","5140.55","","5124.82"
"A005010","휴스틸","12","0","KOSPI","-2.12","88.03","","89.94"
"A005030","부산주공","12","0","KOSPI","12.47","23.29","","20.71"
"A005070","코스모신소재","12","0","KOSPI","-4.92","286.35","","301.16"
"A005090","SGC에너지","12","0","KOSPI","-4.64","189.57","","198.79"
"A005110","한창","12","0","KOSPI","-2.25","105.94","","108.37"
"A005160","동국산업","12","0","KOSDAQ","-0.75","143.75","","144.83"
"A005180","빙그레","12","1","KOSPI","-1.65","646.24","","657.08"
"A005250","녹십자홀딩스","12","1","KOSPI","-0.83","1121.62","","1131.03"
"A005290","동진쎄미켐","12","0","KOSDAQ","-3.83","516.72","","537.28"
"A005300","롯데칠성","12","1","KOSPI","-1.32","1430.83","","1450.01"
"A005320","온타이드","12","0","KOSPI","-1.75","34.85","","35.47"
"A005360","모나미","12","0","KOSPI","-1.66","50.46","","51.31"
"A005380","현대차","12","1","KOSPI","0.84","25533.35","","25319.68"
"A005420","코스모화학","12","0","KOSPI","-6.81","205.93","","220.97"
"A005430","한국공항","12","0","KOSPI","1.16","137.74","","136.15"
"A005440","현대지에프홀딩스","12","1","KOSPI","-1.04","1392.29","","1406.94"
"A005490","POSCO홀딩스","12","1","KOSPI","-0.2","22189.05","","22232.64"
"A005500","삼진제약","12","0","KOSPI","-2.68","530.98","","545.58"
"A005610","삼립","12","1","KOSPI","-1.44","1182.17","","1199.43"
"A005670","푸드웰","12","0","KOSDAQ","0.71","57.12","","56.72"
"A005680","삼영전자","12","0","KOSPI","0","240","","240"
"A005690","파미셀","12","0","KOSPI","0","713.51","","713.51"
"A005710","대원산업","12","0","KOSDAQ","2.89","121.43","","118.02"
"A005720","넥센","12","0","KOSPI","-2.09","326.62","","333.58"
"A005740","크라운해태홀딩스","12","0","KOSPI","2.64","172.97","","168.52"
"A005750","대림바스","12","0","KOSPI","-2.01","89.2","","91.03"
"A005800","신영와코루","12","0","KOSPI","0","114.3","","114.3"
"A005810","풍산홀딩스","12","0","KOSPI","-3.03","313.8","","323.59"
"A005820","원림","12","0","KOSPI","0.28","39.71","","39.6"
"A005830","DB손해보험","12","1","KOSPI","-0.85","4941.84","","4984.32"
"A005850","에스엘","12","1","KOSPI","-2.65","745.03","","765.35"
"A005860","한일사료","12","0","KOSDAQ","-3.73","71.12","","73.88"
"A005870","휴니드","12","0","KOSPI","-2.3","126.06","","129.02"
"A005880","대한해운","12","0","KOSPI","-0.95","510.51","","515.4"
"A005930","삼성전자","12","1","KOSPI","-1.1","267744.75","","270729.64"
"A005940","NH투자증권","12","1","KOSPI","-0.39","3616.1","","3630.17"
"A005950","이수화학","12","0","KOSPI","0.63","146.36","","145.45"
"A005960","동부건설","12","0","KOSPI","-1.72","167.35","","170.28"
"A005990","매일홀딩스","12","0","KOSDAQ","0.82","169.42","","168.05"
"A006040","동원산업","12","0","KOSPI","0","786.99","","786.99"
"A006050","국영지앤엠","12","0","KOSDAQ","-1.43","48.16","","48.85"
"A006060","화승인더","12","0","KOSPI","-0.34","490.69","","492.35"
"A006090","사조오양","12","0","KOSPI","-0.9","83.11","","83.86"
"A006110","삼아알미늄","12","0","KOSPI","-1.12","48.35","","48.9"
"A006120","SK디스커버리","12","1","KOSPI","-1.12","504.5","","510.21"
"A006140","피제이전자","12","0","KOSDAQ","-0.99","74.7","","75.45"
"A006200","한국전자홀딩스","12","0","KOSPI","0.5","37.54","","37.35"
"A006220","제주은행","12","0","KOSPI","-0.1","153.58","","153.74"
"A006260","LS","12","1","KOSPI","-0.77","1655.08","","1667.96"
"A006280","녹십자","12","1","KOSPI","-2.08","1647.8","","1682.86"
"A006340","대원전선","12","0","KOSPI","-1.71","98.07","","99.78"
"A006360","GS건설","12","1","KOSPI","-1.21","3268.64","","3308.55"
"A006370","대구백화점","12","0","KOSPI","-2.64","83.76","","86.03"
"A006380","카프로","12","0","KOSPI","-1.87","178.6","","182"
"A006400","삼성SDI","12","1","KOSPI","0.71","14543.7","","14440.55"
"A006490","프리티","12","0","KOSPI","-2.22","416.44","","425.31"
"A006570","대림통상","12","0","KOSPI","-2.07","61.28","","62.57"
"A006620","동구바이오제약","12","0","KOSDAQ","-3","186.32","","192.08"
"A006650","대한유화","12","1","KOSPI","0","1014","","1014"
"A006660","삼성공조","12","0","KOSPI","-0.21","78.58","","78.74"
"A006730","서부T&D","12","0","KOSDAQ","1.66","506.78","","498.48"
"A006740","블루산업개발","12","0","KOSPI","0.99","79.25","","78.48"
"A006800","미래에셋증권","12","1","KOSPI","-1.93","4687.21","","4779.38"
"A006840","AK홀딩스","12","1","KOSPI","-2.33","666.35","","682.25"
"A006880","신송홀딩스","12","0","KOSPI","-0.34","51.75","","51.93"
"A006890","태경케미컬","12","0","KOSPI","0.16","71.92","","71.8"
"A006910","보성파워텍","12","0","KOSDAQ","-2.48","117.16","","120.14"
"A006920","모헨즈","12","0","KOSDAQ","-0.89","60.61","","61.15"
"A006980","우성","12","0","KOSPI","-3.45","82.19","","85.13"
"A007070","GS리테일","12","1","KOSPI","1.94","3041.5","","2983.75"
"A007110","일신석재","12","0","KOSPI","-2.29","164.98","","168.86"
"A007120","미래아이앤지","12","0","KOSPI","0","39.36","","39.36"
"A007160","사조산업","12","0","KOSPI","-1.47","268.5","","272.5"
"A007210","벽산","12","0","KOSPI","0.5","206.71","","205.68"
"A007280","한국특강","12","0","KOSPI","-1.57","60.99","","61.96"
"A007310","오뚜기","12","1","KOSPI","-0.13","2743.59","","2747.19"
"A007330","푸른저축은행","12","0","KOSDAQ","-0.13","118.4","","118.55"
"A007340","DN오토모티브","12","0","KOSPI","-1.63","331.3","","336.8"
"A007370","진양제약","12","0","KOSDAQ","-2.07","48.24","","49.26"
"A007390","네이처셀","12","0","KOSDAQ","-0.79","668.51","","673.82"
"A007460","에이프로젠","12","0","KOSPI","-1.7","282.52","","287.39"
"A007530","와이엠","12","0","KOSDAQ","0","22.39","","22.39"
"A007540","샘표","12","0","KOSPI","-1.11","102.38","","103.53"
"A007570","일양약품","12","1","KOSPI","-4.52","544.9","","570.66"
"A007590","동방아그로","12","0","KOSPI","-0.43","94.91","","95.32"
"A007610","선도전기","12","0","KOSPI","-2.22","71.28","","72.9"
"A007660","이수페타시스","12","0","KOSPI","-1.87","216.66","","220.79"
"A007680","대원","12","0","KOSDAQ","-0.36","153.59","","154.15"
"A007690","국도화학","12","0","KOSPI","-1.24","278.33","","281.81"
"A007700","F&F홀딩스","12","0","KOSPI","-1.8","1178.1","","1199.66"
"A007720","소노스퀘어","12","0","KOSDAQ","-1.68","206.64","","210.17"
"A007770","한일화학","12","0","KOSDAQ","0","40.37","","40.37"
"A007810","코리아써키트","12","0","KOSPI","-2","138.89","","141.72"
"A007820","엠엑스로보틱스","12","0","KOSDAQ","-7.69","228.39","","247.42"
"A007860","서연","12","0","KOSPI","-2.24","97.44","","99.67"
"A007980","TP","12","0","KOSPI","-1.95","125.28","","127.77"
"A008040","사조동아원","12","0","KOSPI","-3.79","196.9","","204.66"
"A008060","대덕","12","1","KOSPI","-2.18","734.05","","750.43"
"A008250","이건산업","12","0","KOSPI","-1.4","115.55","","117.19"
"A008260","NI스틸","12","0","KOSPI","-0.41","68.93","","69.21"
"A008290","원풍물산","12","0","KOSDAQ","2.09","131.11","","128.42"
"A0082N0","카나프테라퓨틱스","12","0","외감","","","",""
"A008350","남선알미늄","12","0","KOSPI","0.21","268.29","","267.74"
"A008370","원풍","12","0","KOSDAQ","-4.44","47.76","","49.98"
"A008420","문배철강","12","0","KOSPI","-0.5","61.61","","61.92"
"A008470","부스타","12","0","KOSDAQ","10.08","55.05","","50.01"
"A008490","서흥","12","0","KOSPI","-1.54","296.17","","300.8"
"A008500","일정실업","12","0","KOSPI","-0.25","23.76","","23.82"
"A008600","윌비스","12","0","KOSPI","-4.43","73.81","","77.23"
"A008700","아남전자","12","0","KOSPI","-0.6","193.2","","194.35"
"A008730","율촌화학","12","0","KOSPI","0.77","324.88","","322.4"
"A008770","호텔신라","12","1","KOSPI","-0.32","3681.47","","3693.25"
"A008830","대동기어","12","0","KOSDAQ","-1.04","29.84","","30.15"
"A008870","금비","9","0","KOSPI","-2.86","67.9","","69.9"
"A0088M0","메쥬","12","0","외감","","","",""
"A008930","한미사이언스","12","1","KOSPI","-1.18","4888.09","","4946.35"
"A008970","KBI동양철관","12","0","KOSPI","-1.53","152.77","","155.15"
"A009070","KCTC","12","0","KOSPI","-3.03","96","","99"
"A009140","경인전자","12","0","KOSPI","3.12","49.32","","47.83"
"A009150","삼성전기","12","1","KOSPI","-0.97","7656.1","","7730.8"
"A009160","SIMPAC","12","0","KOSPI","-2.34","163.57","","167.5"
"A009180","한솔로지스틱스","12","0","KOSPI","-1.82","36.96","","37.64"
"A009190","대양금속","12","0","KOSPI","7.99","68.24","","63.19"
"A009200","무림페이퍼","12","0","KOSPI","0.31","132.73","","132.32"
"A009240","한샘","12","1","KOSPI","-0.65","2148.65","","2162.77"
"A009270","신원","12","0","KOSPI","-1.75","159.15","","161.98"
"A009290","광동제약","12","0","KOSPI","-1.99","361.7","","369.04"
"A009300","삼아제약","12","0","KOSDAQ","-1.64","114.66","","116.57"
"A009310","참엔지니어링","12","0","KOSPI","-4.67","75.26","","78.95"
"A009320","아진전자부품","12","0","KOSPI","3.07","128.17","","124.36"
"A009410","태영건설","12","0","KOSPI","0.83","932.08","","924.44"
"A009420","한올바이오파마","12","1","KOSPI","-2.2","1742.23","","1781.41"
"A009440","KC그린홀딩스","12","0","KOSPI","-1.58","111.95","","113.75"
"A009450","경동나비엔","12","0","KOSPI","-4.05","724.88","","755.45"
"A009460","한창제지","12","0","KOSPI","-5.09","155.73","","164.09"
"A009470","삼화전기","12","0","KOSPI","-4.74","126.32","","132.61"
"A009520","포스코엠텍","12","0","KOSDAQ","-1.11","297.75","","301.08"
"A009540","HD한국조선해양","12","1","KOSPI","-0.85","8209.68","","8280.45"
"A009580","무림P&P","12","0","KOSPI","0","353","","353"
"A009620","삼보산업","12","0","KOSDAQ","4.98","26.11","","24.87"
"A009680","모토닉","12","0","KOSPI","-9.41","429","","473.55"
"A009730","이렘","12","0","KOSDAQ","-3.73","130.31","","135.36"
"A009770","삼정펄프","12","0","KOSPI","-0.14","91.5","","91.62"
"A009780","엠에스씨","12","0","KOSDAQ","2","134.46","","131.82"
"A009810","플레이그램","12","0","KOSPI","-3.67","61.82","","64.18"
"A009830","한화솔루션","12","1","KOSPI","-1.88","3409.01","","3474.25"
"A009900","명신산업","12","0","외감","","","",""
"A009970","영원무역홀딩스","12","0","KOSPI","-1.08","878.13","","887.68"
"A010040","한국내화","12","0","KOSPI","-1.04","131.01","","132.38"
"A010060","OCI홀딩스","12","1","KOSPI","-2.63","2203.68","","2263.31"
"A010100","한국무브넥스","12","0","KOSPI","-2.78","47.96","","49.33"
"A010120","LS ELECTRIC","12","1","KOSPI","-0.42","1423.5","","1429.5"
"A010130","고려아연","12","1","KOSPI","0.66","8661.33","","8604.72"
"A010140","삼성중공업","12","1","KOSPI","-3.92","5090.4","","5298.3"
"A010170","대한광통신","12","0","KOSDAQ","-6.57","298.65","","319.67"
"A010240","흥국","12","0","KOSDAQ","-4.96","80.34","","84.53"
"A010280","아이티센엔텍","12","0","KOSDAQ","-0.34","59.89","","60.09"
"A010400","우진아이엔에스","12","0","KOSPI","0.84","91.46","","90.7"
"A010470","오리콤","12","0","KOSDAQ","-2.33","62.67","","64.16"
"A010580","에스엠벡셀","12","0","KOSPI","3.14","34.81","","33.75"
"A010640","진양폴리","12","0","KOSPI","-0.71","20.9","","21.05"
"A010660","화천기계","12","0","KOSPI","0","48.18","","48.18"
"A010690","화신","12","0","KOSPI","-2.58","85.73","","88"
"A010770","평화홀딩스","12","0","KOSPI","-1.43","80.88","","82.05"
"A010780","아이에스동서","12","1","KOSPI","-2.58","933.34","","958.02"
"A010820","퍼스텍","12","0","KOSPI","-3.06","126.03","","130.01"
"A010950","S-Oil","12","1","KOSPI","-1.09","10188.74","","10301.33"
"A010960","삼호개발","12","0","KOSPI","-0.3","123.63","","124"
"A011000","진원생명과학","12","0","KOSPI","-3.08","93.38","","96.34"
"A011040","경동제약","12","0","KOSDAQ","-2.75","281.43","","289.4"
"A011070","LG이노텍","12","1","KOSPI","0.9","2662.55","","2638.88"
"A011080","형지I&C","12","0","KOSDAQ","0.13","29.72","","29.68"
"A011090","에넥스","12","0","KOSPI","-7.6","94.79","","102.59"
"A011150","CJ씨푸드","12","0","KOSPI","-0.66","80.66","","81.2"
"A011170","롯데케미칼","12","1","KOSPI","1.62","9648.53","","9494.29"
"A011200","HMM","12","0","KOSPI","-0.84","1110.87","","1120.29"
"A011210","현대위아","12","1","KOSPI","-3.49","1090.52","","1129.96"
"A011230","삼화전자","12","0","KOSPI","-0.46","33.78","","33.94"
"A011280","태림포장","12","0","KOSPI","-2.09","314.38","","321.1"
"A011300","우성머티리얼스","12","0","KOSPI","-2.6","31.95","","32.81"
"A011320","유니크","12","0","KOSDAQ","6.88","165.19","","154.57"
"A011330","유니켐","12","0","KOSPI","-3.9","136.52","","142.05"
"A011370","서한","12","0","KOSDAQ","-1.52","195.74","","198.76"
"A011390","부산산업","12","0","KOSPI","-0.42","125.66","","126.19"
"A011420","갤럭시아에스엠","12","0","KOSPI","1.71","41.05","","40.36"
"A011500","한농화성","12","0","KOSPI","0.62","63.02","","62.63"
"A011560","세보엠이씨","12","0","KOSDAQ","0.84","126.89","","125.83"
"A011690","와이투솔루션","12","0","KOSPI","-2.09","428.54","","437.68"
"A011700","한신기계","12","0","KOSPI","-3.22","73.17","","75.6"
"A011760","현대코퍼레이션","12","0","KOSPI","-1.05","312.87","","316.17"
"A011780","금호석유화학","12","1","KOSPI","-0.11","2809.12","","2812.17"
"A011790","SKC","12","1","KOSPI","-0.55","1349.37","","1356.87"
"A0117P0","피스피스스튜디오","12","0","외감","","","",""
"A011810","STX","12","0","KOSPI","-0.65","302.81","","304.78"
"A011930","신성이엔지","12","0","KOSPI","-3.83","217.11","","225.76"
"A012030","DB","12","0","KOSPI","-1.18","168.99","","171"
"A0120G0","삼양바이오팜","12","0","외감","","","",""
"A012160","영흥","12","0","KOSPI","-1.24","102.13","","103.42"
"A012170","아센디오","12","0","KOSPI","-1.02","57.61","","58.2"
"A012200","계양전기","12","0","KOSPI","-0.43","113.45","","113.94"
"A012210","삼미금속","12","0","외감","","","",""
"A012280","영화금속","12","0","KOSPI","-0.72","62.27","","62.72"
"A012320","경동인베스트","12","0","KOSPI","-1.02","92.24","","93.18"
"A012330","현대모비스","12","1","KOSPI","0.48","20344.87","","20247.52"
"A012340","뉴인텍","12","0","KOSDAQ","-1.23","43.31","","43.85"
"A012450","한화에어로스페이스","12","1","KOSPI","-0.59","1766.76","","1777.17"
"A012510","더존비즈온","12","0","KOSPI","-0.44","1350.11","","1356.04"
"A012610","경인양행","12","0","KOSPI","-2.33","237.53","","243.19"
"A012620","원일특강","12","0","KOSDAQ","0.11","39.69","","39.64"
"A012630","HDC","12","1","KOSPI","-0.53","1129.12","","1135.09"
"A012690","모나리자","12","0","KOSPI","-5.88","169.69","","180.3"
"A0126Z0","삼성에피스홀딩스","12","0","외감","","","",""
"A012700","리드코프","12","0","KOSDAQ","-0.88","150.87","","152.2"
"A012750","에스원","12","1","KOSPI","2.59","3769.52","","3674.52"
"A012790","신일제약","12","0","KOSDAQ","-2.83","81.37","","83.74"
"A012800","대창","12","0","KOSPI","-1.65","87.04","","88.5"
"A012860","모베이스전자","12","0","KOSDAQ","-2.08","44.42","","45.36"
"A013000","세우글로벌","12","0","KOSPI","-2.62","39.56","","40.63"
"A013030","하이록코리아","12","0","KOSDAQ","-0.54","250.48","","251.84"
"A013120","동원개발","12","0","KOSDAQ","-0.47","383.21","","385.03"
"A013310","아진산업","12","0","KOSDAQ","-1.56","76.6","","77.81"
"A013360","일성건설","12","0","KOSPI","-2.17","72.93","","74.55"
"A013520","화승코퍼레이션","12","0","KOSPI","-4.89","138.16","","145.26"
"A013570","디와이","12","0","KOSPI","-0.36","144.49","","145.02"
"A013580","계룡건설","12","0","KOSPI","1.29","210.32","","207.64"
"A013700","까뮤이앤씨","12","0","KOSPI","-0.71","63.44","","63.89"
"A013720","청보","12","0","KOSDAQ","-0.6","20.24","","20.37"
"A013810","스페코","12","0","KOSDAQ","-1.88","53.64","","54.66"
"A013870","지엠비코리아","12","0","KOSPI","4.48","146.86","","140.56"
"A013890","지누스","12","0","K-OTC","1.92","857.75","","841.56"
"A013990","아가방컴퍼니","12","0","KOSDAQ","3.64","126.45","","122.01"
"A014100","메디앙스","12","0","KOSDAQ","5.39","126.85","","120.36"
"A014130","한익스프레스","12","0","KOSPI","-2.2","55.92","","57.18"
"A014160","대영포장","12","0","KOSPI","0.43","127.36","","126.82"
"A014190","원익큐브","12","0","KOSDAQ","-2.47","83.9","","86.02"
"A014280","금강공업","12","0","KOSPI","1.72","115.09","","113.14"
"A014440","영보화학","12","0","KOSPI","-0.65","76.5","","77"
"A014470","부방","12","0","KOSDAQ","-6.16","126.04","","134.31"
"A014530","극동유화","12","0","KOSPI","-1.56","121","","122.91"
"A014570","고려제약","12","0","KOSDAQ","-3.25","81.95","","84.7"
"A014580","태경비케이","12","0","KOSPI","-2.39","78.89","","80.82"
"A014620","성광벤드","12","0","KOSDAQ","-0.45","316.03","","317.46"
"A014680","한솔케미칼","12","1","KOSPI","-2.36","936.37","","958.96"
"A014710","사조씨푸드","12","0","KOSPI","-1.12","106.41","","107.62"
"A014790","HL D&I","12","0","KOSPI","0.13","154.72","","154.53"
"A014820","동원시스템즈","12","1","KOSPI","4.94","897.93","","855.66"
"A014830","유니드","12","1","KOSPI","-0.1","434.27","","434.71"
"A014910","성문전자","12","0","KOSPI","-4.77","56.41","","59.24"
"A014940","오리엔탈정공","12","0","KOSDAQ","-0.8","33.77","","34.04"
"A014950","삼익제약","12","0","외감","","","",""
"A014970","삼륭물산","12","0","KOSDAQ","2.71","71.77","","69.88"
"A014990","인디에프","12","0","KOSPI","-1.16","125.82","","127.3"
"A015020","이스타코","12","0","KOSPI","1.19","29.27","","28.92"
"A015230","대창단조","12","0","KOSPI","0.76","79.4","","78.8"
"A015260","에이엔피","12","0","KOSPI","-0.59","41.72","","41.97"
"A015360","INVENI","12","0","KOSPI","0","247.2","","247.2"
"A015590","DKME","12","0","KOSPI","-1.32","74.84","","75.84"
"A015710","코콤","12","0","KOSDAQ","-2.79","128.5","","132.18"
"A015750","성우하이텍","12","0","KOSDAQ","-3.59","333.2","","345.6"
"A015760","한국전력","12","1","KOSPI","-2.23","19676.2","","20125.57"
"A015860","일진홀딩스","12","0","KOSPI","-0.43","172.47","","173.21"
"A015890","태경산업","12","0","KOSPI","-0.52","168.65","","169.53"
"A016090","대현","12","0","KOSPI","-3.23","106.28","","109.82"
"A016100","리더스코스메틱","12","0","KOSDAQ","-2.31","191.7","","196.24"
"A016250","SGC E&C","12","0","KOSDAQ","-0.79","246.4","","248.36"
"A016360","삼성증권","12","1","KOSPI","-1.37","2888.86","","2929.04"
"A016380","KG스틸","12","0","KOSPI","-7.11","192.27","","206.97"
"A016450","한세예스24홀딩스","12","0","KOSPI","-0.88","361.6","","364.8"
"A016580","환인제약","12","0","KOSPI","-1.88","339.45","","345.96"
"A016590","신대양제지","12","0","KOSPI","1.88","348.58","","342.13"
"A016600","큐캐피탈","12","0","KOSDAQ","-1.99","89.74","","91.56"
"A016610","DB증권","12","0","KOSPI","-1.77","199.92","","203.53"
"A016670","디모아","12","0","KOSDAQ","-1.68","70.54","","71.74"
"A016710","대성홀딩스","12","0","KOSPI","-0.74","107.8","","108.6"
"A016740","두올","12","0","KOSPI","-3.01","91.49","","94.33"
"A016790","현대사료","12","0","KOSDAQ","-1.19","102.1","","103.33"
"A016800","퍼시스","12","0","KOSPI","0.97","358.23","","354.78"
"A016880","웅진","12","0","KOSPI","-2.11","172.07","","175.78"
"A016920","카스","12","0","KOSDAQ","-4.37","42.3","","44.24"
"A017000","신원종합개발","12","0","KOSDAQ","-0.43","47.12","","47.32"
"A017040","광명전기","12","0","KOSPI","-0.61","105.96","","106.61"
"A017180","명문제약","12","0","KOSPI","-2.86","133.25","","137.18"
"A017250","인터엠","9","0","KOSDAQ","-2.85","64.61","","66.5"
"A017370","우신시스템","12","0","KOSPI","-4.2","104.39","","108.97"
"A017390","서울가스","12","0","KOSPI","0.24","421.5","","420.5"
"A017480","삼현철강","12","0","KOSDAQ","0","72.23","","72.23"
"A017510","세명전기","12","0","KOSDAQ","-1.34","89.49","","90.71"
"A017550","수산세보틱스","12","0","KOSPI","-2.24","82.6","","84.49"
"A017650","대림제지","12","0","KOSDAQ","5.88","89.1","","84.15"
"A017670","SK텔레콤","12","1","KOSPI","-0.59","20307.55","","20428.66"
"A017800","현대엘리베이터","12","1","KOSPI","0","2197.1","","2197.1"
"A017810","풀무원","12","0","KOSPI","-1.49","379","","384.72"
"A017860","DS단석","12","0","외감","","","",""
"A017890","한국알콜","12","0","KOSDAQ","-3.61","155.78","","161.61"
"A017900","광전자","12","0","KOSPI","-1.92","148.05","","150.94"
"A017940","E1","12","0","KOSPI","-1.98","441.1","","450.02"
"A017960","한국카본","12","0","KOSPI","-4.13","346.85","","361.8"
"A018000","유니슨","12","0","KOSDAQ","-0.38","123.08","","123.55"
"A018120","진로발효","12","0","KOSDAQ","0","218.95","","218.95"
"A018250","애경산업","12","0","KOSPI","-2.48","1292.6","","1325.48"
"A018260","삼성에스디에스","12","1","KOSPI","2.16","18261.16","","17874.27"
"A018290","브이티","12","0","KOSDAQ","0","225.21","","225.21"
"A018310","삼목에스폼","12","0","KOSDAQ","-0.36","204.33","","205.07"
"A018470","조일알미늄","12","0","KOSPI","-0.88","62.85","","63.41"
"A018500","동원모빌리티","3","0","KOSPI","-4.14","34.65","","36.14"
"A018620","우진비앤지","12","0","KOSDAQ","-3.69","44.01","","45.7"
"A018670","SK가스","12","0","KOSPI","-2.79","821.21","","844.75"
"A018680","서울제약","12","0","KOSDAQ","-0.99","67.71","","68.39"
"A018700","졸스","12","0","KOSDAQ","-0.67","36.53","","36.77"
"A018880","한온시스템","12","1","KOSPI","-3.45","5978.56","","6192.08"
"A019010","베뉴지","12","0","KOSDAQ","0.5","97.36","","96.88"
"A019170","신풍제약","12","0","KOSPI","-3.23","380.96","","393.68"
"A019180","티에이치엔","12","0","KOSPI","-0.2","43.92","","44.01"
"A019210","와이지-원","12","0","KOSDAQ","-1.91","312.69","","318.79"
"A019490","엑시큐어하이트론","12","0","KOSPI","-0.69","19.91","","20.05"
"A019540","일지테크","12","0","KOSDAQ","0.52","39.39","","39.19"
"A019550","SBI인베스트먼트","12","0","KOSDAQ","-1.33","131.76","","133.54"
"A019570","GMI벤처","12","0","KOSDAQ","3.13","38.33","","37.16"
"A019660","글로본","12","0","KOSDAQ","-0.73","96.98","","97.69"
"A019680","대교","12","1","KOSPI","0.16","525.16","","524.31"
"A019770","서연탑메탈","12","0","KOSDAQ","-4.37","36.93","","38.62"
"A019990","에너토크","12","0","KOSDAQ","-4.53","45.27","","47.41"
"A020000","한섬","12","1","KOSPI","-1.88","1093.57","","1114.51"
"A020120","키다리스튜디오","12","0","KOSPI","-3.4","42.75","","44.25"
"A020150","롯데에너지머티리얼즈","12","1","KOSPI","-5.01","1703.8","","1793.71"
"A020180","대신정보통신","3","0","KOSDAQ","-3.27","51.11","","52.84"
"A020400","대동금속","12","0","KOSDAQ","-1.5","28.37","","28.8"
"A020560","아시아나항공","12","0","KOSPI","2.92","722.43","","701.9"
"A020710","시공테크","12","0","KOSDAQ","-0.15","134.72","","134.92"
"A020760","일진디스플","12","0","KOSPI","-3.2","94.15","","97.26"
"A021040","대호특수강","12","0","KOSDAQ","-0.98","74.21","","74.94"
"A021050","서원","12","0","KOSPI","-0.89","53.17","","53.65"
"A021080","에이티넘인베스트","12","0","KOSDAQ","-2.29","112.56","","115.2"
"A021240","코웨이","12","1","KOSPI","-1.56","6974.06","","7084.76"
"A021320","KCC건설","12","0","KOSDAQ","-1.35","156.22","","158.36"
"A021650","한국큐빅","12","0","KOSDAQ","0","45.29","","45.29"
"A021820","세원정공","6","0","KOSPI","1.18","77.4","","76.5"
"A021880","메이슨캐피탈","3","0","KOSDAQ","-0.82","48.2","","48.6"
"A022100","포스코DX","12","0","KOSDAQ","-1.52","887.88","","901.57"
"A022220","티케이지애강","12","0","KOSDAQ","0","112.65","","112.65"
"A023000","삼원강재","12","0","KOSPI","-0.17","120.6","","120.8"
"A023150","MH에탄올","12","0","KOSPI","0","47.96","","47.96"
"A023160","태광","12","0","KOSDAQ","-0.45","295.48","","296.8"
"A023350","한국종합기술","12","0","KOSPI","-0.7","54.48","","54.86"
"A023410","유진기업","12","0","KOSDAQ","-2.12","498.66","","509.48"
"A023440","제이스코홀딩스","12","0","KOSDAQ","1.19","49.99","","49.4"
"A023450","동남합성","12","0","KOSPI","0","34.74","","34.74"
"A023530","롯데쇼핑","12","1","KOSPI","-1.39","5035.4","","5106.12"
"A023590","다우기술","12","0","KOSPI","-2.11","937.71","","957.9"
"A023600","삼보판지","12","0","KOSDAQ","1.35","143.62","","155.82"
"A023760","한국캐피탈","12","0","KOSDAQ","2.62","124.98","","121.78"
"A023770","플레이위드","12","0","KOSDAQ","-1.68","25.77","","26.21"
"A023790","동일스틸럭스","12","0","KOSDAQ","1.72","30.37","","29.86"
"A023800","인지컨트롤스","12","0","KOSPI","0.59","104","","103.39"
"A023810","인팩","12","0","KOSPI","0.58","51.9","","51.6"
"A023900","풍국주정","12","0","KOSDAQ","-0.57","220.5","","221.76"
"A023910","대한약품","12","0","KOSDAQ","-0.63","238.5","","240"
"A023960","에쓰씨엔지니어링","12","0","KOSPI","-6.49","39.65","","42.4"
"A024060","흥구석유","12","0","KOSDAQ","1.79","59.63","","58.58"
"A024070","WISCOM","12","0","KOSPI","0.74","41.02","","40.72"
"A024090","디씨엠","12","0","KOSPI","-1.35","128.12","","129.87"
"A024110","기업은행","12","1","KOSPI","-1.06","8020.47","","8106.72"
"A024120","KB오토시스","12","0","KOSDAQ","-2.58","69.34","","71.19"
"A024720","콜마홀딩스","12","0","KOSPI","0.27","676.3","","674.51"
"A024740","한일단조","12","0","KOSDAQ","0.64","47.08","","46.78"
"A024800","유성티엔에스","12","0","KOSDAQ","-0.5","81.37","","81.78"
"A024830","세원물산","12","0","KOSDAQ","2.59","49.6","","48.35"
"A024840","KBI메탈","12","0","KOSDAQ","-1.97","65.74","","67.05"
"A024850","HLB이노베이션","12","0","KOSDAQ","-1.65","32.22","","32.76"
"A024880","케이피에프","12","0","KOSDAQ","-1.55","90.11","","91.53"
"A024890","대원화성","12","0","KOSPI","0","70.12","","70.12"
"A024900","디와이덕양","12","0","KOSPI","-0.38","42.99","","43.15"
"A024910","경창산업","12","0","KOSDAQ","5.75","49.43","","46.74"
"A024940","PN풍년","12","0","KOSDAQ","-0.58","25.5","","25.65"
"A024950","삼천리자전거","12","0","KOSDAQ","-3.54","108.45","","112.43"
"A025000","KPX케미칼","12","0","KOSPI","0","265.23","","265.23"
"A025320","시노펙스","12","0","KOSDAQ","0.18","193.61","","193.25"
"A025440","DH오토웨어","12","0","KOSDAQ","-1.04","85.21","","86.11"
"A025530","SJM홀딩스","12","0","KOSPI","0","47.42","","47.42"
"A025540","한국단자","12","1","KOSPI","-2.57","632.19","","648.85"
"A025550","한국선재","12","0","KOSDAQ","-1.24","68.17","","69.03"
"A025560","미래산업","12","0","KOSPI","-0.64","99.03","","99.67"
"A025620","차AI헬스케어","12","0","KOSPI","-0.49","267.89","","269.22"
"A025750","한솔홈데코","12","0","KOSPI","0","113.6","","113.6"
"A025770","한국정보통신","12","0","KOSDAQ","-0.22","349.31","","350.09"
"A025820","이구산업","12","0","KOSPI","-2.95","60.53","","62.37"
"A025860","남해화학","12","1","KOSPI","-0.47","529.08","","531.56"
"A025870","신라에스지","12","0","KOSDAQ","0.52","19.32","","19.22"
"A025880","케이씨피드","12","0","KOSDAQ","-1.47","39.2","","39.78"
"A025890","한국주강","12","0","KOSPI","0.56","20.36","","20.24"
"A025900","동화기업","12","0","KOSDAQ","-0.82","262.01","","264.16"
"A025950","동신건설","12","0","KOSDAQ","-4.04","47.88","","49.9"
"A025980","아난티","12","0","KOSDAQ","2.24","1127.8","","1103.1"
"A026040","제이에스티나","12","0","KOSDAQ","-1.36","95.72","","97.04"
"A026150","특수건설","12","0","KOSDAQ","-0.9","82.32","","83.07"
"A026890","스틱인베스트먼트","12","0","KOSPI","0.91","325.09","","322.17"
"A026910","광진실업","12","0","KOSDAQ","-0.15","21.84","","21.87"
"A026940","부국철강","12","0","KOSPI","0.17","58.5","","58.4"
"A026960","동서","12","1","KOSPI","1.01","1989.02","","1969.08"
"A027040","서울전자통신","12","0","KOSDAQ","0","98.47","","98.47"
"A027050","코리아나","12","0","KOSDAQ","-1.69","186","","189.2"
"A027360","아주IB투자","12","0","KOSDAQ","-6.79","154.92","","166.2"
"A027410","BGF","12","1","KOSPI","0","769.63","","769.63"
"A027580","상보","12","0","KOSDAQ","-0.24","59.51","","59.66"
"A027710","팜스토리","12","0","KOSDAQ","-2.9","103.37","","106.46"
"A027740","마니커","12","0","KOSPI","-0.63","125.35","","126.14"
"A027830","대성창투","12","0","KOSDAQ","-4.01","76.6","","79.8"
"A027970","한국제지","12","0","KOSPI","-0.32","45.67","","45.82"
"A028050","삼성E&A","12","1","KOSPI","1.27","3136","","3096.8"
"A028080","휴맥스홀딩스","12","0","KOSDAQ","-0.44","42.95","","43.14"
"A028100","동아지질","12","0","KOSPI","-1.19","191.48","","193.78"
"A028260","삼성물산","12","1","KOSPI","-1.39","20201.99","","20486.52"
"A028300","HLB","12","0","KOSDAQ","-1.04","2981.87","","3013.26"
"A028670","팬오션","12","1","KOSPI","-0.25","2167.68","","2173.02"
"A029460","케이씨","12","0","KOSPI","-2.19","211.44","","216.19"
"A029480","광무","12","0","KOSDAQ","-1.95","18.73","","19.11"
"A029530","신도리코","12","0","KOSPI","-1.47","474.27","","481.32"
"A029780","삼성카드","12","1","KOSPI","0.44","3933.41","","3916.03"
"A030000","제일기획","12","1","KOSPI","2.34","2772.49","","2709.22"
"A030190","NICE평가정보","12","0","KOSDAQ","-1.61","743.76","","755.9"
"A030200","KT","12","1","KOSPI","0.36","7258.91","","7232.8"
"A030210","다올투자증권","12","0","KOSPI","-1.71","173.4","","176.42"
"A030350","드래곤플라이","12","0","KOSDAQ","-0.94","50.59","","51.07"
"A030520","한컴","12","0","KOSDAQ","-0.72","317.38","","319.69"
"A030530","원익홀딩스","12","0","KOSDAQ","-1.92","374.22","","381.56"
"A030610","교보증권","12","0","KOSPI","-1.17","335.16","","339.12"
"A030720","동원수산","12","0","KOSPI","-1.41","39","","39.56"
"A030960","양지사","6","0","KOSDAQ","0","145.42","","145.42"
"A031210","서울보증보험","12","0","외감","","","",""
"A031310","아이즈비전","12","0","KOSDAQ","-0.2","77.13","","77.29"
"A031330","에스에이엠티","12","0","KOSDAQ","-0.6","166.99","","167.99"
"A031430","신세계인터내셔날","12","0","KOSPI","-1.15","2152.71","","2177.7"
"A031440","신세계푸드","12","0","KOSPI","-3.73","359.75","","373.69"
"A031510","오스템","12","0","KOSDAQ","-0.85","90.48","","91.26"
"A031820","아이티센씨티에스","12","0","KOSPI","0.97","74.65","","73.93"
"A031860","디에이치엑스컴퍼니","12","0","KOSDAQ","3.34","78.28","","75.76"
"A031980","피에스케이홀딩스","12","0","KOSDAQ","0","333.44","","333.44"
"A032080","아즈텍WB","12","0","KOSDAQ","-0.79","39.43","","39.74"
"A032190","다우데이타","12","0","KOSDAQ","-1.22","371.89","","376.49"
"A032280","삼일","12","0","KOSDAQ","-0.98","32.91","","33.24"
"A032300","한국파마","12","0","외감","","","",""
"A032350","롯데관광개발","12","0","KOSPI","-4.65","808.5","","847.94"
"A032500","케이엠더블유","12","0","KOSDAQ","2.03","567.12","","555.84"
"A032540","TJ미디어","12","0","KOSDAQ","-2.23","42.7","","43.68"
"A032560","황금에스티","12","0","KOSPI","-0.33","126","","126.42"
"A032580","피델릭스","12","0","KOSDAQ","1.16","38.04","","37.6"
"A032620","GC메디아이","12","0","KOSDAQ","-0.94","276.12","","278.73"
"A032640","LG유플러스","12","1","KOSPI","0","6832.97","","6832.97"
"A032680","소프트센","12","0","KOSDAQ","-1.96","49.09","","50.08"
"A032750","삼진","12","0","KOSDAQ","-0.3","39.84","","39.96"
"A032790","엠젠솔루션","12","0","KOSDAQ","0","176.87","","176.87"
"A032800","판타지오","6","0","KOSDAQ","0","57.29","","57.29"
"A032820","우리기술","12","0","KOSDAQ","-0.35","122.12","","122.55"
"A032830","삼성생명","12","1","KOSPI","-0.36","16740","","16800"
"A032850","비트컴퓨터","12","0","KOSDAQ","-1.18","83.78","","84.78"
"A032860","더라미","12","0","KOSDAQ","0.54","37.43","","37.22"
"A032940","원익","12","0","KOSDAQ","-4.49","87.7","","91.82"
"A032960","동일기연","12","0","KOSDAQ","-5.69","44.41","","47.09"
"A032980","바이온","12","0","KOSDAQ","0.3","78.77","","78.53"
"A033050","제이엠아이","12","0","KOSDAQ","-0.49","33.23","","33.39"
"A033100","제룡전기","12","0","KOSDAQ","-1.39","113.88","","115.49"
"A033130","디지틀조선","12","0","KOSDAQ","-2.2","66.07","","67.55"
"A033160","엠케이전자","12","0","KOSDAQ","0","182.53","","182.53"
"A033170","시그네틱스","12","0","KOSDAQ","-0.44","96.02","","96.44"
"A033200","모아텍","3","0","KOSDAQ","-2.89","67.36","","69.36"
"A033230","인성정보","12","0","KOSDAQ","-0.15","64.47","","64.56"
"A033240","자화전자","12","0","KOSPI","-0.71","250.6","","252.39"
"A033250","체시스","12","0","KOSPI","-0.69","20.69","","20.83"
"A033270","유나이티드제약","12","0","KOSPI","-0.58","417.34","","419.77"
"A033290","로젠","12","0","KOSDAQ","-6.62","497.75","","533.05"
"A033310","엠투엔","12","0","KOSDAQ","4.07","75.91","","72.95"
"A033320","제이씨현시스템","12","0","KOSDAQ","-3.02","104.36","","107.61"
"A033340","좋은사람들","12","0","KOSDAQ","-1.65","124.57","","126.66"
"A033500","동성화인텍","12","0","KOSDAQ","-1.51","228.28","","231.79"
"A033530","SJG세종","12","0","KOSPI","-0.79","142.09","","143.22"
"A033540","파라텍","12","0","KOSDAQ","-0.38","87.74","","88.08"
"A033560","블루콤","12","0","KOSDAQ","-2.07","77.06","","78.68"
"A033640","네패스","12","0","KOSDAQ","0.32","359.72","","358.57"
"A033780","KT&G","12","1","KOSPI","-0.47","14553","","14621.65"
"A033790","피노","12","0","KOSDAQ","1.77","34.49","","33.89"
"A033830","티비씨","12","0","KOSDAQ","-5","104.5","","110"
"A033920","무학","12","1","KOSPI","-2.34","356.25","","364.8"
"A034020","두산에너빌리티","12","1","KOSPI","-2.79","775.51","","797.77"
"A034120","SBS","12","1","KOSPI","7.06","498.3","","465.44"
"A034220","LG디스플레이","12","1","KOSPI","-3.73","6923.73","","7192.1"
"A034230","파라다이스","12","0","KOSDAQ","-1.13","1586.95","","1605.14"
"A034310","NICE","12","0","KOSPI","2.04","759.54","","744.39"
"A034590","인천도시가스","12","0","KOSPI","-0.34","127.74","","128.18"
"A034730","SK","12","1","KOSPI","-0.93","18645.48","","18821.38"
"A034810","해성산업","12","0","KOSDAQ","0.92","107.58","","106.6"
"A034830","한국토지신탁","12","0","KOSPI","0.19","662.78","","661.52"
"A034940","조아제약","12","0","KOSDAQ","-2.08","133.2","","136.03"
"A034950","한국기업평가","12","0","KOSDAQ","-0.55","247","","248.37"
"A035000","HS애드","12","0","KOSPI","0.25","134.53","","134.2"
"A035080","그래디언트","12","0","KOSDAQ","-2.48","137.77","","141.28"
"A035150","백산","12","0","KOSPI","-0.28","169.88","","170.37"
"A035200","프럼파스트","12","0","KOSDAQ","-0.64","30.36","","30.55"
"A035250","강원랜드","12","1","KOSPI","-2.02","6739.13","","6878.19"
"A035290","골드앤에스","12","0","KOSDAQ","4.57","105.91","","101.28"
"A035420","NAVER","12","1","KOSPI","-0.81","20107.23","","20272.05"
"A035460","기산텔레콤","12","0","KOSDAQ","-6.37","36.44","","38.92"
"A035510","신세계 I&C","12","0","KOSPI","3.56","275.2","","265.74"
"A035600","KG이니시스","12","0","KOSDAQ","-4.06","362.76","","378.11"
"A035610","솔본","12","0","KOSDAQ","-0.41","133.18","","133.72"
"A035620","바른손이앤에이","12","0","KOSDAQ","-1.77","97.46","","99.22"
"A035720","카카오","12","1","KOSPI","0","8547.25","","8547.25"
"A035760","CJ ENM","12","0","KOSDAQ","2.39","4975.1","","4858.89"
"A035810","이지홀딩스","12","0","KOSDAQ","-2.38","403.75","","413.6"
"A035890","서희건설","12","0","KOSDAQ","-1.28","201.22","","203.82"
"A035900","JYP Ent.","12","0","KOSDAQ","0.17","1054.73","","1052.96"
"A036000","예림당","12","0","KOSDAQ","-3.38","131.76","","136.36"
"A036010","아비코전자","12","0","KOSDAQ","-4.23","69.26","","72.31"
"A036030","케이티알파","12","0","KOSDAQ","-0.41","171.97","","172.68"
"A036090","위지트","12","0","KOSDAQ","0","85.48","","85.48"
"A036120","서울평가정보","12","0","KOSDAQ","-0.23","78.63","","78.81"
"A036170","에이치엠넥스","12","0","KOSDAQ","-1.04","92.23","","93.2"
"A036190","금화피에스시","12","0","KOSDAQ","-0.32","189","","189.6"
"A036200","유니셈","12","0","KOSDAQ","-5.1","136.92","","144.28"
"A036220","오상헬스케어","12","0","K-OTC","0.92","69.77","","69.13"
"A036420","콘텐트리중앙","12","0","KOSDAQ","2.07","708.82","","694.41"
"A036460","한국가스공사","12","1","KOSPI","-1.86","4149.47","","4227.94"
"A036480","대성미생물","12","0","KOSDAQ","-3.43","69.54","","72.01"
"A036530","SNT홀딩스","12","0","KOSPI","0.38","215.21","","214.4"
"A036540","SFA반도체","12","0","KOSDAQ","-2.89","213.09","","219.44"
"A036560","KZ정밀","12","0","KOSDAQ","2.41","147.42","","143.96"
"A036570","NC","12","1","KOSPI","4.08","10925.63","","10497.82"
"A036580","팜스코","12","1","KOSPI","-4.44","300.07","","314.02"
"A036620","감성코퍼레이션","12","0","KOSDAQ","-5.58","35.35","","37.44"
"A036630","세종텔레콤","12","0","KOSDAQ","-1.93","274.95","","280.35"
"A036640","HRS","12","0","KOSDAQ","-0.17","47.02","","47.1"
"A036670","삼양케이씨아이","12","0","KOSDAQ","-1.8","122.84","","125.1"
"A036690","코맥스","12","0","KOSDAQ","1.41","61.62","","60.76"
"A036710","심텍홀딩스","12","0","KOSDAQ","-1.81","76.23","","77.63"
"A036800","나이스정보통신","12","0","KOSDAQ","0.47","212.5","","211.5"
"A036810","에프에스티","12","0","KOSDAQ","-6.3","120.39","","128.48"
"A036830","솔브레인홀딩스","12","0","KOSDAQ","-0.77","894.27","","901.23"
"A036890","진성티이씨","12","0","KOSDAQ","-3.3","184.35","","190.65"
"A036930","주성엔지니어링","12","0","KOSDAQ","-1.29","332.92","","337.26"
"A037030","파워넷","12","0","KOSDAQ","-0.75","55.78","","56.2"
"A037070","파세코","12","0","KOSDAQ","0.38","110.18","","109.76"
"A037230","한국팩키지","12","0","KOSDAQ","8.64","66","","60.75"
"A037270","YG PLUS","12","0","KOSPI","-0.77","113.14","","114.01"
"A037330","인지디스플레","12","0","KOSDAQ","-1.08","65.15","","65.87"
"A037350","성도이엔지","12","0","KOSDAQ","-1.9","87.87","","89.57"
"A037370","EG","12","0","KOSDAQ","0.41","92.63","","92.25"
"A037400","우리엔터프라이즈","12","0","KOSDAQ","0.82","24.4","","24.2"
"A037440","희림","12","0","KOSDAQ","-1.5","64.04","","65.02"
"A037460","삼지전자","12","0","KOSDAQ","-0.92","158.13","","159.6"
"A037560","LG헬로비전","12","0","KOSPI","1.42","720.26","","710.19"
"A037710","광주신세계","12","0","KOSPI","0.53","302.4","","300.8"
"A037760","쎄니트","12","0","KOSDAQ","1.44","71.73","","70.71"
"A037950","엘컴텍","12","0","KOSDAQ","-3.08","146.09","","150.74"
"A038010","제일테크노스","12","0","KOSDAQ","1.22","37.26","","36.81"
"A038060","루멘스","12","0","KOSDAQ","-0.8","117.01","","117.96"
"A038070","서린바이오","12","0","KOSDAQ","-2.16","68.87","","70.39"
"A038110","에코플라스틱","12","0","KOSDAQ","0.39","32.99","","32.86"
"A038290","마크로젠","12","0","KOSDAQ","-1.29","365.89","","370.66"
"A038390","레드캡투어","12","0","KOSDAQ","-0.31","136.57","","137"
"A038460","바이오스마트","12","0","KOSDAQ","-2.26","86.41","","88.41"
"A038500","삼표시멘트","12","0","KOSDAQ","0.39","415.47","","413.86"
"A038530","케이바이오랩스","12","0","KOSDAQ","-2.71","55.56","","57.1"
"A038540","상상인","12","0","KOSDAQ","0","888.12","","888.12"
"A038620","위즈코프","12","0","KOSDAQ","-0.44","44.07","","44.27"
"A038680","에스넷","12","0","KOSDAQ","-0.53","75.31","","75.71"
"A038870","에코심플렉스","12","0","KOSDAQ","2.83","79.94","","77.74"
"A038880","아이에이","12","0","KOSDAQ","-0.34","119.32","","119.74"
"A038950","파인디지털","12","0","KOSDAQ","-0.81","37.73","","38.04"
"A039010","현대에이치티","12","0","KOSDAQ","0","87.98","","87.98"
"A039020","이건홀딩스","12","0","KOSDAQ","-0.92","73.06","","73.74"
"A039030","이오테크닉스","12","0","KOSDAQ","-3.41","799.47","","827.71"
"A039130","하나투어","12","0","KOSPI","-1.52","827.07","","839.85"
"A039200","오스코텍","12","0","KOSDAQ","2.24","769.99","","753.13"
"A039240","경남스틸","12","0","KOSDAQ","-1.27","48.63","","49.25"
"A039290","인포뱅크","12","0","KOSDAQ","1.8","68.86","","67.64"
"A039310","세중","12","0","KOSDAQ","0.27","66.14","","65.96"
"A039340","한국경제TV","12","0","KOSDAQ","-4.75","110.63","","116.15"
"A039420","케이엘넷","12","0","KOSDAQ","0","64.25","","64.25"
"A039440","에스티아이","12","0","KOSDAQ","-3.95","173.34","","180.46"
"A039490","키움증권","12","0","KOSPI","-2.79","1772.4","","1823.23"
"A039560","다산네트웍스","12","0","KOSDAQ","-2.4","195.01","","199.8"
"A039570","HDC랩스","12","0","KOSPI","-1.48","164.6","","167.07"
"A039610","화성밸브","12","0","KOSDAQ","-0.42","98.48","","98.9"
"A039740","한국정보공학","12","0","KOSDAQ","-0.16","24.86","","24.9"
"A039830","오로라","12","0","KOSDAQ","-3.05","105.91","","109.24"
"A039840","디오","12","0","KOSDAQ","-2.38","559.07","","572.72"
"A039860","나노엔텍","12","0","KOSDAQ","0","144.08","","144.08"
"A039980","폴라리스AI","12","0","KOSDAQ","-0.28","66.45","","66.64"
"A040160","누리플렉스","12","0","KOSDAQ","1.52","88.85","","87.52"
"A040300","YTN","12","0","KOSDAQ","-0.49","85.89","","86.31"
"A040350","크레오에스지","12","0","KOSDAQ","-1.26","128.85","","130.5"
"A040420","정상제이엘에스","12","0","KOSDAQ","0.7","112.25","","111.47"
"A040610","SG&G","12","0","KOSDAQ","-1.46","69.03","","70.05"
"A040910","아이씨디","12","0","KOSDAQ","-3.35","169.67","","175.55"
"A041020","폴라리스오피스","12","0","KOSDAQ","-2.16","42.52","","43.46"
"A041190","우리기술투자","12","0","KOSDAQ","-3.3","233.94","","241.92"
"A041440","현대에버다임","12","0","KOSDAQ","-1.33","106.42","","107.85"
"A041460","한국전자인증","12","0","KOSDAQ","-0.21","103","","103.22"
"A041510","에스엠","12","0","KOSDAQ","0.65","891.34","","885.58"
"A041520","이엘씨","12","0","KOSDAQ","-1.76","95.19","","96.9"
"A041590","플래스크","12","0","KOSDAQ","-1.59","82.72","","84.06"
"A041650","상신브레이크","12","0","KOSPI","-1.19","89.11","","90.18"
"A041830","인바디","12","0","KOSDAQ","-2.73","292.83","","301.04"
"A041910","폴라리스AI파마","12","0","KOSDAQ","-3.43","103.87","","107.56"
"A041920","메디아나","12","0","KOSDAQ","0.15","59.52","","59.43"
"A041930","SY동아","12","0","KOSDAQ","-5.14","110.92","","116.92"
"A041960","코미팜","12","0","KOSDAQ","-13.28","1326.92","","1530.17"
"A042000","카페24","12","0","KOSDAQ","-2.92","1003.42","","1033.59"
"A042040","케이피엠테크","12","0","KOSDAQ","-2.82","142.15","","146.28"
"A042110","에스씨디","12","0","KOSDAQ","1.21","80.95","","79.99"
"A042370","비츠로테크","12","0","KOSDAQ","-3.15","137.48","","141.95"
"A042420","네오위즈홀딩스","12","0","KOSDAQ","-1.66","131.52","","133.74"
"A042500","링네트","12","0","KOSDAQ","0.4","56.24","","56.01"
"A042510","라온시큐어","12","0","KOSDAQ","0.32","98.29","","97.97"
"A042520","한스바이오메드","9","0","KOSDAQ","-0.52","280.46","","281.93"
"A042600","새로닉스","12","0","KOSDAQ","-1.41","60.63","","61.5"
"A042660","한화오션","12","1","KOSPI","-3.04","2910.64","","3001.76"
"A042700","한미반도체","12","0","KOSPI","-2.32","457.79","","468.66"
"A042940","상지건설","12","0","KOSDAQ","17.87","73.55","","59.3"
"A043090","더테크놀로지","12","0","KOSDAQ","3.18","107.72","","104.4"
"A043100","알파AI","12","0","KOSDAQ","-1.81","43.83","","44.64"
"A043150","바텍","12","0","KOSDAQ","-0.43","347.59","","349.08"
"A043200","파루","12","0","KOSDAQ","-1.23","71.5","","72.39"
"A043220","티에스넥스젠","12","0","KOSDAQ","-0.7","51","","51.36"
"A043260","성호전자","12","0","KOSDAQ","-1.23","34.17","","34.6"
"A043340","에쎈테크","12","0","KOSDAQ","-5.1","87.12","","91.8"
"A043360","디지아이","12","0","KOSDAQ","-0.55","24.57","","24.71"
"A043370","피에이치에이","12","0","KOSDAQ","-3.36","181.44","","187.74"
"A043590","웰킵스하이텍","12","0","KOSDAQ","0","34.72","","34.72"
"A043610","KT지니뮤직","12","0","KOSDAQ","-1.19","264.43","","267.62"
"A043650","국순당","12","0","KOSDAQ","-0.25","70.72","","70.9"
"A043710","코스리거글로벌","12","0","KOSDAQ","-2.57","66.56","","68.31"
"A043910","자연과환경","12","0","KOSDAQ","-2.13","62.47","","63.82"
"A044180","KD","12","0","KOSDAQ","0","38.78","","38.78"
"A044340","위닉스","12","0","KOSDAQ","0.5","535.31","","532.63"
"A044380","주연테크","12","0","KOSPI","0","40.3","","40.3"
"A044450","KSS해운","12","0","KOSPI","0.14","165.78","","165.55"
"A044480","빌리언스","12","0","KOSDAQ","-2.31","92.82","","95.02"
"A044490","태웅","12","0","KOSDAQ","-1.01","196.07","","198.07"
"A044780","에이치케이","12","0","KOSDAQ","2.33","28.41","","27.76"
"A044820","코스맥스비티아이","12","0","KOSPI","-0.64","225.21","","226.65"
"A044960","이글벳","12","0","KOSDAQ","-1.31","47.53","","48.17"
"A044990","에이치엔에스하이텍","12","0","KONEX","0","18.78","","18.78"
"A045060","오공","12","0","KOSDAQ","-3.3","64.63","","66.84"
"A045100","한양이엔지","12","0","KOSDAQ","-4.32","259.2","","270.9"
"A045300","성우테크론","12","0","KOSDAQ","-2.59","37.39","","38.39"
"A045340","토탈소프트","12","0","KOSDAQ","-1.72","24.43","","24.86"
"A045390","대아티아이","12","0","KOSDAQ","-0.95","444.7","","448.97"
"A045510","정원엔시스","12","0","KOSDAQ","1.47","55.72","","54.92"
"A045520","크린앤사이언스","12","0","KOSDAQ","-3.16","179.08","","184.93"
"A045660","에이텍","12","0","KOSDAQ","-1.61","60.63","","61.62"
"A045970","코아시아","12","0","KOSDAQ","1.08","109.85","","108.67"
"A046070","코다코","12","0","KOSDAQ","0","85.75","","85.75"
"A046120","오르비텍","12","0","KOSDAQ","-3.22","103.85","","107.3"
"A046210","HLB파나진","12","0","KOSDAQ","-1.04","152.51","","154.12"
"A046310","백금T&A","12","0","KOSDAQ","-1.11","41.06","","41.52"
"A046390","삼화네트웍스","12","0","KOSDAQ","-1.46","87.01","","88.3"
"A046440","KG파이낸셜","12","0","KOSDAQ","-2.37","209.35","","214.43"
"A046890","서울반도체","12","0","KOSDAQ","0.48","1212.75","","1206.92"
"A046940","우원개발","12","0","KOSDAQ","-1.25","67.9","","68.76"
"A046970","우리로","12","0","KOSDAQ","-2.65","63.71","","65.45"
"A047040","대우건설","12","1","KOSPI","0.4","2094.74","","2086.43"
"A047050","포스코인터내셔널","12","1","KOSPI","-1.4","2171.4","","2202.25"
"A047080","한빛소프트","12","0","KOSDAQ","-0.52","70.75","","71.12"
"A047310","파워로직스","12","0","KOSDAQ","-0.2","342.83","","343.52"
"A047400","유니온머티리얼","12","0","KOSPI","-2.12","77.7","","79.38"
"A047560","이스트소프트","12","0","KOSDAQ","-2.09","74.05","","75.63"
"A047770","코데즈컴바인","12","0","KOSDAQ","-1.93","105.77","","107.85"
"A047810","한국항공우주","12","1","KOSPI","-2.52","3392.13","","3479.86"
"A047820","초록뱀미디어","12","0","KOSDAQ","-0.64","119.56","","120.32"
"A047920","HLB제약","12","0","KOSDAQ","6.01","58.65","","55.32"
"A048410","현대바이오","12","0","KOSDAQ","1.37","324.04","","319.65"
"A048430","유라테크","12","0","KOSDAQ","-4.52","73.04","","76.49"
"A048470","대동스틸","12","0","KOSDAQ","-0.85","81.9","","82.6"
"A048530","인트론바이오","12","0","KOSDAQ","-1.27","583.71","","591.21"
"A048550","SM C&C","12","0","KOSDAQ","-0.25","187.65","","188.12"
"A048770","TPC로보틱스","12","0","KOSDAQ","3.6","59.34","","57.28"
"A048830","엔피케이","12","0","KOSDAQ","-2.28","36.14","","36.98"
"A048870","시너지이노베이션","12","0","KOSDAQ","-0.9","135.75","","136.98"
"A048910","대원미디어","12","0","KOSDAQ","-1.12","110.69","","111.95"
"A049070","인탑스","12","0","KOSDAQ","0","212.42","","212.42"
"A049080","기가레인","12","0","KOSDAQ","-2.2","100.79","","103.05"
"A049120","파인디앤씨","12","0","KOSDAQ","-2.28","55.69","","57"
"A049180","셀루메드","12","0","KOSDAQ","-4.69","186.71","","195.9"
"A049430","코메론","12","0","KOSDAQ","-0.98","73.2","","73.92"
"A049470","비트플래닛","12","0","KOSDAQ","-1.55","49.23","","50.01"
"A049480","오픈베이스","12","0","KOSDAQ","-0.65","72.27","","72.74"
"A049520","유아이엘","12","0","KOSDAQ","-0.95","113.94","","115.02"
"A049550","잉크테크","12","0","KOSDAQ","-0.32","49.98","","50.14"
"A049630","재영솔루텍","12","0","KOSDAQ","-2.17","81.89","","83.71"
"A049720","고려신용정보","12","0","KOSDAQ","1.08","60.06","","59.42"
"A049800","우진플라임","12","0","KOSPI","-7.02","54.3","","58.4"
"A049830","승일","12","0","KOSDAQ","0.48","63.77","","63.47"
"A049950","미래컴퍼니","12","0","KOSDAQ","-6.34","487.6","","520.63"
"A049960","쎌바이오텍","12","0","KOSDAQ","-1.7","298.92","","304.09"
"A050090","비케이홀딩스","12","0","KOSDAQ","0.15","44.73","","44.66"
"A050110","캠시스","12","0","KOSDAQ","0.27","109.56","","109.27"
"A050120","ES큐브","12","0","KOSDAQ","-1.73","66.18","","67.34"
"A050760","에스폴리텍","12","0","KOSDAQ","-0.82","39.53","","39.86"
"A050860","아세아텍","6","0","KOSDAQ","-4.11","73.5","","76.65"
"A050890","쏠리드","12","0","KOSDAQ","-2.27","139.67","","142.9"
"A050960","수산아이앤티","12","0","KOSDAQ","0.78","43.61","","43.27"
"A051160","지어소프트","12","0","KOSDAQ","-1.53","84.68","","84.32"
"A051360","토비스","12","0","KOSDAQ","-0.87","114.51","","115.51"
"A051370","인터플렉스","12","0","KOSDAQ","-1.59","288.09","","292.76"
"A051380","피씨디렉트","12","0","KOSDAQ","-0.42","38.55","","38.71"
"A051390","YW","12","0","KOSDAQ","0.6","47.3","","47.01"
"A051490","나라엠앤디","12","0","KOSDAQ","-0.81","69.15","","69.72"
"A051500","CJ프레시웨이","12","0","KOSDAQ","-0.45","395.32","","397.1"
"A051600","한전KPS","12","1","KOSPI","0.14","1568.25","","1566"
"A051630","진양화학","12","0","KOSPI","1.75","52.2","","51.3"
"A051780","큐로홀딩스","12","0","KOSDAQ","0","35.32","","35.32"
"A051900","LG생활건강","12","1","KOSPI","-0.36","21803","","21881.09"
"A051910","LG화학","12","1","KOSPI","-0.41","25483.84","","25589.72"
"A051980","중앙첨단소재","12","0","KOSDAQ","1.85","44.32","","43.52"
"A052020","에스티큐브","12","0","KOSDAQ","-0.87","609","","614.34"
"A052220","iMBC","12","0","KOSDAQ","0.38","60.38","","60.15"
"A052260","현대바이오랜드","12","0","KOSDAQ","-0.79","282.75","","285"
"A052300","오션인더블유","12","0","KOSDAQ","0.4","66.15","","65.89"
"A052330","코텍","12","0","KOSDAQ","0.33","235.95","","235.18"
"A052400","코나아이","12","0","KOSDAQ","-4.05","165.7","","172.71"
"A052420","오성첨단소재","12","0","KOSDAQ","0","103.91","","103.91"
"A052460","아이크래프트","12","0","KOSDAQ","-1.23","40.9","","41.41"
"A052600","한네트","12","0","KOSDAQ","-6.2","36.71","","39.14"
"A052690","한전기술","12","1","KOSPI","-1.45","907.73","","921.1"
"A052710","아모텍","12","0","KOSDAQ","-5.15","206.56","","217.77"
"A052770","아이톡시","12","0","KOSDAQ","0","25.3","","25.3"
"A052790","액토즈소프트","12","0","KOSDAQ","0","147.3","","147.3"
"A052860","아이앤씨","12","0","KOSDAQ","-0.12","66.42","","66.5"
"A052900","KX하이텍","12","0","KOSDAQ","-2.39","47.82","","49"
"A053030","바이넥스","12","0","KOSDAQ","-1.35","349.15","","353.91"
"A053050","지에스이","12","0","KOSDAQ","-1.53","48.28","","49.03"
"A053060","세동","12","0","KOSDAQ","-3.84","16.61","","17.28"
"A053080","케이엔솔","12","0","외감","","","",""
"A053160","프리엠스","12","0","KOSDAQ","-0.31","38.28","","38.4"
"A053210","스카이라이프","12","0","KOSPI","1.29","564.3","","557.13"
"A053260","금강철강","12","0","KOSDAQ","-0.68","68.7","","69.17"
"A053270","구영테크","12","0","KOSDAQ","-0.89","43.95","","44.34"
"A053280","예스24","12","0","KOSDAQ","-1.58","74.99","","76.2"
"A053290","NE능률","12","0","KOSDAQ","-0.16","43.33","","43.4"
"A053300","한국정보인증","12","0","KOSDAQ","-0.58","133.39","","134.17"
"A053350","이니텍","12","0","KOSDAQ","-2.8","123.89","","127.45"
"A053450","세코닉스","12","0","KOSDAQ","-2.41","81.89","","83.92"
"A053580","웹케시","12","0","KOSDAQ","8.39","318.91","","294.22"
"A053610","프로텍","12","0","KOSDAQ","0.55","173.59","","172.65"
"A053620","태양","12","0","KOSDAQ","-0.49","87.72","","88.15"
"A053690","한미글로벌","12","0","KOSPI","-0.93","116.15","","117.25"
"A053700","삼보모터스","12","0","KOSDAQ","0.86","111.05","","110.1"
"A053800","안랩","12","0","KOSDAQ","-1.54","510.71","","518.72"
"A053950","경남제약","12","0","KOSDAQ","0","238.49","","238.49"
"A053980","오상자이엘","12","0","KOSDAQ","-3.21","149.61","","154.58"
"A054040","한국컴퓨터","12","0","KOSDAQ","0.41","39.13","","38.97"
"A054050","NH농우바이오","12","0","KOSDAQ","-1.71","184.35","","187.56"
"A054090","삼진엘앤디","12","0","KOSDAQ","0.41","60.9","","60.65"
"A054180","메디콕스","12","0","KOSDAQ","-10.71","66.17","","74.11"
"A054210","이랜텍","12","0","KOSDAQ","-5.35","87.03","","91.95"
"A054220","비츠로시스","12","0","KOSDAQ","0","25.36","","25.36"
"A054300","팬스타엔터프라이즈","12","0","KOSDAQ","-1.91","40.47","","41.26"
"A054410","케이피티유","12","0","KOSDAQ","-0.95","23.76","","23.98"
"A054450","텔레칩스","12","0","KOSDAQ","-1.88","141.14","","143.84"
"A054540","삼영엠텍","12","0","KOSDAQ","-1.58","40.43","","41.08"
"A054620","APS","12","0","KOSDAQ","-1.37","88.21","","89.43"
"A054670","대한뉴팜","12","0","KOSDAQ","-0.47","152.88","","153.6"
"A054780","키이스트","12","0","KOSDAQ","4.83","277.25","","264.47"
"A054800","아이디스홀딩스","12","0","KOSDAQ","-1.9","159.87","","162.98"
"A054920","한컴위드","12","0","KOSDAQ","2.37","54.85","","53.57"
"A054930","유신","12","0","KOSDAQ","-2.54","74.85","","76.8"
"A054940","엑사이엔씨","12","0","KOSDAQ","-1.66","39.31","","39.97"
"A054950","제이브이엠","12","0","KOSDAQ","-1.37","205.75","","208.6"
"A055490","테이팩스","12","0","KOSPI","-1.07","87.04","","87.98"
"A055550","신한지주","12","1","KOSPI","-1.64","19940.09","","20272.03"
"A056080","유진로봇","12","0","KOSDAQ","-0.24","158.3","","158.68"
"A056090","시지메드텍","12","0","KOSDAQ","-2.25","70.69","","72.32"
"A056190","SFA","12","0","KOSDAQ","-1.53","1506.37","","1529.71"
"A056360","코위버","12","0","KOSDAQ","0.9","66.03","","65.44"
"A056700","신화인터텍","12","0","KOSDAQ","-1.12","51.57","","52.15"
"A056730","CNT85","12","0","KOSDAQ","0","67.4","","67.4"
"A057030","YBM넷","12","0","KOSDAQ","-1.09","66.39","","67.13"
"A057050","현대홈쇼핑","12","1","KOSPI","-1.38","1284","","1302"
"A057540","옴니시스템","12","0","KOSDAQ","-0.23","89.29","","89.49"
"A057680","티사이언티픽","12","0","KOSDAQ","-0.69","48.69","","49.03"
"A058110","멕아이씨에스","12","0","KOSDAQ","-3.37","21.5","","22.25"
"A058400","KNN","12","0","KOSDAQ","0.24","112.43","","112.17"
"A058430","포스코스틸리온","12","0","KOSPI","-1.27","116.7","","118.2"
"A058450","한주에이알티","12","0","KOSDAQ","3.65","29.34","","28.3"
"A058470","리노공업","12","0","KOSDAQ","-2.03","884.06","","902.35"
"A058610","에스피지","12","0","KOSDAQ","-9.47","197.5","","218.16"
"A058630","엠게임","12","0","KOSDAQ","0","62.34","","62.34"
"A058650","세아홀딩스","12","0","KOSPI","-0.53","375.2","","377.2"
"A058730","다스코","12","0","KOSPI","-0.96","111.03","","112.11"
"A058820","CMG제약","12","0","KOSDAQ","-1.86","487.81","","497.07"
"A058850","KTcs","12","0","KOSPI","0.22","98.18","","97.96"
"A058860","KTis","12","0","KOSPI","-1.91","89.27","","91.01"
"A058970","엠로","12","0","KONEX","-0.26","9.12","","9.15"
"A059090","미코","12","0","KOSDAQ","-2.81","205.44","","211.39"
"A059100","아이컴포넌트","12","0","KOSDAQ","-1.15","42.57","","43.06"
"A059120","아진엑스텍","12","0","KOSDAQ","-2.21","64.53","","65.99"
"A059210","메타바이오메드","12","0","KOSDAQ","-2.29","71.35","","73.02"
"A059270","해성에어로보틱스","12","0","외감","","","",""
"A060150","인선이엔티","12","0","KOSDAQ","-0.99","293.94","","296.87"
"A060230","제이케이시냅스","12","0","KOSDAQ","0","134.26","","134.26"
"A060240","스타코링크","12","0","KOSDAQ","-0.52","115.44","","116.05"
"A060250","NHN KCP","12","0","KOSDAQ","-0.8","270.68","","272.87"
"A060260","뉴보텍","12","0","KOSDAQ","-2.95","39.76","","40.97"
"A060280","큐렉소","12","0","KOSDAQ","-3.03","224.16","","231.17"
"A060310","3S","3","0","KOSDAQ","1.06","106.78","","105.66"
"A060370","LS마린솔루션","12","0","KOSDAQ","1.61","76.21","","75.01"
"A060380","동양에스텍","12","0","KOSDAQ","1.48","30.8","","30.35"
"A060480","국일신동","12","0","KOSDAQ","-5.54","73.75","","78.07"
"A060540","에스에이티","12","0","KOSDAQ","-4.53","57.89","","60.63"
"A060560","HC홈센타","12","0","KOSDAQ","-3.32","123.84","","128.1"
"A060570","드림어스컴퍼니","12","0","KOSDAQ","0","499.6","","499.6"
"A060590","씨티씨바이오","12","0","KOSDAQ","-2.18","156.03","","159.5"
"A060720","KH바텍","12","0","KOSDAQ","0.12","167.78","","167.58"
"A060850","영림원소프트랩","12","0","외감","","","",""
"A060900","에이전트AI","12","0","KOSDAQ","0","47.48","","47.48"
"A060980","HL홀딩스","12","1","KOSPI","-0.49","425.69","","427.78"
"A061040","알에프텍","12","0","KOSDAQ","-1.49","114.95","","116.69"
"A061090","세나테크놀로지","12","0","외감","","","",""
"A061250","화일약품","12","0","KOSDAQ","4.93","110.39","","105.2"
"A061970","LB세미콘","12","0","KOSDAQ","4.67","373.04","","356.41"
"A062040","산일전기","12","0","외감","","","",""
"A062970","한국첨단소재","12","0","외감","","","",""
"A063080","컴투스홀딩스","12","0","KOSDAQ","0.62","322.5","","320.53"
"A063160","종근당바이오","12","0","KOSPI","-0.87","118.97","","120.02"
"A063170","서울옥션","12","0","KOSDAQ","-4","150.23","","156.49"
"A063440","SM Life Design","12","0","KOSDAQ","-2.24","67.39","","68.94"
"A063570","NICE인프라","12","0","KOSDAQ","-3.68","326.71","","339.18"
"A063760","이엘피","12","0","KOSDAQ","-1.57","77.09","","78.32"
"A064090","인크레더블버즈","12","0","KOSDAQ","-3.88","140.8","","146.48"
"A064240","홈캐스트","12","0","KOSDAQ","-5.57","147.84","","156.55"
"A064260","다날","12","0","KOSDAQ","-0.6","179.44","","180.52"
"A064290","인텍플러스","12","0","KOSDAQ","2.57","55.16","","53.78"
"A064350","현대로템","12","1","KOSPI","-0.68","1861.5","","1874.25"
"A064400","LG씨엔에스","12","0","외감","","","",""
"A064480","브리지텍","12","0","KOSDAQ","-0.28","43.15","","43.27"
"A064520","테크엘","12","0","KOSDAQ","0","27.76","","27.76"
"A064550","바이오니아","12","0","KOSDAQ","-0.34","180.46","","181.08"
"A064760","티씨케이","12","0","KOSDAQ","-2.91","739.03","","761.21"
"A064800","포니링크","12","0","KOSDAQ","-4.56","113.53","","118.95"
"A064820","케이프","12","0","KOSDAQ","-1.36","55.65","","56.42"
"A064850","에프앤가이드","12","0","KONEX","-1","43.46","","43.9"
"A064960","SNT모티브","12","1","KOSPI","-0.9","560.8","","565.92"
"A065060","지엔코","12","0","KOSDAQ","-0.94","154.36","","155.83"
"A065130","탑엔지니어링","12","0","KOSDAQ","-4.86","140.59","","147.78"
"A065150","대산F&B","12","0","KOSDAQ","0","106.26","","106.26"
"A065170","비엘팜텍","12","0","KOSDAQ","-0.56","109.62","","110.24"
"A065350","신성델타테크","12","0","KOSDAQ","-1.44","90.89","","92.22"
"A065370","위세아이텍","12","0","KONEX","0.62","22.1","","21.96"
"A065420","에스아이리소스","12","0","KOSDAQ","0","41.28","","41.28"
"A065440","이루온","12","0","KOSDAQ","0.98","42.14","","41.73"
"A065450","빅텍","12","0","KOSDAQ","0.57","86.98","","86.48"
"A065500","오리엔트정공","12","0","KOSDAQ","-0.25","47.71","","47.82"
"A065510","휴비츠","12","0","KOSDAQ","15.92","128.93","","111.22"
"A065530","와이어블","12","0","KOSDAQ","-1.01","129.51","","130.83"
"A065570","삼영이엔씨","12","0","KOSDAQ","-1.33","52.1","","52.8"
"A065650","하이퍼코퍼레이션","12","0","KOSDAQ","-3.29","147.2","","152.2"
"A065660","안트로젠","12","0","KOSDAQ","0.25","690.29","","688.56"
"A065680","우주일렉트로","12","0","KOSDAQ","0.58","86.43","","85.93"
"A065690","파커스","12","0","KOSDAQ","1.82","46.78","","45.94"
"A065710","서호전기","12","0","KOSDAQ","-2.1","83.95","","85.75"
"A065770","CS","12","0","KOSDAQ","-0.89","41.72","","42.1"
"A065950","웰크론","12","0","KOSDAQ","-5.19","137.5","","145.02"
"A066130","하츠","12","0","KOSDAQ","-8.72","127.36","","139.52"
"A066310","큐에스아이","12","0","KOSDAQ","0.92","40.73","","40.36"
"A066360","체리부로","12","0","KOSDAQ","-2.83","76.65","","78.88"
"A066410","버킷스튜디오","12","0","KOSDAQ","1.35","43.96","","43.38"
"A066430","아이로보틱스","12","0","KOSDAQ","-4.09","78.63","","81.99"
"A066570","LG전자","12","1","KOSPI","-2.3","11815.37","","12093.57"
"A066590","스모트로닉","12","0","KOSDAQ","-2.61","101.25","","103.96"
"A066620","국보디자인","12","0","KOSDAQ","-1.24","119.25","","120.75"
"A066670","디티씨","12","0","KOSDAQ","-0.61","75.7","","76.17"
"A066700","테라젠이텍스","12","0","KOSDAQ","1.45","324.82","","320.18"
"A066790","씨씨에스","12","0","KOSDAQ","0","36.19","","36.19"
"A066900","디에이피","12","0","KOSDAQ","-1.8","62.09","","63.23"
"A066910","손오공","12","0","KOSDAQ","8.86","65.91","","60.54"
"A066970","엘앤에프","12","0","KOSDAQ","-7.19","719.24","","774.95"
"A066980","한성크린텍","12","0","KOSDAQ","-1.86","142.42","","145.11"
"A067000","조이시티","12","0","KOSDAQ","-2.66","112.18","","115.24"
"A067010","이씨에스","3","0","KOSDAQ","-3.99","33.41","","34.8"
"A067080","대화제약","12","0","KOSDAQ","-1.48","364.5","","369.97"
"A067160","SOOP","12","0","KOSDAQ","-2","619.57","","632.21"
"A067170","오텍","12","0","KOSDAQ","0.7","220.87","","219.33"
"A067280","멀티캠퍼스","12","0","KOSDAQ","-1.67","313.53","","318.86"
"A067290","JW신약","12","0","KOSDAQ","-2.26","270","","276.25"
"A067310","하나마이크론","12","0","KOSDAQ","-0.73","92.27","","92.95"
"A067370","선바이오","12","0","KONEX","1.44","214.99","","211.93"
"A067390","아스트","12","0","KOSDAQ","-5.98","224.2","","238.46"
"A067570","엔브이에이치코리아","12","0","KOSDAQ","-0.86","66.06","","66.64"
"A067630","HLB생명과학","12","0","KOSDAQ","-2.51","564.44","","578.96"
"A067730","로지시스","12","0","KOSDAQ","-0.7","26.43","","26.62"
"A067770","세진티에스","12","0","KOSDAQ","-1.02","24.52","","24.77"
"A067830","세이브존I&C","12","0","KOSPI","-1.5","161.7","","164.16"
"A067900","와이엔텍","12","0","KOSDAQ","-2.61","149.24","","153.24"
"A067920","이글루","12","0","KOSDAQ","0","53.77","","53.77"
"A067990","도이치모터스","12","0","KOSDAQ","-1.56","182.79","","185.68"
"A068050","팬엔터테인먼트","12","0","KOSDAQ","-1.97","68.44","","69.81"
"A068100","케이웨더","12","0","외감","","","",""
"A068240","다원시스","12","0","KOSDAQ","0.33","401.96","","400.65"
"A068270","셀트리온","12","1","KOSPI","-1.37","22645.79","","22959.44"
"A068290","삼성출판사","12","0","KOSPI","-4.4","174","","182"
"A068330","일신바이오","12","0","KOSDAQ","-1.66","91.53","","93.07"
"A068760","셀트리온제약","12","0","KOSDAQ","-0.55","1863.4","","1873.62"
"A068790","DMS","12","0","KOSDAQ","-1.45","125.07","","126.91"
"A068930","디지털대성","12","0","KOSDAQ","-2.46","223.14","","228.78"
"A068940","셀피글로벌","12","0","KOSDAQ","0.27","58.46","","58.31"
"A069080","웹젠","12","0","KOSDAQ","1.29","695.62","","686.8"
"A069140","누리플랜","12","0","KOSDAQ","-7.92","46.15","","50.12"
"A069260","TKG휴켐스","12","1","KOSPI","5.39","919.77","","872.76"
"A069330","유아이디","12","0","KOSDAQ","-1.01","17.42","","17.59"
"A069410","엔텔스","12","0","KOSDAQ","-0.79","86.93","","87.62"
"A069460","대호에이엘","12","0","KOSPI","0","147.07","","147.07"
"A069510","에스텍","12","0","KOSDAQ","-1.18","137.47","","139.1"
"A069540","빛과전자","12","0","KOSDAQ","0","76.79","","76.79"
"A069620","대웅제약","12","1","KOSPI","-0.54","2120.34","","2131.93"
"A069640","한세엠케이","12","0","KOSPI","-3.47","86.11","","89.2"
"A069730","DSR제강","12","0","KOSPI","-2.64","69.05","","70.92"
"A069920","엑시온그룹","12","0","KOSDAQ","0","109.2","","109.2"
"A069960","현대백화점","12","1","KOSPI","-1.2","2312.16","","2340.24"
"A070300","엑스큐어","12","0","KOSDAQ","-0.11","33.96","","33.99"
"A070590","인티큐브","12","0","KOSDAQ","1.61","35.12","","34.56"
"A070960","모나용평","12","0","KOSPI","-2.76","338.86","","348.49"
"A071050","한국금융지주","12","1","KOSPI","-2.25","3382.57","","3460.58"
"A071090","하이스틸","12","0","KOSPI","-1.32","45","","45.6"
"A071200","인피니트헬스케어","12","0","KOSDAQ","-2.5","151.99","","155.89"
"A071280","로체시스템즈","12","0","KOSDAQ","-4.38","61.72","","64.55"
"A071320","지역난방공사","12","0","KOSPI","0.32","723.67","","721.36"
"A071670","에이테크솔루션","12","0","KOSDAQ","1.72","83","","81.6"
"A071840","롯데하이마트","12","1","KOSPI","-2.51","1189.83","","1220.52"
"A071850","캐스텍코리아","12","0","KOSDAQ","-1.96","58.16","","59.32"
"A071950","코아스","12","0","KOSPI","-1.53","39.72","","40.33"
"A071970","HD현대마린엔진","12","0","KOSPI","-2.21","161.75","","165.4"
"A072020","중앙백신","12","0","KOSDAQ","-3.5","178.28","","184.76"
"A072130","유엔젤","12","0","KOSPI","-0.62","52.72","","53.05"
"A072470","우리산업홀딩스","12","0","KOSDAQ","-0.2","95.38","","95.57"
"A072710","농심홀딩스","12","0","KOSPI","0.12","397.46","","396.99"
"A072770","멤레이비티","12","0","KOSDAQ","-0.95","56.45","","56.99"
"A072870","메가스터디","12","0","KOSDAQ","0","144.84","","144.84"
"A072950","빛샘전자","12","0","KOSDAQ","-0.67","35.76","","36"
"A072990","에이치시티","12","0","KOSDAQ","1.51","43.05","","42.41"
"A073010","케이에스피","12","0","KOSDAQ","0","51.75","","51.75"
"A073110","엘엠에스","12","0","KOSDAQ","-0.52","67.96","","68.32"
"A073190","듀오백","12","0","KOSDAQ","-0.39","30.52","","30.64"
"A073240","금호타이어","12","1","KOSPI","0.8","1265.38","","1255.33"
"A073490","LIG아큐버","12","0","KOSDAQ","-2.85","122.75","","126.35"
"A073540","에프알텍","12","0","KOSDAQ","0.7","32.6","","32.38"
"A073560","우리손에프앤지","12","0","KOSDAQ","3.78","161.67","","155.78"
"A073570","리튬포어스","12","0","KOSDAQ","0","80.88","","80.88"
"A073640","테라사이언스","12","0","KOSDAQ","-3.75","123.8","","128.63"
"A074430","아미노로직스","12","0","KOSDAQ","-1.12","154.58","","156.33"
"A074600","원익QnC","12","0","KOSDAQ","-4.97","377.23","","396.95"
"A074610","이엔플러스","12","0","KOSPI","-3.92","140.2","","145.92"
"A075130","플랜티넷","12","0","KOSDAQ","0.75","48.29","","47.94"
"A075180","새론오토모티브","12","0","KOSPI","0.37","105.22","","104.83"
"A075580","세진중공업","12","0","KOSPI","3.3","186.3","","180.35"
"A075970","동국알앤에스","12","0","KOSDAQ","-1.34","47.38","","48.02"
"A076080","웰크론한텍","12","0","KOSDAQ","-0.97","49.18","","49.66"
"A076610","해성옵틱스","12","0","KOSDAQ","-0.77","32.27","","32.52"
"A077360","덕산하이메탈","12","0","KOSDAQ","-1.71","111.09","","113.02"
"A077500","유니퀘스트","12","0","KOSPI","-2.33","159.34","","163.14"
"A077970","STX엔진","12","0","KOSPI","0.71","164.05","","162.9"
"A078000","텔코웨어","12","0","KOSPI","-1.72","138.26","","140.69"
"A078020","LS증권","12","0","KOSDAQ","-0.12","329.52","","329.92"
"A078070","유비쿼스홀딩스","12","0","KOSDAQ","1.81","262.69","","258.01"
"A078130","국일제지","12","0","KOSDAQ","0.5","118.14","","117.55"
"A078140","대봉엘에스","12","0","KOSDAQ","-5.76","101.55","","107.76"
"A078150","HB테크놀러지","12","0","KOSDAQ","2.39","270.94","","264.62"
"A078160","메디포스트","12","0","KOSDAQ","-2.25","582.26","","595.64"
"A078340","컴투스","12","0","KOSDAQ","-0.29","1322.67","","1326.53"
"A078350","한양디지텍","12","0","KOSDAQ","-1.6","30.8","","31.3"
"A078520","에이블씨엔씨","12","0","KOSPI","-4.21","337.92","","352.79"
"A078590","휴림에이텍","12","0","KOSDAQ","1.27","67.15","","66.3"
"A078600","대주전자재료","12","0","KOSDAQ","-4.57","273.56","","286.66"
"A078860","아이오케이이엔엠","12","0","KOSDAQ","-0.28","70.35","","70.55"
"A078890","가온그룹","12","0","KOSDAQ","1","131.5","","130.2"
"A078930","GS","12","1","KOSPI","-0.38","4887.35","","4905.93"
"A079000","와토스코리아","12","0","KOSDAQ","1.49","44.06","","43.42"
"A079160","CJ CGV","12","1","KOSPI","-2.63","901.47","","925.81"
"A079170","한창산업","12","0","KOSDAQ","1.03","30.63","","30.32"
"A079190","케스피온","12","0","KOSDAQ","0","88.36","","88.36"
"A079370","제우스","12","0","KOSDAQ","-2.44","145.38","","149.01"
"A079430","현대리바트","12","1","KOSPI","-0.96","422","","426.11"
"A079550","LIG디펜스앤에어로스페이스","12","1","KOSPI","-1.74","870.1","","885.5"
"A079650","서산","12","0","KOSDAQ","-0.63","63","","63.4"
"A079810","APS이노베이션","12","0","KOSDAQ","-3.53","20.88","","21.64"
"A079900","전진건설로봇","12","0","외감","","","",""
"A079940","가비아","12","0","KOSDAQ","-2.48","111.8","","114.65"
"A079950","인베니아","12","0","KOSDAQ","-2.74","74.24","","76.33"
"A079960","동양이엔피","12","0","KOSDAQ","1.71","79.39","","78.05"
"A079970","투비소프트","12","0","KOSDAQ","7.82","99.89","","92.65"
"A079980","휴비스","12","0","KOSPI","-0.62","276.69","","278.42"
"A080010","이상네트웍스","12","0","KOSDAQ","-0.94","75.91","","76.63"
"A080160","모두투어","12","0","KOSDAQ","-0.66","429.03","","431.87"
"A080220","제주반도체","12","0","KOSDAQ","-1.6","105.25","","106.96"
"A080420","모다이노칩","12","0","KOSDAQ","0.31","191.33","","190.73"
"A080470","성창오토텍","12","0","KOSDAQ","-0.46","78.48","","78.84"
"A080520","오디텍","12","0","KOSDAQ","-1.35","60.26","","61.08"
"A080530","코디","12","0","KOSDAQ","0","42.59","","42.59"
"A080580","오킨스전자","12","0","KOSDAQ","1.2","20.96","","20.71"
"A080720","한국유니온제약","12","0","KOSDAQ","-4.84","87.08","","91.51"
"A081000","일진다이아","12","0","KOSPI","0.49","344.54","","342.85"
"A081150","티플랙스","12","0","KOSDAQ","-0.4","60.67","","60.91"
"A081180","쎄크","12","0","외감","","","",""
"A081580","성우전자","12","0","KOSDAQ","0.43","54.28","","54.05"
"A081660","미스토홀딩스","12","0","KOSPI","-0.27","4553.07","","4565.3"
"A082210","옵트론텍","12","0","KOSDAQ","-3.17","137.62","","142.13"
"A082270","젬백스","12","0","KOSDAQ","1.34","537.6","","530.5"
"A082640","동양생명","12","0","KOSPI","0.22","734.99","","733.37"
"A082660","코스나인","12","0","KOSDAQ","-4","28.29","","29.47"
"A082740","한화엔진","12","0","KOSPI","-1.38","153.2","","155.35"
"A082800","비보존 제약","12","0","KOSDAQ","-4.24","100.89","","105.36"
"A082850","우리바이오","12","0","KOSDAQ","3.39","37.95","","36.7"
"A082920","비츠로셀","12","0","KOSDAQ","0.98","222.93","","220.78"
"A083310","엘오티베큠","12","0","KOSDAQ","-3.88","108.32","","112.7"
"A083420","그린케미칼","12","0","KOSPI","0.14","70.4","","70.3"
"A083450","GST","12","0","KOSDAQ","-3.85","58.14","","60.47"
"A083470","이엠앤아이","12","0","KOSDAQ","0","9.56","","9.56"
"A083500","에프엔에스테크","12","0","KOSDAQ","-2.7","55.63","","57.18"
"A083550","케이엠","12","0","KOSDAQ","-0.47","107.05","","107.55"
"A083640","인콘","12","0","KOSDAQ","-0.8","165.11","","166.45"
"A083650","비에이치아이","12","0","KOSDAQ","-2.3","77.35","","79.17"
"A083660","CSA 코스믹","12","0","KOSDAQ","0","82.35","","82.35"
"A083790","CG인바이츠","12","0","KOSDAQ","-1.73","686.76","","698.88"
"A083930","아바코","12","0","KOSDAQ","-1.15","95.98","","97.1"
"A084010","대한제강","12","0","KOSPI","-2.52","142.95","","146.65"
"A084110","휴온스글로벌","12","0","KOSDAQ","-1.33","423.98","","429.7"
"A084180","수성웹툰","12","0","KOSDAQ","0","70.97","","70.97"
"A084370","유진테크","12","0","KOSDAQ","-3.6","276.14","","286.45"
"A084440","유비온","9","0","KONEX","-1.7","6.07","","6.17"
"A084650","랩지노믹스","12","0","KOSDAQ","2.98","66","","64.09"
"A084670","동양고속","12","0","KOSPI","0.54","81.22","","80.79"
"A084680","이월드","12","0","KOSPI","1.67","193.24","","190.07"
"A084690","대상홀딩스","12","0","KOSPI","-1.7","314.69","","320.12"
"A084730","팅크웨어","12","0","KOSDAQ","-2.82","75.59","","77.78"
"A084850","아이티엠반도체","12","0","외감","","","",""
"A084870","TBH글로벌","12","0","KOSPI","-1.2","51.72","","52.35"
"A084990","헬릭스미스","12","0","KOSDAQ","0.26","4312.98","","4301.81"
"A085310","엔케이","12","0","KOSPI","0.31","128.77","","128.37"
"A085620","미래에셋생명","12","0","KOSPI","-0.78","901.01","","908.09"
"A085660","차바이오텍","12","0","KOSDAQ","2.61","1136.19","","1107.28"
"A085670","뉴프렉스","12","0","KOSDAQ","-3.33","64.42","","66.64"
"A085810","알티캐스트","12","0","KOSDAQ","-0.49","64.09","","64.41"
"A085910","네오티스","12","0","KOSDAQ","0.36","45.49","","45.32"
"A086040","바이오톡스텍","12","0","KOSDAQ","-2.41","123.8","","126.86"
"A086060","진바이오텍","12","0","KOSDAQ","-3.24","41.16","","42.54"
"A086280","현대글로비스","12","1","KOSPI","-0.8","4650","","4687.5"
"A086390","유니테스트","12","0","KOSDAQ","-4.67","323.35","","339.2"
"A086450","동국제약","12","0","KOSDAQ","-1.53","516.63","","524.63"
"A086520","에코프로","12","0","KOSDAQ","-8.73","611.9","","670.44"
"A086670","비엠티","12","0","KOSDAQ","-0.55","58.9","","59.23"
"A086710","선진뷰티사이언스","12","0","외감","","","",""
"A086790","하나금융지주","12","1","KOSPI","-0.55","10778.69","","10838.74"
"A086820","바이오솔루션","12","0","KOSDAQ","-10.19","387.15","","431.05"
"A086890","이수앱지스","12","0","KOSDAQ","-4.3","213.53","","223.12"
"A086900","메디톡스","12","0","KOSDAQ","-1.09","3083.38","","3117.32"
"A086960","MDS테크","12","0","KOSDAQ","-1.61","134.64","","136.84"
"A086980","쇼박스","12","0","KOSDAQ","-3.91","207.83","","216.28"
"A087010","펩트론","12","0","KOSDAQ","-2.46","334.12","","342.55"
"A087260","모바일어플라이언스","12","0","KOSDAQ","21.36","93.75","","77.25"
"A087600","픽셀플러스","12","0","KOSDAQ","1.08","53.33","","52.76"
"A088130","동아엘텍","12","0","KOSDAQ","-2.34","95.6","","97.89"
"A088280","쏘닉스","12","0","외감","","","",""
"A088290","이원컴포텍","12","0","KOSDAQ","0","18.52","","18.52"
"A088340","유라클","12","0","외감","","","",""
"A088350","한화생명","12","1","KOSPI","-0.13","3435.04","","3439.38"
"A088390","이녹스","12","0","KOSDAQ","-0.84","66.3","","66.86"
"A088790","진도","12","0","KOSPI","0","54.58","","54.58"
"A088800","에이스테크","12","0","KOSDAQ","-3.28","214.25","","221.51"
"A088910","동우팜투테이블","12","0","KOSDAQ","-2.16","99.58","","101.78"
"A089010","켐트로닉스","12","0","KOSDAQ","0","95.82","","95.82"
"A089030","테크윙","12","0","KOSDAQ","-3.36","216.52","","224.05"
"A089140","넥스턴앤롤코리아","12","0","KOSDAQ","-6.64","158.15","","169.41"
"A089150","케이씨티","12","0","KOSDAQ","-3.01","41.5","","42.79"
"A089230","THE E&M","12","0","KOSDAQ","4.61","104.26","","99.67"
"A089470","HDC현대EP","12","0","KOSPI","-2.02","139.56","","142.43"
"A089590","제주항공","12","0","KOSPI","-1.66","1013.42","","1030.55"
"A089600","KT나스미디어","12","0","KOSDAQ","-3.44","282.78","","292.84"
"A089790","제이티","12","0","KOSDAQ","7.18","31.4","","29.3"
"A089850","유비벨록스","12","0","KOSDAQ","-3.45","47.82","","49.53"
"A089860","롯데렌탈","12","0","외감","","","",""
"A089890","코세스","12","0","KOSDAQ","0","148.13","","148.13"
"A089970","브이엠","12","0","KOSDAQ","-2.56","132.9","","136.39"
"A089980","상아프론테크","12","0","KOSDAQ","-3.43","283.01","","293.06"
"A090080","평화산업","12","0","KOSPI","-1.24","74.25","","75.18"
"A090150","아이윈","12","0","KOSDAQ","-0.49","29.65","","29.8"
"A090350","노루페인트","12","0","KOSPI","-2.14","155.8","","159.2"
"A090360","로보스타","12","0","KOSDAQ","-3.35","281.29","","291.04"
"A090370","메타랩스","12","0","KOSPI","-2.79","69.94","","71.95"
"A090410","덕신이피씨","12","0","KOSDAQ","-2.06","66.7","","68.1"
"A090430","아모레퍼시픽","12","1","KOSPI","-2.37","10844.05","","11107.11"
"A090460","비에이치","12","0","KOSDAQ","-5.75","593.51","","629.72"
"A090470","제이스로보틱스","12","0","KOSDAQ","-2.97","190.5","","196.34"
"A090710","휴림로봇","12","0","KOSDAQ","1.15","97.65","","96.54"
"A090850","현대이지웰","12","0","KOSDAQ","-0.25","87.32","","87.54"
"A091120","이엠텍","12","0","KOSDAQ","-2.1","212.78","","217.34"
"A091340","S&K폴리텍","12","0","KOSDAQ","-2.4","45.23","","46.35"
"A091440","한울소재과학","12","0","KOSDAQ","-1.69","23.79","","24.2"
"A091580","상신이디피","12","0","KOSDAQ","-4.37","124.75","","130.45"
"A091590","남화토건","12","0","KOSDAQ","-0.22","106.48","","106.72"
"A091700","파트론","12","0","KOSDAQ","0","725.7","","725.7"
"A091810","트리니티항공","12","0","KOSPI","-2.29","360.77","","369.22"
"A091970","LSK아이로봇","12","0","KOSDAQ","0.1","105.69","","105.59"
"A092040","아미코젠","12","0","KOSDAQ","-3.51","606.45","","628.52"
"A092070","디엔에프","12","0","KOSDAQ","6.2","101.38","","95.46"
"A092130","이크레더블","12","0","KOSDAQ","-0.53","226.42","","227.62"
"A092190","서울바이오시스","12","0","외감","","","",""
"A092200","디아이씨","12","0","KOSPI","-6.03","141.49","","150.58"
"A092220","KEC","12","0","KOSPI","-1.3","127.63","","129.32"
"A092230","KPX홀딩스","12","0","KOSPI","0.17","252.63","","252.21"
"A092300","현우산업","12","0","KOSDAQ","-1.72","45.1","","45.89"
"A092440","기신정기","3","0","KOSPI","-2.31","111.11","","113.73"
"A092460","한라IMS","12","0","KOSDAQ","-2.68","95.69","","98.32"
"A092600","앤씨앤","12","0","KOSDAQ","0.93","73.02","","72.35"
"A092730","네오팜","12","0","KOSDAQ","1.89","442.45","","434.24"
"A092780","DYP","12","0","KOSPI","-0.95","68.48","","69.13"
"A092790","넥스틸","12","0","외감","","","",""
"A092870","엑시콘","12","0","KOSDAQ","-0.45","59.43","","59.7"
"A093050","LF","12","1","KOSPI","-0.21","709.07","","710.53"
"A093190","빅솔론","12","0","KOSDAQ","-0.16","117.16","","117.36"
"A093240","형지엘리트","6","0","KOSPI","-0.56","54.99","","55.3"
"A093320","케이아이엔엑스","12","0","KOSDAQ","-0.45","163.72","","164.46"
"A093370","후성","12","1","KOSPI","-4.02","685.29","","714"
"A093380","풍강","8","0","KOSDAQ","-1.02","43.07","","43.52"
"A093520","매커스","12","0","KOSDAQ","-2.44","71.12","","72.9"
"A093640","케이알엠","12","0","KOSDAQ","0","30.83","","30.83"
"A093920","서원인텍","12","0","KOSDAQ","-0.71","104.53","","105.28"
"A094170","동운아나텍","12","0","KOSDAQ","-1.46","67.53","","68.53"
"A094280","효성ITX","12","0","KOSPI","0","123.09","","123.09"
"A094360","칩스앤미디어","12","0","KOSDAQ","5.48","58.51","","55.47"
"A094480","갤럭시아머니트리","12","0","KOSDAQ","-2.02","123.38","","125.93"
"A094820","일진파워","12","0","KOSDAQ","0","96.5","","96.5"
"A094840","슈프리마에이치큐","12","0","KOSDAQ","1.09","77.91","","77.07"
"A094850","참좋은여행","12","0","KOSDAQ","-1.17","118.44","","119.84"
"A094860","네오리진","12","0","KOSDAQ","-4.3","28.64","","29.93"
"A094940","푸른로보틱스","12","0","KOSDAQ","-1.02","95.65","","96.64"
"A094970","제이엠티","12","0","KOSDAQ","-2.38","51.5","","52.76"
"A095190","신화프리텍","12","0","KOSDAQ","-0.29","245.97","","246.7"
"A095270","웨이브일렉트로","12","0","KOSDAQ","-1.54","242.43","","246.21"
"A095340","ISC","12","0","KOSDAQ","-1.73","126.35","","128.57"
"A095500","미래나노텍","12","0","KOSDAQ","0.38","92.69","","92.34"
"A095570","AJ네트웍스","12","0","KOSPI","-1.55","222.87","","226.39"
"A095610","테스","12","0","KOSDAQ","-6.25","341","","363.74"
"A095660","네오위즈","12","0","KOSDAQ","-2.08","310.1","","316.67"
"A095700","제넥신","12","0","KOSDAQ","0.97","1698.97","","1682.62"
"A095720","웅진씽크빅","12","0","KOSPI","-3.22","230.25","","237.91"
"A095910","에스에너지","12","0","KOSDAQ","-1.55","67.89","","68.96"
"A096240","크레버스","12","0","KOSDAQ","-2.13","158.48","","161.94"
"A096250","와이즈넛","12","0","외감","","","",""
"A096350","대창솔루션","12","0","KOSDAQ","4.96","94.14","","89.69"
"A096530","씨젠","12","0","KOSDAQ","-0.22","585.02","","586.33"
"A096610","알에프세미","12","0","KOSDAQ","-2.21","50.35","","51.49"
"A096630","에스코넥","12","0","KOSDAQ","-3.7","127.27","","132.16"
"A096690","에이루트","12","0","KOSDAQ","-2.79","46.52","","47.86"
"A096760","JW홀딩스","12","1","KOSPI","-1.55","450.36","","457.45"
"A096770","SK이노베이션","12","1","KOSPI","-0.8","17244.83","","17383.53"
"A096870","엘디티","12","0","KOSDAQ","0.64","21.14","","21"
"A097230","HJ중공업","12","1","KOSPI","0","126.2","","126.2"
"A097520","엠씨넥스","12","0","KOSDAQ","-2.72","283.08","","291"
"A097780","에코볼트","12","0","KOSDAQ","1.52","220.94","","217.62"
"A097800","윈팩","12","0","KOSDAQ","-1.15","46.73","","47.27"
"A097870","효성오앤비","6","0","KOSDAQ","-1.84","76.83","","78.28"
"A097950","CJ제일제당","12","1","KOSPI","-1.68","4847.45","","4930.25"
"A098070","한텍","12","0","외감","","","",""
"A098120","마이크로컨텍솔","12","0","KOSDAQ","-0.99","20.82","","21.03"
"A098460","고영","12","0","KOSDAQ","-3.31","1160.74","","1200.43"
"A098660","에스티오","12","0","KOSDAQ","-0.15","28.62","","28.66"
"A099190","아이센스","12","0","KOSDAQ","-0.39","348.93","","350.3"
"A099220","SDN","12","0","KOSDAQ","0.34","63.41","","63.2"
"A099320","쎄트렉아이","12","0","KOSDAQ","0","118.84","","118.84"
"A099390","브레인즈컴퍼니","12","0","외감","","","",""
"A099410","동방선기","12","0","KOSDAQ","-3.6","29.05","","30.13"
"A099430","바이오플러스","12","0","외감","","","",""
"A099440","스맥","12","0","KOSDAQ","0","82.07","","82.07"
"A099520","DGI","12","0","KOSDAQ","3.7","20.75","","20.01"
"A099750","이지케어텍","3","0","KOSDAQ","-4.93","172.42","","181.36"
"A100030","인지소프트","12","0","KOSDAQ","-0.84","38.75","","39.08"
"A100090","SK오션플랜트","12","0","KOSDAQ","1.13","122.97","","121.6"
"A100120","뷰웍스","12","0","KOSDAQ","-0.74","335.56","","338.06"
"A100130","동국S&C","12","0","KOSDAQ","-0.92","154.29","","155.71"
"A100220","비상교육","12","0","KOSPI","-1.59","88.25","","89.68"
"A100250","진양홀딩스","12","0","KOSPI","-0.2","142.81","","143.09"
"A100590","머큐리","12","0","KOSDAQ","-3.24","176.43","","182.33"
"A100660","서암기계공업","12","0","KOSDAQ","-1.54","72.45","","73.58"
"A100700","세운메디칼","12","0","KOSDAQ","-1.51","171.48","","174.11"
"A100790","미래에셋벤처투자","12","0","KOSDAQ","-4.7","192.9","","202.4"
"A100840","SNT에너지","12","0","KOSPI","-1.57","94.21","","95.71"
"A101000","KS인더스트리","12","0","KOSDAQ","0","128.93","","128.93"
"A101140","인바이오젠","12","0","KOSPI","-0.1","139.33","","139.47"
"A101160","월덱스","12","0","KOSDAQ","-5.02","87.51","","92.13"
"A101170","우림피티에스","12","0","KOSDAQ","0.13","51.98","","51.91"
"A101240","씨큐브","12","0","KOSDAQ","-3.55","63.52","","65.85"
"A101330","모베이스","12","0","KOSDAQ","3.23","145.43","","140.87"
"A101360","에코앤드림","12","0","KONEX","0","3.38","","3.38"
"A101390","아이엠","12","0","KOSDAQ","-1.65","44.71","","45.46"
"A101400","엔시트론","12","0","KOSDAQ","0.18","58.99","","58.88"
"A101490","에스앤에스텍","12","0","KOSDAQ","-5.44","106.37","","112.49"
"A101530","해태제과식품","12","0","KOSPI","-2.73","290.29","","298.45"
"A101670","하이드로리튬","12","0","KOSDAQ","-5.61","28.63","","30.33"
"A101680","한국정밀기계","12","0","KOSDAQ","0","20.25","","20.25"
"A101730","위메이드맥스","12","0","KOSDAQ","-0.52","49.16","","49.42"
"A101930","인화정공","12","0","KOSDAQ","0","49.74","","49.74"
"A101970","우양에이치씨","12","0","외감","","","",""
"A102120","어보브반도체","12","0","KOSDAQ","3.45","120.3","","116.28"
"A102260","동성케미컬","12","0","KOSPI","-1.83","244.04","","248.58"
"A102370","케이옥션","12","0","외감","","","",""
"A102460","이연제약","12","0","KOSPI","-3.72","325.34","","337.92"
"A102710","이엔에프테크놀로지","12","0","KOSDAQ","-2.13","229.07","","234.05"
"A102940","코오롱생명과학","12","0","KOSDAQ","-1.7","858.21","","873.05"
"A103140","풍산","12","1","KOSPI","-2.05","802.9","","819.71"
"A103230","에스앤더블류","12","0","KOSDAQ","-2.31","39.53","","40.46"
"A103590","일진전기","12","0","KOSPI","-1.86","117.17","","119.4"
"A103840","우양","12","0","외감","","","",""
"A104040","디에스엠","12","0","KOSDAQ","1.32","59.94","","59.16"
"A104200","NHN벅스","12","0","KOSDAQ","-0.6","98.75","","99.34"
"A104460","디와이피엔에프","12","0","KOSDAQ","-0.65","81.96","","82.49"
"A104480","티케이케미칼","12","0","KOSDAQ","-1.2","224.51","","227.24"
"A104540","코렌텍","12","0","KOSDAQ","0","55.95","","55.95"
"A104620","노랑풍선","12","0","KOSDAQ","0","129.63","","129.63"
"A104700","한국철강","12","0","KOSPI","-1.83","272.16","","277.22"
"A104830","원익머트리얼즈","12","0","KOSDAQ","-3.08","317.09","","327.18"
"A105330","케이엔더블유","12","0","KOSDAQ","-0.66","25.65","","25.82"
"A105550","엣지파운드리","12","0","KOSDAQ","-0.58","56.32","","56.65"
"A105560","KB금융","12","1","KOSPI","-1.69","17038.05","","17330.72"
"A105630","한세실업","12","1","KOSPI","-2.29","1110","","1136"
"A105740","디케이락","12","0","KOSDAQ","-2.38","84.39","","86.45"
"A105760","포스뱅크","12","0","외감","","","",""
"A105840","우진","12","0","KOSPI","0.77","97.79","","97.05"
"A106080","케이이엠텍","12","0","KOSDAQ","0","16.48","","16.48"
"A106190","하이텍팜","12","0","KOSDAQ","-1.47","95.34","","96.76"
"A106240","파인테크닉스","12","0","KOSDAQ","-3.36","59.42","","61.49"
"A106520","노블엠앤비","12","0","KOSDAQ","0","28.62","","28.62"
"A107590","미원홀딩스","12","0","KOSPI","0.38","93.5","","93.15"
"A107600","새빗켐","12","0","외감","","","",""
"A107640","한중엔시에스","12","0","KONEX","2.99","7.84","","7.61"
"A108230","톱텍","12","0","KOSDAQ","0.5","373.48","","371.64"
"A108320","LX세미콘","12","0","KOSDAQ","2.6","674.97","","657.89"
"A108380","대양전기공업","12","0","KOSDAQ","-0.78","122.46","","123.42"
"A108490","로보티즈","12","0","KOSDAQ","-4.69","217.14","","227.83"
"A108670","LX하우시스","12","1","KOSPI","-2.92","536.27","","552.41"
"A108860","셀바스AI","12","0","KOSDAQ","0","83.37","","83.37"
"A109070","주성코퍼레이션","12","0","KOSPI","0","42.02","","42.02"
"A109080","옵티시스","12","0","KOSDAQ","-1.21","41.31","","41.82"
"A109610","에스와이","12","0","KOSDAQ","0.18","141.71","","141.46"
"A109670","씨싸이트","12","0","외감","","","",""
"A109740","디에스케이","12","0","KOSDAQ","0.84","243.24","","241.2"
"A109820","진매트릭스","12","0","KOSDAQ","-0.41","64.93","","65.2"
"A109860","동일금속","12","0","KOSDAQ","0.95","74.2","","73.5"
"A109960","앱토크롬","12","0","KOSDAQ","-1.58","133.84","","135.99"
"A110020","전진바이오팜","12","0","KOSDAQ","-6.53","44.02","","47.1"
"A110790","크리스에프앤씨","12","0","KOSDAQ","0","302.85","","302.85"
"A110990","디아이티","12","0","KOSDAQ","-6.59","174.07","","186.35"
"A111110","호전실업","12","0","KOSPI","-2.75","99.2","","102"
"A111380","동인기연","12","0","외감","","","",""
"A111710","남화산업","12","0","KOSDAQ","-3.29","139.38","","144.12"
"A111770","영원무역","12","1","KOSPI","-2.75","1411.32","","1451.2"
"A112040","위메이드","12","0","KOSDAQ","2.25","840","","821.52"
"A112290","와이씨켐","12","0","외감","","","",""
"A112610","씨에스윈드","12","0","KOSPI","0.79","662.04","","656.86"
"A113810","디젠스","12","0","KOSDAQ","11.68","22.15","","19.84"
"A114090","GKL","12","1","KOSPI","-0.89","1373.2","","1385.57"
"A114190","강원에너지","12","0","KOSDAQ","0.9","44.11","","43.71"
"A114450","그린생명과학","12","0","KOSDAQ","-3.68","62.85","","65.25"
"A114630","폴라리스우노","12","0","KOSDAQ","-0.67","60.68","","61.08"
"A114810","한솔아이원스","12","0","KOSDAQ","-3.53","106.39","","110.28"
"A114840","아이패밀리에스씨","12","0","외감","","","",""
"A115160","휴맥스","12","0","KOSDAQ","2.07","164.75","","161.4"
"A115180","큐리언트","12","0","KOSDAQ","1.17","220.67","","218.11"
"A115310","인포바인","12","0","KOSDAQ","0","75.99","","75.99"
"A115440","우리넷","12","0","KOSDAQ","-0.14","45.01","","45.07"
"A115450","HLB테라퓨틱스","12","0","KOSDAQ","1.47","674.75","","664.95"
"A115480","씨유메디칼","12","0","KOSDAQ","1.94","45.85","","44.97"
"A115500","케이씨에스","12","0","KOSDAQ","0.52","58.44","","58.14"
"A115530","씨엔플러스","12","0","KOSDAQ","0","35.81","","35.81"
"A115570","스타플렉스","12","0","KOSDAQ","0","32.98","","32.98"
"A115610","이미지스","12","0","KOSDAQ","1.96","27.92","","27.38"
"A117580","대성에너지","12","0","KOSPI","-0.37","148.5","","149.05"
"A117670","알파칩스","12","0","KOSDAQ","-1.74","148.53","","151.16"
"A117730","티로보틱스","12","0","KOSDAQ","-3.47","75.05","","77.75"
"A118000","메타케어","12","0","KOSPI","2.65","61.23","","59.65"
"A118990","모트렉스","12","0","KOSDAQ","3.61","113.5","","109.55"
"A119500","포메탈","12","0","KOSDAQ","-0.14","43.01","","43.06"
"A119610","인터로조","12","0","KOSDAQ","0.22","247.88","","247.33"
"A119650","KC코트렐","12","0","KOSPI","-4.3","95.55","","99.84"
"A119830","아이텍","12","0","KOSDAQ","5.69","83.46","","78.97"
"A119850","지엔씨에너지","12","0","KOSDAQ","-1.67","71.95","","73.17"
"A120030","조선선재","12","0","KOSPI","-1.1","101.74","","102.88"
"A120110","코오롱인더","12","1","KOSPI","-2.33","1354.34","","1386.71"
"A120240","대정화금","12","0","KOSDAQ","-2.92","94.44","","97.28"
"A121440","골프존홀딩스","12","0","KOSDAQ","-0.29","148","","148.43"
"A121600","나노신소재","12","0","KOSDAQ","-4.59","202.86","","212.63"
"A121800","비덴트","12","0","KOSDAQ","0.33","167.24","","166.68"
"A121850","코이즈","12","0","KOSDAQ","0.98","21.8","","21.59"
"A121890","에스디시스템","12","0","KOSDAQ","-2.23","19.23","","19.67"
"A122310","제노레이","12","0","KOSDAQ","-0.22","98.27","","98.49"
"A122350","삼기","12","0","KOSDAQ","-3.2","84","","86.78"
"A122450","KX","12","0","KOSDAQ","0.14","167.53","","167.31"
"A122640","예스티","12","0","KOSDAQ","-1.6","170.18","","172.95"
"A122690","서진오토모티브","12","0","KOSDAQ","-1.53","43.97","","44.65"
"A122870","와이지엔터테인먼트","12","0","KOSDAQ","0","657.41","","657.41"
"A122900","아이마켓코리아","12","0","KOSPI","-0.42","344.7","","346.13"
"A122990","와이솔","12","0","KOSDAQ","-2.45","384.1","","393.76"
"A123010","알엔티엑스","12","0","KOSDAQ","2.63","31.17","","30.37"
"A123040","엠에스오토텍","12","0","KOSDAQ","-1.07","125.96","","127.32"
"A123330","제닉","12","0","KOSDAQ","-3.84","54.39","","56.56"
"A123410","코리아에프티","12","0","KOSDAQ","0.18","78.79","","78.65"
"A123420","위메이드플레이","12","0","KOSDAQ","-0.21","229.68","","230.15"
"A123570","이엠넷","12","0","KOSDAQ","-4.61","62.26","","65.27"
"A123690","한국화장품","12","0","KOSPI","-5.49","179.96","","190.41"
"A123700","SJM","12","0","KOSPI","-1.06","50.79","","51.34"
"A123750","알톤","12","0","KOSDAQ","1.29","44.99","","44.42"
"A123840","뉴온","12","0","KOSDAQ","-2.11","77.29","","78.96"
"A123860","아나패스","12","0","KOSDAQ","0","204.58","","204.58"
"A123890","한국자산신탁","12","0","KOSPI","-1.42","426.88","","433.05"
"A124500","아이티센글로벌","12","0","KOSDAQ","0","75.73","","75.73"
"A124560","태웅로직스","12","0","외감","","","",""
"A125020","티씨머티리얼즈","12","0","외감","","","",""
"A125210","아모그린텍","12","0","외감","","","",""
"A125490","한라캐스트","12","0","외감","","","",""
"A126340","비나텍","12","0","KONEX","8.03","40.15","","37.17"
"A126560","현대퓨처넷","12","0","KOSPI","-0.12","474.08","","474.65"
"A126600","BGF에코머티리얼즈","12","0","KOSDAQ","-0.56","74.96","","75.38"
"A126640","화신정공","12","0","KOSDAQ","-1.28","42.19","","42.74"
"A126700","하이비젼시스템","12","0","KOSDAQ","-0.49","150.92","","151.66"
"A126720","수산인더스트리","12","0","외감","","","",""
"A126730","코칩","12","0","외감","","","",""
"A126880","제이엔케이글로벌","12","0","KOSDAQ","1.51","119.26","","117.49"
"A127120","제이에스링크","12","0","KOSDAQ","-1.48","45.79","","46.48"
"A127710","아시아경제","12","0","KOSDAQ","-1.86","59.85","","60.98"
"A127980","화인써키트","12","0","외감","","","",""
"A128540","에코캡","12","0","KOSDAQ","-1.25","51.61","","52.27"
"A128660","피제이메탈","12","0","KOSDAQ","-0.89","55.31","","55.81"
"A128820","대성산업","12","0","KOSPI","-0.62","217.13","","218.49"
"A128940","한미약품","12","1","KOSPI","1.58","5231.29","","5150"
"A129260","인터지스","12","0","KOSPI","0","69.31","","69.31"
"A129890","앱코","12","0","외감","","","",""
"A129920","대성하이텍","12","0","외감","","","",""
"A130500","GH신소재","12","0","KOSDAQ","2.33","31.46","","30.75"
"A130580","나이스디앤비","12","0","KOSDAQ","-3.21","125.36","","129.51"
"A130660","한전산업","12","0","KOSPI","-0.55","117.2","","117.85"
"A130740","티피씨글로벌","12","0","KOSDAQ","-1.06","27.21","","27.5"
"A131030","옵투스제약","12","0","KOSDAQ","-6.42","168.96","","180.56"
"A131090","시큐브","12","0","KOSDAQ","-1.43","62.1","","63"
"A131100","티엔엔터테인먼트","12","0","KOSDAQ","2.3","91.19","","89.14"
"A131180","딜리","12","0","KOSDAQ","-0.24","61.78","","61.93"
"A131220","대한과학","12","0","KOSDAQ","-3.78","37.01","","38.47"
"A131290","티에스이","12","0","KOSDAQ","-7.28","94.35","","101.77"
"A131370","알서포트","12","0","KOSDAQ","-1.8","116.12","","118.25"
"A131400","이브이첨단소재","12","0","KOSDAQ","3.34","56.36","","54.53"
"A131760","파인텍","12","0","KOSDAQ","0.32","18.02","","17.96"
"A131970","두산테스나","12","0","KOSDAQ","-3.1","214.06","","220.91"
"A133750","메가엠디","12","0","KOSDAQ","-1.04","53.46","","54.02"
"A133820","화인베스틸","12","0","KOSPI","-0.67","87.76","","88.35"
"A134060","이퓨쳐","12","0","KOSDAQ","-0.33","21.72","","21.8"
"A134380","미원화학","12","0","KOSPI","0","92.19","","92.19"
"A134580","탑코미디어","12","0","KOSDAQ","2.89","34.09","","33.13"
"A134790","시디즈","12","0","KOSPI","-1.74","79","","80.4"
"A136150","원일티엔아이","12","0","외감","","","",""
"A136410","아셈스","12","0","외감","","","",""
"A136480","하림","12","0","KOSDAQ","-1.31","261.27","","264.75"
"A136490","선진","12","0","KOSPI","-3.25","282.98","","292.49"
"A136540","윈스테크넷","12","0","KOSDAQ","-2.51","164.4","","168.63"
"A137080","나래나노텍","12","0","외감","","","",""
"A137310","에스디바이오센서","12","0","외감","","","",""
"A137400","피엔티","12","0","KOSDAQ","-5.41","94.24","","99.62"
"A137940","넥스트아이","12","0","KOSDAQ","-2.04","185.08","","188.93"
"A137950","제이씨케미칼","12","0","KOSDAQ","-1.33","80.06","","81.14"
"A138040","메리츠금융지주","12","0","KOSPI","0","1956.13","","1956.13"
"A138070","신진에스엠","12","0","KOSDAQ","-1.28","55.36","","56.08"
"A138080","오이솔루션","12","0","KOSDAQ","-1.57","194.26","","197.36"
"A138360","앤로보틱스","12","0","KOSDAQ","0","122.16","","122.16"
"A138610","나이벡","12","0","KOSDAQ","-6.98","76.84","","82.6"
"A138930","BNK금융지주","12","1","KOSPI","-0.75","2164.21","","2180.51"
"A139130","iM금융지주","12","0","KOSPI","-0.48","1402.22","","1408.98"
"A139480","이마트","12","1","KOSPI","-0.87","4752.83","","4794.64"
"A139670","키네마스터","12","0","KOSDAQ","2.47","66.94","","65.33"
"A139990","아주스틸","12","0","외감","","","",""
"A140070","서플러스글로벌","12","0","KOSDAQ","0.16","114.29","","114.11"
"A140410","메지온","12","0","KOSDAQ","-0.51","1177.86","","1183.91"
"A140430","카티스","12","0","외감","","","",""
"A140520","대창스틸","12","0","KOSDAQ","-1.26","55","","55.7"
"A140670","알에스오토메이션","12","0","KOSDAQ","-0.37","122.44","","122.89"
"A140860","파크시스템스","12","0","KOSDAQ","-2.72","237.41","","244.06"
"A141000","비아트론","12","0","KOSDAQ","-3.35","139.92","","144.77"
"A141080","리가켐바이오","12","0","KOSDAQ","-2.62","550.67","","565.5"
"A142210","유니트론텍","12","0","KOSDAQ","-0.17","59.99","","60.09"
"A142280","녹십자엠에스","12","0","KOSDAQ","-3.7","112.52","","116.85"
"A142760","모아라이프플러스","12","0","KOSDAQ","-2.58","210.68","","216.26"
"A143160","아이디스","12","0","KOSDAQ","-1.08","295.77","","298.99"
"A143210","핸즈코퍼레이션","12","0","KOSPI","-0.15","148.45","","148.67"
"A143240","사람인","12","0","KOSDAQ","0.74","237.34","","235.59"
"A143540","영우디에스피","12","0","KOSDAQ","-5.33","30.01","","31.7"
"A144510","지씨셀","12","0","KOSDAQ","-0.67","466.49","","469.66"
"A144960","뉴파워프라즈마","12","0","KOSDAQ","-4.16","161.71","","168.72"
"A145020","휴젤","12","0","KOSDAQ","-2.9","1591.18","","1638.69"
"A145170","노브랜드","12","0","외감","","","",""
"A145210","다이나믹디자인","12","0","KOSPI","0","87.91","","87.91"
"A145720","덴티움","12","0","KOSPI","-3.15","680.73","","702.87"
"A145990","삼양사","12","1","KOSPI","-1.15","621.5","","628.71"
"A146060","율촌","12","0","외감","","","",""
"A146320","비씨엔씨","12","0","외감","","","",""
"A147760","피엠티","12","0","KOSDAQ","-2.12","40.03","","40.9"
"A147830","제룡산업","12","0","KOSDAQ","-1.67","70.6","","71.8"
"A148150","세경하이테크","12","0","외감","","","",""
"A148250","알엔투테크놀로지","12","0","KOSDAQ","-6.17","72.5","","77.27"
"A148780","비큐AI","12","0","KONEX","0.61","11.75","","11.67"
"A148930","에이치와이티씨","12","0","외감","","","",""
"A149950","아바텍","12","0","KOSDAQ","-2.76","82.56","","84.9"
"A149980","하이로닉","12","0","KOSDAQ","-0.22","64.55","","64.69"
"A150900","파수AI","12","0","KOSDAQ","-0.26","37.09","","37.18"
"A151860","KG에코솔루션","12","0","KOSDAQ","-5.73","136.26","","144.54"
"A153460","네이블","12","0","KOSDAQ","-0.52","24.91","","25.04"
"A153490","우리이앤엘하루틴","12","0","KOSDAQ","-0.87","39.67","","40.02"
"A153710","옵티팜","12","0","KOSDAQ","0","171.32","","171.32"
"A154030","아시아종묘","12","0","KOSDAQ","-0.92","59.62","","60.18"
"A154040","다산솔루에타","12","0","KOSDAQ","1.61","42","","41.34"
"A155650","와이엠씨","12","0","KOSDAQ","-3.8","156.8","","162.99"
"A155660","DSR","12","0","KOSPI","-1.65","71.36","","72.56"
"A156100","엘앤케이바이오","12","0","KOSDAQ","0","75.56","","75.56"
"A158430","아톤","12","0","외감","","","",""
"A159010","아스플로","12","0","외감","","","",""
"A159580","제로투세븐","12","0","KOSDAQ","0.23","172.68","","172.28"
"A159910","에코글로우","12","0","KOSDAQ","-10.6","49.61","","55.49"
"A160190","하이젠알앤엠","12","0","외감","","","",""
"A160550","NEW","12","0","KOSDAQ","-4.31","167.44","","174.97"
"A160980","싸이맥스","12","0","KOSDAQ","5.98","106.82","","100.79"
"A161000","애경케미칼","12","0","KOSPI","-3.67","294.77","","305.98"
"A161390","한국타이어앤테크놀로지","12","1","KOSPI","-1.04","4713.45","","4763"
"A161580","필옵틱스","12","0","KOSDAQ","1.36","128.85","","127.12"
"A161890","한국콜마","12","1","KOSPI","-2.27","1731.87","","1772.09"
"A162300","신스틸","12","0","외감","","","",""
"A163280","에어레인","12","0","외감","","","",""
"A163560","동일고무벨트","12","0","KOSPI","-0.45","86.97","","87.36"
"A163730","핑거","12","0","외감","","","",""
"A166090","하나머티리얼즈","12","0","KOSDAQ","-6.72","340.54","","365.07"
"A166480","코아스템켐온","12","0","KOSDAQ","-1.61","192.54","","195.68"
"A168330","내츄럴엔도텍","12","0","KOSDAQ","-2.8","150.65","","154.99"
"A168360","펨트론","12","0","외감","","","",""
"A169330","엠브레인","6","0","외감","","","",""
"A170030","현대공업","12","0","KOSDAQ","-2.28","45.94","","47.02"
"A170790","파이오링크","12","0","KOSDAQ","-1.64","30.92","","31.44"
"A170900","동아에스티","12","1","KOSPI","-1.16","792.88","","802.17"
"A170920","엘티씨","12","0","KOSDAQ","0","83.1","","83.1"
"A171010","램테크놀러지","12","0","KOSDAQ","-0.73","46.48","","46.82"
"A171090","선익시스템","12","0","KOSDAQ","-3.66","75.86","","78.74"
"A171120","라이온켐텍","12","0","KOSDAQ","-1.81","149.62","","152.38"
"A172670","에이엘티","12","0","외감","","","",""
"A173130","오파스넷","12","0","KOSDAQ","-0.91","43.88","","44.28"
"A173940","에프엔씨엔터","12","0","KOSDAQ","-0.12","117.94","","118.08"
"A174900","앱클론","12","0","KOSDAQ","0.21","343.68","","342.97"
"A175140","아고스","12","0","KOSDAQ","-1.96","36.28","","37.01"
"A175250","아이큐어","12","0","KOSDAQ","-3.56","240.35","","249.23"
"A175330","JB금융지주","12","0","KOSPI","-0.89","1093.26","","1103.1"
"A176750","듀켐바이오","12","0","KONEX","2.44","86.57","","84.51"
"A177350","베셀","12","0","KOSDAQ","-2.22","49.3","","50.42"
"A177830","파버나인","12","0","KOSDAQ","-2.37","53.63","","54.93"
"A177900","쓰리에이로직스","12","0","외감","","","",""
"A178320","서진시스템","12","0","KOSDAQ","-0.28","320.38","","321.29"
"A178780","일월지엠엘","12","0","KOSDAQ","-1.77","24.16","","24.6"
"A178920","PI첨단소재","12","0","KOSDAQ","-2.48","866.31","","888.33"
"A179290","엠아이텍","12","0","KOSDAQ","-5.88","165.5","","175.85"
"A179530","애드바이오텍","12","0","외감","","","",""
"A179900","유티아이","12","0","KOSDAQ","-4.83","203.07","","213.38"
"A180400","DXVX","12","0","KOSDAQ","0","171.29","","171.29"
"A180640","한진칼","12","0","KOSPI","-1.95","1491.1","","1520.68"
"A181710","NHN","12","0","KOSPI","-1.39","1664.98","","1688.46"
"A182360","큐브엔터","12","0","KOSDAQ","-4.01","133.67","","139.25"
"A182400","엔케이젠바이오텍코리아","12","0","KOSDAQ","-0.68","363.54","","366.02"
"A183190","아세아시멘트","12","0","KOSPI","0","438.28","","438.28"
"A183300","코미코","12","0","KOSDAQ","-2.33","220.69","","225.96"
"A183490","엔지켐생명과학","12","0","KOSDAQ","-1.85","704.48","","717.72"
"A184230","SGA솔루션즈","12","0","KOSDAQ","-5.04","57.47","","60.52"
"A185490","아이진","12","0","KOSDAQ","-2.96","144.59","","149.01"
"A185750","종근당","12","1","KOSPI","-1.46","1052.58","","1068.14"
"A186230","그린플러스","12","0","KONEX","-2.5","38.42","","39.4"
"A187220","디티앤씨","12","0","KOSDAQ","-0.4","98.15","","98.54"
"A187270","신화콘텍","12","0","KOSDAQ","-3.65","36.16","","37.53"
"A187420","HLB제넥스","12","0","KOSDAQ","-1.91","165.83","","169.06"
"A187660","페니트리움바이오","12","0","외감","","","",""
"A187790","나노","12","0","KOSDAQ","-6.8","69.13","","74.18"
"A187870","디바이스","12","0","KOSDAQ","-0.78","86.81","","87.49"
"A188040","바이오포트","12","0","외감","","","",""
"A188260","세니젠","12","0","외감","","","",""
"A189300","인텔리안테크","12","0","KOSDAQ","-2.55","138.3","","141.92"
"A189330","씨이랩","12","0","KONEX","13.51","46.98","","41.38"
"A189690","포시에스","6","0","KOSDAQ","-0.48","46.52","","46.75"
"A189860","서전기전","12","0","KOSDAQ","-2.34","42.58","","43.6"
"A189980","흥국에프엔비","12","0","KOSDAQ","-0.27","53.96","","54.11"
"A190510","나무가","12","0","KOSDAQ","-3.12","111.99","","115.59"
"A190650","코리아에셋투자증권","3","0","외감","","","",""
"A191410","육일씨엔에쓰","12","0","KOSDAQ","0","33.57","","33.57"
"A191420","테고사이언스","12","0","KOSDAQ","-3.88","310.47","","322.99"
"A192080","더블유게임즈","12","0","KOSPI","-0.66","1106.59","","1113.89"
"A192250","케이사인","12","0","KOSDAQ","3.27","91.83","","88.92"
"A192390","윈하이텍","12","0","KOSDAQ","-2.02","43.74","","44.64"
"A192400","쿠쿠홀딩스","12","1","KOSPI","-2.12","985.07","","1006.41"
"A192410","오늘이엔엠","12","0","KOSDAQ","0","9.97","","9.97"
"A192440","슈피겐코리아","12","0","KOSDAQ","-5.19","386.04","","407.17"
"A192650","드림텍","12","0","KOSPI","0.37","384.41","","375.16"
"A192820","코스맥스","12","1","KOSPI","-2.94","1492.35","","1537.57"
"A193250","링크드","12","0","KOSDAQ","-1.75","102.23","","104.05"
"A194370","제이에스코퍼레이션","12","0","KOSPI","3.23","192.03","","186.03"
"A194480","데브시스터즈","12","0","KOSDAQ","-2.09","94.34","","96.36"
"A194700","노바렉스","12","0","KOSDAQ","-3.38","218.79","","226.44"
"A195500","마니커에프앤지","12","0","외감","","","",""
"A195870","해성디에스","12","0","KOSPI","-2.09","238.85","","243.95"
"A195940","HK이노엔","12","0","외감","","","",""
"A195990","루트K","12","0","KOSDAQ","-0.28","75.69","","75.9"
"A196170","알테오젠","12","0","KOSDAQ","-1.32","568.95","","576.53"
"A196300","HLB펩","12","0","KOSDAQ","1.65","77.25","","75.99"
"A196450","코아시아씨엠","12","0","KOSDAQ","-1.52","96.52","","98"
"A196490","디에이테크놀로지","12","0","KOSDAQ","-0.31","169.86","","170.38"
"A196700","웹스","12","0","KOSDAQ","-1.69","27.88","","28.36"
"A197140","디지캡","12","0","KOSDAQ","10.11","36.63","","33.26"
"A198080","캐프","12","0","외감","","","",""
"A198440","강동씨앤엘","12","0","KOSDAQ","-0.97","81.39","","82.19"
"A198940","한주라이트메탈","12","0","외감","","","",""
"A199430","케이엔알시스템","12","0","외감","","","",""
"A199480","뱅크웨어글로벌","12","0","외감","","","",""
"A199550","레이저옵텍","12","0","외감","","","",""
"A199730","바이오인프라","12","0","외감","","","",""
"A199800","툴젠","12","0","KONEX","-1.19","596.24","","603.4"
"A199820","제일일렉트릭","12","0","외감","","","",""
"A200130","콜마비앤에이치","12","0","KOSDAQ","-1.02","864.15","","873.01"
"A200230","텔콘RF제약","12","0","KOSDAQ","-0.66","616.65","","620.77"
"A200350","아티스트스튜디오","12","0","KONEX","13.69","4.26","","3.74"
"A200470","에이팩트","12","0","KOSDAQ","0","116.73","","116.73"
"A200670","휴메딕스","12","0","KOSDAQ","-2.67","255.66","","262.67"
"A200710","에이디테크놀로지","12","0","KOSDAQ","-6.7","173.95","","186.44"
"A200780","비씨월드제약","12","0","KOSDAQ","-1.32","180.19","","182.59"
"A200880","서연이화","12","0","KOSPI","-2.11","162.71","","166.22"
"A201490","미투온","12","0","KOSDAQ","-0.31","198.49","","199.11"
"A203400","에이비온","12","0","KONEX","-2.64","86.78","","89.13"
"A203450","유니온바이오메트릭스","12","0","KOSDAQ","-4.75","39.71","","41.69"
"A203650","드림시큐리티","12","0","KOSDAQ","1.98","156.83","","153.79"
"A203690","아크솔루션스","12","0","KOSDAQ","-2.55","260","","266.8"
"A204020","그리티","12","0","KOSDAQ","-1.19","83.41","","84.42"
"A204270","제이앤티씨","12","0","외감","","","",""
"A204320","HL만도","12","1","KOSPI","-0.86","1350.02","","1361.76"
"A204610","티쓰리","12","0","외감","","","",""
"A204620","글로벌텍스프리","12","0","KOSDAQ","2.05","166.92","","163.58"
"A204840","지엘팜텍","12","0","KOSDAQ","-1.36","103.95","","105.38"
"A205100","엑셈","12","0","KOSDAQ","-1.25","91.6","","92.77"
"A205470","휴마시스","12","0","KOSDAQ","-2.88","42.48","","43.75"
"A205500","넥써쓰","12","0","KOSDAQ","0.69","38.4","","38.14"
"A206400","베노티앤알","12","0","KOSDAQ","15.43","47.93","","41.53"
"A206560","덱스터","12","0","KOSDAQ","-3.87","153.03","","159.19"
"A206640","바디텍메드","12","0","KOSDAQ","1.29","276.34","","272.82"
"A206650","유바이오로직스","12","0","KOSDAQ","0","173.85","","173.85"
"A207760","미스터블루","12","0","KOSDAQ","-1.62","67.02","","68.12"
"A207940","삼성바이오로직스","12","1","KOSPI","-1.39","21172.8","","21470.54"
"A208140","정다운","12","0","KOSDAQ","-1.52","80.07","","81.3"
"A208350","지란지교시큐리티","12","0","KOSDAQ","1.31","60.25","","59.48"
"A208370","셀바스헬스케어","12","0","KOSDAQ","-0.91","28.66","","28.92"
"A208640","썸에이지","12","0","KOSDAQ","-10.28","109.84","","122.43"
"A208710","포톤","12","0","KOSDAQ","-0.73","56.23","","56.65"
"A208860","다산디엠씨","12","0","KOSDAQ","0.79","71.96","","71.39"
"A209640","와이제이링크","12","0","외감","","","",""
"A210120","캔버스엔","12","0","KONEX","0","15.14","","15.14"
"A210540","디와이파워","12","0","KOSPI","-4.97","179.43","","188.81"
"A210980","SK디앤디","12","0","KOSPI","0","582.05","","582.05"
"A211050","인카금융서비스","12","0","KONEX","0","24.27","","24.27"
"A211270","AP위성","12","0","KOSDAQ","0","104.05","","104.05"
"A212560","네오오토","12","0","KOSDAQ","-0.52","45.44","","45.67"
"A212710","아이에스티이","12","0","외감","","","",""
"A213420","덕산네오룩스","12","0","KOSDAQ","-0.29","406.97","","408.17"
"A213500","한솔제지","12","0","KOSPI","-1.33","352.25","","357.01"
"A214150","클래시스","12","0","KOSDAQ","1.78","353.87","","347.67"
"A214180","헥토이노베이션","12","0","KOSDAQ","-0.47","252.59","","253.78"
"A214260","라파스","12","0","외감","","","",""
"A214270","FSN","12","0","KOSDAQ","-5.97","140.9","","149.85"
"A214320","이노션","12","1","KOSPI","-0.14","1410","","1412"
"A214330","금호에이치티","12","0","KOSPI","0","111.57","","111.57"
"A214370","케어젠","12","0","KOSDAQ","0","821.84","","821.84"
"A214390","경보제약","12","0","KOSPI","-3.32","243.85","","252.22"
"A214420","토니모리","12","0","KOSPI","-5.36","217.85","","230.2"
"A214430","아이쓰리시스템","12","0","KOSDAQ","1.92","151.02","","148.18"
"A214450","파마리서치","12","0","KOSDAQ","-1.34","348.36","","353.09"
"A214610","롤링스톤","12","0","KONEX","4.65","103.17","","98.58"
"A214680","디알텍","12","0","KOSDAQ","-3.49","73.39","","76.04"
"A215000","골프존","12","0","KOSDAQ","0.37","255.41","","254.47"
"A215090","솔디펜스","12","0","KOSDAQ","1.83","55.45","","54.46"
"A215100","로보로보","12","0","KOSDAQ","1.44","68.88","","67.9"
"A215200","메가스터디교육","12","0","KOSDAQ","-1.01","462.24","","466.95"
"A215360","우리산업","12","0","KOSDAQ","-1.19","265.75","","268.94"
"A215380","콜마바이오텍","12","0","KOSDAQ","-0.43","58","","58.25"
"A215480","토박스코리아","12","0","KOSDAQ","-10.06","60.5","","67.27"
"A215600","신라젠","12","0","KOSDAQ","-2.48","4425.84","","4538.42"
"A215790","이노인스트루먼트","12","0","KOSDAQ","-0.33","122.31","","122.71"
"A216050","인크로스","12","0","KOSDAQ","-3.65","148.99","","154.63"
"A216080","제테마","12","0","외감","","","",""
"A217190","제너셈","12","0","KOSDAQ","-2.49","17.19","","17.63"
"A217270","넵튠","12","0","KOSDAQ","-0.84","252.8","","254.94"
"A217330","싸이토젠","12","0","KOSDAQ","1.67","68.73","","67.61"
"A217480","에스디생명공학","12","0","KOSDAQ","0.2","223.93","","223.48"
"A217500","러셀","12","0","KOSDAQ","-2.98","56.94","","58.69"
"A217590","티엠씨","12","0","외감","","","",""
"A217730","강스템바이오텍","12","0","KOSDAQ","1","421.73","","417.56"
"A217820","원익피앤이","12","0","KOSDAQ","-1.89","63.46","","64.68"
"A218150","미래생명자원","12","0","KOSDAQ","-4.11","65.35","","68.15"
"A218410","RFHIC","12","0","KOSDAQ","-0.34","654.1","","656.35"
"A219130","타이거일렉","12","0","KOSDAQ","-3.38","29.74","","30.78"
"A219420","링크제니시스","12","0","KOSDAQ","-0.45","66","","66.3"
"A219550","디와이디","12","0","KOSDAQ","1.97","88.09","","86.38"
"A219750","한국비티비","12","0","KOSDAQ","-0.47","65.94","","66.25"
"A220100","퓨쳐켐","12","0","KOSDAQ","-1.7","83.36","","84.8"
"A220180","폴라리스AI핸디","12","0","KOSDAQ","1.77","97.22","","95.52"
"A220260","켐트로스","12","0","KOSDAQ","-1.17","71.05","","71.9"
"A221800","지구홀딩스","12","0","KONEX","-0.28","34.11","","34.21"
"A221840","하이즈항공","12","0","KOSDAQ","-3.32","97.86","","101.22"
"A221980","케이디켐","12","0","KOSDAQ","-0.4","50.44","","50.64"
"A222040","코스맥스엔비티","12","0","KOSDAQ","-2.74","329.02","","338.3"
"A222080","SFA넥셀","12","0","KOSDAQ","-3.75","123.87","","128.7"
"A222110","팬젠","12","0","KOSDAQ","-0.85","112.81","","113.77"
"A222160","NPX","12","0","KONEX","4.17","13.83","","13.27"
"A222420","쎄노텍","12","0","KOSDAQ","-0.72","81.76","","82.35"
"A222800","심텍","12","0","KOSDAQ","-1.01","156.54","","158.13"
"A222980","한국맥널티","12","0","KOSDAQ","0","58.46","","58.46"
"A223250","드림씨아이에스","12","0","외감","","","",""
"A223310","사토시홀딩스","12","0","KOSDAQ","-1.99","44.64","","45.54"
"A224060","더코디","12","0","KOSDAQ","-2.55","116.13","","119.17"
"A224110","에이텍모빌리티","12","0","KOSDAQ","-1.76","41.71","","42.45"
"A225190","LK삼양","12","0","KOSDAQ","-0.75","132.51","","133.51"
"A225220","제놀루션","12","0","KONEX","0","18.06","","18.06"
"A225430","케이엠제약","12","0","KOSDAQ","-4.36","63.24","","66.12"
"A225530","HC보광산업","12","0","KOSDAQ","-1.86","169.22","","172.43"
"A225570","넥슨게임즈","12","0","KOSDAQ","-1.38","222.27","","225.39"
"A225590","패션플랫폼","12","0","KOSDAQ","-1.57","39.42","","40.05"
"A226320","잇츠한불","12","0","KOSPI","0","655.69","","655.69"
"A226330","신테카바이오","12","0","외감","","","",""
"A226340","본느","12","0","KOSDAQ","1.03","71.58","","70.85"
"A226400","오스테오닉","12","0","KOSDAQ","-1.48","39.5","","40.09"
"A226590","엠디바이스","12","0","외감","","","",""
"A226950","올릭스","12","0","KOSDAQ","-2.2","375.28","","383.73"
"A227100","프로브잇","12","0","KOSDAQ","-3.49","29.4","","30.47"
"A227610","아우딘퓨쳐스","12","0","KOSDAQ","-1.18","125.5","","127"
"A227840","현대코퍼레이션홀딩스","12","0","KOSPI","0","126.5","","126.5"
"A227950","엔투텍","12","0","KOSDAQ","0.37","25.84","","25.75"
"A228340","동양파일","12","0","KOSDAQ","0.19","104.2","","104"
"A228670","레이","12","0","외감","","","",""
"A228760","지노믹트리","12","0","KOSDAQ","0.73","549.62","","545.62"
"A228850","레이언스","12","0","KOSDAQ","0.61","272.09","","270.43"
"A229000","젠큐릭스","12","0","KONEX","3.33","158.82","","153.69"
"A229640","LS에코에너지","12","0","KOSPI","-0.34","181.61","","182.22"
"A230240","에치에프알","12","0","KOSDAQ","0.22","136.38","","136.08"
"A230360","에코마케팅","12","0","KOSDAQ","-6.12","372.58","","396.87"
"A232140","와이씨","12","0","KOSDAQ","-4.22","210.39","","219.66"
"A232680","라온로보틱스","12","0","KONEX","2.76","19.07","","18.56"
"A232830","아이티센피엔에스","12","0","KONEX","3.85","21.68","","20.88"
"A234030","싸이닉솔루션","12","0","외감","","","",""
"A234080","JW생명과학","12","0","KOSPI","-9.16","400.61","","440.99"
"A234100","폴라리스세원","12","0","KOSDAQ","-2.15","55.96","","57.19"
"A234300","에스트래픽","12","0","KOSDAQ","-3.02","110.87","","114.32"
"A234340","헥토파이낸셜","12","0","외감","","","",""
"A234690","녹십자웰빙","12","0","외감","","","",""
"A234920","자이글","12","0","KOSDAQ","-0.91","146.81","","148.16"
"A235980","메드팩토","12","0","외감","","","",""
"A236200","슈프리마","12","0","KOSDAQ","0.54","199.31","","198.25"
"A236810","엔비티","12","0","외감","","","",""
"A237690","에스티팜","12","0","KOSDAQ","-2.47","405.77","","416.03"
"A237750","피앤씨테크","12","0","KOSDAQ","-0.25","52.49","","52.62"
"A237820","플레이디","12","0","외감","","","",""
"A237880","클리오","12","0","KOSDAQ","-1.32","317.3","","321.54"
"A238090","앤디포스","12","0","KOSDAQ","-4.08","233.19","","243.11"
"A238120","얼라인드","12","0","KOSDAQ","-0.37","48.89","","49.07"
"A238200","비피도","12","0","KOSDAQ","-4.31","154.19","","161.15"
"A238490","힘스","12","0","KOSDAQ","1.05","81.45","","80.6"
"A239340","이스트에이드","12","0","KOSDAQ","-0.3","16.1","","16.15"
"A239610","에이치엘사이언스","12","0","KOSDAQ","-3.32","344.52","","356.35"
"A239890","피엔에이치테크","12","0","KONEX","0","19.57","","19.57"
"A240550","동방메디컬","12","0","외감","","","",""
"A240600","유진테크놀로지","12","0","외감","","","",""
"A240810","원익IPS","12","0","KOSDAQ","-3.58","1124.02","","1165.74"
"A241520","DSC인베스트먼트","12","0","KOSDAQ","1.31","74.64","","73.68"
"A241560","두산밥캣","12","1","KOSPI","0.16","3097.7","","3092.69"
"A241590","화승엔터프라이즈","12","0","KOSPI","-1.3","687.09","","696.17"
"A241690","유니테크노","12","0","KOSDAQ","-3.92","204.56","","212.91"
"A241710","코스메카코리아","12","0","KOSDAQ","-2.77","243.5","","250.45"
"A241770","메카로","12","0","KOSDAQ","-3.06","174.35","","179.84"
"A241790","티이엠씨씨엔에스","12","0","KOSDAQ","7.96","100.95","","93.51"
"A241820","피씨엘","12","0","KOSDAQ","0.3","88.79","","88.52"
"A241840","에이스토리","12","0","외감","","","",""
"A242040","나무에이엑스","12","0","KOSDAQ","-2.13","51.87","","53"
"A243070","휴온스","12","0","KOSDAQ","-1.04","543.99","","549.71"
"A243840","신흥에스이씨","12","0","KOSDAQ","-2.58","222.76","","228.65"
"A244460","올리패스","12","0","외감","","","",""
"A244920","에이플러스에셋","12","0","외감","","","",""
"A245620","EDGC","12","0","KOSDAQ","1.93","228.97","","224.63"
"A246250","에스엘에스바이오","12","0","KONEX","-1.67","40.29","","40.97"
"A246690","TS인베스트먼트","12","0","KOSDAQ","-0.78","56.95","","57.4"
"A246710","티앤알바이오팹","12","0","KOSDAQ","-4.63","84.94","","89.06"
"A246720","아스타","12","0","KOSDAQ","-0.12","92.55","","92.66"
"A246960","SCL사이언스","12","0","KOSDAQ","-3.55","87.71","","90.94"
"A247540","에코프로비엠","12","0","KOSDAQ","-11.21","1253.04","","1411.17"
"A247660","나노씨엠에스","12","0","외감","","","",""
"A248070","솔루엠","12","0","외감","","","",""
"A248170","샘표식품","12","0","KOSPI","0.17","134.76","","134.54"
"A249420","일동제약","12","0","KOSPI","-5.93","462.06","","491.2"
"A250000","보라티알","12","0","KOSDAQ","-2.56","51.31","","52.66"
"A250060","모비스","12","0","KOSDAQ","-3.76","86.38","","89.76"
"A250930","예선테크","12","0","KOSDAQ","0","10.86","","10.86"
"A251120","바이오에프디엔씨","12","0","외감","","","",""
"A251270","넷마블","12","1","KOSPI","2.89","10615.69","","10317.26"
"A251370","와이엠티","12","0","KOSDAQ","-2.13","118.85","","121.45"
"A251630","브이원텍","12","0","KOSDAQ","-5.47","162.35","","171.74"
"A251970","펌텍코리아","12","0","외감","","","",""
"A252500","세화피앤씨","12","0","KOSDAQ","-1.97","62.02","","63.27"
"A252990","샘씨엔에스","12","0","외감","","","",""
"A253450","스튜디오드래곤","12","0","KOSDAQ","-0.11","2471.34","","2474.14"
"A253590","네오셈","12","0","KOSDAQ","0.3","60.5","","60.32"
"A253840","수젠텍","12","0","KONEX","-2.86","194.24","","199.96"
"A254120","자비스","12","0","KOSDAQ","0.69","9.79","","9.72"
"A254490","미래반도체","12","0","외감","","","",""
"A255220","SG","12","0","KOSDAQ","-1.72","107.3","","109.18"
"A255440","야스","12","0","KOSDAQ","-2.06","279.44","","285.32"
"A256150","한독크린텍","12","0","외감","","","",""
"A256630","포인트엔지니어링","12","0","KOSDAQ","0","14.39","","14.39"
"A256840","한국비엔씨","12","0","KOSDAQ","0","14.14","","14.14"
"A256940","킵스파마","12","0","KOSDAQ","-3.98","46.43","","48.35"
"A257370","피엔티엠에스","12","0","KOSDAQ","2.12","122.94","","120.39"
"A257720","실리콘투","12","0","외감","","","",""
"A258610","케일럼","12","0","KOSDAQ","-2.77","29.75","","30.59"
"A258790","소프트캠프","12","0","KOSDAQ","-0.7","6.82","","6.87"
"A258830","세종메디칼","12","0","KOSDAQ","-0.4","85.4","","85.74"
"A259630","엠플러스","12","0","KOSDAQ","-3.79","110.16","","114.51"
"A259960","크래프톤","12","0","외감","","","",""
"A260660","알리코제약","12","0","KOSDAQ","-1.67","112.75","","114.67"
"A260930","씨티케이","12","0","KOSDAQ","-3.74","260.65","","270.77"
"A260970","에스앤디","12","0","KONEX","0","109.71","","109.71"
"A261200","덴티스","12","0","KOSDAQ","-1.2","8.75","","8.86"
"A261520","이지스","12","0","외감","","","",""
"A261780","아리바이오랩","12","0","외감","","","",""
"A262260","에이프로","12","0","외감","","","",""
"A262840","아이퀘스트","12","0","외감","","","",""
"A263020","디케이앤디","12","0","KOSDAQ","-2.79","37.81","","38.89"
"A263050","유틸렉스","12","0","KOSDAQ","2.16","825.99","","808.49"
"A263600","덕우전자","12","0","KOSDAQ","0.23","71.53","","71.37"
"A263690","디알젬","12","0","KOSDAQ","-9.42","114.39","","126.28"
"A263700","케어랩스","12","0","KOSDAQ","2.35","134.95","","131.85"
"A263720","디앤씨미디어","12","0","KOSDAQ","-3.43","203.5","","210.72"
"A263750","펄어비스","12","0","KOSDAQ","7.22","2242.61","","2091.63"
"A263770","유에스티","12","0","KOSDAQ","-2.26","117.91","","120.63"
"A263800","데이타솔루션","12","0","KOSDAQ","-1.53","45.51","","46.21"
"A263810","상신전자","12","0","KOSDAQ","-0.63","50.9","","51.22"
"A263860","지니언스","12","0","KOSDAQ","-0.7","53.27","","53.65"
"A263920","휴엠앤씨","12","0","KOSDAQ","0.73","195.18","","193.76"
"A264450","유비쿼스","12","0","KOSDAQ","-0.9","169.09","","170.63"
"A264660","씨앤지하이테크","12","0","KOSDAQ","5.54","62.45","","59.17"
"A264850","이랜시스","12","0","KOSDAQ","-0.24","9.13","","9.15"
"A264900","크라운제과","12","0","KOSPI","-1.44","129","","130.87"
"A265520","AP시스템","12","0","KOSDAQ","-2.93","373.64","","384.92"
"A265560","영화테크","12","0","KOSDAQ","-0.44","60.4","","60.67"
"A265740","엔에프씨","12","0","외감","","","",""
"A267250","HD현대","12","1","KOSPI","0.3","5407.16","","5390.87"
"A267260","HD현대일렉트릭","12","0","KOSPI","-2.8","494.68","","508.93"
"A267270","HD건설기계","12","0","KOSPI","-2.23","905.25","","925.94"
"A267290","경동도시가스","12","0","KOSPI","-1.75","158.49","","161.32"
"A267320","나인테크","12","0","KOSDAQ","-0.24","8.5","","8.52"
"A267790","배럴","12","0","KOSDAQ","-2.63","129.23","","132.72"
"A267850","아시아나IDT","12","0","KOSPI","-5.24","140.42","","148.19"
"A267980","매일유업","12","0","KOSDAQ","0.47","668.28","","665.14"
"A268280","미원에스씨","12","0","KOSPI","-0.15","351.91","","352.44"
"A269620","시스웍","12","0","KOSDAQ","1.21","67.95","","67.14"
"A270520","앱튼","12","0","KOSDAQ","0.24","9.57","","9.55"
"A270660","에브리봇","12","0","KONEX","-2.79","10.18","","10.47"
"A270870","뉴트리","12","0","KOSDAQ","-5.69","179.74","","190.58"
"A271560","오리온","12","1","KOSPI","-1.43","3811.28","","3866.63"
"A271830","팸텍","12","0","외감","","","",""
"A271940","일진하이솔루스","12","0","외감","","","",""
"A271980","제일약품","12","0","KOSPI","-2.02","642.6","","655.84"
"A272110","케이엔제이","12","0","외감","","","",""
"A272210","한화시스템","12","0","외감","","","",""
"A272290","이녹스첨단소재","12","0","KOSDAQ","-2.44","411.7","","422.02"
"A272450","진에어","12","0","KOSPI","1.35","675","","666"
"A272550","삼양패키징","12","0","KOSPI","0","241.57","","241.57"
"A273060","와이즈버즈","12","0","KOSDAQ","0.95","15.88","","15.73"
"A273640","와이엠텍","12","0","외감","","","",""
"A274090","켄코아에어로스페이스","12","0","외감","","","",""
"A274400","이노시뮬레이션","12","0","외감","","","",""
"A275630","에스에스알","12","0","KOSDAQ","-4.17","59.97","","62.58"
"A276040","스코넥","12","0","외감","","","",""
"A276730","한울앤제주","12","0","외감","","","",""
"A277070","린드먼아시아","12","0","KOSDAQ","-2.57","76.81","","78.84"
"A277410","인산가","12","0","KOSDAQ","4.33","54.03","","51.79"
"A277810","레인보우로보틱스","12","0","외감","","","",""
"A277880","티에스아이","12","0","KONEX","5.56","55.5","","52.58"
"A278280","천보","12","0","KOSDAQ","-7.5","715","","773"
"A278470","에이피알","12","0","외감","","","",""
"A278650","HLB바이오스텝","12","0","외감","","","",""
"A279570","케이뱅크","12","0","외감","","","",""
"A279600","미디어젠","12","0","KONEX","-0.49","37.54","","37.72"
"A280360","롯데웰푸드","12","0","KOSPI","1.6","1222.38","","1203.13"
"A281740","레이크머티리얼즈","12","0","KOSDAQ","0","10.02","","10.02"
"A281820","케이씨텍","12","0","KOSPI","-3.69","336.28","","349.17"
"A282330","BGF리테일","12","1","KOSPI","2.11","3759.25","","3681.47"
"A282720","금양그린파워","12","0","외감","","","",""
"A282880","코윈테크","12","0","외감","","","",""
"A284620","카이노스메드","12","0","KOSDAQ","0","11.07","","11.07"
"A284740","쿠쿠홈시스","12","0","KOSPI","5.46","866.08","","821.21"
"A285130","SK케미칼","12","1","KOSPI","2.06","801.33","","785.11"
"A285490","노바텍","12","0","KOSDAQ","-5.82","82.36","","87.45"
"A285800","진영","12","0","외감","","","",""
"A286750","나노실리칸첨단소재","12","0","외감","","","",""
"A286940","롯데이노베이트","12","0","KOSPI","2.71","704.3","","685.73"
"A287840","인투셀","12","0","외감","","","",""
"A288180","케이피항공산업","12","0","외감","","","",""
"A288330","파라택시스코리아","12","0","외감","","","",""
"A288620","에스프리즘","12","0","KOSDAQ","0.2","144.76","","144.47"
"A288980","모아데이타","12","0","외감","","","",""
"A289010","아이스크림에듀","12","0","외감","","","",""
"A289080","SV인베스트먼트","3","0","KOSDAQ","-3.08","112.99","","116.58"
"A289220","자이언트스텝","12","0","외감","","","",""
"A289930","웨이비스","12","0","외감","","","",""
"A290090","트윔","12","0","외감","","","",""
"A290120","DH오토리드","12","0","KOSDAQ","-2.08","56.49","","57.69"
"A290270","휴네시온","12","0","KOSDAQ","-2.81","41.55","","42.75"
"A290520","신도기연","12","0","외감","","","",""
"A290550","디케이티","12","0","KOSDAQ","-2.26","88.9","","90.96"
"A290560","파라택시스이더리움","12","0","외감","","","",""
"A290650","엘앤씨바이오","12","0","KOSDAQ","4.22","214.65","","205.96"
"A290660","다이나믹솔루션","12","0","KOSDAQ","-2.45","80.5","","82.52"
"A290670","대보마그네틱","12","0","KOSDAQ","-1.79","194.93","","198.48"
"A290690","아리바이오홀딩스","12","0","외감","","","",""
"A290720","푸드나무","12","0","KOSDAQ","1.24","166.75","","164.71"
"A290740","액트로","12","0","KOSDAQ","-4.44","75.7","","79.22"
"A291230","엔피","12","0","KOSDAQ","-0.25","15.33","","15.36"
"A291650","압타머사이언스","12","0","외감","","","",""
"A291810","핀텔","12","0","외감","","","",""
"A293480","하나제약","12","0","KOSPI","-4.96","403.38","","424.44"
"A293490","카카오게임즈","12","0","외감","","","",""
"A293580","나우IB","12","0","KOSDAQ","-2.68","48.25","","49.58"
"A293780","압타바이오","12","0","외감","","","",""
"A294090","이오플로우","12","0","외감","","","",""
"A294140","레몬","12","0","외감","","","",""
"A294570","쿠콘","12","0","외감","","","",""
"A294630","서남","12","0","외감","","","",""
"A294870","IPARK현대산업개발","12","1","KOSPI","1.74","2183.73","","2146.38"
"A295310","에이치브이엠","12","0","외감","","","",""
"A296640","이노에이엑스","12","0","외감","","","",""
"A297090","씨에스베어링","12","0","외감","","","",""
"A297570","아틀라스링크","12","0","KOSDAQ","0.39","7.05","","7.02"
"A297890","HB솔루션","12","0","외감","","","",""
"A298000","효성화학","12","0","KOSPI","-0.71","446.62","","449.81"
"A298020","효성티앤씨","12","0","KOSPI","-4.35","761.67","","796.29"
"A298040","효성중공업","12","1","KOSPI","-2.22","369.25","","377.64"
"A298050","HS효성첨단소재","12","0","KOSPI","-3.42","568.95","","589.11"
"A298060","풍전약품","12","0","외감","","","",""
"A298380","에이비엘바이오","12","0","KOSDAQ","-6.2","1268.49","","1352.3"
"A298540","더네이쳐홀딩스","12","0","외감","","","",""
"A298690","에어부산","12","0","KOSPI","2.11","227.03","","222.34"
"A298830","슈어소프트테크","12","0","외감","","","",""
"A299030","하나기술","12","0","외감","","","",""
"A299170","더블유에스아이","12","0","KOSDAQ","-0.24","9.01","","9.03"
"A299660","셀리드","12","0","KOSDAQ","0.78","489.05","","485.28"
"A299900","위지윅스튜디오","12","0","KOSDAQ","0.27","162.32","","161.88"
"A300080","플리토","12","0","외감","","","",""
"A300120","라온피플","12","0","외감","","","",""
"A300720","한일시멘트","12","0","KOSPI","0.37","563.72","","561.64"
"A301300","바이브컴퍼니","12","0","외감","","","",""
"A302430","이노메트리","12","0","KOSDAQ","-4.39","147.17","","153.92"
"A302440","SK바이오사이언스","12","0","외감","","","",""
"A302550","리메드","12","0","KONEX","13.61","99.19","","87.31"
"A303030","지니틱스","12","0","KOSDAQ","0","8.51","","8.51"
"A303360","프로티아","12","0","KONEX","0","65.56","","65.56"
"A303530","이노뎁","12","0","외감","","","",""
"A303810","동국생명과학","12","0","외감","","","",""
"A304100","솔트룩스","12","0","외감","","","",""
"A304360","에스바이오메딕스","12","0","외감","","","",""
"A304840","피플바이오","12","0","외감","","","",""
"A305090","마이크로디지탈","12","0","외감","","","",""
"A306040","에스제이그룹","12","0","외감","","","",""
"A306200","세아제강","12","0","KOSPI","-1.15","171.03","","173.01"
"A306620","지아이에스","12","0","KOSDAQ","0.25","9.8","","9.78"
"A307180","아이엘","12","0","KOSDAQ","0","8.82","","8.82"
"A307280","원바이오젠","12","0","KOSDAQ","1.92","7.89","","7.74"
"A307750","국전","12","0","KOSDAQ","-0.74","10.12","","10.2"
"A307870","비투엔","12","0","KOSDAQ","0","9.55","","9.55"
"A307930","컴퍼니케이","12","0","외감","","","",""
"A307950","현대오토에버","12","0","KOSPI","","1862.7","",""
"A308080","바이젠셀","12","0","외감","","","",""
"A308100","형지글로벌","12","0","외감","","","",""
"A308170","씨티알모빌리티","12","0","외감","","","",""
"A308430","셀비온","12","0","외감","","","",""
"A309710","아이티켐","12","0","외감","","","",""
"A309930","조이웍스앤코","12","0","KOSDAQ","0.74","9.34","","9.27"
"A309960","LB인베스트먼트","12","0","외감","","","",""
"A310200","애니플러스","12","0","KOSDAQ","-0.7","6.47","","6.51"
"A310210","보로노이","12","0","외감","","","",""
"A310870","디와이씨","12","0","KOSDAQ","-0.24","7.16","","7.18"
"A311320","지오엘리먼트","12","0","외감","","","",""
"A311390","네오크레마","12","0","외감","","","",""
"A311690","CJ 바이오사이언스","12","0","외감","","","",""
"A312610","에이에프더블류","12","0","외감","","","",""
"A313760","캐리","12","0","외감","","","",""
"A314130","지놈앤컴퍼니","12","0","KONEX","0","315.86","","315.86"
"A314140","알피바이오","12","0","외감","","","",""
"A314930","바이오다인","12","0","외감","","","",""
"A315640","딥노이드","12","0","외감","","","",""
"A316140","우리금융지주","12","1","KOSPI","0.37","9216.23","","9182.22"
"A317120","라닉스","12","0","외감","","","",""
"A317240","TS트릴리온","12","0","외감","","","",""
"A317330","덕산테코피아","12","0","외감","","","",""
"A317400","자이에스앤디","12","0","외감","","","",""
"A317450","명인제약","12","0","외감","","","",""
"A317530","에피소드컴퍼니","12","0","외감","","","",""
"A317690","퀀타매트릭스","12","0","외감","","","",""
"A317770","엑스페릭스","12","0","외감","","","",""
"A317830","에스피시스템스","12","0","외감","","","",""
"A317850","대모","12","0","외감","","","",""
"A317870","엔바이오니아","12","0","외감","","","",""
"A318000","KBG","12","0","외감","","","",""
"A318010","팜스빌","12","0","외감","","","",""
"A318020","포인트모바일","12","0","외감","","","",""
"A318060","그래피","12","0","외감","","","",""
"A318160","셀바이오휴먼텍","12","0","외감","","","",""
"A318410","비비씨","12","0","외감","","","",""
"A319400","현대무벡스","12","0","외감","","","",""
"A319660","피에스케이","12","0","외감","","","",""
"A320000","한울반도체","12","0","외감","","","",""
"A321260","프로이천","12","0","외감","","","",""
"A321370","센서뷰","12","0","외감","","","",""
"A321550","티움바이오","12","0","외감","","","",""
"A321820","아티스트컴퍼니","12","0","외감","","","",""
"A322000","HD현대에너지솔루션","12","0","외감","","","",""
"A322180","LS티라유텍","12","0","외감","","","",""
"A322310","오로스테크놀로지","12","0","외감","","","",""
"A322510","제이엘케이","12","0","외감","","","",""
"A322780","코퍼스코리아","12","0","외감","","","",""
"A323280","태성","12","0","외감","","","",""
"A323350","다원넥스뷰","12","0","외감","","","",""
"A323410","카카오뱅크","12","0","외감","","","",""
"A323990","박셀바이오","12","0","외감","","","",""
"A326030","SK바이오팜","12","0","외감","","","",""
"A327260","RF머트리얼즈","12","0","외감","","","",""
"A328130","루닛","12","0","외감","","","",""
"A328380","솔트웨어","12","0","외감","","","",""
"A329180","HD현대중공업","12","0","외감","","","",""
"A330350","위더스제약","12","0","외감","","","",""
"A330730","스톤브릿지벤처스","12","0","외감","","","",""
"A330860","네패스아크","12","0","외감","","","",""
"A331380","포커스에이아이","12","0","외감","","","",""
"A331520","밸로프","12","0","외감","","","",""
"A331740","아우토크립트","12","0","외감","","","",""
"A331920","셀레믹스","12","0","외감","","","",""
"A332290","누보","12","0","외감","","","",""
"A332370","아이디피","12","0","외감","","","",""
"A332570","PS일렉트로닉스","12","0","외감","","","",""
"A333050","이노테나","12","0","외감","","","",""
"A333430","일승","12","0","외감","","","",""
"A333620","엔시스","12","0","외감","","","",""
"A334970","프레스티지바이오로직스","6","0","외감","","","",""
"A335810","프리시젼바이오","12","0","외감","","","",""
"A335870","윙스풋","12","0","외감","","","",""
"A336060","웨이버스","12","0","외감","","","",""
"A336260","두산퓨얼셀","12","0","외감","","","",""
"A336370","솔루스첨단소재","12","0","외감","","","",""
"A336570","원텍","12","0","외감","","","",""
"A336680","탑런토탈솔루션","12","0","외감","","","",""
"A337930","젝시믹스","12","0","외감","","","",""
"A338220","뷰노","12","0","외감","","","",""
"A338840","와이바이오로직스","12","0","외감","","","",""
"A339770","교촌에프앤비","12","0","외감","","","",""
"A339950","아이비김영","12","0","외감","","","",""
"A340360","다보링크","12","0","외감","","","",""
"A340440","세림B&G","12","0","외감","","","",""
"A340450","지씨지놈","12","0","외감","","","",""
"A340570","티앤엘","12","0","외감","","","",""
"A340810","시선AI","12","0","외감","","","",""
"A340930","성원에너텍","12","0","외감","","","",""
"A342870","오아","12","0","외감","","","",""
"A344820","KCC글라스","12","0","외감","","","",""
"A344860","이노진","12","0","외감","","","",""
"A347000","센코","12","0","외감","","","",""
"A347700","스피어","12","0","외감","","","",""
"A347740","피엔케이피부임상연구센타","12","0","외감","","","",""
"A347770","핌스","12","0","외감","","","",""
"A347850","디앤디파마텍","12","0","외감","","","",""
"A347860","알체라","12","0","외감","","","",""
"A347890","엠엑스온","12","0","외감","","","",""
"A348030","모비릭스","12","0","외감","","","",""
"A348080","큐라티스","12","0","외감","","","",""
"A348150","고바이오랩","12","0","외감","","","",""
"A348210","넥스틴","12","0","외감","","","",""
"A348340","뉴로메카","12","0","외감","","","",""
"A348350","위드텍","12","0","외감","","","",""
"A348370","엔켐","12","0","외감","","","",""
"A351320","넥사다이내믹스","12","0","외감","","","",""
"A351330","이삭엔지니어링","12","0","외감","","","",""
"A351870","차이커뮤니케이션","12","0","외감","","","",""
"A352090","스톰테크","12","0","외감","","","",""
"A352480","씨앤씨인터내셔널","12","0","외감","","","",""
"A352700","씨앤투스","12","0","외감","","","",""
"A352770","셀레스트라","12","0","외감","","","",""
"A352820","하이브","12","0","외감","","","",""
"A352910","오비고","12","0","외감","","","",""
"A352940","인바이오","12","0","외감","","","",""
"A353190","휴럼","12","0","외감","","","",""
"A353200","대덕전자","12","0","외감","","","",""
"A353590","오토앤","12","0","외감","","","",""
"A353810","이지바이오","12","0","외감","","","",""
"A354200","엔젠바이오","12","0","외감","","","",""
"A354320","알멕","12","0","외감","","","",""
"A355150","코스텍시스","12","0","외감","","","",""
"A355390","크라우드웍스","12","0","외감","","","",""
"A355690","에이텀","12","0","외감","","","",""
"A356680","엑스게이트","12","0","외감","","","",""
"A356860","티엘비","12","0","외감","","","",""
"A356890","싸이버원","12","0","외감","","","",""
"A357230","에이치피오","12","0","외감","","","",""
"A357550","석경에이티","12","0","외감","","","",""
"A357580","아모센스","12","0","외감","","","",""
"A357780","솔브레인","12","0","외감","","","",""
"A357880","SKAI","12","0","외감","","","",""
"A358570","지아이이노베이션","12","0","외감","","","",""
"A359090","씨엔알리서치","12","0","외감","","","",""
"A360070","탑머티리얼","12","0","외감","","","",""
"A360350","코셈","12","0","외감","","","",""
"A361390","제노코","12","0","외감","","","",""
"A361570","알비더블유","12","0","외감","","","",""
"A361610","SK아이이테크놀로지","12","0","외감","","","",""
"A361670","삼영에스앤씨","12","0","외감","","","",""
"A362320","청담글로벌","12","0","외감","","","",""
"A362990","드림인사이트","12","0","외감","","","",""
"A363250","진시스템","12","0","외감","","","",""
"A363260","모비데이즈","12","0","외감","","","",""
"A363280","티와이홀딩스","12","0","외감","","","",""
"A364950","에이아이코리아","12","0","외감","","","",""
"A365270","큐라클","12","0","외감","","","",""
"A365330","에스와이스틸텍","12","0","외감","","","",""
"A365340","성일하이텍","12","0","외감","","","",""
"A365590","하이딥","12","0","외감","","","",""
"A365900","브이씨","12","0","외감","","","",""
"A366030","나인앤컴퍼니","12","0","외감","","","",""
"A367000","플래티어","12","0","외감","","","",""
"A368600","아이씨에이치","12","0","외감","","","",""
"A368770","파이버프로","12","0","외감","","","",""
"A368970","오에스피","12","0","외감","","","",""
"A369370","블리츠웨이엔터테인먼트","12","0","외감","","","",""
"A370090","퓨런티어","12","0","외감","","","",""
"A371950","풍원정밀","12","0","외감","","","",""
"A372170","윤성에프앤씨","12","0","외감","","","",""
"A372320","큐로셀","12","0","외감","","","",""
"A372800","아이티아이즈","12","0","외감","","","",""
"A372910","한컴라이프케어","12","0","외감","","","",""
"A373110","엑셀세라퓨틱스","12","0","외감","","","",""
"A373160","데이원컴퍼니","12","0","외감","","","",""
"A373170","엠아이큐브솔루션","12","0","외감","","","",""
"A373200","엑스플러스","12","0","외감","","","",""
"A373220","LG에너지솔루션","12","0","외감","","","",""
"A375500","DL이앤씨","12","0","외감","","","",""
"A376180","피코그램","12","0","외감","","","",""
"A376270","HEM파마","12","0","외감","","","",""
"A376290","씨유테크","12","0","외감","","","",""
"A376300","디어유","12","0","외감","","","",""
"A376900","로킷헬스케어","12","0","외감","","","",""
"A376930","노을","12","0","외감","","","",""
"A376980","원티드랩","12","0","외감","","","",""
"A377030","비트맥스","12","0","외감","","","",""
"A377220","프롬바이오","12","0","외감","","","",""
"A377300","카카오페이","12","0","외감","","","",""
"A377330","이지트로닉스","12","0","외감","","","",""
"A377450","리파인","12","0","외감","","","",""
"A377460","큐에이드","12","0","외감","","","",""
"A377480","마음AI","12","0","외감","","","",""
"A377740","바이오노트","12","0","외감","","","",""
"A378340","필에너지","12","0","외감","","","",""
"A378800","샤페론","12","0","외감","","","",""
"A378850","화승알앤에이","12","0","외감","","","",""
"A380540","옵티코어","12","0","외감","","","",""
"A380550","뉴로핏","12","0","외감","","","",""
"A381620","제닉스로보틱스","12","0","외감","","","",""
"A381970","케이카","12","0","외감","","","",""
"A382150","온코크로스","12","0","외감","","","",""
"A382480","지아이텍","12","0","외감","","","",""
"A382800","지앤비에스 에코","12","0","외감","","","",""
"A382840","원준","12","0","외감","","","",""
"A382900","범한퓨얼셀","12","0","외감","","","",""
"A383220","F&F","12","0","외감","","","",""
"A383310","에코프로에이치엔","12","0","외감","","","",""
"A383800","LX홀딩스","12","0","외감","","","",""
"A383930","디티앤씨알오","12","0","외감","","","",""
"A384470","코어라인소프트","12","0","외감","","","",""
"A387570","파인메딕스","12","0","외감","","","",""
"A388050","지투파워","12","0","외감","","","",""
"A388210","씨엠티엑스","12","0","외감","","","",""
"A388610","지에프씨생명과학","12","0","외감","","","",""
"A388720","유일로보틱스","12","0","외감","","","",""
"A388790","라이콤","12","0","외감","","","",""
"A388870","파로스아이바이오","12","0","외감","","","",""
"A389020","자람테크놀로지","12","0","외감","","","",""
"A389030","지니너스","12","0","외감","","","",""
"A389140","포바이포","12","0","외감","","","",""
"A389260","대명에너지","12","0","외감","","","",""
"A389470","인벤티지랩","12","0","외감","","","",""
"A389500","에스비비테크","12","0","외감","","","",""
"A389650","넥스트바이오메디컬","12","0","외감","","","",""
"A389680","유디엠텍","12","0","외감","","","",""
"A391710","코닉오토메이션","12","0","외감","","","",""
"A393210","토마토시스템","12","0","외감","","","",""
"A393890","더블유씨피","12","0","외감","","","",""
"A393970","대진첨단소재","12","0","외감","","","",""
"A394280","오픈엣지테크놀로지","12","0","외감","","","",""
"A394420","리센스메디컬","12","0","외감","","","",""
"A394800","쓰리빌리언","12","0","외감","","","",""
"A396270","넥스트칩","12","0","외감","","","",""
"A396300","세아메카닉스","12","0","외감","","","",""
"A396470","워트","12","0","외감","","","",""
"A397030","에이프릴바이오","12","0","외감","","","",""
"A397810","애드포러스","12","0","외감","","","",""
"A398120","에스지헬스케어","12","0","외감","","","",""
"A399720","가온칩스","12","0","외감","","","",""
"A402030","코난테크놀로지","12","0","외감","","","",""
"A402340","SK스퀘어","12","0","외감","","","",""
"A402490","그린리소스","12","0","외감","","","",""
"A403490","우듬지팜","12","0","외감","","","",""
"A403550","쏘카","12","0","외감","","","",""
"A403850","더핑크퐁컴퍼니","12","0","외감","","","",""
"A403870","HPSP","12","0","외감","","","",""
"A405000","플라즈맵","12","0","외감","","","",""
"A405100","큐알티","12","0","외감","","","",""
"A405920","나라셀라","12","0","외감","","","",""
"A406820","뷰티스킨","12","0","외감","","","",""
"A407400","꿈비","12","0","외감","","","",""
"A408470","한패스","12","0","외감","","","",""
"A408900","스튜디오미르","12","0","외감","","","",""
"A408920","메쎄이상","12","0","외감","","","",""
"A411080","샌즈랩","12","0","외감","","","",""
"A412350","레이저쎌","12","0","외감","","","",""
"A412540","제일엠앤에스","12","0","외감","","","",""
"A413390","엠오티","12","0","외감","","","",""
"A413630","씨피시스템","12","0","외감","","","",""
"A413640","비아이매트릭스","12","0","외감","","","",""
"A415380","스튜디오삼익","12","0","외감","","","",""
"A416180","신성에스티","12","0","외감","","","",""
"A417010","나노팀","12","0","외감","","","",""
"A417180","핑거스토리","12","0","외감","","","",""
"A417200","LS머트리얼즈","12","0","외감","","","",""
"A417500","제이아이테크","12","0","외감","","","",""
"A417790","트루엔","12","0","외감","","","",""
"A417840","저스템","12","0","외감","","","",""
"A417860","오브젠","12","0","외감","","","",""
"A417970","모델솔루션","12","0","외감","","","",""
"A418250","시큐레터","12","0","외감","","","",""
"A418420","라온텍","12","0","외감","","","",""
"A418470","KT밀리의서재","12","0","외감","","","",""
"A418550","제이오","12","0","외감","","","",""
"A418620","E8","12","0","외감","","","",""
"A419050","삼기에너지솔루션즈","12","0","외감","","","",""
"A419080","엔젯","12","0","외감","","","",""
"A419120","산돌","12","0","외감","","","",""
"A419530","SAMG엔터","12","0","외감","","","",""
"A419540","비스토스","12","0","외감","","","",""
"A420570","제이투케이바이오","12","0","외감","","","",""
"A420770","기가비스","12","0","외감","","","",""
"A424760","벨로크","12","0","외감","","","",""
"A424870","이뮨온시아","12","0","외감","","","",""
"A424960","스마트레이더시스템","12","0","외감","","","",""
"A424980","마이크로투나노","12","0","외감","","","",""
"A425040","티이엠씨","12","0","외감","","","",""
"A425420","티에프이","12","0","외감","","","",""
"A429270","시지트로닉스","12","0","외감","","","",""
"A430690","한싹","12","0","외감","","","",""
"A431190","케이쓰리아이","12","0","외감","","","",""
"A432430","와이랩","12","0","외감","","","",""
"A432470","케이엔에스","12","0","외감","","","",""
"A432720","퀄리타스반도체","12","0","외감","","","",""
"A432980","엠에프씨","12","0","외감","","","",""
"A434480","모니터랩","12","0","외감","","","",""
"A435570","에르코스","12","0","외감","","","",""
"A437730","삼현","12","0","외감","","","",""
"A438700","버넥트","12","0","외감","","","",""
"A439090","마녀공장","12","0","외감","","","",""
"A439260","대한조선","12","0","외감","","","",""
"A439580","블루엠텍","12","0","외감","","","",""
"A439960","코스모로보틱스","12","0","외감","","","",""
"A440110","파두","12","0","외감","","","",""
"A440290","HB인베스트먼트","12","0","외감","","","",""
"A440320","오픈놀","12","0","외감","","","",""
"A441270","파인엠텍","12","0","외감","","","",""
"A443060","HD현대마린솔루션","12","0","외감","","","",""
"A443250","레뷰코퍼레이션","12","0","외감","","","",""
"A443670","에스피소프트","12","0","외감","","","",""
"A444530","심플랫폼","12","0","외감","","","",""
"A445090","에이직랜드","12","0","외감","","","",""
"A445180","퓨릿","12","0","외감","","","",""
"A445680","큐리옥스바이오시스템즈","12","0","외감","","","",""
"A446070","유니드비티플러스","12","0","외감","","","",""
"A446540","메가터치","12","0","외감","","","",""
"A446840","지슨","12","0","외감","","","",""
"A448280","에코아이","12","0","외감","","","",""
"A448710","코츠테크놀로지","12","0","외감","","","",""
"A448900","한국피아이엠","12","0","외감","","","",""
"A450080","에코프로머티","12","0","외감","","","",""
"A450330","하스","12","0","외감","","","",""
"A450520","인스웨이브","12","0","외감","","","",""
"A450950","아스테라시스","12","0","외감","","","",""
"A451220","아이엠티","12","0","외감","","","",""
"A451250","삐아","12","0","외감","","","",""
"A451760","컨텍","12","0","외감","","","",""
"A452160","제이엔비","12","0","외감","","","",""
"A452190","한빛레이저","12","0","외감","","","",""
"A452200","민테크","12","0","외감","","","",""
"A452260","한화갤러리아","12","0","외감","","","",""
"A452280","한선엔지니어링","12","0","외감","","","",""
"A452300","캡스톤파트너스","12","0","외감","","","",""
"A452400","이닉스","12","0","외감","","","",""
"A452430","사피엔반도체","12","0","외감","","","",""
"A452450","피아이이","12","0","외감","","","",""
"A453340","현대그린푸드","12","0","외감","","","",""
"A453450","그리드위즈","12","0","외감","","","",""
"A453860","에이에스텍","12","0","외감","","","",""
"A454910","두산로보틱스","12","0","외감","","","",""
"A455180","케이지에이","12","0","외감","","","",""
"A455900","엔젤로보틱스","12","0","외감","","","",""
"A456010","아이씨티케이","12","0","외감","","","",""
"A456040","OCI","12","0","외감","","","",""
"A456070","이엔셀","12","0","외감","","","",""
"A456160","지투지바이오","12","0","외감","","","",""
"A457190","이수스페셜티케미컬","12","0","외감","","","",""
"A457370","한켐","12","0","외감","","","",""
"A457550","우진엔텍","12","0","외감","","","",""
"A457600","벡트","12","0","외감","","","",""
"A458350","에스팀","12","0","외감","","","",""
"A458650","성우","12","0","외감","","","",""
"A458870","씨어스","12","0","외감","","","",""
"A459100","위츠","12","0","외감","","","",""
"A459510","나우로보틱스","12","0","외감","","","",""
"A459550","알트","12","0","외감","","","",""
"A460470","아이빔테크놀로지","12","0","외감","","","",""
"A460850","동국씨엠","12","0","외감","","","",""
"A460860","동국제강","12","0","외감","","","",""
"A460870","에스엠씨지","12","0","외감","","","",""
"A460930","현대힘스","12","0","외감","","","",""
"A460940","피앤에스로보틱스","12","0","외감","","","",""
"A461030","아이엠비디엑스","12","0","외감","","","",""
"A461300","아이스크림미디어","12","0","외감","","","",""
"A462310","뉴키즈온","12","0","외감","","","",""
"A462350","이노스페이스","12","0","외감","","","",""
"A462510","라메디텍","12","0","외감","","","",""
"A462520","조선내화","12","0","외감","","","",""
"A462860","더즌","12","0","외감","","","",""
"A462870","시프트업","12","0","외감","","","",""
"A462980","아이지넷","12","0","외감","","","",""
"A463020","뉴엔AI","12","0","외감","","","",""
"A463480","모티브링크","12","0","외감","","","",""
"A464080","에스오에스랩","12","0","외감","","","",""
"A464280","티디에스팜","12","0","외감","","","",""
"A464490","쿼드메디슨","12","0","외감","","","",""
"A464500","아이언디바이스","12","0","외감","","","",""
"A464580","닷밀","12","0","외감","","","",""
"A465480","인스피언","12","0","외감","","","",""
"A465770","STX그린로지스","12","0","외감","","","",""
"A466100","클로봇","12","0","외감","","","",""
"A466410","사이냅소프트","12","0","외감","","","",""
"A468530","프로티나","12","0","외감","","","",""
"A469610","이노테크","12","0","외감","","","",""
"A469750","아이비젼웍스","12","0","외감","","","",""
"A471820","셀로맥스사이언스","12","0","외감","","","",""
"A472850","폰드그룹","12","0","외감","","","",""
"A473980","노머스","12","0","외감","","","",""
"A474170","루미르","12","0","외감","","","",""
"A474610","RF시스템즈","12","0","외감","","","",""
"A474650","링크솔루션","12","0","외감","","","",""
"A475150","SK이터닉스","12","0","외감","","","",""
"A475230","엔알비","12","0","외감","","","",""
"A475400","씨메스로보틱스","12","0","외감","","","",""
"A475430","키스트론","12","0","외감","","","",""
"A475460","미트박스","12","0","외감","","","",""
"A475560","더본코리아","12","0","외감","","","",""
"A475580","에이럭스","12","0","외감","","","",""
"A475660","에스켐","12","0","외감","","","",""
"A475830","오름테라퓨틱","12","0","외감","","","",""
"A475960","토모큐브","12","0","외감","","","",""
"A476040","오가노이드사이언스","12","0","외감","","","",""
"A476060","온코닉테라퓨틱스","12","0","외감","","","",""
"A476080","M83","12","0","외감","","","",""
"A476830","알지노믹스","12","0","외감","","","",""
"A477850","마키나락스","12","0","외감","","","",""
"A478340","나라스페이스테크놀로지","12","0","외감","","","",""
"A478560","블랙야크아이앤씨","12","0","외감","","","",""
"A479960","위너스일렉","12","0","외감","","","",""
"A480370","씨케이솔루션","12","0","외감","","","",""
"A481070","에이유브랜즈","12","0","외감","","","",""
"A482630","삼양엔씨켐","12","0","외감","","","",""
"A483650","달바글로벌","12","0","외감","","","",""
"A484120","도우인시스","12","0","외감","","","",""
"A484590","삼양컴텍","12","0","외감","","","",""
"A484810","티엑스알로보틱스","12","0","외감","","","",""
"A484870","엠앤씨솔루션","12","0","외감","","","",""
"A486990","노타","12","0","외감","","","",""
"A487570","HS효성","12","0","외감","","","",""
"A487580","폴레드","12","0","외감","","","",""
"A488280","에스투더블유","12","0","외감","","","",""
"A488900","비츠로넥스텍","12","0","외감","","","",""
"A489460","바이오비쥬","12","0","외감","","","",""
"A489500","엘케이켐","12","0","외감","","","",""
"A489790","한화비전","12","0","외감","","","",""
"A490470","세미파이브","12","0","외감","","","",""
"A491000","리브스메드","12","0","외감","","","",""
"A493280","아이엠바이오로직스","12","0","외감","","","",""
"A493330","지에프아이","12","0","외감","","","",""
"A494120","큐리오시스","12","0","외감","","","",""
"A499790","GS피앤엘","12","0","외감","","","",""
"A900070","글로벌에스엠","12","0","KOSDAQ","-1.82","43.43","","44.23"
"A900100","파이온엑스","12","0","KOSDAQ","2.76","182.74","","175.06"
"A900110","딥커머스","12","0","KOSDAQ","4.05","28.01","","26.92"
"A900120","씨엑스아이","6","0","KOSDAQ","30","50.23","","38.64"
"A900140","엘브이엠씨홀딩스","12","0","KOSPI","-2.48","122.31","","125.42"
"A900250","크리스탈신소재","12","0","KOSDAQ","-2.93","101","","104.05"
"A900260","로스웰","12","0","KOSDAQ","0","137.53","","137.53"
"A900270","헝셩그룹","12","0","KOSDAQ","-3.03","89.6","","92.4"
"A900290","GRT","6","0","KOSDAQ","-0.2","166.75","","167.09"
"A900300","오가닉티코스메틱","12","0","KOSDAQ","2.09","152.84","","149.71"
"A900310","컬러레이","12","0","KOSDAQ","-0.51","106.38","","106.92"
"A900340","윙입푸드","12","0","KOSDAQ","-4.94","77.79","","81.83"
"A950130","엑세스바이오","12","0","KOSDAQ","-2.69","112.73","","115.84"
"A950140","잉글우드랩","12","0","KOSDAQ","-0.54","92.19","","92.68"
"A950160","코오롱티슈진","12","0","KOSDAQ","-0.99","2135.61","","2156.97"
"A950170","JTC","2","0","KOSDAQ","-0.78","311.55","","314"
"A950190","고스트스튜디오","12","0","외감","","","",""
"A950200","소마젠","12","0","외감","","","",""
"A950210","프레스티지바이오파마","6","0","외감","","","",""
"A950220","네오이뮨텍","12","0","외감","","","",""
"A950250","테라뷰","4","0","외감","","","",""
