"Code","Name","결산월","코스피200 구성종목여부(1:해당, 0:미해당)","상장된 시장","수정주가수익률","시가총액","","이전 시가총액"
"A000020","동화약품","12","0","KOSPI","-2.06","226.24","","230.99"
"A000040","KR모터스","12","0","KOSPI","0","86.2","","86.2"
"A000050","경방","12","0","KOSPI","0.41","268.67","","267.57"
"A000070","삼양홀딩스","12","1","KOSPI","0.93","555.82","","550.68"
"A000080","하이트진로","12","1","KOSPI","-1.65","2093.49","","2128.56"
"A000100","유한양행","12","1","KOSPI","-1.15","2740.69","","2772.63"
"A000120","CJ대한통운","12","1","KOSPI","0","3604.35","","3604.35"
"A000140","하이트진로홀딩스","12","0","KOSPI","-1.41","324.89","","329.54"
"A000150","두산","12","1","KOSPI","0.97","1209.54","","1197.98"
"A000180","성창기업지주","12","0","KOSPI","0.91","115.79","","114.74"
"A0001A0","덕양에너젠","12","0","외감","","","",""
"A000210","DL","12","1","KOSPI","2.22","3198.12","","3128.52"
"A000220","유유제약","12","0","KOSPI","0.46","69.74","","69.42"
"A000230","일동홀딩스","12","0","KOSPI","1.39","120.48","","118.83"
"A000240","한국앤컴퍼니","12","1","KOSPI","-0.36","1292.98","","1297.63"
"A000250","삼천당제약","12","0","KOSDAQ","0.68","654.33","","649.91"
"A000270","기아","12","1","KOSPI","1.14","17917.06","","17714.38"
"A000300","DH오토넥스","12","0","KOSPI","-2.8","76.67","","78.88"
"A000320","노루홀딩스","12","0","KOSPI","0.8","167.47","","166.14"
"A000370","한화손해보험","12","0","KOSPI","-0.18","325.7","","326.29"
"A000390","SP삼화","12","0","KOSPI","0.2","132.99","","132.72"
"A000400","롯데손해보험","12","0","KOSPI","-0.23","662.57","","664.12"
"A000430","대원강업","12","0","KOSPI","0","217","","217"
"A000440","중앙에너비스","12","0","KOSDAQ","0.88","42.78","","42.41"
"A000480","CR홀딩스","12","0","KOSPI","1.97","351.6","","344.8"
"A000490","대동","12","0","KOSPI","0","129.08","","129.08"
"A0004V0","엔비알모션","12","0","외감","","","",""
"A000500","가온전선","12","0","KOSPI","0.49","86.12","","85.7"
"A000520","삼일제약","12","0","KOSPI","0.76","129.68","","128.7"
"A000540","흥국화재","12","0","KOSPI","0.8","201.4","","199.79"
"A000590","CS홀딩스","12","0","KOSPI","0.18","65.92","","65.81"
"A000640","동아쏘시오홀딩스","12","1","KOSPI","1.31","570.86","","563.5"
"A000650","천일고속","12","0","KOSPI","0","102.33","","102.33"
"A000660","SK하이닉스","12","1","KOSPI","0.99","59477.79","","58895.39"
"A000670","영풍","12","1","KOSPI","0.16","1145.75","","1143.91"
"A000680","LS네트웍스","12","0","KOSPI","0.21","187.95","","187.55"
"A000700","유수홀딩스","12","0","KOSPI","-0.3","174.48","","175"
"A000720","현대건설","12","1","KOSPI","0","4738.19","","4738.19"
"A000760","이화산업","12","0","KOSPI","-0.33","42.84","","42.98"
"A0007C0","아크릴","12","0","외감","","","",""
"A0007J0","인벤테라","12","0","외감","","","",""
"A000810","삼성화재","12","1","KOSPI","0.64","11156.77","","11085.71"
"A000850","화천기공","12","0","KOSPI","-0.92","82.83","","83.6"
"A000860","강남제비스코","12","0","KOSPI","0.5","131.3","","130.65"
"A000880","한화","12","1","KOSPI","-1.19","1862.72","","1885.21"
"A000890","보해양조","12","0","KOSPI","0.5","126.65","","126.02"
"A0008Z0","에스엔시스","12","0","외감","","","",""
"A000910","유니온","12","0","KOSPI","-2.19","66.27","","67.75"
"A000950","전방","12","0","KOSPI","0","26.71","","26.71"
"A000970","한국주철관","12","0","KOSPI","0.72","224.36","","222.76"
"A000990","DB하이텍","12","1","KOSPI","4","808.05","","776.98"
"A0009K0","에임드바이오","12","0","외감","","","",""
"A001000","신라섬유","12","0","KOSDAQ","-8.3","50.98","","55.6"
"A001020","페이퍼코리아","12","0","KOSPI","3.59","57.01","","55.03"
"A001040","CJ","12","1","KOSPI","2.43","2704.71","","2640.52"
"A001060","JW중외제약","12","1","KOSPI","0.86","593.29","","588.21"
"A001070","대한방직","12","0","KOSPI","0.26","101.5","","101.23"
"A001080","만호제강","6","0","KOSPI","3.92","65.98","","63.5"
"A0010F0","보원케미칼","12","0","외감","","","",""
"A0010V0","제이피아이헬스케어","12","0","외감","","","",""
"A001120","LX인터내셔널","12","1","KOSPI","0.67","583.34","","579.46"
"A001130","대한제분","12","0","KOSPI","0","263.64","","263.64"
"A0011A0","액스비스","12","0","외감","","","",""
"A0011T0","채비","12","0","외감","","","",""
"A001200","유진투자증권","12","0","KOSPI","-0.47","206.81","","207.78"
"A001210","금호전기","12","0","KOSPI","-8.17","34.63","","37.71"
"A001230","동국홀딩스","12","1","KOSPI","-0.35","549.69","","551.6"
"A001250","GS글로벌","12","0","KOSPI","0.68","184.46","","183.22"
"A001260","남광토건","12","0","KOSPI","0","117.44","","117.44"
"A001270","부국증권","12","0","KOSPI","-0.68","226.58","","228.14"
"A001290","상상인증권","12","0","KOSPI","1.93","126.86","","124.46"
"A001340","PKC","12","0","KOSPI","0","107.58","","107.58"
"A001360","삼성제약","12","0","KOSPI","-1.39","249.68","","253.2"
"A001380","SG글로벌","12","0","KOSPI","-1.4","79.36","","80.49"
"A001390","KG케미칼","12","0","KOSPI","0","141.84","","141.84"
"A0013V0","삼진식품","12","0","외감","","","",""
"A001420","태원물산","12","0","KOSPI","-0.12","30.74","","30.78"
"A001430","세아베스틸지주","12","1","KOSPI","-1.23","573.79","","580.97"
"A001440","대한전선","12","0","KOSPI","-0.5","516.45","","519.02"
"A001450","현대해상","12","1","KOSPI","0.18","2440.62","","2436.15"
"A001460","BYC","12","0","KOSPI","-1.68","145.85","","148.35"
"A001470","삼부토건","12","0","KOSPI","-1.22","88.49","","89.58"
"A001500","현대차증권","12","0","KOSPI","0.5","292.49","","291.02"
"A001510","SK증권","12","0","KOSPI","0.67","284.03","","282.14"
"A001520","동양","12","1","KOSPI","-0.35","338.93","","340.12"
"A001530","DI동일","12","0","KOSPI","-0.27","178.94","","179.43"
"A001540","안국약품","12","0","KOSDAQ","-0.98","132.38","","133.68"
"A001550","조비","12","0","KOSPI","-2.08","85.67","","87.49"
"A001560","제일연마","12","0","KOSPI","3.15","65.5","","63.5"
"A001570","금양","12","0","KOSPI","-1.33","97.79","","99.11"
"A0015G0","그린광학","12","0","외감","","","",""
"A0015N0","아로마티카","12","0","외감","","","",""
"A0015S0","페스카로","12","0","외감","","","",""
"A001620","케이비아이동국실업","12","0","KOSPI","-0.27","48.01","","48.14"
"A001630","종근당홀딩스","12","0","KOSPI","-1.66","474.43","","482.45"
"A001680","대상","12","1","KOSPI","1.74","809.03","","795.17"
"A001720","신영증권","3","0","KOSPI","0.18","510.61","","509.67"
"A001740","SK네트웍스","12","1","KOSPI","4.42","1464.31","","1402.26"
"A001750","한양증권","12","0","KOSPI","-0.13","101.06","","101.19"
"A001770","SHD","12","0","KOSPI","-0.94","25.69","","25.94"
"A001780","알루코","12","0","KOSPI","1.49","177.37","","174.76"
"A001790","대한제당","12","0","KOSPI","-0.8","163.98","","165.31"
"A0017J0","세미티에스","12","0","외감","","","",""
"A001800","오리온홀딩스","12","1","KOSPI","0","1093.16","","1093.16"
"A001810","무림SP","12","0","KOSDAQ","1.1","50.81","","50.25"
"A001820","삼화콘덴서","12","0","KOSPI","-0.77","467.26","","470.89"
"A001840","이화공영","12","0","KOSDAQ","-0.39","101.8","","102.2"
"A001940","KISCO홀딩스","12","0","KOSPI","0.79","234.65","","232.8"
"A002020","코오롱","12","0","KOSPI","-0.57","218.44","","219.7"
"A002030","아세아","12","0","KOSPI","0.92","241.01","","238.82"
"A002070","비비안","12","0","KOSPI","-0.46","150.06","","150.75"
"A002100","경농","12","0","KOSPI","-2.87","257.05","","264.64"
"A002140","고려산업","12","0","KOSPI","-0.59","83.8","","84.3"
"A002150","도화엔지니어링","12","0","KOSPI","0.77","309.55","","307.19"
"A002170","SYTS","12","0","KOSPI","-2.86","203.7","","209.7"
"A002200","한국수출포장","12","0","KOSPI","1.84","77.4","","76"
"A002210","동성제약","12","0","KOSPI","-1.55","413.22","","419.74"
"A002220","한일철강","12","0","KOSPI","0.5","45.2","","44.98"
"A002230","피에스텍","12","0","KOSDAQ","0.49","80.64","","80.25"
"A002240","고려제강","12","1","KOSPI","0.47","423","","421"
"A002290","삼일기업공사","12","0","KOSDAQ","2.3","41.42","","40.49"
"A002310","아세아제지","12","0","KOSPI","4.85","270.93","","258.4"
"A002320","한진","12","0","KOSPI","0.17","359.84","","359.24"
"A002350","넥센타이어","12","1","KOSPI","0.11","880.96","","879.99"
"A002360","SH에너지화학","12","0","KOSPI","-0.97","113.36","","114.47"
"A002380","KCC","12","1","KOSPI","-0.69","2274.93","","2290.76"
"A002390","한독","12","0","KOSPI","-0.7","292.48","","294.54"
"A002410","범양건영","12","0","KOSPI","7.44","44.82","","41.72"
"A002420","세기상사","12","0","KOSPI","-0.55","22.25","","22.38"
"A002450","삼익악기","12","0","KOSPI","0.58","157.98","","157.07"
"A002460","HS화성","12","0","KOSPI","1.27","149.41","","147.54"
"A002600","조흥","12","0","KOSPI","1","90.6","","89.7"
"A002620","제일파마홀딩스","12","0","KOSPI","-0.27","289.92","","290.72"
"A002630","오리엔트바이오","3","0","KOSPI","-0.26","87.53","","87.76"
"A002680","한탑","12","0","KOSDAQ","-1.72","41.5","","42.22"
"A002690","동일제강","12","0","KOSPI","-0.98","37.73","","38.1"
"A002700","신일전자","12","0","KOSPI","-1.26","111.54","","112.97"
"A002710","TCC스틸","12","0","KOSPI","1.14","59.65","","58.98"
"A002720","국제약품","12","0","KOSPI","-1.57","80.96","","82.25"
"A002760","보락","12","0","KOSPI","-0.5","120.1","","120.7"
"A002780","진흥기업","12","0","KOSPI","-1.86","306.95","","312.76"
"A002790","아모레퍼시픽홀딩스","12","1","KOSPI","-1.14","6439.98","","6514.2"
"A002800","신신제약","12","0","KOSDAQ","-2.31","96.03","","98.3"
"A002810","삼영무역","12","0","KOSPI","0.62","285.23","","283.47"
"A002820","SUN&L","12","0","KOSPI","0","54.28","","54.28"
"A002840","미원상사","12","0","KOSPI","2.21","282.89","","276.79"
"A002870","신풍","12","0","KOSPI","0","51.04","","51.04"
"A002880","디와이에이","12","0","KOSPI","-0.11","93.98","","94.09"
"A002900","TYM","12","0","KOSPI","1.56","105","","103.39"
"A002920","유성기업","12","0","KOSPI","0.19","69.67","","69.54"
"A002960","한국쉘석유","12","1","KOSPI","0.45","435.5","","433.55"
"A002990","금호건설","12","0","KOSPI","-0.44","407.2","","409"
"A003000","부광약품","12","1","KOSPI","1.74","927.56","","911.68"
"A003010","혜인","12","0","KOSPI","-1.88","56.32","","57.4"
"A003030","세아제강지주","12","0","KOSPI","-0.95","193.62","","195.49"
"A003060","에이프로젠바이오로직스","12","0","KOSPI","-4.52","254.95","","267.03"
"A003070","코오롱글로벌","12","0","KOSPI","0.53","239.5","","238.24"
"A003080","SB성보","12","0","KOSPI","0.52","96","","95.5"
"A003090","대웅","12","0","KOSPI","-0.39","738.4","","741.31"
"A003100","선광","12","0","KOSDAQ","0.3","109.23","","108.9"
"A003120","일성아이에스","12","0","KOSPI","0.6","222.11","","220.78"
"A003160","디아이","12","0","KOSPI","-0.52","90.55","","91.03"
"A003200","일신방직","12","0","KOSPI","0.14","174.96","","174.72"
"A003220","대원제약","12","0","KOSPI","0","328.37","","328.37"
"A003230","삼양식품","12","0","KOSPI","-1.99","668.18","","681.74"
"A003240","태광산업","12","1","KOSPI","-0.56","1179.09","","1185.77"
"A003280","흥아해운","12","0","KOSPI","-6.59","67.61","","72.38"
"A003300","한일홀딩스","12","0","KOSPI","-1.73","254.76","","259.26"
"A003310","대주산업","12","0","KOSDAQ","0.37","48.31","","48.13"
"A003350","한국화장품제조","12","0","KOSPI","0","121.91","","121.91"
"A003380","하림지주","12","0","KOSDAQ","-1.45","765.52","","776.75"
"A003460","유화증권","12","0","KOSPI","0.8","142.32","","141.19"
"A003470","유안타증권","12","0","KOSPI","-0.36","546.89","","548.89"
"A003480","한진중공업홀딩스","12","0","KOSPI","1.12","79.73","","78.84"
"A003490","대한항공","12","1","KOSPI","0","2361.63","","2361.63"
"A003520","영진약품","12","1","KOSPI","1.58","1055.29","","1038.83"
"A003530","한화투자증권","12","0","KOSPI","0","431.24","","431.24"
"A003540","대신증권","12","0","KOSPI","0.41","621.97","","619.44"
"A003550","LG","12","1","KOSPI","0.55","12613.93","","12544.9"
"A003570","SNT다이내믹스","12","0","KOSPI","-0.15","220.47","","220.8"
"A003580","HLB글로벌","12","0","KOSPI","-11.52","274.95","","310.74"
"A003610","방림","9","0","KOSPI","-1.91","86.74","","88.44"
"A003620","KG모빌리티","12","1","KOSPI","-0.67","334.14","","336.39"
"A003650","미창석유","12","0","KOSPI","1.14","139.17","","137.61"
"A003670","포스코퓨처엠","12","0","KOSPI","2.24","2921.34","","2857.3"
"A003680","한성기업","12","0","KOSPI","0","33.88","","33.88"
"A003690","코리안리","12","0","KOSPI","0.73","1000.27","","993.05"
"A003720","삼영","12","0","KOSPI","0.6","33.97","","33.76"
"A003780","진양산업","12","0","KOSPI","-3.16","49.73","","51.35"
"A003800","에이스침대","12","0","KOSDAQ","-0.29","385.93","","387.04"
"A003830","대한화섬","12","0","KOSPI","0.77","121.91","","120.98"
"A003850","보령","12","1","KOSPI","0.33","680.68","","678.47"
"A003920","남양유업","12","1","KOSPI","-0.22","333.72","","334.44"
"A003960","사조대림","12","0","KOSPI","1.5","155.34","","153.05"
"A004000","롯데정밀화학","12","1","KOSPI","0.34","1158.42","","1154.55"
"A004020","현대제철","12","1","KOSPI","0.16","4150.16","","4143.49"
"A004060","SG세계물산","12","0","KOSPI","-1.21","182.38","","184.61"
"A004080","신흥","12","0","KOSPI","1.6","91.68","","90.24"
"A004090","한국석유","12","0","KOSPI","1.46","68.47","","67.49"
"A004100","태양금속","12","0","KOSPI","-1.28","42.57","","43.12"
"A004140","동방","12","0","KOSPI","-1.55","53.04","","53.88"
"A004150","한솔홀딩스","12","0","KOSPI","0.13","186.61","","186.38"
"A004170","신세계","12","1","KOSPI","0","2579.44","","2579.44"
"A004250","NPC","12","0","KOSPI","-0.13","139.54","","139.72"
"A004270","남성","12","0","KOSPI","-3.72","112.62","","116.97"
"A004310","현대약품","11","0","KOSPI","0.3","160.32","","159.84"
"A004360","세방","12","0","KOSPI","0.88","221.08","","219.15"
"A004370","농심","12","1","KOSPI","-0.43","1420.3","","1426.38"
"A004380","삼익THK","12","0","KOSPI","0.43","247.8","","246.75"
"A004410","서울식품","12","0","KOSPI","0","56.35","","56.35"
"A004430","송원산업","12","0","KOSPI","0.67","360","","357.6"
"A004440","삼일씨엔에스","12","0","KOSPI","-0.14","93.33","","93.45"
"A004450","삼화왕관","12","0","KOSPI","4.8","103.41","","98.67"
"A004490","세방전지","12","1","KOSPI","0","532","","532"
"A004540","깨끗한나라","12","0","KOSPI","-0.86","85.84","","86.58"
"A004560","현대비앤지스틸","12","0","KOSPI","0","136.01","","136.01"
"A004590","한국가구","12","0","KOSDAQ","1","60.68","","60.08"
"A004650","창해에탄올","12","0","KOSDAQ","0.79","117.18","","116.26"
"A004690","삼천리","12","0","KOSPI","-0.69","347.92","","350.35"
"A004700","조광피혁","12","0","KOSPI","-1.4","257.99","","261.64"
"A004710","한솔테크닉스","12","0","KOSPI","0.15","220.59","","220.27"
"A004720","팜젠사이언스","12","0","KOSPI","-0.5","69.54","","69.88"
"A004770","써니전자","12","0","KOSPI","0","127.44","","127.44"
"A004780","대륙제관","12","0","KOSDAQ","0.73","65.44","","64.96"
"A004800","효성","12","1","KOSPI","-0.76","1651.97","","1664.61"
"A004830","덕성","12","0","KOSPI","0","44.14","","44.14"
"A004840","DRB동일","12","0","KOSPI","2.21","110.61","","108.22"
"A004870","티웨이홀딩스","12","0","KOSPI","-1.22","123.84","","125.37"
"A004890","동일산업","12","0","KOSPI","0.35","139.45","","138.96"
"A004910","조광페인트","12","0","KOSPI","0.73","70.78","","70.27"
"A004920","씨아이테크","12","0","KOSPI","0.63","25.86","","25.7"
"A004960","한신공영","12","0","KOSPI","-0.66","175.3","","176.45"
"A004970","신라교역","12","0","KOSPI","-0.41","193.6","","194.4"
"A004980","성신양회","12","0","KOSPI","-0.92","183.87","","185.59"
"A004990","롯데지주","12","1","KOSPI","-0.57","3682.31","","3703.3"
"A005010","휴스틸","12","0","KOSPI","0.7","76.6","","76.06"
"A005030","부산주공","12","0","KOSPI","7.64","22.08","","20.5"
"A005070","코스모신소재","12","0","KOSPI","5.26","210.59","","200.06"
"A005090","SGC에너지","12","0","KOSPI","-0.17","144.66","","144.9"
"A005110","한창","12","0","KOSPI","-0.85","101.41","","102.28"
"A005160","동국산업","12","0","KOSDAQ","0.39","138.87","","138.32"
"A005180","빙그레","12","1","KOSPI","-0.18","548.71","","549.7"
"A005250","녹십자홀딩스","12","1","KOSPI","1.2","994.65","","982.89"
"A005290","동진쎄미켐","12","0","KOSDAQ","2.74","771.22","","750.65"
"A005300","롯데칠성","12","1","KOSPI","-0.37","1063.13","","1067.13"
"A005320","온타이드","12","0","KOSPI","0","37.67","","37.67"
"A005360","모나미","12","0","KOSPI","0.6","79.75","","79.27"
"A005380","현대차","12","1","KOSPI","-0.8","26388.02","","26601.69"
"A005420","코스모화학","12","0","KOSPI","-2.74","71.61","","73.63"
"A005430","한국공항","12","0","KOSPI","1.84","131.25","","128.87"
"A005440","현대지에프홀딩스","12","1","KOSPI","-0.89","1094.29","","1104.06"
"A005490","POSCO홀딩스","12","1","KOSPI","-0.23","19181.1","","19224.7"
"A005500","삼진제약","12","0","KOSPI","-1.18","348.89","","353.06"
"A005610","삼립","12","1","KOSPI","-0.22","785.24","","786.97"
"A005670","푸드웰","12","0","KOSDAQ","0.33","61.3","","61.1"
"A005680","삼영전자","12","0","KOSPI","1.03","176","","174.2"
"A005690","파미셀","12","0","KOSPI","-0.78","455.69","","459.29"
"A005710","대원산업","12","0","KOSDAQ","0.83","121.03","","120.03"
"A005720","넥센","12","0","KOSPI","0.85","319.12","","316.44"
"A005740","크라운해태홀딩스","12","0","KOSPI","0","158.12","","158.12"
"A005750","대림바스","12","0","KOSPI","-0.24","68.77","","68.94"
"A005800","신영와코루","12","0","KOSPI","2","91.8","","90"
"A005810","풍산홀딩스","12","0","KOSPI","0.15","262.87","","262.48"
"A005820","원림","12","0","KOSPI","1.45","38.39","","37.84"
"A005830","DB손해보험","12","1","KOSPI","1.48","3872.76","","3816.12"
"A005850","에스엘","12","1","KOSPI","1.42","862.84","","850.79"
"A005860","한일사료","12","0","KOSDAQ","0.26","75.26","","75.06"
"A005870","휴니드","12","0","KOSPI","-0.54","103.19","","103.75"
"A005880","대한해운","12","0","KOSPI","0.46","534.94","","532.5"
"A005930","삼성전자","12","1","KOSPI","1.18","308040.78","","304458.91"
"A005940","NH투자증권","12","1","KOSPI","0.81","3489.47","","3461.33"
"A005950","이수화학","12","0","KOSPI","0.47","161.95","","161.18"
"A005960","동부건설","12","0","KOSPI","0.72","183.54","","182.23"
"A005990","매일홀딩스","12","0","KOSDAQ","-0.94","144.04","","145.41"
"A006040","동원산업","12","0","KOSPI","-0.46","801.73","","805.4"
"A006050","국영지앤엠","12","0","KOSDAQ","-5.92","49.9","","53.04"
"A006060","화승인더","12","0","KOSPI","-0.87","627.88","","633.41"
"A006090","사조오양","12","0","KOSPI","-0.78","71.99","","72.56"
"A006110","삼아알미늄","12","0","KOSPI","0.48","46.42","","46.2"
"A006120","SK디스커버리","12","1","KOSPI","2.66","440.73","","429.3"
"A006140","피제이전자","12","0","KOSDAQ","-1.01","73.28","","74.03"
"A006200","한국전자홀딩스","12","0","KOSPI","0.14","32.86","","32.81"
"A006220","제주은행","12","0","KOSPI","0.5","129.48","","128.84"
"A006260","LS","12","1","KOSPI","-0.68","1415.19","","1424.85"
"A006280","녹십자","12","1","KOSPI","0","1431.6","","1431.6"
"A006340","대원전선","12","0","KOSPI","1.27","81.73","","80.71"
"A006360","GS건설","12","1","KOSPI","2.42","2533.6","","2473.66"
"A006370","대구백화점","12","0","KOSPI","-2.22","61.9","","63.31"
"A006380","카프로","12","0","KOSPI","0","120.8","","120.8"
"A006400","삼성SDI","12","1","KOSPI","0.43","16194.05","","16125.28"
"A006490","프리티","12","0","KOSPI","-6.41","282.75","","302.1"
"A006570","대림통상","12","0","KOSPI","0.4","57.63","","57.4"
"A006620","동구바이오제약","12","0","KOSDAQ","-0.34","142.14","","142.62"
"A006650","대한유화","12","1","KOSPI","0","757.25","","757.25"
"A006660","삼성공조","12","0","KOSPI","0.12","69.97","","69.89"
"A006730","서부T&D","12","0","KOSDAQ","0.82","478.44","","474.56"
"A006740","블루산업개발","12","0","KOSPI","-0.17","66.16","","66.27"
"A006800","미래에셋증권","12","1","KOSPI","0.28","4785.96","","4772.79"
"A006840","AK홀딩스","12","1","KOSPI","-1.74","412","","419.29"
"A006880","신송홀딩스","12","0","KOSPI","-2.16","48.2","","49.27"
"A006890","태경케미컬","12","0","KOSPI","-0.31","56.32","","56.49"
"A006910","보성파워텍","12","0","KOSDAQ","0.25","93.54","","93.31"
"A006920","모헨즈","12","0","KOSDAQ","-1.19","49.85","","50.45"
"A006980","우성","12","0","KOSPI","-1.16","92.08","","93.16"
"A007070","GS리테일","12","1","KOSPI","1.03","3029.95","","2999.15"
"A007110","일신석재","12","0","KOSPI","-0.38","203.32","","204.1"
"A007120","미래아이앤지","12","0","KOSPI","-0.65","39.88","","40.14"
"A007160","사조산업","12","0","KOSPI","-1.63","196.5","","199.75"
"A007210","벽산","12","0","KOSPI","1.08","128.21","","126.84"
"A007280","한국특강","12","0","KOSPI","-4.75","48.69","","51.12"
"A007310","오뚜기","12","1","KOSPI","-0.54","1986.49","","1997.3"
"A007330","푸른저축은행","12","0","KOSDAQ","0.12","121.27","","121.11"
"A007340","DN오토모티브","12","0","KOSPI","-1.15","300.32","","303.82"
"A007370","진양제약","12","0","KOSDAQ","-9.03","49.56","","54.48"
"A007390","네이처셀","12","0","KOSDAQ","-2.25","610.07","","624.14"
"A007460","에이프로젠","12","0","KOSPI","-5.73","352.07","","373.45"
"A007530","와이엠","12","0","KOSDAQ","1.45","22.46","","22.14"
"A007540","샘표","12","0","KOSPI","0.98","118.48","","117.33"
"A007570","일양약품","12","1","KOSPI","0.24","401.75","","400.8"
"A007590","동방아그로","12","0","KOSPI","-0.29","93.69","","93.96"
"A007610","선도전기","12","0","KOSPI","0.49","55.35","","55.08"
"A007660","이수페타시스","12","0","KOSPI","-0.4","153.31","","153.93"
"A007680","대원","12","0","KOSDAQ","-0.87","125.97","","127.08"
"A007690","국도화학","12","0","KOSPI","0.21","274.26","","273.68"
"A007700","F&F홀딩스","12","0","KOSPI","-1.29","1771","","1794.1"
"A007720","소노스퀘어","12","0","KOSDAQ","-0.92","162.29","","163.8"
"A007770","한일화학","12","0","KOSDAQ","0.4","44.23","","44.05"
"A007810","코리아써키트","12","0","KOSPI","0.31","229.83","","229.12"
"A007820","엠엑스로보틱스","12","0","KOSDAQ","0.58","174.9","","173.89"
"A007860","서연","12","0","KOSPI","-0.64","72.9","","73.37"
"A007980","TP","12","0","KOSPI","0.57","132.02","","131.27"
"A008040","사조동아원","12","0","KOSPI","0.49","144.67","","143.97"
"A008060","대덕","12","1","KOSPI","0","795.67","","795.67"
"A008250","이건산업","12","0","KOSPI","0","80.61","","80.61"
"A008260","NI스틸","12","0","KOSPI","-0.23","60.78","","60.92"
"A008290","원풍물산","12","0","KOSDAQ","-0.28","145.04","","145.44"
"A0082N0","카나프테라퓨틱스","12","0","외감","","","",""
"A008350","남선알미늄","12","0","KOSPI","0.31","354.23","","353.12"
"A008370","원풍","12","0","KOSDAQ","2.2","50.16","","49.08"
"A008420","문배철강","12","0","KOSPI","0.6","51.57","","51.26"
"A008470","부스타","12","0","KOSDAQ","-0.18","46.56","","46.65"
"A008490","서흥","12","0","KOSPI","-0.72","400.29","","403.18"
"A008500","일정실업","12","0","KOSPI","-1.37","21.66","","21.96"
"A008600","윌비스","12","0","KOSPI","-4.4","77.48","","81.04"
"A008700","아남전자","12","0","KOSPI","-0.97","157.33","","158.88"
"A008730","율촌화학","12","0","KOSPI","1.06","354.64","","350.92"
"A008770","호텔신라","12","1","KOSPI","0.88","3139.85","","3112.38"
"A008830","대동기어","12","0","KOSDAQ","-1.71","25.79","","26.24"
"A008870","금비","9","0","KOSPI","0.96","62.9","","62.3"
"A0088M0","메쥬","12","0","외감","","","",""
"A008930","한미사이언스","12","1","KOSPI","-0.53","2444.04","","2456.99"
"A008970","KBI동양철관","12","0","KOSPI","-0.46","127.8","","128.4"
"A009070","KCTC","12","0","KOSPI","1.82","84","","82.5"
"A009140","경인전자","12","0","KOSPI","-3.59","31.65","","32.83"
"A009150","삼성전기","12","1","KOSPI","0.47","8066.92","","8029.57"
"A009160","SIMPAC","12","0","KOSPI","-1.01","192.04","","194"
"A009180","한솔로지스틱스","12","0","KOSPI","-0.37","37.09","","37.23"
"A009190","대양금속","12","0","KOSPI","-2.17","166.29","","169.99"
"A009200","무림페이퍼","12","0","KOSPI","-0.2","105.06","","105.27"
"A009240","한샘","12","1","KOSPI","1","1423.8","","1409.68"
"A009270","신원","12","0","KOSPI","-1.25","168.38","","170.51"
"A009290","광동제약","12","0","KOSPI","-0.43","360.13","","361.7"
"A009300","삼아제약","12","0","KOSDAQ","0","102.56","","102.56"
"A009310","참엔지니어링","12","0","KOSPI","-1.24","62.16","","62.94"
"A009320","아진전자부품","12","0","KOSPI","1.18","102.2","","101.01"
"A009410","태영건설","12","0","KOSPI","0.86","897.7","","890.06"
"A009420","한올바이오파마","12","1","KOSPI","1.72","1703.04","","1674.31"
"A009440","KC그린홀딩스","12","0","KOSPI","-1.4","95.01","","96.36"
"A009450","경동나비엔","12","0","KOSPI","-0.11","561.18","","561.81"
"A009460","한창제지","12","0","KOSPI","0.54","167.96","","167.07"
"A009470","삼화전기","12","0","KOSPI","0.77","86.97","","86.31"
"A009520","포스코엠텍","12","0","KOSDAQ","-0.1","200.3","","200.51"
"A009540","HD한국조선해양","12","1","KOSPI","-0.43","8138.91","","8174.29"
"A009580","무림P&P","12","0","KOSPI","-1.51","264.75","","268.81"
"A009620","삼보산업","12","0","KOSDAQ","1.45","19.85","","19.56"
"A009680","모토닉","12","0","KOSPI","0","280.5","","280.5"
"A009730","이렘","12","0","KOSDAQ","-4.81","104.37","","109.64"
"A009770","삼정펄프","12","0","KOSPI","2.27","84.5","","82.62"
"A009780","엠에스씨","12","0","KOSDAQ","0.71","87.3","","86.68"
"A009810","플레이그램","12","0","KOSPI","-1.82","63.19","","64.36"
"A009830","한화솔루션","12","1","KOSPI","-0.27","2947","","2955.07"
"A009900","명신산업","12","0","외감","","","",""
"A009970","영원무역홀딩스","12","0","KOSPI","2.63","664.05","","647.01"
"A010040","한국내화","12","0","KOSPI","-1.03","99.34","","100.37"
"A010060","OCI홀딩스","12","1","KOSPI","-0.16","1447.66","","1450.04"
"A010100","한국무브넥스","12","0","KOSPI","1.95","63.79","","62.58"
"A010120","LS ELECTRIC","12","1","KOSPI","0.51","1488","","1480.5"
"A010130","고려아연","12","1","KOSPI","-0.48","7793.31","","7831.05"
"A010140","삼성중공업","12","1","KOSPI","-0.75","4170.6","","4202.1"
"A010170","대한광통신","12","0","KOSDAQ","0","242.61","","242.61"
"A010240","흥국","12","0","KOSDAQ","-0.11","54.96","","55.02"
"A010280","아이티센엔텍","12","0","KOSDAQ","1.33","92.66","","91.45"
"A010400","우진아이엔에스","12","0","KOSPI","-0.13","60.52","","60.59"
"A010470","오리콤","12","0","KOSDAQ","-4.18","57.95","","60.48"
"A010580","에스엠벡셀","12","0","KOSPI","-3.7","49.62","","51.53"
"A010640","진양폴리","12","0","KOSPI","1.26","28.1","","27.75"
"A010660","화천기계","12","0","KOSPI","-1.42","61.27","","62.15"
"A010690","화신","12","0","KOSPI","0.57","122.92","","122.22"
"A010770","평화홀딩스","12","0","KOSPI","-0.27","54.04","","54.19"
"A010780","아이에스동서","12","1","KOSPI","-1.06","1008.64","","1019.46"
"A010820","퍼스텍","12","0","KOSPI","-3.56","101.48","","105.22"
"A010950","S-Oil","12","1","KOSPI","-2.23","10357.62","","10594.04"
"A010960","삼호개발","12","0","KOSPI","-1.23","110","","111.38"
"A011000","진원생명과학","12","0","KOSPI","-1.39","62.38","","63.26"
"A011040","경동제약","12","0","KOSDAQ","-1.41","204.17","","207.09"
"A011070","LG이노텍","12","1","KOSPI","2.12","2851.89","","2792.72"
"A011080","형지I&C","12","0","KOSDAQ","0","24.85","","24.85"
"A011090","에넥스","12","0","KOSPI","-3.15","64.49","","66.59"
"A011150","CJ씨푸드","12","0","KOSPI","-0.74","96.65","","97.37"
"A011170","롯데케미칼","12","1","KOSPI","0.23","7523.45","","7506.32"
"A011200","HMM","12","0","KOSPI","-0.83","1130.09","","1139.59"
"A011210","현대위아","12","1","KOSPI","-0.19","1408.71","","1411.42"
"A011230","삼화전자","12","0","KOSPI","-1.48","24.31","","24.68"
"A011280","태림포장","12","0","KOSPI","1.64","306.94","","301.99"
"A011300","우성머티리얼스","12","0","KOSPI","-4.27","34.46","","35.99"
"A011320","유니크","12","0","KOSDAQ","-0.17","112.83","","113.03"
"A011330","유니켐","12","0","KOSPI","-0.26","128.57","","128.9"
"A011370","서한","12","0","KOSDAQ","1.23","124.1","","122.59"
"A011390","부산산업","12","0","KOSPI","-0.94","166.32","","167.9"
"A011420","갤럭시아에스엠","12","0","KOSPI","-3.25","45.04","","46.56"
"A011500","한농화성","12","0","KOSPI","1.66","67.16","","66.07"
"A011560","세보엠이씨","12","0","KOSDAQ","-0.74","84.77","","85.4"
"A011690","와이투솔루션","12","0","KOSPI","0.19","299.12","","298.54"
"A011700","한신기계","12","0","KOSPI","-0.9","53.37","","53.86"
"A011760","현대코퍼레이션","12","0","KOSPI","0.29","228.2","","227.54"
"A011780","금호석유화학","12","1","KOSPI","1","2160.16","","2138.83"
"A011790","SKC","12","1","KOSPI","2.11","1728.47","","1692.81"
"A0117P0","피스피스스튜디오","12","0","외감","","","",""
"A011810","STX","12","0","KOSPI","-2.65","159.39","","163.73"
"A011930","신성이엔지","12","0","KOSPI","0","159.14","","159.14"
"A012030","DB","12","0","KOSPI","0.39","157.12","","156.51"
"A0120G0","삼양바이오팜","12","0","외감","","","",""
"A012160","영흥","12","0","KOSPI","-1.85","90.98","","92.69"
"A012170","아센디오","12","0","KOSPI","0","29.59","","29.59"
"A012200","계양전기","12","0","KOSPI","0.73","89.65","","89"
"A012210","삼미금속","12","0","외감","","","",""
"A012280","영화금속","12","0","KOSPI","-1.24","72.27","","73.18"
"A012320","경동인베스트","12","0","KOSPI","1.51","79.46","","78.28"
"A012330","현대모비스","12","1","KOSPI","0.99","24350.86","","24112.59"
"A012340","뉴인텍","12","0","KOSDAQ","-2","44.17","","45.07"
"A012450","한화에어로스페이스","12","1","KOSPI","2.47","2031.46","","1982.48"
"A012510","더존비즈온","12","0","KOSPI","0.14","2121.6","","2118.63"
"A012610","경인양행","12","0","KOSPI","4.82","327.92","","312.83"
"A012620","원일특강","12","0","KOSDAQ","0.23","38.19","","38.1"
"A012630","HDC","12","1","KOSPI","-0.85","693","","698.98"
"A012690","모나리자","12","0","KOSPI","0","137.14","","137.14"
"A0126Z0","삼성에피스홀딩스","12","0","외감","","","",""
"A012700","리드코프","12","0","KOSDAQ","9.74","202.58","","184.59"
"A012750","에스원","12","1","KOSPI","0.42","3617.52","","3602.32"
"A012790","신일제약","12","0","KOSDAQ","-2.2","70.39","","71.97"
"A012800","대창","12","0","KOSPI","-0.43","104.36","","104.81"
"A012860","모베이스전자","12","0","KOSDAQ","-0.7","38.21","","38.48"
"A013000","세우글로벌","12","0","KOSPI","-3.98","58.85","","61.29"
"A013030","하이록코리아","12","0","KOSDAQ","2.93","238.91","","232.11"
"A013120","동원개발","12","0","KOSDAQ","-0.24","375.04","","375.95"
"A013310","아진산업","12","0","KOSDAQ","0.73","98.54","","97.82"
"A013360","일성건설","12","0","KOSPI","0.79","69.15","","68.61"
"A013520","화승코퍼레이션","12","0","KOSPI","-0.25","127.83","","128.15"
"A013570","디와이","12","0","KOSPI","2.51","139.49","","136.07"
"A013580","계룡건설","12","0","KOSPI","-0.95","185.76","","187.55"
"A013700","까뮤이앤씨","12","0","KOSPI","1.69","54.18","","53.28"
"A013720","청보","12","0","KOSDAQ","-0.45","18.08","","18.16"
"A013810","스페코","12","0","KOSDAQ","-4.87","44.41","","46.68"
"A013870","지엠비코리아","12","0","KOSPI","0.53","90.5","","90.02"
"A013890","지누스","12","0","KOSPI","4.43","1307.02","","1251.61"
"A013990","아가방컴퍼니","12","0","KOSDAQ","-9.3","123.49","","136.15"
"A014100","메디앙스","12","0","KOSDAQ","-5.15","97.82","","103.13"
"A014130","한익스프레스","12","0","KOSPI","1.03","52.86","","52.32"
"A014160","대영포장","12","0","KOSPI","-4.27","121.4","","126.82"
"A014190","원익큐브","12","0","KOSDAQ","-0.25","71.33","","71.51"
"A014280","금강공업","12","0","KOSPI","-0.92","92.07","","92.92"
"A014440","영보화학","12","0","KOSPI","4.39","71.4","","68.4"
"A014470","부방","12","0","KOSDAQ","-1.37","172.35","","174.75"
"A014530","극동유화","12","0","KOSPI","-0.29","119.08","","119.43"
"A014570","고려제약","12","0","KOSDAQ","-1.83","76.89","","78.32"
"A014580","태경비케이","12","0","KOSPI","1.33","115.3","","113.78"
"A014620","성광벤드","12","0","KOSDAQ","3.19","277.13","","268.55"
"A014680","한솔케미칼","12","1","KOSPI","0.41","1095.63","","1091.12"
"A014710","사조씨푸드","12","0","KOSPI","-0.19","91.77","","91.95"
"A014790","HL D&I","12","0","KOSPI","0","117.01","","117.01"
"A014820","동원시스템즈","12","1","KOSPI","1.54","760.87","","749.34"
"A014830","유니드","12","1","KOSPI","0.44","407.6","","405.82"
"A014910","성문전자","12","0","KOSPI","-1.39","41.6","","42.19"
"A014940","오리엔탈정공","12","0","KOSDAQ","-0.24","37.32","","37.42"
"A014950","삼익제약","12","0","외감","","","",""
"A014970","삼륭물산","12","0","KOSDAQ","4.89","155.79","","148.53"
"A014990","인디에프","12","0","KOSPI","0.93","160","","158.53"
"A015020","이스타코","12","0","KOSPI","1.86","25.75","","25.28"
"A015230","대창단조","12","0","KOSPI","0.51","83.72","","83.29"
"A015260","에이엔피","12","0","KOSPI","2.82","30.13","","29.31"
"A015360","INVENI","12","0","KOSPI","-0.13","226.5","","226.8"
"A015590","DKME","12","0","KOSPI","-4.09","109.84","","114.52"
"A015710","코콤","12","0","KOSDAQ","0","108.69","","108.69"
"A015750","성우하이텍","12","0","KOSDAQ","0.29","280.8","","280"
"A015760","한국전력","12","1","KOSPI","0.36","17974.99","","17910.8"
"A015860","일진홀딩스","12","0","KOSPI","-0.87","196.65","","198.38"
"A015890","태경산업","12","0","KOSPI","0.36","162.8","","162.22"
"A016090","대현","12","0","KOSPI","1.26","106.72","","105.39"
"A016100","리더스코스메틱","12","0","KOSDAQ","-0.18","101.12","","101.3"
"A016250","SGC E&C","12","0","KOSDAQ","-0.86","192.64","","194.32"
"A016360","삼성증권","12","1","KOSPI","0.57","3161.22","","3143.36"
"A016380","KG스틸","12","0","KOSPI","-1.64","718.06","","730.06"
"A016450","한세예스24홀딩스","12","0","KOSPI","-0.93","297.6","","300.4"
"A016580","환인제약","12","0","KOSPI","-0.31","303.18","","304.11"
"A016590","신대양제지","12","0","KOSPI","2.73","242.19","","235.74"
"A016600","큐캐피탈","12","0","KOSDAQ","-3.23","79.8","","82.46"
"A016610","DB증권","12","0","KOSPI","0","181.67","","181.67"
"A016670","디모아","12","0","KOSDAQ","0.99","61.32","","60.72"
"A016710","대성홀딩스","12","0","KOSPI","-0.26","125.18","","125.5"
"A016740","두올","12","0","KOSPI","-0.78","86.61","","87.29"
"A016790","현대사료","12","0","KOSDAQ","-0.37","81.8","","82.11"
"A016800","퍼시스","12","0","KOSPI","-0.67","342.13","","344.43"
"A016880","웅진","12","0","KOSPI","-2.44","103.83","","106.43"
"A016920","카스","12","0","KOSDAQ","1.34","32.43","","32"
"A017000","신원종합개발","12","0","KOSDAQ","1.21","46.26","","45.71"
"A017040","광명전기","12","0","KOSPI","0","93.39","","93.39"
"A017180","명문제약","12","0","KOSPI","-0.75","113.5","","114.36"
"A017250","인터엠","9","0","KOSDAQ","2.44","53.03","","51.77"
"A017370","우신시스템","12","0","KOSPI","4.25","83.15","","79.76"
"A017390","서울가스","12","0","KOSPI","-2.08","353.5","","361"
"A017480","삼현철강","12","0","KOSDAQ","0.13","62.89","","62.81"
"A017510","세명전기","12","0","KOSDAQ","-0.2","75.47","","75.62"
"A017550","수산세보틱스","12","0","KOSPI","0","81.79","","81.79"
"A017650","대림제지","12","0","KOSDAQ","1.69","54.23","","53.33"
"A017670","SK텔레콤","12","1","KOSPI","1.24","19742.33","","19500.09"
"A017800","현대엘리베이터","12","1","KOSPI","0.41","1990.99","","1982.83"
"A017810","풀무원","12","0","KOSPI","-1.9","335.2","","341.68"
"A017860","DS단석","12","0","외감","","","",""
"A017890","한국알콜","12","0","KOSDAQ","0.27","158.15","","157.72"
"A017900","광전자","12","0","KOSPI","0.24","118.49","","118.21"
"A017940","E1","12","0","KOSPI","-0.51","334.77","","336.48"
"A017960","한국카본","12","0","KOSPI","1.7","315.2","","309.92"
"A018000","유니슨","12","0","KOSDAQ","2.65","90.79","","88.45"
"A018120","진로발효","12","0","KOSDAQ","0.48","205.92","","204.92"
"A018250","애경산업","12","1","KOSPI","-1.13","693.26","","701.18"
"A018260","삼성에스디에스","12","1","KOSPI","0.75","15514.25","","15398.18"
"A018290","브이티","12","0","KOSDAQ","-0.87","341.01","","344.01"
"A018310","삼목에스폼","12","0","KOSDAQ","1.84","130.39","","128.04"
"A018470","조일알미늄","12","0","KOSPI","0.94","52.48","","51.99"
"A018500","동원모빌리티","3","0","KOSPI","0.69","40.68","","40.4"
"A018620","우진비앤지","12","0","KOSDAQ","-0.21","62.58","","62.71"
"A018670","SK가스","12","0","KOSPI","0.24","778.88","","777.05"
"A018680","서울제약","12","0","KOSDAQ","4.06","54.31","","52.19"
"A018700","졸스","12","0","KOSDAQ","-0.5","33","","33.16"
"A018880","한온시스템","12","1","KOSPI","-2.77","5631.59","","5791.73"
"A019010","베뉴지","12","0","KOSDAQ","0.57","84.35","","83.87"
"A019170","신풍제약","12","0","KOSPI","-0.16","340.69","","341.22"
"A019180","티에이치엔","12","0","KOSPI","-0.28","64.62","","64.8"
"A019210","와이지-원","12","0","KOSDAQ","-0.28","217.65","","218.26"
"A019490","엑시큐어하이트론","12","0","KOSPI","0.76","18.33","","18.2"
"A019540","일지테크","12","0","KOSDAQ","-6.02","52.7","","56.08"
"A019550","SBI인베스트먼트","12","0","KOSDAQ","-0.73","110.21","","111.02"
"A019570","GMI벤처","12","0","KOSDAQ","1.6","36.95","","36.37"
"A019660","글로본","12","0","KOSDAQ","-2.78","101.65","","104.55"
"A019680","대교","12","1","KOSPI","0","514.15","","514.15"
"A019770","서연탑메탈","12","0","KOSDAQ","-1.53","30.06","","30.52"
"A019990","에너토크","12","0","KOSDAQ","0.79","37.46","","37.17"
"A020000","한섬","12","1","KOSPI","1.6","780.77","","768.46"
"A020120","키다리스튜디오","12","0","KOSPI","-3.66","69.11","","71.74"
"A020150","롯데에너지머티리얼즈","12","1","KOSPI","0.65","1775.27","","1763.74"
"A020180","대신정보통신","3","0","KOSDAQ","1.48","52.65","","51.88"
"A020400","대동금속","12","0","KOSDAQ","0.98","23.73","","23.5"
"A020560","아시아나항공","12","0","KOSPI","-3.17","1216.79","","1256.62"
"A020710","시공테크","12","0","KOSDAQ","0.63","96.23","","95.63"
"A020760","일진디스플","12","0","KOSPI","0.65","88.34","","87.77"
"A021040","대호특수강","12","0","KOSDAQ","-0.8","72.89","","73.48"
"A021050","서원","12","0","KOSPI","-2.81","73.82","","75.96"
"A021080","에이티넘인베스트","12","0","KOSDAQ","-1.07","88.8","","89.76"
"A021240","코웨이","12","1","KOSPI","-0.43","6841.22","","6870.74"
"A021320","KCC건설","12","0","KOSDAQ","0.47","136.75","","136.1"
"A021650","한국큐빅","12","0","KOSDAQ","0","36.38","","36.38"
"A021820","세원정공","6","0","KOSPI","0","80.9","","80.9"
"A021880","메이슨캐피탈","3","0","KOSDAQ","-3.17","30.25","","31.24"
"A022100","포스코DX","12","0","KOSDAQ","1.8","731.29","","718.36"
"A022220","티케이지애강","12","0","KOSDAQ","-0.48","106.96","","107.47"
"A023000","삼원강재","12","0","KOSPI","1.17","120.6","","119.2"
"A023150","MH에탄올","12","0","KOSPI","1.29","46.41","","45.82"
"A023160","태광","12","0","KOSDAQ","3.29","257.58","","249.37"
"A023350","한국종합기술","12","0","KOSPI","-0.13","42.92","","42.98"
"A023410","유진기업","12","0","KOSDAQ","0.64","367.23","","364.91"
"A023440","제이스코홀딩스","12","0","KOSDAQ","0.91","65.47","","64.88"
"A023450","동남합성","12","0","KOSPI","0","89.1","","89.1"
"A023530","롯데쇼핑","12","1","KOSPI","0.78","3635.11","","3606.82"
"A023590","다우기술","12","0","KOSPI","-0.53","843.49","","847.98"
"A023600","삼보판지","12","0","KOSDAQ","1.99","132.76","","130.17"
"A023760","한국캐피탈","12","0","KOSDAQ","-0.19","88.98","","89.15"
"A023770","플레이위드","12","0","KOSDAQ","-1.77","70.98","","72.26"
"A023790","동일스틸럭스","12","0","KOSDAQ","2.02","24.13","","23.65"
"A023800","인지컨트롤스","12","0","KOSPI","1.64","70.65","","69.51"
"A023810","인팩","12","0","KOSPI","0.26","38.35","","38.25"
"A023900","풍국주정","12","0","KOSDAQ","0.32","200.34","","199.71"
"A023910","대한약품","12","0","KOSDAQ","-1.9","185.7","","189.3"
"A023960","에쓰씨엔지니어링","12","0","KOSPI","-3.26","37.15","","38.4"
"A024060","흥구석유","12","0","KOSDAQ","1.87","81.6","","80.1"
"A024070","WISCOM","12","0","KOSPI","-0.38","40","","40.16"
"A024090","디씨엠","12","0","KOSPI","-0.41","143.33","","143.91"
"A024110","기업은행","12","1","KOSPI","0","6868.17","","6868.17"
"A024120","KB오토시스","12","0","KOSDAQ","-0.34","68.42","","68.66"
"A024720","콜마홀딩스","12","0","KOSPI","0","378.51","","378.51"
"A024740","한일단조","12","0","KOSDAQ","-4.05","46.03","","47.98"
"A024800","유성티엔에스","12","0","KOSDAQ","-0.86","78.65","","79.33"
"A024830","세원물산","12","0","KOSDAQ","0","52.44","","52.44"
"A024840","KBI메탈","12","0","KOSDAQ","-0.31","52.72","","52.89"
"A024850","HLB이노베이션","12","0","KOSDAQ","-5.85","39.94","","42.42"
"A024880","케이피에프","12","0","KOSDAQ","-0.11","81.05","","81.14"
"A024890","대원화성","12","0","KOSPI","0.73","56.92","","56.51"
"A024900","디와이덕양","12","0","KOSPI","0","38.43","","38.43"
"A024910","경창산업","12","0","KOSDAQ","-0.74","48.18","","48.53"
"A024940","PN풍년","12","0","KOSDAQ","0.9","22.3","","22.1"
"A024950","삼천리자전거","12","0","KOSDAQ","-2.6","69.69","","71.54"
"A025000","KPX케미칼","12","0","KOSPI","0","273.46","","273.46"
"A025320","시노펙스","12","0","KOSDAQ","0.4","183.58","","182.85"
"A025440","DH오토웨어","12","0","KOSDAQ","-0.8","98.86","","99.66"
"A025530","SJM홀딩스","12","0","KOSPI","0.62","48.46","","48.16"
"A025540","한국단자","12","1","KOSPI","-1.45","424.93","","431.18"
"A025550","한국선재","12","0","KOSDAQ","-1.93","74.92","","76.39"
"A025560","미래산업","12","0","KOSPI","0","105.38","","105.38"
"A025620","차AI헬스케어","12","0","KOSPI","0.85","115.91","","114.93"
"A025750","한솔홈데코","12","0","KOSPI","2.24","91.84","","89.83"
"A025770","한국정보통신","12","0","KOSDAQ","-0.27","291.48","","292.26"
"A025820","이구산업","12","0","KOSPI","0","53.34","","53.34"
"A025860","남해화학","12","1","KOSPI","-0.84","409.35","","412.83"
"A025870","신라에스지","12","0","KOSDAQ","-3.13","38.44","","39.68"
"A025880","케이씨피드","12","0","KOSDAQ","0.21","39.28","","39.2"
"A025890","한국주강","12","0","KOSPI","0","19.4","","19.4"
"A025900","동화기업","12","0","KOSDAQ","0.28","362.56","","361.55"
"A025950","동신건설","12","0","KOSDAQ","0.34","49.31","","49.14"
"A025980","아난티","12","0","KOSDAQ","0.87","983.78","","975.33"
"A026040","제이에스티나","12","0","KOSDAQ","-0.1","79.38","","79.47"
"A026150","특수건설","12","0","KOSDAQ","3.1","104.81","","101.66"
"A026890","스틱인베스트먼트","12","0","KOSPI","-0.74","194.85","","196.3"
"A026910","광진실업","12","0","KOSDAQ","2.09","23.48","","23"
"A026940","부국철강","12","0","KOSPI","-1.95","100.4","","102.4"
"A026960","동서","12","1","KOSPI","0.29","1729.8","","1724.81"
"A027040","서울전자통신","12","0","KOSDAQ","-0.5","69.94","","70.28"
"A027050","코리아나","12","0","KOSDAQ","-0.45","133.8","","134.4"
"A027360","아주IB투자","12","0","KOSDAQ","1.7","141.86","","139.49"
"A027410","BGF","12","1","KOSPI","-0.35","538.89","","540.8"
"A027580","상보","12","0","KOSDAQ","0.48","49.02","","48.78"
"A027710","팜스토리","12","0","KOSDAQ","-0.5","87.46","","87.91"
"A027740","마니커","12","0","KOSPI","0.25","126.78","","126.46"
"A027830","대성창투","12","0","KOSDAQ","-2.21","79.8","","81.6"
"A027970","한국제지","12","0","KOSPI","1.64","73.17","","71.99"
"A028050","삼성E&A","12","1","KOSPI","-1.05","3694.6","","3733.8"
"A028080","휴맥스홀딩스","12","0","KOSDAQ","-2.92","37.61","","38.74"
"A028100","동아지질","12","0","KOSPI","-2.7","207","","212.75"
"A028260","삼성물산","12","1","KOSPI","0.5","19253.54","","19158.69"
"A028300","HLB","12","0","KOSDAQ","-4.43","5010.02","","5242.3"
"A028670","팬오션","12","1","KOSPI","0.71","2277.26","","2261.23"
"A029460","케이씨","12","0","KOSPI","0","178.24","","178.24"
"A029480","광무","12","0","KOSDAQ","-4.15","50.45","","52.64"
"A029530","신도리코","12","0","KOSPI","0.26","381.53","","380.52"
"A029780","삼성카드","12","1","KOSPI","0.27","4263.61","","4252.02"
"A030000","제일기획","12","1","KOSPI","1.48","2760.99","","2720.72"
"A030190","NICE평가정보","12","0","KOSDAQ","3.14","798.4","","774.11"
"A030200","KT","12","1","KOSPI","0.18","7141.41","","7128.35"
"A030210","다올투자증권","12","0","KOSPI","-0.87","137.52","","138.72"
"A030350","드래곤플라이","12","0","KOSDAQ","0.66","48.99","","48.67"
"A030520","한컴","12","0","KOSDAQ","-0.5","245.63","","246.85"
"A030530","원익홀딩스","12","0","KOSDAQ","-0.49","312.04","","313.59"
"A030610","교보증권","12","0","KOSPI","0.11","335.88","","335.52"
"A030720","동원수산","12","0","KOSPI","-0.11","42.82","","42.86"
"A030960","양지사","6","0","KOSDAQ","-0.89","178.98","","180.57"
"A031210","서울보증보험","12","0","외감","","","",""
"A031310","아이즈비전","12","0","KOSDAQ","0.88","53.94","","53.47"
"A031330","에스에이엠티","12","0","KOSDAQ","1.74","233.99","","229.99"
"A031430","신세계인터내셔날","12","1","KOSPI","0","1353.03","","1353.03"
"A031440","신세계푸드","12","0","KOSPI","0.29","272.24","","271.46"
"A031510","오스템","12","0","KOSDAQ","-1.45","52.91","","53.69"
"A031820","아이티센씨티에스","12","0","KOSPI","0","102.46","","102.46"
"A031860","디에이치엑스컴퍼니","12","0","KOSDAQ","2.47","34.56","","33.72"
"A031980","피에스케이홀딩스","12","0","KOSDAQ","0","44.48","","44.48"
"A032080","아즈텍WB","12","0","KOSDAQ","-0.85","37.82","","38.15"
"A032190","다우데이타","12","0","KOSDAQ","-0.85","312.15","","314.83"
"A032280","삼일","12","0","KOSDAQ","-0.25","32.27","","32.35"
"A032300","한국파마","12","0","외감","","","",""
"A032350","롯데관광개발","12","0","KOSPI","1.12","935.22","","924.83"
"A032500","케이엠더블유","12","0","KOSDAQ","-4.43","1803.09","","1886.68"
"A032540","TJ미디어","12","0","KOSDAQ","5.29","47.16","","44.79"
"A032560","황금에스티","12","0","KOSPI","-1.01","96.18","","97.16"
"A032580","피델릭스","12","0","KOSDAQ","1.73","35.28","","34.68"
"A032620","GC메디아이","12","0","KOSDAQ","-0.57","275.08","","276.64"
"A032640","LG유플러스","12","1","KOSPI","1.79","6199.88","","6090.73"
"A032680","소프트센","12","0","KOSDAQ","7.61","66.48","","61.78"
"A032750","삼진","12","0","KOSDAQ","-0.48","62.1","","62.4"
"A032790","엠젠솔루션","12","0","KOSDAQ","-0.5","68.61","","68.95"
"A032800","판타지오","6","0","KOSDAQ","-1.14","44.13","","44.64"
"A032820","우리기술","12","0","KOSDAQ","-0.46","84.69","","85.08"
"A032830","삼성생명","12","1","KOSPI","-0.14","14440","","14460"
"A032850","비트컴퓨터","12","0","KOSDAQ","0.12","67.82","","67.74"
"A032860","더라미","12","0","KOSDAQ","0.35","38.71","","38.58"
"A032940","원익","12","0","KOSDAQ","0.4","67.79","","67.52"
"A032960","동일기연","12","0","KOSDAQ","1.24","40.07","","39.58"
"A032980","바이온","12","0","KOSDAQ","-1.42","73.1","","74.15"
"A033050","제이엠아이","12","0","KOSDAQ","0","41.7","","41.7"
"A033100","제룡전기","12","0","KOSDAQ","-3.72","108.1","","112.28"
"A033130","디지틀조선","12","0","KOSDAQ","0","83.69","","83.69"
"A033160","엠케이전자","12","0","KOSDAQ","0.53","164.43","","163.56"
"A033170","시그네틱스","12","0","KOSDAQ","0","89.59","","89.59"
"A033200","모아텍","3","0","KOSDAQ","0","65.06","","65.06"
"A033230","인성정보","12","0","KOSDAQ","1.83","42.53","","41.77"
"A033240","자화전자","12","0","KOSPI","-0.1","170.59","","170.77"
"A033250","체시스","12","0","KOSPI","1.26","67.32","","66.48"
"A033270","유나이티드제약","12","0","KOSPI","1.1","298.67","","295.42"
"A033290","로젠","12","0","KOSDAQ","2.43","495.04","","483.27"
"A033310","엠투엔","12","0","KOSDAQ","-4.14","86.57","","90.31"
"A033320","제이씨현시스템","12","0","KOSDAQ","-3.09","86.97","","89.74"
"A033340","좋은사람들","12","0","KOSDAQ","0.29","101.84","","101.54"
"A033500","동성화인텍","12","0","KOSDAQ","2.01","260.66","","255.53"
"A033530","SJG세종","12","0","KOSPI","0","95.74","","95.74"
"A033540","파라텍","12","0","KOSDAQ","-0.31","81.27","","81.52"
"A033560","블루콤","12","0","KOSDAQ","0","54.08","","54.08"
"A033640","네패스","12","0","KOSDAQ","0.22","515.37","","514.22"
"A033780","KT&G","12","1","KOSPI","-0.1","13468.39","","13482.12"
"A033790","피노","12","0","KOSDAQ","29.91","17.1","","13.16"
"A033830","티비씨","12","0","KOSDAQ","-1.72","114.5","","116.5"
"A033920","무학","12","0","KOSPI","-0.55","259.35","","260.78"
"A034020","두산에너빌리티","12","1","KOSPI","-0.37","1077.44","","1081.49"
"A034120","SBS","12","0","KOSPI","1.19","309.38","","305.73"
"A034220","LG디스플레이","12","1","KOSPI","-1.81","4848.4","","4937.86"
"A034230","파라다이스","12","0","KOSDAQ","-0.8","1696.08","","1709.72"
"A034310","NICE","12","0","KOSPI","0","753.86","","753.86"
"A034590","인천도시가스","12","0","KOSPI","0","130.15","","130.15"
"A034730","SK","12","1","KOSPI","-4.8","18152.96","","19067.64"
"A034810","해성산업","12","0","KOSDAQ","1.12","97.51","","96.43"
"A034830","한국토지신탁","12","0","KOSPI","0","535.28","","535.28"
"A034940","조아제약","12","0","KOSDAQ","-1.03","108.71","","109.84"
"A034950","한국기업평가","12","0","KOSDAQ","-0.5","270.16","","271.52"
"A035000","HS애드","12","0","KOSPI","-1.01","113.16","","114.32"
"A035080","그래디언트","12","0","KOSDAQ","0.67","132.8","","131.92"
"A035150","백산","12","0","KOSPI","-0.82","205.7","","207.39"
"A035200","프럼파스트","12","0","KOSDAQ","5.67","34.45","","32.6"
"A035250","강원랜드","12","1","KOSPI","-2.8","6311.24","","6493.09"
"A035290","골드앤에스","12","0","KOSDAQ","0","30.2","","30.2"
"A035420","NAVER","12","1","KOSPI","-1.47","27606.24","","28018.28"
"A035460","기산텔레콤","12","0","KOSDAQ","0.22","33.75","","33.67"
"A035510","신세계 I&C","12","0","KOSPI","0.46","189.2","","188.34"
"A035600","KG이니시스","12","0","KOSDAQ","0","470.19","","470.19"
"A035610","솔본","12","0","KOSDAQ","-0.25","108.84","","109.11"
"A035620","바른손이앤에이","12","0","KOSDAQ","-3.88","104.86","","109.1"
"A035720","카카오","12","1","KOSPI","-0.65","13169.33","","13255.41"
"A035760","CJ ENM","12","0","KOSDAQ","0.2","3328.85","","3322.27"
"A035810","이지홀딩스","12","0","KOSDAQ","0","298.33","","298.33"
"A035890","서희건설","12","0","KOSDAQ","0","227.79","","227.79"
"A035900","JYP Ent.","12","0","KOSDAQ","-1.13","779.12","","787.99"
"A036000","예림당","12","0","KOSDAQ","-1.22","83.61","","84.65"
"A036010","아비코전자","12","0","KOSDAQ","2.75","69.52","","67.66"
"A036030","케이티알파","12","0","KOSDAQ","-0.18","203.58","","203.93"
"A036090","위지트","12","0","KOSDAQ","-0.11","67","","67.08"
"A036120","서울평가정보","12","0","KOSDAQ","-6.72","88.75","","95.14"
"A036170","에이치엠넥스","12","0","KOSDAQ","-4.08","98.73","","102.93"
"A036190","금화피에스시","12","0","KOSDAQ","0.87","174.6","","173.1"
"A036200","유니셈","12","0","KOSDAQ","0.22","139.22","","138.91"
"A036220","오상헬스케어","12","0","K-OTC","-3.98","52.45","","54.63"
"A036420","콘텐트리중앙","12","0","KOSPI","-0.13","572.67","","573.39"
"A036460","한국가스공사","12","1","KOSPI","-0.38","3586.36","","3600.21"
"A036480","대성미생물","12","0","KOSDAQ","0.33","57.95","","57.76"
"A036530","SNT홀딩스","12","0","KOSPI","1.31","251.9","","248.63"
"A036540","SFA반도체","12","0","KOSDAQ","-3.11","509.41","","525.77"
"A036560","KZ정밀","12","0","KOSDAQ","0.97","131.36","","130.09"
"A036570","NC","12","1","KOSPI","-1.48","11701.49","","11877.13"
"A036580","팜스코","12","0","KOSPI","-0.31","175.01","","175.56"
"A036620","감성코퍼레이션","12","0","KOSDAQ","2.7","42.31","","41.2"
"A036630","세종텔레콤","12","0","KOSDAQ","0","231.73","","231.73"
"A036640","HRS","12","0","KOSDAQ","-0.4","40.23","","40.4"
"A036670","삼양케이씨아이","12","0","KOSDAQ","1.94","118.34","","116.08"
"A036690","코맥스","12","0","KOSDAQ","-0.5","57.95","","58.25"
"A036710","심텍홀딩스","12","0","KOSDAQ","-7.6","55.17","","59.71"
"A036800","나이스정보통신","12","0","KOSDAQ","-1.09","317","","320.5"
"A036810","에프에스티","12","0","KOSDAQ","0.15","133.54","","133.34"
"A036830","솔브레인홀딩스","12","0","KOSDAQ","1.47","1202.22","","1184.82"
"A036890","진성티이씨","12","0","KOSDAQ","0.6","151.31","","150.41"
"A036930","주성엔지니어링","12","0","KOSDAQ","0.62","311.21","","309.28"
"A037030","파워넷","12","0","KOSDAQ","0.13","46.48","","46.42"
"A037070","파세코","12","0","KOSDAQ","-0.45","124.6","","125.16"
"A037230","한국팩키지","12","0","KOSDAQ","6.28","61.38","","57.75"
"A037270","YG PLUS","12","0","KOSPI","0","70.39","","70.39"
"A037330","인지디스플레","12","0","KOSDAQ","-0.24","92.16","","92.38"
"A037350","성도이엔지","12","0","KOSDAQ","0","51.36","","51.36"
"A037370","EG","12","0","KOSDAQ","-0.55","67.5","","67.88"
"A037400","우리엔터프라이즈","12","0","KOSDAQ","6.13","28.04","","26.42"
"A037440","희림","12","0","KOSDAQ","-3.11","56.46","","58.27"
"A037460","삼지전자","12","0","KOSDAQ","-2.03","149.48","","152.58"
"A037560","LG헬로비전","12","0","KOSPI","-1.09","490.24","","495.66"
"A037710","광주신세계","12","0","KOSPI","0.89","272","","269.6"
"A037760","쎄니트","12","0","KOSDAQ","-3.06","53.63","","55.32"
"A037950","엘컴텍","12","0","KOSDAQ","-1.27","130.89","","132.58"
"A038010","제일테크노스","12","0","KOSDAQ","0.9","35.37","","35.05"
"A038060","루멘스","12","0","KOSDAQ","0.24","97.86","","97.63"
"A038070","서린바이오","12","0","KOSDAQ","2.27","67.51","","66.01"
"A038110","에코플라스틱","12","0","KOSDAQ","-0.32","40.04","","40.17"
"A038290","마크로젠","12","0","KOSDAQ","0.22","238.62","","238.09"
"A038390","레드캡투어","12","0","KOSDAQ","0.63","137.43","","136.57"
"A038460","바이오스마트","12","0","KOSDAQ","-3.31","84.76","","87.66"
"A038500","삼표시멘트","12","0","KOSDAQ","1.18","368.24","","363.94"
"A038530","케이바이오랩스","12","0","KOSDAQ","0.61","55.76","","55.42"
"A038540","상상인","12","0","KOSDAQ","2.42","444.29","","433.77"
"A038620","위즈코프","12","0","KOSDAQ","0.83","46.99","","46.6"
"A038680","에스넷","12","0","KOSDAQ","-0.95","100.95","","101.92"
"A038870","에코심플렉스","12","0","KOSDAQ","-2.73","53.88","","55.38"
"A038880","아이에이","12","0","KOSDAQ","-0.76","126.74","","127.71"
"A038950","파인디지털","12","0","KOSDAQ","-0.13","38.75","","38.8"
"A039010","현대에이치티","12","0","KOSDAQ","1.21","64.69","","63.91"
"A039020","이건홀딩스","12","0","KOSDAQ","-1.33","58.49","","59.28"
"A039030","이오테크닉스","12","0","KOSDAQ","3.05","1123.54","","1090.28"
"A039130","하나투어","12","0","KOSPI","3.29","564.55","","546.54"
"A039200","오스코텍","12","0","KOSDAQ","0","643.53","","643.53"
"A039240","경남스틸","12","0","KOSDAQ","-0.85","43.5","","43.88"
"A039290","인포뱅크","12","0","KOSDAQ","0.34","51.64","","51.47"
"A039310","세중","12","0","KOSDAQ","0.51","53.64","","53.37"
"A039340","한국경제TV","12","0","KOSDAQ","-0.12","98.9","","99.02"
"A039420","케이엘넷","12","0","KOSDAQ","0","54.83","","54.83"
"A039440","에스티아이","12","0","KOSDAQ","2.65","276.23","","269.11"
"A039490","키움증권","12","0","KOSPI","-0.27","1635.38","","1639.8"
"A039560","다산네트웍스","12","0","KOSDAQ","-4.04","246.83","","257.23"
"A039570","HDC랩스","12","0","KOSPI","-3.29","169.54","","175.3"
"A039610","화성밸브","12","0","KOSDAQ","-1.1","65.27","","66"
"A039740","한국정보공학","12","0","KOSDAQ","1","24.38","","24.14"
"A039830","오로라","12","0","KOSDAQ","0.39","138.84","","138.3"
"A039840","디오","12","0","KOSDAQ","-0.12","661.31","","662.08"
"A039860","나노엔텍","12","0","KOSDAQ","12.21","140.14","","124.89"
"A039980","폴라리스AI","12","0","KOSDAQ","1.95","51.68","","50.69"
"A040160","누리플렉스","12","0","KOSDAQ","-1.51","62.93","","63.89"
"A040300","YTN","12","0","KOSDAQ","1.65","77.7","","76.44"
"A040350","크레오에스지","12","0","KOSDAQ","-11.15","152.98","","172.17"
"A040420","정상제이엘에스","12","0","KOSDAQ","0.25","124.17","","123.85"
"A040610","SG&G","12","0","KOSDAQ","0","64.77","","64.77"
"A040910","아이씨디","12","0","KOSDAQ","-1.3","325.85","","330.14"
"A041020","폴라리스오피스","12","0","KOSDAQ","-3.6","45.14","","46.83"
"A041190","우리기술투자","12","0","KOSDAQ","-0.92","227.22","","229.32"
"A041440","현대에버다임","12","0","KOSDAQ","-1.52","81.07","","82.32"
"A041460","한국전자인증","12","0","KOSDAQ","0.5","86.27","","85.84"
"A041510","에스엠","12","0","KOSDAQ","0.13","891.96","","890.79"
"A041520","이엘씨","12","0","KOSDAQ","1.39","62.41","","61.55"
"A041590","플래스크","12","0","KOSDAQ","-3.79","64.63","","67.17"
"A041650","상신브레이크","12","0","KOSPI","-1.84","80.09","","81.59"
"A041830","인바디","12","0","KOSDAQ","-0.45","301.73","","303.1"
"A041910","폴라리스AI파마","12","0","KOSDAQ","2.36","129.1","","126.12"
"A041920","메디아나","12","0","KOSDAQ","-1.33","70.5","","71.45"
"A041930","SY동아","12","0","KOSDAQ","0.22","72.44","","72.29"
"A041960","코미팜","12","0","KOSDAQ","0.39","824.62","","821.43"
"A042000","카페24","12","0","KOSDAQ","0.4","478.13","","476.25"
"A042040","케이피엠테크","12","0","KOSDAQ","-2.52","108.96","","111.78"
"A042110","에스씨디","12","0","KOSDAQ","2.4","61.86","","60.41"
"A042370","비츠로테크","12","0","KOSDAQ","1.18","134.57","","133.01"
"A042420","네오위즈홀딩스","12","0","KOSDAQ","-1.85","117.8","","120.01"
"A042500","링네트","12","0","KOSDAQ","-1.61","65.05","","66.12"
"A042510","라온시큐어","12","0","KOSDAQ","-2.46","88.43","","90.66"
"A042520","한스바이오메드","9","0","KOSDAQ","0.47","212.9","","211.91"
"A042600","새로닉스","12","0","KOSDAQ","-1.1","44.85","","45.35"
"A042660","한화오션","12","1","KOSPI","1.15","2819.51","","2787.35"
"A042700","한미반도체","12","0","KOSPI","0.16","349.07","","348.49"
"A042940","상지건설","12","0","KOSDAQ","-1.67","61.63","","62.67"
"A043090","더테크놀로지","12","0","KOSDAQ","-0.31","94.36","","94.65"
"A043100","알파AI","12","0","KOSDAQ","-1.83","34.77","","35.42"
"A043150","바텍","12","0","KOSDAQ","0.75","398.09","","395.12"
"A043200","파루","12","0","KOSDAQ","0.44","81.73","","81.37"
"A043220","티에스넥스젠","12","0","KOSDAQ","-4.51","135.96","","142.38"
"A043260","성호전자","12","0","KOSDAQ","-0.36","29.58","","29.69"
"A043340","에쎈테크","12","0","KOSDAQ","1.22","59.69","","58.97"
"A043360","디지아이","12","0","KOSDAQ","0.2","22.5","","22.46"
"A043370","피에이치에이","12","0","KOSDAQ","-0.24","177.24","","177.66"
"A043590","웰킵스하이텍","12","0","KOSDAQ","0","34.72","","34.72"
"A043610","KT지니뮤직","12","0","KOSDAQ","-1.23","209.51","","212.12"
"A043650","국순당","12","0","KOSDAQ","-1.65","47.95","","48.75"
"A043710","코스리거글로벌","12","0","KOSDAQ","3.23","37.78","","36.6"
"A043910","자연과환경","12","0","KOSDAQ","1.49","54.48","","53.68"
"A044180","KD","12","0","KOSDAQ","0","38.78","","38.78"
"A044340","위닉스","12","0","KOSDAQ","-1.06","417.34","","421.81"
"A044380","주연테크","12","0","KOSPI","2.55","55.72","","54.34"
"A044450","KSS해운","12","0","KOSPI","0.39","177.14","","176.44"
"A044480","빌리언스","12","0","KOSDAQ","4.95","101.55","","96.76"
"A044490","태웅","12","0","KOSDAQ","1.52","174.06","","171.46"
"A044780","에이치케이","12","0","KOSDAQ","1.37","27.3","","26.93"
"A044820","코스맥스비티아이","12","0","KOSPI","-0.4","120.53","","121.01"
"A044960","이글벳","12","0","KOSDAQ","1.93","86.72","","85.08"
"A044990","에이치엔에스하이텍","12","0","KONEX","0","29.29","","29.29"
"A045060","오공","12","0","KOSDAQ","-2.26","55.06","","56.33"
"A045100","한양이엔지","12","0","KOSDAQ","2.38","193.5","","189"
"A045300","성우테크론","12","0","KOSDAQ","0.9","36.04","","35.71"
"A045340","토탈소프트","12","0","KOSDAQ","-0.18","24.09","","24.13"
"A045390","대아티아이","12","0","KOSDAQ","-1.3","377.81","","382.8"
"A045510","정원엔시스","12","0","KOSDAQ","-3.97","42.84","","44.61"
"A045520","크린앤사이언스","12","0","KOSDAQ","-0.58","166.73","","167.7"
"A045660","에이텍","12","0","KOSDAQ","2.84","77.64","","75.5"
"A045970","코아시아","12","0","KOSDAQ","4.78","144.03","","137.46"
"A046070","코다코","12","0","KOSDAQ","0","85.75","","85.75"
"A046120","오르비텍","12","0","KOSDAQ","-0.55","86.48","","86.95"
"A046210","HLB파나진","12","0","KOSDAQ","-1.94","81.15","","82.75"
"A046310","백금T&A","12","0","KOSDAQ","1.1","42.29","","41.83"
"A046390","삼화네트웍스","12","0","KOSDAQ","0.35","61.77","","61.56"
"A046440","KG파이낸셜","12","0","KOSDAQ","0.48","186.62","","185.72"
"A046890","서울반도체","12","0","KOSDAQ","-0.77","755.05","","760.89"
"A046940","우원개발","12","0","KOSDAQ","6.79","124.81","","116.87"
"A046970","우리로","12","0","KOSDAQ","-4.35","57.27","","59.87"
"A047040","대우건설","12","1","KOSPI","1.43","1909.79","","1882.77"
"A047050","포스코인터내셔널","12","1","KOSPI","-0.53","2300.95","","2313.28"
"A047080","한빛소프트","12","0","KOSDAQ","-2.34","82.76","","84.75"
"A047310","파워로직스","12","0","KOSDAQ","0.24","290.86","","290.17"
"A047400","유니온머티리얼","12","0","KOSPI","-2.53","105.21","","107.94"
"A047560","이스트소프트","12","0","KOSDAQ","-1.74","72.66","","73.95"
"A047770","코데즈컴바인","12","0","KOSDAQ","0","110.88","","110.88"
"A047810","한국항공우주","12","1","KOSPI","-1.06","3626.07","","3665.06"
"A047820","초록뱀미디어","12","0","KOSDAQ","-3.73","108.05","","112.24"
"A047920","HLB제약","12","0","KOSDAQ","2.33","72.98","","71.32"
"A048410","현대바이오","12","0","KOSDAQ","0.7","498.9","","495.43"
"A048430","유라테크","12","0","KOSDAQ","16","76.84","","66.24"
"A048470","대동스틸","12","0","KOSDAQ","-0.98","60.4","","61"
"A048530","인트론바이오","12","0","KOSDAQ","2.55","423.15","","412.65"
"A048550","SM C&C","12","0","KOSDAQ","0","144.85","","144.85"
"A048770","TPC로보틱스","12","0","KOSDAQ","0.79","59.76","","59.29"
"A048830","엔피케이","12","0","KOSDAQ","0","34.92","","34.92"
"A048870","시너지이노베이션","12","0","KOSDAQ","0","127.38","","127.38"
"A048910","대원미디어","12","0","KOSDAQ","0","92.08","","92.08"
"A049070","인탑스","12","0","KOSDAQ","-2.95","226.18","","233.06"
"A049080","기가레인","12","0","KOSDAQ","-2.35","76.06","","77.89"
"A049120","파인디앤씨","12","0","KOSDAQ","-0.27","48.11","","48.24"
"A049180","셀루메드","12","0","KOSDAQ","0","143.84","","143.84"
"A049430","코메론","12","0","KOSDAQ","-0.38","72.02","","72.29"
"A049470","비트플래닛","12","0","KOSDAQ","-0.87","33.08","","33.37"
"A049480","오픈베이스","12","0","KOSDAQ","-0.83","93.64","","94.42"
"A049520","유아이엘","12","0","KOSDAQ","0","115.02","","115.02"
"A049550","잉크테크","12","0","KOSDAQ","-1.28","62","","62.8"
"A049630","재영솔루텍","12","0","KOSDAQ","-1.41","76.43","","77.53"
"A049720","고려신용정보","12","0","KOSDAQ","0.4","72.22","","71.93"
"A049800","우진플라임","12","0","KOSPI","-2.62","35.25","","36.2"
"A049830","승일","12","0","KOSDAQ","1.25","54.76","","54.09"
"A049950","미래컴퍼니","12","0","KOSDAQ","0.6","273.65","","272.02"
"A049960","쎌바이오텍","12","0","KOSDAQ","-1.85","174.37","","177.66"
"A050090","비케이홀딩스","12","0","KOSDAQ","-1.5","49.85","","50.61"
"A050110","캠시스","12","0","KOSDAQ","0.2","160.11","","159.79"
"A050120","ES큐브","12","0","KOSDAQ","2.51","77.89","","75.99"
"A050760","에스폴리텍","12","0","KOSDAQ","-1.79","62.73","","63.87"
"A050860","아세아텍","6","0","KOSDAQ","0","67.55","","67.55"
"A050890","쏠리드","12","0","KOSDAQ","-0.95","272.41","","275.02"
"A050960","수산아이앤티","12","0","KOSDAQ","0.31","43.75","","43.61"
"A051160","지어소프트","12","0","KOSDAQ","-0.11","64.64","","64.71"
"A051360","토비스","12","0","KOSDAQ","-0.75","132.73","","133.74"
"A051370","인터플렉스","12","0","KOSDAQ","0","355.74","","355.74"
"A051380","피씨디렉트","12","0","KOSDAQ","3.36","58.75","","56.84"
"A051390","YW","12","0","KOSDAQ","-0.14","39.8","","39.86"
"A051490","나라엠앤디","12","0","KOSDAQ","2.56","56.8","","55.38"
"A051500","CJ프레시웨이","12","0","KOSDAQ","0.59","303.91","","302.13"
"A051600","한전KPS","12","1","KOSPI","2.37","1649.25","","1611"
"A051630","진양화학","12","0","KOSPI","-0.2","60.84","","60.96"
"A051780","큐로홀딩스","12","0","KOSDAQ","-10.53","42.04","","46.99"
"A051900","LG생활건강","12","1","KOSPI","2.27","19694.55","","19257.24"
"A051910","LG화학","12","1","KOSPI","-1.31","21248.3","","21530.66"
"A051980","중앙첨단소재","12","0","KOSDAQ","1.87","34.08","","33.45"
"A052020","에스티큐브","12","0","KOSDAQ","-2.69","294.58","","302.73"
"A052220","iMBC","12","0","KOSDAQ","-1.54","51.41","","52.21"
"A052260","현대바이오랜드","12","0","KOSDAQ","29.74","297.75","","229.5"
"A052300","오션인더블유","12","0","KOSDAQ","0","61.65","","61.65"
"A052330","코텍","12","0","KOSDAQ","1.19","199.35","","197.02"
"A052400","코나아이","12","0","KOSDAQ","0.7","222.5","","220.94"
"A052420","오성첨단소재","12","0","KOSDAQ","0","189.8","","189.8"
"A052460","아이크래프트","12","0","KOSDAQ","-1.59","40.68","","41.34"
"A052600","한네트","12","0","KOSDAQ","1","34.86","","34.52"
"A052690","한전기술","12","1","KOSPI","-0.77","743.38","","749.11"
"A052710","아모텍","12","0","KOSDAQ","1.73","229.46","","225.56"
"A052770","아이톡시","12","0","KOSDAQ","0","25.3","","25.3"
"A052790","액토즈소프트","12","0","KOSDAQ","-2.16","128.6","","131.44"
"A052860","아이앤씨","12","0","KOSDAQ","-0.41","84.77","","85.12"
"A052900","KX하이텍","12","0","KOSDAQ","-5.56","55.79","","59.08"
"A053030","바이넥스","12","0","KOSDAQ","0.91","247.58","","245.36"
"A053050","지에스이","12","0","KOSDAQ","1.04","43.78","","43.33"
"A053060","세동","12","0","KOSDAQ","4.45","17.09","","16.36"
"A053080","케이엔솔","12","0","외감","","","",""
"A053160","프리엠스","12","0","KOSDAQ","0.86","35.34","","35.04"
"A053210","스카이라이프","12","0","KOSPI","0.68","427.05","","424.18"
"A053260","금강철강","12","0","KOSDAQ","-1.16","64.02","","64.77"
"A053270","구영테크","12","0","KOSDAQ","-1.19","43.81","","44.34"
"A053280","예스24","12","0","KOSDAQ","1.11","109.22","","108.02"
"A053290","NE능률","12","0","KOSDAQ","1.19","42.34","","41.84"
"A053300","한국정보인증","12","0","KOSDAQ","-0.57","108.45","","109.08"
"A053350","이니텍","12","0","KOSDAQ","-0.6","98.95","","99.55"
"A053450","세코닉스","12","0","KOSDAQ","-1.3","71.76","","72.71"
"A053580","웹케시","12","0","KOSDAQ","-3.17","268.86","","277.65"
"A053610","프로텍","12","0","KOSDAQ","1.39","160.6","","158.4"
"A053620","태양","12","0","KOSDAQ","-0.69","74.82","","75.34"
"A053690","한미글로벌","12","0","KOSPI","-0.32","101.36","","101.69"
"A053700","삼보모터스","12","0","KOSDAQ","-0.19","85.18","","85.34"
"A053800","안랩","12","0","KOSDAQ","-1.06","656.91","","663.92"
"A053950","경남제약","12","0","KOSDAQ","0","289.47","","289.47"
"A053980","오상자이엘","12","0","KOSDAQ","-0.77","115.01","","115.89"
"A054040","한국컴퓨터","12","0","KOSDAQ","0.17","47.97","","47.89"
"A054050","NH농우바이오","12","0","KOSDAQ","0.4","200.38","","199.58"
"A054090","삼진엘앤디","12","0","KOSDAQ","0.5","49.92","","49.67"
"A054180","메디콕스","12","0","KOSDAQ","-12.2","49.49","","56.36"
"A054210","이랜텍","12","0","KOSDAQ","-0.83","131.25","","132.35"
"A054220","비츠로시스","12","0","KOSDAQ","0","25.36","","25.36"
"A054300","팬스타엔터프라이즈","12","0","KOSDAQ","-1.42","53.35","","54.11"
"A054410","케이피티유","12","0","KOSDAQ","-0.42","24.06","","24.16"
"A054450","텔레칩스","12","0","KOSDAQ","0","140.46","","140.46"
"A054540","삼영엠텍","12","0","KOSDAQ","-0.89","43.42","","43.81"
"A054620","APS","12","0","KOSDAQ","1.81","195.17","","191.71"
"A054670","대한뉴팜","12","0","KOSDAQ","0.99","147.14","","145.7"
"A054780","키이스트","12","0","KOSDAQ","-1.2","211.26","","213.82"
"A054800","아이디스홀딩스","12","0","KOSDAQ","2.72","136.59","","132.97"
"A054920","한컴위드","12","0","KOSDAQ","0.4","46.71","","46.52"
"A054930","유신","12","0","KOSDAQ","-0.51","59.1","","59.4"
"A054940","엑사이엔씨","12","0","KOSDAQ","0","56.23","","56.23"
"A054950","제이브이엠","12","0","KOSDAQ","-3.11","177.27","","182.96"
"A055490","테이팩스","12","0","KOSPI","1.17","102.37","","101.19"
"A055550","신한지주","12","1","KOSPI","1.38","20959.62","","20675.1"
"A056080","유진로봇","12","0","KOSDAQ","-1.55","106.91","","108.6"
"A056090","시지메드텍","12","0","KOSDAQ","-3.2","46.98","","48.53"
"A056190","SFA","12","0","KOSDAQ","1.06","1535.1","","1518.94"
"A056360","코위버","12","0","KOSDAQ","-4.62","80.92","","84.84"
"A056700","신화인터텍","12","0","KOSDAQ","0.76","96.73","","96"
"A056730","CNT85","12","0","KOSDAQ","0","67.4","","67.4"
"A057030","YBM넷","12","0","KOSDAQ","1.7","63.46","","62.4"
"A057050","현대홈쇼핑","12","1","KOSPI","-0.94","1015.2","","1024.8"
"A057540","옴니시스템","12","0","KOSDAQ","0.58","70.78","","70.37"
"A057680","티사이언티픽","12","0","KOSDAQ","-3","58.92","","60.74"
"A058110","멕아이씨에스","12","0","KOSDAQ","1.98","19.36","","18.98"
"A058400","KNN","12","0","KOSDAQ","7.3","165.54","","154.28"
"A058430","포스코스틸리온","12","0","KOSPI","0.57","106.5","","105.9"
"A058450","한주에이알티","12","0","KOSDAQ","-2.9","23.93","","24.65"
"A058470","리노공업","12","0","KOSDAQ","0.84","909.97","","902.35"
"A058610","에스피지","12","0","KOSDAQ","0","139.67","","139.67"
"A058630","엠게임","12","0","KOSDAQ","-1.83","63.03","","64.2"
"A058650","세아홀딩스","12","0","KOSPI","-0.13","318.8","","319.2"
"A058730","다스코","12","0","KOSPI","-0.44","104.72","","105.18"
"A058820","CMG제약","12","0","KOSDAQ","3.51","553.49","","534.74"
"A058850","KTcs","12","0","KOSPI","-0.24","89.64","","89.85"
"A058860","KTis","12","0","KOSPI","0.23","76.91","","76.74"
"A058970","엠로","12","0","KONEX","0","10.57","","10.57"
"A059090","미코","12","0","KOSDAQ","0.51","155.02","","154.23"
"A059100","아이컴포넌트","12","0","KOSDAQ","-2.6","39.67","","40.73"
"A059120","아진엑스텍","12","0","KOSDAQ","-0.9","45.7","","46.12"
"A059210","메타바이오메드","12","0","KOSDAQ","0","59.66","","59.66"
"A059270","해성에어로보틱스","12","0","외감","","","",""
"A060150","인선이엔티","12","0","KOSDAQ","-0.74","308.67","","310.97"
"A060230","제이케이시냅스","12","0","KOSDAQ","5.54","108.91","","103.19"
"A060240","스타코링크","12","0","KOSDAQ","0.36","141.13","","140.62"
"A060250","NHN KCP","12","0","KOSDAQ","-1.45","468.62","","475.51"
"A060260","뉴보텍","12","0","KOSDAQ","6.15","39.66","","37.36"
"A060280","큐렉소","12","0","KOSDAQ","-3.47","153.28","","158.78"
"A060310","3S","3","0","KOSDAQ","3.61","134.99","","130.29"
"A060370","LS마린솔루션","12","0","KOSDAQ","0.53","103.81","","103.26"
"A060380","동양에스텍","12","0","KOSDAQ","0.17","29.1","","29.05"
"A060480","국일신동","12","0","KOSDAQ","0.18","60.22","","60.11"
"A060540","에스에이티","12","0","KOSDAQ","0.51","51.22","","50.96"
"A060560","HC홈센타","12","0","KOSDAQ","1.02","126.82","","125.54"
"A060570","드림어스컴퍼니","12","0","KOSDAQ","-0.19","289.9","","290.46"
"A060590","씨티씨바이오","12","0","KOSDAQ","-2.51","105.05","","107.75"
"A060720","KH바텍","12","0","KOSDAQ","-0.79","410.76","","414.01"
"A060850","영림원소프트랩","12","0","외감","","","",""
"A060900","에이전트AI","12","0","KOSDAQ","-3.54","41.88","","43.42"
"A060980","HL홀딩스","12","1","KOSPI","0.97","491.66","","486.95"
"A061040","알에프텍","12","0","KOSDAQ","-1.15","166.61","","168.54"
"A061090","세나테크놀로지","12","0","외감","","","",""
"A061250","화일약품","12","0","KOSDAQ","-0.65","88.48","","89.06"
"A061970","LB세미콘","12","0","KOSDAQ","-1.45","298.17","","302.55"
"A062040","산일전기","12","0","외감","","","",""
"A062970","한국첨단소재","12","0","K-OTC","1.08","54.47","","53.89"
"A063080","컴투스홀딩스","12","0","KOSDAQ","-2.58","199.17","","204.45"
"A063160","종근당바이오","12","0","KOSPI","-1.69","151.92","","154.53"
"A063170","서울옥션","12","0","KOSDAQ","-0.19","87.97","","88.14"
"A063440","SM Life Design","12","0","KOSDAQ","0.87","104.02","","103.12"
"A063570","NICE인프라","12","0","KOSDAQ","0.89","231.86","","229.81"
"A063760","이엘피","12","0","KOSDAQ","0","49.11","","49.11"
"A064090","인크레더블버즈","12","0","KOSDAQ","-1.98","61.69","","62.94"
"A064240","홈캐스트","12","0","KOSDAQ","-1.12","146.11","","147.77"
"A064260","다날","12","0","KOSDAQ","-1.64","204.13","","207.53"
"A064290","인텍플러스","12","0","KOSDAQ","1.67","52.22","","51.36"
"A064350","현대로템","12","1","KOSPI","-2.29","1270.75","","1300.5"
"A064400","LG씨엔에스","12","0","외감","","","",""
"A064480","브리지텍","12","0","KOSDAQ","0.17","36.22","","36.16"
"A064520","테크엘","12","0","KOSDAQ","0","27.76","","27.76"
"A064550","바이오니아","12","0","KOSDAQ","-1.78","147.59","","150.26"
"A064760","티씨케이","12","0","KOSDAQ","2.47","629.28","","614.11"
"A064800","포니링크","12","0","KOSDAQ","-0.82","80.89","","81.56"
"A064820","케이프","12","0","KOSDAQ","0.25","51.95","","51.82"
"A064850","에프앤가이드","12","0","KONEX","7.7","46.15","","42.85"
"A064960","SNT모티브","12","1","KOSPI","-2.59","603.94","","620.02"
"A065060","지엔코","12","0","KOSDAQ","-5.24","115.16","","121.53"
"A065130","탑엔지니어링","12","0","KOSDAQ","0.91","141.87","","140.59"
"A065150","대산F&B","12","0","KOSDAQ","0","106.26","","106.26"
"A065170","비엘팜텍","12","0","KOSDAQ","-0.65","94.1","","94.72"
"A065350","신성델타테크","12","0","KOSDAQ","1.95","75.92","","74.47"
"A065370","위세아이텍","12","0","KONEX","-1.44","35.02","","35.53"
"A065420","에스아이리소스","12","0","KOSDAQ","0","41.28","","41.28"
"A065440","이루온","12","0","KOSDAQ","0","38.32","","38.32"
"A065450","빅텍","12","0","KOSDAQ","-3.45","85.46","","88.51"
"A065500","오리엔트정공","12","0","KOSDAQ","5.85","46.65","","44.07"
"A065510","휴비츠","12","0","KOSDAQ","-0.85","97.2","","98.03"
"A065530","와이어블","12","0","KOSDAQ","-1.75","177.61","","180.78"
"A065570","삼영이엔씨","12","0","KOSDAQ","1.28","48.66","","48.05"
"A065650","하이퍼코퍼레이션","12","0","KOSDAQ","-1.41","144.55","","146.61"
"A065660","안트로젠","12","0","KOSDAQ","-1.68","353.36","","359.42"
"A065680","우주일렉트로","12","0","KOSDAQ","0.49","81.86","","81.46"
"A065690","파커스","12","0","KOSDAQ","0.34","40.63","","40.49"
"A065710","서호전기","12","0","KOSDAQ","2.19","120.25","","117.68"
"A065770","CS","12","0","KOSDAQ","-0.91","51.51","","51.99"
"A065950","웰크론","12","0","KOSDAQ","-2.19","91","","93.04"
"A066130","하츠","12","0","KOSDAQ","-1.46","86.14","","87.42"
"A066310","큐에스아이","12","0","KOSDAQ","0.48","86.92","","86.51"
"A066360","체리부로","12","0","KOSDAQ","-3.11","78.04","","80.55"
"A066410","버킷스튜디오","12","0","KOSDAQ","-2.79","64.59","","66.45"
"A066430","아이로보틱스","12","0","KOSDAQ","-4.61","138.61","","145.31"
"A066570","LG전자","12","1","KOSPI","-0.43","11471.71","","11520.81"
"A066590","스모트로닉","12","0","KOSDAQ","0.33","74.45","","74.21"
"A066620","국보디자인","12","0","KOSDAQ","0","123.75","","123.75"
"A066670","디티씨","12","0","KOSDAQ","0.54","69.16","","68.79"
"A066700","테라젠이텍스","12","0","KOSDAQ","0","264.05","","264.05"
"A066790","씨씨에스","12","0","KOSDAQ","0","36.19","","36.19"
"A066900","디에이피","12","0","KOSDAQ","4.3","85.52","","81.99"
"A066910","손오공","12","0","KOSDAQ","-4.55","39.54","","41.42"
"A066970","엘앤에프","12","0","KOSDAQ","1.78","495.17","","486.51"
"A066980","한성크린텍","12","0","KOSDAQ","-0.48","99.33","","99.8"
"A067000","조이시티","12","0","KOSDAQ","-5.26","95.56","","100.87"
"A067010","이씨에스","3","0","KOSDAQ","0","29.2","","29.2"
"A067080","대화제약","12","0","KOSDAQ","0.87","212.32","","210.5"
"A067160","SOOP","12","0","KOSDAQ","-2.97","826.47","","851.76"
"A067170","오텍","12","0","KOSDAQ","3.43","162.38","","156.99"
"A067280","멀티캠퍼스","12","0","KOSDAQ","-0.15","202.1","","202.4"
"A067290","JW신약","12","0","KOSDAQ","-0.23","181.25","","181.67"
"A067310","하나마이크론","12","0","KOSDAQ","6.72","126.93","","118.93"
"A067370","선바이오","12","0","KONEX","2.69","146.51","","142.67"
"A067390","아스트","12","0","KOSDAQ","-0.33","233.17","","233.94"
"A067570","엔브이에이치코리아","12","0","KOSDAQ","0","78.99","","78.99"
"A067630","HLB생명과학","12","0","KOSDAQ","-1.17","1197.43","","1211.55"
"A067730","로지시스","12","0","KOSDAQ","-1.1","37.88","","38.3"
"A067770","세진티에스","12","0","KOSDAQ","0","21.58","","21.58"
"A067830","세이브존I&C","12","0","KOSPI","-1.34","135.85","","137.69"
"A067900","와이엔텍","12","0","KOSDAQ","-2.72","169.07","","173.81"
"A067920","이글루","12","0","KOSDAQ","-0.59","46.46","","46.73"
"A067990","도이치모터스","12","0","KOSDAQ","-1.2","207.2","","209.72"
"A068050","팬엔터테인먼트","12","0","KOSDAQ","2.01","62.87","","61.64"
"A068100","케이웨더","12","0","외감","","","",""
"A068240","다원시스","12","0","KOSDAQ","0.32","414.06","","412.72"
"A068270","셀트리온","12","1","KOSPI","-1.13","22459.12","","22715.8"
"A068290","삼성출판사","12","0","KOSPI","1.11","181.5","","179.5"
"A068330","일신바이오","12","0","KOSDAQ","-2.43","88.65","","90.86"
"A068760","셀트리온제약","12","0","KOSDAQ","-2.41","1244.25","","1274.93"
"A068790","DMS","12","0","KOSDAQ","-1.53","118.67","","120.51"
"A068930","디지털대성","12","0","KOSDAQ","-1.3","187.8","","190.28"
"A068940","셀피글로벌","12","0","KOSDAQ","0","54.25","","54.25"
"A069080","웹젠","12","0","KOSDAQ","1.28","557.91","","550.85"
"A069140","누리플랜","12","0","KOSDAQ","2.22","25.16","","24.61"
"A069260","TKG휴켐스","12","1","KOSPI","-0.45","899.33","","903.42"
"A069330","유아이디","12","0","KOSDAQ","5.86","13.97","","13.2"
"A069410","엔텔스","12","0","KOSDAQ","-1.85","73.13","","74.51"
"A069460","대호에이엘","12","0","KOSPI","-0.79","136.22","","137.3"
"A069510","에스텍","12","0","KOSDAQ","0.87","126.01","","124.92"
"A069540","빛과전자","12","0","KOSDAQ","0","76.79","","76.79"
"A069620","대웅제약","12","1","KOSPI","-0.75","1523.63","","1535.22"
"A069640","한세엠케이","12","0","KOSPI","0.97","53.51","","52.99"
"A069730","DSR제강","12","0","KOSPI","-1.09","59.04","","59.69"
"A069920","엑시온그룹","12","0","KOSDAQ","-0.11","112.27","","112.4"
"A069960","현대백화점","12","1","KOSPI","3.51","1862.83","","1799.65"
"A070300","엑스큐어","12","0","KOSDAQ","6.43","48.76","","45.82"
"A070590","인티큐브","12","0","KOSDAQ","-0.95","36.23","","36.57"
"A070960","모나용평","12","0","KOSPI","0.16","309.02","","308.53"
"A071050","한국금융지주","12","1","KOSPI","1.14","3967.69","","3923.11"
"A071090","하이스틸","12","0","KOSPI","-1.24","39.7","","40.2"
"A071200","인피니트헬스케어","12","0","KOSDAQ","-1.36","141.5","","143.45"
"A071280","로체시스템즈","12","0","KOSDAQ","-1.98","67.99","","69.37"
"A071320","지역난방공사","12","0","KOSPI","-0.41","559.25","","561.57"
"A071670","에이테크솔루션","12","0","KOSDAQ","0.84","72","","71.4"
"A071840","롯데하이마트","12","1","KOSPI","-0.33","722.4","","724.76"
"A071850","캐스텍코리아","12","0","KOSDAQ","-1.3","44.16","","44.74"
"A071950","코아스","12","0","KOSPI","-1.09","41.88","","42.34"
"A071970","HD현대마린엔진","12","0","KOSPI","-5.94","97.86","","104.04"
"A072020","중앙백신","12","0","KOSDAQ","0","171.31","","171.31"
"A072130","유엔젤","12","0","KOSPI","-5.28","78.12","","82.47"
"A072470","우리산업홀딩스","12","0","KOSDAQ","-0.35","53.07","","53.26"
"A072710","농심홀딩스","12","0","KOSPI","0.12","381.23","","380.76"
"A072770","멤레이비티","12","0","KOSDAQ","-0.38","47.46","","47.64"
"A072870","메가스터디","12","0","KOSDAQ","1.27","143.05","","141.26"
"A072950","빛샘전자","12","0","KOSDAQ","0.53","33.96","","33.78"
"A072990","에이치시티","12","0","KOSDAQ","-0.92","66.7","","67.32"
"A073010","케이에스피","12","0","KOSDAQ","0.86","63.34","","62.79"
"A073110","엘엠에스","12","0","KOSDAQ","-3.13","165.02","","170.35"
"A073190","듀오백","12","0","KOSDAQ","-3.16","33.03","","34.11"
"A073240","금호타이어","12","1","KOSPI","0.48","1195","","1189.26"
"A073490","LIG아큐버","12","0","KOSDAQ","0.18","168.67","","168.37"
"A073540","에프알텍","12","0","KOSDAQ","-3.58","58.37","","60.53"
"A073560","우리손에프앤지","12","0","KOSDAQ","-0.75","138.13","","139.17"
"A073570","리튬포어스","12","0","KOSDAQ","-0.46","153.81","","154.52"
"A073640","테라사이언스","12","0","KOSDAQ","0.88","63.15","","62.6"
"A074430","아미노로직스","12","0","KOSDAQ","-2.84","165.55","","170.38"
"A074600","원익QnC","12","0","KOSDAQ","2.9","325.97","","316.77"
"A074610","이엔플러스","12","0","KOSPI","-4.76","326.91","","343.26"
"A075130","플랜티넷","12","0","KOSDAQ","1.22","40.99","","40.5"
"A075180","새론오토모티브","12","0","KOSPI","2.42","85.15","","83.14"
"A075580","세진중공업","12","0","KOSPI","-0.57","167.88","","168.84"
"A075970","동국알앤에스","12","0","KOSDAQ","0.83","44.53","","44.16"
"A076080","웰크론한텍","12","0","KOSDAQ","-0.26","37.44","","37.54"
"A076610","해성옵틱스","12","0","KOSDAQ","-2.2","55.16","","56.4"
"A077360","덕산하이메탈","12","0","KOSDAQ","-0.13","174.02","","174.25"
"A077500","유니퀘스트","12","0","KOSPI","1.31","168.33","","166.15"
"A077970","STX엔진","12","0","KOSPI","-1.99","158.53","","161.75"
"A078000","텔코웨어","12","0","KOSPI","0.69","141.66","","140.69"
"A078020","LS증권","12","0","KOSDAQ","0.35","314.02","","312.91"
"A078070","유비쿼스홀딩스","12","0","KOSDAQ","-3.26","387.96","","401.04"
"A078130","국일제지","12","0","KOSDAQ","2.75","814.34","","792.52"
"A078140","대봉엘에스","12","0","KOSDAQ","0","74.06","","74.06"
"A078150","HB테크놀러지","12","0","KOSDAQ","-3.37","203.8","","210.9"
"A078160","메디포스트","12","0","KOSDAQ","2.27","491.96","","481.03"
"A078340","컴투스","12","0","KOSDAQ","2.54","1299.51","","1267.34"
"A078350","한양디지텍","12","0","KOSDAQ","0.78","51.8","","51.4"
"A078520","에이블씨엔씨","12","0","KOSPI","-1.16","253.03","","256.01"
"A078590","휴림에이텍","12","0","KOSDAQ","-7.91","61.5","","66.78"
"A078600","대주전자재료","12","0","KOSDAQ","-0.33","220.45","","221.18"
"A078860","아이오케이이엔엠","12","0","KOSDAQ","-0.83","90.84","","91.6"
"A078890","가온그룹","12","0","KOSDAQ","1.3","115.47","","113.99"
"A078930","GS","12","1","KOSPI","-0.2","4590.02","","4599.31"
"A079000","와토스코리아","12","0","KOSDAQ","-0.18","40.97","","41.04"
"A079160","CJ CGV","12","1","KOSPI","-0.92","798.84","","806.25"
"A079170","한창산업","12","0","KOSDAQ","2.23","28.55","","27.92"
"A079190","케스피온","12","0","KOSDAQ","0","88.36","","88.36"
"A079370","제우스","12","0","KOSDAQ","-1.86","109.55","","111.63"
"A079430","현대리바트","12","1","KOSPI","-0.38","272.09","","273.12"
"A079550","LIG디펜스앤에어로스페이스","12","1","KOSPI","1.19","750.2","","741.4"
"A079650","서산","12","0","KOSDAQ","0.65","62.4","","62"
"A079810","APS이노베이션","12","0","KOSDAQ","1.44","35.66","","35.15"
"A079900","전진건설로봇","12","0","외감","","","",""
"A079940","가비아","12","0","KOSDAQ","-1.77","97.86","","99.62"
"A079950","인베니아","12","0","KOSDAQ","-2.49","54.52","","55.91"
"A079960","동양이엔피","12","0","KOSDAQ","-1.76","131.66","","134.01"
"A079970","투비소프트","12","0","KOSDAQ","13.22","89.19","","78.77"
"A079980","휴비스","12","0","KOSPI","0.33","210.11","","209.42"
"A080010","이상네트웍스","12","0","KOSDAQ","-0.14","65.63","","65.72"
"A080160","모두투어","12","0","KOSDAQ","4.75","312.8","","298.62"
"A080220","제주반도체","12","0","KOSDAQ","1.45","109.95","","108.37"
"A080420","모다이노칩","12","0","KOSDAQ","1.01","239.96","","237.57"
"A080470","성창오토텍","12","0","KOSDAQ","2.2","57.67","","56.43"
"A080520","오디텍","12","0","KOSDAQ","-0.31","57.56","","57.73"
"A080530","코디","12","0","KOSDAQ","0","54.66","","54.66"
"A080580","오킨스전자","12","0","KOSDAQ","0.41","25.67","","25.57"
"A080720","한국유니온제약","12","0","KOSDAQ","-1.92","75.27","","76.75"
"A081000","일진다이아","12","0","KOSPI","-2.9","379.93","","391.29"
"A081150","티플랙스","12","0","KOSDAQ","0.89","54.73","","54.24"
"A081180","쎄크","12","0","외감","","","",""
"A081580","성우전자","12","0","KOSDAQ","-1.62","42.26","","42.96"
"A081660","미스토홀딩스","12","1","KOSPI","0","3190.21","","3190.21"
"A082210","옵트론텍","12","0","KOSDAQ","1.19","172.36","","170.33"
"A082270","젬백스","12","0","KOSDAQ","-0.75","1002.35","","994.27"
"A082640","동양생명","12","0","KOSPI","0.13","635.75","","634.95"
"A082660","코스나인","12","0","KOSDAQ","5.26","24.3","","23.08"
"A082740","한화엔진","12","0","KOSPI","-5.09","144.31","","152.05"
"A082800","비보존 제약","12","0","KOSDAQ","3.92","281.96","","271.31"
"A082850","우리바이오","12","0","KOSDAQ","0.45","50.08","","49.86"
"A082920","비츠로셀","12","0","KOSDAQ","-0.77","277.86","","280.01"
"A083310","엘오티베큠","12","0","KOSDAQ","0","112.7","","112.7"
"A083420","그린케미칼","12","0","KOSPI","0","74.4","","74.4"
"A083450","GST","12","0","KOSDAQ","1.9","85.16","","83.58"
"A083470","이엠앤아이","12","0","KOSDAQ","0","9.56","","9.56"
"A083500","에프엔에스테크","12","0","KOSDAQ","4.11","50.79","","48.78"
"A083550","케이엠","12","0","KOSDAQ","-1.12","71.6","","72.42"
"A083640","인콘","12","0","KOSDAQ","-3.93","116.24","","119.68"
"A083650","비에이치아이","12","0","KOSDAQ","0","50.44","","50.44"
"A083660","CSA 코스믹","12","0","KOSDAQ","0","82.35","","82.35"
"A083790","CG인바이츠","12","0","KOSDAQ","1.47","560.4","","552.31"
"A083930","아바코","12","0","KOSDAQ","-1.08","87.98","","88.94"
"A084010","대한제강","12","0","KOSPI","-0.17","143.94","","144.18"
"A084110","휴온스글로벌","12","0","KOSDAQ","-0.31","352.21","","353.31"
"A084180","수성웹툰","12","0","KOSDAQ","-6.48","41.82","","44.72"
"A084370","유진테크","12","0","KOSDAQ","-0.35","323.12","","324.26"
"A084440","유비온","9","0","KONEX","-14.7","3.57","","4.18"
"A084650","랩지노믹스","12","0","KOSDAQ","-0.4","52.36","","52.57"
"A084670","동양고속","12","0","KOSPI","0.37","78.04","","77.75"
"A084680","이월드","12","0","KOSPI","0.68","538.53","","534.91"
"A084690","대상홀딩스","12","0","KOSPI","0","245.52","","245.52"
"A084730","팅크웨어","12","0","KOSDAQ","-1.5","75.27","","76.42"
"A084850","아이티엠반도체","12","0","KOSDAQ","1.52","762.29","","750.88"
"A084870","TBH글로벌","12","0","KOSPI","-0.38","54.85","","55.06"
"A084990","헬릭스미스","12","0","KOSDAQ","0.11","1974.47","","1972.33"
"A085310","엔케이","12","0","KOSPI","0","91.18","","91.18"
"A085620","미래에셋생명","12","0","KOSPI","1.32","748.78","","739.04"
"A085660","차바이오텍","12","0","KOSDAQ","0.68","771.46","","766.22"
"A085670","뉴프렉스","12","0","KOSDAQ","2.25","43.26","","42.31"
"A085810","알티캐스트","12","0","KOSDAQ","-0.49","43.3","","43.51"
"A085910","네오티스","12","0","KOSDAQ","-1.5","43.28","","43.94"
"A086040","바이오톡스텍","12","0","KOSDAQ","-1.22","94.53","","95.69"
"A086060","진바이오텍","12","0","KOSDAQ","-1.54","49.68","","50.46"
"A086280","현대글로비스","12","1","KOSPI","0.67","5643.75","","5606.25"
"A086390","유니테스트","12","0","KOSDAQ","0","278.97","","278.97"
"A086450","동국제약","12","0","KOSDAQ","-0.13","707.8","","708.69"
"A086520","에코프로","12","0","KOSDAQ","2.86","437.39","","425.24"
"A086670","비엠티","12","0","KOSDAQ","-1.54","52.14","","52.95"
"A086710","선진뷰티사이언스","12","0","외감","","","",""
"A086790","하나금융지주","12","1","KOSPI","-0.42","10703.63","","10748.67"
"A086820","바이오솔루션","12","0","KOSDAQ","-4.6","233.43","","244.68"
"A086890","이수앱지스","12","0","KOSDAQ","0.3","175.73","","175.19"
"A086900","메디톡스","12","0","KOSDAQ","0.52","1683.47","","1674.75"
"A086960","MDS테크","12","0","KOSDAQ","-1.81","95.79","","97.56"
"A086980","쇼박스","12","0","KOSDAQ","-0.15","210.96","","211.28"
"A087010","펩트론","12","0","KOSDAQ","1.12","206.91","","204.61"
"A087260","모바일어플라이언스","12","0","KOSDAQ","-0.54","69.45","","69.83"
"A087600","픽셀플러스","12","0","KOSDAQ","1.89","37.44","","36.75"
"A088130","동아엘텍","12","0","KOSDAQ","0","81.41","","81.41"
"A088280","쏘닉스","12","0","외감","","","",""
"A088290","이원컴포텍","12","0","KOSDAQ","5.24","185.93","","176.67"
"A088340","유라클","12","0","외감","","","",""
"A088350","한화생명","12","1","KOSPI","0.67","1971.56","","1958.54"
"A088390","이녹스","12","0","KOSDAQ","-6.43","62.56","","66.86"
"A088790","진도","12","0","KOSPI","0.4","47.11","","46.93"
"A088800","에이스테크","12","0","KOSDAQ","-0.48","240.53","","241.7"
"A088910","동우팜투테이블","12","0","KOSDAQ","-0.28","91.19","","91.44"
"A089010","켐트로닉스","12","0","KOSDAQ","2.45","232.91","","227.35"
"A089030","테크윙","12","0","KOSDAQ","-0.49","195.12","","196.09"
"A089140","넥스턴앤롤코리아","12","0","KOSDAQ","-2.41","105.55","","108.16"
"A089150","케이씨티","12","0","KOSDAQ","-0.44","39.1","","39.27"
"A089230","THE E&M","12","0","KOSDAQ","2.45","114.71","","111.97"
"A089470","HDC현대EP","12","0","KOSPI","-0.11","138.61","","138.77"
"A089590","제주항공","12","0","KOSPI","0","615.43","","615.43"
"A089600","KT나스미디어","12","0","KOSDAQ","1.16","267.02","","263.95"
"A089790","제이티","12","0","KOSDAQ","-0.83","49.1","","49.51"
"A089850","유비벨록스","12","0","KOSDAQ","1.05","47.82","","47.32"
"A089860","롯데렌탈","12","0","외감","","","",""
"A089890","코세스","12","0","KOSDAQ","0","119.65","","119.65"
"A089970","브이엠","12","0","KOSDAQ","3.19","142.66","","138.25"
"A089980","상아프론테크","12","0","KOSDAQ","0.35","218.2","","217.43"
"A090080","평화산업","12","0","KOSPI","0","67.8","","67.8"
"A090150","아이윈","12","0","KOSDAQ","1.89","28.64","","28.11"
"A090350","노루페인트","12","0","KOSPI","2.12","163.6","","160.2"
"A090360","로보스타","12","0","KOSDAQ","0.91","161.36","","159.9"
"A090370","메타랩스","12","0","KOSPI","-2.77","73.49","","75.59"
"A090410","덕신이피씨","12","0","KOSDAQ","0.81","50.08","","49.67"
"A090430","아모레퍼시픽","12","1","KOSPI","0.27","10785.59","","10756.36"
"A090460","비에이치","12","0","KOSDAQ","-0.24","672.03","","673.65"
"A090470","제이스로보틱스","12","0","KOSDAQ","-2.93","193.42","","199.26"
"A090710","휴림로봇","12","0","KOSDAQ","-3.53","100.84","","104.53"
"A090850","현대이지웰","12","0","KOSDAQ","0.75","103.43","","102.66"
"A091120","이엠텍","12","0","KOSDAQ","-0.12","134.59","","134.75"
"A091340","S&K폴리텍","12","0","KOSDAQ","2.16","77.48","","75.84"
"A091440","한울소재과학","12","0","KOSDAQ","-1.83","29.29","","29.84"
"A091580","상신이디피","12","0","KOSDAQ","3.33","106.26","","102.84"
"A091590","남화토건","12","0","KOSDAQ","1.42","167.3","","164.95"
"A091700","파트론","12","0","KOSDAQ","0","617.38","","617.38"
"A091810","트리니티항공","12","0","KOSPI","1.6","238.63","","234.87"
"A091970","LSK아이로봇","12","0","KOSDAQ","-0.22","53.83","","53.95"
"A092040","아미코젠","12","0","KOSDAQ","0","491.7","","491.7"
"A092070","디엔에프","12","0","KOSDAQ","0.12","89.97","","89.86"
"A092130","이크레더블","12","0","KOSDAQ","-0.55","219.8","","221"
"A092190","서울바이오시스","12","0","K-OTC","0.61","240.13","","238.68"
"A092200","디아이씨","12","0","KOSPI","2.11","84.58","","82.83"
"A092220","KEC","12","0","KOSPI","-0.31","113.32","","113.67"
"A092230","KPX홀딩스","12","0","KOSPI","0.19","227.71","","227.29"
"A092300","현우산업","12","0","KOSDAQ","1.85","46.37","","45.53"
"A092440","기신정기","3","0","KOSPI","1.51","107.89","","106.29"
"A092460","한라IMS","12","0","KOSDAQ","-2.41","85.74","","87.85"
"A092600","앤씨앤","12","0","KOSDAQ","0.22","47.13","","47.03"
"A092730","네오팜","12","0","KOSDAQ","1.54","377.95","","372.2"
"A092780","DYP","12","0","KOSPI","-0.54","60.57","","60.9"
"A092790","넥스틸","12","0","외감","","","",""
"A092870","엑시콘","12","0","KOSDAQ","0.68","52.59","","52.23"
"A093050","LF","12","1","KOSPI","-1.39","519.01","","526.32"
"A093190","빅솔론","12","0","KOSDAQ","0.18","106.2","","106.01"
"A093240","형지엘리트","6","0","KOSPI","0.76","41.44","","41.12"
"A093320","케이아이엔엑스","12","0","KOSDAQ","-0.43","170.31","","171.04"
"A093370","후성","12","1","KOSPI","3.08","681.59","","661.21"
"A093380","풍강","8","0","KOSDAQ","-2.2","30.77","","31.47"
"A093520","매커스","12","0","KOSDAQ","-2.1","56.41","","57.62"
"A093640","케이알엠","12","0","KOSDAQ","1.96","42.06","","41.25"
"A093920","서원인텍","12","0","KOSDAQ","-2.53","122.02","","125.18"
"A094170","동운아나텍","12","0","KOSDAQ","7.19","94.52","","88.18"
"A094280","효성ITX","12","0","KOSPI","-0.4","143.9","","144.48"
"A094360","칩스앤미디어","12","0","KOSDAQ","0","63.33","","63.33"
"A094480","갤럭시아머니트리","12","0","KOSDAQ","0.66","119.45","","118.67"
"A094820","일진파워","12","0","KOSDAQ","-1.08","82.78","","83.69"
"A094840","슈프리마에이치큐","12","0","KOSDAQ","3.83","62.52","","60.21"
"A094850","참좋은여행","12","0","KOSDAQ","0.48","88.34","","87.92"
"A094860","네오리진","12","0","KOSDAQ","5.93","72.42","","68.37"
"A094940","푸른로보틱스","12","0","KOSDAQ","-2.32","110.78","","113.4"
"A094970","제이엠티","12","0","KOSDAQ","-0.69","60.54","","60.96"
"A095190","신화프리텍","12","0","KOSDAQ","-0.39","138.61","","139.15"
"A095270","웨이브일렉트로","12","0","KOSDAQ","-0.96","226.21","","228.41"
"A095340","ISC","12","0","KOSDAQ","-2.83","135.77","","139.73"
"A095500","미래나노텍","12","0","KOSDAQ","0","76.86","","76.86"
"A095570","AJ네트웍스","12","0","KOSPI","-0.12","192.21","","192.44"
"A095610","테스","12","0","KOSDAQ","0.25","392.4","","391.41"
"A095660","네오위즈","12","0","KOSDAQ","0.33","332.01","","330.92"
"A095700","제넥신","12","0","KOSDAQ","-0.19","1196.57","","1198.56"
"A095720","웅진씽크빅","12","0","KOSPI","-1.62","365.62","","371.66"
"A095910","에스에너지","12","0","KOSDAQ","-0.4","50.25","","50.45"
"A096240","크레버스","12","0","KOSDAQ","0.26","150.81","","150.42"
"A096250","와이즈넛","12","0","외감","","","",""
"A096350","대창솔루션","12","0","KOSDAQ","0.23","69.8","","69.64"
"A096530","씨젠","12","0","KOSDAQ","0.37","703.07","","700.45"
"A096610","알에프세미","12","0","KOSDAQ","-1.17","41.17","","41.66"
"A096630","에스코넥","12","0","KOSDAQ","-6.76","108.01","","115.85"
"A096690","에이루트","12","0","KOSDAQ","1.35","72.68","","71.72"
"A096760","JW홀딩스","12","1","KOSPI","1.42","416.16","","410.35"
"A096770","SK이노베이션","12","1","KOSPI","-1.62","14054.77","","14285.93"
"A096870","엘디티","12","0","KOSDAQ","0","18.97","","18.97"
"A097230","HJ중공업","12","0","KOSPI","-0.75","386.81","","389.72"
"A097520","엠씨넥스","12","0","KOSDAQ","-2.3","455.52","","466.24"
"A097780","에코볼트","12","0","KOSDAQ","-0.71","215.41","","216.96"
"A097800","윈팩","12","0","KOSDAQ","-0.91","61.09","","61.65"
"A097870","효성오앤비","6","0","KOSDAQ","1.12","61.3","","60.62"
"A097950","CJ제일제당","12","1","KOSPI","0.61","3733.44","","3710.86"
"A098070","한텍","12","0","외감","","","",""
"A098120","마이크로컨텍솔","12","0","KOSDAQ","1.31","25.81","","25.48"
"A098460","고영","12","0","KOSDAQ","-0.82","1328.8","","1339.76"
"A098660","에스티오","12","0","KOSDAQ","-4.34","27.56","","28.81"
"A099190","아이센스","12","0","KOSDAQ","0.96","362.66","","359.23"
"A099220","SDN","12","0","KOSDAQ","3.96","145.37","","139.83"
"A099320","쎄트렉아이","12","0","KOSDAQ","-2.51","127.2","","130.47"
"A099390","브레인즈컴퍼니","12","0","외감","","","",""
"A099410","동방선기","12","0","KOSDAQ","0.36","37.37","","37.24"
"A099430","바이오플러스","12","0","외감","","","",""
"A099440","스맥","12","0","KOSDAQ","1.71","66.54","","65.42"
"A099520","DGI","12","0","KOSDAQ","0.82","20.25","","20.09"
"A099750","이지케어텍","3","0","KOSDAQ","8.67","104.09","","95.79"
"A100030","인지소프트","12","0","KOSDAQ","0","68.96","","68.96"
"A100090","SK오션플랜트","12","0","KOSDAQ","1.41","128.94","","127.14"
"A100120","뷰웍스","12","0","KOSDAQ","-0.71","281.05","","283.05"
"A100130","동국S&C","12","0","KOSDAQ","-0.87","130.29","","131.43"
"A100220","비상교육","12","0","KOSPI","-1.04","99.17","","100.2"
"A100250","진양홀딩스","12","0","KOSPI","0.57","147","","146.17"
"A100590","머큐리","12","0","KOSDAQ","-1.78","122.39","","124.6"
"A100660","서암기계공업","12","0","KOSDAQ","-0.34","74.47","","74.72"
"A100700","세운메디칼","12","0","KOSDAQ","-0.63","139.06","","139.94"
"A100790","미래에셋벤처투자","12","0","KOSDAQ","0.92","134.94","","133.71"
"A100840","SNT에너지","12","0","KOSPI","-0.27","137.37","","137.75"
"A101000","KS인더스트리","12","0","KOSDAQ","0.33","64.03","","63.82"
"A101140","인바이오젠","12","0","KOSPI","-2.75","124.88","","128.42"
"A101160","월덱스","12","0","KOSDAQ","1.23","109.14","","107.82"
"A101170","우림피티에스","12","0","KOSDAQ","0.3","44.69","","44.55"
"A101240","씨큐브","12","0","KOSDAQ","0.77","80.09","","79.48"
"A101330","모베이스","12","0","KOSDAQ","0.57","104.82","","104.22"
"A101360","에코앤드림","12","0","KONEX","1.36","22.84","","22.53"
"A101390","아이엠","12","0","KOSDAQ","-2.23","46.23","","47.29"
"A101400","엔시트론","12","0","KOSDAQ","-3.19","58.13","","60.04"
"A101490","에스앤에스텍","12","0","KOSDAQ","3.13","175.64","","170.32"
"A101530","해태제과식품","12","0","KOSPI","0.68","216.34","","214.88"
"A101670","하이드로리튬","12","0","KOSDAQ","-1.47","25.33","","25.7"
"A101680","한국정밀기계","12","0","KOSDAQ","4.07","23.66","","22.73"
"A101730","위메이드맥스","12","0","KOSDAQ","-0.77","38.23","","38.53"
"A101930","인화정공","12","0","KOSDAQ","-0.36","51.14","","51.32"
"A101970","우양에이치씨","12","0","외감","","","",""
"A102120","어보브반도체","12","0","KOSDAQ","0.85","103.36","","102.49"
"A102260","동성케미컬","12","0","KOSPI","-0.57","238.13","","239.49"
"A102370","케이옥션","12","0","외감","","","",""
"A102460","이연제약","12","0","KOSPI","-1.36","244","","247.36"
"A102710","이엔에프테크놀로지","12","0","KOSDAQ","1.52","332.22","","327.24"
"A102940","코오롱생명과학","12","0","KOSDAQ","1.6","217.98","","214.55"
"A103140","풍산","12","1","KOSPI","0.23","601.12","","599.72"
"A103230","에스앤더블류","12","0","KOSDAQ","-4.58","25.49","","26.71"
"A103590","일진전기","12","0","KOSPI","0.32","114.76","","114.39"
"A103840","우양","12","0","KOSDAQ","-5.49","59.73","","63.2"
"A104040","디에스엠","12","0","KOSDAQ","-0.72","42.88","","43.2"
"A104200","NHN벅스","12","0","KOSDAQ","0","80.51","","80.51"
"A104460","디와이피엔에프","12","0","KOSDAQ","0.49","110.35","","109.81"
"A104480","티케이케미칼","12","0","KOSDAQ","-1.83","194.52","","198.15"
"A104540","코렌텍","12","0","KOSDAQ","0","59.61","","59.61"
"A104620","노랑풍선","12","0","KOSDAQ","3.02","73.15","","71.01"
"A104700","한국철강","12","0","KOSPI","3.74","229.79","","221.5"
"A104830","원익머트리얼즈","12","0","KOSDAQ","0.58","327.18","","325.29"
"A105330","케이엔더블유","12","0","KOSDAQ","0","23.66","","23.66"
"A105550","엣지파운드리","12","0","KOSDAQ","-1.69","52.31","","53.21"
"A105560","KB금융","12","1","KOSPI","1.2","19316.75","","19086.79"
"A105630","한세실업","12","1","KOSPI","-0.28","712","","714"
"A105740","디케이락","12","0","KOSDAQ","-2.91","74.37","","76.6"
"A105760","포스뱅크","12","0","외감","","","",""
"A105840","우진","12","0","KOSPI","0.58","87.01","","86.51"
"A106080","케이이엠텍","12","0","KOSDAQ","0","16.48","","16.48"
"A106190","하이텍팜","12","0","KOSDAQ","2.36","76.91","","75.14"
"A106240","파인테크닉스","12","0","KOSDAQ","0.33","127.33","","124.09"
"A106520","노블엠앤비","12","0","KOSDAQ","0.22","67.81","","67.66"
"A107590","미원홀딩스","12","0","KOSPI","-2.38","95.49","","97.82"
"A107600","새빗켐","12","0","외감","","","",""
"A107640","한중엔시에스","12","0","KONEX","0","17.84","","17.84"
"A108230","톱텍","12","0","KOSDAQ","0.62","357.29","","355.08"
"A108320","LX세미콘","12","0","KOSDAQ","0.57","576.57","","573.32"
"A108380","대양전기공업","12","0","KOSDAQ","0","125.33","","125.33"
"A108490","로보티즈","12","0","KOSDAQ","1.36","126.01","","124.32"
"A108670","LX하우시스","12","1","KOSPI","-0.18","511.16","","512.05"
"A108860","셀바스AI","12","0","KOSDAQ","0","83.37","","83.37"
"A109070","주성코퍼레이션","12","0","KOSPI","0","99.71","","99.71"
"A109080","옵티시스","12","0","KOSDAQ","-3.21","42.55","","43.96"
"A109610","에스와이","12","0","KOSDAQ","-2.3","100.55","","102.92"
"A109670","씨싸이트","12","0","외감","","","",""
"A109740","디에스케이","12","0","KOSDAQ","-2.31","197.64","","202.33"
"A109820","진매트릭스","12","0","KOSDAQ","-1.26","43.38","","43.94"
"A109860","동일금속","12","0","KOSDAQ","0.43","81.2","","80.85"
"A109960","앱토크롬","12","0","KOSDAQ","-4.27","104.18","","108.83"
"A110020","전진바이오팜","12","0","KOSDAQ","0.26","36.31","","36.21"
"A110790","크리스에프앤씨","12","0","KOSDAQ","0.25","230.79","","230.21"
"A110990","디아이티","12","0","KOSDAQ","0.97","157.63","","156.11"
"A111110","호전실업","12","0","KOSPI","0.98","123.2","","122"
"A111380","동인기연","12","0","외감","","","",""
"A111710","남화산업","12","0","KOSDAQ","5.79","357.2","","337.64"
"A111770","영원무역","12","1","KOSPI","1.87","1570.84","","1542.04"
"A112040","위메이드","12","0","KOSDAQ","2.34","440.16","","430.08"
"A112290","와이씨켐","12","0","외감","","","",""
"A112610","씨에스윈드","12","0","KOSPI","-0.27","649.94","","651.67"
"A113810","디젠스","12","0","KOSDAQ","0.69","19.15","","19.02"
"A114090","GKL","12","1","KOSPI","0.51","1215.46","","1209.28"
"A114190","강원에너지","12","0","KOSDAQ","-2.08","62.79","","64.12"
"A114450","그린생명과학","12","0","KOSDAQ","0.42","106.8","","106.35"
"A114630","폴라리스우노","12","0","KOSDAQ","4.36","51.99","","49.82"
"A114810","한솔아이원스","12","0","KOSDAQ","-3.75","61.91","","64.33"
"A114840","아이패밀리에스씨","12","0","외감","","","",""
"A115160","휴맥스","12","0","KOSDAQ","-0.22","109.99","","110.23"
"A115180","큐리언트","12","0","KOSDAQ","0","197.96","","197.96"
"A115310","인포바인","12","0","KOSDAQ","0.94","68.33","","67.69"
"A115440","우리넷","12","0","KOSDAQ","-3.18","97.31","","100.51"
"A115450","HLB테라퓨틱스","12","0","KOSDAQ","1.81","693.53","","680.78"
"A115480","씨유메디칼","12","0","KOSDAQ","2.24","46.16","","45.15"
"A115500","케이씨에스","12","0","KOSDAQ","-1.38","51.42","","52.14"
"A115530","씨엔플러스","12","0","KOSDAQ","0","50.42","","50.42"
"A115570","스타플렉스","12","0","KOSDAQ","1.6","45.05","","44.34"
"A115610","이미지스","12","0","KOSDAQ","1.06","21.9","","21.67"
"A117580","대성에너지","12","0","KOSPI","0.55","149.6","","148.78"
"A117670","알파칩스","12","0","KOSDAQ","-0.92","110.29","","111.31"
"A117730","티로보틱스","12","0","KOSDAQ","-0.92","59.98","","60.54"
"A118000","메타케어","12","0","KOSPI","-3.58","57.02","","59.13"
"A118990","모트렉스","12","0","KOSDAQ","-0.5","80.66","","81.07"
"A119500","포메탈","12","0","KOSDAQ","-1.07","32.82","","33.17"
"A119610","인터로조","12","0","KOSDAQ","-0.96","292.12","","294.96"
"A119650","KC코트렐","12","0","KOSPI","-1.52","84.24","","85.54"
"A119830","아이텍","12","0","KOSDAQ","3.46","56.33","","54.44"
"A119850","지엔씨에너지","12","0","KOSDAQ","0.12","67.79","","67.71"
"A120030","조선선재","12","0","KOSPI","-0.62","101.24","","101.87"
"A120110","코오롱인더","12","1","KOSPI","1.85","1335.45","","1311.17"
"A120240","대정화금","12","0","KOSDAQ","-0.66","107.57","","108.28"
"A121440","골프존홀딩스","12","0","KOSDAQ","0.14","155.5","","155.28"
"A121600","나노신소재","12","0","KOSDAQ","-2.41","175.74","","180.08"
"A121800","비덴트","12","0","KOSDAQ","-1.89","360.96","","367.93"
"A121850","코이즈","12","0","KOSDAQ","-0.33","23.43","","23.5"
"A121890","에스디시스템","12","0","KOSDAQ","-1.41","22.08","","22.39"
"A122310","제노레이","12","0","KOSDAQ","0.71","104.07","","103.33"
"A122350","삼기","12","0","KOSDAQ","-1.05","73.56","","74.34"
"A122450","KX","12","0","KOSDAQ","-1.73","115.92","","117.95"
"A122640","예스티","12","0","KOSDAQ","3.63","179.94","","173.64"
"A122690","서진오토모티브","12","0","KOSDAQ","0.93","42.5","","42.11"
"A122870","와이지엔터테인먼트","12","0","KOSDAQ","1.05","437.65","","433.1"
"A122900","아이마켓코리아","12","0","KOSPI","0.48","379.2","","377.41"
"A122990","와이솔","12","0","KOSDAQ","-1.01","415.31","","419.54"
"A123010","알엔티엑스","12","0","KOSDAQ","2.29","42.32","","41.37"
"A123040","엠에스오토텍","12","0","KOSDAQ","0.58","176.79","","175.78"
"A123330","제닉","12","0","KOSDAQ","-0.2","34.9","","34.97"
"A123410","코리아에프티","12","0","KOSDAQ","0","79.21","","79.21"
"A123420","위메이드플레이","12","0","KOSDAQ","-5.37","219.15","","231.59"
"A123570","이엠넷","12","0","KOSDAQ","5.32","77.19","","73.29"
"A123690","한국화장품","12","0","KOSPI","0","125.33","","125.33"
"A123700","SJM","12","0","KOSPI","-2.45","52.82","","54.15"
"A123750","알톤","12","0","KOSDAQ","-7.77","16.63","","18.04"
"A123840","뉴온","12","0","KOSDAQ","4.29","61.55","","59.02"
"A123860","아나패스","12","0","KOSDAQ","4.21","275.98","","264.84"
"A123890","한국자산신탁","12","0","KOSPI","-1.14","392.73","","397.24"
"A124500","아이티센글로벌","12","0","KOSDAQ","1.9","86.62","","85"
"A124560","태웅로직스","12","0","외감","","","",""
"A125020","티씨머티리얼즈","12","0","외감","","","",""
"A125210","아모그린텍","12","0","KOSDAQ","-0.2","163.65","","163.98"
"A125490","한라캐스트","12","0","외감","","","",""
"A126340","비나텍","12","0","KONEX","-0.26","80.6","","80.81"
"A126560","현대퓨처넷","12","0","KOSPI","-0.83","402.97","","406.36"
"A126600","BGF에코머티리얼즈","12","0","KOSDAQ","0.31","67.25","","67.04"
"A126640","화신정공","12","0","KOSDAQ","1.78","41.65","","40.92"
"A126700","하이비젼시스템","12","0","KOSDAQ","5.99","171.83","","162.12"
"A126720","수산인더스트리","12","0","외감","","","",""
"A126730","코칩","12","0","외감","","","",""
"A126880","제이엔케이글로벌","12","0","KOSDAQ","-0.52","103.57","","104.11"
"A127120","제이에스링크","12","0","KOSDAQ","-0.14","40.4","","40.45"
"A127710","아시아경제","12","0","KOSDAQ","-0.5","50.63","","50.89"
"A127980","화인써키트","12","0","외감","","","",""
"A128540","에코캡","12","0","KOSDAQ","0.56","39.31","","39.09"
"A128660","피제이메탈","12","0","KOSDAQ","-2.07","58.66","","59.9"
"A128820","대성산업","12","0","KOSPI","0.45","150.63","","149.96"
"A128940","한미약품","12","1","KOSPI","-0.16","3721.7","","3727.51"
"A129260","인터지스","12","0","KOSPI","-0.23","64.4","","64.55"
"A129890","앱코","12","0","외감","","","",""
"A129920","대성하이텍","12","0","외감","","","",""
"A130500","GH신소재","12","0","KOSDAQ","9.26","35.04","","32.07"
"A130580","나이스디앤비","12","0","KOSDAQ","1.58","129.05","","127.05"
"A130660","한전산업","12","0","KOSPI","-1.11","116.22","","117.52"
"A130740","티피씨글로벌","12","0","KOSDAQ","-0.8","25.6","","25.81"
"A131030","옵투스제약","12","0","KOSDAQ","-0.53","123.57","","124.24"
"A131090","시큐브","12","0","KOSDAQ","0.72","53.39","","53.01"
"A131100","티엔엔터테인먼트","12","0","KOSDAQ","-4.43","78.88","","82.54"
"A131180","딜리","12","0","KOSDAQ","-0.83","52.39","","52.83"
"A131220","대한과학","12","0","KOSDAQ","-0.19","38.69","","38.76"
"A131290","티에스이","12","0","KOSDAQ","0.72","93.47","","92.81"
"A131370","알서포트","12","0","KOSDAQ","1.75","139.56","","137.16"
"A131400","이브이첨단소재","12","0","KOSDAQ","-0.79","76.41","","77.02"
"A131760","파인텍","12","0","KOSDAQ","1","108.59","","107.52"
"A131970","두산테스나","12","0","KOSDAQ","-3.04","251.4","","259.27"
"A133750","메가엠디","12","0","KOSDAQ","1.95","78.41","","76.91"
"A133820","화인베스틸","12","0","KOSPI","-0.39","75.06","","75.35"
"A134060","이퓨쳐","12","0","KOSDAQ","0","31.48","","31.48"
"A134380","미원화학","12","0","KOSPI","-0.46","95.7","","96.14"
"A134580","탑코미디어","12","0","KOSDAQ","-1.95","25.43","","25.93"
"A134790","시디즈","12","0","KOSPI","0.63","80.4","","79.9"
"A136150","원일티엔아이","12","0","외감","","","",""
"A136410","아셈스","12","0","외감","","","",""
"A136480","하림","12","0","KOSDAQ","0.19","233.02","","232.58"
"A136490","선진","12","0","KOSPI","0.63","227.33","","225.91"
"A136540","윈스테크넷","12","0","KOSDAQ","-0.83","145.67","","146.89"
"A137080","나래나노텍","12","0","외감","","","",""
"A137310","에스디바이오센서","12","0","외감","","","",""
"A137400","피엔티","12","0","KOSDAQ","2.1","121.32","","118.82"
"A137940","넥스트아이","12","0","KOSDAQ","0","88.3","","88.3"
"A137950","제이씨케미칼","12","0","KOSDAQ","7.22","128.59","","119.93"
"A138040","메리츠금융지주","12","0","KOSPI","0.4","1752.8","","1745.79"
"A138070","신진에스엠","12","0","KOSDAQ","0.19","48.09","","48"
"A138080","오이솔루션","12","0","KOSDAQ","-4.13","341.31","","356.02"
"A138360","앤로보틱스","12","0","KOSDAQ","0","122.16","","122.16"
"A138610","나이벡","12","0","KOSDAQ","-0.1","98.34","","98.44"
"A138930","BNK금융지주","12","1","KOSPI","0.14","2297.84","","2294.58"
"A139130","iM금융지주","12","0","KOSPI","0.56","1211.08","","1204.32"
"A139480","이마트","12","1","KOSPI","1.57","3609.92","","3554.17"
"A139670","키네마스터","12","0","KOSDAQ","-3.49","77.54","","80.34"
"A139990","아주스틸","12","0","외감","","","",""
"A140070","서플러스글로벌","12","0","KOSDAQ","-0.22","85.07","","85.26"
"A140410","메지온","12","0","KOSDAQ","-6.08","1210.13","","1288.48"
"A140430","카티스","12","0","외감","","","",""
"A140520","대창스틸","12","0","KOSDAQ","-2.07","52.1","","53.2"
"A140670","알에스오토메이션","12","0","KOSDAQ","-2","80.29","","81.93"
"A140860","파크시스템스","12","0","KOSDAQ","-1.25","237.28","","240.28"
"A141000","비아트론","12","0","KOSDAQ","-0.56","108.43","","109.03"
"A141080","리가켐바이오","12","0","KOSDAQ","0.74","508.25","","504.54"
"A142210","유니트론텍","12","0","KOSDAQ","-1.37","64.62","","65.51"
"A142280","녹십자엠에스","12","0","KOSDAQ","-21.79","50.39","","64.44"
"A142760","모아라이프플러스","12","0","KOSDAQ","-3.54","125.37","","129.97"
"A143160","아이디스","12","0","KOSDAQ","3.03","363.82","","353.11"
"A143210","핸즈코퍼레이션","12","0","KOSPI","-1.17","148.01","","149.76"
"A143240","사람인","12","0","KOSDAQ","4.83","365.9","","349.03"
"A143540","영우디에스피","12","0","KOSDAQ","-0.29","52.08","","52.23"
"A144510","지씨셀","12","0","KOSDAQ","-0.47","337.73","","339.31"
"A144960","뉴파워프라즈마","12","0","KOSDAQ","6.06","173.26","","163.36"
"A145020","휴젤","12","0","KOSDAQ","-0.48","1897.9","","1907.11"
"A145170","노브랜드","12","0","외감","","","",""
"A145210","다이나믹디자인","12","0","KOSPI","0","87.91","","87.91"
"A145720","덴티움","12","0","KOSPI","-0.54","613.21","","616.53"
"A145990","삼양사","12","1","KOSPI","-0.6","509.35","","512.43"
"A146060","율촌","12","0","외감","","","",""
"A146320","비씨엔씨","12","0","외감","","","",""
"A147760","피엠티","12","0","KOSDAQ","-2.08","50.96","","52.04"
"A147830","제룡산업","12","0","KOSDAQ","-1.41","55.9","","56.7"
"A148150","세경하이테크","12","0","KOSDAQ","5.22","386.83","","367.63"
"A148250","알엔투테크놀로지","12","0","KOSDAQ","-3.7","73.19","","76"
"A148780","비큐AI","12","0","KONEX","0","9.44","","9.44"
"A148930","에이치와이티씨","12","0","외감","","","",""
"A149950","아바텍","12","0","KOSDAQ","1.66","124.24","","122.21"
"A149980","하이로닉","12","0","KOSDAQ","-5.7","72.33","","76.7"
"A150900","파수AI","12","0","KOSDAQ","-2.07","34.01","","34.73"
"A151860","KG에코솔루션","12","0","KOSDAQ","-3.45","120.96","","125.28"
"A153460","네이블","12","0","KOSDAQ","1.8","33.24","","32.65"
"A153490","우리이앤엘하루틴","12","0","KOSDAQ","1.49","37.28","","36.73"
"A153710","옵티팜","12","0","KOSDAQ","-0.11","129.69","","129.83"
"A154030","아시아종묘","12","0","KOSDAQ","0","51.61","","51.61"
"A154040","다산솔루에타","12","0","KOSDAQ","-2.37","37.38","","38.29"
"A155650","와이엠씨","12","0","KOSDAQ","-0.81","85.89","","86.59"
"A155660","DSR","12","0","KOSPI","-0.61","65.2","","65.6"
"A156100","엘앤케이바이오","12","0","KOSDAQ","0","75.56","","75.56"
"A158430","아톤","12","0","KOSDAQ","4.55","173.74","","166.18"
"A159010","아스플로","12","0","외감","","","",""
"A159580","제로투세븐","12","0","KOSDAQ","-6.27","188.71","","201.33"
"A159910","에코글로우","12","0","KOSDAQ","-3.25","48.09","","49.7"
"A160190","하이젠알앤엠","12","0","외감","","","",""
"A160550","NEW","12","0","KOSDAQ","1.71","116.09","","114.14"
"A160980","싸이맥스","12","0","KOSDAQ","1.94","105.66","","103.65"
"A161000","애경케미칼","12","0","KOSPI","1.16","250.55","","247.67"
"A161390","한국타이어앤테크놀로지","12","1","KOSPI","-1.01","4261.3","","4304.66"
"A161580","필옵틱스","12","0","KOSDAQ","-0.47","185.42","","186.29"
"A161890","한국콜마","12","1","KOSPI","0.7","994.19","","987.32"
"A162300","신스틸","12","0","외감","","","",""
"A163280","에어레인","12","0","외감","","","",""
"A163560","동일고무벨트","12","0","KOSPI","-2.47","73.69","","75.56"
"A163730","핑거","12","0","외감","","","",""
"A166090","하나머티리얼즈","12","0","KOSDAQ","2.8","323.86","","315.02"
"A166480","코아스템켐온","12","0","KOSDAQ","-1.81","144.76","","147.43"
"A168330","내츄럴엔도텍","12","0","KOSDAQ","-2.41","83.7","","85.76"
"A168360","펨트론","12","0","외감","","","",""
"A169330","엠브레인","6","0","외감","","","",""
"A170030","현대공업","12","0","KOSDAQ","-2.84","47.25","","48.63"
"A170790","파이오링크","12","0","KOSDAQ","2.19","51.08","","49.98"
"A170900","동아에스티","12","1","KOSPI","0","878.16","","878.16"
"A170920","엘티씨","12","0","KOSDAQ","-0.93","80.09","","80.84"
"A171010","램테크놀러지","12","0","KOSDAQ","3.62","86.21","","83.2"
"A171090","선익시스템","12","0","KOSDAQ","-0.26","69.02","","69.2"
"A171120","라이온켐텍","12","0","KOSDAQ","0.62","148.7","","147.79"
"A172670","에이엘티","12","0","외감","","","",""
"A173130","오파스넷","12","0","KOSDAQ","-1.23","25.85","","26.17"
"A173940","에프엔씨엔터","12","0","KOSDAQ","1.12","104","","102.85"
"A174900","앱클론","12","0","KOSDAQ","-3.15","242.91","","250.8"
"A175140","아고스","12","0","KOSDAQ","0","43.66","","43.66"
"A175250","아이큐어","12","0","KOSDAQ","-6.34","208.45","","222.56"
"A175330","JB금융지주","12","0","KOSPI","1.12","1071.59","","1059.77"
"A176750","듀켐바이오","12","0","KONEX","1.89","95.67","","93.9"
"A177350","베셀","12","0","KOSDAQ","-2.14","40.91","","41.8"
"A177830","파버나인","12","0","KOSDAQ","0.89","61.21","","60.67"
"A177900","쓰리에이로직스","12","0","외감","","","",""
"A178320","서진시스템","12","0","KOSDAQ","0","442.56","","442.56"
"A178780","일월지엠엘","12","0","KOSDAQ","-2.18","60.54","","61.89"
"A178920","PI첨단소재","12","0","KOSDAQ","-3.32","983.77","","1017.54"
"A179290","엠아이텍","12","0","KOSDAQ","-0.13","120.63","","120.78"
"A179530","애드바이오텍","12","0","외감","","","",""
"A179900","유티아이","12","0","KOSDAQ","-2.01","309.37","","315.71"
"A180400","DXVX","12","0","KOSDAQ","0","171.29","","171.29"
"A180640","한진칼","12","0","KOSPI","0","1943.75","","1943.75"
"A181710","NHN","12","0","KOSPI","0.32","1228.68","","1224.77"
"A182360","큐브엔터","12","0","KOSDAQ","8.62","144.03","","132.6"
"A182400","엔케이젠바이오텍코리아","12","0","KOSDAQ","0","320.12","","320.12"
"A183190","아세아시멘트","12","0","KOSPI","0.9","305.04","","302.31"
"A183300","코미코","12","0","KOSDAQ","-0.8","218.5","","220.25"
"A183490","엔지켐생명과학","12","0","KOSDAQ","0","435.35","","435.35"
"A184230","SGA솔루션즈","12","0","KOSDAQ","-0.38","48.23","","48.41"
"A185490","아이진","12","0","KOSDAQ","-0.96","118.29","","119.44"
"A185750","종근당","12","1","KOSPI","2.18","970.66","","949.92"
"A186230","그린플러스","12","0","KOSDAQ","7.88","51.73","","47.95"
"A187220","디티앤씨","12","0","KOSDAQ","-1.5","78.85","","80.06"
"A187270","신화콘텍","12","0","KOSDAQ","-1.42","28.25","","28.66"
"A187420","HLB제넥스","12","0","KOSDAQ","-3.32","139.76","","144.57"
"A187660","페니트리움바이오","12","0","외감","","","",""
"A187790","나노","12","0","KOSDAQ","0.54","48.24","","47.98"
"A187870","디바이스","12","0","KOSDAQ","3.04","80.37","","77.99"
"A188040","바이오포트","12","0","외감","","","",""
"A188260","세니젠","12","0","외감","","","",""
"A189300","인텔리안테크","12","0","KOSDAQ","5.81","240.16","","226.97"
"A189330","씨이랩","12","0","KONEX","0","46.98","","46.98"
"A189690","포시에스","6","0","KOSDAQ","-1.32","47.05","","47.68"
"A189860","서전기전","12","0","KOSDAQ","1.4","35.21","","34.72"
"A189980","흥국에프엔비","12","0","KOSDAQ","-2.93","66.81","","68.82"
"A190510","나무가","12","0","KOSDAQ","3.03","157.72","","153.09"
"A190650","코리아에셋투자증권","3","0","KOSDAQ","9.3","75.06","","68.67"
"A191410","육일씨엔에쓰","12","0","KOSDAQ","-0.22","21.16","","21.21"
"A191420","테고사이언스","12","0","KOSDAQ","0","177.88","","177.88"
"A192080","더블유게임즈","12","0","KOSPI","-0.1","877.42","","878.33"
"A192250","케이사인","12","0","KOSDAQ","-2.93","75.02","","77.28"
"A192390","윈하이텍","12","0","KOSDAQ","-1.74","34.69","","35.31"
"A192400","쿠쿠홀딩스","12","1","KOSPI","0.5","718.36","","714.8"
"A192410","오늘이엔엠","12","0","KOSDAQ","0","9.97","","9.97"
"A192440","슈피겐코리아","12","0","KOSDAQ","-3.38","302.12","","312.68"
"A192650","드림텍","12","0","KOSPI","-0.85","354.79","","357.61"
"A192820","코스맥스","12","1","KOSPI","2.39","773.81","","755.72"
"A193250","링크드","12","0","KOSDAQ","-0.3","75.07","","75.3"
"A194370","제이에스코퍼레이션","12","0","KOSPI","-0.39","172.03","","172.7"
"A194480","데브시스터즈","12","0","KOSDAQ","-1.57","84.26","","85.6"
"A194700","노바렉스","12","0","KOSDAQ","-1.2","184.58","","186.83"
"A195500","마니커에프앤지","12","0","KOSDAQ","-3.98","82.71","","86.14"
"A195870","해성디에스","12","0","KOSPI","1.8","239.7","","235.45"
"A195940","HK이노엔","12","0","외감","","","",""
"A195990","루트K","12","0","KOSDAQ","-3.35","131.46","","136.02"
"A196170","알테오젠","12","0","KOSDAQ","-3.06","590.87","","609.56"
"A196300","HLB펩","12","0","KOSDAQ","-2.27","45.3","","46.35"
"A196450","코아시아씨엠","12","0","KOSDAQ","-1.38","97.22","","98.58"
"A196490","디에이테크놀로지","12","0","KOSDAQ","-0.85","95.18","","95.99"
"A196700","웹스","12","0","KOSDAQ","0.26","26.03","","25.96"
"A197140","디지캡","12","0","KOSDAQ","-2.34","29.27","","29.97"
"A198080","캐프","12","0","외감","","","",""
"A198440","강동씨앤엘","12","0","KOSDAQ","0.96","100.9","","99.94"
"A198940","한주라이트메탈","12","0","외감","","","",""
"A199430","케이엔알시스템","12","0","외감","","","",""
"A199480","뱅크웨어글로벌","12","0","외감","","","",""
"A199550","레이저옵텍","12","0","외감","","","",""
"A199730","바이오인프라","12","0","외감","","","",""
"A199800","툴젠","12","0","KONEX","0.2","331.03","","330.37"
"A199820","제일일렉트릭","12","0","외감","","","",""
"A200130","콜마비앤에이치","12","0","KOSDAQ","0","747.45","","747.45"
"A200230","텔콘RF제약","12","0","KOSDAQ","3.04","675.57","","655.56"
"A200350","아티스트스튜디오","12","0","KONEX","4.71","15.92","","15.21"
"A200470","에이팩트","12","0","KOSDAQ","-0.1","86.8","","86.89"
"A200670","휴메딕스","12","0","KOSDAQ","0.87","231.33","","229.34"
"A200710","에이디테크놀로지","12","0","KOSDAQ","-6.67","103.73","","111.14"
"A200780","비씨월드제약","12","0","KOSDAQ","0","112.12","","112.12"
"A200880","서연이화","12","0","KOSPI","0.72","132.98","","132.03"
"A201490","미투온","12","0","KOSDAQ","0.65","195.05","","193.8"
"A203400","에이비온","12","0","KONEX","0","84.38","","84.38"
"A203450","유니온바이오메트릭스","12","0","KOSDAQ","-0.38","38.09","","38.24"
"A203650","드림시큐리티","12","0","KOSDAQ","-10.38","100.44","","112.07"
"A203690","아크솔루션스","12","0","KOSDAQ","-2.12","169","","172.66"
"A204020","그리티","12","0","KOSDAQ","-1.87","52.99","","54"
"A204270","제이앤티씨","12","0","외감","","","",""
"A204320","HL만도","12","1","KOSPI","-0.86","1624.72","","1638.8"
"A204610","티쓰리","12","0","외감","","","",""
"A204620","글로벌텍스프리","12","0","KOSDAQ","-0.92","119.96","","121.08"
"A204840","지엘팜텍","12","0","KOSDAQ","0.38","47.24","","47.06"
"A205100","엑셈","12","0","KOSDAQ","0","91.48","","91.48"
"A205470","휴마시스","12","0","KOSDAQ","0","38.84","","38.84"
"A205500","넥써쓰","12","0","KOSDAQ","2.47","43.97","","42.91"
"A206400","베노티앤알","12","0","KOSDAQ","0","59.07","","59.07"
"A206560","덱스터","12","0","KOSDAQ","-11.53","196.77","","222.41"
"A206640","바디텍메드","12","0","KOSDAQ","1.43","199.25","","196.43"
"A206650","유바이오로직스","12","0","KOSDAQ","-1.37","173.35","","175.76"
"A207760","미스터블루","12","0","KOSDAQ","-0.7","172.76","","173.99"
"A207940","삼성바이오로직스","12","1","KOSPI","-1.53","25473.53","","25870.52"
"A208140","정다운","12","0","KOSDAQ","-0.61","50.5","","50.81"
"A208350","지란지교시큐리티","12","0","KOSDAQ","-0.66","46.8","","47.11"
"A208370","셀바스헬스케어","12","0","KOSDAQ","-2.15","28.69","","29.32"
"A208640","썸에이지","12","0","KOSDAQ","-0.17","57.3","","57.4"
"A208710","포톤","12","0","KOSDAQ","1.46","50.23","","49.51"
"A208860","다산디엠씨","12","0","KOSDAQ","-1.62","59.42","","60.4"
"A209640","와이제이링크","12","0","외감","","","",""
"A210120","캔버스엔","12","0","KONEX","-3.18","11.54","","11.92"
"A210540","디와이파워","12","0","KOSPI","-0.53","104.56","","105.12"
"A210980","SK디앤디","12","0","KOSPI","0.5","573.5","","570.65"
"A211050","인카금융서비스","12","0","KONEX","-14.55","24.81","","29.03"
"A211270","AP위성","12","0","KOSDAQ","0.31","98.2","","97.9"
"A212560","네오오토","12","0","KOSDAQ","1.08","36.93","","36.54"
"A212710","아이에스티이","12","0","외감","","","",""
"A213420","덕산네오룩스","12","0","KOSDAQ","-0.24","495.81","","497.01"
"A213500","한솔제지","12","0","KOSPI","0","345.11","","345.11"
"A214150","클래시스","12","0","KOSDAQ","-5.49","1037.64","","1097.93"
"A214180","헥토이노베이션","12","0","KOSDAQ","-0.29","214.97","","215.6"
"A214260","라파스","12","0","KOSDAQ","-3.47","125.33","","129.83"
"A214270","FSN","12","0","KOSDAQ","-0.83","112.91","","113.86"
"A214320","이노션","12","1","KOSPI","-1.99","1278","","1304"
"A214330","금호에이치티","12","0","KOSPI","-8.06","168.11","","182.85"
"A214370","케어젠","12","0","KOSDAQ","0","821.84","","821.84"
"A214390","경보제약","12","0","KOSPI","0.12","195.32","","195.08"
"A214420","토니모리","12","0","KOSPI","0.44","160.7","","159.99"
"A214430","아이쓰리시스템","12","0","KOSDAQ","0.31","114.42","","114.06"
"A214450","파마리서치","12","0","KOSDAQ","0.15","312.44","","311.96"
"A214610","롤링스톤","12","0","KONEX","2.95","85.27","","82.83"
"A214680","디알텍","12","0","KOSDAQ","1.17","84.48","","83.5"
"A215000","골프존","12","0","KOSDAQ","0.7","449.32","","446.18"
"A215090","솔디펜스","12","0","KOSDAQ","0.29","34","","33.9"
"A215100","로보로보","12","0","KOSDAQ","-1.91","82.05","","83.65"
"A215200","메가스터디교육","12","0","KOSDAQ","0","425.59","","425.59"
"A215360","우리산업","12","0","KOSDAQ","0","167.58","","167.58"
"A215380","콜마바이오텍","12","0","KOSDAQ","-3.86","59.01","","61.38"
"A215480","토박스코리아","12","0","KOSDAQ","-0.37","54.35","","54.55"
"A215600","신라젠","12","0","KOSDAQ","-3.13","1211.44","","1250.52"
"A215790","이노인스트루먼트","12","0","KOSDAQ","-3.32","67.85","","70.18"
"A216050","인크로스","12","0","KOSDAQ","-0.44","182.89","","183.69"
"A216080","제테마","12","0","KOSDAQ","-2.92","173.89","","179.11"
"A217190","제너셈","12","0","KOSDAQ","0.35","25.43","","25.34"
"A217270","넵튠","12","0","KOSDAQ","1.41","168.5","","166.16"
"A217330","싸이토젠","12","0","KOSDAQ","0","62.25","","62.25"
"A217480","에스디생명공학","12","0","KOSDAQ","-0.2","109.61","","109.83"
"A217500","러셀","12","0","KOSDAQ","0.77","62.83","","62.35"
"A217590","티엠씨","12","0","외감","","","",""
"A217730","강스템바이오텍","12","0","KOSDAQ","0.94","157","","155.54"
"A217820","원익피앤이","12","0","KOSDAQ","0","55.37","","55.37"
"A218150","미래생명자원","12","0","KOSDAQ","-2.2","49.76","","50.88"
"A218410","RFHIC","12","0","KOSDAQ","-0.58","814.36","","819.11"
"A219130","타이거일렉","12","0","KOSDAQ","-0.31","30.28","","30.37"
"A219420","링크제니시스","12","0","KOSDAQ","-1.8","76.4","","77.8"
"A219550","디와이디","12","0","KOSDAQ","-0.74","53.48","","53.88"
"A219750","한국비티비","12","0","KOSDAQ","-2.97","44.28","","45.63"
"A220100","퓨쳐켐","12","0","KOSDAQ","4.14","86.81","","83.36"
"A220180","폴라리스AI핸디","12","0","KOSDAQ","1","38.99","","38.61"
"A220260","켐트로스","12","0","KOSDAQ","1.53","78.71","","77.52"
"A221800","지구홀딩스","12","0","KONEX","0","19.01","","19.01"
"A221840","하이즈항공","12","0","KOSDAQ","-1.12","85.74","","86.71"
"A221980","케이디켐","12","0","KOSDAQ","1.66","49.43","","48.62"
"A222040","코스맥스엔비티","12","0","KOSDAQ","3.51","121.71","","117.58"
"A222080","SFA넥셀","12","0","KOSDAQ","-1.12","117.97","","119.31"
"A222110","팬젠","12","0","KOSDAQ","-1.21","86.68","","87.74"
"A222160","NPX","12","0","KONEX","0","11.56","","11.56"
"A222420","쎄노텍","12","0","KOSDAQ","2.48","82.93","","80.92"
"A222800","심텍","12","0","KOSDAQ","-3.6","243.46","","252.56"
"A222980","한국맥널티","12","0","KOSDAQ","0.99","40.7","","40.3"
"A223250","드림씨아이에스","12","0","외감","","","",""
"A223310","사토시홀딩스","12","0","KOSDAQ","-1.6","22.63","","23"
"A224060","더코디","12","0","KOSDAQ","-0.7","82.71","","83.3"
"A224110","에이텍모빌리티","12","0","KOSDAQ","5","48.22","","45.92"
"A225190","LK삼양","12","0","KOSDAQ","0.78","130.03","","129.02"
"A225220","제놀루션","12","0","KONEX","0.42","22.81","","22.72"
"A225430","케이엠제약","12","0","KOSDAQ","0.23","45.98","","45.88"
"A225530","HC보광산업","12","0","KOSDAQ","4.6","187.55","","179.3"
"A225570","넥슨게임즈","12","0","KOSDAQ","-0.14","176.4","","176.64"
"A225590","패션플랫폼","12","0","KOSDAQ","-1.2","33.03","","33.43"
"A226320","잇츠한불","12","0","KOSPI","0.29","383.76","","382.67"
"A226330","신테카바이오","12","0","외감","","","",""
"A226340","본느","12","0","KOSDAQ","-1.75","120.8","","122.95"
"A226400","오스테오닉","12","0","KOSDAQ","1.55","30.54","","30.07"
"A226590","엠디바이스","12","0","외감","","","",""
"A226950","올릭스","12","0","KOSDAQ","0.55","238.02","","236.72"
"A227100","프로브잇","12","0","KOSDAQ","0.7","26.74","","26.56"
"A227610","아우딘퓨쳐스","12","0","KOSDAQ","-0.52","76.7","","77.1"
"A227840","현대코퍼레이션홀딩스","12","0","KOSPI","0.42","108.75","","108.3"
"A227950","엔투텍","12","0","KOSDAQ","-3.39","33.35","","34.52"
"A228340","동양파일","12","0","KOSDAQ","1.31","69.4","","68.5"
"A228670","레이","12","0","KOSDAQ","-2.55","228.54","","234.53"
"A228760","지노믹트리","12","0","KOSDAQ","0","417.71","","417.71"
"A228850","레이언스","12","0","KOSDAQ","1.24","202.41","","199.92"
"A229000","젠큐릭스","12","0","KONEX","-3.55","80.62","","83.59"
"A229640","LS에코에너지","12","0","KOSPI","-0.13","234.28","","234.59"
"A230240","에치에프알","12","0","KOSDAQ","1","301.95","","298.95"
"A230360","에코마케팅","12","0","KOSDAQ","-0.76","528.9","","532.95"
"A232140","와이씨","12","0","KOSDAQ","-5.12","206.06","","217.19"
"A232680","라온로보틱스","12","0","KONEX","5.29","15.91","","15.11"
"A232830","아이티센피엔에스","12","0","KONEX","-6.36","13.01","","13.89"
"A234030","싸이닉솔루션","12","0","외감","","","",""
"A234080","JW생명과학","12","0","KOSPI","-1.08","288.98","","292.15"
"A234100","폴라리스세원","12","0","KOSDAQ","1","56.74","","56.18"
"A234300","에스트래픽","12","0","KOSDAQ","1.44","83.69","","82.49"
"A234340","헥토파이낸셜","12","0","KOSDAQ","1.03","272.45","","269.67"
"A234690","녹십자웰빙","12","0","KOSDAQ","-0.71","174.15","","175.39"
"A234920","자이글","12","0","KOSDAQ","0.15","89.71","","89.57"
"A235980","메드팩토","12","0","외감","","","",""
"A236200","슈프리마","12","0","KOSDAQ","2.02","216.6","","212.3"
"A236810","엔비티","12","0","외감","","","",""
"A237690","에스티팜","12","0","KOSDAQ","0.73","387.11","","384.31"
"A237750","피앤씨테크","12","0","KOSDAQ","0","36.84","","36.84"
"A237820","플레이디","12","0","외감","","","",""
"A237880","클리오","12","0","KOSDAQ","0","307.97","","307.97"
"A238090","앤디포스","12","0","KOSDAQ","-5.65","245.03","","259.71"
"A238120","얼라인드","12","0","KOSDAQ","0","42.42","","42.42"
"A238200","비피도","12","0","KOSDAQ","0.2","104.7","","104.5"
"A238490","힘스","12","0","KOSDAQ","-1.41","138.86","","140.84"
"A239340","이스트에이드","12","0","KOSDAQ","-3.57","124.84","","129.46"
"A239610","에이치엘사이언스","12","0","KOSDAQ","0.73","283.33","","281.28"
"A239890","피엔에이치테크","12","0","KONEX","0","19.57","","19.57"
"A240550","동방메디컬","12","0","외감","","","",""
"A240600","유진테크놀로지","12","0","외감","","","",""
"A240810","원익IPS","12","0","KOSDAQ","0.49","1514.24","","1506.88"
"A241520","DSC인베스트먼트","12","0","KOSDAQ","-1.19","60.16","","60.88"
"A241560","두산밥캣","12","1","KOSPI","2.2","3253.09","","3182.91"
"A241590","화승엔터프라이즈","12","0","KOSPI","-1.18","1017.02","","1029.12"
"A241690","유니테크노","12","0","KOSDAQ","1.49","114.03","","112.36"
"A241710","코스메카코리아","12","0","KOSDAQ","0.91","118.55","","117.48"
"A241770","메카로","12","0","KOSDAQ","-1.15","130.47","","131.98"
"A241790","티이엠씨씨엔에스","12","0","KOSDAQ","-1.06","91.34","","92.32"
"A241820","피씨엘","12","0","KOSDAQ","2.68","80.34","","78.24"
"A241840","에이스토리","12","0","KOSDAQ","-1","83.03","","83.86"
"A242040","나무에이엑스","12","0","KOSDAQ","-1.89","75.76","","77.22"
"A243070","휴온스","12","0","KOSDAQ","-0.19","484.22","","485.12"
"A243840","신흥에스이씨","12","0","KOSDAQ","2.26","251.58","","246.02"
"A244460","올리패스","12","0","KOSDAQ","-0.53","297.43","","299.01"
"A244920","에이플러스에셋","12","0","외감","","","",""
"A245620","EDGC","12","0","KOSDAQ","0.2","183.76","","183.4"
"A246250","에스엘에스바이오","12","0","KONEX","0","38.24","","38.24"
"A246690","TS인베스트먼트","12","0","KOSDAQ","-2.44","53.81","","55.16"
"A246710","티앤알바이오팹","12","0","KOSDAQ","-0.43","77.71","","78.04"
"A246720","아스타","12","0","KOSDAQ","0.17","68.55","","68.44"
"A246960","SCL사이언스","12","0","KOSDAQ","0","67.09","","67.09"
"A247540","에코프로비엠","12","0","KOSDAQ","4.92","1095.63","","1044.24"
"A247660","나노씨엠에스","12","0","외감","","","",""
"A248070","솔루엠","12","0","외감","","","",""
"A248170","샘표식품","12","0","KOSPI","1.45","143.67","","141.62"
"A249420","일동제약","12","0","KOSPI","-0.31","363.86","","364.99"
"A250000","보라티알","12","0","KOSDAQ","4.81","69.2","","66.02"
"A250060","모비스","12","0","KOSDAQ","0","75.12","","75.12"
"A250930","예선테크","12","0","KOSDAQ","-4.43","80.84","","84.58"
"A251120","바이오에프디엔씨","12","0","외감","","","",""
"A251270","넷마블","12","1","KOSPI","1.38","7562.55","","7459.66"
"A251370","와이엠티","12","0","KOSDAQ","-2.19","198.46","","202.9"
"A251630","브이원텍","12","0","KOSDAQ","0.49","124.17","","123.57"
"A251970","펌텍코리아","12","0","KOSDAQ","4.11","235.6","","226.3"
"A252500","세화피앤씨","12","0","KOSDAQ","-1.83","55.49","","56.53"
"A252990","샘씨엔에스","12","0","외감","","","",""
"A253450","스튜디오드래곤","12","0","KOSDAQ","-6.35","2194.24","","2343.14"
"A253590","네오셈","12","0","KOSDAQ","0.4","46.92","","46.73"
"A253840","수젠텍","12","0","KOSDAQ","1.9","76.26","","74.84"
"A254120","자비스","12","0","KOSDAQ","0","33.39","","33.39"
"A254490","미래반도체","12","0","외감","","","",""
"A255220","SG","12","0","KOSDAQ","-2.3","85.74","","87.76"
"A255440","야스","12","0","KOSDAQ","0.51","255.94","","254.63"
"A256150","한독크린텍","12","0","KOSDAQ","-2.16","63.73","","65.14"
"A256630","포인트엔지니어링","12","0","KOSDAQ","-1.09","98.11","","99.19"
"A256840","한국비엔씨","12","0","KOSDAQ","3.53","18.03","","17.42"
"A256940","킵스파마","12","0","KOSDAQ","13.93","59.57","","52.28"
"A257370","피엔티엠에스","12","0","KOSDAQ","4.49","88.86","","85.04"
"A257720","실리콘투","12","0","외감","","","",""
"A258610","케일럼","12","0","KOSDAQ","-1.57","80.24","","81.52"
"A258790","소프트캠프","12","0","KOSDAQ","-0.73","6.55","","6.6"
"A258830","세종메디칼","12","0","KOSDAQ","-1.26","53.14","","53.82"
"A259630","엠플러스","12","0","KOSDAQ","0.31","83.65","","83.39"
"A259960","크래프톤","12","0","외감","","","",""
"A260660","알리코제약","12","0","KOSDAQ","-2.25","126.81","","129.73"
"A260930","씨티케이","12","0","KOSDAQ","-2.02","122.98","","125.51"
"A260970","에스앤디","12","0","KONEX","-14.75","30.36","","35.62"
"A261200","덴티스","12","0","KOSDAQ","0","8.97","","8.97"
"A261520","이지스","12","0","외감","","","",""
"A261780","아리바이오랩","12","0","외감","","","",""
"A262260","에이프로","12","0","외감","","","",""
"A262840","아이퀘스트","12","0","외감","","","",""
"A263020","디케이앤디","12","0","KOSDAQ","0.73","42.93","","42.62"
"A263050","유틸렉스","12","0","KOSDAQ","-1.65","392.22","","398.78"
"A263600","덕우전자","12","0","KOSDAQ","0.68","118.2","","117.41"
"A263690","디알젬","12","0","KOSDAQ","2.73","89.36","","86.98"
"A263700","케어랩스","12","0","KOSDAQ","-3.05","91.88","","94.77"
"A263720","디앤씨미디어","12","0","KOSDAQ","-1.68","175.8","","178.81"
"A263750","펄어비스","12","0","KOSDAQ","0","2316.79","","2316.79"
"A263770","유에스티","12","0","KOSDAQ","1.48","89.11","","87.81"
"A263800","데이타솔루션","12","0","KOSDAQ","-3","56.06","","57.79"
"A263810","상신전자","12","0","KOSDAQ","-0.32","44.09","","44.23"
"A263860","지니언스","12","0","KOSDAQ","-0.44","43.21","","43.4"
"A263920","휴엠앤씨","12","0","KOSDAQ","-1.39","67.2","","68.15"
"A264450","유비쿼스","12","0","KOSDAQ","-4.78","137.83","","144.75"
"A264660","씨앤지하이테크","12","0","KOSDAQ","0","62.79","","62.79"
"A264850","이랜시스","12","0","KOSDAQ","0.49","8.78","","8.74"
"A264900","크라운제과","12","0","KOSPI","0","104.57","","104.57"
"A265520","AP시스템","12","0","KOSDAQ","1.54","429.34","","422.82"
"A265560","영화테크","12","0","KOSDAQ","3.43","56.39","","54.52"
"A265740","엔에프씨","12","0","외감","","","",""
"A267250","HD현대","12","1","KOSPI","-0.75","5382.73","","5423.44"
"A267260","HD현대일렉트릭","12","0","KOSPI","2.06","171.2","","167.74"
"A267270","HD건설기계","12","0","KOSPI","0.53","555.56","","552.61"
"A267290","경동도시가스","12","0","KOSPI","0.6","119.58","","118.87"
"A267320","나인테크","12","0","KOSDAQ","0","9.73","","9.73"
"A267790","배럴","12","0","KOSDAQ","-0.45","86","","86.39"
"A267850","아시아나IDT","12","0","KOSPI","-8.36","279.72","","305.25"
"A267980","매일유업","12","0","KOSDAQ","0.23","682.4","","680.83"
"A268280","미원에스씨","12","0","KOSPI","0.56","376.13","","374.02"
"A269620","시스웍","12","0","KOSDAQ","-0.87","41.22","","41.58"
"A270520","앱튼","12","0","KOSDAQ","0","10.26","","10.26"
"A270660","에브리봇","12","0","KONEX","2.76","7.1","","6.91"
"A270870","뉴트리","12","0","KOSDAQ","0.38","118.77","","118.32"
"A271560","오리온","12","1","KOSPI","0","4230.37","","4230.37"
"A271830","팸텍","12","0","외감","","","",""
"A271940","일진하이솔루스","12","0","외감","","","",""
"A271980","제일약품","12","0","KOSPI","0.15","494.08","","493.35"
"A272110","케이엔제이","12","0","KOSDAQ","-0.86","56.91","","56.57"
"A272210","한화시스템","12","0","KOSPI","0.46","1196","","1190.49"
"A272290","이녹스첨단소재","12","0","KOSDAQ","0.19","481.01","","480.09"
"A272450","진에어","12","0","KOSPI","-0.35","427.5","","429"
"A272550","삼양패키징","12","0","KOSPI","2.55","228.78","","223.09"
"A273060","와이즈버즈","12","0","KOSDAQ","-0.24","15.55","","15.58"
"A273640","와이엠텍","12","0","외감","","","",""
"A274090","켄코아에어로스페이스","12","0","외감","","","",""
"A274400","이노시뮬레이션","12","0","외감","","","",""
"A275630","에스에스알","12","0","KOSDAQ","-0.17","34.42","","34.48"
"A276040","스코넥","12","0","외감","","","",""
"A276730","한울앤제주","12","0","외감","","","",""
"A277070","린드먼아시아","12","0","KOSDAQ","-2.84","59.94","","61.7"
"A277410","인산가","12","0","KOSDAQ","0.7","56.54","","56.14"
"A277810","레인보우로보틱스","12","0","외감","","","",""
"A277880","티에스아이","12","0","KONEX","3.15","140.22","","135.93"
"A278280","천보","12","0","KOSDAQ","-2.6","561","","576"
"A278470","에이피알","12","0","외감","","","",""
"A278650","HLB바이오스텝","12","0","외감","","","",""
"A279570","케이뱅크","12","0","외감","","","",""
"A279600","미디어젠","12","0","KOSDAQ","-1.55","32.47","","32.98"
"A280360","롯데웰푸드","12","0","KOSPI","0","959.3","","959.3"
"A281740","레이크머티리얼즈","12","0","KOSDAQ","0","11.18","","11.18"
"A281820","케이씨텍","12","0","KOSPI","2.03","349.17","","342.23"
"A282330","BGF리테일","12","1","KOSPI","0.87","2998.76","","2972.83"
"A282720","금양그린파워","12","0","외감","","","",""
"A282880","코윈테크","12","0","KOSDAQ","0","220.19","","220.19"
"A284620","카이노스메드","12","0","KOSDAQ","-0.24","11.23","","11.26"
"A284740","쿠쿠홈시스","12","0","KOSPI","0.88","1034.36","","1025.39"
"A285130","SK케미칼","12","1","KOSPI","4.41","638.73","","611.73"
"A285490","노바텍","12","0","KOSDAQ","-1.02","72.38","","73.13"
"A285800","진영","12","0","외감","","","",""
"A286750","나노실리칸첨단소재","12","0","KOSDAQ","2.97","42.64","","41.41"
"A286940","롯데이노베이트","12","0","KOSPI","0","678.98","","678.98"
"A287840","인투셀","12","0","외감","","","",""
"A288180","케이피항공산업","12","0","외감","","","",""
"A288330","파라택시스코리아","12","0","외감","","","",""
"A288620","에스프리즘","12","0","KOSDAQ","-1.07","106.27","","107.42"
"A288980","모아데이타","12","0","외감","","","",""
"A289010","아이스크림에듀","12","0","KOSDAQ","-4.74","91.49","","96.04"
"A289080","SV인베스트먼트","3","0","KOSDAQ","-0.29","92.63","","92.89"
"A289220","자이언트스텝","12","0","외감","","","",""
"A289930","웨이비스","12","0","외감","","","",""
"A290090","트윔","12","0","외감","","","",""
"A290120","DH오토리드","12","0","KOSDAQ","2.28","87.94","","85.98"
"A290270","휴네시온","12","0","KOSDAQ","-1.06","44.72","","45.2"
"A290520","신도기연","12","0","외감","","","",""
"A290550","디케이티","12","0","KOSDAQ","6.21","126.76","","119.35"
"A290560","파라택시스이더리움","12","0","외감","","","",""
"A290650","엘앤씨바이오","12","0","KOSDAQ","0.74","151.23","","150.13"
"A290660","다이나믹솔루션","12","0","KOSDAQ","1.31","55.36","","54.64"
"A290670","대보마그네틱","12","0","KOSDAQ","-2.9","70.47","","72.57"
"A290690","아리바이오홀딩스","12","0","외감","","","",""
"A290720","푸드나무","12","0","KOSDAQ","3.23","108.9","","105.49"
"A290740","액트로","12","0","KOSDAQ","3.96","118.35","","113.84"
"A291230","엔피","12","0","KOSDAQ","0.24","15.48","","15.44"
"A291650","압타머사이언스","12","0","외감","","","",""
"A291810","핀텔","12","0","외감","","","",""
"A293480","하나제약","12","0","KOSPI","0.23","358.02","","357.21"
"A293490","카카오게임즈","12","0","외감","","","",""
"A293580","나우IB","12","0","KOSDAQ","-0.32","44.51","","44.65"
"A293780","압타바이오","12","0","KOSDAQ","2.7","206.75","","201.31"
"A294090","이오플로우","12","0","외감","","","",""
"A294140","레몬","12","0","외감","","","",""
"A294570","쿠콘","12","0","외감","","","",""
"A294630","서남","12","0","외감","","","",""
"A294870","IPARK현대산업개발","12","1","KOSPI","0.7","1272.01","","1263.22"
"A295310","에이치브이엠","12","0","외감","","","",""
"A296640","이노에이엑스","12","0","외감","","","",""
"A297090","씨에스베어링","12","0","KOSDAQ","3.91","87.99","","84.68"
"A297570","아틀라스링크","12","0","KOSDAQ","-3.24","41.38","","42.76"
"A297890","HB솔루션","12","0","외감","","","",""
"A298000","효성화학","12","0","KOSPI","0.69","465.76","","462.57"
"A298020","효성티앤씨","12","0","KOSPI","-1.28","666.46","","675.12"
"A298040","효성중공업","12","1","KOSPI","-0.41","228.45","","229.38"
"A298050","HS효성첨단소재","12","0","KOSPI","1.93","472.63","","463.67"
"A298060","풍전약품","12","0","외감","","","",""
"A298380","에이비엘바이오","12","0","KOSDAQ","-0.56","810.93","","815.46"
"A298540","더네이쳐홀딩스","12","0","외감","","","",""
"A298690","에어부산","12","0","KOSPI","-5.84","335.85","","356.68"
"A298830","슈어소프트테크","12","0","외감","","","",""
"A299030","하나기술","12","0","외감","","","",""
"A299170","더블유에스아이","12","0","KOSDAQ","0","9.01","","9.01"
"A299660","셀리드","12","0","KOSDAQ","1.56","249.52","","245.69"
"A299900","위지윅스튜디오","12","0","KOSDAQ","-4.75","129.45","","135.9"
"A300080","플리토","12","0","KOSDAQ","-2.15","82.42","","84.24"
"A300120","라온피플","12","0","KOSDAQ","-4.13","177.11","","184.74"
"A300720","한일시멘트","12","0","KOSPI","-0.97","381.75","","385.48"
"A301300","바이브컴퍼니","12","0","외감","","","",""
"A302430","이노메트리","12","0","KOSDAQ","-1.17","142.34","","144.03"
"A302440","SK바이오사이언스","12","0","외감","","","",""
"A302550","리메드","12","0","KONEX","7.52","85.62","","79.64"
"A303030","지니틱스","12","0","KOSDAQ","0.79","86.88","","86.21"
"A303360","프로티아","12","0","KONEX","-3.09","61.69","","63.65"
"A303530","이노뎁","12","0","외감","","","",""
"A303810","동국생명과학","12","0","외감","","","",""
"A304100","솔트룩스","12","0","외감","","","",""
"A304360","에스바이오메딕스","12","0","외감","","","",""
"A304840","피플바이오","12","0","외감","","","",""
"A305090","마이크로디지탈","12","0","KOSDAQ","-0.36","50.83","","51.01"
"A306040","에스제이그룹","12","0","KOSDAQ","2.9","145.95","","141.83"
"A306200","세아제강","12","0","KOSPI","-0.5","169.33","","170.18"
"A306620","지아이에스","12","0","KOSDAQ","0","9.7","","9.7"
"A307180","아이엘","12","0","KOSDAQ","0.66","9.95","","9.89"
"A307280","원바이오젠","12","0","KOSDAQ","-0.47","7.89","","7.92"
"A307750","국전","12","0","KOSDAQ","0.24","10.3","","10.27"
"A307870","비투엔","12","0","KOSDAQ","0","9.76","","9.76"
"A307930","컴퍼니케이","12","0","KOSDAQ","-0.89","121.91","","123.01"
"A307950","현대오토에버","12","0","KOSPI","-0.39","1062.6","","1066.8"
"A308080","바이젠셀","12","0","외감","","","",""
"A308100","형지글로벌","12","0","KOSDAQ","-0.21","63.72","","63.86"
"A308170","씨티알모빌리티","12","0","외감","","","",""
"A308430","셀비온","12","0","외감","","","",""
"A309710","아이티켐","12","0","외감","","","",""
"A309930","조이웍스앤코","12","0","KOSDAQ","-0.73","9.39","","9.46"
"A309960","LB인베스트먼트","12","0","외감","","","",""
"A310200","애니플러스","12","0","KOSDAQ","0","6.22","","6.22"
"A310210","보로노이","12","0","외감","","","",""
"A310870","디와이씨","12","0","KOSDAQ","0","7.16","","7.16"
"A311320","지오엘리먼트","12","0","외감","","","",""
"A311390","네오크레마","12","0","KOSDAQ","-2.55","83.08","","85.26"
"A311690","CJ 바이오사이언스","12","0","외감","","","",""
"A312610","에이에프더블류","12","0","KOSDAQ","1.62","127.11","","125.09"
"A313760","캐리","12","0","KOSDAQ","-1.28","56.4","","57.13"
"A314130","지놈앤컴퍼니","12","0","KONEX","1.13","295.76","","292.47"
"A314140","알피바이오","12","0","외감","","","",""
"A314930","바이오다인","12","0","외감","","","",""
"A315640","딥노이드","12","0","외감","","","",""
"A316140","우리금융지주","12","1","KOSPI","1.69","8703.33","","8558.87"
"A317120","라닉스","12","0","KOSDAQ","-1.49","62.27","","63.22"
"A317240","TS트릴리온","12","0","KOSDAQ","0.24","9.13","","9.11"
"A317330","덕산테코피아","12","0","KOSDAQ","-0.6","305.07","","306.9"
"A317400","자이에스앤디","12","0","KOSPI","1.34","161.5","","159.36"
"A317450","명인제약","12","0","외감","","","",""
"A317530","에피소드컴퍼니","12","0","KOSDAQ","8.58","60.49","","55.71"
"A317690","퀀타매트릭스","12","0","외감","","","",""
"A317770","엑스페릭스","12","0","KOSDAQ","-1.87","55.06","","56.11"
"A317830","에스피시스템스","12","0","KOSDAQ","5.6","53.76","","50.91"
"A317850","대모","12","0","KOSDAQ","-1.82","53.94","","54.94"
"A317870","엔바이오니아","12","0","KOSDAQ","-0.13","55.69","","55.77"
"A318000","KBG","12","0","KOSDAQ","-2.34","53.04","","54.31"
"A318010","팜스빌","12","0","KOSDAQ","-1.72","90.39","","91.98"
"A318020","포인트모바일","12","0","외감","","","",""
"A318060","그래피","12","0","외감","","","",""
"A318160","셀바이오휴먼텍","12","0","외감","","","",""
"A318410","비비씨","12","0","외감","","","",""
"A319400","현대무벡스","12","0","KOSDAQ","-0.24","17.63","","17.67"
"A319660","피에스케이","12","0","KOSDAQ","-0.59","250.27","","251.74"
"A320000","한울반도체","12","0","KOSDAQ","0.24","6.99","","6.97"
"A321260","프로이천","12","0","KOSDAQ","-0.24","7.15","","7.17"
"A321370","센서뷰","12","0","외감","","","",""
"A321550","티움바이오","12","0","KOSDAQ","","311.9","",""
"A321820","아티스트컴퍼니","12","0","외감","","","",""
"A322000","HD현대에너지솔루션","12","0","KOSPI","-2.52","173.6","","178.08"
"A322180","LS티라유텍","12","0","KOSDAQ","-2.48","85.31","","87.48"
"A322310","오로스테크놀로지","12","0","외감","","","",""
"A322510","제이엘케이","12","0","외감","","","",""
"A322780","코퍼스코리아","12","0","KOSDAQ","0","9.37","","9.37"
"A323280","태성","12","0","KOSDAQ","0.24","7.22","","7.2"
"A323350","다원넥스뷰","12","0","KONEX","0","13.14","","13.14"
"A323410","카카오뱅크","12","0","외감","","","",""
"A323990","박셀바이오","12","0","외감","","","",""
"A326030","SK바이오팜","12","0","외감","","","",""
"A327260","RF머트리얼즈","12","0","외감","","","",""
"A328130","루닛","12","0","외감","","","",""
"A328380","솔트웨어","12","0","KOSDAQ","-0.25","13.13","","13.16"
"A329180","HD현대중공업","12","0","외감","","","",""
"A330350","위더스제약","12","0","외감","","","",""
"A330730","스톤브릿지벤처스","12","0","외감","","","",""
"A330860","네패스아크","12","0","외감","","","",""
"A331380","포커스에이아이","12","0","KOSDAQ","0","8.14","","8.14"
"A331520","밸로프","12","0","KOSDAQ","0.5","7.88","","7.84"
"A331740","아우토크립트","12","0","외감","","","",""
"A331920","셀레믹스","12","0","외감","","","",""
"A332290","누보","12","0","KOSDAQ","-0.25","10.46","","10.49"
"A332370","아이디피","12","0","외감","","","",""
"A332570","PS일렉트로닉스","12","0","외감","","","",""
"A333050","이노테나","12","0","KOSDAQ","0.25","10.1","","10.07"
"A333430","일승","12","0","KOSDAQ","0","8.82","","8.82"
"A333620","엔시스","12","0","외감","","","",""
"A334970","프레스티지바이오로직스","6","0","외감","","","",""
"A335810","프리시젼바이오","12","0","외감","","","",""
"A335870","윙스풋","12","0","외감","","","",""
"A336060","웨이버스","12","0","외감","","","",""
"A336260","두산퓨얼셀","12","0","KOSPI","-1.97","468.92","","478.36"
"A336370","솔루스첨단소재","12","0","KOSPI","-0.96","628.62","","634.74"
"A336570","원텍","12","0","외감","","","",""
"A336680","탑런토탈솔루션","12","0","외감","","","",""
"A337930","젝시믹스","12","0","외감","","","",""
"A338220","뷰노","12","0","외감","","","",""
"A338840","와이바이오로직스","12","0","외감","","","",""
"A339770","교촌에프앤비","12","0","외감","","","",""
"A339950","아이비김영","12","0","외감","","","",""
"A340360","다보링크","12","0","외감","","","",""
"A340440","세림B&G","12","0","외감","","","",""
"A340450","지씨지놈","12","0","외감","","","",""
"A340570","티앤엘","12","0","외감","","","",""
"A340810","시선AI","12","0","외감","","","",""
"A340930","성원에너텍","12","0","외감","","","",""
"A342870","오아","12","0","외감","","","",""
"A344820","KCC글라스","12","0","외감","","","",""
"A344860","이노진","12","0","외감","","","",""
"A347000","센코","12","0","외감","","","",""
"A347700","스피어","12","0","외감","","","",""
"A347740","피엔케이피부임상연구센타","12","0","외감","","","",""
"A347770","핌스","12","0","외감","","","",""
"A347850","디앤디파마텍","12","0","외감","","","",""
"A347860","알체라","12","0","외감","","","",""
"A347890","엠엑스온","12","0","외감","","","",""
"A348030","모비릭스","12","0","외감","","","",""
"A348080","큐라티스","12","0","외감","","","",""
"A348150","고바이오랩","12","0","외감","","","",""
"A348210","넥스틴","12","0","외감","","","",""
"A348340","뉴로메카","12","0","외감","","","",""
"A348350","위드텍","12","0","외감","","","",""
"A348370","엔켐","12","0","외감","","","",""
"A351320","넥사다이내믹스","12","0","외감","","","",""
"A351330","이삭엔지니어링","12","0","외감","","","",""
"A351870","차이커뮤니케이션","12","0","외감","","","",""
"A352090","스톰테크","12","0","외감","","","",""
"A352480","씨앤씨인터내셔널","12","0","외감","","","",""
"A352700","씨앤투스","12","0","외감","","","",""
"A352770","셀레스트라","12","0","외감","","","",""
"A352820","하이브","12","0","외감","","","",""
"A352910","오비고","12","0","외감","","","",""
"A352940","인바이오","12","0","외감","","","",""
"A353190","휴럼","12","0","외감","","","",""
"A353200","대덕전자","12","0","외감","","","",""
"A353590","오토앤","12","0","외감","","","",""
"A353810","이지바이오","12","0","외감","","","",""
"A354200","엔젠바이오","12","0","외감","","","",""
"A354320","알멕","12","0","외감","","","",""
"A355150","코스텍시스","12","0","외감","","","",""
"A355390","크라우드웍스","12","0","외감","","","",""
"A355690","에이텀","12","0","외감","","","",""
"A356680","엑스게이트","12","0","외감","","","",""
"A356860","티엘비","12","0","외감","","","",""
"A356890","싸이버원","12","0","외감","","","",""
"A357230","에이치피오","12","0","외감","","","",""
"A357550","석경에이티","12","0","외감","","","",""
"A357580","아모센스","12","0","외감","","","",""
"A357780","솔브레인","12","0","외감","","","",""
"A357880","SKAI","12","0","외감","","","",""
"A358570","지아이이노베이션","12","0","외감","","","",""
"A359090","씨엔알리서치","12","0","외감","","","",""
"A360070","탑머티리얼","12","0","외감","","","",""
"A360350","코셈","12","0","외감","","","",""
"A361390","제노코","12","0","외감","","","",""
"A361570","알비더블유","12","0","외감","","","",""
"A361610","SK아이이테크놀로지","12","0","외감","","","",""
"A361670","삼영에스앤씨","12","0","외감","","","",""
"A362320","청담글로벌","12","0","외감","","","",""
"A362990","드림인사이트","12","0","외감","","","",""
"A363250","진시스템","12","0","외감","","","",""
"A363260","모비데이즈","12","0","외감","","","",""
"A363280","티와이홀딩스","12","0","외감","","","",""
"A364950","에이아이코리아","12","0","외감","","","",""
"A365270","큐라클","12","0","외감","","","",""
"A365330","에스와이스틸텍","12","0","외감","","","",""
"A365340","성일하이텍","12","0","외감","","","",""
"A365590","하이딥","12","0","외감","","","",""
"A365900","브이씨","12","0","외감","","","",""
"A366030","나인앤컴퍼니","12","0","외감","","","",""
"A367000","플래티어","12","0","외감","","","",""
"A368600","아이씨에이치","12","0","외감","","","",""
"A368770","파이버프로","12","0","외감","","","",""
"A368970","오에스피","12","0","외감","","","",""
"A369370","블리츠웨이엔터테인먼트","12","0","외감","","","",""
"A370090","퓨런티어","12","0","외감","","","",""
"A371950","풍원정밀","12","0","외감","","","",""
"A372170","윤성에프앤씨","12","0","외감","","","",""
"A372320","큐로셀","12","0","외감","","","",""
"A372800","아이티아이즈","12","0","외감","","","",""
"A372910","한컴라이프케어","12","0","외감","","","",""
"A373110","엑셀세라퓨틱스","12","0","외감","","","",""
"A373160","데이원컴퍼니","12","0","외감","","","",""
"A373170","엠아이큐브솔루션","12","0","외감","","","",""
"A373200","엑스플러스","12","0","외감","","","",""
"A373220","LG에너지솔루션","12","0","외감","","","",""
"A375500","DL이앤씨","12","0","외감","","","",""
"A376180","피코그램","12","0","외감","","","",""
"A376270","HEM파마","12","0","외감","","","",""
"A376290","씨유테크","12","0","외감","","","",""
"A376300","디어유","12","0","외감","","","",""
"A376900","로킷헬스케어","12","0","외감","","","",""
"A376930","노을","12","0","외감","","","",""
"A376980","원티드랩","12","0","외감","","","",""
"A377030","비트맥스","12","0","외감","","","",""
"A377220","프롬바이오","12","0","외감","","","",""
"A377300","카카오페이","12","0","외감","","","",""
"A377330","이지트로닉스","12","0","외감","","","",""
"A377450","리파인","12","0","외감","","","",""
"A377460","큐에이드","12","0","외감","","","",""
"A377480","마음AI","12","0","외감","","","",""
"A377740","바이오노트","12","0","외감","","","",""
"A378340","필에너지","12","0","외감","","","",""
"A378800","샤페론","12","0","외감","","","",""
"A378850","화승알앤에이","12","0","외감","","","",""
"A380540","옵티코어","12","0","외감","","","",""
"A380550","뉴로핏","12","0","외감","","","",""
"A381620","제닉스로보틱스","12","0","외감","","","",""
"A381970","케이카","12","0","외감","","","",""
"A382150","온코크로스","12","0","외감","","","",""
"A382480","지아이텍","12","0","외감","","","",""
"A382800","지앤비에스 에코","12","0","외감","","","",""
"A382840","원준","12","0","외감","","","",""
"A382900","범한퓨얼셀","12","0","외감","","","",""
"A383220","F&F","12","0","외감","","","",""
"A383310","에코프로에이치엔","12","0","외감","","","",""
"A383800","LX홀딩스","12","0","외감","","","",""
"A383930","디티앤씨알오","12","0","외감","","","",""
"A384470","코어라인소프트","12","0","외감","","","",""
"A387570","파인메딕스","12","0","외감","","","",""
"A388050","지투파워","12","0","외감","","","",""
"A388210","씨엠티엑스","12","0","외감","","","",""
"A388610","지에프씨생명과학","12","0","외감","","","",""
"A388720","유일로보틱스","12","0","외감","","","",""
"A388790","라이콤","12","0","외감","","","",""
"A388870","파로스아이바이오","12","0","외감","","","",""
"A389020","자람테크놀로지","12","0","외감","","","",""
"A389030","지니너스","12","0","외감","","","",""
"A389140","포바이포","12","0","외감","","","",""
"A389260","대명에너지","12","0","외감","","","",""
"A389470","인벤티지랩","12","0","외감","","","",""
"A389500","에스비비테크","12","0","외감","","","",""
"A389650","넥스트바이오메디컬","12","0","외감","","","",""
"A389680","유디엠텍","12","0","외감","","","",""
"A391710","코닉오토메이션","12","0","외감","","","",""
"A393210","토마토시스템","12","0","외감","","","",""
"A393890","더블유씨피","12","0","외감","","","",""
"A393970","대진첨단소재","12","0","외감","","","",""
"A394280","오픈엣지테크놀로지","12","0","외감","","","",""
"A394420","리센스메디컬","12","0","외감","","","",""
"A394800","쓰리빌리언","12","0","외감","","","",""
"A396270","넥스트칩","12","0","외감","","","",""
"A396300","세아메카닉스","12","0","외감","","","",""
"A396470","워트","12","0","외감","","","",""
"A397030","에이프릴바이오","12","0","외감","","","",""
"A397810","애드포러스","12","0","외감","","","",""
"A398120","에스지헬스케어","12","0","외감","","","",""
"A399720","가온칩스","12","0","외감","","","",""
"A402030","코난테크놀로지","12","0","외감","","","",""
"A402340","SK스퀘어","12","0","외감","","","",""
"A402490","그린리소스","12","0","외감","","","",""
"A403490","우듬지팜","12","0","외감","","","",""
"A403550","쏘카","12","0","외감","","","",""
"A403850","더핑크퐁컴퍼니","12","0","외감","","","",""
"A403870","HPSP","12","0","외감","","","",""
"A405000","플라즈맵","12","0","외감","","","",""
"A405100","큐알티","12","0","외감","","","",""
"A405920","나라셀라","12","0","외감","","","",""
"A406820","뷰티스킨","12","0","외감","","","",""
"A407400","꿈비","12","0","외감","","","",""
"A408470","한패스","12","0","외감","","","",""
"A408900","스튜디오미르","12","0","외감","","","",""
"A408920","메쎄이상","12","0","외감","","","",""
"A411080","샌즈랩","12","0","외감","","","",""
"A412350","레이저쎌","12","0","외감","","","",""
"A412540","제일엠앤에스","12","0","외감","","","",""
"A413390","엠오티","12","0","외감","","","",""
"A413630","씨피시스템","12","0","외감","","","",""
"A413640","비아이매트릭스","12","0","외감","","","",""
"A415380","스튜디오삼익","12","0","외감","","","",""
"A416180","신성에스티","12","0","외감","","","",""
"A417010","나노팀","12","0","외감","","","",""
"A417180","핑거스토리","12","0","외감","","","",""
"A417200","LS머트리얼즈","12","0","외감","","","",""
"A417500","제이아이테크","12","0","외감","","","",""
"A417790","트루엔","12","0","외감","","","",""
"A417840","저스템","12","0","외감","","","",""
"A417860","오브젠","12","0","외감","","","",""
"A417970","모델솔루션","12","0","외감","","","",""
"A418250","시큐레터","12","0","외감","","","",""
"A418420","라온텍","12","0","외감","","","",""
"A418470","KT밀리의서재","12","0","외감","","","",""
"A418550","제이오","12","0","외감","","","",""
"A418620","E8","12","0","외감","","","",""
"A419050","삼기에너지솔루션즈","12","0","외감","","","",""
"A419080","엔젯","12","0","외감","","","",""
"A419120","산돌","12","0","외감","","","",""
"A419530","SAMG엔터","12","0","외감","","","",""
"A419540","비스토스","12","0","외감","","","",""
"A420570","제이투케이바이오","12","0","외감","","","",""
"A420770","기가비스","12","0","외감","","","",""
"A424760","벨로크","12","0","외감","","","",""
"A424870","이뮨온시아","12","0","외감","","","",""
"A424960","스마트레이더시스템","12","0","외감","","","",""
"A424980","마이크로투나노","12","0","외감","","","",""
"A425040","티이엠씨","12","0","외감","","","",""
"A425420","티에프이","12","0","외감","","","",""
"A429270","시지트로닉스","12","0","외감","","","",""
"A430690","한싹","12","0","외감","","","",""
"A431190","케이쓰리아이","12","0","외감","","","",""
"A432430","와이랩","12","0","외감","","","",""
"A432470","케이엔에스","12","0","외감","","","",""
"A432720","퀄리타스반도체","12","0","외감","","","",""
"A432980","엠에프씨","12","0","외감","","","",""
"A434480","모니터랩","12","0","외감","","","",""
"A435570","에르코스","12","0","외감","","","",""
"A437730","삼현","12","0","외감","","","",""
"A438700","버넥트","12","0","외감","","","",""
"A439090","마녀공장","12","0","외감","","","",""
"A439260","대한조선","12","0","외감","","","",""
"A439580","블루엠텍","12","0","외감","","","",""
"A439960","코스모로보틱스","12","0","외감","","","",""
"A440110","파두","12","0","외감","","","",""
"A440290","HB인베스트먼트","12","0","외감","","","",""
"A440320","오픈놀","12","0","외감","","","",""
"A441270","파인엠텍","12","0","외감","","","",""
"A443060","HD현대마린솔루션","12","0","외감","","","",""
"A443250","레뷰코퍼레이션","12","0","외감","","","",""
"A443670","에스피소프트","12","0","외감","","","",""
"A444530","심플랫폼","12","0","외감","","","",""
"A445090","에이직랜드","12","0","외감","","","",""
"A445180","퓨릿","12","0","외감","","","",""
"A445680","큐리옥스바이오시스템즈","12","0","외감","","","",""
"A446070","유니드비티플러스","12","0","외감","","","",""
"A446540","메가터치","12","0","외감","","","",""
"A446840","지슨","12","0","외감","","","",""
"A448280","에코아이","12","0","외감","","","",""
"A448710","코츠테크놀로지","12","0","외감","","","",""
"A448900","한국피아이엠","12","0","외감","","","",""
"A450080","에코프로머티","12","0","외감","","","",""
"A450330","하스","12","0","외감","","","",""
"A450520","인스웨이브","12","0","외감","","","",""
"A450950","아스테라시스","12","0","외감","","","",""
"A451220","아이엠티","12","0","외감","","","",""
"A451250","삐아","12","0","외감","","","",""
"A451760","컨텍","12","0","외감","","","",""
"A452160","제이엔비","12","0","외감","","","",""
"A452190","한빛레이저","12","0","외감","","","",""
"A452200","민테크","12","0","외감","","","",""
"A452260","한화갤러리아","12","0","외감","","","",""
"A452280","한선엔지니어링","12","0","외감","","","",""
"A452300","캡스톤파트너스","12","0","외감","","","",""
"A452400","이닉스","12","0","외감","","","",""
"A452430","사피엔반도체","12","0","외감","","","",""
"A452450","피아이이","12","0","외감","","","",""
"A453340","현대그린푸드","12","0","외감","","","",""
"A453450","그리드위즈","12","0","외감","","","",""
"A453860","에이에스텍","12","0","외감","","","",""
"A454910","두산로보틱스","12","0","외감","","","",""
"A455180","케이지에이","12","0","외감","","","",""
"A455900","엔젤로보틱스","12","0","외감","","","",""
"A456010","아이씨티케이","12","0","외감","","","",""
"A456040","OCI","12","0","외감","","","",""
"A456070","이엔셀","12","0","외감","","","",""
"A456160","지투지바이오","12","0","외감","","","",""
"A457190","이수스페셜티케미컬","12","0","외감","","","",""
"A457370","한켐","12","0","외감","","","",""
"A457550","우진엔텍","12","0","외감","","","",""
"A457600","벡트","12","0","외감","","","",""
"A458350","에스팀","12","0","외감","","","",""
"A458650","성우","12","0","외감","","","",""
"A458870","씨어스","12","0","외감","","","",""
"A459100","위츠","12","0","외감","","","",""
"A459510","나우로보틱스","12","0","외감","","","",""
"A459550","알트","12","0","외감","","","",""
"A460470","아이빔테크놀로지","12","0","외감","","","",""
"A460850","동국씨엠","12","0","외감","","","",""
"A460860","동국제강","12","0","외감","","","",""
"A460870","에스엠씨지","12","0","외감","","","",""
"A460930","현대힘스","12","0","외감","","","",""
"A460940","피앤에스로보틱스","12","0","외감","","","",""
"A461030","아이엠비디엑스","12","0","외감","","","",""
"A461300","아이스크림미디어","12","0","외감","","","",""
"A462310","뉴키즈온","12","0","외감","","","",""
"A462350","이노스페이스","12","0","외감","","","",""
"A462510","라메디텍","12","0","외감","","","",""
"A462520","조선내화","12","0","외감","","","",""
"A462860","더즌","12","0","외감","","","",""
"A462870","시프트업","12","0","외감","","","",""
"A462980","아이지넷","12","0","외감","","","",""
"A463020","뉴엔AI","12","0","외감","","","",""
"A463480","모티브링크","12","0","외감","","","",""
"A464080","에스오에스랩","12","0","외감","","","",""
"A464280","티디에스팜","12","0","외감","","","",""
"A464490","쿼드메디슨","12","0","외감","","","",""
"A464500","아이언디바이스","12","0","외감","","","",""
"A464580","닷밀","12","0","외감","","","",""
"A465480","인스피언","12","0","외감","","","",""
"A465770","STX그린로지스","12","0","외감","","","",""
"A466100","클로봇","12","0","외감","","","",""
"A466410","사이냅소프트","12","0","외감","","","",""
"A468530","프로티나","12","0","외감","","","",""
"A469610","이노테크","12","0","외감","","","",""
"A469750","아이비젼웍스","12","0","외감","","","",""
"A471820","셀로맥스사이언스","12","0","외감","","","",""
"A472850","폰드그룹","12","0","외감","","","",""
"A473980","노머스","12","0","외감","","","",""
"A474170","루미르","12","0","외감","","","",""
"A474610","RF시스템즈","12","0","외감","","","",""
"A474650","링크솔루션","12","0","외감","","","",""
"A475150","SK이터닉스","12","0","외감","","","",""
"A475230","엔알비","12","0","외감","","","",""
"A475400","씨메스로보틱스","12","0","외감","","","",""
"A475430","키스트론","12","0","외감","","","",""
"A475460","미트박스","12","0","외감","","","",""
"A475560","더본코리아","12","0","외감","","","",""
"A475580","에이럭스","12","0","외감","","","",""
"A475660","에스켐","12","0","외감","","","",""
"A475830","오름테라퓨틱","12","0","외감","","","",""
"A475960","토모큐브","12","0","외감","","","",""
"A476040","오가노이드사이언스","12","0","외감","","","",""
"A476060","온코닉테라퓨틱스","12","0","외감","","","",""
"A476080","M83","12","0","외감","","","",""
"A476830","알지노믹스","12","0","외감","","","",""
"A477850","마키나락스","12","0","외감","","","",""
"A478340","나라스페이스테크놀로지","12","0","외감","","","",""
"A478560","블랙야크아이앤씨","12","0","외감","","","",""
"A479960","위너스일렉","12","0","외감","","","",""
"A480370","씨케이솔루션","12","0","외감","","","",""
"A481070","에이유브랜즈","12","0","외감","","","",""
"A482630","삼양엔씨켐","12","0","외감","","","",""
"A483650","달바글로벌","12","0","외감","","","",""
"A484120","도우인시스","12","0","외감","","","",""
"A484590","삼양컴텍","12","0","외감","","","",""
"A484810","티엑스알로보틱스","12","0","외감","","","",""
"A484870","엠앤씨솔루션","12","0","외감","","","",""
"A486990","노타","12","0","외감","","","",""
"A487570","HS효성","12","0","외감","","","",""
"A487580","폴레드","12","0","외감","","","",""
"A488280","에스투더블유","12","0","외감","","","",""
"A488900","비츠로넥스텍","12","0","외감","","","",""
"A489460","바이오비쥬","12","0","외감","","","",""
"A489500","엘케이켐","12","0","외감","","","",""
"A489790","한화비전","12","0","외감","","","",""
"A490470","세미파이브","12","0","외감","","","",""
"A491000","리브스메드","12","0","외감","","","",""
"A493280","아이엠바이오로직스","12","0","외감","","","",""
"A493330","지에프아이","12","0","외감","","","",""
"A494120","큐리오시스","12","0","외감","","","",""
"A499790","GS피앤엘","12","0","외감","","","",""
"A900070","글로벌에스엠","12","0","KOSDAQ","-0.74","36.01","","36.28"
"A900100","파이온엑스","12","0","KOSDAQ","2.51","121.22","","118.25"
"A900110","딥커머스","12","0","KOSDAQ","0","25.07","","25.07"
"A900120","씨엑스아이","6","0","KOSDAQ","-4.06","36.54","","38.09"
"A900140","엘브이엠씨홀딩스","12","0","KOSPI","-0.47","216.24","","217.26"
"A900250","크리스탈신소재","12","0","KOSDAQ","-0.28","122.01","","122.35"
"A900260","로스웰","12","0","KOSDAQ","-2.32","65.64","","67.2"
"A900270","헝셩그룹","12","0","KOSDAQ","-2.83","82.4","","84.8"
"A900290","GRT","6","0","KOSDAQ","-2.15","153.28","","156.65"
"A900300","오가닉티코스메틱","12","0","KOSDAQ","-4.61","76.56","","80.26"
"A900310","컬러레이","12","0","KOSDAQ","-0.87","92.34","","93.15"
"A900340","윙입푸드","12","0","KOSDAQ","-1.14","87.28","","88.29"
"A950130","엑세스바이오","12","0","KOSDAQ","-1.13","73.7","","74.54"
"A950140","잉글우드랩","12","0","KOSDAQ","0","84.24","","84.24"
"A950160","코오롱티슈진","12","0","KOSDAQ","0","489.55","","489.55"
"A950170","JTC","2","0","KOSDAQ","1.84","270.59","","265.69"
"A950190","고스트스튜디오","12","0","외감","","","",""
"A950200","소마젠","12","0","외감","","","",""
"A950210","프레스티지바이오파마","6","0","외감","","","",""
"A950220","네오이뮨텍","12","0","외감","","","",""
"A950250","테라뷰","4","0","외감","","","",""
