"Code","Name","결산월","코스피200 구성종목여부(1:해당, 0:미해당)","상장된 시장","수정주가수익률","시가총액","","이전 시가총액"
"A000020","동화약품","12","0","KOSPI","-9.5","223.45","","246.91"
"A000040","KR모터스","12","0","KOSPI","-4","95.48","","99.46"
"A000050","경방","12","0","KOSPI","-2.6","266.75","","273.88"
"A000070","삼양홀딩스","12","1","KOSPI","-4.56","555.82","","582.37"
"A000080","하이트진로","12","1","KOSPI","-0.48","1441.25","","1448.26"
"A000100","유한양행","12","1","KOSPI","-4.28","2715.14","","2836.52"
"A000120","CJ대한통운","12","1","KOSPI","-1.8","3113.88","","3170.92"
"A000140","하이트진로홀딩스","12","0","KOSPI","17.31","283.12","","241.35"
"A000150","두산","12","1","KOSPI","-5.22","1754.51","","1851.17"
"A000180","성창기업지주","12","0","KOSPI","-3.74","116.83","","121.37"
"A0001A0","덕양에너젠","12","0","외감","","","",""
"A000210","DL","12","1","KOSPI","-1.31","3420.84","","3466.08"
"A000220","유유제약","12","0","KOSPI","-9.37","57.32","","63.24"
"A000230","일동홀딩스","12","0","KOSPI","-2.83","132.03","","135.88"
"A000240","한국앤컴퍼니","12","1","KOSPI","0","1418.56","","1418.56"
"A000250","삼천당제약","12","0","KOSDAQ","-10.97","627.81","","705.18"
"A000270","기아","12","1","KOSPI","1.17","17552.23","","17349.55"
"A000300","DH오토넥스","12","0","KOSPI","-12.17","73.72","","83.93"
"A000320","노루홀딩스","12","0","KOSPI","-4.02","142.88","","148.86"
"A000370","한화손해보험","12","0","KOSPI","-4.91","372.98","","392.24"
"A000390","SP삼화","12","0","KOSPI","-9.57","134.84","","149.11"
"A000400","롯데손해보험","12","0","KOSPI","-5.99","253.12","","269.23"
"A000430","대원강업","12","0","KOSPI","-4.14","237.15","","247.38"
"A000440","중앙에너비스","12","0","KOSDAQ","-5.23","35","","36.93"
"A000480","CR홀딩스","12","0","KOSPI","0.96","335.2","","332"
"A000490","대동","12","0","KOSPI","-11.34","101.08","","114.01"
"A0004V0","엔비알모션","12","0","외감","","","",""
"A000500","가온전선","12","0","KOSPI","-4.82","69.89","","73.43"
"A000520","삼일제약","12","0","KOSPI","-17.24","117","","141.38"
"A000540","흥국화재","12","0","KOSPI","-1.15","248.94","","251.83"
"A000590","CS홀딩스","12","0","KOSPI","-3.33","66.96","","69.27"
"A000640","동아쏘시오홀딩스","12","1","KOSPI","-8.18","468.35","","510.09"
"A000650","천일고속","12","0","KOSPI","-4.45","92.04","","96.33"
"A000660","SK하이닉스","12","1","KOSPI","-0.92","54891.38","","55400.98"
"A000670","영풍","12","1","KOSPI","-3.11","1147.59","","1184.43"
"A000680","LS네트웍스","12","0","KOSPI","-4.45","228.53","","239.17"
"A000700","유수홀딩스","12","0","KOSPI","-0.74","175.52","","176.82"
"A000720","현대건설","12","1","KOSPI","-5.13","4426.39","","4665.81"
"A000760","이화산업","12","0","KOSPI","-4.02","43.4","","45.22"
"A0007C0","아크릴","12","0","외감","","","",""
"A0007J0","인벤테라","12","0","외감","","","",""
"A000810","삼성화재","12","1","KOSPI","-0.39","12151.65","","12199.02"
"A000850","화천기공","12","0","KOSPI","-3.79","89.32","","92.84"
"A000860","강남제비스코","12","0","KOSPI","-2.33","149.83","","153.4"
"A000880","한화","12","1","KOSPI","-3.67","1671.58","","1735.29"
"A000890","보해양조","12","0","KOSPI","-5.5","118.67","","125.58"
"A0008Z0","에스엔시스","12","0","외감","","","",""
"A000910","유니온","12","0","KOSPI","5.57","72.52","","68.69"
"A000950","전방","12","0","KOSPI","-4.42","25.45","","26.63"
"A000970","한국주철관","12","0","KOSPI","-10.55","241.69","","270.19"
"A000990","DB하이텍","12","1","KOSPI","-5.66","554.98","","588.28"
"A0009K0","에임드바이오","12","0","외감","","","",""
"A001000","신라섬유","12","0","KOSDAQ","-1.97","48.43","","49.4"
"A001020","페이퍼코리아","12","0","KOSPI","-3.4","61.33","","63.49"
"A001040","CJ","12","1","KOSPI","-3.25","2515.06","","2599.67"
"A001060","JW중외제약","12","1","KOSPI","-14.15","474.43","","552.65"
"A001070","대한방직","12","0","KOSPI","-2.48","104.15","","106.8"
"A001080","만호제강","6","0","KOSPI","-4.97","67.44","","70.97"
"A0010F0","보원케미칼","12","0","외감","","","",""
"A0010V0","제이피아이헬스케어","12","0","외감","","","",""
"A001120","LX인터내셔널","12","1","KOSPI","-5.11","647.29","","682.18"
"A001130","대한제분","12","0","KOSPI","-3.23","304.2","","314.34"
"A0011A0","액스비스","12","0","외감","","","",""
"A0011T0","채비","12","0","외감","","","",""
"A001200","유진투자증권","12","0","KOSPI","-7.69","203.42","","220.37"
"A001210","금호전기","12","0","KOSPI","-7.02","24.35","","26.18"
"A001230","동국홀딩스","12","1","KOSPI","-7.02","556.37","","598.36"
"A001250","GS글로벌","12","0","KOSPI","-8.58","180.34","","197.26"
"A001260","남광토건","12","0","KOSPI","-8.11","97.98","","106.63"
"A001270","부국증권","12","0","KOSPI","-1.49","205.32","","208.43"
"A001290","상상인증권","12","0","KOSPI","-4.06","181.64","","189.33"
"A001340","PKC","12","0","KOSPI","-6.15","113.19","","120.61"
"A001360","삼성제약","12","0","KOSPI","-9.7","106.38","","117.81"
"A001380","SG글로벌","12","0","KOSPI","-9.54","74.64","","82.51"
"A001390","KG케미칼","12","0","KOSPI","-10.53","127.05","","141.99"
"A0013V0","삼진식품","12","0","외감","","","",""
"A001420","태원물산","12","0","KOSPI","-6.82","28.04","","30.1"
"A001430","세아베스틸지주","12","1","KOSPI","-2.5","559.45","","573.79"
"A001440","대한전선","12","0","KOSPI","-7.32","477.06","","514.74"
"A001450","현대해상","12","1","KOSPI","-1.14","2333.34","","2360.16"
"A001460","BYC","12","0","KOSPI","0.22","140.23","","139.91"
"A001470","삼부토건","12","0","KOSPI","-9.87","77.01","","85.45"
"A001500","현대차증권","12","0","KOSPI","-3.9","281.64","","293.08"
"A001510","SK증권","12","0","KOSPI","-6.98","276.94","","297.73"
"A001520","동양","12","1","KOSPI","-5.73","353.25","","374.73"
"A001530","DI동일","12","0","KOSPI","-4.47","170.71","","178.7"
"A001540","안국약품","12","0","KOSDAQ","-5.2","116.47","","122.86"
"A001550","조비","12","0","KOSPI","-10.63","85.15","","95.28"
"A001560","제일연마","12","0","KOSPI","1.36","59.5","","58.7"
"A001570","금양","12","0","KOSPI","0.91","97.57","","96.69"
"A0015G0","그린광학","12","0","외감","","","",""
"A0015N0","아로마티카","12","0","외감","","","",""
"A0015S0","페스카로","12","0","외감","","","",""
"A001620","케이비아이동국실업","12","0","KOSPI","-6.59","49.6","","53.1"
"A001630","종근당홀딩스","12","0","KOSPI","-4.35","462.41","","483.45"
"A001680","대상","12","1","KOSPI","-2.61","774.38","","795.17"
"A001720","신영증권","3","0","KOSPI","-1.54","540.65","","549.09"
"A001740","SK네트웍스","12","1","KOSPI","0.19","1312.91","","1310.43"
"A001750","한양증권","12","0","KOSPI","-4","85.54","","89.1"
"A001770","SHD","12","0","KOSPI","-7.8","24.42","","26.48"
"A001780","알루코","12","0","KOSPI","-5.25","161.34","","170.29"
"A001790","대한제당","12","0","KOSPI","-3.85","165.75","","172.38"
"A0017J0","세미티에스","12","0","외감","","","",""
"A001800","오리온홀딩스","12","1","KOSPI","-2.55","958.47","","983.53"
"A001810","무림SP","12","0","KOSDAQ","-5.74","49.03","","52.02"
"A001820","삼화콘덴서","12","0","KOSPI","-8.35","416.32","","454.26"
"A001840","이화공영","12","0","KOSDAQ","-13.36","82.19","","94.87"
"A001940","KISCO홀딩스","12","0","KOSPI","-4.76","221.72","","232.8"
"A002020","코오롱","12","0","KOSPI","-6.67","185.61","","198.87"
"A002030","아세아","12","0","KOSPI","-1.4","231.15","","234.44"
"A002070","비비안","12","0","KOSPI","-6.05","181.31","","192.99"
"A002100","경농","12","0","KOSPI","-10.69","253.79","","284.16"
"A002140","고려산업","12","0","KOSPI","-5.3","66.84","","70.58"
"A002150","도화엔지니어링","12","0","KOSPI","-8.17","276.5","","301.12"
"A002170","SYTS","12","0","KOSPI","-6.53","163.2","","174.6"
"A002200","한국수출포장","12","0","KOSPI","-2.16","72.4","","74"
"A002210","동성제약","12","0","KOSPI","-15.57","367.6","","435.38"
"A002220","한일철강","12","0","KOSPI","-5.34","45.54","","48.1"
"A002230","피에스텍","12","0","KOSDAQ","-4.43","78.48","","82.12"
"A002240","고려제강","12","1","KOSPI","2.61","472","","460"
"A002290","삼일기업공사","12","0","KOSDAQ","-4.58","34.84","","36.52"
"A002310","아세아제지","12","0","KOSPI","-6.13","274.07","","291.98"
"A002320","한진","12","0","KOSPI","-7.02","349.06","","375.41"
"A002350","넥센타이어","12","1","KOSPI","-0.86","786.23","","793.06"
"A002360","SH에너지화학","12","0","KOSPI","-11.03","105.8","","118.91"
"A002380","KCC","12","1","KOSPI","-0.64","2464.95","","2480.78"
"A002390","한독","12","0","KOSPI","-9.29","289.03","","318.63"
"A002410","범양건영","12","0","KOSPI","-6.83","33.9","","36.38"
"A002420","세기상사","12","0","KOSPI","-9.9","21.52","","23.88"
"A002450","삼익악기","12","0","KOSPI","-5.41","142.59","","150.73"
"A002460","HS화성","12","0","KOSPI","-3.91","153.14","","159.37"
"A002600","조흥","12","0","KOSPI","-3.48","91.5","","94.8"
"A002620","제일파마홀딩스","12","0","KOSPI","-14.61","238","","278.74"
"A002630","오리엔트바이오","3","0","KOSPI","-9.87","93.93","","104.21"
"A002680","한탑","12","0","KOSDAQ","-7.54","38.27","","41.39"
"A002690","동일제강","12","0","KOSPI","-3.58","38.33","","39.75"
"A002700","신일전자","12","0","KOSPI","-14.62","103.73","","121.49"
"A002710","TCC스틸","12","0","KOSPI","-4.55","49.27","","51.61"
"A002720","국제약품","12","0","KOSPI","-8.25","68.54","","74.71"
"A002760","보락","12","0","KOSPI","-9.6","107.22","","118.6"
"A002780","진흥기업","12","0","KOSPI","-1.49","288.76","","293.13"
"A002790","아모레퍼시픽홀딩스","12","1","KOSPI","-4.26","4452.74","","4650.64"
"A002800","신신제약","12","0","KOSDAQ","-10.63","81.62","","91.33"
"A002810","삼영무역","12","0","KOSPI","-3.73","272.9","","283.47"
"A002820","SUN&L","12","0","KOSPI","-6.98","57.93","","62.28"
"A002840","미원상사","12","0","KOSPI","0","228.58","","228.58"
"A002870","신풍","12","0","KOSPI","-3.8","39.85","","41.43"
"A002880","디와이에이","12","0","KOSPI","-10.12","86.39","","96.12"
"A002900","TYM","12","0","KOSPI","-10.83","80.76","","90.56"
"A002920","유성기업","12","0","KOSPI","-5.06","68.11","","71.74"
"A002960","한국쉘석유","12","1","KOSPI","0.78","417.95","","414.7"
"A002990","금호건설","12","0","KOSPI","-7.34","432.42","","466.66"
"A003000","부광약품","12","1","KOSPI","-12.99","851.32","","978.38"
"A003010","혜인","12","0","KOSPI","-8.33","50.34","","54.92"
"A003030","세아제강지주","12","0","KOSPI","-2.96","203.36","","209.57"
"A003060","에이프로젠바이오로직스","12","0","KOSPI","-9.45","86.93","","96"
"A003070","코오롱글로벌","12","0","KOSPI","-5.45","205.47","","217.31"
"A003080","SB성보","12","0","KOSPI","-1.62","97.5","","99.1"
"A003090","대웅","12","0","KOSPI","-6.62","860.5","","921.55"
"A003100","선광","12","0","KOSDAQ","-3.41","102.96","","106.59"
"A003120","일성아이에스","12","0","KOSPI","-1.6","229.03","","232.75"
"A003160","디아이","12","0","KOSPI","-7.61","93.7","","101.42"
"A003200","일신방직","12","0","KOSPI","-0.45","214.08","","215.04"
"A003220","대원제약","12","0","KOSPI","-5.08","275.28","","290.02"
"A003230","삼양식품","12","0","KOSPI","-6.71","461.02","","494.17"
"A003240","태광산업","12","1","KOSPI","-3.45","1277.07","","1322.72"
"A003280","흥아해운","12","0","KOSPI","-9.34","44.42","","49"
"A003300","한일홀딩스","12","0","KOSPI","-5.37","279.94","","295.82"
"A003310","대주산업","12","0","KOSDAQ","-8.4","42.47","","46.36"
"A003350","한국화장품제조","12","0","KOSPI","-10.02","95.63","","106.28"
"A003380","하림지주","12","0","KOSDAQ","-7.33","863.78","","932.1"
"A003460","유화증권","12","0","KOSPI","-4.9","132.12","","138.92"
"A003470","유안타증권","12","0","KOSPI","-6.32","502.98","","536.91"
"A003480","한진중공업홀딩스","12","0","KOSPI","1.31","91.25","","90.07"
"A003490","대한항공","12","1","KOSPI","-4.08","2342.66","","2442.25"
"A003520","영진약품","12","1","KOSPI","-11.19","704.14","","792.84"
"A003530","한화투자증권","12","0","KOSPI","-6.54","332.81","","356.09"
"A003540","대신증권","12","0","KOSPI","-3.93","558.51","","581.36"
"A003550","LG","12","1","KOSPI","-0.56","12251.56","","12320.58"
"A003570","SNT다이내믹스","12","0","KOSPI","-3.03","212.82","","219.47"
"A003580","HLB글로벌","12","0","KOSPI","-10.94","65.98","","74.08"
"A003610","방림","9","0","KOSPI","0","82.51","","82.51"
"A003620","KG모빌리티","12","1","KOSPI","-5.21","490.73","","517.7"
"A003650","미창석유","12","0","KOSPI","-3.52","128.74","","133.43"
"A003670","포스코퓨처엠","12","0","KOSPI","-5.76","2796.31","","2967.08"
"A003680","한성기업","12","0","KOSPI","-1.87","32.07","","32.68"
"A003690","코리안리","12","0","KOSPI","-2.29","924.43","","946.1"
"A003720","삼영","12","0","KOSPI","-4.51","33.12","","34.68"
"A003780","진양산업","12","0","KOSPI","-8.99","38.8","","42.64"
"A003800","에이스침대","12","0","KOSDAQ","-4.9","333.81","","351"
"A003830","대한화섬","12","0","KOSPI","-2.37","125.76","","128.82"
"A003850","보령","12","1","KOSPI","-8.19","470.73","","512.72"
"A003920","남양유업","12","1","KOSPI","1.75","376.56","","370.08"
"A003960","사조대림","12","0","KOSPI","-4.23","145.26","","151.67"
"A004000","롯데정밀화학","12","1","KOSPI","-1.79","1204.86","","1226.79"
"A004020","현대제철","12","1","KOSPI","-3.84","4844.08","","5037.58"
"A004060","SG세계물산","12","0","KOSPI","-3.12","188.66","","194.73"
"A004080","신흥","12","0","KOSPI","-0.4","95.04","","95.42"
"A004090","한국석유","12","0","KOSPI","-5.74","62.38","","66.18"
"A004100","태양금속","12","0","KOSPI","-6.67","35.97","","38.54"
"A004140","동방","12","0","KOSPI","-10.32","50.87","","56.72"
"A004150","한솔홀딩스","12","0","KOSPI","-6.14","184.02","","196.05"
"A004170","신세계","12","1","KOSPI","-5.87","2367.77","","2515.44"
"A004250","NPC","12","0","KOSPI","1.69","132.93","","130.72"
"A004270","남성","12","0","KOSPI","-9.24","103.2","","113.71"
"A004310","현대약품","11","0","KOSPI","-10.62","125.28","","140.16"
"A004360","세방","12","0","KOSPI","-6.56","220.12","","235.57"
"A004370","농심","12","1","KOSPI","-2.17","1368.59","","1399.01"
"A004380","삼익THK","12","0","KOSPI","-8.37","218.4","","238.35"
"A004410","서울식품","12","0","KOSPI","-4.89","59.05","","62.08"
"A004430","송원산업","12","0","KOSPI","-6.04","410.4","","436.8"
"A004440","삼일씨엔에스","12","0","KOSPI","-8.75","92.94","","101.86"
"A004450","삼화왕관","12","0","KOSPI","-4.83","97.59","","102.55"
"A004490","세방전지","12","1","KOSPI","-3.04","536.2","","553"
"A004540","깨끗한나라","12","0","KOSPI","1.09","86.58","","85.65"
"A004560","현대비앤지스틸","12","0","KOSPI","-5.12","117.31","","123.65"
"A004590","한국가구","12","0","KOSDAQ","-7.73","60.9","","66"
"A004650","창해에탄올","12","0","KOSDAQ","-3.49","114.43","","118.56"
"A004690","삼천리","12","0","KOSPI","-2.71","349.14","","358.87"
"A004700","조광피혁","12","0","KOSPI","-3.83","234.05","","243.36"
"A004710","한솔테크닉스","12","0","KOSPI","-10.04","198.44","","220.59"
"A004720","팜젠사이언스","12","0","KOSPI","-8.54","63.17","","69.07"
"A004770","써니전자","12","0","KOSPI","-7.5","93.33","","100.89"
"A004780","대륙제관","12","0","KOSDAQ","-11.85","64.49","","73.15"
"A004800","효성","12","1","KOSPI","1.35","1744.68","","1721.5"
"A004830","덕성","12","0","KOSPI","-4.93","51.35","","54.02"
"A004840","DRB동일","12","0","KOSPI","-3.64","105.63","","109.62"
"A004870","티웨이홀딩스","12","0","KOSPI","-13.4","101.6","","117.32"
"A004890","동일산업","12","0","KOSPI","-0.51","140.9","","141.63"
"A004910","조광페인트","12","0","KOSPI","-2.25","72.45","","74.11"
"A004920","씨아이테크","12","0","KOSPI","-8.52","24.45","","26.73"
"A004960","한신공영","12","0","KOSPI","-3.76","177.61","","184.55"
"A004970","신라교역","12","0","KOSPI","-1.59","197.6","","200.8"
"A004980","성신양회","12","0","KOSPI","-9.47","166.46","","183.87"
"A004990","롯데지주","12","1","KOSPI","-6.08","3320.38","","3535.44"
"A005010","휴스틸","12","0","KOSPI","-4.76","76.22","","80.03"
"A005030","부산주공","12","0","KOSPI","-3.06","20.12","","20.75"
"A005070","코스모신소재","12","0","KOSPI","-10.57","200.44","","224.14"
"A005090","SGC에너지","12","0","KOSPI","-5.02","169.9","","178.89"
"A005110","한창","12","0","KOSPI","-12.04","82.63","","93.93"
"A005160","동국산업","12","0","KOSDAQ","-7.55","122.86","","132.9"
"A005180","빙그레","12","1","KOSPI","-2.22","607.82","","621.61"
"A005250","녹십자홀딩스","12","1","KOSPI","-5.45","855.91","","905.29"
"A005290","동진쎄미켐","12","0","KOSDAQ","4.53","771.22","","737.8"
"A005300","롯데칠성","12","1","KOSPI","-1.07","1111.09","","1123.08"
"A005320","온타이드","12","0","KOSPI","-10.78","37.67","","42.22"
"A005360","모나미","12","0","KOSPI","20.34","147.59","","122.64"
"A005380","현대차","12","1","KOSPI","0","27242.69","","27242.69"
"A005420","코스모화학","12","0","KOSPI","-13.64","120.35","","139.36"
"A005430","한국공항","12","0","KOSPI","-4.99","123.65","","130.14"
"A005440","현대지에프홀딩스","12","1","KOSPI","-2.93","1133.37","","1167.57"
"A005490","POSCO홀딩스","12","1","KOSPI","-3.23","18309.24","","18919.54"
"A005500","삼진제약","12","0","KOSPI","-5.83","359.31","","381.56"
"A005610","삼립","12","1","KOSPI","-5.71","740.37","","785.24"
"A005670","푸드웰","12","0","KOSDAQ","-6.42","64.1","","68.5"
"A005680","삼영전자","12","0","KOSPI","-3.48","199.8","","207"
"A005690","파미셀","12","0","KOSPI","-17.65","467.08","","567.21"
"A005710","대원산업","12","0","KOSDAQ","-6.61","113.21","","121.23"
"A005720","넥센","12","0","KOSPI","-4.89","291.81","","306.81"
"A005740","크라운해태홀딩스","12","0","KOSPI","2.37","160.35","","156.64"
"A005750","대림바스","12","0","KOSPI","-1.92","63.94","","65.19"
"A005800","신영와코루","12","0","KOSPI","-0.44","101.25","","101.7"
"A005810","풍산홀딩스","12","0","KOSPI","-1.09","285.2","","288.33"
"A005820","원림","12","0","KOSPI","-5.1","40.92","","43.12"
"A005830","DB손해보험","12","1","KOSPI","-0.37","3794.88","","3809.04"
"A005850","에스엘","12","1","KOSPI","-0.91","1050.83","","1060.47"
"A005860","한일사료","12","0","KOSDAQ","-8.08","60.48","","65.8"
"A005870","휴니드","12","0","KOSPI","-3.86","95","","98.81"
"A005880","대한해운","12","0","KOSPI","-4.08","574.02","","598.45"
"A005930","삼성전자","12","1","KOSPI","-2.22","262371.94","","268341.73"
"A005940","NH투자증권","12","1","KOSPI","-2.76","3475.4","","3573.89"
"A005950","이수화학","12","0","KOSPI","-4.05","133.99","","139.64"
"A005960","동부건설","12","0","KOSPI","-4.1","180.63","","188.36"
"A005990","매일홀딩스","12","0","KOSDAQ","-6.96","146.79","","157.76"
"A006040","동원산업","12","0","KOSPI","-4.14","809.08","","844.02"
"A006050","국영지앤엠","12","0","KOSDAQ","-1.07","48.5","","49.03"
"A006060","화승인더","12","0","KOSPI","-6.95","437.03","","469.67"
"A006090","사조오양","12","0","KOSPI","-6.18","61.53","","65.58"
"A006110","삼아알미늄","12","0","KOSPI","-4.25","44.61","","46.59"
"A006120","SK디스커버리","12","1","KOSPI","-3.88","424.54","","441.68"
"A006140","피제이전자","12","0","KOSDAQ","-4.49","70.13","","73.43"
"A006200","한국전자홀딩스","12","0","KOSPI","-2.8","34.12","","35.1"
"A006220","제주은행","12","0","KOSPI","-3.67","134.94","","140.08"
"A006260","LS","12","1","KOSPI","-5.86","1320.2","","1402.31"
"A006280","녹십자","12","1","KOSPI","-5.19","1174.5","","1238.77"
"A006340","대원전선","12","0","KOSPI","-8.99","67.56","","74.24"
"A006360","GS건설","12","1","KOSPI","-0.46","2593.55","","2605.53"
"A006370","대구백화점","12","0","KOSPI","-5.99","57.79","","61.47"
"A006380","카프로","12","0","KOSPI","-10.84","125","","140.2"
"A006400","삼성SDI","12","1","KOSPI","-3.38","16709.78","","17294.28"
"A006490","프리티","12","0","KOSPI","-15.37","191.13","","225.84"
"A006570","대림통상","12","0","KOSPI","-5.64","58.62","","62.12"
"A006620","동구바이오제약","12","0","KOSDAQ","-16.67","129.65","","155.58"
"A006650","대한유화","12","1","KOSPI","-7.11","721.5","","776.75"
"A006660","삼성공조","12","0","KOSPI","-5.65","74.68","","79.15"
"A006730","서부T&D","12","0","KOSDAQ","-7.6","418.01","","452.38"
"A006740","블루산업개발","12","0","KOSPI","-4.38","65.38","","68.38"
"A006800","미래에셋증권","12","1","KOSPI","-3.85","4608.21","","4792.54"
"A006840","AK홀딩스","12","1","KOSPI","-4.71","496.12","","520.63"
"A006880","신송홀딩스","12","0","KOSPI","0.59","60.33","","59.97"
"A006890","태경케미컬","12","0","KOSPI","-11","61.94","","69.6"
"A006910","보성파워텍","12","0","KOSDAQ","-7.69","77.04","","83.46"
"A006920","모헨즈","12","0","KOSDAQ","-8.29","42.86","","46.74"
"A006980","우성","12","0","KOSPI","-6.94","80.8","","86.83"
"A007070","GS리테일","12","1","KOSPI","-0.26","2999.15","","3006.85"
"A007110","일신석재","12","0","KOSPI","-12.24","183.18","","208.75"
"A007120","미래아이앤지","12","0","KOSPI","-3.56","38.59","","40.01"
"A007160","사조산업","12","0","KOSPI","-6.07","209","","222.5"
"A007210","벽산","12","0","KOSPI","-11.22","122.04","","137.46"
"A007280","한국특강","12","0","KOSPI","-4.93","46.75","","49.18"
"A007310","오뚜기","12","1","KOSPI","-2.38","2217.22","","2271.3"
"A007330","푸른저축은행","12","0","KOSDAQ","-1.59","121.72","","123.68"
"A007340","DN오토모티브","12","0","KOSPI","0.16","311.81","","311.31"
"A007370","진양제약","12","0","KOSDAQ","-6.38","37.86","","40.44"
"A007390","네이처셀","12","0","KOSDAQ","-8.19","417.03","","454.22"
"A007460","에이프로젠","12","0","KOSPI","-11.91","295.94","","335.96"
"A007530","와이엠","12","0","KOSDAQ","0","22.39","","22.39"
"A007540","샘표","12","0","KOSPI","15.25","128.26","","111.29"
"A007570","일양약품","12","1","KOSPI","-12.61","363.58","","416.07"
"A007590","동방아그로","12","0","KOSPI","-1.65","89.33","","90.83"
"A007610","선도전기","12","0","KOSPI","-11.25","50.4","","56.79"
"A007660","이수페타시스","12","0","KOSPI","-11.8","172.71","","195.82"
"A007680","대원","12","0","KOSDAQ","-11.24","122.1","","137.57"
"A007690","국도화학","12","0","KOSPI","-4.32","257.41","","269.03"
"A007700","F&F홀딩스","12","0","KOSPI","-6.44","1051.82","","1124.2"
"A007720","소노스퀘어","12","0","KOSDAQ","-11.66","152.71","","172.87"
"A007770","한일화학","12","0","KOSDAQ","11.31","53.53","","48.09"
"A007810","코리아써키트","12","0","KOSPI","-8.71","106.41","","116.57"
"A007820","엠엑스로보틱스","12","0","KOSDAQ","-8.51","159.47","","174.3"
"A007860","서연","12","0","KOSPI","-5.78","72.67","","77.13"
"A007980","TP","12","0","KOSPI","-5.55","136.01","","144"
"A008040","사조동아원","12","0","KOSPI","-9.21","146.08","","160.9"
"A008060","대덕","12","1","KOSPI","-0.99","783.97","","791.77"
"A008250","이건산업","12","0","KOSPI","-7.76","74.26","","80.5"
"A008260","NI스틸","12","0","KOSPI","-4.09","63.78","","66.5"
"A008290","원풍물산","12","0","KOSDAQ","-11.48","131.68","","148.77"
"A0082N0","카나프테라퓨틱스","12","0","외감","","","",""
"A008350","남선알미늄","12","0","KOSPI","-4.04","327.23","","341"
"A008370","원풍","12","0","KOSDAQ","-4.11","42","","43.8"
"A008420","문배철강","12","0","KOSPI","-9.2","48.59","","53.51"
"A008470","부스타","12","0","KOSDAQ","-2.93","44.63","","45.97"
"A008490","서흥","12","0","KOSPI","-2.13","345.92","","353.44"
"A008500","일정실업","12","0","KOSPI","-3.29","21.18","","21.9"
"A008600","윌비스","12","0","KOSPI","-4.18","54.89","","57.29"
"A008700","아남전자","12","0","KOSPI","-9.62","163.12","","180.47"
"A008730","율촌화학","12","0","KOSPI","1.88","403","","395.56"
"A008770","호텔신라","12","1","KOSPI","-3.07","3096.68","","3194.8"
"A008830","대동기어","12","0","KOSDAQ","-6.21","27.14","","28.94"
"A008870","금비","9","0","KOSPI","-3.62","61.3","","63.6"
"A0088M0","메쥬","12","0","외감","","","",""
"A008930","한미사이언스","12","1","KOSPI","-7.45","2693.3","","2910.19"
"A008970","KBI동양철관","12","0","KOSPI","-7.73","120.67","","130.77"
"A009070","KCTC","12","0","KOSPI","-5.71","81.75","","86.7"
"A009140","경인전자","12","0","KOSPI","-11.11","32.67","","36.76"
"A009150","삼성전기","12","1","KOSPI","-2.26","6797.13","","6953.98"
"A009160","SIMPAC","12","0","KOSPI","-5.54","161.61","","171.1"
"A009180","한솔로지스틱스","12","0","KOSPI","-7.09","32.42","","34.9"
"A009190","대양금속","12","0","KOSPI","29.95","122.93","","94.6"
"A009200","무림페이퍼","12","0","KOSPI","-5.2","106.1","","111.93"
"A009240","한샘","12","1","KOSPI","-1.29","1437.92","","1456.75"
"A009270","신원","12","0","KOSPI","-5.72","161.16","","170.94"
"A009290","광동제약","12","0","KOSPI","-6.21","332.35","","354.36"
"A009300","삼아제약","12","0","KOSDAQ","-7.95","88.54","","96.19"
"A009310","참엔지니어링","12","0","KOSPI","-8.22","50.64","","55.18"
"A009320","아진전자부품","12","0","KOSPI","-10.24","89.81","","100.06"
"A009410","태영건설","12","0","KOSPI","-4.09","985.56","","1027.58"
"A009420","한올바이오파마","12","1","KOSPI","-10.11","1277.28","","1420.95"
"A009440","KC그린홀딩스","12","0","KOSPI","-4.47","81.44","","85.25"
"A009450","경동나비엔","12","0","KOSPI","-7.25","440.15","","474.55"
"A009460","한창제지","12","0","KOSPI","-6.4","144.1","","153.94"
"A009470","삼화전기","12","0","KOSPI","-13.17","95.9","","110.45"
"A009520","포스코엠텍","12","0","KOSDAQ","-10.77","177.61","","199.05"
"A009540","HD한국조선해양","12","1","KOSPI","-2.75","7020.69","","7218.86"
"A009580","무림P&P","12","0","KOSPI","-3.37","259.14","","268.18"
"A009620","삼보산업","12","0","KOSDAQ","1.44","44.34","","43.71"
"A009680","모토닉","12","0","KOSPI","-7.55","286.77","","310.2"
"A009730","이렘","12","0","KOSDAQ","-8.86","82.49","","90.51"
"A009770","삼정펄프","12","0","KOSPI","-1.22","80.75","","81.75"
"A009780","엠에스씨","12","0","KOSDAQ","-2.5","85.98","","88.18"
"A009810","플레이그램","12","0","KOSPI","3.88","100.71","","96.95"
"A009830","한화솔루션","12","1","KOSPI","-3.21","2922.78","","3019.66"
"A009900","명신산업","12","0","외감","","","",""
"A009970","영원무역홀딩스","12","0","KOSPI","-1.72","702.23","","714.51"
"A010040","한국내화","12","0","KOSPI","-8","94.66","","102.89"
"A010060","OCI홀딩스","12","1","KOSPI","-5.36","1640.84","","1733.85"
"A010100","한국무브넥스","12","0","KOSPI","-8.01","43.7","","47.5"
"A010120","LS ELECTRIC","12","1","KOSPI","-2.41","1338","","1371"
"A010130","고려아연","12","1","KOSPI","0.12","8123.54","","8114.1"
"A010140","삼성중공업","12","1","KOSPI","-3.61","4208.4","","4365.9"
"A010170","대한광통신","12","0","KOSDAQ","-9.96","240.03","","266.58"
"A010240","흥국","12","0","KOSDAQ","-6.37","77.88","","83.18"
"A010280","아이티센엔텍","12","0","KOSDAQ","3.15","59.68","","57.86"
"A010400","우진아이엔에스","12","0","KOSPI","-5.88","60.98","","64.79"
"A010470","오리콤","12","0","KOSDAQ","-3.71","53.7","","55.77"
"A010580","에스엠벡셀","12","0","KOSPI","-3.58","48.35","","50.14"
"A010640","진양폴리","12","0","KOSPI","-9.27","23","","25.35"
"A010660","화천기계","12","0","KOSPI","3.27","79.97","","77.44"
"A010690","화신","12","0","KOSPI","-4.67","74.9","","78.57"
"A010770","평화홀딩스","12","0","KOSPI","-15.01","49.29","","57.99"
"A010780","아이에스동서","12","1","KOSPI","-4.95","948.4","","997.83"
"A010820","퍼스텍","12","0","KOSPI","-9.95","82.54","","91.66"
"A010950","S-Oil","12","1","KOSPI","-2.19","10042.39","","10267.55"
"A010960","삼호개발","12","0","KOSPI","-6.3","104.13","","111.13"
"A011000","진원생명과학","12","0","KOSPI","-7.83","78.71","","85.4"
"A011040","경동제약","12","0","KOSDAQ","-4.69","210.28","","220.63"
"A011070","LG이노텍","12","1","KOSPI","-4","2272.04","","2366.71"
"A011080","형지I&C","12","0","KOSDAQ","-8.54","21.7","","23.72"
"A011090","에넥스","12","0","KOSPI","-8.64","60.29","","65.99"
"A011150","CJ씨푸드","12","0","KOSPI","-8.3","75.45","","82.28"
"A011170","롯데케미칼","12","1","KOSPI","-4.62","7437.77","","7797.66"
"A011200","HMM","12","0","KOSPI","-7.4","911.67","","984.48"
"A011210","현대위아","12","1","KOSPI","-3.91","1101.4","","1146.27"
"A011230","삼화전자","12","0","KOSPI","-8.36","27.5","","30.01"
"A011280","태림포장","12","0","KOSPI","-7.93","402.89","","437.58"
"A011300","우성머티리얼스","12","0","KOSPI","-10.42","26.89","","30.02"
"A011320","유니크","12","0","KOSDAQ","-9.75","103.75","","114.96"
"A011330","유니켐","12","0","KOSPI","-7.07","111.09","","119.53"
"A011370","서한","12","0","KOSDAQ","-5.02","124.1","","130.66"
"A011390","부산산업","12","0","KOSPI","-8.62","93.98","","102.85"
"A011420","갤럭시아에스엠","12","0","KOSPI","-10.1","71.08","","79.07"
"A011500","한농화성","12","0","KOSPI","-4.27","56.14","","58.64"
"A011560","세보엠이씨","12","0","KOSDAQ","-9.4","84.24","","92.98"
"A011690","와이투솔루션","12","0","KOSPI","-6.38","375.9","","401.51"
"A011700","한신기계","12","0","KOSPI","-5.25","52.72","","55.65"
"A011760","현대코퍼레이션","12","0","KOSPI","-8.78","226.88","","248.7"
"A011780","금호석유화학","12","1","KOSPI","-7.55","2239.38","","2422.18"
"A011790","SKC","12","1","KOSPI","-1.07","1568.94","","1585.83"
"A0117P0","피스피스스튜디오","12","0","외감","","","",""
"A011810","STX","12","0","KOSPI","-2.38","177.94","","182.28"
"A011930","신성이엔지","12","0","KOSPI","-5.62","172.17","","182.42"
"A012030","DB","12","0","KOSPI","-3.17","159.73","","164.96"
"A0120G0","삼양바이오팜","12","0","외감","","","",""
"A012160","영흥","12","0","KOSPI","-7.3","92.69","","99.99"
"A012170","아센디오","12","0","KOSPI","-8.75","28.8","","31.57"
"A012200","계양전기","12","0","KOSPI","-7.98","92.09","","100.08"
"A012210","삼미금속","12","0","외감","","","",""
"A012280","영화금속","12","0","KOSPI","-6.67","57.27","","61.36"
"A012320","경동인베스트","12","0","KOSPI","-6.06","76.98","","81.95"
"A012330","현대모비스","12","1","KOSPI","-1.42","23111.87","","23445.45"
"A012340","뉴인텍","12","0","KOSDAQ","-9.49","21.17","","23.39"
"A012450","한화에어로스페이스","12","1","KOSPI","-2.44","1544.22","","1582.89"
"A012510","더존비즈온","12","0","KOSPI","-1.34","1973.23","","1999.94"
"A012610","경인양행","12","0","KOSPI","2.21","354.68","","347"
"A012620","원일특강","12","0","KOSDAQ","-1.74","37.36","","38.02"
"A012630","HDC","12","1","KOSPI","-3.98","719.89","","749.76"
"A012690","모나리자","12","0","KOSPI","13.02","138.06","","122.15"
"A0126Z0","삼성에피스홀딩스","12","0","외감","","","",""
"A012700","리드코프","12","0","KOSDAQ","8.58","189.65","","174.67"
"A012750","에스원","12","1","KOSPI","2.38","4084.91","","3989.91"
"A012790","신일제약","12","0","KOSDAQ","-8.25","57.99","","63.2"
"A012800","대창","12","0","KOSPI","-5.58","100.25","","106.18"
"A012860","모베이스전자","12","0","KOSDAQ","-2.27","40.64","","41.58"
"A013000","세우글로벌","12","0","KOSPI","-11.18","42.2","","47.51"
"A013030","하이록코리아","12","0","KOSDAQ","-4.21","232.11","","242.32"
"A013120","동원개발","12","0","KOSDAQ","-4.86","390.93","","410.91"
"A013310","아진산업","12","0","KOSDAQ","-4.85","113.46","","119.24"
"A013360","일성건설","12","0","KOSPI","-8.37","56.19","","61.32"
"A013520","화승코퍼레이션","12","0","KOSPI","-4.66","118.79","","124.6"
"A013570","디와이","12","0","KOSPI","-6.55","127.65","","136.6"
"A013580","계룡건설","12","0","KOSPI","-7.88","198.27","","215.23"
"A013700","까뮤이앤씨","12","0","KOSPI","2.53","54.86","","53.51"
"A013720","청보","12","0","KOSDAQ","-12.05","15.83","","17.99"
"A013810","스페코","12","0","KOSDAQ","-9.98","32.39","","35.98"
"A013870","지엠비코리아","12","0","KOSPI","-10.67","88.59","","99.18"
"A013890","지누스","12","0","K-OTC","-3.16","952.36","","983.48"
"A013990","아가방컴퍼니","12","0","KOSDAQ","-0.17","98.83","","98.99"
"A014100","메디앙스","12","0","KOSDAQ","7.36","101.6","","94.64"
"A014130","한익스프레스","12","0","KOSPI","-7.5","68.04","","73.56"
"A014160","대영포장","12","0","KOSPI","-5.8","114.36","","121.4"
"A014190","원익큐브","12","0","KOSDAQ","-10.76","64.6","","72.39"
"A014280","금강공업","12","0","KOSPI","-6.17","92.8","","98.91"
"A014440","영보화학","12","0","KOSPI","-2.77","70.2","","72.2"
"A014470","부방","12","0","KOSDAQ","-7.56","138.81","","150.16"
"A014530","극동유화","12","0","KOSPI","-3.52","114.55","","118.73"
"A014570","고려제약","12","0","KOSDAQ","-14.36","57.09","","66.66"
"A014580","태경비케이","12","0","KOSPI","-7.25","88.27","","95.16"
"A014620","성광벤드","12","0","KOSDAQ","-1.66","253.97","","258.26"
"A014680","한솔케미칼","12","1","KOSPI","-0.9","874.25","","882.15"
"A014710","사조씨푸드","12","0","KOSPI","-6.22","88.33","","94.19"
"A014790","HL D&I","12","0","KOSPI","-12.4","104.38","","119.15"
"A014820","동원시스템즈","12","1","KOSPI","-4.25","894.09","","933.79"
"A014830","유니드","12","1","KOSPI","-1.59","412.04","","418.71"
"A014910","성문전자","12","0","KOSPI","-11.24","36.15","","40.73"
"A014940","오리엔탈정공","12","0","KOSDAQ","-4.96","36.64","","38.56"
"A014950","삼익제약","12","0","외감","","","",""
"A014970","삼륭물산","12","0","KOSDAQ","-9.5","103.76","","114.65"
"A014990","인디에프","12","0","KOSPI","-7.07","170.32","","183.28"
"A015020","이스타코","12","0","KOSPI","-3.16","22.33","","23.05"
"A015230","대창단조","12","0","KOSPI","-2.58","75.6","","77.6"
"A015260","에이엔피","12","0","KOSPI","-7.36","28.15","","30.38"
"A015360","INVENI","12","0","KOSPI","-2.21","238.5","","243.9"
"A015590","DKME","12","0","KOSPI","-6.94","89.63","","96.32"
"A015710","코콤","12","0","KOSDAQ","-7.29","106.94","","115.35"
"A015750","성우하이텍","12","0","KOSDAQ","-7.07","268","","288.4"
"A015760","한국전력","12","1","KOSPI","-1.11","17204.64","","17397.23"
"A015860","일진홀딩스","12","0","KOSPI","-6.56","130.03","","139.16"
"A015890","태경산업","12","0","KOSPI","-3.91","158.13","","164.56"
"A016090","대현","12","0","KOSPI","-3.82","106.06","","110.26"
"A016100","리더스코스메틱","12","0","KOSDAQ","-8.26","107.12","","116.76"
"A016250","SGC E&C","12","0","KOSDAQ","-8","193.2","","210"
"A016360","삼성증권","12","1","KOSPI","-0.98","3152.29","","3183.55"
"A016380","KG스틸","12","0","KOSPI","-8.46","162.04","","177.02"
"A016450","한세예스24홀딩스","12","0","KOSPI","-4.17","294","","306.8"
"A016580","환인제약","12","0","KOSPI","-6.17","282.72","","301.32"
"A016590","신대양제지","12","0","KOSPI","-5.19","257.91","","272.01"
"A016600","큐캐피탈","12","0","KOSDAQ","-9.58","70","","77.42"
"A016610","DB증권","12","0","KOSPI","-7.49","175.73","","189.95"
"A016670","디모아","12","0","KOSDAQ","-9.2","45.49","","50.1"
"A016710","대성홀딩스","12","0","KOSPI","1.07","122.12","","120.83"
"A016740","두올","12","0","KOSPI","-4.11","78.9","","82.28"
"A016790","현대사료","12","0","KOSDAQ","-15.18","67.04","","79.03"
"A016800","퍼시스","12","0","KOSPI","-0.98","348.45","","351.9"
"A016880","웅진","12","0","KOSPI","-8.27","94.56","","103.09"
"A016920","카스","12","0","KOSDAQ","-7.91","31.24","","33.93"
"A017000","신원종합개발","12","0","KOSDAQ","-6.12","33.22","","35.39"
"A017040","광명전기","12","0","KOSPI","-11.19","80.82","","91.01"
"A017180","명문제약","12","0","KOSPI","-7.82","96.93","","105.15"
"A017250","인터엠","9","0","KOSDAQ","-14.78","41.88","","49.14"
"A017370","우신시스템","12","0","KOSPI","-3.95","102.38","","106.59"
"A017390","서울가스","12","0","KOSPI","-7.06","349","","375.5"
"A017480","삼현철강","12","0","KOSDAQ","-9.32","54.25","","59.83"
"A017510","세명전기","12","0","KOSDAQ","-13.63","58.93","","68.23"
"A017550","수산세보틱스","12","0","KOSPI","-8.7","68.02","","74.5"
"A017650","대림제지","12","0","KOSDAQ","-6.16","58.28","","62.1"
"A017670","SK텔레콤","12","1","KOSPI","0.2","20388.29","","20347.92"
"A017800","현대엘리베이터","12","1","KOSPI","-8.77","1922.99","","2107.95"
"A017810","풀무원","12","0","KOSPI","-2.87","386.62","","398.05"
"A017860","DS단석","12","0","외감","","","",""
"A017890","한국알콜","12","0","KOSDAQ","-6.4","154.91","","165.5"
"A017900","광전자","12","0","KOSPI","-6.72","108.64","","116.47"
"A017940","E1","12","0","KOSPI","-3.77","350.55","","364.27"
"A017960","한국카본","12","0","KOSPI","-5.7","291.02","","308.6"
"A018000","유니슨","12","0","KOSDAQ","-10.48","80.78","","90.23"
"A018120","진로발효","12","0","KOSDAQ","-0.68","219.32","","220.83"
"A018250","애경산업","12","1","KOSPI","-6.68","791.71","","848.36"
"A018260","삼성에스디에스","12","1","KOSPI","-4.55","15436.87","","16171.96"
"A018290","브이티","12","0","KOSDAQ","-13.59","223.04","","258.13"
"A018310","삼목에스폼","12","0","KOSDAQ","-7.34","135.39","","146.12"
"A018470","조일알미늄","12","0","KOSPI","-6.09","53.04","","56.48"
"A018500","동원모빌리티","3","0","KOSPI","-6.67","35.35","","37.87"
"A018620","우진비앤지","12","0","KOSDAQ","-4.04","55.57","","57.91"
"A018670","SK가스","12","0","KOSPI","-2.3","698.43","","714.89"
"A018680","서울제약","12","0","KOSDAQ","-9.79","44.55","","49.39"
"A018700","졸스","12","0","KOSDAQ","-0.48","34.31","","34.48"
"A018880","한온시스템","12","1","KOSPI","-0.84","6325.53","","6378.91"
"A019010","베뉴지","12","0","KOSDAQ","-5.01","91.34","","96.16"
"A019170","신풍제약","12","0","KOSPI","-11.44","287.18","","324.27"
"A019180","티에이치엔","12","0","KOSPI","-10.11","61.65","","68.58"
"A019210","와이지-원","12","0","KOSDAQ","-5.77","239.17","","253.81"
"A019490","엑시큐어하이트론","12","0","KOSPI","-2.96","20.82","","21.46"
"A019540","일지테크","12","0","KOSDAQ","1.85","63.24","","62.09"
"A019550","SBI인베스트먼트","12","0","KOSDAQ","-11.42","96.75","","109.23"
"A019570","GMI벤처","12","0","KOSDAQ","-0.14","38.27","","38.33"
"A019660","글로본","12","0","KOSDAQ","0","94.67","","94.67"
"A019680","대교","12","1","KOSPI","1.48","521.77","","514.15"
"A019770","서연탑메탈","12","0","KOSDAQ","-13.69","25.34","","29.36"
"A019990","에너토크","12","0","KOSDAQ","-9.39","32","","35.32"
"A020000","한섬","12","1","KOSPI","-7.33","825.11","","890.37"
"A020120","키다리스튜디오","12","0","KOSPI","-8.01","55.49","","60.32"
"A020150","롯데에너지머티리얼즈","12","1","KOSPI","-3","1641.55","","1692.27"
"A020180","대신정보통신","3","0","KOSDAQ","-10.22","38.81","","43.23"
"A020400","대동금속","12","0","KOSDAQ","1.46","26.33","","25.95"
"A020560","아시아나항공","12","0","KOSPI","-6.98","1150.42","","1236.71"
"A020710","시공테크","12","0","KOSDAQ","-3.96","102.04","","106.25"
"A020760","일진디스플","12","0","KOSPI","-10.99","94","","105.61"
"A021040","대호특수강","12","0","KOSDAQ","-7.9","67.34","","73.11"
"A021050","서원","12","0","KOSPI","-6.91","47.95","","51.51"
"A021080","에이티넘인베스트","12","0","KOSDAQ","-11.17","76.32","","85.92"
"A021240","코웨이","12","1","KOSPI","-0.12","6339.39","","6346.77"
"A021320","KCC건설","12","0","KOSDAQ","-6.46","123.91","","132.47"
"A021650","한국큐빅","12","0","KOSDAQ","-16.31","31.88","","38.1"
"A021820","세원정공","6","0","KOSPI","0","80.9","","80.9"
"A021880","메이슨캐피탈","3","0","KOSDAQ","-7.84","27.97","","30.35"
"A022100","포스코DX","12","0","KOSDAQ","-8.44","684.16","","747.25"
"A022220","티케이지애강","12","0","KOSDAQ","-7.89","93.75","","101.78"
"A023000","삼원강재","12","0","KOSPI","-4.09","108","","112.6"
"A023150","MH에탄올","12","0","KOSPI","-2.92","46.56","","47.96"
"A023160","태광","12","0","KOSDAQ","-5.03","230.29","","242.48"
"A023350","한국종합기술","12","0","KOSPI","-6.83","38.82","","41.66"
"A023410","유진기업","12","0","KOSDAQ","-8.06","352.54","","383.46"
"A023440","제이스코홀딩스","12","0","KOSDAQ","-1.2","60.61","","61.34"
"A023450","동남합성","12","0","KOSPI","0","90.18","","90.18"
"A023530","롯데쇼핑","12","1","KOSPI","-4.14","3606.82","","3762.4"
"A023590","다우기술","12","0","KOSPI","-2.27","870.41","","890.6"
"A023600","삼보판지","12","0","KOSDAQ","-6.61","134.86","","144.4"
"A023760","한국캐피탈","12","0","KOSDAQ","-5.1","103.28","","108.83"
"A023770","플레이위드","12","0","KOSDAQ","-23.55","132.16","","172.88"
"A023790","동일스틸럭스","12","0","KOSDAQ","-10.81","26.66","","29.89"
"A023800","인지컨트롤스","12","0","KOSPI","-7.33","73.75","","79.59"
"A023810","인팩","12","0","KOSPI","-4.62","36.1","","37.85"
"A023900","풍국주정","12","0","KOSDAQ","-9.67","223.65","","247.59"
"A023910","대한약품","12","0","KOSDAQ","-3.2","190.8","","197.1"
"A023960","에쓰씨엔지니어링","12","0","KOSPI","-14.06","27.52","","32.02"
"A024060","흥구석유","12","0","KOSDAQ","-8.51","68.55","","74.93"
"A024070","WISCOM","12","0","KOSPI","-3.35","37.63","","38.93"
"A024090","디씨엠","12","0","KOSPI","-2.15","133.38","","136.31"
"A024110","기업은행","12","1","KOSPI","-0.4","7244.3","","7273.05"
"A024120","KB오토시스","12","0","KOSDAQ","-5.1","59.92","","63.14"
"A024720","콜마홀딩스","12","0","KOSPI","-5.17","394.66","","416.18"
"A024740","한일단조","12","0","KOSDAQ","-7.27","38.11","","41.1"
"A024800","유성티엔에스","12","0","KOSDAQ","-2.2","72.66","","74.29"
"A024830","세원물산","12","0","KOSDAQ","0","52.44","","52.44"
"A024840","KBI메탈","12","0","KOSDAQ","-11.41","48.6","","54.86"
"A024850","HLB이노베이션","12","0","KOSDAQ","-5.36","30.79","","32.53"
"A024880","케이피에프","12","0","KOSDAQ","-8.4","66.4","","72.5"
"A024890","대원화성","12","0","KOSPI","-7.35","51.97","","56.1"
"A024900","디와이덕양","12","0","KOSPI","-12.81","34.36","","39.4"
"A024910","경창산업","12","0","KOSDAQ","-7.54","32.52","","35.17"
"A024940","PN풍년","12","0","KOSDAQ","-4.28","23.5","","24.55"
"A024950","삼천리자전거","12","0","KOSDAQ","-7.92","75.66","","82.16"
"A025000","KPX케미칼","12","0","KOSPI","-2.63","268.62","","275.88"
"A025320","시노펙스","12","0","KOSDAQ","-10.57","154.32","","172.56"
"A025440","DH오토웨어","12","0","KOSDAQ","-7.81","65.88","","71.46"
"A025530","SJM홀딩스","12","0","KOSPI","-2.24","45.7","","46.74"
"A025540","한국단자","12","1","KOSPI","2.32","688.43","","672.81"
"A025550","한국선재","12","0","KOSDAQ","-6.17","54.07","","57.63"
"A025560","미래산업","12","0","KOSPI","-3.53","104.11","","107.92"
"A025620","차AI헬스케어","12","0","KOSPI","-16.68","109.28","","131.16"
"A025750","한솔홈데코","12","0","KOSPI","-6.87","87.41","","93.86"
"A025770","한국정보통신","12","0","KOSDAQ","-3.88","327.19","","340.39"
"A025820","이구산업","12","0","KOSPI","-10.82","51","","57.19"
"A025860","남해화학","12","1","KOSPI","-4.85","418.79","","440.15"
"A025870","신라에스지","12","0","KOSDAQ","-4.55","18.86","","19.76"
"A025880","케이씨피드","12","0","KOSDAQ","-8.45","33.52","","36.61"
"A025890","한국주강","12","0","KOSPI","-0.3","18.77","","18.83"
"A025900","동화기업","12","0","KOSDAQ","-3.04","354.48","","365.59"
"A025950","동신건설","12","0","KOSDAQ","-8.73","43.01","","47.12"
"A025980","아난티","12","0","KOSDAQ","-8.37","876.52","","956.58"
"A026040","제이에스티나","12","0","KOSDAQ","-5.6","83.51","","88.46"
"A026150","특수건설","12","0","KOSDAQ","-10.61","61.93","","69.28"
"A026890","스틱인베스트먼트","12","0","KOSPI","-13.3","172.55","","199.01"
"A026910","광진실업","12","0","KOSDAQ","-5.93","19.31","","20.53"
"A026940","부국철강","12","0","KOSPI","-3.46","64.2","","66.5"
"A026960","동서","12","1","KOSPI","-1.44","1704.87","","1729.8"
"A027040","서울전자통신","12","0","KOSDAQ","-8.44","67.22","","73.42"
"A027050","코리아나","12","0","KOSDAQ","-11.57","114.6","","129.6"
"A027360","아주IB투자","12","0","KOSDAQ","-5.98","113.85","","121.09"
"A027410","BGF","12","1","KOSPI","-4.55","562.81","","589.62"
"A027580","상보","12","0","KOSDAQ","-12.55","34.22","","39.13"
"A027710","팜스토리","12","0","KOSDAQ","-9.12","75.71","","83.31"
"A027740","마니커","12","0","KOSPI","-7.89","122.18","","132.64"
"A027830","대성창투","12","0","KOSDAQ","-7.69","52.8","","57.2"
"A027970","한국제지","12","0","KOSPI","-5.07","38.73","","40.8"
"A028050","삼성E&A","12","1","KOSPI","-2.22","3028.2","","3096.8"
"A028080","휴맥스홀딩스","12","0","KOSDAQ","-5.22","39.93","","42.13"
"A028100","동아지질","12","0","KOSPI","-7.69","220.8","","239.2"
"A028260","삼성물산","12","1","KOSPI","-2.77","16616.85","","17091.07"
"A028300","HLB","12","0","KOSDAQ","2.75","1100.55","","1071.12"
"A028670","팬오션","12","1","KOSPI","-4.84","2365.47","","2485.75"
"A029460","케이씨","12","0","KOSPI","-7.03","161.29","","173.49"
"A029480","광무","12","0","KOSDAQ","-8.34","35.24","","38.44"
"A029530","신도리코","12","0","KOSPI","-4.47","398.16","","416.81"
"A029780","삼성카드","12","1","KOSPI","-1.98","4014.51","","4095.61"
"A030000","제일기획","12","1","KOSPI","5.23","3123.37","","2968.06"
"A030190","NICE평가정보","12","0","KOSDAQ","-0.66","910.72","","916.79"
"A030200","KT","12","1","KOSPI","0.36","7298.08","","7271.96"
"A030210","다올투자증권","12","0","KOSPI","-7.75","143.55","","155.61"
"A030350","드래곤플라이","12","0","KOSDAQ","-18.83","74.2","","91.41"
"A030520","한컴","12","0","KOSDAQ","-8.52","228.05","","249.29"
"A030530","원익홀딩스","12","0","KOSDAQ","-6.94","269.17","","289.26"
"A030610","교보증권","12","0","KOSPI","-2.92","335.52","","345.6"
"A030720","동원수산","12","0","KOSPI","4.48","35.79","","34.25"
"A030960","양지사","6","0","KOSDAQ","11.32","235.71","","211.74"
"A031210","서울보증보험","12","0","외감","","","",""
"A031310","아이즈비전","12","0","KOSDAQ","-12.81","57.96","","66.48"
"A031330","에스에이엠티","12","0","KOSDAQ","-4.41","205.99","","215.49"
"A031430","신세계인터내셔날","12","1","KOSPI","-5.92","1192.38","","1267.35"
"A031440","신세계푸드","12","0","KOSPI","-4.76","271.07","","284.63"
"A031510","오스템","12","0","KOSDAQ","-13.6","51.22","","59.28"
"A031820","아이티센씨티에스","12","0","KOSPI","-4.68","78","","81.83"
"A031860","디에이치엑스컴퍼니","12","0","KOSDAQ","-13.31","28.72","","33.13"
"A031980","피에스케이홀딩스","12","0","KOSDAQ","-8.03","39.52","","42.97"
"A032080","아즈텍WB","12","0","KOSDAQ","-5.32","37.23","","39.32"
"A032190","다우데이타","12","0","KOSDAQ","-3.85","306.4","","318.66"
"A032280","삼일","12","0","KOSDAQ","0.23","35.35","","35.26"
"A032300","한국파마","12","0","외감","","","",""
"A032350","롯데관광개발","12","0","KOSPI","-3.93","759.11","","790.17"
"A032500","케이엠더블유","12","0","KOSDAQ","-4.54","1964.22","","2057.57"
"A032540","TJ미디어","12","0","KOSDAQ","-5.49","41.93","","44.37"
"A032560","황금에스티","12","0","KOSPI","-5.97","94.78","","100.8"
"A032580","피델릭스","12","0","KOSDAQ","-6.25","30.6","","32.64"
"A032620","GC메디아이","12","0","KOSDAQ","-3.86","272.99","","283.95"
"A032640","LG유플러스","12","1","KOSPI","3.46","5872.42","","5675.95"
"A032680","소프트센","12","0","KOSDAQ","-8.22","44.02","","47.96"
"A032750","삼진","12","0","KOSDAQ","-8","46.2","","50.22"
"A032790","엠젠솔루션","12","0","KOSDAQ","-23.63","104.8","","137.22"
"A032800","판타지오","6","0","KOSDAQ","-7.22","42.97","","46.31"
"A032820","우리기술","12","0","KOSDAQ","-7.77","79.47","","86.16"
"A032830","삼성생명","12","1","KOSPI","-2.45","14320","","14680"
"A032850","비트컴퓨터","12","0","KOSDAQ","-8.76","64.91","","71.15"
"A032860","더라미","12","0","KOSDAQ","-3.79","32.56","","33.85"
"A032940","원익","12","0","KOSDAQ","-3.63","64.29","","66.72"
"A032960","동일기연","12","0","KOSDAQ","-10.98","38.59","","43.35"
"A032980","바이온","12","0","KOSDAQ","-10.46","50.94","","56.89"
"A033050","제이엠아이","12","0","KOSDAQ","-9.45","25.28","","27.92"
"A033100","제룡전기","12","0","KOSDAQ","-10.34","83.52","","93.16"
"A033130","디지틀조선","12","0","KOSDAQ","-6.61","83.88","","89.82"
"A033160","엠케이전자","12","0","KOSDAQ","-6.3","165.52","","176.64"
"A033170","시그네틱스","12","0","KOSDAQ","-8.21","76.73","","83.59"
"A033200","모아텍","3","0","KOSDAQ","-5.56","58.47","","61.91"
"A033230","인성정보","12","0","KOSDAQ","-16.33","39.75","","47.51"
"A033240","자화전자","12","0","KOSPI","-8.93","158.77","","174.35"
"A033250","체시스","12","0","KOSPI","-7.36","36.24","","39.12"
"A033270","유나이티드제약","12","0","KOSPI","-6.27","303.08","","323.34"
"A033290","로젠","12","0","KOSDAQ","-4.14","565.63","","590.06"
"A033310","엠투엔","12","0","KOSDAQ","-7.8","57.13","","61.96"
"A033320","제이씨현시스템","12","0","KOSDAQ","-9.72","71.01","","78.66"
"A033340","좋은사람들","12","0","KOSDAQ","-4.65","128.75","","135.04"
"A033500","동성화인텍","12","0","KOSDAQ","-4.09","202.38","","211.01"
"A033530","SJG세종","12","0","KOSPI","-14.44","92.25","","107.81"
"A033540","파라텍","12","0","KOSDAQ","-0.7","84.15","","84.75"
"A033560","블루콤","12","0","KOSDAQ","-3.06","62.95","","64.94"
"A033640","네패스","12","0","KOSDAQ","-6.43","637.59","","681.4"
"A033780","KT&G","12","1","KOSPI","0.73","13248.73","","13152.62"
"A033790","피노","12","0","KOSDAQ","-14.29","15.41","","17.97"
"A033830","티비씨","12","0","KOSDAQ","-6.1","98.6","","105"
"A033920","무학","12","0","KOSPI","6.4","307.8","","289.28"
"A034020","두산에너빌리티","12","1","KOSPI","-10.5","1051.16","","1174.47"
"A034120","SBS","12","0","KOSPI","-8.66","298.43","","326.72"
"A034220","LG디스플레이","12","1","KOSPI","-4.78","4633.71","","4866.29"
"A034230","파라다이스","12","0","KOSDAQ","-12.1","1255.01","","1427.8"
"A034310","NICE","12","0","KOSPI","-5.39","765.22","","808.79"
"A034590","인천도시가스","12","0","KOSPI","-1.03","126.43","","127.74"
"A034730","SK","12","1","KOSPI","-0.48","14599.76","","14670.12"
"A034810","해성산업","12","0","KOSDAQ","-2.2","95.45","","97.6"
"A034830","한국토지신탁","12","0","KOSPI","-3.9","528.96","","550.43"
"A034940","조아제약","12","0","KOSDAQ","-12.77","91.87","","105.31"
"A034950","한국기업평가","12","0","KOSDAQ","-1.59","280.6","","285.14"
"A035000","HS애드","12","0","KOSPI","-3.02","117.13","","120.78"
"A035080","그래디언트","12","0","KOSDAQ","-5.56","119.34","","126.36"
"A035150","백산","12","0","KOSPI","-6.1","160.2","","170.61"
"A035200","프럼파스트","12","0","KOSDAQ","-8.73","25.93","","28.41"
"A035250","강원랜드","12","1","KOSPI","1.81","6621.46","","6503.79"
"A035290","골드앤에스","12","0","KOSDAQ","-6.66","88.91","","95.25"
"A035420","NAVER","12","1","KOSPI","-2.82","22744.25","","23403.5"
"A035460","기산텔레콤","12","0","KOSDAQ","-15.55","29.3","","34.69"
"A035510","신세계 I&C","12","0","KOSPI","-5.53","205.54","","217.58"
"A035600","KG이니시스","12","0","KOSDAQ","-6.61","334.85","","358.57"
"A035610","솔본","12","0","KOSDAQ","-9.4","98.86","","109.11"
"A035620","바른손이앤에이","12","0","KOSDAQ","-6.31","99.56","","106.27"
"A035720","카카오","12","1","KOSPI","-4.67","10226.79","","10726.62"
"A035760","CJ ENM","12","0","KOSDAQ","-5.39","3346.39","","3537.17"
"A035810","이지홀딩스","12","0","KOSDAQ","-6.94","279.79","","300.64"
"A035890","서희건설","12","0","KOSDAQ","-9.36","220.54","","243.32"
"A035900","JYP Ent.","12","0","KOSDAQ","-12.13","630.04","","717"
"A036000","예림당","12","0","KOSDAQ","-8.59","84.54","","92.48"
"A036010","아비코전자","12","0","KOSDAQ","-10.1","60.35","","67.13"
"A036030","케이티알파","12","0","KOSDAQ","-5.29","198.22","","209.29"
"A036090","위지트","12","0","KOSDAQ","-9.03","60.82","","66.86"
"A036120","서울평가정보","12","0","KOSDAQ","-1.38","76.33","","77.39"
"A036170","에이치엠넥스","12","0","KOSDAQ","-9.6","57.93","","64.08"
"A036190","금화피에스시","12","0","KOSDAQ","-1.77","182.7","","186"
"A036200","유니셈","12","0","KOSDAQ","-9.25","111.31","","122.66"
"A036220","오상헬스케어","12","0","K-OTC","7.46","73.6","","68.49"
"A036420","콘텐트리중앙","12","0","KOSDAQ","-10.77","543.14","","608.69"
"A036460","한국가스공사","12","1","KOSPI","-1.68","3770.99","","3835.61"
"A036480","대성미생물","12","0","KOSDAQ","-11.4","51.68","","58.33"
"A036530","SNT홀딩스","12","0","KOSPI","-8.03","224.18","","243.74"
"A036540","SFA반도체","12","0","KOSDAQ","-6.17","324.43","","345.77"
"A036560","KZ정밀","12","0","KOSDAQ","0","131.2","","131.2"
"A036570","NC","12","1","KOSPI","0.38","11456.08","","11412.19"
"A036580","팜스코","12","0","KOSPI","-8.9","167.3","","183.64"
"A036620","감성코퍼레이션","12","0","KOSDAQ","-12.47","32.41","","37.03"
"A036630","세종텔레콤","12","0","KOSDAQ","-8.55","231.13","","252.74"
"A036640","HRS","12","0","KOSDAQ","-11.45","32.87","","37.13"
"A036670","삼양케이씨아이","12","0","KOSDAQ","-6.74","101.43","","108.76"
"A036690","코맥스","12","0","KOSDAQ","-8.16","48.34","","52.64"
"A036710","심텍홀딩스","12","0","KOSDAQ","-11.58","45.03","","50.93"
"A036800","나이스정보통신","12","0","KOSDAQ","-1.99","296","","302"
"A036810","에프에스티","12","0","KOSDAQ","-4.02","140.02","","145.89"
"A036830","솔브레인홀딩스","12","0","KOSDAQ","3.72","1261.37","","1216.14"
"A036890","진성티이씨","12","0","KOSDAQ","-7.1","152.88","","164.57"
"A036930","주성엔지니어링","12","0","KOSDAQ","-6.49","271.16","","289.98"
"A037030","파워넷","12","0","KOSDAQ","-11.79","38.19","","43.29"
"A037070","파세코","12","0","KOSDAQ","-19.34","103.32","","128.1"
"A037230","한국팩키지","12","0","KOSDAQ","-11.85","44.63","","50.63"
"A037270","YG PLUS","12","0","KOSPI","-6.85","59.33","","63.7"
"A037330","인지디스플레","12","0","KOSDAQ","0.47","76.55","","76.19"
"A037350","성도이엔지","12","0","KOSDAQ","-9.57","67.22","","74.33"
"A037370","EG","12","0","KOSDAQ","-10.49","60.15","","67.2"
"A037400","우리엔터프라이즈","12","0","KOSDAQ","-5.01","23.18","","24.4"
"A037440","희림","12","0","KOSDAQ","-2.95","54.92","","56.59"
"A037460","삼지전자","12","0","KOSDAQ","-11.36","159.11","","179.5"
"A037560","LG헬로비전","12","0","KOSPI","-5.61","429.83","","455.39"
"A037710","광주신세계","12","0","KOSPI","-1.45","272.8","","276.8"
"A037760","쎄니트","12","0","KOSDAQ","-7.55","49.73","","53.79"
"A037950","엘컴텍","12","0","KOSDAQ","7.96","131.74","","122.03"
"A038010","제일테크노스","12","0","KOSDAQ","-5.6","34.92","","36.99"
"A038060","루멘스","12","0","KOSDAQ","-6.46","78.72","","84.15"
"A038070","서린바이오","12","0","KOSDAQ","-8.89","57.68","","63.31"
"A038110","에코플라스틱","12","0","KOSDAQ","-4.58","32.09","","33.63"
"A038290","마크로젠","12","0","KOSDAQ","-9.96","234.91","","260.89"
"A038390","레드캡투어","12","0","KOSDAQ","-6.12","138.29","","147.31"
"A038460","바이오스마트","12","0","KOSDAQ","-13.99","81.86","","95.17"
"A038500","삼표시멘트","12","0","KOSDAQ","-6.98","322.07","","346.23"
"A038530","케이바이오랩스","12","0","KOSDAQ","-10.61","52.96","","59.25"
"A038540","상상인","12","0","KOSDAQ","-6.46","929.87","","994.1"
"A038620","위즈코프","12","0","KOSDAQ","-9.95","37.24","","41.35"
"A038680","에스넷","12","0","KOSDAQ","-10.86","121.37","","136.16"
"A038870","에코심플렉스","12","0","KOSDAQ","-10.54","47.78","","53.41"
"A038880","아이에이","12","0","KOSDAQ","-9.38","126.02","","139.06"
"A038950","파인디지털","12","0","KOSDAQ","-2.07","38.65","","39.46"
"A039010","현대에이치티","12","0","KOSDAQ","-6.87","72.45","","77.8"
"A039020","이건홀딩스","12","0","KOSDAQ","-3.33","59.06","","61.09"
"A039030","이오테크닉스","12","0","KOSDAQ","-5.41","883.31","","933.82"
"A039130","하나투어","12","0","KOSPI","-5.82","479.17","","508.79"
"A039200","오스코텍","12","0","KOSDAQ","-5.81","455.25","","483.35"
"A039240","경남스틸","12","0","KOSDAQ","-7.92","39.25","","42.63"
"A039290","인포뱅크","12","0","KOSDAQ","-10.44","47.73","","53.29"
"A039310","세중","12","0","KOSDAQ","-6.84","48.11","","51.65"
"A039340","한국경제TV","12","0","KOSDAQ","-7.77","103.73","","112.47"
"A039420","케이엘넷","12","0","KOSDAQ","-9.17","51.45","","56.64"
"A039440","에스티아이","12","0","KOSDAQ","-10","192.33","","213.71"
"A039490","키움증권","12","0","KOSPI","-3.92","1463","","1522.67"
"A039560","다산네트웍스","12","0","KOSDAQ","-6.84","213.27","","228.93"
"A039570","HDC랩스","12","0","KOSPI","-4.79","147.32","","154.72"
"A039610","화성밸브","12","0","KOSDAQ","-12.56","55.8","","63.82"
"A039740","한국정보공학","12","0","KOSDAQ","-7.12","24.06","","25.9"
"A039830","오로라","12","0","KOSDAQ","-7.98","117.85","","128.08"
"A039840","디오","12","0","KOSDAQ","-1.65","603.09","","613.18"
"A039860","나노엔텍","12","0","KOSDAQ","-11.52","97.94","","110.69"
"A039980","폴라리스AI","12","0","KOSDAQ","-12.46","48.71","","55.64"
"A040160","누리플렉스","12","0","KOSDAQ","-6.34","60.52","","64.62"
"A040300","YTN","12","0","KOSDAQ","-5.24","76.02","","80.22"
"A040350","크레오에스지","12","0","KOSDAQ","-8.82","92.99","","101.98"
"A040420","정상제이엘에스","12","0","KOSDAQ","-2.16","113.51","","116.01"
"A040610","SG&G","12","0","KOSDAQ","-6.35","62.89","","67.15"
"A040910","아이씨디","12","0","KOSDAQ","-8.37","175.22","","191.23"
"A041020","폴라리스오피스","12","0","KOSDAQ","-7.47","41.77","","45.14"
"A041190","우리기술투자","12","0","KOSDAQ","-4.34","231.42","","241.92"
"A041440","현대에버다임","12","0","KOSDAQ","-5.6","80.08","","84.83"
"A041460","한국전자인증","12","0","KOSDAQ","-13.24","63.3","","72.96"
"A041510","에스엠","12","0","KOSDAQ","-8.49","694.79","","759.23"
"A041520","이엘씨","12","0","KOSDAQ","-5.46","55.95","","59.18"
"A041590","플래스크","12","0","KOSDAQ","-13.49","36.06","","41.68"
"A041650","상신브레이크","12","0","KOSPI","-5.56","74.72","","79.12"
"A041830","인바디","12","0","KOSDAQ","-8.71","301.04","","329.78"
"A041910","폴라리스AI파마","12","0","KOSDAQ","-11.67","68.42","","77.46"
"A041920","메디아나","12","0","KOSDAQ","-6.53","71.8","","76.82"
"A041930","SY동아","12","0","KOSDAQ","-13.8","66.6","","77.26"
"A041960","코미팜","12","0","KOSDAQ","-13.16","1054.75","","1214.56"
"A042000","카페24","12","0","KOSDAQ","-4.91","565.84","","595.07"
"A042040","케이피엠테크","12","0","KOSDAQ","9.27","125.1","","114.48"
"A042110","에스씨디","12","0","KOSDAQ","-10.46","51.71","","57.75"
"A042370","비츠로테크","12","0","KOSDAQ","-3.98","113.11","","117.8"
"A042420","네오위즈홀딩스","12","0","KOSDAQ","-4.18","111.6","","116.47"
"A042500","링네트","12","0","KOSDAQ","-9.42","53.85","","59.45"
"A042510","라온시큐어","12","0","KOSDAQ","-10.91","77.93","","87.48"
"A042520","한스바이오메드","9","0","KOSDAQ","-6.32","212.9","","227.26"
"A042600","새로닉스","12","0","KOSDAQ","-11.88","41.93","","47.58"
"A042660","한화오션","12","1","KOSPI","-4.68","2728.39","","2862.39"
"A042700","한미반도체","12","0","KOSPI","-7.35","346.2","","373.67"
"A042940","상지건설","12","0","KOSDAQ","-8.39","58.89","","64.29"
"A043090","더테크놀로지","12","0","KOSDAQ","-13.16","66.96","","77.1"
"A043100","알파AI","12","0","KOSDAQ","-10.73","33.64","","37.68"
"A043150","바텍","12","0","KOSDAQ","-5.77","339.42","","360.22"
"A043200","파루","12","0","KOSDAQ","-11.11","69.83","","78.56"
"A043220","티에스넥스젠","12","0","KOSDAQ","-4.07","46.33","","48.29"
"A043260","성호전자","12","0","KOSDAQ","-12.34","26.31","","30.01"
"A043340","에쎈테크","12","0","KOSDAQ","-17.61","57.6","","69.91"
"A043360","디지아이","12","0","KOSDAQ","-8.06","22.59","","24.57"
"A043370","피에이치에이","12","0","KOSDAQ","-9.34","177.24","","195.51"
"A043590","웰킵스하이텍","12","0","KOSDAQ","0","34.72","","34.72"
"A043610","KT지니뮤직","12","0","KOSDAQ","-9.64","174.35","","192.94"
"A043650","국순당","12","0","KOSDAQ","-4.67","63.84","","66.97"
"A043710","코스리거글로벌","12","0","KOSDAQ","-4.5","56.37","","59.03"
"A043910","자연과환경","12","0","KOSDAQ","-8.43","31.71","","34.63"
"A044180","KD","12","0","KOSDAQ","0","38.78","","38.78"
"A044340","위닉스","12","0","KOSDAQ","-9.16","319.04","","351.21"
"A044380","주연테크","12","0","KOSPI","-8.18","38.32","","41.74"
"A044450","KSS해운","12","0","KOSPI","-1.15","159.52","","161.37"
"A044480","빌리언스","12","0","KOSDAQ","-6.83","67.08","","71.99"
"A044490","태웅","12","0","KOSDAQ","-7.93","164.86","","179.07"
"A044780","에이치케이","12","0","KOSDAQ","-7.19","26.28","","28.31"
"A044820","코스맥스비티아이","12","0","KOSPI","-3.03","153.66","","158.46"
"A044960","이글벳","12","0","KOSDAQ","2.21","70.04","","68.52"
"A044990","에이치엔에스하이텍","12","0","KONEX","0","18.78","","18.78"
"A045060","오공","12","0","KOSDAQ","-3.32","49.3","","51"
"A045100","한양이엔지","12","0","KOSDAQ","-7.41","180","","194.4"
"A045300","성우테크론","12","0","KOSDAQ","-7.92","31.1","","33.77"
"A045340","토탈소프트","12","0","KOSDAQ","-5.09","22.34","","23.53"
"A045390","대아티아이","12","0","KOSDAQ","-12.03","293.86","","334.06"
"A045510","정원엔시스","12","0","KOSDAQ","-5.36","42.68","","45.09"
"A045520","크린앤사이언스","12","0","KOSDAQ","-8.01","123.18","","133.9"
"A045660","에이텍","12","0","KOSDAQ","-7.45","69.8","","75.41"
"A045970","코아시아","12","0","KOSDAQ","-14.27","131.19","","153.02"
"A046070","코다코","12","0","KOSDAQ","0","85.75","","85.75"
"A046120","오르비텍","12","0","KOSDAQ","-10.15","80.06","","89.1"
"A046210","HLB파나진","12","0","KOSDAQ","-9.3","87.73","","96.73"
"A046310","백금T&A","12","0","KOSDAQ","-6.94","35.13","","37.75"
"A046390","삼화네트웍스","12","0","KOSDAQ","-7.59","57.68","","62.42"
"A046440","KG파이낸셜","12","0","KOSDAQ","-6.03","162.99","","173.46"
"A046890","서울반도체","12","0","KOSDAQ","-2.94","769.63","","792.95"
"A046940","우원개발","12","0","KOSDAQ","-10.42","51.61","","57.61"
"A046970","우리로","12","0","KOSDAQ","-13.58","52.06","","60.24"
"A047040","대우건설","12","1","KOSPI","-4.07","1616.77","","1685.35"
"A047050","포스코인터내셔널","12","1","KOSPI","-3.87","2146.73","","2233.09"
"A047080","한빛소프트","12","0","KOSDAQ","-8.65","70.62","","77.31"
"A047310","파워로직스","12","0","KOSDAQ","-7","320.12","","344.21"
"A047400","유니온머티리얼","12","0","KOSPI","7.47","123.9","","115.29"
"A047560","이스트소프트","12","0","KOSDAQ","-12.45","61.28","","69.99"
"A047770","코데즈컴바인","12","0","KOSDAQ","2.33","116.18","","113.53"
"A047810","한국항공우주","12","1","KOSPI","-3.99","3518.85","","3665.06"
"A047820","초록뱀미디어","12","0","KOSDAQ","-8.78","103.13","","113.07"
"A047920","HLB제약","12","0","KOSDAQ","-10.73","43.76","","49.02"
"A048410","현대바이오","12","0","KOSDAQ","-7.95","381.01","","413.91"
"A048430","유라테크","12","0","KOSDAQ","-4.92","57.95","","60.94"
"A048470","대동스틸","12","0","KOSDAQ","-12.11","50.1","","57"
"A048530","인트론바이오","12","0","KOSDAQ","-18.4","290.2","","355.63"
"A048550","SM C&C","12","0","KOSDAQ","-21.54","95.94","","122.28"
"A048770","TPC로보틱스","12","0","KOSDAQ","-3.99","57.47","","59.86"
"A048830","엔피케이","12","0","KOSDAQ","-9.12","31.74","","34.92"
"A048870","시너지이노베이션","12","0","KOSDAQ","-5.13","92.46","","97.46"
"A048910","대원미디어","12","0","KOSDAQ","-12.03","70.82","","80.51"
"A049070","인탑스","12","0","KOSDAQ","-5.05","242.52","","255.42"
"A049080","기가레인","12","0","KOSDAQ","-11.69","71.1","","80.51"
"A049120","파인디앤씨","12","0","KOSDAQ","-7.23","42.31","","45.6"
"A049180","셀루메드","12","0","KOSDAQ","-15.63","111.95","","132.68"
"A049430","코메론","12","0","KOSDAQ","0.13","68.76","","68.67"
"A049470","비트플래닛","12","0","KOSDAQ","-6.89","36.61","","39.32"
"A049480","오픈베이스","12","0","KOSDAQ","-10.98","73.84","","82.96"
"A049520","유아이엘","12","0","KOSDAQ","-1.34","104.02","","105.44"
"A049550","잉크테크","12","0","KOSDAQ","-10.32","55.67","","62.08"
"A049630","재영솔루텍","12","0","KOSDAQ","-6.48","73.52","","78.62"
"A049720","고려신용정보","12","0","KOSDAQ","-2.1","73.22","","74.79"
"A049800","우진플라임","12","0","KOSPI","-6.98","34","","36.55"
"A049830","승일","12","0","KOSDAQ","-4.46","47.34","","49.55"
"A049950","미래컴퍼니","12","0","KOSDAQ","-14.89","269.98","","317.22"
"A049960","쎌바이오텍","12","0","KOSDAQ","-5.07","167.32","","176.25"
"A050090","비케이홀딩스","12","0","KOSDAQ","-7.42","39.69","","42.87"
"A050110","캠시스","12","0","KOSDAQ","-10.51","115.13","","128.65"
"A050120","ES큐브","12","0","KOSDAQ","-4.25","67.32","","70.3"
"A050760","에스폴리텍","12","0","KOSDAQ","-8.29","64.11","","69.91"
"A050860","아세아텍","6","0","KOSDAQ","-10.7","62.83","","70.35"
"A050890","쏠리드","12","0","KOSDAQ","-7.95","271.88","","295.37"
"A050960","수산아이앤티","12","0","KOSDAQ","-5.71","40.1","","42.53"
"A051160","지어소프트","12","0","KOSDAQ","-5.98","77.97","","82.93"
"A051360","토비스","12","0","KOSDAQ","-4.97","108.66","","114.34"
"A051370","인터플렉스","12","0","KOSDAQ","-13.97","191.05","","222.08"
"A051380","피씨디렉트","12","0","KOSDAQ","-10.71","49.59","","55.54"
"A051390","YW","12","0","KOSDAQ","-1.42","39.46","","40.03"
"A051490","나라엠앤디","12","0","KOSDAQ","-11.23","46.01","","51.83"
"A051500","CJ프레시웨이","12","0","KOSDAQ","-5.72","332.4","","352.59"
"A051600","한전KPS","12","1","KOSPI","-0.96","1386","","1399.5"
"A051630","진양화학","12","0","KOSPI","-12.81","58.8","","67.44"
"A051780","큐로홀딩스","12","0","KOSDAQ","-9.19","31.33","","34.5"
"A051900","LG생활건강","12","1","KOSPI","-1.72","18710.6","","19038.58"
"A051910","LG화학","12","1","KOSPI","-4.83","22271.88","","23401.36"
"A051980","중앙첨단소재","12","0","KOSDAQ","-10.43","41.35","","46.17"
"A052020","에스티큐브","12","0","KOSDAQ","-13.62","299.24","","346.42"
"A052220","iMBC","12","0","KOSDAQ","-5.95","45.43","","48.3"
"A052260","현대바이오랜드","12","0","KOSDAQ","-10.55","184.5","","206.25"
"A052300","오션인더블유","12","0","KOSDAQ","-5.33","46.97","","49.61"
"A052330","코텍","12","0","KOSDAQ","-4.33","189.23","","197.8"
"A052400","코나아이","12","0","KOSDAQ","-7.72","232.61","","252.06"
"A052420","오성첨단소재","12","0","KOSDAQ","-10.93","75.15","","84.37"
"A052460","아이크래프트","12","0","KOSDAQ","-12.67","33.74","","38.64"
"A052600","한네트","12","0","KOSDAQ","-8.01","29.89","","32.49"
"A052690","한전기술","12","1","KOSPI","-5.18","665.03","","701.34"
"A052710","아모텍","12","0","KOSDAQ","-10.75","161.74","","181.23"
"A052770","아이톡시","12","0","KOSDAQ","0","25.3","","25.3"
"A052790","액토즈소프트","12","0","KOSDAQ","-10.16","130.3","","145.03"
"A052860","아이앤씨","12","0","KOSDAQ","-9.83","73.76","","81.8"
"A052900","KX하이텍","12","0","KOSDAQ","-4.98","49.23","","51.81"
"A053030","바이넥스","12","0","KOSDAQ","-13.99","222.5","","258.69"
"A053050","지에스이","12","0","KOSDAQ","-3.51","41.23","","42.73"
"A053060","세동","12","0","KOSDAQ","-4.62","15.03","","15.76"
"A053080","케이엔솔","12","0","외감","","","",""
"A053160","프리엠스","12","0","KOSDAQ","-4.15","33.3","","34.74"
"A053210","스카이라이프","12","0","KOSPI","-3.45","468.66","","485.39"
"A053260","금강철강","12","0","KOSDAQ","-3.94","59.34","","61.78"
"A053270","구영테크","12","0","KOSDAQ","-6.53","35.9","","38.4"
"A053280","예스24","12","0","KOSDAQ","-0.64","107.16","","107.84"
"A053290","NE능률","12","0","KOSDAQ","-3.87","36.92","","38.4"
"A053300","한국정보인증","12","0","KOSDAQ","-7.67","97.55","","105.65"
"A053350","이니텍","12","0","KOSDAQ","-3.09","96.08","","99.15"
"A053450","세코닉스","12","0","KOSDAQ","-10.93","64.45","","72.35"
"A053580","웹케시","12","0","KOSDAQ","-8.4","280.35","","306.06"
"A053610","프로텍","12","0","KOSDAQ","-4.97","189.2","","199.1"
"A053620","태양","12","0","KOSDAQ","-1.1","69.66","","70.43"
"A053690","한미글로벌","12","0","KOSPI","-8.07","88.65","","96.43"
"A053700","삼보모터스","12","0","KOSDAQ","-10.6","76.01","","85.02"
"A053800","안랩","12","0","KOSDAQ","-4.31","533.74","","557.77"
"A053950","경남제약","12","0","KOSDAQ","0","289.47","","289.47"
"A053980","오상자이엘","12","0","KOSDAQ","-12.06","110.04","","125.12"
"A054040","한국컴퓨터","12","0","KOSDAQ","-5.2","36.64","","38.65"
"A054050","NH농우바이오","12","0","KOSDAQ","-3.6","171.53","","177.94"
"A054090","삼진엘앤디","12","0","KOSDAQ","-15.58","41.93","","49.67"
"A054180","메디콕스","12","0","KOSDAQ","-21.23","45.04","","57.17"
"A054210","이랜텍","12","0","KOSDAQ","-9.09","111.15","","122.26"
"A054220","비츠로시스","12","0","KOSDAQ","0","25.36","","25.36"
"A054300","팬스타엔터프라이즈","12","0","KOSDAQ","-12.07","40.84","","46.45"
"A054410","케이피티유","12","0","KOSDAQ","-6.01","20.16","","21.45"
"A054450","텔레칩스","12","0","KOSDAQ","-7.34","136.41","","147.21"
"A054540","삼영엠텍","12","0","KOSDAQ","-5.07","37.7","","39.72"
"A054620","APS","12","0","KOSDAQ","-3.86","162.54","","169.07"
"A054670","대한뉴팜","12","0","KOSDAQ","-8.43","134.07","","146.42"
"A054780","키이스트","12","0","KOSDAQ","-13.75","195.05","","226.14"
"A054800","아이디스홀딩스","12","0","KOSDAQ","-6.52","111.24","","119"
"A054920","한컴위드","12","0","KOSDAQ","-7.71","46.15","","50"
"A054930","유신","12","0","KOSDAQ","-12.22","47.4","","54"
"A054940","엑사이엔씨","12","0","KOSDAQ","2.13","63.53","","62.2"
"A054950","제이브이엠","12","0","KOSDAQ","-2.84","206.07","","212.09"
"A055490","테이팩스","12","0","KOSPI","-1.75","92.47","","94.12"
"A055550","신한지주","12","1","KOSPI","0.7","20414.29","","20272.03"
"A056080","유진로봇","12","0","KOSDAQ","-11.09","93.22","","104.85"
"A056090","시지메드텍","12","0","KOSDAQ","-4.43","51.95","","54.35"
"A056190","SFA","12","0","KOSDAQ","-3.22","1240.65","","1281.94"
"A056360","코위버","12","0","KOSDAQ","-9.85","65.44","","72.59"
"A056700","신화인터텍","12","0","KOSDAQ","-12.11","148.01","","168.4"
"A056730","CNT85","12","0","KOSDAQ","0","67.4","","67.4"
"A057030","YBM넷","12","0","KOSDAQ","-10.65","47.88","","53.59"
"A057050","현대홈쇼핑","12","1","KOSPI","-1.77","1065.6","","1084.8"
"A057540","옴니시스템","12","0","KOSDAQ","-6.98","67.73","","72.82"
"A057680","티사이언티픽","12","0","KOSDAQ","-0.46","36.23","","36.39"
"A058110","멕아이씨에스","12","0","KOSDAQ","-6.06","20.35","","21.66"
"A058400","KNN","12","0","KOSDAQ","-7.1","112.7","","121.31"
"A058430","포스코스틸리온","12","0","KOSPI","-1.54","96","","97.5"
"A058450","한주에이알티","12","0","KOSDAQ","-14.62","17.17","","20.11"
"A058470","리노공업","12","0","KOSDAQ","-2.78","800.22","","823.09"
"A058610","에스피지","12","0","KOSDAQ","-6.29","168.06","","179.33"
"A058630","엠게임","12","0","KOSDAQ","-11.21","56.48","","63.62"
"A058650","세아홀딩스","12","0","KOSPI","-3.95","330.4","","344"
"A058730","다스코","12","0","KOSPI","-6.17","81.93","","87.32"
"A058820","CMG제약","12","0","KOSDAQ","-8.1","265.7","","289.11"
"A058850","KTcs","12","0","KOSPI","-4.5","81.53","","85.37"
"A058860","KTis","12","0","KOSPI","-3.04","72.21","","74.48"
"A058970","엠로","12","0","KONEX","0","11.56","","11.56"
"A059090","미코","12","0","KOSDAQ","-8.28","147.34","","160.65"
"A059100","아이컴포넌트","12","0","KOSDAQ","-9.4","42.92","","47.37"
"A059120","아진엑스텍","12","0","KOSDAQ","-9.06","43.9","","48.27"
"A059210","메타바이오메드","12","0","KOSDAQ","-10.82","49.16","","55.12"
"A059270","해성에어로보틱스","12","0","외감","","","",""
"A060150","인선이엔티","12","0","KOSDAQ","-9.15","251.46","","276.8"
"A060230","제이케이시냅스","12","0","KOSDAQ","-2.97","128.19","","132.12"
"A060240","스타코링크","12","0","KOSDAQ","-0.6","239.34","","240.79"
"A060250","NHN KCP","12","0","KOSDAQ","-4.19","393.96","","411.19"
"A060260","뉴보텍","12","0","KOSDAQ","-11.02","30.36","","34.12"
"A060280","큐렉소","12","0","KOSDAQ","-10.62","176.79","","197.81"
"A060310","3S","3","0","KOSDAQ","2.42","142.15","","138.79"
"A060370","LS마린솔루션","12","0","KOSDAQ","-7.99","60.55","","65.81"
"A060380","동양에스텍","12","0","KOSDAQ","-8.23","26.2","","28.55"
"A060480","국일신동","12","0","KOSDAQ","-10.59","59","","65.99"
"A060540","에스에이티","12","0","KOSDAQ","-5.79","46.78","","49.65"
"A060560","HC홈센타","12","0","KOSDAQ","-8.18","85.96","","93.62"
"A060570","드림어스컴퍼니","12","0","KOSDAQ","-12.82","284.69","","326.56"
"A060590","씨티씨바이오","12","0","KOSDAQ","-11.77","99.84","","113.16"
"A060720","KH바텍","12","0","KOSDAQ","-11.58","159.76","","180.68"
"A060850","영림원소프트랩","12","0","외감","","","",""
"A060900","에이전트AI","12","0","KOSDAQ","-2.91","47.72","","49.15"
"A060980","HL홀딩스","12","1","KOSPI","0.24","436.69","","435.64"
"A061040","알에프텍","12","0","KOSDAQ","-8.23","154.68","","168.55"
"A061090","세나테크놀로지","12","0","외감","","","",""
"A061250","화일약품","12","0","KOSDAQ","-11.97","74.22","","84.3"
"A061970","LB세미콘","12","0","KOSDAQ","-7.68","373.48","","404.57"
"A062040","산일전기","12","0","외감","","","",""
"A062970","한국첨단소재","12","0","K-OTC","0.29","57.53","","57.37"
"A063080","컴투스홀딩스","12","0","KOSDAQ","-9.56","202.8","","224.24"
"A063160","종근당바이오","12","0","KOSPI","-5.66","135.18","","143.29"
"A063170","서울옥션","12","0","KOSDAQ","-8.87","95.58","","104.89"
"A063440","SM Life Design","12","0","KOSDAQ","-10.14","57.86","","64.39"
"A063570","NICE인프라","12","0","KOSDAQ","-10.92","228.45","","256.45"
"A063760","이엘피","12","0","KOSDAQ","-3.54","46.9","","48.61"
"A064090","인크레더블버즈","12","0","KOSDAQ","-21.99","58.44","","74.92"
"A064240","홈캐스트","12","0","KOSDAQ","-22.47","125.89","","162.36"
"A064260","다날","12","0","KOSDAQ","-10.52","155.03","","173.25"
"A064290","인텍플러스","12","0","KOSDAQ","-10.66","48.59","","54.39"
"A064350","현대로템","12","1","KOSPI","-7.76","1262.25","","1368.5"
"A064400","LG씨엔에스","12","0","외감","","","",""
"A064480","브리지텍","12","0","KOSDAQ","-6.59","33.05","","35.38"
"A064520","테크엘","12","0","KOSDAQ","0","27.76","","27.76"
"A064550","바이오니아","12","0","KOSDAQ","-12.17","139.53","","158.86"
"A064760","티씨케이","12","0","KOSDAQ","-8.24","584.92","","637.46"
"A064800","포니링크","12","0","KOSDAQ","-10.27","64.33","","71.69"
"A064820","케이프","12","0","KOSDAQ","-6.19","50.29","","53.61"
"A064850","에프앤가이드","12","0","KONEX","-4.89","36.41","","38.28"
"A064960","SNT모티브","12","1","KOSPI","-1.55","698.25","","709.22"
"A065060","지엔코","12","0","KOSDAQ","-6.05","98.99","","105.36"
"A065130","탑엔지니어링","12","0","KOSDAQ","-8.89","131.01","","143.79"
"A065150","대산F&B","12","0","KOSDAQ","0","106.26","","106.26"
"A065170","비엘팜텍","12","0","KOSDAQ","-10","83.57","","92.86"
"A065350","신성델타테크","12","0","KOSDAQ","-8.69","64.79","","70.96"
"A065370","위세아이텍","12","0","KONEX","-1.67","26.04","","26.49"
"A065420","에스아이리소스","12","0","KOSDAQ","0","41.28","","41.28"
"A065440","이루온","12","0","KOSDAQ","-15.75","29.18","","34.64"
"A065450","빅텍","12","0","KOSDAQ","-3.18","63.33","","65.42"
"A065500","오리엔트정공","12","0","KOSDAQ","-7.71","43.49","","47.12"
"A065510","휴비츠","12","0","KOSDAQ","-7.72","103.62","","112.29"
"A065530","와이어블","12","0","KOSDAQ","-7.89","185.01","","200.87"
"A065570","삼영이엔씨","12","0","KOSDAQ","-7.1","38.02","","40.92"
"A065650","하이퍼코퍼레이션","12","0","KOSDAQ","-8.92","126.29","","138.66"
"A065660","안트로젠","12","0","KOSDAQ","-18.25","275.08","","336.5"
"A065680","우주일렉트로","12","0","KOSDAQ","-1.73","79.08","","80.47"
"A065690","파커스","12","0","KOSDAQ","-5.28","38.82","","40.98"
"A065710","서호전기","12","0","KOSDAQ","-5.84","99.65","","105.83"
"A065770","CS","12","0","KOSDAQ","-15.59","46.9","","55.56"
"A065950","웰크론","12","0","KOSDAQ","-8.26","75.38","","82.17"
"A066130","하츠","12","0","KOSDAQ","-10.19","62.08","","69.12"
"A066310","큐에스아이","12","0","KOSDAQ","-4.57","65.73","","68.87"
"A066360","체리부로","12","0","KOSDAQ","-10.02","51.29","","57"
"A066410","버킷스튜디오","12","0","KOSDAQ","-11.53","52.17","","58.97"
"A066430","아이로보틱스","12","0","KOSDAQ","-4.12","156.1","","162.81"
"A066570","LG전자","12","1","KOSPI","-3.14","10080.71","","10408"
"A066590","스모트로닉","12","0","KOSDAQ","-13.17","76.55","","88.16"
"A066620","국보디자인","12","0","KOSDAQ","-2.07","106.5","","108.75"
"A066670","디티씨","12","0","KOSDAQ","-3.1","67.29","","69.44"
"A066700","테라젠이텍스","12","0","KOSDAQ","-15.88","188.46","","224.04"
"A066790","씨씨에스","12","0","KOSDAQ","0","36.19","","36.19"
"A066900","디에이피","12","0","KOSDAQ","-1.86","65.85","","67.1"
"A066910","손오공","12","0","KOSDAQ","-8.97","38.87","","42.7"
"A066970","엘앤에프","12","0","KOSDAQ","-9.12","628.87","","692.01"
"A066980","한성크린텍","12","0","KOSDAQ","-11.88","104.56","","118.66"
"A067000","조이시티","12","0","KOSDAQ","-8.35","76.36","","83.31"
"A067010","이씨에스","3","0","KOSDAQ","-2.38","32.29","","33.08"
"A067080","대화제약","12","0","KOSDAQ","-14.79","199.56","","234.19"
"A067160","SOOP","12","0","KOSDAQ","-5","633.36","","666.7"
"A067170","오텍","12","0","KOSDAQ","-4.06","152.84","","159.3"
"A067280","멀티캠퍼스","12","0","KOSDAQ","-6.62","250.7","","268.48"
"A067290","JW신약","12","0","KOSDAQ","-15.13","161.25","","190"
"A067310","하나마이크론","12","0","KOSDAQ","-10.09","85.88","","95.52"
"A067370","선바이오","12","0","KONEX","-14.95","126.56","","148.81"
"A067390","아스트","12","0","KOSDAQ","-9.53","199.79","","220.85"
"A067570","엔브이에이치코리아","12","0","KOSDAQ","-1.98","78.12","","79.7"
"A067630","HLB생명과학","12","0","KOSDAQ","1.23","307.75","","304.01"
"A067730","로지시스","12","0","KOSDAQ","-5.23","24.57","","25.92"
"A067770","세진티에스","12","0","KOSDAQ","-5.92","20.7","","22"
"A067830","세이브존I&C","12","0","KOSPI","-1.37","147.75","","149.8"
"A067900","와이엔텍","12","0","KOSDAQ","-7.12","123.39","","132.86"
"A067920","이글루","12","0","KOSDAQ","-3.35","46.02","","47.61"
"A067990","도이치모터스","12","0","KOSDAQ","-4.93","243.36","","255.98"
"A068050","팬엔터테인먼트","12","0","KOSDAQ","-5.1","44.73","","47.14"
"A068100","케이웨더","12","0","외감","","","",""
"A068240","다원시스","12","0","KOSDAQ","-6.84","328.3","","352.42"
"A068270","셀트리온","12","1","KOSPI","-11.01","18671.88","","20981.8"
"A068290","삼성출판사","12","0","KOSPI","-7.38","125.5","","135.5"
"A068330","일신바이오","12","0","KOSDAQ","-10.18","66.32","","73.84"
"A068760","셀트리온제약","12","0","KOSDAQ","-11.88","1035.91","","1175.62"
"A068790","DMS","12","0","KOSDAQ","-10.17","101.69","","113.2"
"A068930","디지털대성","12","0","KOSDAQ","-6.39","168.41","","179.91"
"A068940","셀피글로벌","12","0","KOSDAQ","-29.72","31.34","","44.59"
"A069080","웹젠","12","0","KOSDAQ","-7.8","480.23","","520.84"
"A069140","누리플랜","12","0","KOSDAQ","-10.11","23.88","","26.57"
"A069260","TKG휴켐스","12","1","KOSPI","0","913.64","","913.64"
"A069330","유아이디","12","0","KOSDAQ","-7.91","17.3","","18.78"
"A069410","엔텔스","12","0","KOSDAQ","-7.2","80.03","","86.24"
"A069460","대호에이엘","12","0","KOSPI","-7.94","100.67","","109.35"
"A069510","에스텍","12","0","KOSDAQ","-3.18","116.19","","120.01"
"A069540","빛과전자","12","0","KOSDAQ","0","76.79","","76.79"
"A069620","대웅제약","12","1","KOSPI","-6.43","1685.85","","1801.71"
"A069640","한세엠케이","12","0","KOSPI","-6.24","55.32","","59"
"A069730","DSR제강","12","0","KOSPI","-14.15","53.28","","62.06"
"A069920","엑시온그룹","12","0","KOSDAQ","-4.55","101.8","","106.65"
"A069960","현대백화점","12","1","KOSPI","-2.47","1663.91","","1706.04"
"A070300","엑스큐어","12","0","KOSDAQ","-4.18","38.82","","40.51"
"A070590","인티큐브","12","0","KOSDAQ","-2.68","37.82","","38.86"
"A070960","모나용평","12","0","KOSPI","-8.71","282.54","","309.5"
"A071050","한국금융지주","12","1","KOSPI","-2.37","3900.82","","3995.55"
"A071090","하이스틸","12","0","KOSPI","-12.3","32.1","","36.6"
"A071200","인피니트헬스케어","12","0","KOSDAQ","-8.89","120.03","","131.74"
"A071280","로체시스템즈","12","0","KOSDAQ","-1.53","58.89","","59.81"
"A071320","지역난방공사","12","0","KOSPI","-2.42","606.73","","621.78"
"A071670","에이테크솔루션","12","0","KOSDAQ","-11.16","66.9","","75.3"
"A071840","롯데하이마트","12","1","KOSPI","-1.86","810.92","","826.27"
"A071850","캐스텍코리아","12","0","KOSDAQ","-6.64","46.56","","49.87"
"A071950","코아스","12","0","KOSPI","-8.24","36.16","","39.41"
"A071970","HD현대마린엔진","12","0","KOSPI","-6.62","71.33","","76.38"
"A072020","중앙백신","12","0","KOSDAQ","-3.12","170.32","","175.79"
"A072130","유엔젤","12","0","KOSPI","-6.49","45.66","","48.82"
"A072470","우리산업홀딩스","12","0","KOSDAQ","-10.09","64.78","","72.06"
"A072710","농심홀딩스","12","0","KOSPI","-5.1","345.52","","364.07"
"A072770","멤레이비티","12","0","KOSDAQ","-1.92","55.19","","56.27"
"A072870","메가스터디","12","0","KOSDAQ","-3.86","118.61","","123.38"
"A072950","빛샘전자","12","0","KOSDAQ","-10.46","31.32","","34.98"
"A072990","에이치시티","12","0","KOSDAQ","-9.76","54","","59.83"
"A073010","케이에스피","12","0","KOSDAQ","-0.6","59.54","","59.9"
"A073110","엘엠에스","12","0","KOSDAQ","-2.66","130.32","","133.88"
"A073190","듀오백","12","0","KOSDAQ","-8.14","28.36","","30.88"
"A073240","금호타이어","12","1","KOSPI","0.37","1156.22","","1151.91"
"A073490","LIG아큐버","12","0","KOSDAQ","-2.74","159.97","","164.47"
"A073540","에프알텍","12","0","KOSDAQ","-12.79","36.94","","42.35"
"A073560","우리손에프앤지","12","0","KOSDAQ","-7.14","126.01","","135.71"
"A073570","리튬포어스","12","0","KOSDAQ","-7.9","104.53","","113.51"
"A073640","테라사이언스","12","0","KOSDAQ","-2.99","72.01","","74.23"
"A074430","아미노로직스","12","0","KOSDAQ","-10.76","134.81","","151.06"
"A074600","원익QnC","12","0","KOSDAQ","-4.11","276.02","","287.85"
"A074610","이엔플러스","12","0","KOSPI","-8.4","194.55","","212.39"
"A075130","플랜티넷","12","0","KOSDAQ","-8.22","38.53","","41.98"
"A075180","새론오토모티브","12","0","KOSPI","-4.37","90.34","","94.46"
"A075580","세진중공업","12","0","KOSPI","-3.44","166.92","","172.87"
"A075970","동국알앤에스","12","0","KOSDAQ","-6.04","44.34","","47.2"
"A076080","웰크론한텍","12","0","KOSDAQ","-4.31","36.76","","38.42"
"A076610","해성옵틱스","12","0","KOSDAQ","-7.22","67.71","","72.98"
"A077360","덕산하이메탈","12","0","KOSDAQ","-4.35","119.95","","125.41"
"A077500","유니퀘스트","12","0","KOSPI","-9.44","154.16","","170.22"
"A077970","STX엔진","12","0","KOSPI","-3.62","147.03","","152.55"
"A078000","텔코웨어","12","0","KOSPI","-4.7","137.78","","144.57"
"A078020","LS증권","12","0","KOSDAQ","-4.59","271.03","","284.06"
"A078070","유비쿼스홀딩스","12","0","KOSDAQ","-12.78","472.09","","541.27"
"A078130","국일제지","12","0","KOSDAQ","-1.36","613.18","","621.66"
"A078140","대봉엘에스","12","0","KOSDAQ","-11.11","65.63","","73.84"
"A078150","HB테크놀러지","12","0","KOSDAQ","-5.13","211.69","","223.15"
"A078160","메디포스트","12","0","KOSDAQ","-11.22","413.87","","466.19"
"A078340","컴투스","12","0","KOSDAQ","-6.63","1051.19","","1125.81"
"A078350","한양디지텍","12","0","KOSDAQ","-0.25","40.2","","40.3"
"A078520","에이블씨엔씨","12","0","KOSPI","-10.01","238.16","","264.66"
"A078590","휴림에이텍","12","0","KOSDAQ","-12.67","34.58","","39.59"
"A078600","대주전자재료","12","0","KOSDAQ","-4.74","263.38","","276.47"
"A078860","아이오케이이엔엠","12","0","KOSDAQ","-5.35","70.35","","74.33"
"A078890","가온그룹","12","0","KOSDAQ","-8.74","138.98","","152.28"
"A078930","GS","12","1","KOSPI","-0.51","4548.21","","4571.44"
"A079000","와토스코리아","12","0","KOSDAQ","-2.99","37.44","","38.59"
"A079160","CJ CGV","12","1","KOSPI","-8.01","656","","713.14"
"A079170","한창산업","12","0","KOSDAQ","-4.05","27.09","","28.24"
"A079190","케스피온","12","0","KOSDAQ","0","88.36","","88.36"
"A079370","제우스","12","0","KOSDAQ","-4.18","118.9","","124.09"
"A079430","현대리바트","12","1","KOSPI","-5.8","283.39","","300.84"
"A079550","LIG디펜스앤에어로스페이스","12","1","KOSPI","-2.9","627","","645.7"
"A079650","서산","12","0","KOSDAQ","-1.33","59.2","","60"
"A079810","APS이노베이션","12","0","KOSDAQ","-6.78","24.69","","26.49"
"A079900","전진건설로봇","12","0","외감","","","",""
"A079940","가비아","12","0","KOSDAQ","-7.5","103.55","","111.94"
"A079950","인베니아","12","0","KOSDAQ","-7.44","64.96","","70.18"
"A079960","동양이엔피","12","0","KOSDAQ","-2.62","87.64","","90"
"A079970","투비소프트","12","0","KOSDAQ","-13.29","70.85","","81.71"
"A079980","휴비스","12","0","KOSPI","-5.12","217.35","","229.08"
"A080010","이상네트웍스","12","0","KOSDAQ","-2.24","70.86","","72.48"
"A080160","모두투어","12","0","KOSDAQ","-3.46","290.12","","300.51"
"A080220","제주반도체","12","0","KOSDAQ","-8.44","82.32","","89.91"
"A080420","모다이노칩","12","0","KOSDAQ","-2.57","301.75","","309.72"
"A080470","성창오토텍","12","0","KOSDAQ","-13.56","46.06","","53.29"
"A080520","오디텍","12","0","KOSDAQ","-9.15","50.16","","55.21"
"A080530","코디","12","0","KOSDAQ","0","42.59","","42.59"
"A080580","오킨스전자","12","0","KOSDAQ","-7.29","19.31","","20.83"
"A080720","한국유니온제약","12","0","KOSDAQ","-11.67","67.01","","75.86"
"A081000","일진다이아","12","0","KOSPI","-10.42","324.81","","362.59"
"A081150","티플랙스","12","0","KOSDAQ","-6.9","52.42","","56.3"
"A081180","쎄크","12","0","외감","","","",""
"A081580","성우전자","12","0","KOSDAQ","-4.68","44.2","","46.37"
"A081660","미스토홀딩스","12","1","KOSPI","-2.15","3893.03","","3978.59"
"A082210","옵트론텍","12","0","KOSDAQ","-8.61","122.05","","133.56"
"A082270","젬백스","12","0","KOSDAQ","-6.14","383.13","","408.2"
"A082640","동양생명","12","0","KOSPI","-7.63","547.01","","592.19"
"A082660","코스나인","12","0","KOSDAQ","0","25.2","","25.2"
"A082740","한화엔진","12","0","KOSPI","-6.51","94.56","","101.15"
"A082800","비보존 제약","12","0","KOSDAQ","-8.79","104.26","","114.31"
"A082850","우리바이오","12","0","KOSDAQ","-12.28","34","","38.76"
"A082920","비츠로셀","12","0","KOSDAQ","-2.84","220.78","","227.24"
"A083310","엘오티베큠","12","0","KOSDAQ","-7.73","91.75","","99.44"
"A083420","그린케미칼","12","0","KOSPI","-0.29","69.6","","69.8"
"A083450","GST","12","0","KOSDAQ","-4.75","56.09","","58.89"
"A083470","이엠앤아이","12","0","KOSDAQ","0","9.56","","9.56"
"A083500","에프엔에스테크","12","0","KOSDAQ","-10.39","35.53","","39.65"
"A083550","케이엠","12","0","KOSDAQ","-10.17","59.13","","65.82"
"A083640","인콘","12","0","KOSDAQ","-14.78","102.36","","120.11"
"A083650","비에이치아이","12","0","KOSDAQ","-8.07","48.88","","53.17"
"A083660","CSA 코스믹","12","0","KOSDAQ","0","82.35","","82.35"
"A083790","CG인바이츠","12","0","KOSDAQ","-8.76","505.78","","554.33"
"A083930","아바코","12","0","KOSDAQ","-10.68","84.3","","94.38"
"A084010","대한제강","12","0","KOSPI","-4.77","152.56","","160.2"
"A084110","휴온스글로벌","12","0","KOSDAQ","-12.62","298.7","","341.84"
"A084180","수성웹툰","12","0","KOSDAQ","0","74.26","","74.26"
"A084370","유진테크","12","0","KOSDAQ","-5.58","232.6","","246.35"
"A084440","유비온","9","0","KONEX","0","3.9","","3.9"
"A084650","랩지노믹스","12","0","KOSDAQ","-9.52","43.24","","47.79"
"A084670","동양고속","12","0","KOSPI","-2.32","73.11","","74.85"
"A084680","이월드","12","0","KOSPI","-4.49","250.26","","262.03"
"A084690","대상홀딩스","12","0","KOSPI","-4.68","236.11","","247.69"
"A084730","팅크웨어","12","0","KOSDAQ","-10.45","62.55","","69.85"
"A084850","아이티엠반도체","12","0","외감","","","",""
"A084870","TBH글로벌","12","0","KOSPI","10.09","62.57","","56.83"
"A084990","헬릭스미스","12","0","KOSDAQ","-17.36","2391.84","","2894.47"
"A085310","엔케이","12","0","KOSPI","-8","82.78","","89.98"
"A085620","미래에셋생명","12","0","KOSPI","-1.97","705.41","","719.57"
"A085660","차바이오텍","12","0","KOSDAQ","-15.77","616.65","","732.1"
"A085670","뉴프렉스","12","0","KOSDAQ","-10.29","35.97","","40.09"
"A085810","알티캐스트","12","0","KOSDAQ","-8.21","40.32","","43.93"
"A085910","네오티스","12","0","KOSDAQ","-3.43","41.85","","43.34"
"A086040","바이오톡스텍","12","0","KOSDAQ","-10.45","86.21","","96.28"
"A086060","진바이오텍","12","0","KOSDAQ","-8","36.16","","39.31"
"A086280","현대글로비스","12","1","KOSPI","-0.96","5831.25","","5887.5"
"A086390","유니테스트","12","0","KOSDAQ","-4.65","216.62","","227.19"
"A086450","동국제약","12","0","KOSDAQ","-1.69","569.09","","578.87"
"A086520","에코프로","12","0","KOSDAQ","-10.53","413.09","","461.68"
"A086670","비엠티","12","0","KOSDAQ","-10.93","49.12","","55.15"
"A086710","선진뷰티사이언스","12","0","외감","","","",""
"A086790","하나금융지주","12","1","KOSPI","-1.47","10028.08","","10178.21"
"A086820","바이오솔루션","12","0","KOSDAQ","-15.77","174.81","","207.54"
"A086890","이수앱지스","12","0","KOSDAQ","-10.65","131.8","","147.5"
"A086900","메디톡스","12","0","KOSDAQ","-19.07","1846.29","","2281.26"
"A086960","MDS테크","12","0","KOSDAQ","-8.15","94.47","","102.85"
"A086980","쇼박스","12","0","KOSDAQ","0.71","264.8","","262.92"
"A087010","펩트론","12","0","KOSDAQ","-12.82","182.39","","209.21"
"A087260","모바일어플라이언스","12","0","KOSDAQ","-13.26","66.75","","76.95"
"A087600","픽셀플러스","12","0","KOSDAQ","11.23","42.47","","38.18"
"A088130","동아엘텍","12","0","KOSDAQ","-8.88","80.65","","88.51"
"A088280","쏘닉스","12","0","외감","","","",""
"A088290","이원컴포텍","12","0","KOSDAQ","-5.71","31.77","","33.7"
"A088340","유라클","12","0","외감","","","",""
"A088350","한화생명","12","1","KOSPI","-5.06","2036.7","","2145.27"
"A088390","이녹스","12","0","KOSDAQ","-4.46","56.11","","58.72"
"A088790","진도","12","0","KOSPI","-6.55","42.63","","45.62"
"A088800","에이스테크","12","0","KOSDAQ","-6.77","358.66","","384.69"
"A088910","동우팜투테이블","12","0","KOSDAQ","-5.67","86.02","","91.19"
"A089010","켐트로닉스","12","0","KOSDAQ","-8.9","118.19","","129.74"
"A089030","테크윙","12","0","KOSDAQ","-10.33","170.97","","190.68"
"A089140","넥스턴앤롤코리아","12","0","KOSDAQ","-7.93","104.49","","113.49"
"A089150","케이씨티","12","0","KOSDAQ","-12.04","32.59","","37.04"
"A089230","THE E&M","12","0","KOSDAQ","-3.8","103.82","","107.93"
"A089470","HDC현대EP","12","0","KOSPI","-8.11","151.84","","165.24"
"A089590","제주항공","12","0","KOSPI","-5.35","652.33","","689.23"
"A089600","KT나스미디어","12","0","KOSDAQ","2.3","273.15","","267.02"
"A089790","제이티","12","0","KOSDAQ","-13.78","34.2","","39.66"
"A089850","유비벨록스","12","0","KOSDAQ","-7.52","42.91","","46.39"
"A089860","롯데렌탈","12","0","외감","","","",""
"A089890","코세스","12","0","KOSDAQ","-6.43","139.87","","149.48"
"A089970","브이엠","12","0","KOSDAQ","-1.61","141.73","","144.05"
"A089980","상아프론테크","12","0","KOSDAQ","-9.87","209.6","","231.69"
"A090080","평화산업","12","0","KOSPI","-8.88","44.14","","48.44"
"A090150","아이윈","12","0","KOSDAQ","-10.22","27.14","","30.23"
"A090350","노루페인트","12","0","KOSPI","-6.62","127","","136"
"A090360","로보스타","12","0","KOSDAQ","-12.27","163.8","","186.71"
"A090370","메타랩스","12","0","KOSPI","-6.92","70.36","","75.59"
"A090410","덕신이피씨","12","0","KOSDAQ","-11.31","48.67","","54.88"
"A090430","아모레퍼시픽","12","1","KOSPI","-4.98","7248.85","","7628.83"
"A090460","비에이치","12","0","KOSDAQ","-8.83","511.98","","561.58"
"A090470","제이스로보틱스","12","0","KOSDAQ","-11.1","129.77","","145.98"
"A090710","휴림로봇","12","0","KOSDAQ","-12.61","63.05","","72.15"
"A090850","현대이지웰","12","0","KOSDAQ","-6.89","82.52","","88.63"
"A091120","이엠텍","12","0","KOSDAQ","-8.14","163.02","","177.47"
"A091340","S&K폴리텍","12","0","KOSDAQ","-5.61","53.19","","56.35"
"A091440","한울소재과학","12","0","KOSDAQ","-8.59","22.74","","24.88"
"A091580","상신이디피","12","0","KOSDAQ","-6.48","127.92","","136.78"
"A091590","남화토건","12","0","KOSDAQ","-8.12","82.41","","89.69"
"A091700","파트론","12","0","KOSDAQ","-5.38","714.86","","755.48"
"A091810","트리니티항공","12","0","KOSPI","-6.36","235.34","","251.32"
"A091970","LSK아이로봇","12","0","KOSDAQ","-7.45","108.05","","116.75"
"A092040","아미코젠","12","0","KOSDAQ","-11.68","348.61","","394.7"
"A092070","디엔에프","12","0","KOSDAQ","7.75","80.82","","75.01"
"A092130","이크레더블","12","0","KOSDAQ","-0.28","213.17","","213.77"
"A092190","서울바이오시스","12","0","K-OTC","19.64","215.9","","180.46"
"A092200","디아이씨","12","0","KOSPI","-6.14","64.16","","68.36"
"A092220","KEC","12","0","KOSPI","-5.88","115.89","","123.13"
"A092230","KPX홀딩스","12","0","KOSPI","-3.91","228.13","","237.43"
"A092300","현우산업","12","0","KOSDAQ","-7.57","41.62","","45.02"
"A092440","기신정기","3","0","KOSPI","-1.17","110.67","","111.98"
"A092460","한라IMS","12","0","KOSDAQ","-4.93","79.28","","83.39"
"A092600","앤씨앤","12","0","KOSDAQ","-12.33","34.9","","39.8"
"A092730","네오팜","12","0","KOSDAQ","3.39","362.77","","350.86"
"A092780","DYP","12","0","KOSPI","-8.38","53.99","","58.93"
"A092790","넥스틸","12","0","외감","","","",""
"A092870","엑시콘","12","0","KOSDAQ","-7.65","43.97","","47.62"
"A093050","LF","12","1","KOSPI","-3.89","685.68","","713.46"
"A093190","빅솔론","12","0","KOSDAQ","-3.31","101","","104.47"
"A093240","형지엘리트","6","0","KOSPI","-12.46","38.32","","43.77"
"A093320","케이아이엔엑스","12","0","KOSDAQ","-5.82","165.92","","176.17"
"A093370","후성","12","1","KOSPI","4.94","885.32","","843.65"
"A093380","풍강","8","0","KOSDAQ","-9.64","26.38","","29.19"
"A093520","매커스","12","0","KOSDAQ","-7.58","60.13","","65.06"
"A093640","케이알엠","12","0","KOSDAQ","-6.72","30.72","","32.94"
"A093920","서원인텍","12","0","KOSDAQ","-4.89","90.4","","95.05"
"A094170","동운아나텍","12","0","KOSDAQ","-9.26","72.04","","79.4"
"A094280","효성ITX","12","0","KOSPI","-4.26","106.57","","111.31"
"A094360","칩스앤미디어","12","0","KOSDAQ","-12.44","62.66","","71.56"
"A094480","갤럭시아머니트리","12","0","KOSDAQ","-6.71","111.81","","119.85"
"A094820","일진파워","12","0","KOSDAQ","-3.94","84.59","","88.06"
"A094840","슈프리마에이치큐","12","0","KOSDAQ","-13.69","58.12","","67.33"
"A094850","참좋은여행","12","0","KOSDAQ","-5.97","81.62","","86.8"
"A094860","네오리진","12","0","KOSDAQ","-2.92","26.97","","27.78"
"A094940","푸른로보틱스","12","0","KOSDAQ","-12.88","59.56","","68.37"
"A094970","제이엠티","12","0","KOSDAQ","-9.11","34.25","","37.68"
"A095190","신화프리텍","12","0","KOSDAQ","-12.62","163.5","","187.11"
"A095270","웨이브일렉트로","12","0","KOSDAQ","-5.04","247.2","","260.33"
"A095340","ISC","12","0","KOSDAQ","-9.88","107.06","","118.8"
"A095500","미래나노텍","12","0","KOSDAQ","-9.46","66.84","","73.83"
"A095570","AJ네트웍스","12","0","KOSPI","-3.7","213.28","","221.47"
"A095610","테스","12","0","KOSDAQ","-8.41","301.47","","329.14"
"A095660","네오위즈","12","0","KOSDAQ","-2.33","276.13","","282.7"
"A095700","제넥신","12","0","KOSDAQ","-12.23","1003.52","","1143.35"
"A095720","웅진씽크빅","12","0","KOSPI","-9.98","284.45","","315.98"
"A095910","에스에너지","12","0","KOSDAQ","-10.42","46.51","","51.92"
"A096240","크레버스","12","0","KOSDAQ","-5","123.95","","130.47"
"A096250","와이즈넛","12","0","외감","","","",""
"A096350","대창솔루션","12","0","KOSDAQ","-9.93","55.42","","61.53"
"A096530","씨젠","12","0","KOSDAQ","-9.69","537.8","","595.51"
"A096610","알에프세미","12","0","KOSDAQ","-11.25","41.01","","46.21"
"A096630","에스코넥","12","0","KOSDAQ","-11.38","83.87","","94.64"
"A096690","에이루트","12","0","KOSDAQ","-8.24","66.69","","72.68"
"A096760","JW홀딩스","12","1","KOSPI","-17.11","303.25","","365.83"
"A096770","SK이노베이션","12","1","KOSPI","-1.78","15303.05","","15580.45"
"A096870","엘디티","12","0","KOSDAQ","-8.59","17.76","","19.43"
"A097230","HJ중공업","12","0","KOSPI","-8.89","362.66","","398.05"
"A097520","엠씨넥스","12","0","KOSDAQ","-5.83","358.46","","380.64"
"A097780","에코볼트","12","0","KOSDAQ","-17.16","155.76","","188.02"
"A097800","윈팩","12","0","KOSDAQ","-6.18","47.06","","50.16"
"A097870","효성오앤비","6","0","KOSDAQ","-10.57","51.02","","57.05"
"A097950","CJ제일제당","12","1","KOSPI","-3.55","4087.21","","4237.75"
"A098070","한텍","12","0","외감","","","",""
"A098120","마이크로컨텍솔","12","0","KOSDAQ","-4.67","21.2","","22.24"
"A098460","고영","12","0","KOSDAQ","-4.01","1080.45","","1125.64"
"A098660","에스티오","12","0","KOSDAQ","-2.01","28.79","","29.38"
"A099190","아이센스","12","0","KOSDAQ","-2.23","331.75","","339.31"
"A099220","SDN","12","0","KOSDAQ","-9.24","47.93","","52.81"
"A099320","쎄트렉아이","12","0","KOSDAQ","-12.43","117.75","","134.47"
"A099390","브레인즈컴퍼니","12","0","외감","","","",""
"A099410","동방선기","12","0","KOSDAQ","-5.66","28.23","","29.93"
"A099430","바이오플러스","12","0","외감","","","",""
"A099440","스맥","12","0","KOSDAQ","-11.44","67.06","","75.72"
"A099520","DGI","12","0","KOSDAQ","-14.84","19.84","","23.3"
"A099750","이지케어텍","3","0","KOSDAQ","-9.97","83.66","","92.92"
"A100030","인지소프트","12","0","KOSDAQ","-0.33","98.51","","98.84"
"A100090","SK오션플랜트","12","0","KOSDAQ","-10.44","94.45","","105.46"
"A100120","뷰웍스","12","0","KOSDAQ","-7.39","244.55","","264.05"
"A100130","동국S&C","12","0","KOSDAQ","-9.23","101.14","","111.43"
"A100220","비상교육","12","0","KOSPI","-4.49","96.83","","101.37"
"A100250","진양홀딩스","12","0","KOSPI","-3.86","132.19","","137.5"
"A100590","머큐리","12","0","KOSDAQ","-11.99","105.12","","119.44"
"A100660","서암기계공업","12","0","KOSDAQ","-1.62","84.42","","85.81"
"A100700","세운메디칼","12","0","KOSDAQ","-5.73","140.6","","149.14"
"A100790","미래에셋벤처투자","12","0","KOSDAQ","-10.2","161.92","","180.32"
"A100840","SNT에너지","12","0","KOSPI","-4.44","112.98","","118.23"
"A101000","KS인더스트리","12","0","KOSDAQ","0","130.44","","130.44"
"A101140","인바이오젠","12","0","KOSPI","-8.11","114.45","","124.55"
"A101160","월덱스","12","0","KOSDAQ","-0.16","103.03","","103.19"
"A101170","우림피티에스","12","0","KOSDAQ","-1.41","51.91","","52.65"
"A101240","씨큐브","12","0","KOSDAQ","-5.82","59.98","","63.68"
"A101330","모베이스","12","0","KOSDAQ","-9.09","119.79","","131.77"
"A101360","에코앤드림","12","0","KONEX","10","6.75","","6.14"
"A101390","아이엠","12","0","KOSDAQ","-2.75","44.76","","46.02"
"A101400","엔시트론","12","0","KOSDAQ","-11.41","58.51","","66.05"
"A101490","에스앤에스텍","12","0","KOSDAQ","0.44","180.38","","179.59"
"A101530","해태제과식품","12","0","KOSPI","0","241.38","","241.38"
"A101670","하이드로리튬","12","0","KOSDAQ","-11.2","21.74","","24.48"
"A101680","한국정밀기계","12","0","KOSDAQ","0","20.25","","20.25"
"A101730","위메이드맥스","12","0","KOSDAQ","-5.12","42.53","","44.82"
"A101930","인화정공","12","0","KOSDAQ","-3.19","42.46","","43.86"
"A101970","우양에이치씨","12","0","외감","","","",""
"A102120","어보브반도체","12","0","KOSDAQ","-12.3","93.41","","106.5"
"A102260","동성케미컬","12","0","KOSPI","-0.55","246.77","","248.13"
"A102370","케이옥션","12","0","외감","","","",""
"A102460","이연제약","12","0","KOSPI","-17.53","201.24","","244"
"A102710","이엔에프테크놀로지","12","0","KOSDAQ","-0.76","280.29","","282.42"
"A102940","코오롱생명과학","12","0","KOSDAQ","0.99","233.95","","231.67"
"A103140","풍산","12","1","KOSPI","-6.64","591.31","","633.35"
"A103230","에스앤더블류","12","0","KOSDAQ","-7.24","21.67","","23.36"
"A103590","일진전기","12","0","KOSPI","-10.75","92.33","","103.45"
"A103840","우양","12","0","외감","","","",""
"A104040","디에스엠","12","0","KOSDAQ","-11.32","36.78","","41.47"
"A104200","NHN벅스","12","0","KOSDAQ","-0.32","91.34","","91.63"
"A104460","디와이피엔에프","12","0","KOSDAQ","-4.91","87.21","","91.71"
"A104480","티케이케미칼","12","0","KOSDAQ","-7.96","225.88","","245.42"
"A104540","코렌텍","12","0","KOSDAQ","0","55.95","","55.95"
"A104620","노랑풍선","12","0","KOSDAQ","-12.01","75.06","","85.31"
"A104700","한국철강","12","0","KOSPI","-6.84","225.65","","242.22"
"A104830","원익머트리얼즈","12","0","KOSDAQ","6.92","330.96","","309.53"
"A105330","케이엔더블유","12","0","KOSDAQ","-5.44","22.65","","23.95"
"A105550","엣지파운드리","12","0","KOSDAQ","-0.77","85.48","","86.14"
"A105560","KB금융","12","1","KOSPI","-1.45","17100.76","","17351.63"
"A105630","한세실업","12","1","KOSPI","-3.17","732","","756"
"A105740","디케이락","12","0","KOSDAQ","-11.48","67.51","","76.27"
"A105760","포스뱅크","12","0","외감","","","",""
"A105840","우진","12","0","KOSPI","-10.99","78.88","","88.62"
"A106080","케이이엠텍","12","0","KOSDAQ","0","16.48","","16.48"
"A106190","하이텍팜","12","0","KOSDAQ","-10.2","77.98","","86.84"
"A106240","파인테크닉스","12","0","KOSDAQ","-11.54","43.25","","48.89"
"A106520","노블엠앤비","12","0","KOSDAQ","-5.58","43.38","","45.94"
"A107590","미원홀딩스","12","0","KOSPI","-3.43","95.14","","98.52"
"A107600","새빗켐","12","0","외감","","","",""
"A107640","한중엔시에스","12","0","KONEX","0","9.87","","9.87"
"A108230","톱텍","12","0","KOSDAQ","-10.7","300.99","","337.05"
"A108320","LX세미콘","12","0","KOSDAQ","-4.5","569.25","","596.09"
"A108380","대양전기공업","12","0","KOSDAQ","-5","109.07","","114.81"
"A108490","로보티즈","12","0","KOSDAQ","-11.9","124.89","","141.76"
"A108670","LX하우시스","12","1","KOSPI","-2.02","522.82","","533.58"
"A108860","셀바스AI","12","0","KOSDAQ","0","83.37","","83.37"
"A109070","주성코퍼레이션","12","0","KOSPI","0","64.14","","64.14"
"A109080","옵티시스","12","0","KOSDAQ","-6.74","34.32","","36.8"
"A109610","에스와이","12","0","KOSDAQ","-5.94","110.53","","117.51"
"A109670","씨싸이트","12","0","외감","","","",""
"A109740","디에스케이","12","0","KOSDAQ","-9.29","168.94","","186.25"
"A109820","진매트릭스","12","0","KOSDAQ","-12.52","46.48","","53.13"
"A109860","동일금속","12","0","KOSDAQ","-0.87","80.15","","80.85"
"A109960","앱토크롬","12","0","KOSDAQ","-3.83","94.17","","97.92"
"A110020","전진바이오팜","12","0","KOSDAQ","-15.24","41.32","","48.75"
"A110790","크리스에프앤씨","12","0","KOSDAQ","-8.78","200.92","","220.25"
"A110990","디아이티","12","0","KOSDAQ","-8.99","151.2","","166.13"
"A111110","호전실업","12","0","KOSPI","-1.26","94.4","","95.6"
"A111380","동인기연","12","0","외감","","","",""
"A111710","남화산업","12","0","KOSDAQ","-9.12","121.06","","133.2"
"A111770","영원무역","12","1","KOSPI","-3.66","1457.85","","1513.24"
"A112040","위메이드","12","0","KOSDAQ","-8.99","399.84","","439.32"
"A112290","와이씨켐","12","0","외감","","","",""
"A112610","씨에스윈드","12","0","KOSPI","-5.36","518.57","","547.96"
"A113810","디젠스","12","0","KOSDAQ","-5","15.5","","16.31"
"A114090","GKL","12","1","KOSPI","-2.73","1101.03","","1131.96"
"A114190","강원에너지","12","0","KOSDAQ","-12.83","28.25","","32.41"
"A114450","그린생명과학","12","0","KOSDAQ","-5.81","60.83","","64.58"
"A114630","폴라리스우노","12","0","KOSDAQ","-2.96","48.87","","50.36"
"A114810","한솔아이원스","12","0","KOSDAQ","-9.9","61.04","","67.75"
"A114840","아이패밀리에스씨","12","0","외감","","","",""
"A115160","휴맥스","12","0","KOSDAQ","-4.73","115.49","","121.23"
"A115180","큐리언트","12","0","KOSDAQ","-13.87","128.05","","148.68"
"A115310","인포바인","12","0","KOSDAQ","-1.46","64.82","","65.77"
"A115440","우리넷","12","0","KOSDAQ","-12.7","42.46","","48.63"
"A115450","HLB테라퓨틱스","12","0","KOSDAQ","-5.74","527.58","","559.7"
"A115480","씨유메디칼","12","0","KOSDAQ","-6.78","30.59","","32.81"
"A115500","케이씨에스","12","0","KOSDAQ","-10.41","42.36","","47.28"
"A115530","씨엔플러스","12","0","KOSDAQ","0","35.81","","35.81"
"A115570","스타플렉스","12","0","KOSDAQ","-2.61","26.46","","27.17"
"A115610","이미지스","12","0","KOSDAQ","-13.6","20.71","","23.97"
"A117580","대성에너지","12","0","KOSPI","-1.67","145.75","","148.23"
"A117670","알파칩스","12","0","KOSDAQ","-8.24","85.76","","93.46"
"A117730","티로보틱스","12","0","KOSDAQ","-8.33","55.24","","60.26"
"A118000","메타케어","12","0","KOSPI","-5.68","46.41","","49.2"
"A118990","모트렉스","12","0","KOSDAQ","-8.24","68.26","","74.39"
"A119500","포메탈","12","0","KOSDAQ","-5.54","30.33","","32.11"
"A119610","인터로조","12","0","KOSDAQ","-6.75","242.77","","260.36"
"A119650","KC코트렐","12","0","KOSPI","-8.55","72.28","","79.04"
"A119830","아이텍","12","0","KOSDAQ","-25.09","41.41","","55.28"
"A119850","지엔씨에너지","12","0","KOSDAQ","-9.79","66.08","","73.25"
"A120030","조선선재","12","0","KOSPI","-4.07","100.74","","105.01"
"A120110","코오롱인더","12","1","KOSPI","-4.26","1031.94","","1077.8"
"A120240","대정화금","12","0","KOSDAQ","-5.05","93.37","","98.34"
"A121440","골프존홀딩스","12","0","KOSDAQ","-3.2","187.84","","194.05"
"A121600","나노신소재","12","0","KOSDAQ","-7.27","173.03","","186.59"
"A121800","비덴트","12","0","KOSDAQ","1.5","188.7","","185.92"
"A121850","코이즈","12","0","KOSDAQ","-5.32","15.01","","15.85"
"A121890","에스디시스템","12","0","KOSDAQ","-2.07","44.92","","45.87"
"A122310","제노레이","12","0","KOSDAQ","-6.56","68.43","","73.24"
"A122350","삼기","12","0","KOSDAQ","-3.8","79.19","","82.32"
"A122450","KX","12","0","KOSDAQ","-8.23","118.63","","129.27"
"A122640","예스티","12","0","KOSDAQ","-12.96","131.63","","151.24"
"A122690","서진오토모티브","12","0","KOSDAQ","-4.55","43.09","","45.14"
"A122870","와이지엔터테인먼트","12","0","KOSDAQ","-10.08","405.81","","451.3"
"A122900","아이마켓코리아","12","0","KOSPI","-4.82","389.99","","409.75"
"A122990","와이솔","12","0","KOSDAQ","-4.19","386.51","","403.42"
"A123010","알엔티엑스","12","0","KOSDAQ","-3.51","28.55","","29.59"
"A123040","엠에스오토텍","12","0","KOSDAQ","-7.16","126.09","","135.82"
"A123330","제닉","12","0","KOSDAQ","-13.81","34.09","","39.55"
"A123410","코리아에프티","12","0","KOSDAQ","-7.89","58.47","","63.48"
"A123420","위메이드플레이","12","0","KOSDAQ","-9.88","148.33","","164.6"
"A123570","이엠넷","12","0","KOSDAQ","-1.51","65.49","","66.49"
"A123690","한국화장품","12","0","KOSPI","-11.99","113.28","","128.7"
"A123700","SJM","12","0","KOSPI","-3.55","46.58","","48.3"
"A123750","알톤","12","0","KOSDAQ","-5.46","28.68","","30.34"
"A123840","뉴온","12","0","KOSDAQ","-6.74","50.59","","54.24"
"A123860","아나패스","12","0","KOSDAQ","-13.71","239.01","","276.99"
"A123890","한국자산신탁","12","0","KOSPI","-4.92","414.74","","436.18"
"A124500","아이티센글로벌","12","0","KOSDAQ","-8.04","62.01","","67.44"
"A124560","태웅로직스","12","0","외감","","","",""
"A125020","티씨머티리얼즈","12","0","외감","","","",""
"A125210","아모그린텍","12","0","KOSDAQ","-15.42","134.78","","159.36"
"A125490","한라캐스트","12","0","외감","","","",""
"A126340","비나텍","12","0","KONEX","-3.08","52.21","","53.86"
"A126560","현대퓨처넷","12","0","KOSPI","-0.56","400.15","","402.41"
"A126600","BGF에코머티리얼즈","12","0","KOSDAQ","0.54","78.44","","78.02"
"A126640","화신정공","12","0","KOSDAQ","-9.05","36.56","","40.19"
"A126700","하이비젼시스템","12","0","KOSDAQ","-8.86","109.08","","119.69"
"A126720","수산인더스트리","12","0","외감","","","",""
"A126730","코칩","12","0","외감","","","",""
"A126880","제이엔케이글로벌","12","0","KOSDAQ","-14.19","95.71","","111.54"
"A127120","제이에스링크","12","0","KOSDAQ","-8.01","32.94","","35.81"
"A127710","아시아경제","12","0","KOSDAQ","-2.58","57.78","","59.31"
"A127980","화인써키트","12","0","외감","","","",""
"A128540","에코캡","12","0","KOSDAQ","-11.03","36.4","","40.91"
"A128660","피제이메탈","12","0","KOSDAQ","0","54.07","","54.07"
"A128820","대성산업","12","0","KOSPI","-5.17","174.38","","183.88"
"A128940","한미약품","12","1","KOSPI","-7.19","3146.9","","3390.76"
"A129260","인터지스","12","0","KOSPI","-7.62","61.28","","66.34"
"A129890","앱코","12","0","외감","","","",""
"A129920","대성하이텍","12","0","외감","","","",""
"A130500","GH신소재","12","0","KOSDAQ","-9.67","26.73","","29.59"
"A130580","나이스디앤비","12","0","KOSDAQ","-3.85","115.5","","120.12"
"A130660","한전산업","12","0","KOSPI","-3.44","105.3","","109.05"
"A130740","티피씨글로벌","12","0","KOSDAQ","-4.44","24.47","","25.6"
"A131030","옵투스제약","12","0","KOSDAQ","-10.42","106.84","","119.27"
"A131090","시큐브","12","0","KOSDAQ","-7.69","50.16","","54.34"
"A131100","티엔엔터테인먼트","12","0","KOSDAQ","-3.48","86.27","","89.38"
"A131180","딜리","12","0","KOSDAQ","-8.24","49.01","","53.42"
"A131220","대한과학","12","0","KOSDAQ","-9.06","35.93","","39.51"
"A131290","티에스이","12","0","KOSDAQ","-5.94","73.56","","78.2"
"A131370","알서포트","12","0","KOSDAQ","-9.86","170.45","","189.1"
"A131400","이브이첨단소재","12","0","KOSDAQ","-10.22","66.34","","73.9"
"A131760","파인텍","12","0","KOSDAQ","-6.8","41.2","","44.21"
"A131970","두산테스나","12","0","KOSDAQ","-6.88","282.91","","303.8"
"A133750","메가엠디","12","0","KOSDAQ","-8.14","39.15","","42.61"
"A133820","화인베스틸","12","0","KOSPI","-11.61","84.37","","95.45"
"A134060","이퓨쳐","12","0","KOSDAQ","-4.23","31.33","","32.72"
"A134380","미원화학","12","0","KOSPI","-2.88","84.97","","87.49"
"A134580","탑코미디어","12","0","KOSDAQ","-3.02","27.11","","27.96"
"A134790","시디즈","12","0","KOSPI","-1.98","79.3","","80.9"
"A136150","원일티엔아이","12","0","외감","","","",""
"A136410","아셈스","12","0","외감","","","",""
"A136480","하림","12","0","KOSDAQ","-7.21","212.58","","229.1"
"A136490","선진","12","0","KOSPI","-5.88","228.28","","242.55"
"A136540","윈스테크넷","12","0","KOSDAQ","-8.14","143.85","","156.6"
"A137080","나래나노텍","12","0","외감","","","",""
"A137310","에스디바이오센서","12","0","외감","","","",""
"A137400","피엔티","12","0","KOSDAQ","-8.16","79.78","","86.87"
"A137940","넥스트아이","12","0","KOSDAQ","-7.91","139.19","","151.15"
"A137950","제이씨케미칼","12","0","KOSDAQ","-6.34","66.19","","70.68"
"A138040","메리츠금융지주","12","0","KOSPI","-1.09","1900.04","","1921.07"
"A138070","신진에스엠","12","0","KOSDAQ","-0.85","52.49","","52.94"
"A138080","오이솔루션","12","0","KOSDAQ","-5.06","479.08","","504.62"
"A138360","앤로보틱스","12","0","KOSDAQ","0","122.16","","122.16"
"A138610","나이벡","12","0","KOSDAQ","-12.5","54.07","","61.79"
"A138930","BNK금융지주","12","1","KOSPI","-0.72","2235.92","","2252.21"
"A139130","iM금융지주","12","0","KOSPI","-2.75","1197.55","","1231.38"
"A139480","이마트","12","1","KOSPI","-2.11","3233.6","","3303.28"
"A139670","키네마스터","12","0","KOSDAQ","-5.36","86.66","","91.57"
"A139990","아주스틸","12","0","외감","","","",""
"A140070","서플러스글로벌","12","0","KOSDAQ","-7.97","81.19","","88.22"
"A140410","메지온","12","0","KOSDAQ","-3.47","1035.07","","1072.29"
"A140430","카티스","12","0","외감","","","",""
"A140520","대창스틸","12","0","KOSDAQ","-11.2","46.8","","52.7"
"A140670","알에스오토메이션","12","0","KOSDAQ","-4.71","73.74","","77.38"
"A140860","파크시스템스","12","0","KOSDAQ","0","257.94","","257.94"
"A141000","비아트론","12","0","KOSDAQ","-6.73","110.73","","118.72"
"A141080","리가켐바이오","12","0","KOSDAQ","-8.69","401.19","","439.35"
"A142210","유니트론텍","12","0","KOSDAQ","-15.85","47.47","","56.41"
"A142280","녹십자엠에스","12","0","KOSDAQ","-13.73","62.22","","72.13"
"A142760","모아라이프플러스","12","0","KOSDAQ","-14.2","125.02","","145.71"
"A143160","아이디스","12","0","KOSDAQ","-22.76","161.82","","209.51"
"A143210","핸즈코퍼레이션","12","0","KOSPI","-2.64","129.21","","132.71"
"A143240","사람인","12","0","KOSDAQ","-4.45","262.35","","274.57"
"A143540","영우디에스피","12","0","KOSDAQ","-9.06","40.91","","44.99"
"A144510","지씨셀","12","0","KOSDAQ","-11.29","286.01","","322.43"
"A144960","뉴파워프라즈마","12","0","KOSDAQ","6.87","128.29","","120.04"
"A145020","휴젤","12","0","KOSDAQ","-2.58","1932.36","","1983.51"
"A145170","노브랜드","12","0","외감","","","",""
"A145210","다이나믹디자인","12","0","KOSPI","0","87.91","","87.91"
"A145720","덴티움","12","0","KOSPI","0.43","772.6","","769.28"
"A145990","삼양사","12","1","KOSPI","-1.53","528.9","","537.13"
"A146060","율촌","12","0","외감","","","",""
"A146320","비씨엔씨","12","0","외감","","","",""
"A147760","피엠티","12","0","KOSDAQ","2.02","54.75","","53.67"
"A147830","제룡산업","12","0","KOSDAQ","-9.26","49","","54"
"A148150","세경하이테크","12","0","KOSDAQ","-10.79","172.09","","192.9"
"A148250","알엔투테크놀로지","12","0","KOSDAQ","-2.28","87.7","","89.75"
"A148780","비큐AI","12","0","KONEX","-0.25","9.37","","9.4"
"A148930","에이치와이티씨","12","0","외감","","","",""
"A149950","아바텍","12","0","KOSDAQ","-2.74","121.74","","125.17"
"A149980","하이로닉","12","0","KOSDAQ","-12.43","64.58","","73.74"
"A150900","파수AI","12","0","KOSDAQ","-7.95","34.49","","37.47"
"A151860","KG에코솔루션","12","0","KOSDAQ","-8.35","108.72","","118.62"
"A153460","네이블","12","0","KOSDAQ","-10.87","23.83","","26.74"
"A153490","우리이앤엘하루틴","12","0","KOSDAQ","-9.17","35.58","","39.17"
"A153710","옵티팜","12","0","KOSDAQ","-14.34","134.86","","157.44"
"A154030","아시아종묘","12","0","KOSDAQ","-10","48.93","","54.37"
"A154040","다산솔루에타","12","0","KOSDAQ","-9.09","38.23","","42.05"
"A155650","와이엠씨","12","0","KOSDAQ","-9.99","81.89","","90.98"
"A155660","DSR","12","0","KOSPI","-12.62","57.6","","65.92"
"A156100","엘앤케이바이오","12","0","KOSDAQ","0","75.56","","75.56"
"A158430","아톤","12","0","외감","","","",""
"A159010","아스플로","12","0","외감","","","",""
"A159580","제로투세븐","12","0","KOSDAQ","-6.25","195.32","","208.34"
"A159910","에코글로우","12","0","KOSDAQ","-8.88","36.69","","40.27"
"A160190","하이젠알앤엠","12","0","외감","","","",""
"A160550","NEW","12","0","KOSDAQ","-8.66","100.04","","109.53"
"A160980","싸이맥스","12","0","KOSDAQ","-8.69","72.24","","79.11"
"A161000","애경케미칼","12","0","KOSPI","-7.16","220.11","","237.1"
"A161390","한국타이어앤테크놀로지","12","1","KOSPI","-3.32","3610.96","","3734.83"
"A161580","필옵틱스","12","0","KOSDAQ","-12.39","142.1","","162.2"
"A161890","한국콜마","12","1","KOSPI","-4.94","1144.06","","1203.55"
"A162300","신스틸","12","0","외감","","","",""
"A163280","에어레인","12","0","외감","","","",""
"A163560","동일고무벨트","12","0","KOSPI","-3.74","75.56","","78.5"
"A163730","핑거","12","0","외감","","","",""
"A166090","하나머티리얼즈","12","0","KOSDAQ","-6.14","255.16","","271.84"
"A166480","코아스템켐온","12","0","KOSDAQ","-12.69","128.73","","147.43"
"A168330","내츄럴엔도텍","12","0","KOSDAQ","-12.11","75.02","","85.35"
"A168360","펨트론","12","0","외감","","","",""
"A169330","엠브레인","6","0","외감","","","",""
"A170030","현대공업","12","0","KOSDAQ","-6.45","40.04","","42.8"
"A170790","파이오링크","12","0","KOSDAQ","-5.7","40.86","","43.33"
"A170900","동아에스티","12","1","KOSPI","-8.68","683.95","","748.97"
"A170920","엘티씨","12","0","KOSDAQ","-5.13","83.47","","87.98"
"A171010","램테크놀러지","12","0","KOSDAQ","4.42","103.91","","99.52"
"A171090","선익시스템","12","0","KOSDAQ","-8.05","68.84","","74.87"
"A171120","라이온켐텍","12","0","KOSDAQ","-2.05","140.26","","143.2"
"A172670","에이엘티","12","0","외감","","","",""
"A173130","오파스넷","12","0","KOSDAQ","-7.7","30.88","","33.46"
"A173940","에프엔씨엔터","12","0","KOSDAQ","-0.59","96.68","","97.25"
"A174900","앱클론","12","0","KOSDAQ","-8.78","242.19","","265.51"
"A175140","아고스","12","0","KOSDAQ","-6.56","41.36","","44.26"
"A175250","아이큐어","12","0","KOSDAQ","-17.89","139.82","","170.29"
"A175330","JB금융지주","12","0","KOSPI","-0.72","1093.26","","1101.13"
"A176750","듀켐바이오","12","0","KONEX","-0.91","86.37","","87.17"
"A177350","베셀","12","0","KOSDAQ","-11.9","31.06","","35.26"
"A177830","파버나인","12","0","KOSDAQ","-9.79","37.92","","42.04"
"A177900","쓰리에이로직스","12","0","외감","","","",""
"A178320","서진시스템","12","0","KOSDAQ","-8.5","409.08","","447.09"
"A178780","일월지엠엘","12","0","KOSDAQ","-3.68","25.03","","25.99"
"A178920","PI첨단소재","12","0","KOSDAQ","2.7","950","","925.04"
"A179290","엠아이텍","12","0","KOSDAQ","-13.38","130.97","","151.21"
"A179530","애드바이오텍","12","0","외감","","","",""
"A179900","유티아이","12","0","KOSDAQ","-11.64","295.09","","333.96"
"A180400","DXVX","12","0","KOSDAQ","0","171.29","","171.29"
"A180640","한진칼","12","0","KOSPI","-0.9","1630.15","","1644.94"
"A181710","NHN","12","0","KOSPI","-4.41","1144.55","","1197.38"
"A182360","큐브엔터","12","0","KOSDAQ","-6.78","56.6","","60.72"
"A182400","엔케이젠바이오텍코리아","12","0","KOSDAQ","-17.8","337.31","","410.37"
"A183190","아세아시멘트","12","0","KOSPI","-5","303.48","","319.46"
"A183300","코미코","12","0","KOSDAQ","-5.36","216.74","","229.03"
"A183490","엔지켐생명과학","12","0","KOSDAQ","-6.8","349.17","","374.65"
"A184230","SGA솔루션즈","12","0","KOSDAQ","-10.77","42.54","","47.68"
"A185490","아이진","12","0","KOSDAQ","-16.67","82.84","","99.41"
"A185750","종근당","12","1","KOSPI","-5.78","845.18","","897.03"
"A186230","그린플러스","12","0","KONEX","-6.07","42.12","","44.84"
"A187220","디티앤씨","12","0","KOSDAQ","-11.86","85.42","","96.92"
"A187270","신화콘텍","12","0","KOSDAQ","-11.39","25.26","","28.5"
"A187420","HLB제넥스","12","0","KOSDAQ","-12.5","113.06","","129.22"
"A187660","페니트리움바이오","12","0","외감","","","",""
"A187790","나노","12","0","KOSDAQ","-7.48","43.08","","46.57"
"A187870","디바이스","12","0","KOSDAQ","-8.37","66.8","","72.91"
"A188040","바이오포트","12","0","외감","","","",""
"A188260","세니젠","12","0","외감","","","",""
"A189300","인텔리안테크","12","0","KOSDAQ","-11.29","159.48","","179.78"
"A189330","씨이랩","12","0","KONEX","5.56","42.5","","40.27"
"A189690","포시에스","6","0","KOSDAQ","-2.82","46.6","","47.95"
"A189860","서전기전","12","0","KOSDAQ","-10.29","30.45","","33.95"
"A189980","흥국에프엔비","12","0","KOSDAQ","0.55","67.54","","67.17"
"A190510","나무가","12","0","KOSDAQ","-9","124.91","","137.26"
"A190650","코리아에셋투자증권","3","0","외감","","","",""
"A191410","육일씨엔에쓰","12","0","KOSDAQ","-12.96","22","","25.28"
"A191420","테고사이언스","12","0","KOSDAQ","-16.1","160.1","","190.82"
"A192080","더블유게임즈","12","0","KOSPI","-6.07","960.5","","1022.59"
"A192250","케이사인","12","0","KOSDAQ","-10.27","76.31","","85.04"
"A192390","윈하이텍","12","0","KOSDAQ","-7.31","36.43","","39.31"
"A192400","쿠쿠홀딩스","12","1","KOSPI","-1.7","825.04","","839.27"
"A192410","오늘이엔엠","12","0","KOSDAQ","0","9.97","","9.97"
"A192440","슈피겐코리아","12","0","KOSDAQ","-4.86","328.22","","345.01"
"A192650","드림텍","12","0","KOSPI","-10.44","389","","434.35"
"A192820","코스맥스","12","1","KOSPI","-6.1","927.57","","987.87"
"A193250","링크드","12","0","KOSDAQ","-5.23","74.39","","78.49"
"A194370","제이에스코퍼레이션","12","0","KOSPI","-7.95","162.03","","176.03"
"A194480","데브시스터즈","12","0","KOSDAQ","-4.25","78.21","","81.68"
"A194700","노바렉스","12","0","KOSDAQ","-4.44","184.13","","192.68"
"A195500","마니커에프앤지","12","0","외감","","","",""
"A195870","해성디에스","12","0","KOSPI","-7.26","195.5","","210.8"
"A195940","HK이노엔","12","0","외감","","","",""
"A195990","루트K","12","0","KOSDAQ","0","132.78","","132.78"
"A196170","알테오젠","12","0","KOSDAQ","-20.15","301.18","","377.16"
"A196300","HLB펩","12","0","KOSDAQ","-14.88","36.72","","43.14"
"A196450","코아시아씨엠","12","0","KOSDAQ","-10.6","60.66","","67.86"
"A196490","디에이테크놀로지","12","0","KOSDAQ","-29.82","94.53","","134.71"
"A196700","웹스","12","0","KOSDAQ","-8.01","25.96","","28.22"
"A197140","디지캡","12","0","KOSDAQ","-9.25","26.83","","29.57"
"A198080","캐프","12","0","외감","","","",""
"A198440","강동씨앤엘","12","0","KOSDAQ","-10.26","65.72","","73.23"
"A198940","한주라이트메탈","12","0","외감","","","",""
"A199430","케이엔알시스템","12","0","외감","","","",""
"A199480","뱅크웨어글로벌","12","0","외감","","","",""
"A199550","레이저옵텍","12","0","외감","","","",""
"A199730","바이오인프라","12","0","외감","","","",""
"A199800","툴젠","12","0","KONEX","-14.84","329.07","","386.41"
"A199820","제일일렉트릭","12","0","외감","","","",""
"A200130","콜마비앤에이치","12","0","KOSDAQ","-2","796.2","","812.45"
"A200230","텔콘RF제약","12","0","KOSDAQ","-11.02","328.21","","368.87"
"A200350","아티스트스튜디오","12","0","KONEX","0","7.74","","7.74"
"A200470","에이팩트","12","0","KOSDAQ","-7.94","81.45","","88.47"
"A200670","휴메딕스","12","0","KOSDAQ","-13.55","184.47","","213.38"
"A200710","에이디테크놀로지","12","0","KOSDAQ","-4.56","135.68","","142.16"
"A200780","비씨월드제약","12","0","KOSDAQ","-14.83","98.9","","116.12"
"A200880","서연이화","12","0","KOSPI","-8.35","123.11","","134.33"
"A201490","미투온","12","0","KOSDAQ","-8.67","154.73","","169.42"
"A203400","에이비온","12","0","KONEX","-1.93","69.3","","70.66"
"A203450","유니온바이오메트릭스","12","0","KOSDAQ","-6.01","37.87","","40.29"
"A203650","드림시큐리티","12","0","KOSDAQ","-17.32","109.39","","132.3"
"A203690","아크솔루션스","12","0","KOSDAQ","-11.61","170.37","","192.75"
"A204020","그리티","12","0","KOSDAQ","15.5","39.79","","34.45"
"A204270","제이앤티씨","12","0","외감","","","",""
"A204320","HL만도","12","1","KOSPI","-1.46","1584.8","","1608.28"
"A204610","티쓰리","12","0","외감","","","",""
"A204620","글로벌텍스프리","12","0","KOSDAQ","-3.23","122.94","","127.04"
"A204840","지엘팜텍","12","0","KOSDAQ","-9.98","66.2","","73.54"
"A205100","엑셈","12","0","KOSDAQ","-6.1","88.6","","94.36"
"A205470","휴마시스","12","0","KOSDAQ","-15.09","33.93","","39.96"
"A205500","넥써쓰","12","0","KOSDAQ","-14.63","37.87","","44.36"
"A206400","베노티앤알","12","0","KOSDAQ","-5.03","59.74","","62.9"
"A206560","덱스터","12","0","KOSDAQ","-13.1","139.03","","159.98"
"A206640","바디텍메드","12","0","KOSDAQ","-9.23","196.2","","216.15"
"A206650","유바이오로직스","12","0","KOSDAQ","-12.4","151.08","","172.47"
"A207760","미스터블루","12","0","KOSDAQ","-13.31","151.69","","174.97"
"A207940","삼성바이오로직스","12","1","KOSPI","-7.18","17103.65","","18426.95"
"A208140","정다운","12","0","KOSDAQ","-8.89","46.29","","50.81"
"A208350","지란지교시큐리티","12","0","KOSDAQ","-11.15","48.01","","54.03"
"A208370","셀바스헬스케어","12","0","KOSDAQ","-8.35","26.17","","28.55"
"A208640","썸에이지","12","0","KOSDAQ","-15.71","59.07","","70.08"
"A208710","포톤","12","0","KOSDAQ","-5.69","50.23","","53.27"
"A208860","다산디엠씨","12","0","KOSDAQ","-13.04","47.76","","54.91"
"A209640","와이제이링크","12","0","외감","","","",""
"A210120","캔버스엔","12","0","KONEX","8.89","16.71","","15.35"
"A210540","디와이파워","12","0","KOSPI","-4.46","118.15","","123.67"
"A210980","SK디앤디","12","0","KOSPI","-2.57","468.11","","480.45"
"A211050","인카금융서비스","12","0","KONEX","-3.01","24.58","","25.35"
"A211270","AP위성","12","0","KOSDAQ","-4.15","90.09","","93.99"
"A212560","네오오토","12","0","KOSDAQ","-7.89","32.17","","34.93"
"A212710","아이에스티이","12","0","외감","","","",""
"A213420","덕산네오룩스","12","0","KOSDAQ","-4.48","409.37","","428.58"
"A213500","한솔제지","12","0","KOSPI","-3.75","335.59","","348.68"
"A214150","클래시스","12","0","KOSDAQ","-1.41","867.62","","880.02"
"A214180","헥토이노베이션","12","0","KOSDAQ","-9.26","217.5","","239.7"
"A214260","라파스","12","0","외감","","","",""
"A214270","FSN","12","0","KOSDAQ","-10.37","99.87","","111.43"
"A214320","이노션","12","1","KOSPI","0.7","1440","","1430"
"A214330","금호에이치티","12","0","KOSPI","-10","89.11","","99.01"
"A214370","케어젠","12","0","KOSDAQ","0","821.84","","821.84"
"A214390","경보제약","12","0","KOSPI","-8.59","185.76","","203.21"
"A214420","토니모리","12","0","KOSPI","-9.94","147.12","","163.35"
"A214430","아이쓰리시스템","12","0","KOSDAQ","-8.73","130.05","","142.49"
"A214450","파마리서치","12","0","KOSDAQ","-7.99","308.14","","334.9"
"A214610","롤링스톤","12","0","KONEX","1.53","89.05","","87.71"
"A214680","디알텍","12","0","KOSDAQ","-11.21","69.16","","77.89"
"A215000","골프존","12","0","KOSDAQ","-4.26","423.59","","442.42"
"A215090","솔디펜스","12","0","KOSDAQ","0","45.2","","45.2"
"A215100","로보로보","12","0","KOSDAQ","-7.02","80.09","","86.14"
"A215200","메가스터디교육","12","0","KOSDAQ","-6.75","342.83","","367.66"
"A215360","우리산업","12","0","KOSDAQ","-9.14","168.03","","184.93"
"A215380","콜마바이오텍","12","0","KOSDAQ","0","79.1","","79.1"
"A215480","토박스코리아","12","0","KOSDAQ","-0.96","42.29","","42.7"
"A215600","신라젠","12","0","KOSDAQ","-29.97","1552.49","","2216.83"
"A215790","이노인스트루먼트","12","0","KOSDAQ","-8.21","73.73","","80.32"
"A216050","인크로스","12","0","KOSDAQ","-3.14","149.05","","153.88"
"A216080","제테마","12","0","외감","","","",""
"A217190","제너셈","12","0","KOSDAQ","-5.53","17.23","","18.24"
"A217270","넵튠","12","0","KOSDAQ","-16.45","141.22","","169.03"
"A217330","싸이토젠","12","0","KOSDAQ","-8.84","49.41","","54.2"
"A217480","에스디생명공학","12","0","KOSDAQ","-13.97","114.54","","133.15"
"A217500","러셀","12","0","KOSDAQ","-8.69","65.21","","71.42"
"A217590","티엠씨","12","0","외감","","","",""
"A217730","강스템바이오텍","12","0","KOSDAQ","-14.34","249.09","","290.78"
"A217820","원익피앤이","12","0","KOSDAQ","-11.23","42.97","","48.41"
"A218150","미래생명자원","12","0","KOSDAQ","-7.41","46.68","","50.41"
"A218410","RFHIC","12","0","KOSDAQ","-7.84","620.06","","672.81"
"A219130","타이거일렉","12","0","KOSDAQ","-2.86","34.35","","35.36"
"A219420","링크제니시스","12","0","KOSDAQ","-8.75","73","","80"
"A219550","디와이디","12","0","KOSDAQ","-13.74","41.37","","47.97"
"A219750","한국비티비","12","0","KOSDAQ","-9.16","52.69","","58"
"A220100","퓨쳐켐","12","0","KOSDAQ","-4.62","71.29","","74.74"
"A220180","폴라리스AI핸디","12","0","KOSDAQ","-10.12","47.41","","52.75"
"A220260","켐트로스","12","0","KOSDAQ","4.54","119.02","","113.85"
"A221800","지구홀딩스","12","0","KONEX","8.11","26.61","","24.61"
"A221840","하이즈항공","12","0","KOSDAQ","-6.88","85.03","","91.31"
"A221980","케이디켐","12","0","KOSDAQ","-4.08","47.41","","49.43"
"A222040","코스맥스엔비티","12","0","KOSDAQ","-7.13","158.42","","170.59"
"A222080","SFA넥셀","12","0","KOSDAQ","-7.92","115.29","","125.21"
"A222110","팬젠","12","0","KOSDAQ","-7.05","59.78","","64.31"
"A222160","NPX","12","0","KONEX","0","12.4","","12.4"
"A222420","쎄노텍","12","0","KOSDAQ","-4.56","75.7","","79.31"
"A222800","심텍","12","0","KOSDAQ","-5.82","117.86","","125.14"
"A222980","한국맥널티","12","0","KOSDAQ","-3.76","40.8","","42.39"
"A223250","드림씨아이에스","12","0","외감","","","",""
"A223310","사토시홀딩스","12","0","KOSDAQ","-13.74","22.39","","25.96"
"A224060","더코디","12","0","KOSDAQ","-11.26","69.12","","77.89"
"A224110","에이텍모빌리티","12","0","KOSDAQ","-6.17","40.58","","43.25"
"A225190","LK삼양","12","0","KOSDAQ","-3.5","124.99","","129.53"
"A225220","제놀루션","12","0","KONEX","2.04","18.88","","18.5"
"A225430","케이엠제약","12","0","KOSDAQ","-12.84","41.38","","47.48"
"A225530","HC보광산업","12","0","KOSDAQ","-6.28","120.49","","128.56"
"A225570","넥슨게임즈","12","0","KOSDAQ","-7.51","165.75","","179.2"
"A225590","패션플랫폼","12","0","KOSDAQ","0","34.89","","34.89"
"A226320","잇츠한불","12","0","KOSPI","-12.5","368.41","","421.04"
"A226330","신테카바이오","12","0","외감","","","",""
"A226340","본느","12","0","KOSDAQ","-6.02","147.93","","157.41"
"A226400","오스테오닉","12","0","KOSDAQ","-10.59","23.22","","25.97"
"A226590","엠디바이스","12","0","외감","","","",""
"A226950","올릭스","12","0","KOSDAQ","-14.17","199.12","","231.98"
"A227100","프로브잇","12","0","KOSDAQ","-11.88","18.95","","21.5"
"A227610","아우딘퓨쳐스","12","0","KOSDAQ","-10.23","95.6","","106.5"
"A227840","현대코퍼레이션홀딩스","12","0","KOSPI","-9.61","94.19","","104.2"
"A227950","엔투텍","12","0","KOSDAQ","-5.25","31.53","","33.27"
"A228340","동양파일","12","0","KOSDAQ","-8.8","97.4","","106.8"
"A228670","레이","12","0","외감","","","",""
"A228760","지노믹트리","12","0","KOSDAQ","-14.19","253.82","","295.8"
"A228850","레이언스","12","0","KOSDAQ","-7.17","182.5","","196.6"
"A229000","젠큐릭스","12","0","KONEX","-3.86","87.36","","90.87"
"A229640","LS에코에너지","12","0","KOSPI","-4.31","224.48","","234.59"
"A230240","에치에프알","12","0","KOSDAQ","-7.54","220.47","","238.44"
"A230360","에코마케팅","12","0","KOSDAQ","-6.43","424.41","","453.57"
"A232140","와이씨","12","0","KOSDAQ","-10","122.34","","135.93"
"A232680","라온로보틱스","12","0","KONEX","5.27","16.39","","15.57"
"A232830","아이티센피엔에스","12","0","KONEX","-5.94","16.54","","17.59"
"A234030","싸이닉솔루션","12","0","외감","","","",""
"A234080","JW생명과학","12","0","KOSPI","-3.08","348.36","","359.44"
"A234100","폴라리스세원","12","0","KOSDAQ","-9.65","49.24","","54.5"
"A234300","에스트래픽","12","0","KOSDAQ","-8.8","79.04","","86.67"
"A234340","헥토파이낸셜","12","0","KOSDAQ","-3.09","363.73","","375.31"
"A234690","녹십자웰빙","12","0","외감","","","",""
"A234920","자이글","12","0","KOSDAQ","-3.96","114.88","","119.61"
"A235980","메드팩토","12","0","외감","","","",""
"A236200","슈프리마","12","0","KOSDAQ","-9.52","194.04","","214.45"
"A236810","엔비티","12","0","외감","","","",""
"A237690","에스티팜","12","0","KOSDAQ","-8.07","244.39","","265.85"
"A237750","피앤씨테크","12","0","KOSDAQ","-10.53","36.45","","40.73"
"A237820","플레이디","12","0","외감","","","",""
"A237880","클리오","12","0","KOSDAQ","-4.97","291.85","","307.12"
"A238090","앤디포스","12","0","KOSDAQ","-2.93","201.39","","207.48"
"A238120","얼라인드","12","0","KOSDAQ","-8.71","39.54","","43.32"
"A238200","비피도","12","0","KOSDAQ","-11.95","85.89","","97.55"
"A238490","힘스","12","0","KOSDAQ","-13.49","96.15","","111.14"
"A239340","이스트에이드","12","0","KOSDAQ","-15.77","136.87","","162.49"
"A239610","에이치엘사이언스","12","0","KOSDAQ","-6.36","416.51","","444.8"
"A239890","피엔에이치테크","12","0","KONEX","0","19.49","","19.49"
"A240550","동방메디컬","12","0","외감","","","",""
"A240600","유진테크놀로지","12","0","외감","","","",""
"A240810","원익IPS","12","0","KOSDAQ","-3.14","1136.29","","1173.11"
"A241520","DSC인베스트먼트","12","0","KOSDAQ","-10.2","53.16","","59.19"
"A241560","두산밥캣","12","1","KOSPI","0","3533.78","","3533.78"
"A241590","화승엔터프라이즈","12","0","KOSPI","-5.77","741.57","","786.98"
"A241690","유니테크노","12","0","KOSDAQ","-6.58","127.03","","135.97"
"A241710","코스메카코리아","12","0","KOSDAQ","-13.06","145.78","","167.68"
"A241770","메카로","12","0","KOSDAQ","-5.73","132.48","","140.54"
"A241790","티이엠씨씨엔에스","12","0","KOSDAQ","-0.55","86.57","","87.05"
"A241820","피씨엘","12","0","KOSDAQ","-6.63","66.79","","71.53"
"A241840","에이스토리","12","0","KOSDAQ","-14.5","79.67","","93.18"
"A242040","나무에이엑스","12","0","KOSDAQ","-11.72","74.59","","84.5"
"A243070","휴온스","12","0","KOSDAQ","-11.08","389.45","","437.96"
"A243840","신흥에스이씨","12","0","KOSDAQ","-5.03","235.21","","247.65"
"A244460","올리패스","12","0","외감","","","",""
"A244920","에이플러스에셋","12","0","외감","","","",""
"A245620","EDGC","12","0","KOSDAQ","-0.92","175.08","","176.7"
"A246250","에스엘에스바이오","12","0","KONEX","0","40.97","","40.97"
"A246690","TS인베스트먼트","12","0","KOSDAQ","-11.42","35.65","","40.25"
"A246710","티앤알바이오팹","12","0","KOSDAQ","-11.98","74.14","","84.23"
"A246720","아스타","12","0","KOSDAQ","-11.49","51.33","","57.99"
"A246960","SCL사이언스","12","0","KOSDAQ","-13.55","47.97","","55.49"
"A247540","에코프로비엠","12","0","KOSDAQ","-9.27","1036.39","","1142.27"
"A247660","나노씨엠에스","12","0","외감","","","",""
"A248070","솔루엠","12","0","외감","","","",""
"A248170","샘표식품","12","0","KOSPI","-1.73","129.51","","131.8"
"A249420","일동제약","12","0","KOSPI","-7.81","347.99","","377.46"
"A250000","보라티알","12","0","KOSDAQ","4.44","63.46","","60.76"
"A250060","모비스","12","0","KOSDAQ","-9.48","67.56","","74.64"
"A250930","예선테크","12","0","KOSDAQ","-9.69","15.79","","17.48"
"A251120","바이오에프디엔씨","12","0","외감","","","",""
"A251270","넷마블","12","1","KOSPI","-2.86","7568.47","","7791.33"
"A251370","와이엠티","12","0","KOSDAQ","-1.89","192.54","","196.24"
"A251630","브이원텍","12","0","KOSDAQ","-9.85","118.45","","131.39"
"A251970","펌텍코리아","12","0","KOSDAQ","-10.13","31.72","","35.3"
"A252500","세화피앤씨","12","0","KOSDAQ","-6.25","51.34","","54.76"
"A252990","샘씨엔에스","12","0","외감","","","",""
"A253450","스튜디오드래곤","12","0","KOSDAQ","-6.23","1562.47","","1666.26"
"A253590","네오셈","12","0","KOSDAQ","-15.19","43.26","","51.01"
"A253840","수젠텍","12","0","KOSDAQ","-11.44","66.05","","74.58"
"A254120","자비스","12","0","KOSDAQ","-20.07","10.85","","13.57"
"A254490","미래반도체","12","0","외감","","","",""
"A255220","SG","12","0","KOSDAQ","-10.41","109.8","","122.56"
"A255440","야스","12","0","KOSDAQ","-4.53","289.23","","302.95"
"A256150","한독크린텍","12","0","외감","","","",""
"A256630","포인트엔지니어링","12","0","KOSDAQ","-13.1","120.64","","138.83"
"A256840","한국비엔씨","12","0","KOSDAQ","0","14.82","","14.82"
"A256940","킵스파마","12","0","KOSDAQ","-3.1","41.46","","42.79"
"A257370","피엔티엠에스","12","0","KOSDAQ","-4.18","102.24","","106.7"
"A257720","실리콘투","12","0","외감","","","",""
"A258610","케일럼","12","0","KOSDAQ","1.25","59.79","","59.05"
"A258790","소프트캠프","12","0","KOSDAQ","0","7.32","","7.32"
"A258830","세종메디칼","12","0","KOSDAQ","-5.04","54.97","","57.88"
"A259630","엠플러스","12","0","KOSDAQ","-10.22","74.12","","82.56"
"A259960","크래프톤","12","0","외감","","","",""
"A260660","알리코제약","12","0","KOSDAQ","-14.98","67.55","","79.45"
"A260930","씨티케이","12","0","KOSDAQ","-6.2","176.13","","187.77"
"A260970","에스앤디","12","0","KONEX","0","35.68","","35.68"
"A261200","덴티스","12","0","KOSDAQ","-1.61","9.1","","9.24"
"A261520","이지스","12","0","외감","","","",""
"A261780","아리바이오랩","12","0","외감","","","",""
"A262260","에이프로","12","0","외감","","","",""
"A262840","아이퀘스트","12","0","외감","","","",""
"A263020","디케이앤디","12","0","KOSDAQ","-2.34","48.52","","49.68"
"A263050","유틸렉스","12","0","KOSDAQ","-10.88","370.34","","415.54"
"A263600","덕우전자","12","0","KOSDAQ","-11.06","33.61","","37.79"
"A263690","디알젬","12","0","KOSDAQ","-15.2","65.69","","77.47"
"A263700","케어랩스","12","0","KOSDAQ","-10.36","80.64","","89.95"
"A263720","디앤씨미디어","12","0","KOSDAQ","-4.73","157.74","","165.57"
"A263750","펄어비스","12","0","KOSDAQ","-4.54","2161.55","","2264.42"
"A263770","유에스티","12","0","KOSDAQ","-7.14","100.25","","107.95"
"A263800","데이타솔루션","12","0","KOSDAQ","-13.44","48.1","","55.57"
"A263810","상신전자","12","0","KOSDAQ","-6.65","45.3","","48.53"
"A263860","지니언스","12","0","KOSDAQ","-5.32","42.83","","45.24"
"A263920","휴엠앤씨","12","0","KOSDAQ","-5.44","155.96","","164.94"
"A264450","유비쿼스","12","0","KOSDAQ","-9.94","153.21","","170.12"
"A264660","씨앤지하이테크","12","0","KOSDAQ","-6.64","54.38","","58.25"
"A264850","이랜시스","12","0","KOSDAQ","0","10.49","","10.49"
"A264900","크라운제과","12","0","KOSPI","2.69","105.2","","102.45"
"A265520","AP시스템","12","0","KOSDAQ","-5.82","308.07","","327.11"
"A265560","영화테크","12","0","KOSDAQ","-14.47","39.82","","46.56"
"A265740","엔에프씨","12","0","외감","","","",""
"A267250","HD현대","12","1","KOSPI","-0.8","5081.42","","5122.14"
"A267260","HD현대일렉트릭","12","0","KOSPI","-8.17","240.21","","261.59"
"A267270","HD건설기계","12","0","KOSPI","-9.44","538.82","","594.96"
"A267290","경동도시가스","12","0","KOSPI","-5.78","123.12","","130.66"
"A267320","나인테크","12","0","KOSDAQ","0","9.73","","9.73"
"A267790","배럴","12","0","KOSDAQ","-8.97","76.15","","83.65"
"A267850","아시아나IDT","12","0","KOSPI","-11.4","211.46","","238.65"
"A267980","매일유업","12","0","KOSDAQ","0.37","632.2","","629.84"
"A268280","미원에스씨","12","0","KOSPI","-0.68","387.19","","389.82"
"A269620","시스웍","12","0","KOSDAQ","-7.99","47.7","","51.84"
"A270520","앱튼","12","0","KOSDAQ","-1.6","9.92","","10.08"
"A270660","에브리봇","12","0","KONEX","2.87","9.27","","9.01"
"A270870","뉴트리","12","0","KOSDAQ","-6.89","128.26","","137.74"
"A271560","오리온","12","1","KOSPI","-1.96","3162.89","","3226.15"
"A271830","팸텍","12","0","외감","","","",""
"A271940","일진하이솔루스","12","0","외감","","","",""
"A271980","제일약품","12","0","KOSPI","-9.11","425.71","","468.35"
"A272110","케이엔제이","12","0","외감","","","",""
"A272210","한화시스템","12","0","외감","","","",""
"A272290","이녹스첨단소재","12","0","KOSDAQ","-3.87","458.85","","477.32"
"A272450","진에어","12","0","KOSPI","-7.07","433.5","","466.5"
"A272550","삼양패키징","12","0","KOSPI","-3.26","231.62","","239.44"
"A273060","와이즈버즈","12","0","KOSDAQ","-1.58","16.33","","16.6"
"A273640","와이엠텍","12","0","외감","","","",""
"A274090","켄코아에어로스페이스","12","0","외감","","","",""
"A274400","이노시뮬레이션","12","0","외감","","","",""
"A275630","에스에스알","12","0","KOSDAQ","-12.73","33.38","","38.24"
"A276040","스코넥","12","0","외감","","","",""
"A276730","한울앤제주","12","0","외감","","","",""
"A277070","린드먼아시아","12","0","KOSDAQ","-12.98","51.57","","59.27"
"A277410","인산가","12","0","KOSDAQ","-10.49","38.22","","42.7"
"A277810","레인보우로보틱스","12","0","외감","","","",""
"A277880","티에스아이","12","0","KONEX","-9.34","128.53","","141.77"
"A278280","천보","12","0","KOSDAQ","-8.23","580","","632"
"A278470","에이피알","12","0","외감","","","",""
"A278650","HLB바이오스텝","12","0","외감","","","",""
"A279570","케이뱅크","12","0","외감","","","",""
"A279600","미디어젠","12","0","KONEX","0.84","44.16","","43.8"
"A280360","롯데웰푸드","12","0","KOSPI","0","956.09","","956.09"
"A281740","레이크머티리얼즈","12","0","KOSDAQ","-0.91","10.6","","10.7"
"A281820","케이씨텍","12","0","KOSPI","-0.32","311.48","","312.47"
"A282330","BGF리테일","12","1","KOSPI","0.7","3716.04","","3690.11"
"A282720","금양그린파워","12","0","외감","","","",""
"A282880","코윈테크","12","0","KOSDAQ","","195.75","",""
"A284620","카이노스메드","12","0","KOSDAQ","-0.24","11.37","","11.4"
"A284740","쿠쿠홈시스","12","0","KOSPI","-4.2","972.66","","1015.29"
"A285130","SK케미칼","12","1","KOSPI","-2.69","487.86","","501.36"
"A285490","노바텍","12","0","KOSDAQ","3.35","85.6","","82.82"
"A285800","진영","12","0","외감","","","",""
"A286750","나노실리칸첨단소재","12","0","외감","","","",""
"A286940","롯데이노베이트","12","0","KOSPI","-7.46","572.74","","618.93"
"A287840","인투셀","12","0","외감","","","",""
"A288180","케이피항공산업","12","0","외감","","","",""
"A288330","파라택시스코리아","12","0","외감","","","",""
"A288620","에스프리즘","12","0","KOSDAQ","-12.87","85.59","","98.23"
"A288980","모아데이타","12","0","외감","","","",""
"A289010","아이스크림에듀","12","0","KOSDAQ","-9.09","101.1","","111.21"
"A289080","SV인베스트먼트","3","0","KOSDAQ","-13.62","89.43","","103.54"
"A289220","자이언트스텝","12","0","외감","","","",""
"A289930","웨이비스","12","0","외감","","","",""
"A290090","트윔","12","0","외감","","","",""
"A290120","DH오토리드","12","0","KOSDAQ","-29.06","65.63","","92.51"
"A290270","휴네시온","12","0","KOSDAQ","-12.16","53.42","","60.82"
"A290520","신도기연","12","0","외감","","","",""
"A290550","디케이티","12","0","KOSDAQ","-11.18","60.83","","68.48"
"A290560","파라택시스이더리움","12","0","외감","","","",""
"A290650","엘앤씨바이오","12","0","KOSDAQ","-6.96","122.57","","131.74"
"A290660","다이나믹솔루션","12","0","KOSDAQ","-14.68","51.3","","60.13"
"A290670","대보마그네틱","12","0","KOSDAQ","-11.36","126.07","","142.23"
"A290690","아리바이오홀딩스","12","0","외감","","","",""
"A290720","푸드나무","12","0","KOSDAQ","-11.34","103.79","","117.06"
"A290740","액트로","12","0","KOSDAQ","-6.71","86.32","","92.53"
"A291230","엔피","12","0","KOSDAQ","-1.66","15.67","","15.93"
"A291650","압타머사이언스","12","0","외감","","","",""
"A291810","핀텔","12","0","외감","","","",""
"A293480","하나제약","12","0","KOSPI","-7.99","345.06","","375.03"
"A293490","카카오게임즈","12","0","외감","","","",""
"A293580","나우IB","12","0","KOSDAQ","-6.19","39.48","","42.09"
"A293780","압타바이오","12","0","KOSDAQ","-12.26","171.39","","195.33"
"A294090","이오플로우","12","0","외감","","","",""
"A294140","레몬","12","0","외감","","","",""
"A294570","쿠콘","12","0","외감","","","",""
"A294630","서남","12","0","외감","","","",""
"A294870","IPARK현대산업개발","12","1","KOSPI","-0.98","1555.41","","1570.79"
"A295310","에이치브이엠","12","0","외감","","","",""
"A296640","이노에이엑스","12","0","외감","","","",""
"A297090","씨에스베어링","12","0","외감","","","",""
"A297570","아틀라스링크","12","0","KOSDAQ","-9.61","8.96","","9.91"
"A297890","HB솔루션","12","0","외감","","","",""
"A298000","효성화학","12","0","KOSPI","-1.54","510.42","","518.4"
"A298020","효성티앤씨","12","0","KOSPI","-2.6","649.15","","666.46"
"A298040","효성중공업","12","1","KOSPI","-2.23","327.76","","335.22"
"A298050","HS효성첨단소재","12","0","KOSPI","-0.41","548.79","","551.03"
"A298060","풍전약품","12","0","외감","","","",""
"A298380","에이비엘바이오","12","0","KOSDAQ","-10.39","781.48","","872.09"
"A298540","더네이쳐홀딩스","12","0","외감","","","",""
"A298690","에어부산","12","0","KOSPI","-6.63","300.44","","321.79"
"A298830","슈어소프트테크","12","0","외감","","","",""
"A299030","하나기술","12","0","외감","","","",""
"A299170","더블유에스아이","12","0","KOSDAQ","-2.42","9.61","","9.85"
"A299660","셀리드","12","0","KOSDAQ","-10.43","188.88","","210.88"
"A299900","위지윅스튜디오","12","0","KOSDAQ","-8.97","126.23","","138.66"
"A300080","플리토","12","0","KOSDAQ","-8.51","133.74","","146.18"
"A300120","라온피플","12","0","외감","","","",""
"A300720","한일시멘트","12","0","KOSPI","-4.72","418.64","","439.37"
"A301300","바이브컴퍼니","12","0","외감","","","",""
"A302430","이노메트리","12","0","KOSDAQ","-6.56","147.65","","158.02"
"A302440","SK바이오사이언스","12","0","외감","","","",""
"A302550","리메드","12","0","KONEX","14.48","88.48","","77.29"
"A303030","지니틱스","12","0","KOSDAQ","-17.89","73.84","","89.93"
"A303360","프로티아","12","0","KONEX","0","61.42","","61.42"
"A303530","이노뎁","12","0","외감","","","",""
"A303810","동국생명과학","12","0","외감","","","",""
"A304100","솔트룩스","12","0","외감","","","",""
"A304360","에스바이오메딕스","12","0","외감","","","",""
"A304840","피플바이오","12","0","외감","","","",""
"A305090","마이크로디지탈","12","0","KOSDAQ","-12.13","53.92","","61.36"
"A306040","에스제이그룹","12","0","외감","","","",""
"A306200","세아제강","12","0","KOSPI","-2.68","175.28","","180.11"
"A306620","지아이에스","12","0","KOSDAQ","-0.48","10.09","","10.14"
"A307180","아이엘","12","0","KOSDAQ","0","9.36","","9.36"
"A307280","원바이오젠","12","0","KOSDAQ","-0.91","8.09","","8.17"
"A307750","국전","12","0","KOSDAQ","-1.62","10.67","","10.85"
"A307870","비투엔","12","0","KOSDAQ","-0.48","9.88","","9.93"
"A307930","컴퍼니케이","12","0","KOSDAQ","4.44","202.15","","193.56"
"A307950","현대오토에버","12","0","KOSPI","-6.06","1025.85","","1092"
"A308080","바이젠셀","12","0","외감","","","",""
"A308100","형지글로벌","12","0","KOSDAQ","7.43","95.32","","88.73"
"A308170","씨티알모빌리티","12","0","외감","","","",""
"A308430","셀비온","12","0","외감","","","",""
"A309710","아이티켐","12","0","외감","","","",""
"A309930","조이웍스앤코","12","0","KOSDAQ","-2.52","9.75","","10.01"
"A309960","LB인베스트먼트","12","0","외감","","","",""
"A310200","애니플러스","12","0","KOSDAQ","0","7.52","","7.52"
"A310210","보로노이","12","0","외감","","","",""
"A310870","디와이씨","12","0","KOSDAQ","0.23","7.35","","7.34"
"A311320","지오엘리먼트","12","0","외감","","","",""
"A311390","네오크레마","12","0","외감","","","",""
"A311690","CJ 바이오사이언스","12","0","외감","","","",""
"A312610","에이에프더블류","12","0","KOSDAQ","-10.63","136.23","","152.43"
"A313760","캐리","12","0","KOSDAQ","-13.1","61.26","","70.5"
"A314130","지놈앤컴퍼니","12","0","KONEX","0","367.79","","367.79"
"A314140","알피바이오","12","0","외감","","","",""
"A314930","바이오다인","12","0","외감","","","",""
"A315640","딥노이드","12","0","외감","","","",""
"A316140","우리금융지주","12","1","KOSPI","-0.4","8502.05","","8536.06"
"A317120","라닉스","12","0","외감","","","",""
"A317240","TS트릴리온","12","0","KOSDAQ","0","9.26","","9.26"
"A317330","덕산테코피아","12","0","KOSDAQ","-8.33","262.8","","286.69"
"A317400","자이에스앤디","12","0","외감","","","",""
"A317450","명인제약","12","0","외감","","","",""
"A317530","에피소드컴퍼니","12","0","외감","","","",""
"A317690","퀀타매트릭스","12","0","외감","","","",""
"A317770","엑스페릭스","12","0","KOSDAQ","-23.08","62.84","","81.7"
"A317830","에스피시스템스","12","0","외감","","","",""
"A317850","대모","12","0","KOSDAQ","-8.18","67.26","","73.25"
"A317870","엔바이오니아","12","0","외감","","","",""
"A318000","KBG","12","0","KOSDAQ","-29.21","61.66","","87.09"
"A318010","팜스빌","12","0","외감","","","",""
"A318020","포인트모바일","12","0","외감","","","",""
"A318060","그래피","12","0","외감","","","",""
"A318160","셀바이오휴먼텍","12","0","외감","","","",""
"A318410","비비씨","12","0","외감","","","",""
"A319400","현대무벡스","12","0","KOSDAQ","-0.96","17.8","","17.97"
"A319660","피에스케이","12","0","KOSDAQ","-4.82","233.29","","245.1"
"A320000","한울반도체","12","0","외감","","","",""
"A321260","프로이천","12","0","KOSDAQ","-1.83","7.47","","7.61"
"A321370","센서뷰","12","0","외감","","","",""
"A321550","티움바이오","12","0","외감","","","",""
"A321820","아티스트컴퍼니","12","0","외감","","","",""
"A322000","HD현대에너지솔루션","12","0","외감","","","",""
"A322180","LS티라유텍","12","0","외감","","","",""
"A322310","오로스테크놀로지","12","0","외감","","","",""
"A322510","제이엘케이","12","0","외감","","","",""
"A322780","코퍼스코리아","12","0","KOSDAQ","-1.2","9.4","","9.51"
"A323280","태성","12","0","KOSDAQ","-2.31","7.41","","7.59"
"A323350","다원넥스뷰","12","0","KONEX","0","12.64","","12.64"
"A323410","카카오뱅크","12","0","외감","","","",""
"A323990","박셀바이오","12","0","외감","","","",""
"A326030","SK바이오팜","12","0","외감","","","",""
"A327260","RF머트리얼즈","12","0","외감","","","",""
"A328130","루닛","12","0","외감","","","",""
"A328380","솔트웨어","12","0","외감","","","",""
"A329180","HD현대중공업","12","0","외감","","","",""
"A330350","위더스제약","12","0","외감","","","",""
"A330730","스톤브릿지벤처스","12","0","외감","","","",""
"A330860","네패스아크","12","0","외감","","","",""
"A331380","포커스에이아이","12","0","외감","","","",""
"A331520","밸로프","12","0","외감","","","",""
"A331740","아우토크립트","12","0","외감","","","",""
"A331920","셀레믹스","12","0","외감","","","",""
"A332290","누보","12","0","외감","","","",""
"A332370","아이디피","12","0","외감","","","",""
"A332570","PS일렉트로닉스","12","0","외감","","","",""
"A333050","이노테나","12","0","외감","","","",""
"A333430","일승","12","0","외감","","","",""
"A333620","엔시스","12","0","외감","","","",""
"A334970","프레스티지바이오로직스","6","0","외감","","","",""
"A335810","프리시젼바이오","12","0","외감","","","",""
"A335870","윙스풋","12","0","외감","","","",""
"A336060","웨이버스","12","0","외감","","","",""
"A336260","두산퓨얼셀","12","0","외감","","","",""
"A336370","솔루스첨단소재","12","0","외감","","","",""
"A336570","원텍","12","0","외감","","","",""
"A336680","탑런토탈솔루션","12","0","외감","","","",""
"A337930","젝시믹스","12","0","외감","","","",""
"A338220","뷰노","12","0","외감","","","",""
"A338840","와이바이오로직스","12","0","외감","","","",""
"A339770","교촌에프앤비","12","0","외감","","","",""
"A339950","아이비김영","12","0","외감","","","",""
"A340360","다보링크","12","0","외감","","","",""
"A340440","세림B&G","12","0","외감","","","",""
"A340450","지씨지놈","12","0","외감","","","",""
"A340570","티앤엘","12","0","외감","","","",""
"A340810","시선AI","12","0","외감","","","",""
"A340930","성원에너텍","12","0","외감","","","",""
"A342870","오아","12","0","외감","","","",""
"A344820","KCC글라스","12","0","외감","","","",""
"A344860","이노진","12","0","외감","","","",""
"A347000","센코","12","0","외감","","","",""
"A347700","스피어","12","0","외감","","","",""
"A347740","피엔케이피부임상연구센타","12","0","외감","","","",""
"A347770","핌스","12","0","외감","","","",""
"A347850","디앤디파마텍","12","0","외감","","","",""
"A347860","알체라","12","0","외감","","","",""
"A347890","엠엑스온","12","0","외감","","","",""
"A348030","모비릭스","12","0","외감","","","",""
"A348080","큐라티스","12","0","외감","","","",""
"A348150","고바이오랩","12","0","외감","","","",""
"A348210","넥스틴","12","0","외감","","","",""
"A348340","뉴로메카","12","0","외감","","","",""
"A348350","위드텍","12","0","외감","","","",""
"A348370","엔켐","12","0","외감","","","",""
"A351320","넥사다이내믹스","12","0","외감","","","",""
"A351330","이삭엔지니어링","12","0","외감","","","",""
"A351870","차이커뮤니케이션","12","0","외감","","","",""
"A352090","스톰테크","12","0","외감","","","",""
"A352480","씨앤씨인터내셔널","12","0","외감","","","",""
"A352700","씨앤투스","12","0","외감","","","",""
"A352770","셀레스트라","12","0","외감","","","",""
"A352820","하이브","12","0","외감","","","",""
"A352910","오비고","12","0","외감","","","",""
"A352940","인바이오","12","0","외감","","","",""
"A353190","휴럼","12","0","외감","","","",""
"A353200","대덕전자","12","0","외감","","","",""
"A353590","오토앤","12","0","외감","","","",""
"A353810","이지바이오","12","0","외감","","","",""
"A354200","엔젠바이오","12","0","외감","","","",""
"A354320","알멕","12","0","외감","","","",""
"A355150","코스텍시스","12","0","외감","","","",""
"A355390","크라우드웍스","12","0","외감","","","",""
"A355690","에이텀","12","0","외감","","","",""
"A356680","엑스게이트","12","0","외감","","","",""
"A356860","티엘비","12","0","외감","","","",""
"A356890","싸이버원","12","0","외감","","","",""
"A357230","에이치피오","12","0","외감","","","",""
"A357550","석경에이티","12","0","외감","","","",""
"A357580","아모센스","12","0","외감","","","",""
"A357780","솔브레인","12","0","외감","","","",""
"A357880","SKAI","12","0","외감","","","",""
"A358570","지아이이노베이션","12","0","외감","","","",""
"A359090","씨엔알리서치","12","0","외감","","","",""
"A360070","탑머티리얼","12","0","외감","","","",""
"A360350","코셈","12","0","외감","","","",""
"A361390","제노코","12","0","외감","","","",""
"A361570","알비더블유","12","0","외감","","","",""
"A361610","SK아이이테크놀로지","12","0","외감","","","",""
"A361670","삼영에스앤씨","12","0","외감","","","",""
"A362320","청담글로벌","12","0","외감","","","",""
"A362990","드림인사이트","12","0","외감","","","",""
"A363250","진시스템","12","0","외감","","","",""
"A363260","모비데이즈","12","0","외감","","","",""
"A363280","티와이홀딩스","12","0","외감","","","",""
"A364950","에이아이코리아","12","0","외감","","","",""
"A365270","큐라클","12","0","외감","","","",""
"A365330","에스와이스틸텍","12","0","외감","","","",""
"A365340","성일하이텍","12","0","외감","","","",""
"A365590","하이딥","12","0","외감","","","",""
"A365900","브이씨","12","0","외감","","","",""
"A366030","나인앤컴퍼니","12","0","외감","","","",""
"A367000","플래티어","12","0","외감","","","",""
"A368600","아이씨에이치","12","0","외감","","","",""
"A368770","파이버프로","12","0","외감","","","",""
"A368970","오에스피","12","0","외감","","","",""
"A369370","블리츠웨이엔터테인먼트","12","0","외감","","","",""
"A370090","퓨런티어","12","0","외감","","","",""
"A371950","풍원정밀","12","0","외감","","","",""
"A372170","윤성에프앤씨","12","0","외감","","","",""
"A372320","큐로셀","12","0","외감","","","",""
"A372800","아이티아이즈","12","0","외감","","","",""
"A372910","한컴라이프케어","12","0","외감","","","",""
"A373110","엑셀세라퓨틱스","12","0","외감","","","",""
"A373160","데이원컴퍼니","12","0","외감","","","",""
"A373170","엠아이큐브솔루션","12","0","외감","","","",""
"A373200","엑스플러스","12","0","외감","","","",""
"A373220","LG에너지솔루션","12","0","외감","","","",""
"A375500","DL이앤씨","12","0","외감","","","",""
"A376180","피코그램","12","0","외감","","","",""
"A376270","HEM파마","12","0","외감","","","",""
"A376290","씨유테크","12","0","외감","","","",""
"A376300","디어유","12","0","외감","","","",""
"A376900","로킷헬스케어","12","0","외감","","","",""
"A376930","노을","12","0","외감","","","",""
"A376980","원티드랩","12","0","외감","","","",""
"A377030","비트맥스","12","0","외감","","","",""
"A377220","프롬바이오","12","0","외감","","","",""
"A377300","카카오페이","12","0","외감","","","",""
"A377330","이지트로닉스","12","0","외감","","","",""
"A377450","리파인","12","0","외감","","","",""
"A377460","큐에이드","12","0","외감","","","",""
"A377480","마음AI","12","0","외감","","","",""
"A377740","바이오노트","12","0","외감","","","",""
"A378340","필에너지","12","0","외감","","","",""
"A378800","샤페론","12","0","외감","","","",""
"A378850","화승알앤에이","12","0","외감","","","",""
"A380540","옵티코어","12","0","외감","","","",""
"A380550","뉴로핏","12","0","외감","","","",""
"A381620","제닉스로보틱스","12","0","외감","","","",""
"A381970","케이카","12","0","외감","","","",""
"A382150","온코크로스","12","0","외감","","","",""
"A382480","지아이텍","12","0","외감","","","",""
"A382800","지앤비에스 에코","12","0","외감","","","",""
"A382840","원준","12","0","외감","","","",""
"A382900","범한퓨얼셀","12","0","외감","","","",""
"A383220","F&F","12","0","외감","","","",""
"A383310","에코프로에이치엔","12","0","외감","","","",""
"A383800","LX홀딩스","12","0","외감","","","",""
"A383930","디티앤씨알오","12","0","외감","","","",""
"A384470","코어라인소프트","12","0","외감","","","",""
"A387570","파인메딕스","12","0","외감","","","",""
"A388050","지투파워","12","0","외감","","","",""
"A388210","씨엠티엑스","12","0","외감","","","",""
"A388610","지에프씨생명과학","12","0","외감","","","",""
"A388720","유일로보틱스","12","0","외감","","","",""
"A388790","라이콤","12","0","외감","","","",""
"A388870","파로스아이바이오","12","0","외감","","","",""
"A389020","자람테크놀로지","12","0","외감","","","",""
"A389030","지니너스","12","0","외감","","","",""
"A389140","포바이포","12","0","외감","","","",""
"A389260","대명에너지","12","0","외감","","","",""
"A389470","인벤티지랩","12","0","외감","","","",""
"A389500","에스비비테크","12","0","외감","","","",""
"A389650","넥스트바이오메디컬","12","0","외감","","","",""
"A389680","유디엠텍","12","0","외감","","","",""
"A391710","코닉오토메이션","12","0","외감","","","",""
"A393210","토마토시스템","12","0","외감","","","",""
"A393890","더블유씨피","12","0","외감","","","",""
"A393970","대진첨단소재","12","0","외감","","","",""
"A394280","오픈엣지테크놀로지","12","0","외감","","","",""
"A394420","리센스메디컬","12","0","외감","","","",""
"A394800","쓰리빌리언","12","0","외감","","","",""
"A396270","넥스트칩","12","0","외감","","","",""
"A396300","세아메카닉스","12","0","외감","","","",""
"A396470","워트","12","0","외감","","","",""
"A397030","에이프릴바이오","12","0","외감","","","",""
"A397810","애드포러스","12","0","외감","","","",""
"A398120","에스지헬스케어","12","0","외감","","","",""
"A399720","가온칩스","12","0","외감","","","",""
"A402030","코난테크놀로지","12","0","외감","","","",""
"A402340","SK스퀘어","12","0","외감","","","",""
"A402490","그린리소스","12","0","외감","","","",""
"A403490","우듬지팜","12","0","외감","","","",""
"A403550","쏘카","12","0","외감","","","",""
"A403850","더핑크퐁컴퍼니","12","0","외감","","","",""
"A403870","HPSP","12","0","외감","","","",""
"A405000","플라즈맵","12","0","외감","","","",""
"A405100","큐알티","12","0","외감","","","",""
"A405920","나라셀라","12","0","외감","","","",""
"A406820","뷰티스킨","12","0","외감","","","",""
"A407400","꿈비","12","0","외감","","","",""
"A408470","한패스","12","0","외감","","","",""
"A408900","스튜디오미르","12","0","외감","","","",""
"A408920","메쎄이상","12","0","외감","","","",""
"A411080","샌즈랩","12","0","외감","","","",""
"A412350","레이저쎌","12","0","외감","","","",""
"A412540","제일엠앤에스","12","0","외감","","","",""
"A413390","엠오티","12","0","외감","","","",""
"A413630","씨피시스템","12","0","외감","","","",""
"A413640","비아이매트릭스","12","0","외감","","","",""
"A415380","스튜디오삼익","12","0","외감","","","",""
"A416180","신성에스티","12","0","외감","","","",""
"A417010","나노팀","12","0","외감","","","",""
"A417180","핑거스토리","12","0","외감","","","",""
"A417200","LS머트리얼즈","12","0","외감","","","",""
"A417500","제이아이테크","12","0","외감","","","",""
"A417790","트루엔","12","0","외감","","","",""
"A417840","저스템","12","0","외감","","","",""
"A417860","오브젠","12","0","외감","","","",""
"A417970","모델솔루션","12","0","외감","","","",""
"A418250","시큐레터","12","0","외감","","","",""
"A418420","라온텍","12","0","외감","","","",""
"A418470","KT밀리의서재","12","0","외감","","","",""
"A418550","제이오","12","0","외감","","","",""
"A418620","E8","12","0","외감","","","",""
"A419050","삼기에너지솔루션즈","12","0","외감","","","",""
"A419080","엔젯","12","0","외감","","","",""
"A419120","산돌","12","0","외감","","","",""
"A419530","SAMG엔터","12","0","외감","","","",""
"A419540","비스토스","12","0","외감","","","",""
"A420570","제이투케이바이오","12","0","외감","","","",""
"A420770","기가비스","12","0","외감","","","",""
"A424760","벨로크","12","0","외감","","","",""
"A424870","이뮨온시아","12","0","외감","","","",""
"A424960","스마트레이더시스템","12","0","외감","","","",""
"A424980","마이크로투나노","12","0","외감","","","",""
"A425040","티이엠씨","12","0","외감","","","",""
"A425420","티에프이","12","0","외감","","","",""
"A429270","시지트로닉스","12","0","외감","","","",""
"A430690","한싹","12","0","외감","","","",""
"A431190","케이쓰리아이","12","0","외감","","","",""
"A432430","와이랩","12","0","외감","","","",""
"A432470","케이엔에스","12","0","외감","","","",""
"A432720","퀄리타스반도체","12","0","외감","","","",""
"A432980","엠에프씨","12","0","외감","","","",""
"A434480","모니터랩","12","0","외감","","","",""
"A435570","에르코스","12","0","외감","","","",""
"A437730","삼현","12","0","외감","","","",""
"A438700","버넥트","12","0","외감","","","",""
"A439090","마녀공장","12","0","외감","","","",""
"A439260","대한조선","12","0","외감","","","",""
"A439580","블루엠텍","12","0","외감","","","",""
"A439960","코스모로보틱스","12","0","외감","","","",""
"A440110","파두","12","0","외감","","","",""
"A440290","HB인베스트먼트","12","0","외감","","","",""
"A440320","오픈놀","12","0","외감","","","",""
"A441270","파인엠텍","12","0","외감","","","",""
"A443060","HD현대마린솔루션","12","0","외감","","","",""
"A443250","레뷰코퍼레이션","12","0","외감","","","",""
"A443670","에스피소프트","12","0","외감","","","",""
"A444530","심플랫폼","12","0","외감","","","",""
"A445090","에이직랜드","12","0","외감","","","",""
"A445180","퓨릿","12","0","외감","","","",""
"A445680","큐리옥스바이오시스템즈","12","0","외감","","","",""
"A446070","유니드비티플러스","12","0","외감","","","",""
"A446540","메가터치","12","0","외감","","","",""
"A446840","지슨","12","0","외감","","","",""
"A448280","에코아이","12","0","외감","","","",""
"A448710","코츠테크놀로지","12","0","외감","","","",""
"A448900","한국피아이엠","12","0","외감","","","",""
"A450080","에코프로머티","12","0","외감","","","",""
"A450330","하스","12","0","외감","","","",""
"A450520","인스웨이브","12","0","외감","","","",""
"A450950","아스테라시스","12","0","외감","","","",""
"A451220","아이엠티","12","0","외감","","","",""
"A451250","삐아","12","0","외감","","","",""
"A451760","컨텍","12","0","외감","","","",""
"A452160","제이엔비","12","0","외감","","","",""
"A452190","한빛레이저","12","0","외감","","","",""
"A452200","민테크","12","0","외감","","","",""
"A452260","한화갤러리아","12","0","외감","","","",""
"A452280","한선엔지니어링","12","0","외감","","","",""
"A452300","캡스톤파트너스","12","0","외감","","","",""
"A452400","이닉스","12","0","외감","","","",""
"A452430","사피엔반도체","12","0","외감","","","",""
"A452450","피아이이","12","0","외감","","","",""
"A453340","현대그린푸드","12","0","외감","","","",""
"A453450","그리드위즈","12","0","외감","","","",""
"A453860","에이에스텍","12","0","외감","","","",""
"A454910","두산로보틱스","12","0","외감","","","",""
"A455180","케이지에이","12","0","외감","","","",""
"A455900","엔젤로보틱스","12","0","외감","","","",""
"A456010","아이씨티케이","12","0","외감","","","",""
"A456040","OCI","12","0","외감","","","",""
"A456070","이엔셀","12","0","외감","","","",""
"A456160","지투지바이오","12","0","외감","","","",""
"A457190","이수스페셜티케미컬","12","0","외감","","","",""
"A457370","한켐","12","0","외감","","","",""
"A457550","우진엔텍","12","0","외감","","","",""
"A457600","벡트","12","0","외감","","","",""
"A458350","에스팀","12","0","외감","","","",""
"A458650","성우","12","0","외감","","","",""
"A458870","씨어스","12","0","외감","","","",""
"A459100","위츠","12","0","외감","","","",""
"A459510","나우로보틱스","12","0","외감","","","",""
"A459550","알트","12","0","외감","","","",""
"A460470","아이빔테크놀로지","12","0","외감","","","",""
"A460850","동국씨엠","12","0","외감","","","",""
"A460860","동국제강","12","0","외감","","","",""
"A460870","에스엠씨지","12","0","외감","","","",""
"A460930","현대힘스","12","0","외감","","","",""
"A460940","피앤에스로보틱스","12","0","외감","","","",""
"A461030","아이엠비디엑스","12","0","외감","","","",""
"A461300","아이스크림미디어","12","0","외감","","","",""
"A462310","뉴키즈온","12","0","외감","","","",""
"A462350","이노스페이스","12","0","외감","","","",""
"A462510","라메디텍","12","0","외감","","","",""
"A462520","조선내화","12","0","외감","","","",""
"A462860","더즌","12","0","외감","","","",""
"A462870","시프트업","12","0","외감","","","",""
"A462980","아이지넷","12","0","외감","","","",""
"A463020","뉴엔AI","12","0","외감","","","",""
"A463480","모티브링크","12","0","외감","","","",""
"A464080","에스오에스랩","12","0","외감","","","",""
"A464280","티디에스팜","12","0","외감","","","",""
"A464490","쿼드메디슨","12","0","외감","","","",""
"A464500","아이언디바이스","12","0","외감","","","",""
"A464580","닷밀","12","0","외감","","","",""
"A465480","인스피언","12","0","외감","","","",""
"A465770","STX그린로지스","12","0","외감","","","",""
"A466100","클로봇","12","0","외감","","","",""
"A466410","사이냅소프트","12","0","외감","","","",""
"A468530","프로티나","12","0","외감","","","",""
"A469610","이노테크","12","0","외감","","","",""
"A469750","아이비젼웍스","12","0","외감","","","",""
"A471820","셀로맥스사이언스","12","0","외감","","","",""
"A472850","폰드그룹","12","0","외감","","","",""
"A473980","노머스","12","0","외감","","","",""
"A474170","루미르","12","0","외감","","","",""
"A474610","RF시스템즈","12","0","외감","","","",""
"A474650","링크솔루션","12","0","외감","","","",""
"A475150","SK이터닉스","12","0","외감","","","",""
"A475230","엔알비","12","0","외감","","","",""
"A475400","씨메스로보틱스","12","0","외감","","","",""
"A475430","키스트론","12","0","외감","","","",""
"A475460","미트박스","12","0","외감","","","",""
"A475560","더본코리아","12","0","외감","","","",""
"A475580","에이럭스","12","0","외감","","","",""
"A475660","에스켐","12","0","외감","","","",""
"A475830","오름테라퓨틱","12","0","외감","","","",""
"A475960","토모큐브","12","0","외감","","","",""
"A476040","오가노이드사이언스","12","0","외감","","","",""
"A476060","온코닉테라퓨틱스","12","0","외감","","","",""
"A476080","M83","12","0","외감","","","",""
"A476830","알지노믹스","12","0","외감","","","",""
"A477850","마키나락스","12","0","외감","","","",""
"A478340","나라스페이스테크놀로지","12","0","외감","","","",""
"A478560","블랙야크아이앤씨","12","0","외감","","","",""
"A479960","위너스일렉","12","0","외감","","","",""
"A480370","씨케이솔루션","12","0","외감","","","",""
"A481070","에이유브랜즈","12","0","외감","","","",""
"A482630","삼양엔씨켐","12","0","외감","","","",""
"A483650","달바글로벌","12","0","외감","","","",""
"A484120","도우인시스","12","0","외감","","","",""
"A484590","삼양컴텍","12","0","외감","","","",""
"A484810","티엑스알로보틱스","12","0","외감","","","",""
"A484870","엠앤씨솔루션","12","0","외감","","","",""
"A486990","노타","12","0","외감","","","",""
"A487570","HS효성","12","0","외감","","","",""
"A487580","폴레드","12","0","외감","","","",""
"A488280","에스투더블유","12","0","외감","","","",""
"A488900","비츠로넥스텍","12","0","외감","","","",""
"A489460","바이오비쥬","12","0","외감","","","",""
"A489500","엘케이켐","12","0","외감","","","",""
"A489790","한화비전","12","0","외감","","","",""
"A490470","세미파이브","12","0","외감","","","",""
"A491000","리브스메드","12","0","외감","","","",""
"A493280","아이엠바이오로직스","12","0","외감","","","",""
"A493330","지에프아이","12","0","외감","","","",""
"A494120","큐리오시스","12","0","외감","","","",""
"A499790","GS피앤엘","12","0","외감","","","",""
"A900070","글로벌에스엠","12","0","KOSDAQ","-5.73","34.5","","36.6"
"A900100","파이온엑스","12","0","KOSDAQ","-10.82","110.34","","123.73"
"A900110","딥커머스","12","0","KOSDAQ","0","25.07","","25.07"
"A900120","씨엑스아이","6","0","KOSDAQ","-6.96","32.46","","34.89"
"A900140","엘브이엠씨홀딩스","12","0","KOSPI","-6.55","134.96","","144.42"
"A900250","크리스탈신소재","12","0","KOSDAQ","-6.88","155.9","","167.43"
"A900260","로스웰","12","0","KOSDAQ","-11.17","78.71","","88.6"
"A900270","헝셩그룹","12","0","KOSDAQ","-12.55","67.44","","77.12"
"A900290","GRT","6","0","KOSDAQ","-10.2","106.79","","118.92"
"A900300","오가닉티코스메틱","12","0","KOSDAQ","-9.86","93.64","","103.89"
"A900310","컬러레이","12","0","KOSDAQ","-13.17","65.88","","75.87"
"A900340","윙입푸드","12","0","KOSDAQ","-11.94","59.6","","67.69"
"A950130","엑세스바이오","12","0","KOSDAQ","-11.6","70.1","","79.3"
"A950140","잉글우드랩","12","0","KOSDAQ","-5.94","88.11","","93.68"
"A950160","코오롱티슈진","12","0","KOSDAQ","0","489.55","","489.55"
"A950170","JTC","2","0","KOSDAQ","-8.46","208.28","","227.54"
"A950190","고스트스튜디오","12","0","외감","","","",""
"A950200","소마젠","12","0","외감","","","",""
"A950210","프레스티지바이오파마","6","0","외감","","","",""
"A950220","네오이뮨텍","12","0","외감","","","",""
"A950250","테라뷰","4","0","외감","","","",""
