"Code","Name","결산월","코스피200 구성종목여부(1:해당, 0:미해당)","상장된 시장","수정주가수익률","시가총액","","이전 시가총액"
"A000020","동화약품","12","0","KOSPI","4.27","224.85","","215.63"
"A000040","KR모터스","12","0","KOSPI","2.86","39.12","","38.03"
"A000050","경방","12","0","KOSPI","-1.89","285.12","","290.6"
"A000070","삼양홀딩스","12","1","KOSPI","1.38","441.92","","435.92"
"A000080","하이트진로","12","1","KOSPI","0.17","2040.89","","2037.38"
"A000100","유한양행","12","1","KOSPI","0.43","3135.58","","3122.21"
"A000120","CJ대한통운","12","1","KOSPI","-2.03","3296.38","","3364.82"
"A000140","하이트진로홀딩스","12","0","KOSPI","-0.83","277.32","","279.64"
"A000150","두산","12","1","KOSPI","1.44","638.65","","629.56"
"A000180","성창기업지주","12","0","KOSPI","-1.05","99.05","","100.09"
"A0001A0","덕양에너젠","12","0","외감","","","",""
"A000210","DL","12","1","KOSPI","3.68","2839.68","","2738.76"
"A000220","유유제약","12","0","KOSPI","-0.43","74.51","","74.83"
"A000230","일동홀딩스","12","0","KOSPI","-0.24","94.63","","94.86"
"A000240","한국앤컴퍼니","12","1","KOSPI","0.21","907.88","","906.02"
"A000250","삼천당제약","12","0","KOSDAQ","2.31","732.81","","716.23"
"A000270","기아","12","1","KOSPI","-1.84","11897.41","","12120.36"
"A000300","DH오토넥스","12","0","KOSPI","0.93","69.52","","68.88"
"A000320","노루홀딩스","12","0","KOSPI","0.54","123.61","","122.94"
"A000370","한화손해보험","12","0","KOSPI","-0.48","243.4","","244.57"
"A000390","SP삼화","12","0","KOSPI","0","135.1","","135.1"
"A000400","롯데손해보험","12","0","KOSPI","-1.34","456.19","","462.4"
"A000430","대원강업","12","0","KOSPI","2.71","187.86","","182.9"
"A000440","중앙에너비스","12","0","KOSDAQ","0.45","55.8","","55.55"
"A000480","CR홀딩스","12","0","KOSPI","0.13","297.6","","297.2"
"A000490","대동","12","0","KOSPI","2.87","110.45","","107.37"
"A0004V0","엔비알모션","12","0","외감","","","",""
"A000500","가온전선","12","0","KOSPI","1.35","62.41","","61.57"
"A000520","삼일제약","12","0","KOSPI","4.3","118.3","","113.43"
"A000540","흥국화재","12","0","KOSPI","0.83","155.47","","154.18"
"A000590","CS홀딩스","12","0","KOSPI","0.44","52.76","","52.53"
"A000640","동아쏘시오홀딩스","12","1","KOSPI","-0.45","549.38","","551.83"
"A000650","천일고속","12","0","KOSPI","0","80.32","","80.32"
"A000660","SK하이닉스","12","1","KOSPI","-2.5","59696.19","","61225"
"A000670","영풍","12","1","KOSPI","0","935.76","","935.76"
"A000680","LS네트웍스","12","0","KOSPI","8.89","154.45","","141.85"
"A000700","유수홀딩스","12","0","KOSPI","-0.17","155.99","","156.25"
"A000720","현대건설","12","1","KOSPI","3.47","3819.5","","3691.44"
"A000760","이화산업","12","0","KOSPI","0.77","36.68","","36.4"
"A0007C0","아크릴","12","0","외감","","","",""
"A0007J0","인벤테라","12","0","외감","","","",""
"A000810","삼성화재","12","1","KOSPI","-1.31","8953.84","","9072.28"
"A000850","화천기공","12","0","KOSPI","0.33","67.43","","67.21"
"A000860","강남제비스코","12","0","KOSPI","2.76","108.88","","105.95"
"A000880","한화","12","1","KOSPI","-2.18","1345.51","","1375.49"
"A000890","보해양조","12","0","KOSPI","4.93","116.62","","111.14"
"A0008Z0","에스엔시스","12","0","외감","","","",""
"A000910","유니온","12","0","KOSPI","1.94","45.04","","44.18"
"A000950","전방","12","0","KOSPI","-2.02","20.33","","20.75"
"A000970","한국주철관","12","0","KOSPI","-0.67","202.92","","204.29"
"A000990","DB하이텍","12","1","KOSPI","-1.46","1052.25","","1067.79"
"A0009K0","에임드바이오","12","0","외감","","","",""
"A001000","신라섬유","12","0","KOSDAQ","2.42","41.03","","40.06"
"A001020","페이퍼코리아","12","0","KOSPI","1.56","45.89","","45.19"
"A001040","CJ","12","1","KOSPI","-0.28","2100.74","","2106.58"
"A001060","JW중외제약","12","1","KOSPI","4.41","643.29","","616.1"
"A001070","대한방직","12","0","KOSPI","-0.26","102.56","","102.82"
"A001080","만호제강","6","0","KOSPI","3.08","55.61","","53.95"
"A0010F0","보원케미칼","12","0","외감","","","",""
"A0010V0","제이피아이헬스케어","12","0","외감","","","",""
"A001120","LX인터내셔널","12","1","KOSPI","-1.56","488.38","","496.13"
"A001130","대한제분","12","0","KOSPI","-1.2","209.56","","212.1"
"A0011A0","액스비스","12","0","외감","","","",""
"A0011T0","채비","12","0","외감","","","",""
"A001200","유진투자증권","12","0","KOSPI","0","191.8","","191.8"
"A001210","금호전기","12","0","KOSPI","0","35.52","","35.52"
"A001230","동국홀딩스","12","1","KOSPI","1.72","396.05","","389.37"
"A001250","GS글로벌","12","0","KOSPI","2.18","135.36","","132.47"
"A001260","남광토건","12","0","KOSPI","13.76","105.66","","92.88"
"A001270","부국증권","12","0","KOSPI","0.87","179.92","","178.36"
"A001290","상상인증권","12","0","KOSPI","0.85","113.89","","112.93"
"A001340","PKC","12","0","KOSPI","-0.36","123.53","","123.97"
"A001360","삼성제약","12","0","KOSPI","-2.75","261.28","","268.66"
"A001380","SG글로벌","12","0","KOSPI","3.77","55.76","","53.73"
"A001390","KG케미칼","12","0","KOSPI","-1.54","166.57","","169.17"
"A0013V0","삼진식품","12","0","외감","","","",""
"A001420","태원물산","12","0","KOSPI","3.22","25.61","","24.81"
"A001430","세아베스틸지주","12","1","KOSPI","1.66","329.21","","323.83"
"A001440","대한전선","12","0","KOSPI","0.47","554.99","","552.43"
"A001450","현대해상","12","1","KOSPI","0","2194.77","","2194.77"
"A001460","BYC","12","0","KOSPI","0.26","120.86","","120.55"
"A001470","삼부토건","12","0","KOSPI","9.55","104.12","","95.04"
"A001500","현대차증권","12","0","KOSPI","0","224.43","","224.43"
"A001510","SK증권","12","0","KOSPI","0.48","293.95","","292.53"
"A001520","동양","12","1","KOSPI","3.77","295.97","","285.23"
"A001530","DI동일","12","0","KOSPI","-1.44","149.16","","151.34"
"A001540","안국약품","12","0","KOSDAQ","0.63","125.6","","124.82"
"A001550","조비","12","0","KOSPI","3.68","95.02","","91.64"
"A001560","제일연마","12","0","KOSPI","1.93","58.2","","57.1"
"A001570","금양","12","0","KOSPI","2.05","98.45","","96.47"
"A0015G0","그린광학","12","0","외감","","","",""
"A0015N0","아로마티카","12","0","외감","","","",""
"A0015S0","페스카로","12","0","외감","","","",""
"A001620","케이비아이동국실업","12","0","KOSPI","-0.17","39.82","","39.89"
"A001630","종근당홀딩스","12","0","KOSPI","0","571.12","","571.12"
"A001680","대상","12","1","KOSPI","-1.29","665.24","","673.9"
"A001720","신영증권","3","0","KOSPI","0.32","435.52","","434.11"
"A001740","SK네트웍스","12","1","KOSPI","1.2","1255.83","","1240.94"
"A001750","한양증권","12","0","KOSPI","2.83","78.54","","76.37"
"A001770","SHD","12","0","KOSPI","-4.95","23.33","","24.54"
"A001780","알루코","12","0","KOSPI","6.25","145.69","","137.12"
"A001790","대한제당","12","0","KOSPI","-0.58","152.48","","153.38"
"A0017J0","세미티에스","12","0","외감","","","",""
"A001800","오리온홀딩스","12","1","KOSPI","-3.83","864.51","","898.96"
"A001810","무림SP","12","0","KOSDAQ","0.52","43.06","","42.84"
"A001820","삼화콘덴서","12","0","KOSPI","-0.71","511.43","","515.07"
"A001840","이화공영","12","0","KOSDAQ","7.62","92.29","","85.76"
"A001940","KISCO홀딩스","12","0","KOSPI","2.22","187.54","","183.47"
"A002020","코오롱","12","0","KOSPI","-1.66","261.37","","265.79"
"A002030","아세아","12","0","KOSPI","0.12","180.98","","180.76"
"A002070","비비안","12","0","KOSPI","-1.41","72.11","","73.14"
"A002100","경농","12","0","KOSPI","5.2","285.25","","271.15"
"A002140","고려산업","12","0","KOSPI","-1.74","63.35","","64.47"
"A002150","도화엔지니어링","12","0","KOSPI","5.29","315.28","","299.43"
"A002170","SYTS","12","0","KOSPI","-0.39","151.8","","152.4"
"A002200","한국수출포장","12","0","KOSPI","1.11","72.6","","71.8"
"A002210","동성제약","12","0","KOSPI","1.32","299.81","","295.9"
"A002220","한일철강","12","0","KOSPI","2.96","34.93","","33.93"
"A002230","피에스텍","12","0","KOSDAQ","0.81","60.97","","60.48"
"A002240","고려제강","12","1","KOSPI","-0.98","303","","306"
"A002290","삼일기업공사","12","0","KOSDAQ","-0.19","33.05","","33.11"
"A002310","아세아제지","12","0","KOSPI","-1.35","261.53","","265.11"
"A002320","한진","12","0","KOSPI","-5.65","549.64","","582.57"
"A002350","넥센타이어","12","1","KOSPI","-1.82","581.12","","591.87"
"A002360","SH에너지화학","12","0","KOSPI","-0.11","99.13","","99.24"
"A002380","KCC","12","1","KOSPI","-0.69","1270.77","","1279.65"
"A002390","한독","12","0","KOSPI","0","309.68","","309.68"
"A002410","범양건영","12","0","KOSPI","-0.18","68.91","","69.03"
"A002420","세기상사","12","0","KOSPI","1.39","20.79","","20.5"
"A002450","삼익악기","12","0","KOSPI","0.34","135.34","","134.89"
"A002460","HS화성","12","0","KOSPI","1.51","108.94","","107.33"
"A002600","조흥","12","0","KOSPI","3.44","81.3","","78.6"
"A002620","제일파마홀딩스","12","0","KOSPI","-0.71","223.63","","225.22"
"A002630","오리엔트바이오","3","0","KOSPI","-0.26","77.57","","77.77"
"A002680","한탑","12","0","KOSDAQ","-0.96","43.06","","43.47"
"A002690","동일제강","12","0","KOSPI","4.9","28.88","","27.53"
"A002700","신일전자","12","0","KOSPI","0.54","131.79","","131.08"
"A002710","TCC스틸","12","0","KOSPI","4.12","40.71","","37.98"
"A002720","국제약품","12","0","KOSPI","4.68","135.8","","129.72"
"A002760","보락","12","0","KOSPI","1.97","108.42","","106.32"
"A002780","진흥기업","12","0","KOSPI","-0.24","305.49","","306.22"
"A002790","아모레퍼시픽홀딩스","12","1","KOSPI","-3.04","4996.97","","5153.64"
"A002800","신신제약","12","0","KOSDAQ","2.37","118.18","","115.45"
"A002810","삼영무역","12","0","KOSPI","-1.9","227.13","","231.53"
"A002820","SUN&L","12","0","KOSPI","0.95","40.22","","39.84"
"A002840","미원상사","12","0","KOSPI","0.98","311.08","","310.37"
"A002870","신풍","12","0","KOSPI","2.36","45.45","","44.4"
"A002880","디와이에이","12","0","KOSPI","0.4","80.08","","79.76"
"A002900","TYM","12","0","KOSPI","5","132.3","","126"
"A002920","유성기업","12","0","KOSPI","3.36","67.85","","65.65"
"A002960","한국쉘석유","12","1","KOSPI","-0.78","332.15","","334.75"
"A002990","금호건설","12","0","KOSPI","0.27","268.46","","267.74"
"A003000","부광약품","12","1","KOSPI","2.17","1831.67","","1792.77"
"A003010","혜인","12","0","KOSPI","3.24","56.64","","54.86"
"A003030","세아제강지주","12","0","KOSPI","2.52","117.83","","114.93"
"A003060","에이프로젠바이오로직스","12","0","KOSPI","-15.6","333.49","","395.11"
"A003070","코오롱글로벌","12","0","KOSPI","0.66","192.1","","190.84"
"A003080","SB성보","12","0","KOSPI","-0.25","79.08","","79.28"
"A003090","대웅","12","0","KOSPI","7.35","848.87","","790.73"
"A003100","선광","12","0","KOSDAQ","2.84","95.7","","93.06"
"A003120","일성아이에스","12","0","KOSPI","0.22","243.66","","243.12"
"A003160","디아이","12","0","KOSPI","3.38","96.38","","93.23"
"A003200","일신방직","12","0","KOSPI","-0.73","130.56","","131.52"
"A003220","대원제약","12","0","KOSPI","0.33","307.7","","306.69"
"A003230","삼양식품","12","0","KOSPI","-2.08","745.02","","760.83"
"A003240","태광산업","12","1","KOSPI","0.53","846.18","","841.73"
"A003280","흥아해운","12","0","KOSPI","0","30.12","","30.12"
"A003300","한일홀딩스","12","0","KOSPI","3.08","240.37","","233.18"
"A003310","대주산업","12","0","KOSDAQ","4.74","43","","41.06"
"A003350","한국화장품제조","12","0","KOSPI","-1.21","166.1","","168.14"
"A003380","하림지주","12","0","KOSDAQ","-0.5","554.95","","557.76"
"A003460","유화증권","12","0","KOSPI","0","130.42","","130.42"
"A003470","유안타증권","12","0","KOSPI","-0.42","476.04","","478.03"
"A003480","한진중공업홀딩스","12","0","KOSPI","0.16","94.64","","94.5"
"A003490","대한항공","12","1","KOSPI","-6.46","1854.21","","1982.25"
"A003520","영진약품","12","1","KOSPI","0.4","919.95","","916.29"
"A003530","한화투자증권","12","0","KOSPI","-1.24","341.13","","345.42"
"A003540","대신증권","12","0","KOSPI","-1.7","469.65","","477.78"
"A003550","LG","12","1","KOSPI","-2.42","10456.96","","10715.8"
"A003570","SNT다이내믹스","12","0","KOSPI","0.74","181.89","","180.56"
"A003580","HLB글로벌","12","0","KOSPI","-1.39","225.87","","229.04"
"A003610","방림","9","0","KOSPI","-0.29","72.78","","72.99"
"A003620","KG모빌리티","12","1","KOSPI","6.25","241.99","","227.76"
"A003650","미창석유","12","0","KOSPI","3.01","101.25","","98.29"
"A003670","포스코퓨처엠","12","0","KOSPI","0.19","3183.59","","3177.49"
"A003680","한성기업","12","0","KOSPI","1.62","27.29","","26.86"
"A003690","코리안리","12","0","KOSPI","1.76","974.99","","958.14"
"A003720","삼영","12","0","KOSPI","1.98","35.02","","34.34"
"A003780","진양산업","12","0","KOSPI","-0.17","38.8","","38.87"
"A003800","에이스침대","12","0","KOSDAQ","0.98","459.13","","454.69"
"A003830","대한화섬","12","0","KOSPI","-1.25","104.91","","106.24"
"A003850","보령","12","1","KOSPI","-1.56","556.92","","565.76"
"A003920","남양유업","12","1","KOSPI","-0.15","239.04","","239.4"
"A003960","사조대림","12","0","KOSPI","0","123.26","","123.26"
"A004000","롯데정밀화학","12","1","KOSPI","-0.3","864.3","","866.88"
"A004020","현대제철","12","1","KOSPI","0.51","2648.9","","2635.55"
"A004060","SG세계물산","12","0","KOSPI","-0.15","137.04","","137.24"
"A004080","신흥","12","0","KOSPI","-0.84","90.24","","91.01"
"A004090","한국석유","12","0","KOSPI","3.43","65.13","","62.96"
"A004100","태양금속","12","0","KOSPI","5.24","40.55","","38.54"
"A004140","동방","12","0","KOSPI","0.23","73.29","","73.12"
"A004150","한솔홀딩스","12","0","KOSPI","1.17","143.2","","141.55"
"A004170","신세계","12","1","KOSPI","0.99","2510.52","","2485.91"
"A004250","NPC","12","0","KOSPI","3.03","124.85","","121.18"
"A004270","남성","12","0","KOSPI","-1.56","80.03","","81.3"
"A004310","현대약품","11","0","KOSPI","0.94","137.44","","136.16"
"A004360","세방","12","0","KOSPI","0.57","170.5","","169.53"
"A004370","농심","12","1","KOSPI","0","1754.84","","1754.84"
"A004380","삼익THK","12","0","KOSPI","0.48","218.4","","217.35"
"A004410","서울식품","12","0","KOSPI","0.57","59.72","","59.38"
"A004430","송원산업","12","0","KOSPI","6.14","290.4","","273.6"
"A004440","삼일씨엔에스","12","0","KOSPI","3.75","81.1","","78.17"
"A004450","삼화왕관","12","0","KOSPI","0.62","86.93","","86.39"
"A004490","세방전지","12","1","KOSPI","0","394.1","","394.1"
"A004540","깨끗한나라","12","0","KOSPI","0","137.05","","137.05"
"A004560","현대비앤지스틸","12","0","KOSPI","1.62","104.04","","102.39"
"A004590","한국가구","12","0","KOSDAQ","4.04","57.9","","55.65"
"A004650","창해에탄올","12","0","KOSDAQ","-1.04","130.97","","132.35"
"A004690","삼천리","12","0","KOSPI","0.56","292.37","","290.75"
"A004700","조광피혁","12","0","KOSPI","2.42","281.26","","274.61"
"A004710","한솔테크닉스","12","0","KOSPI","-1.07","178.21","","180.14"
"A004720","팜젠사이언스","12","0","KOSPI","2","86.66","","84.97"
"A004770","써니전자","12","0","KOSPI","-7.35","106.23","","114.67"
"A004780","대륙제관","12","0","KOSDAQ","1.39","58.05","","57.25"
"A004800","효성","12","1","KOSPI","-1.05","1392.79","","1407.54"
"A004830","덕성","12","0","KOSPI","-1.26","42.96","","43.51"
"A004840","DRB동일","12","0","KOSPI","-1.24","79.52","","80.52"
"A004870","티웨이홀딩스","12","0","KOSPI","7.3","95.85","","89.33"
"A004890","동일산업","12","0","KOSPI","0.1","118.84","","118.71"
"A004910","조광페인트","12","0","KOSPI","2.06","69.89","","68.48"
"A004920","씨아이테크","12","0","KOSPI","9.34","16.08","","14.71"
"A004960","한신공영","12","0","KOSPI","1.63","144.63","","142.32"
"A004970","신라교역","12","0","KOSPI","-0.21","151.68","","152"
"A004980","성신양회","12","0","KOSPI","10","188.77","","171.61"
"A004990","롯데지주","12","1","KOSPI","0.36","2890.25","","2879.76"
"A005010","휴스틸","12","0","KOSPI","4","53.5","","51.45"
"A005030","부산주공","12","0","KOSPI","3.52","16.2","","15.64"
"A005070","코스모신소재","12","0","KOSPI","-0.54","270.54","","272.01"
"A005090","SGC에너지","12","0","KOSPI","-0.37","130.34","","130.83"
"A005110","한창","12","0","KOSPI","3","89.58","","86.98"
"A005160","동국산업","12","0","KOSDAQ","-1.43","112.01","","113.64"
"A005180","빙그레","12","1","KOSPI","2.4","546.74","","533.94"
"A005250","녹십자홀딩스","12","1","KOSPI","0.47","1004.05","","999.35"
"A005290","동진쎄미켐","12","0","KOSDAQ","-1.72","732.66","","745.51"
"A005300","롯데칠성","12","1","KOSPI","-0.9","789.75","","796.95"
"A005320","온타이드","12","0","KOSPI","2.2","55.99","","52.98"
"A005360","모나미","12","0","KOSPI","-0.64","58.96","","59.34"
"A005380","현대차","12","1","KOSPI","-2.89","20854.02","","21473.65"
"A005420","코스모화학","12","0","KOSPI","-1.34","212.02","","214.89"
"A005430","한국공항","12","0","KOSPI","21.32","130.61","","107.66"
"A005440","현대지에프홀딩스","12","1","KOSPI","1.08","730.83","","723.01"
"A005490","POSCO홀딩스","12","1","KOSPI","-0.28","15301.29","","15344.88"
"A005500","삼진제약","12","0","KOSPI","2.52","339.86","","331.52"
"A005610","삼립","12","1","KOSPI","-0.83","622.15","","627.33"
"A005670","푸드웰","12","0","KOSDAQ","0.19","52.5","","52.4"
"A005680","삼영전자","12","0","KOSPI","1.82","145.8","","143.2"
"A005690","파미셀","12","0","KOSPI","30","1442.01","","1109.24"
"A005710","대원산업","12","0","KOSDAQ","1.21","92.07","","90.97"
"A005720","넥센","12","0","KOSPI","0.99","246.3","","243.89"
"A005740","크라운해태홀딩스","12","0","KOSPI","3.1","128.58","","124.72"
"A005750","대림바스","12","0","KOSPI","-1.17","56.52","","57.19"
"A005800","신영와코루","12","0","KOSPI","-1.13","71.1","","71.91"
"A005810","풍산홀딩스","12","0","KOSPI","1.79","222.52","","218.6"
"A005820","원림","12","0","KOSPI","-3.35","34.87","","36.08"
"A005830","DB손해보험","12","1","KOSPI","-0.27","2662.08","","2669.16"
"A005850","에스엘","12","1","KOSPI","-2.2","643.51","","657.97"
"A005860","한일사료","12","0","KOSDAQ","0.88","67.38","","66.79"
"A005870","휴니드","12","0","KOSPI","0.38","75.52","","75.24"
"A005880","대한해운","12","0","KOSPI","-1.91","438.47","","447.02"
"A005930","삼성전자","12","1","KOSPI","-2.53","299086.11","","306846.82"
"A005940","NH투자증권","12","1","KOSPI","-2.09","2510.17","","2563.63"
"A005950","이수화학","12","0","KOSPI","-3.4","152.02","","157.36"
"A005960","동부건설","12","0","KOSPI","1.02","173.54","","171.79"
"A005990","매일홀딩스","12","0","KOSDAQ","3.43","111.8","","108.1"
"A006040","동원산업","12","0","KOSPI","0.51","718.98","","715.3"
"A006050","국영지앤엠","12","0","KOSDAQ","6.71","86.02","","80.61"
"A006060","화승인더","12","0","KOSPI","-2.02","429.84","","438.69"
"A006090","사조오양","12","0","KOSPI","0.78","72.74","","72.18"
"A006110","삼아알미늄","12","0","KOSPI","1.11","40.15","","39.71"
"A006120","SK디스커버리","12","1","KOSPI","-2.69","482.61","","495.94"
"A006140","피제이전자","12","0","KOSDAQ","1.26","66.15","","65.33"
"A006200","한국전자홀딩스","12","0","KOSPI","0","24.76","","24.76"
"A006220","제주은행","12","0","KOSPI","2.53","97.83","","95.42"
"A006260","LS","12","1","KOSPI","0.87","1118.95","","1109.29"
"A006280","녹십자","12","1","KOSPI","0","1735.45","","1735.45"
"A006340","대원전선","12","0","KOSPI","5.26","69.47","","66"
"A006360","GS건설","12","1","KOSPI","1.05","1918.34","","1898.32"
"A006370","대구백화점","12","0","KOSPI","1.93","57.14","","56.06"
"A006380","카프로","12","0","KOSPI","2.84","123.2","","119.8"
"A006400","삼성SDI","12","1","KOSPI","-1.22","19460.36","","19701.04"
"A006490","프리티","12","0","KOSPI","-2.42","274.21","","281.01"
"A006570","대림통상","12","0","KOSPI","0.86","62.19","","61.66"
"A006620","동구바이오제약","12","0","KOSDAQ","0.85","170.47","","169.03"
"A006650","대한유화","12","1","KOSPI","9.35","760.5","","695.5"
"A006660","삼성공조","12","0","KOSPI","-0.32","50.06","","50.22"
"A006730","서부T&D","12","0","KOSDAQ","1.76","320.44","","314.89"
"A006740","블루산업개발","12","0","KOSPI","1.11","71.04","","70.26"
"A006800","미래에셋증권","12","1","KOSPI","-2.21","3502.24","","3581.24"
"A006840","AK홀딩스","12","1","KOSPI","3.74","294.1","","283.5"
"A006880","신송홀딩스","12","0","KOSPI","-3.16","41.76","","43.12"
"A006890","태경케미컬","12","0","KOSPI","0.3","57.25","","57.07"
"A006910","보성파워텍","12","0","KOSDAQ","7.2","85.7","","79.94"
"A006920","모헨즈","12","0","KOSDAQ","3.2","40.46","","39.2"
"A006980","우성","12","0","KOSPI","-0.32","95.17","","95.48"
"A007070","GS리테일","12","1","KOSPI","-0.31","2444.75","","2452.45"
"A007110","일신석재","12","0","KOSPI","10.88","205.26","","185.12"
"A007120","미래아이앤지","12","0","KOSPI","1.31","49.98","","49.33"
"A007160","사조산업","12","0","KOSPI","0.71","141.75","","140.75"
"A007210","벽산","12","0","KOSPI","0","101.81","","101.81"
"A007280","한국특강","12","0","KOSPI","8.39","50.15","","46.27"
"A007310","오뚜기","12","1","KOSPI","0","1932.41","","1932.41"
"A007330","푸른저축은행","12","0","KOSDAQ","-0.42","108.14","","108.6"
"A007340","DN오토모티브","12","0","KOSPI","0","240.86","","240.86"
"A007370","진양제약","12","0","KOSDAQ","6.77","75.72","","70.92"
"A007390","네이처셀","12","0","KOSDAQ","16.51","777.12","","666.98"
"A007460","에이프로젠","12","0","KOSPI","-0.86","357.53","","360.62"
"A007530","와이엠","12","0","KOSDAQ","0","20.4","","20.4"
"A007540","샘표","12","0","KOSPI","-0.59","96.91","","97.49"
"A007570","일양약품","12","1","KOSPI","1.31","664.18","","655.59"
"A007590","동방아그로","12","0","KOSPI","4.29","82.79","","79.39"
"A007610","선도전기","12","0","KOSPI","3.66","50.94","","49.14"
"A007660","이수페타시스","12","0","KOSPI","0.5","124.01","","123.39"
"A007680","대원","12","0","KOSDAQ","0","140.21","","140.21"
"A007690","국도화학","12","0","KOSPI","-3.36","242.59","","251.02"
"A007700","F&F홀딩스","12","0","KOSPI","1.35","1740.2","","1717.1"
"A007720","소노스퀘어","12","0","KOSDAQ","3.14","132.55","","128.52"
"A007770","한일화학","12","0","KOSDAQ","0.88","32.05","","31.77"
"A007810","코리아써키트","12","0","KOSPI","-1.1","190.62","","192.75"
"A007820","엠엑스로보틱스","12","0","KOSDAQ","-0.76","156.06","","157.27"
"A007860","서연","12","0","KOSPI","-1.25","74.2","","75.14"
"A007980","TP","12","0","KOSPI","1.12","89.84","","88.84"
"A008040","사조동아원","12","0","KOSPI","0","133.66","","133.66"
"A008060","대덕","12","1","KOSPI","-1.84","624.06","","635.76"
"A008250","이건산업","12","0","KOSPI","3.01","63.74","","61.88"
"A008260","NI스틸","12","0","KOSPI","1.45","50.05","","49.34"
"A008290","원풍물산","12","0","KOSDAQ","-0.36","112.72","","113.13"
"A0082N0","카나프테라퓨틱스","12","0","외감","","","",""
"A008350","남선알미늄","12","0","KOSPI","-1.98","490.85","","500.76"
"A008370","원풍","12","0","KOSDAQ","-0.67","44.4","","44.7"
"A008420","문배철강","12","0","KOSPI","4.01","45.21","","43.47"
"A008470","부스타","12","0","KOSDAQ","5.56","35.93","","34.04"
"A008490","서흥","12","0","KOSPI","0.24","473.76","","472.6"
"A008500","일정실업","12","0","KOSPI","-1.47","11.28","","11.45"
"A008600","윌비스","12","0","KOSPI","-0.68","91.87","","92.5"
"A008700","아남전자","12","0","KOSPI","2.16","127.64","","124.94"
"A008730","율촌화학","12","0","KOSPI","-0.37","333.56","","334.8"
"A008770","호텔신라","12","1","KOSPI","2.19","3116.3","","3049.58"
"A008830","대동기어","12","0","KOSDAQ","-3.28","21.21","","21.93"
"A008870","금비","9","0","KOSPI","3.59","51.9","","50.1"
"A0088M0","메쥬","12","0","외감","","","",""
"A008930","한미사이언스","12","1","KOSPI","0.36","1858.21","","1851.61"
"A008970","KBI동양철관","12","0","KOSPI","9.41","131.37","","120.07"
"A009070","KCTC","12","0","KOSPI","-0.43","70.05","","70.35"
"A009140","경인전자","12","0","KOSPI","-2.87","26.55","","27.33"
"A009150","삼성전기","12","1","KOSPI","-2.63","8291","","8515.08"
"A009160","SIMPAC","12","0","KOSPI","0","159.32","","159.32"
"A009180","한솔로지스틱스","12","0","KOSPI","0.37","37.23","","37.09"
"A009190","대양금속","12","0","KOSPI","0.61","54.71","","54.38"
"A009200","무림페이퍼","12","0","KOSPI","0.24","86.96","","86.76"
"A009240","한샘","12","1","KOSPI","5.8","1588.54","","1501.46"
"A009270","신원","12","0","KOSPI","5.45","147.97","","140.32"
"A009290","광동제약","12","0","KOSPI","1.33","319.24","","315.05"
"A009300","삼아제약","12","0","KOSDAQ","-0.72","88.22","","88.86"
"A009310","참엔지니어링","12","0","KOSPI","2.73","70.82","","68.94"
"A009320","아진전자부품","12","0","KOSPI","3.49","113.16","","109.35"
"A009410","태영건설","12","0","KOSPI","1.8","1077.24","","1058.14"
"A009420","한올바이오파마","12","1","KOSPI","-0.6","1306.02","","1313.85"
"A009440","KC그린홀딩스","12","0","KOSPI","3.56","84.8","","81.89"
"A009450","경동나비엔","12","0","KOSPI","2.8","468.18","","455.44"
"A009460","한창제지","12","0","KOSPI","5.5","131.57","","124.71"
"A009470","삼화전기","12","0","KOSPI","-0.33","99.54","","99.87"
"A009520","포스코엠텍","12","0","KOSDAQ","2.13","170.11","","166.57"
"A009540","HD한국조선해양","12","1","KOSPI","-1.22","5732.62","","5803.4"
"A009580","무림P&P","12","0","KOSPI","0.3","205.82","","205.19"
"A009620","삼보산업","12","0","KOSDAQ","-0.98","30.85","","31.16"
"A009680","모토닉","12","0","KOSPI","2.06","245.52","","240.57"
"A009730","이렘","12","0","KOSDAQ","-5.89","49.26","","52.34"
"A009770","삼정펄프","12","0","KOSPI","2.2","58","","56.75"
"A009780","엠에스씨","12","0","KOSDAQ","1.79","75.24","","73.92"
"A009810","플레이그램","12","0","KOSPI","-0.28","60.18","","60.34"
"A009830","한화솔루션","12","1","KOSPI","0.69","2341.45","","2325.3"
"A009900","명신산업","12","0","외감","","","",""
"A009970","영원무역홀딩스","12","0","KOSPI","-0.42","481.34","","483.38"
"A010040","한국내화","12","0","KOSPI","4.59","80.82","","77.28"
"A010060","OCI홀딩스","12","1","KOSPI","0.51","948.01","","943.24"
"A010100","한국무브넥스","12","0","KOSPI","-0.6","50.85","","51.16"
"A010120","LS ELECTRIC","12","1","KOSPI","0.78","1168.5","","1159.5"
"A010130","고려아연","12","1","KOSPI","-1.11","7538.57","","7623.48"
"A010140","삼성중공업","12","1","KOSPI","-0.35","2721.6","","2731.05"
"A010170","대한광통신","12","0","KOSDAQ","2.16","209.43","","205"
"A010240","흥국","12","0","KOSDAQ","7.57","45.53","","42.33"
"A010280","아이티센엔텍","12","0","KOSDAQ","1.07","57.46","","56.85"
"A010400","우진아이엔에스","12","0","KOSPI","-0.15","50.31","","50.38"
"A010470","오리콤","12","0","KOSDAQ","1.59","44.94","","44.24"
"A010580","에스엠벡셀","12","0","KOSPI","0","19.76","","19.76"
"A010640","진양폴리","12","0","KOSPI","0.98","25.8","","25.55"
"A010660","화천기계","12","0","KOSPI","-3.74","62.26","","64.68"
"A010690","화신","12","0","KOSPI","-0.7","74.38","","74.9"
"A010770","평화홀딩스","12","0","KOSPI","1.92","46.51","","45.63"
"A010780","아이에스동서","12","1","KOSPI","-1.03","739.88","","747.6"
"A010820","퍼스텍","12","0","KOSPI","3.47","83.71","","80.9"
"A010950","S-Oil","12","1","KOSPI","-0.6","7520.53","","7565.56"
"A010960","삼호개발","12","0","KOSPI","3.18","109.5","","106.13"
"A011000","진원생명과학","12","0","KOSPI","1.42","473.06","","464.85"
"A011040","경동제약","12","0","KOSDAQ","1","213.99","","211.87"
"A011070","LG이노텍","12","1","KOSPI","-1.89","3076.72","","3135.89"
"A011080","형지I&C","12","0","KOSDAQ","0.41","19.17","","19.09"
"A011090","에넥스","12","0","KOSPI","16.33","62.39","","53.63"
"A011150","CJ씨푸드","12","0","KOSPI","0.75","144.44","","143.36"
"A011170","롯데케미칼","12","1","KOSPI","3.35","6872.22","","6649.43"
"A011200","HMM","12","0","KOSPI","2.6","1187.07","","1157"
"A011210","현대위아","12","1","KOSPI","-2.99","927.35","","955.91"
"A011230","삼화전자","12","0","KOSPI","1.54","27.61","","27.19"
"A011280","태림포장","12","0","KOSPI","-0.53","268.35","","269.77"
"A011300","우성머티리얼스","12","0","KOSPI","2.01","25.93","","25.42"
"A011320","유니크","12","0","KOSDAQ","6.94","122.11","","114.19"
"A011330","유니켐","12","0","KOSPI","-0.69","97.79","","98.46"
"A011370","서한","12","0","KOSDAQ","3.08","101.4","","98.37"
"A011390","부산산업","12","0","KOSPI","7.69","162.62","","151.01"
"A011420","갤럭시아에스엠","12","0","KOSPI","3.08","36.92","","35.81"
"A011500","한농화성","12","0","KOSPI","1.19","66.61","","65.83"
"A011560","세보엠이씨","12","0","KOSDAQ","0.52","51.18","","50.91"
"A011690","와이투솔루션","12","0","KOSPI","0","71.36","","71.36"
"A011700","한신기계","12","0","KOSPI","1.39","47.21","","46.56"
"A011760","현대코퍼레이션","12","0","KOSPI","10.51","201.74","","182.56"
"A011780","금호석유화학","12","1","KOSPI","2.57","2068.76","","2016.96"
"A011790","SKC","12","1","KOSPI","1.2","1906.76","","1884.23"
"A0117P0","피스피스스튜디오","12","0","외감","","","",""
"A011810","STX","12","0","KOSPI","0","121.32","","121.32"
"A011930","신성이엔지","12","0","KOSPI","-0.98","157.23","","158.79"
"A012030","DB","12","0","KOSPI","0.71","142.83","","141.83"
"A0120G0","삼양바이오팜","12","0","외감","","","",""
"A012160","영흥","12","0","KOSPI","1.22","85.23","","84.2"
"A012170","아센디오","12","0","KOSPI","0","29.59","","29.59"
"A012200","계양전기","12","0","KOSPI","1.75","85.25","","83.78"
"A012210","삼미금속","12","0","외감","","","",""
"A012280","영화금속","12","0","KOSPI","-1.73","64.54","","65.68"
"A012320","경동인베스트","12","0","KOSPI","3.33","65.98","","63.86"
"A012330","현대모비스","12","1","KOSPI","0","17062.32","","17062.32"
"A012340","뉴인텍","12","0","KOSDAQ","5.97","61.29","","57.84"
"A012450","한화에어로스페이스","12","1","KOSPI","1.08","1184.74","","1172.08"
"A012510","더존비즈온","12","0","KOSPI","0.99","2712.08","","2685.38"
"A012610","경인양행","12","0","KOSPI","4.89","288.98","","275.51"
"A012620","원일특강","12","0","KOSDAQ","5.95","34.5","","32.56"
"A012630","HDC","12","1","KOSPI","1.91","541.86","","531.7"
"A012690","모나리자","12","0","KOSPI","-1.1","262.58","","265.51"
"A0126Z0","삼성에피스홀딩스","12","0","외감","","","",""
"A012700","리드코프","12","0","KOSDAQ","0.37","143.34","","142.81"
"A012750","에스원","12","1","KOSPI","-0.12","3176.73","","3180.53"
"A012790","신일제약","12","0","KOSDAQ","0.83","79.69","","79.04"
"A012800","대창","12","0","KOSPI","-0.91","99.34","","100.25"
"A012860","모베이스전자","12","0","KOSDAQ","-3","67.34","","69.42"
"A013000","세우글로벌","12","0","KOSPI","-4.43","55.69","","58.27"
"A013030","하이록코리아","12","0","KOSDAQ","2.17","159.96","","156.55"
"A013120","동원개발","12","0","KOSDAQ","1.84","326","","320.1"
"A013310","아진산업","12","0","KOSDAQ","5.01","80.54","","76.69"
"A013360","일성건설","12","0","KOSPI","4.48","56.73","","54.3"
"A013520","화승코퍼레이션","12","0","KOSPI","0.31","104.27","","103.94"
"A013570","디와이","12","0","KOSPI","1.66","104.75","","103.04"
"A013580","계룡건설","12","0","KOSPI","-1.28","137.98","","139.77"
"A013700","까뮤이앤씨","12","0","KOSPI","5.58","55.54","","52.6"
"A013720","청보","12","0","KOSDAQ","1.01","16.4","","16.23"
"A013810","스페코","12","0","KOSDAQ","3.97","44.11","","42.43"
"A013870","지엠비코리아","12","0","KOSPI","2.25","86.68","","84.78"
"A013890","지누스","12","0","KOSPI","3.63","1054.14","","1017.2"
"A013990","아가방컴퍼니","12","0","KOSDAQ","-0.31","106.23","","106.56"
"A014100","메디앙스","12","0","KOSDAQ","0","49.5","","49.5"
"A014130","한익스프레스","12","0","KOSPI","3.1","57.84","","56.1"
"A014160","대영포장","12","0","KOSPI","-1.71","124.65","","126.82"
"A014190","원익큐브","12","0","KOSDAQ","4.27","51.86","","49.74"
"A014280","금강공업","12","0","KOSPI","-0.17","71.68","","71.8"
"A014440","영보화학","12","0","KOSPI","3.51","53.1","","51.3"
"A014470","부방","12","0","KOSDAQ","0.67","134.82","","133.92"
"A014530","극동유화","12","0","KOSPI","0.65","107.57","","106.87"
"A014570","고려제약","12","0","KOSDAQ","1.84","97.24","","95.48"
"A014580","태경비케이","12","0","KOSPI","1.93","102.06","","100.13"
"A014620","성광벤드","12","0","KOSDAQ","0.64","178.75","","177.61"
"A014680","한솔케미칼","12","1","KOSPI","-2.85","962.35","","990.59"
"A014710","사조씨푸드","12","0","KOSPI","0.89","68.36","","67.75"
"A014790","HL D&I","12","0","KOSPI","6.19","110.02","","103.6"
"A014820","동원시스템즈","12","1","KOSPI","-0.46","553.36","","555.92"
"A014830","유니드","12","1","KOSPI","-0.88","348.93","","352.04"
"A014910","성문전자","12","0","KOSPI","4.69","32.64","","31.18"
"A014940","오리엔탈정공","12","0","KOSDAQ","-0.15","31.26","","31.31"
"A014950","삼익제약","12","0","외감","","","",""
"A014970","삼륭물산","12","0","KOSDAQ","7.95","112.98","","104.67"
"A014990","인디에프","12","0","KOSPI","3.02","120.81","","117.28"
"A015020","이스타코","12","0","KOSPI","0.62","27.98","","27.81"
"A015230","대창단조","12","0","KOSPI","3.25","63.57","","61.57"
"A015260","에이엔피","12","0","KOSPI","0","20.86","","20.86"
"A015360","INVENI","12","0","KOSPI","3.53","202.2","","195.3"
"A015590","DKME","12","0","KOSPI","0.82","137.2","","136.09"
"A015710","코콤","12","0","KOSDAQ","0","84.85","","84.85"
"A015750","성우하이텍","12","0","KOSDAQ","0.33","240.4","","239.6"
"A015760","한국전력","12","1","KOSPI","3.64","13705.93","","13224.46"
"A015860","일진홀딩스","12","0","KOSPI","-1.93","188.01","","191.71"
"A015890","태경산업","12","0","KOSPI","2.92","133.72","","129.92"
"A016090","대현","12","0","KOSPI","3.12","80.59","","78.16"
"A016100","리더스코스메틱","12","0","KOSDAQ","2.49","74.93","","73.11"
"A016250","SGC E&C","12","0","KOSDAQ","2.48","231","","225.4"
"A016360","삼성증권","12","1","KOSPI","-2.08","2522.73","","2576.31"
"A016380","KG스틸","12","0","KOSPI","21.21","1600.14","","1320.12"
"A016450","한세예스24홀딩스","12","0","KOSPI","0.31","195.8","","195.2"
"A016580","환인제약","12","0","KOSPI","0.69","271.56","","269.7"
"A016590","신대양제지","12","0","KOSPI","-1.61","221.64","","225.26"
"A016600","큐캐피탈","12","0","KOSDAQ","0.91","111.26","","110.25"
"A016610","DB증권","12","0","KOSPI","-1.53","136.25","","138.38"
"A016670","디모아","12","0","KOSDAQ","-2.26","74.84","","76.57"
"A016710","대성홀딩스","12","0","KOSPI","1.56","156.87","","154.46"
"A016740","두올","12","0","KOSPI","-0.18","74.57","","74.7"
"A016790","현대사료","12","0","KOSDAQ","-1.14","79.96","","80.88"
"A016800","퍼시스","12","0","KOSPI","-0.18","324.88","","325.45"
"A016880","웅진","12","0","KOSPI","0","84.93","","84.93"
"A016920","카스","12","0","KOSDAQ","2.92","32.14","","31.23"
"A017000","신원종합개발","12","0","KOSDAQ","3.44","31.81","","30.76"
"A017040","광명전기","12","0","KOSPI","3.22","90.36","","87.54"
"A017180","명문제약","12","0","KOSPI","-3.02","134.46","","138.64"
"A017250","인터엠","9","0","KOSDAQ","0.26","40.09","","39.99"
"A017370","우신시스템","12","0","KOSPI","-0.43","63.55","","63.82"
"A017390","서울가스","12","0","KOSPI","1.16","349","","345"
"A017480","삼현철강","12","0","KOSDAQ","5.07","55.27","","52.6"
"A017510","세명전기","12","0","KOSDAQ","11.03","69.83","","62.89"
"A017550","수산세보틱스","12","0","KOSPI","1.68","81.52","","80.17"
"A017650","대림제지","12","0","KOSDAQ","2.17","74.25","","72.68"
"A017670","SK텔레콤","12","1","KOSPI","2.26","16431.75","","16068.4"
"A017800","현대엘리베이터","12","1","KOSPI","3.77","1795.16","","1729.88"
"A017810","풀무원","12","0","KOSPI","1.43","405.67","","399.95"
"A017860","DS단석","12","0","외감","","","",""
"A017890","한국알콜","12","0","KOSDAQ","-1.72","246.31","","250.63"
"A017900","광전자","12","0","KOSPI","0.29","100.53","","100.24"
"A017940","E1","12","0","KOSPI","-0.29","239.41","","240.1"
"A017960","한국카본","12","0","KOSPI","1.67","268.16","","263.76"
"A018000","유니슨","12","0","KOSDAQ","0.1","90.42","","90.32"
"A018120","진로발효","12","0","KOSDAQ","-1.2","191.35","","193.67"
"A018250","애경산업","12","1","KOSPI","-0.37","706.47","","709.11"
"A018260","삼성에스디에스","12","1","KOSPI","1.22","12844.71","","12689.96"
"A018290","브이티","12","0","KOSDAQ","-1.79","367.92","","374.64"
"A018310","삼목에스폼","12","0","KOSDAQ","2.3","104.81","","102.46"
"A018470","조일알미늄","12","0","KOSPI","0.18","39.29","","39.22"
"A018500","동원모빌리티","3","0","KOSPI","1.19","27.73","","27.4"
"A018620","우진비앤지","12","0","KOSDAQ","5.63","63.36","","59.98"
"A018670","SK가스","12","0","KOSPI","2.3","692.03","","676.49"
"A018680","서울제약","12","0","KOSDAQ","3.76","77.22","","74.42"
"A018700","졸스","12","0","KOSDAQ","4.63","113.17","","108.16"
"A018880","한온시스템","12","1","KOSPI","2.19","4975.02","","4868.26"
"A019010","베뉴지","12","0","KOSDAQ","0","65.79","","65.79"
"A019170","신풍제약","12","0","KOSPI","16.62","1004.07","","861.01"
"A019180","티에이치엔","12","0","KOSPI","0.38","47.16","","46.98"
"A019210","와이지-원","12","0","KOSDAQ","5.06","158.68","","151.03"
"A019490","엑시큐어하이트론","12","0","KOSPI","2.25","13.8","","13.49"
"A019540","일지테크","12","0","KOSDAQ","8.15","40.34","","37.3"
"A019550","SBI인베스트먼트","12","0","KOSDAQ","0","99.67","","99.67"
"A019570","GMI벤처","12","0","KOSDAQ","2.43","44.35","","43.3"
"A019660","글로본","12","0","KOSDAQ","11.71","81.87","","73.29"
"A019680","대교","12","1","KOSPI","-0.93","407","","410.81"
"A019770","서연탑메탈","12","0","KOSDAQ","7.77","25.86","","24"
"A019990","에너토크","12","0","KOSDAQ","4.09","36","","34.59"
"A020000","한섬","12","1","KOSPI","3.75","578.81","","557.87"
"A020120","키다리스튜디오","12","0","KOSPI","-3.51","81.49","","84.46"
"A020150","롯데에너지머티리얼즈","12","1","KOSPI","0.25","1879.02","","1874.41"
"A020180","대신정보통신","3","0","KOSDAQ","-1.29","44","","44.58"
"A020400","대동금속","12","0","KOSDAQ","1.13","20.94","","20.71"
"A020560","아시아나항공","12","0","KOSPI","2.03","899.64","","881.78"
"A020710","시공테크","12","0","KOSDAQ","0","111.27","","111.27"
"A020760","일진디스플","12","0","KOSPI","-0.5","84.52","","84.94"
"A021040","대호특수강","12","0","KOSDAQ","4.8","59.08","","56.37"
"A021050","서원","12","0","KOSPI","0.2","117.74","","117.5"
"A021080","에이티넘인베스트","12","0","KOSDAQ","0.3","81.12","","80.88"
"A021240","코웨이","12","1","KOSPI","-2.59","4435.36","","4553.44"
"A021320","KCC건설","12","0","KOSDAQ","3.61","122.84","","118.56"
"A021650","한국큐빅","12","0","KOSDAQ","-1.48","38.02","","38.59"
"A021820","세원정공","6","0","KOSPI","0","80.9","","80.9"
"A021880","메이슨캐피탈","3","0","KOSDAQ","-2.33","33.33","","34.12"
"A022100","포스코DX","12","0","KOSDAQ","0.67","684.16","","679.6"
"A022220","티케이지애강","12","0","KOSDAQ","-0.3","86.5","","86.76"
"A023000","삼원강재","12","0","KOSPI","1.22","82.8","","81.8"
"A023150","MH에탄올","12","0","KOSPI","-0.11","68.55","","68.62"
"A023160","태광","12","0","KOSDAQ","0","188.42","","188.42"
"A023350","한국종합기술","12","0","KOSPI","0","44.84","","44.84"
"A023410","유진기업","12","0","KOSDAQ","6.34","311.18","","292.62"
"A023440","제이스코홀딩스","12","0","KOSDAQ","-0.52","56.33","","56.63"
"A023450","동남합성","12","0","KOSPI","1.45","101.05","","99.6"
"A023530","롯데쇼핑","12","1","KOSPI","2.19","2503.55","","2449.81"
"A023590","다우기술","12","0","KOSPI","-1.54","715.62","","726.84"
"A023600","삼보판지","12","0","KOSDAQ","-0.39","123.86","","124.35"
"A023760","한국캐피탈","12","0","KOSDAQ","-2.62","152.44","","156.54"
"A023770","플레이위드","12","0","KOSDAQ","2.5","69.92","","68.21"
"A023790","동일스틸럭스","12","0","KOSDAQ","-1.71","18.99","","19.32"
"A023800","인지컨트롤스","12","0","KOSPI","1.36","62.16","","61.32"
"A023810","인팩","12","0","KOSPI","3.67","31.1","","30"
"A023900","풍국주정","12","0","KOSDAQ","12.58","219.87","","195.3"
"A023910","대한약품","12","0","KOSDAQ","2.07","177.3","","173.7"
"A023960","에쓰씨엔지니어링","12","0","KOSPI","1.2","31.65","","31.27"
"A024060","흥구석유","12","0","KOSDAQ","-2.29","108.9","","111.45"
"A024070","WISCOM","12","0","KOSPI","-0.24","31.73","","31.8"
"A024090","디씨엠","12","0","KOSPI","-0.47","123.44","","124.02"
"A024110","기업은행","12","1","KOSPI","-2.28","4444.11","","4548"
"A024120","KB오토시스","12","0","KOSDAQ","12.27","63.14","","56.24"
"A024720","콜마홀딩스","12","0","KOSPI","0.45","400.94","","399.14"
"A024740","한일단조","12","0","KOSDAQ","1.17","38.86","","38.41"
"A024800","유성티엔에스","12","0","KOSDAQ","4.42","67.49","","64.63"
"A024830","세원물산","12","0","KOSDAQ","0","52.44","","52.44"
"A024840","KBI메탈","12","0","KOSDAQ","0.4","41.02","","40.86"
"A024850","HLB이노베이션","12","0","KOSDAQ","-0.88","31.41","","31.69"
"A024880","케이피에프","12","0","KOSDAQ","3.43","57.93","","56.01"
"A024890","대원화성","12","0","KOSPI","6.52","50.53","","47.44"
"A024900","디와이덕양","12","0","KOSPI","2.55","30.12","","29.37"
"A024910","경창산업","12","0","KOSDAQ","3.02","31.74","","30.8"
"A024940","PN풍년","12","0","KOSDAQ","-0.77","19.3","","19.45"
"A024950","삼천리자전거","12","0","KOSDAQ","3.1","70.62","","68.49"
"A025000","KPX케미칼","12","0","KOSPI","-1.81","235.71","","240.06"
"A025320","시노펙스","12","0","KOSDAQ","0.56","194.1","","193.01"
"A025440","DH오토웨어","12","0","KOSDAQ","0","91.99","","91.99"
"A025530","SJM홀딩스","12","0","KOSPI","0.6","37.78","","37.56"
"A025540","한국단자","12","1","KOSPI","0.17","306.72","","306.2"
"A025550","한국선재","12","0","KOSDAQ","-2.14","61.55","","62.9"
"A025560","미래산업","12","0","KOSPI","-1.19","69.99","","70.83"
"A025620","차AI헬스케어","12","0","KOSPI","1.4","99.82","","98.45"
"A025750","한솔홈데코","12","0","KOSPI","0.22","72.67","","72.51"
"A025770","한국정보통신","12","0","KOSDAQ","2.52","305.17","","297.68"
"A025820","이구산업","12","0","KOSPI","2.36","43.47","","42.47"
"A025860","남해화학","12","1","KOSPI","3.17","404.39","","391.97"
"A025870","신라에스지","12","0","KOSDAQ","1.32","36.72","","36.24"
"A025880","케이씨피드","12","0","KOSDAQ","0.29","29.17","","29.09"
"A025890","한국주강","12","0","KOSPI","2.66","15.27","","14.87"
"A025900","동화기업","12","0","KOSDAQ","0","303.99","","303.99"
"A025950","동신건설","12","0","KOSDAQ","1.14","44.6","","44.1"
"A025980","아난티","12","0","KOSDAQ","4.57","871.84","","833.75"
"A026040","제이에스티나","12","0","KOSDAQ","9.53","48.36","","44.15"
"A026150","특수건설","12","0","KOSDAQ","5.91","92.6","","87.43"
"A026890","스틱인베스트먼트","12","0","KOSPI","-1.79","342.59","","348.85"
"A026910","광진실업","12","0","KOSDAQ","1.42","18.32","","18.06"
"A026940","부국철강","12","0","KOSPI","6.86","76.3","","71.4"
"A026960","동서","12","1","KOSPI","2.4","1699.89","","1660.01"
"A027040","서울전자통신","12","0","KOSDAQ","1.91","55.67","","54.63"
"A027050","코리아나","12","0","KOSDAQ","-1.17","202.4","","204.8"
"A027360","아주IB투자","12","0","KOSDAQ","-1.61","144.83","","147.21"
"A027410","BGF","12","1","KOSPI","-1.15","410.15","","414.93"
"A027580","상보","12","0","KOSDAQ","0.49","38.37","","38.19"
"A027710","팜스토리","12","0","KOSDAQ","1.67","108.3","","106.51"
"A027740","마니커","12","0","KOSPI","0.48","131.69","","131.06"
"A027830","대성창투","12","0","KOSDAQ","7.22","77.2","","72"
"A027970","한국제지","12","0","KOSPI","0.98","60.75","","60.16"
"A028050","삼성E&A","12","1","KOSPI","-1.75","2205","","2244.2"
"A028080","휴맥스홀딩스","12","0","KOSDAQ","1.39","32.2","","31.76"
"A028100","동아지질","12","0","KOSPI","5.99","193.2","","182.28"
"A028260","삼성물산","12","1","KOSPI","-0.73","18058.49","","18191.28"
"A028300","HLB","12","0","KOSDAQ","-2.19","4448.96","","4548.4"
"A028670","팬오션","12","1","KOSPI","1.23","1764.08","","1742.7"
"A029460","케이씨","12","0","KOSPI","-1.07","188.4","","190.43"
"A029480","광무","12","0","KOSDAQ","0.13","45.46","","45.4"
"A029530","신도리코","12","0","KOSPI","0.39","262.08","","261.07"
"A029780","삼성카드","12","1","KOSPI","-1.38","3313.56","","3359.91"
"A030000","제일기획","12","1","KOSPI","0.88","1967.2","","1949.95"
"A030190","NICE평가정보","12","0","KOSDAQ","-2.13","977.51","","998.76"
"A030200","KT","12","1","KOSPI","4.77","6018.63","","5744.46"
"A030210","다올투자증권","12","0","KOSPI","-0.88","135.71","","136.91"
"A030350","드래곤플라이","12","0","KOSDAQ","4","37.46","","36.02"
"A030520","한컴","12","0","KOSDAQ","-0.43","283.51","","284.73"
"A030530","원익홀딩스","12","0","KOSDAQ","0.52","298.14","","296.59"
"A030610","교보증권","12","0","KOSPI","-1.64","237.24","","241.2"
"A030720","동원수산","12","0","KOSPI","2.93","40.86","","39.7"
"A030960","양지사","6","0","KOSDAQ","1.37","153.41","","151.33"
"A031210","서울보증보험","12","0","외감","","","",""
"A031310","아이즈비전","12","0","KOSDAQ","-0.52","60.01","","60.33"
"A031330","에스에이엠티","12","0","KOSDAQ","1.54","197.99","","194.99"
"A031430","신세계인터내셔날","12","1","KOSPI","0.24","1474.41","","1470.84"
"A031440","신세계푸드","12","0","KOSPI","1.14","206.79","","204.47"
"A031510","오스템","12","0","KOSDAQ","-0.94","41.08","","41.47"
"A031820","아이티센씨티에스","12","0","KOSPI","0.77","88.89","","88.21"
"A031860","디에이치엑스컴퍼니","12","0","KOSDAQ","0.62","64.32","","63.92"
"A031980","피에스케이홀딩스","12","0","KOSDAQ","1.28","153.09","","151.15"
"A032080","아즈텍WB","12","0","KOSDAQ","0.27","39.22","","39.11"
"A032190","다우데이타","12","0","KOSDAQ","-1.03","293","","296.06"
"A032280","삼일","12","0","KOSDAQ","1.08","30.24","","29.91"
"A032300","한국파마","12","0","외감","","","",""
"A032350","롯데관광개발","12","0","KOSPI","0.9","775.89","","768.96"
"A032500","케이엠더블유","12","0","KOSDAQ","-1.39","2544.55","","2580.39"
"A032540","TJ미디어","12","0","KOSDAQ","0.89","39.57","","39.22"
"A032560","황금에스티","12","0","KOSPI","7.65","82.74","","76.86"
"A032580","피델릭스","12","0","KOSDAQ","0","28.54","","28.54"
"A032620","GC메디아이","12","0","KOSDAQ","-1.25","287.61","","291.26"
"A032640","LG유플러스","12","1","KOSPI","2.06","5413.98","","5304.83"
"A032680","소프트센","12","0","KOSDAQ","-6.38","61.61","","65.81"
"A032750","삼진","12","0","KOSDAQ","0.12","51.78","","51.72"
"A032790","엠젠솔루션","12","0","KOSDAQ","0","73.91","","73.91"
"A032800","판타지오","6","0","KOSDAQ","-16.57","61.87","","74.16"
"A032820","우리기술","12","0","KOSDAQ","7.98","88.68","","82.13"
"A032830","삼성생명","12","1","KOSPI","-0.1","9700","","9710"
"A032850","비트컴퓨터","12","0","KOSDAQ","-0.79","125.84","","126.84"
"A032860","더라미","12","0","KOSDAQ","-0.71","20.52","","20.67"
"A032940","원익","12","0","KOSDAQ","1.93","57.76","","56.67"
"A032960","동일기연","12","0","KOSDAQ","-2.08","33.7","","34.41"
"A032980","바이온","12","0","KOSDAQ","2.29","61.88","","60.49"
"A033050","제이엠아이","12","0","KOSDAQ","-2.64","54.08","","55.55"
"A033100","제룡전기","12","0","KOSDAQ","5.07","96.54","","91.88"
"A033130","디지틀조선","12","0","KOSDAQ","2.99","64.02","","62.17"
"A033160","엠케이전자","12","0","KOSDAQ","-0.3","142.84","","143.28"
"A033170","시그네틱스","12","0","KOSDAQ","8.77","66.95","","61.55"
"A033200","모아텍","3","0","KOSDAQ","0.44","64.85","","64.56"
"A033230","인성정보","12","0","KOSDAQ","-0.39","73.31","","73.48"
"A033240","자화전자","12","0","KOSPI","2.04","134.61","","131.92"
"A033250","체시스","12","0","KOSPI","1.37","53.28","","52.56"
"A033270","유나이티드제약","12","0","KOSPI","1.97","293.8","","288.11"
"A033290","로젠","12","0","KOSDAQ","0.19","468.17","","477.84"
"A033310","엠투엔","12","0","KOSDAQ","-3.56","50.54","","52.4"
"A033320","제이씨현시스템","12","0","KOSDAQ","1.22","71.58","","70.72"
"A033340","좋은사람들","12","0","KOSDAQ","5.38","122.28","","116.04"
"A033500","동성화인텍","12","0","KOSDAQ","2.43","193.2","","188.62"
"A033530","SJG세종","12","0","KOSPI","3.11","93.49","","90.67"
"A033540","파라텍","12","0","KOSDAQ","-29.97","92.05","","131.45"
"A033560","블루콤","12","0","KOSDAQ","-0.14","66.84","","66.93"
"A033640","네패스","12","0","KOSDAQ","-2.59","692.93","","711.38"
"A033780","KT&G","12","1","KOSPI","-0.13","10695.09","","10708.81"
"A033790","피노","12","0","KOSDAQ","0","14.19","","14.19"
"A033830","티비씨","12","0","KOSDAQ","1.48","82.5","","81.3"
"A033920","무학","12","0","KOSPI","0.83","173.56","","172.14"
"A034020","두산에너빌리티","12","1","KOSPI","7.07","1035.35","","967"
"A034120","SBS","12","0","KOSPI","-2.78","350.45","","360.49"
"A034220","LG디스플레이","12","1","KOSPI","-1.74","4043.32","","4114.88"
"A034230","파라다이스","12","0","KOSDAQ","-0.64","1405.06","","1414.16"
"A034310","NICE","12","0","KOSPI","-0.26","717.87","","719.76"
"A034590","인천도시가스","12","0","KOSPI","3.33","108.49","","104.99"
"A034730","SK","12","1","KOSPI","-0.27","13227.74","","13262.92"
"A034810","해성산업","12","0","KOSDAQ","1.87","85.18","","83.62"
"A034830","한국토지신탁","12","0","KOSPI","2.01","449.43","","440.59"
"A034940","조아제약","12","0","KOSDAQ","1.97","111.73","","109.32"
"A034950","한국기업평가","12","0","KOSDAQ","2.09","288.32","","282.42"
"A035000","HS애드","12","0","KOSPI","0.99","84.33","","83.5"
"A035080","그래디언트","12","0","KOSDAQ","2.69","100.62","","97.99"
"A035150","백산","12","0","KOSPI","7.68","132.37","","122.94"
"A035200","프럼파스트","12","0","KOSDAQ","-1.77","29.73","","30.26"
"A035250","강원랜드","12","1","KOSPI","-2.2","5220.15","","5337.82"
"A035290","골드앤에스","12","0","KOSDAQ","0","30.2","","30.2"
"A035420","NAVER","12","1","KOSPI","0.56","29567.41","","29403.15"
"A035460","기산텔레콤","12","0","KOSDAQ","-0.73","39.65","","39.94"
"A035510","신세계 I&C","12","0","KOSPI","-2.24","187.48","","191.78"
"A035600","KG이니시스","12","0","KOSDAQ","-1.67","576.23","","585.99"
"A035610","솔본","12","0","KOSDAQ","-0.77","88.6","","89.28"
"A035620","바른손이앤에이","12","0","KOSDAQ","2.54","177.81","","173.4"
"A035720","카카오","12","1","KOSPI","1.74","15217.51","","14956.63"
"A035760","CJ ENM","12","0","KOSDAQ","-1.33","2434.14","","2467.03"
"A035810","이지홀딩스","12","0","KOSDAQ","1","235.19","","232.87"
"A035890","서희건설","12","0","KOSDAQ","3.5","214.33","","207.08"
"A035900","JYP Ent.","12","0","KOSDAQ","-0.71","740.07","","745.39"
"A036000","예림당","12","0","KOSDAQ","0.61","56.66","","56.32"
"A036010","아비코전자","12","0","KOSDAQ","0.45","59.42","","59.15"
"A036030","케이티알파","12","0","KOSDAQ","0","202.86","","202.86"
"A036090","위지트","12","0","KOSDAQ","0","53.67","","53.67"
"A036120","서울평가정보","12","0","KOSDAQ","2.39","83.6","","81.65"
"A036170","에이치엠넥스","12","0","KOSDAQ","-0.92","63.17","","63.76"
"A036190","금화피에스시","12","0","KOSDAQ","1.43","170.4","","168"
"A036200","유니셈","12","0","KOSDAQ","1.51","154.85","","152.55"
"A036220","오상헬스케어","12","0","K-OTC","30","207.64","","159.72"
"A036420","콘텐트리중앙","12","0","KOSPI","-2.56","560.37","","575.12"
"A036460","한국가스공사","12","1","KOSPI","1.86","2529.38","","2483.22"
"A036480","대성미생물","12","0","KOSDAQ","1.51","51.11","","50.35"
"A036530","SNT홀딩스","12","0","KOSPI","4.43","230.7","","220.92"
"A036540","SFA반도체","12","0","KOSDAQ","-1.31","870","","881.51"
"A036560","KZ정밀","12","0","KOSDAQ","0.3","104.58","","104.27"
"A036570","NC","12","1","KOSPI","-1.08","14094.48","","14248.16"
"A036580","팜스코","12","0","KOSPI","-0.12","149.48","","149.67"
"A036620","감성코퍼레이션","12","0","KOSDAQ","0.28","40.34","","40.23"
"A036630","세종텔레콤","12","0","KOSDAQ","-0.64","187.3","","188.5"
"A036640","HRS","12","0","KOSDAQ","1.1","37.53","","37.13"
"A036670","삼양케이씨아이","12","0","KOSDAQ","-0.11","100.64","","100.75"
"A036690","코맥스","12","0","KOSDAQ","0.94","46.67","","46.23"
"A036710","심텍홀딩스","12","0","KOSDAQ","3.44","51.8","","50.08"
"A036800","나이스정보통신","12","0","KOSDAQ","0.93","272","","269.5"
"A036810","에프에스티","12","0","KOSDAQ","-0.95","147.1","","148.52"
"A036830","솔브레인홀딩스","12","0","KOSDAQ","-2.11","1292.69","","1320.53"
"A036890","진성티이씨","12","0","KOSDAQ","0.52","131.07","","130.4"
"A036930","주성엔지니어링","12","0","KOSDAQ","-0.73","261.99","","263.92"
"A037030","파워넷","12","0","KOSDAQ","2.49","51.85","","50.59"
"A037070","파세코","12","0","KOSDAQ","-0.21","134.12","","134.4"
"A037230","한국팩키지","12","0","KOSDAQ","0.49","50.88","","50.63"
"A037270","YG PLUS","12","0","KOSPI","3.76","96.27","","92.78"
"A037330","인지디스플레","12","0","KOSDAQ","3.58","69.78","","67.36"
"A037350","성도이엔지","12","0","KOSDAQ","-0.48","48.58","","48.81"
"A037370","EG","12","0","KOSDAQ","0.14","55.5","","55.43"
"A037400","우리엔터프라이즈","12","0","KOSDAQ","2.01","24.08","","23.6"
"A037440","희림","12","0","KOSDAQ","3.42","54.78","","52.98"
"A037460","삼지전자","12","0","KOSDAQ","0.11","147.36","","147.19"
"A037560","LG헬로비전","12","0","KOSPI","3.64","341.93","","329.92"
"A037710","광주신세계","12","0","KOSPI","1.4","231.2","","228"
"A037760","쎄니트","12","0","KOSDAQ","1.19","57.35","","56.67"
"A037950","엘컴텍","12","0","KOSDAQ","2.08","165.94","","162.56"
"A038010","제일테크노스","12","0","KOSDAQ","-0.75","29.88","","30.11"
"A038060","루멘스","12","0","KOSDAQ","3.81","84.46","","81.36"
"A038070","서린바이오","12","0","KOSDAQ","1.3","93.21","","92.01"
"A038110","에코플라스틱","12","0","KOSDAQ","0.41","31.7","","31.57"
"A038290","마크로젠","12","0","KOSDAQ","2.62","394.52","","384.45"
"A038390","레드캡투어","12","0","KOSDAQ","0","110.8","","110.8"
"A038460","바이오스마트","12","0","KOSDAQ","-1.15","85.76","","86.76"
"A038500","삼표시멘트","12","0","KOSDAQ","3.86","317.78","","305.97"
"A038530","케이바이오랩스","12","0","KOSDAQ","-1.04","80.92","","81.77"
"A038540","상상인","12","0","KOSDAQ","2.49","455.35","","444.29"
"A038620","위즈코프","12","0","KOSDAQ","0","37.28","","37.28"
"A038680","에스넷","12","0","KOSDAQ","-0.47","101.27","","101.76"
"A038870","에코심플렉스","12","0","KOSDAQ","8.29","58.4","","53.93"
"A038880","아이에이","12","0","KOSDAQ","0.75","97.29","","96.57"
"A038950","파인디지털","12","0","KOSDAQ","-1.19","38.19","","38.65"
"A039010","현대에이치티","12","0","KOSDAQ","1.63","53.73","","52.87"
"A039020","이건홀딩스","12","0","KOSDAQ","0.73","46.52","","46.19"
"A039030","이오테크닉스","12","0","KOSDAQ","-1.92","882.08","","899.33"
"A039130","하나투어","12","0","KOSPI","2.33","581.96","","568.72"
"A039200","오스코텍","12","0","KOSDAQ","-2.63","648.25","","665.77"
"A039240","경남스틸","12","0","KOSDAQ","3.4","38","","36.75"
"A039290","인포뱅크","12","0","KOSDAQ","-0.32","53.55","","53.73"
"A039310","세중","12","0","KOSDAQ","2.04","36.24","","35.52"
"A039340","한국경제TV","12","0","KOSDAQ","-4.25","119.14","","124.43"
"A039420","케이엘넷","12","0","KOSDAQ","0.77","47.34","","46.98"
"A039440","에스티아이","12","0","KOSDAQ","-1.41","220.83","","223.99"
"A039490","키움증권","12","0","KOSPI","-0.67","1639.8","","1650.85"
"A039560","다산네트웍스","12","0","KOSDAQ","-1.67","227.11","","230.96"
"A039570","HDC랩스","12","0","KOSPI","1.23","135.3","","133.66"
"A039610","화성밸브","12","0","KOSDAQ","9.54","64.54","","58.92"
"A039740","한국정보공학","12","0","KOSDAQ","5.51","21.49","","20.37"
"A039830","오로라","12","0","KOSDAQ","1.45","113.01","","111.4"
"A039840","디오","12","0","KOSDAQ","0.89","438.54","","434.66"
"A039860","나노엔텍","12","0","KOSDAQ","3.46","190.51","","184.14"
"A039980","폴라리스AI","12","0","KOSDAQ","4.85","58.36","","55.66"
"A040160","누리플렉스","12","0","KOSDAQ","4.55","61","","58.35"
"A040300","YTN","12","0","KOSDAQ","4.82","77.7","","74.13"
"A040350","크레오에스지","12","0","KOSDAQ","-2.83","273.02","","280.98"
"A040420","정상제이엘에스","12","0","KOSDAQ","2.85","101.9","","99.08"
"A040610","SG&G","12","0","KOSDAQ","1.13","45.68","","45.17"
"A040910","아이씨디","12","0","KOSDAQ","3.25","251.23","","243.32"
"A041020","폴라리스오피스","12","0","KOSDAQ","2.86","40.46","","39.34"
"A041190","우리기술투자","12","0","KOSDAQ","2.55","185.64","","181.02"
"A041440","현대에버다임","12","0","KOSDAQ","2.44","64.05","","62.53"
"A041460","한국전자인증","12","0","KOSDAQ","4.17","80.36","","77.15"
"A041510","에스엠","12","0","KOSDAQ","-2.06","613.19","","626.09"
"A041520","이엘씨","12","0","KOSDAQ","1.41","43.88","","43.27"
"A041590","플래스크","12","0","KOSDAQ","-1.75","64.46","","65.61"
"A041650","상신브레이크","12","0","KOSPI","-0.74","57.87","","58.29"
"A041830","인바디","12","0","KOSDAQ","-1.1","244.94","","247.68"
"A041910","폴라리스AI파마","12","0","KOSDAQ","-1.64","114.1","","116.01"
"A041920","메디아나","12","0","KOSDAQ","7.91","118.08","","109.43"
"A041930","SY동아","12","0","KOSDAQ","14.38","85.48","","74.73"
"A041960","코미팜","12","0","KOSDAQ","-0.47","1367.16","","1373.3"
"A042000","카페24","12","0","KOSDAQ","-1.46","317.34","","322.05"
"A042040","케이피엠테크","12","0","KOSDAQ","0.94","74.35","","73.65"
"A042110","에스씨디","12","0","KOSDAQ","0","48.33","","48.33"
"A042370","비츠로테크","12","0","KOSDAQ","3.28","126.75","","122.72"
"A042420","네오위즈홀딩스","12","0","KOSDAQ","5.24","133.3","","126.65"
"A042500","링네트","12","0","KOSDAQ","-1.75","72.58","","73.88"
"A042510","라온시큐어","12","0","KOSDAQ","0.41","76.98","","76.66"
"A042520","한스바이오메드","9","0","KOSDAQ","-1.22","200.52","","203"
"A042600","새로닉스","12","0","KOSDAQ","7.06","34.85","","32.55"
"A042660","한화오션","12","1","KOSPI","-0.6","1768.89","","1779.62"
"A042700","한미반도체","12","0","KOSPI","1.15","406.35","","401.71"
"A042940","상지건설","12","0","KOSDAQ","0.6","71.5","","71.07"
"A043090","더테크놀로지","12","0","KOSDAQ","3.59","74.84","","72.25"
"A043100","알파AI","12","0","KOSDAQ","0","22.64","","22.64"
"A043150","바텍","12","0","KOSDAQ","1.49","354.27","","349.08"
"A043200","파루","12","0","KOSDAQ","2.66","96.9","","94.39"
"A043220","티에스넥스젠","12","0","KOSDAQ","-0.36","125.28","","125.74"
"A043260","성호전자","12","0","KOSDAQ","0.53","20.22","","20.11"
"A043340","에쎈테크","12","0","KOSDAQ","-0.79","90","","90.72"
"A043360","디지아이","12","0","KOSDAQ","-1.11","16.07","","16.25"
"A043370","피에이치에이","12","0","KOSDAQ","0.15","139.65","","139.44"
"A043590","웰킵스하이텍","12","0","KOSDAQ","0","34.72","","34.72"
"A043610","KT지니뮤직","12","0","KOSDAQ","1.06","138.61","","137.15"
"A043650","국순당","12","0","KOSDAQ","0","64.2","","64.2"
"A043710","코스리거글로벌","12","0","KOSDAQ","-1.02","48.76","","49.27"
"A043910","자연과환경","12","0","KOSDAQ","2.42","89.82","","87.7"
"A044180","KD","12","0","KOSDAQ","0","38.78","","38.78"
"A044340","위닉스","12","0","KOSDAQ","-2.05","342.28","","349.43"
"A044380","주연테크","12","0","KOSPI","0","57.33","","57.33"
"A044450","KSS해운","12","0","KOSPI","-1.26","163","","165.08"
"A044480","빌리언스","12","0","KOSDAQ","1.97","62.78","","58.99"
"A044490","태웅","12","0","KOSDAQ","0.54","111.44","","110.84"
"A044780","에이치케이","12","0","KOSDAQ","-0.83","22.02","","22.21"
"A044820","코스맥스비티아이","12","0","KOSPI","-0.33","144.06","","144.54"
"A044960","이글벳","12","0","KOSDAQ","7.87","86.6","","80.28"
"A044990","에이치엔에스하이텍","12","0","KONEX","0","31.17","","31.17"
"A045060","오공","12","0","KOSDAQ","1.56","99.45","","97.92"
"A045100","한양이엔지","12","0","KOSDAQ","-0.21","167.94","","168.3"
"A045300","성우테크론","12","0","KOSDAQ","-0.89","31.27","","31.56"
"A045340","토탈소프트","12","0","KOSDAQ","1.18","25.72","","25.42"
"A045390","대아티아이","12","0","KOSDAQ","23.43","446.12","","361.45"
"A045510","정원엔시스","12","0","KOSDAQ","0","56.04","","56.04"
"A045520","크린앤사이언스","12","0","KOSDAQ","-1.27","151.78","","153.73"
"A045660","에이텍","12","0","KOSDAQ","7.45","83.43","","77.64"
"A045970","코아시아","12","0","KOSDAQ","-0.58","172.78","","173.8"
"A046070","코다코","12","0","KOSDAQ","0","85.75","","85.75"
"A046120","오르비텍","12","0","KOSDAQ","15.77","76.84","","66.38"
"A046210","HLB파나진","12","0","KOSDAQ","4.75","74.4","","71.02"
"A046310","백금T&A","12","0","KOSDAQ","-0.19","41.14","","41.22"
"A046390","삼화네트웍스","12","0","KOSDAQ","-3.22","64.82","","66.97"
"A046440","KG파이낸셜","12","0","KOSDAQ","-0.88","218.98","","220.92"
"A046890","서울반도체","12","0","KOSDAQ","-1.12","769.63","","778.38"
"A046940","우원개발","12","0","KOSDAQ","0.31","115.13","","114.77"
"A046970","우리로","12","0","KOSDAQ","2.9","52.41","","50.93"
"A047040","대우건설","12","1","KOSPI","0.15","1396.49","","1394.41"
"A047050","포스코인터내셔널","12","1","KOSPI","1.13","1653.23","","1634.72"
"A047080","한빛소프트","12","0","KOSDAQ","3.03","67.4","","65.42"
"A047310","파워로직스","12","0","KOSDAQ","1.05","264.7","","261.94"
"A047400","유니온머티리얼","12","0","KOSPI","-0.85","73.92","","74.55"
"A047560","이스트소프트","12","0","KOSDAQ","-1.03","66.82","","67.51"
"A047770","코데즈컴바인","12","0","KOSDAQ","1","76.82","","76.06"
"A047810","한국항공우주","12","1","KOSPI","4.42","2300.41","","2202.94"
"A047820","초록뱀미디어","12","0","KOSDAQ","0.3","144.63","","144.2"
"A047920","HLB제약","12","0","KOSDAQ","3.22","75.47","","73.12"
"A048410","현대바이오","12","0","KOSDAQ","-0.96","369.93","","373.53"
"A048430","유라테크","12","0","KOSDAQ","-1.11","71.65","","72.46"
"A048470","대동스틸","12","0","KOSDAQ","7.12","60.2","","56.2"
"A048530","인트론바이오","12","0","KOSDAQ","1.48","411.15","","405.15"
"A048550","SM C&C","12","0","KOSDAQ","-1.6","144.85","","147.21"
"A048770","TPC로보틱스","12","0","KOSDAQ","-1.04","38.42","","38.82"
"A048830","엔피케이","12","0","KOSDAQ","2.17","26.49","","25.93"
"A048870","시너지이노베이션","12","0","KOSDAQ","-0.3","107.27","","107.6"
"A048910","대원미디어","12","0","KOSDAQ","-0.45","83.02","","83.4"
"A049070","인탑스","12","0","KOSDAQ","0","192.64","","192.64"
"A049080","기가레인","12","0","KOSDAQ","-1.78","57.77","","58.81"
"A049120","파인디앤씨","12","0","KOSDAQ","4.9","39.54","","37.69"
"A049180","셀루메드","12","0","KOSDAQ","0","145.53","","145.53"
"A049430","코메론","12","0","KOSDAQ","0.13","67.23","","67.14"
"A049470","비트플래닛","12","0","KOSDAQ","3.97","27.86","","26.79"
"A049480","오픈베이스","12","0","KOSDAQ","0.76","83.74","","83.11"
"A049520","유아이엘","12","0","KOSDAQ","0.24","92.8","","92.59"
"A049550","잉크테크","12","0","KOSDAQ","-0.14","57.67","","57.75"
"A049630","재영솔루텍","12","0","KOSDAQ","2.71","66.13","","64.38"
"A049720","고려신용정보","12","0","KOSDAQ","1.93","75.36","","73.93"
"A049800","우진플라임","12","0","KOSPI","0.17","28.75","","28.7"
"A049830","승일","12","0","KOSDAQ","0.49","50.41","","50.16"
"A049950","미래컴퍼니","12","0","KOSDAQ","-2.87","220.3","","226.82"
"A049960","쎌바이오텍","12","0","KOSDAQ","-1.73","133.48","","135.83"
"A050090","비케이홀딩스","12","0","KOSDAQ","-0.93","42.02","","42.42"
"A050110","캠시스","12","0","KOSDAQ","-0.73","182.19","","183.53"
"A050120","ES큐브","12","0","KOSDAQ","2.13","59.82","","58.58"
"A050760","에스폴리텍","12","0","KOSDAQ","-1.95","61.5","","62.73"
"A050860","아세아텍","6","0","KOSDAQ","1.91","56","","54.95"
"A050890","쏠리드","12","0","KOSDAQ","-0.17","310.5","","311.02"
"A050960","수산아이앤티","12","0","KOSDAQ","0.74","36.66","","36.39"
"A051160","지어소프트","12","0","KOSDAQ","-0.73","139.19","","140.21"
"A051360","토비스","12","0","KOSDAQ","-1.28","116.35","","117.86"
"A051370","인터플렉스","12","0","KOSDAQ","-2.35","242.61","","248.44"
"A051380","피씨디렉트","12","0","KOSDAQ","-3.28","65.57","","67.79"
"A051390","YW","12","0","KOSDAQ","0.99","40.48","","40.08"
"A051490","나라엠앤디","12","0","KOSDAQ","-2.74","47.93","","49.27"
"A051500","CJ프레시웨이","12","0","KOSDAQ","2.23","217.84","","213.09"
"A051600","한전KPS","12","1","KOSPI","0.47","1437.75","","1431"
"A051630","진양화학","12","0","KOSPI","-1.44","32.82","","33.3"
"A051780","큐로홀딩스","12","0","KOSDAQ","-0.67","70.62","","71.1"
"A051900","LG생활건강","12","1","KOSPI","1.04","19710.16","","19507.13"
"A051910","LG화학","12","1","KOSPI","-3.03","24813.21","","25589.72"
"A051980","중앙첨단소재","12","0","KOSDAQ","3.03","42.46","","41.21"
"A052020","에스티큐브","12","0","KOSDAQ","1.45","316.7","","312.18"
"A052220","iMBC","12","0","KOSDAQ","1.91","48.99","","48.07"
"A052260","현대바이오랜드","12","0","KOSDAQ","-0.62","360.75","","363"
"A052300","오션인더블유","12","0","KOSDAQ","1.52","47.57","","46.86"
"A052330","코텍","12","0","KOSDAQ","2.16","154.81","","151.54"
"A052400","코나아이","12","0","KOSDAQ","0","203.05","","203.05"
"A052420","오성첨단소재","12","0","KOSDAQ","7.04","155.54","","145.31"
"A052460","아이크래프트","12","0","KOSDAQ","-6.67","46.01","","49.3"
"A052600","한네트","12","0","KOSDAQ","-0.33","35.15","","35.27"
"A052690","한전기술","12","1","KOSPI","0.3","644.01","","642.1"
"A052710","아모텍","12","0","KOSDAQ","-1.39","207.53","","210.46"
"A052770","아이톡시","12","0","KOSDAQ","0","32.52","","32.52"
"A052790","액토즈소프트","12","0","KOSDAQ","2.34","94.04","","91.89"
"A052860","아이앤씨","12","0","KOSDAQ","0","69.72","","69.72"
"A052900","KX하이텍","12","0","KOSDAQ","1.19","43.88","","43.37"
"A053030","바이넥스","12","0","KOSDAQ","0.48","334.87","","333.28"
"A053050","지에스이","12","0","KOSDAQ","0","41.08","","41.08"
"A053060","세동","12","0","KOSDAQ","-0.49","12.95","","13.02"
"A053080","케이엔솔","12","0","외감","","","",""
"A053160","프리엠스","12","0","KOSDAQ","2.78","33.3","","32.4"
"A053210","스카이라이프","12","0","KOSPI","0.42","345.75","","344.32"
"A053260","금강철강","12","0","KOSDAQ","0.88","53.91","","53.45"
"A053270","구영테크","12","0","KOSDAQ","-1.02","38.4","","38.8"
"A053280","예스24","12","0","KOSDAQ","1.71","92.02","","90.47"
"A053290","NE능률","12","0","KOSDAQ","-3.24","49.04","","50.68"
"A053300","한국정보인증","12","0","KOSDAQ","0.15","106.27","","106.12"
"A053350","이니텍","12","0","KOSDAQ","0.12","82.53","","82.43"
"A053450","세코닉스","12","0","KOSDAQ","-0.98","59.61","","60.2"
"A053580","웹케시","12","0","KOSDAQ","-1.69","314.85","","320.26"
"A053610","프로텍","12","0","KOSDAQ","0.35","156.75","","156.2"
"A053620","태양","12","0","KOSDAQ","1.68","62.44","","61.4"
"A053690","한미글로벌","12","0","KOSPI","4.65","86.24","","82.4"
"A053700","삼보모터스","12","0","KOSDAQ","10.24","75.85","","68.81"
"A053800","안랩","12","0","KOSDAQ","-0.93","535.74","","540.75"
"A053950","경남제약","12","0","KOSDAQ","2.44","121.59","","118.69"
"A053980","오상자이엘","12","0","KOSDAQ","29.78","259.12","","199.66"
"A054040","한국컴퓨터","12","0","KOSDAQ","4.52","37.12","","35.52"
"A054050","NH농우바이오","12","0","KOSDAQ","2.45","167.52","","163.51"
"A054090","삼진엘앤디","12","0","KOSDAQ","4.92","50.54","","48.17"
"A054180","메디콕스","12","0","KOSDAQ","1.43","40.75","","40.17"
"A054210","이랜텍","12","0","KOSDAQ","-1.82","88.93","","90.58"
"A054220","비츠로시스","12","0","KOSDAQ","0","25.36","","25.36"
"A054300","팬스타엔터프라이즈","12","0","KOSDAQ","3.31","45.67","","44.21"
"A054410","케이피티유","12","0","KOSDAQ","-0.79","15.86","","15.99"
"A054450","텔레칩스","12","0","KOSDAQ","-0.37","108.86","","109.26"
"A054540","삼영엠텍","12","0","KOSDAQ","2.06","45.11","","44.2"
"A054620","APS","12","0","KOSDAQ","4.73","167.23","","159.69"
"A054670","대한뉴팜","12","0","KOSDAQ","1.84","143.12","","140.53"
"A054780","키이스트","12","0","KOSDAQ","-1.57","240.28","","244.12"
"A054800","아이디스홀딩스","12","0","KOSDAQ","4.84","134.52","","128.31"
"A054920","한컴위드","12","0","KOSDAQ","1.96","73.36","","71.95"
"A054930","유신","12","0","KOSDAQ","14.42","54.75","","47.85"
"A054940","엑사이엔씨","12","0","KOSDAQ","0","37.98","","37.98"
"A054950","제이브이엠","12","0","KOSDAQ","3.05","128.2","","124.4"
"A055490","테이팩스","12","0","KOSPI","-1.39","83.74","","84.92"
"A055550","신한지주","12","1","KOSPI","-1.05","13604.6","","13749.33"
"A056080","유진로봇","12","0","KOSDAQ","0.93","81.4","","80.65"
"A056090","시지메드텍","12","0","KOSDAQ","3.03","33.04","","32.07"
"A056190","SFA","12","0","KOSDAQ","0.44","1237.06","","1231.67"
"A056360","코위버","12","0","KOSDAQ","-0.7","97.77","","98.46"
"A056700","신화인터텍","12","0","KOSDAQ","5.08","72.26","","68.76"
"A056730","CNT85","12","0","KOSDAQ","0","67.4","","67.4"
"A057030","YBM넷","12","0","KOSDAQ","-5.78","100.98","","107.17"
"A057050","현대홈쇼핑","12","1","KOSPI","3.91","796.8","","766.8"
"A057540","옴니시스템","12","0","KOSDAQ","2.47","76.07","","74.24"
"A057680","티사이언티픽","12","0","KOSDAQ","-1.5","53.05","","53.86"
"A058110","멕아이씨에스","12","0","KOSDAQ","5.79","101.96","","96.38"
"A058400","KNN","12","0","KOSDAQ","-3.72","137.06","","142.36"
"A058430","포스코스틸리온","12","0","KOSPI","0","70.2","","70.2"
"A058450","한주에이알티","12","0","KOSDAQ","5.31","17.33","","16.46"
"A058470","리노공업","12","0","KOSDAQ","-2.87","1187.38","","1222.44"
"A058610","에스피지","12","0","KOSDAQ","2.5","111.48","","108.77"
"A058630","엠게임","12","0","KOSDAQ","3.04","76.22","","73.97"
"A058650","세아홀딩스","12","0","KOSPI","1.52","268","","264"
"A058730","다스코","12","0","KOSPI","11.3","92.55","","83.16"
"A058820","CMG제약","12","0","KOSDAQ","0.25","561.82","","560.43"
"A058850","KTcs","12","0","KOSPI","-0.29","73.63","","73.85"
"A058860","KTis","12","0","KOSPI","-0.56","61.25","","61.6"
"A058970","엠로","12","0","KONEX","-5.97","15.17","","16.13"
"A059090","미코","12","0","KOSDAQ","6.48","293.44","","275.59"
"A059100","아이컴포넌트","12","0","KOSDAQ","0.63","28.42","","28.25"
"A059120","아진엑스텍","12","0","KOSDAQ","-0.16","42.79","","42.86"
"A059210","메타바이오메드","12","0","KOSDAQ","1.22","59.42","","58.7"
"A059270","해성에어로보틱스","12","0","외감","","","",""
"A060150","인선이엔티","12","0","KOSDAQ","2.05","287.17","","281.41"
"A060230","제이케이시냅스","12","0","KOSDAQ","-0.49","144.63","","145.34"
"A060240","스타코링크","12","0","KOSDAQ","2.02","115.83","","113.54"
"A060250","NHN KCP","12","0","KOSDAQ","-2.5","805.15","","825.82"
"A060260","뉴보텍","12","0","KOSDAQ","2.47","41.63","","40.62"
"A060280","큐렉소","12","0","KOSDAQ","0.37","136.1","","135.6"
"A060310","3S","3","0","KOSDAQ","2.1","109.09","","106.85"
"A060370","LS마린솔루션","12","0","KOSDAQ","0","85.19","","85.19"
"A060380","동양에스텍","12","0","KOSDAQ","5.71","26.85","","25.4"
"A060480","국일신동","12","0","KOSDAQ","3.81","37.82","","36.43"
"A060540","에스에이티","12","0","KOSDAQ","1.97","47.43","","46.52"
"A060560","HC홈센타","12","0","KOSDAQ","2.22","97.88","","95.75"
"A060570","드림어스컴퍼니","12","0","KOSDAQ","-0.6","284.87","","286.57"
"A060590","씨티씨바이오","12","0","KOSDAQ","4.67","142.9","","136.53"
"A060720","KH바텍","12","0","KOSDAQ","-3.14","433.01","","447.05"
"A060850","영림원소프트랩","12","0","외감","","","",""
"A060900","에이전트AI","12","0","KOSDAQ","0.92","94.85","","93.99"
"A060980","HL홀딩스","12","1","KOSPI","-2.15","309.45","","316.26"
"A061040","알에프텍","12","0","KOSDAQ","0.32","137.04","","136.6"
"A061090","세나테크놀로지","12","0","외감","","","",""
"A061250","화일약품","12","0","KOSDAQ","3.32","161.52","","156.33"
"A061970","LB세미콘","12","0","KOSDAQ","-1.76","292.92","","298.17"
"A062040","산일전기","12","0","외감","","","",""
"A062970","한국첨단소재","12","0","KOSDAQ","8.67","87.5","","80.52"
"A063080","컴투스홀딩스","12","0","KOSDAQ","6.38","164.88","","154.99"
"A063160","종근당바이오","12","0","KOSPI","0.16","169.79","","169.52"
"A063170","서울옥션","12","0","KOSDAQ","0","74.61","","74.61"
"A063440","SM Life Design","12","0","KOSDAQ","0.64","70.7","","70.25"
"A063570","NICE인프라","12","0","KOSDAQ","0","209.33","","209.33"
"A063760","이엘피","12","0","KOSDAQ","5.2","41.74","","39.68"
"A064090","인크레더블버즈","12","0","KOSDAQ","0.17","44.1","","44.02"
"A064240","홈캐스트","12","0","KOSDAQ","9.89","128.74","","117.16"
"A064260","다날","12","0","KOSDAQ","-2.6","243.52","","250.01"
"A064290","인텍플러스","12","0","KOSDAQ","-1.41","96.56","","97.94"
"A064350","현대로템","12","1","KOSPI","21.51","1440.75","","1185.75"
"A064400","LG씨엔에스","12","0","외감","","","",""
"A064480","브리지텍","12","0","KOSDAQ","5.67","30.06","","28.45"
"A064520","테크엘","12","0","KOSDAQ","0","62.02","","62.02"
"A064550","바이오니아","12","0","KOSDAQ","5.83","266.94","","252.23"
"A064760","티씨케이","12","0","KOSDAQ","-3.27","830.09","","858.11"
"A064800","포니링크","12","0","KOSDAQ","0.93","80.14","","79.4"
"A064820","케이프","12","0","KOSDAQ","-4.13","96.45","","100.6"
"A064850","에프앤가이드","12","0","KONEX","-4.51","41.91","","43.89"
"A064960","SNT모티브","12","1","KOSPI","1","517.66","","512.54"
"A065060","지엔코","12","0","KOSDAQ","1.38","143.58","","141.62"
"A065130","탑엔지니어링","12","0","KOSDAQ","-0.41","156.89","","157.53"
"A065150","대산F&B","12","0","KOSDAQ","0","106.26","","106.26"
"A065170","비엘팜텍","12","0","KOSDAQ","18.01","133.09","","112.79"
"A065350","신성델타테크","12","0","KOSDAQ","-0.37","64.92","","65.16"
"A065370","위세아이텍","12","0","KOSDAQ","6.75","54.3","","50.87"
"A065420","에스아이리소스","12","0","KOSDAQ","0","41.28","","41.28"
"A065440","이루온","12","0","KOSDAQ","0.35","39.55","","39.41"
"A065450","빅텍","12","0","KOSDAQ","2.33","72.93","","71.27"
"A065500","오리엔트정공","12","0","KOSDAQ","0.99","35.87","","35.52"
"A065510","휴비츠","12","0","KOSDAQ","-0.13","92.69","","92.81"
"A065530","와이어블","12","0","KOSDAQ","-0.23","224.66","","225.18"
"A065570","삼영이엔씨","12","0","KOSDAQ","2.81","54.65","","53.15"
"A065650","하이퍼코퍼레이션","12","0","KOSDAQ","7.11","117.33","","109.54"
"A065660","안트로젠","12","0","KOSDAQ","1.99","336.53","","325.25"
"A065680","우주일렉트로","12","0","KOSDAQ","13.76","123.18","","108.28"
"A065690","파커스","12","0","KOSDAQ","10.12","31.91","","28.97"
"A065710","서호전기","12","0","KOSDAQ","-1.03","98.62","","99.65"
"A065770","CS","12","0","KOSDAQ","-1.21","46.15","","46.71"
"A065950","웰크론","12","0","KOSDAQ","2.23","207.5","","202.98"
"A066130","하츠","12","0","KOSDAQ","0.74","69.63","","69.12"
"A066310","큐에스아이","12","0","KOSDAQ","-0.32","127.9","","128.31"
"A066360","체리부로","12","0","KOSDAQ","2.82","61.04","","59.37"
"A066410","버킷스튜디오","12","0","KOSDAQ","-3.47","52.83","","54.72"
"A066430","아이로보틱스","12","0","KOSDAQ","-4.42","32.04","","33.52"
"A066570","LG전자","12","1","KOSPI","-1.28","8804.25","","8918.81"
"A066590","스모트로닉","12","0","KOSDAQ","7.61","106.56","","99.02"
"A066620","국보디자인","12","0","KOSDAQ","0","106.13","","106.13"
"A066670","디티씨","12","0","KOSDAQ","0","56.54","","56.54"
"A066700","테라젠이텍스","12","0","KOSDAQ","3.26","344.43","","333.57"
"A066790","씨씨에스","12","0","KOSDAQ","0","38.9","","38.9"
"A066900","디에이피","12","0","KOSDAQ","1.52","60.96","","60.05"
"A066910","손오공","12","0","KOSDAQ","0.25","53.79","","53.66"
"A066970","엘앤에프","12","0","KOSDAQ","-2.43","497.65","","510.03"
"A066980","한성크린텍","12","0","KOSDAQ","-0.31","102.18","","102.5"
"A067000","조이시티","12","0","KOSDAQ","2.86","150.85","","146.66"
"A067010","이씨에스","3","0","KOSDAQ","-3.52","45.49","","47.15"
"A067080","대화제약","12","0","KOSDAQ","13.33","216.88","","191.36"
"A067160","SOOP","12","0","KOSDAQ","6.47","737.96","","693.13"
"A067170","오텍","12","0","KOSDAQ","-2.86","156.99","","161.61"
"A067280","멀티캠퍼스","12","0","KOSDAQ","-0.47","190.25","","191.14"
"A067290","JW신약","12","0","KOSDAQ","0.96","196.67","","194.79"
"A067310","하나마이크론","12","0","KOSDAQ","-1.33","130.7","","132.46"
"A067370","선바이오","12","0","KONEX","7.2","102.79","","95.88"
"A067390","아스트","12","0","KOSDAQ","4.78","129.43","","123.52"
"A067570","엔브이에이치코리아","12","0","KOSDAQ","-0.18","79.9","","80.05"
"A067630","HLB생명과학","12","0","KOSDAQ","-0.94","988.48","","997.89"
"A067730","로지시스","12","0","KOSDAQ","0.17","26.86","","26.81"
"A067770","세진티에스","12","0","KOSDAQ","1.49","20.07","","19.77"
"A067830","세이브존I&C","12","0","KOSPI","0.65","94.8","","94.19"
"A067900","와이엔텍","12","0","KOSDAQ","1.4","197.47","","194.74"
"A067920","이글루","12","0","KOSDAQ","0.12","45.19","","45.14"
"A067990","도이치모터스","12","0","KOSDAQ","-1.03","187.85","","189.81"
"A068050","팬엔터테인먼트","12","0","KOSDAQ","-1.79","56.48","","57.51"
"A068100","케이웨더","12","0","외감","","","",""
"A068240","다원시스","12","0","KOSDAQ","6.35","428.22","","402.64"
"A068270","셀트리온","12","1","KOSPI","0.47","27209.48","","27081.14"
"A068290","삼성출판사","12","0","KOSPI","1.75","232","","228"
"A068330","일신바이오","12","0","KOSDAQ","3.73","104.57","","100.81"
"A068760","셀트리온제약","12","0","KOSDAQ","0.99","2441.02","","2417.15"
"A068790","DMS","12","0","KOSDAQ","4.07","91.33","","87.75"
"A068930","디지털대성","12","0","KOSDAQ","-0.52","174.24","","175.14"
"A068940","셀피글로벌","12","0","KOSDAQ","-4.13","68.75","","71.71"
"A069080","웹젠","12","0","KOSDAQ","0.31","575.57","","573.8"
"A069140","누리플랜","12","0","KOSDAQ","2.73","24.41","","23.76"
"A069260","TKG휴켐스","12","1","KOSPI","-0.3","686.76","","688.8"
"A069330","유아이디","12","0","KOSDAQ","0","12.54","","12.54"
"A069410","엔텔스","12","0","KOSDAQ","0","64.71","","64.71"
"A069460","대호에이엘","12","0","KOSPI","24.67","76.79","","61.6"
"A069510","에스텍","12","0","KOSDAQ","0.33","99.17","","98.84"
"A069540","빛과전자","12","0","KOSDAQ","0","100.56","","100.56"
"A069620","대웅제약","12","1","KOSPI","8.61","1315.08","","1210.8"
"A069640","한세엠케이","12","0","KOSPI","0","38.21","","38.21"
"A069730","DSR제강","12","0","KOSPI","1.38","52.92","","52.2"
"A069920","엑시온그룹","12","0","KOSDAQ","8.36","100.46","","92.72"
"A069960","현대백화점","12","1","KOSPI","2.73","1584.35","","1542.22"
"A070300","엑스큐어","12","0","KOSDAQ","1.43","78.45","","77.34"
"A070590","인티큐브","12","0","KOSDAQ","0.76","92.02","","91.33"
"A070960","모나용평","12","0","KOSPI","5.27","240.19","","228.15"
"A071050","한국금융지주","12","1","KOSPI","-2.95","2655.34","","2736.15"
"A071090","하이스틸","12","0","KOSPI","3.87","34.9","","33.6"
"A071200","인피니트헬스케어","12","0","KOSDAQ","-2.42","147.6","","151.26"
"A071280","로체시스템즈","12","0","KOSDAQ","4.57","76.94","","73.58"
"A071320","지역난방공사","12","0","KOSPI","3.45","416.26","","402.36"
"A071670","에이테크솔루션","12","0","KOSDAQ","0.83","60.6","","60.1"
"A071840","롯데하이마트","12","1","KOSPI","0.91","521.73","","517.01"
"A071850","캐스텍코리아","12","0","KOSDAQ","-0.23","35.87","","35.96"
"A071950","코아스","12","0","KOSPI","4.48","36.01","","34.46"
"A071970","HD현대마린엔진","12","0","KOSPI","1.38","62.41","","61.55"
"A072020","중앙백신","12","0","KOSDAQ","1.27","159.36","","157.37"
"A072130","유엔젤","12","0","KOSPI","0.42","47.83","","47.64"
"A072470","우리산업홀딩스","12","0","KOSDAQ","-1.03","108.98","","110.11"
"A072710","농심홀딩스","12","0","KOSPI","-0.81","339.02","","341.81"
"A072770","멤레이비티","12","0","KOSDAQ","3.6","67.24","","64.9"
"A072870","메가스터디","12","0","KOSDAQ","-1.86","125.77","","128.15"
"A072950","빛샘전자","12","0","KOSDAQ","3.55","28.86","","27.87"
"A072990","에이치시티","12","0","KOSDAQ","-0.11","65.12","","65.19"
"A073010","케이에스피","12","0","KOSDAQ","-1.68","52.84","","53.75"
"A073110","엘엠에스","12","0","KOSDAQ","0","97.41","","97.41"
"A073190","듀오백","12","0","KOSDAQ","0.7","25.79","","25.61"
"A073240","금호타이어","12","1","KOSPI","-2.12","926.41","","946.52"
"A073490","LIG아큐버","12","0","KOSDAQ","-0.72","327.11","","329.47"
"A073540","에프알텍","12","0","KOSDAQ","-0.21","53.58","","53.69"
"A073560","우리손에프앤지","12","0","KOSDAQ","0.57","122.9","","122.2"
"A073570","리튬포어스","12","0","KOSDAQ","0","113.93","","113.93"
"A073640","테라사이언스","12","0","KOSDAQ","0","84.76","","84.76"
"A074430","아미노로직스","12","0","KOSDAQ","-1.47","146.67","","148.87"
"A074600","원익QnC","12","0","KOSDAQ","-3.49","327.29","","339.12"
"A074610","이엔플러스","12","0","KOSPI","-0.89","206.95","","208.81"
"A075130","플랜티넷","12","0","KOSDAQ","-0.34","38.84","","38.98"
"A075180","새론오토모티브","12","0","KOSPI","-0.14","67.87","","67.97"
"A075580","세진중공업","12","0","KOSPI","-0.51","113.39","","113.97"
"A075970","동국알앤에스","12","0","KOSDAQ","4.86","37.72","","35.97"
"A076080","웰크론한텍","12","0","KOSDAQ","-0.87","34.27","","34.57"
"A076610","해성옵틱스","12","0","KOSDAQ","0.66","47.4","","47.09"
"A077360","덕산하이메탈","12","0","KOSDAQ","4.32","131.77","","126.31"
"A077500","유니퀘스트","12","0","KOSPI","3.73","166.69","","160.7"
"A077970","STX엔진","12","0","KOSPI","4.5","128.16","","122.64"
"A078000","텔코웨어","12","0","KOSPI","-4.5","133.9","","140.2"
"A078020","LS증권","12","0","KOSDAQ","0.22","253.27","","252.72"
"A078070","유비쿼스홀딩스","12","0","KOSDAQ","9.81","596.42","","543.14"
"A078130","국일제지","12","0","KOSDAQ","-11.94","767.59","","865.26"
"A078140","대봉엘에스","12","0","KOSDAQ","1.23","73.17","","72.28"
"A078150","HB테크놀러지","12","0","KOSDAQ","2.29","193.92","","189.58"
"A078160","메디포스트","12","0","KOSDAQ","2.54","441.98","","431.05"
"A078340","컴투스","12","0","KOSDAQ","0.39","1330.39","","1325.24"
"A078350","한양디지텍","12","0","KOSDAQ","2.3","42.3","","41.35"
"A078520","에이블씨엔씨","12","0","KOSPI","0","275.74","","275.74"
"A078590","휴림에이텍","12","0","KOSDAQ","24.21","358.54","","288.66"
"A078600","대주전자재료","12","0","KOSDAQ","-1.99","253.48","","258.64"
"A078860","아이오케이이엔엠","12","0","KOSDAQ","0","79.93","","79.93"
"A078890","가온그룹","12","0","KOSDAQ","0.33","91.2","","89.15"
"A078930","GS","12","1","KOSPI","-1.16","3563.3","","3605.12"
"A079000","와토스코리아","12","0","KOSDAQ","1.1","33.12","","32.76"
"A079160","CJ CGV","12","1","KOSPI","5.91","531.15","","501.52"
"A079170","한창산업","12","0","KOSDAQ","0.43","24.44","","24.34"
"A079190","케스피온","12","0","KOSDAQ","0","88.36","","88.36"
"A079370","제우스","12","0","KOSDAQ","-0.74","98.02","","98.75"
"A079430","현대리바트","12","1","KOSPI","2.97","199.6","","193.85"
"A079550","LIG디펜스앤에어로스페이스","12","1","KOSPI","-0.43","509.3","","511.5"
"A079650","서산","12","0","KOSDAQ","1.09","46.3","","45.8"
"A079810","APS이노베이션","12","0","KOSDAQ","-4.17","37.62","","39.26"
"A079900","전진건설로봇","12","0","외감","","","",""
"A079940","가비아","12","0","KOSDAQ","-2.82","186.79","","192.21"
"A079950","인베니아","12","0","KOSDAQ","-0.56","41.41","","41.64"
"A079960","동양이엔피","12","0","KOSDAQ","0.94","84.5","","83.71"
"A079970","투비소프트","12","0","KOSDAQ","2.59","52.87","","51.54"
"A079980","휴비스","12","0","KOSPI","2.51","183.2","","178.71"
"A080010","이상네트웍스","12","0","KOSDAQ","-2.93","56.7","","58.42"
"A080160","모두투어","12","0","KOSDAQ","2.86","238.14","","231.53"
"A080220","제주반도체","12","0","KOSDAQ","0.66","94.31","","93.69"
"A080420","모다이노칩","12","0","KOSDAQ","-0.4","200.1","","200.9"
"A080470","성창오토텍","12","0","KOSDAQ","4.89","50.08","","47.74"
"A080520","오디텍","12","0","KOSDAQ","1.26","47.34","","46.75"
"A080530","코디","12","0","KOSDAQ","0","54.66","","54.66"
"A080580","오킨스전자","12","0","KOSDAQ","2.52","21.33","","20.8"
"A080720","한국유니온제약","12","0","KOSDAQ","2.04","103.32","","101.25"
"A081000","일진다이아","12","0","KOSPI","4.7","347.97","","332.35"
"A081150","티플랙스","12","0","KOSDAQ","2.13","52.42","","51.33"
"A081180","쎄크","12","0","외감","","","",""
"A081580","성우전자","12","0","KOSDAQ","1.33","29.54","","29.16"
"A081660","미스토홀딩스","12","1","KOSPI","-0.15","2020.01","","2023.05"
"A082210","옵트론텍","12","0","KOSDAQ","-0.51","116.37","","116.96"
"A082270","젬백스","12","0","KOSDAQ","-7.24","981.54","","1058.09"
"A082640","동양생명","12","0","KOSPI","0.34","478.43","","476.81"
"A082660","코스나인","12","0","KOSDAQ","-1.93","37.96","","38.71"
"A082740","한화엔진","12","0","KOSPI","3.87","106.09","","102.14"
"A082800","비보존 제약","12","0","KOSDAQ","3.19","200.11","","193.92"
"A082850","우리바이오","12","0","KOSDAQ","-0.44","41.1","","41.28"
"A082920","비츠로셀","12","0","KOSDAQ","-3","313.39","","323.09"
"A083310","엘오티베큠","12","0","KOSDAQ","-0.55","122.97","","123.65"
"A083420","그린케미칼","12","0","KOSPI","0.47","77.16","","76.8"
"A083450","GST","12","0","KOSDAQ","-0.37","123.93","","124.39"
"A083470","이엠앤아이","12","0","KOSDAQ","0","33.02","","33.02"
"A083500","에프엔에스테크","12","0","KOSDAQ","3.96","79.12","","76.1"
"A083550","케이엠","12","0","KOSDAQ","0.34","153.2","","152.69"
"A083640","인콘","12","0","KOSDAQ","10.43","100.77","","91.25"
"A083650","비에이치아이","12","0","KOSDAQ","7.69","50.96","","47.32"
"A083660","CSA 코스믹","12","0","KOSDAQ","0","154.59","","154.59"
"A083790","CG인바이츠","12","0","KOSDAQ","0.34","610.49","","608.39"
"A083930","아바코","12","0","KOSDAQ","4.63","90.38","","86.38"
"A084010","대한제강","12","0","KOSPI","1.7","147.39","","144.92"
"A084110","휴온스글로벌","12","0","KOSDAQ","15.18","369.72","","321"
"A084180","수성웹툰","12","0","KOSDAQ","9.23","18.7","","17.12"
"A084370","유진테크","12","0","KOSDAQ","-0.88","387.28","","390.72"
"A084440","유비온","9","0","KONEX","0","4.12","","4.12"
"A084650","랩지노믹스","12","0","KOSDAQ","11.73","201.71","","180.53"
"A084670","동양고속","12","0","KOSPI","0.56","77.75","","77.31"
"A084680","이월드","12","0","KOSPI","0.12","408.15","","407.67"
"A084690","대상홀딩스","12","0","KOSPI","-0.49","221.98","","223.07"
"A084730","팅크웨어","12","0","KOSDAQ","0.33","62.76","","62.55"
"A084850","아이티엠반도체","12","0","KOSDAQ","0","1265.08","","1265.08"
"A084870","TBH글로벌","12","0","KOSPI","1.64","32.22","","31.7"
"A084990","헬릭스미스","12","0","KOSDAQ","2.46","1869.54","","1824.57"
"A085310","엔케이","12","0","KOSPI","-0.66","72.54","","73.02"
"A085620","미래에셋생명","12","0","KOSPI","2.17","666.47","","652.3"
"A085660","차바이오텍","12","0","KOSDAQ","4.39","936.78","","897.42"
"A085670","뉴프렉스","12","0","KOSDAQ","0.97","32.9","","32.58"
"A085810","알티캐스트","12","0","KOSDAQ","2.13","25.47","","24.94"
"A085910","네오티스","12","0","KOSDAQ","-0.91","35.85","","36.18"
"A086040","바이오톡스텍","12","0","KOSDAQ","6.27","133.48","","125.6"
"A086060","진바이오텍","12","0","KOSDAQ","4.51","49.86","","47.7"
"A086280","현대글로비스","12","1","KOSPI","-0.96","3881.25","","3918.75"
"A086390","유니테스트","12","0","KOSDAQ","-2.69","267.35","","274.74"
"A086450","동국제약","12","0","KOSDAQ","-0.56","782.5","","786.94"
"A086520","에코프로","12","0","KOSDAQ","-0.96","453.95","","458.37"
"A086670","비엠티","12","0","KOSDAQ","-0.66","49.12","","49.45"
"A086710","선진뷰티사이언스","12","0","외감","","","",""
"A086790","하나금융지주","12","1","KOSPI","-0.81","7370.94","","7430.99"
"A086820","바이오솔루션","12","0","KOSDAQ","7.62","177.2","","164.66"
"A086890","이수앱지스","12","0","KOSDAQ","0","154.43","","154.43"
"A086900","메디톡스","12","0","KOSDAQ","-30","777.48","","1110.68"
"A086960","MDS테크","12","0","KOSDAQ","-1.9","91.38","","93.14"
"A086980","쇼박스","12","0","KOSDAQ","-1.53","181.54","","184.36"
"A087010","펩트론","12","0","KOSDAQ","0.31","244.46","","243.69"
"A087260","모바일어플라이언스","12","0","KOSDAQ","0.47","95.85","","95.4"
"A087600","픽셀플러스","12","0","KOSDAQ","-4.14","26.46","","27.6"
"A088130","동아엘텍","12","0","KOSDAQ","0.42","76.03","","75.71"
"A088280","쏘닉스","12","0","외감","","","",""
"A088290","이원컴포텍","12","0","KOSDAQ","0.33","155.31","","154.79"
"A088340","유라클","12","0","외감","","","",""
"A088350","한화생명","12","1","KOSPI","-2.2","1541.64","","1576.38"
"A088390","이녹스","12","0","KOSDAQ","-0.2","45.96","","46.05"
"A088790","진도","12","0","KOSPI","3.4","30.31","","29.31"
"A088800","에이스테크","12","0","KOSDAQ","-1.87","347","","353.61"
"A088910","동우팜투테이블","12","0","KOSDAQ","5.5","79.3","","75.17"
"A089010","켐트로닉스","12","0","KOSDAQ","0.83","176.32","","174.87"
"A089030","테크윙","12","0","KOSDAQ","-0.37","259.84","","260.8"
"A089140","넥스턴앤롤코리아","12","0","KOSDAQ","1.27","103.54","","102.24"
"A089150","케이씨티","12","0","KOSDAQ","-0.49","34.64","","34.81"
"A089230","THE E&M","12","0","KOSDAQ","-0.49","72.15","","72.51"
"A089470","HDC현대EP","12","0","KOSPI","6.9","118.67","","111.01"
"A089590","제주항공","12","0","KOSPI","2.81","531.09","","516.59"
"A089600","KT나스미디어","12","0","KOSDAQ","-0.17","253.89","","254.32"
"A089790","제이티","12","0","KOSDAQ","0","56.01","","56.01"
"A089850","유비벨록스","12","0","KOSDAQ","-0.35","40.92","","41.06"
"A089860","롯데렌탈","12","0","외감","","","",""
"A089890","코세스","12","0","KOSDAQ","-0.66","101.45","","102.12"
"A089970","브이엠","12","0","KOSDAQ","0","179.6","","179.6"
"A089980","상아프론테크","12","0","KOSDAQ","2.68","207.04","","201.63"
"A090080","평화산업","12","0","KOSPI","3.98","64.51","","62.04"
"A090150","아이윈","12","0","KOSDAQ","0","24.77","","24.77"
"A090350","노루페인트","12","0","KOSPI","0.99","142.8","","141.4"
"A090360","로보스타","12","0","KOSDAQ","0.77","127.24","","126.26"
"A090370","메타랩스","12","0","KOSPI","1.75","51.63","","50.74"
"A090410","덕신이피씨","12","0","KOSDAQ","3.21","56.32","","54.56"
"A090430","아모레퍼시픽","12","1","KOSPI","-1.94","10347.15","","10551.76"
"A090460","비에이치","12","0","KOSDAQ","-4.46","563.39","","589.67"
"A090470","제이스로보틱스","12","0","KOSDAQ","0.23","129.19","","128.9"
"A090710","휴림로봇","12","0","KOSDAQ","10.68","71.42","","64.53"
"A090850","현대이지웰","12","0","KOSDAQ","0","113.39","","113.39"
"A091120","이엠텍","12","0","KOSDAQ","-2.7","133.15","","136.84"
"A091340","S&K폴리텍","12","0","KOSDAQ","-1.25","73.73","","74.67"
"A091440","한울소재과학","12","0","KOSDAQ","-2.4","38.94","","39.9"
"A091580","상신이디피","12","0","KOSDAQ","0.63","80.42","","79.92"
"A091590","남화토건","12","0","KOSDAQ","0.37","159.66","","159.08"
"A091700","파트론","12","0","KOSDAQ","-1.55","447.33","","454.37"
"A091810","트리니티항공","12","0","KOSPI","4.69","183.67","","175.45"
"A091970","LSK아이로봇","12","0","KOSDAQ","-2.08","54.37","","55.52"
"A092040","아미코젠","12","0","KOSDAQ","2.47","478.25","","466.73"
"A092070","디엔에프","12","0","KOSDAQ","0.43","101.48","","101.05"
"A092130","이크레더블","12","0","KOSDAQ","0.54","222.81","","221.6"
"A092190","서울바이오시스","12","0","KOSDAQ","0.92","418.55","","414.73"
"A092200","디아이씨","12","0","KOSPI","1.08","54.64","","54.06"
"A092220","KEC","12","0","KOSPI","0.39","89.51","","89.16"
"A092230","KPX홀딩스","12","0","KOSPI","-0.57","185.04","","186.1"
"A092300","현우산업","12","0","KOSDAQ","2.92","40.48","","39.33"
"A092440","기신정기","3","0","KOSPI","-0.33","88.77","","89.06"
"A092460","한라IMS","12","0","KOSDAQ","3.24","67.3","","65.18"
"A092600","앤씨앤","12","0","KOSDAQ","1.7","43.89","","43.15"
"A092730","네오팜","12","0","KOSDAQ","1.13","257.3","","254.43"
"A092780","DYP","12","0","KOSPI","-1.2","48.72","","49.32"
"A092790","넥스틸","12","0","외감","","","",""
"A092870","엑시콘","12","0","KOSDAQ","0.61","62.19","","61.82"
"A093050","LF","12","1","KOSPI","-0.39","369.89","","371.35"
"A093190","빅솔론","12","0","KOSDAQ","4.18","93.6","","89.85"
"A093240","형지엘리트","6","0","KOSPI","5.51","38.79","","36.76"
"A093320","케이아이엔엑스","12","0","KOSDAQ","-2.22","300.61","","307.44"
"A093370","후성","12","1","KOSPI","-0.72","638.99","","643.62"
"A093380","풍강","8","0","KOSDAQ","2.29","26.53","","25.93"
"A093520","매커스","12","0","KOSDAQ","0.74","54.79","","54.39"
"A093640","케이알엠","12","0","KOSDAQ","-1.25","29.8","","30.18"
"A093920","서원인텍","12","0","KOSDAQ","0.76","99.14","","98.39"
"A094170","동운아나텍","12","0","KOSDAQ","-0.38","83.05","","83.36"
"A094280","효성ITX","12","0","KOSPI","-0.64","180.89","","182.04"
"A094360","칩스앤미디어","12","0","KOSDAQ","12.22","70.82","","63.11"
"A094480","갤럭시아머니트리","12","0","KOSDAQ","-0.6","129.85","","130.64"
"A094820","일진파워","12","0","KOSDAQ","2.01","68.91","","67.55"
"A094840","슈프리마에이치큐","12","0","KOSDAQ","0.67","47.02","","46.7"
"A094850","참좋은여행","12","0","KOSDAQ","3.95","71.82","","69.09"
"A094860","네오리진","12","0","KOSDAQ","-0.37","67.61","","67.86"
"A094940","푸른로보틱스","12","0","KOSDAQ","8.45","101.24","","93.35"
"A094970","제이엠티","12","0","KOSDAQ","2.38","39.69","","38.77"
"A095190","신화프리텍","12","0","KOSDAQ","5.86","124.8","","117.9"
"A095270","웨이브일렉트로","12","0","KOSDAQ","-1.52","143.1","","145.3"
"A095340","ISC","12","0","KOSDAQ","0","139.59","","139.59"
"A095500","미래나노텍","12","0","KOSDAQ","1.36","62.93","","62.08"
"A095570","AJ네트웍스","12","0","KOSPI","1.87","165.99","","162.94"
"A095610","테스","12","0","KOSDAQ","-2.48","389.43","","399.32"
"A095660","네오위즈","12","0","KOSDAQ","5.48","401.04","","380.23"
"A095700","제넥신","12","0","KOSDAQ","-1.77","1448.47","","1474.64"
"A095720","웅진씽크빅","12","0","KOSPI","1.72","356.9","","350.86"
"A095910","에스에너지","12","0","KOSDAQ","0.44","45.51","","45.31"
"A096240","크레버스","12","0","KOSDAQ","-2.27","132","","135.07"
"A096250","와이즈넛","12","0","외감","","","",""
"A096350","대창솔루션","12","0","KOSDAQ","5.3","54.68","","51.93"
"A096530","씨젠","12","0","KOSDAQ","10.88","2405.66","","2169.55"
"A096610","알에프세미","12","0","KOSDAQ","-2.52","36.27","","37.21"
"A096630","에스코넥","12","0","KOSDAQ","-2.55","137.06","","140.65"
"A096690","에이루트","12","0","KOSDAQ","1.72","45.62","","44.85"
"A096760","JW홀딩스","12","1","KOSPI","0.2","333.59","","332.93"
"A096770","SK이노베이션","12","1","KOSPI","1.33","9154.09","","9033.89"
"A096870","엘디티","12","0","KOSDAQ","-1.33","14.83","","15.03"
"A097230","HJ중공업","12","0","KOSPI","5.03","391.39","","372.65"
"A097520","엠씨넥스","12","0","KOSDAQ","-3.07","535.9","","552.87"
"A097780","에코볼트","12","0","KOSDAQ","1.91","329.96","","323.78"
"A097800","윈팩","12","0","KOSDAQ","-2.63","62.02","","63.7"
"A097870","효성오앤비","6","0","KOSDAQ","3.17","55.19","","53.49"
"A097950","CJ제일제당","12","1","KOSPI","-0.63","3545.26","","3567.84"
"A098070","한텍","12","0","외감","","","",""
"A098120","마이크로컨텍솔","12","0","KOSDAQ","4.17","30.09","","28.89"
"A098460","고영","12","0","KOSDAQ","-1.68","1123.19","","1142.42"
"A098660","에스티오","12","0","KOSDAQ","-0.66","28.25","","28.44"
"A099190","아이센스","12","0","KOSDAQ","-1.17","291.23","","294.66"
"A099220","SDN","12","0","KOSDAQ","-0.87","105.81","","106.73"
"A099320","쎄트렉아이","12","0","KOSDAQ","-0.71","151.55","","152.64"
"A099390","브레인즈컴퍼니","12","0","외감","","","",""
"A099410","동방선기","12","0","KOSDAQ","-3.92","28.23","","29.38"
"A099430","바이오플러스","12","0","외감","","","",""
"A099440","스맥","12","0","KOSDAQ","2.6","56.02","","54.6"
"A099520","DGI","12","0","KOSDAQ","0.87","28.73","","28.49"
"A099750","이지케어텍","3","0","KOSDAQ","0.95","102.18","","101.22"
"A100030","인지소프트","12","0","KOSDAQ","-0.29","56.81","","56.97"
"A100090","SK오션플랜트","12","0","KOSDAQ","5.35","76.76","","72.86"
"A100120","뷰웍스","12","0","KOSDAQ","3.3","328.56","","318.06"
"A100130","동국S&C","12","0","KOSDAQ","0.45","127.43","","126.86"
"A100220","비상교육","12","0","KOSPI","0.68","95.92","","95.27"
"A100250","진양홀딩스","12","0","KOSPI","0","128.84","","128.84"
"A100590","머큐리","12","0","KOSDAQ","2.46","147.64","","144.09"
"A100660","서암기계공업","12","0","KOSDAQ","7.8","61.8","","57.33"
"A100700","세운메디칼","12","0","KOSDAQ","0","135.12","","135.12"
"A100790","미래에셋벤처투자","12","0","KOSDAQ","0.37","123.74","","123.28"
"A100840","SNT에너지","12","0","KOSPI","-1.3","114.1","","115.6"
"A101000","KS인더스트리","12","0","KOSDAQ","-1.44","64.9","","65.85"
"A101140","인바이오젠","12","0","KOSPI","-1.17","134.06","","135.64"
"A101160","월덱스","12","0","KOSDAQ","-1.05","109.3","","110.46"
"A101170","우림피티에스","12","0","KOSDAQ","3.04","34.36","","33.34"
"A101240","씨큐브","12","0","KOSDAQ","1.8","74.62","","73.3"
"A101330","모베이스","12","0","KOSDAQ","0.63","77.15","","76.67"
"A101360","에코앤드림","12","0","KONEX","1.23","43.72","","43.19"
"A101390","아이엠","12","0","KOSDAQ","-0.74","34.12","","34.37"
"A101400","엔시트론","12","0","KOSDAQ","8.31","45.15","","41.68"
"A101490","에스앤에스텍","12","0","KOSDAQ","-2.96","355.24","","366.09"
"A101530","해태제과식품","12","0","KOSPI","3.55","204.11","","197.12"
"A101670","하이드로리튬","12","0","KOSDAQ","2.44","19.85","","19.37"
"A101680","한국정밀기계","12","0","KOSDAQ","0","21.14","","21.14"
"A101730","위메이드맥스","12","0","KOSDAQ","-2.45","35.55","","36.44"
"A101930","인화정공","12","0","KOSDAQ","-0.29","32.19","","32.29"
"A101970","우양에이치씨","12","0","외감","","","",""
"A102120","어보브반도체","12","0","KOSDAQ","-1.97","147.53","","150.5"
"A102260","동성케미컬","12","0","KOSPI","0","161.56","","161.56"
"A102370","케이옥션","12","0","외감","","","",""
"A102460","이연제약","12","0","KOSPI","0","207.95","","207.95"
"A102710","이엔에프테크놀로지","12","0","KOSDAQ","-2.17","352.14","","359.96"
"A102940","코오롱생명과학","12","0","KOSDAQ","0","558.63","","558.63"
"A103140","풍산","12","1","KOSPI","3.34","563.29","","545.07"
"A103230","에스앤더블류","12","0","KOSDAQ","0.71","15.37","","15.26"
"A103590","일진전기","12","0","KOSPI","4.18","87.7","","84.17"
"A103840","우양","12","0","KOSDAQ","0.23","56.58","","56.45"
"A104040","디에스엠","12","0","KOSDAQ","5.17","38.19","","36.31"
"A104200","NHN벅스","12","0","KOSDAQ","3.31","73.99","","71.62"
"A104460","디와이피엔에프","12","0","KOSDAQ","0","100.49","","100.49"
"A104480","티케이케미칼","12","0","KOSDAQ","0.7","195.88","","194.52"
"A104540","코렌텍","12","0","KOSDAQ","-2.02","66.7","","68.08"
"A104620","노랑풍선","12","0","KOSDAQ","5.77","52.42","","49.56"
"A104700","한국철강","12","0","KOSPI","2.1","178.9","","175.22"
"A104830","원익머트리얼즈","12","0","KOSDAQ","-0.22","289.35","","289.98"
"A105330","케이엔더블유","12","0","KOSDAQ","-0.79","35.55","","35.84"
"A105550","엣지파운드리","12","0","KOSDAQ","-0.2","60.93","","61.05"
"A105560","KB금융","12","1","KOSPI","-1.39","13264.27","","13451.39"
"A105630","한세실업","12","1","KOSPI","1.38","440","","434"
"A105740","디케이락","12","0","KOSDAQ","1.79","62.44","","61.35"
"A105760","포스뱅크","12","0","외감","","","",""
"A105840","우진","12","0","KOSPI","8.44","77.88","","71.82"
"A106080","케이이엠텍","12","0","KOSDAQ","0","49.17","","49.17"
"A106190","하이텍팜","12","0","KOSDAQ","0.48","74.43","","74.08"
"A106240","파인테크닉스","12","0","KOSDAQ","-3.11","133.46","","137.74"
"A106520","노블엠앤비","12","0","KOSDAQ","0.76","73.17","","72.62"
"A107590","미원홀딩스","12","0","KOSPI","1.44","98.4","","97"
"A107600","새빗켐","12","0","외감","","","",""
"A107640","한중엔시에스","12","0","KONEX","0","15.18","","15.18"
"A108230","톱텍","12","0","KOSDAQ","5.44","699.63","","663.51"
"A108320","LX세미콘","12","0","KOSDAQ","-1.31","492","","498.5"
"A108380","대양전기공업","12","0","KOSDAQ","-3.59","102.85","","106.68"
"A108490","로보티즈","12","0","KOSDAQ","0.11","105.31","","105.2"
"A108670","LX하우시스","12","1","KOSPI","1.27","358.71","","354.22"
"A108860","셀바스AI","12","0","KOSDAQ","0","83.37","","83.37"
"A109070","주성코퍼레이션","12","0","KOSPI","0","14.72","","14.72"
"A109080","옵티시스","12","0","KOSDAQ","2.66","34.83","","33.93"
"A109610","에스와이","12","0","KOSDAQ","-1.11","111.63","","112.89"
"A109670","씨싸이트","12","0","외감","","","",""
"A109740","디에스케이","12","0","KOSDAQ","0.67","153.47","","152.46"
"A109820","진매트릭스","12","0","KOSDAQ","17.51","140.85","","119.86"
"A109860","동일금속","12","0","KOSDAQ","0.47","74.9","","74.55"
"A109960","앱토크롬","12","0","KOSDAQ","-2.68","123.3","","126.69"
"A110020","전진바이오팜","12","0","KOSDAQ","-0.97","24.46","","24.7"
"A110790","크리스에프앤씨","12","0","KOSDAQ","3.12","213.22","","206.78"
"A110990","디아이티","12","0","KOSDAQ","-1.35","138.16","","140.05"
"A111110","호전실업","12","0","KOSPI","-0.44","91.2","","91.6"
"A111380","동인기연","12","0","외감","","","",""
"A111710","남화산업","12","0","KOSDAQ","-0.85","238.82","","240.88"
"A111770","영원무역","12","1","KOSPI","0.21","1043.54","","1041.32"
"A112040","위메이드","12","0","KOSDAQ","-3.28","396.48","","409.92"
"A112290","와이씨켐","12","0","외감","","","",""
"A112610","씨에스윈드","12","0","KOSPI","0.5","522.89","","520.3"
"A113810","디젠스","12","0","KOSDAQ","-0.99","16.25","","16.41"
"A114090","GKL","12","1","KOSPI","-0.97","949.48","","958.76"
"A114190","강원에너지","12","0","KOSDAQ","0","45.39","","45.39"
"A114450","그린생명과학","12","0","KOSDAQ","0.17","88.35","","88.2"
"A114630","폴라리스우노","12","0","KOSDAQ","-0.3","45.07","","45.2"
"A114810","한솔아이원스","12","0","KOSDAQ","2.77","69.63","","67.75"
"A114840","아이패밀리에스씨","12","0","외감","","","",""
"A115160","휴맥스","12","0","KOSDAQ","2.53","82.5","","80.46"
"A115180","큐리언트","12","0","KOSDAQ","-0.91","187.61","","189.33"
"A115310","인포바인","12","0","KOSDAQ","-0.76","62.42","","62.9"
"A115440","우리넷","12","0","KOSDAQ","3.88","75.84","","73"
"A115450","HLB테라퓨틱스","12","0","KOSDAQ","-0.56","675.65","","679.43"
"A115480","씨유메디칼","12","0","KOSDAQ","0.75","50.79","","50.41"
"A115500","케이씨에스","12","0","KOSDAQ","0.26","45.54","","45.42"
"A115530","씨엔플러스","12","0","KOSDAQ","0","50.42","","50.42"
"A115570","스타플렉스","12","0","KOSDAQ","-9.86","40.14","","44.53"
"A115610","이미지스","12","0","KOSDAQ","4.29","17.72","","16.99"
"A117580","대성에너지","12","0","KOSPI","0.33","127.19","","126.78"
"A117670","알파칩스","12","0","KOSDAQ","-1.02","97.63","","98.64"
"A117730","티로보틱스","12","0","KOSDAQ","-1.36","44.52","","45.14"
"A118000","메타케어","12","0","KOSPI","4.38","94.07","","90.12"
"A118990","모트렉스","12","0","KOSDAQ","-0.94","131.83","","133.08"
"A119500","포메탈","12","0","KOSDAQ","-0.43","27.37","","27.49"
"A119610","인터로조","12","0","KOSDAQ","1.3","264.33","","260.92"
"A119650","KC코트렐","12","0","KOSPI","3.3","60.97","","59.02"
"A119830","아이텍","12","0","KOSDAQ","-3.74","58.87","","61.15"
"A119850","지엔씨에너지","12","0","KOSDAQ","-1.61","64.61","","65.67"
"A120030","조선선재","12","0","KOSPI","0","99.48","","99.48"
"A120110","코오롱인더","12","1","KOSPI","-2.31","798.57","","817.46"
"A120240","대정화금","12","0","KOSDAQ","-1.12","94.44","","95.5"
"A121440","골프존홀딩스","12","0","KOSDAQ","0","121.66","","121.66"
"A121600","나노신소재","12","0","KOSDAQ","-1.52","140.49","","142.66"
"A121800","비덴트","12","0","KOSDAQ","0.52","197.49","","196.47"
"A121850","코이즈","12","0","KOSDAQ","0","16.64","","16.64"
"A121890","에스디시스템","12","0","KOSDAQ","0","6.69","","6.69"
"A122310","제노레이","12","0","KOSDAQ","-3.26","125.31","","129.53"
"A122350","삼기","12","0","KOSDAQ","1.14","61.13","","60.44"
"A122450","KX","12","0","KOSDAQ","4.7","126.26","","120.59"
"A122640","예스티","12","0","KOSDAQ","-0.26","107.55","","107.83"
"A122690","서진오토모티브","12","0","KOSDAQ","-2.74","34.69","","35.66"
"A122870","와이지엔터테인먼트","12","0","KOSDAQ","-4.05","538.83","","561.59"
"A122900","아이마켓코리아","12","0","KOSPI","0.3","356.92","","355.84"
"A122990","와이솔","12","0","KOSDAQ","0.47","302.85","","301.44"
"A123010","알엔티엑스","12","0","KOSDAQ","10.65","41.22","","37.26"
"A123040","엠에스오토텍","12","0","KOSDAQ","11.96","185.85","","166"
"A123330","제닉","12","0","KOSDAQ","0.79","26.64","","26.43"
"A123410","코리아에프티","12","0","KOSDAQ","-0.44","62.64","","62.92"
"A123420","위메이드플레이","12","0","KOSDAQ","0.27","177.52","","177.04"
"A123570","이엠넷","12","0","KOSDAQ","-2.02","75.74","","77.3"
"A123690","한국화장품","12","0","KOSPI","-1.95","242.63","","247.45"
"A123700","SJM","12","0","KOSPI","3.27","39.4","","38.15"
"A123750","알톤","12","0","KOSDAQ","6.27","22.69","","21.35"
"A123840","뉴온","12","0","KOSDAQ","1.59","35.92","","35.35"
"A123860","아나패스","12","0","KOSDAQ","2.4","173.18","","169.13"
"A123890","한국자산신탁","12","0","KOSPI","-1.76","277.09","","282.05"
"A124500","아이티센글로벌","12","0","KOSDAQ","1.89","107.1","","105.11"
"A124560","태웅로직스","12","0","KOSDAQ","4","78.01","","75.01"
"A125020","티씨머티리얼즈","12","0","외감","","","",""
"A125210","아모그린텍","12","0","KOSDAQ","-2.35","205.39","","210.33"
"A125490","한라캐스트","12","0","외감","","","",""
"A126340","비나텍","12","0","KONEX","-2.84","80.17","","82.51"
"A126560","현대퓨처넷","12","0","KOSPI","-0.37","458.28","","459.97"
"A126600","BGF에코머티리얼즈","12","0","KOSDAQ","-0.18","59.86","","59.97"
"A126640","화신정공","12","0","KOSDAQ","1.44","35.97","","35.46"
"A126700","하이비젼시스템","12","0","KOSDAQ","-0.93","127.01","","128.2"
"A126720","수산인더스트리","12","0","외감","","","",""
"A126730","코칩","12","0","외감","","","",""
"A126880","제이엔케이글로벌","12","0","KOSDAQ","12.01","98.97","","88.36"
"A127120","제이에스링크","12","0","KOSDAQ","1.33","58.99","","58.22"
"A127710","아시아경제","12","0","KOSDAQ","1.32","39.16","","38.65"
"A127980","화인써키트","12","0","외감","","","",""
"A128540","에코캡","12","0","KOSDAQ","0.23","32.03","","31.96"
"A128660","피제이메탈","12","0","KOSDAQ","1.55","48.61","","47.87"
"A128820","대성산업","12","0","KOSPI","1.42","145.21","","143.17"
"A128940","한미약품","12","1","KOSPI","0.38","3114.72","","3102.87"
"A129260","인터지스","12","0","KOSPI","1.26","47.75","","47.15"
"A129890","앱코","12","0","외감","","","",""
"A129920","대성하이텍","12","0","외감","","","",""
"A130500","GH신소재","12","0","KOSDAQ","0.65","42.46","","42.19"
"A130580","나이스디앤비","12","0","KOSDAQ","2.35","127.51","","124.59"
"A130660","한전산업","12","0","KOSPI","0.32","101.71","","101.39"
"A130740","티피씨글로벌","12","0","KOSDAQ","3.17","20.18","","19.56"
"A131030","옵투스제약","12","0","KOSDAQ","-0.41","120.43","","120.92"
"A131090","시큐브","12","0","KOSDAQ","0","54","","51.3"
"A131100","티엔엔터테인먼트","12","0","KOSDAQ","1.34","77.71","","76.69"
"A131180","딜리","12","0","KOSDAQ","4.21","43.58","","41.82"
"A131220","대한과학","12","0","KOSDAQ","0.85","44.06","","43.68"
"A131290","티에스이","12","0","KOSDAQ","-1.24","132.18","","133.84"
"A131370","알서포트","12","0","KOSDAQ","0","275.92","","275.92"
"A131400","이브이첨단소재","12","0","KOSDAQ","-0.21","101.49","","101.7"
"A131760","파인텍","12","0","KOSDAQ","1.73","63.1","","62.03"
"A131970","두산테스나","12","0","KOSDAQ","-2.6","385.66","","395.93"
"A133750","메가엠디","12","0","KOSDAQ","-3.17","95.16","","98.28"
"A133820","화인베스틸","12","0","KOSPI","-0.78","56.29","","56.74"
"A134060","이퓨쳐","12","0","KOSDAQ","-4.68","27.18","","28.52"
"A134380","미원화학","12","0","KOSPI","0","95.01","","95.01"
"A134580","탑코미디어","12","0","KOSDAQ","2.5","20.76","","20.25"
"A134790","시디즈","12","0","KOSPI","-4.35","74.8","","78.2"
"A136150","원일티엔아이","12","0","외감","","","",""
"A136410","아셈스","12","0","외감","","","",""
"A136480","하림","12","0","KOSDAQ","2.1","283.58","","277.74"
"A136490","선진","12","0","KOSPI","-0.96","171.45","","173.12"
"A136540","윈스테크넷","12","0","KOSDAQ","0","181.49","","181.49"
"A137080","나래나노텍","12","0","외감","","","",""
"A137310","에스디바이오센서","12","0","외감","","","",""
"A137400","피엔티","12","0","KOSDAQ","-1.4","196.32","","199.11"
"A137940","넥스트아이","12","0","KOSDAQ","3.28","97.17","","94.08"
"A137950","제이씨케미칼","12","0","KOSDAQ","3.46","103.05","","99.61"
"A138040","메리츠금융지주","12","0","KOSPI","-1.84","1347.56","","1372.8"
"A138070","신진에스엠","12","0","KOSDAQ","0.94","38.58","","38.22"
"A138080","오이솔루션","12","0","KOSDAQ","-0.59","446.74","","449.4"
"A138360","앤로보틱스","12","0","KOSDAQ","0","122.16","","122.16"
"A138610","나이벡","12","0","KOSDAQ","0.5","100.52","","100.02"
"A138930","BNK금융지주","12","1","KOSPI","-0.42","1557.97","","1564.49"
"A139130","iM금융지주","12","0","KOSPI","0.1","838.12","","837.27"
"A139480","이마트","12","1","KOSPI","-1.3","3177.84","","3219.66"
"A139670","키네마스터","12","0","KOSDAQ","-3.98","146.98","","153.07"
"A139990","아주스틸","12","0","외감","","","",""
"A140070","서플러스글로벌","12","0","KOSDAQ","2.09","63.25","","61.95"
"A140410","메지온","12","0","KOSDAQ","1.84","1352.03","","1327.66"
"A140430","카티스","12","0","외감","","","",""
"A140520","대창스틸","12","0","KOSDAQ","3.92","39.8","","38.3"
"A140670","알에스오토메이션","12","0","KOSDAQ","0","63.27","","63.27"
"A140860","파크시스템스","12","0","KOSDAQ","1.53","243.94","","240.28"
"A141000","비아트론","12","0","KOSDAQ","-0.13","89.89","","90.01"
"A141080","리가켐바이오","12","0","KOSDAQ","3.18","558.46","","541.24"
"A142210","유니트론텍","12","0","KOSDAQ","13.55","52.67","","46.39"
"A142280","녹십자엠에스","12","0","KOSDAQ","-4.7","145.5","","152.68"
"A142760","모아라이프플러스","12","0","KOSDAQ","1.41","151.37","","137.57"
"A143160","아이디스","12","0","KOSDAQ","0.52","205.75","","204.68"
"A143210","핸즈코퍼레이션","12","0","KOSPI","3.87","135.11","","130.09"
"A143240","사람인","12","0","KOSDAQ","-2.03","308.97","","315.38"
"A143540","영우디에스피","12","0","KOSDAQ","12.46","50.42","","44.84"
"A144510","지씨셀","12","0","KOSDAQ","-4","481.26","","501.32"
"A144960","뉴파워프라즈마","12","0","KOSDAQ","-0.9","136.75","","137.99"
"A145020","휴젤","12","0","KOSDAQ","15.14","1714.95","","1489.45"
"A145170","노브랜드","12","0","외감","","","",""
"A145210","다이나믹디자인","12","0","KOSPI","0","177.61","","177.61"
"A145720","덴티움","12","0","KOSPI","0.4","419.51","","417.85"
"A145990","삼양사","12","1","KOSPI","0.28","374.38","","373.35"
"A146060","율촌","12","0","외감","","","",""
"A146320","비씨엔씨","12","0","외감","","","",""
"A147760","피엠티","12","0","KOSDAQ","-2.38","37.71","","38.63"
"A147830","제룡산업","12","0","KOSDAQ","1.19","51.1","","50.5"
"A148150","세경하이테크","12","0","KOSDAQ","-2.72","312.01","","320.74"
"A148250","알엔투테크놀로지","12","0","KOSDAQ","-4.23","71.78","","74.95"
"A148780","비큐AI","12","0","KONEX","3.13","7.83","","7.59"
"A148930","에이치와이티씨","12","0","외감","","","",""
"A149950","아바텍","12","0","KOSDAQ","1.59","99.89","","98.33"
"A149980","하이로닉","12","0","KOSDAQ","3.91","56.26","","54.14"
"A150900","파수AI","12","0","KOSDAQ","-0.4","35.88","","36.02"
"A151860","KG에코솔루션","12","0","KOSDAQ","1.84","159.3","","156.42"
"A153460","네이블","12","0","KOSDAQ","-1.18","32.91","","33.3"
"A153490","우리이앤엘하루틴","12","0","KOSDAQ","3.13","44.36","","43.01"
"A153710","옵티팜","12","0","KOSDAQ","1.32","99.49","","98.2"
"A154030","아시아종묘","12","0","KOSDAQ","5.47","48.01","","45.52"
"A154040","다산솔루에타","12","0","KOSDAQ","0","29.98","","29.98"
"A155650","와이엠씨","12","0","KOSDAQ","1.53","185.76","","182.97"
"A155660","DSR","12","0","KOSPI","1.93","59.2","","58.08"
"A156100","엘앤케이바이오","12","0","KOSDAQ","0","75.56","","75.56"
"A158430","아톤","12","0","KOSDAQ","1.41","88.1","","86.87"
"A159010","아스플로","12","0","외감","","","",""
"A159580","제로투세븐","12","0","KOSDAQ","-0.59","167.47","","168.47"
"A159910","에코글로우","12","0","KOSDAQ","0.31","43.88","","43.74"
"A160190","하이젠알앤엠","12","0","외감","","","",""
"A160550","NEW","12","0","KOSDAQ","0.26","106.04","","105.76"
"A160980","싸이맥스","12","0","KOSDAQ","-0.43","102.14","","102.58"
"A161000","애경케미칼","12","0","KOSPI","0.72","222.68","","221.08"
"A161390","한국타이어앤테크놀로지","12","1","KOSPI","0.47","2663.31","","2650.93"
"A161580","필옵틱스","12","0","KOSDAQ","-0.11","178.5","","178.69"
"A161890","한국콜마","12","1","KOSPI","-0.46","983.89","","988.47"
"A162300","신스틸","12","0","외감","","","",""
"A163280","에어레인","12","0","외감","","","",""
"A163560","동일고무벨트","12","0","KOSPI","-0.32","61.48","","61.68"
"A163730","핑거","12","0","외감","","","",""
"A166090","하나머티리얼즈","12","0","KOSDAQ","-1.64","294.42","","299.32"
"A166480","코아스템켐온","12","0","KOSDAQ","0.75","211.4","","209.83"
"A168330","내츄럴엔도텍","12","0","KOSDAQ","0","52.18","","52.18"
"A168360","펨트론","12","0","외감","","","",""
"A169330","엠브레인","6","0","외감","","","",""
"A170030","현대공업","12","0","KOSDAQ","-0.92","66.42","","67.04"
"A170790","파이오링크","12","0","KOSDAQ","-1.7","79.53","","80.9"
"A170900","동아에스티","12","1","KOSPI","1.25","749.82","","740.53"
"A170920","엘티씨","12","0","KOSDAQ","-1.48","65.2","","66.18"
"A171010","램테크놀러지","12","0","KOSDAQ","-1.04","66.07","","66.77"
"A171090","선익시스템","12","0","KOSDAQ","9.24","63.81","","58.41"
"A171120","라이온켐텍","12","0","KOSDAQ","-0.82","132.92","","134.02"
"A172670","에이엘티","12","0","외감","","","",""
"A173130","오파스넷","12","0","KOSDAQ","-2.59","27.22","","27.94"
"A173940","에프엔씨엔터","12","0","KOSDAQ","-0.34","84.47","","84.75"
"A174900","앱클론","12","0","KOSDAQ","-2.14","328.66","","335.84"
"A175140","아고스","12","0","KOSDAQ","0.96","19.25","","19.07"
"A175250","아이큐어","12","0","KOSDAQ","-1.84","154.72","","157.62"
"A175330","JB금융지주","12","0","KOSPI","0.68","874.6","","868.69"
"A176750","듀켐바이오","12","0","KONEX","-0.5","53.33","","53.6"
"A177350","베셀","12","0","KOSDAQ","-1.52","29.1","","29.55"
"A177830","파버나인","12","0","KOSDAQ","1.18","48.24","","47.67"
"A177900","쓰리에이로직스","12","0","외감","","","",""
"A178320","서진시스템","12","0","KOSDAQ","-0.89","506.82","","511.34"
"A178780","일월지엠엘","12","0","KOSDAQ","1.58","55.28","","54.42"
"A178920","PI첨단소재","12","0","KOSDAQ","6.82","942.66","","882.46"
"A179290","엠아이텍","12","0","KOSDAQ","2.04","98.88","","96.9"
"A179530","애드바이오텍","12","0","KONEX","0","24.11","","24.11"
"A179900","유티아이","12","0","KOSDAQ","0.72","222.9","","221.32"
"A180400","DXVX","12","0","KOSDAQ","0","171.29","","171.29"
"A180640","한진칼","12","0","KOSPI","-26.03","4792.81","","6479.17"
"A181710","NHN","12","0","KOSPI","-0.95","1432.16","","1445.86"
"A182360","큐브엔터","12","0","KOSDAQ","5.74","95.53","","90.35"
"A182400","엔케이젠바이오텍코리아","12","0","KOSDAQ","4.46","368.25","","352.51"
"A183190","아세아시멘트","12","0","KOSPI","5.7","260.24","","246.22"
"A183300","코미코","12","0","KOSDAQ","-1.2","216.74","","219.38"
"A183490","엔지켐생명과학","12","0","KOSDAQ","10","614.2","","558.36"
"A184230","SGA솔루션즈","12","0","KOSDAQ","-0.12","29.74","","29.78"
"A185490","아이진","12","0","KOSDAQ","8.18","109.37","","101.1"
"A185750","종근당","12","1","KOSPI","1.32","1002.57","","989.51"
"A186230","그린플러스","12","0","KOSDAQ","-1.54","43.08","","43.75"
"A187220","디티앤씨","12","0","KOSDAQ","2.71","62.2","","60.56"
"A187270","신화콘텍","12","0","KOSDAQ","0.64","23.99","","23.84"
"A187420","HLB제넥스","12","0","KOSDAQ","3.87","108.43","","104.39"
"A187660","페니트리움바이오","12","0","외감","","","",""
"A187790","나노","12","0","KOSDAQ","1.69","38.83","","38.18"
"A187870","디바이스","12","0","KOSDAQ","-1.06","98.16","","99.22"
"A188040","바이오포트","12","0","외감","","","",""
"A188260","세니젠","12","0","외감","","","",""
"A189300","인텔리안테크","12","0","KOSDAQ","-1.56","166.27","","168.91"
"A189330","씨이랩","12","0","KONEX","2.44","46.98","","45.86"
"A189690","포시에스","6","0","KOSDAQ","2.23","47.05","","46.02"
"A189860","서전기전","12","0","KOSDAQ","1.82","32.59","","32.01"
"A189980","흥국에프엔비","12","0","KOSDAQ","-1.33","54.33","","55.06"
"A190510","나무가","12","0","KOSDAQ","-1.32","102.38","","103.75"
"A190650","코리아에셋투자증권","3","0","KOSDAQ","1.49","39.09","","38.52"
"A191410","육일씨엔에쓰","12","0","KOSDAQ","29.9","29.49","","22.71"
"A191420","테고사이언스","12","0","KOSDAQ","5","152.82","","145.54"
"A192080","더블유게임즈","12","0","KOSPI","1.52","973.55","","958.94"
"A192250","케이사인","12","0","KOSDAQ","2.24","73.73","","72.11"
"A192390","윈하이텍","12","0","KOSDAQ","-3","24.14","","24.88"
"A192400","쿠쿠홀딩스","12","1","KOSPI","-1.59","618.07","","628.03"
"A192410","오늘이엔엠","12","0","KOSDAQ","0","9.97","","9.97"
"A192440","슈피겐코리아","12","0","KOSDAQ","1.42","243.68","","240.26"
"A192650","드림텍","12","0","KOSPI","2.49","336.19","","328.04"
"A192820","코스맥스","12","1","KOSPI","0.7","864.26","","858.23"
"A193250","링크드","12","0","KOSDAQ","0","83.66","","83.66"
"A194370","제이에스코퍼레이션","12","0","KOSPI","3.83","101.35","","97.62"
"A194480","데브시스터즈","12","0","KOSDAQ","-11.24","75.18","","84.71"
"A194700","노바렉스","12","0","KOSDAQ","1.01","224.19","","221.94"
"A195500","마니커에프앤지","12","0","KOSDAQ","2.15","83.75","","81.99"
"A195870","해성디에스","12","0","KOSPI","-1.69","247.35","","251.6"
"A195940","HK이노엔","12","0","외감","","","",""
"A195990","루트K","12","0","KOSDAQ","-4.03","119.01","","122.85"
"A196170","알테오젠","12","0","KOSDAQ","-0.87","1272.94","","1284.06"
"A196300","HLB펩","12","0","KOSDAQ","2.43","42.29","","41.28"
"A196450","코아시아씨엠","12","0","KOSDAQ","0.82","66.63","","66.08"
"A196490","디에이테크놀로지","12","0","KOSDAQ","1.45","60.42","","59.56"
"A196700","웹스","12","0","KOSDAQ","2.09","20.07","","19.66"
"A197140","디지캡","12","0","KOSDAQ","1.37","30.04","","29.64"
"A198080","캐프","12","0","KOSDAQ","-3.57","104.66","","108.54"
"A198440","강동씨앤엘","12","0","KOSDAQ","6.84","87.47","","81.87"
"A198940","한주라이트메탈","12","0","외감","","","",""
"A199430","케이엔알시스템","12","0","외감","","","",""
"A199480","뱅크웨어글로벌","12","0","외감","","","",""
"A199550","레이저옵텍","12","0","외감","","","",""
"A199730","바이오인프라","12","0","외감","","","",""
"A199800","툴젠","12","0","KONEX","2.9","255.81","","248.6"
"A199820","제일일렉트릭","12","0","외감","","","",""
"A200130","콜마비앤에이치","12","0","KOSDAQ","-0.71","827.22","","833.13"
"A200230","텔콘RF제약","12","0","KOSDAQ","0.56","460.18","","457.62"
"A200350","아티스트스튜디오","12","0","KONEX","1.14","26.38","","26.08"
"A200470","에이팩트","12","0","KOSDAQ","-0.17","104.44","","104.62"
"A200670","휴메딕스","12","0","KOSDAQ","22.67","210.39","","171.5"
"A200710","에이디테크놀로지","12","0","KOSDAQ","-10.53","244.04","","272.75"
"A200780","비씨월드제약","12","0","KOSDAQ","3.34","189.96","","183.81"
"A200880","서연이화","12","0","KOSPI","-0.75","89.19","","89.87"
"A201490","미투온","12","0","KOSDAQ","-0.85","183.17","","184.73"
"A203400","에이비온","12","0","KONEX","2.23","91.21","","89.22"
"A203450","유니온바이오메트릭스","12","0","KOSDAQ","2.42","37.28","","36.4"
"A203650","드림시큐리티","12","0","KOSDAQ","3.08","118.42","","114.88"
"A203690","아크솔루션스","12","0","KOSDAQ","1.75","212.05","","208.39"
"A204020","그리티","12","0","KOSDAQ","-1.88","47.25","","48.15"
"A204270","제이앤티씨","12","0","KOSDAQ","-1.3","656.58","","665.26"
"A204320","HL만도","12","1","KOSPI","0","1188.02","","1188.02"
"A204610","티쓰리","12","0","외감","","","",""
"A204620","글로벌텍스프리","12","0","KOSDAQ","1.44","117.91","","116.23"
"A204840","지엘팜텍","12","0","KOSDAQ","3.58","37.53","","36.24"
"A205100","엑셈","12","0","KOSDAQ","6.88","107.92","","100.97"
"A205470","휴마시스","12","0","KOSDAQ","8.53","80.38","","74.06"
"A205500","넥써쓰","12","0","KOSDAQ","0","51.25","","51.25"
"A206400","베노티앤알","12","0","KOSDAQ","-1.11","66.65","","67.4"
"A206560","덱스터","12","0","KOSDAQ","2.15","144.23","","141.19"
"A206640","바디텍메드","12","0","KOSDAQ","3.51","484.63","","468.2"
"A206650","유바이오로직스","12","0","KOSDAQ","-0.45","179.78","","180.58"
"A207760","미스터블루","12","0","KOSDAQ","-0.88","192.44","","194.16"
"A207940","삼성바이오로직스","12","1","KOSPI","0","37449.39","","37449.39"
"A208140","정다운","12","0","KOSDAQ","3.72","45.78","","44.14"
"A208350","지란지교시큐리티","12","0","KOSDAQ","-0.56","41.67","","41.9"
"A208370","셀바스헬스케어","12","0","KOSDAQ","3.45","55.25","","53.41"
"A208640","썸에이지","12","0","KOSDAQ","4.62","76.45","","73.08"
"A208710","포톤","12","0","KOSDAQ","3.44","43.45","","42.01"
"A208860","다산디엠씨","12","0","KOSDAQ","3.21","33.96","","32.9"
"A209640","와이제이링크","12","0","외감","","","",""
"A210120","캔버스엔","12","0","KONEX","0","6.15","","6.15"
"A210540","디와이파워","12","0","KOSPI","5.28","88.11","","83.7"
"A210980","SK디앤디","12","0","KOSPI","-1.45","452.92","","459.56"
"A211050","인카금융서비스","12","0","KONEX","-0.12","18.34","","18.36"
"A211270","AP위성","12","0","KOSDAQ","0.62","96.85","","96.24"
"A212560","네오오토","12","0","KOSDAQ","7.23","29.22","","27.25"
"A212710","아이에스티이","12","0","외감","","","",""
"A213420","덕산네오룩스","12","0","KOSDAQ","-0.34","701.09","","703.49"
"A213500","한솔제지","12","0","KOSPI","-1.83","318.93","","324.88"
"A214150","클래시스","12","0","KOSDAQ","2.88","692.39","","672.98"
"A214180","헥토이노베이션","12","0","KOSDAQ","7.66","187.07","","173.75"
"A214260","라파스","12","0","KOSDAQ","-0.35","118.89","","119.31"
"A214270","FSN","12","0","KOSDAQ","5.61","111.81","","105.87"
"A214320","이노션","12","1","KOSPI","-0.16","1238","","1240"
"A214330","금호에이치티","12","0","KOSPI","3.06","91.01","","88.3"
"A214370","케어젠","12","0","KOSDAQ","0","821.84","","821.84"
"A214390","경보제약","12","0","KOSPI","0.79","183.13","","181.69"
"A214420","토니모리","12","0","KOSPI","0.85","209.92","","208.15"
"A214430","아이쓰리시스템","12","0","KOSDAQ","1.37","131.83","","130.05"
"A214450","파마리서치","12","0","KOSDAQ","0","386.07","","386.07"
"A214610","롤링스톤","12","0","KONEX","1.27","126.78","","125.19"
"A214680","디알텍","12","0","KOSDAQ","0","85.25","","85.25"
"A215000","골프존","12","0","KOSDAQ","-2.08","281.14","","287.1"
"A215090","솔디펜스","12","0","KOSDAQ","3.14","34.38","","33.33"
"A215100","로보로보","12","0","KOSDAQ","2.64","65.68","","63.99"
"A215200","메가스터디교육","12","0","KOSDAQ","0","464.01","","464.01"
"A215360","우리산업","12","0","KOSDAQ","-0.27","168.49","","168.95"
"A215380","콜마바이오텍","12","0","KOSDAQ","2.3","79.52","","77.73"
"A215480","토박스코리아","12","0","KOSDAQ","7.01","46.86","","43.79"
"A215600","신라젠","12","0","KOSDAQ","1.15","941.77","","931.02"
"A215790","이노인스트루먼트","12","0","KOSDAQ","-5.39","62.27","","65.82"
"A216050","인크로스","12","0","KOSDAQ","-0.24","167.58","","167.98"
"A216080","제테마","12","0","KOSDAQ","24.62","244.01","","195.81"
"A217190","제너셈","12","0","KOSDAQ","-3.02","26.79","","27.62"
"A217270","넵튠","12","0","KOSDAQ","1.4","135.78","","133.91"
"A217330","싸이토젠","12","0","KOSDAQ","3.15","53.58","","51.94"
"A217480","에스디생명공학","12","0","KOSDAQ","1.66","96.05","","94.48"
"A217500","러셀","12","0","KOSDAQ","-0.3","52.01","","52.17"
"A217590","티엠씨","12","0","외감","","","",""
"A217730","강스템바이오텍","12","0","KOSDAQ","1.03","185.25","","183.36"
"A217820","원익피앤이","12","0","KOSDAQ","0","65.56","","65.56"
"A218150","미래생명자원","12","0","KOSDAQ","3.97","48.92","","47.05"
"A218410","RFHIC","12","0","KOSDAQ","-1.77","994.45","","1012.33"
"A219130","타이거일렉","12","0","KOSDAQ","-0.5","37.57","","37.76"
"A219420","링크제니시스","12","0","KOSDAQ","0.15","67.3","","67.2"
"A219550","디와이디","12","0","KOSDAQ","2.58","47.4","","46.2"
"A219750","한국비티비","12","0","KOSDAQ","8.12","45.94","","42.49"
"A220100","퓨쳐켐","12","0","KOSDAQ","-1.82","62.78","","63.94"
"A220180","폴라리스AI핸디","12","0","KOSDAQ","9.13","73.04","","66.93"
"A220260","켐트로스","12","0","KOSDAQ","-1.68","61.6","","62.65"
"A221800","지구홀딩스","12","0","KONEX","0","17.67","","17.67"
"A221840","하이즈항공","12","0","KOSDAQ","2.53","68.04","","66.36"
"A221980","케이디켐","12","0","KOSDAQ","0","44.79","","44.79"
"A222040","코스맥스엔비티","12","0","KOSDAQ","-3.1","103.14","","106.44"
"A222080","SFA넥셀","12","0","KOSDAQ","-0.25","225.33","","225.89"
"A222110","팬젠","12","0","KOSDAQ","-0.25","76.94","","77.13"
"A222160","NPX","12","0","KONEX","-5.26","10.15","","10.71"
"A222420","쎄노텍","12","0","KOSDAQ","1.06","57.43","","56.82"
"A222800","심텍","12","0","KOSDAQ","-2.92","219.11","","225.71"
"A222980","한국맥널티","12","0","KOSDAQ","0.32","47.31","","47.16"
"A223250","드림씨아이에스","12","0","외감","","","",""
"A223310","사토시홀딩스","12","0","KOSDAQ","-6.21","26.95","","28.74"
"A224060","더코디","12","0","KOSDAQ","0.27","56.7","","56.55"
"A224110","에이텍모빌리티","12","0","KOSDAQ","10.94","47.1","","42.45"
"A225190","LK삼양","12","0","KOSDAQ","0.93","108.97","","107.96"
"A225220","제놀루션","12","0","KONEX","-3.68","46.68","","48.46"
"A225430","케이엠제약","12","0","KOSDAQ","-1.91","71.43","","72.82"
"A225530","HC보광산업","12","0","KOSDAQ","5.47","167.01","","158.35"
"A225570","넥슨게임즈","12","0","KOSDAQ","3.34","205.04","","198.41"
"A225590","패션플랫폼","12","0","KOSDAQ","0.2","26.1","","26.05"
"A226320","잇츠한불","12","0","KOSPI","-0.66","332.23","","334.42"
"A226330","신테카바이오","12","0","KOSDAQ","6.2","137.66","","129.63"
"A226340","본느","12","0","KOSDAQ","-2.43","92.41","","94.71"
"A226400","오스테오닉","12","0","KOSDAQ","-0.65","25.88","","26.05"
"A226590","엠디바이스","12","0","외감","","","",""
"A226950","올릭스","12","0","KOSDAQ","-1.95","231.01","","234.46"
"A227100","프로브잇","12","0","KOSDAQ","3.07","17.85","","17.32"
"A227610","아우딘퓨쳐스","12","0","KOSDAQ","3.83","57","","54.9"
"A227840","현대코퍼레이션홀딩스","12","0","KOSPI","5.35","89.64","","85.09"
"A227950","엔투텍","12","0","KOSDAQ","6.82","66.45","","62.21"
"A228340","동양파일","12","0","KOSDAQ","-3","55","","56.7"
"A228670","레이","12","0","KOSDAQ","-0.39","255.15","","256.15"
"A228760","지노믹트리","12","0","KOSDAQ","4.23","418.71","","401.72"
"A228850","레이언스","12","0","KOSDAQ","-1.55","210.71","","214.02"
"A229000","젠큐릭스","12","0","KONEX","-1.43","92.75","","94.1"
"A229640","LS에코에너지","12","0","KOSPI","1.15","214.68","","212.23"
"A230240","에치에프알","12","0","KOSDAQ","-0.67","440.94","","443.93"
"A230360","에코마케팅","12","0","KOSDAQ","-3.33","469.77","","485.97"
"A232140","와이씨","12","0","KOSDAQ","-1.95","191.82","","195.63"
"A232680","라온로보틱스","12","0","KONEX","-0.11","19.43","","19.45"
"A232830","아이티센피엔에스","12","0","KONEX","-1.98","15.9","","16.22"
"A234030","싸이닉솔루션","12","0","외감","","","",""
"A234080","JW생명과학","12","0","KOSPI","0.31","255.73","","254.94"
"A234100","폴라리스세원","12","0","KOSDAQ","2.42","56.85","","55.51"
"A234300","에스트래픽","12","0","KOSDAQ","8.46","70.33","","64.85"
"A234340","헥토파이낸셜","12","0","KOSDAQ","4.63","240.94","","230.28"
"A234690","녹십자웰빙","12","0","KOSDAQ","0.55","163.32","","162.43"
"A234920","자이글","12","0","KOSDAQ","-2.67","46.88","","48.17"
"A235980","메드팩토","12","0","KOSDAQ","1.38","592.88","","584.79"
"A236200","슈프리마","12","0","KOSDAQ","-0.6","237.38","","238.82"
"A236810","엔비티","12","0","외감","","","",""
"A237690","에스티팜","12","0","KOSDAQ","3.46","640.83","","619.38"
"A237750","피앤씨테크","12","0","KOSDAQ","7.85","29.88","","27.71"
"A237820","플레이디","12","0","KOSDAQ","-1.45","95.95","","97.36"
"A237880","클리오","12","0","KOSDAQ","3.08","369.05","","358.02"
"A238090","앤디포스","12","0","KOSDAQ","-2.09","202.58","","206.91"
"A238120","얼라인드","12","0","KOSDAQ","0","51.94","","51.94"
"A238200","비피도","12","0","KOSDAQ","3.54","83.64","","80.78"
"A238490","힘스","12","0","KOSDAQ","0.28","99.55","","99.26"
"A239340","이스트에이드","12","0","KOSDAQ","0.36","110.9","","110.5"
"A239610","에이치엘사이언스","12","0","KOSDAQ","-1.87","269.96","","275.1"
"A239890","피엔에이치테크","12","0","KONEX","0","28.43","","28.43"
"A240550","동방메디컬","12","0","외감","","","",""
"A240600","유진테크놀로지","12","0","외감","","","",""
"A240810","원익IPS","12","0","KOSDAQ","0.53","1401.35","","1393.98"
"A241520","DSC인베스트먼트","12","0","KOSDAQ","1.74","53.29","","52.38"
"A241560","두산밥캣","12","1","KOSPI","10.91","2496.2","","2250.59"
"A241590","화승엔터프라이즈","12","0","KOSPI","1.22","753.68","","744.6"
"A241690","유니테크노","12","0","KOSDAQ","0.54","111.28","","110.69"
"A241710","코스메카코리아","12","0","KOSDAQ","0.98","110.54","","109.47"
"A241770","메카로","12","0","KOSDAQ","0.92","111.11","","110.1"
"A241790","티이엠씨씨엔에스","12","0","KOSDAQ","-1.08","91.32","","92.32"
"A241820","피씨엘","12","0","KOSDAQ","3.9","164.84","","158.65"
"A241840","에이스토리","12","0","KOSDAQ","-1.76","77.81","","79.21"
"A242040","나무에이엑스","12","0","KOSDAQ","-2.95","124.56","","128.35"
"A243070","휴온스","12","0","KOSDAQ","5.11","467.36","","444.63"
"A243840","신흥에스이씨","12","0","KOSDAQ","-0.31","213.43","","214.1"
"A244460","올리패스","12","0","KOSDAQ","-3.68","209.19","","217.18"
"A244920","에이플러스에셋","12","0","외감","","","",""
"A245620","EDGC","12","0","KOSDAQ","29.74","544.4","","419.61"
"A246250","에스엘에스바이오","12","0","KONEX","2.44","57.36","","55.99"
"A246690","TS인베스트먼트","12","0","KOSDAQ","11.09","57.29","","51.57"
"A246710","티앤알바이오팹","12","0","KOSDAQ","11.58","87.89","","78.77"
"A246720","아스타","12","0","KOSDAQ","-3","48.34","","49.83"
"A246960","SCL사이언스","12","0","KOSDAQ","-0.73","41.26","","41.56"
"A247540","에코프로비엠","12","0","KOSDAQ","-1.58","1537.59","","1562.25"
"A247660","나노씨엠에스","12","0","외감","","","",""
"A248070","솔루엠","12","0","외감","","","",""
"A248170","샘표식품","12","0","KOSPI","0.18","130.65","","130.42"
"A249420","일동제약","12","0","KOSPI","0.77","310.63","","308.25"
"A250000","보라티알","12","0","KOSDAQ","1.16","47.12","","46.58"
"A250060","모비스","12","0","KOSDAQ","2.02","73.19","","71.74"
"A250930","예선테크","12","0","KOSDAQ","-1.98","65.34","","66.66"
"A251120","바이오에프디엔씨","12","0","외감","","","",""
"A251270","넷마블","12","1","KOSPI","-2.18","8090.19","","8270.09"
"A251370","와이엠티","12","0","KOSDAQ","-0.88","167.36","","168.84"
"A251630","브이원텍","12","0","KOSDAQ","2.25","102.64","","100.39"
"A251970","펌텍코리아","12","0","KOSDAQ","1.72","182.9","","179.8"
"A252500","세화피앤씨","12","0","KOSDAQ","-0.93","54.97","","55.49"
"A252990","샘씨엔에스","12","0","외감","","","",""
"A253450","스튜디오드래곤","12","0","KOSDAQ","-4.59","2278.62","","2388.19"
"A253590","네오셈","12","0","KOSDAQ","4.48","52.55","","50.3"
"A253840","수젠텍","12","0","KOSDAQ","29.95","314.83","","242.28"
"A254120","자비스","12","0","KOSDAQ","5.45","33.07","","31.36"
"A254490","미래반도체","12","0","외감","","","",""
"A255220","SG","12","0","KOSDAQ","14.2","66.46","","58.2"
"A255440","야스","12","0","KOSDAQ","0.39","167.14","","166.49"
"A256150","한독크린텍","12","0","KOSDAQ","0.3","67.75","","67.55"
"A256630","포인트엔지니어링","12","0","KOSDAQ","-2.55","151.1","","155.06"
"A256840","한국비엔씨","12","0","KOSDAQ","5.53","106.74","","101.14"
"A256940","킵스파마","12","0","KOSDAQ","-3.34","161.35","","166.93"
"A257370","피엔티엠에스","12","0","KOSDAQ","-0.42","75.48","","75.8"
"A257720","실리콘투","12","0","외감","","","",""
"A258610","케일럼","12","0","KOSDAQ","-12.5","164.29","","187.76"
"A258790","소프트캠프","12","0","KOSDAQ","0","39.69","","39.69"
"A258830","세종메디칼","12","0","KOSDAQ","1.38","49.95","","49.27"
"A259630","엠플러스","12","0","KOSDAQ","-1.57","97.64","","99.19"
"A259960","크래프톤","12","0","외감","","","",""
"A260660","알리코제약","12","0","KOSDAQ","0.83","119.25","","118.27"
"A260930","씨티케이","12","0","KOSDAQ","0","132.6","","132.6"
"A260970","에스앤디","12","0","KONEX","4.74","34.22","","32.67"
"A261200","덴티스","12","0","KOSDAQ","-1.22","8.63","","8.73"
"A261520","이지스","12","0","외감","","","",""
"A261780","아리바이오랩","12","0","외감","","","",""
"A262260","에이프로","12","0","외감","","","",""
"A262840","아이퀘스트","12","0","외감","","","",""
"A263020","디케이앤디","12","0","KOSDAQ","1.15","37.65","","37.22"
"A263050","유틸렉스","12","0","KOSDAQ","-1.35","487.06","","493.74"
"A263600","덕우전자","12","0","KOSDAQ","-1.25","113.26","","114.7"
"A263690","디알젬","12","0","KOSDAQ","-1.65","135.34","","137.61"
"A263700","케어랩스","12","0","KOSDAQ","0","113.16","","113.16"
"A263720","디앤씨미디어","12","0","KOSDAQ","-2.47","266.37","","273.12"
"A263750","펄어비스","12","0","KOSDAQ","-4.26","2589.81","","2704.91"
"A263770","유에스티","12","0","KOSDAQ","3.66","77.14","","74.42"
"A263800","데이타솔루션","12","0","KOSDAQ","1.66","58.03","","57.08"
"A263810","상신전자","12","0","KOSDAQ","0","38.67","","38.67"
"A263860","지니언스","12","0","KOSDAQ","-1.02","41.18","","41.6"
"A263920","휴엠앤씨","12","0","KOSDAQ","3.09","58.72","","56.96"
"A264450","유비쿼스","12","0","KOSDAQ","6.93","150.13","","140.4"
"A264660","씨앤지하이테크","12","0","KOSDAQ","0.4","63.04","","62.79"
"A264850","이랜시스","12","0","KOSDAQ","2.25","49.1","","48.02"
"A264900","크라운제과","12","0","KOSPI","1.45","96.43","","95.06"
"A265520","AP시스템","12","0","KOSDAQ","-0.76","375.76","","378.66"
"A265560","영화테크","12","0","KOSDAQ","-0.33","48.8","","48.96"
"A265740","엔에프씨","12","0","외감","","","",""
"A267250","HD현대","12","1","KOSPI","-0.64","3778.5","","3802.93"
"A267260","HD현대일렉트릭","12","0","KOSPI","3.92","277.2","","266.75"
"A267270","HD건설기계","12","0","KOSPI","3.39","360.52","","348.7"
"A267290","경동도시가스","12","0","KOSPI","0.29","101.11","","100.81"
"A267320","나인테크","12","0","KOSDAQ","3.42","7.9","","7.64"
"A267790","배럴","12","0","KOSDAQ","0.95","75.13","","74.43"
"A267850","아시아나IDT","12","0","KOSPI","-0.34","162.06","","162.62"
"A267980","매일유업","12","0","KOSDAQ","2.82","600.82","","584.35"
"A268280","미원에스씨","12","0","KOSPI","-0.79","395.09","","398.25"
"A269620","시스웍","12","0","KOSDAQ","0.24","37.08","","36.99"
"A270520","앱튼","12","0","KOSDAQ","-0.74","39.38","","39.67"
"A270660","에브리봇","12","0","KONEX","6.81","8.99","","8.41"
"A270870","뉴트리","12","0","KOSDAQ","-1.31","170.57","","172.84"
"A271560","오리온","12","1","KOSPI","-2.55","4526.89","","4645.5"
"A271830","팸텍","12","0","외감","","","",""
"A271940","일진하이솔루스","12","0","외감","","","",""
"A271980","제일약품","12","0","KOSPI","0.19","391.15","","390.41"
"A272110","케이엔제이","12","0","KOSDAQ","10.51","41.11","","37.2"
"A272210","한화시스템","12","0","KOSPI","5.84","899.48","","849.88"
"A272290","이녹스첨단소재","12","0","KOSDAQ","-0.79","347.14","","349.91"
"A272450","진에어","12","0","KOSPI","0.91","333","","330"
"A272550","삼양패키징","12","0","KOSPI","0.65","221.67","","220.25"
"A273060","와이즈버즈","12","0","KOSDAQ","-0.48","15.51","","15.4"
"A273640","와이엠텍","12","0","외감","","","",""
"A274090","켄코아에어로스페이스","12","0","KOSDAQ","-0.36","74.33","","74.6"
"A274400","이노시뮬레이션","12","0","외감","","","",""
"A275630","에스에스알","12","0","KOSDAQ","2.19","29.73","","29.09"
"A276040","스코넥","12","0","외감","","","",""
"A276730","한울앤제주","12","0","외감","","","",""
"A277070","린드먼아시아","12","0","KOSDAQ","1.04","45.9","","45.43"
"A277410","인산가","12","0","KOSDAQ","1.39","38.7","","38.17"
"A277810","레인보우로보틱스","12","0","외감","","","",""
"A277880","티에스아이","12","0","KONEX","-0.62","125.42","","126.19"
"A278280","천보","12","0","KOSDAQ","-2.52","620","","636"
"A278470","에이피알","12","0","외감","","","",""
"A278650","HLB바이오스텝","12","0","KOSDAQ","4.49","146.06","","139.79"
"A279570","케이뱅크","12","0","외감","","","",""
"A279600","미디어젠","12","0","KOSDAQ","0.36","19.53","","19.46"
"A280360","롯데웰푸드","12","0","KOSPI","-0.83","770.01","","776.42"
"A281740","레이크머티리얼즈","12","0","KOSDAQ","-2.3","97.94","","100.24"
"A281820","케이씨텍","12","0","KOSPI","-0.84","350.16","","353.14"
"A282330","BGF리테일","12","1","KOSPI","-3.64","2514.81","","2609.87"
"A282720","금양그린파워","12","0","외감","","","",""
"A282880","코윈테크","12","0","KOSDAQ","1.54","243.31","","239.61"
"A284620","카이노스메드","12","0","KOSDAQ","-5.97","15.31","","16.28"
"A284740","쿠쿠홈시스","12","0","KOSPI","0.71","799.89","","794.28"
"A285130","SK케미칼","12","1","KOSPI","-0.13","929.92","","931.09"
"A285490","노바텍","12","0","KOSDAQ","0.4","63.21","","62.96"
"A285800","진영","12","0","외감","","","",""
"A286750","나노실리칸첨단소재","12","0","KOSDAQ","0.11","40.77","","40.72"
"A286940","롯데이노베이트","12","0","KOSPI","1.11","491.91","","486.52"
"A287840","인투셀","12","0","외감","","","",""
"A288180","케이피항공산업","12","0","외감","","","",""
"A288330","파라택시스코리아","12","0","KOSDAQ","-1.31","239.66","","242.84"
"A288620","에스프리즘","12","0","KOSDAQ","5.49","110.29","","104.55"
"A288980","모아데이타","12","0","외감","","","",""
"A289010","아이스크림에듀","12","0","KOSDAQ","-2.74","137","","140.86"
"A289080","SV인베스트먼트","3","0","KOSDAQ","3.55","194.3","","187.65"
"A289220","자이언트스텝","12","0","외감","","","",""
"A289930","웨이비스","12","0","외감","","","",""
"A290090","트윔","12","0","외감","","","",""
"A290120","DH오토리드","12","0","KOSDAQ","0.58","76.08","","75.64"
"A290270","휴네시온","12","0","KOSDAQ","0.37","38.62","","38.48"
"A290520","신도기연","12","0","외감","","","",""
"A290550","디케이티","12","0","KOSDAQ","0.86","76.88","","76.22"
"A290560","파라택시스이더리움","12","0","외감","","","",""
"A290650","엘앤씨바이오","12","0","KOSDAQ","-1.07","476.88","","482.04"
"A290660","다이나믹솔루션","12","0","KOSDAQ","-1.06","50.43","","50.97"
"A290670","대보마그네틱","12","0","KOSDAQ","-0.8","163.77","","165.09"
"A290690","아리바이오홀딩스","12","0","외감","","","",""
"A290720","푸드나무","12","0","KOSDAQ","-1.45","138.5","","140.54"
"A290740","액트로","12","0","KOSDAQ","0","96.29","","96.29"
"A291230","엔피","12","0","KOSDAQ","0.5","15.21","","15.14"
"A291650","압타머사이언스","12","0","외감","","","",""
"A291810","핀텔","12","0","외감","","","",""
"A293480","하나제약","12","0","KOSPI","-1.94","368.55","","375.84"
"A293490","카카오게임즈","12","0","외감","","","",""
"A293580","나우IB","12","0","KOSDAQ","-1.7","46.59","","47.4"
"A293780","압타바이오","12","0","KOSDAQ","-2.65","263.29","","270.45"
"A294090","이오플로우","12","0","외감","","","",""
"A294140","레몬","12","0","KOSDAQ","6.41","515.77","","484.73"
"A294570","쿠콘","12","0","외감","","","",""
"A294630","서남","12","0","KOSDAQ","4.15","68.94","","66.19"
"A294870","IPARK현대산업개발","12","1","KOSPI","1.33","1258.83","","1242.35"
"A295310","에이치브이엠","12","0","외감","","","",""
"A296640","이노에이엑스","12","0","외감","","","",""
"A297090","씨에스베어링","12","0","KOSDAQ","0.32","58.76","","58.57"
"A297570","아틀라스링크","12","0","KOSDAQ","2.53","31.63","","30.85"
"A297890","HB솔루션","12","0","외감","","","",""
"A298000","효성화학","12","0","KOSPI","5.27","318.69","","302.74"
"A298020","효성티앤씨","12","0","KOSPI","0","514.99","","514.99"
"A298040","효성중공업","12","1","KOSPI","5.45","162.25","","153.86"
"A298050","HS효성첨단소재","12","0","KOSPI","1.5","333.31","","328.38"
"A298060","풍전약품","12","0","외감","","","",""
"A298380","에이비엘바이오","12","0","KOSDAQ","-0.28","837.06","","839.37"
"A298540","더네이쳐홀딩스","12","0","외감","","","",""
"A298690","에어부산","12","0","KOSPI","4.59","201.77","","192.92"
"A298830","슈어소프트테크","12","0","외감","","","",""
"A299030","하나기술","12","0","외감","","","",""
"A299170","더블유에스아이","12","0","KOSDAQ","0.25","8.79","","8.77"
"A299660","셀리드","12","0","KOSDAQ","0.69","211.31","","209.86"
"A299900","위지윅스튜디오","12","0","KOSDAQ","-3.2","132.26","","136.63"
"A300080","플리토","12","0","KOSDAQ","-1.46","52.62","","53.39"
"A300120","라온피플","12","0","KOSDAQ","-3.26","183.85","","190.04"
"A300720","한일시멘트","12","0","KOSPI","4.14","354.39","","340.3"
"A301300","바이브컴퍼니","12","0","외감","","","",""
"A302430","이노메트리","12","0","KOSDAQ","3.17","125.45","","121.59"
"A302440","SK바이오사이언스","12","0","외감","","","",""
"A302550","리메드","12","0","KOSDAQ","-3.09","140.4","","144.87"
"A303030","지니틱스","12","0","KOSDAQ","0.21","83.46","","83.28"
"A303360","프로티아","12","0","KONEX","-11.43","62.61","","70.68"
"A303530","이노뎁","12","0","외감","","","",""
"A303810","동국생명과학","12","0","외감","","","",""
"A304100","솔트룩스","12","0","외감","","","",""
"A304360","에스바이오메딕스","12","0","외감","","","",""
"A304840","피플바이오","12","0","외감","","","",""
"A305090","마이크로디지탈","12","0","KOSDAQ","2.23","58.27","","57"
"A306040","에스제이그룹","12","0","KOSDAQ","-1.37","142.33","","144.3"
"A306200","세아제강","12","0","KOSPI","0.25","114.59","","114.3"
"A306620","지아이에스","12","0","KOSDAQ","3.82","62.37","","60.08"
"A307180","아이엘","12","0","KOSDAQ","-2.36","36.46","","37.34"
"A307280","원바이오젠","12","0","KOSDAQ","0.25","7.55","","7.53"
"A307750","국전","12","0","KOSDAQ","-0.25","10.07","","10.1"
"A307870","비투엔","12","0","KOSDAQ","0","9.5","","9.5"
"A307930","컴퍼니케이","12","0","KOSDAQ","-2.44","105.99","","108.65"
"A307950","현대오토에버","12","0","KOSPI","1.43","819","","807.45"
"A308080","바이젠셀","12","0","외감","","","",""
"A308100","형지글로벌","12","0","KOSDAQ","0.9","66.3","","65.7"
"A308170","씨티알모빌리티","12","0","KOSPI","-2.35","268.63","","275.09"
"A308430","셀비온","12","0","외감","","","",""
"A309710","아이티켐","12","0","외감","","","",""
"A309930","조이웍스앤코","12","0","KOSDAQ","0","9.46","","9.46"
"A309960","LB인베스트먼트","12","0","외감","","","",""
"A310200","애니플러스","12","0","KOSDAQ","-1.67","41.04","","41.74"
"A310210","보로노이","12","0","외감","","","",""
"A310870","디와이씨","12","0","KOSDAQ","0.5","6.93","","6.89"
"A311320","지오엘리먼트","12","0","외감","","","",""
"A311390","네오크레마","12","0","KOSDAQ","-0.47","46.53","","46.75"
"A311690","CJ 바이오사이언스","12","0","KOSDAQ","3.7","90.96","","87.71"
"A312610","에이에프더블류","12","0","KOSDAQ","0.48","106.35","","105.84"
"A313760","캐리","12","0","KOSDAQ","1.16","42.25","","41.76"
"A314130","지놈앤컴퍼니","12","0","KONEX","0","276.44","","273.91"
"A314140","알피바이오","12","0","외감","","","",""
"A314930","바이오다인","12","0","외감","","","",""
"A315640","딥노이드","12","0","외감","","","",""
"A316140","우리금융지주","12","1","KOSPI","-1.22","5864.81","","5937.04"
"A317120","라닉스","12","0","KOSDAQ","-1","65.67","","66.33"
"A317240","TS트릴리온","12","0","KOSDAQ","0","8.89","","8.89"
"A317330","덕산테코피아","12","0","KOSDAQ","-2.26","238.91","","244.42"
"A317400","자이에스앤디","12","0","KOSPI","-0.46","115.7","","116.24"
"A317450","명인제약","12","0","외감","","","",""
"A317530","에피소드컴퍼니","12","0","KOSDAQ","3.54","35.56","","34.35"
"A317690","퀀타매트릭스","12","0","외감","","","",""
"A317770","엑스페릭스","12","0","KOSDAQ","-1.37","43.09","","43.69"
"A317830","에스피시스템스","12","0","KOSDAQ","2.93","34.29","","33.32"
"A317850","대모","12","0","KOSDAQ","14.02","46.7","","40.96"
"A317870","엔바이오니아","12","0","KOSDAQ","1.42","42.57","","41.97"
"A318000","KBG","12","0","KOSDAQ","0.36","45.36","","45.2"
"A318010","팜스빌","12","0","KOSDAQ","-1.41","110.61","","112.2"
"A318020","포인트모바일","12","0","외감","","","",""
"A318060","그래피","12","0","외감","","","",""
"A318160","셀바이오휴먼텍","12","0","외감","","","",""
"A318410","비비씨","12","0","외감","","","",""
"A319400","현대무벡스","12","0","KOSDAQ","-0.25","17.2","","17.24"
"A319660","피에스케이","12","0","KOSDAQ","-3.19","268.72","","277.58"
"A320000","한울반도체","12","0","KOSDAQ","-1.91","6.99","","7.06"
"A321260","프로이천","12","0","KOSDAQ","0.25","7","","6.98"
"A321370","센서뷰","12","0","외감","","","",""
"A321550","티움바이오","12","0","KOSDAQ","1.83","261.58","","256.89"
"A321820","아티스트컴퍼니","12","0","외감","","","",""
"A322000","HD현대에너지솔루션","12","0","KOSPI","-2.48","242.48","","248.64"
"A322180","LS티라유텍","12","0","KOSDAQ","0","68.74","","68.74"
"A322310","오로스테크놀로지","12","0","외감","","","",""
"A322510","제이엘케이","12","0","KOSDAQ","-0.16","94.74","","94.89"
"A322780","코퍼스코리아","12","0","KOSDAQ","0.25","9.12","","9.1"
"A323280","태성","12","0","KOSDAQ","0","7.03","","7.03"
"A323350","다원넥스뷰","12","0","KONEX","-3.28","21.54","","22.27"
"A323410","카카오뱅크","12","0","외감","","","",""
"A323990","박셀바이오","12","0","외감","","","",""
"A326030","SK바이오팜","12","0","외감","","","",""
"A327260","RF머트리얼즈","12","0","KOSDAQ","-2.65","78.02","","80.15"
"A328130","루닛","12","0","외감","","","",""
"A328380","솔트웨어","12","0","KOSDAQ","0","12.96","","12.96"
"A329180","HD현대중공업","12","0","외감","","","",""
"A330350","위더스제약","12","0","외감","","","",""
"A330730","스톤브릿지벤처스","12","0","외감","","","",""
"A330860","네패스아크","12","0","외감","","","",""
"A331380","포커스에이아이","12","0","KOSDAQ","-0.25","8.02","","8.04"
"A331520","밸로프","12","0","KOSDAQ","0","7.76","","7.76"
"A331740","아우토크립트","12","0","외감","","","",""
"A331920","셀레믹스","12","0","외감","","","",""
"A332290","누보","12","0","KOSDAQ","0","10.36","","10.36"
"A332370","아이디피","12","0","외감","","","",""
"A332570","PS일렉트로닉스","12","0","외감","","","",""
"A333050","이노테나","12","0","KOSDAQ","0.25","10.05","","10.02"
"A333430","일승","12","0","KOSDAQ","0.25","8.78","","8.76"
"A333620","엔시스","12","0","외감","","","",""
"A334970","프레스티지바이오로직스","6","0","외감","","","",""
"A335810","프리시젼바이오","12","0","외감","","","",""
"A335870","윙스풋","12","0","KOSDAQ","0","6.3","","6.3"
"A336060","웨이버스","12","0","KOSDAQ","0.25","11.86","","11.83"
"A336260","두산퓨얼셀","12","0","KOSPI","1.77","447.83","","440.07"
"A336370","솔루스첨단소재","12","0","KOSPI","4.95","1036.99","","988.05"
"A336570","원텍","12","0","KOSDAQ","0.25","11.22","","11.19"
"A336680","탑런토탈솔루션","12","0","외감","","","",""
"A337930","젝시믹스","12","0","외감","","","",""
"A338220","뷰노","12","0","외감","","","",""
"A338840","와이바이오로직스","12","0","외감","","","",""
"A339770","교촌에프앤비","12","0","외감","","","",""
"A339950","아이비김영","12","0","KOSDAQ","-0.75","13.01","","13.11"
"A340360","다보링크","12","0","KOSDAQ","0.25","13.72","","13.69"
"A340440","세림B&G","12","0","KOSDAQ","0","9.44","","9.44"
"A340450","지씨지놈","12","0","외감","","","",""
"A340570","티앤엘","12","0","외감","","","",""
"A340810","시선AI","12","0","외감","","","",""
"A340930","성원에너텍","12","0","외감","","","",""
"A342870","오아","12","0","외감","","","",""
"A344820","KCC글라스","12","0","KOSPI","1.41","210.43","","207.5"
"A344860","이노진","12","0","외감","","","",""
"A347000","센코","12","0","외감","","","",""
"A347700","스피어","12","0","외감","","","",""
"A347740","피엔케이피부임상연구센타","12","0","외감","","","",""
"A347770","핌스","12","0","외감","","","",""
"A347850","디앤디파마텍","12","0","외감","","","",""
"A347860","알체라","12","0","외감","","","",""
"A347890","엠엑스온","12","0","외감","","","",""
"A348030","모비릭스","12","0","외감","","","",""
"A348080","큐라티스","12","0","외감","","","",""
"A348150","고바이오랩","12","0","외감","","","",""
"A348210","넥스틴","12","0","외감","","","",""
"A348340","뉴로메카","12","0","외감","","","",""
"A348350","위드텍","12","0","외감","","","",""
"A348370","엔켐","12","0","외감","","","",""
"A351320","넥사다이내믹스","12","0","외감","","","",""
"A351330","이삭엔지니어링","12","0","외감","","","",""
"A351870","차이커뮤니케이션","12","0","외감","","","",""
"A352090","스톰테크","12","0","외감","","","",""
"A352480","씨앤씨인터내셔널","12","0","외감","","","",""
"A352700","씨앤투스","12","0","외감","","","",""
"A352770","셀레스트라","12","0","외감","","","",""
"A352820","하이브","12","0","외감","","","",""
"A352910","오비고","12","0","외감","","","",""
"A352940","인바이오","12","0","외감","","","",""
"A353190","휴럼","12","0","외감","","","",""
"A353200","대덕전자","12","0","외감","","","",""
"A353590","오토앤","12","0","외감","","","",""
"A353810","이지바이오","12","0","외감","","","",""
"A354200","엔젠바이오","12","0","외감","","","",""
"A354320","알멕","12","0","외감","","","",""
"A355150","코스텍시스","12","0","외감","","","",""
"A355390","크라우드웍스","12","0","외감","","","",""
"A355690","에이텀","12","0","외감","","","",""
"A356680","엑스게이트","12","0","외감","","","",""
"A356860","티엘비","12","0","외감","","","",""
"A356890","싸이버원","12","0","외감","","","",""
"A357230","에이치피오","12","0","외감","","","",""
"A357550","석경에이티","12","0","외감","","","",""
"A357580","아모센스","12","0","외감","","","",""
"A357780","솔브레인","12","0","외감","","","",""
"A357880","SKAI","12","0","외감","","","",""
"A358570","지아이이노베이션","12","0","외감","","","",""
"A359090","씨엔알리서치","12","0","외감","","","",""
"A360070","탑머티리얼","12","0","외감","","","",""
"A360350","코셈","12","0","외감","","","",""
"A361390","제노코","12","0","외감","","","",""
"A361570","알비더블유","12","0","외감","","","",""
"A361610","SK아이이테크놀로지","12","0","외감","","","",""
"A361670","삼영에스앤씨","12","0","외감","","","",""
"A362320","청담글로벌","12","0","외감","","","",""
"A362990","드림인사이트","12","0","외감","","","",""
"A363250","진시스템","12","0","외감","","","",""
"A363260","모비데이즈","12","0","외감","","","",""
"A363280","티와이홀딩스","12","0","외감","","","",""
"A364950","에이아이코리아","12","0","외감","","","",""
"A365270","큐라클","12","0","외감","","","",""
"A365330","에스와이스틸텍","12","0","외감","","","",""
"A365340","성일하이텍","12","0","외감","","","",""
"A365590","하이딥","12","0","외감","","","",""
"A365900","브이씨","12","0","외감","","","",""
"A366030","나인앤컴퍼니","12","0","외감","","","",""
"A367000","플래티어","12","0","외감","","","",""
"A368600","아이씨에이치","12","0","외감","","","",""
"A368770","파이버프로","12","0","외감","","","",""
"A368970","오에스피","12","0","외감","","","",""
"A369370","블리츠웨이엔터테인먼트","12","0","외감","","","",""
"A370090","퓨런티어","12","0","외감","","","",""
"A371950","풍원정밀","12","0","외감","","","",""
"A372170","윤성에프앤씨","12","0","외감","","","",""
"A372320","큐로셀","12","0","외감","","","",""
"A372800","아이티아이즈","12","0","외감","","","",""
"A372910","한컴라이프케어","12","0","외감","","","",""
"A373110","엑셀세라퓨틱스","12","0","외감","","","",""
"A373160","데이원컴퍼니","12","0","외감","","","",""
"A373170","엠아이큐브솔루션","12","0","외감","","","",""
"A373200","엑스플러스","12","0","외감","","","",""
"A373220","LG에너지솔루션","12","0","외감","","","",""
"A375500","DL이앤씨","12","0","외감","","","",""
"A376180","피코그램","12","0","외감","","","",""
"A376270","HEM파마","12","0","외감","","","",""
"A376290","씨유테크","12","0","외감","","","",""
"A376300","디어유","12","0","외감","","","",""
"A376900","로킷헬스케어","12","0","외감","","","",""
"A376930","노을","12","0","외감","","","",""
"A376980","원티드랩","12","0","외감","","","",""
"A377030","비트맥스","12","0","외감","","","",""
"A377220","프롬바이오","12","0","외감","","","",""
"A377300","카카오페이","12","0","외감","","","",""
"A377330","이지트로닉스","12","0","외감","","","",""
"A377450","리파인","12","0","외감","","","",""
"A377460","큐에이드","12","0","외감","","","",""
"A377480","마음AI","12","0","외감","","","",""
"A377740","바이오노트","12","0","외감","","","",""
"A378340","필에너지","12","0","외감","","","",""
"A378800","샤페론","12","0","외감","","","",""
"A378850","화승알앤에이","12","0","외감","","","",""
"A380540","옵티코어","12","0","외감","","","",""
"A380550","뉴로핏","12","0","외감","","","",""
"A381620","제닉스로보틱스","12","0","외감","","","",""
"A381970","케이카","12","0","외감","","","",""
"A382150","온코크로스","12","0","외감","","","",""
"A382480","지아이텍","12","0","외감","","","",""
"A382800","지앤비에스 에코","12","0","외감","","","",""
"A382840","원준","12","0","외감","","","",""
"A382900","범한퓨얼셀","12","0","외감","","","",""
"A383220","F&F","12","0","외감","","","",""
"A383310","에코프로에이치엔","12","0","외감","","","",""
"A383800","LX홀딩스","12","0","외감","","","",""
"A383930","디티앤씨알오","12","0","외감","","","",""
"A384470","코어라인소프트","12","0","외감","","","",""
"A387570","파인메딕스","12","0","외감","","","",""
"A388050","지투파워","12","0","외감","","","",""
"A388210","씨엠티엑스","12","0","외감","","","",""
"A388610","지에프씨생명과학","12","0","외감","","","",""
"A388720","유일로보틱스","12","0","외감","","","",""
"A388790","라이콤","12","0","외감","","","",""
"A388870","파로스아이바이오","12","0","외감","","","",""
"A389020","자람테크놀로지","12","0","외감","","","",""
"A389030","지니너스","12","0","외감","","","",""
"A389140","포바이포","12","0","외감","","","",""
"A389260","대명에너지","12","0","외감","","","",""
"A389470","인벤티지랩","12","0","외감","","","",""
"A389500","에스비비테크","12","0","외감","","","",""
"A389650","넥스트바이오메디컬","12","0","외감","","","",""
"A389680","유디엠텍","12","0","외감","","","",""
"A391710","코닉오토메이션","12","0","외감","","","",""
"A393210","토마토시스템","12","0","외감","","","",""
"A393890","더블유씨피","12","0","외감","","","",""
"A393970","대진첨단소재","12","0","외감","","","",""
"A394280","오픈엣지테크놀로지","12","0","외감","","","",""
"A394420","리센스메디컬","12","0","외감","","","",""
"A394800","쓰리빌리언","12","0","외감","","","",""
"A396270","넥스트칩","12","0","외감","","","",""
"A396300","세아메카닉스","12","0","외감","","","",""
"A396470","워트","12","0","외감","","","",""
"A397030","에이프릴바이오","12","0","외감","","","",""
"A397810","애드포러스","12","0","외감","","","",""
"A398120","에스지헬스케어","12","0","외감","","","",""
"A399720","가온칩스","12","0","외감","","","",""
"A402030","코난테크놀로지","12","0","외감","","","",""
"A402340","SK스퀘어","12","0","외감","","","",""
"A402490","그린리소스","12","0","외감","","","",""
"A403490","우듬지팜","12","0","외감","","","",""
"A403550","쏘카","12","0","외감","","","",""
"A403850","더핑크퐁컴퍼니","12","0","외감","","","",""
"A403870","HPSP","12","0","외감","","","",""
"A405000","플라즈맵","12","0","외감","","","",""
"A405100","큐알티","12","0","외감","","","",""
"A405920","나라셀라","12","0","외감","","","",""
"A406820","뷰티스킨","12","0","외감","","","",""
"A407400","꿈비","12","0","외감","","","",""
"A408470","한패스","12","0","외감","","","",""
"A408900","스튜디오미르","12","0","외감","","","",""
"A408920","메쎄이상","12","0","외감","","","",""
"A411080","샌즈랩","12","0","외감","","","",""
"A412350","레이저쎌","12","0","외감","","","",""
"A412540","제일엠앤에스","12","0","외감","","","",""
"A413390","엠오티","12","0","외감","","","",""
"A413630","씨피시스템","12","0","외감","","","",""
"A413640","비아이매트릭스","12","0","외감","","","",""
"A415380","스튜디오삼익","12","0","외감","","","",""
"A416180","신성에스티","12","0","외감","","","",""
"A417010","나노팀","12","0","외감","","","",""
"A417180","핑거스토리","12","0","외감","","","",""
"A417200","LS머트리얼즈","12","0","외감","","","",""
"A417500","제이아이테크","12","0","외감","","","",""
"A417790","트루엔","12","0","외감","","","",""
"A417840","저스템","12","0","외감","","","",""
"A417860","오브젠","12","0","외감","","","",""
"A417970","모델솔루션","12","0","외감","","","",""
"A418250","시큐레터","12","0","외감","","","",""
"A418420","라온텍","12","0","외감","","","",""
"A418470","KT밀리의서재","12","0","외감","","","",""
"A418550","제이오","12","0","외감","","","",""
"A418620","E8","12","0","외감","","","",""
"A419050","삼기에너지솔루션즈","12","0","외감","","","",""
"A419080","엔젯","12","0","외감","","","",""
"A419120","산돌","12","0","외감","","","",""
"A419530","SAMG엔터","12","0","외감","","","",""
"A419540","비스토스","12","0","외감","","","",""
"A420570","제이투케이바이오","12","0","외감","","","",""
"A420770","기가비스","12","0","외감","","","",""
"A424760","벨로크","12","0","외감","","","",""
"A424870","이뮨온시아","12","0","외감","","","",""
"A424960","스마트레이더시스템","12","0","외감","","","",""
"A424980","마이크로투나노","12","0","외감","","","",""
"A425040","티이엠씨","12","0","외감","","","",""
"A425420","티에프이","12","0","외감","","","",""
"A429270","시지트로닉스","12","0","외감","","","",""
"A430690","한싹","12","0","외감","","","",""
"A431190","케이쓰리아이","12","0","외감","","","",""
"A432430","와이랩","12","0","외감","","","",""
"A432470","케이엔에스","12","0","외감","","","",""
"A432720","퀄리타스반도체","12","0","외감","","","",""
"A432980","엠에프씨","12","0","외감","","","",""
"A434480","모니터랩","12","0","외감","","","",""
"A435570","에르코스","12","0","외감","","","",""
"A437730","삼현","12","0","외감","","","",""
"A438700","버넥트","12","0","외감","","","",""
"A439090","마녀공장","12","0","외감","","","",""
"A439260","대한조선","12","0","외감","","","",""
"A439580","블루엠텍","12","0","외감","","","",""
"A439960","코스모로보틱스","12","0","외감","","","",""
"A440110","파두","12","0","외감","","","",""
"A440290","HB인베스트먼트","12","0","외감","","","",""
"A440320","오픈놀","12","0","외감","","","",""
"A441270","파인엠텍","12","0","외감","","","",""
"A443060","HD현대마린솔루션","12","0","외감","","","",""
"A443250","레뷰코퍼레이션","12","0","외감","","","",""
"A443670","에스피소프트","12","0","외감","","","",""
"A444530","심플랫폼","12","0","외감","","","",""
"A445090","에이직랜드","12","0","외감","","","",""
"A445180","퓨릿","12","0","외감","","","",""
"A445680","큐리옥스바이오시스템즈","12","0","외감","","","",""
"A446070","유니드비티플러스","12","0","외감","","","",""
"A446540","메가터치","12","0","외감","","","",""
"A446840","지슨","12","0","외감","","","",""
"A448280","에코아이","12","0","외감","","","",""
"A448710","코츠테크놀로지","12","0","외감","","","",""
"A448900","한국피아이엠","12","0","외감","","","",""
"A450080","에코프로머티","12","0","외감","","","",""
"A450330","하스","12","0","외감","","","",""
"A450520","인스웨이브","12","0","외감","","","",""
"A450950","아스테라시스","12","0","외감","","","",""
"A451220","아이엠티","12","0","외감","","","",""
"A451250","삐아","12","0","외감","","","",""
"A451760","컨텍","12","0","외감","","","",""
"A452160","제이엔비","12","0","외감","","","",""
"A452190","한빛레이저","12","0","외감","","","",""
"A452200","민테크","12","0","외감","","","",""
"A452260","한화갤러리아","12","0","외감","","","",""
"A452280","한선엔지니어링","12","0","외감","","","",""
"A452300","캡스톤파트너스","12","0","외감","","","",""
"A452400","이닉스","12","0","외감","","","",""
"A452430","사피엔반도체","12","0","외감","","","",""
"A452450","피아이이","12","0","외감","","","",""
"A453340","현대그린푸드","12","0","외감","","","",""
"A453450","그리드위즈","12","0","외감","","","",""
"A453860","에이에스텍","12","0","외감","","","",""
"A454910","두산로보틱스","12","0","외감","","","",""
"A455180","케이지에이","12","0","외감","","","",""
"A455900","엔젤로보틱스","12","0","외감","","","",""
"A456010","아이씨티케이","12","0","외감","","","",""
"A456040","OCI","12","0","외감","","","",""
"A456070","이엔셀","12","0","외감","","","",""
"A456160","지투지바이오","12","0","외감","","","",""
"A457190","이수스페셜티케미컬","12","0","외감","","","",""
"A457370","한켐","12","0","외감","","","",""
"A457550","우진엔텍","12","0","외감","","","",""
"A457600","벡트","12","0","외감","","","",""
"A458350","에스팀","12","0","외감","","","",""
"A458650","성우","12","0","외감","","","",""
"A458870","씨어스","12","0","외감","","","",""
"A459100","위츠","12","0","외감","","","",""
"A459510","나우로보틱스","12","0","외감","","","",""
"A459550","알트","12","0","외감","","","",""
"A460470","아이빔테크놀로지","12","0","외감","","","",""
"A460850","동국씨엠","12","0","외감","","","",""
"A460860","동국제강","12","0","외감","","","",""
"A460870","에스엠씨지","12","0","외감","","","",""
"A460930","현대힘스","12","0","외감","","","",""
"A460940","피앤에스로보틱스","12","0","외감","","","",""
"A461030","아이엠비디엑스","12","0","외감","","","",""
"A461300","아이스크림미디어","12","0","외감","","","",""
"A462310","뉴키즈온","12","0","외감","","","",""
"A462350","이노스페이스","12","0","외감","","","",""
"A462510","라메디텍","12","0","외감","","","",""
"A462520","조선내화","12","0","외감","","","",""
"A462860","더즌","12","0","외감","","","",""
"A462870","시프트업","12","0","외감","","","",""
"A462980","아이지넷","12","0","외감","","","",""
"A463020","뉴엔AI","12","0","외감","","","",""
"A463480","모티브링크","12","0","외감","","","",""
"A464080","에스오에스랩","12","0","외감","","","",""
"A464280","티디에스팜","12","0","외감","","","",""
"A464490","쿼드메디슨","12","0","외감","","","",""
"A464500","아이언디바이스","12","0","외감","","","",""
"A464580","닷밀","12","0","외감","","","",""
"A465480","인스피언","12","0","외감","","","",""
"A465770","STX그린로지스","12","0","외감","","","",""
"A466100","클로봇","12","0","외감","","","",""
"A466410","사이냅소프트","12","0","외감","","","",""
"A468530","프로티나","12","0","외감","","","",""
"A469610","이노테크","12","0","외감","","","",""
"A469750","아이비젼웍스","12","0","외감","","","",""
"A471820","셀로맥스사이언스","12","0","외감","","","",""
"A472850","폰드그룹","12","0","외감","","","",""
"A473980","노머스","12","0","외감","","","",""
"A474170","루미르","12","0","외감","","","",""
"A474610","RF시스템즈","12","0","외감","","","",""
"A474650","링크솔루션","12","0","외감","","","",""
"A475150","SK이터닉스","12","0","외감","","","",""
"A475230","엔알비","12","0","외감","","","",""
"A475400","씨메스로보틱스","12","0","외감","","","",""
"A475430","키스트론","12","0","외감","","","",""
"A475460","미트박스","12","0","외감","","","",""
"A475560","더본코리아","12","0","외감","","","",""
"A475580","에이럭스","12","0","외감","","","",""
"A475660","에스켐","12","0","외감","","","",""
"A475830","오름테라퓨틱","12","0","외감","","","",""
"A475960","토모큐브","12","0","외감","","","",""
"A476040","오가노이드사이언스","12","0","외감","","","",""
"A476060","온코닉테라퓨틱스","12","0","외감","","","",""
"A476080","M83","12","0","외감","","","",""
"A476830","알지노믹스","12","0","외감","","","",""
"A477850","마키나락스","12","0","외감","","","",""
"A478340","나라스페이스테크놀로지","12","0","외감","","","",""
"A478560","블랙야크아이앤씨","12","0","외감","","","",""
"A479960","위너스일렉","12","0","외감","","","",""
"A480370","씨케이솔루션","12","0","외감","","","",""
"A481070","에이유브랜즈","12","0","외감","","","",""
"A482630","삼양엔씨켐","12","0","외감","","","",""
"A483650","달바글로벌","12","0","외감","","","",""
"A484120","도우인시스","12","0","외감","","","",""
"A484590","삼양컴텍","12","0","외감","","","",""
"A484810","티엑스알로보틱스","12","0","외감","","","",""
"A484870","엠앤씨솔루션","12","0","외감","","","",""
"A486990","노타","12","0","외감","","","",""
"A487570","HS효성","12","0","외감","","","",""
"A487580","폴레드","12","0","외감","","","",""
"A488280","에스투더블유","12","0","외감","","","",""
"A488900","비츠로넥스텍","12","0","외감","","","",""
"A489460","바이오비쥬","12","0","외감","","","",""
"A489500","엘케이켐","12","0","외감","","","",""
"A489790","한화비전","12","0","외감","","","",""
"A490470","세미파이브","12","0","외감","","","",""
"A491000","리브스메드","12","0","외감","","","",""
"A493280","아이엠바이오로직스","12","0","외감","","","",""
"A493330","지에프아이","12","0","외감","","","",""
"A494120","큐리오시스","12","0","외감","","","",""
"A499790","GS피앤엘","12","0","외감","","","",""
"A900070","글로벌에스엠","12","0","KOSDAQ","1.4","31.17","","30.74"
"A900100","파이온엑스","12","0","KOSDAQ","0","74.16","","74.16"
"A900110","딥커머스","12","0","KOSDAQ","0","25.07","","25.07"
"A900120","씨엑스아이","6","0","KOSDAQ","6.91","25.61","","23.96"
"A900140","엘브이엠씨홀딩스","12","0","KOSPI","0.51","252.79","","251.51"
"A900250","크리스탈신소재","12","0","KOSDAQ","-1.42","93.88","","95.24"
"A900260","로스웰","12","0","KOSDAQ","-0.72","58.7","","59.12"
"A900270","헝셩그룹","12","0","KOSDAQ","-0.12","67.76","","67.84"
"A900290","GRT","6","0","KOSDAQ","-0.53","125.32","","125.99"
"A900300","오가닉티코스메틱","12","0","KOSDAQ","1.7","68.03","","66.89"
"A900310","컬러레이","12","0","KOSDAQ","-1.24","85.86","","86.94"
"A900340","윙입푸드","12","0","KOSDAQ","-1.1","86.35","","87.31"
"A950130","엑세스바이오","12","0","KOSDAQ","7.05","145.39","","135.82"
"A950140","잉글우드랩","12","0","KOSDAQ","-4.12","85.63","","89.31"
"A950160","코오롱티슈진","12","0","KOSDAQ","0","489.55","","489.55"
"A950170","JTC","2","0","KOSDAQ","1.56","182.73","","179.93"
"A950190","고스트스튜디오","12","0","외감","","","",""
"A950200","소마젠","12","0","외감","","","",""
"A950210","프레스티지바이오파마","6","0","외감","","","",""
"A950220","네오이뮨텍","12","0","외감","","","",""
"A950250","테라뷰","4","0","외감","","","",""
