"Code","Name","결산월","코스피200 구성종목여부(1:해당, 0:미해당)","상장된 시장","수정주가수익률","시가총액","","이전 시가총액"
"A000020","동화약품","12","0","KOSPI","-2.4","511.15","","523.72"
"A000040","KR모터스","12","0","KOSPI","-0.72","88.82","","89.46"
"A000050","경방","12","0","KOSPI","1.83","304.31","","298.83"
"A000070","삼양홀딩스","12","1","KOSPI","-1.25","540.41","","547.26"
"A000080","하이트진로","12","1","KOSPI","-1.56","2426.62","","2465.2"
"A000100","유한양행","12","1","KOSPI","-1.23","4278.84","","4332.32"
"A000120","CJ대한통운","12","1","KOSPI","-3.61","3649.98","","3786.85"
"A000140","하이트진로홀딩스","12","0","KOSPI","0","362.03","","362.03"
"A000150","두산","12","1","KOSPI","-0.43","772.49","","775.79"
"A000180","성창기업지주","12","0","KOSPI","4.55","136.36","","130.44"
"A0001A0","덕양에너젠","12","0","외감","","","",""
"A000210","DL","12","1","KOSPI","-0.13","2745.72","","2749.2"
"A000220","유유제약","12","0","KOSPI","-2.41","101","","103.5"
"A000230","일동홀딩스","12","0","KOSPI","-0.54","106.4","","106.98"
"A000240","한국앤컴퍼니","12","1","KOSPI","-0.64","1441.81","","1451.11"
"A000250","삼천당제약","12","0","KOSDAQ","-4.76","1229.47","","1290.95"
"A000270","기아","12","1","KOSPI","-1.15","20916.75","","21159.97"
"A000300","DH오토넥스","12","0","KOSPI","0.63","91.9","","91.33"
"A000320","노루홀딩스","12","0","KOSPI","0.44","122.54","","122.01"
"A000370","한화손해보험","12","0","KOSPI","-0.88","330.37","","333.29"
"A000390","SP삼화","12","0","KOSPI","3.03","134.84","","130.87"
"A000400","롯데손해보험","12","0","KOSPI","-0.29","527.57","","529.12"
"A000430","대원강업","12","0","KOSPI","-1.11","248","","250.79"
"A000440","중앙에너비스","12","0","KOSDAQ","0.38","50","","49.82"
"A000480","CR홀딩스","12","0","KOSPI","0.13","298.4","","298"
"A000490","대동","12","0","KOSPI","0.14","169.89","","169.66"
"A0004V0","엔비알모션","12","0","외감","","","",""
"A000500","가온전선","12","0","KOSPI","-2.48","89.86","","92.15"
"A000520","삼일제약","12","0","KOSPI","-1.62","142.6","","144.94"
"A000540","흥국화재","12","0","KOSPI","-1.46","173.46","","176.02"
"A000590","CS홀딩스","12","0","KOSPI","2.15","65.81","","64.42"
"A000640","동아쏘시오홀딩스","12","1","KOSPI","-1.3","696.7","","705.91"
"A000650","천일고속","12","0","KOSPI","-0.15","94.9","","95.04"
"A000660","SK하이닉스","12","1","KOSPI","0.23","62826.6","","62681"
"A000670","영풍","12","1","KOSPI","-0.79","922.86","","930.23"
"A000680","LS네트웍스","12","0","KOSPI","-1.16","168.24","","170.21"
"A000700","유수홀딩스","12","0","KOSPI","1.54","136.98","","134.9"
"A000720","현대건설","12","1","KOSPI","-0.8","3457.6","","3485.44"
"A000760","이화산업","12","0","KOSPI","-1.67","41.16","","41.86"
"A0007C0","아크릴","12","0","외감","","","",""
"A0007J0","인벤테라","12","0","외감","","","",""
"A000810","삼성화재","12","1","KOSPI","-0.55","8645.91","","8693.28"
"A000850","화천기공","12","0","KOSPI","0.33","67.76","","67.54"
"A000860","강남제비스코","12","0","KOSPI","0","110.18","","110.18"
"A000880","한화","12","1","KOSPI","-0.59","1907.7","","1918.94"
"A000890","보해양조","12","0","KOSPI","4.84","113.18","","107.95"
"A0008Z0","에스엔시스","12","0","외감","","","",""
"A000910","유니온","12","0","KOSPI","-2.88","99.91","","102.88"
"A000950","전방","12","0","KOSPI","0","43.6","","43.6"
"A000970","한국주철관","12","0","KOSPI","0.5","184","","183.09"
"A000990","DB하이텍","12","1","KOSPI","-2.1","1551.73","","1585.03"
"A0009K0","에임드바이오","12","0","외감","","","",""
"A001000","신라섬유","12","0","KOSDAQ","-2.36","55.23","","56.57"
"A001020","페이퍼코리아","12","0","KOSPI","-1.49","58.2","","59.08"
"A001040","CJ","12","1","KOSPI","0.63","2313.74","","2299.15"
"A001060","JW중외제약","12","1","KOSPI","-2.01","662.12","","675.72"
"A001070","대한방직","12","0","KOSPI","1.47","183.38","","180.73"
"A001080","만호제강","6","0","KOSPI","-0.67","61.84","","62.25"
"A0010F0","보원케미칼","12","0","외감","","","",""
"A0010V0","제이피아이헬스케어","12","0","외감","","","",""
"A001120","LX인터내셔널","12","1","KOSPI","-0.3","645.35","","647.29"
"A001130","대한제분","12","0","KOSPI","1","256.04","","253.5"
"A0011A0","액스비스","12","0","외감","","","",""
"A0011T0","채비","12","0","외감","","","",""
"A001200","유진투자증권","12","0","KOSPI","-2.05","346.3","","353.56"
"A001210","금호전기","12","0","KOSPI","-0.25","47.93","","48.05"
"A001230","동국홀딩스","12","1","KOSPI","-1.08","611.72","","618.4"
"A001250","GS글로벌","12","0","KOSPI","-0.57","143.61","","144.43"
"A001260","남광토건","12","0","KOSPI","1.11","98.29","","97.2"
"A001270","부국증권","12","0","KOSPI","0","226.06","","226.06"
"A001290","상상인증권","12","0","KOSPI","0","98.99","","98.99"
"A001340","PKC","12","0","KOSPI","-1.4","142.84","","144.86"
"A001360","삼성제약","12","0","KOSPI","-0.96","222.81","","224.96"
"A001380","SG글로벌","12","0","KOSPI","3.94","89.03","","85.66"
"A001390","KG케미칼","12","0","KOSPI","-0.75","257.01","","258.96"
"A0013V0","삼진식품","12","0","외감","","","",""
"A001420","태원물산","12","0","KOSPI","-1.28","29.37","","29.75"
"A001430","세아베스틸지주","12","1","KOSPI","-1.83","346.07","","352.52"
"A001440","대한전선","12","0","KOSPI","-0.59","723.72","","728"
"A001450","현대해상","12","1","KOSPI","0.21","2167.95","","2163.48"
"A001460","BYC","12","0","KOSPI","-0.6","156.47","","157.4"
"A001470","삼부토건","12","0","KOSPI","12.46","533.68","","474.53"
"A001500","현대차증권","12","0","KOSPI","0","328.58","","328.58"
"A001510","SK증권","12","0","KOSPI","0.99","336.96","","333.65"
"A001520","동양","12","0","KOSPI","-0.43","273.29","","274.49"
"A001530","DI동일","12","0","KOSPI","0","211.3","","211.3"
"A001540","안국약품","12","0","KOSDAQ","-1.81","177.38","","180.64"
"A001550","조비","12","0","KOSPI","-2.2","92.42","","94.5"
"A001560","제일연마","12","0","KOSPI","1.01","70","","69.3"
"A001570","금양","12","0","KOSPI","0.19","226.85","","226.41"
"A0015G0","그린광학","12","0","외감","","","",""
"A0015N0","아로마티카","12","0","외감","","","",""
"A0015S0","페스카로","12","0","외감","","","",""
"A001620","케이비아이동국실업","12","0","KOSPI","-0.17","39.63","","39.69"
"A001630","종근당홀딩스","12","0","KOSPI","-1.44","513.51","","521.03"
"A001680","대상","12","1","KOSPI","-1.77","864.47","","880.06"
"A001720","신영증권","3","0","KOSPI","-0.64","439.75","","442.56"
"A001740","SK네트웍스","12","1","KOSPI","-1.71","1141.66","","1161.52"
"A001750","한양증권","12","0","KOSPI","-0.22","115.07","","115.32"
"A001770","SHD","12","0","KOSPI","-1.69","24.72","","25.15"
"A001780","알루코","12","0","KOSPI","1.63","363.62","","357.79"
"A001790","대한제당","12","0","KOSPI","0.26","170.42","","169.98"
"A0017J0","세미티에스","12","0","외감","","","",""
"A001800","오리온홀딩스","12","1","KOSPI","-0.77","804.99","","811.26"
"A001810","무림SP","12","0","KOSDAQ","-1.02","53.46","","54.02"
"A001820","삼화콘덴서","12","0","KOSPI","-1.31","546.78","","554.05"
"A001840","이화공영","12","0","KOSDAQ","-1.36","100.81","","102.2"
"A001940","KISCO홀딩스","12","0","KOSPI","0.41","227.26","","226.34"
"A002020","코오롱","12","0","KOSPI","-0.75","251.9","","253.79"
"A002030","아세아","12","0","KOSPI","0.37","179.66","","179.01"
"A002070","비비안","12","0","KOSPI","1.17","92.24","","91.17"
"A002100","경농","12","0","KOSPI","-1.24","258.13","","261.39"
"A002140","고려산업","12","0","KOSPI","-2","91.53","","93.4"
"A002150","도화엔지니어링","12","0","KOSPI","0","253.24","","253.24"
"A002170","SYTS","12","0","KOSPI","-1.26","187.8","","190.2"
"A002200","한국수출포장","12","0","KOSPI","0.26","76.4","","76.2"
"A002210","동성제약","12","0","KOSPI","2.64","304.08","","296.25"
"A002220","한일철강","12","0","KOSPI","0","40.02","","40.02"
"A002230","피에스텍","12","0","KOSDAQ","0.69","85.95","","85.36"
"A002240","고려제강","12","0","KOSPI","0","286","","286"
"A002290","삼일기업공사","12","0","KOSDAQ","0.88","42.78","","42.41"
"A002310","아세아제지","12","0","KOSPI","-2.22","276.31","","282.58"
"A002320","한진","12","0","KOSPI","0.1","592.15","","591.55"
"A002350","넥센타이어","12","1","KOSPI","-1.47","524.48","","532.29"
"A002360","SH에너지화학","12","0","KOSPI","0.87","90.02","","89.24"
"A002380","KCC","12","1","KOSPI","-0.62","1435.17","","1444.05"
"A002390","한독","12","0","KOSPI","2.2","448","","438.37"
"A002410","범양건영","12","0","KOSPI","2.67","143.28","","139.56"
"A002420","세기상사","12","0","KOSPI","0","25.11","","25.11"
"A002450","삼익악기","12","0","KOSPI","1.8","127.65","","125.39"
"A002460","HS화성","12","0","KOSPI","-2.76","153.77","","158.13"
"A002600","조흥","12","0","KOSPI","0.32","94.5","","94.2"
"A002620","제일파마홀딩스","12","0","KOSPI","7.49","389.75","","362.6"
"A002630","오리엔트바이오","3","0","KOSPI","0","195.05","","195.05"
"A002680","한탑","12","0","KOSDAQ","-0.44","50.17","","50.4"
"A002690","동일제강","12","0","KOSPI","-1.88","35.33","","36"
"A002700","신일전자","12","0","KOSPI","-1.06","132.15","","133.57"
"A002710","TCC스틸","12","0","KOSPI","1.07","86.94","","86.02"
"A002720","국제약품","12","0","KOSPI","3.68","186.77","","180.14"
"A002760","보락","12","0","KOSPI","3.69","143.16","","138.07"
"A002780","진흥기업","12","0","KOSPI","-0.86","335.31","","338.22"
"A002790","아모레퍼시픽홀딩스","12","1","KOSPI","0.65","3809.57","","3784.83"
"A002800","신신제약","12","0","KOSDAQ","-1.92","123.79","","126.22"
"A002810","삼영무역","12","0","KOSPI","-1.44","253","","256.69"
"A002820","SUN&L","12","0","KOSPI","0","56.48","","56.48"
"A002840","미원상사","12","0","KOSPI","-0.2","487.06","","488.05"
"A002870","신풍","12","0","KOSPI","0.21","81.63","","81.45"
"A002880","디와이에이","12","0","KOSPI","1.61","87.46","","86.07"
"A002900","TYM","12","0","KOSPI","3.05","212.95","","206.65"
"A002920","유성기업","12","0","KOSPI","0","72.26","","72.26"
"A002960","한국쉘석유","12","0","KOSPI","-0.21","313.95","","314.6"
"A002990","금호건설","12","0","KOSPI","-1.26","257.9","","261.2"
"A003000","부광약품","12","1","KOSPI","-2.77","1595.01","","1640.4"
"A003010","혜인","12","0","KOSPI","2.67","68.52","","66.74"
"A003030","세아제강지주","12","0","KOSPI","-3.42","187.2","","193.83"
"A003060","에이프로젠바이오로직스","12","0","KOSPI","-2.63","516.16","","530.11"
"A003070","코오롱글로벌","12","0","KOSPI","-1.58","471.44","","479"
"A003080","SB성보","12","0","KOSPI","0.49","81.88","","81.48"
"A003090","대웅","12","0","KOSPI","-3.19","1412.85","","1459.36"
"A003100","선광","12","0","KOSDAQ","-1.61","161.37","","164.01"
"A003120","일성아이에스","12","0","KOSPI","-0.64","206.95","","208.28"
"A003160","디아이","12","0","KOSPI","-1.6","125.83","","127.88"
"A003200","일신방직","12","0","KOSPI","-0.29","163.92","","164.4"
"A003220","대원제약","12","0","KOSPI","1.3","393.74","","388.68"
"A003230","삼양식품","12","0","KOSPI","-0.49","764.6","","768.37"
"A003240","태광산업","12","1","KOSPI","-2.88","826.14","","850.64"
"A003280","흥아해운","12","0","KOSPI","0","30.12","","30.12"
"A003300","한일홀딩스","12","0","KOSPI","-2.08","271.73","","277.5"
"A003310","대주산업","12","0","KOSDAQ","-3.79","80.87","","84.06"
"A003350","한국화장품제조","12","0","KOSPI","0.74","185.36","","184"
"A003380","하림지주","12","0","KOSDAQ","-0.73","630.69","","635.31"
"A003460","유화증권","12","0","KOSPI","0","130.7","","130.7"
"A003470","유안타증권","12","0","KOSPI","-1.08","549.89","","555.88"
"A003480","한진중공업홀딩스","12","0","KOSPI","0.27","109.56","","109.26"
"A003490","대한항공","12","1","KOSPI","1.46","3623.56","","3571.3"
"A003520","영진약품","12","1","KOSPI","-2.41","1335.12","","1368.04"
"A003530","한화투자증권","12","0","KOSPI","-1.68","377.6","","384.04"
"A003540","대신증권","12","0","KOSPI","-1.49","672.75","","682.9"
"A003550","LG","12","1","KOSPI","3.09","12648.44","","12268.81"
"A003570","SNT다이내믹스","12","0","KOSPI","0.95","177.24","","175.57"
"A003580","HLB글로벌","12","0","KOSPI","-1.6","179.97","","182.9"
"A003610","방림","9","0","KOSPI","-0.27","78.49","","78.7"
"A003620","KG모빌리티","12","0","KOSPI","-1.41","629.33","","638.32"
"A003650","미창석유","12","0","KOSPI","-0.16","109.6","","109.77"
"A003670","포스코퓨처엠","12","1","KOSPI","1.82","5116.91","","5025.43"
"A003680","한성기업","12","0","KOSPI","-0.7","61.66","","62.1"
"A003690","코리안리","12","0","KOSPI","-0.4","903.97","","907.58"
"A003720","삼영","12","0","KOSPI","-1.84","72.42","","73.78"
"A003780","진양산업","12","0","KOSPI","-2.27","55.9","","57.2"
"A003800","에이스침대","12","0","KOSDAQ","2.24","455.8","","445.82"
"A003830","대한화섬","12","0","KOSPI","-0.71","111.42","","112.22"
"A003850","보령","12","1","KOSPI","0.32","735.73","","733.35"
"A003920","남양유업","12","0","KOSPI","-0.94","189.72","","191.52"
"A003960","사조대림","12","0","KOSPI","-1.08","126.47","","127.84"
"A004000","롯데정밀화학","12","1","KOSPI","-0.19","1369.98","","1372.56"
"A004020","현대제철","12","1","KOSPI","-0.5","3976.68","","3996.7"
"A004060","SG세계물산","12","0","KOSPI","-0.34","118.22","","118.62"
"A004080","신흥","12","0","KOSPI","0","115.2","","115.2"
"A004090","한국석유","12","0","KOSPI","0.32","60.74","","60.54"
"A004100","태양금속","12","0","KOSPI","-0.96","37.98","","38.35"
"A004140","동방","12","0","KOSPI","-0.75","73.92","","74.48"
"A004150","한솔홀딩스","12","0","KOSPI","-0.45","139.89","","140.52"
"A004170","신세계","12","1","KOSPI","-0.23","2097.02","","2101.95"
"A004250","NPC","12","0","KOSPI","0.5","110.89","","110.34"
"A004270","남성","12","0","KOSPI","-0.78","137.43","","138.51"
"A004310","현대약품","11","0","KOSPI","-1.31","193.28","","195.84"
"A004360","세방","12","0","KOSPI","-0.65","177.25","","178.41"
"A004370","농심","12","1","KOSPI","-0.99","1827.83","","1846.08"
"A004380","삼익THK","12","0","KOSPI","0","223.65","","223.65"
"A004410","서울식품","12","0","KOSPI","0.66","51.62","","51.29"
"A004430","송원산업","12","0","KOSPI","-1.73","340.8","","346.8"
"A004440","삼일씨엔에스","12","0","KOSPI","-0.95","133.05","","134.32"
"A004450","삼화왕관","12","0","KOSPI","0.26","84.34","","84.13"
"A004490","세방전지","12","1","KOSPI","0.34","415.1","","413.7"
"A004540","깨끗한나라","12","0","KOSPI","-0.56","166.09","","167.02"
"A004560","현대비앤지스틸","12","0","KOSPI","1.79","120.18","","118.07"
"A004590","한국가구","12","0","KOSDAQ","0.23","66.08","","65.92"
"A004650","창해에탄올","12","0","KOSDAQ","0.78","118.1","","117.18"
"A004690","삼천리","12","0","KOSPI","0.76","321.97","","319.54"
"A004700","조광피혁","12","0","KOSPI","0","339.77","","339.77"
"A004710","한솔테크닉스","12","0","KOSPI","-2.34","281.28","","288.03"
"A004720","팜젠사이언스","12","0","KOSPI","5.26","205.98","","195.68"
"A004770","써니전자","12","0","KOSPI","2.22","160.64","","157.15"
"A004780","대륙제관","12","0","KOSDAQ","0.56","71.72","","71.33"
"A004800","효성","12","1","KOSPI","-0.26","1622.47","","1626.68"
"A004830","덕성","12","0","KOSPI","-4.69","105.21","","110.39"
"A004840","DRB동일","12","0","KOSPI","-4.53","134.33","","140.71"
"A004870","티웨이홀딩스","12","0","KOSPI","0.45","68.71","","68.4"
"A004890","동일산업","12","0","KOSPI","0","166.13","","166.13"
"A004910","조광페인트","12","0","KOSPI","-0.2","64.38","","64.51"
"A004920","씨아이테크","12","0","KOSPI","-0.74","23.57","","23.74"
"A004960","한신공영","12","0","KOSPI","-1.08","159.68","","161.41"
"A004970","신라교역","12","0","KOSPI","0","148.96","","148.96"
"A004980","성신양회","12","0","KOSPI","-0.45","164.26","","164.99"
"A004990","롯데지주","12","1","KOSPI","-0.34","3115.8","","3126.3"
"A005010","휴스틸","12","0","KOSPI","0.58","52.89","","52.59"
"A005030","부산주공","12","0","KOSPI","-0.25","33.86","","33.94"
"A005070","코스모신소재","12","0","KOSPI","1.99","450.42","","441.64"
"A005090","SGC에너지","12","0","KOSPI","1.88","183.74","","180.34"
"A005110","한창","12","0","KOSPI","-0.91","72.8","","73.47"
"A005160","동국산업","12","0","KOSDAQ","4.86","204.77","","195.28"
"A005180","빙그레","12","1","KOSPI","-0.18","553.64","","554.62"
"A005250","녹십자홀딩스","12","1","KOSPI","-3.13","1749.45","","1805.88"
"A005290","동진쎄미켐","12","0","KOSDAQ","-2.14","1529.58","","1563"
"A005300","롯데칠성","12","1","KOSPI","0.11","706.62","","705.82"
"A005320","온타이드","12","0","KOSPI","-0.24","158.49","","158.59"
"A005360","모나미","12","0","KOSPI","2.98","130.77","","126.99"
"A005380","현대차","12","1","KOSPI","-2.57","36430.43","","37391.93"
"A005420","코스모화학","12","0","KOSPI","-0.35","223.51","","224.29"
"A005430","한국공항","12","0","KOSPI","0","96.26","","96.26"
"A005440","현대지에프홀딩스","12","1","KOSPI","-1.45","729.85","","740.6"
"A005490","POSCO홀딩스","12","1","KOSPI","0.44","19878.6","","19791.41"
"A005500","삼진제약","12","0","KOSPI","-1.84","371.13","","378.08"
"A005610","삼립","12","1","KOSPI","-0.58","589.36","","592.81"
"A005670","푸드웰","12","0","KOSDAQ","-0.19","51.5","","51.6"
"A005680","삼영전자","12","0","KOSPI","-0.75","158.8","","160"
"A005690","파미셀","12","0","KOSPI","2.45","1127.23","","1100.25"
"A005710","대원산업","12","0","KOSDAQ","-1.19","116.42","","117.82"
"A005720","넥센","12","0","KOSPI","-0.25","216.59","","217.12"
"A005740","크라운해태홀딩스","12","0","KOSPI","1.58","133.63","","131.55"
"A005750","대림바스","12","0","KOSPI","-1.09","90.53","","91.53"
"A005800","신영와코루","12","0","KOSPI","0","91.8","","91.8"
"A005810","풍산홀딩스","12","0","KOSPI","0.18","214.29","","213.9"
"A005820","원림","12","0","KOSPI","0","41.03","","41.03"
"A005830","DB손해보험","12","1","KOSPI","-0.87","3221.4","","3249.72"
"A005850","에스엘","12","0","KOSPI","-2.72","689.31","","708.59"
"A005860","한일사료","12","0","KOSDAQ","0.29","69.15","","68.96"
"A005870","휴니드","12","0","KOSPI","-0.86","81.73","","82.44"
"A005880","대한해운","12","0","KOSPI","-0.61","398.16","","400.6"
"A005930","삼성전자","12","1","KOSPI","-0.33","358783.93","","359977.89"
"A005940","NH투자증권","12","1","KOSPI","-1.29","2805.65","","2842.23"
"A005950","이수화학","12","0","KOSPI","0.89","260.77","","258.46"
"A005960","동부건설","12","0","KOSPI","-0.43","259.94","","261.07"
"A005990","매일홀딩스","12","0","KOSDAQ","0.13","109.75","","109.61"
"A006040","동원산업","12","0","KOSPI","-0.23","798.05","","799.89"
"A006050","국영지앤엠","12","0","KOSDAQ","-21.04","116.55","","147.61"
"A006060","화승인더","12","0","KOSPI","-1.92","395.54","","403.28"
"A006090","사조오양","12","0","KOSPI","0","84.9","","84.9"
"A006110","삼아알미늄","12","0","KOSPI","0","95.7","","95.7"
"A006120","SK디스커버리","12","1","KOSPI","0.15","1298.38","","1296.48"
"A006140","피제이전자","12","0","KOSDAQ","-0.17","88.8","","88.95"
"A006200","한국전자홀딩스","12","0","KOSPI","1.24","38.28","","37.82"
"A006220","제주은행","12","0","KOSPI","0","105.54","","105.54"
"A006260","LS","12","1","KOSPI","-0.71","1796.76","","1809.64"
"A006280","녹십자","12","1","KOSPI","7.79","4849.91","","4499.32"
"A006340","대원전선","12","0","KOSPI","-0.83","68.11","","68.67"
"A006360","GS건설","12","1","KOSPI","-1.57","2254.75","","2290.8"
"A006370","대구백화점","12","0","KOSPI","0.44","98.8","","98.37"
"A006380","카프로","12","0","KOSPI","0.16","128.2","","128"
"A006400","삼성SDI","12","1","KOSPI","3.1","34313.5","","33282.03"
"A006490","프리티","12","0","KOSPI","1.28","237.91","","234.17"
"A006570","대림통상","12","0","KOSPI","-1.56","62.5","","63.49"
"A006620","동구바이오제약","12","0","KOSDAQ","-1.99","213.21","","217.53"
"A006650","대한유화","12","1","KOSPI","2.66","1378","","1342.25"
"A006660","삼성공조","12","0","KOSPI","0","51.85","","51.85"
"A006730","서부T&D","12","0","KOSDAQ","-2.21","359.89","","368.03"
"A006740","블루산업개발","12","0","KOSPI","-3.01","85.91","","88.58"
"A006800","미래에셋증권","12","1","KOSPI","-0.67","5730.41","","5769.13"
"A006840","AK홀딩스","12","0","KOSPI","0","239.78","","239.78"
"A006880","신송홀딩스","12","0","KOSPI","-0.56","42.35","","42.58"
"A006890","태경케미컬","12","0","KOSPI","3.85","96.98","","93.38"
"A006910","보성파워텍","12","0","KOSDAQ","-2.2","92.15","","94.22"
"A006920","모헨즈","12","0","KOSDAQ","-0.32","51.21","","51.38"
"A006980","우성","12","0","KOSPI","0.82","94.86","","94.09"
"A007070","GS리테일","12","1","KOSPI","-1.2","2529.45","","2560.25"
"A007110","일신석재","12","0","KOSPI","-1","153.36","","154.91"
"A007120","미래아이앤지","12","0","KOSPI","0","43.9","","43.9"
"A007160","사조산업","12","0","KOSPI","1.51","151","","148.75"
"A007210","벽산","12","0","KOSPI","-0.79","128.89","","129.92"
"A007280","한국특강","12","0","KOSPI","-0.85","92.64","","93.44"
"A007310","오뚜기","12","1","KOSPI","-0.55","2001.23","","2012.25"
"A007330","푸른저축은행","12","0","KOSDAQ","-0.47","126.85","","127.45"
"A007340","DN오토모티브","12","0","KOSPI","-1.35","219.87","","222.87"
"A007370","진양제약","12","0","KOSDAQ","-0.55","86.04","","86.52"
"A007390","네이처셀","12","0","KOSDAQ","-3.93","568.46","","591.71"
"A007460","에이프로젠","12","0","KOSPI","-1.64","322.42","","327.81"
"A007530","와이엠","12","0","KOSDAQ","8.31","30.93","","28.55"
"A007540","샘표","12","0","KOSPI","-0.74","134.16","","135.16"
"A007570","일양약품","12","1","KOSPI","-0.83","1374.17","","1385.62"
"A007590","동방아그로","12","0","KOSPI","0.32","85.11","","84.84"
"A007610","선도전기","12","0","KOSPI","0","46.8","","46.8"
"A007660","이수페타시스","12","0","KOSPI","-2.62","161.36","","165.69"
"A007680","대원","12","0","KOSDAQ","-0.45","104.87","","105.34"
"A007690","국도화학","12","0","KOSPI","2.37","251.31","","245.5"
"A007700","F&F홀딩스","12","1","KOSPI","-1.85","1390.62","","1416.8"
"A007720","소노스퀘어","12","0","KOSDAQ","-0.46","108.36","","108.86"
"A007770","한일화학","12","0","KOSDAQ","0","31.91","","31.91"
"A007810","코리아써키트","12","0","KOSPI","-2.63","305.89","","314.16"
"A007820","엠엑스로보틱스","12","0","KOSDAQ","-1.5","131.82","","133.83"
"A007860","서연","12","0","KOSPI","-5.04","265.32","","279.41"
"A007980","TP","12","0","KOSPI","-0.93","77.04","","77.76"
"A008040","사조동아원","12","0","KOSPI","-0.23","120.96","","121.24"
"A008060","대덕","12","0","KOSPI","0.79","215.88","","214.19"
"A008250","이건산업","12","0","KOSPI","8.15","101.75","","94.08"
"A008260","NI스틸","12","0","KOSPI","0","64.35","","64.35"
"A008290","원풍물산","12","0","KOSDAQ","-1.36","103.16","","104.58"
"A0082N0","카나프테라퓨틱스","12","0","외감","","","",""
"A008350","남선알미늄","12","0","KOSPI","1.38","486.99","","480.38"
"A008370","원풍","12","0","KOSDAQ","0.12","50.1","","50.04"
"A008420","문배철강","12","0","KOSPI","-1.35","52.28","","53"
"A008470","부스타","12","0","KOSDAQ","-0.94","44.13","","44.55"
"A008490","서흥","12","0","KOSPI","-1.35","593.5","","601.59"
"A008500","일정실업","12","0","KOSPI","-3.51","19.8","","20.52"
"A008600","윌비스","12","0","KOSPI","0.42","77.87","","77.55"
"A008700","아남전자","12","0","KOSPI","0.22","173.92","","173.53"
"A008730","율촌화학","12","0","KOSPI","1.29","388.12","","383.16"
"A008770","호텔신라","12","1","KOSPI","-0.53","2955.38","","2971.08"
"A008830","대동기어","12","0","KOSDAQ","0.32","27.77","","27.68"
"A008870","금비","9","0","KOSPI","-0.89","56","","56.5"
"A0088M0","메쥬","12","0","외감","","","",""
"A008930","한미사이언스","12","1","KOSPI","-0.7","3729.63","","3756.03"
"A008970","KBI동양철관","12","0","KOSPI","-0.49","121.26","","121.86"
"A009070","KCTC","12","0","KOSPI","-1.99","73.8","","75.3"
"A009140","경인전자","12","0","KOSPI","-1.19","39.11","","39.58"
"A009150","삼성전기","12","1","KOSPI","-0.35","10494.46","","10531.81"
"A009160","SIMPAC","12","0","KOSPI","-0.43","152.12","","152.78"
"A009180","한솔로지스틱스","12","0","KOSPI","-1.45","56.05","","56.88"
"A009190","대양금속","12","0","KOSPI","-0.29","100.38","","100.67"
"A009200","무림페이퍼","12","0","KOSPI","-2.31","96.95","","99.24"
"A009240","한샘","12","1","KOSPI","-1.69","2325.15","","2365.16"
"A009270","신원","12","0","KOSPI","0.72","119.48","","118.63"
"A009290","광동제약","12","0","KOSPI","-0.62","506.91","","510.05"
"A009300","삼아제약","12","0","KOSDAQ","-0.59","106.7","","107.33"
"A009310","참엔지니어링","12","0","KOSPI","6.49","77.35","","72.63"
"A009320","아진전자부품","12","0","KOSPI","-1.42","132.7","","134.6"
"A009410","태영건설","12","1","KOSPI","-1.3","383.93","","388.99"
"A009420","한올바이오파마","12","1","KOSPI","-3.15","1765.73","","1823.2"
"A009440","KC그린홀딩스","12","0","KOSPI","19.2","114.19","","95.8"
"A009450","경동나비엔","12","0","KOSPI","1.5","687.93","","677.74"
"A009460","한창제지","12","0","KOSPI","0.99","121.42","","120.23"
"A009470","삼화전기","12","0","KOSPI","-0.28","119.71","","120.04"
"A009520","포스코엠텍","12","0","KOSDAQ","-1.36","181.15","","183.64"
"A009540","HD한국조선해양","12","1","KOSPI","-1.07","5867.09","","5930.79"
"A009580","무림P&P","12","0","KOSPI","-0.16","199.27","","199.58"
"A009620","삼보산업","12","0","KOSDAQ","1.01","30.4","","30.09"
"A009680","모토닉","12","0","KOSPI","-2.54","379.5","","389.4"
"A009730","이렘","12","0","KOSDAQ","0","26.4","","26.4"
"A009770","삼정펄프","12","0","KOSPI","0.17","72.37","","72.25"
"A009780","엠에스씨","12","0","KOSDAQ","-0.83","83.78","","84.48"
"A009810","플레이그램","12","0","KOSPI","0","33.18","","33.18"
"A009830","한화솔루션","12","1","KOSPI","-0.1","7657.51","","7665.5"
"A009900","명신산업","12","0","외감","","","",""
"A009970","영원무역홀딩스","12","0","KOSPI","0.93","516.79","","512.02"
"A010040","한국내화","12","0","KOSPI","-1.24","72.93","","73.85"
"A010060","OCI홀딩스","12","1","KOSPI","0.62","1552.59","","1543.05"
"A010100","한국무브넥스","12","0","KOSPI","-1.71","61.21","","62.27"
"A010120","LS ELECTRIC","12","1","KOSPI","-1.15","1542","","1560"
"A010130","고려아연","12","1","KOSPI","1.55","7434.78","","7321.56"
"A010140","삼성중공업","12","1","KOSPI","-1.34","3257.1","","3301.2"
"A010170","대한광통신","12","0","KOSDAQ","-1.41","283.91","","287.96"
"A010240","흥국","12","0","KOSDAQ","2.24","67.41","","65.93"
"A010280","아이티센엔텍","12","0","KOSDAQ","-1.76","56.45","","57.46"
"A010400","우진아이엔에스","12","0","KOSPI","0.4","56.86","","56.63"
"A010470","오리콤","12","0","KOSDAQ","-0.12","50.15","","50.21"
"A010580","에스엠벡셀","12","0","KOSPI","0","19.76","","19.76"
"A010640","진양폴리","12","0","KOSPI","-1.63","36.2","","36.8"
"A010660","화천기계","12","0","KOSPI","-2.24","62.48","","63.91"
"A010690","화신","12","0","KOSPI","-1.47","93.59","","94.98"
"A010770","평화홀딩스","12","0","KOSPI","0.15","48.7","","48.63"
"A010780","아이에스동서","12","1","KOSPI","-2.3","1244.97","","1274.32"
"A010820","퍼스텍","12","0","KOSPI","0.49","99.25","","98.77"
"A010950","S-Oil","12","1","KOSPI","-0.17","6428.48","","6439.74"
"A010960","삼호개발","12","0","KOSPI","-0.37","102.25","","102.63"
"A011000","진원생명과학","12","0","KOSPI","-2.34","1214.69","","1243.77"
"A011040","경동제약","12","0","KOSDAQ","-0.9","298.56","","301.28"
"A011070","LG이노텍","12","1","KOSPI","-2.24","3609.23","","3692.07"
"A011080","형지I&C","12","0","KOSDAQ","-1.67","45.97","","46.75"
"A011090","에넥스","12","0","KOSPI","0.2","59.21","","59.09"
"A011150","CJ씨푸드","12","0","KOSPI","0.63","173.55","","172.47"
"A011170","롯데케미칼","12","1","KOSPI","2.04","8568.85","","8397.48"
"A011200","HMM","12","1","KOSPI","0.99","3348.94","","3316.27"
"A011210","현대위아","12","1","KOSPI","1.28","1182.99","","1168.03"
"A011230","삼화전자","12","0","KOSPI","1.6","33.26","","32.73"
"A011280","태림포장","12","0","KOSPI","2.55","370.32","","361.11"
"A011300","우성머티리얼스","12","0","KOSPI","-0.87","19.5","","19.67"
"A011320","유니크","12","0","KOSDAQ","-1.93","156.69","","159.78"
"A011330","유니켐","12","0","KOSPI","-1.13","90.35","","91.38"
"A011370","서한","12","0","KOSDAQ","-7.33","159.41","","172.03"
"A011390","부산산업","12","0","KOSPI","-0.89","117.22","","118.27"
"A011420","갤럭시아에스엠","12","0","KOSPI","0","38.84","","38.84"
"A011500","한농화성","12","0","KOSPI","-0.5","123.38","","124"
"A011560","세보엠이씨","12","0","KOSDAQ","0.18","57.7","","57.6"
"A011690","와이투솔루션","12","0","KOSPI","0","71.36","","71.36"
"A011700","한신기계","12","0","KOSPI","0","51.91","","51.91"
"A011760","현대코퍼레이션","12","0","KOSPI","-1.03","190.5","","192.48"
"A011780","금호석유화학","12","1","KOSPI","-0.32","4676.79","","4692.02"
"A011790","SKC","12","1","KOSPI","-1.3","3137.89","","3179.18"
"A0117P0","피스피스스튜디오","12","0","외감","","","",""
"A011810","STX","12","0","KOSPI","0.72","109.68","","108.89"
"A011930","신성이엔지","12","0","KOSPI","2.29","614.27","","600.51"
"A012030","DB","12","0","KOSPI","0.29","138.81","","138.41"
"A0120G0","삼양바이오팜","12","0","외감","","","",""
"A012160","영흥","12","0","KOSPI","-2.45","102.56","","105.14"
"A012170","아센디오","12","0","KOSPI","0","54.96","","54.96"
"A012200","계양전기","12","0","KOSPI","-0.49","98.45","","98.94"
"A012210","삼미금속","12","0","외감","","","",""
"A012280","영화금속","12","0","KOSPI","-0.54","97.71","","98.25"
"A012320","경동인베스트","12","0","KOSPI","-0.7","66.69","","67.17"
"A012330","현대모비스","12","1","KOSPI","-1.5","21815.05","","22147.74"
"A012340","뉴인텍","12","0","KOSDAQ","-3.69","82.32","","85.48"
"A012450","한화에어로스페이스","12","1","KOSPI","-1.15","1306.25","","1321.44"
"A012510","더존비즈온","12","0","KOSPI","0","3178.83","","3178.83"
"A012610","경인양행","12","0","KOSPI","-0.15","282.95","","283.36"
"A012620","원일특강","12","0","KOSDAQ","0.58","37.93","","37.71"
"A012630","HDC","12","1","KOSPI","-0.98","603.39","","609.37"
"A012690","모나리자","12","0","KOSPI","0.94","197.12","","195.29"
"A0126Z0","삼성에피스홀딩스","12","0","외감","","","",""
"A012700","리드코프","12","0","KOSDAQ","-1","182.48","","184.33"
"A012750","에스원","12","1","KOSPI","-1.76","3176.73","","3233.73"
"A012790","신일제약","12","0","KOSDAQ","-1.95","246.93","","251.84"
"A012800","대창","12","0","KOSPI","-0.42","108","","108.46"
"A012860","모베이스전자","12","0","KOSDAQ","-2.05","74.36","","75.92"
"A013000","세우글로벌","12","0","KOSPI","3.5","89.13","","86.12"
"A013030","하이록코리아","12","0","KOSDAQ","-0.47","144.98","","145.66"
"A013120","동원개발","12","0","KOSDAQ","-0.12","383.66","","384.12"
"A013310","아진산업","12","0","KOSDAQ","2.04","114.26","","111.98"
"A013360","일성건설","12","0","KOSPI","0.11","49.43","","49.38"
"A013520","화승코퍼레이션","12","0","KOSPI","-0.99","138.09","","139.47"
"A013570","디와이","12","0","KOSPI","7.92","118.31","","109.62"
"A013580","계룡건설","12","0","KOSPI","-1.85","189.34","","192.91"
"A013700","까뮤이앤씨","12","0","KOSPI","-0.8","112.43","","113.33"
"A013720","청보","12","0","KOSDAQ","-0.98","57.66","","58.23"
"A013810","스페코","12","0","KOSDAQ","3.25","134.98","","130.73"
"A013870","지엠비코리아","12","0","KOSPI","-2.75","148.38","","152.58"
"A013890","지누스","12","0","KOSPI","-1.51","1316.78","","1336.95"
"A013990","아가방컴퍼니","12","0","KOSDAQ","-2.67","96.03","","98.66"
"A014100","메디앙스","12","0","KOSDAQ","0","49.5","","49.5"
"A014130","한익스프레스","12","0","KOSPI","-0.57","63","","63.36"
"A014160","대영포장","12","0","KOSPI","0","120.32","","120.32"
"A014190","원익큐브","12","0","KOSDAQ","-0.91","57.7","","58.23"
"A014280","금강공업","12","0","KOSPI","1.04","114.84","","113.66"
"A014440","영보화학","12","0","KOSPI","0.55","73.6","","73.2"
"A014470","부방","12","0","KOSDAQ","-1.36","152.23","","154.33"
"A014530","극동유화","12","0","KOSPI","0.6","117.34","","116.64"
"A014570","고려제약","12","0","KOSDAQ","0.2","108.68","","108.46"
"A014580","태경비케이","12","0","KOSPI","-1.27","96.82","","98.06"
"A014620","성광벤드","12","0","KOSDAQ","-0.65","175.32","","176.46"
"A014680","한솔케미칼","12","1","KOSPI","-2.28","1694.28","","1733.81"
"A014710","사조씨푸드","12","0","KOSPI","2.05","111.58","","109.34"
"A014790","HL D&I","12","0","KOSPI","-1.93","128.09","","130.62"
"A014820","동원시스템즈","12","1","KOSPI","8.88","800.58","","735.25"
"A014830","유니드","12","1","KOSPI","-0.89","394.71","","398.26"
"A014910","성문전자","12","0","KOSPI","-1.26","38.1","","38.58"
"A014940","오리엔탈정공","12","0","KOSDAQ","1.52","106.19","","104.59"
"A014950","삼익제약","12","0","외감","","","",""
"A014970","삼륭물산","12","0","KOSDAQ","-0.69","130.68","","131.59"
"A014990","인디에프","12","0","KOSPI","-1.5","96.94","","98.42"
"A015020","이스타코","12","0","KOSPI","-1.13","26.23","","26.53"
"A015230","대창단조","12","0","KOSPI","-2.41","98.29","","100.72"
"A015260","에이엔피","12","0","KOSPI","-4.25","17.33","","18.09"
"A015360","INVENI","12","0","KOSPI","0.56","214.8","","213.6"
"A015590","DKME","12","0","KOSPI","0.31","149.05","","148.6"
"A015710","코콤","12","0","KOSDAQ","1.12","110.79","","109.57"
"A015750","성우하이텍","12","0","KOSDAQ","-1.72","296.8","","302"
"A015760","한국전력","12","1","KOSPI","-0.25","13063.97","","13096.07"
"A015860","일진홀딩스","12","0","KOSPI","-2.32","239.09","","244.76"
"A015890","태경산업","12","0","KOSPI","-0.39","147.9","","148.48"
"A016090","대현","12","0","KOSPI","-0.54","81.48","","81.92"
"A016100","리더스코스메틱","12","0","KOSDAQ","0","67.38","","67.38"
"A016250","SGC E&C","12","0","KOSDAQ","0","297.08","","297.08"
"A016360","삼성증권","12","1","KOSPI","-1.35","2942.44","","2982.62"
"A016380","KG스틸","12","1","KOSPI","0.12","837.07","","836.07"
"A016450","한세예스24홀딩스","12","0","KOSPI","-0.34","234.4","","235.2"
"A016580","환인제약","12","0","KOSPI","-1.97","277.14","","282.72"
"A016590","신대양제지","12","0","KOSPI","-0.58","207.13","","208.34"
"A016600","큐캐피탈","12","0","KOSDAQ","1.43","95.2","","93.86"
"A016610","DB증권","12","0","KOSPI","-0.75","169.15","","170.42"
"A016670","디모아","12","0","KOSDAQ","2.21","83.96","","82.14"
"A016710","대성홀딩스","12","0","KOSPI","1.54","371.67","","366.04"
"A016740","두올","12","0","KOSPI","-0.15","92.84","","92.97"
"A016790","현대사료","12","0","KOSDAQ","-1.08","84.26","","85.18"
"A016800","퍼시스","12","0","KOSPI","0.17","336.95","","336.38"
"A016880","웅진","12","0","KOSPI","-0.48","82.55","","82.95"
"A016920","카스","12","0","KOSDAQ","-2.33","53.57","","54.84"
"A017000","신원종합개발","12","0","KOSDAQ","-6.39","45.71","","48.83"
"A017040","광명전기","12","0","KOSPI","0","86.68","","86.68"
"A017180","명문제약","12","0","KOSPI","-1.31","204.06","","206.78"
"A017250","인터엠","9","0","KOSDAQ","0","33.67","","33.67"
"A017370","우신시스템","12","0","KOSPI","0.32","56.68","","56.5"
"A017390","서울가스","12","0","KOSPI","-1.7","464","","472"
"A017480","삼현철강","12","0","KOSDAQ","-0.13","59.91","","59.99"
"A017510","세명전기","12","0","KOSDAQ","-1.17","58.09","","58.77"
"A017550","수산세보틱스","12","0","KOSPI","7.69","120.93","","112.29"
"A017650","대림제지","12","0","KOSDAQ","0.12","72.18","","72.09"
"A017670","SK텔레콤","12","1","KOSPI","1.79","18329.28","","18006.29"
"A017800","현대엘리베이터","12","1","KOSPI","1.04","1579.55","","1563.22"
"A017810","풀무원","12","0","KOSPI","-0.96","587.06","","592.77"
"A017860","DS단석","12","0","외감","","","",""
"A017890","한국알콜","12","0","KOSDAQ","-2.22","285.2","","291.68"
"A017900","광전자","12","0","KOSPI","-2.58","131.53","","135.01"
"A017940","E1","12","0","KOSPI","-1.04","327.91","","331.34"
"A017960","한국카본","12","0","KOSPI","0.5","446.2","","444"
"A018000","유니슨","12","0","KOSDAQ","5.94","660.19","","623.18"
"A018120","진로발효","12","0","KOSDAQ","-0.48","205.59","","206.58"
"A018250","애경산업","12","1","KOSPI","-1.78","582.34","","592.9"
"A018260","삼성에스디에스","12","1","KOSPI","-2.26","13386.36","","13695.87"
"A018290","브이티","12","0","KOSDAQ","-2.16","279.08","","285.23"
"A018310","삼목에스폼","12","0","KOSDAQ","0","110.84","","110.84"
"A018470","조일알미늄","12","0","KOSPI","-1.41","48.97","","49.67"
"A018500","동원모빌리티","3","0","KOSPI","0.43","32.54","","32.4"
"A018620","우진비앤지","12","0","KOSDAQ","2.61","86.64","","84.44"
"A018670","SK가스","12","0","KOSPI","-2.25","1001.48","","1024.56"
"A018680","서울제약","12","0","KOSDAQ","0.42","101.44","","101.02"
"A018700","졸스","12","0","KOSDAQ","2.15","83.85","","82.08"
"A018880","한온시스템","12","1","KOSPI","0.83","6485.67","","6432.29"
"A019010","베뉴지","12","0","KOSDAQ","-0.65","73.26","","73.75"
"A019170","신풍제약","12","0","KOSPI","-1.48","7047","","7152.97"
"A019180","티에이치엔","12","0","KOSPI","-0.9","39.78","","40.14"
"A019210","와이지-원","12","0","KOSDAQ","0","154.4","","154.4"
"A019490","엑시큐어하이트론","12","0","KOSPI","-4.95","14.88","","15.65"
"A019540","일지테크","12","0","KOSDAQ","-13.38","61.22","","70.68"
"A019550","SBI인베스트먼트","12","0","KOSDAQ","1.75","141.48","","139.05"
"A019570","GMI벤처","12","0","KOSDAQ","-2.04","48.4","","49.41"
"A019660","글로본","12","0","KOSDAQ","-3.38","95.54","","98.88"
"A019680","대교","12","1","KOSPI","-0.66","321.02","","323.14"
"A019770","서연탑메탈","12","0","KOSDAQ","-3.73","72.23","","75.03"
"A019990","에너토크","12","0","KOSDAQ","-2.38","42.05","","43.07"
"A020000","한섬","12","1","KOSPI","-1.34","726.59","","736.44"
"A020120","키다리스튜디오","12","0","KOSPI","0.24","156.19","","155.82"
"A020150","롯데에너지머티리얼즈","12","1","KOSPI","0.11","2104.96","","2102.65"
"A020180","대신정보통신","3","0","KOSDAQ","1.17","66.67","","65.91"
"A020400","대동금속","12","0","KOSDAQ","0.89","23.57","","23.37"
"A020560","아시아나항공","12","1","KOSPI","0.62","723.28","","718.82"
"A020710","시공테크","12","0","KOSDAQ","0","94.83","","94.83"
"A020760","일진디스플","12","0","KOSPI","-0.87","112.97","","113.97"
"A021040","대호특수강","12","0","KOSDAQ","-2.2","65.14","","66.61"
"A021050","서원","12","0","KOSPI","2.37","154.06","","150.49"
"A021080","에이티넘인베스트","12","0","KOSDAQ","7.89","137.76","","127.68"
"A021240","코웨이","12","1","KOSPI","0.54","5527.59","","5498.07"
"A021320","KCC건설","12","0","KOSDAQ","-0.28","154.08","","154.51"
"A021650","한국큐빅","12","0","KOSDAQ","-0.41","59.52","","59.76"
"A021820","세원정공","6","0","KOSPI","0","80.9","","80.9"
"A021880","메이슨캐피탈","3","0","KOSDAQ","1.37","43.94","","43.34"
"A022100","포스코DX","12","0","KOSDAQ","-2.02","1033.84","","1055.12"
"A022220","티케이지애강","12","0","KOSDAQ","-1.04","98.67","","99.7"
"A023000","삼원강재","12","0","KOSPI","-0.62","95.8","","96.4"
"A023150","MH에탄올","12","0","KOSPI","-0.64","57.7","","58.07"
"A023160","태광","12","0","KOSDAQ","-1.12","163.51","","165.36"
"A023350","한국종합기술","12","0","KOSPI","-0.87","43.58","","43.96"
"A023410","유진기업","12","0","KOSDAQ","-1.25","337.08","","341.33"
"A023440","제이스코홀딩스","12","0","KOSDAQ","-0.24","60.46","","60.61"
"A023450","동남합성","12","0","KOSPI","0","135.92","","135.92"
"A023530","롯데쇼핑","12","1","KOSPI","-0.69","2427.18","","2444.15"
"A023590","다우기술","12","0","KOSPI","-1.99","886.12","","904.06"
"A023600","삼보판지","12","0","KOSDAQ","-0.47","138.42","","139.06"
"A023760","한국캐피탈","12","0","KOSDAQ","0.19","166.01","","165.7"
"A023770","플레이위드","12","0","KOSDAQ","-1.94","79.03","","80.59"
"A023790","동일스틸럭스","12","0","KOSDAQ","10.13","40.32","","36.62"
"A023800","인지컨트롤스","12","0","KOSPI","-2.37","156.15","","159.94"
"A023810","인팩","12","0","KOSPI","1.52","46.85","","46.15"
"A023900","풍국주정","12","0","KOSDAQ","-0.49","256.41","","257.67"
"A023910","대한약품","12","0","KOSDAQ","-1.34","177.3","","179.7"
"A023960","에쓰씨엔지니어링","12","0","KOSPI","-1.4","35.15","","35.65"
"A024060","흥구석유","12","0","KOSDAQ","-1.14","91.2","","92.25"
"A024070","WISCOM","12","0","KOSPI","-0.64","35.86","","36.09"
"A024090","디씨엠","12","0","KOSPI","-0.46","127.53","","128.12"
"A024110","기업은행","12","1","KOSPI","0.23","6330.35","","6315.58"
"A024120","KB오토시스","12","0","KOSDAQ","-2.02","72.45","","73.95"
"A024720","콜마홀딩스","12","0","KOSPI","0.2","473.71","","472.78"
"A024740","한일단조","12","0","KOSDAQ","-0.24","61.28","","61.43"
"A024800","유성티엔에스","12","0","KOSDAQ","-2.02","65.86","","67.22"
"A024830","세원물산","12","0","KOSDAQ","0","52.44","","52.44"
"A024840","KBI메탈","12","0","KOSDAQ","-0.64","51.24","","51.57"
"A024850","HLB이노베이션","12","0","KOSDAQ","29.67","54.22","","41.82"
"A024880","케이피에프","12","0","KOSDAQ","0","85.28","","85.28"
"A024890","대원화성","12","0","KOSPI","-0.99","62.08","","62.7"
"A024900","디와이덕양","12","0","KOSPI","-0.54","60.08","","60.41"
"A024910","경창산업","12","0","KOSDAQ","0.56","64.3","","63.94"
"A024940","PN풍년","12","0","KOSDAQ","2.49","41.15","","40.15"
"A024950","삼천리자전거","12","0","KOSDAQ","-0.6","110.83","","111.5"
"A025000","KPX케미칼","12","0","KOSPI","0.3","242","","241.27"
"A025320","시노펙스","12","0","KOSDAQ","-1.87","346.44","","353.03"
"A025440","DH오토웨어","12","0","KOSDAQ","0.14","70.66","","70.56"
"A025530","SJM홀딩스","12","0","KOSPI","-1.23","42.04","","42.56"
"A025540","한국단자","12","0","KOSPI","-1.29","479.09","","485.34"
"A025550","한국선재","12","0","KOSDAQ","0.92","80.68","","79.94"
"A025560","미래산업","12","0","KOSPI","-0.65","51.6","","51.94"
"A025620","차AI헬스케어","12","0","KOSPI","2.73","97.26","","94.67"
"A025750","한솔홈데코","12","0","KOSPI","13.84","192.15","","168.78"
"A025770","한국정보통신","12","0","KOSDAQ","-0.11","326.51","","326.89"
"A025820","이구산업","12","0","KOSPI","-2.74","53.51","","55.01"
"A025860","남해화학","12","1","KOSPI","-1.09","405.88","","410.35"
"A025870","신라에스지","12","0","KOSDAQ","0.23","35.44","","35.36"
"A025880","케이씨피드","12","0","KOSDAQ","-1.54","37.53","","38.11"
"A025890","한국주강","12","0","KOSPI","-1.66","16.74","","17.02"
"A025900","동화기업","12","0","KOSDAQ","-0.77","785.72","","791.78"
"A025950","동신건설","12","0","KOSDAQ","1.26","101.22","","99.96"
"A025980","아난티","12","0","KOSDAQ","-1.54","706.98","","718.06"
"A026040","제이에스티나","12","0","KOSDAQ","0","36.64","","36.64"
"A026150","특수건설","12","0","KOSDAQ","-0.74","104.54","","105.32"
"A026890","스틱인베스트먼트","12","0","KOSPI","-2.77","409.28","","420.95"
"A026910","광진실업","12","0","KOSDAQ","-0.47","20.47","","20.56"
"A026940","부국철강","12","0","KOSPI","3.76","99.3","","95.7"
"A026960","동서","12","1","KOSPI","0","2891.3","","2891.3"
"A027040","서울전자통신","12","0","KOSDAQ","-0.71","48.36","","48.71"
"A027050","코리아나","12","0","KOSDAQ","1.8","226","","222"
"A027360","아주IB투자","12","0","KOSDAQ","-1.94","330.67","","337.21"
"A027410","BGF","12","1","KOSPI","0.94","409.19","","405.36"
"A027580","상보","12","0","KOSDAQ","-2.32","59.09","","60.49"
"A027710","팜스토리","12","0","KOSDAQ","-0.44","124.79","","125.34"
"A027740","마니커","12","0","KOSPI","0.89","135.16","","133.97"
"A027830","대성창투","12","0","KOSDAQ","5.05","87.4","","83.2"
"A027970","한국제지","12","0","KOSPI","-2.14","92.1","","94.12"
"A028050","삼성E&A","12","1","KOSPI","0","2205","","2205"
"A028080","휴맥스홀딩스","12","0","KOSDAQ","-1.59","54.4","","55.28"
"A028100","동아지질","12","0","KOSPI","-0.33","171.35","","171.93"
"A028260","삼성물산","12","1","KOSPI","-1.29","21492.01","","21772.34"
"A028300","HLB","12","0","KOSDAQ","-3.13","4896.89","","5054.86"
"A028670","팬오션","12","1","KOSPI","-1.83","1862.97","","1897.72"
"A029460","케이씨","12","0","KOSPI","-1.43","325.97","","330.72"
"A029480","광무","12","0","KOSDAQ","-6.3","69.06","","73.7"
"A029530","신도리코","12","0","KOSPI","3.83","232.34","","223.78"
"A029780","삼성카드","12","1","KOSPI","0.64","3661.14","","3637.97"
"A030000","제일기획","12","1","KOSPI","-2.08","2438.87","","2490.64"
"A030190","NICE평가정보","12","0","KOSDAQ","0.25","1238.58","","1235.55"
"A030200","KT","12","1","KOSPI","0","5979.46","","5979.46"
"A030210","다올투자증권","12","0","KOSPI","-1.34","155.91","","158.02"
"A030350","드래곤플라이","12","0","KOSDAQ","5.67","50.75","","48.03"
"A030520","한컴","12","0","KOSDAQ","-0.29","425.16","","426.38"
"A030530","원익홀딩스","12","0","KOSDAQ","-0.34","342.16","","343.32"
"A030610","교보증권","12","0","KOSPI","-0.44","437.7","","439.64"
"A030720","동원수산","12","0","KOSPI","0.33","42.02","","41.88"
"A030960","양지사","6","0","KOSDAQ","0.47","170.19","","169.39"
"A031210","서울보증보험","12","0","외감","","","",""
"A031310","아이즈비전","12","0","KOSDAQ","-0.14","57.96","","58.04"
"A031330","에스에이엠티","12","0","KOSDAQ","-0.44","228.49","","229.49"
"A031430","신세계인터내셔날","12","1","KOSPI","-2.05","1024.59","","1046.01"
"A031440","신세계푸드","12","0","KOSPI","-0.38","202.14","","202.92"
"A031510","오스템","12","0","KOSDAQ","-2.16","82.46","","84.28"
"A031820","아이티센씨티에스","12","0","KOSPI","-2.56","103.47","","106.19"
"A031860","디에이치엑스컴퍼니","12","0","KOSDAQ","-0.45","48.57","","48.79"
"A031980","피에스케이홀딩스","12","0","KOSDAQ","-0.14","150.51","","150.72"
"A032080","아즈텍WB","12","0","KOSDAQ","0","34.92","","34.92"
"A032190","다우데이타","12","0","KOSDAQ","-2.07","453.86","","463.43"
"A032280","삼일","12","0","KOSDAQ","0.27","29.91","","29.83"
"A032300","한국파마","12","0","KOSDAQ","5.87","265.58","","250.85"
"A032350","롯데관광개발","12","1","KOSPI","-2.61","1032.21","","1059.92"
"A032500","케이엠더블유","12","0","KOSDAQ","-0.29","2719.77","","2727.73"
"A032540","TJ미디어","12","0","KOSDAQ","-0.16","43.47","","43.54"
"A032560","황금에스티","12","0","KOSPI","-0.89","93.52","","94.36"
"A032580","피델릭스","12","0","KOSDAQ","0.36","44.85","","44.69"
"A032620","GC메디아이","12","0","KOSDAQ","-0.79","458.29","","461.94"
"A032640","LG유플러스","12","1","KOSPI","0","5173.84","","5173.84"
"A032680","소프트센","12","0","KOSDAQ","-0.79","67.8","","68.33"
"A032750","삼진","12","0","KOSDAQ","0","64.2","","64.2"
"A032790","엠젠솔루션","12","0","KOSDAQ","0","80.8","","80.8"
"A032800","판타지오","6","0","KOSDAQ","4.33","68.27","","65.43"
"A032820","우리기술","12","0","KOSDAQ","0","157.29","","157.29"
"A032830","삼성생명","12","1","KOSPI","-0.47","12720","","12780"
"A032850","비트컴퓨터","12","0","KOSDAQ","-1.06","154.6","","156.26"
"A032860","더라미","12","0","KOSDAQ","-14.3","28.65","","33.43"
"A032940","원익","12","0","KOSDAQ","0.28","65.04","","64.86"
"A032960","동일기연","12","0","KOSDAQ","0","39.18","","39.18"
"A032980","바이온","12","0","KOSDAQ","5.3","129.19","","122.68"
"A033050","제이엠아이","12","0","KOSDAQ","3.65","36.98","","35.67"
"A033100","제룡전기","12","0","KOSDAQ","-0.6","80.47","","80.95"
"A033130","디지틀조선","12","0","KOSDAQ","-0.74","99.47","","100.21"
"A033160","엠케이전자","12","0","KOSDAQ","-0.64","204.12","","205.43"
"A033170","시그네틱스","12","0","KOSDAQ","-1.54","60.44","","61.38"
"A033200","모아텍","3","0","KOSDAQ","-1.25","136.15","","137.87"
"A033230","인성정보","12","0","KOSDAQ","-3.66","71.46","","74.18"
"A033240","자화전자","12","0","KOSPI","-2.96","264.03","","272.08"
"A033250","체시스","12","0","KOSPI","3.86","61.32","","59.04"
"A033270","유나이티드제약","12","0","KOSPI","-2.34","813.87","","833.36"
"A033290","로젠","12","0","KOSDAQ","-2.69","512.42","","526.58"
"A033310","엠투엔","12","0","KOSDAQ","-0.4","271.69","","271.36"
"A033320","제이씨현시스템","12","0","KOSDAQ","0.38","153.49","","152.92"
"A033340","좋은사람들","12","0","KOSDAQ","-0.97","76.36","","77.11"
"A033500","동성화인텍","12","0","KOSDAQ","-1.01","267.68","","270.4"
"A033530","SJG세종","12","0","KOSPI","-1.74","237.65","","241.87"
"A033540","파라텍","12","0","KOSDAQ","-1.57","117.02","","118.89"
"A033560","블루콤","12","0","KOSDAQ","-2.72","110.16","","113.23"
"A033640","네패스","12","0","KOSDAQ","2.7","702.15","","683.71"
"A033780","KT&G","12","1","KOSPI","-1.31","11381.55","","11532.57"
"A033790","피노","12","0","KOSDAQ","0","14.19","","14.19"
"A033830","티비씨","12","0","KOSDAQ","0.32","95.1","","94.8"
"A033920","무학","12","0","KOSPI","-0.46","184.4","","185.25"
"A034020","두산에너빌리티","12","1","KOSPI","1.03","3721.18","","3683.2"
"A034120","SBS","12","0","KOSPI","-1.24","290.22","","293.87"
"A034220","LG디스플레이","12","1","KOSPI","0.34","5349.34","","5331.45"
"A034230","파라다이스","12","0","KOSDAQ","-1.91","1168.61","","1191.35"
"A034310","NICE","12","0","KOSPI","-1.08","691.35","","698.93"
"A034590","인천도시가스","12","0","KOSPI","-0.97","112.21","","113.31"
"A034730","SK","12","1","KOSPI","-1.04","13403.64","","13544.36"
"A034810","해성산업","12","0","KOSDAQ","2.91","192.06","","186.63"
"A034830","한국토지신탁","12","0","KOSPI","-0.55","458.27","","460.79"
"A034940","조아제약","12","0","KOSDAQ","-2.13","149.32","","152.58"
"A034950","한국기업평가","12","0","KOSDAQ","-0.11","426.35","","426.81"
"A035000","HS애드","12","0","KOSPI","-0.38","87.31","","87.64"
"A035080","그래디언트","12","0","KOSDAQ","4.11","185.11","","177.8"
"A035150","백산","12","0","KOSPI","3.58","118.94","","114.83"
"A035200","프럼파스트","12","0","KOSDAQ","-2.86","41.31","","42.52"
"A035250","강원랜드","12","1","KOSPI","-1.61","4589.02","","4663.9"
"A035290","골드앤에스","12","0","KOSDAQ","0","30.2","","30.2"
"A035420","NAVER","12","1","KOSPI","0.67","49443.28","","49114.76"
"A035460","기산텔레콤","12","0","KOSDAQ","-1.58","40.74","","41.4"
"A035510","신세계 I&C","12","0","KOSPI","-1.21","209.84","","212.42"
"A035600","KG이니시스","12","0","KOSDAQ","-0.74","559.48","","563.67"
"A035610","솔본","12","0","KOSDAQ","-0.47","116.22","","116.77"
"A035620","바른손이앤에이","12","0","KOSDAQ","-0.34","106.56","","106.93"
"A035720","카카오","12","1","KOSPI","2.07","32695.82","","32033.96"
"A035760","CJ ENM","12","0","KOSDAQ","-1.77","2918.77","","2971.4"
"A035810","이지홀딩스","12","0","KOSDAQ","-1.48","222.84","","226.18"
"A035890","서희건설","12","0","KOSDAQ","-0.87","237.11","","239.18"
"A035900","JYP Ent.","12","0","KOSDAQ","-2.41","1222.89","","1253.06"
"A036000","예림당","12","0","KOSDAQ","1.32","61.85","","61.04"
"A036010","아비코전자","12","0","KOSDAQ","0.56","95.31","","94.78"
"A036030","케이티알파","12","0","KOSDAQ","0.2","182.5","","182.15"
"A036090","위지트","12","0","KOSDAQ","8.6","63.67","","58.63"
"A036120","서울평가정보","12","0","KOSDAQ","2.04","177.15","","173.59"
"A036170","에이치엠넥스","12","0","KOSDAQ","3.62","64.52","","62.27"
"A036190","금화피에스시","12","0","KOSDAQ","0","165","","165"
"A036200","유니셈","12","0","KOSDAQ","-3.76","219.56","","228.14"
"A036220","오상헬스케어","12","0","K-OTC","0.2","1258.63","","1256.07"
"A036420","콘텐트리중앙","12","0","KOSPI","-0.54","448.95","","451.41"
"A036460","한국가스공사","12","1","KOSPI","-2.21","2658.61","","2718.62"
"A036480","대성미생물","12","0","KOSDAQ","0","60.61","","60.61"
"A036530","SNT홀딩스","12","0","KOSPI","3.93","237.22","","228.25"
"A036540","SFA반도체","12","0","KOSDAQ","-0.59","832.17","","837.1"
"A036560","KZ정밀","12","0","KOSDAQ","-3.98","125.37","","130.57"
"A036570","NC","12","1","KOSPI","0.59","18617.01","","18507.24"
"A036580","팜스코","12","0","KOSPI","0.11","172.07","","171.89"
"A036620","감성코퍼레이션","12","0","KOSDAQ","0.79","51.8","","51.4"
"A036630","세종텔레콤","12","0","KOSDAQ","1.67","182.5","","179.5"
"A036640","HRS","12","0","KOSDAQ","-0.51","63.87","","64.19"
"A036670","삼양케이씨아이","12","0","KOSDAQ","-1.87","118.34","","120.59"
"A036690","코맥스","12","0","KOSDAQ","-0.2","73.08","","73.23"
"A036710","심텍홀딩스","12","0","KOSDAQ","-0.4","100.85","","101.25"
"A036800","나이스정보통신","12","0","KOSDAQ","0.21","240","","239.5"
"A036810","에프에스티","12","0","KOSDAQ","-0.46","438.06","","440.09"
"A036830","솔브레인홀딩스","12","0","KOSDAQ","0.22","431.44","","430.48"
"A036890","진성티이씨","12","0","KOSDAQ","-3.69","234.94","","243.93"
"A036930","주성엔지니어링","12","0","KOSDAQ","-0.14","342.57","","343.05"
"A037030","파워넷","12","0","KOSDAQ","-1.35","79.77","","80.86"
"A037070","파세코","12","0","KOSDAQ","-2.68","177.8","","182.7"
"A037230","한국팩키지","12","0","KOSDAQ","0.54","92.38","","91.88"
"A037270","YG PLUS","12","0","KOSPI","-0.38","308.75","","309.94"
"A037330","인지디스플레","12","0","KOSDAQ","-0.88","148.77","","150.09"
"A037350","성도이엔지","12","0","KOSDAQ","0","63.27","","63.27"
"A037370","EG","12","0","KOSDAQ","-0.12","64.65","","64.73"
"A037400","우리엔터프라이즈","12","0","KOSDAQ","12.19","50.47","","44.99"
"A037440","희림","12","0","KOSDAQ","-0.27","51.51","","51.65"
"A037460","삼지전자","12","0","KOSDAQ","-1.71","187.66","","190.93"
"A037560","LG헬로비전","12","0","KOSPI","-0.9","297.01","","299.72"
"A037710","광주신세계","12","0","KOSPI","0","249.6","","249.6"
"A037760","쎄니트","12","0","KOSDAQ","-0.56","59.88","","60.22"
"A037950","엘컴텍","12","0","KOSDAQ","1.34","127.94","","126.25"
"A038010","제일테크노스","12","0","KOSDAQ","-2.5","56.16","","57.6"
"A038060","루멘스","12","0","KOSDAQ","-1.61","87.56","","89"
"A038070","서린바이오","12","0","KOSDAQ","0","97.21","","97.21"
"A038110","에코플라스틱","12","0","KOSDAQ","-2.69","41.84","","43"
"A038290","마크로젠","12","0","KOSDAQ","-1.26","290.23","","293.94"
"A038390","레드캡투어","12","0","KOSDAQ","-2.56","163.2","","167.49"
"A038460","바이오스마트","12","0","KOSDAQ","7.18","224.98","","209.92"
"A038500","삼표시멘트","12","0","KOSDAQ","-2.79","373.6","","384.34"
"A038530","케이바이오랩스","12","0","KOSDAQ","-4.24","89.26","","93.22"
"A038540","상상인","12","0","KOSDAQ","-2.88","335.84","","345.8"
"A038620","위즈코프","12","0","KOSDAQ","-0.9","42.91","","43.3"
"A038680","에스넷","12","0","KOSDAQ","-0.42","113.81","","114.29"
"A038870","에코심플렉스","12","0","KOSDAQ","5.94","124.24","","117.27"
"A038880","아이에이","12","0","KOSDAQ","-0.94","140.84","","142.18"
"A038950","파인디지털","12","0","KOSDAQ","-0.17","59.63","","59.73"
"A039010","현대에이치티","12","0","KOSDAQ","-0.84","60.81","","61.32"
"A039020","이건홀딩스","12","0","KOSDAQ","3","58.16","","56.46"
"A039030","이오테크닉스","12","0","KOSDAQ","-2.07","1162.97","","1187.6"
"A039130","하나투어","12","0","KOSPI","-0.38","554.78","","556.87"
"A039200","오스코텍","12","0","KOSDAQ","-4.48","1495.06","","1565.14"
"A039240","경남스틸","12","0","KOSDAQ","-1.07","46.13","","46.63"
"A039290","인포뱅크","12","0","KOSDAQ","-2.41","67.03","","68.68"
"A039310","세중","12","0","KOSDAQ","-3.2","43.85","","45.3"
"A039340","한국경제TV","12","0","KOSDAQ","-0.58","117.76","","118.45"
"A039420","케이엘넷","12","0","KOSDAQ","1.66","66.67","","65.58"
"A039440","에스티아이","12","0","KOSDAQ","-1.97","236.66","","241.41"
"A039490","키움증권","12","0","KOSPI","-2.71","2377.76","","2444.12"
"A039560","다산네트웍스","12","0","KOSDAQ","0.41","429","","427.25"
"A039570","HDC랩스","12","0","KOSPI","-1.56","155.55","","158.02"
"A039610","화성밸브","12","0","KOSDAQ","-0.94","54.65","","55.18"
"A039740","한국정보공학","12","0","KOSDAQ","-2.5","25.02","","25.66"
"A039830","오로라","12","0","KOSDAQ","1.55","98.7","","97.19"
"A039840","디오","12","0","KOSDAQ","-1.32","462.6","","468.81"
"A039860","나노엔텍","12","0","KOSDAQ","-2.79","261.8","","269.3"
"A039980","폴라리스AI","12","0","KOSDAQ","0.45","46.73","","46.53"
"A040160","누리플렉스","12","0","KOSDAQ","-2.65","92.83","","95.36"
"A040300","YTN","12","0","KOSDAQ","0.16","133.14","","132.93"
"A040350","크레오에스지","12","0","KOSDAQ","1.1","262.21","","259.37"
"A040420","정상제이엘에스","12","0","KOSDAQ","0.48","99.08","","98.61"
"A040610","SG&G","12","0","KOSDAQ","0","48.23","","48.23"
"A040910","아이씨디","12","0","KOSDAQ","-1.67","264.74","","269.22"
"A041020","폴라리스오피스","12","0","KOSDAQ","-1.66","55.63","","56.57"
"A041190","우리기술투자","12","0","KOSDAQ","23.88","396.48","","320.04"
"A041440","현대에버다임","12","0","KOSDAQ","-1.36","77.76","","78.83"
"A041460","한국전자인증","12","0","KOSDAQ","-0.64","132.4","","133.26"
"A041510","에스엠","12","0","KOSDAQ","-2.25","711.71","","728.12"
"A041520","이엘씨","12","0","KOSDAQ","0.81","151.75","","150.53"
"A041590","플래스크","12","0","KOSDAQ","0.58","53.42","","53.11"
"A041650","상신브레이크","12","0","KOSPI","0","56.26","","56.26"
"A041830","인바디","12","0","KOSDAQ","-2.24","208.68","","213.47"
"A041910","폴라리스AI파마","12","0","KOSDAQ","0","137.42","","137.42"
"A041920","메디아나","12","0","KOSDAQ","-1.34","127.16","","128.89"
"A041930","SY동아","12","0","KOSDAQ","-1.48","158","","160.37"
"A041960","코미팜","12","0","KOSDAQ","-2.99","834.42","","860.09"
"A042000","카페24","12","0","KOSDAQ","-8.91","511.14","","561.12"
"A042040","케이피엠테크","12","0","KOSDAQ","-3.99","429.71","","447.56"
"A042110","에스씨디","12","0","KOSDAQ","0.42","57.51","","57.27"
"A042370","비츠로테크","12","0","KOSDAQ","0.24","183.53","","183.08"
"A042420","네오위즈홀딩스","12","0","KOSDAQ","0","147.47","","147.47"
"A042500","링네트","12","0","KOSDAQ","-3.08","90.84","","93.74"
"A042510","라온시큐어","12","0","KOSDAQ","-1.96","116","","118.31"
"A042520","한스바이오메드","9","0","KOSDAQ","-12.05","162.15","","184.38"
"A042600","새로닉스","12","0","KOSDAQ","-3.33","68.45","","70.81"
"A042660","한화오션","12","1","KOSPI","-0.66","2424.77","","2440.86"
"A042700","한미반도체","12","0","KOSPI","2.2","597.42","","584.54"
"A042940","상지건설","12","0","KOSDAQ","1.08","81.23","","80.37"
"A043090","더테크놀로지","12","0","KOSDAQ","-4.79","51.82","","54.43"
"A043100","알파AI","12","0","KOSDAQ","0","22.64","","22.64"
"A043150","바텍","12","0","KOSDAQ","-2.04","320.85","","327.54"
"A043200","파루","12","0","KOSDAQ","3.4","118.1","","114.22"
"A043220","티에스넥스젠","12","0","KOSDAQ","-1.83","122.09","","124.37"
"A043260","성호전자","12","0","KOSDAQ","-11.27","50.75","","57.2"
"A043340","에쎈테크","12","0","KOSDAQ","-2.33","75.6","","77.4"
"A043360","디지아이","12","0","KOSDAQ","0.67","20.39","","20.25"
"A043370","피에이치에이","12","0","KOSDAQ","-0.91","160.23","","161.7"
"A043590","웰킵스하이텍","12","0","KOSDAQ","0","34.72","","34.72"
"A043610","KT지니뮤직","12","0","KOSDAQ","-0.6","240.89","","242.34"
"A043650","국순당","12","0","KOSDAQ","1.15","78.22","","77.33"
"A043710","코스리거글로벌","12","0","KOSDAQ","0.82","35.46","","35.17"
"A043910","자연과환경","12","0","KOSDAQ","-1.81","72.02","","73.35"
"A044180","KD","12","0","KOSDAQ","-0.82","19.04","","19.2"
"A044340","위닉스","12","0","KOSDAQ","1.97","370.87","","363.72"
"A044380","주연테크","12","0","KOSPI","0.44","61.71","","61.44"
"A044450","KSS해운","12","0","KOSPI","-1.83","223.98","","228.15"
"A044480","빌리언스","12","0","KOSDAQ","1.54","49.64","","48.89"
"A044490","태웅","12","0","KOSDAQ","3.68","282.1","","272.1"
"A044780","에이치케이","12","0","KOSDAQ","-3.08","26.19","","27.02"
"A044820","코스맥스비티아이","12","0","KOSPI","3.62","178.63","","172.39"
"A044960","이글벳","12","0","KOSDAQ","1.65","116.94","","115.04"
"A044990","에이치엔에스하이텍","12","0","KONEX","-2.08","49.57","","50.62"
"A045060","오공","12","0","KOSDAQ","0.97","79.29","","78.53"
"A045100","한양이엔지","12","0","KOSDAQ","0","200.7","","200.7"
"A045300","성우테크론","12","0","KOSDAQ","-4.04","46.93","","48.91"
"A045340","토탈소프트","12","0","KOSDAQ","0","38.9","","38.9"
"A045390","대아티아이","12","0","KOSDAQ","-2.5","416.24","","426.91"
"A045510","정원엔시스","12","0","KOSDAQ","-0.53","61.04","","61.36"
"A045520","크린앤사이언스","12","0","KOSDAQ","-0.64","201.5","","202.8"
"A045660","에이텍","12","0","KOSDAQ","4.12","281.67","","270.52"
"A045970","코아시아","12","0","KOSDAQ","-0.57","229.99","","231.31"
"A046070","코다코","12","0","KOSDAQ","5.33","50.2","","47.66"
"A046120","오르비텍","12","0","KOSDAQ","-1.05","100.99","","102.06"
"A046210","HLB파나진","12","0","KOSDAQ","1.51","151.69","","149.44"
"A046310","백금T&A","12","0","KOSDAQ","0","41.03","","41.03"
"A046390","삼화네트웍스","12","0","KOSDAQ","0.73","59.58","","59.15"
"A046440","KG파이낸셜","12","0","KOSDAQ","-0.65","353.7","","356.03"
"A046890","서울반도체","12","0","KOSDAQ","-1.64","1049.5","","1066.99"
"A046940","우원개발","12","0","KOSDAQ","-1.23","101.4","","102.66"
"A046970","우리로","12","0","KOSDAQ","-0.33","42.81","","42.95"
"A047040","대우건설","12","1","KOSPI","0.97","1300.9","","1288.43"
"A047050","포스코인터내셔널","12","1","KOSPI","-0.73","1684.07","","1696.41"
"A047080","한빛소프트","12","0","KOSDAQ","2.75","92.43","","89.95"
"A047310","파워로직스","12","0","KOSDAQ","2.49","298.09","","290.86"
"A047400","유니온머티리얼","12","0","KOSPI","-4.57","170.94","","179.13"
"A047560","이스트소프트","12","0","KOSDAQ","-1.8","81.08","","82.56"
"A047770","코데즈컴바인","12","0","KOSDAQ","1.76","109.37","","107.47"
"A047810","한국항공우주","12","1","KOSPI","-0.44","2217.56","","2227.31"
"A047820","초록뱀미디어","12","0","KOSDAQ","-3.18","269.6","","278.46"
"A047920","HLB제약","12","0","KOSDAQ","-3.66","320.34","","332.51"
"A048410","현대바이오","12","0","KOSDAQ","-1.76","400.46","","407.65"
"A048430","유라테크","12","0","KOSDAQ","-1.32","129.6","","131.33"
"A048470","대동스틸","12","0","KOSDAQ","-1.37","46.7","","47.35"
"A048530","인트론바이오","12","0","KOSDAQ","-3.42","464.21","","480.68"
"A048550","SM C&C","12","0","KOSDAQ","0.32","148.06","","147.59"
"A048770","TPC로보틱스","12","0","KOSDAQ","-0.5","53.45","","53.72"
"A048830","엔피케이","12","0","KOSDAQ","0","33.89","","33.89"
"A048870","시너지이노베이션","12","0","KOSDAQ","-4.04","222.57","","231.93"
"A048910","대원미디어","12","0","KOSDAQ","0.15","81.51","","81.39"
"A049070","인탑스","12","0","KOSDAQ","-1.47","288.1","","292.4"
"A049080","기가레인","12","0","KOSDAQ","2.51","112.35","","109.6"
"A049120","파인디앤씨","12","0","KOSDAQ","0","50.08","","50.08"
"A049180","셀루메드","12","0","KOSDAQ","0","194.48","","194.48"
"A049430","코메론","12","0","KOSDAQ","1.3","77.63","","76.64"
"A049470","비트플래닛","12","0","KOSDAQ","-0.66","29.21","","29.4"
"A049480","오픈베이스","12","0","KOSDAQ","-0.59","105.74","","106.36"
"A049520","유아이엘","12","0","KOSDAQ","0","82.46","","82.46"
"A049550","잉크테크","12","0","KOSDAQ","0.48","50.3","","50.06"
"A049630","재영솔루텍","12","0","KOSDAQ","-3.33","63.76","","65.96"
"A049720","고려신용정보","12","0","KOSDAQ","-0.37","77.36","","77.65"
"A049800","우진플라임","12","0","KOSPI","-0.88","39.6","","39.95"
"A049830","승일","12","0","KOSDAQ","-0.25","49","","49.12"
"A049950","미래컴퍼니","12","0","KOSDAQ","1.7","325.71","","320.28"
"A049960","쎌바이오텍","12","0","KOSDAQ","0.61","154.16","","153.22"
"A050090","비케이홀딩스","12","0","KOSDAQ","-4.3","66.87","","69.88"
"A050110","캠시스","12","0","KOSDAQ","-1.23","193.84","","196.25"
"A050120","ES큐브","12","0","KOSDAQ","1.99","76.5","","75.01"
"A050760","에스폴리텍","12","0","KOSDAQ","-0.14","118.1","","118.26"
"A050860","아세아텍","6","0","KOSDAQ","-1.3","59.59","","60.38"
"A050890","쏠리드","12","0","KOSDAQ","-0.2","517.16","","518.2"
"A050960","수산아이앤티","12","0","KOSDAQ","1.38","74.6","","73.59"
"A051160","지어소프트","12","0","KOSDAQ","-1.7","169.06","","171.98"
"A051360","토비스","12","0","KOSDAQ","0","103.98","","103.98"
"A051370","인터플렉스","12","0","KOSDAQ","-3.17","320.75","","331.25"
"A051380","피씨디렉트","12","0","KOSDAQ","0","86.65","","86.65"
"A051390","YW","12","0","KOSDAQ","1.39","41.28","","40.71"
"A051490","나라엠앤디","12","0","KOSDAQ","-2.49","166.85","","171.11"
"A051500","CJ프레시웨이","12","0","KOSDAQ","-1.8","194.1","","197.66"
"A051600","한전KPS","12","1","KOSPI","-0.9","1242","","1253.25"
"A051630","진양화학","12","0","KOSPI","1.46","54.06","","53.28"
"A051780","큐로홀딩스","12","0","KOSDAQ","0.5","54.24","","53.97"
"A051900","LG생활건강","12","1","KOSPI","-0.26","23833.37","","23895.84"
"A051910","LG화학","12","1","KOSPI","6.35","50826.49","","47791.02"
"A051980","중앙첨단소재","12","0","KOSDAQ","-0.62","91.12","","86.12"
"A052020","에스티큐브","12","0","KOSDAQ","-4.01","268.91","","280.15"
"A052220","iMBC","12","0","KOSDAQ","0.18","62.91","","62.79"
"A052260","현대바이오랜드","12","0","KOSDAQ","0.83","366","","363"
"A052300","오션인더블유","12","0","KOSDAQ","0","77.4","","77.4"
"A052330","코텍","12","0","KOSDAQ","-0.87","124.44","","125.53"
"A052400","코나아이","12","0","KOSDAQ","-0.37","419.32","","420.87"
"A052420","오성첨단소재","12","0","KOSDAQ","12.08","293.43","","261.79"
"A052460","아이크래프트","12","0","KOSDAQ","-1.76","61.28","","62.38"
"A052600","한네트","12","0","KOSDAQ","-0.61","75.16","","75.63"
"A052690","한전기술","12","1","KOSPI","-0.31","607.7","","609.61"
"A052710","아모텍","12","0","KOSDAQ","-0.82","295.23","","297.66"
"A052770","아이톡시","12","0","KOSDAQ","0","32.52","","32.52"
"A052790","액토즈소프트","12","0","KOSDAQ","-3","128.04","","132"
"A052860","아이앤씨","12","0","KOSDAQ","-1.55","72.66","","73.8"
"A052900","KX하이텍","12","0","KOSDAQ","1.59","90.02","","88.61"
"A053030","바이넥스","12","0","KOSDAQ","0.18","868.39","","866.8"
"A053050","지에스이","12","0","KOSDAQ","0","50.83","","50.83"
"A053060","세동","12","0","KOSDAQ","-1.83","16.1","","16.4"
"A053080","케이엔솔","12","0","KOSDAQ","-3.09","194.95","","201.18"
"A053160","프리엠스","12","0","KOSDAQ","-0.23","52.38","","52.5"
"A053210","스카이라이프","12","0","KOSPI","-3.1","449.05","","463.39"
"A053260","금강철강","12","0","KOSDAQ","-1.98","60.18","","61.4"
"A053270","구영테크","12","0","KOSDAQ","0","44.74","","44.74"
"A053280","예스24","12","0","KOSDAQ","-2.9","230.48","","237.36"
"A053290","NE능률","12","0","KOSDAQ","0.56","44.79","","44.54"
"A053300","한국정보인증","12","0","KOSDAQ","-1.52","241.53","","245.27"
"A053350","이니텍","12","0","KOSDAQ","-1.26","85.3","","86.39"
"A053450","세코닉스","12","0","KOSDAQ","-1.04","71.69","","72.44"
"A053580","웹케시","12","0","KOSDAQ","-1.43","512.69","","520.13"
"A053610","프로텍","12","0","KOSDAQ","-2.13","303.05","","309.65"
"A053620","태양","12","0","KOSDAQ","-0.97","70.43","","71.12"
"A053690","한미글로벌","12","0","KOSPI","-0.22","98.29","","98.51"
"A053700","삼보모터스","12","0","KOSDAQ","3.23","114.64","","111.05"
"A053800","안랩","12","0","KOSDAQ","-1.23","643.89","","651.9"
"A053950","경남제약","12","0","KOSDAQ","-1.89","144.6","","147.39"
"A053980","오상자이엘","12","0","KOSDAQ","-2.33","222.74","","228.06"
"A054040","한국컴퓨터","12","0","KOSDAQ","-24.19","45.32","","59.79"
"A054050","NH농우바이오","12","0","KOSDAQ","0","159.5","","159.5"
"A054090","삼진엘앤디","12","0","KOSDAQ","5.04","88.36","","84.11"
"A054180","메디콕스","12","0","KOSDAQ","-2.59","90.36","","92.77"
"A054210","이랜텍","12","0","KOSDAQ","0","144.69","","144.69"
"A054220","비츠로시스","12","0","KOSDAQ","0","121.33","","121.33"
"A054300","팬스타엔터프라이즈","12","0","KOSDAQ","0.14","37.24","","37.19"
"A054410","케이피티유","12","0","KOSDAQ","-3.45","26.92","","27.88"
"A054450","텔레칩스","12","0","KOSDAQ","-0.38","176.25","","176.93"
"A054540","삼영엠텍","12","0","KOSDAQ","0.18","73.32","","73.19"
"A054620","APS","12","0","KOSDAQ","0","142.76","","142.76"
"A054670","대한뉴팜","12","0","KOSDAQ","-0.42","171.54","","172.26"
"A054780","키이스트","12","0","KOSDAQ","-2.56","194.61","","199.73"
"A054800","아이디스홀딩스","12","0","KOSDAQ","0.39","132.45","","131.93"
"A054920","한컴위드","12","0","KOSDAQ","-0.55","154.35","","155.19"
"A054930","유신","12","0","KOSDAQ","-1.46","40.5","","41.1"
"A054940","엑사이엔씨","12","0","KOSDAQ","-0.7","47.27","","47.6"
"A054950","제이브이엠","12","0","KOSDAQ","-2.69","205.75","","211.45"
"A055490","테이팩스","12","0","KOSPI","-1.41","148.61","","150.73"
"A055550","신한지주","12","1","KOSPI","0.32","16322.25","","16270.6"
"A056080","유진로봇","12","0","KOSDAQ","3.27","94.72","","91.72"
"A056090","시지메드텍","12","0","KOSDAQ","-2.19","29.55","","30.21"
"A056190","SFA","12","0","KOSDAQ","0.66","1368.12","","1359.15"
"A056360","코위버","12","0","KOSDAQ","-1.62","95.13","","96.69"
"A056700","신화인터텍","12","0","KOSDAQ","-1.85","77.5","","78.96"
"A056730","CNT85","12","0","KOSDAQ","0","109.59","","109.59"
"A057030","YBM넷","12","0","KOSDAQ","0.12","138.98","","138.82"
"A057050","현대홈쇼핑","12","1","KOSPI","0.42","859.2","","855.6"
"A057540","옴니시스템","12","0","KOSDAQ","-3.3","115.01","","118.93"
"A057680","티사이언티픽","12","0","KOSDAQ","0.11","185.04","","184.83"
"A058110","멕아이씨에스","12","0","KOSDAQ","-3.96","254.41","","264.89"
"A058400","KNN","12","0","KOSDAQ","-1.6","244.33","","248.31"
"A058430","포스코스틸리온","12","0","KOSPI","-0.68","87.3","","87.9"
"A058450","한주에이알티","12","0","KOSDAQ","0","21.74","","21.74"
"A058470","리노공업","12","0","KOSDAQ","-2.07","1873.29","","1912.92"
"A058610","에스피지","12","0","KOSDAQ","0.7","151.15","","150.11"
"A058630","엠게임","12","0","KOSDAQ","-0.81","96.16","","96.94"
"A058650","세아홀딩스","12","0","KOSPI","-0.43","281.2","","282.4"
"A058730","다스코","12","0","KOSPI","-0.19","81.16","","81.31"
"A058820","CMG제약","12","0","KOSDAQ","0.64","654.88","","650.71"
"A058850","KTcs","12","0","KOSPI","3.63","91.35","","88.14"
"A058860","KTis","12","0","KOSPI","0.4","88.4","","88.05"
"A058970","엠로","12","0","KONEX","0","59.69","","59.69"
"A059090","미코","12","0","KOSDAQ","-2.54","480.71","","493.24"
"A059100","아이컴포넌트","12","0","KOSDAQ","0","28.71","","28.71"
"A059120","아진엑스텍","12","0","KOSDAQ","0.52","56.15","","55.86"
"A059210","메타바이오메드","12","0","KOSDAQ","-1.86","63.12","","64.31"
"A059270","해성에어로보틱스","12","0","외감","","","",""
"A060150","인선이엔티","12","0","KOSDAQ","-1.88","435.32","","443.68"
"A060230","제이케이시냅스","12","0","KOSDAQ","-0.94","122.31","","123.46"
"A060240","스타코링크","12","0","KOSDAQ","-1.43","122.7","","124.48"
"A060250","NHN KCP","12","0","KOSDAQ","4.2","1651.64","","1585.03"
"A060260","뉴보텍","12","0","KOSDAQ","-2.05","47.81","","48.81"
"A060280","큐렉소","12","0","KOSDAQ","0.16","209.44","","208.82"
"A060310","3S","3","0","KOSDAQ","0.48","93.86","","93.41"
"A060370","LS마린솔루션","12","0","KOSDAQ","1.2","128.77","","127.24"
"A060380","동양에스텍","12","0","KOSDAQ","0.55","27.6","","27.45"
"A060480","국일신동","12","0","KOSDAQ","-2.45","42.03","","43.08"
"A060540","에스에이티","12","0","KOSDAQ","-0.57","68.08","","68.47"
"A060560","HC홈센타","12","0","KOSDAQ","-0.4","106.82","","107.24"
"A060570","드림어스컴퍼니","12","0","KOSDAQ","-2.42","275.2","","282.02"
"A060590","씨티씨바이오","12","0","KOSDAQ","-1.54","161.63","","164.16"
"A060720","KH바텍","12","0","KOSDAQ","-2.22","417.84","","427.31"
"A060850","영림원소프트랩","12","0","KOSDAQ","0","123.59","","123.59"
"A060900","에이전트AI","12","0","KOSDAQ","-1.85","151.62","","154.48"
"A060980","HL홀딩스","12","1","KOSPI","-2.45","333.54","","341.91"
"A061040","알에프텍","12","0","KOSDAQ","-1.84","275.11","","280.27"
"A061090","세나테크놀로지","12","0","외감","","","",""
"A061250","화일약품","12","0","KOSDAQ","-3.7","200.85","","208.57"
"A061970","LB세미콘","12","0","KOSDAQ","-1.23","420.33","","425.59"
"A062040","산일전기","12","0","외감","","","",""
"A062970","한국첨단소재","12","0","KOSDAQ","-1.83","64.88","","66.09"
"A063080","컴투스홀딩스","12","0","KOSDAQ","-0.47","210.39","","211.38"
"A063160","종근당바이오","12","0","KOSPI","-1.23","220.54","","223.28"
"A063170","서울옥션","12","0","KOSDAQ","1.39","86.11","","84.93"
"A063440","SM Life Design","12","0","KOSDAQ","-0.27","83.75","","83.98"
"A063570","NICE인프라","12","0","KOSDAQ","-1.7","198.06","","201.47"
"A063760","이엘피","12","0","KOSDAQ","0","44.69","","44.69"
"A064090","인크레더블버즈","12","0","KOSDAQ","-0.75","30.77","","31"
"A064240","홈캐스트","12","0","KOSDAQ","0","98.13","","98.13"
"A064260","다날","12","0","KOSDAQ","-2.54","342.05","","350.96"
"A064290","인텍플러스","12","0","KOSDAQ","-3.24","150.72","","155.76"
"A064350","현대로템","12","1","KOSPI","-1.28","1680.79","","1702.62"
"A064400","LG씨엔에스","12","0","외감","","","",""
"A064480","브리지텍","12","0","KOSDAQ","-2.31","40.4","","41.36"
"A064520","테크엘","12","0","KOSDAQ","0","74.05","","74.05"
"A064550","바이오니아","12","0","KOSDAQ","0.19","593.44","","592.3"
"A064760","티씨케이","12","0","KOSDAQ","-2.58","1102.12","","1131.31"
"A064800","포니링크","12","0","KOSDAQ","-2.01","95.85","","97.81"
"A064820","케이프","12","0","KOSDAQ","12.15","169.21","","150.88"
"A064850","에프앤가이드","12","0","KONEX","-1.52","107.25","","108.9"
"A064960","SNT모티브","12","1","KOSPI","-1.27","794.04","","804.27"
"A065060","지엔코","12","0","KOSDAQ","-0.44","111.24","","111.73"
"A065130","탑엔지니어링","12","0","KOSDAQ","-0.86","146.98","","148.26"
"A065150","대산F&B","12","0","KOSDAQ","0","106.26","","106.26"
"A065170","비엘팜텍","12","0","KOSDAQ","-2.97","183.97","","189.61"
"A065350","신성델타테크","12","0","KOSDAQ","-3.06","150.89","","155.65"
"A065370","위세아이텍","12","0","KOSDAQ","-0.27","81.72","","81.95"
"A065420","에스아이리소스","12","0","KOSDAQ","0","41.28","","41.28"
"A065440","이루온","12","0","KOSDAQ","-0.37","36.68","","36.82"
"A065450","빅텍","12","0","KOSDAQ","0.4","215.47","","214.61"
"A065500","오리엔트정공","12","0","KOSDAQ","0.24","96.7","","96.47"
"A065510","휴비츠","12","0","KOSDAQ","0.28","83.77","","83.54"
"A065530","와이어블","12","0","KOSDAQ","-0.34","233.91","","234.7"
"A065570","삼영이엔씨","12","0","KOSDAQ","0.55","64.77","","64.42"
"A065650","하이퍼코퍼레이션","12","0","KOSDAQ","0.46","163.31","","162.56"
"A065660","안트로젠","12","0","KOSDAQ","-5.16","428.1","","451.38"
"A065680","우주일렉트로","12","0","KOSDAQ","-0.67","294.05","","296.04"
"A065690","파커스","12","0","KOSDAQ","0.51","41.26","","41.05"
"A065710","서호전기","12","0","KOSDAQ","-0.88","115.62","","116.65"
"A065770","CS","12","0","KOSDAQ","-0.43","44.07","","44.26"
"A065950","웰크론","12","0","KOSDAQ","-1.43","194.8","","197.62"
"A066130","하츠","12","0","KOSDAQ","5.02","88.45","","84.22"
"A066310","큐에스아이","12","0","KOSDAQ","-0.63","130.8","","131.62"
"A066360","체리부로","12","0","KOSDAQ","0.85","65.92","","65.36"
"A066410","버킷스튜디오","12","0","KOSDAQ","7.52","83.5","","77.66"
"A066430","아이로보틱스","12","0","KOSDAQ","1.43","28.06","","27.67"
"A066570","LG전자","12","1","KOSPI","0.69","14253.72","","14155.54"
"A066590","스모트로닉","12","0","KOSDAQ","9.06","262.98","","241.14"
"A066620","국보디자인","12","0","KOSDAQ","-0.96","116.63","","117.75"
"A066670","디티씨","12","0","KOSDAQ","1.63","64.11","","63.09"
"A066700","테라젠이텍스","12","0","KOSDAQ","-2.9","325.77","","335.49"
"A066790","씨씨에스","12","0","KOSDAQ","0","38.9","","38.9"
"A066900","디에이피","12","0","KOSDAQ","6.98","99.39","","92.91"
"A066910","손오공","12","0","KOSDAQ","0.29","45.99","","45.86"
"A066970","엘앤에프","12","0","KOSDAQ","-1.91","1154.62","","1177.06"
"A066980","한성크린텍","12","0","KOSDAQ","-0.41","77.15","","77.47"
"A067000","조이시티","12","0","KOSDAQ","-1.09","320.67","","324.21"
"A067010","이씨에스","3","0","KOSDAQ","-3.72","54.09","","56.18"
"A067080","대화제약","12","0","KOSDAQ","-2.17","251.62","","257.19"
"A067160","SOOP","12","0","KOSDAQ","-1.61","703.48","","714.97"
"A067170","오텍","12","0","KOSDAQ","0","187.78","","187.78"
"A067280","멀티캠퍼스","12","0","KOSDAQ","-3.23","204.47","","211.29"
"A067290","JW신약","12","0","KOSDAQ","-1.82","224.17","","228.34"
"A067310","하나마이크론","12","0","KOSDAQ","-0.99","246.18","","248.63"
"A067370","선바이오","12","0","KONEX","-0.68","112.76","","113.52"
"A067390","아스트","12","0","KOSDAQ","0.12","106.44","","106.31"
"A067570","엔브이에이치코리아","12","0","KOSDAQ","-2.26","115.26","","117.92"
"A067630","HLB생명과학","12","0","KOSDAQ","-3.11","1247.37","","1287.38"
"A067730","로지시스","12","0","KOSDAQ","-2.95","52.22","","53.8"
"A067770","세진티에스","12","0","KOSDAQ","0.9","28.38","","28.13"
"A067830","세이브존I&C","12","0","KOSPI","3.62","117.38","","113.27"
"A067900","와이엔텍","12","0","KOSDAQ","-0.43","209.3","","210.21"
"A067920","이글루","12","0","KOSDAQ","-0.86","50.42","","50.86"
"A067990","도이치모터스","12","0","KOSDAQ","-1.92","157.29","","160.37"
"A068050","팬엔터테인먼트","12","0","KOSDAQ","-3.16","91.96","","94.96"
"A068100","케이웨더","12","0","외감","","","",""
"A068240","다원시스","12","0","KOSDAQ","-0.47","572.36","","575.06"
"A068270","셀트리온","12","1","KOSPI","2.02","37460.76","","36718.3"
"A068290","삼성출판사","12","0","KOSPI","9.58","246","","224.5"
"A068330","일신바이오","12","0","KOSDAQ","-2.7","271.04","","278.56"
"A068760","셀트리온제약","12","0","KOSDAQ","-0.35","4085.92","","4100.25"
"A068790","DMS","12","0","KOSDAQ","-1.09","209.64","","211.94"
"A068930","디지털대성","12","0","KOSDAQ","0.93","172.62","","171.03"
"A068940","셀피글로벌","12","0","KOSDAQ","2.21","122.69","","120.04"
"A069080","웹젠","12","0","KOSDAQ","-0.44","1200.57","","1205.87"
"A069140","누리플랜","12","0","KOSDAQ","-1.85","41.79","","42.58"
"A069260","TKG휴켐스","12","1","KOSPI","4.14","977","","938.16"
"A069330","유아이디","12","0","KOSDAQ","0","12.54","","12.54"
"A069410","엔텔스","12","0","KOSDAQ","0.48","58.3","","58.02"
"A069460","대호에이엘","12","0","KOSPI","2.99","56.17","","54.54"
"A069510","에스텍","12","0","KOSDAQ","-0.64","101.57","","102.23"
"A069540","빛과전자","12","0","KOSDAQ","0","100.56","","100.56"
"A069620","대웅제약","12","1","KOSPI","-1.03","1114.63","","1126.22"
"A069640","한세엠케이","12","0","KOSPI","-0.88","36.4","","36.73"
"A069730","DSR제강","12","0","KOSPI","1.19","67.1","","66.31"
"A069920","엑시온그룹","12","0","KOSDAQ","-0.13","100.59","","100.72"
"A069960","현대백화점","12","1","KOSPI","1.79","1467.33","","1441.59"
"A070300","엑스큐어","12","0","KOSDAQ","0","35.43","","35.43"
"A070590","인티큐브","12","0","KOSDAQ","0.2","35.05","","34.98"
"A070960","모나용평","12","0","KOSPI","-0.61","196.62","","197.83"
"A071050","한국금융지주","12","1","KOSPI","-1.39","3967.69","","4023.42"
"A071090","하이스틸","12","0","KOSPI","-0.98","30.4","","30.7"
"A071200","인피니트헬스케어","12","0","KOSDAQ","1.21","163.7","","161.75"
"A071280","로체시스템즈","12","0","KOSDAQ","-0.96","78.62","","79.39"
"A071320","지역난방공사","12","0","KOSPI","0.92","442.89","","438.83"
"A071670","에이테크솔루션","12","0","KOSDAQ","-2.66","98.8","","101.5"
"A071840","롯데하이마트","12","1","KOSPI","-0.16","743.64","","744.82"
"A071850","캐스텍코리아","12","0","KOSDAQ","0.79","53.02","","52.61"
"A071950","코아스","12","0","KOSPI","-0.46","33.38","","33.53"
"A071970","HD현대마린엔진","12","0","KOSPI","-0.38","112.61","","113.04"
"A072020","중앙백신","12","0","KOSDAQ","0","175.3","","175.3"
"A072130","유엔젤","12","0","KOSPI","-1.05","56.15","","56.74"
"A072470","우리산업홀딩스","12","0","KOSDAQ","0.38","99.16","","98.78"
"A072710","농심홀딩스","12","0","KOSPI","-0.4","343.2","","344.59"
"A072770","멤레이비티","12","0","KOSDAQ","-1.26","57.4","","58.13"
"A072870","메가스터디","12","0","KOSDAQ","0.43","140.67","","140.07"
"A072950","빛샘전자","12","0","KOSDAQ","-1.51","35.34","","35.88"
"A072990","에이치시티","12","0","KOSDAQ","0.42","82.44","","82.09"
"A073010","케이에스피","12","0","KOSDAQ","8.1","48.32","","44.7"
"A073110","엘엠에스","12","0","KOSDAQ","-1.39","88.16","","89.4"
"A073190","듀오백","12","0","KOSDAQ","0.37","32.49","","32.37"
"A073240","금호타이어","12","1","KOSPI","-1.18","1085.84","","1098.77"
"A073490","LIG아큐버","12","0","KOSDAQ","0.87","389.43","","386.06"
"A073540","에프알텍","12","0","KOSDAQ","-3.79","63.61","","66.12"
"A073560","우리손에프앤지","12","0","KOSDAQ","0","140.55","","140.55"
"A073570","리튬포어스","12","0","KOSDAQ","-3.24","113.38","","117.17"
"A073640","테라사이언스","12","0","KOSDAQ","-1.85","109.03","","111.08"
"A074430","아미노로직스","12","0","KOSDAQ","-1.47","176.97","","179.61"
"A074600","원익QnC","12","0","KOSDAQ","-1.52","427.18","","433.75"
"A074610","이엔플러스","12","0","KOSPI","-1.13","143.8","","145.44"
"A075130","플랜티넷","12","0","KOSDAQ","-0.57","47.22","","47.49"
"A075180","새론오토모티브","12","0","KOSPI","-0.61","78.43","","78.91"
"A075580","세진중공업","12","0","KOSPI","-0.85","268.23","","270.53"
"A075970","동국알앤에스","12","0","KOSDAQ","-2.5","64.49","","66.15"
"A076080","웰크론한텍","12","0","KOSDAQ","4.7","55.64","","53.15"
"A076610","해성옵틱스","12","0","KOSDAQ","-0.61","52.21","","52.54"
"A077360","덕산하이메탈","12","0","KOSDAQ","-0.13","172.43","","172.66"
"A077500","유니퀘스트","12","0","KOSPI","0","293.45","","293.45"
"A077970","STX엔진","12","0","KOSPI","-1.27","142.66","","144.5"
"A078000","텔코웨어","12","0","KOSPI","0","114.98","","114.98"
"A078020","LS증권","12","0","KOSDAQ","-0.83","330.11","","332.89"
"A078070","유비쿼스홀딩스","12","0","KOSDAQ","-2.73","499.2","","513.22"
"A078130","국일제지","12","0","KOSDAQ","0","622.27","","622.27"
"A078140","대봉엘에스","12","0","KOSDAQ","-0.93","118.07","","119.18"
"A078150","HB테크놀러지","12","0","KOSDAQ","-2.14","144.55","","147.71"
"A078160","메디포스트","12","0","KOSDAQ","-5.94","470.1","","499.77"
"A078340","컴투스","12","0","KOSDAQ","-2.38","1527.24","","1564.56"
"A078350","한양디지텍","12","0","KOSDAQ","0.57","59.29","","58.95"
"A078520","에이블씨엔씨","12","0","KOSPI","-2.02","197.07","","201.13"
"A078590","휴림에이텍","12","0","KOSDAQ","0.74","308.65","","306.39"
"A078600","대주전자재료","12","0","KOSDAQ","3.78","668.12","","643.79"
"A078860","아이오케이이엔엠","12","0","KOSDAQ","3.97","106.32","","102.26"
"A078890","가온그룹","12","0","KOSDAQ","0","90.9","","90.9"
"A078930","GS","12","1","KOSPI","-0.73","3159.12","","3182.35"
"A079000","와토스코리아","12","0","KOSDAQ","0","39.02","","39.02"
"A079160","CJ CGV","12","1","KOSPI","-1.43","724.82","","735.35"
"A079170","한창산업","12","0","KOSDAQ","1.2","43.68","","43.16"
"A079190","케스피온","12","0","KOSDAQ","0","88.36","","88.36"
"A079370","제우스","12","0","KOSDAQ","-1.02","200.93","","203.01"
"A079430","현대리바트","12","0","KOSPI","-0.92","331.64","","334.73"
"A079550","LIG디펜스앤에어로스페이스","12","1","KOSPI","0.17","650.1","","649"
"A079650","서산","12","0","KOSDAQ","-0.85","46.9","","47.3"
"A079810","APS이노베이션","12","0","KOSDAQ","2.57","125.02","","121.89"
"A079900","전진건설로봇","12","0","외감","","","",""
"A079940","가비아","12","0","KOSDAQ","-0.36","188.82","","189.5"
"A079950","인베니아","12","0","KOSDAQ","-0.19","62.52","","62.64"
"A079960","동양이엔피","12","0","KOSDAQ","0.3","131.26","","130.87"
"A079970","투비소프트","12","0","KOSDAQ","3","71.08","","69.02"
"A079980","휴비스","12","0","KOSPI","-0.12","285.31","","285.66"
"A080010","이상네트웍스","12","0","KOSDAQ","0.33","55.44","","55.26"
"A080160","모두투어","12","0","KOSDAQ","-1.71","272.16","","276.88"
"A080220","제주반도체","12","0","KOSDAQ","-0.66","122.12","","122.93"
"A080420","모다이노칩","12","0","KOSDAQ","0.24","333.24","","332.44"
"A080470","성창오토텍","12","0","KOSDAQ","0.11","64.53","","64.46"
"A080520","오디텍","12","0","KOSDAQ","-1.49","62.02","","62.96"
"A080530","코디","12","0","KOSDAQ","-1.2","49.74","","50.34"
"A080580","오킨스전자","12","0","KOSDAQ","2.69","171.77","","167.27"
"A080720","한국유니온제약","12","0","KOSDAQ","-3.07","137.13","","141.48"
"A081000","일진다이아","12","0","KOSPI","-0.77","735.71","","741.4"
"A081150","티플랙스","12","0","KOSDAQ","-0.78","77.05","","77.66"
"A081180","쎄크","12","0","외감","","","",""
"A081580","성우전자","12","0","KOSDAQ","0","39.47","","39.47"
"A081660","미스토홀딩스","12","1","KOSPI","1.49","2694.36","","2654.87"
"A082210","옵트론텍","12","0","KOSDAQ","-1.67","153.66","","156.26"
"A082270","젬백스","12","0","KOSDAQ","4.77","956.27","","912.72"
"A082640","동양생명","12","0","KOSPI","1.53","536.52","","528.45"
"A082660","코스나인","12","0","KOSDAQ","0.65","43.69","","43.4"
"A082740","한화엔진","12","0","KOSPI","-0.11","154.69","","154.85"
"A082800","비보존 제약","12","0","KOSDAQ","-2.21","266.27","","272.29"
"A082850","우리바이오","12","0","KOSDAQ","4.12","159.01","","152.72"
"A082920","비츠로셀","12","0","KOSDAQ","0","375.86","","375.86"
"A083310","엘오티베큠","12","0","KOSDAQ","-2.46","231.06","","236.9"
"A083420","그린케미칼","12","0","KOSPI","1.16","94.56","","93.48"
"A083450","GST","12","0","KOSDAQ","-0.95","146.29","","147.69"
"A083470","이엠앤아이","12","0","KOSDAQ","0","35.54","","35.54"
"A083500","에프엔에스테크","12","0","KOSDAQ","0.88","77.32","","76.65"
"A083550","케이엠","12","0","KOSDAQ","-0.72","141.38","","142.41"
"A083640","인콘","12","0","KOSDAQ","-1.13","87.71","","84.51"
"A083650","비에이치아이","12","0","KOSDAQ","-0.92","55.9","","56.42"
"A083660","CSA 코스믹","12","0","KOSDAQ","-0.17","107.14","","107.32"
"A083790","CG인바이츠","12","0","KOSDAQ","-1.54","729.73","","741.17"
"A083930","아바코","12","0","KOSDAQ","-1.8","142.57","","145.19"
"A084010","대한제강","12","0","KOSPI","-0.15","168.58","","168.83"
"A084110","휴온스글로벌","12","0","KOSDAQ","-1.83","338.19","","344.5"
"A084180","수성웹툰","12","0","KOSDAQ","2.2","25.78","","25.22"
"A084370","유진테크","12","0","KOSDAQ","0.69","666.86","","662.27"
"A084440","유비온","9","0","KONEX","10.64","15.58","","14.09"
"A084650","랩지노믹스","12","0","KOSDAQ","-3.04","345.84","","356.71"
"A084670","동양고속","12","0","KOSPI","0","76.15","","76.15"
"A084680","이월드","12","0","KOSPI","6.27","358.41","","337.27"
"A084690","대상홀딩스","12","0","KOSPI","-0.2","360.31","","361.04"
"A084730","팅크웨어","12","0","KOSDAQ","-0.51","100.92","","101.44"
"A084850","아이티엠반도체","12","0","KOSDAQ","-1.97","1262.79","","1288.19"
"A084870","TBH글로벌","12","0","KOSPI","0","40.57","","40.57"
"A084990","헬릭스미스","12","0","KOSDAQ","-8.33","529.96","","578.14"
"A085310","엔케이","12","0","KOSPI","0.48","84.38","","83.98"
"A085620","미래에셋생명","12","0","KOSPI","0.26","679.74","","677.97"
"A085660","차바이오텍","12","0","KOSDAQ","-1.9","950.35","","968.73"
"A085670","뉴프렉스","12","0","KOSDAQ","-2.3","46.26","","47.35"
"A085810","알티캐스트","12","0","KOSDAQ","0.61","52.21","","51.89"
"A085910","네오티스","12","0","KOSDAQ","-0.26","41.74","","41.85"
"A086040","바이오톡스텍","12","0","KOSDAQ","-2.65","160.88","","165.26"
"A086060","진바이오텍","12","0","KOSDAQ","0.16","53.39","","53.3"
"A086280","현대글로비스","12","1","KOSPI","-1.67","6637.5","","6750"
"A086390","유니테스트","12","0","KOSDAQ","4.18","499.82","","479.74"
"A086450","동국제약","12","0","KOSDAQ","-2.48","1138.18","","1167.08"
"A086520","에코프로","12","0","KOSDAQ","-1.88","1036.03","","1055.91"
"A086670","비엠티","12","0","KOSDAQ","1.35","73.32","","72.34"
"A086710","선진뷰티사이언스","12","0","외감","","","",""
"A086790","하나금융지주","12","1","KOSPI","1.09","9772.88","","9667.79"
"A086820","바이오솔루션","12","0","KOSDAQ","-3.33","188.13","","194.6"
"A086890","이수앱지스","12","0","KOSDAQ","-3.61","196.44","","203.79"
"A086900","메디톡스","12","0","KOSDAQ","-1.73","1118.38","","1138.11"
"A086960","MDS테크","12","0","KOSDAQ","-1.22","107.27","","108.59"
"A086980","쇼박스","12","0","KOSDAQ","-0.89","173.72","","175.28"
"A087010","펩트론","12","0","KOSDAQ","-1.94","232.2","","236.79"
"A087260","모바일어플라이언스","12","0","KOSDAQ","1.35","164.59","","162.4"
"A087600","픽셀플러스","12","0","KOSDAQ","1.05","35.2","","34.83"
"A088130","동아엘텍","12","0","KOSDAQ","-0.63","83.7","","84.24"
"A088280","쏘닉스","12","0","외감","","","",""
"A088290","이원컴포텍","12","0","KOSDAQ","4.15","192.64","","184.97"
"A088340","유라클","12","0","외감","","","",""
"A088350","한화생명","12","1","KOSPI","-1.54","1385.31","","1407.02"
"A088390","이녹스","12","0","KOSDAQ","-1.24","66.95","","67.79"
"A088790","진도","12","0","KOSPI","-3.38","49.79","","51.53"
"A088800","에이스테크","12","0","KOSDAQ","-1.44","978.89","","993.23"
"A088910","동우팜투테이블","12","0","KOSDAQ","-0.32","80.98","","81.24"
"A089010","켐트로닉스","12","0","KOSDAQ","-2.68","264.49","","271.77"
"A089030","테크윙","12","0","KOSDAQ","-1.86","356.43","","363.19"
"A089140","넥스턴앤롤코리아","12","0","KOSDAQ","3.64","107.8","","104.01"
"A089150","케이씨티","12","0","KOSDAQ","1.72","101.36","","99.64"
"A089230","THE E&M","12","0","KOSDAQ","16.07","120.67","","103.97"
"A089470","HDC현대EP","12","0","KOSPI","-0.17","189.17","","189.49"
"A089590","제주항공","12","0","KOSPI","-1.51","502.42","","510.12"
"A089600","KT나스미디어","12","0","KOSDAQ","-2.23","269.21","","275.34"
"A089790","제이티","12","0","KOSDAQ","2.36","98.31","","96.04"
"A089850","유비벨록스","12","0","KOSDAQ","-1.76","59.7","","60.77"
"A089860","롯데렌탈","12","0","외감","","","",""
"A089890","코세스","12","0","KOSDAQ","-1.91","119.41","","121.73"
"A089970","브이엠","12","0","KOSDAQ","0.75","318.12","","315.77"
"A089980","상아프론테크","12","0","KOSDAQ","1.75","685.6","","673.81"
"A090080","평화산업","12","0","KOSPI","-0.45","61.22","","61.49"
"A090150","아이윈","12","0","KOSDAQ","0","27.91","","27.91"
"A090350","노루페인트","12","0","KOSPI","-0.14","142.6","","142.8"
"A090360","로보스타","12","0","KOSDAQ","-0.39","124.31","","124.8"
"A090370","메타랩스","12","0","KOSPI","0.44","72.29","","71.97"
"A090410","덕신이피씨","12","0","KOSDAQ","0","56.58","","56.58"
"A090430","아모레퍼시픽","12","1","KOSPI","-0.3","9587.19","","9616.42"
"A090460","비에이치","12","0","KOSDAQ","-2.08","709.62","","724.68"
"A090470","제이스로보틱스","12","0","KOSDAQ","-0.65","110.8","","111.53"
"A090710","휴림로봇","12","0","KOSDAQ","7.39","114.61","","106.72"
"A090850","현대이지웰","12","0","KOSDAQ","5.66","265.96","","251.71"
"A091120","이엠텍","12","0","KOSDAQ","1.28","190.32","","187.91"
"A091340","S&K폴리텍","12","0","KOSDAQ","-1.04","55.71","","56.29"
"A091440","한울소재과학","12","0","KOSDAQ","-0.87","31.47","","31.75"
"A091580","상신이디피","12","0","KOSDAQ","2.64","177.11","","172.55"
"A091590","남화토건","12","0","KOSDAQ","2.33","154.97","","151.45"
"A091700","파트론","12","0","KOSDAQ","-0.5","541.56","","544.27"
"A091810","트리니티항공","12","0","KOSPI","7.69","111.8","","103.81"
"A091970","LSK아이로봇","12","0","KOSDAQ","-1.61","51.39","","52.23"
"A092040","아미코젠","12","0","KOSDAQ","-3.37","634.08","","656.18"
"A092070","디엔에프","12","0","KOSDAQ","-0.38","140.98","","141.52"
"A092130","이크레더블","12","0","KOSDAQ","0.4","298.68","","297.48"
"A092190","서울바이오시스","12","0","KOSDAQ","-1.42","661.27","","670.83"
"A092200","디아이씨","12","0","KOSPI","0","54.83","","54.83"
"A092220","KEC","12","0","KOSPI","1.66","250.34","","246.25"
"A092230","KPX홀딩스","12","0","KOSPI","-0.94","199.83","","201.73"
"A092300","현우산업","12","0","KOSDAQ","0.17","44.14","","44.06"
"A092440","기신정기","3","0","KOSPI","2.09","106.73","","104.54"
"A092460","한라IMS","12","0","KOSDAQ","0","67.53","","67.53"
"A092600","앤씨앤","12","0","KOSDAQ","-1.59","90.81","","92.27"
"A092730","네오팜","12","0","KOSDAQ","-1.97","224.88","","229.4"
"A092780","DYP","12","0","KOSPI","-1.64","78.75","","80.06"
"A092790","넥스틸","12","0","외감","","","",""
"A092870","엑시콘","12","0","KOSDAQ","5.95","147.83","","139.53"
"A093050","LF","12","1","KOSPI","-1.31","441.52","","447.37"
"A093190","빅솔론","12","0","KOSDAQ","0","81.77","","81.77"
"A093240","형지엘리트","6","0","KOSPI","1.49","95.49","","94.09"
"A093320","케이아이엔엑스","12","0","KOSDAQ","0.23","416.75","","415.78"
"A093370","후성","12","1","KOSPI","3.44","919.59","","889.03"
"A093380","풍강","8","0","KOSDAQ","0.9","33.1","","32.8"
"A093520","매커스","12","0","KOSDAQ","-1.42","78.55","","79.68"
"A093640","케이알엠","12","0","KOSDAQ","-0.64","37.75","","37.99"
"A093920","서원인텍","12","0","KOSDAQ","-0.77","119.97","","120.9"
"A094170","동운아나텍","12","0","KOSDAQ","-3.94","153.65","","159.95"
"A094280","효성ITX","12","0","KOSPI","0.23","253.7","","253.12"
"A094360","칩스앤미디어","12","0","KOSDAQ","-2.99","109.42","","112.79"
"A094480","갤럭시아머니트리","12","0","KOSDAQ","0.7","141.23","","140.25"
"A094820","일진파워","12","0","KOSDAQ","-0.75","79.31","","79.92"
"A094840","슈프리마에이치큐","12","0","KOSDAQ","-0.81","63.98","","64.51"
"A094850","참좋은여행","12","0","KOSDAQ","-0.83","83.3","","84"
"A094860","네오리진","12","0","KOSDAQ","-1.79","110.91","","112.93"
"A094940","푸른로보틱스","12","0","KOSDAQ","-1.15","85.14","","86.12"
"A094970","제이엠티","12","0","KOSDAQ","-0.57","43.55","","43.8"
"A095190","신화프리텍","12","0","KOSDAQ","0.33","241.3","","240.51"
"A095270","웨이브일렉트로","12","0","KOSDAQ","-3.99","91.92","","95.75"
"A095340","ISC","12","0","KOSDAQ","-3.08","267.29","","275.78"
"A095500","미래나노텍","12","0","KOSDAQ","0.19","66.13","","66.01"
"A095570","AJ네트웍스","12","0","KOSPI","-2.88","197.36","","203.21"
"A095610","테스","12","0","KOSDAQ","-0.95","516.94","","521.88"
"A095660","네오위즈","12","0","KOSDAQ","0.22","498.57","","497.47"
"A095700","제넥신","12","0","KOSDAQ","-0.57","2969.51","","2986.49"
"A095720","웅진씽크빅","12","0","KOSPI","-0.58","301.14","","302.9"
"A095910","에스에너지","12","0","KOSDAQ","2.15","118.78","","116.28"
"A096240","크레버스","12","0","KOSDAQ","-0.25","154.26","","154.64"
"A096250","와이즈넛","12","0","외감","","","",""
"A096350","대창솔루션","12","0","KOSDAQ","0.45","72.48","","72.16"
"A096530","씨젠","12","0","KOSDAQ","-3.58","7216.98","","7484.57"
"A096610","알에프세미","12","0","KOSDAQ","-2.3","52.41","","53.65"
"A096630","에스코넥","12","0","KOSDAQ","-2.03","141.95","","144.89"
"A096690","에이루트","12","0","KOSDAQ","-2.56","68.28","","70.08"
"A096760","JW홀딩스","12","0","KOSPI","-1.22","376.78","","381.44"
"A096770","SK이노베이션","12","1","KOSPI","2.54","13083.88","","12760.25"
"A096870","엘디티","12","0","KOSDAQ","-0.59","16.96","","17.06"
"A097230","HJ중공업","12","0","KOSPI","-0.43","573.76","","576.26"
"A097520","엠씨넥스","12","0","KOSDAQ","-1.02","603.79","","610.04"
"A097780","에코볼트","12","0","KOSDAQ","2.45","490.95","","479.2"
"A097800","윈팩","12","0","KOSDAQ","-0.83","68.35","","68.93"
"A097870","효성오앤비","6","0","KOSDAQ","-0.97","60.87","","61.47"
"A097950","CJ제일제당","12","1","KOSPI","0.26","5856.08","","5841.02"
"A098070","한텍","12","0","외감","","","",""
"A098120","마이크로컨텍솔","12","0","KOSDAQ","-1.6","46.14","","46.88"
"A098460","고영","12","0","KOSDAQ","-1.68","1208.32","","1228.92"
"A098660","에스티오","12","0","KOSDAQ","-0.24","26.31","","26.38"
"A099190","아이센스","12","0","KOSDAQ","1.28","379.83","","375.03"
"A099220","SDN","12","0","KOSDAQ","2.66","204.76","","199.46"
"A099320","쎄트렉아이","12","0","KOSDAQ","-1.99","178.8","","182.44"
"A099390","브레인즈컴퍼니","12","0","외감","","","",""
"A099410","동방선기","12","0","KOSDAQ","-1.31","51.05","","51.73"
"A099430","바이오플러스","12","0","외감","","","",""
"A099440","스맥","12","0","KOSDAQ","-2.28","63.83","","64.78"
"A099520","DGI","12","0","KOSDAQ","-1.85","77.94","","79.41"
"A099750","이지케어텍","3","0","KOSDAQ","-0.53","120.7","","121.33"
"A100030","인지소프트","12","0","KOSDAQ","0.65","50.9","","50.57"
"A100090","SK오션플랜트","12","0","KOSDAQ","7.01","615.88","","575.52"
"A100120","뷰웍스","12","0","KOSDAQ","1.56","293.55","","289.05"
"A100130","동국S&C","12","0","KOSDAQ","4.68","485.72","","464"
"A100220","비상교육","12","0","KOSPI","-0.93","82.92","","83.7"
"A100250","진양홀딩스","12","0","KOSPI","-0.18","153.43","","153.71"
"A100590","머큐리","12","0","KOSDAQ","-0.41","144.39","","144.98"
"A100660","서암기계공업","12","0","KOSDAQ","-2.93","66.78","","68.8"
"A100700","세운메디칼","12","0","KOSDAQ","-1.25","156.15","","158.12"
"A100790","미래에셋벤처투자","12","0","KOSDAQ","4.48","171.58","","164.22"
"A100840","SNT에너지","12","0","KOSPI","0.66","115.23","","114.48"
"A101000","KS인더스트리","12","0","KOSDAQ","-1.52","49.2","","49.96"
"A101140","인바이오젠","12","0","KOSPI","-2.63","318.9","","327.52"
"A101160","월덱스","12","0","KOSDAQ","-0.99","247.66","","250.14"
"A101170","우림피티에스","12","0","KOSDAQ","1","68.04","","67.37"
"A101240","씨큐브","12","0","KOSDAQ","-1.12","71.68","","72.49"
"A101330","모베이스","12","0","KOSDAQ","-0.15","77.38","","77.5"
"A101360","에코앤드림","12","0","KOSDAQ","-1.57","252.72","","256.75"
"A101390","아이엠","12","0","KOSDAQ","-0.8","31.5","","31.75"
"A101400","엔시트론","12","0","KOSDAQ","2.09","34.31","","33.61"
"A101490","에스앤에스텍","12","0","KOSDAQ","0.67","800.14","","794.78"
"A101530","해태제과식품","12","0","KOSPI","0.12","243.71","","243.42"
"A101670","하이드로리튬","12","0","KOSDAQ","-0.43","22.11","","22.21"
"A101680","한국정밀기계","12","0","KOSDAQ","-0.3","13.74","","13.78"
"A101730","위메이드맥스","12","0","KOSDAQ","0.14","30.19","","30.15"
"A101930","인화정공","12","0","KOSDAQ","-3.28","35.74","","36.95"
"A101970","우양에이치씨","12","0","K-OTC","0.46","150.21","","149.53"
"A102120","어보브반도체","12","0","KOSDAQ","-1.77","174.07","","177.22"
"A102260","동성케미컬","12","0","KOSPI","0.49","179.05","","178.17"
"A102370","케이옥션","12","0","외감","","","",""
"A102460","이연제약","12","0","KOSPI","0.24","357.47","","356.6"
"A102710","이엔에프테크놀로지","12","0","KOSDAQ","-0.23","616.65","","618.08"
"A102940","코오롱생명과학","12","0","KOSDAQ","-0.99","341.23","","344.65"
"A103140","풍산","12","1","KOSPI","-0.59","709.01","","713.22"
"A103230","에스앤더블류","12","0","KOSDAQ","5.61","20.34","","19.26"
"A103590","일진전기","12","0","KOSPI","0","102.9","","102.9"
"A103840","우양","12","0","KOSDAQ","-0.98","64.68","","65.32"
"A104040","디에스엠","12","0","KOSDAQ","3.76","69.18","","66.67"
"A104200","NHN벅스","12","0","KOSDAQ","0.34","88.37","","88.08"
"A104460","디와이피엔에프","12","0","KOSDAQ","0.58","186.42","","185.35"
"A104480","티케이케미칼","12","0","KOSDAQ","0.28","159.98","","159.52"
"A104540","코렌텍","12","0","KOSDAQ","-0.77","95.29","","96.03"
"A104620","노랑풍선","12","0","KOSDAQ","-1.95","96.03","","97.93"
"A104700","한국철강","12","0","KOSPI","-0.21","216.9","","217.36"
"A104830","원익머트리얼즈","12","0","KOSDAQ","-0.9","346.09","","349.24"
"A105330","케이엔더블유","12","0","KOSDAQ","0.65","79.63","","79.11"
"A105550","엣지파운드리","12","0","KOSDAQ","1.14","43.03","","42.54"
"A105560","KB금융","12","1","KOSPI","-0.58","17734.21","","17838.16"
"A105630","한세실업","12","1","KOSPI","-4.87","664","","698"
"A105740","디케이락","12","0","KOSDAQ","-9.18","117.03","","128.86"
"A105760","포스뱅크","12","0","외감","","","",""
"A105840","우진","12","0","KOSPI","5.82","97.37","","92.02"
"A106080","케이이엠텍","12","0","KOSDAQ","0","49.17","","49.17"
"A106190","하이텍팜","12","0","KOSDAQ","0.41","87.19","","86.84"
"A106240","파인테크닉스","12","0","KOSDAQ","0.13","173.41","","173.19"
"A106520","노블엠앤비","12","0","KOSDAQ","0","77.04","","77.04"
"A107590","미원홀딩스","12","0","KOSPI","4.59","148.02","","141.52"
"A107600","새빗켐","12","0","외감","","","",""
"A107640","한중엔시에스","12","0","KONEX","0","20.87","","20.87"
"A108230","톱텍","12","0","KOSDAQ","-4.69","579.85","","608.37"
"A108320","LX세미콘","12","0","KOSDAQ","-2.68","766.86","","788.01"
"A108380","대양전기공업","12","0","KOSDAQ","16.44","162.64","","139.68"
"A108490","로보티즈","12","0","KOSDAQ","-0.78","143.45","","144.58"
"A108670","LX하우시스","12","1","KOSPI","-1.52","581.11","","590.07"
"A108860","셀바스AI","12","0","KOSDAQ","-0.89","61.54","","62.09"
"A109070","주성코퍼레이션","12","0","KOSPI","0","14.93","","14.93"
"A109080","옵티시스","12","0","KOSDAQ","0","46.16","","46.16"
"A109610","에스와이","12","0","KOSDAQ","-2.41","138.4","","141.82"
"A109670","씨싸이트","12","0","외감","","","",""
"A109740","디에스케이","12","0","KOSDAQ","-1.14","141.67","","143.3"
"A109820","진매트릭스","12","0","KOSDAQ","3.42","337.67","","326.51"
"A109860","동일금속","12","0","KOSDAQ","-0.94","73.85","","74.55"
"A109960","앱토크롬","12","0","KOSDAQ","-0.3","118.65","","119.01"
"A110020","전진바이오팜","12","0","KOSDAQ","-4.33","68.82","","71.94"
"A110790","크리스에프앤씨","12","0","KOSDAQ","-2.46","278.83","","285.86"
"A110990","디아이티","12","0","KOSDAQ","-0.64","117.75","","118.5"
"A111110","호전실업","12","0","KOSPI","-1.13","62.96","","63.68"
"A111380","동인기연","12","0","외감","","","",""
"A111710","남화산업","12","0","KOSDAQ","0","241.91","","241.91"
"A111770","영원무역","12","1","KOSPI","-1.73","1258.45","","1280.6"
"A112040","위메이드","12","0","KOSDAQ","-4.23","685.44","","715.68"
"A112290","와이씨켐","12","0","외감","","","",""
"A112610","씨에스윈드","12","0","KOSPI","6.1","1953.29","","1840.93"
"A113810","디젠스","12","0","KOSDAQ","1.58","18.92","","18.63"
"A114090","GKL","12","1","KOSPI","-1.61","757.73","","770.1"
"A114190","강원에너지","12","0","KOSDAQ","0","45.39","","45.39"
"A114450","그린생명과학","12","0","KOSDAQ","20.1","188.25","","156.75"
"A114630","폴라리스우노","12","0","KOSDAQ","-2.61","60.68","","62.3"
"A114810","한솔아이원스","12","0","KOSDAQ","1.67","114.17","","112.29"
"A114840","아이패밀리에스씨","12","0","외감","","","",""
"A115160","휴맥스","12","0","KOSDAQ","-1.18","134.08","","135.68"
"A115180","큐리언트","12","0","KOSDAQ","4.11","305.78","","293.7"
"A115310","인포바인","12","0","KOSDAQ","-0.55","57.95","","58.27"
"A115440","우리넷","12","0","KOSDAQ","-1.64","82.42","","83.79"
"A115450","HLB테라퓨틱스","12","0","KOSDAQ","-2.03","758.64","","774.36"
"A115480","씨유메디칼","12","0","KOSDAQ","-1.57","53.39","","54.24"
"A115500","케이씨에스","12","0","KOSDAQ","8.85","79.68","","73.2"
"A115530","씨엔플러스","12","0","KOSDAQ","0","51.65","","51.65"
"A115570","스타플렉스","12","0","KOSDAQ","15.2","38.76","","33.65"
"A115610","이미지스","12","0","KOSDAQ","-0.96","19.79","","19.98"
"A117580","대성에너지","12","0","KOSPI","0.19","147.4","","147.13"
"A117670","알파칩스","12","0","KOSDAQ","-0.92","85.13","","85.92"
"A117730","티로보틱스","12","0","KOSDAQ","-0.99","39","","39.39"
"A118000","메타케어","12","0","KOSPI","-1.13","199.08","","201.35"
"A118990","모트렉스","12","0","KOSDAQ","0.46","254.29","","253.12"
"A119500","포메탈","12","0","KOSDAQ","0.13","44.6","","44.55"
"A119610","인터로조","12","0","KOSDAQ","-0.73","239.38","","241.13"
"A119650","KC코트렐","12","0","KOSPI","29.72","138.45","","106.73"
"A119830","아이텍","12","0","KOSDAQ","-0.14","95.24","","95.37"
"A119850","지엔씨에너지","12","0","KOSDAQ","-1.49","96.8","","98.26"
"A120030","조선선재","12","0","KOSPI","0","126.39","","126.39"
"A120110","코오롱인더","12","1","KOSPI","-2.77","994.17","","1022.5"
"A120240","대정화금","12","0","KOSDAQ","-0.55","193.73","","194.8"
"A121440","골프존홀딩스","12","0","KOSDAQ","3.21","289.15","","280.15"
"A121600","나노신소재","12","0","KOSDAQ","0.15","362.33","","361.79"
"A121800","비덴트","12","0","KOSDAQ","4.84","266.48","","254.18"
"A121850","코이즈","12","0","KOSDAQ","3.33","21.5","","20.81"
"A121890","에스디시스템","12","0","KOSDAQ","0","7.1","","7.1"
"A122310","제노레이","12","0","KOSDAQ","-1.19","133.02","","134.62"
"A122350","삼기","12","0","KOSDAQ","0.78","122.26","","121.31"
"A122450","KX","12","0","KOSDAQ","8.86","668.71","","614.3"
"A122640","예스티","12","0","KOSDAQ","0.57","128.46","","127.73"
"A122690","서진오토모티브","12","0","KOSDAQ","-0.99","58.62","","59.21"
"A122870","와이지엔터테인먼트","12","0","KOSDAQ","-3.08","782.47","","807.32"
"A122900","아이마켓코리아","12","0","KOSPI","0.23","310.75","","310.05"
"A122990","와이솔","12","0","KOSDAQ","-0.96","436.67","","440.89"
"A123010","알엔티엑스","12","0","KOSDAQ","6.19","84.67","","79.73"
"A123040","엠에스오토텍","12","0","KOSDAQ","-2.3","219.83","","225.01"
"A123330","제닉","12","0","KOSDAQ","0.27","25.94","","25.87"
"A123410","코리아에프티","12","0","KOSDAQ","0.68","81.99","","81.44"
"A123420","위메이드플레이","12","0","KOSDAQ","-1.49","190.44","","193.31"
"A123570","이엠넷","12","0","KOSDAQ","-1.35","105.81","","107.26"
"A123690","한국화장품","12","0","KOSPI","0.36","220.94","","220.13"
"A123700","SJM","12","0","KOSPI","0.5","47.05","","46.81"
"A123750","알톤","12","0","KOSDAQ","-0.64","39.83","","40.09"
"A123840","뉴온","12","0","KOSDAQ","-7.79","91.31","","99.03"
"A123860","아나패스","12","0","KOSDAQ","0","238.74","","238.74"
"A123890","한국자산신탁","12","0","KOSPI","-0.93","460.58","","464.92"
"A124500","아이티센글로벌","12","0","KOSDAQ","0.76","106.11","","105.31"
"A124560","태웅로직스","12","0","KOSDAQ","-1.33","78.37","","79.43"
"A125020","티씨머티리얼즈","12","0","외감","","","",""
"A125210","아모그린텍","12","0","KOSDAQ","-2.07","194.66","","198.79"
"A125490","한라캐스트","12","0","외감","","","",""
"A126340","비나텍","12","0","KOSDAQ","-2.63","243.32","","249.9"
"A126560","현대퓨처넷","12","0","KOSPI","-0.47","359.51","","361.21"
"A126600","BGF에코머티리얼즈","12","0","KOSDAQ","-1","83.83","","84.67"
"A126640","화신정공","12","0","KOSDAQ","3.53","48.01","","46.38"
"A126700","하이비젼시스템","12","0","KOSDAQ","1.21","186.78","","184.54"
"A126720","수산인더스트리","12","0","외감","","","",""
"A126730","코칩","12","0","외감","","","",""
"A126880","제이엔케이글로벌","12","0","KOSDAQ","-0.36","193.76","","194.46"
"A127120","제이에스링크","12","0","KOSDAQ","-2.65","280.35","","287.98"
"A127710","아시아경제","12","0","KOSDAQ","2.16","48.21","","47.19"
"A127980","화인써키트","12","0","외감","","","",""
"A128540","에코캡","12","0","KOSDAQ","-1.39","41.2","","41.78"
"A128660","피제이메탈","12","0","KOSDAQ","2.17","52.58","","51.47"
"A128820","대성산업","12","0","KOSPI","1.28","142.94","","141.13"
"A128940","한미약품","12","1","KOSPI","-0.52","3375.26","","3393.03"
"A129260","인터지스","12","0","KOSPI","1.16","77.64","","76.75"
"A129890","앱코","12","0","외감","","","",""
"A129920","대성하이텍","12","0","외감","","","",""
"A130500","GH신소재","12","0","KOSDAQ","-4.57","62.04","","65.01"
"A130580","나이스디앤비","12","0","KOSDAQ","0.5","154.77","","154"
"A130660","한전산업","12","0","KOSPI","-0.26","123.23","","123.55"
"A130740","티피씨글로벌","12","0","KOSDAQ","2.11","28.21","","27.62"
"A131030","옵투스제약","12","0","KOSDAQ","-1.66","127.38","","129.54"
"A131090","시큐브","12","0","KOSDAQ","-0.65","61.2","","61.6"
"A131100","티엔엔터테인먼트","12","0","KOSDAQ","-2.47","96.42","","98.86"
"A131180","딜리","12","0","KOSDAQ","-1.23","46.96","","47.55"
"A131220","대한과학","12","0","KOSDAQ","3.59","86.1","","83.12"
"A131290","티에스이","12","0","KOSDAQ","1.26","443.56","","438.03"
"A131370","알서포트","12","0","KOSDAQ","-6.08","740.41","","788.35"
"A131400","이브이첨단소재","12","0","KOSDAQ","-0.45","100.26","","100.72"
"A131760","파인텍","12","0","KOSDAQ","-0.95","67.18","","67.82"
"A131970","두산테스나","12","0","KOSDAQ","-3.07","583","","601.45"
"A133750","메가엠디","12","0","KOSDAQ","1.47","88.6","","87.31"
"A133820","화인베스틸","12","0","KOSPI","1.89","71.66","","70.33"
"A134060","이퓨쳐","12","0","KOSDAQ","7.41","69.15","","64.38"
"A134380","미원화학","12","0","KOSPI","1.26","123.6","","122.06"
"A134580","탑코미디어","12","0","KOSDAQ","-2.96","22.11","","22.78"
"A134790","시디즈","12","0","KOSPI","-1.4","112.4","","114"
"A136150","원일티엔아이","12","0","외감","","","",""
"A136410","아셈스","12","0","외감","","","",""
"A136480","하림","12","0","KOSDAQ","1.94","279.33","","274.02"
"A136490","선진","12","0","KOSPI","0.1","237.56","","237.32"
"A136540","윈스테크넷","12","0","KOSDAQ","-3.24","200.66","","207.37"
"A137080","나래나노텍","12","0","외감","","","",""
"A137310","에스디바이오센서","12","0","외감","","","",""
"A137400","피엔티","12","0","KOSDAQ","2.03","502.42","","492.43"
"A137940","넥스트아이","12","0","KOSDAQ","1.3","149.99","","148.06"
"A137950","제이씨케미칼","12","0","KOSDAQ","0.75","148.97","","147.86"
"A138040","메리츠금융지주","12","0","KOSPI","-0.31","1310.63","","1314.65"
"A138070","신진에스엠","12","0","KOSDAQ","0","40.55","","40.55"
"A138080","오이솔루션","12","0","KOSDAQ","-1.94","536.52","","547.14"
"A138360","앤로보틱스","12","0","KOSDAQ","0","155.06","","155.06"
"A138610","나이벡","12","0","KOSDAQ","-1.15","297.09","","300.56"
"A138930","BNK금융지주","12","1","KOSPI","0.17","1909.98","","1906.72"
"A139130","iM금융지주","12","0","KOSPI","1.32","1170.49","","1155.27"
"A139480","이마트","12","1","KOSPI","-1.68","4069.87","","4139.56"
"A139670","키네마스터","12","0","KOSDAQ","-1.44","130.04","","131.94"
"A139990","아주스틸","12","0","외감","","","",""
"A140070","서플러스글로벌","12","0","KOSDAQ","-1.82","110.04","","112.07"
"A140410","메지온","12","0","KOSDAQ","-2.92","1618.44","","1667.19"
"A140430","카티스","12","0","외감","","","",""
"A140520","대창스틸","12","0","KOSDAQ","-0.68","44","","44.3"
"A140670","알에스오토메이션","12","0","KOSDAQ","-0.72","75.28","","75.83"
"A140860","파크시스템스","12","0","KOSDAQ","-1.47","446.11","","452.77"
"A141000","비아트론","12","0","KOSDAQ","-0.78","108.55","","109.4"
"A141080","리가켐바이오","12","0","KOSDAQ","-3","1302.61","","1342.87"
"A142210","유니트론텍","12","0","KOSDAQ","0","81.83","","81.83"
"A142280","녹십자엠에스","12","0","KOSDAQ","-2.46","334.71","","343.16"
"A142760","모아라이프플러스","12","0","KOSDAQ","-1.99","104.18","","106.29"
"A143160","아이디스","12","0","KOSDAQ","-1.5","281.84","","286.13"
"A143210","핸즈코퍼레이션","12","0","KOSPI","-2.13","150.86","","154.14"
"A143240","사람인","12","0","KOSDAQ","-1.27","272.83","","276.32"
"A143540","영우디에스피","12","0","KOSDAQ","0.96","63.06","","62.47"
"A144510","지씨셀","12","0","KOSDAQ","-1.21","516.62","","522.95"
"A144960","뉴파워프라즈마","12","0","KOSDAQ","2.5","272.58","","265.93"
"A145020","휴젤","12","0","KOSDAQ","-1.29","2623.98","","2658.19"
"A145170","노브랜드","12","0","외감","","","",""
"A145210","다이나믹디자인","12","0","KOSPI","-0.85","57.31","","57.8"
"A145720","덴티움","12","0","KOSPI","-1.05","418.4","","422.83"
"A145990","삼양사","12","1","KOSPI","-1.76","518.77","","528.05"
"A146060","율촌","12","0","외감","","","",""
"A146320","비씨엔씨","12","0","외감","","","",""
"A147760","피엠티","12","0","KOSDAQ","-1.6","60.05","","61.02"
"A147830","제룡산업","12","0","KOSDAQ","-0.96","51.7","","52.2"
"A148150","세경하이테크","12","0","KOSDAQ","-0.48","242.15","","243.32"
"A148250","알엔투테크놀로지","12","0","KOSDAQ","-3.29","103.45","","106.97"
"A148780","비큐AI","12","0","KONEX","0","23.73","","23.73"
"A148930","에이치와이티씨","12","0","외감","","","",""
"A149950","아바텍","12","0","KOSDAQ","-0.95","129.54","","130.79"
"A149980","하이로닉","12","0","KOSDAQ","-0.14","51.25","","51.32"
"A150900","파수AI","12","0","KOSDAQ","-0.7","75.7","","76.24"
"A151860","KG에코솔루션","12","0","KOSDAQ","0.24","152.64","","152.28"
"A153460","네이블","12","0","KOSDAQ","0.82","28.01","","27.79"
"A153490","우리이앤엘하루틴","12","0","KOSDAQ","0.61","49.15","","48.85"
"A153710","옵티팜","12","0","KOSDAQ","-2.97","259.73","","267.68"
"A154030","아시아종묘","12","0","KOSDAQ","1.55","50.73","","49.95"
"A154040","다산솔루에타","12","0","KOSDAQ","-2.98","42.25","","43.55"
"A155650","와이엠씨","12","0","KOSDAQ","-2.05","161.99","","165.39"
"A155660","DSR","12","0","KOSPI","1.05","92.16","","91.2"
"A156100","엘앤케이바이오","12","0","KOSDAQ","8","174.12","","161.22"
"A158430","아톤","12","0","KOSDAQ","-0.77","111.89","","112.76"
"A159010","아스플로","12","0","외감","","","",""
"A159580","제로투세븐","12","0","KOSDAQ","2.95","146.84","","142.63"
"A159910","에코글로우","12","0","KOSDAQ","0","36.57","","36.57"
"A160190","하이젠알앤엠","12","0","외감","","","",""
"A160550","NEW","12","0","KOSDAQ","-0.88","110.09","","111.07"
"A160980","싸이맥스","12","0","KOSDAQ","-0.36","151.85","","152.39"
"A161000","애경케미칼","12","0","KOSPI","1.57","248.31","","244.47"
"A161390","한국타이어앤테크놀로지","12","1","KOSPI","2.18","4069.3","","3982.58"
"A161580","필옵틱스","12","0","KOSDAQ","-2.17","270.82","","276.82"
"A161890","한국콜마","12","1","KOSPI","-0.77","1038.81","","1046.81"
"A162300","신스틸","12","0","외감","","","",""
"A163280","에어레인","12","0","외감","","","",""
"A163560","동일고무벨트","12","0","KOSPI","-7.18","130.49","","140.59"
"A163730","핑거","12","0","외감","","","",""
"A166090","하나머티리얼즈","12","0","KOSDAQ","0.21","474.01","","473.03"
"A166480","코아스템켐온","12","0","KOSDAQ","4.82","427.51","","407.87"
"A168330","내츄럴엔도텍","12","0","KOSDAQ","0","52.18","","52.18"
"A168360","펨트론","12","0","외감","","","",""
"A169330","엠브레인","6","0","KOSDAQ","-1.62","70.94","","72.11"
"A170030","현대공업","12","0","KOSDAQ","-2.78","144.96","","149.1"
"A170790","파이오링크","12","0","KOSDAQ","-1.38","97.7","","99.07"
"A170900","동아에스티","12","1","KOSPI","-3.17","721.95","","745.59"
"A170920","엘티씨","12","0","KOSDAQ","-0.41","91.37","","91.74"
"A171010","램테크놀러지","12","0","KOSDAQ","-1.77","71.03","","72.31"
"A171090","선익시스템","12","0","KOSDAQ","-0.48","55.89","","56.16"
"A171120","라이온켐텍","12","0","KOSDAQ","-0.69","135.09","","136.03"
"A172670","에이엘티","12","0","외감","","","",""
"A173130","오파스넷","12","0","KOSDAQ","0","40.46","","40.46"
"A173940","에프엔씨엔터","12","0","KOSDAQ","-0.63","90.64","","91.22"
"A174900","앱클론","12","0","KOSDAQ","-3.34","415.93","","430.32"
"A175140","아고스","12","0","KOSDAQ","2.03","21.99","","21.55"
"A175250","아이큐어","12","0","KOSDAQ","0.19","403.9","","403.14"
"A175330","JB금융지주","12","0","KOSPI","-0.37","1073.56","","1077.5"
"A176750","듀켐바이오","12","0","KONEX","-1.94","89.47","","91.24"
"A177350","베셀","12","0","KOSDAQ","-3.2","38.95","","40.24"
"A177830","파버나인","12","0","KOSDAQ","-2.73","77.27","","79.43"
"A177900","쓰리에이로직스","12","0","외감","","","",""
"A178320","서진시스템","12","0","KOSDAQ","-1.18","759.32","","768.37"
"A178780","일월지엠엘","12","0","KOSDAQ","-2.5","132.12","","126.86"
"A178920","PI첨단소재","12","0","KOSDAQ","-2.04","845.75","","863.37"
"A179290","엠아이텍","12","0","KOSDAQ","-0.45","137.99","","138.61"
"A179530","애드바이오텍","12","0","KONEX","0","32.79","","32.79"
"A179900","유티아이","12","0","KOSDAQ","-0.39","208.26","","209.07"
"A180400","DXVX","12","0","KOSDAQ","0","178.62","","178.62"
"A180640","한진칼","12","1","KOSPI","-0.94","4970.32","","5017.65"
"A181710","NHN","12","0","KOSPI","0","1400.86","","1400.86"
"A182360","큐브엔터","12","0","KOSDAQ","-2.71","130.31","","133.93"
"A182400","엔케이젠바이오텍코리아","12","0","KOSDAQ","-3.78","474.32","","492.95"
"A183190","아세아시멘트","12","0","KOSPI","-3","226.74","","233.75"
"A183300","코미코","12","0","KOSDAQ","-1.18","349.22","","353.4"
"A183490","엔지켐생명과학","12","0","KOSDAQ","0.19","877.05","","875.4"
"A184230","SGA솔루션즈","12","0","KOSDAQ","-0.11","33.82","","33.85"
"A185490","아이진","12","0","KOSDAQ","-6.36","127.63","","136.29"
"A185750","종근당","12","1","KOSPI","-2.4","1768.92","","1812.47"
"A186230","그린플러스","12","0","KOSDAQ","0","57.4","","57.4"
"A187220","디티앤씨","12","0","KOSDAQ","-1.47","73.16","","74.25"
"A187270","신화콘텍","12","0","KOSDAQ","-1.7","26.37","","26.83"
"A187420","HLB제넥스","12","0","KOSDAQ","-3.42","284.47","","294.55"
"A187660","페니트리움바이오","12","0","외감","","","",""
"A187790","나노","12","0","KOSDAQ","3.18","37.66","","36.5"
"A187870","디바이스","12","0","KOSDAQ","-2.25","167.82","","171.69"
"A188040","바이오포트","12","0","외감","","","",""
"A188260","세니젠","12","0","외감","","","",""
"A189300","인텔리안테크","12","0","KOSDAQ","-1.47","227.6","","231"
"A189330","씨이랩","12","0","KONEX","0","70.67","","70.67"
"A189690","포시에스","6","0","KOSDAQ","-0.12","67.49","","67.57"
"A189860","서전기전","12","0","KOSDAQ","0.32","30.45","","30.36"
"A189980","흥국에프엔비","12","0","KOSDAQ","2.23","59.81","","58.51"
"A190510","나무가","12","0","KOSDAQ","-2.27","133.3","","136.39"
"A190650","코리아에셋투자증권","3","0","KOSDAQ","0.73","43.82","","43.5"
"A191410","육일씨엔에쓰","12","0","KOSDAQ","-2.33","31.41","","32.16"
"A191420","테고사이언스","12","0","KOSDAQ","-1.86","213.06","","217.1"
"A192080","더블유게임즈","12","1","KOSPI","-2.88","1175.97","","1210.88"
"A192250","케이사인","12","0","KOSDAQ","-0.97","106.6","","107.64"
"A192390","윈하이텍","12","0","KOSDAQ","-0.51","31.49","","31.65"
"A192400","쿠쿠홀딩스","12","1","KOSPI","-1.37","665.01","","674.26"
"A192410","오늘이엔엠","12","0","KOSDAQ","-1.5","70.4","","71.47"
"A192440","슈피겐코리아","12","0","KOSDAQ","-2.2","414.63","","423.96"
"A192650","드림텍","12","0","KOSPI","-2.81","751.6","","773.34"
"A192820","코스맥스","12","1","KOSPI","0.93","1085.35","","1075.3"
"A193250","링크드","12","0","KOSDAQ","-0.37","72.02","","72.29"
"A194370","제이에스코퍼레이션","12","0","KOSPI","-0.15","91.35","","91.48"
"A194480","데브시스터즈","12","0","KOSDAQ","-1.38","95.91","","97.25"
"A194700","노바렉스","12","0","KOSDAQ","-1.2","332.69","","336.74"
"A195500","마니커에프앤지","12","0","KOSDAQ","0.48","89.7","","89.27"
"A195870","해성디에스","12","0","KOSPI","-2.17","306","","312.8"
"A195940","HK이노엔","12","0","외감","","","",""
"A195990","루트K","12","0","KOSDAQ","0.99","185.48","","183.66"
"A196170","알테오젠","12","0","KOSDAQ","-3.64","4689.84","","4866.77"
"A196300","HLB펩","12","0","KOSDAQ","-6.19","72.23","","77"
"A196450","코아시아씨엠","12","0","KOSDAQ","0","59.18","","59.18"
"A196490","디에이테크놀로지","12","0","KOSDAQ","-3.23","118.89","","122.85"
"A196700","웹스","12","0","KOSDAQ","-0.52","26.16","","26.3"
"A197140","디지캡","12","0","KOSDAQ","0","30.9","","30.9"
"A198080","캐프","12","0","KOSDAQ","-0.87","85.93","","86.68"
"A198440","강동씨앤엘","12","0","KOSDAQ","-1.66","94.5","","96.1"
"A198940","한주라이트메탈","12","0","외감","","","",""
"A199430","케이엔알시스템","12","0","외감","","","",""
"A199480","뱅크웨어글로벌","12","0","외감","","","",""
"A199550","레이저옵텍","12","0","외감","","","",""
"A199730","바이오인프라","12","0","외감","","","",""
"A199800","툴젠","12","0","KONEX","-2.27","425.3","","435.16"
"A199820","제일일렉트릭","12","0","외감","","","",""
"A200130","콜마비앤에이치","12","0","KOSDAQ","-0.58","1521.49","","1530.36"
"A200230","텔콘RF제약","12","0","KOSDAQ","-3.9","547.33","","569.53"
"A200350","아티스트스튜디오","12","0","KONEX","1.43","70.84","","69.84"
"A200470","에이팩트","12","0","KOSDAQ","-3.26","114.45","","118.31"
"A200670","휴메딕스","12","0","KOSDAQ","-2.16","226.35","","231.33"
"A200710","에이디테크놀로지","12","0","KOSDAQ","-1.8","324.73","","330.67"
"A200780","비씨월드제약","12","0","KOSDAQ","-2.27","172.07","","176.07"
"A200880","서연이화","12","0","KOSPI","-2.98","123.38","","127.17"
"A201490","미투온","12","0","KOSDAQ","-1.61","191.3","","194.42"
"A203400","에이비온","12","0","KONEX","5.63","79.17","","74.95"
"A203450","유니온바이오메트릭스","12","0","KOSDAQ","-2.92","51.16","","52.7"
"A203650","드림시큐리티","12","0","KOSDAQ","-1.46","205.46","","208.5"
"A203690","아크솔루션스","12","0","KOSDAQ","-1.9","165.41","","168.61"
"A204020","그리티","12","0","KOSDAQ","-3","68.3","","70.42"
"A204270","제이앤티씨","12","0","KOSDAQ","0","665.26","","665.26"
"A204320","HL만도","12","1","KOSPI","-0.65","1800.81","","1812.54"
"A204610","티쓰리","12","0","외감","","","",""
"A204620","글로벌텍스프리","12","0","KOSDAQ","0.19","102.23","","102.03"
"A204840","지엘팜텍","12","0","KOSDAQ","0.11","41.36","","41.31"
"A205100","엑셈","12","0","KOSDAQ","-2.31","128.75","","131.8"
"A205470","휴마시스","12","0","KOSDAQ","0.47","362.77","","361.06"
"A205500","넥써쓰","12","0","KOSDAQ","-1.01","60.76","","61.38"
"A206400","베노티앤알","12","0","KOSDAQ","-2.95","179.98","","185.44"
"A206560","덱스터","12","0","KOSDAQ","-0.59","128.52","","129.28"
"A206640","바디텍메드","12","0","KOSDAQ","-2.44","750.4","","769.18"
"A206650","유바이오로직스","12","0","KOSDAQ","-2.65","534.07","","548.58"
"A207760","미스터블루","12","0","KOSDAQ","-2.38","253.65","","259.84"
"A207940","삼성바이오로직스","12","1","KOSPI","-0.51","51410.21","","51674.87"
"A208140","정다운","12","0","KOSDAQ","2.87","81.49","","79.21"
"A208350","지란지교시큐리티","12","0","KOSDAQ","-0.74","41.44","","41.75"
"A208370","셀바스헬스케어","12","0","KOSDAQ","-1.12","47.7","","48.24"
"A208640","썸에이지","12","0","KOSDAQ","0","184.89","","184.89"
"A208710","포톤","12","0","KOSDAQ","-1.27","44.75","","45.33"
"A208860","다산디엠씨","12","0","KOSDAQ","-2.36","47.72","","48.88"
"A209640","와이제이링크","12","0","외감","","","",""
"A210120","캔버스엔","12","0","KONEX","-1.8","7.76","","7.9"
"A210540","디와이파워","12","0","KOSPI","-2.2","122.56","","125.32"
"A210980","SK디앤디","12","0","KOSPI","-0.82","804.23","","810.88"
"A211050","인카금융서비스","12","0","KONEX","2.31","69.66","","68.08"
"A211270","AP위성","12","0","KOSDAQ","0","105.4","","105.4"
"A212560","네오오토","12","0","KOSDAQ","-0.8","34.02","","34.3"
"A212710","아이에스티이","12","0","외감","","","",""
"A213420","덕산네오룩스","12","0","KOSDAQ","-1.45","734.71","","745.51"
"A213500","한솔제지","12","0","KOSPI","0","307.03","","307.03"
"A214150","클래시스","12","0","KOSDAQ","-1.34","954.46","","967.4"
"A214180","헥토이노베이션","12","0","KOSDAQ","-0.33","187.29","","187.91"
"A214260","라파스","12","0","KOSDAQ","1.48","172.96","","170.43"
"A214270","FSN","12","0","KOSDAQ","3.65","114.49","","110.46"
"A214320","이노션","12","1","KOSPI","-2.39","1144","","1172"
"A214330","금호에이치티","12","0","KOSPI","-3.18","288.66","","298.15"
"A214370","케어젠","12","0","KOSDAQ","-2.56","655.32","","672.51"
"A214390","경보제약","12","0","KOSPI","-0.5","239.07","","240.26"
"A214420","토니모리","12","0","KOSPI","1.16","169.87","","167.93"
"A214430","아이쓰리시스템","12","0","KOSDAQ","-1.11","158.84","","160.61"
"A214450","파마리서치","12","0","KOSDAQ","-1.91","593.06","","604.62"
"A214610","롤링스톤","12","0","KOSDAQ","3.14","247.4","","239.88"
"A214680","디알텍","12","0","KOSDAQ","-1.34","76.12","","77.16"
"A215000","골프존","12","0","KOSDAQ","-0.97","447.44","","451.83"
"A215090","솔디펜스","12","0","KOSDAQ","-3.23","19.61","","20.26"
"A215100","로보로보","12","0","KOSDAQ","-1.24","84.72","","85.79"
"A215200","메가스터디교육","12","0","KOSDAQ","-0.41","430.45","","432.23"
"A215360","우리산업","12","0","KOSDAQ","-1.42","157.99","","160.27"
"A215380","콜마바이오텍","12","0","KOSDAQ","-1.23","97.11","","98.32"
"A215480","토박스코리아","12","0","KOSDAQ","6.78","51.56","","48.29"
"A215600","신라젠","12","0","KOSDAQ","0","866.57","","866.57"
"A215790","이노인스트루먼트","12","0","KOSDAQ","-0.56","71.3","","71.7"
"A216050","인크로스","12","0","KOSDAQ","1.18","344.02","","340"
"A216080","제테마","12","0","KOSDAQ","-2.22","423.9","","433.54"
"A217190","제너셈","12","0","KOSDAQ","0.58","30.52","","30.34"
"A217270","넵튠","12","0","KOSDAQ","0","278.31","","278.31"
"A217330","싸이토젠","12","0","KOSDAQ","0.54","210.14","","209.02"
"A217480","에스디생명공학","12","0","KOSDAQ","-1.05","126.65","","127.99"
"A217500","러셀","12","0","KOSDAQ","-3.23","85.89","","88.76"
"A217590","티엠씨","12","0","외감","","","",""
"A217730","강스템바이오텍","12","0","KOSDAQ","-1.32","186.27","","188.76"
"A217820","원익피앤이","12","0","KOSDAQ","-4.07","115.91","","120.83"
"A218150","미래생명자원","12","0","KOSDAQ","-0.34","54.99","","55.17"
"A218410","RFHIC","12","0","KOSDAQ","-1.87","877.59","","894.29"
"A219130","타이거일렉","12","0","KOSDAQ","1.89","102.29","","100.4"
"A219420","링크제니시스","12","0","KOSDAQ","-1.41","69.8","","70.8"
"A219550","디와이디","12","0","KOSDAQ","-1.74","69.12","","70.35"
"A219750","한국비티비","12","0","KOSDAQ","-1.75","73.77","","75.08"
"A220100","퓨쳐켐","12","0","KOSDAQ","0.9","193.79","","192.06"
"A220180","폴라리스AI핸디","12","0","KOSDAQ","0","63.44","","63.44"
"A220260","켐트로스","12","0","KOSDAQ","-1.99","155.57","","158.73"
"A221800","지구홀딩스","12","0","KONEX","0","18.97","","18.97"
"A221840","하이즈항공","12","0","KOSDAQ","1.34","93.97","","92.73"
"A221980","케이디켐","12","0","KOSDAQ","-1.66","47.81","","48.62"
"A222040","코스맥스엔비티","12","0","KOSDAQ","-0.57","180.5","","181.53"
"A222080","SFA넥셀","12","0","KOSDAQ","-0.14","397.27","","397.84"
"A222110","팬젠","12","0","KOSDAQ","-4.87","103.65","","108.95"
"A222160","NPX","12","0","KONEX","-3.7","14.66","","15.22"
"A222420","쎄노텍","12","0","KOSDAQ","-1.03","77.1","","77.91"
"A222800","심텍","12","0","KOSDAQ","-4.42","551.08","","576.56"
"A222980","한국맥널티","12","0","KOSDAQ","-1.26","64.48","","65.31"
"A223250","드림씨아이에스","12","0","KOSDAQ","-2.46","99.35","","101.86"
"A223310","사토시홀딩스","12","0","KOSDAQ","0","37.84","","37.84"
"A224060","더코디","12","0","KOSDAQ","1.95","80.82","","75.67"
"A224110","에이텍모빌리티","12","0","KOSDAQ","2.36","115.88","","113.21"
"A225190","LK삼양","12","0","KOSDAQ","0.76","93.94","","93.23"
"A225220","제놀루션","12","0","KOSDAQ","0.76","219.66","","218.01"
"A225430","케이엠제약","12","0","KOSDAQ","-1.18","62.45","","63.2"
"A225530","HC보광산업","12","0","KOSDAQ","-1.23","233.29","","236.2"
"A225570","넥슨게임즈","12","0","KOSDAQ","-0.75","228.12","","229.85"
"A225590","패션플랫폼","12","0","KOSDAQ","-0.41","32.23","","32.36"
"A226320","잇츠한불","12","0","KOSPI","3.63","688.58","","664.46"
"A226330","신테카바이오","12","0","KOSDAQ","-2.87","338.73","","348.75"
"A226340","본느","12","0","KOSDAQ","-0.87","69.84","","70.46"
"A226400","오스테오닉","12","0","KOSDAQ","-0.9","35.97","","36.3"
"A226590","엠디바이스","12","0","외감","","","",""
"A226950","올릭스","12","0","KOSDAQ","-1.13","461.14","","466.39"
"A227100","프로브잇","12","0","KOSDAQ","-1.6","23.02","","23.4"
"A227610","아우딘퓨쳐스","12","0","KOSDAQ","-3.49","37.35","","38.7"
"A227840","현대코퍼레이션홀딩스","12","0","KOSPI","1.39","99.65","","98.29"
"A227950","엔투텍","12","0","KOSDAQ","3.98","174.79","","168.11"
"A228340","동양파일","12","0","KOSDAQ","0.5","60.8","","60.5"
"A228670","레이","12","0","KOSDAQ","-2.27","257.48","","263.47"
"A228760","지노믹트리","12","0","KOSDAQ","-2.01","341.76","","348.76"
"A228850","레이언스","12","0","KOSDAQ","0.45","186.65","","185.82"
"A229000","젠큐릭스","12","0","KOSDAQ","4.16","120.26","","115.46"
"A229640","LS에코에너지","12","0","KOSPI","-0.4","228.16","","229.07"
"A230240","에치에프알","12","0","KOSDAQ","-1.22","339.09","","343.28"
"A230360","에코마케팅","12","0","KOSDAQ","-3.25","772.69","","798.61"
"A232140","와이씨","12","0","KOSDAQ","0.34","462.51","","460.92"
"A232680","라온로보틱스","12","0","KONEX","0","35.1","","35.1"
"A232830","아이티센피엔에스","12","0","KONEX","-0.16","58.39","","58.48"
"A234030","싸이닉솔루션","12","0","외감","","","",""
"A234080","JW생명과학","12","0","KOSPI","-2.11","294.52","","300.86"
"A234100","폴라리스세원","12","0","KOSDAQ","-4.1","110.33","","115.05"
"A234300","에스트래픽","12","0","KOSDAQ","-3.26","63.78","","65.92"
"A234340","헥토파이낸셜","12","0","KOSDAQ","0.69","268.74","","266.89"
"A234690","녹십자웰빙","12","0","KOSDAQ","-3.41","251.19","","260.07"
"A234920","자이글","12","0","KOSDAQ","-3.95","49.39","","51.42"
"A235980","메드팩토","12","0","KOSDAQ","0.09","2336.47","","2334.44"
"A236200","슈프리마","12","0","KOSDAQ","-0.69","205.73","","207.17"
"A236810","엔비티","12","0","외감","","","",""
"A237690","에스티팜","12","0","KOSDAQ","-2.66","1229.43","","1263.01"
"A237750","피앤씨테크","12","0","KOSDAQ","0.94","41.64","","41.25"
"A237820","플레이디","12","0","KOSDAQ","6.93","116.73","","109.16"
"A237880","클리오","12","0","KOSDAQ","-1.5","282.12","","286.41"
"A238090","앤디포스","12","0","KOSDAQ","-2.66","423.64","","435.23"
"A238120","얼라인드","12","0","KOSDAQ","12.26","85.55","","76.21"
"A238200","비피도","12","0","KOSDAQ","-1.85","76.07","","77.51"
"A238490","힘스","12","0","KOSDAQ","-1.52","147.06","","149.32"
"A239340","이스트에이드","12","0","KOSDAQ","-3.67","148.12","","153.76"
"A239610","에이치엘사이언스","12","0","KOSDAQ","-2.9","224.2","","230.88"
"A239890","피엔에이치테크","12","0","KONEX","-1.52","64.73","","65.72"
"A240550","동방메디컬","12","0","외감","","","",""
"A240600","유진테크놀로지","12","0","외감","","","",""
"A240810","원익IPS","12","0","KOSDAQ","-1.99","1688.49","","1722.84"
"A241520","DSC인베스트먼트","12","0","KOSDAQ","0.44","82.35","","81.99"
"A241560","두산밥캣","12","1","KOSPI","-2.64","2957.35","","3037.55"
"A241590","화승엔터프라이즈","12","1","KOSPI","-5","747.63","","786.98"
"A241690","유니테크노","12","0","KOSDAQ","-1.37","128.82","","130.61"
"A241710","코스메카코리아","12","0","KOSDAQ","-0.8","131.9","","132.97"
"A241770","메카로","12","0","KOSDAQ","-1.28","117.19","","118.7"
"A241790","티이엠씨씨엔에스","12","0","KOSDAQ","-0.33","150.04","","150.54"
"A241820","피씨엘","12","0","KOSDAQ","-0.68","279.51","","281.42"
"A241840","에이스토리","12","0","KOSDAQ","8.26","122.07","","112.75"
"A242040","나무에이엑스","12","0","KOSDAQ","-0.6","107.89","","108.54"
"A243070","휴온스","12","0","KOSDAQ","-0.5","590.87","","593.83"
"A243840","신흥에스이씨","12","0","KOSDAQ","-0.24","293.9","","294.6"
"A244460","올리패스","12","0","KOSDAQ","-2.3","271.6","","277.86"
"A244920","에이플러스에셋","12","0","K-OTC","-0.44","242.52","","243.59"
"A245620","EDGC","12","0","KOSDAQ","-1.92","549.31","","560.03"
"A246250","에스엘에스바이오","12","0","KONEX","1.39","74.9","","73.88"
"A246690","TS인베스트먼트","12","0","KOSDAQ","2.59","85.87","","83.71"
"A246710","티앤알바이오팹","12","0","KOSDAQ","2.07","103.38","","101.28"
"A246720","아스타","12","0","KOSDAQ","-0.19","61.48","","61.6"
"A246960","SCL사이언스","12","0","KOSDAQ","-3.58","67.84","","70.37"
"A247540","에코프로비엠","12","0","KOSDAQ","0.56","3022.75","","3005.93"
"A247660","나노씨엠에스","12","0","외감","","","",""
"A248070","솔루엠","12","0","외감","","","",""
"A248170","샘표식품","12","0","KOSPI","-0.89","202.38","","204.2"
"A249420","일동제약","12","0","KOSPI","0.82","436.79","","433.22"
"A250000","보라티알","12","0","KOSDAQ","-0.39","86.75","","87.08"
"A250060","모비스","12","0","KOSDAQ","-1.54","82.36","","83.65"
"A250930","예선테크","12","0","KOSDAQ","3.74","86.96","","83.82"
"A251120","바이오에프디엔씨","12","0","외감","","","",""
"A251270","넷마블","12","1","KOSPI","0.4","10859.12","","10816.2"
"A251370","와이엠티","12","0","KOSDAQ","-1.4","263.21","","266.95"
"A251630","브이원텍","12","0","KOSDAQ","-0.48","125.82","","126.42"
"A251970","펌텍코리아","12","0","KOSDAQ","0","177.94","","177.94"
"A252500","세화피앤씨","12","0","KOSDAQ","-1.55","85.57","","86.91"
"A252990","샘씨엔에스","12","0","외감","","","",""
"A253450","스튜디오드래곤","12","0","KOSDAQ","1.37","2289.54","","2258.6"
"A253590","네오셈","12","0","KOSDAQ","-0.62","120.49","","121.24"
"A253840","수젠텍","12","0","KOSDAQ","-2.68","498.36","","512.1"
"A254120","자비스","12","0","KOSDAQ","0.59","34.41","","34.21"
"A254490","미래반도체","12","0","외감","","","",""
"A255220","SG","12","0","KOSDAQ","0","73.26","","73.26"
"A255440","야스","12","0","KOSDAQ","-0.79","163.23","","164.53"
"A256150","한독크린텍","12","0","KOSDAQ","-1.33","91.02","","92.25"
"A256630","포인트엔지니어링","12","0","KOSDAQ","-0.66","169.2","","170.33"
"A256840","한국비엔씨","12","0","KOSDAQ","0.33","233.86","","233.09"
"A256940","킵스파마","12","0","KOSDAQ","-2.37","253.1","","259.24"
"A257370","피엔티엠에스","12","0","KOSDAQ","-1.01","63.12","","63.76"
"A257720","실리콘투","12","0","외감","","","",""
"A258610","케일럼","12","0","KOSDAQ","0.31","142","","141.56"
"A258790","소프트캠프","12","0","KOSDAQ","-7.34","77.35","","83.47"
"A258830","세종메디칼","12","0","KOSDAQ","-6.07","78.62","","83.71"
"A259630","엠플러스","12","0","KOSDAQ","0.36","155.86","","155.3"
"A259960","크래프톤","12","0","외감","","","",""
"A260660","알리코제약","12","0","KOSDAQ","-0.8","122.28","","123.26"
"A260930","씨티케이","12","0","KOSDAQ","-2.92","134.62","","138.67"
"A260970","에스앤디","12","0","KONEX","2.17","58.63","","57.39"
"A261200","덴티스","12","0","KOSDAQ","1.75","127.18","","124.99"
"A261520","이지스","12","0","외감","","","",""
"A261780","아리바이오랩","12","0","외감","","","",""
"A262260","에이프로","12","0","KOSDAQ","2.08","253.55","","248.39"
"A262840","아이퀘스트","12","0","외감","","","",""
"A263020","디케이앤디","12","0","KOSDAQ","-2.53","74.76","","76.7"
"A263050","유틸렉스","12","0","KOSDAQ","-2.42","482.29","","494.27"
"A263600","덕우전자","12","0","KOSDAQ","-0.99","111.35","","112.47"
"A263690","디알젬","12","0","KOSDAQ","1.54","186.31","","183.47"
"A263700","케어랩스","12","0","KOSDAQ","0","137.03","","137.03"
"A263720","디앤씨미디어","12","0","KOSDAQ","1.49","417.35","","411.22"
"A263750","펄어비스","12","0","KOSDAQ","-2.1","2625.13","","2681.37"
"A263770","유에스티","12","0","KOSDAQ","-3.17","130.35","","134.62"
"A263800","데이타솔루션","12","0","KOSDAQ","-1.7","118.87","","120.93"
"A263810","상신전자","12","0","KOSDAQ","0.28","51","","50.85"
"A263860","지니언스","12","0","KOSDAQ","-5.04","49.87","","52.51"
"A263920","휴엠앤씨","12","0","KOSDAQ","0","62.51","","62.51"
"A264450","유비쿼스","12","0","KOSDAQ","-0.76","168.32","","169.6"
"A264660","씨앤지하이테크","12","0","KOSDAQ","1.43","77.25","","76.15"
"A264850","이랜시스","12","0","KOSDAQ","-0.6","70.87","","71.3"
"A264900","크라운제과","12","0","KOSPI","-0.58","106.83","","107.45"
"A265520","AP시스템","12","0","KOSDAQ","-1.16","307.7","","311.32"
"A265560","영화테크","12","0","KOSDAQ","0.5","107.97","","107.44"
"A265740","엔에프씨","12","0","외감","","","",""
"A267250","HD현대","12","1","KOSPI","-0.45","3507.29","","3523.09"
"A267260","HD현대일렉트릭","12","0","KOSPI","-2.32","531.7","","544.31"
"A267270","HD건설기계","12","0","KOSPI","-0.38","522.07","","524.04"
"A267290","경동도시가스","12","0","KOSPI","-0.79","111.72","","112.6"
"A267320","나인테크","12","0","KOSDAQ","0.11","171.57","","161.5"
"A267790","배럴","12","0","KOSDAQ","0.13","59.61","","59.54"
"A267850","아시아나IDT","12","0","KOSPI","-1.37","199.8","","202.58"
"A267980","매일유업","12","0","KOSDAQ","-0.58","536.5","","539.64"
"A268280","미원에스씨","12","0","KOSPI","0.9","512.55","","507.96"
"A269620","시스웍","12","0","KOSDAQ","-9.86","99.79","","110.71"
"A270520","앱튼","12","0","KOSDAQ","-0.92","81.88","","82.64"
"A270660","에브리봇","12","0","KONEX","0.43","79.54","","79.2"
"A270870","뉴트리","12","0","KOSDAQ","-1.82","195.52","","199.15"
"A271560","오리온","12","1","KOSPI","-2.08","4645.5","","4744.34"
"A271830","팸텍","12","0","외감","","","",""
"A271940","일진하이솔루스","12","0","외감","","","",""
"A271980","제일약품","12","0","KOSPI","20.12","1132.28","","942.58"
"A272110","케이엔제이","12","0","KOSDAQ","0.42","76.46","","76.15"
"A272210","한화시스템","12","0","KOSPI","-1.83","1184.98","","1207.02"
"A272290","이녹스첨단소재","12","0","KOSDAQ","-0.87","431.89","","435.69"
"A272450","진에어","12","0","KOSPI","-0.68","263.4","","265.2"
"A272550","삼양패키징","12","0","KOSPI","-0.25","289.17","","289.88"
"A273060","와이즈버즈","12","0","KOSDAQ","-0.88","80.36","","81.08"
"A273640","와이엠텍","12","0","외감","","","",""
"A274090","켄코아에어로스페이스","12","0","KOSDAQ","-0.42","64.15","","64.42"
"A274400","이노시뮬레이션","12","0","외감","","","",""
"A275630","에스에스알","12","0","KOSDAQ","-0.74","31.9","","32.14"
"A276040","스코넥","12","0","외감","","","",""
"A276730","한울앤제주","12","0","외감","","","",""
"A277070","린드먼아시아","12","0","KOSDAQ","-6.45","70.47","","75.33"
"A277410","인산가","12","0","KOSDAQ","0.26","51.69","","51.56"
"A277810","레인보우로보틱스","12","0","외감","","","",""
"A277880","티에스아이","12","0","KOSDAQ","1.28","110.28","","108.89"
"A278280","천보","12","0","KOSDAQ","-0.12","1695","","1697"
"A278470","에이피알","12","0","외감","","","",""
"A278650","HLB바이오스텝","12","0","KOSDAQ","-0.9","166.92","","168.44"
"A279570","케이뱅크","12","0","외감","","","",""
"A279600","미디어젠","12","0","KOSDAQ","0.33","41.88","","41.74"
"A280360","롯데웰푸드","12","0","KOSPI","-0.9","632.69","","638.46"
"A281740","레이크머티리얼즈","12","0","KOSDAQ","0.23","144.94","","144.61"
"A281820","케이씨텍","12","0","KOSPI","2.3","486.06","","475.15"
"A282330","BGF리테일","12","1","KOSPI","1.56","2246.91","","2212.34"
"A282720","금양그린파워","12","0","외감","","","",""
"A282880","코윈테크","12","0","KOSDAQ","0","188.73","","188.73"
"A284620","카이노스메드","12","0","KOSDAQ","0","428.17","","427.65"
"A284740","쿠쿠홈시스","12","1","KOSPI","-2.47","930.03","","953.59"
"A285130","SK케미칼","12","1","KOSPI","5.01","4802.23","","4573.27"
"A285490","노바텍","12","0","KOSDAQ","5.83","195.64","","184.85"
"A285800","진영","12","0","외감","","","",""
"A286750","나노실리칸첨단소재","12","0","KOSDAQ","-0.53","86.41","","86.87"
"A286940","롯데이노베이트","12","0","KOSPI","0.14","554.27","","553.5"
"A287840","인투셀","12","0","외감","","","",""
"A288180","케이피항공산업","12","0","외감","","","",""
"A288330","파라택시스코리아","12","0","KOSDAQ","-3.23","229.93","","237.6"
"A288620","에스프리즘","12","0","KOSDAQ","-2.02","209.09","","213.4"
"A288980","모아데이타","12","0","외감","","","",""
"A289010","아이스크림에듀","12","0","KOSDAQ","1.11","105.49","","104.33"
"A289080","SV인베스트먼트","3","0","KOSDAQ","-2.87","324.73","","334.31"
"A289220","자이언트스텝","12","0","외감","","","",""
"A289930","웨이비스","12","0","외감","","","",""
"A290090","트윔","12","0","외감","","","",""
"A290120","DH오토리드","12","0","KOSDAQ","-0.74","73.03","","73.58"
"A290270","휴네시온","12","0","KOSDAQ","-1.68","50.73","","51.59"
"A290520","신도기연","12","0","KOSDAQ","5.3","176.14","","167.27"
"A290550","디케이티","12","0","KOSDAQ","-4.11","153.51","","160.1"
"A290560","파라택시스이더리움","12","0","외감","","","",""
"A290650","엘앤씨바이오","12","0","KOSDAQ","-4","865.24","","901.33"
"A290660","다이나믹솔루션","12","0","KOSDAQ","-0.92","46.83","","47.27"
"A290670","대보마그네틱","12","0","KOSDAQ","-0.64","213.94","","215.32"
"A290690","아리바이오홀딩스","12","0","KOSDAQ","","212.11","",""
"A290720","푸드나무","12","0","KOSDAQ","2.73","166.75","","162.32"
"A290740","액트로","12","0","KOSDAQ","0.49","103.67","","103.17"
"A291230","엔피","12","0","KOSDAQ","0.25","15.29","","15.25"
"A291650","압타머사이언스","12","0","KOSDAQ","3.62","266.68","","257.37"
"A291810","핀텔","12","0","외감","","","",""
"A293480","하나제약","12","0","KOSPI","-1.46","381.51","","387.18"
"A293490","카카오게임즈","12","0","KOSDAQ","0.41","3632.92","","3618.13"
"A293580","나우IB","12","0","KOSDAQ","1.65","64.18","","63.14"
"A293780","압타바이오","12","0","KOSDAQ","-4.44","346.17","","362.26"
"A294090","이오플로우","12","0","KOSDAQ","-5.67","539.47","","571.91"
"A294140","레몬","12","0","KOSDAQ","-2.86","469.2","","483"
"A294570","쿠콘","12","0","외감","","","",""
"A294630","서남","12","0","KOSDAQ","-1.7","58.75","","59.77"
"A294870","IPARK현대산업개발","12","1","KOSPI","-1.48","1318.15","","1337.92"
"A295310","에이치브이엠","12","0","외감","","","",""
"A296640","이노에이엑스","12","0","외감","","","",""
"A297090","씨에스베어링","12","0","KOSDAQ","3.05","291.72","","283.1"
"A297570","아틀라스링크","12","0","KOSDAQ","-0.63","40.9","","41.16"
"A297890","HB솔루션","12","0","KOSDAQ","-4.17","114.46","","119.44"
"A298000","효성화학","12","0","KOSPI","-0.38","421.1","","422.69"
"A298020","효성티앤씨","12","0","KOSPI","1.2","727.05","","718.4"
"A298040","효성중공업","12","0","KOSPI","0","573.46","","573.46"
"A298050","HS효성첨단소재","12","0","KOSPI","-1.05","636.15","","642.87"
"A298060","풍전약품","12","0","KOSDAQ","-1.57","371.47","","377.41"
"A298380","에이비엘바이오","12","0","KOSDAQ","-9.28","1130.72","","1246.34"
"A298540","더네이쳐홀딩스","12","0","KOSDAQ","3.73","313.07","","301.8"
"A298690","에어부산","12","0","KOSPI","-1.56","164.54","","167.14"
"A298830","슈어소프트테크","12","0","외감","","","",""
"A299030","하나기술","12","0","외감","","","",""
"A299170","더블유에스아이","12","0","KOSDAQ","-0.53","12.21","","12.28"
"A299660","셀리드","12","0","KOSDAQ","-1.22","467","","472.79"
"A299900","위지윅스튜디오","12","0","KOSDAQ","-0.12","130.66","","130.82"
"A300080","플리토","12","0","KOSDAQ","-1.35","76.32","","77.37"
"A300120","라온피플","12","0","KOSDAQ","1.22","213.8","","211.22"
"A300720","한일시멘트","12","0","KOSPI","-0.24","566.56","","567.94"
"A301300","바이브컴퍼니","12","0","KOSDAQ","-7.08","212.26","","228.44"
"A302430","이노메트리","12","0","KOSDAQ","0","186.73","","186.73"
"A302440","SK바이오사이언스","12","0","외감","","","",""
"A302550","리메드","12","0","KOSDAQ","-1.25","167.75","","169.88"
"A303030","지니틱스","12","0","KOSDAQ","-2.42","86.13","","88.26"
"A303360","프로티아","12","0","KONEX","-3.94","123.19","","128.24"
"A303530","이노뎁","12","0","외감","","","",""
"A303810","동국생명과학","12","0","외감","","","",""
"A304100","솔트룩스","12","0","KOSDAQ","0.27","186.22","","185.71"
"A304360","에스바이오메딕스","12","0","외감","","","",""
"A304840","피플바이오","12","0","KOSDAQ","-2.54","379.81","","389.72"
"A305090","마이크로디지탈","12","0","KOSDAQ","7.87","169.2","","156.85"
"A306040","에스제이그룹","12","0","KOSDAQ","-0.67","146.01","","147"
"A306200","세아제강","12","0","KOSPI","-1.85","241.09","","245.62"
"A306620","지아이에스","12","0","KOSDAQ","-1.68","108.65","","110.51"
"A307180","아이엘","12","0","KOSDAQ","2.94","74.28","","72.15"
"A307280","원바이오젠","12","0","KOSDAQ","0.23","8.04","","8.02"
"A307750","국전","12","0","KOSDAQ","1.45","19.29","","19.01"
"A307870","비투엔","12","0","KOSDAQ","0.25","9.55","","9.52"
"A307930","컴퍼니케이","12","0","KOSDAQ","3.82","101.78","","98.03"
"A307950","현대오토에버","12","0","KOSPI","-1.07","1356.6","","1371.3"
"A308080","바이젠셀","12","0","외감","","","",""
"A308100","형지글로벌","12","0","KOSDAQ","0.11","62.54","","62.47"
"A308170","씨티알모빌리티","12","0","KOSPI","0","195.45","","195.45"
"A308430","셀비온","12","0","외감","","","",""
"A309710","아이티켐","12","0","외감","","","",""
"A309930","조이웍스앤코","12","0","KOSDAQ","-1.83","11.11","","11.31"
"A309960","LB인베스트먼트","12","0","외감","","","",""
"A310200","애니플러스","12","0","KOSDAQ","-3.23","38.35","","39.63"
"A310210","보로노이","12","0","외감","","","",""
"A310870","디와이씨","12","0","KOSDAQ","0","6.93","","6.93"
"A311320","지오엘리먼트","12","0","외감","","","",""
"A311390","네오크레마","12","0","KOSDAQ","0.23","64.35","","64.2"
"A311690","CJ 바이오사이언스","12","0","KOSDAQ","-1.65","162.31","","165.04"
"A312610","에이에프더블류","12","0","KOSDAQ","0.4","127.62","","127.11"
"A313760","캐리","12","0","KOSDAQ","-0.6","81.2","","81.68"
"A314130","지놈앤컴퍼니","12","0","KONEX","1.16","491.83","","486.17"
"A314140","알피바이오","12","0","외감","","","",""
"A314930","바이오다인","12","0","외감","","","",""
"A315640","딥노이드","12","0","외감","","","",""
"A316140","우리금융지주","12","1","KOSPI","0.42","6875.99","","6847.1"
"A317120","라닉스","12","0","KOSDAQ","0.46","102.85","","102.38"
"A317240","TS트릴리온","12","0","KOSDAQ","0.24","9.35","","9.33"
"A317330","덕산테코피아","12","0","KOSDAQ","-2.45","292.2","","299.55"
"A317400","자이에스앤디","12","0","KOSPI","1.02","238.63","","236.22"
"A317450","명인제약","12","0","외감","","","",""
"A317530","에피소드컴퍼니","12","0","KOSDAQ","0.11","30.19","","30.15"
"A317690","퀀타매트릭스","12","0","외감","","","",""
"A317770","엑스페릭스","12","0","KOSDAQ","0","42.3","","42.3"
"A317830","에스피시스템스","12","0","KOSDAQ","-3.45","52.38","","54.25"
"A317850","대모","12","0","KOSDAQ","-0.43","38.46","","38.63"
"A317870","엔바이오니아","12","0","KOSDAQ","-2.44","57.56","","58.24"
"A318000","KBG","12","0","KOSDAQ","-0.54","60","","60.32"
"A318010","팜스빌","12","0","KOSDAQ","-2.73","84.84","","87.22"
"A318020","포인트모바일","12","0","외감","","","",""
"A318060","그래피","12","0","외감","","","",""
"A318160","셀바이오휴먼텍","12","0","외감","","","",""
"A318410","비비씨","12","0","KOSDAQ","-4.22","109.59","","114.41"
"A319400","현대무벡스","12","0","KOSDAQ","0","17.33","","17.33"
"A319660","피에스케이","12","0","KOSDAQ","-0.63","463.62","","466.57"
"A320000","한울반도체","12","0","KOSDAQ","1.34","47.35","","46.72"
"A321260","프로이천","12","0","KOSDAQ","0","7.03","","7.03"
"A321370","센서뷰","12","0","외감","","","",""
"A321550","티움바이오","12","0","KOSDAQ","0.91","390.81","","387.29"
"A321820","아티스트컴퍼니","12","0","외감","","","",""
"A322000","HD현대에너지솔루션","12","0","KOSPI","0.84","405.44","","402.08"
"A322180","LS티라유텍","12","0","KOSDAQ","-2.71","68.19","","70.1"
"A322310","오로스테크놀로지","12","0","외감","","","",""
"A322510","제이엘케이","12","0","KOSDAQ","2.42","191.7","","187.17"
"A322780","코퍼스코리아","12","0","KOSDAQ","-0.25","9.12","","9.15"
"A323280","태성","12","0","KOSDAQ","0","7.08","","7.08"
"A323350","다원넥스뷰","12","0","KONEX","-14.86","19.24","","22.59"
"A323410","카카오뱅크","12","0","외감","","","",""
"A323990","박셀바이오","12","0","KOSDAQ","17.82","691.36","","586.79"
"A326030","SK바이오팜","12","1","KOSPI","-0.59","13195.78","","13274.1"
"A327260","RF머트리얼즈","12","0","KOSDAQ","0.84","64.56","","64.02"
"A328130","루닛","12","0","외감","","","",""
"A328380","솔트웨어","12","0","KOSDAQ","0","13","","13"
"A329180","HD현대중공업","12","0","외감","","","",""
"A330350","위더스제약","12","0","KOSDAQ","1.45","184.64","","182"
"A330730","스톤브릿지벤처스","12","0","외감","","","",""
"A330860","네패스아크","12","0","외감","","","",""
"A331380","포커스에이아이","12","0","KOSDAQ","0","8.04","","8.04"
"A331520","밸로프","12","0","KOSDAQ","0","7.82","","7.82"
"A331740","아우토크립트","12","0","외감","","","",""
"A331920","셀레믹스","12","0","KOSDAQ","-6.15","242.36","","258.25"
"A332290","누보","12","0","KOSDAQ","0.5","10.57","","10.51"
"A332370","아이디피","12","0","KOSDAQ","-7.62","59.53","","64.44"
"A332570","PS일렉트로닉스","12","0","KOSDAQ","-2.96","486.55","","501.41"
"A333050","이노테나","12","0","KOSDAQ","0","10.05","","10.05"
"A333430","일승","12","0","KOSDAQ","0","9","","9"
"A333620","엔시스","12","0","외감","","","",""
"A334970","프레스티지바이오로직스","6","0","외감","","","",""
"A335810","프리시젼바이오","12","0","외감","","","",""
"A335870","윙스풋","12","0","KOSDAQ","0","6.66","","6.66"
"A336060","웨이버스","12","0","KOSDAQ","-0.25","11.86","","11.89"
"A336260","두산퓨얼셀","12","0","KOSPI","0.96","2330.74","","2308.54"
"A336370","솔루스첨단소재","12","0","KOSPI","-0.57","1072.17","","1078.29"
"A336570","원텍","12","0","KOSDAQ","0.25","11.36","","11.33"
"A336680","탑런토탈솔루션","12","0","외감","","","",""
"A337930","젝시믹스","12","0","KOSDAQ","-4.87","204.93","","215.41"
"A338220","뷰노","12","0","외감","","","",""
"A338840","와이바이오로직스","12","0","외감","","","",""
"A339770","교촌에프앤비","12","0","외감","","","",""
"A339950","아이비김영","12","0","KOSDAQ","0","62.24","","62.24"
"A340360","다보링크","12","0","KOSDAQ","0","13.66","","13.66"
"A340440","세림B&G","12","0","KOSDAQ","0","9.44","","9.44"
"A340450","지씨지놈","12","0","외감","","","",""
"A340570","티앤엘","12","0","외감","","","",""
"A340810","시선AI","12","0","외감","","","",""
"A340930","성원에너텍","12","0","외감","","","",""
"A342870","오아","12","0","외감","","","",""
"A344820","KCC글라스","12","0","KOSPI","-0.81","255.52","","257.6"
"A344860","이노진","12","0","KONEX","0","1.88","","1.88"
"A347000","센코","12","0","KOSDAQ","4.25","200.09","","191.93"
"A347700","스피어","12","0","외감","","","",""
"A347740","피엔케이피부임상연구센타","12","0","KOSDAQ","-1.87","196.57","","200.32"
"A347770","핌스","12","0","KOSDAQ","-6.22","126.05","","134.4"
"A347850","디앤디파마텍","12","0","외감","","","",""
"A347860","알체라","12","0","외감","","","",""
"A347890","엠엑스온","12","0","KOSDAQ","-4.69","136.49","","143.2"
"A348030","모비릭스","12","0","외감","","","",""
"A348080","큐라티스","12","0","외감","","","",""
"A348150","고바이오랩","12","0","외감","","","",""
"A348210","넥스틴","12","0","KOSDAQ","3.4","257.58","","249.09"
"A348340","뉴로메카","12","0","외감","","","",""
"A348350","위드텍","12","0","KOSDAQ","-15.65","315.69","","374.25"
"A348370","엔켐","12","0","외감","","","",""
"A351320","넥사다이내믹스","12","0","KOSDAQ","0","8.98","","8.98"
"A351330","이삭엔지니어링","12","0","외감","","","",""
"A351870","차이커뮤니케이션","12","0","외감","","","",""
"A352090","스톰테크","12","0","외감","","","",""
"A352480","씨앤씨인터내셔널","12","0","외감","","","",""
"A352700","씨앤투스","12","0","외감","","","",""
"A352770","셀레스트라","12","0","외감","","","",""
"A352820","하이브","12","0","KOSPI","-1.22","5771.05","","5842.3"
"A352910","오비고","12","0","외감","","","",""
"A352940","인바이오","12","0","외감","","","",""
"A353190","휴럼","12","0","KOSDAQ","0","8.86","","8.86"
"A353200","대덕전자","12","0","KOSPI","8.33","578.18","","533.7"
"A353590","오토앤","12","0","외감","","","",""
"A353810","이지바이오","12","0","KOSDAQ","-9.7","214.95","","238.05"
"A354200","엔젠바이오","12","0","외감","","","",""
"A354320","알멕","12","0","외감","","","",""
"A355150","코스텍시스","12","0","KOSDAQ","0","10.69","","10.69"
"A355390","크라우드웍스","12","0","외감","","","",""
"A355690","에이텀","12","0","외감","","","",""
"A356680","엑스게이트","12","0","외감","","","",""
"A356860","티엘비","12","0","외감","","","",""
"A356890","싸이버원","12","0","외감","","","",""
"A357230","에이치피오","12","0","외감","","","",""
"A357550","석경에이티","12","0","외감","","","",""
"A357580","아모센스","12","0","외감","","","",""
"A357780","솔브레인","12","0","KOSDAQ","0","1817.07","","1817.07"
"A357880","SKAI","12","0","외감","","","",""
"A358570","지아이이노베이션","12","0","외감","","","",""
"A359090","씨엔알리서치","12","0","KOSDAQ","0","14.09","","14.09"
"A360070","탑머티리얼","12","0","외감","","","",""
"A360350","코셈","12","0","외감","","","",""
"A361390","제노코","12","0","외감","","","",""
"A361570","알비더블유","12","0","외감","","","",""
"A361610","SK아이이테크놀로지","12","0","외감","","","",""
"A361670","삼영에스앤씨","12","0","외감","","","",""
"A362320","청담글로벌","12","0","외감","","","",""
"A362990","드림인사이트","12","0","외감","","","",""
"A363250","진시스템","12","0","외감","","","",""
"A363260","모비데이즈","12","0","외감","","","",""
"A363280","티와이홀딩스","12","0","KOSPI","-2.31","793.14","","811.89"
"A364950","에이아이코리아","12","0","외감","","","",""
"A365270","큐라클","12","0","외감","","","",""
"A365330","에스와이스틸텍","12","0","외감","","","",""
"A365340","성일하이텍","12","0","외감","","","",""
"A365590","하이딥","12","0","외감","","","",""
"A365900","브이씨","12","0","외감","","","",""
"A366030","나인앤컴퍼니","12","0","외감","","","",""
"A367000","플래티어","12","0","외감","","","",""
"A368600","아이씨에이치","12","0","외감","","","",""
"A368770","파이버프로","12","0","외감","","","",""
"A368970","오에스피","12","0","외감","","","",""
"A369370","블리츠웨이엔터테인먼트","12","0","외감","","","",""
"A370090","퓨런티어","12","0","외감","","","",""
"A371950","풍원정밀","12","0","외감","","","",""
"A372170","윤성에프앤씨","12","0","외감","","","",""
"A372320","큐로셀","12","0","외감","","","",""
"A372800","아이티아이즈","12","0","외감","","","",""
"A372910","한컴라이프케어","12","0","외감","","","",""
"A373110","엑셀세라퓨틱스","12","0","외감","","","",""
"A373160","데이원컴퍼니","12","0","외감","","","",""
"A373170","엠아이큐브솔루션","12","0","외감","","","",""
"A373200","엑스플러스","12","0","외감","","","",""
"A373220","LG에너지솔루션","12","0","외감","","","",""
"A375500","DL이앤씨","12","0","외감","","","",""
"A376180","피코그램","12","0","외감","","","",""
"A376270","HEM파마","12","0","외감","","","",""
"A376290","씨유테크","12","0","외감","","","",""
"A376300","디어유","12","0","외감","","","",""
"A376900","로킷헬스케어","12","0","외감","","","",""
"A376930","노을","12","0","외감","","","",""
"A376980","원티드랩","12","0","외감","","","",""
"A377030","비트맥스","12","0","외감","","","",""
"A377220","프롬바이오","12","0","외감","","","",""
"A377300","카카오페이","12","0","외감","","","",""
"A377330","이지트로닉스","12","0","외감","","","",""
"A377450","리파인","12","0","외감","","","",""
"A377460","큐에이드","12","0","외감","","","",""
"A377480","마음AI","12","0","외감","","","",""
"A377740","바이오노트","12","0","외감","","","",""
"A378340","필에너지","12","0","외감","","","",""
"A378800","샤페론","12","0","외감","","","",""
"A378850","화승알앤에이","12","0","외감","","","",""
"A380540","옵티코어","12","0","외감","","","",""
"A380550","뉴로핏","12","0","외감","","","",""
"A381620","제닉스로보틱스","12","0","외감","","","",""
"A381970","케이카","12","0","외감","","","",""
"A382150","온코크로스","12","0","외감","","","",""
"A382480","지아이텍","12","0","외감","","","",""
"A382800","지앤비에스 에코","12","0","외감","","","",""
"A382840","원준","12","0","외감","","","",""
"A382900","범한퓨얼셀","12","0","외감","","","",""
"A383220","F&F","12","0","외감","","","",""
"A383310","에코프로에이치엔","12","0","외감","","","",""
"A383800","LX홀딩스","12","0","외감","","","",""
"A383930","디티앤씨알오","12","0","외감","","","",""
"A384470","코어라인소프트","12","0","외감","","","",""
"A387570","파인메딕스","12","0","외감","","","",""
"A388050","지투파워","12","0","외감","","","",""
"A388210","씨엠티엑스","12","0","외감","","","",""
"A388610","지에프씨생명과학","12","0","외감","","","",""
"A388720","유일로보틱스","12","0","외감","","","",""
"A388790","라이콤","12","0","외감","","","",""
"A388870","파로스아이바이오","12","0","외감","","","",""
"A389020","자람테크놀로지","12","0","외감","","","",""
"A389030","지니너스","12","0","외감","","","",""
"A389140","포바이포","12","0","외감","","","",""
"A389260","대명에너지","12","0","외감","","","",""
"A389470","인벤티지랩","12","0","외감","","","",""
"A389500","에스비비테크","12","0","외감","","","",""
"A389650","넥스트바이오메디컬","12","0","외감","","","",""
"A389680","유디엠텍","12","0","외감","","","",""
"A391710","코닉오토메이션","12","0","외감","","","",""
"A393210","토마토시스템","12","0","외감","","","",""
"A393890","더블유씨피","12","0","외감","","","",""
"A393970","대진첨단소재","12","0","외감","","","",""
"A394280","오픈엣지테크놀로지","12","0","외감","","","",""
"A394420","리센스메디컬","12","0","외감","","","",""
"A394800","쓰리빌리언","12","0","외감","","","",""
"A396270","넥스트칩","12","0","외감","","","",""
"A396300","세아메카닉스","12","0","외감","","","",""
"A396470","워트","12","0","외감","","","",""
"A397030","에이프릴바이오","12","0","외감","","","",""
"A397810","애드포러스","12","0","외감","","","",""
"A398120","에스지헬스케어","12","0","외감","","","",""
"A399720","가온칩스","12","0","외감","","","",""
"A402030","코난테크놀로지","12","0","외감","","","",""
"A402340","SK스퀘어","12","0","외감","","","",""
"A402490","그린리소스","12","0","외감","","","",""
"A403490","우듬지팜","12","0","외감","","","",""
"A403550","쏘카","12","0","외감","","","",""
"A403850","더핑크퐁컴퍼니","12","0","외감","","","",""
"A403870","HPSP","12","0","외감","","","",""
"A405000","플라즈맵","12","0","외감","","","",""
"A405100","큐알티","12","0","외감","","","",""
"A405920","나라셀라","12","0","외감","","","",""
"A406820","뷰티스킨","12","0","외감","","","",""
"A407400","꿈비","12","0","외감","","","",""
"A408470","한패스","12","0","외감","","","",""
"A408900","스튜디오미르","12","0","외감","","","",""
"A408920","메쎄이상","12","0","외감","","","",""
"A411080","샌즈랩","12","0","외감","","","",""
"A412350","레이저쎌","12","0","외감","","","",""
"A412540","제일엠앤에스","12","0","외감","","","",""
"A413390","엠오티","12","0","외감","","","",""
"A413630","씨피시스템","12","0","외감","","","",""
"A413640","비아이매트릭스","12","0","외감","","","",""
"A415380","스튜디오삼익","12","0","외감","","","",""
"A416180","신성에스티","12","0","외감","","","",""
"A417010","나노팀","12","0","외감","","","",""
"A417180","핑거스토리","12","0","외감","","","",""
"A417200","LS머트리얼즈","12","0","외감","","","",""
"A417500","제이아이테크","12","0","외감","","","",""
"A417790","트루엔","12","0","외감","","","",""
"A417840","저스템","12","0","외감","","","",""
"A417860","오브젠","12","0","외감","","","",""
"A417970","모델솔루션","12","0","외감","","","",""
"A418250","시큐레터","12","0","외감","","","",""
"A418420","라온텍","12","0","외감","","","",""
"A418470","KT밀리의서재","12","0","외감","","","",""
"A418550","제이오","12","0","외감","","","",""
"A418620","E8","12","0","외감","","","",""
"A419050","삼기에너지솔루션즈","12","0","외감","","","",""
"A419080","엔젯","12","0","외감","","","",""
"A419120","산돌","12","0","외감","","","",""
"A419530","SAMG엔터","12","0","외감","","","",""
"A419540","비스토스","12","0","외감","","","",""
"A420570","제이투케이바이오","12","0","외감","","","",""
"A420770","기가비스","12","0","외감","","","",""
"A424760","벨로크","12","0","외감","","","",""
"A424870","이뮨온시아","12","0","외감","","","",""
"A424960","스마트레이더시스템","12","0","외감","","","",""
"A424980","마이크로투나노","12","0","외감","","","",""
"A425040","티이엠씨","12","0","외감","","","",""
"A425420","티에프이","12","0","외감","","","",""
"A429270","시지트로닉스","12","0","외감","","","",""
"A430690","한싹","12","0","외감","","","",""
"A431190","케이쓰리아이","12","0","외감","","","",""
"A432430","와이랩","12","0","외감","","","",""
"A432470","케이엔에스","12","0","외감","","","",""
"A432720","퀄리타스반도체","12","0","외감","","","",""
"A432980","엠에프씨","12","0","외감","","","",""
"A434480","모니터랩","12","0","외감","","","",""
"A435570","에르코스","12","0","외감","","","",""
"A437730","삼현","12","0","외감","","","",""
"A438700","버넥트","12","0","외감","","","",""
"A439090","마녀공장","12","0","외감","","","",""
"A439260","대한조선","12","0","외감","","","",""
"A439580","블루엠텍","12","0","외감","","","",""
"A439960","코스모로보틱스","12","0","외감","","","",""
"A440110","파두","12","0","외감","","","",""
"A440290","HB인베스트먼트","12","0","외감","","","",""
"A440320","오픈놀","12","0","외감","","","",""
"A441270","파인엠텍","12","0","외감","","","",""
"A443060","HD현대마린솔루션","12","0","외감","","","",""
"A443250","레뷰코퍼레이션","12","0","외감","","","",""
"A443670","에스피소프트","12","0","외감","","","",""
"A444530","심플랫폼","12","0","외감","","","",""
"A445090","에이직랜드","12","0","외감","","","",""
"A445180","퓨릿","12","0","외감","","","",""
"A445680","큐리옥스바이오시스템즈","12","0","외감","","","",""
"A446070","유니드비티플러스","12","0","외감","","","",""
"A446540","메가터치","12","0","외감","","","",""
"A446840","지슨","12","0","외감","","","",""
"A448280","에코아이","12","0","외감","","","",""
"A448710","코츠테크놀로지","12","0","외감","","","",""
"A448900","한국피아이엠","12","0","외감","","","",""
"A450080","에코프로머티","12","0","외감","","","",""
"A450330","하스","12","0","외감","","","",""
"A450520","인스웨이브","12","0","외감","","","",""
"A450950","아스테라시스","12","0","외감","","","",""
"A451220","아이엠티","12","0","외감","","","",""
"A451250","삐아","12","0","외감","","","",""
"A451760","컨텍","12","0","외감","","","",""
"A452160","제이엔비","12","0","외감","","","",""
"A452190","한빛레이저","12","0","외감","","","",""
"A452200","민테크","12","0","외감","","","",""
"A452260","한화갤러리아","12","0","외감","","","",""
"A452280","한선엔지니어링","12","0","외감","","","",""
"A452300","캡스톤파트너스","12","0","외감","","","",""
"A452400","이닉스","12","0","외감","","","",""
"A452430","사피엔반도체","12","0","외감","","","",""
"A452450","피아이이","12","0","외감","","","",""
"A453340","현대그린푸드","12","0","외감","","","",""
"A453450","그리드위즈","12","0","외감","","","",""
"A453860","에이에스텍","12","0","외감","","","",""
"A454910","두산로보틱스","12","0","외감","","","",""
"A455180","케이지에이","12","0","외감","","","",""
"A455900","엔젤로보틱스","12","0","외감","","","",""
"A456010","아이씨티케이","12","0","외감","","","",""
"A456040","OCI","12","0","외감","","","",""
"A456070","이엔셀","12","0","외감","","","",""
"A456160","지투지바이오","12","0","외감","","","",""
"A457190","이수스페셜티케미컬","12","0","외감","","","",""
"A457370","한켐","12","0","외감","","","",""
"A457550","우진엔텍","12","0","외감","","","",""
"A457600","벡트","12","0","외감","","","",""
"A458350","에스팀","12","0","외감","","","",""
"A458650","성우","12","0","외감","","","",""
"A458870","씨어스","12","0","외감","","","",""
"A459100","위츠","12","0","외감","","","",""
"A459510","나우로보틱스","12","0","외감","","","",""
"A459550","알트","12","0","외감","","","",""
"A460470","아이빔테크놀로지","12","0","외감","","","",""
"A460850","동국씨엠","12","0","외감","","","",""
"A460860","동국제강","12","0","외감","","","",""
"A460870","에스엠씨지","12","0","외감","","","",""
"A460930","현대힘스","12","0","외감","","","",""
"A460940","피앤에스로보틱스","12","0","외감","","","",""
"A461030","아이엠비디엑스","12","0","외감","","","",""
"A461300","아이스크림미디어","12","0","외감","","","",""
"A462310","뉴키즈온","12","0","외감","","","",""
"A462350","이노스페이스","12","0","외감","","","",""
"A462510","라메디텍","12","0","외감","","","",""
"A462520","조선내화","12","0","외감","","","",""
"A462860","더즌","12","0","외감","","","",""
"A462870","시프트업","12","0","외감","","","",""
"A462980","아이지넷","12","0","외감","","","",""
"A463020","뉴엔AI","12","0","외감","","","",""
"A463480","모티브링크","12","0","외감","","","",""
"A464080","에스오에스랩","12","0","외감","","","",""
"A464280","티디에스팜","12","0","외감","","","",""
"A464490","쿼드메디슨","12","0","외감","","","",""
"A464500","아이언디바이스","12","0","외감","","","",""
"A464580","닷밀","12","0","외감","","","",""
"A465480","인스피언","12","0","외감","","","",""
"A465770","STX그린로지스","12","0","외감","","","",""
"A466100","클로봇","12","0","외감","","","",""
"A466410","사이냅소프트","12","0","외감","","","",""
"A468530","프로티나","12","0","외감","","","",""
"A469610","이노테크","12","0","외감","","","",""
"A469750","아이비젼웍스","12","0","외감","","","",""
"A471820","셀로맥스사이언스","12","0","외감","","","",""
"A472850","폰드그룹","12","0","외감","","","",""
"A473980","노머스","12","0","외감","","","",""
"A474170","루미르","12","0","외감","","","",""
"A474610","RF시스템즈","12","0","외감","","","",""
"A474650","링크솔루션","12","0","외감","","","",""
"A475150","SK이터닉스","12","0","외감","","","",""
"A475230","엔알비","12","0","외감","","","",""
"A475400","씨메스로보틱스","12","0","외감","","","",""
"A475430","키스트론","12","0","외감","","","",""
"A475460","미트박스","12","0","외감","","","",""
"A475560","더본코리아","12","0","외감","","","",""
"A475580","에이럭스","12","0","외감","","","",""
"A475660","에스켐","12","0","외감","","","",""
"A475830","오름테라퓨틱","12","0","외감","","","",""
"A475960","토모큐브","12","0","외감","","","",""
"A476040","오가노이드사이언스","12","0","외감","","","",""
"A476060","온코닉테라퓨틱스","12","0","외감","","","",""
"A476080","M83","12","0","외감","","","",""
"A476830","알지노믹스","12","0","외감","","","",""
"A477850","마키나락스","12","0","외감","","","",""
"A478340","나라스페이스테크놀로지","12","0","외감","","","",""
"A478560","블랙야크아이앤씨","12","0","외감","","","",""
"A479960","위너스일렉","12","0","외감","","","",""
"A480370","씨케이솔루션","12","0","외감","","","",""
"A481070","에이유브랜즈","12","0","외감","","","",""
"A482630","삼양엔씨켐","12","0","외감","","","",""
"A483650","달바글로벌","12","0","외감","","","",""
"A484120","도우인시스","12","0","외감","","","",""
"A484590","삼양컴텍","12","0","외감","","","",""
"A484810","티엑스알로보틱스","12","0","외감","","","",""
"A484870","엠앤씨솔루션","12","0","외감","","","",""
"A486990","노타","12","0","외감","","","",""
"A487570","HS효성","12","0","외감","","","",""
"A487580","폴레드","12","0","외감","","","",""
"A488280","에스투더블유","12","0","외감","","","",""
"A488900","비츠로넥스텍","12","0","외감","","","",""
"A489460","바이오비쥬","12","0","외감","","","",""
"A489500","엘케이켐","12","0","외감","","","",""
"A489790","한화비전","12","0","외감","","","",""
"A490470","세미파이브","12","0","외감","","","",""
"A491000","리브스메드","12","0","외감","","","",""
"A493280","아이엠바이오로직스","12","0","외감","","","",""
"A493330","지에프아이","12","0","외감","","","",""
"A494120","큐리오시스","12","0","외감","","","",""
"A499790","GS피앤엘","12","0","외감","","","",""
"A900070","글로벌에스엠","12","0","KOSDAQ","-1.43","29.67","","30.1"
"A900100","파이온엑스","12","0","KOSDAQ","0","74.16","","74.16"
"A900110","딥커머스","12","0","KOSDAQ","0","29.43","","29.43"
"A900120","씨엑스아이","6","0","KOSDAQ","-0.32","34.45","","34.56"
"A900140","엘브이엠씨홀딩스","12","0","KOSPI","-0.96","260.22","","262.75"
"A900250","크리스탈신소재","12","0","KOSDAQ","-0.3","113.88","","114.22"
"A900260","로스웰","12","0","KOSDAQ","0.6","47.78","","47.5"
"A900270","헝셩그룹","12","0","KOSDAQ","-1.31","54.16","","54.88"
"A900290","GRT","6","0","KOSDAQ","0","64.07","","64.07"
"A900300","오가닉티코스메틱","12","0","KOSDAQ","-2.53","47.15","","48.37"
"A900310","컬러레이","12","0","KOSDAQ","13.1","139.86","","123.66"
"A900340","윙입푸드","12","0","KOSDAQ","0.33","72.92","","72.68"
"A950130","엑세스바이오","12","0","KOSDAQ","0.35","1044.07","","1040.44"
"A950140","잉글우드랩","12","0","KOSDAQ","-0.58","85.33","","85.83"
"A950160","코오롱티슈진","12","0","KOSDAQ","0","489.55","","489.55"
"A950170","JTC","2","0","KOSDAQ","-0.72","144.22","","145.27"
"A950190","고스트스튜디오","12","0","KOSDAQ","-0.18","360.26","","360.91"
"A950200","소마젠","12","0","KOSDAQ","14.68","273.49","","238.47"
"A950210","프레스티지바이오파마","6","0","외감","","","",""
"A950220","네오이뮨텍","12","0","외감","","","",""
"A950250","테라뷰","4","0","외감","","","",""
