"Code","Name","결산월","코스피200 구성종목여부(1:해당, 0:미해당)","상장된 시장","수정주가수익률","시가총액","","이전 시가총액"
"A000020","동화약품","12","0","KOSPI","0.13","209.49","","209.21"
"A000040","KR모터스","12","0","KOSPI","3.08","38.08","","36.94"
"A000050","경방","12","0","KOSPI","0.93","268.4","","265.93"
"A000070","삼양홀딩스","12","1","KOSPI","1.05","413.65","","409.37"
"A000080","하이트진로","12","1","KOSPI","0.69","2033.87","","2019.85"
"A000100","유한양행","12","1","KOSPI","-1.15","3155.64","","3192.41"
"A000120","CJ대한통운","12","1","KOSPI","1.91","3045.45","","2988.42"
"A000140","하이트진로홀딩스","12","0","KOSPI","0","283.12","","283.12"
"A000150","두산","12","1","KOSPI","-0.38","646.91","","649.39"
"A000180","성창기업지주","12","0","KOSPI","1.49","95.21","","93.82"
"A0001A0","덕양에너젠","12","0","외감","","","",""
"A000210","DL","12","1","KOSPI","1.99","2669.16","","2616.96"
"A000220","유유제약","12","0","KOSPI","-0.85","74.51","","75.15"
"A000230","일동홀딩스","12","0","KOSPI","1.36","94.63","","93.36"
"A000240","한국앤컴퍼니","12","1","KOSPI","-0.9","926.48","","934.85"
"A000250","삼천당제약","12","0","KOSDAQ","0.31","714.02","","711.81"
"A000270","기아","12","1","KOSPI","1.19","12100.1","","11958.22"
"A000300","DH오토넥스","12","0","KOSPI","1.28","67.49","","66.64"
"A000320","노루홀딩스","12","0","KOSPI","0.8","117.63","","116.7"
"A000370","한화손해보험","12","0","KOSPI","1.42","250.99","","247.49"
"A000390","SP삼화","12","0","KOSPI","1.02","130.34","","129.02"
"A000400","롯데손해보험","12","0","KOSPI","-0.34","451.54","","453.09"
"A000430","대원강업","12","0","KOSPI","1.39","180.42","","177.94"
"A000440","중앙에너비스","12","0","KOSDAQ","2.73","56.29","","54.8"
"A000480","CR홀딩스","12","0","KOSPI","0.41","291.2","","290"
"A000490","대동","12","0","KOSPI","2.03","101.2","","99.18"
"A0004V0","엔비알모션","12","0","외감","","","",""
"A000500","가온전선","12","0","KOSPI","1.04","60.53","","59.91"
"A000520","삼일제약","12","0","KOSPI","0.29","113.43","","113.1"
"A000540","흥국화재","12","0","KOSPI","0","155.15","","155.15"
"A000590","CS홀딩스","12","0","KOSPI","0","53.57","","53.57"
"A000640","동아쏘시오홀딩스","12","1","KOSPI","0","542.01","","542.01"
"A000650","천일고속","12","0","KOSPI","-1.23","80.32","","81.32"
"A000660","SK하이닉스","12","1","KOSPI","1.11","59914.59","","59259.39"
"A000670","영풍","12","1","KOSPI","2.23","928.39","","908.13"
"A000680","LS네트웍스","12","0","KOSPI","-5.41","144.6","","152.88"
"A000700","유수홀딩스","12","0","KOSPI","0.52","152.08","","151.3"
"A000720","현대건설","12","1","KOSPI","4.2","3591.22","","3446.46"
"A000760","이화산업","12","0","KOSPI","-0.83","33.46","","33.74"
"A0007C0","아크릴","12","0","외감","","","",""
"A0007J0","인벤테라","12","0","외감","","","",""
"A000810","삼성화재","12","1","KOSPI","3.21","9143.34","","8859.09"
"A000850","화천기공","12","0","KOSPI","0.67","66.44","","66"
"A000860","강남제비스코","12","0","KOSPI","3.27","102.7","","99.45"
"A000880","한화","12","1","KOSPI","1.96","1364.25","","1338.01"
"A000890","보해양조","12","0","KOSPI","2.97","105.91","","102.85"
"A0008Z0","에스엔시스","12","0","외감","","","",""
"A000910","유니온","12","0","KOSPI","8.26","40.9","","37.78"
"A000950","전방","12","0","KOSPI","-2.05","20.08","","20.5"
"A000970","한국주철관","12","0","KOSPI","2.41","203.61","","198.82"
"A000990","DB하이텍","12","1","KOSPI","2.93","1014.51","","985.65"
"A0009K0","에임드바이오","12","0","외감","","","",""
"A001000","신라섬유","12","0","KOSDAQ","1.96","37.87","","37.14"
"A001020","페이퍼코리아","12","0","KOSPI","-4.56","47.83","","50.11"
"A001040","CJ","12","1","KOSPI","0.28","2100.74","","2094.91"
"A001060","JW중외제약","12","1","KOSPI","1.23","603.54","","596.22"
"A001070","대한방직","12","0","KOSPI","0.52","102.82","","102.29"
"A001080","만호제강","6","0","KOSPI","0","52.29","","52.29"
"A0010F0","보원케미칼","12","0","외감","","","",""
"A0010V0","제이피아이헬스케어","12","0","외감","","","",""
"A001120","LX인터내셔널","12","1","KOSPI","1.95","505.82","","496.13"
"A001130","대한제분","12","0","KOSPI","2.42","214.63","","209.56"
"A0011A0","액스비스","12","0","외감","","","",""
"A0011T0","채비","12","0","외감","","","",""
"A001200","유진투자증권","12","0","KOSPI","1.88","183.56","","180.17"
"A001210","금호전기","12","0","KOSPI","5.31","34.6","","32.85"
"A001230","동국홀딩스","12","1","KOSPI","1.67","378.39","","372.19"
"A001250","GS글로벌","12","0","KOSPI","5.14","126.69","","120.5"
"A001260","남광토건","12","0","KOSPI","6","92","","86.79"
"A001270","부국증권","12","0","KOSPI","2.1","176.29","","172.66"
"A001290","상상인증권","12","0","KOSPI","2.73","108.6","","105.72"
"A001340","PKC","12","0","KOSPI","3.29","119.93","","116.11"
"A001360","삼성제약","12","0","KOSPI","1.89","265.89","","260.97"
"A001380","SG글로벌","12","0","KOSPI","0.9","50.58","","50.14"
"A001390","KG케미칼","12","0","KOSPI","6.03","160.06","","150.95"
"A0013V0","삼진식품","12","0","외감","","","",""
"A001420","태원물산","12","0","KOSPI","-0.16","24.43","","24.47"
"A001430","세아베스틸지주","12","1","KOSPI","-0.11","325.27","","325.63"
"A001440","대한전선","12","0","KOSPI","2.47","568.7","","554.99"
"A001450","현대해상","12","1","KOSPI","1.27","2145.6","","2118.78"
"A001460","BYC","12","0","KOSPI","1.33","118.99","","117.43"
"A001470","삼부토건","12","0","KOSPI","3.73","88.03","","84.87"
"A001500","현대차증권","12","0","KOSPI","1.64","217.97","","214.45"
"A001510","SK증권","12","0","KOSPI","2.79","278.83","","271.27"
"A001520","동양","12","1","KOSPI","5.13","293.58","","279.26"
"A001530","DI동일","12","0","KOSPI","1.86","145.53","","142.86"
"A001540","안국약품","12","0","KOSDAQ","-0.63","124.16","","124.95"
"A001550","조비","12","0","KOSPI","8.44","90.09","","83.08"
"A001560","제일연마","12","0","KOSPI","3.29","56.5","","54.7"
"A001570","금양","12","0","KOSPI","3.84","95.36","","91.84"
"A0015G0","그린광학","12","0","외감","","","",""
"A0015N0","아로마티카","12","0","외감","","","",""
"A0015S0","페스카로","12","0","외감","","","",""
"A001620","케이비아이동국실업","12","0","KOSPI","0.67","39.49","","39.23"
"A001630","종근당홀딩스","12","0","KOSPI","2.64","583.65","","568.62"
"A001680","대상","12","1","KOSPI","-0.51","677.37","","680.83"
"A001720","신영증권","3","0","KOSPI","0.65","433.64","","430.83"
"A001740","SK네트웍스","12","1","KOSPI","1.65","1219.84","","1199.99"
"A001750","한양증권","12","0","KOSPI","0.17","74.59","","74.46"
"A001770","SHD","12","0","KOSPI","-0.48","25.39","","25.51"
"A001780","알루코","12","0","KOSPI","2.66","129.3","","125.95"
"A001790","대한제당","12","0","KOSPI","-0.59","151.59","","152.48"
"A0017J0","세미티에스","12","0","외감","","","",""
"A001800","오리온홀딩스","12","1","KOSPI","5.17","892.7","","848.85"
"A001810","무림SP","12","0","KOSDAQ","1.08","41.4","","40.95"
"A001820","삼화콘덴서","12","0","KOSPI","1.43","478.69","","471.93"
"A001840","이화공영","12","0","KOSDAQ","3.85","80.11","","77.14"
"A001940","KISCO홀딩스","12","0","KOSPI","1.64","182.73","","179.78"
"A002020","코오롱","12","0","KOSPI","29.83","296.72","","228.54"
"A002030","아세아","12","0","KOSPI","0.12","177.03","","176.82"
"A002070","비비안","12","0","KOSPI","1","69.37","","68.68"
"A002100","경농","12","0","KOSPI","6.7","259.22","","242.95"
"A002140","고려산업","12","0","KOSPI","9.16","69.83","","63.97"
"A002150","도화엔지니어링","12","0","KOSPI","3.77","259.64","","250.2"
"A002170","SYTS","12","0","KOSPI","1.22","149.4","","147.6"
"A002200","한국수출포장","12","0","KOSPI","1.74","70.2","","69"
"A002210","동성제약","12","0","KOSPI","1.81","293.3","","288.08"
"A002220","한일철강","12","0","KOSPI","0.68","33.15","","32.93"
"A002230","피에스텍","12","0","KOSDAQ","4.37","58.71","","56.25"
"A002240","고려제강","12","1","KOSPI","0.98","309","","306"
"A002290","삼일기업공사","12","0","KOSDAQ","1.17","32.24","","31.87"
"A002310","아세아제지","12","0","KOSPI","0.84","268.7","","266.46"
"A002320","한진","12","0","KOSPI","0.7","517.31","","513.71"
"A002350","넥센타이어","12","1","KOSPI","4.59","579.17","","553.78"
"A002360","SH에너지화학","12","0","KOSPI","1.03","98.24","","97.24"
"A002380","KCC","12","1","KOSPI","0","1301.87","","1301.87"
"A002390","한독","12","0","KOSPI","1.12","311.06","","307.61"
"A002410","범양건영","12","0","KOSPI","0.35","70.52","","70.27"
"A002420","세기상사","12","0","KOSPI","0.1","20.05","","20.03"
"A002450","삼익악기","12","0","KOSPI","2.11","131.72","","129.01"
"A002460","HS화성","12","0","KOSPI","0.24","104.71","","104.46"
"A002600","조흥","12","0","KOSPI","-2.25","78.3","","80.1"
"A002620","제일파마홀딩스","12","0","KOSPI","29.71","247.59","","190.88"
"A002630","오리엔트바이오","3","0","KOSPI","7.56","81.13","","75.43"
"A002680","한탑","12","0","KOSDAQ","0.74","42.64","","42.33"
"A002690","동일제강","12","0","KOSPI","3.06","25.28","","24.53"
"A002700","신일전자","12","0","KOSPI","1.99","127.53","","125.04"
"A002710","TCC스틸","12","0","KOSPI","2.17","36.75","","35.97"
"A002720","국제약품","12","0","KOSPI","2.75","137.45","","133.77"
"A002760","보락","12","0","KOSPI","5.36","106.02","","100.63"
"A002780","진흥기업","12","0","KOSPI","2.57","290.22","","282.94"
"A002790","아모레퍼시픽홀딩스","12","1","KOSPI","1.17","5005.21","","4947.49"
"A002800","신신제약","12","0","KOSDAQ","3.33","122.43","","118.48"
"A002810","삼영무역","12","0","KOSPI","0.4","222.72","","221.84"
"A002820","SUN&L","12","0","KOSPI","1.83","38.58","","37.89"
"A002840","미원상사","12","0","KOSPI","0.83","307.82","","305.28"
"A002870","신풍","12","0","KOSPI","0","42.3","","42.3"
"A002880","디와이에이","12","0","KOSPI","0.7","77.19","","76.66"
"A002900","TYM","12","0","KOSPI","1.25","122.48","","120.96"
"A002920","유성기업","12","0","KOSPI","0.41","63.57","","63.31"
"A002960","한국쉘석유","12","1","KOSPI","1.57","337.35","","332.15"
"A002990","금호건설","12","0","KOSPI","0.95","268.1","","265.58"
"A003000","부광약품","12","1","KOSPI","24.49","1796.01","","1442.65"
"A003010","혜인","12","0","KOSPI","3.32","51.49","","49.83"
"A003030","세아제강지주","12","0","KOSPI","1.09","115.55","","114.31"
"A003060","에이프로젠바이오로직스","12","0","KOSPI","-0.31","389.07","","390.28"
"A003070","코오롱글로벌","12","0","KOSPI","-9.83","208.24","","230.93"
"A003080","SB성보","12","0","KOSPI","0.26","78.58","","78.38"
"A003090","대웅","12","0","KOSPI","6.55","709.33","","665.73"
"A003100","선광","12","0","KOSDAQ","3.72","92.07","","88.77"
"A003120","일성아이에스","12","0","KOSPI","6.5","261.48","","245.52"
"A003160","디아이","12","0","KOSPI","1.74","91.97","","90.4"
"A003200","일신방직","12","0","KOSPI","-0.37","130.32","","130.8"
"A003220","대원제약","12","0","KOSPI","0.33","303.65","","302.64"
"A003230","삼양식품","12","0","KOSPI","1.97","742","","727.69"
"A003240","태광산업","12","1","KOSPI","2.56","846.18","","825.03"
"A003280","흥아해운","12","0","KOSPI","0","30.12","","30.12"
"A003300","한일홀딩스","12","0","KOSPI","0.92","230.18","","228.09"
"A003310","대주산업","12","0","KOSDAQ","1.4","38.4","","37.87"
"A003350","한국화장품제조","12","0","KOSPI","-0.42","161.57","","162.25"
"A003380","하림지주","12","0","KOSDAQ","4.82","549.34","","524.07"
"A003460","유화증권","12","0","KOSPI","3.18","128.71","","124.75"
"A003470","유안타증권","12","0","KOSPI","1.07","472.05","","467.06"
"A003480","한진중공업홀딩스","12","0","KOSPI","1.92","94.2","","92.43"
"A003490","대한항공","12","1","KOSPI","0.26","1858.95","","1854.21"
"A003520","영진약품","12","1","KOSPI","1.13","901.66","","891.6"
"A003530","한화투자증권","12","0","KOSPI","1.62","335.77","","330.4"
"A003540","대신증권","12","0","KOSPI","0","472.19","","472.19"
"A003550","LG","12","1","KOSPI","2.56","10387.94","","10129.1"
"A003570","SNT다이내믹스","12","0","KOSPI","0.75","179.23","","177.9"
"A003580","HLB글로벌","12","0","KOSPI","0.86","223.65","","221.74"
"A003610","방림","9","0","KOSPI","1.49","71.93","","70.88"
"A003620","KG모빌리티","12","1","KOSPI","-1.75","209.78","","213.52"
"A003650","미창석유","12","0","KOSPI","0","93.59","","93.59"
"A003670","포스코퓨처엠","12","0","KOSPI","2.3","2851.2","","2787.16"
"A003680","한성기업","12","0","KOSPI","0.84","26.11","","25.89"
"A003690","코리안리","12","0","KOSPI","2.6","902.77","","879.9"
"A003720","삼영","12","0","KOSPI","1.91","34.51","","33.86"
"A003780","진양산업","12","0","KOSPI","9.14","43.48","","39.85"
"A003800","에이스침대","12","0","KOSDAQ","2.58","419.2","","408.67"
"A003830","대한화섬","12","0","KOSPI","5.86","98.4","","92.96"
"A003850","보령","12","1","KOSPI","0","570.18","","570.18"
"A003920","남양유업","12","1","KOSPI","1.55","235.8","","232.2"
"A003960","사조대림","12","0","KOSPI","0","123.26","","123.26"
"A004000","롯데정밀화학","12","1","KOSPI","4.72","859.14","","820.44"
"A004020","현대제철","12","1","KOSPI","1.8","2635.55","","2588.85"
"A004060","SG세계물산","12","0","KOSPI","-1.3","138.66","","140.48"
"A004080","신흥","12","0","KOSPI","0.32","90.24","","89.95"
"A004090","한국석유","12","0","KOSPI","2.87","61.06","","59.36"
"A004100","태양금속","12","0","KOSPI","2.48","37.98","","37.07"
"A004140","동방","12","0","KOSPI","4.1","67.94","","65.26"
"A004150","한솔홀딩스","12","0","KOSPI","1.9","138.96","","136.36"
"A004170","신세계","12","1","KOSPI","0.21","2293.93","","2289"
"A004250","NPC","12","0","KOSPI","0.47","117.69","","117.14"
"A004270","남성","12","0","KOSPI","2.73","74.96","","72.97"
"A004310","현대약품","11","0","KOSPI","0.95","135.36","","134.08"
"A004360","세방","12","0","KOSPI","1.54","165.28","","162.77"
"A004370","농심","12","1","KOSPI","0","1767.01","","1767.01"
"A004380","삼익THK","12","0","KOSPI","1","213.15","","211.05"
"A004410","서울식품","12","0","KOSPI","0.58","58.71","","58.37"
"A004430","송원산업","12","0","KOSPI","3.74","266.4","","256.8"
"A004440","삼일씨엔에스","12","0","KOSPI","2.86","73.34","","71.3"
"A004450","삼화왕관","12","0","KOSPI","1.03","84.77","","83.91"
"A004490","세방전지","12","1","KOSPI","2.9","397.6","","386.4"
"A004540","깨끗한나라","12","0","KOSPI","2.07","137.6","","134.81"
"A004560","현대비앤지스틸","12","0","KOSPI","1.79","102.84","","101.03"
"A004590","한국가구","12","0","KOSDAQ","1.25","54.68","","54"
"A004650","창해에탄올","12","0","KOSDAQ","2.13","132.35","","129.59"
"A004690","삼천리","12","0","KOSPI","-0.14","293.18","","293.58"
"A004700","조광피혁","12","0","KOSPI","0.12","276.27","","275.94"
"A004710","한솔테크닉스","12","0","KOSPI","1.16","167.93","","166.01"
"A004720","팜젠사이언스","12","0","KOSPI","1.38","86.14","","84.97"
"A004770","써니전자","12","0","KOSPI","3.19","114.5","","110.96"
"A004780","대륙제관","12","0","KOSDAQ","1.43","56.3","","55.5"
"A004800","효성","12","1","KOSPI","1.21","1407.54","","1390.69"
"A004830","덕성","12","0","KOSPI","11.26","44.92","","40.38"
"A004840","DRB동일","12","0","KOSPI","1.17","77.73","","76.83"
"A004870","티웨이홀딩스","12","0","KOSPI","2.31","84.73","","82.82"
"A004890","동일산업","12","0","KOSPI","1.65","119.68","","117.74"
"A004910","조광페인트","12","0","KOSPI","0.19","65.92","","65.79"
"A004920","씨아이테크","12","0","KOSPI","1.25","14.67","","14.49"
"A004960","한신공영","12","0","KOSPI","2.93","142.32","","138.27"
"A004970","신라교역","12","0","KOSPI","-0.32","148.96","","149.44"
"A004980","성신양회","12","0","KOSPI","7.22","152.98","","142.68"
"A004990","롯데지주","12","1","KOSPI","3.67","2811.57","","2711.9"
"A005010","휴스틸","12","0","KOSPI","1.36","50.99","","50.3"
"A005030","부산주공","12","0","KOSPI","1.76","14.71","","14.46"
"A005070","코스모신소재","12","0","KOSPI","4.83","247.44","","236.03"
"A005090","SGC에너지","12","0","KOSPI","0.57","128.4","","127.67"
"A005110","한창","12","0","KOSPI","6.95","77.58","","72.54"
"A005160","동국산업","12","0","KOSDAQ","-0.73","110.93","","111.74"
"A005180","빙그레","12","1","KOSPI","0.56","526.06","","523.1"
"A005250","녹십자홀딩스","12","1","KOSPI","-1.79","1029.92","","1048.73"
"A005290","동진쎄미켐","12","0","KOSDAQ","3.02","701.81","","681.24"
"A005300","롯데칠성","12","1","KOSPI","0.41","791.35","","788.16"
"A005320","온타이드","12","0","KOSPI","3.59","50.36","","48.61"
"A005360","모나미","12","0","KOSPI","3.39","54.71","","52.91"
"A005380","현대차","12","1","KOSPI","2.25","21366.82","","20896.75"
"A005420","코스모화학","12","0","KOSPI","2.5","203.4","","198.44"
"A005430","한국공항","12","0","KOSPI","1.98","97.84","","95.94"
"A005440","현대지에프홀딩스","12","1","KOSPI","1.65","721.06","","709.33"
"A005490","POSCO홀딩스","12","1","KOSPI","1.1","15955.19","","15780.82"
"A005500","삼진제약","12","0","KOSPI","0.63","332.21","","330.13"
"A005610","삼립","12","1","KOSPI","4.29","629.92","","604.03"
"A005670","푸드웰","12","0","KOSDAQ","0.76","52.7","","52.3"
"A005680","삼영전자","12","0","KOSPI","1.27","143","","141.2"
"A005690","파미셀","12","0","KOSPI","-5.39","1052.28","","1112.24"
"A005710","대원산업","12","0","KOSDAQ","1.79","85.26","","83.76"
"A005720","넥센","12","0","KOSPI","2.55","247.37","","241.22"
"A005740","크라운해태홀딩스","12","0","KOSPI","2.15","119.67","","117.15"
"A005750","대림바스","12","0","KOSPI","1.5","56.35","","55.52"
"A005800","신영와코루","12","0","KOSPI","2.98","71.46","","69.39"
"A005810","풍산홀딩스","12","0","KOSPI","2","219.38","","215.08"
"A005820","원림","12","0","KOSPI","1.94","34.65","","33.99"
"A005830","DB손해보험","12","1","KOSPI","4.28","2761.2","","2647.92"
"A005850","에스엘","12","1","KOSPI","1.86","660.38","","648.33"
"A005860","한일사료","12","0","KOSDAQ","-2.55","67.77","","69.55"
"A005870","휴니드","12","0","KOSPI","1.58","72.7","","71.57"
"A005880","대한해운","12","0","KOSPI","7.84","470.22","","436.02"
"A005930","삼성전자","12","1","KOSPI","1.45","292519.34","","288340.5"
"A005940","NH투자증권","12","1","KOSPI","1.62","2473.58","","2434.19"
"A005950","이수화학","12","0","KOSPI","29.93","147.89","","113.82"
"A005960","동부건설","12","0","KOSPI","2.68","166.99","","162.62"
"A005990","매일홀딩스","12","0","KOSDAQ","1.7","106.59","","104.81"
"A006040","동원산업","12","0","KOSPI","1.04","717.14","","709.78"
"A006050","국영지앤엠","12","0","KOSDAQ","3.25","83.23","","80.61"
"A006060","화승인더","12","0","KOSPI","3.06","428.73","","416.01"
"A006090","사조오양","12","0","KOSPI","0.53","71.24","","70.86"
"A006110","삼아알미늄","12","0","KOSPI","2.32","38.78","","37.9"
"A006120","SK디스커버리","12","1","KOSPI","-3.67","499.74","","518.78"
"A006140","피제이전자","12","0","KOSDAQ","0.68","66.23","","65.78"
"A006200","한국전자홀딩스","12","0","KOSPI","2.38","24.15","","23.59"
"A006220","제주은행","12","0","KOSPI","0","93.66","","93.66"
"A006260","LS","12","1","KOSPI","2.85","1102.85","","1072.26"
"A006280","녹십자","12","1","KOSPI","-3.45","1799.73","","1864"
"A006340","대원전선","12","0","KOSPI","3.05","62.05","","60.21"
"A006360","GS건설","12","1","KOSPI","4.42","1894.31","","1814.22"
"A006370","대구백화점","12","0","KOSPI","-0.38","56.27","","56.49"
"A006380","카프로","12","0","KOSPI","2.71","113.8","","110.8"
"A006400","삼성SDI","12","1","KOSPI","4.14","17294.28","","16606.63"
"A006490","프리티","12","0","KOSPI","1.76","252.33","","247.95"
"A006570","대림통상","12","0","KOSPI","6.46","58.92","","55.34"
"A006620","동구바이오제약","12","0","KOSDAQ","3","164.71","","159.91"
"A006650","대한유화","12","1","KOSPI","14.8","685.75","","597.35"
"A006660","삼성공조","12","0","KOSPI","3.38","49.73","","48.11"
"A006730","서부T&D","12","0","KOSDAQ","1.31","301.03","","297.15"
"A006740","블루산업개발","12","0","KOSPI","2.44","69.93","","68.27"
"A006800","미래에셋증권","12","1","KOSPI","3.18","3416.66","","3311.33"
"A006840","AK홀딩스","12","1","KOSPI","1.7","276.87","","272.24"
"A006880","신송홀딩스","12","0","KOSPI","-4.75","42.7","","44.83"
"A006890","태경케미컬","12","0","KOSPI","1.68","56.26","","55.33"
"A006910","보성파워텍","12","0","KOSDAQ","4.7","76.94","","73.49"
"A006920","모헨즈","12","0","KOSDAQ","1.82","36.69","","36.04"
"A006980","우성","12","0","KOSPI","1.53","92.24","","90.85"
"A007070","GS리테일","12","1","KOSPI","0.16","2406.25","","2402.4"
"A007110","일신석재","12","0","KOSPI","10.08","152.2","","138.26"
"A007120","미래아이앤지","12","0","KOSPI","7.12","50.63","","47.26"
"A007160","사조산업","12","0","KOSPI","1.67","137","","134.75"
"A007210","벽산","12","0","KOSPI","5.7","95.3","","90.16"
"A007280","한국특강","12","0","KOSPI","3.16","42.22","","40.93"
"A007310","오뚜기","12","1","KOSPI","0","1917.99","","1917.99"
"A007330","푸른저축은행","12","0","KOSDAQ","0.42","108.14","","107.69"
"A007340","DN오토모티브","12","0","KOSPI","1.26","240.86","","237.86"
"A007370","진양제약","12","0","KOSDAQ","1.79","75.12","","73.8"
"A007390","네이처셀","12","0","KOSDAQ","3.49","543.98","","525.63"
"A007460","에이프로젠","12","0","KOSPI","3.77","361.39","","348.26"
"A007530","와이엠","12","0","KOSDAQ","1.27","20.53","","20.28"
"A007540","샘표","12","0","KOSPI","4.53","96.2","","92.03"
"A007570","일양약품","12","1","KOSPI","2.33","670.86","","655.59"
"A007590","동방아그로","12","0","KOSPI","0.17","78.85","","78.71"
"A007610","선도전기","12","0","KOSPI","6.06","44.1","","41.58"
"A007660","이수페타시스","12","0","KOSPI","3.99","123.81","","119.06"
"A007680","대원","12","0","KOSDAQ","-0.91","126.31","","127.46"
"A007690","국도화학","12","0","KOSPI","-1.21","237.94","","240.85"
"A007700","F&F홀딩스","12","0","KOSPI","4.99","1555.4","","1481.48"
"A007720","소노스퀘어","12","0","KOSDAQ","6.09","122.98","","115.92"
"A007770","한일화학","12","0","KOSDAQ","3.29","30.82","","29.84"
"A007810","코리아써키트","12","0","KOSPI","0.69","172.9","","171.72"
"A007820","엠엑스로보틱스","12","0","KOSDAQ","2.79","155.26","","151.06"
"A007860","서연","12","0","KOSPI","1.35","88.05","","86.88"
"A007980","TP","12","0","KOSPI","0.58","87.1","","86.6"
"A008040","사조동아원","12","0","KOSPI","0.88","129.57","","128.44"
"A008060","대덕","12","1","KOSPI","2.58","620.94","","605.33"
"A008250","이건산업","12","0","KOSPI","2.78","54.6","","53.12"
"A008260","NI스틸","12","0","KOSPI","2.7","48.91","","47.62"
"A008290","원풍물산","12","0","KOSDAQ","-2.78","113.94","","117.2"
"A0082N0","카나프테라퓨틱스","12","0","외감","","","",""
"A008350","남선알미늄","12","0","KOSPI","1.94","550.34","","539.88"
"A008370","원풍","12","0","KOSDAQ","0","43.74","","43.74"
"A008420","문배철강","12","0","KOSPI","2.54","41.42","","40.39"
"A008470","부스타","12","0","KOSDAQ","0.26","32.95","","32.86"
"A008490","서흥","12","0","KOSPI","4.04","461.61","","443.68"
"A008500","일정실업","12","0","KOSPI","-2.62","11.58","","11.89"
"A008600","윌비스","12","0","KOSPI","-4.62","78.29","","82.08"
"A008700","아남전자","12","0","KOSPI","0.66","118.39","","117.62"
"A008730","율촌화학","12","0","KOSPI","0.75","333.56","","331.08"
"A008770","호텔신라","12","1","KOSPI","1.24","2884.74","","2849.41"
"A008830","대동기어","12","0","KOSDAQ","1.28","21.3","","21.03"
"A008870","금비","9","0","KOSPI","0.62","48.4","","48.1"
"A0088M0","메쥬","12","0","외감","","","",""
"A008930","한미사이언스","12","1","KOSPI","1.29","1818.61","","1795.5"
"A008970","KBI동양철관","12","0","KOSPI","3.01","109.85","","106.64"
"A009070","KCTC","12","0","KOSPI","4.48","66.45","","63.6"
"A009140","경인전자","12","0","KOSPI","-0.86","27.02","","27.25"
"A009150","삼성전기","12","1","KOSPI","2.01","7581.41","","7432.02"
"A009160","SIMPAC","12","0","KOSPI","1.7","156.38","","153.76"
"A009180","한솔로지스틱스","12","0","KOSPI","4.9","35.31","","33.66"
"A009190","대양금속","12","0","KOSPI","1.48","53.26","","52.49"
"A009200","무림페이퍼","12","0","KOSPI","0","84.26","","84.26"
"A009240","한샘","12","1","KOSPI","2.17","1440.28","","1409.68"
"A009270","신원","12","0","KOSPI","7.72","130.54","","121.19"
"A009290","광동제약","12","0","KOSPI","3.26","315.57","","305.61"
"A009300","삼아제약","12","0","KOSDAQ","2.19","89.18","","87.27"
"A009310","참엔지니어링","12","0","KOSPI","0.41","65.71","","65.44"
"A009320","아진전자부품","12","0","KOSPI","5.19","96.48","","91.72"
"A009410","태영건설","12","0","KOSPI","3.52","1012.3","","977.92"
"A009420","한올바이오파마","12","1","KOSPI","2.89","1300.79","","1264.22"
"A009440","KC그린홀딩스","12","0","KOSPI","2.17","79.31","","77.63"
"A009450","경동나비엔","12","0","KOSPI","1.71","417.86","","410.85"
"A009460","한창제지","12","0","KOSPI","1.74","139.92","","137.53"
"A009470","삼화전기","12","0","KOSPI","1.57","85.65","","84.33"
"A009520","포스코엠텍","12","0","KOSDAQ","0.81","155.33","","154.08"
"A009540","HD한국조선해양","12","1","KOSPI","1.98","5831.7","","5718.47"
"A009580","무림P&P","12","0","KOSPI","0.47","200.51","","199.58"
"A009620","삼보산업","12","0","KOSDAQ","-5.81","32.11","","34.09"
"A009680","모토닉","12","0","KOSPI","0.14","232.32","","231.99"
"A009730","이렘","12","0","KOSDAQ","10.67","60.39","","54.57"
"A009770","삼정펄프","12","0","KOSPI","0.65","57.87","","57.5"
"A009780","엠에스씨","12","0","KOSDAQ","0.98","72.25","","71.54"
"A009810","플레이그램","12","0","KOSPI","1.83","60.59","","59.51"
"A009830","한화솔루션","12","1","KOSPI","2.95","2252.64","","2188.04"
"A009900","명신산업","12","0","외감","","","",""
"A009970","영원무역홀딩스","12","0","KOSPI","0.68","507.93","","504.52"
"A010040","한국내화","12","0","KOSPI","6.83","73.28","","68.59"
"A010060","OCI홀딩스","12","1","KOSPI","3.75","922.97","","889.58"
"A010100","한국무브넥스","12","0","KOSPI","16.2","50.24","","43.24"
"A010120","LS ELECTRIC","12","1","KOSPI","1.6","1141.5","","1123.5"
"A010130","고려아연","12","1","KOSPI","1.96","7359.3","","7217.78"
"A010140","삼성중공업","12","1","KOSPI","2.8","2772","","2696.4"
"A010170","대한광통신","12","0","KOSDAQ","1.55","193.57","","190.62"
"A010240","흥국","12","0","KOSDAQ","0.89","41.9","","41.53"
"A010280","아이티센엔텍","12","0","KOSDAQ","1.89","54.63","","53.61"
"A010400","우진아이엔에스","12","0","KOSPI","2.14","47.33","","46.34"
"A010470","오리콤","12","0","KOSDAQ","4.51","43.42","","41.55"
"A010580","에스엠벡셀","12","0","KOSPI","0","19.76","","19.76"
"A010640","진양폴리","12","0","KOSPI","8.99","28.5","","26.15"
"A010660","화천기계","12","0","KOSPI","2.17","67.43","","66"
"A010690","화신","12","0","KOSPI","0.7","75.25","","74.73"
"A010770","평화홀딩스","12","0","KOSPI","0.69","42.41","","42.12"
"A010780","아이에스동서","12","1","KOSPI","1.9","744.51","","730.61"
"A010820","퍼스텍","12","0","KOSPI","1.84","77.63","","76.23"
"A010950","S-Oil","12","1","KOSPI","2.28","7588.08","","7419.21"
"A010960","삼호개발","12","0","KOSPI","2.99","103.38","","100.38"
"A011000","진원생명과학","12","0","KOSPI","6.46","461.12","","433.13"
"A011040","경동제약","12","0","KOSDAQ","1.52","212.4","","209.21"
"A011070","LG이노텍","12","1","KOSPI","4.68","2911.05","","2780.89"
"A011080","형지I&C","12","0","KOSDAQ","-0.2","19.21","","19.24"
"A011090","에넥스","12","0","KOSPI","3.08","50.27","","48.77"
"A011150","CJ씨푸드","12","0","KOSPI","0.13","142.82","","142.65"
"A011170","롯데케미칼","12","1","KOSPI","6.94","6598.02","","6169.58"
"A011200","HMM","12","0","KOSPI","3.61","1134.84","","1095.27"
"A011210","현대위아","12","1","KOSPI","3.64","928.71","","896.08"
"A011230","삼화전자","12","0","KOSPI","2","24.05","","23.58"
"A011280","태림포장","12","0","KOSPI","2.39","257.38","","251.36"
"A011300","우성머티리얼스","12","0","KOSPI","1.97","23.54","","23.08"
"A011320","유니크","12","0","KOSDAQ","3.35","95.35","","92.26"
"A011330","유니켐","12","0","KOSPI","3.35","94.06","","91.02"
"A011370","서한","12","0","KOSDAQ","2.84","91.41","","88.89"
"A011390","부산산업","12","0","KOSPI","7.52","128.3","","119.33"
"A011420","갤럭시아에스엠","12","0","KOSPI","1.2","34.85","","34.44"
"A011500","한농화성","12","0","KOSPI","2.12","63.96","","62.63"
"A011560","세보엠이씨","12","0","KOSDAQ","0.89","47.7","","47.28"
"A011690","와이투솔루션","12","0","KOSPI","0","71.36","","71.36"
"A011700","한신기계","12","0","KOSPI","3.76","44.78","","43.15"
"A011760","현대코퍼레이션","12","0","KOSPI","4.17","165.36","","158.75"
"A011780","금호석유화학","12","1","KOSPI","1.51","2053.52","","2023.05"
"A011790","SKC","12","1","KOSPI","6.45","1642.14","","1542.67"
"A0117P0","피스피스스튜디오","12","0","외감","","","",""
"A011810","STX","12","0","KOSPI","7.34","115.4","","107.51"
"A011930","신성이엔지","12","0","KOSPI","4.25","157.57","","151.15"
"A012030","DB","12","0","KOSPI","9.62","137.6","","125.53"
"A0120G0","삼양바이오팜","12","0","외감","","","",""
"A012160","영흥","12","0","KOSPI","-5.21","85.83","","90.55"
"A012170","아센디오","12","0","KOSPI","0","29.59","","29.59"
"A012200","계양전기","12","0","KOSPI","2.35","78.08","","76.28"
"A012210","삼미금속","12","0","외감","","","",""
"A012280","영화금속","12","0","KOSPI","-5","64.77","","68.18"
"A012320","경동인베스트","12","0","KOSPI","2.67","59.01","","57.47"
"A012330","현대모비스","12","1","KOSPI","1.44","16777.15","","16539.52"
"A012340","뉴인텍","12","0","KOSDAQ","3.49","57.84","","55.88"
"A012450","한화에어로스페이스","12","1","KOSPI","4.56","1161.96","","1111.33"
"A012510","더존비즈온","12","0","KOSPI","1.82","2323.37","","2281.83"
"A012610","경인양행","12","0","KOSPI","2.39","262.04","","255.92"
"A012620","원일특강","12","0","KOSDAQ","0.14","32.6","","32.56"
"A012630","HDC","12","1","KOSPI","1.02","531.7","","526.32"
"A012690","모나리자","12","0","KOSPI","4.17","264.78","","254.17"
"A0126Z0","삼성에피스홀딩스","12","0","외감","","","",""
"A012700","리드코프","12","0","KOSDAQ","-1.72","150.74","","153.39"
"A012750","에스원","12","1","KOSPI","-0.6","3134.93","","3153.93"
"A012790","신일제약","12","0","KOSDAQ","2.97","79.37","","77.08"
"A012800","대창","12","0","KOSPI","3.47","95.24","","92.05"
"A012860","모베이스전자","12","0","KOSDAQ","2.35","79.3","","77.48"
"A013000","세우글로벌","12","0","KOSPI","3.05","53.39","","51.81"
"A013030","하이록코리아","12","0","KOSDAQ","2.82","149.06","","144.98"
"A013120","동원개발","12","0","KOSDAQ","-0.59","307.84","","309.66"
"A013310","아진산업","12","0","KOSDAQ","3.21","70.65","","68.46"
"A013360","일성건설","12","0","KOSPI","4.46","49.32","","47.22"
"A013520","화승코퍼레이션","12","0","KOSPI","1.27","102.65","","101.36"
"A013570","디와이","12","0","KOSPI","2.85","99.62","","96.86"
"A013580","계룡건설","12","0","KOSPI","2.36","135.75","","132.62"
"A013700","까뮤이앤씨","12","0","KOSPI","4.59","51.47","","49.22"
"A013720","청보","12","0","KOSDAQ","3.46","15.91","","15.38"
"A013810","스페코","12","0","KOSDAQ","3.56","40.52","","39.13"
"A013870","지엠비코리아","12","0","KOSPI","1.72","78.77","","77.43"
"A013890","지누스","12","0","KOSPI","4.68","889.34","","849.56"
"A013990","아가방컴퍼니","12","0","KOSDAQ","2.93","104.09","","101.13"
"A014100","메디앙스","12","0","KOSDAQ","0","49.5","","49.5"
"A014130","한익스프레스","12","0","KOSPI","-0.77","54.12","","54.54"
"A014160","대영포장","12","0","KOSPI","3.7","121.4","","117.07"
"A014190","원익큐브","12","0","KOSDAQ","0","46.9","","46.9"
"A014280","금강공업","12","0","KOSPI","2.88","69.72","","67.77"
"A014440","영보화학","12","0","KOSPI","1.64","49.7","","48.9"
"A014470","부방","12","0","KOSDAQ","5.25","126.41","","120.1"
"A014530","극동유화","12","0","KOSPI","1.49","106.53","","104.96"
"A014570","고려제약","12","0","KOSDAQ","-1.84","99.77","","101.64"
"A014580","태경비케이","12","0","KOSPI","5.93","98.47","","92.96"
"A014620","성광벤드","12","0","KOSDAQ","2.2","172.46","","168.74"
"A014680","한솔케미칼","12","1","KOSPI","2.57","902.49","","879.9"
"A014710","사조씨푸드","12","0","KOSPI","0.13","67.41","","67.32"
"A014790","HL D&I","12","0","KOSPI","3.18","94.47","","91.55"
"A014820","동원시스템즈","12","1","KOSPI","3.27","566.17","","548.24"
"A014830","유니드","12","1","KOSPI","5.23","348.93","","331.59"
"A014910","성문전자","12","0","KOSPI","0.97","30.3","","30.01"
"A014940","오리엔탈정공","12","0","KOSDAQ","0.91","30.4","","30.12"
"A014950","삼익제약","12","0","외감","","","",""
"A014970","삼륭물산","12","0","KOSDAQ","2.34","99.22","","96.95"
"A014990","인디에프","12","0","KOSPI","8.98","107.26","","98.42"
"A015020","이스타코","12","0","KOSPI","0.3","28.24","","28.15"
"A015230","대창단조","12","0","KOSPI","2.46","59.57","","58.14"
"A015260","에이엔피","12","0","KOSPI","0.84","19.87","","19.7"
"A015360","INVENI","12","0","KOSPI","4.16","195.3","","187.5"
"A015590","DKME","12","0","KOSPI","0.5","126.74","","126.1"
"A015710","코콤","12","0","KOSDAQ","2.23","80.2","","78.45"
"A015750","성우하이텍","12","0","KOSDAQ","1.96","228.4","","224"
"A015760","한국전력","12","1","KOSPI","3.67","13609.64","","13128.17"
"A015860","일진홀딩스","12","0","KOSPI","2.28","177.16","","173.21"
"A015890","태경산업","12","0","KOSPI","2.68","123.35","","120.13"
"A016090","대현","12","0","KOSPI","2.37","76.61","","74.84"
"A016100","리더스코스메틱","12","0","KOSDAQ","1.79","67.38","","66.2"
"A016250","SGC E&C","12","0","KOSDAQ","9.46","223.44","","204.12"
"A016360","삼성증권","12","1","KOSPI","1.8","2527.19","","2482.54"
"A016380","KG스틸","12","0","KOSPI","23.33","1110.1","","900.08"
"A016450","한세예스24홀딩스","12","0","KOSPI","-0.1","193","","193.2"
"A016580","환인제약","12","0","KOSPI","1.07","263.19","","260.4"
"A016590","신대양제지","12","0","KOSPI","0.91","222.85","","220.83"
"A016600","큐캐피탈","12","0","KOSDAQ","1.66","105.53","","103.81"
"A016610","DB증권","12","0","KOSPI","1.86","139.65","","137.1"
"A016670","디모아","12","0","KOSDAQ","3.57","75.27","","72.68"
"A016710","대성홀딩스","12","0","KOSPI","-4.23","160.25","","167.33"
"A016740","두올","12","0","KOSPI","0","71.46","","71.46"
"A016790","현대사료","12","0","KOSDAQ","4.04","71.35","","68.58"
"A016800","퍼시스","12","0","KOSPI","0","325.45","","325.45"
"A016880","웅진","12","0","KOSPI","0.95","84.14","","83.35"
"A016920","카스","12","0","KOSDAQ","3.94","30.09","","28.95"
"A017000","신원종합개발","12","0","KOSDAQ","0.35","29.2","","29.1"
"A017040","광명전기","12","0","KOSPI","10.66","83.21","","75.19"
"A017180","명문제약","12","0","KOSPI","4.67","137.9","","131.75"
"A017250","인터엠","9","0","KOSDAQ","-2.13","38.62","","39.46"
"A017370","우신시스템","12","0","KOSPI","0.15","62.45","","62.36"
"A017390","서울가스","12","0","KOSPI","0.7","360","","357.5"
"A017480","삼현철강","12","0","KOSDAQ","7.95","52.21","","48.36"
"A017510","세명전기","12","0","KOSDAQ","5.98","58.09","","54.81"
"A017550","수산세보틱스","12","0","KOSPI","5.36","74.23","","70.45"
"A017650","대림제지","12","0","KOSDAQ","2.1","76.73","","75.15"
"A017670","SK텔레콤","12","1","KOSPI","3.16","15826.16","","15341.69"
"A017800","현대엘리베이터","12","1","KOSPI","3.59","1648.28","","1591.16"
"A017810","풀무원","12","0","KOSPI","1.6","386.62","","380.53"
"A017860","DS단석","12","0","외감","","","",""
"A017890","한국알콜","12","0","KOSDAQ","2.3","239.82","","234.42"
"A017900","광전자","12","0","KOSPI","1.18","99.08","","97.92"
"A017940","E1","12","0","KOSPI","4.97","239.07","","227.75"
"A017960","한국카본","12","0","KOSPI","1.57","256.29","","252.33"
"A018000","유니슨","12","0","KOSDAQ","2.14","75.82","","74.23"
"A018120","진로발효","12","0","KOSDAQ","2.29","192.34","","188.04"
"A018250","애경산업","12","1","KOSPI","1.56","686.66","","676.09"
"A018260","삼성에스디에스","12","1","KOSPI","3.29","12148.31","","11761.43"
"A018290","브이티","12","0","KOSDAQ","2.93","354.48","","344.4"
"A018310","삼목에스폼","12","0","KOSDAQ","2.94","97.9","","95.11"
"A018470","조일알미늄","12","0","KOSPI","0","38.38","","38.38"
"A018500","동원모빌리티","3","0","KOSPI","0.17","26.79","","26.74"
"A018620","우진비앤지","12","0","KOSDAQ","2","59.46","","58.3"
"A018670","SK가스","12","0","KOSPI","2.34","678.32","","662.78"
"A018680","서울제약","12","0","KOSDAQ","1.88","73.65","","72.3"
"A018700","졸스","12","0","KOSDAQ","-1.41","59.18","","60.03"
"A018880","한온시스템","12","1","KOSPI","0.46","4713.45","","4692.1"
"A019010","베뉴지","12","0","KOSDAQ","3.6","62.42","","60.25"
"A019170","신풍제약","12","0","KOSPI","-12.73","1017.31","","1165.67"
"A019180","티에이치엔","12","0","KOSPI","3.53","44.91","","43.38"
"A019210","와이지-원","12","0","KOSDAQ","1.71","136.21","","133.91"
"A019490","엑시큐어하이트론","12","0","KOSPI","-3.56","12.75","","13.22"
"A019540","일지테크","12","0","KOSDAQ","0","31.69","","31.69"
"A019550","SBI인베스트먼트","12","0","KOSDAQ","4.71","93.67","","89.46"
"A019570","GMI벤처","12","0","KOSDAQ","3.22","34.5","","33.42"
"A019660","글로본","12","0","KOSDAQ","-3.24","60.78","","62.82"
"A019680","대교","12","1","KOSPI","1.9","408.69","","401.07"
"A019770","서연탑메탈","12","0","KOSDAQ","3.93","23.13","","22.25"
"A019990","에너토크","12","0","KOSDAQ","4.94","33.17","","31.61"
"A020000","한섬","12","1","KOSPI","3.46","552.94","","534.47"
"A020120","키다리스튜디오","12","0","KOSPI","2.7","90.39","","88.02"
"A020150","롯데에너지머티리얼즈","12","1","KOSPI","4.55","1641.55","","1570.07"
"A020180","대신정보통신","3","0","KOSDAQ","7.02","46.88","","43.81"
"A020400","대동금속","12","0","KOSDAQ","0.77","20.57","","20.42"
"A020560","아시아나항공","12","0","KOSPI","0.66","850.53","","844.95"
"A020710","시공테크","12","0","KOSDAQ","2","102.04","","100.04"
"A020760","일진디스플","12","0","KOSPI","3.1","79.99","","77.58"
"A021040","대호특수강","12","0","KOSDAQ","2.06","54.32","","53.23"
"A021050","서원","12","0","KOSPI","0.58","124.15","","123.43"
"A021080","에이티넘인베스트","12","0","KOSDAQ","0","73.92","","73.92"
"A021240","코웨이","12","1","KOSPI","-0.8","4575.58","","4612.48"
"A021320","KCC건설","12","0","KOSDAQ","2.14","112.35","","110"
"A021650","한국큐빅","12","0","KOSDAQ","0.66","37.36","","37.12"
"A021820","세원정공","6","0","KOSPI","0","80.9","","80.9"
"A021880","메이슨캐피탈","3","0","KOSDAQ","-1.48","26.38","","26.78"
"A022100","포스코DX","12","0","KOSDAQ","5.29","665.15","","631.7"
"A022220","티케이지애강","12","0","KOSDAQ","5.14","84.68","","80.54"
"A023000","삼원강재","12","0","KOSPI","2.24","82","","80.2"
"A023150","MH에탄올","12","0","KOSPI","2.21","68.1","","66.63"
"A023160","태광","12","0","KOSDAQ","1.62","182.59","","179.67"
"A023350","한국종합기술","12","0","KOSPI","0.88","44.02","","43.64"
"A023410","유진기업","12","0","KOSDAQ","3.08","271.75","","263.63"
"A023440","제이스코홀딩스","12","0","KOSDAQ","0.26","56.04","","55.89"
"A023450","동남합성","12","0","KOSPI","1.5","98.15","","96.7"
"A023530","롯데쇼핑","12","1","KOSPI","0.7","2430","","2413.03"
"A023590","다우기술","12","0","KOSPI","1.64","693.19","","681.97"
"A023600","삼보판지","12","0","KOSDAQ","1.07","122.08","","120.79"
"A023760","한국캐피탈","12","0","KOSDAQ","0.4","157.8","","157.17"
"A023770","플레이위드","12","0","KOSDAQ","0.34","63.52","","63.31"
"A023790","동일스틸럭스","12","0","KOSDAQ","0","18.47","","18.47"
"A023800","인지컨트롤스","12","0","KOSPI","3.28","52.53","","50.86"
"A023810","인팩","12","0","KOSPI","0.17","30","","29.95"
"A023900","풍국주정","12","0","KOSDAQ","2.46","157.5","","153.72"
"A023910","대한약품","12","0","KOSDAQ","1.39","174.9","","172.5"
"A023960","에쓰씨엔지니어링","12","0","KOSPI","1.28","29.64","","29.27"
"A024060","흥구석유","12","0","KOSDAQ","1.35","112.2","","110.7"
"A024070","WISCOM","12","0","KOSPI","2.27","31.11","","30.42"
"A024090","디씨엠","12","0","KOSPI","-0.48","121.1","","121.68"
"A024110","기업은행","12","1","KOSPI","1.94","4559.54","","4472.97"
"A024120","KB오토시스","12","0","KOSDAQ","0.62","55.83","","55.49"
"A024720","콜마홀딩스","12","0","KOSPI","2.97","373.13","","362.37"
"A024740","한일단조","12","0","KOSDAQ","3.39","36.47","","35.27"
"A024800","유성티엔에스","12","0","KOSDAQ","2.47","62.18","","60.69"
"A024830","세원물산","12","0","KOSDAQ","0","52.44","","52.44"
"A024840","KBI메탈","12","0","KOSDAQ","1.29","38.88","","38.39"
"A024850","HLB이노베이션","12","0","KOSDAQ","0","31.49","","31.49"
"A024880","케이피에프","12","0","KOSDAQ","2.31","54.09","","52.87"
"A024890","대원화성","12","0","KOSPI","2.26","46.61","","45.58"
"A024900","디와이덕양","12","0","KOSPI","0.8","28.82","","28.59"
"A024910","경창산업","12","0","KOSDAQ","1.74","31.48","","30.95"
"A024940","PN풍년","12","0","KOSDAQ","1.06","19.15","","18.95"
"A024950","삼천리자전거","12","0","KOSDAQ","0.2","67.03","","66.9"
"A025000","KPX케미칼","12","0","KOSPI","1.75","238.61","","234.5"
"A025320","시노펙스","12","0","KOSDAQ","0.77","189.02","","187.57"
"A025440","DH오토웨어","12","0","KOSDAQ","1.65","86.01","","84.61"
"A025530","SJM홀딩스","12","0","KOSPI","1.2","37.78","","37.34"
"A025540","한국단자","12","1","KOSPI","0.69","302.04","","299.95"
"A025550","한국선재","12","0","KOSDAQ","6.13","63.64","","59.96"
"A025560","미래산업","12","0","KOSPI","3.81","91.91","","88.54"
"A025620","차AI헬스케어","12","0","KOSPI","-0.5","91.72","","92.18"
"A025750","한솔홈데코","12","0","KOSPI","3.41","68.48","","66.22"
"A025770","한국정보통신","12","0","KOSDAQ","0.64","292.81","","290.94"
"A025820","이구산업","12","0","KOSPI","1.75","38.79","","38.12"
"A025860","남해화학","12","1","KOSPI","2.58","374.58","","365.14"
"A025870","신라에스지","12","0","KOSDAQ","2.47","36.48","","35.6"
"A025880","케이씨피드","12","0","KOSDAQ","2.69","28.67","","27.92"
"A025890","한국주강","12","0","KOSPI","-1.53","14.59","","14.82"
"A025900","동화기업","12","0","KOSDAQ","2.56","282.78","","275.71"
"A025950","동신건설","12","0","KOSDAQ","-0.2","41.92","","42"
"A025980","아난티","12","0","KOSDAQ","16.76","672.08","","575.59"
"A026040","제이에스티나","12","0","KOSDAQ","2.44","38.04","","37.13"
"A026150","특수건설","12","0","KOSDAQ","8.34","79.98","","73.82"
"A026890","스틱인베스트먼트","12","0","KOSPI","1.82","327.17","","321.34"
"A026910","광진실업","12","0","KOSDAQ","1.85","17.68","","17.36"
"A026940","부국철강","12","0","KOSPI","4.51","71.9","","68.8"
"A026960","동서","12","1","KOSPI","0.62","1625.11","","1615.14"
"A027040","서울전자통신","12","0","KOSDAQ","1.71","53.72","","52.82"
"A027050","코리아나","12","0","KOSDAQ","1.2","202.8","","200.4"
"A027360","아주IB투자","12","0","KOSDAQ","5.6","145.42","","137.71"
"A027410","BGF","12","1","KOSPI","1.27","418.28","","413.02"
"A027580","상보","12","0","KOSDAQ","2.16","35.38","","34.64"
"A027710","팜스토리","12","0","KOSDAQ","-0.42","105.96","","106.4"
"A027740","마니커","12","0","KOSPI","0.86","129.79","","128.68"
"A027830","대성창투","12","0","KOSDAQ","-0.63","63.6","","64"
"A027970","한국제지","12","0","KOSPI","1.04","57.2","","56.61"
"A028050","삼성E&A","12","1","KOSPI","0","2234.4","","2234.4"
"A028080","휴맥스홀딩스","12","0","KOSDAQ","0.81","31.32","","31.07"
"A028100","동아지질","12","0","KOSPI","7.69","169.05","","156.98"
"A028260","삼성물산","12","1","KOSPI","1.95","17830.86","","17489.42"
"A028300","HLB","12","0","KOSDAQ","9.99","4617.58","","4198.19"
"A028670","팬오션","12","1","KOSPI","4.08","1702.6","","1635.78"
"A029460","케이씨","12","0","KOSPI","1.89","182.98","","179.59"
"A029480","광무","12","0","KOSDAQ","-3.49","43.69","","45.28"
"A029530","신도리코","12","0","KOSPI","-0.19","265.1","","265.61"
"A029780","삼성카드","12","1","KOSPI","0.52","3371.49","","3354.11"
"A030000","제일기획","12","1","KOSPI","2.77","1921.19","","1869.42"
"A030190","NICE평가정보","12","0","KOSDAQ","6.57","935.01","","877.33"
"A030200","KT","12","1","KOSPI","2.36","5666.13","","5535.57"
"A030210","다올투자증권","12","0","KOSPI","2.06","134.2","","131.48"
"A030350","드래곤플라이","12","0","KOSDAQ","1.27","31.94","","31.54"
"A030520","한컴","12","0","KOSDAQ","0.41","296.95","","295.73"
"A030530","원익홀딩스","12","0","KOSDAQ","2.99","279.22","","271.11"
"A030610","교보증권","12","0","KOSPI","2.23","230.76","","225.72"
"A030720","동원수산","12","0","KOSPI","1.2","39.09","","38.63"
"A030960","양지사","6","0","KOSDAQ","3.38","136.95","","132.47"
"A031210","서울보증보험","12","0","외감","","","",""
"A031310","아이즈비전","12","0","KOSDAQ","5.91","50.87","","48.03"
"A031330","에스에이엠티","12","0","KOSDAQ","4.11","189.99","","182.49"
"A031430","신세계인터내셔날","12","1","KOSPI","1.29","1406.58","","1388.73"
"A031440","신세계푸드","12","0","KOSPI","0.57","203.31","","202.14"
"A031510","오스템","12","0","KOSDAQ","1.75","37.7","","37.05"
"A031820","아이티센씨티에스","12","0","KOSPI","4.12","85.83","","82.44"
"A031860","디에이치엑스컴퍼니","12","0","KOSDAQ","5.53","73.03","","69.2"
"A031980","피에스케이홀딩스","12","0","KOSDAQ","1.97","144.9","","142.1"
"A032080","아즈텍WB","12","0","KOSDAQ","4.52","34.82","","33.31"
"A032190","다우데이타","12","0","KOSDAQ","1.83","277.29","","272.31"
"A032280","삼일","12","0","KOSDAQ","0.86","28.54","","28.29"
"A032300","한국파마","12","0","외감","","","",""
"A032350","롯데관광개발","12","0","KOSPI","-0.91","755.1","","762.03"
"A032500","케이엠더블유","12","0","KOSDAQ","4.44","2433.06","","2329.52"
"A032540","TJ미디어","12","0","KOSDAQ","0.53","39.43","","39.22"
"A032560","황금에스티","12","0","KOSPI","1.55","73.22","","72.1"
"A032580","피델릭스","12","0","KOSDAQ","1.46","27.48","","27.09"
"A032620","GC메디아이","12","0","KOSDAQ","0.37","280.82","","279.78"
"A032640","LG유플러스","12","1","KOSPI","5.58","5370.32","","5086.52"
"A032680","소프트센","12","0","KOSDAQ","3.46","55.23","","53.39"
"A032750","삼진","12","0","KOSDAQ","3.68","48.96","","47.22"
"A032790","엠젠솔루션","12","0","KOSDAQ","0","73.91","","73.91"
"A032800","판타지오","6","0","KOSDAQ","29.95","71.61","","55.11"
"A032820","우리기술","12","0","KOSDAQ","1.55","79.41","","78.2"
"A032830","삼성생명","12","1","KOSPI","-0.1","9870","","9880"
"A032850","비트컴퓨터","12","0","KOSDAQ","2.24","113.87","","111.38"
"A032860","더라미","12","0","KOSDAQ","1.08","20.74","","20.52"
"A032940","원익","12","0","KOSDAQ","2.56","54.58","","53.22"
"A032960","동일기연","12","0","KOSDAQ","0.41","32.09","","31.96"
"A032980","바이온","12","0","KOSDAQ","2.83","60.49","","58.83"
"A033050","제이엠아이","12","0","KOSDAQ","5.99","49.03","","46.26"
"A033100","제룡전기","12","0","KOSDAQ","6.32","81.12","","76.3"
"A033130","디지틀조선","12","0","KOSDAQ","4.64","62.72","","59.94"
"A033160","엠케이전자","12","0","KOSDAQ","1.12","137.39","","135.86"
"A033170","시그네틱스","12","0","KOSDAQ","1.94","58.64","","57.52"
"A033200","모아텍","3","0","KOSDAQ","2.63","67.21","","65.49"
"A033230","인성정보","12","0","KOSDAQ","2.32","71.94","","70.31"
"A033240","자화전자","12","0","KOSPI","1.79","122.44","","120.29"
"A033250","체시스","12","0","KOSPI","1.17","51.72","","51.12"
"A033270","유나이티드제약","12","0","KOSPI","2.31","287.3","","280.81"
"A033290","로젠","12","0","KOSDAQ","3.34","461.55","","446.62"
"A033310","엠투엔","12","0","KOSDAQ","5.94","50.98","","48.12"
"A033320","제이씨현시스템","12","0","KOSDAQ","1.16","66.61","","65.85"
"A033340","좋은사람들","12","0","KOSDAQ","4.17","112.29","","107.8"
"A033500","동성화인텍","12","0","KOSDAQ","0.74","184.84","","183.49"
"A033530","SJG세종","12","0","KOSPI","-0.13","87.62","","87.74"
"A033540","파라텍","12","0","KOSDAQ","-3.26","125.85","","130.1"
"A033560","블루콤","12","0","KOSDAQ","1.33","62.13","","61.32"
"A033640","네패스","12","0","KOSDAQ","2.83","671.02","","652.58"
"A033780","KT&G","12","1","KOSPI","0.52","10681.36","","10626.44"
"A033790","피노","12","0","KOSDAQ","0","14.19","","14.19"
"A033830","티비씨","12","0","KOSDAQ","3.4","70","","67.7"
"A033920","무학","12","0","KOSPI","0.35","165.59","","165.02"
"A034020","두산에너빌리티","12","1","KOSPI","2.26","1032.81","","1010.03"
"A034120","SBS","12","0","KOSPI","3.66","335.85","","323.98"
"A034220","LG디스플레이","12","1","KOSPI","1.36","4007.54","","3953.86"
"A034230","파라다이스","12","0","KOSDAQ","4.89","1268.65","","1209.54"
"A034310","NICE","12","0","KOSPI","3.56","715.98","","691.35"
"A034590","인천도시가스","12","0","KOSPI","-0.21","106.09","","106.31"
"A034730","SK","12","1","KOSPI","1.43","12488.95","","12313.05"
"A034810","해성산업","12","0","KOSDAQ","2.16","83.23","","81.47"
"A034830","한국토지신탁","12","0","KOSPI","0.29","441.86","","440.59"
"A034940","조아제약","12","0","KOSDAQ","1.9","107.88","","105.87"
"A034950","한국기업평가","12","0","KOSDAQ","0","280.15","","280.15"
"A035000","HS애드","12","0","KOSPI","1.02","82.01","","81.18"
"A035080","그래디언트","12","0","KOSDAQ","-1.78","96.82","","98.57"
"A035150","백산","12","0","KOSPI","2.04","121","","118.58"
"A035200","프럼파스트","12","0","KOSDAQ","3.7","27.25","","26.27"
"A035250","강원랜드","12","1","KOSPI","1.28","5070.39","","5006.21"
"A035290","골드앤에스","12","0","KOSDAQ","0","30.2","","30.2"
"A035420","NAVER","12","1","KOSPI","1.51","27678.38","","27267.72"
"A035460","기산텔레콤","12","0","KOSDAQ","8.83","35.93","","33.02"
"A035510","신세계 I&C","12","0","KOSPI","-1.83","184.04","","187.48"
"A035600","KG이니시스","12","0","KOSDAQ","1.83","542.74","","532.97"
"A035610","솔본","12","0","KOSDAQ","0.94","87.92","","87.1"
"A035620","바른손이앤에이","12","0","KOSDAQ","2.27","165.32","","161.64"
"A035720","카카오","12","1","KOSPI","1.27","13869.67","","13695.76"
"A035760","CJ ENM","12","0","KOSDAQ","1.22","2361.77","","2333.26"
"A035810","이지홀딩스","12","0","KOSDAQ","1.32","223.02","","220.12"
"A035890","서희건설","12","0","KOSDAQ","3.22","199.01","","192.79"
"A035900","JYP Ent.","12","0","KOSDAQ","4.63","722.32","","690.38"
"A036000","예림당","12","0","KOSDAQ","0.42","54.94","","54.71"
"A036010","아비코전자","12","0","KOSDAQ","1.92","56.56","","55.5"
"A036030","케이티알파","12","0","KOSDAQ","-0.38","187.5","","188.22"
"A036090","위지트","12","0","KOSDAQ","2.72","50.73","","49.39"
"A036120","서울평가정보","12","0","KOSDAQ","0.94","76.15","","75.44"
"A036170","에이치엠넥스","12","0","KOSDAQ","0.63","62.78","","62.39"
"A036190","금화피에스시","12","0","KOSDAQ","1.67","164.7","","162"
"A036200","유니셈","12","0","KOSDAQ","1.52","143.2","","141.06"
"A036220","오상헬스케어","12","0","K-OTC","3.94","134.81","","129.7"
"A036420","콘텐트리중앙","12","0","KOSPI","-0.14","565.28","","566.1"
"A036460","한국가스공사","12","1","KOSPI","0.56","2487.84","","2473.99"
"A036480","대성미생물","12","0","KOSDAQ","1.57","49.21","","48.45"
"A036530","SNT홀딩스","12","0","KOSPI","0","216.03","","216.03"
"A036540","SFA반도체","12","0","KOSDAQ","2.34","825.59","","806.68"
"A036560","KZ정밀","12","0","KOSDAQ","2.01","103.95","","101.9"
"A036570","NC","12","1","KOSPI","0.77","14401.84","","14292.07"
"A036580","팜스코","12","0","KOSPI","0.37","148.2","","147.65"
"A036620","감성코퍼레이션","12","0","KOSDAQ","1.93","38.92","","38.18"
"A036630","세종텔레콤","12","0","KOSDAQ","2.41","153.08","","149.48"
"A036640","HRS","12","0","KOSDAQ","2.12","35.49","","34.75"
"A036670","삼양케이씨아이","12","0","KOSDAQ","1.74","98.61","","96.92"
"A036690","코맥스","12","0","KOSDAQ","3.74","44.41","","42.81"
"A036710","심텍홀딩스","12","0","KOSDAQ","2.02","48.17","","47.21"
"A036800","나이스정보통신","12","0","KOSDAQ","3.57","261","","252"
"A036810","에프에스티","12","0","KOSDAQ","5.56","142.24","","134.76"
"A036830","솔브레인홀딩스","12","0","KOSDAQ","1.96","1270.07","","1245.72"
"A036890","진성티이씨","12","0","KOSDAQ","2.07","121.85","","119.38"
"A036930","주성엔지니어링","12","0","KOSDAQ","2.51","256.2","","249.93"
"A037030","파워넷","12","0","KOSDAQ","3.77","43.76","","42.17"
"A037070","파세코","12","0","KOSDAQ","3.26","137.62","","133.28"
"A037230","한국팩키지","12","0","KOSDAQ","5.79","48","","45.38"
"A037270","YG PLUS","12","0","KOSPI","-4.11","81.44","","84.93"
"A037330","인지디스플레","12","0","KOSDAQ","2.86","63.19","","61.44"
"A037350","성도이엔지","12","0","KOSDAQ","1.65","47.65","","46.87"
"A037370","EG","12","0","KOSDAQ","3.83","52.8","","50.85"
"A037400","우리엔터프라이즈","12","0","KOSDAQ","1.91","22.63","","22.21"
"A037440","희림","12","0","KOSDAQ","2.94","51.17","","49.7"
"A037460","삼지전자","12","0","KOSDAQ","4.12","140.34","","134.79"
"A037560","LG헬로비전","12","0","KOSPI","0.65","301.66","","299.72"
"A037710","광주신세계","12","0","KOSPI","0.36","225.6","","224.8"
"A037760","쎄니트","12","0","KOSDAQ","1.25","54.81","","54.13"
"A037950","엘컴텍","12","0","KOSDAQ","-0.24","172.7","","173.12"
"A038010","제일테크노스","12","0","KOSDAQ","1.19","26.69","","26.37"
"A038060","루멘스","12","0","KOSDAQ","1.27","76.11","","75.16"
"A038070","서린바이오","12","0","KOSDAQ","-0.86","86.26","","87.01"
"A038110","에코플라스틱","12","0","KOSDAQ","4.31","31.06","","29.78"
"A038290","마크로젠","12","0","KOSDAQ","-4.16","391.34","","408.31"
"A038390","레드캡투어","12","0","KOSDAQ","1.24","105.22","","103.93"
"A038460","바이오스마트","12","0","KOSDAQ","3.21","83.56","","80.96"
"A038500","삼표시멘트","12","0","KOSDAQ","4.07","288.25","","276.98"
"A038530","케이바이오랩스","12","0","KOSDAQ","-2.26","87.69","","89.73"
"A038540","상상인","12","0","KOSDAQ","2.63","388.4","","378.45"
"A038620","위즈코프","12","0","KOSDAQ","-1.4","35.53","","36.03"
"A038680","에스넷","12","0","KOSDAQ","0","94.52","","94.52"
"A038870","에코심플렉스","12","0","KOSDAQ","2.75","41.28","","40.17"
"A038880","아이에이","12","0","KOSDAQ","3","91.26","","88.6"
"A038950","파인디지털","12","0","KOSDAQ","0","36.66","","36.66"
"A039010","현대에이치티","12","0","KOSDAQ","2.2","52.1","","50.97"
"A039020","이건홀딩스","12","0","KOSDAQ","10.19","45.17","","40.99"
"A039030","이오테크닉스","12","0","KOSDAQ","5.62","879.62","","832.8"
"A039130","하나투어","12","0","KOSPI","0.37","561.75","","559.66"
"A039200","오스코텍","12","0","KOSDAQ","1.2","616.13","","608.83"
"A039240","경남스틸","12","0","KOSDAQ","1.08","35.13","","34.75"
"A039290","인포뱅크","12","0","KOSDAQ","1.38","50.95","","50.25"
"A039310","세중","12","0","KOSDAQ","0","35.34","","35.34"
"A039340","한국경제TV","12","0","KOSDAQ","4.82","129.95","","123.97"
"A039420","케이엘넷","12","0","KOSDAQ","1.65","44.57","","43.84"
"A039440","에스티아이","12","0","KOSDAQ","2.33","208.16","","203.42"
"A039490","키움증권","12","0","KOSPI","1.66","1628.75","","1602.23"
"A039560","다산네트웍스","12","0","KOSDAQ","2.94","224.55","","218.13"
"A039570","HDC랩스","12","0","KOSPI","1.72","126.25","","124.11"
"A039610","화성밸브","12","0","KOSDAQ","8.4","51.74","","47.73"
"A039740","한국정보공학","12","0","KOSDAQ","1.46","19.48","","19.2"
"A039830","오로라","12","0","KOSDAQ","1.21","107.63","","106.34"
"A039840","디오","12","0","KOSDAQ","2.49","416.03","","405.94"
"A039860","나노엔텍","12","0","KOSDAQ","-2.09","174.06","","177.77"
"A039980","폴라리스AI","12","0","KOSDAQ","-1.88","54.21","","55.25"
"A040160","누리플렉스","12","0","KOSDAQ","2.48","57.2","","55.82"
"A040300","YTN","12","0","KOSDAQ","-0.29","73.29","","73.5"
"A040350","크레오에스지","12","0","KOSDAQ","-0.2","283.83","","284.4"
"A040420","정상제이엘에스","12","0","KOSDAQ","0.96","98.93","","97.98"
"A040610","SG&G","12","0","KOSDAQ","1.2","42.95","","42.44"
"A040910","아이씨디","12","0","KOSDAQ","4.72","233.66","","223.12"
"A041020","폴라리스오피스","12","0","KOSDAQ","2.35","40.83","","39.9"
"A041190","우리기술투자","12","0","KOSDAQ","2.27","170.1","","166.32"
"A041440","현대에버다임","12","0","KOSDAQ","1.26","57.78","","57.06"
"A041460","한국전자인증","12","0","KOSDAQ","-0.29","73.61","","73.82"
"A041510","에스엠","12","0","KOSDAQ","2.82","597.95","","581.54"
"A041520","이엘씨","12","0","KOSDAQ","-0.43","42.11","","42.29"
"A041590","플래스크","12","0","KOSDAQ","3.61","63.92","","61.69"
"A041650","상신브레이크","12","0","KOSPI","1.92","56.9","","55.83"
"A041830","인바디","12","0","KOSDAQ","1.44","240.83","","237.41"
"A041910","폴라리스AI파마","12","0","KOSDAQ","5.82","112.44","","106.25"
"A041920","메디아나","12","0","KOSDAQ","-2.62","112.46","","115.48"
"A041930","SY동아","12","0","KOSDAQ","3.76","65.33","","62.96"
"A041960","코미팜","12","0","KOSDAQ","3.47","1341.21","","1294.55"
"A042000","카페24","12","0","KOSDAQ","4.97","298.95","","284.8"
"A042040","케이피엠테크","12","0","KOSDAQ","5.4","71.76","","68.09"
"A042110","에스씨디","12","0","KOSDAQ","6.11","45.33","","42.72"
"A042370","비츠로테크","12","0","KOSDAQ","2.99","115.35","","111.99"
"A042420","네오위즈홀딩스","12","0","KOSDAQ","4.1","123.55","","118.68"
"A042500","링네트","12","0","KOSDAQ","6.33","70.3","","66.12"
"A042510","라온시큐어","12","0","KOSDAQ","2.78","70.62","","68.71"
"A042520","한스바이오메드","9","0","KOSDAQ","3.08","198.54","","192.6"
"A042600","새로닉스","12","0","KOSDAQ","2","31.68","","31.06"
"A042660","한화오션","12","1","KOSPI","3.37","1806.42","","1747.45"
"A042700","한미반도체","12","0","KOSPI","2.84","373.39","","363.09"
"A042940","상지건설","12","0","KOSDAQ","2.58","67.67","","65.96"
"A043090","더테크놀로지","12","0","KOSDAQ","4.61","69.2","","66.15"
"A043100","알파AI","12","0","KOSDAQ","0","22.64","","22.64"
"A043150","바텍","12","0","KOSDAQ","3.11","344.62","","334.22"
"A043200","파루","12","0","KOSDAQ","0.81","96.52","","95.74"
"A043220","티에스넥스젠","12","0","KOSDAQ","8.2","126.19","","116.63"
"A043260","성호전자","12","0","KOSDAQ","4.67","19.93","","19.04"
"A043340","에쎈테크","12","0","KOSDAQ","1.63","89.64","","88.2"
"A043360","디지아이","12","0","KOSDAQ","1.15","15.84","","15.66"
"A043370","피에이치에이","12","0","KOSDAQ","0.31","136.92","","136.5"
"A043590","웰킵스하이텍","12","0","KOSDAQ","0","34.72","","34.72"
"A043610","KT지니뮤직","12","0","KOSDAQ","2.8","138.61","","134.83"
"A043650","국순당","12","0","KOSDAQ","0","64.2","","64.2"
"A043710","코스리거글로벌","12","0","KOSDAQ","-3.23","50.27","","51.95"
"A043910","자연과환경","12","0","KOSDAQ","4.21","78.93","","75.74"
"A044180","KD","12","0","KOSDAQ","0","38.78","","38.78"
"A044340","위닉스","12","0","KOSDAQ","0","350.32","","350.32"
"A044380","주연테크","12","0","KOSPI","0","57.33","","57.33"
"A044450","KSS해운","12","0","KOSPI","1.13","165.55","","163.69"
"A044480","빌리언스","12","0","KOSDAQ","2.53","60.35","","58.86"
"A044490","태웅","12","0","KOSDAQ","1.29","110.04","","108.64"
"A044780","에이치케이","12","0","KOSDAQ","1.33","21.1","","20.82"
"A044820","코스맥스비티아이","12","0","KOSPI","8.03","142.14","","131.57"
"A044960","이글벳","12","0","KOSDAQ","3.28","79.64","","77.12"
"A044990","에이치엔에스하이텍","12","0","KONEX","-1.19","31.17","","31.55"
"A045060","오공","12","0","KOSDAQ","4.8","96.23","","91.83"
"A045100","한양이엔지","12","0","KOSDAQ","2.89","160.2","","155.7"
"A045300","성우테크론","12","0","KOSDAQ","3.67","30.52","","29.44"
"A045340","토탈소프트","12","0","KOSDAQ","6.17","23.58","","22.21"
"A045390","대아티아이","12","0","KOSDAQ","6.14","295.28","","278.2"
"A045510","정원엔시스","12","0","KOSDAQ","0","55.08","","55.08"
"A045520","크린앤사이언스","12","0","KOSDAQ","0.86","152.1","","150.8"
"A045660","에이텍","12","0","KOSDAQ","9.34","78.3","","71.61"
"A045970","코아시아","12","0","KOSDAQ","1.93","174.05","","170.76"
"A046070","코다코","12","0","KOSDAQ","0","85.75","","85.75"
"A046120","오르비텍","12","0","KOSDAQ","6.64","63.05","","59.12"
"A046210","HLB파나진","12","0","KOSDAQ","2.74","72.31","","70.38"
"A046310","백금T&A","12","0","KOSDAQ","4.05","36.07","","34.66"
"A046390","삼화네트웍스","12","0","KOSDAQ","-3.33","62.45","","64.6"
"A046440","KG파이낸셜","12","0","KOSDAQ","0.92","212.38","","210.43"
"A046890","서울반도체","12","0","KOSDAQ","1.57","752.14","","740.48"
"A046940","우원개발","12","0","KOSDAQ","14.97","108.27","","94.17"
"A046970","우리로","12","0","KOSDAQ","4.39","47.98","","45.96"
"A047040","대우건설","12","1","KOSPI","5.07","1377.79","","1311.29"
"A047050","포스코인터내셔널","12","1","KOSPI","0.38","1634.72","","1628.55"
"A047080","한빛소프트","12","0","KOSDAQ","2.17","64.18","","62.82"
"A047310","파워로직스","12","0","KOSDAQ","1.45","240.6","","237.16"
"A047400","유니온머티리얼","12","0","KOSPI","4.08","69.72","","66.99"
"A047560","이스트소프트","12","0","KOSDAQ","4.71","63.85","","60.98"
"A047770","코데즈컴바인","12","0","KOSDAQ","0.27","69.63","","69.44"
"A047810","한국항공우주","12","1","KOSPI","2.5","2198.06","","2144.45"
"A047820","초록뱀미디어","12","0","KOSDAQ","0.9","144.2","","142.92"
"A047920","HLB제약","12","0","KOSDAQ","2.31","70.49","","68.9"
"A048410","현대바이오","12","0","KOSDAQ","0.5","360.95","","359.16"
"A048430","유라테크","12","0","KOSDAQ","2.56","69.12","","67.39"
"A048470","대동스틸","12","0","KOSDAQ","4.88","51.6","","49.2"
"A048530","인트론바이오","12","0","KOSDAQ","-0.38","394.64","","396.14"
"A048550","SM C&C","12","0","KOSDAQ","-8.28","135.45","","147.68"
"A048770","TPC로보틱스","12","0","KOSDAQ","4.54","35.72","","34.17"
"A048830","엔피케이","12","0","KOSDAQ","3.01","25.65","","24.9"
"A048870","시너지이노베이션","12","0","KOSDAQ","1.27","103.69","","102.38"
"A048910","대원미디어","12","0","KOSDAQ","2.45","84.03","","82.01"
"A049070","인탑스","12","0","KOSDAQ","5.77","179.74","","169.94"
"A049080","기가레인","12","0","KOSDAQ","2.63","53.06","","51.7"
"A049120","파인디앤씨","12","0","KOSDAQ","0.36","36.64","","36.51"
"A049180","셀루메드","12","0","KOSDAQ","0","145.53","","145.53"
"A049430","코메론","12","0","KOSDAQ","1.84","64.96","","63.79"
"A049470","비트플래닛","12","0","KOSDAQ","2.13","25.54","","25"
"A049480","오픈베이스","12","0","KOSDAQ","2.89","78.24","","76.04"
"A049520","유아이엘","12","0","KOSDAQ","1.74","89.32","","87.79"
"A049550","잉크테크","12","0","KOSDAQ","1.41","57.51","","56.71"
"A049630","재영솔루텍","12","0","KOSDAQ","4.5","60.88","","58.26"
"A049720","고려신용정보","12","0","KOSDAQ","0.4","72.22","","71.93"
"A049800","우진플라임","12","0","KOSPI","-3.97","27.8","","28.95"
"A049830","승일","12","0","KOSDAQ","0.37","50.28","","50.1"
"A049950","미래컴퍼니","12","0","KOSDAQ","2.32","215.82","","210.94"
"A049960","쎌바이오텍","12","0","KOSDAQ","2.92","132.54","","128.78"
"A050090","비케이홀딩스","12","0","KOSDAQ","3.35","41.55","","40.2"
"A050110","캠시스","12","0","KOSDAQ","2.83","171.41","","166.69"
"A050120","ES큐브","12","0","KOSDAQ","7.46","59.82","","55.67"
"A050760","에스폴리텍","12","0","KOSDAQ","-6.62","59.87","","64.11"
"A050860","아세아텍","6","0","KOSDAQ","2.35","53.29","","52.06"
"A050890","쏠리드","12","0","KOSDAQ","6.39","304.24","","285.97"
"A050960","수산아이앤티","12","0","KOSDAQ","2.14","35.44","","34.7"
"A051160","지어소프트","12","0","KOSDAQ","5.94","142.98","","134.96"
"A051360","토비스","12","0","KOSDAQ","1.21","112","","110.67"
"A051370","인터플렉스","12","0","KOSDAQ","1.01","233.27","","230.94"
"A051380","피씨디렉트","12","0","KOSDAQ","2.38","62.65","","61.19"
"A051390","YW","12","0","KOSDAQ","1","39.97","","39.57"
"A051490","나라엠앤디","12","0","KOSDAQ","5.75","47","","44.45"
"A051500","CJ프레시웨이","12","0","KOSDAQ","0.29","207.75","","207.16"
"A051600","한전KPS","12","1","KOSPI","2.19","1471.5","","1440"
"A051630","진양화학","12","0","KOSPI","21.55","44.34","","36.48"
"A051780","큐로홀딩스","12","0","KOSDAQ","-0.11","69.83","","69.91"
"A051900","LG생활건강","12","1","KOSPI","0.25","18741.84","","18694.98"
"A051910","LG화학","12","1","KOSPI","3.65","23048.4","","22236.59"
"A051980","중앙첨단소재","12","0","KOSDAQ","-1.36","40.29","","40.84"
"A052020","에스티큐브","12","0","KOSDAQ","-1.9","312.18","","318.21"
"A052220","iMBC","12","0","KOSDAQ","0.5","46.46","","46.23"
"A052260","현대바이오랜드","12","0","KOSDAQ","1.92","357.75","","351"
"A052300","오션인더블유","12","0","KOSDAQ","-1.53","45.79","","46.5"
"A052330","코텍","12","0","KOSDAQ","0.63","149.98","","149.05"
"A052400","코나아이","12","0","KOSDAQ","0","203.05","","203.05"
"A052420","오성첨단소재","12","0","KOSDAQ","2.02","140.97","","138.18"
"A052460","아이크래프트","12","0","KOSDAQ","29.93","51.05","","39.3"
"A052600","한네트","12","0","KOSDAQ","1.76","33.42","","32.84"
"A052690","한전기술","12","1","KOSPI","0.85","678.41","","672.67"
"A052710","아모텍","12","0","KOSDAQ","2.78","198.28","","192.92"
"A052770","아이톡시","12","0","KOSDAQ","0","32.52","","32.52"
"A052790","액토즈소프트","12","0","KOSDAQ","0","90.42","","90.42"
"A052860","아이앤씨","12","0","KOSDAQ","2.49","65.07","","63.49"
"A052900","KX하이텍","12","0","KOSDAQ","5.28","41.12","","39.06"
"A053030","바이넥스","12","0","KOSDAQ","0.48","331.69","","330.11"
"A053050","지에스이","12","0","KOSDAQ","1.92","39.73","","38.98"
"A053060","세동","12","0","KOSDAQ","0","12.53","","12.53"
"A053080","케이엔솔","12","0","외감","","","",""
"A053160","프리엠스","12","0","KOSDAQ","0.19","31.14","","31.08"
"A053210","스카이라이프","12","0","KOSPI","0.28","343.84","","342.88"
"A053260","금강철강","12","0","KOSDAQ","0.91","51.95","","51.48"
"A053270","구영테크","12","0","KOSDAQ","2.54","37.35","","36.42"
"A053280","예스24","12","0","KOSDAQ","-0.51","84.28","","84.71"
"A053290","NE능률","12","0","KOSDAQ","1.29","47.29","","46.69"
"A053300","한국정보인증","12","0","KOSDAQ","2.03","101.91","","99.88"
"A053350","이니텍","12","0","KOSDAQ","-0.12","80.25","","80.35"
"A053450","세코닉스","12","0","KOSDAQ","2.46","56.6","","55.24"
"A053580","웹케시","12","0","KOSDAQ","3.8","286.1","","275.62"
"A053610","프로텍","12","0","KOSDAQ","1.85","151.25","","148.5"
"A053620","태양","12","0","KOSDAQ","3.5","61.06","","59"
"A053690","한미글로벌","12","0","KOSPI","0.56","79.22","","78.78"
"A053700","삼보모터스","12","0","KOSDAQ","0.13","65.53","","65.45"
"A053800","안랩","12","0","KOSDAQ","2.74","563.78","","548.76"
"A053950","경남제약","12","0","KOSDAQ","-0.98","120.23","","121.42"
"A053980","오상자이엘","12","0","KOSDAQ","-6.2","228.06","","243.15"
"A054040","한국컴퓨터","12","0","KOSDAQ","2.16","34.23","","33.51"
"A054050","NH농우바이오","12","0","KOSDAQ","1.6","162.71","","160.15"
"A054090","삼진엘앤디","12","0","KOSDAQ","2.25","45.43","","44.43"
"A054180","메디콕스","12","0","KOSDAQ","9.27","38.88","","35.58"
"A054210","이랜텍","12","0","KOSDAQ","2.71","87.61","","85.3"
"A054220","비츠로시스","12","0","KOSDAQ","0","25.36","","25.36"
"A054300","팬스타엔터프라이즈","12","0","KOSDAQ","2.63","40.86","","39.81"
"A054410","케이피티유","12","0","KOSDAQ","0.17","15.28","","15.26"
"A054450","텔레칩스","12","0","KOSDAQ","1.2","102.24","","101.02"
"A054540","삼영엠텍","12","0","KOSDAQ","-1.2","42.97","","43.48"
"A054620","APS","12","0","KOSDAQ","3.47","146.02","","141.13"
"A054670","대한뉴팜","12","0","KOSDAQ","2.69","137.09","","133.5"
"A054780","키이스트","12","0","KOSDAQ","1.25","241.13","","238.15"
"A054800","아이디스홀딩스","12","0","KOSDAQ","3.48","123.14","","119"
"A054920","한컴위드","12","0","KOSDAQ","1.05","67.86","","67.16"
"A054930","유신","12","0","KOSDAQ","2.74","45","","43.8"
"A054940","엑사이엔씨","12","0","KOSDAQ","-0.48","34.5","","34.67"
"A054950","제이브이엠","12","0","KOSDAQ","2.45","119.02","","116.17"
"A055490","테이팩스","12","0","KOSPI","-0.33","70.53","","70.76"
"A055550","신한지주","12","1","KOSPI","1.93","14014.66","","13749.33"
"A056080","유진로봇","12","0","KOSDAQ","1.75","76.34","","75.02"
"A056090","시지메드텍","12","0","KOSDAQ","2.59","30.79","","30.01"
"A056190","SFA","12","0","KOSDAQ","0.47","1154.47","","1149.08"
"A056360","코위버","12","0","KOSDAQ","5.16","95.81","","91.11"
"A056700","신화인터텍","12","0","KOSDAQ","0","67.01","","67.01"
"A056730","CNT85","12","0","KOSDAQ","0","67.4","","67.4"
"A057030","YBM넷","12","0","KOSDAQ","2.39","104.73","","102.28"
"A057050","현대홈쇼핑","12","1","KOSPI","0.82","734.4","","728.4"
"A057540","옴니시스템","12","0","KOSDAQ","3.42","67.73","","65.49"
"A057680","티사이언티픽","12","0","KOSDAQ","2.78","52.44","","51.02"
"A058110","멕아이씨에스","12","0","KOSDAQ","-3.9","137.52","","143.1"
"A058400","KNN","12","0","KOSDAQ","0.44","149.65","","148.98"
"A058430","포스코스틸리온","12","0","KOSPI","3.6","69","","66.6"
"A058450","한주에이알티","12","0","KOSDAQ","-1.44","16.3","","16.54"
"A058470","리노공업","12","0","KOSDAQ","-0.13","1161.47","","1162.99"
"A058610","에스피지","12","0","KOSDAQ","2.83","102.51","","99.69"
"A058630","엠게임","12","0","KOSDAQ","2.24","71.43","","69.87"
"A058650","세아홀딩스","12","0","KOSPI","2.75","254.4","","247.6"
"A058730","다스코","12","0","KOSPI","2.63","78.23","","76.23"
"A058820","CMG제약","12","0","KOSDAQ","0.13","550.01","","549.32"
"A058850","KTcs","12","0","KOSPI","8.02","74.7","","69.15"
"A058860","KTis","12","0","KOSPI","3.63","59.69","","57.6"
"A058970","엠로","12","0","KONEX","0","15.82","","15.82"
"A059090","미코","12","0","KOSDAQ","-1.03","272.14","","274.96"
"A059100","아이컴포넌트","12","0","KOSDAQ","2.48","27.75","","27.08"
"A059120","아진엑스텍","12","0","KOSDAQ","2.92","39.17","","38.06"
"A059210","메타바이오메드","12","0","KOSDAQ","2.73","58.34","","56.79"
"A059270","해성에어로보틱스","12","0","외감","","","",""
"A060150","인선이엔티","12","0","KOSDAQ","0.29","261.83","","261.06"
"A060230","제이케이시냅스","12","0","KOSDAQ","5.37","126.37","","119.92"
"A060240","스타코링크","12","0","KOSDAQ","1.15","111.89","","110.62"
"A060250","NHN KCP","12","0","KOSDAQ","2.11","778.73","","762.65"
"A060260","뉴보텍","12","0","KOSDAQ","1.86","32.97","","32.36"
"A060280","큐렉소","12","0","KOSDAQ","-0.25","131.43","","131.76"
"A060310","3S","3","0","KOSDAQ","1.54","103.72","","102.15"
"A060370","LS마린솔루션","12","0","KOSDAQ","3.57","82.67","","79.83"
"A060380","동양에스텍","12","0","KOSDAQ","1","25.25","","25"
"A060480","국일신동","12","0","KOSDAQ","1.14","34.38","","33.99"
"A060540","에스에이티","12","0","KOSDAQ","2.8","43.12","","41.94"
"A060560","HC홈센타","12","0","KOSDAQ","0.92","93.62","","92.77"
"A060570","드림어스컴퍼니","12","0","KOSDAQ","2.68","283.16","","275.77"
"A060590","씨티씨바이오","12","0","KOSDAQ","8.32","130.73","","120.69"
"A060720","KH바텍","12","0","KOSDAQ","2.88","417.79","","406.09"
"A060850","영림원소프트랩","12","0","외감","","","",""
"A060900","에이전트AI","12","0","KOSDAQ","0.88","98.43","","97.57"
"A060980","HL홀딩스","12","1","KOSPI","1.02","311.54","","308.4"
"A061040","알에프텍","12","0","KOSDAQ","5.79","128.68","","121.64"
"A061090","세나테크놀로지","12","0","외감","","","",""
"A061250","화일약품","12","0","KOSDAQ","5.26","166.01","","157.71"
"A061970","LB세미콘","12","0","KOSDAQ","1.25","283.29","","279.78"
"A062040","산일전기","12","0","외감","","","",""
"A062970","한국첨단소재","12","0","KOSDAQ","4.45","67.67","","64.78"
"A063080","컴투스홀딩스","12","0","KOSDAQ","2.31","146.08","","142.79"
"A063160","종근당바이오","12","0","KOSPI","2.12","171.98","","168.42"
"A063170","서울옥션","12","0","KOSDAQ","4.61","71.05","","67.92"
"A063440","SM Life Design","12","0","KOSDAQ","0","65.07","","65.07"
"A063570","NICE인프라","12","0","KOSDAQ","5.22","206.59","","196.35"
"A063760","이엘피","12","0","KOSDAQ","1.02","38.99","","38.6"
"A064090","인크레더블버즈","12","0","KOSDAQ","0.18","42.96","","40.66"
"A064240","홈캐스트","12","0","KOSDAQ","1.31","115.17","","113.68"
"A064260","다날","12","0","KOSDAQ","-2.09","246.61","","251.86"
"A064290","인텍플러스","12","0","KOSDAQ","2.1","91.54","","89.66"
"A064350","현대로템","12","1","KOSPI","5.04","1062.5","","1011.5"
"A064400","LG씨엔에스","12","0","외감","","","",""
"A064480","브리지텍","12","0","KOSDAQ","2.55","28.81","","28.09"
"A064520","테크엘","12","0","KOSDAQ","0","62.02","","62.02"
"A064550","바이오니아","12","0","KOSDAQ","2.17","265.81","","260.15"
"A064760","티씨케이","12","0","KOSDAQ","3.83","823.09","","792.73"
"A064800","포니링크","12","0","KOSDAQ","2.03","74.23","","72.75"
"A064820","케이프","12","0","KOSDAQ","-0.3","95.73","","96.02"
"A064850","에프앤가이드","12","0","KONEX","8.59","43.78","","40.32"
"A064960","SNT모티브","12","1","KOSPI","-1.46","492.8","","500.11"
"A065060","지엔코","12","0","KOSDAQ","2.81","143.58","","139.66"
"A065130","탑엔지니어링","12","0","KOSDAQ","2.04","151.93","","148.9"
"A065150","대산F&B","12","0","KOSDAQ","0","106.26","","106.26"
"A065170","비엘팜텍","12","0","KOSDAQ","1.54","101.84","","100.29"
"A065350","신성델타테크","12","0","KOSDAQ","2.18","62.26","","60.93"
"A065370","위세아이텍","12","0","KOSDAQ","3.86","46.14","","44.43"
"A065420","에스아이리소스","12","0","KOSDAQ","0","41.28","","41.28"
"A065440","이루온","12","0","KOSDAQ","-0.37","37.09","","37.23"
"A065450","빅텍","12","0","KOSDAQ","1.8","70.58","","69.33"
"A065500","오리엔트정공","12","0","KOSDAQ","3.75","35.63","","34.34"
"A065510","휴비츠","12","0","KOSDAQ","1.45","91.26","","89.95"
"A065530","와이어블","12","0","KOSDAQ","1.49","216.46","","213.29"
"A065570","삼영이엔씨","12","0","KOSDAQ","4.8","51.92","","49.54"
"A065650","하이퍼코퍼레이션","12","0","KOSDAQ","0.88","84.34","","83.61"
"A065660","안트로젠","12","0","KOSDAQ","0.53","326.98","","325.25"
"A065680","우주일렉트로","12","0","KOSDAQ","1.97","102.82","","100.83"
"A065690","파커스","12","0","KOSDAQ","0.76","27.79","","27.58"
"A065710","서호전기","12","0","KOSDAQ","0.27","95.53","","95.28"
"A065770","CS","12","0","KOSDAQ","6.68","42.1","","39.46"
"A065950","웰크론","12","0","KOSDAQ","4.94","197.9","","188.59"
"A066130","하츠","12","0","KOSDAQ","2.95","66.94","","65.02"
"A066310","큐에스아이","12","0","KOSDAQ","4.53","114.65","","109.69"
"A066360","체리부로","12","0","KOSDAQ","-0.24","58.53","","58.67"
"A066410","버킷스튜디오","12","0","KOSDAQ","9.01","55.51","","50.93"
"A066430","아이로보틱스","12","0","KOSDAQ","-2.91","29.67","","30.56"
"A066570","LG전자","12","1","KOSPI","0.75","8771.52","","8706.06"
"A066590","스모트로닉","12","0","KOSDAQ","10.01","96.31","","87.54"
"A066620","국보디자인","12","0","KOSDAQ","1.5","101.25","","99.75"
"A066670","디티씨","12","0","KOSDAQ","0","54.21","","54.21"
"A066700","테라젠이텍스","12","0","KOSDAQ","-11.24","367.7","","414.25"
"A066790","씨씨에스","12","0","KOSDAQ","0","38.9","","38.9"
"A066900","디에이피","12","0","KOSDAQ","1.24","55.72","","55.04"
"A066910","손오공","12","0","KOSDAQ","-1.73","53.52","","54.46"
"A066970","엘앤에프","12","0","KOSDAQ","5","467.94","","445.66"
"A066980","한성크린텍","12","0","KOSDAQ","2.96","99.33","","96.48"
"A067000","조이시티","12","0","KOSDAQ","-0.46","150.15","","150.85"
"A067010","이씨에스","3","0","KOSDAQ","5.05","44.75","","42.6"
"A067080","대화제약","12","0","KOSDAQ","-0.47","195.01","","195.92"
"A067160","SOOP","12","0","KOSDAQ","3.33","678.19","","656.35"
"A067170","오텍","12","0","KOSDAQ","1.46","160.84","","158.53"
"A067280","멀티캠퍼스","12","0","KOSDAQ","2.57","189.06","","184.32"
"A067290","JW신약","12","0","KOSDAQ","2.07","195","","191.04"
"A067310","하나마이크론","12","0","KOSDAQ","2.79","124.11","","120.74"
"A067370","선바이오","12","0","KONEX","5.49","95.88","","90.9"
"A067390","아스트","12","0","KOSDAQ","4.6","116.71","","111.58"
"A067570","엔브이에이치코리아","12","0","KOSDAQ","-1.73","75.61","","76.94"
"A067630","HLB생명과학","12","0","KOSDAQ","8.09","974.36","","901.4"
"A067730","로지시스","12","0","KOSDAQ","2","26.2","","25.69"
"A067770","세진티에스","12","0","KOSDAQ","1.54","19.44","","19.14"
"A067830","세이브존I&C","12","0","KOSPI","1.12","92.55","","91.52"
"A067900","와이엔텍","12","0","KOSDAQ","1.11","182","","179.99"
"A067920","이글루","12","0","KOSDAQ","2.08","45.8","","44.86"
"A067990","도이치모터스","12","0","KOSDAQ","1.25","181.96","","179.72"
"A068050","팬엔터테인먼트","12","0","KOSDAQ","0.99","56.14","","55.59"
"A068100","케이웨더","12","0","외감","","","",""
"A068240","다원시스","12","0","KOSDAQ","1.06","383.78","","379.74"
"A068270","셀트리온","12","1","KOSPI","0.23","27722.87","","27658.7"
"A068290","삼성출판사","12","0","KOSPI","2.29","223","","218"
"A068330","일신바이오","12","0","KOSDAQ","-4.1","98.16","","102.36"
"A068760","셀트리온제약","12","0","KOSDAQ","-2.87","2539.89","","2614.89"
"A068790","DMS","12","0","KOSDAQ","3.88","83.26","","80.14"
"A068930","디지털대성","12","0","KOSDAQ","2.89","176.73","","171.43"
"A068940","셀피글로벌","12","0","KOSDAQ","-0.51","61.11","","61.42"
"A069080","웹젠","12","0","KOSDAQ","1.77","506.71","","497.88"
"A069140","누리플랜","12","0","KOSDAQ","4.56","23.25","","22.24"
"A069260","TKG휴켐스","12","1","KOSPI","1.6","649.97","","639.75"
"A069330","유아이디","12","0","KOSDAQ","0","12.54","","12.54"
"A069410","엔텔스","12","0","KOSDAQ","4.43","63.47","","60.78"
"A069460","대호에이엘","12","0","KOSPI","2.93","57.25","","55.63"
"A069510","에스텍","12","0","KOSDAQ","1.81","98.3","","96.55"
"A069540","빛과전자","12","0","KOSDAQ","0","100.56","","100.56"
"A069620","대웅제약","12","1","KOSPI","11.46","1228.18","","1101.88"
"A069640","한세엠케이","12","0","KOSPI","1.58","37.44","","36.86"
"A069730","DSR제강","12","0","KOSPI","2.61","50.98","","49.68"
"A069920","엑시온그룹","12","0","KOSDAQ","0.71","91.81","","91.17"
"A069960","현대백화점","12","1","KOSPI","1.27","1490.74","","1472.01"
"A070300","엑스큐어","12","0","KOSDAQ","-19.42","71.82","","89.13"
"A070590","인티큐브","12","0","KOSDAQ","0.89","94.24","","93.41"
"A070960","모나용평","12","0","KOSPI","4.84","203.36","","193.98"
"A071050","한국금융지주","12","1","KOSPI","2.97","2605.19","","2529.96"
"A071090","하이스틸","12","0","KOSPI","2.99","31","","30.1"
"A071200","인피니트헬스케어","12","0","KOSDAQ","1.34","147.35","","145.4"
"A071280","로체시스템즈","12","0","KOSDAQ","-0.22","69.6","","69.75"
"A071320","지역난방공사","12","0","KOSPI","0.44","393.68","","391.94"
"A071670","에이테크솔루션","12","0","KOSDAQ","0.9","56.3","","55.8"
"A071840","롯데하이마트","12","1","KOSPI","0","515.83","","515.83"
"A071850","캐스텍코리아","12","0","KOSDAQ","2.6","35.96","","35.04"
"A071950","코아스","12","0","KOSPI","1.97","31.99","","31.37"
"A071970","HD현대마린엔진","12","0","KOSPI","3.16","60.14","","58.29"
"A072020","중앙백신","12","0","KOSDAQ","1.63","154.88","","152.39"
"A072130","유엔젤","12","0","KOSPI","0.74","45","","44.67"
"A072470","우리산업홀딩스","12","0","KOSDAQ","23.3","95.95","","77.82"
"A072710","농심홀딩스","12","0","KOSPI","0.54","344.59","","342.73"
"A072770","멤레이비티","12","0","KOSDAQ","-3.84","63.11","","65.62"
"A072870","메가스터디","12","0","KOSDAQ","4.95","126.36","","120.4"
"A072950","빛샘전자","12","0","KOSDAQ","0.34","26.22","","26.13"
"A072990","에이치시티","12","0","KOSDAQ","2.76","62","","60.34"
"A073010","케이에스피","12","0","KOSDAQ","5.96","54.65","","51.57"
"A073110","엘엠에스","12","0","KOSDAQ","-1.43","92.07","","93.41"
"A073190","듀오백","12","0","KOSDAQ","1.27","23.94","","23.64"
"A073240","금호타이어","12","1","KOSPI","0","907.74","","907.74"
"A073490","LIG아큐버","12","0","KOSDAQ","14.96","302.85","","263.44"
"A073540","에프알텍","12","0","KOSDAQ","1.94","44.92","","44.06"
"A073560","우리손에프앤지","12","0","KOSDAQ","1.12","124.63","","123.24"
"A073570","리튬포어스","12","0","KOSDAQ","0","113.93","","113.93"
"A073640","테라사이언스","12","0","KOSDAQ","3.61","87.53","","84.48"
"A074430","아미노로직스","12","0","KOSDAQ","0","140.08","","140.08"
"A074600","원익QnC","12","0","KOSDAQ","2.92","324.66","","315.46"
"A074610","이엔플러스","12","0","KOSPI","0","189.09","","189.09"
"A075130","플랜티넷","12","0","KOSDAQ","1.62","36.47","","35.88"
"A075180","새론오토모티브","12","0","KOSPI","0","67.49","","67.49"
"A075580","세진중공업","12","0","KOSPI","0.5","115.31","","114.73"
"A075970","동국알앤에스","12","0","KOSDAQ","1.35","34.5","","34.04"
"A076080","웰크론한텍","12","0","KOSDAQ","-0.3","33.67","","33.77"
"A076610","해성옵틱스","12","0","KOSDAQ","4.17","43.02","","41.3"
"A077360","덕산하이메탈","12","0","KOSDAQ","2.12","120.18","","117.68"
"A077500","유니퀘스트","12","0","KOSPI","2.56","141.91","","138.37"
"A077970","STX엔진","12","0","KOSPI","1.38","118.04","","116.43"
"A078000","텔코웨어","12","0","KOSPI","3.73","134.87","","130.02"
"A078020","LS증권","12","0","KOSDAQ","1.25","247.17","","244.12"
"A078070","유비쿼스홀딩스","12","0","KOSDAQ","4.21","509.48","","488.92"
"A078130","국일제지","12","0","KOSDAQ","0.96","657.35","","651.13"
"A078140","대봉엘에스","12","0","KOSDAQ","0.15","71.62","","71.51"
"A078150","HB테크놀러지","12","0","KOSDAQ","2.9","182.47","","177.33"
"A078160","메디포스트","12","0","KOSDAQ","3.69","417","","402.16"
"A078340","컴투스","12","0","KOSDAQ","1.24","1264.77","","1249.33"
"A078350","한양디지텍","12","0","KOSDAQ","-0.26","39","","39.1"
"A078520","에이블씨엔씨","12","0","KOSPI","3.7","264.93","","255.47"
"A078590","휴림에이텍","12","0","KOSDAQ","-2.01","321.59","","328.18"
"A078600","대주전자재료","12","0","KOSDAQ","6.48","229.9","","215.9"
"A078860","아이오케이이엔엠","12","0","KOSDAQ","1.79","72.32","","71.05"
"A078890","가온그룹","12","0","KOSDAQ","4.53","81.91","","78.36"
"A078930","GS","12","1","KOSPI","-0.38","3619.05","","3632.99"
"A079000","와토스코리아","12","0","KOSDAQ","-0.11","31.43","","31.46"
"A079160","CJ CGV","12","1","KOSPI","0.89","480.36","","476.13"
"A079170","한창산업","12","0","KOSDAQ","1.58","23.37","","23.01"
"A079190","케스피온","12","0","KOSDAQ","0","88.36","","88.36"
"A079370","제우스","12","0","KOSDAQ","2.05","92.94","","91.07"
"A079430","현대리바트","12","1","KOSPI","4.21","187.9","","180.3"
"A079550","LIG디펜스앤에어로스페이스","12","1","KOSPI","2.46","503.8","","491.7"
"A079650","서산","12","0","KOSDAQ","3.91","42.5","","40.9"
"A079810","APS이노베이션","12","0","KOSDAQ","0.72","35.29","","35.04"
"A079900","전진건설로봇","12","0","외감","","","",""
"A079940","가비아","12","0","KOSDAQ","8.37","148.89","","137.39"
"A079950","인베니아","12","0","KOSDAQ","0","40.48","","40.48"
"A079960","동양이엔피","12","0","KOSDAQ","1","79.39","","78.6"
"A079970","투비소프트","12","0","KOSDAQ","-1.04","50.74","","51.27"
"A079980","휴비스","12","0","KOSPI","1.19","175.95","","173.88"
"A080010","이상네트웍스","12","0","KOSDAQ","1.45","56.79","","55.98"
"A080160","모두투어","12","0","KOSDAQ","0","225.86","","225.86"
"A080220","제주반도체","12","0","KOSDAQ","1.77","89.64","","88.08"
"A080420","모다이노칩","12","0","KOSDAQ","2.08","195.32","","191.33"
"A080470","성창오토텍","12","0","KOSDAQ","2.5","41.98","","40.95"
"A080520","오디텍","12","0","KOSDAQ","0.13","46.11","","46.05"
"A080530","코디","12","0","KOSDAQ","0","54.66","","54.66"
"A080580","오킨스전자","12","0","KOSDAQ","1.72","20.63","","20.28"
"A080720","한국유니온제약","12","0","KOSDAQ","0.58","101.54","","100.95"
"A081000","일진다이아","12","0","KOSPI","5.58","295.42","","279.8"
"A081150","티플랙스","12","0","KOSDAQ","3.95","44.65","","42.96"
"A081180","쎄크","12","0","외감","","","",""
"A081580","성우전자","12","0","KOSDAQ","0.84","28.07","","27.84"
"A081660","미스토홀딩스","12","1","KOSPI","0.16","1947.11","","1944.07"
"A082210","옵트론텍","12","0","KOSDAQ","4.7","110.8","","105.83"
"A082270","젬백스","12","0","KOSDAQ","8.44","1009.02","","930.5"
"A082640","동양생명","12","0","KOSPI","0.69","472.78","","469.55"
"A082660","코스나인","12","0","KOSDAQ","2.47","35.5","","34.65"
"A082740","한화엔진","12","0","KOSPI","1.52","98.84","","97.36"
"A082800","비보존 제약","12","0","KOSDAQ","-0.66","185.86","","187.1"
"A082850","우리바이오","12","0","KOSDAQ","3.75","39.8","","38.36"
"A082920","비츠로셀","12","0","KOSDAQ","2.91","304.78","","296.16"
"A083310","엘오티베큠","12","0","KOSDAQ","2.52","113.36","","110.57"
"A083420","그린케미칼","12","0","KOSPI","0.64","75.96","","75.48"
"A083450","GST","12","0","KOSDAQ","2","118.8","","116.47"
"A083470","이엠앤아이","12","0","KOSDAQ","0","33.02","","33.02"
"A083500","에프엔에스테크","12","0","KOSDAQ","1.89","72.17","","70.84"
"A083550","케이엠","12","0","KOSDAQ","1.89","136.41","","133.88"
"A083640","인콘","12","0","KOSDAQ","0","90.06","","90.06"
"A083650","비에이치아이","12","0","KOSDAQ","0.29","45.37","","45.24"
"A083660","CSA 코스믹","12","0","KOSDAQ","0","82.35","","82.35"
"A083790","CG인바이츠","12","0","KOSDAQ","3.32","583.01","","564.27"
"A083930","아바코","12","0","KOSDAQ","1.31","80.14","","79.1"
"A084010","대한제강","12","0","KOSPI","1.21","144.68","","142.95"
"A084110","휴온스글로벌","12","0","KOSDAQ","1.91","291.05","","285.59"
"A084180","수성웹툰","12","0","KOSDAQ","1.63","16.4","","16.13"
"A084370","유진테크","12","0","KOSDAQ","0","370.09","","370.09"
"A084440","유비온","9","0","KONEX","-14.65","4.02","","4.71"
"A084650","랩지노믹스","12","0","KOSDAQ","1.87","182.2","","178.86"
"A084670","동양고속","12","0","KOSPI","0.37","77.75","","77.46"
"A084680","이월드","12","0","KOSPI","0.11","423.85","","423.37"
"A084690","대상홀딩스","12","0","KOSPI","-2.16","229.23","","234.3"
"A084730","팅크웨어","12","0","KOSDAQ","1.79","59.43","","58.38"
"A084850","아이티엠반도체","12","0","KOSDAQ","4.78","1176.03","","1122.19"
"A084870","TBH글로벌","12","0","KOSPI","-2.21","32.33","","33.06"
"A084990","헬릭스미스","12","0","KOSDAQ","3.54","1691.79","","1633.97"
"A085310","엔케이","12","0","KOSPI","1.93","67.51","","66.23"
"A085620","미래에셋생명","12","0","KOSPI","0.26","681.51","","679.74"
"A085660","차바이오텍","12","0","KOSDAQ","-0.29","886.92","","889.55"
"A085670","뉴프렉스","12","0","KOSDAQ","3.42","31.95","","30.89"
"A085810","알티캐스트","12","0","KOSDAQ","1.74","24.83","","24.41"
"A085910","네오티스","12","0","KOSDAQ","0.63","35.46","","35.24"
"A086040","바이오톡스텍","12","0","KOSDAQ","-1.46","127.93","","129.83"
"A086060","진바이오텍","12","0","KOSDAQ","2.82","47.01","","45.72"
"A086280","현대글로비스","12","1","KOSPI","2.5","3843.75","","3750"
"A086390","유니테스트","12","0","KOSDAQ","3.36","259.95","","251.5"
"A086450","동국제약","12","0","KOSDAQ","2.98","737.15","","715.81"
"A086520","에코프로","12","0","KOSDAQ","4.83","431.86","","411.98"
"A086670","비엠티","12","0","KOSDAQ","4.04","46.19","","44.4"
"A086710","선진뷰티사이언스","12","0","외감","","","",""
"A086790","하나금융지주","12","1","KOSPI","1.63","7506.05","","7385.95"
"A086820","바이오솔루션","12","0","KOSDAQ","-0.5","162.64","","163.45"
"A086890","이수앱지스","12","0","KOSDAQ","2.17","150.7","","147.5"
"A086900","메디톡스","12","0","KOSDAQ","1.17","1106.61","","1093.82"
"A086960","MDS테크","12","0","KOSDAQ","1.49","90.05","","88.73"
"A086980","쇼박스","12","0","KOSDAQ","2.65","181.54","","176.84"
"A087010","펩트론","12","0","KOSDAQ","2.52","249.06","","242.93"
"A087260","모바일어플라이언스","12","0","KOSDAQ","1.53","89.85","","88.5"
"A087600","픽셀플러스","12","0","KOSDAQ","1.18","27.93","","27.6"
"A088130","동아엘텍","12","0","KOSDAQ","0","72.29","","72.29"
"A088280","쏘닉스","12","0","외감","","","",""
"A088290","이원컴포텍","12","0","KOSDAQ","0.33","156.33","","155.82"
"A088340","유라클","12","0","외감","","","",""
"A088350","한화생명","12","1","KOSPI","0.87","1506.9","","1493.87"
"A088390","이녹스","12","0","KOSDAQ","1.04","45.3","","44.84"
"A088790","진도","12","0","KOSPI","2.22","28.63","","28.01"
"A088800","에이스테크","12","0","KOSDAQ","10.98","329.9","","297.26"
"A088910","동우팜투테이블","12","0","KOSDAQ","-0.34","76.07","","76.33"
"A089010","켐트로닉스","12","0","KOSDAQ","5.09","165.4","","157.38"
"A089030","테크윙","12","0","KOSDAQ","4.86","250.18","","238.59"
"A089140","넥스턴앤롤코리아","12","0","KOSDAQ","1.4","103.3","","101.88"
"A089150","케이씨티","12","0","KOSDAQ","2.14","32.76","","32.07"
"A089230","THE E&M","12","0","KOSDAQ","1.03","70.14","","69.43"
"A089470","HDC현대EP","12","0","KOSPI","3.85","98.89","","95.22"
"A089590","제주항공","12","0","KOSPI","0.81","491.55","","487.6"
"A089600","KT나스미디어","12","0","KOSDAQ","1.09","242.5","","239.88"
"A089790","제이티","12","0","KOSDAQ","2.23","52.09","","50.96"
"A089850","유비벨록스","12","0","KOSDAQ","4.32","39.49","","37.86"
"A089860","롯데렌탈","12","0","외감","","","",""
"A089890","코세스","12","0","KOSDAQ","2.82","98.25","","95.55"
"A089970","브이엠","12","0","KOSDAQ","2.35","171.94","","167.99"
"A089980","상아프론테크","12","0","KOSDAQ","6.33","194.68","","183.09"
"A090080","평화산업","12","0","KOSPI","2.86","59.29","","57.65"
"A090150","아이윈","12","0","KOSDAQ","1.65","23.86","","23.47"
"A090350","노루페인트","12","0","KOSPI","1.07","132.2","","130.8"
"A090360","로보스타","12","0","KOSDAQ","-0.42","114.56","","115.05"
"A090370","메타랩스","12","0","KOSPI","1.51","49.12","","48.39"
"A090410","덕신이피씨","12","0","KOSDAQ","0.84","52.81","","52.37"
"A090430","아모레퍼시픽","12","1","KOSPI","0.29","10054.86","","10025.63"
"A090460","비에이치","12","0","KOSDAQ","1.88","535.47","","525.61"
"A090470","제이스로보틱스","12","0","KOSDAQ","1.7","122.18","","120.14"
"A090710","휴림로봇","12","0","KOSDAQ","2.17","62.7","","61.37"
"A090850","현대이지웰","12","0","KOSDAQ","0","105.79","","105.79"
"A091120","이엠텍","12","0","KOSDAQ","3.7","144.07","","138.93"
"A091340","S&K폴리텍","12","0","KOSDAQ","3.15","69.05","","66.95"
"A091440","한울소재과학","12","0","KOSDAQ","17.74","39.03","","33.15"
"A091580","상신이디피","12","0","KOSDAQ","4.26","74.34","","71.3"
"A091590","남화토건","12","0","KOSDAQ","13.93","163.19","","143.23"
"A091700","파트론","12","0","KOSDAQ","5.18","439.75","","418.09"
"A091810","트리니티항공","12","0","KOSPI","-0.72","162.3","","163.47"
"A091970","LSK아이로봇","12","0","KOSDAQ","2.56","51.41","","50.13"
"A092040","아미코젠","12","0","KOSDAQ","7.17","459.05","","428.32"
"A092070","디엔에프","12","0","KOSDAQ","1.03","94.7","","93.74"
"A092130","이크레더블","12","0","KOSDAQ","1.41","216.78","","213.77"
"A092190","서울바이오시스","12","0","KOSDAQ","-4.07","405.17","","422.37"
"A092200","디아이씨","12","0","KOSPI","1.15","51.33","","50.75"
"A092220","KEC","12","0","KOSPI","1.93","86.25","","84.61"
"A092230","KPX홀딩스","12","0","KOSPI","-0.23","185.88","","186.31"
"A092300","현우산업","12","0","KOSDAQ","1.23","37.8","","37.34"
"A092440","기신정기","3","0","KOSPI","1.19","86.87","","85.85"
"A092460","한라IMS","12","0","KOSDAQ","-1.12","62.01","","62.72"
"A092600","앤씨앤","12","0","KOSDAQ","3.91","41.79","","40.22"
"A092730","네오팜","12","0","KOSDAQ","6.41","251.97","","236.78"
"A092780","DYP","12","0","KOSPI","2.43","47.14","","46.02"
"A092790","넥스틸","12","0","외감","","","",""
"A092870","엑시콘","12","0","KOSDAQ","1.58","60.13","","59.19"
"A093050","LF","12","1","KOSPI","2.03","366.96","","359.65"
"A093190","빅솔론","12","0","KOSDAQ","2.09","89.27","","87.44"
"A093240","형지엘리트","6","0","KOSPI","1.36","34.74","","34.27"
"A093320","케이아이엔엑스","12","0","KOSDAQ","3.6","294.75","","284.5"
"A093370","후성","12","1","KOSPI","2.98","607.5","","589.91"
"A093380","풍강","8","0","KOSDAQ","1.65","24.4","","24.01"
"A093520","매커스","12","0","KOSDAQ","1.96","50.35","","49.38"
"A093640","케이알엠","12","0","KOSDAQ","3.52","28.62","","27.64"
"A093920","서원인텍","12","0","KOSDAQ","2.28","91.7","","89.65"
"A094170","동운아나텍","12","0","KOSDAQ","2.72","80.21","","78.09"
"A094280","효성ITX","12","0","KOSPI","-1.55","183.78","","186.66"
"A094360","칩스앤미디어","12","0","KOSDAQ","0.61","61.33","","60.96"
"A094480","갤럭시아머니트리","12","0","KOSDAQ","-3.39","122.99","","127.3"
"A094820","일진파워","12","0","KOSDAQ","1.37","66.8","","65.89"
"A094840","슈프리마에이치큐","12","0","KOSDAQ","1.8","44.4","","43.62"
"A094850","참좋은여행","12","0","KOSDAQ","4.35","67.2","","64.4"
"A094860","네오리진","12","0","KOSDAQ","1.76","58.49","","57.48"
"A094940","푸른로보틱스","12","0","KOSDAQ","2.85","83.16","","80.86"
"A094970","제이엠티","12","0","KOSDAQ","3.09","36.34","","35.26"
"A095190","신화프리텍","12","0","KOSDAQ","5.36","103.55","","98.28"
"A095270","웨이브일렉트로","12","0","KOSDAQ","1.6","139.8","","137.6"
"A095340","ISC","12","0","KOSDAQ","3.62","129.69","","125.16"
"A095500","미래나노텍","12","0","KOSDAQ","9.15","57.72","","52.88"
"A095570","AJ네트웍스","12","0","KOSPI","-0.15","160.37","","160.6"
"A095610","테스","12","0","KOSDAQ","1.87","377.57","","370.65"
"A095660","네오위즈","12","0","KOSDAQ","3.95","374.75","","360.5"
"A095700","제넥신","12","0","KOSDAQ","-0.48","1465.12","","1472.26"
"A095720","웅진씽크빅","12","0","KOSPI","0.2","339.46","","338.79"
"A095910","에스에너지","12","0","KOSDAQ","2.21","37.02","","36.22"
"A096240","크레버스","12","0","KOSDAQ","3.54","123.56","","119.34"
"A096250","와이즈넛","12","0","외감","","","",""
"A096350","대창솔루션","12","0","KOSDAQ","-0.32","49.83","","49.99"
"A096530","씨젠","12","0","KOSDAQ","-4.97","2206.28","","2321.71"
"A096610","알에프세미","12","0","KOSDAQ","-2.57","33.99","","34.89"
"A096630","에스코넥","12","0","KOSDAQ","-6.36","134.45","","143.58"
"A096690","에이루트","12","0","KOSDAQ","0.86","36.19","","35.88"
"A096760","JW홀딩스","12","1","KOSPI","1.81","335.58","","329.6"
"A096770","SK이노베이션","12","1","KOSPI","0.93","8987.65","","8904.43"
"A096870","엘디티","12","0","KOSDAQ","0","14.69","","14.69"
"A097230","HJ중공업","12","0","KOSPI","-0.56","366.41","","368.49"
"A097520","엠씨넥스","12","0","KOSDAQ","2.09","523.4","","512.68"
"A097780","에코볼트","12","0","KOSDAQ","-4.98","353.44","","361.65"
"A097800","윈팩","12","0","KOSDAQ","3.88","59.79","","57.55"
"A097870","효성오앤비","6","0","KOSDAQ","1.72","50.09","","49.24"
"A097950","CJ제일제당","12","1","KOSPI","3.06","3552.79","","3447.41"
"A098070","한텍","12","0","외감","","","",""
"A098120","마이크로컨텍솔","12","0","KOSDAQ","6.94","28.18","","26.35"
"A098460","고영","12","0","KOSDAQ","5.74","1087.49","","1028.45"
"A098660","에스티오","12","0","KOSDAQ","2.66","26.56","","25.88"
"A099190","아이센스","12","0","KOSDAQ","1.46","285.73","","281.61"
"A099220","SDN","12","0","KOSDAQ","5.92","103.49","","97.7"
"A099320","쎄트렉아이","12","0","KOSDAQ","4.74","136.65","","130.47"
"A099390","브레인즈컴퍼니","12","0","외감","","","",""
"A099410","동방선기","12","0","KOSDAQ","-0.82","32.84","","33.11"
"A099430","바이오플러스","12","0","외감","","","",""
"A099440","스맥","12","0","KOSDAQ","10.93","49.05","","44.22"
"A099520","DGI","12","0","KOSDAQ","1.22","27.33","","27"
"A099750","이지케어텍","3","0","KOSDAQ","0.98","98.66","","97.71"
"A100030","인지소프트","12","0","KOSDAQ","4.05","50.57","","48.6"
"A100090","SK오션플랜트","12","0","KOSDAQ","1.57","72.03","","70.91"
"A100120","뷰웍스","12","0","KOSDAQ","0.33","308.56","","307.56"
"A100130","동국S&C","12","0","KOSDAQ","2.53","116","","113.14"
"A100220","비상교육","12","0","KOSPI","3","93.71","","90.98"
"A100250","진양홀딩스","12","0","KOSPI","2.68","128.28","","124.93"
"A100590","머큐리","12","0","KOSDAQ","2.92","124.75","","121.21"
"A100660","서암기계공업","12","0","KOSDAQ","12.69","50.34","","44.67"
"A100700","세운메디칼","12","0","KOSDAQ","1.65","134.9","","132.71"
"A100790","미래에셋벤처투자","12","0","KOSDAQ","3.56","113.85","","109.94"
"A100840","SNT에너지","12","0","KOSPI","1.37","111.1","","109.6"
"A101000","KS인더스트리","12","0","KOSDAQ","0.67","57.37","","56.99"
"A101140","인바이오젠","12","0","KOSPI","3.62","124.93","","120.57"
"A101160","월덱스","12","0","KOSDAQ","2.22","106.33","","104.02"
"A101170","우림피티에스","12","0","KOSDAQ","2.21","31.25","","30.58"
"A101240","씨큐브","12","0","KOSDAQ","3.11","70.66","","68.53"
"A101330","모베이스","12","0","KOSDAQ","4.16","74.99","","71.99"
"A101360","에코앤드림","12","0","KONEX","-6.01","40.53","","43.12"
"A101390","아이엠","12","0","KOSDAQ","1.86","32.34","","31.75"
"A101400","엔시트론","12","0","KOSDAQ","-0.99","41.41","","41.82"
"A101490","에스앤에스텍","12","0","KOSDAQ","4.26","338.46","","324.65"
"A101530","해태제과식품","12","0","KOSPI","0.61","192.75","","191.59"
"A101670","하이드로리튬","12","0","KOSDAQ","2.42","18.43","","17.99"
"A101680","한국정밀기계","12","0","KOSDAQ","0","21.14","","21.14"
"A101730","위메이드맥스","12","0","KOSDAQ","2.18","33.85","","33.13"
"A101930","인화정공","12","0","KOSDAQ","0.29","31.82","","31.73"
"A101970","우양에이치씨","12","0","외감","","","",""
"A102120","어보브반도체","12","0","KOSDAQ","1.27","138.8","","137.06"
"A102260","동성케미컬","12","0","KOSPI","2.2","158.38","","154.97"
"A102370","케이옥션","12","0","외감","","","",""
"A102460","이연제약","12","0","KOSPI","3.33","207.95","","201.24"
"A102710","이엔에프테크놀로지","12","0","KOSDAQ","4.59","340.76","","325.82"
"A102940","코오롱생명과학","12","0","KOSDAQ","29.93","398.86","","306.99"
"A103140","풍산","12","1","KOSPI","0.83","511.44","","507.24"
"A103230","에스앤더블류","12","0","KOSDAQ","-0.46","15.48","","15.55"
"A103590","일진전기","12","0","KOSPI","1.69","77.87","","76.57"
"A103840","우양","12","0","KOSDAQ","1.18","54.9","","54.26"
"A104040","디에스엠","12","0","KOSDAQ","4.88","31.61","","30.14"
"A104200","NHN벅스","12","0","KOSDAQ","2.03","70.95","","69.54"
"A104460","디와이피엔에프","12","0","KOSDAQ","-0.23","94.28","","94.49"
"A104480","티케이케미칼","12","0","KOSDAQ","2.38","195.88","","191.33"
"A104540","코렌텍","12","0","KOSDAQ","-0.65","64.69","","65.11"
"A104620","노랑풍선","12","0","KOSDAQ","0.99","48.61","","48.13"
"A104700","한국철강","12","0","KOSPI","2.07","169.92","","166.47"
"A104830","원익머트리얼즈","12","0","KOSDAQ","2.8","277.38","","269.81"
"A105330","케이엔더블유","12","0","KOSDAQ","-2.28","33.91","","34.7"
"A105550","엣지파운드리","12","0","KOSDAQ","21.39","62.85","","51.77"
"A105560","KB금융","12","1","KOSPI","2","13804.82","","13534.55"
"A105630","한세실업","12","1","KOSPI","-0.93","424","","428"
"A105740","디케이락","12","0","KOSDAQ","2.36","58.64","","57.29"
"A105760","포스뱅크","12","0","외감","","","",""
"A105840","우진","12","0","KOSPI","-0.55","72.63","","73.03"
"A106080","케이이엠텍","12","0","KOSDAQ","0","49.17","","49.17"
"A106190","하이텍팜","12","0","KOSDAQ","0","74.79","","74.79"
"A106240","파인테크닉스","12","0","KOSDAQ","6.72","115.68","","108.39"
"A106520","노블엠앤비","12","0","KOSDAQ","3.65","67.59","","65.21"
"A107590","미원홀딩스","12","0","KOSPI","1.11","95.6","","94.55"
"A107600","새빗켐","12","0","외감","","","",""
"A107640","한중엔시에스","12","0","KONEX","0","15.18","","15.18"
"A108230","톱텍","12","0","KOSDAQ","0.31","608.37","","606.47"
"A108320","LX세미콘","12","0","KOSDAQ","1.94","470.85","","461.91"
"A108380","대양전기공업","12","0","KOSDAQ","0","102.85","","102.85"
"A108490","로보티즈","12","0","KOSDAQ","1.11","102.27","","101.15"
"A108670","LX하우시스","12","1","KOSPI","4.17","358.71","","344.36"
"A108860","셀바스AI","12","0","KOSDAQ","0","83.37","","83.37"
"A109070","주성코퍼레이션","12","0","KOSPI","0","14.72","","14.72"
"A109080","옵티시스","12","0","KOSDAQ","1.58","32.69","","32.18"
"A109610","에스와이","12","0","KOSDAQ","2.74","107.75","","104.88"
"A109670","씨싸이트","12","0","외감","","","",""
"A109740","디에스케이","12","0","KOSDAQ","2.09","148.79","","145.74"
"A109820","진매트릭스","12","0","KOSDAQ","-1.62","138.2","","140.47"
"A109860","동일금속","12","0","KOSDAQ","-0.47","73.5","","73.85"
"A109960","앱토크롬","12","0","KOSDAQ","0.42","127.59","","127.05"
"A110020","전진바이오팜","12","0","KOSDAQ","0","24.41","","24.41"
"A110790","크리스에프앤씨","12","0","KOSDAQ","0.3","198.58","","197.99"
"A110990","디아이티","12","0","KOSDAQ","5.2","133.81","","127.2"
"A111110","호전실업","12","0","KOSPI","1.32","92.4","","91.2"
"A111380","동인기연","12","0","외감","","","",""
"A111710","남화산업","12","0","KOSDAQ","11.47","250.14","","224.41"
"A111770","영원무역","12","1","KOSPI","0.41","1076.77","","1072.34"
"A112040","위메이드","12","0","KOSDAQ","1.11","382.2","","378"
"A112290","와이씨켐","12","0","외감","","","",""
"A112610","씨에스윈드","12","0","KOSPI","3.81","494.37","","476.22"
"A113810","디젠스","12","0","KOSDAQ","-0.61","16.02","","16.12"
"A114090","GKL","12","1","KOSPI","5.57","937.11","","887.63"
"A114190","강원에너지","12","0","KOSDAQ","0","45.39","","45.39"
"A114450","그린생명과학","12","0","KOSDAQ","3.06","85.95","","83.4"
"A114630","폴라리스우노","12","0","KOSDAQ","-4.25","47.44","","49.54"
"A114810","한솔아이원스","12","0","KOSDAQ","0.63","64.06","","63.66"
"A114840","아이패밀리에스씨","12","0","외감","","","",""
"A115160","휴맥스","12","0","KOSDAQ","-1.36","78.31","","79.39"
"A115180","큐리언트","12","0","KOSDAQ","1.1","197.96","","195.8"
"A115310","인포바인","12","0","KOSDAQ","1.82","62.42","","61.3"
"A115440","우리넷","12","0","KOSDAQ","4.38","69.62","","66.7"
"A115450","HLB테라퓨틱스","12","0","KOSDAQ","4.37","631.62","","605.19"
"A115480","씨유메디칼","12","0","KOSDAQ","-6.56","53.61","","57.37"
"A115500","케이씨에스","12","0","KOSDAQ","-0.94","44.1","","44.52"
"A115530","씨엔플러스","12","0","KOSDAQ","0","50.42","","50.42"
"A115570","스타플렉스","12","0","KOSDAQ","0.68","48.08","","47.76"
"A115610","이미지스","12","0","KOSDAQ","-1.14","16.57","","16.76"
"A117580","대성에너지","12","0","KOSPI","0.11","124.99","","124.85"
"A117670","알파칩스","12","0","KOSDAQ","1.98","95.28","","93.42"
"A117730","티로보틱스","12","0","KOSDAQ","3.95","42.57","","40.95"
"A118000","메타케어","12","0","KOSPI","2.24","90.12","","88.14"
"A118990","모트렉스","12","0","KOSDAQ","1.49","121.8","","119.63"
"A119500","포메탈","12","0","KOSDAQ","2.39","25.41","","24.82"
"A119610","인터로조","12","0","KOSDAQ","1.35","254.68","","251.28"
"A119650","KC코트렐","12","0","KOSPI","3.2","56.68","","54.93"
"A119830","아이텍","12","0","KOSDAQ","3.02","53.81","","52.23"
"A119850","지엔씨에너지","12","0","KOSDAQ","9.98","58.34","","53.04"
"A120030","조선선재","12","0","KOSPI","0.64","99.48","","98.85"
"A120110","코오롱인더","12","1","KOSPI","-10.1","840.39","","934.82"
"A120240","대정화금","12","0","KOSDAQ","1.57","91.95","","90.53"
"A121440","골프존홀딩스","12","0","KOSDAQ","0.55","117.16","","116.52"
"A121600","나노신소재","12","0","KOSDAQ","3.32","135.06","","130.72"
"A121800","비덴트","12","0","KOSDAQ","0.37","182.53","","181.85"
"A121850","코이즈","12","0","KOSDAQ","-1.39","16.41","","16.64"
"A121890","에스디시스템","12","0","KOSDAQ","0","6.69","","6.69"
"A122310","제노레이","12","0","KOSDAQ","0.23","124.87","","124.58"
"A122350","삼기","12","0","KOSDAQ","5.45","56.81","","53.88"
"A122450","KX","12","0","KOSDAQ","1.93","119.46","","117.19"
"A122640","예스티","12","0","KOSDAQ","-0.52","106.57","","107.13"
"A122690","서진오토모티브","12","0","KOSDAQ","2.27","35.17","","34.39"
"A122870","와이지엔터테인먼트","12","0","KOSDAQ","3.21","526.09","","509.71"
"A122900","아이마켓코리아","12","0","KOSPI","0.73","346.49","","343.98"
"A122990","와이솔","12","0","KOSDAQ","2.51","287.35","","280.31"
"A123010","알엔티엑스","12","0","KOSDAQ","0","28.77","","28.77"
"A123040","엠에스오토텍","12","0","KOSDAQ","1.43","145.81","","143.75"
"A123330","제닉","12","0","KOSDAQ","1.65","25.9","","25.48"
"A123410","코리아에프티","12","0","KOSDAQ","5.87","60.28","","56.93"
"A123420","위메이드플레이","12","0","KOSDAQ","0.28","169.39","","168.91"
"A123570","이엠넷","12","0","KOSDAQ","6.05","72.29","","68.16"
"A123690","한국화장품","12","0","KOSPI","1.01","241.02","","238.61"
"A123700","SJM","12","0","KOSPI","2.99","37.61","","36.52"
"A123750","알톤","12","0","KOSDAQ","0","20.9","","20.9"
"A123840","뉴온","12","0","KOSDAQ","1.31","34.9","","34.45"
"A123860","아나패스","12","0","KOSDAQ","0.31","166.09","","165.59"
"A123890","한국자산신탁","12","0","KOSPI","2","284.53","","278.95"
"A124500","아이티센글로벌","12","0","KOSDAQ","1.9","101.33","","99.44"
"A124560","태웅로직스","12","0","KOSDAQ","3.23","73.34","","71.04"
"A125020","티씨머티리얼즈","12","0","외감","","","",""
"A125210","아모그린텍","12","0","KOSDAQ","2.53","200.44","","195.49"
"A125490","한라캐스트","12","0","외감","","","",""
"A126340","비나텍","12","0","KONEX","1.12","76.77","","75.92"
"A126560","현대퓨처넷","12","0","KOSPI","0.64","443.04","","440.22"
"A126600","BGF에코머티리얼즈","12","0","KOSDAQ","1.69","57.22","","56.27"
"A126640","화신정공","12","0","KOSDAQ","1.21","33.46","","33.06"
"A126700","하이비젼시스템","12","0","KOSDAQ","4.46","118.94","","113.86"
"A126720","수산인더스트리","12","0","외감","","","",""
"A126730","코칩","12","0","외감","","","",""
"A126880","제이엔케이글로벌","12","0","KOSDAQ","3","80.54","","78.19"
"A127120","제이에스링크","12","0","KOSDAQ","1.91","56.98","","55.91"
"A127710","아시아경제","12","0","KOSDAQ","1.5","34.56","","34.05"
"A127980","화인써키트","12","0","외감","","","",""
"A128540","에코캡","12","0","KOSDAQ","3.01","29.92","","29.04"
"A128660","피제이메탈","12","0","KOSDAQ","0.26","47.87","","47.75"
"A128820","대성산업","12","0","KOSPI","0.8","142.27","","141.13"
"A128940","한미약품","12","1","KOSPI","0.77","3085.11","","3061.42"
"A129260","인터지스","12","0","KOSPI","3.93","47.15","","45.37"
"A129890","앱코","12","0","외감","","","",""
"A129920","대성하이텍","12","0","외감","","","",""
"A130500","GH신소재","12","0","KOSDAQ","1.4","39.93","","39.38"
"A130580","나이스디앤비","12","0","KOSDAQ","3.49","123.2","","119.04"
"A130660","한전산업","12","0","KOSPI","2.47","101.55","","99.1"
"A130740","티피씨글로벌","12","0","KOSDAQ","3.37","19","","18.38"
"A131030","옵투스제약","12","0","KOSDAQ","1.59","116.45","","114.63"
"A131090","시큐브","12","0","KOSDAQ","1.2","48.26","","47.69"
"A131100","티엔엔터테인먼트","12","0","KOSDAQ","4.31","67.32","","64.54"
"A131180","딜리","12","0","KOSDAQ","2.64","39.92","","38.89"
"A131220","대한과학","12","0","KOSDAQ","1.91","43.68","","42.86"
"A131290","티에스이","12","0","KOSDAQ","6.07","125.55","","118.36"
"A131370","알서포트","12","0","KOSDAQ","7.83","286.04","","265.27"
"A131400","이브이첨단소재","12","0","KOSDAQ","-1.05","98.05","","99.09"
"A131760","파인텍","12","0","KOSDAQ","1.89","57.95","","56.87"
"A131970","두산테스나","12","0","KOSDAQ","0.94","366.48","","363.05"
"A133750","메가엠디","12","0","KOSDAQ","-1.8","94.47","","96.2"
"A133820","화인베스틸","12","0","KOSPI","-1.09","53.78","","54.37"
"A134060","이퓨쳐","12","0","KOSDAQ","3.39","29.09","","28.14"
"A134380","미원화학","12","0","KOSPI","0.23","94.79","","94.57"
"A134580","탑코미디어","12","0","KOSDAQ","0.85","19.91","","19.74"
"A134790","시디즈","12","0","KOSPI","-1.01","68.3","","69"
"A136150","원일티엔아이","12","0","외감","","","",""
"A136410","아셈스","12","0","외감","","","",""
"A136480","하림","12","0","KOSDAQ","0.57","279.33","","277.74"
"A136490","선진","12","0","KOSPI","1.96","173.35","","170.02"
"A136540","윈스테크넷","12","0","KOSDAQ","4.41","172.38","","165.1"
"A137080","나래나노텍","12","0","외감","","","",""
"A137310","에스디바이오센서","12","0","외감","","","",""
"A137400","피엔티","12","0","KOSDAQ","2.4","178.96","","174.77"
"A137940","넥스트아이","12","0","KOSDAQ","3.1","71.87","","69.71"
"A137950","제이씨케미칼","12","0","KOSDAQ","5.43","94.83","","89.95"
"A138040","메리츠금융지주","12","0","KOSPI","0.5","1400.84","","1393.83"
"A138070","신진에스엠","12","0","KOSDAQ","-1.67","36.88","","37.5"
"A138080","오이솔루션","12","0","KOSDAQ","3.49","425.5","","411.15"
"A138360","앤로보틱스","12","0","KOSDAQ","0","122.16","","122.16"
"A138610","나이벡","12","0","KOSDAQ","0","98.14","","98.14"
"A138930","BNK금융지주","12","1","KOSPI","0.93","1588.93","","1574.27"
"A139130","iM금융지주","12","0","KOSPI","-0.1","830.51","","831.35"
"A139480","이마트","12","1","KOSPI","1.79","3163.91","","3108.15"
"A139670","키네마스터","12","0","KOSDAQ","2.97","140.88","","136.82"
"A139990","아주스틸","12","0","외감","","","",""
"A140070","서플러스글로벌","12","0","KOSDAQ","-0.31","60.11","","60.29"
"A140410","메지온","12","0","KOSDAQ","6.19","1180.53","","1111.75"
"A140430","카티스","12","0","외감","","","",""
"A140520","대창스틸","12","0","KOSDAQ","6.03","36.9","","34.8"
"A140670","알에스오토메이션","12","0","KOSDAQ","1.66","61.17","","60.17"
"A140860","파크시스템스","12","0","KOSDAQ","4.46","226.28","","216.61"
"A141000","비아트론","12","0","KOSDAQ","1.12","87.59","","86.62"
"A141080","리가켐바이오","12","0","KOSDAQ","4.3","522.41","","500.89"
"A142210","유니트론텍","12","0","KOSDAQ","3.81","43.57","","41.97"
"A142280","녹십자엠에스","12","0","KOSDAQ","-9.5","175.06","","193.43"
"A142760","모아라이프플러스","12","0","KOSDAQ","1.67","129.09","","126.96"
"A143160","아이디스","12","0","KOSDAQ","0.79","205.22","","203.61"
"A143210","핸즈코퍼레이션","12","0","KOSPI","0.68","130.31","","129.43"
"A143240","사람인","12","0","KOSDAQ","1.88","285.07","","279.82"
"A143540","영우디에스피","12","0","KOSDAQ","3.37","41.67","","40.31"
"A144510","지씨셀","12","0","KOSDAQ","-10.58","490.76","","548.81"
"A144960","뉴파워프라즈마","12","0","KOSDAQ","4.47","125.2","","119.84"
"A145020","휴젤","12","0","KOSDAQ","2.79","1434.16","","1395.28"
"A145170","노브랜드","12","0","외감","","","",""
"A145210","다이나믹디자인","12","0","KOSPI","0","177.61","","177.61"
"A145720","덴티움","12","0","KOSPI","2.14","395.71","","387.41"
"A145990","삼양사","12","1","KOSPI","0.7","370.77","","367.35"
"A146060","율촌","12","0","외감","","","",""
"A146320","비씨엔씨","12","0","외감","","","",""
"A147760","피엠티","12","0","KOSDAQ","1.26","34.73","","34.3"
"A147830","제룡산업","12","0","KOSDAQ","4.29","45","","43.15"
"A148150","세경하이테크","12","0","KOSDAQ","2.92","307.93","","299.2"
"A148250","알엔투테크놀로지","12","0","KOSDAQ","3.84","68.54","","66.01"
"A148780","비큐AI","12","0","KONEX","11.07","7.38","","6.64"
"A148930","에이치와이티씨","12","0","외감","","","",""
"A149950","아바텍","12","0","KOSDAQ","0.81","97.23","","96.45"
"A149980","하이로닉","12","0","KOSDAQ","0.13","53.58","","53.51"
"A150900","파수AI","12","0","KOSDAQ","1.3","34.08","","33.65"
"A151860","KG에코솔루션","12","0","KOSDAQ","3.65","148.14","","142.92"
"A153460","네이블","12","0","KOSDAQ","0","33.56","","33.56"
"A153490","우리이앤엘하루틴","12","0","KOSDAQ","2.19","41.92","","41.02"
"A153710","옵티팜","12","0","KOSDAQ","-1.32","97.05","","98.34"
"A154030","아시아종묘","12","0","KOSDAQ","6.12","43.96","","41.42"
"A154040","다산솔루에타","12","0","KOSDAQ","4.47","28.82","","27.58"
"A155650","와이엠씨","12","0","KOSDAQ","5.91","168.18","","158.8"
"A155660","DSR","12","0","KOSPI","2.87","57.36","","55.76"
"A156100","엘앤케이바이오","12","0","KOSDAQ","0","75.56","","75.56"
"A158430","아톤","12","0","KOSDAQ","0.99","83.8","","82.99"
"A159010","아스플로","12","0","외감","","","",""
"A159580","제로투세븐","12","0","KOSDAQ","1.83","156.25","","153.45"
"A159910","에코글로우","12","0","KOSDAQ","0","42.8","","42.8"
"A160190","하이젠알앤엠","12","0","외감","","","",""
"A160550","NEW","12","0","KOSDAQ","0.28","99.9","","99.62"
"A160980","싸이맥스","12","0","KOSDAQ","3.68","95.37","","91.98"
"A161000","애경케미칼","12","0","KOSPI","7.49","211.46","","196.73"
"A161390","한국타이어앤테크놀로지","12","1","KOSPI","0.93","2675.7","","2650.93"
"A161580","필옵틱스","12","0","KOSDAQ","1.49","166.26","","163.81"
"A161890","한국콜마","12","1","KOSPI","-0.6","944.99","","950.71"
"A162300","신스틸","12","0","외감","","","",""
"A163280","에어레인","12","0","외감","","","",""
"A163560","동일고무벨트","12","0","KOSPI","1.61","59.14","","58.21"
"A163730","핑거","12","0","외감","","","",""
"A166090","하나머티리얼즈","12","0","KOSDAQ","2.43","289.51","","282.64"
"A166480","코아스템켐온","12","0","KOSDAQ","1.56","204.33","","201.18"
"A168330","내츄럴엔도텍","12","0","KOSDAQ","0","52.18","","52.18"
"A168360","펨트론","12","0","외감","","","",""
"A169330","엠브레인","6","0","외감","","","",""
"A170030","현대공업","12","0","KOSDAQ","0.97","63.66","","63.05"
"A170790","파이오링크","12","0","KOSDAQ","4.59","78.16","","74.73"
"A170900","동아에스티","12","1","KOSPI","0.47","715.2","","711.82"
"A170920","엘티씨","12","0","KOSDAQ","4.49","61.29","","58.66"
"A171010","램테크놀러지","12","0","KOSDAQ","3.56","63.87","","61.68"
"A171090","선익시스템","12","0","KOSDAQ","0.52","52.29","","52.02"
"A171120","라이온켐텍","12","0","KOSDAQ","-0.42","130.9","","131.45"
"A172670","에이엘티","12","0","외감","","","",""
"A173130","오파스넷","12","0","KOSDAQ","0.3","27.05","","26.97"
"A173940","에프엔씨엔터","12","0","KOSDAQ","-0.53","81.16","","81.59"
"A174900","앱클론","12","0","KOSDAQ","-10.46","350.19","","391.09"
"A175140","아고스","12","0","KOSDAQ","-1.79","20.06","","20.42"
"A175250","아이큐어","12","0","KOSDAQ","2.84","151.49","","147.3"
"A175330","JB금융지주","12","0","KOSPI","0.11","872.63","","871.65"
"A176750","듀켐바이오","12","0","KONEX","1.65","54.48","","53.6"
"A177350","베셀","12","0","KOSDAQ","4.91","26.3","","25.07"
"A177830","파버나인","12","0","KOSDAQ","-5.74","49.87","","52.91"
"A177900","쓰리에이로직스","12","0","외감","","","",""
"A178320","서진시스템","12","0","KOSDAQ","3.64","489.62","","472.43"
"A178780","일월지엠엘","12","0","KOSDAQ","21.82","54.17","","44.47"
"A178920","PI첨단소재","12","0","KOSDAQ","4.15","810.51","","778.21"
"A179290","엠아이텍","12","0","KOSDAQ","2.19","92.34","","90.36"
"A179530","애드바이오텍","12","0","KONEX","3.7","23.04","","22.22"
"A179900","유티아이","12","0","KOSDAQ","3.09","211.8","","205.45"
"A180400","DXVX","12","0","KOSDAQ","0","171.29","","171.29"
"A180640","한진칼","12","0","KOSPI","-0.24","4988.07","","4999.9"
"A181710","NHN","12","0","KOSPI","1.6","1363.68","","1342.16"
"A182360","큐브엔터","12","0","KOSDAQ","2.33","87.56","","85.57"
"A182400","엔케이젠바이오텍코리아","12","0","KOSDAQ","1.95","328.9","","322.61"
"A183190","아세아시멘트","12","0","KOSPI","4.84","236.09","","225.18"
"A183300","코미코","12","0","KOSDAQ","0.83","214.11","","212.36"
"A183490","엔지켐생명과학","12","0","KOSDAQ","8.14","574.88","","531.62"
"A184230","SGA솔루션즈","12","0","KOSDAQ","1.04","28.42","","28.13"
"A185490","아이진","12","0","KOSDAQ","-1.72","85.36","","86.85"
"A185750","종근당","12","1","KOSPI","2.14","988.42","","967.74"
"A186230","그린플러스","12","0","KOSDAQ","6.34","37.19","","34.97"
"A187220","디티앤씨","12","0","KOSDAQ","-0.56","58.59","","58.92"
"A187270","신화콘텍","12","0","KOSDAQ","-0.89","22.52","","22.72"
"A187420","HLB제넥스","12","0","KOSDAQ","11.06","105.26","","94.78"
"A187660","페니트리움바이오","12","0","외감","","","",""
"A187790","나노","12","0","KOSDAQ","6.96","37.66","","35.21"
"A187870","디바이스","12","0","KOSDAQ","2.63","92.57","","90.2"
"A188040","바이오포트","12","0","외감","","","",""
"A188260","세니젠","12","0","외감","","","",""
"A189300","인텔리안테크","12","0","KOSDAQ","1.15","165.14","","163.25"
"A189330","씨이랩","12","0","KONEX","0","44.74","","44.74"
"A189690","포시에스","6","0","KOSDAQ","-0.18","43.89","","43.97"
"A189860","서전기전","12","0","KOSDAQ","6.04","30.65","","28.9"
"A189980","흥국에프엔비","12","0","KOSDAQ","2.36","55.79","","54.51"
"A190510","나무가","12","0","KOSDAQ","2.51","98.26","","95.85"
"A190650","코리아에셋투자증권","3","0","KOSDAQ","2.16","33.22","","32.51"
"A191410","육일씨엔에쓰","12","0","KOSDAQ","-2.38","19.24","","19.71"
"A191420","테고사이언스","12","0","KOSDAQ","0","139.88","","139.88"
"A192080","더블유게임즈","12","0","KOSPI","8.09","927.89","","858.48"
"A192250","케이사인","12","0","KOSDAQ","0.97","67.58","","66.93"
"A192390","윈하이텍","12","0","KOSDAQ","-3.56","23.13","","23.98"
"A192400","쿠쿠홀딩스","12","1","KOSPI","4.17","622.34","","597.44"
"A192410","오늘이엔엠","12","0","KOSDAQ","0","9.97","","9.97"
"A192440","슈피겐코리아","12","0","KOSDAQ","5.79","227.21","","214.78"
"A192650","드림텍","12","0","KOSPI","0.59","319.89","","318"
"A192820","코스맥스","12","1","KOSPI","0.61","824.06","","819.03"
"A193250","링크드","12","0","KOSDAQ","2.09","79.33","","77.7"
"A194370","제이에스코퍼레이션","12","0","KOSPI","0.98","95.75","","94.82"
"A194480","데브시스터즈","12","0","KOSDAQ","0","81.01","","81.01"
"A194700","노바렉스","12","0","KOSDAQ","4.14","226.44","","217.44"
"A195500","마니커에프앤지","12","0","KOSDAQ","0.37","83.85","","83.54"
"A195870","해성디에스","12","0","KOSPI","2.13","244.8","","239.7"
"A195940","HK이노엔","12","0","외감","","","",""
"A195990","루트K","12","0","KOSDAQ","0.47","113.48","","112.95"
"A196170","알테오젠","12","0","KOSDAQ","2.68","1224.3","","1192.34"
"A196300","HLB펩","12","0","KOSDAQ","0.49","41.08","","40.88"
"A196450","코아시아씨엠","12","0","KOSDAQ","2.01","62","","60.78"
"A196490","디에이테크놀로지","12","0","KOSDAQ","0.4","57.48","","57.25"
"A196700","웹스","12","0","KOSDAQ","1.87","18.7","","18.36"
"A197140","디지캡","12","0","KOSDAQ","3.43","30.16","","29.16"
"A198080","캐프","12","0","KOSDAQ","3.2","93.79","","90.88"
"A198440","강동씨앤엘","12","0","KOSDAQ","0.65","73.87","","73.39"
"A198940","한주라이트메탈","12","0","외감","","","",""
"A199430","케이엔알시스템","12","0","외감","","","",""
"A199480","뱅크웨어글로벌","12","0","외감","","","",""
"A199550","레이저옵텍","12","0","외감","","","",""
"A199730","바이오인프라","12","0","외감","","","",""
"A199800","툴젠","12","0","KONEX","10.16","227.61","","206.62"
"A199820","제일일렉트릭","12","0","외감","","","",""
"A200130","콜마비앤에이치","12","0","KOSDAQ","1.46","822.79","","810.97"
"A200230","텔콘RF제약","12","0","KOSDAQ","3.31","451.97","","437.47"
"A200350","아티스트스튜디오","12","0","KONEX","3.45","25.53","","24.68"
"A200470","에이팩트","12","0","KOSDAQ","4.17","96.37","","92.51"
"A200670","휴메딕스","12","0","KOSDAQ","1.79","170.01","","167.02"
"A200710","에이디테크놀로지","12","0","KOSDAQ","0.63","221.35","","219.96"
"A200780","비씨월드제약","12","0","KOSDAQ","2.24","200.05","","195.66"
"A200880","서연이화","12","0","KOSPI","0","88.38","","88.38"
"A201490","미투온","12","0","KOSDAQ","4.46","175.67","","168.17"
"A203400","에이비온","12","0","KONEX","4.2","76.94","","73.83"
"A203450","유니온바이오메트릭스","12","0","KOSDAQ","3.02","35.08","","34.06"
"A203650","드림시큐리티","12","0","KOSDAQ","3.38","108.3","","104.75"
"A203690","아크솔루션스","12","0","KOSDAQ","-1.67","201.31","","204.74"
"A204020","그리티","12","0","KOSDAQ","2.23","46.14","","45.13"
"A204270","제이앤티씨","12","0","KOSDAQ","0","604.52","","604.52"
"A204320","HL만도","12","1","KOSPI","0.82","1152.8","","1143.41"
"A204610","티쓰리","12","0","외감","","","",""
"A204620","글로벌텍스프리","12","0","KOSDAQ","1.7","111.2","","109.34"
"A204840","지엘팜텍","12","0","KOSDAQ","-1.68","36.51","","37.13"
"A205100","엑셈","12","0","KOSDAQ","4.05","91.31","","87.76"
"A205470","휴마시스","12","0","KOSDAQ","-1.92","74.55","","76.01"
"A205500","넥써쓰","12","0","KOSDAQ","2.23","47.33","","46.29"
"A206400","베노티앤알","12","0","KOSDAQ","-0.85","68.32","","68.9"
"A206560","덱스터","12","0","KOSDAQ","1.71","135.87","","133.58"
"A206640","바디텍메드","12","0","KOSDAQ","3.67","463.5","","447.08"
"A206650","유바이오로직스","12","0","KOSDAQ","0","183.53","","183.53"
"A207760","미스터블루","12","0","KOSDAQ","5.08","192.69","","183.37"
"A207940","삼성바이오로직스","12","1","KOSPI","0.56","35861.43","","35662.94"
"A208140","정다운","12","0","KOSDAQ","1.99","42.19","","41.37"
"A208350","지란지교시큐리티","12","0","KOSDAQ","2.31","39.65","","38.76"
"A208370","셀바스헬스케어","12","0","KOSDAQ","-5.16","51.78","","54.6"
"A208640","썸에이지","12","0","KOSDAQ","3.64","67.58","","65.21"
"A208710","포톤","12","0","KOSDAQ","0.75","38.97","","38.69"
"A208860","다산디엠씨","12","0","KOSDAQ","0","31.4","","31.4"
"A209640","와이제이링크","12","0","외감","","","",""
"A210120","캔버스엔","12","0","KONEX","-0.13","7.23","","7.24"
"A210540","디와이파워","12","0","KOSPI","2.26","80.05","","78.29"
"A210980","SK디앤디","12","0","KOSPI","4.75","523.18","","499.44"
"A211050","인카금융서비스","12","0","KONEX","5.27","17.95","","17.05"
"A211270","AP위성","12","0","KOSDAQ","1.84","91.29","","89.64"
"A212560","네오오토","12","0","KOSDAQ","1.76","25.04","","24.61"
"A212710","아이에스티이","12","0","외감","","","",""
"A213420","덕산네오룩스","12","0","KOSDAQ","3.7","672.28","","648.27"
"A213500","한솔제지","12","0","KOSPI","2.02","301.08","","295.13"
"A214150","클래시스","12","0","KOSDAQ","5.9","650.33","","614.09"
"A214180","헥토이노베이션","12","0","KOSDAQ","5.88","159.8","","150.92"
"A214260","라파스","12","0","KOSDAQ","0.35","120.56","","120.15"
"A214270","FSN","12","0","KOSDAQ","1.47","102.41","","100.93"
"A214320","이노션","12","1","KOSPI","0.55","1100","","1094"
"A214330","금호에이치티","12","0","KOSPI","1.67","86.37","","84.96"
"A214370","케어젠","12","0","KOSDAQ","0","821.84","","821.84"
"A214390","경보제약","12","0","KOSPI","1.45","183.84","","181.21"
"A214420","토니모리","12","0","KOSPI","0","195.8","","195.8"
"A214430","아이쓰리시스템","12","0","KOSDAQ","1.67","130.05","","127.92"
"A214450","파마리서치","12","0","KOSDAQ","3.68","379.33","","365.85"
"A214610","롤링스톤","12","0","KONEX","1.15","128.63","","127.17"
"A214680","디알텍","12","0","KOSDAQ","2.82","82.97","","80.7"
"A215000","골프존","12","0","KOSDAQ","2.34","274.86","","268.59"
"A215090","솔디펜스","12","0","KOSDAQ","8.04","31.64","","29.28"
"A215100","로보로보","12","0","KOSDAQ","1.25","57.67","","56.96"
"A215200","메가스터디교육","12","0","KOSDAQ","2.71","448.64","","436.82"
"A215360","우리산업","12","0","KOSDAQ","14.05","159.36","","139.72"
"A215380","콜마바이오텍","12","0","KOSDAQ","2.17","78.62","","76.95"
"A215480","토박스코리아","12","0","KOSDAQ","1.45","42.97","","42.36"
"A215600","신라젠","12","0","KOSDAQ","3.21","920.28","","891.63"
"A215790","이노인스트루먼트","12","0","KOSDAQ","1.23","58.21","","57.5"
"A216050","인크로스","12","0","KOSDAQ","2.84","145.83","","141.8"
"A216080","제테마","12","0","KOSDAQ","1.41","184.71","","182.16"
"A217190","제너셈","12","0","KOSDAQ","3.95","25.39","","24.42"
"A217270","넵튠","12","0","KOSDAQ","0.18","131.11","","130.87"
"A217330","싸이토젠","12","0","KOSDAQ","-0.23","49.92","","50.03"
"A217480","에스디생명공학","12","0","KOSDAQ","0.73","92.24","","91.57"
"A217500","러셀","12","0","KOSDAQ","8.28","49.94","","46.13"
"A217590","티엠씨","12","0","외감","","","",""
"A217730","강스템바이오텍","12","0","KOSDAQ","3.3","177.49","","171.82"
"A217820","원익피앤이","12","0","KOSDAQ","2.82","60.66","","59"
"A218150","미래생명자원","12","0","KOSDAQ","3.07","46.96","","45.56"
"A218410","RFHIC","12","0","KOSDAQ","4.37","996.83","","955.1"
"A219130","타이거일렉","12","0","KOSDAQ","-0.18","35.93","","35.99"
"A219420","링크제니시스","12","0","KOSDAQ","5.18","62.9","","59.8"
"A219550","디와이디","12","0","KOSDAQ","1.03","44.73","","44.27"
"A219750","한국비티비","12","0","KOSDAQ","0","41.07","","41.07"
"A220100","퓨쳐켐","12","0","KOSDAQ","0.6","58.13","","57.78"
"A220180","폴라리스AI핸디","12","0","KOSDAQ","2.31","68.87","","67.32"
"A220260","켐트로스","12","0","KOSDAQ","5.69","58.7","","55.54"
"A221800","지구홀딩스","12","0","KONEX","-14.68","17.67","","20.72"
"A221840","하이즈항공","12","0","KOSDAQ","2.57","63.53","","61.94"
"A221980","케이디켐","12","0","KOSDAQ","-0.92","43.58","","43.98"
"A222040","코스맥스엔비티","12","0","KOSDAQ","2.37","98.19","","95.92"
"A222080","SFA넥셀","12","0","KOSDAQ","3.79","192.94","","185.89"
"A222110","팬젠","12","0","KOSDAQ","0","73.28","","73.28"
"A222160","NPX","12","0","KONEX","2.5","9.25","","9.02"
"A222420","쎄노텍","12","0","KOSDAQ","5.34","55.42","","52.61"
"A222800","심텍","12","0","KOSDAQ","1.61","215.24","","211.83"
"A222980","한국맥널티","12","0","KOSDAQ","0.76","45.97","","45.62"
"A223250","드림씨아이에스","12","0","외감","","","",""
"A223310","사토시홀딩스","12","0","KOSDAQ","5.49","31.17","","29.55"
"A224060","더코디","12","0","KOSDAQ","0.27","57.62","","57.46"
"A224110","에이텍모빌리티","12","0","KOSDAQ","5.66","40.9","","38.72"
"A225190","LK삼양","12","0","KOSDAQ","2.46","104.94","","102.41"
"A225220","제놀루션","12","0","KONEX","0","47.98","","47.98"
"A225430","케이엠제약","12","0","KOSDAQ","3.42","71.11","","68.76"
"A225530","HC보광산업","12","0","KOSDAQ","1.3","155.28","","153.29"
"A225570","넥슨게임즈","12","0","KOSDAQ","1.52","193.22","","190.34"
"A225590","패션플랫폼","12","0","KOSDAQ","5.94","25.17","","23.76"
"A226320","잇츠한불","12","0","KOSPI","2.83","319.07","","310.3"
"A226330","신테카바이오","12","0","KOSDAQ","2.04","125.15","","122.65"
"A226340","본느","12","0","KOSDAQ","-0.33","93.48","","93.79"
"A226400","오스테오닉","12","0","KOSDAQ","-0.5","25.25","","25.38"
"A226590","엠디바이스","12","0","외감","","","",""
"A226950","올릭스","12","0","KOSDAQ","2.23","224.99","","220.09"
"A227100","프로브잇","12","0","KOSDAQ","1.08","17.43","","17.24"
"A227610","아우딘퓨쳐스","12","0","KOSDAQ","3.02","54.5","","52.9"
"A227840","현대코퍼레이션홀딩스","12","0","KOSPI","4.4","77.81","","74.54"
"A227950","엔투텍","12","0","KOSDAQ","0","63.9","","63.9"
"A228340","동양파일","12","0","KOSDAQ","13.66","54.9","","48.3"
"A228670","레이","12","0","KOSDAQ","1.14","236.52","","233.86"
"A228760","지노믹트리","12","0","KOSDAQ","5.14","388.73","","369.74"
"A228850","레이언스","12","0","KOSDAQ","0.38","217.34","","216.51"
"A229000","젠큐릭스","12","0","KONEX","-2.74","86.28","","88.71"
"A229640","LS에코에너지","12","0","KOSPI","1.79","208.56","","204.88"
"A230240","에치에프알","12","0","KOSDAQ","6.17","402","","378.63"
"A230360","에코마케팅","12","0","KOSDAQ","4.33","429.27","","411.45"
"A232140","와이씨","12","0","KOSDAQ","3.74","184.83","","178.16"
"A232680","라온로보틱스","12","0","KONEX","-6.38","19.06","","20.36"
"A232830","아이티센피엔에스","12","0","KONEX","-0.1","16.04","","16.06"
"A234030","싸이닉솔루션","12","0","외감","","","",""
"A234080","JW생명과학","12","0","KOSPI","2.55","254.94","","248.6"
"A234100","폴라리스세원","12","0","KOSDAQ","3.12","48.01","","46.56"
"A234300","에스트래픽","12","0","KOSDAQ","1.8","60.8","","59.73"
"A234340","헥토파이낸셜","12","0","KOSDAQ","8.49","219.16","","202.02"
"A234690","녹십자웰빙","12","0","KOSDAQ","0.47","152.67","","151.96"
"A234920","자이글","12","0","KOSDAQ","-0.83","48.31","","48.71"
"A235980","메드팩토","12","0","KOSDAQ","2.88","542.13","","526.96"
"A236200","슈프리마","12","0","KOSDAQ","2.86","219.75","","213.64"
"A236810","엔비티","12","0","외감","","","",""
"A237690","에스티팜","12","0","KOSDAQ","-3.99","627.77","","653.89"
"A237750","피앤씨테크","12","0","KOSDAQ","1.98","26.77","","26.25"
"A237820","플레이디","12","0","KOSDAQ","12.07","91.71","","81.84"
"A237880","클리오","12","0","KOSDAQ","-0.98","343.6","","346.99"
"A238090","앤디포스","12","0","KOSDAQ","2","207.67","","203.6"
"A238120","얼라인드","12","0","KOSDAQ","3.64","51.22","","49.43"
"A238200","비피도","12","0","KOSDAQ","0","76.89","","76.89"
"A238490","힘스","12","0","KOSDAQ","1.19","96.15","","95.02"
"A239340","이스트에이드","12","0","KOSDAQ","3.06","103.8","","100.72"
"A239610","에이치엘사이언스","12","0","KOSDAQ","7.74","264.82","","245.79"
"A239890","피엔에이치테크","12","0","KONEX","-4.19","30.59","","31.93"
"A240550","동방메디컬","12","0","외감","","","",""
"A240600","유진테크놀로지","12","0","외감","","","",""
"A240810","원익IPS","12","0","KOSDAQ","3.67","1317.9","","1271.27"
"A241520","DSC인베스트먼트","12","0","KOSDAQ","0.64","43","","42.72"
"A241560","두산밥캣","12","1","KOSPI","0.23","2230.54","","2225.53"
"A241590","화승엔터프라이즈","12","0","KOSPI","1.28","720.39","","711.31"
"A241690","유니테크노","12","0","KOSDAQ","0.78","108.18","","107.35"
"A241710","코스메카코리아","12","0","KOSDAQ","2.67","102.53","","99.86"
"A241770","메카로","12","0","KOSDAQ","0","107.07","","107.07"
"A241790","티이엠씨씨엔에스","12","0","KOSDAQ","4.38","90.62","","86.82"
"A241820","피씨엘","12","0","KOSDAQ","-3.15","131.97","","136.26"
"A241840","에이스토리","12","0","KOSDAQ","6.46","78.37","","73.61"
"A242040","나무에이엑스","12","0","KOSDAQ","12.74","112.18","","99.51"
"A243070","휴온스","12","0","KOSDAQ","0.55","408.31","","406.07"
"A243840","신흥에스이씨","12","0","KOSDAQ","3.36","196.29","","189.9"
"A244460","올리패스","12","0","KOSDAQ","-3.58","214.78","","222.77"
"A244920","에이플러스에셋","12","0","외감","","","",""
"A245620","EDGC","12","0","KOSDAQ","4","470.25","","452.16"
"A246250","에스엘에스바이오","12","0","KONEX","2.56","54.62","","53.26"
"A246690","TS인베스트먼트","12","0","KOSDAQ","1.1","41.03","","40.58"
"A246710","티앤알바이오팹","12","0","KOSDAQ","1.1","76.87","","76.03"
"A246720","아스타","12","0","KOSDAQ","5.18","47.82","","45.47"
"A246960","SCL사이언스","12","0","KOSDAQ","2.64","41.21","","40.15"
"A247540","에코프로비엠","12","0","KOSDAQ","3.92","1418.36","","1364.92"
"A247660","나노씨엠에스","12","0","외감","","","",""
"A248070","솔루엠","12","0","외감","","","",""
"A248170","샘표식품","12","0","KOSPI","2.95","127.46","","123.8"
"A249420","일동제약","12","0","KOSPI","4.03","307.06","","295.16"
"A250000","보라티알","12","0","KOSDAQ","0.31","43.68","","43.54"
"A250060","모비스","12","0","KOSDAQ","4.48","67.56","","64.66"
"A250930","예선테크","12","0","KOSDAQ","1.04","64.35","","63.69"
"A251120","바이오에프디엔씨","12","0","외감","","","",""
"A251270","넷마블","12","1","KOSPI","0.21","8167.14","","8149.98"
"A251370","와이엠티","12","0","KOSDAQ","4.56","152.92","","146.25"
"A251630","브이원텍","12","0","KOSDAQ","0.31","97.23","","96.93"
"A251970","펌텍코리아","12","0","KOSDAQ","0","176.08","","176.08"
"A252500","세화피앤씨","12","0","KOSDAQ","-0.58","53.62","","53.93"
"A252990","샘씨엔에스","12","0","외감","","","",""
"A253450","스튜디오드래곤","12","0","KOSDAQ","3.05","2185.9","","2121.28"
"A253590","네오셈","12","0","KOSDAQ","-1.17","47.67","","48.23"
"A253840","수젠텍","12","0","KOSDAQ","0.5","269.57","","268.24"
"A254120","자비스","12","0","KOSDAQ","0","29.93","","29.93"
"A254490","미래반도체","12","0","외감","","","",""
"A255220","SG","12","0","KOSDAQ","4","52.51","","50.49"
"A255440","야스","12","0","KOSDAQ","1.67","159.31","","156.7"
"A256150","한독크린텍","12","0","KOSDAQ","1.21","67.15","","66.35"
"A256630","포인트엔지니어링","12","0","KOSDAQ","3.05","142.23","","138.02"
"A256840","한국비엔씨","12","0","KOSDAQ","5.76","98.23","","92.88"
"A256940","킵스파마","12","0","KOSDAQ","3.73","148.93","","143.57"
"A257370","피엔티엠에스","12","0","KOSDAQ","0.92","69.75","","69.11"
"A257720","실리콘투","12","0","외감","","","",""
"A258610","케일럼","12","0","KOSDAQ","3.19","170.74","","165.46"
"A258790","소프트캠프","12","0","KOSDAQ","3.3","37.88","","36.66"
"A258830","세종메디칼","12","0","KOSDAQ","-0.14","47.38","","47.44"
"A259630","엠플러스","12","0","KOSDAQ","1.41","92.98","","91.68"
"A259960","크래프톤","12","0","외감","","","",""
"A260660","알리코제약","12","0","KOSDAQ","1.72","116.3","","114.34"
"A260930","씨티케이","12","0","KOSDAQ","0.4","125.51","","125.01"
"A260970","에스앤디","12","0","KONEX","-10.91","28.75","","32.28"
"A261200","덴티스","12","0","KOSDAQ","1.27","8.5","","8.39"
"A261520","이지스","12","0","외감","","","",""
"A261780","아리바이오랩","12","0","외감","","","",""
"A262260","에이프로","12","0","외감","","","",""
"A262840","아이퀘스트","12","0","외감","","","",""
"A263020","디케이앤디","12","0","KOSDAQ","0","36.1","","36.1"
"A263050","유틸렉스","12","0","KOSDAQ","1.72","484.09","","475.92"
"A263600","덕우전자","12","0","KOSDAQ","2.71","108.8","","105.94"
"A263690","디알젬","12","0","KOSDAQ","16.89","144.97","","124.02"
"A263700","케어랩스","12","0","KOSDAQ","3.9","111.23","","107.05"
"A263720","디앤씨미디어","12","0","KOSDAQ","10.84","276.19","","249.18"
"A263750","펄어비스","12","0","KOSDAQ","4.04","2525.4","","2427.37"
"A263770","유에스티","12","0","KOSDAQ","2.15","67.43","","66"
"A263800","데이타솔루션","12","0","KOSDAQ","2.94","49.67","","48.25"
"A263810","상신전자","12","0","KOSDAQ","2.52","37.68","","36.75"
"A263860","지니언스","12","0","KOSDAQ","1.31","40.19","","39.67"
"A263920","휴엠앤씨","12","0","KOSDAQ","-3.94","56.64","","58.97"
"A264450","유비쿼스","12","0","KOSDAQ","3.26","129.89","","125.79"
"A264660","씨앤지하이테크","12","0","KOSDAQ","0.72","58.75","","58.33"
"A264850","이랜시스","12","0","KOSDAQ","0","46.53","","46.53"
"A264900","크라운제과","12","0","KOSPI","0.67","93.55","","92.93"
"A265520","AP시스템","12","0","KOSDAQ","3.09","362.73","","351.87"
"A265560","영화테크","12","0","KOSDAQ","3.53","45.49","","43.94"
"A265740","엔에프씨","12","0","외감","","","",""
"A267250","HD현대","12","1","KOSPI","1.98","3770.35","","3697.06"
"A267260","HD현대일렉트릭","12","0","KOSPI","1.31","251.61","","248.36"
"A267270","HD건설기계","12","0","KOSPI","1.48","336.88","","331.96"
"A267290","경동도시가스","12","0","KOSPI","0.91","97.57","","96.68"
"A267320","나인테크","12","0","KOSDAQ","1.4","7.26","","7.16"
"A267790","배럴","12","0","KOSDAQ","2.43","72.4","","70.68"
"A267850","아시아나IDT","12","0","KOSPI","2.56","155.4","","151.52"
"A267980","매일유업","12","0","KOSDAQ","2.33","586.7","","573.37"
"A268280","미원에스씨","12","0","KOSPI","-1.31","398.25","","403.52"
"A269620","시스웍","12","0","KOSDAQ","1.52","36.18","","35.64"
"A270520","앱튼","12","0","KOSDAQ","0.38","38.49","","38.35"
"A270660","에브리봇","12","0","KONEX","0","7.29","","7.29"
"A270870","뉴트리","12","0","KOSDAQ","4.53","167.39","","160.13"
"A271560","오리온","12","1","KOSPI","4.82","4724.57","","4507.12"
"A271830","팸텍","12","0","외감","","","",""
"A271940","일진하이솔루스","12","0","외감","","","",""
"A271980","제일약품","12","0","KOSPI","5.44","384.53","","364.68"
"A272110","케이엔제이","12","0","KOSDAQ","2.5","36.19","","35.31"
"A272210","한화시스템","12","0","KOSPI","1.79","813.5","","799.17"
"A272290","이녹스첨단소재","12","0","KOSDAQ","4.25","328.21","","314.83"
"A272450","진에어","12","0","KOSPI","1.46","312","","307.5"
"A272550","삼양패키징","12","0","KOSPI","2.99","220.25","","213.86"
"A273060","와이즈버즈","12","0","KOSDAQ","0","15.4","","15.4"
"A273640","와이엠텍","12","0","외감","","","",""
"A274090","켄코아에어로스페이스","12","0","KOSDAQ","8.28","70.73","","65.32"
"A274400","이노시뮬레이션","12","0","외감","","","",""
"A275630","에스에스알","12","0","KOSDAQ","0.82","28.39","","28.16"
"A276040","스코넥","12","0","외감","","","",""
"A276730","한울앤제주","12","0","외감","","","",""
"A277070","린드먼아시아","12","0","KOSDAQ","0.81","42.12","","41.78"
"A277410","인산가","12","0","KOSDAQ","2.65","35.92","","34.99"
"A277810","레인보우로보틱스","12","0","외감","","","",""
"A277880","티에스아이","12","0","KONEX","2.85","126.58","","123.08"
"A278280","천보","12","0","KOSDAQ","4.63","565","","540"
"A278470","에이피알","12","0","외감","","","",""
"A278650","HLB바이오스텝","12","0","KOSDAQ","13.01","144.22","","127.62"
"A279570","케이뱅크","12","0","외감","","","",""
"A279600","미디어젠","12","0","KOSDAQ","-1.14","18.09","","18.3"
"A280360","롯데웰푸드","12","0","KOSPI","0.4","805.3","","802.09"
"A281740","레이크머티리얼즈","12","0","KOSDAQ","3.16","96.62","","92.58"
"A281820","케이씨텍","12","0","KOSPI","1.79","339.25","","333.3"
"A282330","BGF리테일","12","1","KOSPI","5.4","2532.09","","2402.46"
"A282720","금양그린파워","12","0","외감","","","",""
"A282880","코윈테크","12","0","KOSDAQ","2.21","211.07","","206.51"
"A284620","카이노스메드","12","0","KOSDAQ","-0.51","15.8","","15.88"
"A284740","쿠쿠홈시스","12","0","KOSPI","1.88","792.04","","777.45"
"A285130","SK케미칼","12","1","KOSPI","-1.79","967.49","","985.1"
"A285490","노바텍","12","0","KOSDAQ","8.18","59.69","","55.18"
"A285800","진영","12","0","외감","","","",""
"A286750","나노실리칸첨단소재","12","0","KOSDAQ","1.88","37.07","","36.39"
"A286940","롯데이노베이트","12","0","KOSPI","4.36","479.6","","459.58"
"A287840","인투셀","12","0","외감","","","",""
"A288180","케이피항공산업","12","0","외감","","","",""
"A288330","파라택시스코리아","12","0","KOSDAQ","4.79","236.48","","225.68"
"A288620","에스프리즘","12","0","KOSDAQ","6.74","86.45","","80.99"
"A288980","모아데이타","12","0","외감","","","",""
"A289010","아이스크림에듀","12","0","KOSDAQ","4.08","131.21","","126.07"
"A289080","SV인베스트먼트","3","0","KOSDAQ","-2.7","211.34","","217.19"
"A289220","자이언트스텝","12","0","외감","","","",""
"A289930","웨이비스","12","0","외감","","","",""
"A290090","트윔","12","0","외감","","","",""
"A290120","DH오토리드","12","0","KOSDAQ","-2.46","73.25","","75.1"
"A290270","휴네시온","12","0","KOSDAQ","5.46","37.13","","35.21"
"A290520","신도기연","12","0","외감","","","",""
"A290550","디케이티","12","0","KOSDAQ","1.24","73.84","","72.93"
"A290560","파라택시스이더리움","12","0","외감","","","",""
"A290650","엘앤씨바이오","12","0","KOSDAQ","10.92","463.64","","418.01"
"A290660","다이나믹솔루션","12","0","KOSDAQ","4.02","51.21","","49.22"
"A290670","대보마그네틱","12","0","KOSDAQ","2.75","148.22","","144.25"
"A290690","아리바이오홀딩스","12","0","외감","","","",""
"A290720","푸드나무","12","0","KOSDAQ","1.26","136.46","","134.76"
"A290740","액트로","12","0","KOSDAQ","3.86","91.67","","88.26"
"A291230","엔피","12","0","KOSDAQ","0.25","15.1","","15.06"
"A291650","압타머사이언스","12","0","외감","","","",""
"A291810","핀텔","12","0","외감","","","",""
"A293480","하나제약","12","0","KOSPI","-0.22","362.88","","363.69"
"A293490","카카오게임즈","12","0","외감","","","",""
"A293580","나우IB","12","0","KOSDAQ","-5.15","45.41","","47.87"
"A293780","압타바이오","12","0","KOSDAQ","5.88","257.78","","243.46"
"A294090","이오플로우","12","0","외감","","","",""
"A294140","레몬","12","0","KOSDAQ","-3.42","486.45","","503.7"
"A294570","쿠콘","12","0","외감","","","",""
"A294630","서남","12","0","KOSDAQ","0.81","63.03","","62.52"
"A294870","IPARK현대산업개발","12","1","KOSPI","6.52","1239.06","","1163.26"
"A295310","에이치브이엠","12","0","외감","","","",""
"A296640","이노에이엑스","12","0","외감","","","",""
"A297090","씨에스베어링","12","0","KOSDAQ","4.5","54.88","","52.51"
"A297570","아틀라스링크","12","0","KOSDAQ","-1.99","29.81","","30.41"
"A297890","HB솔루션","12","0","외감","","","",""
"A298000","효성화학","12","0","KOSPI","5.39","299.23","","283.92"
"A298020","효성티앤씨","12","0","KOSPI","0","514.99","","514.99"
"A298040","효성중공업","12","1","KOSPI","6.27","150.13","","141.27"
"A298050","HS효성첨단소재","12","0","KOSPI","0.29","312.25","","311.36"
"A298060","풍전약품","12","0","외감","","","",""
"A298380","에이비엘바이오","12","0","KOSDAQ","1.98","832.43","","805.93"
"A298540","더네이쳐홀딩스","12","0","외감","","","",""
"A298690","에어부산","12","0","KOSPI","1.41","187.45","","184.85"
"A298830","슈어소프트테크","12","0","외감","","","",""
"A299030","하나기술","12","0","외감","","","",""
"A299170","더블유에스아이","12","0","KOSDAQ","0.25","8.79","","8.77"
"A299660","셀리드","12","0","KOSDAQ","-0.7","204.07","","205.52"
"A299900","위지윅스튜디오","12","0","KOSDAQ","7.11","140.41","","131.09"
"A300080","플리토","12","0","KOSDAQ","4.1","47.33","","45.46"
"A300120","라온피플","12","0","KOSDAQ","2.62","181.78","","177.13"
"A300720","한일시멘트","12","0","KOSPI","0.66","318.33","","316.26"
"A301300","바이브컴퍼니","12","0","외감","","","",""
"A302430","이노메트리","12","0","KOSDAQ","2.17","113.39","","110.98"
"A302440","SK바이오사이언스","12","0","외감","","","",""
"A302550","리메드","12","0","KOSDAQ","2.47","132.76","","129.56"
"A303030","지니틱스","12","0","KOSDAQ","0","79.21","","79.21"
"A303360","프로티아","12","0","KONEX","-1.48","67.15","","68.16"
"A303530","이노뎁","12","0","외감","","","",""
"A303810","동국생명과학","12","0","외감","","","",""
"A304100","솔트룩스","12","0","외감","","","",""
"A304360","에스바이오메딕스","12","0","외감","","","",""
"A304840","피플바이오","12","0","외감","","","",""
"A305090","마이크로디지탈","12","0","KOSDAQ","-3.76","55.73","","57.91"
"A306040","에스제이그룹","12","0","KOSDAQ","5.88","133.43","","126.02"
"A306200","세아제강","12","0","KOSPI","-0.61","116.43","","117.14"
"A306620","지아이에스","12","0","KOSDAQ","-1.48","58.66","","59.55"
"A307180","아이엘","12","0","KOSDAQ","-1.05","36.85","","37.24"
"A307280","원바이오젠","12","0","KOSDAQ","0.25","7.55","","7.53"
"A307750","국전","12","0","KOSDAQ","0","10.07","","10.07"
"A307870","비투엔","12","0","KOSDAQ","0.25","9.5","","9.48"
"A307930","컴퍼니케이","12","0","KOSDAQ","4.47","102.25","","97.87"
"A307950","현대오토에버","12","0","KOSPI","4.25","798","","765.45"
"A308080","바이젠셀","12","0","외감","","","",""
"A308100","형지글로벌","12","0","KOSDAQ","0.63","62.8","","62.4"
"A308170","씨티알모빌리티","12","0","KOSPI","3.7","253.56","","244.52"
"A308430","셀비온","12","0","외감","","","",""
"A309710","아이티켐","12","0","외감","","","",""
"A309930","조이웍스앤코","12","0","KOSDAQ","0.24","9.39","","9.36"
"A309960","LB인베스트먼트","12","0","외감","","","",""
"A310200","애니플러스","12","0","KOSDAQ","-1.64","41.88","","42.57"
"A310210","보로노이","12","0","외감","","","",""
"A310870","디와이씨","12","0","KOSDAQ","0.25","6.87","","6.86"
"A311320","지오엘리먼트","12","0","외감","","","",""
"A311390","네오크레마","12","0","KOSDAQ","3.54","44.85","","43.31"
"A311690","CJ 바이오사이언스","12","0","KOSDAQ","0.44","86.38","","85.99"
"A312610","에이에프더블류","12","0","KOSDAQ","4.34","97.33","","93.28"
"A313760","캐리","12","0","KOSDAQ","1.01","38.9","","38.51"
"A314130","지놈앤컴퍼니","12","0","KONEX","0","273.91","","273.91"
"A314140","알피바이오","12","0","외감","","","",""
"A314930","바이오다인","12","0","외감","","","",""
"A315640","딥노이드","12","0","외감","","","",""
"A316140","우리금융지주","12","1","KOSPI","3.29","5893.7","","5705.91"
"A317120","라닉스","12","0","KOSDAQ","1.49","64.26","","63.31"
"A317240","TS트릴리온","12","0","KOSDAQ","0","8.91","","8.91"
"A317330","덕산테코피아","12","0","KOSDAQ","2.04","229.72","","225.12"
"A317400","자이에스앤디","12","0","KOSPI","1.33","111.95","","110.48"
"A317450","명인제약","12","0","외감","","","",""
"A317530","에피소드컴퍼니","12","0","KOSDAQ","1.83","33.81","","33.2"
"A317690","퀀타매트릭스","12","0","외감","","","",""
"A317770","엑스페릭스","12","0","KOSDAQ","0.72","41.9","","41.6"
"A317830","에스피시스템스","12","0","KOSDAQ","1.36","30.42","","30.02"
"A317850","대모","12","0","KOSDAQ","3.47","32.26","","31.17"
"A317870","엔바이오니아","12","0","KOSDAQ","1.28","41.38","","40.86"
"A318000","KBG","12","0","KOSDAQ","1.17","42.36","","41.87"
"A318010","팜스빌","12","0","KOSDAQ","12.8","111.8","","99.12"
"A318020","포인트모바일","12","0","외감","","","",""
"A318060","그래피","12","0","외감","","","",""
"A318160","셀바이오휴먼텍","12","0","외감","","","",""
"A318410","비비씨","12","0","외감","","","",""
"A319400","현대무벡스","12","0","KOSDAQ","0","17.2","","17.2"
"A319660","피에스케이","12","0","KOSDAQ","3.34","251.01","","242.88"
"A320000","한울반도체","12","0","KOSDAQ","0","7.06","","7.06"
"A321260","프로이천","12","0","KOSDAQ","0.25","6.98","","6.96"
"A321370","센서뷰","12","0","외감","","","",""
"A321550","티움바이오","12","0","KOSDAQ","2.34","256.89","","251.02"
"A321820","아티스트컴퍼니","12","0","외감","","","",""
"A322000","HD현대에너지솔루션","12","0","KOSPI","0.51","220.64","","219.52"
"A322180","LS티라유텍","12","0","KOSDAQ","7.48","62.49","","58.14"
"A322310","오로스테크놀로지","12","0","외감","","","",""
"A322510","제이엘케이","12","0","KOSDAQ","-3.59","92.34","","95.79"
"A322780","코퍼스코리아","12","0","KOSDAQ","-0.25","9.17","","9.19"
"A323280","태성","12","0","KOSDAQ","-0.25","6.99","","7.01"
"A323350","다원넥스뷰","12","0","KONEX","14.98","17.37","","15.11"
"A323410","카카오뱅크","12","0","외감","","","",""
"A323990","박셀바이오","12","0","외감","","","",""
"A326030","SK바이오팜","12","0","외감","","","",""
"A327260","RF머트리얼즈","12","0","KOSDAQ","0.71","75.19","","74.66"
"A328130","루닛","12","0","외감","","","",""
"A328380","솔트웨어","12","0","KOSDAQ","0","12.93","","12.93"
"A329180","HD현대중공업","12","0","외감","","","",""
"A330350","위더스제약","12","0","외감","","","",""
"A330730","스톤브릿지벤처스","12","0","외감","","","",""
"A330860","네패스아크","12","0","외감","","","",""
"A331380","포커스에이아이","12","0","KOSDAQ","0.75","8.04","","7.98"
"A331520","밸로프","12","0","KOSDAQ","0.5","7.76","","7.72"
"A331740","아우토크립트","12","0","외감","","","",""
"A331920","셀레믹스","12","0","외감","","","",""
"A332290","누보","12","0","KOSDAQ","0.25","10.38","","10.36"
"A332370","아이디피","12","0","외감","","","",""
"A332570","PS일렉트로닉스","12","0","외감","","","",""
"A333050","이노테나","12","0","KOSDAQ","0","10.02","","10.02"
"A333430","일승","12","0","KOSDAQ","0.25","8.78","","8.76"
"A333620","엔시스","12","0","외감","","","",""
"A334970","프레스티지바이오로직스","6","0","외감","","","",""
"A335810","프리시젼바이오","12","0","외감","","","",""
"A335870","윙스풋","12","0","KOSDAQ","0","6.3","","6.3"
"A336060","웨이버스","12","0","KOSDAQ","0.5","11.83","","11.77"
"A336260","두산퓨얼셀","12","0","KOSPI","17.83","451.16","","382.91"
"A336370","솔루스첨단소재","12","0","KOSPI","13.65","980.4","","862.63"
"A336570","원텍","12","0","KOSDAQ","0.5","11.19","","11.14"
"A336680","탑런토탈솔루션","12","0","외감","","","",""
"A337930","젝시믹스","12","0","외감","","","",""
"A338220","뷰노","12","0","외감","","","",""
"A338840","와이바이오로직스","12","0","외감","","","",""
"A339770","교촌에프앤비","12","0","외감","","","",""
"A339950","아이비김영","12","0","KOSDAQ","0","13.05","","13.05"
"A340360","다보링크","12","0","KOSDAQ","0.25","13.69","","13.66"
"A340440","세림B&G","12","0","KOSDAQ","0.5","9.47","","9.42"
"A340450","지씨지놈","12","0","외감","","","",""
"A340570","티앤엘","12","0","외감","","","",""
"A340810","시선AI","12","0","외감","","","",""
"A340930","성원에너텍","12","0","외감","","","",""
"A342870","오아","12","0","외감","","","",""
"A344820","KCC글라스","12","0","KOSPI","1.59","213.77","","210.43"
"A344860","이노진","12","0","외감","","","",""
"A347000","센코","12","0","외감","","","",""
"A347700","스피어","12","0","외감","","","",""
"A347740","피엔케이피부임상연구센타","12","0","외감","","","",""
"A347770","핌스","12","0","외감","","","",""
"A347850","디앤디파마텍","12","0","외감","","","",""
"A347860","알체라","12","0","외감","","","",""
"A347890","엠엑스온","12","0","외감","","","",""
"A348030","모비릭스","12","0","외감","","","",""
"A348080","큐라티스","12","0","외감","","","",""
"A348150","고바이오랩","12","0","외감","","","",""
"A348210","넥스틴","12","0","외감","","","",""
"A348340","뉴로메카","12","0","외감","","","",""
"A348350","위드텍","12","0","외감","","","",""
"A348370","엔켐","12","0","외감","","","",""
"A351320","넥사다이내믹스","12","0","외감","","","",""
"A351330","이삭엔지니어링","12","0","외감","","","",""
"A351870","차이커뮤니케이션","12","0","외감","","","",""
"A352090","스톰테크","12","0","외감","","","",""
"A352480","씨앤씨인터내셔널","12","0","외감","","","",""
"A352700","씨앤투스","12","0","외감","","","",""
"A352770","셀레스트라","12","0","외감","","","",""
"A352820","하이브","12","0","외감","","","",""
"A352910","오비고","12","0","외감","","","",""
"A352940","인바이오","12","0","외감","","","",""
"A353190","휴럼","12","0","외감","","","",""
"A353200","대덕전자","12","0","외감","","","",""
"A353590","오토앤","12","0","외감","","","",""
"A353810","이지바이오","12","0","외감","","","",""
"A354200","엔젠바이오","12","0","외감","","","",""
"A354320","알멕","12","0","외감","","","",""
"A355150","코스텍시스","12","0","외감","","","",""
"A355390","크라우드웍스","12","0","외감","","","",""
"A355690","에이텀","12","0","외감","","","",""
"A356680","엑스게이트","12","0","외감","","","",""
"A356860","티엘비","12","0","외감","","","",""
"A356890","싸이버원","12","0","외감","","","",""
"A357230","에이치피오","12","0","외감","","","",""
"A357550","석경에이티","12","0","외감","","","",""
"A357580","아모센스","12","0","외감","","","",""
"A357780","솔브레인","12","0","외감","","","",""
"A357880","SKAI","12","0","외감","","","",""
"A358570","지아이이노베이션","12","0","외감","","","",""
"A359090","씨엔알리서치","12","0","외감","","","",""
"A360070","탑머티리얼","12","0","외감","","","",""
"A360350","코셈","12","0","외감","","","",""
"A361390","제노코","12","0","외감","","","",""
"A361570","알비더블유","12","0","외감","","","",""
"A361610","SK아이이테크놀로지","12","0","외감","","","",""
"A361670","삼영에스앤씨","12","0","외감","","","",""
"A362320","청담글로벌","12","0","외감","","","",""
"A362990","드림인사이트","12","0","외감","","","",""
"A363250","진시스템","12","0","외감","","","",""
"A363260","모비데이즈","12","0","외감","","","",""
"A363280","티와이홀딩스","12","0","외감","","","",""
"A364950","에이아이코리아","12","0","외감","","","",""
"A365270","큐라클","12","0","외감","","","",""
"A365330","에스와이스틸텍","12","0","외감","","","",""
"A365340","성일하이텍","12","0","외감","","","",""
"A365590","하이딥","12","0","외감","","","",""
"A365900","브이씨","12","0","외감","","","",""
"A366030","나인앤컴퍼니","12","0","외감","","","",""
"A367000","플래티어","12","0","외감","","","",""
"A368600","아이씨에이치","12","0","외감","","","",""
"A368770","파이버프로","12","0","외감","","","",""
"A368970","오에스피","12","0","외감","","","",""
"A369370","블리츠웨이엔터테인먼트","12","0","외감","","","",""
"A370090","퓨런티어","12","0","외감","","","",""
"A371950","풍원정밀","12","0","외감","","","",""
"A372170","윤성에프앤씨","12","0","외감","","","",""
"A372320","큐로셀","12","0","외감","","","",""
"A372800","아이티아이즈","12","0","외감","","","",""
"A372910","한컴라이프케어","12","0","외감","","","",""
"A373110","엑셀세라퓨틱스","12","0","외감","","","",""
"A373160","데이원컴퍼니","12","0","외감","","","",""
"A373170","엠아이큐브솔루션","12","0","외감","","","",""
"A373200","엑스플러스","12","0","외감","","","",""
"A373220","LG에너지솔루션","12","0","외감","","","",""
"A375500","DL이앤씨","12","0","외감","","","",""
"A376180","피코그램","12","0","외감","","","",""
"A376270","HEM파마","12","0","외감","","","",""
"A376290","씨유테크","12","0","외감","","","",""
"A376300","디어유","12","0","외감","","","",""
"A376900","로킷헬스케어","12","0","외감","","","",""
"A376930","노을","12","0","외감","","","",""
"A376980","원티드랩","12","0","외감","","","",""
"A377030","비트맥스","12","0","외감","","","",""
"A377220","프롬바이오","12","0","외감","","","",""
"A377300","카카오페이","12","0","외감","","","",""
"A377330","이지트로닉스","12","0","외감","","","",""
"A377450","리파인","12","0","외감","","","",""
"A377460","큐에이드","12","0","외감","","","",""
"A377480","마음AI","12","0","외감","","","",""
"A377740","바이오노트","12","0","외감","","","",""
"A378340","필에너지","12","0","외감","","","",""
"A378800","샤페론","12","0","외감","","","",""
"A378850","화승알앤에이","12","0","외감","","","",""
"A380540","옵티코어","12","0","외감","","","",""
"A380550","뉴로핏","12","0","외감","","","",""
"A381620","제닉스로보틱스","12","0","외감","","","",""
"A381970","케이카","12","0","외감","","","",""
"A382150","온코크로스","12","0","외감","","","",""
"A382480","지아이텍","12","0","외감","","","",""
"A382800","지앤비에스 에코","12","0","외감","","","",""
"A382840","원준","12","0","외감","","","",""
"A382900","범한퓨얼셀","12","0","외감","","","",""
"A383220","F&F","12","0","외감","","","",""
"A383310","에코프로에이치엔","12","0","외감","","","",""
"A383800","LX홀딩스","12","0","외감","","","",""
"A383930","디티앤씨알오","12","0","외감","","","",""
"A384470","코어라인소프트","12","0","외감","","","",""
"A387570","파인메딕스","12","0","외감","","","",""
"A388050","지투파워","12","0","외감","","","",""
"A388210","씨엠티엑스","12","0","외감","","","",""
"A388610","지에프씨생명과학","12","0","외감","","","",""
"A388720","유일로보틱스","12","0","외감","","","",""
"A388790","라이콤","12","0","외감","","","",""
"A388870","파로스아이바이오","12","0","외감","","","",""
"A389020","자람테크놀로지","12","0","외감","","","",""
"A389030","지니너스","12","0","외감","","","",""
"A389140","포바이포","12","0","외감","","","",""
"A389260","대명에너지","12","0","외감","","","",""
"A389470","인벤티지랩","12","0","외감","","","",""
"A389500","에스비비테크","12","0","외감","","","",""
"A389650","넥스트바이오메디컬","12","0","외감","","","",""
"A389680","유디엠텍","12","0","외감","","","",""
"A391710","코닉오토메이션","12","0","외감","","","",""
"A393210","토마토시스템","12","0","외감","","","",""
"A393890","더블유씨피","12","0","외감","","","",""
"A393970","대진첨단소재","12","0","외감","","","",""
"A394280","오픈엣지테크놀로지","12","0","외감","","","",""
"A394420","리센스메디컬","12","0","외감","","","",""
"A394800","쓰리빌리언","12","0","외감","","","",""
"A396270","넥스트칩","12","0","외감","","","",""
"A396300","세아메카닉스","12","0","외감","","","",""
"A396470","워트","12","0","외감","","","",""
"A397030","에이프릴바이오","12","0","외감","","","",""
"A397810","애드포러스","12","0","외감","","","",""
"A398120","에스지헬스케어","12","0","외감","","","",""
"A399720","가온칩스","12","0","외감","","","",""
"A402030","코난테크놀로지","12","0","외감","","","",""
"A402340","SK스퀘어","12","0","외감","","","",""
"A402490","그린리소스","12","0","외감","","","",""
"A403490","우듬지팜","12","0","외감","","","",""
"A403550","쏘카","12","0","외감","","","",""
"A403850","더핑크퐁컴퍼니","12","0","외감","","","",""
"A403870","HPSP","12","0","외감","","","",""
"A405000","플라즈맵","12","0","외감","","","",""
"A405100","큐알티","12","0","외감","","","",""
"A405920","나라셀라","12","0","외감","","","",""
"A406820","뷰티스킨","12","0","외감","","","",""
"A407400","꿈비","12","0","외감","","","",""
"A408470","한패스","12","0","외감","","","",""
"A408900","스튜디오미르","12","0","외감","","","",""
"A408920","메쎄이상","12","0","외감","","","",""
"A411080","샌즈랩","12","0","외감","","","",""
"A412350","레이저쎌","12","0","외감","","","",""
"A412540","제일엠앤에스","12","0","외감","","","",""
"A413390","엠오티","12","0","외감","","","",""
"A413630","씨피시스템","12","0","외감","","","",""
"A413640","비아이매트릭스","12","0","외감","","","",""
"A415380","스튜디오삼익","12","0","외감","","","",""
"A416180","신성에스티","12","0","외감","","","",""
"A417010","나노팀","12","0","외감","","","",""
"A417180","핑거스토리","12","0","외감","","","",""
"A417200","LS머트리얼즈","12","0","외감","","","",""
"A417500","제이아이테크","12","0","외감","","","",""
"A417790","트루엔","12","0","외감","","","",""
"A417840","저스템","12","0","외감","","","",""
"A417860","오브젠","12","0","외감","","","",""
"A417970","모델솔루션","12","0","외감","","","",""
"A418250","시큐레터","12","0","외감","","","",""
"A418420","라온텍","12","0","외감","","","",""
"A418470","KT밀리의서재","12","0","외감","","","",""
"A418550","제이오","12","0","외감","","","",""
"A418620","E8","12","0","외감","","","",""
"A419050","삼기에너지솔루션즈","12","0","외감","","","",""
"A419080","엔젯","12","0","외감","","","",""
"A419120","산돌","12","0","외감","","","",""
"A419530","SAMG엔터","12","0","외감","","","",""
"A419540","비스토스","12","0","외감","","","",""
"A420570","제이투케이바이오","12","0","외감","","","",""
"A420770","기가비스","12","0","외감","","","",""
"A424760","벨로크","12","0","외감","","","",""
"A424870","이뮨온시아","12","0","외감","","","",""
"A424960","스마트레이더시스템","12","0","외감","","","",""
"A424980","마이크로투나노","12","0","외감","","","",""
"A425040","티이엠씨","12","0","외감","","","",""
"A425420","티에프이","12","0","외감","","","",""
"A429270","시지트로닉스","12","0","외감","","","",""
"A430690","한싹","12","0","외감","","","",""
"A431190","케이쓰리아이","12","0","외감","","","",""
"A432430","와이랩","12","0","외감","","","",""
"A432470","케이엔에스","12","0","외감","","","",""
"A432720","퀄리타스반도체","12","0","외감","","","",""
"A432980","엠에프씨","12","0","외감","","","",""
"A434480","모니터랩","12","0","외감","","","",""
"A435570","에르코스","12","0","외감","","","",""
"A437730","삼현","12","0","외감","","","",""
"A438700","버넥트","12","0","외감","","","",""
"A439090","마녀공장","12","0","외감","","","",""
"A439260","대한조선","12","0","외감","","","",""
"A439580","블루엠텍","12","0","외감","","","",""
"A439960","코스모로보틱스","12","0","외감","","","",""
"A440110","파두","12","0","외감","","","",""
"A440290","HB인베스트먼트","12","0","외감","","","",""
"A440320","오픈놀","12","0","외감","","","",""
"A441270","파인엠텍","12","0","외감","","","",""
"A443060","HD현대마린솔루션","12","0","외감","","","",""
"A443250","레뷰코퍼레이션","12","0","외감","","","",""
"A443670","에스피소프트","12","0","외감","","","",""
"A444530","심플랫폼","12","0","외감","","","",""
"A445090","에이직랜드","12","0","외감","","","",""
"A445180","퓨릿","12","0","외감","","","",""
"A445680","큐리옥스바이오시스템즈","12","0","외감","","","",""
"A446070","유니드비티플러스","12","0","외감","","","",""
"A446540","메가터치","12","0","외감","","","",""
"A446840","지슨","12","0","외감","","","",""
"A448280","에코아이","12","0","외감","","","",""
"A448710","코츠테크놀로지","12","0","외감","","","",""
"A448900","한국피아이엠","12","0","외감","","","",""
"A450080","에코프로머티","12","0","외감","","","",""
"A450330","하스","12","0","외감","","","",""
"A450520","인스웨이브","12","0","외감","","","",""
"A450950","아스테라시스","12","0","외감","","","",""
"A451220","아이엠티","12","0","외감","","","",""
"A451250","삐아","12","0","외감","","","",""
"A451760","컨텍","12","0","외감","","","",""
"A452160","제이엔비","12","0","외감","","","",""
"A452190","한빛레이저","12","0","외감","","","",""
"A452200","민테크","12","0","외감","","","",""
"A452260","한화갤러리아","12","0","외감","","","",""
"A452280","한선엔지니어링","12","0","외감","","","",""
"A452300","캡스톤파트너스","12","0","외감","","","",""
"A452400","이닉스","12","0","외감","","","",""
"A452430","사피엔반도체","12","0","외감","","","",""
"A452450","피아이이","12","0","외감","","","",""
"A453340","현대그린푸드","12","0","외감","","","",""
"A453450","그리드위즈","12","0","외감","","","",""
"A453860","에이에스텍","12","0","외감","","","",""
"A454910","두산로보틱스","12","0","외감","","","",""
"A455180","케이지에이","12","0","외감","","","",""
"A455900","엔젤로보틱스","12","0","외감","","","",""
"A456010","아이씨티케이","12","0","외감","","","",""
"A456040","OCI","12","0","외감","","","",""
"A456070","이엔셀","12","0","외감","","","",""
"A456160","지투지바이오","12","0","외감","","","",""
"A457190","이수스페셜티케미컬","12","0","외감","","","",""
"A457370","한켐","12","0","외감","","","",""
"A457550","우진엔텍","12","0","외감","","","",""
"A457600","벡트","12","0","외감","","","",""
"A458350","에스팀","12","0","외감","","","",""
"A458650","성우","12","0","외감","","","",""
"A458870","씨어스","12","0","외감","","","",""
"A459100","위츠","12","0","외감","","","",""
"A459510","나우로보틱스","12","0","외감","","","",""
"A459550","알트","12","0","외감","","","",""
"A460470","아이빔테크놀로지","12","0","외감","","","",""
"A460850","동국씨엠","12","0","외감","","","",""
"A460860","동국제강","12","0","외감","","","",""
"A460870","에스엠씨지","12","0","외감","","","",""
"A460930","현대힘스","12","0","외감","","","",""
"A460940","피앤에스로보틱스","12","0","외감","","","",""
"A461030","아이엠비디엑스","12","0","외감","","","",""
"A461300","아이스크림미디어","12","0","외감","","","",""
"A462310","뉴키즈온","12","0","외감","","","",""
"A462350","이노스페이스","12","0","외감","","","",""
"A462510","라메디텍","12","0","외감","","","",""
"A462520","조선내화","12","0","외감","","","",""
"A462860","더즌","12","0","외감","","","",""
"A462870","시프트업","12","0","외감","","","",""
"A462980","아이지넷","12","0","외감","","","",""
"A463020","뉴엔AI","12","0","외감","","","",""
"A463480","모티브링크","12","0","외감","","","",""
"A464080","에스오에스랩","12","0","외감","","","",""
"A464280","티디에스팜","12","0","외감","","","",""
"A464490","쿼드메디슨","12","0","외감","","","",""
"A464500","아이언디바이스","12","0","외감","","","",""
"A464580","닷밀","12","0","외감","","","",""
"A465480","인스피언","12","0","외감","","","",""
"A465770","STX그린로지스","12","0","외감","","","",""
"A466100","클로봇","12","0","외감","","","",""
"A466410","사이냅소프트","12","0","외감","","","",""
"A468530","프로티나","12","0","외감","","","",""
"A469610","이노테크","12","0","외감","","","",""
"A469750","아이비젼웍스","12","0","외감","","","",""
"A471820","셀로맥스사이언스","12","0","외감","","","",""
"A472850","폰드그룹","12","0","외감","","","",""
"A473980","노머스","12","0","외감","","","",""
"A474170","루미르","12","0","외감","","","",""
"A474610","RF시스템즈","12","0","외감","","","",""
"A474650","링크솔루션","12","0","외감","","","",""
"A475150","SK이터닉스","12","0","외감","","","",""
"A475230","엔알비","12","0","외감","","","",""
"A475400","씨메스로보틱스","12","0","외감","","","",""
"A475430","키스트론","12","0","외감","","","",""
"A475460","미트박스","12","0","외감","","","",""
"A475560","더본코리아","12","0","외감","","","",""
"A475580","에이럭스","12","0","외감","","","",""
"A475660","에스켐","12","0","외감","","","",""
"A475830","오름테라퓨틱","12","0","외감","","","",""
"A475960","토모큐브","12","0","외감","","","",""
"A476040","오가노이드사이언스","12","0","외감","","","",""
"A476060","온코닉테라퓨틱스","12","0","외감","","","",""
"A476080","M83","12","0","외감","","","",""
"A476830","알지노믹스","12","0","외감","","","",""
"A477850","마키나락스","12","0","외감","","","",""
"A478340","나라스페이스테크놀로지","12","0","외감","","","",""
"A478560","블랙야크아이앤씨","12","0","외감","","","",""
"A479960","위너스일렉","12","0","외감","","","",""
"A480370","씨케이솔루션","12","0","외감","","","",""
"A481070","에이유브랜즈","12","0","외감","","","",""
"A482630","삼양엔씨켐","12","0","외감","","","",""
"A483650","달바글로벌","12","0","외감","","","",""
"A484120","도우인시스","12","0","외감","","","",""
"A484590","삼양컴텍","12","0","외감","","","",""
"A484810","티엑스알로보틱스","12","0","외감","","","",""
"A484870","엠앤씨솔루션","12","0","외감","","","",""
"A486990","노타","12","0","외감","","","",""
"A487570","HS효성","12","0","외감","","","",""
"A487580","폴레드","12","0","외감","","","",""
"A488280","에스투더블유","12","0","외감","","","",""
"A488900","비츠로넥스텍","12","0","외감","","","",""
"A489460","바이오비쥬","12","0","외감","","","",""
"A489500","엘케이켐","12","0","외감","","","",""
"A489790","한화비전","12","0","외감","","","",""
"A490470","세미파이브","12","0","외감","","","",""
"A491000","리브스메드","12","0","외감","","","",""
"A493280","아이엠바이오로직스","12","0","외감","","","",""
"A493330","지에프아이","12","0","외감","","","",""
"A494120","큐리오시스","12","0","외감","","","",""
"A499790","GS피앤엘","12","0","외감","","","",""
"A900070","글로벌에스엠","12","0","KOSDAQ","1.42","30.74","","30.31"
"A900100","파이온엑스","12","0","KOSDAQ","0","74.16","","74.16"
"A900110","딥커머스","12","0","KOSDAQ","0","25.07","","25.07"
"A900120","씨엑스아이","6","0","KOSDAQ","-0.47","23.63","","23.74"
"A900140","엘브이엠씨홀딩스","12","0","KOSPI","2.61","250.75","","244.36"
"A900250","크리스탈신소재","12","0","KOSDAQ","3.14","89.14","","86.42"
"A900260","로스웰","12","0","KOSDAQ","0.26","55.44","","55.29"
"A900270","헝셩그룹","12","0","KOSDAQ","1.34","66.32","","65.44"
"A900290","GRT","6","0","KOSDAQ","1.12","121.95","","120.6"
"A900300","오가닉티코스메틱","12","0","KOSDAQ","0.86","66.89","","66.32"
"A900310","컬러레이","12","0","KOSDAQ","0.31","86.67","","86.4"
"A900340","윙입푸드","12","0","KOSDAQ","0.86","84.67","","83.95"
"A950130","엑세스바이오","12","0","KOSDAQ","-2.73","137.33","","141.19"
"A950140","잉글우드랩","12","0","KOSDAQ","3.93","86.72","","83.45"
"A950160","코오롱티슈진","12","0","KOSDAQ","0","489.55","","489.55"
"A950170","JTC","2","0","KOSDAQ","2.51","178.53","","174.15"
"A950190","고스트스튜디오","12","0","외감","","","",""
"A950200","소마젠","12","0","외감","","","",""
"A950210","프레스티지바이오파마","6","0","외감","","","",""
"A950220","네오이뮨텍","12","0","외감","","","",""
"A950250","테라뷰","4","0","외감","","","",""
