"Code","Name","결산월","코스피200 구성종목여부(1:해당, 0:미해당)","상장된 시장","수정주가수익률","시가총액","","이전 시가총액"
"A000020","동화약품","12","0","KOSPI","2.91","296.07","","287.69"
"A000040","KR모터스","12","0","KOSPI","-3.03","36.37","","37.51"
"A000050","경방","12","0","KOSPI","0.49","281.01","","279.64"
"A000070","삼양홀딩스","12","1","KOSPI","-1.82","416.65","","424.36"
"A000080","하이트진로","12","1","KOSPI","1.3","2454.68","","2423.12"
"A000100","유한양행","12","1","KOSPI","-1.92","3409.7","","3476.55"
"A000120","CJ대한통운","12","1","KOSPI","-1.4","3216.54","","3262.17"
"A000140","하이트진로홀딩스","12","0","KOSPI","2.05","346.94","","339.98"
"A000150","두산","12","1","KOSPI","-3.35","643.6","","665.91"
"A000180","성창기업지주","12","0","KOSPI","-2.24","106.37","","108.81"
"A0001A0","덕양에너젠","12","0","외감","","","",""
"A000210","DL","12","1","KOSPI","0.5","2825.76","","2811.84"
"A000220","유유제약","12","0","KOSPI","-0.87","72.28","","72.92"
"A000230","일동홀딩스","12","0","KOSPI","-1.14","100.4","","101.56"
"A000240","한국앤컴퍼니","12","1","KOSPI","-5.24","907.88","","958.11"
"A000250","삼천당제약","12","0","KOSDAQ","0.67","826.76","","821.23"
"A000270","기아","12","1","KOSPI","-2.78","12039.29","","12383.85"
"A000300","DH오토넥스","12","0","KOSPI","-1.17","72.37","","73.23"
"A000320","노루홀딩스","12","0","KOSPI","0.41","128.92","","128.39"
"A000370","한화손해보험","12","0","KOSPI","1.95","274.34","","269.08"
"A000390","SP삼화","12","0","KOSPI","-2.49","129.68","","132.99"
"A000400","롯데손해보험","12","0","KOSPI","-4.55","586.54","","614.47"
"A000430","대원강업","12","0","KOSPI","-1.32","186","","188.48"
"A000440","중앙에너비스","12","0","KOSDAQ","0.11","56.42","","56.36"
"A000480","CR홀딩스","12","0","KOSPI","-1.35","293.2","","297.2"
"A000490","대동","12","0","KOSPI","-0.32","112.47","","112.83"
"A0004V0","엔비알모션","12","0","외감","","","",""
"A000500","가온전선","12","0","KOSPI","-0.91","68.02","","68.65"
"A000520","삼일제약","12","0","KOSPI","-0.26","122.85","","123.18"
"A000540","흥국화재","12","0","KOSPI","-4.51","163.18","","170.89"
"A000590","CS홀딩스","12","0","KOSPI","-0.21","56.11","","56.22"
"A000640","동아쏘시오홀딩스","12","1","KOSPI","-3.14","529.74","","546.92"
"A000650","천일고속","12","0","KOSPI","-0.51","83.32","","83.75"
"A000660","SK하이닉스","12","1","KOSPI","1.42","62389.8","","61516.2"
"A000670","영풍","12","1","KOSPI","-3.62","981.81","","1018.65"
"A000680","LS네트웍스","12","0","KOSPI","-2.98","154.06","","158.79"
"A000700","유수홀딩스","12","0","KOSPI","-0.99","157.03","","158.59"
"A000720","현대건설","12","1","KOSPI","-2.36","3685.88","","3774.96"
"A000760","이화산업","12","0","KOSPI","-4.76","36.4","","38.22"
"A0007C0","아크릴","12","0","외감","","","",""
"A0007J0","인벤테라","12","0","외감","","","",""
"A000810","삼성화재","12","1","KOSPI","-1.34","8693.28","","8811.72"
"A000850","화천기공","12","0","KOSPI","-0.64","68.53","","68.97"
"A000860","강남제비스코","12","0","KOSPI","-3.43","109.85","","113.75"
"A000880","한화","12","1","KOSPI","-2.08","1409.22","","1439.21"
"A000890","보해양조","12","0","KOSPI","-2.05","109.61","","111.9"
"A0008Z0","에스엔시스","12","0","외감","","","",""
"A000910","유니온","12","0","KOSPI","12.09","77.43","","69.08"
"A000950","전방","12","0","KOSPI","-3.45","21.17","","21.92"
"A000970","한국주철관","12","0","KOSPI","-0.52","219.57","","220.71"
"A000990","DB하이텍","12","1","KOSPI","-1.44","1216.52","","1234.28"
"A0009K0","에임드바이오","12","0","외감","","","",""
"A001000","신라섬유","12","0","KOSDAQ","-0.57","42.24","","42.49"
"A001020","페이퍼코리아","12","0","KOSPI","-2.06","50.11","","51.17"
"A001040","CJ","12","1","KOSPI","-1.9","2255.38","","2299.15"
"A001060","JW중외제약","12","1","KOSPI","-1.5","617.14","","626.56"
"A001070","대한방직","12","0","KOSPI","0.25","106","","105.74"
"A001080","만호제강","6","0","KOSPI","-2.54","55.82","","57.27"
"A0010F0","보원케미칼","12","0","외감","","","",""
"A0010V0","제이피아이헬스케어","12","0","외감","","","",""
"A001120","LX인터내셔널","12","1","KOSPI","-2.61","505.82","","519.38"
"A001130","대한제분","12","0","KOSPI","-1.95","212.94","","217.17"
"A0011A0","액스비스","12","0","외감","","","",""
"A0011T0","채비","12","0","외감","","","",""
"A001200","유진투자증권","12","0","KOSPI","0.16","308.52","","308.04"
"A001210","금호전기","12","0","KOSPI","0.28","37.17","","37.06"
"A001230","동국홀딩스","12","1","KOSPI","-2.61","374.57","","384.59"
"A001250","GS글로벌","12","0","KOSPI","-3.16","139.07","","143.61"
"A001260","남광토건","12","0","KOSPI","-2.8","119.42","","122.86"
"A001270","부국증권","12","0","KOSPI","0.83","188.21","","186.66"
"A001290","상상인증권","12","0","KOSPI","-3.91","118.21","","123.02"
"A001340","PKC","12","0","KOSPI","-2.57","127.79","","131.16"
"A001360","삼성제약","12","0","KOSPI","-2.49","253.58","","260.05"
"A001380","SG글로벌","12","0","KOSPI","7.94","61.15","","56.65"
"A001390","KG케미칼","12","0","KOSPI","-3.45","182.19","","188.69"
"A0013V0","삼진식품","12","0","외감","","","",""
"A001420","태원물산","12","0","KOSPI","-2.36","26.71","","27.36"
"A001430","세아베스틸지주","12","1","KOSPI","-3.22","344.99","","356.47"
"A001440","대한전선","12","0","KOSPI","0.25","688.6","","686.89"
"A001450","현대해상","12","1","KOSPI","-0.19","2297.58","","2302.05"
"A001460","BYC","12","0","KOSPI","1.38","137.73","","135.85"
"A001470","삼부토건","12","0","KOSPI","-1.68","104.95","","106.74"
"A001500","현대차증권","12","0","KOSPI","-2.33","258.75","","264.91"
"A001510","SK증권","12","0","KOSPI","-0.3","317.58","","318.53"
"A001520","동양","12","1","KOSPI","-2.71","299.55","","307.9"
"A001530","DI동일","12","0","KOSPI","-1.3","149.42","","151.39"
"A001540","안국약품","12","0","KOSDAQ","5.21","144.77","","137.6"
"A001550","조비","12","0","KOSPI","-1.2","85.15","","86.19"
"A001560","제일연마","12","0","KOSPI","-2.29","59.8","","61.2"
"A001570","금양","12","0","KOSPI","-0.58","112.98","","113.64"
"A0015G0","그린광학","12","0","외감","","","",""
"A0015N0","아로마티카","12","0","외감","","","",""
"A0015S0","페스카로","12","0","외감","","","",""
"A001620","케이비아이동국실업","12","0","KOSPI","-0.16","40.29","","40.35"
"A001630","종근당홀딩스","12","0","KOSPI","7.08","643.77","","601.18"
"A001680","대상","12","1","KOSPI","3.39","845.41","","817.69"
"A001720","신영증권","3","0","KOSPI","-0.78","415.81","","419.1"
"A001740","SK네트웍스","12","1","KOSPI","-3.28","1243.42","","1285.61"
"A001750","한양증권","12","0","KOSPI","-0.48","79.68","","80.06"
"A001770","SHD","12","0","KOSPI","-0.99","24.24","","24.48"
"A001780","알루코","12","0","KOSPI","-1.7","150.91","","153.52"
"A001790","대한제당","12","0","KOSPI","-0.26","173.56","","174.01"
"A0017J0","세미티에스","12","0","외감","","","",""
"A001800","오리온홀딩스","12","1","KOSPI","-0.69","898.96","","905.23"
"A001810","무림SP","12","0","KOSDAQ","-2.23","43.72","","44.72"
"A001820","삼화콘덴서","12","0","KOSPI","-1.21","507.28","","513.51"
"A001840","이화공영","12","0","KOSDAQ","-0.54","108.73","","109.33"
"A001940","KISCO홀딩스","12","0","KOSPI","-0.45","202.32","","203.24"
"A002020","코오롱","12","0","KOSPI","-3.2","229.17","","236.75"
"A002030","아세아","12","0","KOSPI","-1.43","180.98","","183.61"
"A002070","비비안","12","0","KOSPI","-3.69","71.77","","74.52"
"A002100","경농","12","0","KOSPI","0","271.15","","271.15"
"A002140","고려산업","12","0","KOSPI","-2.75","83.8","","86.17"
"A002150","도화엔지니어링","12","0","KOSPI","-2.75","309.55","","318.32"
"A002170","SYTS","12","0","KOSPI","0.56","160.8","","159.9"
"A002200","한국수출포장","12","0","KOSPI","-1.3","76","","77"
"A002210","동성제약","12","0","KOSPI","1.09","362.38","","358.47"
"A002220","한일철강","12","0","KOSPI","-1.85","35.49","","36.16"
"A002230","피에스텍","12","0","KOSDAQ","1.37","72.78","","71.79"
"A002240","고려제강","12","1","KOSPI","-4.11","280","","292"
"A002290","삼일기업공사","12","0","KOSDAQ","-1.07","34.41","","34.78"
"A002310","아세아제지","12","0","KOSPI","-0.44","307.21","","308.55"
"A002320","한진","12","0","KOSPI","-1.89","589.75","","601.13"
"A002350","넥센타이어","12","1","KOSPI","-3.42","579.17","","599.68"
"A002360","SH에너지화학","12","0","KOSPI","-2.08","99.46","","101.58"
"A002380","KCC","12","1","KOSPI","-3.27","1315.2","","1359.63"
"A002390","한독","12","0","KOSPI","0.42","329.64","","328.26"
"A002410","범양건영","12","0","KOSPI","-1.52","72.63","","73.75"
"A002420","세기상사","12","0","KOSPI","-1","20.26","","20.46"
"A002450","삼익악기","12","0","KOSPI","0","137.15","","137.15"
"A002460","HS화성","12","0","KOSPI","-0.44","113.43","","113.92"
"A002600","조흥","12","0","KOSPI","4.93","95.7","","91.2"
"A002620","제일파마홀딩스","12","0","KOSPI","-1.02","233.21","","235.61"
"A002630","오리엔트바이오","3","0","KOSPI","-3.23","73.3","","75.74"
"A002680","한탑","12","0","KOSDAQ","-2.87","41.48","","42.7"
"A002690","동일제강","12","0","KOSPI","-0.73","30.75","","30.98"
"A002700","신일전자","12","0","KOSPI","-1.97","159.5","","162.7"
"A002710","TCC스틸","12","0","KOSPI","-1.07","42.55","","43.01"
"A002720","국제약품","12","0","KOSPI","0.54","135.98","","135.24"
"A002760","보락","12","0","KOSPI","-1.02","115.91","","117.1"
"A002780","진흥기업","12","0","KOSPI","-1.64","304.76","","309.85"
"A002790","아모레퍼시픽홀딩스","12","1","KOSPI","-2.68","4493.97","","4617.66"
"A002800","신신제약","12","0","KOSDAQ","1.87","115.75","","113.63"
"A002810","삼영무역","12","0","KOSPI","-2.51","251.15","","257.61"
"A002820","SUN&L","12","0","KOSPI","-4.71","51.06","","53.58"
"A002840","미원상사","12","0","KOSPI","0","315.6","","315.6"
"A002870","신풍","12","0","KOSPI","-0.35","49.12","","49.29"
"A002880","디와이에이","12","0","KOSPI","-2.68","77.51","","79.65"
"A002900","TYM","12","0","KOSPI","-1.68","125.12","","127.26"
"A002920","유성기업","12","0","KOSPI","-1.67","68.89","","70.06"
"A002960","한국쉘석유","12","1","KOSPI","-1.73","331.5","","337.35"
"A002990","금호건설","12","0","KOSPI","-4.99","272.19","","286.48"
"A003000","부광약품","12","1","KOSPI","13.35","1789.53","","1578.8"
"A003010","혜인","12","0","KOSPI","-0.87","57.78","","58.29"
"A003030","세아제강지주","12","0","KOSPI","-2.15","122.39","","125.08"
"A003060","에이프로젠바이오로직스","12","0","KOSPI","0.23","521.98","","520.77"
"A003070","코오롱글로벌","12","0","KOSPI","-1.69","205.72","","209.25"
"A003080","SB성보","12","0","KOSPI","1.9","86.09","","84.48"
"A003090","대웅","12","0","KOSPI","3.96","991.32","","953.53"
"A003100","선광","12","0","KOSDAQ","0","95.04","","95.04"
"A003120","일성아이에스","12","0","KOSPI","-0.63","252.43","","254.03"
"A003160","디아이","12","0","KOSPI","-3.75","101.1","","105.04"
"A003200","일신방직","12","0","KOSPI","-3.43","142.08","","147.12"
"A003220","대원제약","12","0","KOSPI","0.68","301.63","","299.61"
"A003230","삼양식품","12","0","KOSPI","3.56","877.6","","847.46"
"A003240","태광산업","12","1","KOSPI","-2.58","840.62","","862.89"
"A003280","흥아해운","12","0","KOSPI","0","30.12","","30.12"
"A003300","한일홀딩스","12","0","KOSPI","-0.11","261.95","","262.25"
"A003310","대주산업","12","0","KOSDAQ","-0.39","44.95","","45.13"
"A003350","한국화장품제조","12","0","KOSPI","0.39","175.16","","174.48"
"A003380","하림지주","12","0","KOSDAQ","-4.06","641.05","","668.19"
"A003460","유화증권","12","0","KOSPI","-0.43","129.85","","130.42"
"A003470","유안타증권","12","0","KOSPI","-2.88","538.91","","554.88"
"A003480","한진중공업홀딩스","12","0","KOSPI","0.74","101.14","","100.4"
"A003490","대한항공","12","1","KOSPI","-2.92","1735.66","","1787.82"
"A003520","영진약품","12","1","KOSPI","-0.99","914.46","","923.61"
"A003530","한화투자증권","12","0","KOSPI","-2.89","395.84","","407.64"
"A003540","대신증권","12","0","KOSPI","-0.99","507.73","","512.81"
"A003550","LG","12","1","KOSPI","-1.13","10577.75","","10698.54"
"A003570","SNT다이내믹스","12","0","KOSPI","-1.45","180.56","","183.22"
"A003580","HLB글로벌","12","0","KOSPI","-3.08","219.84","","226.82"
"A003610","방림","9","0","KOSPI","-2.44","76.17","","78.07"
"A003620","KG모빌리티","12","1","KOSPI","-1.97","224.01","","228.51"
"A003650","미창석유","12","0","KOSPI","-0.5","103.34","","103.86"
"A003670","포스코퓨처엠","12","0","KOSPI","-1.37","3067.71","","3110.4"
"A003680","한성기업","12","0","KOSPI","-0.51","30.55","","30.71"
"A003690","코리안리","12","0","KOSPI","-0.24","984.62","","987.03"
"A003720","삼영","12","0","KOSPI","0","40.63","","40.63"
"A003780","진양산업","12","0","KOSPI","-2.15","41.47","","42.38"
"A003800","에이스침대","12","0","KOSDAQ","-0.24","468","","469.11"
"A003830","대한화섬","12","0","KOSPI","-0.97","108.63","","109.69"
"A003850","보령","12","1","KOSPI","0.38","583.44","","581.23"
"A003920","남양유업","12","1","KOSPI","-1.11","225","","227.52"
"A003960","사조대림","12","0","KOSPI","-0.65","141.13","","142.05"
"A004000","롯데정밀화학","12","1","KOSPI","-3.91","919.77","","957.18"
"A004020","현대제철","12","1","KOSPI","-3.16","2662.24","","2748.98"
"A004060","SG세계물산","12","0","KOSPI","-2.37","141.5","","144.94"
"A004080","신흥","12","0","KOSPI","-2","89.28","","91.1"
"A004090","한국석유","12","0","KOSPI","-1.51","64.08","","65.06"
"A004100","태양금속","12","0","KOSPI","0.42","44.04","","43.86"
"A004140","동방","12","0","KOSPI","-3.93","77.64","","80.82"
"A004150","한솔홀딩스","12","0","KOSPI","0","141.55","","141.55"
"A004170","신세계","12","1","KOSPI","0.21","2402.22","","2397.3"
"A004250","NPC","12","0","KOSPI","0.27","135.68","","135.31"
"A004270","남성","12","0","KOSPI","-3.41","82.02","","84.92"
"A004310","현대약품","11","0","KOSPI","-0.75","147.68","","148.8"
"A004360","세방","12","0","KOSPI","0.41","191.35","","190.58"
"A004370","농심","12","1","KOSPI","3.35","1876.5","","1815.67"
"A004380","삼익THK","12","0","KOSPI","-2.09","245.7","","250.95"
"A004410","서울식품","12","0","KOSPI","-0.55","60.73","","61.07"
"A004430","송원산업","12","0","KOSPI","-4.61","322.8","","338.4"
"A004440","삼일씨엔에스","12","0","KOSPI","-4.91","76.39","","80.34"
"A004450","삼화왕관","12","0","KOSPI","-0.51","83.48","","83.91"
"A004490","세방전지","12","1","KOSPI","-3.51","404.6","","419.3"
"A004540","깨끗한나라","12","0","KOSPI","1.94","147.1","","144.31"
"A004560","현대비앤지스틸","12","0","KOSPI","-1.99","111.58","","113.85"
"A004590","한국가구","12","0","KOSDAQ","-5.54","66.45","","70.35"
"A004650","창해에탄올","12","0","KOSDAQ","-0.67","136.03","","136.94"
"A004690","삼천리","12","0","KOSPI","0.14","294.39","","293.99"
"A004700","조광피혁","12","0","KOSPI","0.36","278.93","","277.93"
"A004710","한솔테크닉스","12","0","KOSPI","-0.98","227.02","","229.26"
"A004720","팜젠사이언스","12","0","KOSPI","0","95.56","","95.56"
"A004770","써니전자","12","0","KOSPI","0","110.96","","110.96"
"A004780","대륙제관","12","0","KOSDAQ","-1.56","65.36","","66.4"
"A004800","효성","12","1","KOSPI","-0.29","1458.11","","1462.33"
"A004830","덕성","12","0","KOSPI","0","53.63","","53.63"
"A004840","DRB동일","12","0","KOSPI","-5.22","130.14","","137.32"
"A004870","티웨이홀딩스","12","0","KOSPI","-3.03","98.15","","101.22"
"A004890","동일산업","12","0","KOSPI","0.19","127.32","","127.08"
"A004910","조광페인트","12","0","KOSPI","1.23","73.47","","72.58"
"A004920","씨아이테크","12","0","KOSPI","-0.44","26.96","","27.08"
"A004960","한신공영","12","0","KOSPI","-1.53","148.68","","151"
"A004970","신라교역","12","0","KOSPI","-0.94","168","","169.6"
"A004980","성신양회","12","0","KOSPI","-2.03","189.51","","193.43"
"A004990","롯데지주","12","1","KOSPI","0.26","3981.31","","3970.81"
"A005010","휴스틸","12","0","KOSPI","-1.61","51.22","","52.06"
"A005030","부산주공","12","0","KOSPI","-0.81","15.56","","15.69"
"A005070","코스모신소재","12","0","KOSPI","-3.16","250.66","","258.84"
"A005090","SGC에너지","12","0","KOSPI","-1.74","137.38","","139.81"
"A005110","한창","12","0","KOSPI","1.95","90.98","","89.24"
"A005160","동국산업","12","0","KOSDAQ","-1.83","116.63","","118.8"
"A005180","빙그레","12","1","KOSPI","-1.76","660.03","","671.85"
"A005250","녹십자홀딩스","12","1","KOSPI","-0.65","1074.59","","1081.65"
"A005290","동진쎄미켐","12","0","KOSDAQ","-0.85","899.75","","907.47"
"A005300","롯데칠성","12","1","KOSPI","-2.69","867.29","","891.27"
"A005320","온타이드","12","0","KOSPI","7.85","90.86","","84.25"
"A005360","모나미","12","0","KOSPI","0","59.9","","59.9"
"A005380","현대차","12","1","KOSPI","-1.92","19636.11","","20020.71"
"A005420","코스모화학","12","0","KOSPI","-2.32","197.66","","202.36"
"A005430","한국공항","12","0","KOSPI","-0.98","159.9","","161.48"
"A005440","현대지에프홀딩스","12","1","KOSPI","2.27","792.38","","774.8"
"A005490","POSCO홀딩스","12","1","KOSPI","-3.41","14821.76","","15344.88"
"A005500","삼진제약","12","0","KOSPI","-1.15","359.31","","363.49"
"A005610","삼립","12","1","KOSPI","-1.87","632.51","","644.59"
"A005670","푸드웰","12","0","KOSDAQ","-1.19","58","","58.7"
"A005680","삼영전자","12","0","KOSPI","-2.06","151.8","","155"
"A005690","파미셀","12","0","KOSPI","5.16","1343.08","","1277.13"
"A005710","대원산업","12","0","KOSDAQ","-0.11","90.77","","90.87"
"A005720","넥센","12","0","KOSPI","-2.33","246.84","","252.73"
"A005740","크라운해태홀딩스","12","0","KOSPI","0","135.85","","135.85"
"A005750","대림바스","12","0","KOSPI","0.13","62.77","","62.69"
"A005800","신영와코루","12","0","KOSPI","0","72","","72"
"A005810","풍산홀딩스","12","0","KOSPI","-1.08","215.47","","217.82"
"A005820","원림","12","0","KOSPI","-2.01","37.51","","38.28"
"A005830","DB손해보험","12","1","KOSPI","-1.84","3210.78","","3270.96"
"A005850","에스엘","12","1","KOSPI","-2.55","645.92","","662.8"
"A005860","한일사료","12","0","KOSDAQ","-0.58","67.58","","67.97"
"A005870","휴니드","12","0","KOSPI","-0.18","80.46","","80.6"
"A005880","대한해운","12","0","KOSPI","-2.2","433.58","","443.35"
"A005930","삼성전자","12","1","KOSPI","-1.03","285952.58","","288937.48"
"A005940","NH투자증권","12","1","KOSPI","-2.98","2563.63","","2642.43"
"A005950","이수화학","12","0","KOSPI","-2.05","182.57","","186.39"
"A005960","동부건설","12","0","KOSPI","-3.1","184.43","","190.33"
"A005990","매일홀딩스","12","0","KOSDAQ","-2.82","118.39","","121.82"
"A006040","동원산업","12","0","KOSPI","0","902.86","","902.86"
"A006050","국영지앤엠","12","0","KOSDAQ","0.79","88.98","","88.28"
"A006060","화승인더","12","0","KOSPI","-0.93","470.22","","474.65"
"A006090","사조오양","12","0","KOSPI","-2.01","78.21","","79.81"
"A006110","삼아알미늄","12","0","KOSPI","0.65","42.52","","42.24"
"A006120","SK디스커버리","12","1","KOSPI","0.93","514.02","","509.26"
"A006140","피제이전자","12","0","KOSDAQ","1.82","67.05","","65.85"
"A006200","한국전자홀딩스","12","0","KOSPI","0.36","26.07","","25.98"
"A006220","제주은행","12","0","KOSPI","-0.31","103.94","","104.26"
"A006260","LS","12","1","KOSPI","-2.79","1123.78","","1155.98"
"A006280","녹십자","12","1","KOSPI","0.33","1752.98","","1747.14"
"A006340","대원전선","12","0","KOSPI","-3.37","68.45","","70.83"
"A006360","GS건설","12","1","KOSPI","-2.85","1910.33","","1966.4"
"A006370","대구백화점","12","0","KOSPI","-0.38","56.92","","57.14"
"A006380","카프로","12","0","KOSPI","-0.81","122.2","","123.2"
"A006400","삼성SDI","12","1","KOSPI","-1.05","19529.13","","19735.42"
"A006490","프리티","12","0","KOSPI","-0.52","280.04","","281.5"
"A006570","대림통상","12","0","KOSPI","0","63.95","","63.95"
"A006620","동구바이오제약","12","0","KOSDAQ","3.26","182.48","","176.71"
"A006650","대한유화","12","1","KOSPI","-2.73","809.25","","832"
"A006660","삼성공조","12","0","KOSPI","-1","48.51","","49"
"A006730","서부T&D","12","0","KOSDAQ","-2.6","348.26","","357.56"
"A006740","블루산업개발","12","0","KOSPI","-2.08","73.04","","74.59"
"A006800","미래에셋증권","12","1","KOSPI","-2.72","3535.16","","3633.91"
"A006840","AK홀딩스","12","1","KOSPI","-3.44","315.95","","327.21"
"A006880","신송홀딩스","12","0","KOSPI","2.16","47.61","","46.61"
"A006890","태경케미컬","12","0","KOSPI","-1.24","64.5","","65.31"
"A006910","보성파워텍","12","0","KOSDAQ","-2.52","80.17","","82.24"
"A006920","모헨즈","12","0","KOSDAQ","-0.24","46.36","","46.46"
"A006980","우성","12","0","KOSPI","0.16","97.64","","97.49"
"A007070","GS리테일","12","1","KOSPI","0.92","2956.8","","2929.85"
"A007110","일신석재","12","0","KOSPI","-1.56","195.19","","198.29"
"A007120","미래아이앤지","12","0","KOSPI","-0.52","49.59","","49.85"
"A007160","사조산업","12","0","KOSPI","-3.99","156.25","","162.75"
"A007210","벽산","12","0","KOSPI","-1.82","111.07","","113.12"
"A007280","한국특강","12","0","KOSPI","-3.79","45.13","","46.91"
"A007310","오뚜기","12","1","KOSPI","-0.75","1910.78","","1925.2"
"A007330","푸른저축은행","12","0","KOSDAQ","0.39","115.38","","114.93"
"A007340","DN오토모티브","12","0","KOSPI","-3.29","249.35","","257.85"
"A007370","진양제약","12","0","KOSDAQ","5.55","75.36","","71.4"
"A007390","네이처셀","12","0","KOSDAQ","-2.7","660.86","","679.21"
"A007460","에이프로젠","12","0","KOSPI","2.13","555.21","","543.63"
"A007530","와이엠","12","0","KOSDAQ","0.32","20.34","","20.28"
"A007540","샘표","12","0","KOSPI","2.8","126.54","","123.08"
"A007570","일양약품","12","1","KOSPI","2.11","647.96","","634.6"
"A007590","동방아그로","12","0","KOSPI","-2.15","86.61","","88.51"
"A007610","선도전기","12","0","KOSPI","-2.65","49.5","","50.85"
"A007660","이수페타시스","12","0","KOSPI","2.95","151.25","","146.92"
"A007680","대원","12","0","KOSDAQ","-0.56","101.97","","102.55"
"A007690","국도화학","12","0","KOSPI","-0.98","234.75","","237.07"
"A007700","F&F홀딩스","12","0","KOSPI","-2.84","1578.5","","1624.7"
"A007720","소노스퀘어","12","0","KOSDAQ","-0.74","134.57","","135.58"
"A007770","한일화학","12","0","KOSDAQ","0.43","33.1","","32.96"
"A007810","코리아써키트","12","0","KOSPI","-0.69","202.9","","204.32"
"A007820","엠엑스로보틱스","12","0","KOSDAQ","-1.99","167.48","","170.89"
"A007860","서연","12","0","KOSPI","-0.97","84.06","","84.88"
"A007980","TP","12","0","KOSPI","6.36","116.79","","109.81"
"A008040","사조동아원","12","0","KOSPI","-1.52","127.74","","129.71"
"A008060","대덕","12","1","KOSPI","0","640.44","","640.44"
"A008250","이건산업","12","0","KOSPI","-2.54","63.09","","64.73"
"A008260","NI스틸","12","0","KOSPI","-0.28","51.34","","51.48"
"A008290","원풍물산","12","0","KOSDAQ","-1.97","111.5","","113.74"
"A0082N0","카나프테라퓨틱스","12","0","외감","","","",""
"A008350","남선알미늄","12","0","KOSPI","1.79","563.02","","553.1"
"A008370","원풍","12","0","KOSDAQ","-1.05","45.12","","45.6"
"A008420","문배철강","12","0","KOSPI","-2.55","43.06","","44.19"
"A008470","부스타","12","0","KOSDAQ","-1.93","36.31","","37.02"
"A008490","서흥","12","0","KOSPI","0.58","504.41","","501.52"
"A008500","일정실업","12","0","KOSPI","-2.94","11.88","","12.24"
"A008600","윌비스","12","0","KOSPI","-4.31","98.18","","102.6"
"A008700","아남전자","12","0","KOSPI","0","132.65","","132.65"
"A008730","율촌화학","12","0","KOSPI","1.38","363.32","","358.36"
"A008770","호텔신라","12","1","KOSPI","1.13","3167.32","","3132"
"A008830","대동기어","12","0","KOSDAQ","-0.4","22.65","","22.74"
"A008870","금비","9","0","KOSPI","0.8","50.4","","50"
"A0088M0","메쥬","12","0","외감","","","",""
"A008930","한미사이언스","12","1","KOSPI","2.35","2013.34","","1967.13"
"A008970","KBI동양철관","12","0","KOSPI","-0.47","126.61","","127.21"
"A009070","KCTC","12","0","KOSPI","-1.71","69","","70.2"
"A009140","경인전자","12","0","KOSPI","-1.45","26.78","","27.17"
"A009150","삼성전기","12","1","KOSPI","1.72","8851.2","","8701.82"
"A009160","SIMPAC","12","0","KOSPI","-1.33","169.46","","171.75"
"A009180","한솔로지스틱스","12","0","KOSPI","-2.41","38.88","","39.84"
"A009190","대양금속","12","0","KOSPI","-4.06","76.87","","60.27"
"A009200","무림페이퍼","12","0","KOSPI","-0.69","89.46","","90.08"
"A009240","한샘","12","1","KOSPI","4.29","1887.42","","1809.76"
"A009270","신원","12","0","KOSPI","-1.45","144.15","","146.27"
"A009290","광동제약","12","0","KOSPI","8.98","362.75","","332.87"
"A009300","삼아제약","12","0","KOSDAQ","0.35","91.09","","90.77"
"A009310","참엔지니어링","12","0","KOSPI","0","72.93","","72.93"
"A009320","아진전자부품","12","0","KOSPI","-2.34","109.35","","111.97"
"A009410","태영건설","12","0","KOSPI","-4.21","1042.86","","1088.7"
"A009420","한올바이오파마","12","1","KOSPI","-1.4","1287.73","","1306.02"
"A009440","KC그린홀딩스","12","0","KOSPI","-2.52","86.71","","88.95"
"A009450","경동나비엔","12","0","KOSPI","-1.85","505.76","","515.31"
"A009460","한창제지","12","0","KOSPI","-1.97","133.66","","136.34"
"A009470","삼화전기","12","0","KOSPI","-2.05","94.58","","96.56"
"A009520","포스코엠텍","12","0","KOSDAQ","0","169.28","","169.28"
"A009540","HD한국조선해양","12","1","KOSPI","-2.13","5534.46","","5654.77"
"A009580","무림P&P","12","0","KOSPI","-1.33","208.31","","211.12"
"A009620","삼보산업","12","0","KOSDAQ","-0.63","30.28","","30.47"
"A009680","모토닉","12","0","KOSPI","-2.52","242.55","","248.82"
"A009730","이렘","12","0","KOSDAQ","-1.67","41.16","","41.86"
"A009770","삼정펄프","12","0","KOSPI","-2.13","63.25","","64.62"
"A009780","엠에스씨","12","0","KOSDAQ","-4.2","84.22","","87.91"
"A009810","플레이그램","12","0","KOSPI","0.28","60.76","","60.59"
"A009830","한화솔루션","12","1","KOSPI","4.01","2511","","2414.12"
"A009900","명신산업","12","0","외감","","","",""
"A009970","영원무역홀딩스","12","0","KOSPI","-2.88","552.24","","568.6"
"A010040","한국내화","12","0","KOSPI","0.42","82.42","","82.08"
"A010060","OCI홀딩스","12","1","KOSPI","-2.16","918.2","","938.47"
"A010100","한국무브넥스","12","0","KOSPI","-2.05","65.62","","66.99"
"A010120","LS ELECTRIC","12","1","KOSPI","-3.81","1098","","1141.5"
"A010130","고려아연","12","1","KOSPI","-0.81","6972.47","","7029.08"
"A010140","삼성중공업","12","1","KOSPI","-2.38","2583","","2646"
"A010170","대한광통신","12","0","KOSDAQ","-2.14","236.34","","241.5"
"A010240","흥국","12","0","KOSDAQ","-1.74","45.29","","46.09"
"A010280","아이티센엔텍","12","0","KOSDAQ","-2","59.48","","60.7"
"A010400","우진아이엔에스","12","0","KOSPI","-2.86","51.83","","53.35"
"A010470","오리콤","12","0","KOSDAQ","4.65","48.69","","46.52"
"A010580","에스엠벡셀","12","0","KOSPI","0","19.76","","19.76"
"A010640","진양폴리","12","0","KOSPI","-2.14","27.4","","28"
"A010660","화천기계","12","0","KOSPI","0.69","79.75","","79.2"
"A010690","화신","12","0","KOSPI","-3.71","72.46","","75.25"
"A010770","평화홀딩스","12","0","KOSPI","-1.82","47.39","","48.26"
"A010780","아이에스동서","12","1","KOSPI","-2.08","798.57","","815.56"
"A010820","퍼스텍","12","0","KOSPI","-1.52","91.19","","92.59"
"A010950","S-Oil","12","1","KOSPI","-2.93","7464.24","","7689.4"
"A010960","삼호개발","12","0","KOSPI","-4.15","121.25","","126.5"
"A011000","진원생명과학","12","0","KOSPI","3.62","341.12","","329.2"
"A011040","경동제약","12","0","KOSDAQ","-0.83","222.49","","224.35"
"A011070","LG이노텍","12","1","KOSPI","4.41","3360.73","","3218.73"
"A011080","형지I&C","12","0","KOSDAQ","0.19","20.57","","20.53"
"A011090","에넥스","12","0","KOSPI","11","66.59","","59.99"
"A011150","CJ씨푸드","12","0","KOSPI","0.12","146.6","","146.42"
"A011170","롯데케미칼","12","1","KOSPI","-2.14","6272.4","","6409.5"
"A011200","HMM","12","0","KOSPI","-1.59","1172.83","","1191.82"
"A011210","현대위아","12","1","KOSPI","-3.55","886.56","","919.19"
"A011230","삼화전자","12","0","KOSPI","-1.16","26.72","","27.03"
"A011280","태림포장","12","0","KOSPI","-0.99","282.87","","285.7"
"A011300","우성머티리얼스","12","0","KOSPI","-2.7","24.62","","25.3"
"A011320","유니크","12","0","KOSDAQ","-2.5","120.75","","123.85"
"A011330","유니켐","12","0","KOSPI","-3.13","104.89","","108.28"
"A011370","서한","12","0","KOSDAQ","-1.78","100.09","","101.9"
"A011390","부산산업","12","0","KOSPI","-2.7","152.06","","156.29"
"A011420","갤럭시아에스엠","12","0","KOSPI","0.36","38.16","","38.02"
"A011500","한농화성","12","0","KOSPI","0.32","74.35","","74.12"
"A011560","세보엠이씨","12","0","KOSDAQ","-2.21","56.02","","57.28"
"A011690","와이투솔루션","12","0","KOSPI","0","71.36","","71.36"
"A011700","한신기계","12","0","KOSPI","-1.05","46.07","","46.56"
"A011760","현대코퍼레이션","12","0","KOSPI","-3.04","189.84","","195.79"
"A011780","금호석유화학","12","1","KOSPI","-1.97","2123.6","","2166.25"
"A011790","SKC","12","1","KOSPI","-2.61","1824.18","","1872.97"
"A0117P0","피스피스스튜디오","12","0","외감","","","",""
"A011810","STX","12","0","KOSPI","3.11","137.3","","133.16"
"A011930","신성이엔지","12","0","KOSPI","-3.29","158.44","","163.83"
"A012030","DB","12","0","KOSPI","-0.5","159.53","","160.34"
"A0120G0","삼양바이오팜","12","0","외감","","","",""
"A012160","영흥","12","0","KOSPI","1.32","99.13","","97.84"
"A012170","아센디오","12","0","KOSPI","0","29.59","","29.59"
"A012200","계양전기","12","0","KOSPI","0","93.07","","93.07"
"A012210","삼미금속","12","0","외감","","","",""
"A012280","영화금속","12","0","KOSPI","0.58","78.18","","77.72"
"A012320","경동인베스트","12","0","KOSPI","-1.41","66.1","","67.05"
"A012330","현대모비스","12","1","KOSPI","-1.45","16159.3","","16396.93"
"A012340","뉴인텍","12","0","KOSDAQ","0.26","56.93","","56.78"
"A012450","한화에어로스페이스","12","1","KOSPI","-3.27","1197.4","","1237.9"
"A012510","더존비즈온","12","0","KOSPI","-1.94","2996.94","","3056.29"
"A012610","경인양행","12","0","KOSPI","-2.36","286.94","","293.88"
"A012620","원일특강","12","0","KOSDAQ","-4.68","40.35","","42.33"
"A012630","HDC","12","1","KOSPI","-2.27","565.16","","578.3"
"A012690","모나리자","12","0","KOSPI","1.3","285.99","","282.33"
"A0126Z0","삼성에피스홀딩스","12","0","외감","","","",""
"A012700","리드코프","12","0","KOSDAQ","-1.24","147.83","","149.69"
"A012750","에스원","12","1","KOSPI","-0.46","3290.73","","3305.93"
"A012790","신일제약","12","0","KOSDAQ","1.19","83.4","","82.42"
"A012800","대창","12","0","KOSPI","-2.38","112.1","","114.84"
"A012860","모베이스전자","12","0","KOSDAQ","0.74","70.46","","69.94"
"A013000","세우글로벌","12","0","KOSPI","0.26","55.69","","55.54"
"A013030","하이록코리아","12","0","KOSDAQ","-4.21","170.17","","177.65"
"A013120","동원개발","12","0","KOSDAQ","-1.41","316.47","","321.01"
"A013310","아진산업","12","0","KOSDAQ","-1.11","81.82","","82.73"
"A013360","일성건설","12","0","KOSPI","0.46","59.16","","58.89"
"A013520","화승코퍼레이션","12","0","KOSPI","-2.17","101.68","","103.94"
"A013570","디와이","12","0","KOSPI","0","110.41","","110.41"
"A013580","계룡건설","12","0","KOSPI","-2.79","140.22","","144.23"
"A013700","까뮤이앤씨","12","0","KOSPI","-1.11","60.28","","60.96"
"A013720","청보","12","0","KOSDAQ","-1.96","18.4","","18.77"
"A013810","스페코","12","0","KOSDAQ","1.16","51","","50.41"
"A013870","지엠비코리아","12","0","KOSPI","-1.59","82.87","","84.2"
"A013890","지누스","12","0","KOSPI","-3.7","1145.06","","1189.1"
"A013990","아가방컴퍼니","12","0","KOSDAQ","-2.51","108.53","","111.32"
"A014100","메디앙스","12","0","KOSDAQ","0","49.5","","49.5"
"A014130","한익스프레스","12","0","KOSPI","-2.89","56.4","","58.08"
"A014160","대영포장","12","0","KOSPI","-2.11","125.74","","128.45"
"A014190","원익큐브","12","0","KOSDAQ","-2.9","53.28","","54.87"
"A014280","금강공업","12","0","KOSPI","-2.51","75.83","","77.78"
"A014440","영보화학","12","0","KOSPI","-2.08","56.6","","57.8"
"A014470","부방","12","0","KOSDAQ","-0.86","138.12","","139.32"
"A014530","극동유화","12","0","KOSPI","-1.93","106.53","","108.62"
"A014570","고려제약","12","0","KOSDAQ","1.18","94.38","","93.28"
"A014580","태경비케이","12","0","KOSPI","-2.41","100.54","","103.02"
"A014620","성광벤드","12","0","KOSDAQ","-3.59","184.47","","191.33"
"A014680","한솔케미칼","12","1","KOSPI","-2.41","960.09","","983.81"
"A014710","사조씨푸드","12","0","KOSPI","-2.21","68.7","","70.25"
"A014790","HL D&I","12","0","KOSPI","-1.43","120.71","","122.46"
"A014820","동원시스템즈","12","1","KOSPI","-2.65","611","","627.65"
"A014830","유니드","12","1","KOSPI","0","370.26","","370.26"
"A014910","성문전자","12","0","KOSPI","-3.37","30.69","","31.76"
"A014940","오리엔탈정공","12","0","KOSDAQ","7.04","36.05","","33.68"
"A014950","삼익제약","12","0","외감","","","",""
"A014970","삼륭물산","12","0","KOSDAQ","-0.13","116.16","","116.31"
"A014990","인디에프","12","0","KOSPI","-2.79","123.17","","126.71"
"A015020","이스타코","12","0","KOSPI","-1.63","28.45","","28.92"
"A015230","대창단조","12","0","KOSPI","-1.98","63.72","","65"
"A015260","에이엔피","12","0","KOSPI","-2.24","21.69","","22.19"
"A015360","INVENI","12","0","KOSPI","0","205.2","","205.2"
"A015590","DKME","12","0","KOSPI","-2.91","158.62","","163.38"
"A015710","코콤","12","0","KOSDAQ","-1.44","95.72","","97.12"
"A015750","성우하이텍","12","0","KOSDAQ","-2.27","241.6","","247.2"
"A015760","한국전력","12","1","KOSPI","-2.05","13770.13","","14059.01"
"A015860","일진홀딩스","12","0","KOSPI","-1.29","189","","191.47"
"A015890","태경산업","12","0","KOSPI","-0.41","141.03","","141.61"
"A016090","대현","12","0","KOSPI","-2.67","80.82","","83.03"
"A016100","리더스코스메틱","12","0","KOSDAQ","-2.4","70.39","","72.11"
"A016250","SGC E&C","12","0","KOSDAQ","-0.11","243.32","","243.6"
"A016360","삼성증권","12","1","KOSPI","-2.81","2473.61","","2545.05"
"A016380","KG스틸","12","0","KOSPI","-3.56","1220.11","","1265.11"
"A016450","한세예스24홀딩스","12","0","KOSPI","-4.82","205.2","","215.6"
"A016580","환인제약","12","0","KOSPI","-0.35","265.98","","266.91"
"A016590","신대양제지","12","0","KOSPI","-1.11","251.06","","253.88"
"A016600","큐캐피탈","12","0","KOSDAQ","-1.87","123.07","","125.42"
"A016610","DB증권","12","0","KOSPI","-3.05","141.77","","146.23"
"A016670","디모아","12","0","KOSDAQ","-6.6","64.24","","68.78"
"A016710","대성홀딩스","12","0","KOSPI","-0.6","159.29","","160.25"
"A016740","두올","12","0","KOSPI","-3.01","69.7","","71.86"
"A016790","현대사료","12","0","KOSDAQ","0.81","76.27","","75.65"
"A016800","퍼시스","12","0","KOSPI","1.23","330.63","","326.6"
"A016880","웅진","12","0","KOSPI","-0.85","92.08","","92.87"
"A016920","카스","12","0","KOSDAQ","3.1","37.96","","36.82"
"A017000","신원종합개발","12","0","KOSDAQ","0.79","32.12","","31.87"
"A017040","광명전기","12","0","KOSPI","-1.93","88.19","","89.93"
"A017180","명문제약","12","0","KOSPI","1.41","124.36","","122.64"
"A017250","인터엠","9","0","KOSDAQ","0.27","39.36","","39.25"
"A017370","우신시스템","12","0","KOSPI","-1.33","61.08","","61.9"
"A017390","서울가스","12","0","KOSPI","0.39","389","","387.5"
"A017480","삼현철강","12","0","KOSDAQ","-3.81","51.51","","53.55"
"A017510","세명전기","12","0","KOSDAQ","-1.31","68.76","","69.67"
"A017550","수산세보틱스","12","0","KOSPI","3.28","85.03","","82.33"
"A017650","대림제지","12","0","KOSDAQ","-5.82","80.1","","85.05"
"A017670","SK텔레콤","12","1","KOSPI","2.44","16956.6","","16552.87"
"A017800","현대엘리베이터","12","1","KOSPI","-2.36","1689.08","","1729.88"
"A017810","풀무원","12","0","KOSPI","11.79","523.75","","468.52"
"A017860","DS단석","12","0","외감","","","",""
"A017890","한국알콜","12","0","KOSDAQ","-1.6","332.73","","338.13"
"A017900","광전자","12","0","KOSPI","0","112.7","","112.7"
"A017940","E1","12","0","KOSPI","-2.37","254.51","","260.68"
"A017960","한국카본","12","0","KOSPI","-1.19","293.22","","296.74"
"A018000","유니슨","12","0","KOSDAQ","-3.3","95.94","","99.22"
"A018120","진로발효","12","0","KOSDAQ","0","194.33","","194.33"
"A018250","애경산업","12","1","KOSPI","-2.4","697.22","","714.39"
"A018260","삼성에스디에스","12","1","KOSPI","-2.49","13618.49","","13966.69"
"A018290","브이티","12","0","KOSDAQ","-4.76","336","","352.8"
"A018310","삼목에스폼","12","0","KOSDAQ","0","104.37","","104.37"
"A018470","조일알미늄","12","0","KOSPI","-3.5","40.62","","42.09"
"A018500","동원모빌리티","3","0","KOSPI","-3.72","29.03","","30.16"
"A018620","우진비앤지","12","0","KOSDAQ","-3.34","60.11","","62.19"
"A018670","SK가스","12","0","KOSPI","-0.76","722.73","","728.27"
"A018680","서울제약","12","0","KOSDAQ","3.36","75.69","","73.23"
"A018700","졸스","12","0","KOSDAQ","0.45","99.47","","99.02"
"A018880","한온시스템","12","1","KOSPI","-3.6","4718.79","","4894.95"
"A019010","베뉴지","12","0","KOSDAQ","0","73.99","","73.99"
"A019170","신풍제약","12","0","KOSPI","3.38","1054.4","","1019.96"
"A019180","티에이치엔","12","0","KOSPI","-3.53","44.28","","45.9"
"A019210","와이지-원","12","0","KOSDAQ","-3.92","149.81","","155.93"
"A019490","엑시큐어하이트론","12","0","KOSPI","-7.99","16.56","","18"
"A019540","일지테크","12","0","KOSDAQ","-1.71","38.78","","39.46"
"A019550","SBI인베스트먼트","12","0","KOSDAQ","-1.73","101.13","","102.91"
"A019570","GMI벤처","12","0","KOSDAQ","-0.18","42.92","","42.99"
"A019660","글로본","12","0","KOSDAQ","2.58","75.03","","73.14"
"A019680","대교","12","1","KOSPI","-4.35","390.9","","408.69"
"A019770","서연탑메탈","12","0","KOSDAQ","-3.09","25.57","","26.39"
"A019990","에너토크","12","0","KOSDAQ","-6.35","35.95","","38.39"
"A020000","한섬","12","1","KOSPI","-2.17","665.01","","679.79"
"A020120","키다리스튜디오","12","0","KOSPI","-2.09","119.05","","121.6"
"A020150","롯데에너지머티리얼즈","12","1","KOSPI","-1.38","1814.46","","1839.82"
"A020180","대신정보통신","3","0","KOSDAQ","0","43.62","","43.62"
"A020400","대동금속","12","0","KOSDAQ","-1.52","22.01","","22.35"
"A020560","아시아나항공","12","0","KOSPI","-3.38","829.32","","858.34"
"A020710","시공테크","12","0","KOSDAQ","-2.56","114.47","","117.48"
"A020760","일진디스플","12","0","KOSPI","-2.2","81.97","","83.81"
"A021040","대호특수강","12","0","KOSDAQ","-3.21","57.39","","59.29"
"A021050","서원","12","0","KOSPI","0.17","137.44","","137.2"
"A021080","에이티넘인베스트","12","0","KOSDAQ","-0.88","81.36","","82.08"
"A021240","코웨이","12","1","KOSPI","-5.43","4494.4","","4752.7"
"A021320","KCC건설","12","0","KOSDAQ","-0.66","128.19","","129.04"
"A021650","한국큐빅","12","0","KOSDAQ","-0.99","41.04","","41.45"
"A021820","세원정공","6","0","KOSPI","0","80.9","","80.9"
"A021880","메이슨캐피탈","3","0","KOSDAQ","-1.41","41.56","","42.15"
"A022100","포스코DX","12","0","KOSDAQ","-2.82","734.33","","755.61"
"A022220","티케이지애강","12","0","KOSDAQ","-1.17","87.27","","88.31"
"A023000","삼원강재","12","0","KOSPI","-2.57","83.4","","85.6"
"A023150","MH에탄올","12","0","KOSPI","-1.91","68.03","","69.36"
"A023160","태광","12","0","KOSDAQ","-2.48","187.89","","192.66"
"A023350","한국종합기술","12","0","KOSPI","-1.49","43.42","","44.07"
"A023410","유진기업","12","0","KOSDAQ","-2.94","319.29","","328.96"
"A023440","제이스코홀딩스","12","0","KOSDAQ","1.06","56.48","","55.89"
"A023450","동남합성","12","0","KOSPI","0.53","102.52","","101.98"
"A023530","롯데쇼핑","12","1","KOSPI","-2.43","2497.9","","2560.13"
"A023590","다우기술","12","0","KOSPI","8.8","915.28","","841.25"
"A023600","삼보판지","12","0","KOSDAQ","-1.6","129.04","","131.14"
"A023760","한국캐피탈","12","0","KOSDAQ","-1.96","157.8","","160.96"
"A023770","플레이위드","12","0","KOSDAQ","7.47","95.07","","88.46"
"A023790","동일스틸럭스","12","0","KOSDAQ","1.06","21.04","","20.82"
"A023800","인지컨트롤스","12","0","KOSPI","-2.18","57.84","","59.12"
"A023810","인팩","12","0","KOSPI","0.84","30.05","","29.8"
"A023900","풍국주정","12","0","KOSDAQ","0.81","234.99","","233.1"
"A023910","대한약품","12","0","KOSDAQ","-1.95","180.6","","184.2"
"A023960","에쓰씨엔지니어링","12","0","KOSPI","-1.52","32.4","","32.9"
"A024060","흥구석유","12","0","KOSDAQ","-1.68","114.15","","116.1"
"A024070","WISCOM","12","0","KOSPI","-0.69","33.34","","33.56"
"A024090","디씨엠","12","0","KOSPI","-1.83","125.78","","128.12"
"A024110","기업은행","12","1","KOSPI","-2.11","4512.63","","4609.67"
"A024120","KB오토시스","12","0","KOSDAQ","-0.33","70.38","","70.61"
"A024720","콜마홀딩스","12","0","KOSPI","-2.68","391.07","","401.83"
"A024740","한일단조","12","0","KOSDAQ","-3.04","42.89","","44.24"
"A024800","유성티엔에스","12","0","KOSDAQ","-3.16","66.67","","68.85"
"A024830","세원물산","12","0","KOSDAQ","0","52.44","","52.44"
"A024840","KBI메탈","12","0","KOSDAQ","-3.65","43.5","","45.14"
"A024850","HLB이노베이션","12","0","KOSDAQ","0","31.41","","31.41"
"A024880","케이피에프","12","0","KOSDAQ","-1.02","59.33","","59.94"
"A024890","대원화성","12","0","KOSPI","1.32","63.52","","62.7"
"A024900","디와이덕양","12","0","KOSPI","1.93","34.36","","33.7"
"A024910","경창산업","12","0","KOSDAQ","-0.23","31.06","","31.13"
"A024940","PN풍년","12","0","KOSDAQ","-3","21","","21.65"
"A024950","삼천리자전거","12","0","KOSDAQ","1.82","81.63","","80.17"
"A025000","KPX케미칼","12","0","KOSPI","-1","238.61","","241.03"
"A025320","시노펙스","12","0","KOSDAQ","2.27","212.6","","207.89"
"A025440","DH오토웨어","12","0","KOSDAQ","-2.35","91.19","","93.38"
"A025530","SJM홀딩스","12","0","KOSPI","-0.19","39.95","","40.02"
"A025540","한국단자","12","1","KOSPI","-3.23","328.07","","339.01"
"A025550","한국선재","12","0","KOSDAQ","-0.19","64.37","","64.49"
"A025560","미래산업","12","0","KOSPI","0","67.46","","67.46"
"A025620","차AI헬스케어","12","0","KOSPI","-0.34","98.6","","98.94"
"A025750","한솔홈데코","12","0","KOSPI","-1.86","72.19","","73.56"
"A025770","한국정보통신","12","0","KOSDAQ","1.62","329.14","","323.89"
"A025820","이구산업","12","0","KOSPI","1.36","49.83","","49.16"
"A025860","남해화학","12","1","KOSPI","-2.45","375.57","","385.01"
"A025870","신라에스지","12","0","KOSDAQ","-1.9","39.16","","39.92"
"A025880","케이씨피드","12","0","KOSDAQ","-0.83","29.84","","30.09"
"A025890","한국주강","12","0","KOSPI","1.13","15.21","","15.04"
"A025900","동화기업","12","0","KOSDAQ","-1.18","338.32","","342.36"
"A025950","동신건설","12","0","KOSDAQ","-2.65","46.2","","47.46"
"A025980","아난티","12","0","KOSDAQ","-4.07","898.07","","936.19"
"A026040","제이에스티나","12","0","KOSDAQ","-3.17","42.83","","44.23"
"A026150","특수건설","12","0","KOSDAQ","0.52","116.93","","116.32"
"A026890","스틱인베스트먼트","12","0","KOSPI","-0.48","429.29","","431.37"
"A026910","광진실업","12","0","KOSDAQ","-1.32","19.12","","19.38"
"A026940","부국철강","12","0","KOSPI","-1.85","74.4","","75.8"
"A026960","동서","12","1","KOSPI","-2.82","1719.83","","1769.68"
"A027040","서울전자통신","12","0","KOSDAQ","0.48","58.8","","58.52"
"A027050","코리아나","12","0","KOSDAQ","0.99","203.2","","201.2"
"A027360","아주IB투자","12","0","KOSDAQ","-1.19","147.8","","149.58"
"A027410","BGF","12","1","KOSPI","-1.09","435.03","","439.82"
"A027580","상보","12","0","KOSDAQ","12.62","50.42","","44.77"
"A027710","팜스토리","12","0","KOSDAQ","0.47","119.22","","118.66"
"A027740","마니커","12","0","KOSPI","-3.63","147.38","","152.93"
"A027830","대성창투","12","0","KOSDAQ","-2.32","75.8","","77.6"
"A027970","한국제지","12","0","KOSPI","-0.23","64.89","","65.04"
"A028050","삼성E&A","12","1","KOSPI","-2.2","2175.6","","2224.6"
"A028080","휴맥스홀딩스","12","0","KOSDAQ","-0.73","34.27","","34.53"
"A028100","동아지질","12","0","KOSPI","-1.46","193.78","","196.65"
"A028260","삼성물산","12","1","KOSPI","-2.44","18969","","19443.23"
"A028300","HLB","12","0","KOSDAQ","-8.27","4509.49","","4915.91"
"A028670","팬오션","12","1","KOSPI","-2.13","1721.31","","1758.73"
"A029460","케이씨","12","0","KOSPI","0","231.1","","231.1"
"A029480","광무","12","0","KOSDAQ","-2.47","41.5","","41.81"
"A029530","신도리코","12","0","KOSPI","-4.21","275.18","","287.28"
"A029780","삼성카드","12","1","KOSPI","-1.7","3359.91","","3417.84"
"A030000","제일기획","12","1","KOSPI","-2.61","1932.69","","1984.46"
"A030190","NICE평가정보","12","0","KOSDAQ","6.79","1241.62","","1162.69"
"A030200","KT","12","1","KOSPI","0.85","6175.29","","6123.07"
"A030210","다올투자증권","12","0","KOSPI","-3.88","156.82","","163.15"
"A030350","드래곤플라이","12","0","KOSDAQ","-8.67","36.26","","39.7"
"A030520","한컴","12","0","KOSDAQ","3.09","326.28","","316.5"
"A030530","원익홀딩스","12","0","KOSDAQ","-1.7","334.05","","339.85"
"A030610","교보증권","12","0","KOSPI","-2.64","252","","258.84"
"A030720","동원수산","12","0","KOSPI","-1.02","40.77","","41.19"
"A030960","양지사","6","0","KOSDAQ","-0.96","148.93","","150.37"
"A031210","서울보증보험","12","0","외감","","","",""
"A031310","아이즈비전","12","0","KOSDAQ","-0.77","61.28","","61.75"
"A031330","에스에이엠티","12","0","KOSDAQ","-0.99","199.49","","201.49"
"A031430","신세계인터내셔날","12","1","KOSPI","-2.99","1388.73","","1431.57"
"A031440","신세계푸드","12","0","KOSPI","-1.1","242.8","","245.52"
"A031510","오스템","12","0","KOSDAQ","-1.12","46.02","","46.54"
"A031820","아이티센씨티에스","12","0","KOSPI","-0.35","96.35","","96.69"
"A031860","디에이치엑스컴퍼니","12","0","KOSDAQ","0","73.4","","73.4"
"A031980","피에스케이홀딩스","12","0","KOSDAQ","-1.66","166.03","","168.83"
"A032080","아즈텍WB","12","0","KOSDAQ","-1.66","38.15","","38.79"
"A032190","다우데이타","12","0","KOSDAQ","3.21","492.16","","476.84"
"A032280","삼일","12","0","KOSDAQ","-1.55","30.81","","31.29"
"A032300","한국파마","12","0","외감","","","",""
"A032350","롯데관광개발","12","0","KOSPI","-4.72","838.24","","879.8"
"A032500","케이엠더블유","12","0","KOSDAQ","-0.82","2409.16","","2429.07"
"A032540","TJ미디어","12","0","KOSDAQ","-0.52","40.12","","40.33"
"A032560","황금에스티","12","0","KOSPI","-3.05","84.42","","87.08"
"A032580","피델릭스","12","0","KOSDAQ","0.41","31.82","","31.69"
"A032620","GC메디아이","12","0","KOSDAQ","-3.8","502.14","","521.97"
"A032640","LG유플러스","12","1","KOSPI","2.97","6047.07","","5872.42"
"A032680","소프트센","12","0","KOSDAQ","0","86.63","","86.63"
"A032750","삼진","12","0","KOSDAQ","-1.2","54.48","","55.14"
"A032790","엠젠솔루션","12","0","KOSDAQ","0","73.91","","73.91"
"A032800","판타지오","6","0","KOSDAQ","1.15","63.98","","63.25"
"A032820","우리기술","12","0","KOSDAQ","-2.04","82.13","","83.84"
"A032830","삼성생명","12","1","KOSPI","-2.24","9150","","9360"
"A032850","비트컴퓨터","12","0","KOSDAQ","0.5","166.23","","165.4"
"A032860","더라미","12","0","KOSDAQ","-0.75","19.49","","19.64"
"A032940","원익","12","0","KOSDAQ","0","64.22","","64.22"
"A032960","동일기연","12","0","KOSDAQ","-0.96","35.27","","35.61"
"A032980","바이온","12","0","KOSDAQ","2.2","78.49","","76.8"
"A033050","제이엠아이","12","0","KOSDAQ","3.31","50.82","","49.19"
"A033100","제룡전기","12","0","KOSDAQ","-1.21","92.04","","93.16"
"A033130","디지틀조선","12","0","KOSDAQ","-1.6","68.48","","69.59"
"A033160","엠케이전자","12","0","KOSDAQ","-2.29","148.73","","152.22"
"A033170","시그네틱스","12","0","KOSDAQ","-0.38","67.3","","67.55"
"A033200","모아텍","3","0","KOSDAQ","0","64.13","","64.13"
"A033230","인성정보","12","0","KOSDAQ","0.19","100.52","","100.32"
"A033240","자화전자","12","0","KOSPI","-4.15","128.16","","133.71"
"A033250","체시스","12","0","KOSPI","-1.06","55.8","","56.4"
"A033270","유나이티드제약","12","0","KOSPI","0.83","295.42","","292.98"
"A033290","로젠","12","0","KOSDAQ","5.7","541.62","","512.42"
"A033310","엠투엔","12","0","KOSDAQ","0.19","59.11","","59"
"A033320","제이씨현시스템","12","0","KOSDAQ","-2.97","81.24","","83.72"
"A033340","좋은사람들","12","0","KOSDAQ","-1.46","118.03","","119.78"
"A033500","동성화인텍","12","0","KOSDAQ","-1.62","212.63","","216.14"
"A033530","SJG세종","12","0","KOSPI","-4.56","92.02","","96.42"
"A033540","파라텍","12","0","KOSDAQ","-2.11","86.62","","88.49"
"A033560","블루콤","12","0","KOSDAQ","-1.67","69.37","","70.54"
"A033640","네패스","12","0","KOSDAQ","-0.96","710.22","","717.14"
"A033780","KT&G","12","1","KOSPI","-1.53","10598.98","","10763.73"
"A033790","피노","12","0","KOSDAQ","0","14.19","","14.19"
"A033830","티비씨","12","0","KOSDAQ","-1.85","84.9","","86.5"
"A033920","무학","12","0","KOSPI","-1.71","196.37","","199.79"
"A034020","두산에너빌리티","12","1","KOSPI","-2.54","972.06","","997.37"
"A034120","SBS","12","0","KOSPI","-1.95","321.25","","327.63"
"A034220","LG디스플레이","12","1","KOSPI","-3.26","3721.28","","3846.52"
"A034230","파라다이스","12","0","KOSDAQ","-3.31","1327.76","","1373.23"
"A034310","NICE","12","0","KOSPI","-2.02","827.73","","844.78"
"A034590","인천도시가스","12","0","KOSPI","-0.62","105.65","","106.31"
"A034730","SK","12","1","KOSPI","1.12","12735.21","","12594.49"
"A034810","해성산업","12","0","KOSDAQ","-4.9","113.94","","119.81"
"A034830","한국토지신탁","12","0","KOSPI","-1.37","455.74","","462.06"
"A034940","조아제약","12","0","KOSDAQ","0.52","111.53","","110.95"
"A034950","한국기업평가","12","0","KOSDAQ","-0.71","316.47","","318.74"
"A035000","HS애드","12","0","KOSPI","-1.08","90.62","","91.62"
"A035080","그래디언트","12","0","KOSDAQ","-0.76","114.95","","115.83"
"A035150","백산","12","0","KOSPI","-1.85","141.09","","143.75"
"A035200","프럼파스트","12","0","KOSDAQ","-2.54","29.87","","30.65"
"A035250","강원랜드","12","1","KOSPI","-2.86","5091.78","","5241.54"
"A035290","골드앤에스","12","0","KOSDAQ","0","30.2","","30.2"
"A035420","NAVER","12","1","KOSPI","2.33","36055.82","","35234.5"
"A035460","기산텔레콤","12","0","KOSDAQ","-1.45","39.5","","40.09"
"A035510","신세계 I&C","12","0","KOSPI","-1.24","204.68","","207.26"
"A035600","KG이니시스","12","0","KOSDAQ","0.63","666.92","","662.73"
"A035610","솔본","12","0","KOSDAQ","-2.95","103.5","","106.65"
"A035620","바른손이앤에이","12","0","KOSDAQ","-2.81","164.95","","169.72"
"A035720","카카오","12","1","KOSPI","3.37","18676.44","","18066.95"
"A035760","CJ ENM","12","0","KOSDAQ","-3.42","2473.61","","2561.33"
"A035810","이지홀딩스","12","0","KOSDAQ","0","246.77","","246.77"
"A035890","서희건설","12","0","KOSDAQ","0","231.93","","231.93"
"A035900","JYP Ent.","12","0","KOSDAQ","-2.19","713.45","","729.42"
"A036000","예림당","12","0","KOSDAQ","-4.37","55.4","","57.93"
"A036010","아비코전자","12","0","KOSDAQ","0.23","58.69","","58.56"
"A036030","케이티알파","12","0","KOSDAQ","-0.17","207.15","","207.5"
"A036090","위지트","12","0","KOSDAQ","-2.41","54.34","","55.69"
"A036120","서울평가정보","12","0","KOSDAQ","2.13","110.58","","108.28"
"A036170","에이치엠넥스","12","0","KOSDAQ","0.63","62.78","","62.39"
"A036190","금화피에스시","12","0","KOSDAQ","-0.52","171","","171.9"
"A036200","유니셈","12","0","KOSDAQ","-1.79","168.65","","171.72"
"A036220","오상헬스케어","12","0","K-OTC","1.22","212.11","","209.56"
"A036420","콘텐트리중앙","12","0","KOSPI","-3.19","521.86","","539.07"
"A036460","한국가스공사","12","1","KOSPI","-2.18","2483.22","","2538.61"
"A036480","대성미생물","12","0","KOSDAQ","-1.07","52.63","","53.2"
"A036530","SNT홀딩스","12","0","KOSPI","-2.67","238.04","","244.56"
"A036540","SFA반도체","12","0","KOSDAQ","-3.36","897.95","","929.2"
"A036560","KZ정밀","12","0","KOSDAQ","-0.15","107.42","","107.57"
"A036570","NC","12","1","KOSPI","6.87","16399.65","","15345.86"
"A036580","팜스코","12","0","KOSPI","8.33","200.53","","185.11"
"A036620","감성코퍼레이션","12","0","KOSDAQ","-0.8","42.5","","42.84"
"A036630","세종텔레콤","12","0","KOSDAQ","-0.29","206.51","","207.11"
"A036640","HRS","12","0","KOSDAQ","-3.32","38.11","","39.42"
"A036670","삼양케이씨아이","12","0","KOSDAQ","1.66","110.33","","108.53"
"A036690","코맥스","12","0","KOSDAQ","-2.13","51.72","","52.85"
"A036710","심텍홀딩스","12","0","KOSDAQ","-0.64","59.64","","60.02"
"A036800","나이스정보통신","12","0","KOSDAQ","1.86","300.5","","295"
"A036810","에프에스티","12","0","KOSDAQ","0.24","167.54","","167.13"
"A036830","솔브레인홀딩스","12","0","KOSDAQ","-2.25","1287.47","","1317.05"
"A036890","진성티이씨","12","0","KOSDAQ","-1.37","129.5","","131.3"
"A036930","주성엔지니어링","12","0","KOSDAQ","-2.84","264.41","","272.13"
"A037030","파워넷","12","0","KOSDAQ","-0.89","51.78","","52.24"
"A037070","파세코","12","0","KOSDAQ","1.71","207.9","","204.4"
"A037230","한국팩키지","12","0","KOSDAQ","2.94","61.25","","59.5"
"A037270","YG PLUS","12","0","KOSPI","-3.33","101.22","","104.71"
"A037330","인지디스플레","12","0","KOSDAQ","-2.76","69.56","","71.53"
"A037350","성도이엔지","12","0","KOSDAQ","0.45","52.06","","51.82"
"A037370","EG","12","0","KOSDAQ","1.71","58.13","","57.15"
"A037400","우리엔터프라이즈","12","0","KOSDAQ","-2.69","24.38","","25.05"
"A037440","희림","12","0","KOSDAQ","0.13","54.44","","54.37"
"A037460","삼지전자","12","0","KOSDAQ","-0.32","150.62","","151.11"
"A037560","LG헬로비전","12","0","KOSPI","-0.87","354.71","","357.8"
"A037710","광주신세계","12","0","KOSPI","0.34","238.4","","237.6"
"A037760","쎄니트","12","0","KOSDAQ","-1.41","59.21","","60.05"
"A037950","엘컴텍","12","0","KOSDAQ","2.24","173.54","","169.74"
"A038010","제일테크노스","12","0","KOSDAQ","-2.16","32.58","","33.3"
"A038060","루멘스","12","0","KOSDAQ","-5.5","86.13","","91.14"
"A038070","서린바이오","12","0","KOSDAQ","2.16","94.41","","92.41"
"A038110","에코플라스틱","12","0","KOSDAQ","-2.76","31.7","","32.6"
"A038290","마크로젠","12","0","KOSDAQ","1.58","373.84","","368.01"
"A038390","레드캡투어","12","0","KOSDAQ","-3.28","113.81","","117.68"
"A038460","바이오스마트","12","0","KOSDAQ","-2.17","90.27","","92.27"
"A038500","삼표시멘트","12","0","KOSDAQ","-3.74","400.98","","416.55"
"A038530","케이바이오랩스","12","0","KOSDAQ","-0.4","84.99","","85.32"
"A038540","상상인","12","0","KOSDAQ","-2.16","426.03","","435.43"
"A038620","위즈코프","12","0","KOSDAQ","-1.83","41.74","","42.52"
"A038680","에스넷","12","0","KOSDAQ","-2.46","114.62","","117.51"
"A038870","에코심플렉스","12","0","KOSDAQ","-2.48","59.33","","60.84"
"A038880","아이에이","12","0","KOSDAQ","-2.63","98.5","","101.15"
"A038950","파인디지털","12","0","KOSDAQ","0.13","38.14","","38.09"
"A039010","현대에이치티","12","0","KOSDAQ","-4.16","59.69","","62.27"
"A039020","이건홀딩스","12","0","KOSDAQ","-3.1","45.96","","47.43"
"A039030","이오테크닉스","12","0","KOSDAQ","-2.28","1005.28","","1028.68"
"A039130","하나투어","12","0","KOSPI","-1.85","553.39","","563.84"
"A039200","오스코텍","12","0","KOSDAQ","-3.85","730.01","","759.21"
"A039240","경남스틸","12","0","KOSDAQ","-0.63","39.5","","39.75"
"A039290","인포뱅크","12","0","KOSDAQ","1.63","65.2","","64.16"
"A039310","세중","12","0","KOSDAQ","-0.2","45.94","","46.03"
"A039340","한국경제TV","12","0","KOSDAQ","-1.91","112.47","","114.66"
"A039420","케이엘넷","12","0","KOSDAQ","5.04","60.39","","57.49"
"A039440","에스티아이","12","0","KOSDAQ","-1.99","272.28","","277.82"
"A039490","키움증권","12","0","KOSPI","-0.4","1664.11","","1670.74"
"A039560","다산네트웍스","12","0","KOSDAQ","-2.89","215.89","","222.3"
"A039570","HDC랩스","12","0","KOSPI","-1","146.16","","147.65"
"A039610","화성밸브","12","0","KOSDAQ","-2.09","58.61","","59.86"
"A039740","한국정보공학","12","0","KOSDAQ","2.48","24.9","","24.3"
"A039830","오로라","12","0","KOSDAQ","-0.98","108.71","","109.78"
"A039840","디오","12","0","KOSDAQ","-1.7","450.18","","457.95"
"A039860","나노엔텍","12","0","KOSDAQ","2.84","202.4","","196.81"
"A039980","폴라리스AI","12","0","KOSDAQ","-1.77","57.53","","58.57"
"A040160","누리플렉스","12","0","KOSDAQ","-0.82","73.3","","73.9"
"A040300","YTN","12","0","KOSDAQ","-0.8","78.54","","79.17"
"A040350","크레오에스지","12","0","KOSDAQ","-2.63","273.59","","280.98"
"A040420","정상제이엘에스","12","0","KOSDAQ","0.46","101.9","","101.43"
"A040610","SG&G","12","0","KOSDAQ","0.74","46.7","","46.36"
"A040910","아이씨디","12","0","KOSDAQ","1.22","291.64","","288.12"
"A041020","폴라리스오피스","12","0","KOSDAQ","1.72","44.21","","43.46"
"A041190","우리기술투자","12","0","KOSDAQ","1.97","239.4","","234.78"
"A041440","현대에버다임","12","0","KOSDAQ","-0.27","66.56","","66.74"
"A041460","한국전자인증","12","0","KOSDAQ","-1.05","90.67","","91.63"
"A041510","에스엠","12","0","KOSDAQ","-3.26","626.1","","647.21"
"A041520","이엘씨","12","0","KOSDAQ","-3.02","47.05","","48.51"
"A041590","플래스크","12","0","KOSDAQ","-3.53","66.31","","68.74"
"A041650","상신브레이크","12","0","KOSPI","-2.7","58.08","","59.69"
"A041830","인바디","12","0","KOSDAQ","-1.25","270.25","","273.68"
"A041910","폴라리스AI파마","12","0","KOSDAQ","-1.1","117.67","","118.98"
"A041920","메디아나","12","0","KOSDAQ","5.3","180.36","","171.28"
"A041930","SY동아","12","0","KOSDAQ","-1.88","78.13","","79.63"
"A041960","코미팜","12","0","KOSDAQ","4.24","1341.48","","1286.93"
"A042000","카페24","12","0","KOSDAQ","3.74","431.92","","416.36"
"A042040","케이피엠테크","12","0","KOSDAQ","-4.87","74.82","","78.65"
"A042110","에스씨디","12","0","KOSDAQ","-5.22","57.03","","60.17"
"A042370","비츠로테크","12","0","KOSDAQ","-2.45","142.62","","146.19"
"A042420","네오위즈홀딩스","12","0","KOSDAQ","3.91","141.27","","135.95"
"A042500","링네트","12","0","KOSDAQ","-3.23","91.3","","94.34"
"A042510","라온시큐어","12","0","KOSDAQ","8.25","102.27","","94.47"
"A042520","한스바이오메드","9","0","KOSDAQ","-1.94","200.03","","203.99"
"A042600","새로닉스","12","0","KOSDAQ","-3.18","35.97","","37.15"
"A042660","한화오션","12","1","KOSPI","-2.34","1790.34","","1833.22"
"A042700","한미반도체","12","0","KOSPI","-1.9","453.21","","461.97"
"A042940","상지건설","12","0","KOSDAQ","7.89","84.6","","78.42"
"A043090","더테크놀로지","12","0","KOSDAQ","-1.44","73.16","","74.23"
"A043100","알파AI","12","0","KOSDAQ","0","22.64","","22.64"
"A043150","바텍","12","0","KOSDAQ","-3.13","368.39","","380.27"
"A043200","파루","12","0","KOSDAQ","1.71","103.47","","101.73"
"A043220","티에스넥스젠","12","0","KOSDAQ","-3.06","129.84","","133.94"
"A043260","성호전자","12","0","KOSDAQ","-0.33","21.54","","21.61"
"A043340","에쎈테크","12","0","KOSDAQ","1.09","99.72","","98.64"
"A043360","디지아이","12","0","KOSDAQ","0.47","19.44","","19.35"
"A043370","피에이치에이","12","0","KOSDAQ","-2.83","129.57","","133.35"
"A043590","웰킵스하이텍","12","0","KOSDAQ","0","34.72","","34.72"
"A043610","KT지니뮤직","12","0","KOSDAQ","-1.31","153.42","","155.46"
"A043650","국순당","12","0","KOSDAQ","4.41","80.36","","76.97"
"A043710","코스리거글로벌","12","0","KOSDAQ","-3.85","46.89","","48.77"
"A043910","자연과환경","12","0","KOSDAQ","0.3","88.49","","88.23"
"A044180","KD","12","0","KOSDAQ","0","38.78","","38.78"
"A044340","위닉스","12","0","KOSDAQ","-2.34","372.66","","381.6"
"A044380","주연테크","12","0","KOSPI","-0.89","59.51","","60.05"
"A044450","KSS해운","12","0","KOSPI","-0.27","170.42","","170.88"
"A044480","빌리언스","12","0","KOSDAQ","0.1","67.3","","67.23"
"A044490","태웅","12","0","KOSDAQ","-1.82","119.04","","121.24"
"A044780","에이치케이","12","0","KOSDAQ","-1.98","22.85","","23.32"
"A044820","코스맥스비티아이","12","0","KOSPI","-2.56","146.46","","150.3"
"A044960","이글벳","12","0","KOSDAQ","-1.13","88.24","","89.25"
"A044990","에이치엔에스하이텍","12","0","KONEX","-0.25","30.04","","30.12"
"A045060","오공","12","0","KOSDAQ","-1.42","106.23","","107.75"
"A045100","한양이엔지","12","0","KOSDAQ","-1.9","186.3","","189.9"
"A045300","성우테크론","12","0","KOSDAQ","-0.41","34.47","","34.61"
"A045340","토탈소프트","12","0","KOSDAQ","-1.61","26.19","","26.62"
"A045390","대아티아이","12","0","KOSDAQ","-0.31","458.93","","460.35"
"A045510","정원엔시스","12","0","KOSDAQ","0.47","68.28","","67.96"
"A045520","크린앤사이언스","12","0","KOSDAQ","-2.1","151.45","","154.7"
"A045660","에이텍","12","0","KOSDAQ","0.37","111.92","","111.51"
"A045970","코아시아","12","0","KOSDAQ","0.52","250.63","","249.33"
"A046070","코다코","12","0","KOSDAQ","0","85.75","","85.75"
"A046120","오르비텍","12","0","KOSDAQ","-1.7","75.65","","76.96"
"A046210","HLB파나진","12","0","KOSDAQ","10.07","96.57","","87.73"
"A046310","백금T&A","12","0","KOSDAQ","-2.15","39.11","","39.97"
"A046390","삼화네트웍스","12","0","KOSDAQ","0","65.25","","65.25"
"A046440","KG파이낸셜","12","0","KOSDAQ","5.03","372.73","","354.87"
"A046890","서울반도체","12","0","KOSDAQ","0","795.87","","795.87"
"A046940","우원개발","12","0","KOSDAQ","-0.74","120.56","","121.46"
"A046970","우리로","12","0","KOSDAQ","-0.53","50.8","","51.07"
"A047040","대우건설","12","1","KOSPI","-3.39","1419.35","","1469.23"
"A047050","포스코인터내셔널","12","1","KOSPI","-3.57","1665.56","","1727.25"
"A047080","한빛소프트","12","0","KOSDAQ","2.69","75.58","","73.6"
"A047310","파워로직스","12","0","KOSDAQ","-2.84","235.78","","242.67"
"A047400","유니온머티리얼","12","0","KOSPI","5.24","101.22","","96.18"
"A047560","이스트소프트","12","0","KOSDAQ","-2.41","72.07","","73.85"
"A047770","코데즈컴바인","12","0","KOSDAQ","-1.99","74.55","","76.06"
"A047810","한국항공우주","12","1","KOSPI","-2.51","2271.17","","2329.66"
"A047820","초록뱀미디어","12","0","KOSDAQ","-2.12","159.07","","162.52"
"A047920","HLB제약","12","0","KOSDAQ","4.56","85.72","","81.98"
"A048410","현대바이오","12","0","KOSDAQ","-0.91","389.69","","393.28"
"A048430","유라테크","12","0","KOSDAQ","-1.09","73.15","","73.96"
"A048470","대동스틸","12","0","KOSDAQ","0","56.3","","56.3"
"A048530","인트론바이오","12","0","KOSDAQ","3.01","411.15","","399.14"
"A048550","SM C&C","12","0","KOSDAQ","-1.27","146.74","","148.62"
"A048770","TPC로보틱스","12","0","KOSDAQ","-2.17","42.46","","43.41"
"A048830","엔피케이","12","0","KOSDAQ","-2.7","26.96","","27.71"
"A048870","시너지이노베이션","12","0","KOSDAQ","-0.3","106.95","","107.27"
"A048910","대원미디어","12","0","KOSDAQ","-2.64","83.52","","85.79"
"A049070","인탑스","12","0","KOSDAQ","-5.73","184.04","","195.22"
"A049080","기가레인","12","0","KOSDAQ","-2.73","55.94","","57.5"
"A049120","파인디앤씨","12","0","KOSDAQ","-1.22","42.7","","43.23"
"A049180","셀루메드","12","0","KOSDAQ","0","145.53","","145.53"
"A049430","코메론","12","0","KOSDAQ","0.53","68.67","","68.31"
"A049470","비트플래닛","12","0","KOSDAQ","0.34","28.78","","28.68"
"A049480","오픈베이스","12","0","KOSDAQ","-2.29","113.91","","116.58"
"A049520","유아이엘","12","0","KOSDAQ","-0.58","92.91","","93.46"
"A049550","잉크테크","12","0","KOSDAQ","-1.53","56.71","","57.59"
"A049630","재영솔루텍","12","0","KOSDAQ","-2.41","61.83","","63.36"
"A049720","고려신용정보","12","0","KOSDAQ","-0.34","84.37","","84.66"
"A049800","우진플라임","12","0","KOSPI","-0.17","29.25","","29.3"
"A049830","승일","12","0","KOSDAQ","1.48","58.68","","57.83"
"A049950","미래컴퍼니","12","0","KOSDAQ","-4.71","236.65","","248.36"
"A049960","쎌바이오텍","12","0","KOSDAQ","-3.83","141.47","","147.11"
"A050090","비케이홀딩스","12","0","KOSDAQ","-2.66","43.37","","44.56"
"A050110","캠시스","12","0","KOSDAQ","-1.37","193.64","","196.33"
"A050120","ES큐브","12","0","KOSDAQ","-1.19","69.05","","69.88"
"A050760","에스폴리텍","12","0","KOSDAQ","0.12","66.4","","66.32"
"A050860","아세아텍","6","0","KOSDAQ","-2.68","54.08","","55.56"
"A050890","쏠리드","12","0","KOSDAQ","-1.57","293.8","","298.5"
"A050960","수산아이앤티","12","0","KOSDAQ","-0.98","40.78","","41.18"
"A051160","지어소프트","12","0","KOSDAQ","6.45","168.34","","158.13"
"A051360","토비스","12","0","KOSDAQ","-3.43","117.52","","121.7"
"A051370","인터플렉스","12","0","KOSDAQ","-0.47","246.1","","247.27"
"A051380","피씨디렉트","12","0","KOSDAQ","-0.24","62.5","","62.65"
"A051390","YW","12","0","KOSDAQ","-0.26","43.04","","43.15"
"A051490","나라엠앤디","12","0","KOSDAQ","-0.14","50.77","","50.84"
"A051500","CJ프레시웨이","12","0","KOSDAQ","0.48","247.52","","246.34"
"A051600","한전KPS","12","1","KOSPI","-3.51","1359","","1408.5"
"A051630","진양화학","12","0","KOSPI","-2","32.28","","32.94"
"A051780","큐로홀딩스","12","0","KOSDAQ","-4.26","69.59","","72.69"
"A051900","LG생활건강","12","1","KOSPI","-1.18","22162.22","","22427.73"
"A051910","LG화학","12","1","KOSPI","-2.45","23860.21","","24460.25"
"A051980","중앙첨단소재","12","0","KOSDAQ","-2.97","33.25","","34.27"
"A052020","에스티큐브","12","0","KOSDAQ","-3.49","333.29","","345.36"
"A052220","iMBC","12","0","KOSDAQ","-2.07","48.99","","50.03"
"A052260","현대바이오랜드","12","0","KOSDAQ","0.17","442.5","","441.75"
"A052300","오션인더블유","12","0","KOSDAQ","-0.99","61.35","","61.97"
"A052330","코텍","12","0","KOSDAQ","-2.18","139.7","","142.82"
"A052400","코나아이","12","0","KOSDAQ","0","203.05","","203.05"
"A052420","오성첨단소재","12","0","KOSDAQ","-1.01","151.51","","153.06"
"A052460","아이크래프트","12","0","KOSDAQ","-2.22","44.99","","46.01"
"A052600","한네트","12","0","KOSDAQ","-1.04","38.51","","38.91"
"A052690","한전기술","12","1","KOSPI","-2.4","621.08","","636.36"
"A052710","아모텍","12","0","KOSDAQ","-0.7","208.51","","209.97"
"A052770","아이톡시","12","0","KOSDAQ","0","32.52","","32.52"
"A052790","액토즈소프트","12","0","KOSDAQ","1.98","105.04","","103"
"A052860","아이앤씨","12","0","KOSDAQ","-1.37","69.55","","70.51"
"A052900","KX하이텍","12","0","KOSDAQ","-4.74","56.5","","59.31"
"A053030","바이넥스","12","0","KOSDAQ","1.21","396.76","","392"
"A053050","지에스이","12","0","KOSDAQ","-3.17","41.23","","42.58"
"A053060","세동","12","0","KOSDAQ","-1.42","13.34","","13.53"
"A053080","케이엔솔","12","0","외감","","","",""
"A053160","프리엠스","12","0","KOSDAQ","0.15","40.98","","40.92"
"A053210","스카이라이프","12","0","KOSPI","-0.24","403.14","","404.1"
"A053260","금강철강","12","0","KOSDAQ","-0.67","55.41","","55.79"
"A053270","구영테크","12","0","KOSDAQ","-3.52","36.16","","37.48"
"A053280","예스24","12","0","KOSDAQ","0","98.38","","98.38"
"A053290","NE능률","12","0","KOSDAQ","-8.34","52.32","","57.08"
"A053300","한국정보인증","12","0","KOSDAQ","1.13","125.13","","123.73"
"A053350","이니텍","12","0","KOSDAQ","-1.68","86.68","","88.17"
"A053450","세코닉스","12","0","KOSDAQ","-2.67","55.83","","57.36"
"A053580","웹케시","12","0","KOSDAQ","3.1","404.47","","392.29"
"A053610","프로텍","12","0","KOSDAQ","-3.21","166.1","","171.6"
"A053620","태양","12","0","KOSDAQ","-2.31","69.14","","70.78"
"A053690","한미글로벌","12","0","KOSPI","-2.09","87.22","","89.08"
"A053700","삼보모터스","12","0","KOSDAQ","-2.23","66.37","","67.88"
"A053800","안랩","12","0","KOSDAQ","-0.87","569.79","","574.8"
"A053950","경남제약","12","0","KOSDAQ","3.23","141.71","","137.28"
"A053980","오상자이엘","12","0","KOSDAQ","5.42","224.51","","212.97"
"A054040","한국컴퓨터","12","0","KOSDAQ","-0.77","41.3","","41.62"
"A054050","NH농우바이오","12","0","KOSDAQ","0","162.71","","162.71"
"A054090","삼진엘앤디","12","0","KOSDAQ","-3.55","47.42","","49.17"
"A054180","메디콕스","12","0","KOSDAQ","-1.96","40.29","","41.1"
"A054210","이랜텍","12","0","KOSDAQ","-1.57","89.59","","91.02"
"A054220","비츠로시스","12","0","KOSDAQ","0","25.36","","25.36"
"A054300","팬스타엔터프라이즈","12","0","KOSDAQ","-0.35","44.57","","44.73"
"A054410","케이피티유","12","0","KOSDAQ","-1.3","17.31","","17.53"
"A054450","텔레칩스","12","0","KOSDAQ","-1.45","119.39","","121.15"
"A054540","삼영엠텍","12","0","KOSDAQ","0.82","47.97","","47.58"
"A054620","APS","12","0","KOSDAQ","-2.49","176","","180.49"
"A054670","대한뉴팜","12","0","KOSDAQ","1.98","147.86","","144.98"
"A054780","키이스트","12","0","KOSDAQ","0","227.48","","227.48"
"A054800","아이디스홀딩스","12","0","KOSDAQ","0","142.28","","142.28"
"A054920","한컴위드","12","0","KOSDAQ","-2.2","81.41","","83.24"
"A054930","유신","12","0","KOSDAQ","-1.69","52.5","","53.4"
"A054940","엑사이엔씨","12","0","KOSDAQ","-1.06","46.44","","46.94"
"A054950","제이브이엠","12","0","KOSDAQ","0.92","172.83","","171.25"
"A055490","테이팩스","12","0","KOSPI","-5.45","85.86","","90.81"
"A055550","신한지주","12","1","KOSPI","-2.2","13942.3","","14255.88"
"A056080","유진로봇","12","0","KOSDAQ","-1.48","87.4","","88.72"
"A056090","시지메드텍","12","0","KOSDAQ","4.19","34.79","","33.39"
"A056190","SFA","12","0","KOSDAQ","-1.97","1249.62","","1274.76"
"A056360","코위버","12","0","KOSDAQ","-0.83","116.58","","117.56"
"A056700","신화인터텍","12","0","KOSDAQ","0.38","76.19","","75.9"
"A056730","CNT85","12","0","KOSDAQ","0","67.4","","67.4"
"A057030","YBM넷","12","0","KOSDAQ","-11.22","117.45","","132.3"
"A057050","현대홈쇼핑","12","1","KOSPI","-4.15","802.8","","837.6"
"A057540","옴니시스템","12","0","KOSDAQ","-1.28","78.31","","79.32"
"A057680","티사이언티픽","12","0","KOSDAQ","7.5","69.65","","64.79"
"A058110","멕아이씨에스","12","0","KOSDAQ","5.08","121.14","","115.28"
"A058400","KNN","12","0","KOSDAQ","2.74","173.48","","168.85"
"A058430","포스코스틸리온","12","0","KOSPI","0","69","","69"
"A058450","한주에이알티","12","0","KOSDAQ","-1.34","27.99","","14.21"
"A058470","리노공업","12","0","KOSDAQ","-2.16","1380.96","","1411.44"
"A058610","에스피지","12","0","KOSDAQ","-2.41","118.37","","121.3"
"A058630","엠게임","12","0","KOSDAQ","7.87","89.71","","83.16"
"A058650","세아홀딩스","12","0","KOSPI","-2.08","282","","288"
"A058730","다스코","12","0","KOSPI","0","85.62","","85.62"
"A058820","CMG제약","12","0","KOSDAQ","5","612.51","","583.35"
"A058850","KTcs","12","0","KOSPI","-1.63","77.47","","78.75"
"A058860","KTis","12","0","KOSPI","-2.52","73.95","","75.87"
"A058970","엠로","12","0","KONEX","-4.35","15.89","","16.61"
"A059090","미코","12","0","KOSDAQ","3.28","296.26","","286.86"
"A059100","아이컴포넌트","12","0","KOSDAQ","3.07","33.2","","32.21"
"A059120","아진엑스텍","12","0","KOSDAQ","0.31","45.57","","45.43"
"A059210","메타바이오메드","12","0","KOSDAQ","0.59","61.33","","60.97"
"A059270","해성에어로보틱스","12","0","외감","","","",""
"A060150","인선이엔티","12","0","KOSDAQ","-0.69","331.7","","334"
"A060230","제이케이시냅스","12","0","KOSDAQ","-2.06","142.3","","144.58"
"A060240","스타코링크","12","0","KOSDAQ","-4.04","114.81","","119.64"
"A060250","NHN KCP","12","0","KOSDAQ","5.41","1075.06","","1019.93"
"A060260","뉴보텍","12","0","KOSDAQ","0","38.95","","38.95"
"A060280","큐렉소","12","0","KOSDAQ","-2.97","152.61","","157.28"
"A060310","3S","3","0","KOSDAQ","-1.93","114.02","","116.26"
"A060370","LS마린솔루션","12","0","KOSDAQ","1.72","90.67","","89.13"
"A060380","동양에스텍","12","0","KOSDAQ","-0.54","27.65","","27.8"
"A060480","국일신동","12","0","KOSDAQ","-0.83","39.59","","39.92"
"A060540","에스에이티","12","0","KOSDAQ","-0.8","48.48","","48.87"
"A060560","HC홈센타","12","0","KOSDAQ","0","101.28","","101.28"
"A060570","드림어스컴퍼니","12","0","KOSDAQ","-2.8","295.67","","304.2"
"A060590","씨티씨바이오","12","0","KOSDAQ","2.24","141.16","","138.07"
"A060720","KH바텍","12","0","KOSDAQ","4.16","498.54","","478.65"
"A060850","영림원소프트랩","12","0","외감","","","",""
"A060900","에이전트AI","12","0","KOSDAQ","0.11","109.9","","109.78"
"A060980","HL홀딩스","12","1","KOSPI","-3.05","300.02","","309.45"
"A061040","알에프텍","12","0","KOSDAQ","2.88","141.22","","137.26"
"A061090","세나테크놀로지","12","0","외감","","","",""
"A061250","화일약품","12","0","KOSDAQ","6.36","167.82","","157.79"
"A061970","LB세미콘","12","0","KOSDAQ","-0.55","317","","318.75"
"A062040","산일전기","12","0","외감","","","",""
"A062970","한국첨단소재","12","0","KOSDAQ","-1.98","82.75","","84.43"
"A063080","컴투스홀딩스","12","0","KOSDAQ","0.56","177.08","","176.09"
"A063160","종근당바이오","12","0","KOSPI","0","179.39","","179.39"
"A063170","서울옥션","12","0","KOSDAQ","-3.46","75.62","","78.33"
"A063440","SM Life Design","12","0","KOSDAQ","1.88","73.17","","71.82"
"A063570","NICE인프라","12","0","KOSDAQ","-1.45","231.52","","234.94"
"A063760","이엘피","12","0","KOSDAQ","-2.98","39.92","","41.15"
"A064090","인크레더블버즈","12","0","KOSDAQ","-1.52","39.5","","40.11"
"A064240","홈캐스트","12","0","KOSDAQ","0.27","122.78","","122.45"
"A064260","다날","12","0","KOSDAQ","-0.35","275.08","","276.03"
"A064290","인텍플러스","12","0","KOSDAQ","-3.43","109.35","","113.24"
"A064350","현대로템","12","1","KOSPI","0","1487.5","","1487.5"
"A064400","LG씨엔에스","12","0","외감","","","",""
"A064480","브리지텍","12","0","KOSDAQ","-3.71","35.68","","37.05"
"A064520","테크엘","12","0","KOSDAQ","0","62.02","","62.02"
"A064550","바이오니아","12","0","KOSDAQ","2.52","277.39","","270.57"
"A064760","티씨케이","12","0","KOSDAQ","-2.12","863.95","","882.63"
"A064800","포니링크","12","0","KOSDAQ","-3.29","90.73","","93.82"
"A064820","케이프","12","0","KOSDAQ","-2.3","91.43","","93.58"
"A064850","에프앤가이드","12","0","KONEX","-1.98","43.62","","44.5"
"A064960","SNT모티브","12","1","KOSPI","-1.66","519.12","","527.9"
"A065060","지엔코","12","0","KOSDAQ","-4.17","146.52","","152.89"
"A065130","탑엔지니어링","12","0","KOSDAQ","-2.44","146.66","","150.34"
"A065150","대산F&B","12","0","KOSDAQ","0","106.26","","106.26"
"A065170","비엘팜텍","12","0","KOSDAQ","29.89","149.51","","115.11"
"A065350","신성델타테크","12","0","KOSDAQ","-1.06","67.82","","68.54"
"A065370","위세아이텍","12","0","KOSDAQ","0.35","61.81","","61.6"
"A065420","에스아이리소스","12","0","KOSDAQ","0","41.28","","41.28"
"A065440","이루온","12","0","KOSDAQ","-2.91","40.91","","42.14"
"A065450","빅텍","12","0","KOSDAQ","2.28","93.18","","91.1"
"A065500","오리엔트정공","12","0","KOSDAQ","-4.12","38.21","","39.85"
"A065510","휴비츠","12","0","KOSDAQ","-2.43","90.55","","92.81"
"A065530","와이어블","12","0","KOSDAQ","-1.16","246.86","","249.76"
"A065570","삼영이엔씨","12","0","KOSDAQ","-3.27","49.46","","51.13"
"A065650","하이퍼코퍼레이션","12","0","KOSDAQ","-0.14","130.91","","131.09"
"A065660","안트로젠","12","0","KOSDAQ","0.28","311.52","","310.64"
"A065680","우주일렉트로","12","0","KOSDAQ","1.33","151","","149.01"
"A065690","파커스","12","0","KOSDAQ","0.68","31","","30.79"
"A065710","서호전기","12","0","KOSDAQ","-1.2","105.58","","106.86"
"A065770","CS","12","0","KOSDAQ","-0.42","44.73","","44.92"
"A065950","웰크론","12","0","KOSDAQ","0","214.56","","214.56"
"A066130","하츠","12","0","KOSDAQ","-1.89","79.87","","81.41"
"A066310","큐에스아이","12","0","KOSDAQ","-1.15","142.39","","144.04"
"A066360","체리부로","12","0","KOSDAQ","-2","68.43","","69.82"
"A066410","버킷스튜디오","12","0","KOSDAQ","7.14","61.68","","57.57"
"A066430","아이로보틱스","12","0","KOSDAQ","-3.31","28.18","","29.15"
"A066570","LG전자","12","1","KOSPI","0","8918.81","","8918.81"
"A066590","스모트로닉","12","0","KOSDAQ","-2.86","100.51","","103.47"
"A066620","국보디자인","12","0","KOSDAQ","0","109.5","","109.5"
"A066670","디티씨","12","0","KOSDAQ","-1.29","57.01","","57.76"
"A066700","테라젠이텍스","12","0","KOSDAQ","0.85","376.7","","369.28"
"A066790","씨씨에스","12","0","KOSDAQ","0","38.9","","38.9"
"A066900","디에이피","12","0","KOSDAQ","1.45","63.68","","62.77"
"A066910","손오공","12","0","KOSDAQ","-0.79","50.83","","51.24"
"A066970","엘앤에프","12","0","KOSDAQ","-2.34","465.46","","476.61"
"A066980","한성크린텍","12","0","KOSDAQ","2.33","118.5","","115.8"
"A067000","조이시티","12","0","KOSDAQ","3.77","173.2","","166.91"
"A067010","이씨에스","3","0","KOSDAQ","-3.98","51.94","","54.09"
"A067080","대화제약","12","0","KOSDAQ","0.46","198.65","","197.74"
"A067160","SOOP","12","0","KOSDAQ","2.53","697.73","","680.49"
"A067170","오텍","12","0","KOSDAQ","-2.14","176.23","","180.08"
"A067280","멀티캠퍼스","12","0","KOSDAQ","-2.1","193.81","","197.95"
"A067290","JW신약","12","0","KOSDAQ","-1.34","198.75","","201.46"
"A067310","하나마이크론","12","0","KOSDAQ","-3.31","141.11","","145.94"
"A067370","선바이오","12","0","KONEX","-2.24","100.48","","102.79"
"A067390","아스트","12","0","KOSDAQ","-4.14","112.99","","117.87"
"A067570","엔브이에이치코리아","12","0","KOSDAQ","-2.9","74.42","","76.64"
"A067630","HLB생명과학","12","0","KOSDAQ","-6.3","910.81","","972"
"A067730","로지시스","12","0","KOSDAQ","-1.21","30.4","","30.78"
"A067770","세진티에스","12","0","KOSDAQ","-0.41","20.53","","20.61"
"A067830","세이브존I&C","12","0","KOSPI","-0.61","99.73","","100.34"
"A067900","와이엔텍","12","0","KOSDAQ","1.6","231.14","","227.5"
"A067920","이글루","12","0","KOSDAQ","-1.58","47.94","","48.71"
"A067990","도이치모터스","12","0","KOSDAQ","-2.41","193.18","","197.94"
"A068050","팬엔터테인먼트","12","0","KOSDAQ","-3.02","55.18","","56.9"
"A068100","케이웨더","12","0","외감","","","",""
"A068240","다원시스","12","0","KOSDAQ","-2.06","448.42","","457.85"
"A068270","셀트리온","12","1","KOSPI","0.24","28423.16","","28355.81"
"A068290","삼성출판사","12","0","KOSPI","-1.48","233","","236.5"
"A068330","일신바이오","12","0","KOSDAQ","0.64","104.13","","103.47"
"A068760","셀트리온제약","12","0","KOSDAQ","3.49","2763.43","","2670.36"
"A068790","DMS","12","0","KOSDAQ","-3.27","98.82","","102.17"
"A068930","디지털대성","12","0","KOSDAQ","-4.36","173.56","","181.47"
"A068940","셀피글로벌","12","0","KOSDAQ","-2.24","67.97","","69.53"
"A069080","웹젠","12","0","KOSDAQ","11.37","674.44","","605.58"
"A069140","누리플랜","12","0","KOSDAQ","-4.4","23.9","","25"
"A069260","TKG휴켐스","12","1","KOSPI","-0.29","696.98","","699.02"
"A069330","유아이디","12","0","KOSDAQ","0","12.54","","12.54"
"A069410","엔텔스","12","0","KOSDAQ","0.48","72.79","","72.44"
"A069460","대호에이엘","12","0","KOSPI","-0.71","75.43","","75.98"
"A069510","에스텍","12","0","KOSDAQ","-1.52","98.74","","100.26"
"A069540","빛과전자","12","0","KOSDAQ","0","100.56","","100.56"
"A069620","대웅제약","12","1","KOSPI","0","1187.62","","1187.62"
"A069640","한세엠케이","12","0","KOSPI","4","41.96","","40.34"
"A069730","DSR제강","12","0","KOSPI","-2.92","50.33","","51.84"
"A069920","엑시온그룹","12","0","KOSDAQ","1.93","95.56","","93.75"
"A069960","현대백화점","12","1","KOSPI","-1.76","1570.3","","1598.39"
"A070300","엑스큐어","12","0","KOSDAQ","0","52.08","","52.08"
"A070590","인티큐브","12","0","KOSDAQ","6.7","81.75","","76.61"
"A070960","모나용평","12","0","KOSPI","-2.57","227.67","","233.69"
"A071050","한국금융지주","12","1","KOSPI","-2.51","2596.83","","2663.7"
"A071090","하이스틸","12","0","KOSPI","-0.58","34.3","","34.5"
"A071200","인피니트헬스케어","12","0","KOSDAQ","0.67","182.97","","181.75"
"A071280","로체시스템즈","12","0","KOSDAQ","1.29","84.28","","83.21"
"A071320","지역난방공사","12","0","KOSPI","0.26","452.15","","450.99"
"A071670","에이테크솔루션","12","0","KOSDAQ","-0.96","62.2","","62.8"
"A071840","롯데하이마트","12","1","KOSPI","0","649.21","","649.21"
"A071850","캐스텍코리아","12","0","KOSDAQ","-3.3","41.26","","42.67"
"A071950","코아스","12","0","KOSPI","-0.43","35.7","","35.85"
"A071970","HD현대마린엔진","12","0","KOSPI","-0.66","63.82","","64.25"
"A072020","중앙백신","12","0","KOSDAQ","-0.62","160.85","","161.85"
"A072130","유엔젤","12","0","KOSPI","-2.39","48.56","","49.75"
"A072470","우리산업홀딩스","12","0","KOSDAQ","3.19","115.97","","112.38"
"A072710","농심홀딩스","12","0","KOSPI","2.24","360.36","","352.47"
"A072770","멤레이비티","12","0","KOSDAQ","-1.87","47.1","","48"
"A072870","메가스터디","12","0","KOSDAQ","-6.09","128.75","","137.09"
"A072950","빛샘전자","12","0","KOSDAQ","0","30.72","","30.72"
"A072990","에이치시티","12","0","KOSDAQ","-0.49","70.32","","70.66"
"A073010","케이에스피","12","0","KOSDAQ","-7.69","52.12","","56.46"
"A073110","엘엠에스","12","0","KOSDAQ","-3.52","97.41","","100.97"
"A073190","듀오백","12","0","KOSDAQ","-0.24","24.83","","24.89"
"A073240","금호타이어","12","1","KOSPI","-4.42","868.96","","909.18"
"A073490","LIG아큐버","12","0","KOSDAQ","-1.19","334.86","","338.9"
"A073540","에프알텍","12","0","KOSDAQ","-1.61","52.27","","53.12"
"A073560","우리손에프앤지","12","0","KOSDAQ","-1.16","147.13","","148.86"
"A073570","리튬포어스","12","0","KOSDAQ","-0.96","109.66","","110.73"
"A073640","테라사이언스","12","0","KOSDAQ","2.79","102.21","","99.44"
"A074430","아미노로직스","12","0","KOSDAQ","-1.16","149.74","","151.5"
"A074600","원익QnC","12","0","KOSDAQ","-3.05","333.86","","344.37"
"A074610","이엔플러스","12","0","KOSPI","-4.53","219.61","","230.03"
"A075130","플랜티넷","12","0","KOSDAQ","-1.51","40.86","","41.48"
"A075180","새론오토모티브","12","0","KOSPI","-0.7","68.26","","68.74"
"A075580","세진중공업","12","0","KOSPI","-1.75","118.38","","120.49"
"A075970","동국알앤에스","12","0","KOSDAQ","-2.4","37.35","","38.27"
"A076080","웰크론한텍","12","0","KOSDAQ","-2.43","36.06","","36.96"
"A076610","해성옵틱스","12","0","KOSDAQ","-0.97","47.87","","48.34"
"A077360","덕산하이메탈","12","0","KOSDAQ","1.06","151.76","","150.17"
"A077500","유니퀘스트","12","0","KOSPI","-1.12","168.05","","169.96"
"A077970","STX엔진","12","0","KOSPI","-1.38","148.18","","150.25"
"A078000","텔코웨어","12","0","KOSPI","-1.43","133.9","","135.84"
"A078020","LS증권","12","0","KOSDAQ","-0.62","267.42","","269.08"
"A078070","유비쿼스홀딩스","12","0","KOSDAQ","-1.36","610.44","","618.86"
"A078130","국일제지","12","0","KOSDAQ","-1.29","770.73","","780.83"
"A078140","대봉엘에스","12","0","KOSDAQ","10.81","87.47","","78.94"
"A078150","HB테크놀러지","12","0","KOSDAQ","-0.97","201.43","","203.4"
"A078160","메디포스트","12","0","KOSDAQ","1.42","447.45","","441.2"
"A078340","컴투스","12","0","KOSDAQ","0.69","1497.65","","1487.36"
"A078350","한양디지텍","12","0","KOSDAQ","-0.11","44.75","","44.8"
"A078520","에이블씨엔씨","12","0","KOSPI","-2.38","266.55","","273.04"
"A078590","휴림에이텍","12","0","KOSDAQ","-2.29","353.82","","362.1"
"A078600","대주전자재료","12","0","KOSDAQ","0.71","315.37","","313.16"
"A078860","아이오케이이엔엠","12","0","KOSDAQ","-0.97","77.65","","78.41"
"A078890","가온그룹","12","0","KOSDAQ","-4.27","91.2","","95.27"
"A078930","GS","12","1","KOSPI","-2.25","3433.22","","3512.2"
"A079000","와토스코리아","12","0","KOSDAQ","-0.99","36.07","","36.43"
"A079160","CJ CGV","12","1","KOSPI","-5.64","460.26","","487.77"
"A079170","한창산업","12","0","KOSDAQ","-0.39","26.36","","26.47"
"A079190","케스피온","12","0","KOSDAQ","0","88.36","","88.36"
"A079370","제우스","12","0","KOSDAQ","-1.7","101.97","","103.74"
"A079430","현대리바트","12","1","KOSPI","30","293.65","","225.89"
"A079550","LIG디펜스앤에어로스페이스","12","1","KOSPI","-1.63","530.2","","539"
"A079650","서산","12","0","KOSDAQ","0","51.2","","51.2"
"A079810","APS이노베이션","12","0","KOSDAQ","-2.04","42.35","","43.23"
"A079900","전진건설로봇","12","0","외감","","","",""
"A079940","가비아","12","0","KOSDAQ","0","224.69","","224.69"
"A079950","인베니아","12","0","KOSDAQ","-0.82","42.22","","42.57"
"A079960","동양이엔피","12","0","KOSDAQ","-2.18","88.03","","90"
"A079970","투비소프트","12","0","KOSDAQ","-2.67","63.77","","65.52"
"A079980","휴비스","12","0","KOSPI","-1.4","193.89","","196.65"
"A080010","이상네트웍스","12","0","KOSDAQ","-0.57","62.74","","63.11"
"A080160","모두투어","12","0","KOSDAQ","-2.75","234.36","","240.98"
"A080220","제주반도체","12","0","KOSDAQ","-2.65","91.51","","94"
"A080420","모다이노칩","12","0","KOSDAQ","1.11","218.44","","216.05"
"A080470","성창오토텍","12","0","KOSDAQ","-3.12","47.6","","49.13"
"A080520","오디텍","12","0","KOSDAQ","-2.11","49.04","","50.1"
"A080530","코디","12","0","KOSDAQ","0","54.66","","54.66"
"A080580","오킨스전자","12","0","KOSDAQ","1.74","24.54","","24.12"
"A080720","한국유니온제약","12","0","KOSDAQ","-1.12","103.91","","105.09"
"A081000","일진다이아","12","0","KOSPI","-1.89","330.93","","337.32"
"A081150","티플랙스","12","0","KOSDAQ","4.6","60.67","","58"
"A081180","쎄크","12","0","외감","","","",""
"A081580","성우전자","12","0","KOSDAQ","-2.51","30.16","","30.94"
"A081660","미스토홀딩스","12","1","KOSPI","-4.24","1919.77","","2004.82"
"A082210","옵트론텍","12","0","KOSDAQ","-1.75","119.56","","121.69"
"A082270","젬백스","12","0","KOSDAQ","-4.02","985.46","","1026.69"
"A082640","동양생명","12","0","KOSPI","-1.92","495.37","","505.05"
"A082660","코스나인","12","0","KOSDAQ","-1.13","37.53","","37.96"
"A082740","한화엔진","12","0","KOSPI","-3.55","102.8","","106.58"
"A082800","비보존 제약","12","0","KOSDAQ","0.77","244.1","","242.24"
"A082850","우리바이오","12","0","KOSDAQ","-4.59","46.71","","48.96"
"A082920","비츠로셀","12","0","KOSDAQ","-1.96","323.09","","329.55"
"A083310","엘오티베큠","12","0","KOSDAQ","0.46","148.65","","147.97"
"A083420","그린케미칼","12","0","KOSPI","0","88.08","","88.08"
"A083450","GST","12","0","KOSDAQ","-0.3","157","","157.47"
"A083470","이엠앤아이","12","0","KOSDAQ","0","33.02","","33.02"
"A083500","에프엔에스테크","12","0","KOSDAQ","-1.25","89.29","","90.42"
"A083550","케이엠","12","0","KOSDAQ","0.87","179.42","","177.88"
"A083640","인콘","12","0","KOSDAQ","-2.56","93.58","","96.04"
"A083650","비에이치아이","12","0","KOSDAQ","-1.32","48.49","","49.14"
"A083660","CSA 코스믹","12","0","KOSDAQ","0","154.59","","154.59"
"A083790","CG인바이츠","12","0","KOSDAQ","1.91","561.65","","551.13"
"A083930","아바코","12","0","KOSDAQ","-3.5","101.58","","105.26"
"A084010","대한제강","12","0","KOSPI","-1.9","152.32","","155.27"
"A084110","휴온스글로벌","12","0","KOSDAQ","-0.58","394.94","","397.23"
"A084180","수성웹툰","12","0","KOSDAQ","0.95","21.07","","20.88"
"A084370","유진테크","12","0","KOSDAQ","1.39","418.22","","412.49"
"A084440","유비온","9","0","KONEX","2.28","6.73","","6.58"
"A084650","랩지노믹스","12","0","KOSDAQ","13.21","276.93","","244.61"
"A084670","동양고속","12","0","KOSPI","-0.73","78.76","","79.34"
"A084680","이월드","12","0","KOSPI","-0.12","406.79","","407.28"
"A084690","대상홀딩스","12","0","KOSPI","2.95","265.08","","257.47"
"A084730","팅크웨어","12","0","KOSDAQ","-1.62","69.64","","70.79"
"A084850","아이티엠반도체","12","0","KOSDAQ","4.36","1367.84","","1310.75"
"A084870","TBH글로벌","12","0","KOSPI","-3.95","30.45","","31.7"
"A084990","헬릭스미스","12","0","KOSDAQ","-0.6","1428.39","","1436.95"
"A085310","엔케이","12","0","KOSPI","-0.87","72.7","","73.34"
"A085620","미래에셋생명","12","0","KOSPI","-4.92","616.02","","647.88"
"A085660","차바이오텍","12","0","KOSDAQ","2.08","1031.24","","1010.25"
"A085670","뉴프렉스","12","0","KOSDAQ","-0.31","33.53","","33.64"
"A085810","알티캐스트","12","0","KOSDAQ","7.78","29.39","","27.27"
"A085910","네오티스","12","0","KOSDAQ","2.64","38.55","","37.56"
"A086040","바이오톡스텍","12","0","KOSDAQ","5.01","134.64","","128.23"
"A086060","진바이오텍","12","0","KOSDAQ","-2.18","50.2","","51.32"
"A086280","현대글로비스","12","1","KOSPI","-1.58","3727.5","","3787.5"
"A086390","유니테스트","12","0","KOSDAQ","-1.41","295.88","","300.1"
"A086450","동국제약","12","0","KOSDAQ","1.55","875.86","","862.52"
"A086520","에코프로","12","0","KOSDAQ","-1.21","450.64","","456.16"
"A086670","비엠티","12","0","KOSDAQ","4.19","62.81","","60.28"
"A086710","선진뷰티사이언스","12","0","외감","","","",""
"A086790","하나금융지주","12","1","KOSPI","-3.24","7626.15","","7881.35"
"A086820","바이오솔루션","12","0","KOSDAQ","0.92","178.01","","176.39"
"A086890","이수앱지스","12","0","KOSDAQ","-1.32","158.69","","160.82"
"A086900","메디톡스","12","0","KOSDAQ","-2.5","954","","978.51"
"A086960","MDS테크","12","0","KOSDAQ","-1.18","111.24","","112.56"
"A086980","쇼박스","12","0","KOSDAQ","-1.58","175.59","","178.41"
"A087010","펩트론","12","0","KOSDAQ","0.31","246.76","","245.99"
"A087260","모바일어플라이언스","12","0","KOSDAQ","-1.78","99.45","","101.25"
"A087600","픽셀플러스","12","0","KOSDAQ","-0.53","30.38","","30.54"
"A088130","동아엘텍","12","0","KOSDAQ","-1.47","71.44","","72.51"
"A088280","쏘닉스","12","0","외감","","","",""
"A088290","이원컴포텍","12","0","KOSDAQ","-3.82","111.66","","116.1"
"A088340","유라클","12","0","외감","","","",""
"A088350","한화생명","12","1","KOSPI","-3.82","1420.05","","1476.5"
"A088390","이녹스","12","0","KOSDAQ","-0.76","48.9","","49.28"
"A088790","진도","12","0","KOSPI","0.4","31.43","","31.31"
"A088800","에이스테크","12","0","KOSDAQ","-2.38","350.69","","359.26"
"A088910","동우팜투테이블","12","0","KOSDAQ","-0.51","101.78","","102.29"
"A089010","켐트로닉스","12","0","KOSDAQ","-1.89","188.71","","192.35"
"A089030","테크윙","12","0","KOSDAQ","-0.55","347.74","","349.67"
"A089140","넥스턴앤롤코리아","12","0","KOSDAQ","-2.05","101.88","","104.01"
"A089150","케이씨티","12","0","KOSDAQ","0.83","41.42","","41.07"
"A089230","THE E&M","12","0","KOSDAQ","-0.47","78.59","","78.96"
"A089470","HDC현대EP","12","0","KOSPI","-0.9","122.82","","123.93"
"A089590","제주항공","12","0","KOSPI","-5.6","466.51","","494.19"
"A089600","KT나스미디어","12","0","KOSDAQ","3.64","274.02","","264.39"
"A089790","제이티","12","0","KOSDAQ","-1.86","65.4","","66.64"
"A089850","유비벨록스","12","0","KOSDAQ","0","43.26","","43.26"
"A089860","롯데렌탈","12","0","외감","","","",""
"A089890","코세스","12","0","KOSDAQ","-3.02","108.36","","111.73"
"A089970","브이엠","12","0","KOSDAQ","-0.46","203.3","","204.23"
"A089980","상아프론테크","12","0","KOSDAQ","1.52","207.04","","203.95"
"A090080","평화산업","12","0","KOSPI","-1.56","69.18","","70.27"
"A090150","아이윈","12","0","KOSDAQ","-1.7","25.06","","25.5"
"A090350","노루페인트","12","0","KOSPI","-1.29","153.6","","155.6"
"A090360","로보스타","12","0","KOSDAQ","-2.44","156","","159.9"
"A090370","메타랩스","12","0","KOSPI","-2.43","48.39","","49.59"
"A090410","덕신이피씨","12","0","KOSDAQ","-3.21","59.38","","61.36"
"A090430","아모레퍼시픽","12","1","KOSPI","-1.99","10054.86","","10259.46"
"A090460","비에이치","12","0","KOSDAQ","-3.12","561.75","","579.82"
"A090470","제이스로보틱스","12","0","KOSDAQ","-1.91","142.18","","144.96"
"A090710","휴림로봇","12","0","KOSDAQ","-1.88","69.43","","70.76"
"A090850","현대이지웰","12","0","KOSDAQ","-4.17","128.47","","134.05"
"A091120","이엠텍","12","0","KOSDAQ","-0.82","135.39","","136.52"
"A091340","S&K폴리텍","12","0","KOSDAQ","-0.78","74.9","","75.49"
"A091440","한울소재과학","12","0","KOSDAQ","-1.54","40.76","","41.4"
"A091580","상신이디피","12","0","KOSDAQ","2.77","84.6","","82.32"
"A091590","남화토건","12","0","KOSDAQ","-2.52","159.08","","163.19"
"A091700","파트론","12","0","KOSDAQ","-0.25","433.25","","434.33"
"A091810","트리니티항공","12","0","KOSPI","-4.57","166.76","","174.75"
"A091970","LSK아이로봇","12","0","KOSDAQ","-3.55","52.44","","54.37"
"A092040","아미코젠","12","0","KOSDAQ","-2.34","520.51","","532.99"
"A092070","디엔에프","12","0","KOSDAQ","-0.76","139.9","","140.98"
"A092130","이크레더블","12","0","KOSDAQ","0","234.25","","234.25"
"A092190","서울바이오시스","12","0","KOSDAQ","-4.79","531.31","","558.07"
"A092200","디아이씨","12","0","KOSPI","-3.4","55.22","","57.17"
"A092220","KEC","12","0","KOSPI","-3.52","92.67","","96.05"
"A092230","KPX홀딩스","12","0","KOSPI","-1.67","186.31","","189.48"
"A092300","현우산업","12","0","KOSDAQ","-0.72","41.93","","42.23"
"A092440","기신정기","3","0","KOSPI","-1.4","92.86","","94.17"
"A092460","한라IMS","12","0","KOSDAQ","2.19","65.77","","64.36"
"A092600","앤씨앤","12","0","KOSDAQ","-3.11","49.02","","50.59"
"A092730","네오팜","12","0","KOSDAQ","-2.75","261.4","","268.79"
"A092780","DYP","12","0","KOSPI","-2.07","49.84","","50.9"
"A092790","넥스틸","12","0","외감","","","",""
"A092870","엑시콘","12","0","KOSDAQ","-3.06","74.39","","76.73"
"A093050","LF","12","1","KOSPI","-3.04","372.81","","384.51"
"A093190","빅솔론","12","0","KOSDAQ","-0.39","97.54","","97.93"
"A093240","형지엘리트","6","0","KOSPI","-2.26","40.5","","41.44"
"A093320","케이아이엔엑스","12","0","KOSDAQ","2.94","341.6","","331.84"
"A093370","후성","12","1","KOSPI","-1.88","627.87","","639.91"
"A093380","풍강","8","0","KOSDAQ","-3.56","25.39","","26.33"
"A093520","매커스","12","0","KOSDAQ","-1.65","57.7","","58.67"
"A093640","케이알엠","12","0","KOSDAQ","-0.84","32.02","","32.29"
"A093920","서원인텍","12","0","KOSDAQ","-1.48","99.32","","100.81"
"A094170","동운아나텍","12","0","KOSDAQ","-2.54","96.92","","99.44"
"A094280","효성ITX","12","0","KOSPI","-0.29","198.8","","199.38"
"A094360","칩스앤미디어","12","0","KOSDAQ","3.62","88.21","","85.12"
"A094480","갤럭시아머니트리","12","0","KOSDAQ","-2.27","143.39","","146.72"
"A094820","일진파워","12","0","KOSDAQ","-0.11","69.21","","69.29"
"A094840","슈프리마에이치큐","12","0","KOSDAQ","-4.59","47.86","","50.16"
"A094850","참좋은여행","12","0","KOSDAQ","-2.64","72.24","","74.2"
"A094860","네오리진","12","0","KOSDAQ","0","65.33","","65.33"
"A094940","푸른로보틱스","12","0","KOSDAQ","-1.53","105.84","","107.49"
"A094970","제이엠티","12","0","KOSDAQ","-0.73","45.81","","46.14"
"A095190","신화프리텍","12","0","KOSDAQ","-2.6","122.62","","125.89"
"A095270","웨이브일렉트로","12","0","KOSDAQ","-3.54","119.98","","124.39"
"A095340","ISC","12","0","KOSDAQ","-3.38","161.93","","167.59"
"A095500","미래나노텍","12","0","KOSDAQ","-2.49","61.72","","63.29"
"A095570","AJ네트웍스","12","0","KOSPI","-0.26","178.16","","178.63"
"A095610","테스","12","0","KOSDAQ","-0.48","409.2","","411.18"
"A095660","네오위즈","12","0","KOSDAQ","11.4","471.17","","422.96"
"A095700","제넥신","12","0","KOSDAQ","2.38","1741.15","","1700.71"
"A095720","웅진씽크빅","12","0","KOSPI","0","360.93","","360.93"
"A095910","에스에너지","12","0","KOSDAQ","-2.17","45.1","","46.11"
"A096240","크레버스","12","0","KOSDAQ","-3.25","148.5","","153.49"
"A096250","와이즈넛","12","0","외감","","","",""
"A096350","대창솔루션","12","0","KOSDAQ","-2.65","53.39","","54.85"
"A096530","씨젠","12","0","KOSDAQ","6.78","2602.41","","2437.14"
"A096610","알에프세미","12","0","KOSDAQ","-4.91","34.76","","36.56"
"A096630","에스코넥","12","0","KOSDAQ","-4.9","139.34","","146.52"
"A096690","에이루트","12","0","KOSDAQ","0","43.3","","43.3"
"A096760","JW홀딩스","12","1","KOSPI","-0.99","331.6","","334.92"
"A096770","SK이노베이션","12","1","KOSPI","-2.15","8821.21","","9015.39"
"A096870","엘디티","12","0","KOSDAQ","-1.37","16.83","","17.06"
"A097230","HJ중공업","12","0","KOSPI","-1.62","507.14","","515.47"
"A097520","엠씨넥스","12","0","KOSDAQ","-1.62","543.05","","551.98"
"A097780","에코볼트","12","0","KOSDAQ","3.33","401.12","","388.18"
"A097800","윈팩","12","0","KOSDAQ","3.27","70.59","","68.36"
"A097870","효성오앤비","6","0","KOSDAQ","-1.46","51.53","","52.3"
"A097950","CJ제일제당","12","1","KOSPI","5.12","4328.08","","4117.32"
"A098070","한텍","12","0","외감","","","",""
"A098120","마이크로컨텍솔","12","0","KOSDAQ","-2.71","29.84","","30.67"
"A098460","고영","12","0","KOSDAQ","-4.29","1194.59","","1248.14"
"A098660","에스티오","12","0","KOSDAQ","-3.33","27.19","","28.13"
"A099190","아이센스","12","0","KOSDAQ","-1.43","332.44","","337.25"
"A099220","SDN","12","0","KOSDAQ","1.07","109.74","","108.59"
"A099320","쎄트렉아이","12","0","KOSDAQ","-3.77","166.81","","173.35"
"A099390","브레인즈컴퍼니","12","0","외감","","","",""
"A099410","동방선기","12","0","KOSDAQ","4.77","49.09","","46.85"
"A099430","바이오플러스","12","0","외감","","","",""
"A099440","스맥","12","0","KOSDAQ","-2.93","57.07","","58.8"
"A099520","DGI","12","0","KOSDAQ","16.53","35.4","","30.38"
"A099750","이지케어텍","3","0","KOSDAQ","-0.51","125.48","","126.12"
"A100030","인지소프트","12","0","KOSDAQ","-2.49","70.6","","72.41"
"A100090","SK오션플랜트","12","0","KOSDAQ","12.29","94.18","","83.87"
"A100120","뷰웍스","12","0","KOSDAQ","4.66","370.57","","354.07"
"A100130","동국S&C","12","0","KOSDAQ","-1.2","140.86","","142.57"
"A100220","비상교육","12","0","KOSPI","-7.07","105.92","","113.98"
"A100250","진양홀딩스","12","0","KOSPI","-0.85","130.52","","131.63"
"A100590","머큐리","12","0","KOSDAQ","-2.36","152.8","","156.49"
"A100660","서암기계공업","12","0","KOSDAQ","-0.5","62.69","","63"
"A100700","세운메디칼","12","0","KOSDAQ","1.47","150.67","","148.48"
"A100790","미래에셋벤처투자","12","0","KOSDAQ","-1.35","134.55","","136.39"
"A100840","SNT에너지","12","0","KOSPI","-2.78","118.23","","121.61"
"A101000","KS인더스트리","12","0","KOSDAQ","-3.53","57.12","","59.2"
"A101140","인바이오젠","12","0","KOSPI","3.14","128.89","","124.97"
"A101160","월덱스","12","0","KOSDAQ","0.38","132.09","","131.59"
"A101170","우림피티에스","12","0","KOSDAQ","0.56","36.59","","36.38"
"A101240","씨큐브","12","0","KOSDAQ","-2.55","73.7","","75.63"
"A101330","모베이스","12","0","KOSDAQ","-2.11","77.74","","79.42"
"A101360","에코앤드림","12","0","KONEX","3.45","49.58","","47.93"
"A101390","아이엠","12","0","KOSDAQ","-1.68","34.54","","35.13"
"A101400","엔시트론","12","0","KOSDAQ","-2.26","54.01","","55.25"
"A101490","에스앤에스텍","12","0","KOSDAQ","-1.35","431.22","","437.14"
"A101530","해태제과식품","12","0","KOSPI","-1.2","216.34","","218.96"
"A101670","하이드로리튬","12","0","KOSDAQ","-2.64","20.88","","21.45"
"A101680","한국정밀기계","12","0","KOSDAQ","-2.83","18.74","","19.29"
"A101730","위메이드맥스","12","0","KOSDAQ","1.67","46.69","","45.93"
"A101930","인화정공","12","0","KOSDAQ","0","33.5","","33.5"
"A101970","우양에이치씨","12","0","외감","","","",""
"A102120","어보브반도체","12","0","KOSDAQ","-1.56","165.17","","167.79"
"A102260","동성케미컬","12","0","KOSPI","-0.33","203.82","","204.5"
"A102370","케이옥션","12","0","외감","","","",""
"A102460","이연제약","12","0","KOSPI","-1.05","237.3","","239.81"
"A102710","이엔에프테크놀로지","12","0","KOSDAQ","-2.07","369.92","","377.75"
"A102940","코오롱생명과학","12","0","KOSDAQ","-1.6","457.06","","464.48"
"A103140","풍산","12","1","KOSPI","-3.5","540.87","","560.49"
"A103230","에스앤더블류","12","0","KOSDAQ","0.24","15.12","","15.08"
"A103590","일진전기","12","0","KOSPI","-2.2","90.48","","92.52"
"A103840","우양","12","0","KOSDAQ","-4.33","68.15","","71.23"
"A104040","디에스엠","12","0","KOSDAQ","2.03","39.28","","38.5"
"A104200","NHN벅스","12","0","KOSDAQ","0","77.99","","77.99"
"A104460","디와이피엔에프","12","0","KOSDAQ","-2.39","109.28","","111.96"
"A104480","티케이케미칼","12","0","KOSDAQ","-2.34","189.97","","194.52"
"A104540","코렌텍","12","0","KOSDAQ","-2.22","93.17","","95.29"
"A104620","노랑풍선","12","0","KOSDAQ","-2.89","56","","57.66"
"A104700","한국철강","12","0","KOSPI","0.37","188.11","","187.42"
"A104830","원익머트리얼즈","12","0","KOSDAQ","-1.64","302.59","","307.64"
"A105330","케이엔더블유","12","0","KOSDAQ","-0.6","47.27","","47.56"
"A105550","엣지파운드리","12","0","KOSDAQ","2.25","59.86","","58.54"
"A105560","KB금융","12","1","KOSPI","-1.87","13118.74","","13368.22"
"A105630","한세실업","12","1","KOSPI","-4.56","460","","482"
"A105740","디케이락","12","0","KOSDAQ","-0.39","64.64","","64.9"
"A105760","포스뱅크","12","0","외감","","","",""
"A105840","우진","12","0","KOSPI","-1.56","70.1","","71.21"
"A106080","케이이엠텍","12","0","KOSDAQ","0","49.17","","49.17"
"A106190","하이텍팜","12","0","KOSDAQ","-2.3","75.14","","76.91"
"A106240","파인테크닉스","12","0","KOSDAQ","0.49","175.66","","174.8"
"A106520","노블엠앤비","12","0","KOSDAQ","-1.8","64.85","","66.04"
"A107590","미원홀딩스","12","0","KOSPI","-0.36","97.58","","97.93"
"A107600","새빗켐","12","0","외감","","","",""
"A107640","한중엔시에스","12","0","KONEX","0","14.04","","14.04"
"A108230","톱텍","12","0","KOSDAQ","6.24","874.53","","823.2"
"A108320","LX세미콘","12","0","KOSDAQ","-2.56","495.25","","508.26"
"A108380","대양전기공업","12","0","KOSDAQ","-1.89","99.5","","101.41"
"A108490","로보티즈","12","0","KOSDAQ","-0.89","126.01","","127.14"
"A108670","LX하우시스","12","1","KOSPI","1.86","491.43","","482.46"
"A108860","셀바스AI","12","0","KOSDAQ","0","83.37","","83.37"
"A109070","주성코퍼레이션","12","0","KOSPI","0","14.72","","14.72"
"A109080","옵티시스","12","0","KOSDAQ","-0.89","37.48","","37.82"
"A109610","에스와이","12","0","KOSDAQ","-1.01","110.01","","111.13"
"A109670","씨싸이트","12","0","외감","","","",""
"A109740","디에스케이","12","0","KOSDAQ","-1.24","145.74","","147.57"
"A109820","진매트릭스","12","0","KOSDAQ","-8.24","231.59","","252.39"
"A109860","동일금속","12","0","KOSDAQ","-2.84","71.75","","73.85"
"A109960","앱토크롬","12","0","KOSDAQ","1.44","189.42","","186.74"
"A110020","전진바이오팜","12","0","KOSDAQ","5.27","26.81","","25.47"
"A110790","크리스에프앤씨","12","0","KOSDAQ","-1.71","201.51","","205.02"
"A110990","디아이티","12","0","KOSDAQ","-1.24","135.7","","137.4"
"A111110","호전실업","12","0","KOSPI","0","93.2","","93.2"
"A111380","동인기연","12","0","외감","","","",""
"A111710","남화산업","12","0","KOSDAQ","-2.58","233.67","","239.85"
"A111770","영원무역","12","1","KOSPI","-4.09","1092.28","","1138.8"
"A112040","위메이드","12","0","KOSDAQ","3.04","484.68","","470.4"
"A112290","와이씨켐","12","0","외감","","","",""
"A112610","씨에스윈드","12","0","KOSPI","-1.39","611.05","","619.69"
"A113810","디젠스","12","0","KOSDAQ","-1.19","16.25","","16.44"
"A114090","GKL","12","1","KOSPI","-3.62","906.19","","940.21"
"A114190","강원에너지","12","0","KOSDAQ","0","45.39","","45.39"
"A114450","그린생명과학","12","0","KOSDAQ","0.46","98.4","","97.95"
"A114630","폴라리스우노","12","0","KOSDAQ","-4.32","46.63","","48.73"
"A114810","한솔아이원스","12","0","KOSDAQ","-1.16","79.69","","80.63"
"A114840","아이패밀리에스씨","12","0","외감","","","",""
"A115160","휴맥스","12","0","KOSDAQ","-2.54","82.5","","84.65"
"A115180","큐리언트","12","0","KOSDAQ","-4.66","220.81","","231.6"
"A115310","인포바인","12","0","KOSDAQ","-3.17","63.38","","65.45"
"A115440","우리넷","12","0","KOSDAQ","1.1","83.69","","82.78"
"A115450","HLB테라퓨틱스","12","0","KOSDAQ","5.08","703.54","","669.5"
"A115480","씨유메디칼","12","0","KOSDAQ","3.99","57.76","","55.54"
"A115500","케이씨에스","12","0","KOSDAQ","0.57","52.62","","52.32"
"A115530","씨엔플러스","12","0","KOSDAQ","0","50.42","","50.42"
"A115570","스타플렉스","12","0","KOSDAQ","2.64","45.24","","44.08"
"A115610","이미지스","12","0","KOSDAQ","5.15","24.27","","23.08"
"A117580","대성에너지","12","0","KOSPI","-0.21","132.28","","132.55"
"A117670","알파칩스","12","0","KOSDAQ","-2.31","92.54","","94.73"
"A117730","티로보틱스","12","0","KOSDAQ","-2.84","45.86","","47.2"
"A118000","메타케어","12","0","KOSPI","0.95","114.17","","113.1"
"A118990","모트렉스","12","0","KOSDAQ","-2.74","129.07","","132.7"
"A119500","포메탈","12","0","KOSDAQ","0.38","30.92","","30.8"
"A119610","인터로조","12","0","KOSDAQ","0.58","303.6","","301.85"
"A119650","KC코트렐","12","0","KOSPI","-2.26","64.67","","66.17"
"A119830","아이텍","12","0","KOSDAQ","10.69","82.26","","74.32"
"A119850","지엔씨에너지","12","0","KOSDAQ","-3.85","73.33","","76.26"
"A120030","조선선재","12","0","KOSPI","-0.77","96.84","","97.59"
"A120110","코오롱인더","12","1","KOSPI","-2.26","817.46","","836.34"
"A120240","대정화금","12","0","KOSDAQ","-1.7","102.96","","104.73"
"A121440","골프존홀딩스","12","0","KOSDAQ","-2.86","167.49","","172.42"
"A121600","나노신소재","12","0","KOSDAQ","-2.7","136.69","","140.49"
"A121800","비덴트","12","0","KOSDAQ","-1.01","232.84","","235.22"
"A121850","코이즈","12","0","KOSDAQ","1.97","23.96","","23.5"
"A121890","에스디시스템","12","0","KOSDAQ","0","6.69","","6.69"
"A122310","제노레이","12","0","KOSDAQ","-3.88","144.08","","149.9"
"A122350","삼기","12","0","KOSDAQ","-3.35","59.75","","61.82"
"A122450","KX","12","0","KOSDAQ","4.14","148.25","","142.35"
"A122640","예스티","12","0","KOSDAQ","-1.22","114.56","","115.97"
"A122690","서진오토모티브","12","0","KOSDAQ","-8.22","31.66","","34.49"
"A122870","와이지엔터테인먼트","12","0","KOSDAQ","-2.16","535.19","","547.02"
"A122900","아이마켓코리아","12","0","KOSPI","-0.91","391.78","","395.38"
"A122990","와이솔","12","0","KOSDAQ","-1.84","300.03","","305.67"
"A123010","알엔티엑스","12","0","KOSDAQ","-1.67","53.56","","54.47"
"A123040","엠에스오토텍","12","0","KOSDAQ","-2.86","185.85","","191.33"
"A123330","제닉","12","0","KOSDAQ","-4.12","27.72","","28.91"
"A123410","코리아에프티","12","0","KOSDAQ","-2.09","65.29","","66.68"
"A123420","위메이드플레이","12","0","KOSDAQ","-1.2","196.66","","199.05"
"A123570","이엠넷","12","0","KOSDAQ","2.49","82.64","","80.64"
"A123690","한국화장품","12","0","KOSPI","0.99","245.84","","243.43"
"A123700","SJM","12","0","KOSPI","0.56","42.21","","41.98"
"A123750","알톤","12","0","KOSDAQ","1.41","32.06","","31.61"
"A123840","뉴온","12","0","KOSDAQ","-1.93","34.34","","35.02"
"A123860","아나패스","12","0","KOSDAQ","-1.83","189.89","","193.44"
"A123890","한국자산신탁","12","0","KOSPI","-1.66","293.83","","298.79"
"A124500","아이티센글로벌","12","0","KOSDAQ","6.57","119.44","","112.08"
"A124560","태웅로직스","12","0","KOSDAQ","-3.3","75.1","","77.66"
"A125020","티씨머티리얼즈","12","0","외감","","","",""
"A125210","아모그린텍","12","0","KOSDAQ","-0.74","222.71","","224.36"
"A125490","한라캐스트","12","0","외감","","","",""
"A126340","비나텍","12","0","KONEX","-1.89","88.47","","90.17"
"A126560","현대퓨처넷","12","0","KOSPI","2.27","509.64","","498.35"
"A126600","BGF에코머티리얼즈","12","0","KOSDAQ","-3.1","62.71","","64.72"
"A126640","화신정공","12","0","KOSDAQ","-2.77","38.37","","39.47"
"A126700","하이비젼시스템","12","0","KOSDAQ","-0.44","135.97","","136.57"
"A126720","수산인더스트리","12","0","외감","","","",""
"A126730","코칩","12","0","외감","","","",""
"A126880","제이엔케이글로벌","12","0","KOSDAQ","-1.06","93.83","","94.84"
"A127120","제이에스링크","12","0","KOSDAQ","1.99","58.03","","56.89"
"A127710","아시아경제","12","0","KOSDAQ","-2.22","39.28","","40.18"
"A127980","화인써키트","12","0","외감","","","",""
"A128540","에코캡","12","0","KOSDAQ","-0.89","32.39","","32.68"
"A128660","피제이메탈","12","0","KOSDAQ","1.02","49.11","","48.61"
"A128820","대성산업","12","0","KOSPI","-2.94","134.35","","138.42"
"A128940","한미약품","12","1","KOSPI","2.77","3298.28","","3209.46"
"A129260","인터지스","12","0","KOSPI","2.4","50.72","","49.53"
"A129890","앱코","12","0","외감","","","",""
"A129920","대성하이텍","12","0","외감","","","",""
"A130500","GH신소재","12","0","KOSDAQ","-2.94","43.56","","44.88"
"A130580","나이스디앤비","12","0","KOSDAQ","-0.8","132.9","","133.98"
"A130660","한전산업","12","0","KOSPI","-1.22","105.95","","107.25"
"A130740","티피씨글로벌","12","0","KOSDAQ","-2.2","20.7","","21.17"
"A131030","옵투스제약","12","0","KOSDAQ","0.13","130.7","","130.53"
"A131090","시큐브","12","0","KOSDAQ","3.18","58.4","","56.6"
"A131100","티엔엔터테인먼트","12","0","KOSDAQ","0.99","74.64","","73.9"
"A131180","딜리","12","0","KOSDAQ","0","44.32","","44.32"
"A131220","대한과학","12","0","KOSDAQ","-0.84","44.06","","44.43"
"A131290","티에스이","12","0","KOSDAQ","-1.51","144.35","","146.56"
"A131370","알서포트","12","0","KOSDAQ","-4.08","375.53","","391.51"
"A131400","이브이첨단소재","12","0","KOSDAQ","-0.18","114.41","","114.62"
"A131760","파인텍","12","0","KOSDAQ","-1.22","69.54","","70.4"
"A131970","두산테스나","12","0","KOSDAQ","-2.34","400.04","","409.63"
"A133750","메가엠디","12","0","KOSDAQ","-12.84","97.24","","111.56"
"A133820","화인베스틸","12","0","KOSPI","-1","58.51","","59.1"
"A134060","이퓨쳐","12","0","KOSDAQ","-2.16","30.28","","30.95"
"A134380","미원화학","12","0","KOSPI","-0.21","102.16","","102.38"
"A134580","탑코미디어","12","0","KOSDAQ","-3.24","20.14","","20.81"
"A134790","시디즈","12","0","KOSPI","5.4","84","","79.7"
"A136150","원일티엔아이","12","0","외감","","","",""
"A136410","아셈스","12","0","외감","","","",""
"A136480","하림","12","0","KOSDAQ","-3.16","309.07","","319.16"
"A136490","선진","12","0","KOSPI","1.72","210.69","","207.12"
"A136540","윈스테크넷","12","0","KOSDAQ","3.58","210.62","","203.34"
"A137080","나래나노텍","12","0","외감","","","",""
"A137310","에스디바이오센서","12","0","외감","","","",""
"A137400","피엔티","12","0","KOSDAQ","-2.61","198.18","","199.4"
"A137940","넥스트아이","12","0","KOSDAQ","1.05","111.43","","110.28"
"A137950","제이씨케미칼","12","0","KOSDAQ","-2.87","109.16","","112.38"
"A138040","메리츠금융지주","12","0","KOSPI","2.99","1451.32","","1409.25"
"A138070","신진에스엠","12","0","KOSDAQ","-3.32","40.46","","41.86"
"A138080","오이솔루션","12","0","KOSDAQ","-1.82","430.28","","438.24"
"A138360","앤로보틱스","12","0","KOSDAQ","0","122.16","","122.16"
"A138610","나이벡","12","0","KOSDAQ","3.23","110.91","","107.45"
"A138930","BNK금융지주","12","1","KOSPI","-3.87","1499.3","","1559.6"
"A139130","iM금융지주","12","0","KOSPI","-1.77","845.73","","860.95"
"A139480","이마트","12","1","KOSPI","-0.9","3080.28","","3108.15"
"A139670","키네마스터","12","0","KOSDAQ","-1.96","128.69","","131.26"
"A139990","아주스틸","12","0","외감","","","",""
"A140070","서플러스글로벌","12","0","KOSDAQ","-1.68","65.1","","66.21"
"A140410","메지온","12","0","KOSDAQ","-0.16","1602.77","","1605.38"
"A140430","카티스","12","0","외감","","","",""
"A140520","대창스틸","12","0","KOSDAQ","-1.92","40.8","","41.6"
"A140670","알에스오토메이션","12","0","KOSDAQ","-2.94","69.18","","71.28"
"A140860","파크시스템스","12","0","KOSDAQ","-0.33","303.73","","304.73"
"A141000","비아트론","12","0","KOSDAQ","-0.75","96.19","","96.92"
"A141080","리가켐바이오","12","0","KOSDAQ","-0.51","634.18","","637.41"
"A142210","유니트론텍","12","0","KOSDAQ","-5.88","52.83","","56.14"
"A142280","녹십자엠에스","12","0","KOSDAQ","3.56","165.98","","160.28"
"A142760","모아라이프플러스","12","0","KOSDAQ","16.16","176.51","","151.95"
"A143160","아이디스","12","0","KOSDAQ","5.38","262.55","","249.16"
"A143210","핸즈코퍼레이션","12","0","KOSPI","-1.49","130.52","","132.49"
"A143240","사람인","12","0","KOSDAQ","-0.56","307.8","","309.55"
"A143540","영우디에스피","12","0","KOSDAQ","-2.25","52.39","","53.59"
"A144510","지씨셀","12","0","KOSDAQ","6.1","477.04","","449.6"
"A144960","뉴파워프라즈마","12","0","KOSDAQ","-4.13","134.07","","139.84"
"A145020","휴젤","12","0","KOSDAQ","0.03","1620.34","","1619.91"
"A145170","노브랜드","12","0","외감","","","",""
"A145210","다이나믹디자인","12","0","KOSPI","0","177.61","","177.61"
"A145720","덴티움","12","0","KOSPI","0.97","459.36","","454.93"
"A145990","삼양사","12","1","KOSPI","-1.53","398.61","","404.8"
"A146060","율촌","12","0","외감","","","",""
"A146320","비씨엔씨","12","0","외감","","","",""
"A147760","피엠티","12","0","KOSDAQ","10.17","45.12","","40.95"
"A147830","제룡산업","12","0","KOSDAQ","-1.61","48.9","","49.7"
"A148150","세경하이테크","12","0","KOSDAQ","2.74","327.14","","318.41"
"A148250","알엔투테크놀로지","12","0","KOSDAQ","0.81","87.97","","87.26"
"A148780","비큐AI","12","0","KONEX","-1.48","6.31","","6.41"
"A148930","에이치와이티씨","12","0","외감","","","",""
"A149950","아바텍","12","0","KOSDAQ","-0.56","111.75","","112.37"
"A149980","하이로닉","12","0","KOSDAQ","-0.7","60.21","","60.63"
"A150900","파수AI","12","0","KOSDAQ","-2.13","46.88","","47.9"
"A151860","KG에코솔루션","12","0","KOSDAQ","-2.21","167.04","","170.82"
"A153460","네이블","12","0","KOSDAQ","0.39","33.89","","33.76"
"A153490","우리이앤엘하루틴","12","0","KOSDAQ","-2.75","47.65","","49"
"A153710","옵티팜","12","0","KOSDAQ","2","146.65","","143.78"
"A154030","아시아종묘","12","0","KOSDAQ","-1.62","43.13","","43.84"
"A154040","다산솔루에타","12","0","KOSDAQ","-2.83","31.22","","32.13"
"A155650","와이엠씨","12","0","KOSDAQ","-2.75","198.15","","203.74"
"A155660","DSR","12","0","KOSPI","-2","58.88","","60.08"
"A156100","엘앤케이바이오","12","0","KOSDAQ","-3.7","53.95","","56.02"
"A158430","아톤","12","0","KOSDAQ","2.84","113.55","","110.41"
"A159010","아스플로","12","0","외감","","","",""
"A159580","제로투세븐","12","0","KOSDAQ","-1.2","164.47","","166.47"
"A159910","에코글로우","12","0","KOSDAQ","-3.75","53.54","","55.62"
"A160190","하이젠알앤엠","12","0","외감","","","",""
"A160550","NEW","12","0","KOSDAQ","-0.89","108.28","","109.25"
"A160980","싸이맥스","12","0","KOSDAQ","1.25","132.73","","131.09"
"A161000","애경케미칼","12","0","KOSPI","-2.15","218.51","","223.32"
"A161390","한국타이어앤테크놀로지","12","1","KOSPI","-2.56","2588.99","","2657.12"
"A161580","필옵틱스","12","0","KOSDAQ","-2.82","181.89","","187.16"
"A161890","한국콜마","12","1","KOSPI","-2.31","965.59","","988.47"
"A162300","신스틸","12","0","외감","","","",""
"A163280","에어레인","12","0","외감","","","",""
"A163560","동일고무벨트","12","0","KOSPI","-3.84","112.75","","117.25"
"A163730","핑거","12","0","외감","","","",""
"A166090","하나머티리얼즈","12","0","KOSDAQ","-2.59","331.71","","340.54"
"A166480","코아스템켐온","12","0","KOSDAQ","1.76","227.12","","223.19"
"A168330","내츄럴엔도텍","12","0","KOSDAQ","0","52.18","","52.18"
"A168360","펨트론","12","0","외감","","","",""
"A169330","엠브레인","6","0","외감","","","",""
"A170030","현대공업","12","0","KOSDAQ","-3.58","66.12","","68.57"
"A170790","파이오링크","12","0","KOSDAQ","2.03","103.53","","101.47"
"A170900","동아에스티","12","1","KOSPI","-1.95","762.48","","777.68"
"A170920","엘티씨","12","0","KOSDAQ","-0.32","70.24","","70.46"
"A171010","램테크놀러지","12","0","KOSDAQ","-1.18","68.25","","69.06"
"A171090","선익시스템","12","0","KOSDAQ","-3.02","66.5","","68.57"
"A171120","라이온켐텍","12","0","KOSDAQ","0.95","140","","138.68"
"A172670","에이엘티","12","0","외감","","","",""
"A173130","오파스넷","12","0","KOSDAQ","2.96","30.8","","29.91"
"A173940","에프엔씨엔터","12","0","KOSDAQ","-2.54","82.74","","84.9"
"A174900","앱클론","12","0","KOSDAQ","4.03","333.33","","320.41"
"A175140","아고스","12","0","KOSDAQ","-1.04","20.86","","21.08"
"A175250","아이큐어","12","0","KOSDAQ","-0.39","166.32","","166.96"
"A175330","JB금융지주","12","0","KOSPI","-2.07","886.42","","905.14"
"A176750","듀켐바이오","12","0","KONEX","-2.19","47.39","","48.46"
"A177350","베셀","12","0","KOSDAQ","-1.11","30","","30.33"
"A177830","파버나인","12","0","KOSDAQ","-0.8","50.79","","51.2"
"A177900","쓰리에이로직스","12","0","외감","","","",""
"A178320","서진시스템","12","0","KOSDAQ","-1.72","465.19","","473.33"
"A178780","일월지엠엘","12","0","KOSDAQ","1.89","46.31","","45.45"
"A178920","PI첨단소재","12","0","KOSDAQ","-3.24","966.15","","998.45"
"A179290","엠아이텍","12","0","KOSDAQ","-1.16","103.74","","104.96"
"A179530","애드바이오텍","12","0","KONEX","-14.61","25.02","","29.29"
"A179900","유티아이","12","0","KOSDAQ","0","321.53","","321.53"
"A180400","DXVX","12","0","KOSDAQ","0","174.81","","174.81"
"A180640","한진칼","12","0","KOSPI","-1.08","5414.1","","5473.27"
"A181710","NHN","12","0","KOSPI","2.38","1766.72","","1725.64"
"A182360","큐브엔터","12","0","KOSDAQ","-4.96","89.02","","93.67"
"A182400","엔케이젠바이오텍코리아","12","0","KOSDAQ","2.03","475.26","","465.82"
"A183190","아세아시멘트","12","0","KOSPI","-2.28","250.89","","256.73"
"A183300","코미코","12","0","KOSDAQ","1.64","245.26","","241.31"
"A183490","엔지켐생명과학","12","0","KOSDAQ","4.28","612.63","","587.46"
"A184230","SGA솔루션즈","12","0","KOSDAQ","-0.96","33.96","","34.29"
"A185490","아이진","12","0","KOSDAQ","-0.88","103.4","","104.32"
"A185750","종근당","12","1","KOSPI","-0.98","1099.45","","1110.34"
"A186230","그린플러스","12","0","KOSDAQ","-1.49","48","","48.72"
"A187220","디티앤씨","12","0","KOSDAQ","-6.97","65.82","","70.75"
"A187270","신화콘텍","12","0","KOSDAQ","0.2","25.87","","25.82"
"A187420","HLB제넥스","12","0","KOSDAQ","-2.01","117.27","","119.67"
"A187660","페니트리움바이오","12","0","외감","","","",""
"A187790","나노","12","0","KOSDAQ","-1.69","37.54","","38.18"
"A187870","디바이스","12","0","KOSDAQ","-0.93","112.59","","113.64"
"A188040","바이오포트","12","0","외감","","","",""
"A188260","세니젠","12","0","외감","","","",""
"A189300","인텔리안테크","12","0","KOSDAQ","-3.99","172.47","","179.64"
"A189330","씨이랩","12","0","KONEX","0","44.74","","44.74"
"A189690","포시에스","6","0","KOSDAQ","-0.31","50.67","","50.83"
"A189860","서전기전","12","0","KOSDAQ","0.86","34.24","","33.95"
"A189980","흥국에프엔비","12","0","KOSDAQ","-2.4","59.83","","61.3"
"A190510","나무가","12","0","KOSDAQ","-2.01","100.66","","102.72"
"A190650","코리아에셋투자증권","3","0","KOSDAQ","0.14","46.06","","45.99"
"A191410","육일씨엔에쓰","12","0","KOSDAQ","0.26","35.77","","35.67"
"A191420","테고사이언스","12","0","KOSDAQ","-1.55","153.63","","156.05"
"A192080","더블유게임즈","12","0","KOSPI","2","1212.83","","1189.08"
"A192250","케이사인","12","0","KOSDAQ","-0.78","82.46","","83.1"
"A192390","윈하이텍","12","0","KOSDAQ","-0.57","27.76","","27.92"
"A192400","쿠쿠홀딩스","12","1","KOSPI","-3.06","631.58","","651.5"
"A192410","오늘이엔엠","12","0","KOSDAQ","0","9.97","","9.97"
"A192440","슈피겐코리아","12","0","KOSDAQ","-0.66","281.6","","283.47"
"A192650","드림텍","12","0","KOSPI","-2.14","397.34","","406.02"
"A192820","코스맥스","12","1","KOSPI","-1.06","847.17","","856.22"
"A193250","링크드","12","0","KOSDAQ","0.62","88.26","","87.72"
"A194370","제이에스코퍼레이션","12","0","KOSPI","-1.16","102.68","","103.88"
"A194480","데브시스터즈","12","0","KOSDAQ","2.9","95.46","","92.77"
"A194700","노바렉스","12","0","KOSDAQ","1.72","266.51","","262.01"
"A195500","마니커에프앤지","12","0","KOSDAQ","-2.8","107.93","","111.04"
"A195870","해성디에스","12","0","KOSPI","1.25","275.4","","272"
"A195940","HK이노엔","12","0","외감","","","",""
"A195990","루트K","12","0","KOSDAQ","-2.24","122.66","","125.47"
"A196170","알테오젠","12","0","KOSDAQ","2.55","2417.1","","2356.92"
"A196300","HLB펩","12","0","KOSDAQ","-2.58","43.64","","44.79"
"A196450","코아시아씨엠","12","0","KOSDAQ","-2.52","68.39","","70.16"
"A196490","디에이테크놀로지","12","0","KOSDAQ","-1.19","71.93","","72.79"
"A196700","웹스","12","0","KOSDAQ","-1.27","21.23","","21.51"
"A197140","디지캡","12","0","KOSDAQ","-3.99","27.64","","28.79"
"A198080","캐프","12","0","KOSDAQ","6.2","110.69","","104.23"
"A198440","강동씨앤엘","12","0","KOSDAQ","-1.53","113.37","","115.13"
"A198940","한주라이트메탈","12","0","외감","","","",""
"A199430","케이엔알시스템","12","0","외감","","","",""
"A199480","뱅크웨어글로벌","12","0","외감","","","",""
"A199550","레이저옵텍","12","0","외감","","","",""
"A199730","바이오인프라","12","0","외감","","","",""
"A199800","툴젠","12","0","KONEX","-1.18","273.85","","277.13"
"A199820","제일일렉트릭","12","0","외감","","","",""
"A200130","콜마비앤에이치","12","0","KOSDAQ","-1.49","974.94","","989.71"
"A200230","텔콘RF제약","12","0","KOSDAQ","0.4","433.72","","432.01"
"A200350","아티스트스튜디오","12","0","KONEX","-1.63","23.1","","23.49"
"A200470","에이팩트","12","0","KOSDAQ","-1.87","110.76","","112.87"
"A200670","휴메딕스","12","0","KOSDAQ","2.27","224.35","","219.37"
"A200710","에이디테크놀로지","12","0","KOSDAQ","4.14","256.3","","246.1"
"A200780","비씨월드제약","12","0","KOSDAQ","4.36","189.08","","181.18"
"A200880","서연이화","12","0","KOSPI","-2.93","94.06","","96.9"
"A201490","미투온","12","0","KOSDAQ","-3.24","205.05","","211.93"
"A203400","에이비온","12","0","KONEX","-0.16","78.92","","79.05"
"A203450","유니온바이오메트릭스","12","0","KOSDAQ","2.65","39.78","","38.75"
"A203650","드림시큐리티","12","0","KOSDAQ","2.49","146","","142.46"
"A203690","아크솔루션스","12","0","KOSDAQ","3.55","206.57","","199.48"
"A204020","그리티","12","0","KOSDAQ","-2.53","50.47","","51.78"
"A204270","제이앤티씨","12","0","KOSDAQ","4.62","786.74","","752.03"
"A204320","HL만도","12","1","KOSPI","-4.18","1129.32","","1178.62"
"A204610","티쓰리","12","0","외감","","","",""
"A204620","글로벌텍스프리","12","0","KOSDAQ","-3.5","113.07","","117.16"
"A204840","지엘팜텍","12","0","KOSDAQ","14.3","43.57","","38.12"
"A205100","엑셈","12","0","KOSDAQ","0.25","133.83","","133.5"
"A205470","휴마시스","12","0","KOSDAQ","6.52","111.95","","104.84"
"A205500","넥써쓰","12","0","KOSDAQ","5.64","58.07","","54.97"
"A206400","베노티앤알","12","0","KOSDAQ","-1.62","76.07","","77.32"
"A206560","덱스터","12","0","KOSDAQ","-2.53","146.77","","150.57"
"A206640","바디텍메드","12","0","KOSDAQ","4.11","505.75","","485.8"
"A206650","유바이오로직스","12","0","KOSDAQ","-1.49","177.47","","180.15"
"A207760","미스터블루","12","0","KOSDAQ","-0.72","201.51","","202.98"
"A207940","삼성바이오로직스","12","1","KOSPI","1.02","39169.68","","38772.69"
"A208140","정다운","12","0","KOSDAQ","-2.95","47.22","","48.66"
"A208350","지란지교시큐리티","12","0","KOSDAQ","-2.15","45.95","","46.96"
"A208370","셀바스헬스케어","12","0","KOSDAQ","-0.53","60.56","","60.88"
"A208640","썸에이지","12","0","KOSDAQ","-4.59","96.06","","100.69"
"A208710","포톤","12","0","KOSDAQ","-3.67","41.72","","43.31"
"A208860","다산디엠씨","12","0","KOSDAQ","2.82","44","","42.8"
"A209640","와이제이링크","12","0","외감","","","",""
"A210120","캔버스엔","12","0","KONEX","-14.17","6.25","","7.29"
"A210540","디와이파워","12","0","KOSPI","-1.36","87.78","","89"
"A210980","SK디앤디","12","0","KOSPI","-1.14","492.79","","498.49"
"A211050","인카금융서비스","12","0","KONEX","0","19.77","","19.77"
"A211270","AP위성","12","0","KOSDAQ","-0.58","102.85","","103.45"
"A212560","네오오토","12","0","KOSDAQ","-2.6","29.49","","30.28"
"A212710","아이에스티이","12","0","외감","","","",""
"A213420","덕산네오룩스","12","0","KOSDAQ","0","771.92","","771.92"
"A213500","한솔제지","12","0","KOSPI","-0.95","372.48","","376.05"
"A214150","클래시스","12","0","KOSDAQ","1.19","825.04","","815.34"
"A214180","헥토이노베이션","12","0","KOSDAQ","6.21","195.31","","183.9"
"A214260","라파스","12","0","KOSDAQ","-0.35","120.15","","120.56"
"A214270","FSN","12","0","KOSDAQ","-0.83","119.93","","120.94"
"A214320","이노션","12","1","KOSPI","-2.8","1112","","1144"
"A214330","금호에이치티","12","0","KOSPI","-0.93","95.9","","96.8"
"A214370","케어젠","12","0","KOSDAQ","-2.61","601.61","","617.72"
"A214390","경보제약","12","0","KOSPI","-1.76","186.95","","190.3"
"A214420","토니모리","12","0","KOSPI","-3.11","192.28","","198.45"
"A214430","아이쓰리시스템","12","0","KOSDAQ","11.54","206.1","","184.78"
"A214450","파마리서치","12","0","KOSDAQ","0.42","461.65","","459.72"
"A214610","롤링스톤","12","0","KONEX","-2.42","114.53","","117.36"
"A214680","디알텍","12","0","KOSDAQ","-2.16","91.83","","93.85"
"A215000","골프존","12","0","KOSDAQ","-2.2","334.48","","342.01"
"A215090","솔디펜스","12","0","KOSDAQ","-2.1","30.46","","31.11"
"A215100","로보로보","12","0","KOSDAQ","-2.01","73.77","","75.29"
"A215200","메가스터디교육","12","0","KOSDAQ","-2.89","516.62","","531.98"
"A215360","우리산업","12","0","KOSDAQ","-0.85","159.81","","161.18"
"A215380","콜마바이오텍","12","0","KOSDAQ","3.7","84.31","","81.3"
"A215480","토박스코리아","12","0","KOSDAQ","-2.1","47.68","","48.7"
"A215600","신라젠","12","0","KOSDAQ","0","866.57","","866.57"
"A215790","이노인스트루먼트","12","0","KOSDAQ","4.31","87.82","","84.19"
"A216050","인크로스","12","0","KOSDAQ","-1.56","203.43","","206.66"
"A216080","제테마","12","0","KOSDAQ","-1.25","236.33","","239.32"
"A217190","제너셈","12","0","KOSDAQ","-3.81","25.43","","26.44"
"A217270","넵튠","12","0","KOSDAQ","-1.97","128.07","","130.64"
"A217330","싸이토젠","12","0","KOSDAQ","-4.39","61.41","","64.23"
"A217480","에스디생명공학","12","0","KOSDAQ","4.17","114.77","","110.17"
"A217500","러셀","12","0","KOSDAQ","-1.22","51.69","","52.33"
"A217590","티엠씨","12","0","외감","","","",""
"A217730","강스템바이오텍","12","0","KOSDAQ","-3.61","201.4","","208.96"
"A217820","원익피앤이","12","0","KOSDAQ","-1.94","64.39","","65.66"
"A218150","미래생명자원","12","0","KOSDAQ","6.12","58.25","","54.89"
"A218410","RFHIC","12","0","KOSDAQ","1.3","926.48","","914.56"
"A219130","타이거일렉","12","0","KOSDAQ","-1.79","38.14","","38.83"
"A219420","링크제니시스","12","0","KOSDAQ","-3.81","70.7","","73.5"
"A219550","디와이디","12","0","KOSDAQ","0.48","47.28","","47.06"
"A219750","한국비티비","12","0","KOSDAQ","1.17","47.79","","47.23"
"A220100","퓨쳐켐","12","0","KOSDAQ","-4.69","70.91","","74.4"
"A220180","폴라리스AI핸디","12","0","KOSDAQ","5.16","65.18","","61.98"
"A220260","켐트로스","12","0","KOSDAQ","-3.16","64.62","","66.73"
"A221800","지구홀딩스","12","0","KONEX","14.5","21.76","","19.01"
"A221840","하이즈항공","12","0","KOSDAQ","-3.47","69.02","","71.49"
"A221980","케이디켐","12","0","KOSDAQ","-0.87","46","","46.4"
"A222040","코스맥스엔비티","12","0","KOSDAQ","-1.82","100.05","","101.9"
"A222080","SFA넥셀","12","0","KOSDAQ","-1.14","220.26","","222.79"
"A222110","팬젠","12","0","KOSDAQ","0.93","73.57","","72.89"
"A222160","NPX","12","0","KONEX","13.93","8.99","","7.89"
"A222420","쎄노텍","12","0","KOSDAQ","1.56","65.26","","64.25"
"A222800","심텍","12","0","KOSDAQ","-0.91","224.12","","226.16"
"A222980","한국맥널티","12","0","KOSDAQ","0.78","51.64","","51.24"
"A223250","드림씨아이에스","12","0","외감","","","",""
"A223310","사토시홀딩스","12","0","KOSDAQ","0","26.95","","26.95"
"A224060","더코디","12","0","KOSDAQ","-4.1","54.61","","56.94"
"A224110","에이텍모빌리티","12","0","KOSDAQ","-1.51","52.12","","52.92"
"A225190","LK삼양","12","0","KOSDAQ","-1.4","106.95","","108.47"
"A225220","제놀루션","12","0","KONEX","0","45.38","","45.38"
"A225430","케이엠제약","12","0","KOSDAQ","2.16","70.79","","69.29"
"A225530","HC보광산업","12","0","KOSDAQ","-2.74","173.33","","178.21"
"A225570","넥슨게임즈","12","0","KOSDAQ","5.09","244.26","","232.44"
"A225590","패션플랫폼","12","0","KOSDAQ","-1.89","27.7","","28.23"
"A226320","잇츠한불","12","0","KOSPI","-0.65","336.61","","338.81"
"A226330","신테카바이오","12","0","KOSDAQ","1.8","148.86","","146.23"
"A226340","본느","12","0","KOSDAQ","-2.91","92.1","","94.86"
"A226400","오스테오닉","12","0","KOSDAQ","-1.35","27.91","","28.29"
"A226590","엠디바이스","12","0","외감","","","",""
"A226950","올릭스","12","0","KOSDAQ","-0.62","262.52","","264.16"
"A227100","프로브잇","12","0","KOSDAQ","-2.53","19.5","","20.01"
"A227610","아우딘퓨쳐스","12","0","KOSDAQ","-0.95","51.9","","52.4"
"A227840","현대코퍼레이션홀딩스","12","0","KOSPI","-2.04","87.37","","89.19"
"A227950","엔투텍","12","0","KOSDAQ","0.63","91.34","","90.77"
"A228340","동양파일","12","0","KOSDAQ","-5.91","54.1","","57.5"
"A228670","레이","12","0","KOSDAQ","4.29","323.35","","310.04"
"A228760","지노믹트리","12","0","KOSDAQ","0","370.74","","370.74"
"A228850","레이언스","12","0","KOSDAQ","-5.15","214.02","","225.64"
"A229000","젠큐릭스","12","0","KONEX","-0.5","106.51","","107.05"
"A229640","LS에코에너지","12","0","KOSPI","-1.44","210.09","","213.15"
"A230240","에치에프알","12","0","KOSDAQ","1.62","452.32","","445.13"
"A230360","에코마케팅","12","0","KOSDAQ","3.09","566.96","","549.95"
"A232140","와이씨","12","0","KOSDAQ","-1.91","211.51","","215.64"
"A232680","라온로보틱스","12","0","KONEX","9.78","19.45","","17.72"
"A232830","아이티센피엔에스","12","0","KONEX","-2.24","14.74","","15.08"
"A234030","싸이닉솔루션","12","0","외감","","","",""
"A234080","JW생명과학","12","0","KOSPI","2.04","277.1","","271.56"
"A234100","폴라리스세원","12","0","KOSDAQ","0","55.96","","55.96"
"A234300","에스트래픽","12","0","KOSDAQ","-1.63","72.12","","73.32"
"A234340","헥토파이낸셜","12","0","KOSDAQ","4.95","275.23","","262.26"
"A234690","녹십자웰빙","12","0","KOSDAQ","-0.75","164.39","","165.63"
"A234920","자이글","12","0","KOSDAQ","-1.76","45.4","","46.21"
"A235980","메드팩토","12","0","KOSDAQ","0.23","904.01","","901.98"
"A236200","슈프리마","12","0","KOSDAQ","-1","249.25","","251.76"
"A236810","엔비티","12","0","외감","","","",""
"A237690","에스티팜","12","0","KOSDAQ","-0.7","660.42","","665.09"
"A237750","피앤씨테크","12","0","KOSDAQ","-0.77","29.46","","29.69"
"A237820","플레이디","12","0","KOSDAQ","29.53","151.36","","116.86"
"A237880","클리오","12","0","KOSDAQ","-1.54","380.93","","386.87"
"A238090","앤디포스","12","0","KOSDAQ","0.62","205.12","","203.85"
"A238120","얼라인드","12","0","KOSDAQ","2.3","55.9","","54.64"
"A238200","비피도","12","0","KOSDAQ","-0.96","84.46","","85.28"
"A238490","힘스","12","0","KOSDAQ","-2.08","106.34","","108.6"
"A239340","이스트에이드","12","0","KOSDAQ","-3.46","127.69","","132.26"
"A239610","에이치엘사이언스","12","0","KOSDAQ","-3.1","273.56","","282.3"
"A239890","피엔에이치테크","12","0","KONEX","0","27.81","","27.81"
"A240550","동방메디컬","12","0","외감","","","",""
"A240600","유진테크놀로지","12","0","외감","","","",""
"A240810","원익IPS","12","0","KOSDAQ","3.43","1627.13","","1573.14"
"A241520","DSC인베스트먼트","12","0","KOSDAQ","-0.83","54.11","","54.57"
"A241560","두산밥캣","12","1","KOSPI","-0.83","2400.97","","2421.02"
"A241590","화승엔터프라이즈","12","0","KOSPI","0.4","759.74","","756.71"
"A241690","유니테크노","12","0","KOSDAQ","1.27","114.27","","112.83"
"A241710","코스메카코리아","12","0","KOSDAQ","0","114.81","","114.81"
"A241770","메카로","12","0","KOSDAQ","0.43","119.19","","118.69"
"A241790","티이엠씨씨엔에스","12","0","KOSDAQ","-6.52","107.53","","115.03"
"A241820","피씨엘","12","0","KOSDAQ","4.05","171.51","","164.84"
"A241840","에이스토리","12","0","KOSDAQ","-0.69","80.51","","81.07"
"A242040","나무에이엑스","12","0","KOSDAQ","-0.64","135.64","","136.51"
"A243070","휴온스","12","0","KOSDAQ","0.78","511.82","","507.87"
"A243840","신흥에스이씨","12","0","KOSDAQ","4.52","233.26","","223.18"
"A244460","올리패스","12","0","KOSDAQ","-0.39","202.81","","203.6"
"A244920","에이플러스에셋","12","0","K-OTC","-4.22","127","","132.6"
"A245620","EDGC","12","0","KOSDAQ","6.32","548.02","","515.46"
"A246250","에스엘에스바이오","12","0","KONEX","-1.99","50.39","","51.42"
"A246690","TS인베스트먼트","12","0","KOSDAQ","-2.62","62.55","","64.24"
"A246710","티앤알바이오팹","12","0","KOSDAQ","9.81","98.36","","89.57"
"A246720","아스타","12","0","KOSDAQ","2.68","52.82","","51.44"
"A246960","SCL사이언스","12","0","KOSDAQ","-2.71","43.53","","44.74"
"A247540","에코프로비엠","12","0","KOSDAQ","-1.09","1526.19","","1542.96"
"A247660","나노씨엠에스","12","0","외감","","","",""
"A248070","솔루엠","12","0","외감","","","",""
"A248170","샘표식품","12","0","KOSPI","0","138.19","","138.19"
"A249420","일동제약","12","0","KOSPI","-1.13","313.01","","316.58"
"A250000","보라티알","12","0","KOSDAQ","-0.13","50.9","","50.97"
"A250060","모비스","12","0","KOSDAQ","-4.52","81.55","","85.41"
"A250930","예선테크","12","0","KOSDAQ","2.65","70.29","","68.48"
"A251120","바이오에프디엔씨","12","0","외감","","","",""
"A251270","넷마블","12","1","KOSPI","5.5","9051.06","","8579.2"
"A251370","와이엠티","12","0","KOSDAQ","1.82","165.51","","162.54"
"A251630","브이원텍","12","0","KOSDAQ","-1.58","103.25","","104.9"
"A251970","펌텍코리아","12","0","KOSDAQ","-1.76","207.7","","211.42"
"A252500","세화피앤씨","12","0","KOSDAQ","-1.15","53.72","","54.35"
"A252990","샘씨엔에스","12","0","외감","","","",""
"A253450","스튜디오드래곤","12","0","KOSDAQ","0.13","2160.61","","2157.8"
"A253590","네오셈","12","0","KOSDAQ","0","62.69","","62.69"
"A253840","수젠텍","12","0","KOSDAQ","24.32","371.1","","298.51"
"A254120","자비스","12","0","KOSDAQ","0.28","33.92","","33.83"
"A254490","미래반도체","12","0","외감","","","",""
"A255220","SG","12","0","KOSDAQ","3.27","75.46","","73.07"
"A255440","야스","12","0","KOSDAQ","-1.64","195.22","","198.48"
"A256150","한독크린텍","12","0","KOSDAQ","2.76","82.23","","80.02"
"A256630","포인트엔지니어링","12","0","KOSDAQ","-4.59","176.24","","184.71"
"A256840","한국비엔씨","12","0","KOSDAQ","0","95.07","","95.07"
"A256940","킵스파마","12","0","KOSDAQ","6.55","292.86","","274.86"
"A257370","피엔티엠에스","12","0","KOSDAQ","1.23","78.35","","77.4"
"A257720","실리콘투","12","0","외감","","","",""
"A258610","케일럼","12","0","KOSDAQ","-4.75","58.79","","61.73"
"A258790","소프트캠프","12","0","KOSDAQ","-6.76","50.1","","53.73"
"A258830","세종메디칼","12","0","KOSDAQ","-1.44","50.97","","51.71"
"A259630","엠플러스","12","0","KOSDAQ","-1.01","102.04","","103.08"
"A259960","크래프톤","12","0","외감","","","",""
"A260660","알리코제약","12","0","KOSDAQ","6.85","130.04","","121.7"
"A260930","씨티케이","12","0","KOSDAQ","-0.75","133.61","","134.62"
"A260970","에스앤디","12","0","KONEX","4.85","28.24","","26.93"
"A261200","덴티스","12","0","KOSDAQ","-1.46","8.61","","8.73"
"A261520","이지스","12","0","외감","","","",""
"A261780","아리바이오랩","12","0","외감","","","",""
"A262260","에이프로","12","0","외감","","","",""
"A262840","아이퀘스트","12","0","외감","","","",""
"A263020","디케이앤디","12","0","KOSDAQ","-0.78","39.36","","39.67"
"A263050","유틸렉스","12","0","KOSDAQ","1.12","469.62","","464.42"
"A263600","덕우전자","12","0","KOSDAQ","-0.62","127.6","","128.4"
"A263690","디알젬","12","0","KOSDAQ","6.88","193.67","","181.21"
"A263700","케어랩스","12","0","KOSDAQ","-0.76","125.38","","126.34"
"A263720","디앤씨미디어","12","0","KOSDAQ","3.1","347.39","","336.95"
"A263750","펄어비스","12","0","KOSDAQ","2.62","2818.71","","2746.77"
"A263770","유에스티","12","0","KOSDAQ","0.75","79.51","","78.92"
"A263800","데이타솔루션","12","0","KOSDAQ","-4.91","97.77","","102.81"
"A263810","상신전자","12","0","KOSDAQ","0.17","42.02","","41.95"
"A263860","지니언스","12","0","KOSDAQ","3.21","47.08","","45.62"
"A263920","휴엠앤씨","12","0","KOSDAQ","-4.42","36.72","","38.41"
"A264450","유비쿼스","12","0","KOSDAQ","-2.02","148.85","","151.93"
"A264660","씨앤지하이테크","12","0","KOSDAQ","-1.79","64.55","","65.73"
"A264850","이랜시스","12","0","KOSDAQ","0","53.29","","53.29"
"A264900","크라운제과","12","0","KOSPI","-1.11","111.71","","112.97"
"A265520","AP시스템","12","0","KOSDAQ","-0.55","390.24","","392.41"
"A265560","영화테크","12","0","KOSDAQ","-3.55","50.78","","52.65"
"A265740","엔에프씨","12","0","외감","","","",""
"A267250","HD현대","12","1","KOSPI","-2.85","3884.36","","3998.36"
"A267260","HD현대일렉트릭","12","0","KOSPI","-0.74","291.26","","293.42"
"A267270","HD건설기계","12","0","KOSPI","-1.38","351.66","","356.58"
"A267290","경동도시가스","12","0","KOSPI","-2.93","107.3","","110.54"
"A267320","나인테크","12","0","KOSDAQ","2.98","65.74","","63.84"
"A267790","배럴","12","0","KOSDAQ","-3.56","95.38","","98.9"
"A267850","아시아나IDT","12","0","KOSPI","-3.31","162.06","","167.61"
"A267980","매일유업","12","0","KOSDAQ","-1.84","627.49","","639.26"
"A268280","미원에스씨","12","0","KOSPI","0.13","410.37","","409.84"
"A269620","시스웍","12","0","KOSDAQ","-1.97","40.23","","41.04"
"A270520","앱튼","12","0","KOSDAQ","-2.69","42.46","","43.64"
"A270660","에브리봇","12","0","KONEX","0","7.84","","7.84"
"A270870","뉴트리","12","0","KOSDAQ","-1.7","236.8","","240.88"
"A271560","오리온","12","1","KOSPI","2.02","4981.55","","4882.71"
"A271830","팸텍","12","0","외감","","","",""
"A271940","일진하이솔루스","12","0","외감","","","",""
"A271980","제일약품","12","0","KOSPI","-2.3","405.85","","415.41"
"A272110","케이엔제이","12","0","KOSDAQ","4.17","61.41","","58.96"
"A272210","한화시스템","12","0","KOSPI","3.5","944.67","","912.71"
"A272290","이녹스첨단소재","12","0","KOSDAQ","-2.54","346.84","","355.87"
"A272450","진에어","12","0","KOSPI","-1.19","299.4","","303"
"A272550","삼양패키징","12","0","KOSPI","1.12","255.78","","252.93"
"A273060","와이즈버즈","12","0","KOSDAQ","0","15.55","","15.55"
"A273640","와이엠텍","12","0","외감","","","",""
"A274090","켄코아에어로스페이스","12","0","KOSDAQ","3.39","79.74","","77.12"
"A274400","이노시뮬레이션","12","0","외감","","","",""
"A275630","에스에스알","12","0","KOSDAQ","-0.64","36.16","","36.39"
"A276040","스코넥","12","0","외감","","","",""
"A276730","한울앤제주","12","0","외감","","","",""
"A277070","린드먼아시아","12","0","KOSDAQ","-1.43","60.68","","61.56"
"A277410","인산가","12","0","KOSDAQ","-1.87","48.64","","49.57"
"A277810","레인보우로보틱스","12","0","외감","","","",""
"A277880","티에스아이","12","0","KONEX","2.6","92.31","","89.97"
"A278280","천보","12","0","KOSDAQ","0","661","","661"
"A278470","에이피알","12","0","외감","","","",""
"A278650","HLB바이오스텝","12","0","KOSDAQ","7.87","171.88","","159.34"
"A279570","케이뱅크","12","0","외감","","","",""
"A279600","미디어젠","12","0","KOSDAQ","4.1","24.72","","23.75"
"A280360","롯데웰푸드","12","0","KOSPI","-0.36","879.09","","882.3"
"A281740","레이크머티리얼즈","12","0","KOSDAQ","-0.63","103.53","","104.18"
"A281820","케이씨텍","12","0","KOSPI","-2.06","376.95","","384.88"
"A282330","BGF리테일","12","1","KOSPI","-0.67","2575.3","","2592.59"
"A282720","금양그린파워","12","0","외감","","","",""
"A282880","코윈테크","12","0","KOSDAQ","-2.42","242.39","","248.4"
"A284620","카이노스메드","12","0","KOSDAQ","0.29","18.55","","18.5"
"A284740","쿠쿠홈시스","12","0","KOSPI","-2.47","886.27","","908.71"
"A285130","SK케미칼","12","1","KOSPI","-1.69","955.75","","972.19"
"A285490","노바텍","12","0","KOSDAQ","8.72","81.26","","74.74"
"A285800","진영","12","0","외감","","","",""
"A286750","나노실리칸첨단소재","12","0","KOSDAQ","-0.9","45.01","","45.42"
"A286940","롯데이노베이트","12","0","KOSPI","1.16","603.54","","596.61"
"A287840","인투셀","12","0","외감","","","",""
"A288180","케이피항공산업","12","0","외감","","","",""
"A288330","파라택시스코리아","12","0","KOSDAQ","9.64","321.67","","293.38"
"A288620","에스프리즘","12","0","KOSDAQ","-2.1","107.13","","109.43"
"A288980","모아데이타","12","0","외감","","","",""
"A289010","아이스크림에듀","12","0","KOSDAQ","-9.61","133.14","","147.29"
"A289080","SV인베스트먼트","3","0","KOSDAQ","-0.29","184.19","","184.72"
"A289220","자이언트스텝","12","0","외감","","","",""
"A289930","웨이비스","12","0","외감","","","",""
"A290090","트윔","12","0","외감","","","",""
"A290120","DH오토리드","12","0","KOSDAQ","-3.42","76.84","","79.56"
"A290270","휴네시온","12","0","KOSDAQ","2.29","51.4","","50.25"
"A290520","신도기연","12","0","외감","","","",""
"A290550","디케이티","12","0","KOSDAQ","-4.25","83.55","","87.25"
"A290560","파라택시스이더리움","12","0","외감","","","",""
"A290650","엘앤씨바이오","12","0","KOSDAQ","1.76","552.69","","543.12"
"A290660","다이나믹솔루션","12","0","KOSDAQ","-0.34","53.19","","53.37"
"A290670","대보마그네틱","12","0","KOSDAQ","-3.16","152.19","","157.15"
"A290690","아리바이오홀딩스","12","0","외감","","","",""
"A290720","푸드나무","12","0","KOSDAQ","3.32","158.92","","153.82"
"A290740","액트로","12","0","KOSDAQ","-2.06","95.39","","97.39"
"A291230","엔피","12","0","KOSDAQ","-0.74","15.14","","15.25"
"A291650","압타머사이언스","12","0","외감","","","",""
"A291810","핀텔","12","0","외감","","","",""
"A293480","하나제약","12","0","KOSPI","-1.1","365.31","","369.36"
"A293490","카카오게임즈","12","0","외감","","","",""
"A293580","나우IB","12","0","KOSDAQ","-2.43","45.6","","46.74"
"A293780","압타바이오","12","0","KOSDAQ","1.87","300.74","","295.24"
"A294090","이오플로우","12","0","외감","","","",""
"A294140","레몬","12","0","KOSDAQ","6.17","564.08","","531.3"
"A294570","쿠콘","12","0","외감","","","",""
"A294630","서남","12","0","KOSDAQ","0.58","70.46","","70.06"
"A294870","IPARK현대산업개발","12","1","KOSPI","-2.53","1268.72","","1301.67"
"A295310","에이치브이엠","12","0","외감","","","",""
"A296640","이노에이엑스","12","0","외감","","","",""
"A297090","씨에스베어링","12","0","KOSDAQ","-0.75","75.22","","75.79"
"A297570","아틀라스링크","12","0","KOSDAQ","-3.66","38.82","","40.29"
"A297890","HB솔루션","12","0","외감","","","",""
"A298000","효성화학","12","0","KOSPI","-6.69","355.7","","381.22"
"A298020","효성티앤씨","12","0","KOSPI","-2.21","575.58","","588.56"
"A298040","효성중공업","12","1","KOSPI","-4.04","144.06","","150.13"
"A298050","HS효성첨단소재","12","0","KOSPI","-0.55","402.75","","404.99"
"A298060","풍전약품","12","0","외감","","","",""
"A298380","에이비엘바이오","12","0","KOSDAQ","3.86","934.17","","899.49"
"A298540","더네이쳐홀딩스","12","0","외감","","","",""
"A298690","에어부산","12","0","KOSPI","-3.53","184.85","","191.62"
"A298830","슈어소프트테크","12","0","외감","","","",""
"A299030","하나기술","12","0","외감","","","",""
"A299170","더블유에스아이","12","0","KOSDAQ","0.24","8.88","","8.85"
"A299660","셀리드","12","0","KOSDAQ","0.23","212.75","","212.27"
"A299900","위지윅스튜디오","12","0","KOSDAQ","-1.34","155.2","","157.3"
"A300080","플리토","12","0","KOSDAQ","4.65","69.98","","66.87"
"A300120","라온피플","12","0","KOSDAQ","2.99","213.28","","207.09"
"A300720","한일시멘트","12","0","KOSPI","-2.97","352.32","","363.1"
"A301300","바이브컴퍼니","12","0","외감","","","",""
"A302430","이노메트리","12","0","KOSDAQ","-0.76","126.42","","127.38"
"A302440","SK바이오사이언스","12","0","외감","","","",""
"A302550","리메드","12","0","KOSDAQ","0.18","168.53","","168.23"
"A303030","지니틱스","12","0","KOSDAQ","5.98","106.62","","100.61"
"A303360","프로티아","12","0","KONEX","3.2","73.21","","70.94"
"A303530","이노뎁","12","0","외감","","","",""
"A303810","동국생명과학","12","0","외감","","","",""
"A304100","솔트룩스","12","0","외감","","","",""
"A304360","에스바이오메딕스","12","0","외감","","","",""
"A304840","피플바이오","12","0","외감","","","",""
"A305090","마이크로디지탈","12","0","KOSDAQ","1.49","74.43","","73.34"
"A306040","에스제이그룹","12","0","KOSDAQ","-1.1","163.25","","165.06"
"A306200","세아제강","12","0","KOSPI","-5.48","119.83","","126.78"
"A306620","지아이에스","12","0","KOSDAQ","-2.69","64.61","","66.39"
"A307180","아이엘","12","0","KOSDAQ","0.53","37.05","","36.85"
"A307280","원바이오젠","12","0","KOSDAQ","-1.23","7.5","","7.59"
"A307750","국전","12","0","KOSDAQ","-0.74","10.07","","10.15"
"A307870","비투엔","12","0","KOSDAQ","0","9.57","","9.57"
"A307930","컴퍼니케이","12","0","KOSDAQ","-2.01","99.12","","101.15"
"A307950","현대오토에버","12","0","KOSPI","0.67","942.9","","936.6"
"A308080","바이젠셀","12","0","외감","","","",""
"A308100","형지글로벌","12","0","KOSDAQ","-1.87","69.27","","70.58"
"A308170","씨티알모빌리티","12","0","KOSPI","-0.97","263.9","","266.48"
"A308430","셀비온","12","0","외감","","","",""
"A309710","아이티켐","12","0","외감","","","",""
"A309930","조이웍스앤코","12","0","KOSDAQ","0","9.59","","9.59"
"A309960","LB인베스트먼트","12","0","외감","","","",""
"A310200","애니플러스","12","0","KOSDAQ","1.66","42.85","","42.16"
"A310210","보로노이","12","0","외감","","","",""
"A310870","디와이씨","12","0","KOSDAQ","-0.25","6.87","","6.89"
"A311320","지오엘리먼트","12","0","외감","","","",""
"A311390","네오크레마","12","0","KOSDAQ","0.58","50.91","","50.62"
"A311690","CJ 바이오사이언스","12","0","KOSDAQ","5.2","116","","110.26"
"A312610","에이에프더블류","12","0","KOSDAQ","-3.05","99.66","","102.8"
"A313760","캐리","12","0","KOSDAQ","1.5","45.95","","45.27"
"A314130","지놈앤컴퍼니","12","0","KONEX","-2.29","268.23","","274.52"
"A314140","알피바이오","12","0","외감","","","",""
"A314930","바이오다인","12","0","외감","","","",""
"A315640","딥노이드","12","0","외감","","","",""
"A316140","우리금융지주","12","1","KOSPI","-2","5669.8","","5785.36"
"A317120","라닉스","12","0","KOSDAQ","-2.27","69.16","","70.77"
"A317240","TS트릴리온","12","0","KOSDAQ","-1.47","8.82","","8.95"
"A317330","덕산테코피아","12","0","KOSDAQ","-3.16","253.61","","261.88"
"A317400","자이에스앤디","12","0","KOSPI","-1.35","137.39","","139.27"
"A317450","명인제약","12","0","외감","","","",""
"A317530","에피소드컴퍼니","12","0","KOSDAQ","-2.48","39.82","","40.84"
"A317690","퀀타매트릭스","12","0","외감","","","",""
"A317770","엑스페릭스","12","0","KOSDAQ","-0.35","42.04","","42.19"
"A317830","에스피시스템스","12","0","KOSDAQ","-0.96","37.84","","38.2"
"A317850","대모","12","0","KOSDAQ","0","42.45","","42.45"
"A317870","엔바이오니아","12","0","KOSDAQ","-1.6","46.11","","46.86"
"A318000","KBG","12","0","KOSDAQ","-3.23","43.9","","45.36"
"A318010","팜스빌","12","0","KOSDAQ","-0.7","111.8","","112.6"
"A318020","포인트모바일","12","0","외감","","","",""
"A318060","그래피","12","0","외감","","","",""
"A318160","셀바이오휴먼텍","12","0","외감","","","",""
"A318410","비비씨","12","0","외감","","","",""
"A319400","현대무벡스","12","0","KOSDAQ","-0.75","17.2","","17.33"
"A319660","피에스케이","12","0","KOSDAQ","-1.9","304.9","","310.8"
"A320000","한울반도체","12","0","KOSDAQ","0","6.87","","6.87"
"A321260","프로이천","12","0","KOSDAQ","0","7.01","","7.01"
"A321370","센서뷰","12","0","외감","","","",""
"A321550","티움바이오","12","0","KOSDAQ","4.21","319.22","","306.31"
"A321820","아티스트컴퍼니","12","0","외감","","","",""
"A322000","HD현대에너지솔루션","12","0","KOSPI","-0.43","259.84","","260.96"
"A322180","LS티라유텍","12","0","KOSDAQ","-2.14","74.44","","76.07"
"A322310","오로스테크놀로지","12","0","외감","","","",""
"A322510","제이엘케이","12","0","KOSDAQ","4.45","115.99","","111.05"
"A322780","코퍼스코리아","12","0","KOSDAQ","0","9.17","","9.17"
"A323280","태성","12","0","KOSDAQ","0.25","7.1","","7.08"
"A323350","다원넥스뷰","12","0","KONEX","0","29.93","","29.93"
"A323410","카카오뱅크","12","0","외감","","","",""
"A323990","박셀바이오","12","0","외감","","","",""
"A326030","SK바이오팜","12","0","외감","","","",""
"A327260","RF머트리얼즈","12","0","KOSDAQ","-0.95","73.95","","74.66"
"A328130","루닛","12","0","외감","","","",""
"A328380","솔트웨어","12","0","KOSDAQ","0","13.03","","13.03"
"A329180","HD현대중공업","12","0","외감","","","",""
"A330350","위더스제약","12","0","외감","","","",""
"A330730","스톤브릿지벤처스","12","0","외감","","","",""
"A330860","네패스아크","12","0","외감","","","",""
"A331380","포커스에이아이","12","0","KOSDAQ","0","8.08","","8.08"
"A331520","밸로프","12","0","KOSDAQ","0","7.76","","7.76"
"A331740","아우토크립트","12","0","외감","","","",""
"A331920","셀레믹스","12","0","외감","","","",""
"A332290","누보","12","0","KOSDAQ","0","10.49","","10.49"
"A332370","아이디피","12","0","외감","","","",""
"A332570","PS일렉트로닉스","12","0","외감","","","",""
"A333050","이노테나","12","0","KOSDAQ","0","10.1","","10.1"
"A333430","일승","12","0","KOSDAQ","2.24","9","","8.8"
"A333620","엔시스","12","0","외감","","","",""
"A334970","프레스티지바이오로직스","6","0","외감","","","",""
"A335810","프리시젼바이오","12","0","외감","","","",""
"A335870","윙스풋","12","0","KOSDAQ","0.25","6.35","","6.33"
"A336060","웨이버스","12","0","KOSDAQ","-0.5","11.86","","11.92"
"A336260","두산퓨얼셀","12","0","KOSPI","1.12","552.16","","546.06"
"A336370","솔루스첨단소재","12","0","KOSPI","-4.25","1033.93","","1079.82"
"A336570","원텍","12","0","KOSDAQ","-0.25","11.19","","11.22"
"A336680","탑런토탈솔루션","12","0","외감","","","",""
"A337930","젝시믹스","12","0","외감","","","",""
"A338220","뷰노","12","0","외감","","","",""
"A338840","와이바이오로직스","12","0","외감","","","",""
"A339770","교촌에프앤비","12","0","외감","","","",""
"A339950","아이비김영","12","0","KOSDAQ","0","13.08","","13.08"
"A340360","다보링크","12","0","KOSDAQ","-0.5","13.66","","13.72"
"A340440","세림B&G","12","0","KOSDAQ","-0.25","9.42","","9.44"
"A340450","지씨지놈","12","0","외감","","","",""
"A340570","티앤엘","12","0","외감","","","",""
"A340810","시선AI","12","0","외감","","","",""
"A340930","성원에너텍","12","0","외감","","","",""
"A342870","오아","12","0","외감","","","",""
"A344820","KCC글라스","12","0","KOSPI","-2.16","246.33","","251.76"
"A344860","이노진","12","0","KONEX","1.11","19.02","","18.81"
"A347000","센코","12","0","외감","","","",""
"A347700","스피어","12","0","외감","","","",""
"A347740","피엔케이피부임상연구센타","12","0","외감","","","",""
"A347770","핌스","12","0","외감","","","",""
"A347850","디앤디파마텍","12","0","외감","","","",""
"A347860","알체라","12","0","외감","","","",""
"A347890","엠엑스온","12","0","외감","","","",""
"A348030","모비릭스","12","0","외감","","","",""
"A348080","큐라티스","12","0","외감","","","",""
"A348150","고바이오랩","12","0","외감","","","",""
"A348210","넥스틴","12","0","외감","","","",""
"A348340","뉴로메카","12","0","외감","","","",""
"A348350","위드텍","12","0","외감","","","",""
"A348370","엔켐","12","0","외감","","","",""
"A351320","넥사다이내믹스","12","0","외감","","","",""
"A351330","이삭엔지니어링","12","0","외감","","","",""
"A351870","차이커뮤니케이션","12","0","외감","","","",""
"A352090","스톰테크","12","0","외감","","","",""
"A352480","씨앤씨인터내셔널","12","0","외감","","","",""
"A352700","씨앤투스","12","0","외감","","","",""
"A352770","셀레스트라","12","0","외감","","","",""
"A352820","하이브","12","0","외감","","","",""
"A352910","오비고","12","0","외감","","","",""
"A352940","인바이오","12","0","외감","","","",""
"A353190","휴럼","12","0","외감","","","",""
"A353200","대덕전자","12","0","외감","","","",""
"A353590","오토앤","12","0","외감","","","",""
"A353810","이지바이오","12","0","외감","","","",""
"A354200","엔젠바이오","12","0","외감","","","",""
"A354320","알멕","12","0","외감","","","",""
"A355150","코스텍시스","12","0","외감","","","",""
"A355390","크라우드웍스","12","0","외감","","","",""
"A355690","에이텀","12","0","외감","","","",""
"A356680","엑스게이트","12","0","외감","","","",""
"A356860","티엘비","12","0","외감","","","",""
"A356890","싸이버원","12","0","외감","","","",""
"A357230","에이치피오","12","0","외감","","","",""
"A357550","석경에이티","12","0","외감","","","",""
"A357580","아모센스","12","0","외감","","","",""
"A357780","솔브레인","12","0","외감","","","",""
"A357880","SKAI","12","0","외감","","","",""
"A358570","지아이이노베이션","12","0","외감","","","",""
"A359090","씨엔알리서치","12","0","외감","","","",""
"A360070","탑머티리얼","12","0","외감","","","",""
"A360350","코셈","12","0","외감","","","",""
"A361390","제노코","12","0","외감","","","",""
"A361570","알비더블유","12","0","외감","","","",""
"A361610","SK아이이테크놀로지","12","0","외감","","","",""
"A361670","삼영에스앤씨","12","0","외감","","","",""
"A362320","청담글로벌","12","0","외감","","","",""
"A362990","드림인사이트","12","0","외감","","","",""
"A363250","진시스템","12","0","외감","","","",""
"A363260","모비데이즈","12","0","외감","","","",""
"A363280","티와이홀딩스","12","0","외감","","","",""
"A364950","에이아이코리아","12","0","외감","","","",""
"A365270","큐라클","12","0","외감","","","",""
"A365330","에스와이스틸텍","12","0","외감","","","",""
"A365340","성일하이텍","12","0","외감","","","",""
"A365590","하이딥","12","0","외감","","","",""
"A365900","브이씨","12","0","외감","","","",""
"A366030","나인앤컴퍼니","12","0","외감","","","",""
"A367000","플래티어","12","0","외감","","","",""
"A368600","아이씨에이치","12","0","외감","","","",""
"A368770","파이버프로","12","0","외감","","","",""
"A368970","오에스피","12","0","외감","","","",""
"A369370","블리츠웨이엔터테인먼트","12","0","외감","","","",""
"A370090","퓨런티어","12","0","외감","","","",""
"A371950","풍원정밀","12","0","외감","","","",""
"A372170","윤성에프앤씨","12","0","외감","","","",""
"A372320","큐로셀","12","0","외감","","","",""
"A372800","아이티아이즈","12","0","외감","","","",""
"A372910","한컴라이프케어","12","0","외감","","","",""
"A373110","엑셀세라퓨틱스","12","0","외감","","","",""
"A373160","데이원컴퍼니","12","0","외감","","","",""
"A373170","엠아이큐브솔루션","12","0","외감","","","",""
"A373200","엑스플러스","12","0","외감","","","",""
"A373220","LG에너지솔루션","12","0","외감","","","",""
"A375500","DL이앤씨","12","0","외감","","","",""
"A376180","피코그램","12","0","외감","","","",""
"A376270","HEM파마","12","0","외감","","","",""
"A376290","씨유테크","12","0","외감","","","",""
"A376300","디어유","12","0","외감","","","",""
"A376900","로킷헬스케어","12","0","외감","","","",""
"A376930","노을","12","0","외감","","","",""
"A376980","원티드랩","12","0","외감","","","",""
"A377030","비트맥스","12","0","외감","","","",""
"A377220","프롬바이오","12","0","외감","","","",""
"A377300","카카오페이","12","0","외감","","","",""
"A377330","이지트로닉스","12","0","외감","","","",""
"A377450","리파인","12","0","외감","","","",""
"A377460","큐에이드","12","0","외감","","","",""
"A377480","마음AI","12","0","외감","","","",""
"A377740","바이오노트","12","0","외감","","","",""
"A378340","필에너지","12","0","외감","","","",""
"A378800","샤페론","12","0","외감","","","",""
"A378850","화승알앤에이","12","0","외감","","","",""
"A380540","옵티코어","12","0","외감","","","",""
"A380550","뉴로핏","12","0","외감","","","",""
"A381620","제닉스로보틱스","12","0","외감","","","",""
"A381970","케이카","12","0","외감","","","",""
"A382150","온코크로스","12","0","외감","","","",""
"A382480","지아이텍","12","0","외감","","","",""
"A382800","지앤비에스 에코","12","0","외감","","","",""
"A382840","원준","12","0","외감","","","",""
"A382900","범한퓨얼셀","12","0","외감","","","",""
"A383220","F&F","12","0","외감","","","",""
"A383310","에코프로에이치엔","12","0","외감","","","",""
"A383800","LX홀딩스","12","0","외감","","","",""
"A383930","디티앤씨알오","12","0","외감","","","",""
"A384470","코어라인소프트","12","0","외감","","","",""
"A387570","파인메딕스","12","0","외감","","","",""
"A388050","지투파워","12","0","외감","","","",""
"A388210","씨엠티엑스","12","0","외감","","","",""
"A388610","지에프씨생명과학","12","0","외감","","","",""
"A388720","유일로보틱스","12","0","외감","","","",""
"A388790","라이콤","12","0","외감","","","",""
"A388870","파로스아이바이오","12","0","외감","","","",""
"A389020","자람테크놀로지","12","0","외감","","","",""
"A389030","지니너스","12","0","외감","","","",""
"A389140","포바이포","12","0","외감","","","",""
"A389260","대명에너지","12","0","외감","","","",""
"A389470","인벤티지랩","12","0","외감","","","",""
"A389500","에스비비테크","12","0","외감","","","",""
"A389650","넥스트바이오메디컬","12","0","외감","","","",""
"A389680","유디엠텍","12","0","외감","","","",""
"A391710","코닉오토메이션","12","0","외감","","","",""
"A393210","토마토시스템","12","0","외감","","","",""
"A393890","더블유씨피","12","0","외감","","","",""
"A393970","대진첨단소재","12","0","외감","","","",""
"A394280","오픈엣지테크놀로지","12","0","외감","","","",""
"A394420","리센스메디컬","12","0","외감","","","",""
"A394800","쓰리빌리언","12","0","외감","","","",""
"A396270","넥스트칩","12","0","외감","","","",""
"A396300","세아메카닉스","12","0","외감","","","",""
"A396470","워트","12","0","외감","","","",""
"A397030","에이프릴바이오","12","0","외감","","","",""
"A397810","애드포러스","12","0","외감","","","",""
"A398120","에스지헬스케어","12","0","외감","","","",""
"A399720","가온칩스","12","0","외감","","","",""
"A402030","코난테크놀로지","12","0","외감","","","",""
"A402340","SK스퀘어","12","0","외감","","","",""
"A402490","그린리소스","12","0","외감","","","",""
"A403490","우듬지팜","12","0","외감","","","",""
"A403550","쏘카","12","0","외감","","","",""
"A403850","더핑크퐁컴퍼니","12","0","외감","","","",""
"A403870","HPSP","12","0","외감","","","",""
"A405000","플라즈맵","12","0","외감","","","",""
"A405100","큐알티","12","0","외감","","","",""
"A405920","나라셀라","12","0","외감","","","",""
"A406820","뷰티스킨","12","0","외감","","","",""
"A407400","꿈비","12","0","외감","","","",""
"A408470","한패스","12","0","외감","","","",""
"A408900","스튜디오미르","12","0","외감","","","",""
"A408920","메쎄이상","12","0","외감","","","",""
"A411080","샌즈랩","12","0","외감","","","",""
"A412350","레이저쎌","12","0","외감","","","",""
"A412540","제일엠앤에스","12","0","외감","","","",""
"A413390","엠오티","12","0","외감","","","",""
"A413630","씨피시스템","12","0","외감","","","",""
"A413640","비아이매트릭스","12","0","외감","","","",""
"A415380","스튜디오삼익","12","0","외감","","","",""
"A416180","신성에스티","12","0","외감","","","",""
"A417010","나노팀","12","0","외감","","","",""
"A417180","핑거스토리","12","0","외감","","","",""
"A417200","LS머트리얼즈","12","0","외감","","","",""
"A417500","제이아이테크","12","0","외감","","","",""
"A417790","트루엔","12","0","외감","","","",""
"A417840","저스템","12","0","외감","","","",""
"A417860","오브젠","12","0","외감","","","",""
"A417970","모델솔루션","12","0","외감","","","",""
"A418250","시큐레터","12","0","외감","","","",""
"A418420","라온텍","12","0","외감","","","",""
"A418470","KT밀리의서재","12","0","외감","","","",""
"A418550","제이오","12","0","외감","","","",""
"A418620","E8","12","0","외감","","","",""
"A419050","삼기에너지솔루션즈","12","0","외감","","","",""
"A419080","엔젯","12","0","외감","","","",""
"A419120","산돌","12","0","외감","","","",""
"A419530","SAMG엔터","12","0","외감","","","",""
"A419540","비스토스","12","0","외감","","","",""
"A420570","제이투케이바이오","12","0","외감","","","",""
"A420770","기가비스","12","0","외감","","","",""
"A424760","벨로크","12","0","외감","","","",""
"A424870","이뮨온시아","12","0","외감","","","",""
"A424960","스마트레이더시스템","12","0","외감","","","",""
"A424980","마이크로투나노","12","0","외감","","","",""
"A425040","티이엠씨","12","0","외감","","","",""
"A425420","티에프이","12","0","외감","","","",""
"A429270","시지트로닉스","12","0","외감","","","",""
"A430690","한싹","12","0","외감","","","",""
"A431190","케이쓰리아이","12","0","외감","","","",""
"A432430","와이랩","12","0","외감","","","",""
"A432470","케이엔에스","12","0","외감","","","",""
"A432720","퀄리타스반도체","12","0","외감","","","",""
"A432980","엠에프씨","12","0","외감","","","",""
"A434480","모니터랩","12","0","외감","","","",""
"A435570","에르코스","12","0","외감","","","",""
"A437730","삼현","12","0","외감","","","",""
"A438700","버넥트","12","0","외감","","","",""
"A439090","마녀공장","12","0","외감","","","",""
"A439260","대한조선","12","0","외감","","","",""
"A439580","블루엠텍","12","0","외감","","","",""
"A439960","코스모로보틱스","12","0","외감","","","",""
"A440110","파두","12","0","외감","","","",""
"A440290","HB인베스트먼트","12","0","외감","","","",""
"A440320","오픈놀","12","0","외감","","","",""
"A441270","파인엠텍","12","0","외감","","","",""
"A443060","HD현대마린솔루션","12","0","외감","","","",""
"A443250","레뷰코퍼레이션","12","0","외감","","","",""
"A443670","에스피소프트","12","0","외감","","","",""
"A444530","심플랫폼","12","0","외감","","","",""
"A445090","에이직랜드","12","0","외감","","","",""
"A445180","퓨릿","12","0","외감","","","",""
"A445680","큐리옥스바이오시스템즈","12","0","외감","","","",""
"A446070","유니드비티플러스","12","0","외감","","","",""
"A446540","메가터치","12","0","외감","","","",""
"A446840","지슨","12","0","외감","","","",""
"A448280","에코아이","12","0","외감","","","",""
"A448710","코츠테크놀로지","12","0","외감","","","",""
"A448900","한국피아이엠","12","0","외감","","","",""
"A450080","에코프로머티","12","0","외감","","","",""
"A450330","하스","12","0","외감","","","",""
"A450520","인스웨이브","12","0","외감","","","",""
"A450950","아스테라시스","12","0","외감","","","",""
"A451220","아이엠티","12","0","외감","","","",""
"A451250","삐아","12","0","외감","","","",""
"A451760","컨텍","12","0","외감","","","",""
"A452160","제이엔비","12","0","외감","","","",""
"A452190","한빛레이저","12","0","외감","","","",""
"A452200","민테크","12","0","외감","","","",""
"A452260","한화갤러리아","12","0","외감","","","",""
"A452280","한선엔지니어링","12","0","외감","","","",""
"A452300","캡스톤파트너스","12","0","외감","","","",""
"A452400","이닉스","12","0","외감","","","",""
"A452430","사피엔반도체","12","0","외감","","","",""
"A452450","피아이이","12","0","외감","","","",""
"A453340","현대그린푸드","12","0","외감","","","",""
"A453450","그리드위즈","12","0","외감","","","",""
"A453860","에이에스텍","12","0","외감","","","",""
"A454910","두산로보틱스","12","0","외감","","","",""
"A455180","케이지에이","12","0","외감","","","",""
"A455900","엔젤로보틱스","12","0","외감","","","",""
"A456010","아이씨티케이","12","0","외감","","","",""
"A456040","OCI","12","0","외감","","","",""
"A456070","이엔셀","12","0","외감","","","",""
"A456160","지투지바이오","12","0","외감","","","",""
"A457190","이수스페셜티케미컬","12","0","외감","","","",""
"A457370","한켐","12","0","외감","","","",""
"A457550","우진엔텍","12","0","외감","","","",""
"A457600","벡트","12","0","외감","","","",""
"A458350","에스팀","12","0","외감","","","",""
"A458650","성우","12","0","외감","","","",""
"A458870","씨어스","12","0","외감","","","",""
"A459100","위츠","12","0","외감","","","",""
"A459510","나우로보틱스","12","0","외감","","","",""
"A459550","알트","12","0","외감","","","",""
"A460470","아이빔테크놀로지","12","0","외감","","","",""
"A460850","동국씨엠","12","0","외감","","","",""
"A460860","동국제강","12","0","외감","","","",""
"A460870","에스엠씨지","12","0","외감","","","",""
"A460930","현대힘스","12","0","외감","","","",""
"A460940","피앤에스로보틱스","12","0","외감","","","",""
"A461030","아이엠비디엑스","12","0","외감","","","",""
"A461300","아이스크림미디어","12","0","외감","","","",""
"A462310","뉴키즈온","12","0","외감","","","",""
"A462350","이노스페이스","12","0","외감","","","",""
"A462510","라메디텍","12","0","외감","","","",""
"A462520","조선내화","12","0","외감","","","",""
"A462860","더즌","12","0","외감","","","",""
"A462870","시프트업","12","0","외감","","","",""
"A462980","아이지넷","12","0","외감","","","",""
"A463020","뉴엔AI","12","0","외감","","","",""
"A463480","모티브링크","12","0","외감","","","",""
"A464080","에스오에스랩","12","0","외감","","","",""
"A464280","티디에스팜","12","0","외감","","","",""
"A464490","쿼드메디슨","12","0","외감","","","",""
"A464500","아이언디바이스","12","0","외감","","","",""
"A464580","닷밀","12","0","외감","","","",""
"A465480","인스피언","12","0","외감","","","",""
"A465770","STX그린로지스","12","0","외감","","","",""
"A466100","클로봇","12","0","외감","","","",""
"A466410","사이냅소프트","12","0","외감","","","",""
"A468530","프로티나","12","0","외감","","","",""
"A469610","이노테크","12","0","외감","","","",""
"A469750","아이비젼웍스","12","0","외감","","","",""
"A471820","셀로맥스사이언스","12","0","외감","","","",""
"A472850","폰드그룹","12","0","외감","","","",""
"A473980","노머스","12","0","외감","","","",""
"A474170","루미르","12","0","외감","","","",""
"A474610","RF시스템즈","12","0","외감","","","",""
"A474650","링크솔루션","12","0","외감","","","",""
"A475150","SK이터닉스","12","0","외감","","","",""
"A475230","엔알비","12","0","외감","","","",""
"A475400","씨메스로보틱스","12","0","외감","","","",""
"A475430","키스트론","12","0","외감","","","",""
"A475460","미트박스","12","0","외감","","","",""
"A475560","더본코리아","12","0","외감","","","",""
"A475580","에이럭스","12","0","외감","","","",""
"A475660","에스켐","12","0","외감","","","",""
"A475830","오름테라퓨틱","12","0","외감","","","",""
"A475960","토모큐브","12","0","외감","","","",""
"A476040","오가노이드사이언스","12","0","외감","","","",""
"A476060","온코닉테라퓨틱스","12","0","외감","","","",""
"A476080","M83","12","0","외감","","","",""
"A476830","알지노믹스","12","0","외감","","","",""
"A477850","마키나락스","12","0","외감","","","",""
"A478340","나라스페이스테크놀로지","12","0","외감","","","",""
"A478560","블랙야크아이앤씨","12","0","외감","","","",""
"A479960","위너스일렉","12","0","외감","","","",""
"A480370","씨케이솔루션","12","0","외감","","","",""
"A481070","에이유브랜즈","12","0","외감","","","",""
"A482630","삼양엔씨켐","12","0","외감","","","",""
"A483650","달바글로벌","12","0","외감","","","",""
"A484120","도우인시스","12","0","외감","","","",""
"A484590","삼양컴텍","12","0","외감","","","",""
"A484810","티엑스알로보틱스","12","0","외감","","","",""
"A484870","엠앤씨솔루션","12","0","외감","","","",""
"A486990","노타","12","0","외감","","","",""
"A487570","HS효성","12","0","외감","","","",""
"A487580","폴레드","12","0","외감","","","",""
"A488280","에스투더블유","12","0","외감","","","",""
"A488900","비츠로넥스텍","12","0","외감","","","",""
"A489460","바이오비쥬","12","0","외감","","","",""
"A489500","엘케이켐","12","0","외감","","","",""
"A489790","한화비전","12","0","외감","","","",""
"A490470","세미파이브","12","0","외감","","","",""
"A491000","리브스메드","12","0","외감","","","",""
"A493280","아이엠바이오로직스","12","0","외감","","","",""
"A493330","지에프아이","12","0","외감","","","",""
"A494120","큐리오시스","12","0","외감","","","",""
"A499790","GS피앤엘","12","0","외감","","","",""
"A900070","글로벌에스엠","12","0","KOSDAQ","-0.67","31.71","","31.92"
"A900100","파이온엑스","12","0","KOSDAQ","0","74.16","","74.16"
"A900110","딥커머스","12","0","KOSDAQ","0","25.07","","25.07"
"A900120","씨엑스아이","6","0","KOSDAQ","9.21","28.82","","26.39"
"A900140","엘브이엠씨홀딩스","12","0","KOSPI","-2.44","224.42","","230.04"
"A900250","크리스탈신소재","12","0","KOSDAQ","-2.21","105.06","","107.44"
"A900260","로스웰","12","0","KOSDAQ","2.15","67.49","","66.07"
"A900270","헝셩그룹","12","0","KOSDAQ","0.58","69.44","","69.04"
"A900290","GRT","6","0","KOSDAQ","-3.93","115.21","","119.93"
"A900300","오가닉티코스메틱","12","0","KOSDAQ","-0.43","66.03","","66.32"
"A900310","컬러레이","12","0","KOSDAQ","1.28","85.59","","84.51"
"A900340","윙입푸드","12","0","KOSDAQ","7.49","96.43","","89.71"
"A950130","엑세스바이오","12","0","KOSDAQ","4.37","152.27","","145.89"
"A950140","잉글우드랩","12","0","KOSDAQ","-4.06","93.88","","97.85"
"A950160","코오롱티슈진","12","0","KOSDAQ","0","489.55","","489.55"
"A950170","JTC","2","0","KOSDAQ","-2.46","180.28","","184.83"
"A950190","고스트스튜디오","12","0","외감","","","",""
"A950200","소마젠","12","0","외감","","","",""
"A950210","프레스티지바이오파마","6","0","외감","","","",""
"A950220","네오이뮨텍","12","0","외감","","","",""
"A950250","테라뷰","4","0","외감","","","",""
