"Code","Name","결산월","코스피200 구성종목여부(1:해당, 0:미해당)","상장된 시장","수정주가수익률","시가총액","","이전 시가총액"
"A000020","동화약품","12","0","KOSPI","29.81","291.88","","224.85"
"A000040","KR모터스","12","0","KOSPI","-2.3","38.22","","39.12"
"A000050","경방","12","0","KOSPI","3.37","294.71","","285.12"
"A000070","삼양홀딩스","12","1","KOSPI","-3.68","425.64","","441.92"
"A000080","하이트진로","12","1","KOSPI","-1.2","2016.34","","2040.89"
"A000100","유한양행","12","1","KOSPI","-0.85","3108.84","","3135.58"
"A000120","CJ대한통운","12","1","KOSPI","-1.38","3250.76","","3296.38"
"A000140","하이트진로홀딩스","12","0","KOSPI","-1.67","272.68","","277.32"
"A000150","두산","12","1","KOSPI","-2.07","625.43","","638.65"
"A000180","성창기업지주","12","0","KOSPI","0.35","99.4","","99.05"
"A0001A0","덕양에너젠","12","0","외감","","","",""
"A000210","DL","12","1","KOSPI","-0.25","2832.72","","2839.68"
"A000220","유유제약","12","0","KOSPI","-1.71","73.24","","74.51"
"A000230","일동홀딩스","12","0","KOSPI","-1.34","93.36","","94.63"
"A000240","한국앤컴퍼니","12","1","KOSPI","-1.74","892.06","","907.88"
"A000250","삼천당제약","12","0","KOSDAQ","-2.56","714.02","","732.81"
"A000270","기아","12","1","KOSPI","-1.7","11694.73","","11897.41"
"A000300","DH오토넥스","12","0","KOSPI","-3.07","67.39","","69.52"
"A000320","노루홀딩스","12","0","KOSPI","-0.11","123.47","","123.61"
"A000370","한화손해보험","12","0","KOSPI","-2.16","238.15","","243.4"
"A000390","SP삼화","12","0","KOSPI","-2.35","131.93","","135.1"
"A000400","롯데손해보험","12","0","KOSPI","-3.74","439.13","","456.19"
"A000430","대원강업","12","0","KOSPI","-3.63","181.04","","187.86"
"A000440","중앙에너비스","12","0","KOSDAQ","-1.45","54.99","","55.8"
"A000480","CR홀딩스","12","0","KOSPI","-1.88","292","","297.6"
"A000490","대동","12","0","KOSPI","-1.4","108.91","","110.45"
"A0004V0","엔비알모션","12","0","외감","","","",""
"A000500","가온전선","12","0","KOSPI","-2","61.16","","62.41"
"A000520","삼일제약","12","0","KOSPI","-3.02","114.73","","118.3"
"A000540","흥국화재","12","0","KOSPI","-1.24","153.54","","155.47"
"A000590","CS홀딩스","12","0","KOSPI","-0.44","52.53","","52.76"
"A000640","동아쏘시오홀딩스","12","1","KOSPI","-2.46","535.87","","549.38"
"A000650","천일고속","12","0","KOSPI","-1.07","79.46","","80.32"
"A000660","SK하이닉스","12","1","KOSPI","-0.85","59186.59","","59696.19"
"A000670","영풍","12","1","KOSPI","0.2","937.6","","935.76"
"A000680","LS네트웍스","12","0","KOSPI","-4.59","147.36","","154.45"
"A000700","유수홀딩스","12","0","KOSPI","0.17","156.25","","155.99"
"A000720","현대건설","12","1","KOSPI","0.58","3841.77","","3819.5"
"A000760","이화산업","12","0","KOSPI","-5.34","34.72","","36.68"
"A0007C0","아크릴","12","0","외감","","","",""
"A0007J0","인벤테라","12","0","외감","","","",""
"A000810","삼성화재","12","1","KOSPI","-1.32","8835.41","","8953.84"
"A000850","화천기공","12","0","KOSPI","-2.77","65.56","","67.43"
"A000860","강남제비스코","12","0","KOSPI","-0.3","108.55","","108.88"
"A000880","한화","12","1","KOSPI","-0.28","1341.76","","1345.51"
"A000890","보해양조","12","0","KOSPI","-3.83","112.16","","116.62"
"A0008Z0","에스엔시스","12","0","외감","","","",""
"A000910","유니온","12","0","KOSPI","-3.12","43.63","","45.04"
"A000950","전방","12","0","KOSPI","-0.83","20.16","","20.33"
"A000970","한국주철관","12","0","KOSPI","0.45","203.84","","202.92"
"A000990","DB하이텍","12","1","KOSPI","2.53","1078.89","","1052.25"
"A0009K0","에임드바이오","12","0","외감","","","",""
"A001000","신라섬유","12","0","KOSDAQ","-4.14","39.33","","41.03"
"A001020","페이퍼코리아","12","0","KOSPI","-6.51","42.9","","45.89"
"A001040","CJ","12","1","KOSPI","-1.81","2062.81","","2100.74"
"A001060","JW중외제약","12","1","KOSPI","-3.58","620.28","","643.29"
"A001070","대한방직","12","0","KOSPI","-0.52","102.03","","102.56"
"A001080","만호제강","6","0","KOSPI","-3.73","53.54","","55.61"
"A0010F0","보원케미칼","12","0","외감","","","",""
"A0010V0","제이피아이헬스케어","12","0","외감","","","",""
"A001120","LX인터내셔널","12","1","KOSPI","-2.78","474.81","","488.38"
"A001130","대한제분","12","0","KOSPI","-0.81","207.87","","209.56"
"A0011A0","액스비스","12","0","외감","","","",""
"A0011T0","채비","12","0","외감","","","",""
"A001200","유진투자증권","12","0","KOSPI","0","191.8","","191.8"
"A001210","금호전기","12","0","KOSPI","-2.75","34.55","","35.52"
"A001230","동국홀딩스","12","1","KOSPI","-2.65","385.55","","396.05"
"A001250","GS글로벌","12","0","KOSPI","-3.35","130.82","","135.36"
"A001260","남광토건","12","0","KOSPI","29.77","137.11","","105.66"
"A001270","부국증권","12","0","KOSPI","-2.88","174.73","","179.92"
"A001290","상상인증권","12","0","KOSPI","-2.95","110.52","","113.89"
"A001340","PKC","12","0","KOSPI","-1.45","121.73","","123.53"
"A001360","삼성제약","12","0","KOSPI","-3.18","252.97","","261.28"
"A001380","SG글로벌","12","0","KOSPI","-4.03","53.51","","55.76"
"A001390","KG케미칼","12","0","KOSPI","-1.17","164.62","","166.57"
"A0013V0","삼진식품","12","0","외감","","","",""
"A001420","태원물산","12","0","KOSPI","-1.93","25.12","","25.61"
"A001430","세아베스틸지주","12","1","KOSPI","-4.03","315.95","","329.21"
"A001440","대한전선","12","0","KOSPI","-1.23","548.14","","554.99"
"A001450","현대해상","12","1","KOSPI","-0.61","2181.36","","2194.77"
"A001460","BYC","12","0","KOSPI","-0.78","119.93","","120.86"
"A001470","삼부토건","12","0","KOSPI","8.19","112.65","","104.12"
"A001500","현대차증권","12","0","KOSPI","-1.7","220.62","","224.43"
"A001510","SK증권","12","0","KOSPI","-2.25","287.33","","293.95"
"A001520","동양","12","1","KOSPI","-3.23","286.42","","295.97"
"A001530","DI동일","12","0","KOSPI","-3.25","144.32","","149.16"
"A001540","안국약품","12","0","KOSDAQ","0.73","126.51","","125.6"
"A001550","조비","12","0","KOSPI","-7.92","87.49","","95.02"
"A001560","제일연마","12","0","KOSPI","-2.58","56.7","","58.2"
"A001570","금양","12","0","KOSPI","-0.67","97.79","","98.45"
"A0015G0","그린광학","12","0","외감","","","",""
"A0015N0","아로마티카","12","0","외감","","","",""
"A0015S0","페스카로","12","0","외감","","","",""
"A001620","케이비아이동국실업","12","0","KOSPI","-0.66","39.56","","39.82"
"A001630","종근당홀딩스","12","0","KOSPI","-1.32","563.61","","571.12"
"A001680","대상","12","1","KOSPI","-0.78","660.04","","665.24"
"A001720","신영증권","3","0","KOSPI","-2.16","426.14","","435.52"
"A001740","SK네트웍스","12","1","KOSPI","1.19","1270.72","","1255.83"
"A001750","한양증권","12","0","KOSPI","-2.43","76.63","","78.54"
"A001770","SHD","12","0","KOSPI","-0.78","23.14","","23.33"
"A001780","알루코","12","0","KOSPI","-2.81","141.6","","145.69"
"A001790","대한제당","12","0","KOSPI","-0.59","151.59","","152.48"
"A0017J0","세미티에스","12","0","외감","","","",""
"A001800","오리온홀딩스","12","1","KOSPI","-2.17","845.71","","864.51"
"A001810","무림SP","12","0","KOSDAQ","-4.88","40.95","","43.06"
"A001820","삼화콘덴서","12","0","KOSPI","-1.73","502.6","","511.43"
"A001840","이화공영","12","0","KOSDAQ","11.37","102.79","","92.29"
"A001940","KISCO홀딩스","12","0","KOSPI","0","187.54","","187.54"
"A002020","코오롱","12","0","KOSPI","-5.8","246.22","","261.37"
"A002030","아세아","12","0","KOSPI","-3.75","174.19","","180.98"
"A002070","비비안","12","0","KOSPI","-4.29","69.02","","72.11"
"A002100","경농","12","0","KOSPI","-6.46","266.81","","285.25"
"A002140","고려산업","12","0","KOSPI","-3.94","60.85","","63.35"
"A002150","도화엔지니어링","12","0","KOSPI","-1.18","311.57","","315.28"
"A002170","SYTS","12","0","KOSPI","0.59","152.7","","151.8"
"A002200","한국수출포장","12","0","KOSPI","-2.75","70.6","","72.6"
"A002210","동성제약","12","0","KOSPI","-2.61","291.99","","299.81"
"A002220","한일철강","12","0","KOSPI","-1.28","34.49","","34.93"
"A002230","피에스텍","12","0","KOSDAQ","-1.61","59.99","","60.97"
"A002240","고려제강","12","1","KOSPI","-4.29","290","","303"
"A002290","삼일기업공사","12","0","KOSDAQ","0","33.05","","33.05"
"A002310","아세아제지","12","0","KOSPI","-1.54","257.5","","261.53"
"A002320","한진","12","0","KOSPI","6.1","583.17","","549.64"
"A002350","넥센타이어","12","1","KOSPI","-3.7","559.64","","581.12"
"A002360","SH에너지화학","12","0","KOSPI","-2.35","96.8","","99.13"
"A002380","KCC","12","1","KOSPI","-2.45","1239.66","","1270.77"
"A002390","한독","12","0","KOSPI","-2.22","302.8","","309.68"
"A002410","범양건영","12","0","KOSPI","8.11","74.5","","68.91"
"A002420","세기상사","12","0","KOSPI","-4.41","19.87","","20.79"
"A002450","삼익악기","12","0","KOSPI","-3.34","130.82","","135.34"
"A002460","HS화성","12","0","KOSPI","-2.86","105.83","","108.94"
"A002600","조흥","12","0","KOSPI","-0.37","81","","81.3"
"A002620","제일파마홀딩스","12","0","KOSPI","-3.21","216.44","","223.63"
"A002630","오리엔트바이오","3","0","KOSPI","-3.67","74.72","","77.57"
"A002680","한탑","12","0","KOSDAQ","-4.83","43.93","","43.06"
"A002690","동일제강","12","0","KOSPI","-3.38","27.9","","28.88"
"A002700","신일전자","12","0","KOSPI","-2.43","128.6","","131.79"
"A002710","TCC스틸","12","0","KOSPI","-3.11","39.45","","40.71"
"A002720","국제약품","12","0","KOSPI","-2.71","132.12","","135.8"
"A002760","보락","12","0","KOSPI","-3.04","105.12","","108.42"
"A002780","진흥기업","12","0","KOSPI","-1.43","301.13","","305.49"
"A002790","아모레퍼시픽홀딩스","12","1","KOSPI","-3.14","4840.3","","4996.97"
"A002800","신신제약","12","0","KOSDAQ","-3.08","114.54","","118.18"
"A002810","삼영무역","12","0","KOSPI","3.88","235.93","","227.13"
"A002820","SUN&L","12","0","KOSPI","-1.1","39.78","","40.22"
"A002840","미원상사","12","0","KOSPI","-1.14","307.55","","311.08"
"A002870","신풍","12","0","KOSPI","-2.69","44.22","","45.45"
"A002880","디와이에이","12","0","KOSPI","-3.87","76.98","","80.08"
"A002900","TYM","12","0","KOSPI","-3.81","127.26","","132.3"
"A002920","유성기업","12","0","KOSPI","-3.25","65.65","","67.85"
"A002960","한국쉘석유","12","1","KOSPI","-1.76","326.3","","332.15"
"A002990","금호건설","12","0","KOSPI","-1.48","264.5","","268.46"
"A003000","부광약품","12","1","KOSPI","1.06","1851.12","","1831.67"
"A003010","혜인","12","0","KOSPI","-2.02","55.49","","56.64"
"A003030","세아제강지주","12","0","KOSPI","-0.7","117","","117.83"
"A003060","에이프로젠바이오로직스","12","0","KOSPI","-5.07","316.57","","333.49"
"A003070","코오롱글로벌","12","0","KOSPI","-3.28","185.8","","192.1"
"A003080","SB성보","12","0","KOSPI","-0.51","78.68","","79.08"
"A003090","대웅","12","0","KOSPI","-5.82","799.45","","848.87"
"A003100","선광","12","0","KOSDAQ","-4.14","91.74","","95.7"
"A003120","일성아이에스","12","0","KOSPI","1.53","247.38","","243.66"
"A003160","디아이","12","0","KOSPI","2.29","98.58","","96.38"
"A003200","일신방직","12","0","KOSPI","-3.31","126.24","","130.56"
"A003220","대원제약","12","0","KOSPI","-2.3","300.62","","307.7"
"A003230","삼양식품","12","0","KOSPI","-0.51","741.25","","745.02"
"A003240","태광산업","12","1","KOSPI","-4.34","809.44","","846.18"
"A003280","흥아해운","12","0","KOSPI","0","30.12","","30.12"
"A003300","한일홀딩스","12","0","KOSPI","-0.25","239.77","","240.37"
"A003310","대주산업","12","0","KOSDAQ","-3.7","41.41","","43"
"A003350","한국화장품제조","12","0","KOSPI","-2.73","161.57","","166.1"
"A003380","하림지주","12","0","KOSDAQ","-2.36","541.85","","554.95"
"A003460","유화증권","12","0","KOSPI","-0.65","129.57","","130.42"
"A003470","유안타증권","12","0","KOSPI","-1.89","467.06","","476.04"
"A003480","한진중공업홀딩스","12","0","KOSPI","29.64","122.7","","94.64"
"A003490","대한항공","12","1","KOSPI","-2.05","1816.27","","1854.21"
"A003520","영진약품","12","1","KOSPI","4.77","963.84","","919.95"
"A003530","한화투자증권","12","0","KOSPI","-3.14","330.4","","341.13"
"A003540","대신증권","12","0","KOSPI","-1.73","461.53","","469.65"
"A003550","LG","12","1","KOSPI","2.81","10750.31","","10456.96"
"A003570","SNT다이내믹스","12","0","KOSPI","-1.28","179.56","","181.89"
"A003580","HLB글로벌","12","0","KOSPI","2.81","232.21","","225.87"
"A003610","방림","9","0","KOSPI","-2.03","71.3","","72.78"
"A003620","KG모빌리티","12","1","KOSPI","-3.72","233","","241.99"
"A003650","미창석유","12","0","KOSPI","0.52","101.77","","101.25"
"A003670","포스코퓨처엠","12","0","KOSPI","-1.15","3146.99","","3183.59"
"A003680","한성기업","12","0","KOSPI","-0.57","27.14","","27.29"
"A003690","코리안리","12","0","KOSPI","0.49","979.8","","974.99"
"A003720","삼영","12","0","KOSPI","2.91","36.04","","35.02"
"A003780","진양산업","12","0","KOSPI","-0.84","38.48","","38.8"
"A003800","에이스침대","12","0","KOSDAQ","1.33","465.23","","459.13"
"A003830","대한화섬","12","0","KOSPI","1.01","105.97","","104.91"
"A003850","보령","12","1","KOSPI","-1.98","545.87","","556.92"
"A003920","남양유업","12","1","KOSPI","-2.56","232.92","","239.04"
"A003960","사조대림","12","0","KOSPI","-2.6","120.05","","123.26"
"A004000","롯데정밀화학","12","1","KOSPI","-1.49","851.4","","864.3"
"A004020","현대제철","12","1","KOSPI","-2.27","2588.85","","2648.9"
"A004060","SG세계물산","12","0","KOSPI","-4.87","130.36","","137.04"
"A004080","신흥","12","0","KOSPI","-0.21","90.05","","90.24"
"A004090","한국석유","12","0","KOSPI","-2.41","63.55","","65.13"
"A004100","태양금속","12","0","KOSPI","-3.62","39.09","","40.55"
"A004140","동방","12","0","KOSPI","-5.94","68.94","","73.29"
"A004150","한솔홀딩스","12","0","KOSPI","-2.14","140.14","","143.2"
"A004170","신세계","12","1","KOSPI","1.76","2554.82","","2510.52"
"A004250","NPC","12","0","KOSPI","-2.35","121.91","","124.85"
"A004270","남성","12","0","KOSPI","-2.71","77.86","","80.03"
"A004310","현대약품","11","0","KOSPI","-0.23","137.12","","137.44"
"A004360","세방","12","0","KOSPI","-2.49","166.25","","170.5"
"A004370","농심","12","1","KOSPI","-1.73","1724.43","","1754.84"
"A004380","삼익THK","12","0","KOSPI","-2.88","212.1","","218.4"
"A004410","서울식품","12","0","KOSPI","-3.95","57.36","","59.72"
"A004430","송원산업","12","0","KOSPI","4.96","304.8","","290.4"
"A004440","삼일씨엔에스","12","0","KOSPI","-2.83","78.81","","81.1"
"A004450","삼화왕관","12","0","KOSPI","-0.12","86.82","","86.93"
"A004490","세방전지","12","1","KOSPI","-2.84","382.9","","394.1"
"A004540","깨끗한나라","12","0","KOSPI","-4.76","130.53","","137.05"
"A004560","현대비앤지스틸","12","0","KOSPI","2.17","106.31","","104.04"
"A004590","한국가구","12","0","KOSDAQ","6.22","61.5","","57.9"
"A004650","창해에탄올","12","0","KOSDAQ","1.4","132.81","","130.97"
"A004690","삼천리","12","0","KOSPI","-2.22","285.88","","292.37"
"A004700","조광피혁","12","0","KOSPI","-0.71","279.26","","281.26"
"A004710","한솔테크닉스","12","0","KOSPI","-3.78","171.47","","178.21"
"A004720","팜젠사이언스","12","0","KOSPI","-2.11","84.84","","86.66"
"A004770","써니전자","12","0","KOSPI","-4.29","101.68","","106.23"
"A004780","대륙제관","12","0","KOSDAQ","0.55","58.36","","58.05"
"A004800","효성","12","1","KOSPI","-1.21","1375.94","","1392.79"
"A004830","덕성","12","0","KOSPI","-1.82","42.18","","42.96"
"A004840","DRB동일","12","0","KOSPI","-2.13","77.83","","79.52"
"A004870","티웨이홀딩스","12","0","KOSPI","-5.2","90.87","","95.85"
"A004890","동일산업","12","0","KOSPI","0.61","119.56","","118.84"
"A004910","조광페인트","12","0","KOSPI","0.73","70.4","","69.89"
"A004920","씨아이테크","12","0","KOSPI","9.55","17.62","","16.08"
"A004960","한신공영","12","0","KOSPI","-2","141.74","","144.63"
"A004970","신라교역","12","0","KOSPI","-1.9","148.8","","151.68"
"A004980","성신양회","12","0","KOSPI","-4.16","180.93","","188.77"
"A004990","롯데지주","12","1","KOSPI","-3.45","2790.59","","2890.25"
"A005010","휴스틸","12","0","KOSPI","-2.42","52.21","","53.5"
"A005030","부산주공","12","0","KOSPI","-1.05","16.03","","16.2"
"A005070","코스모신소재","12","0","KOSPI","-1.62","266.16","","270.54"
"A005090","SGC에너지","12","0","KOSPI","-2.05","127.67","","130.34"
"A005110","한창","12","0","KOSPI","-1.94","87.85","","89.58"
"A005160","동국산업","12","0","KOSDAQ","-0.97","110.93","","112.01"
"A005180","빙그레","12","1","KOSPI","0.72","550.68","","546.74"
"A005250","녹십자홀딩스","12","1","KOSPI","-3.75","966.43","","1004.05"
"A005290","동진쎄미켐","12","0","KOSDAQ","2.46","750.65","","732.66"
"A005300","롯데칠성","12","1","KOSPI","-0.51","785.76","","789.75"
"A005320","온타이드","12","0","KOSPI","-4.3","53.58","","55.99"
"A005360","모나미","12","0","KOSPI","-3.85","56.69","","58.96"
"A005380","현대차","12","1","KOSPI","-4.2","19977.98","","20854.02"
"A005420","코스모화학","12","0","KOSPI","-3.2","205.23","","212.02"
"A005430","한국공항","12","0","KOSPI","7.52","140.43","","130.61"
"A005440","현대지에프홀딩스","12","1","KOSPI","-1.87","717.15","","730.83"
"A005490","POSCO홀딩스","12","1","KOSPI","-2.56","14908.95","","15301.29"
"A005500","삼진제약","12","0","KOSPI","-1.02","336.38","","339.86"
"A005610","삼립","12","1","KOSPI","-3.05","603.17","","622.15"
"A005670","푸드웰","12","0","KOSDAQ","0","52.5","","52.5"
"A005680","삼영전자","12","0","KOSPI","-2.19","142.6","","145.8"
"A005690","파미셀","12","0","KOSPI","-1.66","1418.03","","1442.01"
"A005710","대원산업","12","0","KOSDAQ","-2.07","90.17","","92.07"
"A005720","넥센","12","0","KOSPI","-3.48","237.74","","246.3"
"A005740","크라운해태홀딩스","12","0","KOSPI","-1.85","126.2","","128.58"
"A005750","대림바스","12","0","KOSPI","2.36","57.85","","56.52"
"A005800","신영와코루","12","0","KOSPI","-2.03","69.66","","71.1"
"A005810","풍산홀딩스","12","0","KOSPI","-1.23","219.78","","222.52"
"A005820","원림","12","0","KOSPI","0","34.87","","34.87"
"A005830","DB손해보험","12","1","KOSPI","5.98","2821.38","","2662.08"
"A005850","에스엘","12","1","KOSPI","-3","624.23","","643.51"
"A005860","한일사료","12","0","KOSDAQ","-4.68","64.23","","67.38"
"A005870","휴니드","12","0","KOSPI","6.73","80.6","","75.52"
"A005880","대한해운","12","0","KOSPI","0.28","439.69","","438.47"
"A005930","삼성전자","12","1","KOSPI","-1.7","294011.79","","299086.11"
"A005940","NH투자증권","12","1","KOSPI","-2.24","2453.89","","2510.17"
"A005950","이수화학","12","0","KOSPI","-3.22","147.13","","152.02"
"A005960","동부건설","12","0","KOSPI","-0.25","173.1","","173.54"
"A005990","매일홀딩스","12","0","KOSDAQ","-3.68","107.69","","111.8"
"A006040","동원산업","12","0","KOSPI","0.26","720.82","","718.98"
"A006050","국영지앤엠","12","0","KOSDAQ","-2.64","83.75","","86.02"
"A006060","화승인더","12","0","KOSPI","-2.06","420.99","","429.84"
"A006090","사조오양","12","0","KOSPI","-4.02","69.82","","72.74"
"A006110","삼아알미늄","12","0","KOSPI","-4.66","38.28","","40.15"
"A006120","SK디스커버리","12","1","KOSPI","-2.17","472.14","","482.61"
"A006140","피제이전자","12","0","KOSDAQ","-1.02","65.48","","66.15"
"A006200","한국전자홀딩스","12","0","KOSPI","-1.89","24.29","","24.76"
"A006220","제주은행","12","0","KOSPI","1.15","98.96","","97.83"
"A006260","LS","12","1","KOSPI","3.45","1157.59","","1118.95"
"A006280","녹십자","12","1","KOSPI","-3.03","1682.86","","1735.45"
"A006340","대원전선","12","0","KOSPI","-3.14","67.29","","69.47"
"A006360","GS건설","12","1","KOSPI","1.04","1938.37","","1918.34"
"A006370","대구백화점","12","0","KOSPI","0.38","57.35","","57.14"
"A006380","카프로","12","0","KOSPI","-2.92","119.6","","123.2"
"A006400","삼성SDI","12","1","KOSPI","0","19460.36","","19460.36"
"A006490","프리티","12","0","KOSPI","-4.08","263.03","","274.21"
"A006570","대림통상","12","0","KOSPI","1.47","63.11","","62.19"
"A006620","동구바이오제약","12","0","KOSDAQ","-1.97","167.11","","170.47"
"A006650","대한유화","12","1","KOSPI","2.56","780","","760.5"
"A006660","삼성공조","12","0","KOSPI","-2.92","48.6","","50.06"
"A006730","서부T&D","12","0","KOSDAQ","-2.77","311.57","","320.44"
"A006740","블루산업개발","12","0","KOSPI","-0.31","70.82","","71.04"
"A006800","미래에셋증권","12","1","KOSPI","-1.69","3442.99","","3502.24"
"A006840","AK홀딩스","12","1","KOSPI","-1.8","288.8","","294.1"
"A006880","신송홀딩스","12","0","KOSPI","1.56","42.41","","41.76"
"A006890","태경케미컬","12","0","KOSPI","-1.22","56.55","","57.25"
"A006910","보성파워텍","12","0","KOSDAQ","-5.65","80.86","","85.7"
"A006920","모헨즈","12","0","KOSDAQ","0.13","40.51","","40.46"
"A006980","우성","12","0","KOSPI","-4.22","91.16","","95.17"
"A007070","GS리테일","12","1","KOSPI","-1.73","2402.4","","2444.75"
"A007110","일신석재","12","0","KOSPI","-7.92","188.99","","205.26"
"A007120","미래아이앤지","12","0","KOSPI","-1.04","49.46","","49.98"
"A007160","사조산업","12","0","KOSPI","-1.23","140","","141.75"
"A007210","벽산","12","0","KOSPI","-2.36","99.41","","101.81"
"A007280","한국특강","12","0","KOSPI","0","50.15","","50.15"
"A007310","오뚜기","12","1","KOSPI","-1.87","1896.35","","1932.41"
"A007330","푸른저축은행","12","0","KOSDAQ","0.14","108.29","","108.14"
"A007340","DN오토모티브","12","0","KOSPI","0.41","241.85","","240.86"
"A007370","진양제약","12","0","KOSDAQ","3.96","78.72","","75.72"
"A007390","네이처셀","12","0","KOSDAQ","-1.97","761.82","","777.12"
"A007460","에이프로젠","12","0","KOSPI","-5.18","338.99","","357.53"
"A007530","와이엠","12","0","KOSDAQ","-2.2","19.96","","20.4"
"A007540","샘표","12","0","KOSPI","-2.97","94.04","","96.91"
"A007570","일양약품","12","1","KOSPI","-2.59","647","","664.18"
"A007590","동방아그로","12","0","KOSPI","1.32","83.88","","82.79"
"A007610","선도전기","12","0","KOSPI","-1.41","50.22","","50.94"
"A007660","이수페타시스","12","0","KOSPI","4.49","129.58","","124.01"
"A007680","대원","12","0","KOSDAQ","-0.41","139.63","","140.21"
"A007690","국도화학","12","0","KOSPI","-4.31","232.13","","242.59"
"A007700","F&F홀딩스","12","0","KOSPI","-1.77","1709.4","","1740.2"
"A007720","소노스퀘어","12","0","KOSDAQ","-5.7","124.99","","132.55"
"A007770","한일화학","12","0","KOSDAQ","-0.33","31.94","","32.05"
"A007810","코리아써키트","12","0","KOSPI","-0.37","189.91","","190.62"
"A007820","엠엑스로보틱스","12","0","KOSDAQ","-3.34","150.86","","156.06"
"A007860","서연","12","0","KOSPI","-6.33","69.5","","74.2"
"A007980","TP","12","0","KOSPI","-6.39","84.1","","89.84"
"A008040","사조동아원","12","0","KOSPI","-5.49","126.32","","133.66"
"A008060","대덕","12","1","KOSPI","-0.5","620.94","","624.06"
"A008250","이건산업","12","0","KOSPI","-4.12","61.12","","63.74"
"A008260","NI스틸","12","0","KOSPI","-2.29","48.91","","50.05"
"A008290","원풍물산","12","0","KOSDAQ","-3.97","108.25","","112.72"
"A0082N0","카나프테라퓨틱스","12","0","외감","","","",""
"A008350","남선알미늄","12","0","KOSPI","5.39","517.29","","490.85"
"A008370","원풍","12","0","KOSDAQ","-0.95","43.98","","44.4"
"A008420","문배철강","12","0","KOSPI","-5.9","42.54","","45.21"
"A008470","부스타","12","0","KOSDAQ","-3.27","34.75","","35.93"
"A008490","서흥","12","0","KOSPI","-0.37","472.02","","473.76"
"A008500","일정실업","12","0","KOSPI","-2.55","10.99","","11.28"
"A008600","윌비스","12","0","KOSPI","0","91.87","","91.87"
"A008700","아남전자","12","0","KOSPI","-0.91","126.48","","127.64"
"A008730","율촌화학","12","0","KOSPI","-1.12","329.84","","333.56"
"A008770","호텔신라","12","1","KOSPI","-1.89","3057.43","","3116.3"
"A008830","대동기어","12","0","KOSDAQ","-5.08","20.13","","21.21"
"A008870","금비","9","0","KOSPI","-4.05","49.8","","51.9"
"A0088M0","메쥬","12","0","외감","","","",""
"A008930","한미사이언스","12","1","KOSPI","-3.02","1802.1","","1858.21"
"A008970","KBI동양철관","12","0","KOSPI","-5.88","123.64","","131.37"
"A009070","KCTC","12","0","KOSPI","-3.21","67.8","","70.05"
"A009140","경인전자","12","0","KOSPI","-0.59","26.39","","26.55"
"A009150","삼성전기","12","1","KOSPI","-0.9","8216.31","","8291"
"A009160","SIMPAC","12","0","KOSPI","-3.9","153.11","","159.32"
"A009180","한솔로지스틱스","12","0","KOSPI","-1.85","36.54","","37.23"
"A009190","대양금속","12","0","KOSPI","-3.25","52.93","","54.71"
"A009200","무림페이퍼","12","0","KOSPI","-3.35","84.05","","86.96"
"A009240","한샘","12","1","KOSPI","5.63","1677.97","","1588.54"
"A009270","신원","12","0","KOSPI","-4.6","141.17","","147.97"
"A009290","광동제약","12","0","KOSPI","-0.33","318.19","","319.24"
"A009300","삼아제약","12","0","KOSDAQ","0","88.22","","88.22"
"A009310","참엔지니어링","12","0","KOSPI","-2.28","69.21","","70.82"
"A009320","아진전자부품","12","0","KOSPI","2.53","116.02","","113.16"
"A009410","태영건설","12","0","KOSPI","-0.35","1073.42","","1077.24"
"A009420","한올바이오파마","12","1","KOSPI","-2.2","1277.28","","1306.02"
"A009440","KC그린홀딩스","12","0","KOSPI","-4.76","80.77","","84.8"
"A009450","경동나비엔","12","0","KOSPI","-1.77","459.9","","468.18"
"A009460","한창제지","12","0","KOSPI","2.27","134.55","","131.57"
"A009470","삼화전기","12","0","KOSPI","-3.32","96.23","","99.54"
"A009520","포스코엠텍","12","0","KOSDAQ","-2.57","165.74","","170.11"
"A009540","HD한국조선해양","12","1","KOSPI","-4.94","5449.53","","5732.62"
"A009580","무림P&P","12","0","KOSPI","-3.33","198.95","","205.82"
"A009620","삼보산업","12","0","KOSDAQ","-4.69","29.41","","30.85"
"A009680","모토닉","12","0","KOSPI","-3.23","237.6","","245.52"
"A009730","이렘","12","0","KOSDAQ","-19.65","39.58","","49.26"
"A009770","삼정펄프","12","0","KOSPI","-2.8","56.37","","58"
"A009780","엠에스씨","12","0","KOSDAQ","-2.22","73.57","","75.24"
"A009810","플레이그램","12","0","KOSPI","-2.92","58.42","","60.18"
"A009830","한화솔루션","12","1","KOSPI","-0.69","2325.3","","2341.45"
"A009900","명신산업","12","0","외감","","","",""
"A009970","영원무역홀딩스","12","0","KOSPI","-0.85","477.25","","481.34"
"A010040","한국내화","12","0","KOSPI","-3.68","77.85","","80.82"
"A010060","OCI홀딩스","12","1","KOSPI","-1.51","933.7","","948.01"
"A010100","한국무브넥스","12","0","KOSPI","-5.99","47.81","","50.85"
"A010120","LS ELECTRIC","12","1","KOSPI","-1.93","1146","","1168.5"
"A010130","고려아연","12","1","KOSPI","-0.88","7472.52","","7538.57"
"A010140","삼성중공업","12","1","KOSPI","-3.7","2620.8","","2721.6"
"A010170","대한광통신","12","0","KOSDAQ","3.87","217.54","","209.43"
"A010240","흥국","12","0","KOSDAQ","-3.92","43.75","","45.53"
"A010280","아이티센엔텍","12","0","KOSDAQ","-4.23","55.03","","57.46"
"A010400","우진아이엔에스","12","0","KOSPI","-1.67","49.47","","50.31"
"A010470","오리콤","12","0","KOSDAQ","-3.65","43.3","","44.94"
"A010580","에스엠벡셀","12","0","KOSPI","0","19.76","","19.76"
"A010640","진양폴리","12","0","KOSPI","-2.52","25.15","","25.8"
"A010660","화천기계","12","0","KOSPI","-5.3","58.96","","62.26"
"A010690","화신","12","0","KOSPI","-1.64","73.16","","74.38"
"A010770","평화홀딩스","12","0","KOSPI","0.47","46.73","","46.51"
"A010780","아이에스동서","12","1","KOSPI","-4.38","707.44","","739.88"
"A010820","퍼스텍","12","0","KOSPI","12.01","93.76","","83.71"
"A010950","S-Oil","12","1","KOSPI","2.25","7689.4","","7520.53"
"A010960","삼호개발","12","0","KOSPI","20.55","132","","109.5"
"A011000","진원생명과학","12","0","KOSPI","-3.5","456.52","","473.06"
"A011040","경동제약","12","0","KOSDAQ","-1.12","211.6","","213.99"
"A011070","LG이노텍","12","1","KOSPI","-1.54","3029.39","","3076.72"
"A011080","형지I&C","12","0","KOSDAQ","0.41","19.24","","19.17"
"A011090","에넥스","12","0","KOSPI","-5.77","58.79","","62.39"
"A011150","CJ씨푸드","12","0","KOSPI","-3.73","139.05","","144.44"
"A011170","롯데케미칼","12","1","KOSPI","1.5","6975.05","","6872.22"
"A011200","HMM","12","0","KOSPI","-1.73","1166.49","","1187.07"
"A011210","현대위아","12","1","KOSPI","-2.35","905.6","","927.35"
"A011230","삼화전자","12","0","KOSPI","-1.52","27.19","","27.61"
"A011280","태림포장","12","0","KOSPI","-3.03","260.21","","268.35"
"A011300","우성머티리얼스","12","0","KOSPI","0.88","26.15","","25.93"
"A011320","유니크","12","0","KOSDAQ","5.06","128.29","","122.11"
"A011330","유니켐","12","0","KOSPI","-4.84","93.05","","97.79"
"A011370","서한","12","0","KOSDAQ","-2.39","98.98","","101.4"
"A011390","부산산업","12","0","KOSPI","-2.92","157.87","","162.62"
"A011420","갤럭시아에스엠","12","0","KOSPI","-7.09","34.3","","36.92"
"A011500","한농화성","12","0","KOSPI","-0.47","66.3","","66.61"
"A011560","세보엠이씨","12","0","KOSDAQ","-3.6","49.33","","51.18"
"A011690","와이투솔루션","12","0","KOSPI","0","71.36","","71.36"
"A011700","한신기계","12","0","KOSPI","-2.06","46.24","","47.21"
"A011760","현대코퍼레이션","12","0","KOSPI","-5.57","190.5","","201.74"
"A011780","금호석유화학","12","1","KOSPI","-3.09","2004.77","","2068.76"
"A011790","SKC","12","1","KOSPI","5.91","2019.36","","1906.76"
"A0117P0","피스피스스튜디오","12","0","외감","","","",""
"A011810","STX","12","0","KOSPI","-0.65","120.53","","121.32"
"A011930","신성이엔지","12","0","KOSPI","-2.1","153.92","","157.23"
"A012030","DB","12","0","KOSPI","-0.7","141.83","","142.83"
"A0120G0","삼양바이오팜","12","0","외감","","","",""
"A012160","영흥","12","0","KOSPI","-2.42","83.17","","85.23"
"A012170","아센디오","12","0","KOSPI","0","29.59","","29.59"
"A012200","계양전기","12","0","KOSPI","-1.91","83.62","","85.25"
"A012210","삼미금속","12","0","외감","","","",""
"A012280","영화금속","12","0","KOSPI","-2.82","62.72","","64.54"
"A012320","경동인베스트","12","0","KOSPI","-1.43","65.04","","65.98"
"A012330","현대모비스","12","1","KOSPI","-1.67","16777.15","","17062.32"
"A012340","뉴인텍","12","0","KOSDAQ","-5.88","57.69","","61.29"
"A012450","한화에어로스페이스","12","1","KOSPI","5.34","1248.03","","1184.74"
"A012510","더존비즈온","12","0","KOSPI","-1.75","2664.61","","2712.08"
"A012610","경인양행","12","0","KOSPI","-2.82","280.82","","288.98"
"A012620","원일특강","12","0","KOSDAQ","0.51","34.67","","34.5"
"A012630","HDC","12","1","KOSPI","-2.98","525.73","","541.86"
"A012690","모나리자","12","0","KOSPI","-4.74","250.15","","262.58"
"A0126Z0","삼성에피스홀딩스","12","0","외감","","","",""
"A012700","리드코프","12","0","KOSDAQ","-3.87","137.78","","143.34"
"A012750","에스원","12","1","KOSPI","-0.36","3165.33","","3176.73"
"A012790","신일제약","12","0","KOSDAQ","-1.37","78.6","","79.69"
"A012800","대창","12","0","KOSPI","-2.75","96.61","","99.34"
"A012860","모베이스전자","12","0","KOSDAQ","-3.48","65","","67.34"
"A013000","세우글로벌","12","0","KOSPI","-7.22","51.67","","55.69"
"A013030","하이록코리아","12","0","KOSDAQ","4.26","166.76","","159.96"
"A013120","동원개발","12","0","KOSDAQ","-1.67","320.55","","326"
"A013310","아진산업","12","0","KOSDAQ","-2.05","78.89","","80.54"
"A013360","일성건설","12","0","KOSPI","0.95","57.27","","56.73"
"A013520","화승코퍼레이션","12","0","KOSPI","-1.86","102.33","","104.27"
"A013570","디와이","12","0","KOSPI","-2.64","101.99","","104.75"
"A013580","계룡건설","12","0","KOSPI","-0.65","137.09","","137.98"
"A013700","까뮤이앤씨","12","0","KOSPI","2.44","56.89","","55.54"
"A013720","청보","12","0","KOSDAQ","-2.74","15.95","","16.4"
"A013810","스페코","12","0","KOSDAQ","20.27","53.05","","44.11"
"A013870","지엠비코리아","12","0","KOSPI","-3.85","83.35","","86.68"
"A013890","지누스","12","0","KOSPI","-2.56","1027.15","","1054.14"
"A013990","아가방컴퍼니","12","0","KOSDAQ","1.24","107.54","","106.23"
"A014100","메디앙스","12","0","KOSDAQ","0","49.5","","49.5"
"A014130","한익스프레스","12","0","KOSPI","-2.39","56.46","","57.84"
"A014160","대영포장","12","0","KOSPI","-4.35","119.23","","124.65"
"A014190","원익큐브","12","0","KOSDAQ","-4.44","49.56","","51.86"
"A014280","금강공업","12","0","KOSPI","-2.04","70.21","","71.68"
"A014440","영보화학","12","0","KOSPI","-0.19","53","","53.1"
"A014470","부방","12","0","KOSDAQ","-3.34","130.31","","134.82"
"A014530","극동유화","12","0","KOSPI","-1.13","106.35","","107.57"
"A014570","고려제약","12","0","KOSDAQ","-3.73","93.61","","97.24"
"A014580","태경비케이","12","0","KOSPI","-0.27","101.78","","102.06"
"A014620","성광벤드","12","0","KOSDAQ","-3.68","172.17","","178.75"
"A014680","한솔케미칼","12","1","KOSPI","-3.17","931.85","","962.35"
"A014710","사조씨푸드","12","0","KOSPI","-2.02","66.98","","68.36"
"A014790","HL D&I","12","0","KOSPI","13.78","125.18","","110.02"
"A014820","동원시스템즈","12","1","KOSPI","-2.55","539.27","","553.36"
"A014830","유니드","12","1","KOSPI","-1.91","342.26","","348.93"
"A014910","성문전자","12","0","KOSPI","-4.18","31.28","","32.64"
"A014940","오리엔탈정공","12","0","KOSDAQ","-3.94","30.03","","31.26"
"A014950","삼익제약","12","0","외감","","","",""
"A014970","삼륭물산","12","0","KOSDAQ","-6.56","105.57","","112.98"
"A014990","인디에프","12","0","KOSPI","-7.56","111.68","","120.81"
"A015020","이스타코","12","0","KOSPI","0","27.98","","27.98"
"A015230","대창단조","12","0","KOSPI","-3.6","61.29","","63.57"
"A015260","에이엔피","12","0","KOSPI","-3.57","20.12","","20.86"
"A015360","INVENI","12","0","KOSPI","-0.3","201.6","","202.2"
"A015590","DKME","12","0","KOSPI","-3.7","132.13","","137.2"
"A015710","코콤","12","0","KOSDAQ","-2.69","82.57","","84.85"
"A015750","성우하이텍","12","0","KOSDAQ","-3","233.2","","240.4"
"A015760","한국전력","12","1","KOSPI","0.7","13802.23","","13705.93"
"A015860","일진홀딩스","12","0","KOSPI","-3.81","180.86","","188.01"
"A015890","태경산업","12","0","KOSPI","0.66","134.6","","133.72"
"A016090","대현","12","0","KOSPI","-4.4","77.05","","80.59"
"A016100","리더스코스메틱","12","0","KOSDAQ","-3.16","72.57","","74.93"
"A016250","SGC E&C","12","0","KOSDAQ","-1.58","227.36","","231"
"A016360","삼성증권","12","1","KOSPI","-1.42","2487.01","","2522.73"
"A016380","KG스틸","12","0","KOSPI","4.69","1675.15","","1600.14"
"A016450","한세예스24홀딩스","12","0","KOSPI","-1.74","192.4","","195.8"
"A016580","환인제약","12","0","KOSPI","-1.71","266.91","","271.56"
"A016590","신대양제지","12","0","KOSPI","-0.55","220.43","","221.64"
"A016600","큐캐피탈","12","0","KOSDAQ","-1.54","109.54","","111.26"
"A016610","DB증권","12","0","KOSPI","-2.49","132.86","","136.25"
"A016670","디모아","12","0","KOSDAQ","-3.18","72.46","","74.84"
"A016710","대성홀딩스","12","0","KOSPI","0.82","158.16","","156.87"
"A016740","두올","12","0","KOSPI","-4.9","70.91","","74.57"
"A016790","현대사료","12","0","KOSDAQ","-6.15","75.04","","79.96"
"A016800","퍼시스","12","0","KOSPI","1.77","330.63","","324.88"
"A016880","웅진","12","0","KOSPI","-3.74","81.76","","84.93"
"A016920","카스","12","0","KOSDAQ","-3.19","31.12","","32.14"
"A017000","신원종합개발","12","0","KOSDAQ","-1.9","31.21","","31.81"
"A017040","광명전기","12","0","KOSPI","-3.12","87.54","","90.36"
"A017180","명문제약","12","0","KOSPI","-2.93","130.52","","134.46"
"A017250","인터엠","9","0","KOSDAQ","-1.57","39.46","","40.09"
"A017370","우신시스템","12","0","KOSPI","-4.18","60.89","","63.55"
"A017390","서울가스","12","0","KOSPI","-1.72","343","","349"
"A017480","삼현철강","12","0","KOSDAQ","-2.27","54.02","","55.27"
"A017510","세명전기","12","0","KOSDAQ","3.38","72.19","","69.83"
"A017550","수산세보틱스","12","0","KOSPI","-4.97","77.47","","81.52"
"A017650","대림제지","12","0","KOSDAQ","-2.73","72.23","","74.25"
"A017670","SK텔레콤","12","1","KOSPI","2.95","16916.23","","16431.75"
"A017800","현대엘리베이터","12","1","KOSPI","-4.7","1710.84","","1795.16"
"A017810","풀무원","12","0","KOSPI","1.41","411.38","","405.67"
"A017860","DS단석","12","0","외감","","","",""
"A017890","한국알콜","12","0","KOSDAQ","-3.51","237.66","","246.31"
"A017900","광전자","12","0","KOSPI","-2.02","98.5","","100.53"
"A017940","E1","12","0","KOSPI","-2.87","232.55","","239.41"
"A017960","한국카본","12","0","KOSPI","-2.46","261.57","","268.16"
"A018000","유니슨","12","0","KOSDAQ","-3.42","87.33","","90.42"
"A018120","진로발효","12","0","KOSDAQ","-1.56","188.37","","191.35"
"A018250","애경산업","12","1","KOSPI","-0.37","703.82","","706.47"
"A018260","삼성에스디에스","12","1","KOSPI","-0.3","12806.03","","12844.71"
"A018290","브이티","12","0","KOSDAQ","-1.83","361.2","","367.92"
"A018310","삼목에스폼","12","0","KOSDAQ","-0.56","104.22","","104.81"
"A018470","조일알미늄","12","0","KOSPI","-2.32","38.38","","39.29"
"A018500","동원모빌리티","3","0","KOSPI","-4.05","26.6","","27.73"
"A018620","우진비앤지","12","0","KOSDAQ","-4.71","60.37","","63.36"
"A018670","SK가스","12","0","KOSPI","-0.26","690.2","","692.03"
"A018680","서울제약","12","0","KOSDAQ","-3.3","74.67","","77.22"
"A018700","졸스","12","0","KOSDAQ","-5.47","106.98","","113.17"
"A018880","한온시스템","12","1","KOSPI","-1.5","4900.28","","4975.02"
"A019010","베뉴지","12","0","KOSDAQ","-5.13","62.42","","65.79"
"A019170","신풍제약","12","0","KOSPI","-3.17","972.27","","1004.07"
"A019180","티에이치엔","12","0","KOSPI","-3.63","45.45","","47.16"
"A019210","와이지-원","12","0","KOSDAQ","-4.05","152.26","","158.68"
"A019490","엑시큐어하이트론","12","0","KOSPI","6.21","14.66","","13.8"
"A019540","일지테크","12","0","KOSDAQ","-2.51","39.32","","40.34"
"A019550","SBI인베스트먼트","12","0","KOSDAQ","-0.81","98.86","","99.67"
"A019570","GMI벤처","12","0","KOSDAQ","-0.51","44.12","","44.35"
"A019660","글로본","12","0","KOSDAQ","0.18","82.01","","81.87"
"A019680","대교","12","1","KOSPI","-1.04","402.76","","407"
"A019770","서연탑메탈","12","0","KOSDAQ","-2.93","25.11","","25.86"
"A019990","에너토크","12","0","KOSDAQ","-4.07","34.54","","36"
"A020000","한섬","12","1","KOSPI","-3.83","556.64","","578.81"
"A020120","키다리스튜디오","12","0","KOSPI","-0.52","81.07","","81.49"
"A020150","롯데에너지머티리얼즈","12","1","KOSPI","-0.61","1867.49","","1879.02"
"A020180","대신정보통신","3","0","KOSDAQ","-4.8","41.89","","44"
"A020400","대동금속","12","0","KOSDAQ","-1.12","20.71","","20.94"
"A020560","아시아나항공","12","0","KOSPI","0.99","908.57","","899.64"
"A020710","시공테크","12","0","KOSDAQ","-3.24","107.66","","111.27"
"A020760","일진디스플","12","0","KOSPI","-3.18","81.83","","84.52"
"A021040","대호특수강","12","0","KOSDAQ","-3.96","56.74","","59.08"
"A021050","서원","12","0","KOSPI","-1.01","116.55","","117.74"
"A021080","에이티넘인베스트","12","0","KOSDAQ","-3.55","78.24","","81.12"
"A021240","코웨이","12","1","KOSPI","-1","4391.08","","4435.36"
"A021320","KCC건설","12","0","KOSDAQ","4.7","128.61","","122.84"
"A021650","한국큐빅","12","0","KOSDAQ","1.94","38.75","","38.02"
"A021820","세원정공","6","0","KOSPI","0","80.9","","80.9"
"A021880","메이슨캐피탈","3","0","KOSDAQ","-6.25","31.24","","33.33"
"A022100","포스코DX","12","0","KOSDAQ","-1.89","671.23","","684.16"
"A022220","티케이지애강","12","0","KOSDAQ","-2.4","84.43","","86.5"
"A023000","삼원강재","12","0","KOSPI","-2.17","81","","82.8"
"A023150","MH에탄올","12","0","KOSPI","-2.05","67.14","","68.55"
"A023160","태광","12","0","KOSDAQ","-2.11","184.44","","188.42"
"A023350","한국종합기술","12","0","KOSPI","-3.05","43.47","","44.84"
"A023410","유진기업","12","0","KOSDAQ","-2.73","302.67","","311.18"
"A023440","제이스코홀딩스","12","0","KOSDAQ","-0.52","56.04","","56.33"
"A023450","동남합성","12","0","KOSPI","1.97","103.04","","101.05"
"A023530","롯데쇼핑","12","1","KOSPI","-2.03","2452.64","","2503.55"
"A023590","다우기술","12","0","KOSPI","-3.45","690.95","","715.62"
"A023600","삼보판지","12","0","KOSDAQ","-3.39","119.66","","123.86"
"A023760","한국캐피탈","12","0","KOSDAQ","-1.86","149.6","","152.44"
"A023770","플레이위드","12","0","KOSDAQ","-2.74","68","","69.92"
"A023790","동일스틸럭스","12","0","KOSDAQ","-3.68","18.29","","18.99"
"A023800","인지컨트롤스","12","0","KOSPI","-2.32","60.72","","62.16"
"A023810","인팩","12","0","KOSPI","-2.73","30.25","","31.1"
"A023900","풍국주정","12","0","KOSDAQ","8.31","238.14","","219.87"
"A023910","대한약품","12","0","KOSDAQ","-0.51","176.4","","177.3"
"A023960","에쓰씨엔지니어링","12","0","KOSPI","-0.4","31.52","","31.65"
"A024060","흥구석유","12","0","KOSDAQ","5.37","114.75","","108.9"
"A024070","WISCOM","12","0","KOSPI","-1.93","31.11","","31.73"
"A024090","디씨엠","12","0","KOSPI","-0.95","122.27","","123.44"
"A024110","기업은행","12","1","KOSPI","-2.86","4317.13","","4444.11"
"A024120","KB오토시스","12","0","KOSDAQ","-2.19","61.76","","63.14"
"A024720","콜마홀딩스","12","0","KOSPI","-2.46","391.07","","400.94"
"A024740","한일단조","12","0","KOSDAQ","8.46","42.15","","38.86"
"A024800","유성티엔에스","12","0","KOSDAQ","-0.81","66.95","","67.49"
"A024830","세원물산","12","0","KOSDAQ","0","52.44","","52.44"
"A024840","KBI메탈","12","0","KOSDAQ","-2.41","40.04","","41.02"
"A024850","HLB이노베이션","12","0","KOSDAQ","-0.89","31.13","","31.41"
"A024880","케이피에프","12","0","KOSDAQ","-2.11","56.71","","57.93"
"A024890","대원화성","12","0","KOSPI","-2.04","49.5","","50.53"
"A024900","디와이덕양","12","0","KOSPI","-2.7","29.31","","30.12"
"A024910","경창산업","12","0","KOSDAQ","-0.68","31.52","","31.74"
"A024940","PN풍년","12","0","KOSDAQ","-2.33","18.85","","19.3"
"A024950","삼천리자전거","12","0","KOSDAQ","-2.26","69.02","","70.62"
"A025000","KPX케미칼","12","0","KOSPI","-0.62","234.26","","235.71"
"A025320","시노펙스","12","0","KOSDAQ","3.36","200.63","","194.1"
"A025440","DH오토웨어","12","0","KOSDAQ","-1.95","90.19","","91.99"
"A025530","SJM홀딩스","12","0","KOSPI","-2.17","36.96","","37.78"
"A025540","한국단자","12","1","KOSPI","-2.04","300.47","","306.72"
"A025550","한국선재","12","0","KOSDAQ","-3.39","59.47","","61.55"
"A025560","미래산업","12","0","KOSPI","-6.02","65.77","","69.99"
"A025620","차AI헬스케어","12","0","KOSPI","-8.42","91.41","","99.82"
"A025750","한솔홈데코","12","0","KOSPI","-2.99","70.49","","72.67"
"A025770","한국정보통신","12","0","KOSDAQ","-3.31","295.06","","305.17"
"A025820","이구산업","12","0","KOSPI","-3.46","41.97","","43.47"
"A025860","남해화학","12","1","KOSPI","-4.05","387.99","","404.39"
"A025870","신라에스지","12","0","KOSDAQ","-4.47","35.08","","36.72"
"A025880","케이씨피드","12","0","KOSDAQ","-3.15","28.25","","29.17"
"A025890","한국주강","12","0","KOSPI","0","15.27","","15.27"
"A025900","동화기업","12","0","KOSDAQ","-1.66","298.94","","303.99"
"A025950","동신건설","12","0","KOSDAQ","5.65","47.12","","44.6"
"A025980","아난티","12","0","KOSDAQ","-3.69","839.68","","871.84"
"A026040","제이에스티나","12","0","KOSDAQ","-5.46","45.72","","48.36"
"A026150","특수건설","12","0","KOSDAQ","0","92.6","","92.6"
"A026890","스틱인베스트먼트","12","0","KOSPI","-3.89","329.26","","342.59"
"A026910","광진실업","12","0","KOSDAQ","-2.62","17.84","","18.32"
"A026940","부국철강","12","0","KOSPI","-0.39","76","","76.3"
"A026960","동서","12","1","KOSPI","-2.93","1650.04","","1699.89"
"A027040","서울전자통신","12","0","KOSDAQ","-3","54","","55.67"
"A027050","코리아나","12","0","KOSDAQ","-3.06","196.2","","202.4"
"A027360","아주IB투자","12","0","KOSDAQ","0.41","145.42","","144.83"
"A027410","BGF","12","1","KOSPI","-3.73","394.83","","410.15"
"A027580","상보","12","0","KOSDAQ","-3.04","37.2","","38.37"
"A027710","팜스토리","12","0","KOSDAQ","-4.01","103.95","","108.3"
"A027740","마니커","12","0","KOSPI","-2.41","128.52","","131.69"
"A027830","대성창투","12","0","KOSDAQ","-2.59","75.2","","77.2"
"A027970","한국제지","12","0","KOSPI","-2.92","58.98","","60.75"
"A028050","삼성E&A","12","1","KOSPI","-2.22","2156","","2205"
"A028080","휴맥스홀딩스","12","0","KOSDAQ","-1.56","31.7","","32.2"
"A028100","동아지질","12","0","KOSPI","-4.17","185.15","","193.2"
"A028260","삼성물산","12","1","KOSPI","-1.37","17811.9","","18058.49"
"A028300","HLB","12","0","KOSDAQ","-4.28","4258.72","","4448.96"
"A028670","팬오션","12","1","KOSPI","-0.91","1748.04","","1764.08"
"A029460","케이씨","12","0","KOSPI","-2.52","183.66","","188.4"
"A029480","광무","12","0","KOSDAQ","-4.95","43.21","","45.46"
"A029530","신도리코","12","0","KOSPI","-1.92","257.04","","262.08"
"A029780","삼성카드","12","1","KOSPI","-1.92","3249.84","","3313.56"
"A030000","제일기획","12","1","KOSPI","-2.63","1915.44","","1967.2"
"A030190","NICE평가정보","12","0","KOSDAQ","0.62","983.58","","977.51"
"A030200","KT","12","1","KOSPI","-1.08","5953.35","","6018.63"
"A030210","다올투자증권","12","0","KOSPI","-2.22","132.69","","135.71"
"A030350","드래곤플라이","12","0","KOSDAQ","-5.56","35.38","","37.46"
"A030520","한컴","12","0","KOSDAQ","-2.59","276.18","","283.51"
"A030530","원익홀딩스","12","0","KOSDAQ","-2.46","290.8","","298.14"
"A030610","교보증권","12","0","KOSPI","-1.97","232.56","","237.24"
"A030720","동원수산","12","0","KOSPI","-3.53","39.42","","40.86"
"A030960","양지사","6","0","KOSDAQ","-1.67","150.85","","153.41"
"A031210","서울보증보험","12","0","외감","","","",""
"A031310","아이즈비전","12","0","KOSDAQ","-5.52","56.7","","60.01"
"A031330","에스에이엠티","12","0","KOSDAQ","-2.53","192.99","","197.99"
"A031430","신세계인터내셔날","12","1","KOSPI","0","1474.41","","1474.41"
"A031440","신세계푸드","12","0","KOSPI","1.12","209.11","","206.79"
"A031510","오스템","12","0","KOSDAQ","-3.8","39.52","","41.08"
"A031820","아이티센씨티에스","12","0","KOSPI","-2.67","86.51","","88.89"
"A031860","디에이치엑스컴퍼니","12","0","KOSDAQ","-3.7","61.94","","64.32"
"A031980","피에스케이홀딩스","12","0","KOSDAQ","-0.56","152.23","","153.09"
"A032080","아즈텍WB","12","0","KOSDAQ","-2.19","38.36","","39.22"
"A032190","다우데이타","12","0","KOSDAQ","-1.83","287.63","","293"
"A032280","삼일","12","0","KOSDAQ","-3.22","29.27","","30.24"
"A032300","한국파마","12","0","외감","","","",""
"A032350","롯데관광개발","12","0","KOSPI","-5.36","734.32","","775.89"
"A032500","케이엠더블유","12","0","KOSDAQ","-0.47","2532.61","","2544.55"
"A032540","TJ미디어","12","0","KOSDAQ","-2.46","38.59","","39.57"
"A032560","황금에스티","12","0","KOSPI","-4.57","78.96","","82.74"
"A032580","피델릭스","12","0","KOSDAQ","-1.84","28.01","","28.54"
"A032620","GC메디아이","12","0","KOSDAQ","-2.72","279.78","","287.61"
"A032640","LG유플러스","12","1","KOSPI","-0.4","5392.15","","5413.98"
"A032680","소프트센","12","0","KOSDAQ","0.27","61.78","","61.61"
"A032750","삼진","12","0","KOSDAQ","-2.09","50.7","","51.78"
"A032790","엠젠솔루션","12","0","KOSDAQ","0","73.91","","73.91"
"A032800","판타지오","6","0","KOSDAQ","-0.47","61.58","","61.87"
"A032820","우리기술","12","0","KOSDAQ","-5","84.24","","88.68"
"A032830","삼성생명","12","1","KOSPI","-1.96","9510","","9700"
"A032850","비트컴퓨터","12","0","KOSDAQ","7.66","135.48","","125.84"
"A032860","더라미","12","0","KOSDAQ","-6.09","19.27","","20.52"
"A032940","원익","12","0","KOSDAQ","-3.31","55.85","","57.76"
"A032960","동일기연","12","0","KOSDAQ","-0.51","33.53","","33.7"
"A032980","바이온","12","0","KOSDAQ","-4.04","59.62","","61.88"
"A033050","제이엠아이","12","0","KOSDAQ","-9.34","49.03","","54.08"
"A033100","제룡전기","12","0","KOSDAQ","-5.32","91.4","","96.54"
"A033130","디지틀조선","12","0","KOSDAQ","-2.03","62.72","","64.02"
"A033160","엠케이전자","12","0","KOSDAQ","-2.29","139.57","","142.84"
"A033170","시그네틱스","12","0","KOSDAQ","-5.12","63.52","","66.95"
"A033200","모아텍","3","0","KOSDAQ","-1.33","63.99","","64.85"
"A033230","인성정보","12","0","KOSDAQ","0.52","73.69","","73.31"
"A033240","자화전자","12","0","KOSPI","-3.59","129.78","","134.61"
"A033250","체시스","12","0","KOSPI","2.25","54.48","","53.28"
"A033270","유나이티드제약","12","0","KOSPI","-1.93","288.11","","293.8"
"A033290","로젠","12","0","KOSDAQ","-2.08","458.43","","468.17"
"A033310","엠투엔","12","0","KOSDAQ","-0.65","50.21","","50.54"
"A033320","제이씨현시스템","12","0","KOSDAQ","0.53","71.97","","71.58"
"A033340","좋은사람들","12","0","KOSDAQ","-5.51","115.54","","122.28"
"A033500","동성화인텍","12","0","KOSDAQ","-2.37","188.62","","193.2"
"A033530","SJG세종","12","0","KOSPI","-3.26","90.44","","93.49"
"A033540","파라텍","12","0","KOSDAQ","0.37","92.39","","92.05"
"A033560","블루콤","12","0","KOSDAQ","-2.57","65.12","","66.84"
"A033640","네패스","12","0","KOSDAQ","-3.33","669.87","","692.93"
"A033780","KT&G","12","1","KOSPI","0.13","10708.81","","10695.09"
"A033790","피노","12","0","KOSDAQ","0","14.19","","14.19"
"A033830","티비씨","12","0","KOSDAQ","-0.85","81.8","","82.5"
"A033920","무학","12","0","KOSPI","-1.81","170.43","","173.56"
"A034020","두산에너빌리티","12","1","KOSPI","-1.22","1022.69","","1035.35"
"A034120","SBS","12","0","KOSPI","-4.69","334.02","","350.45"
"A034220","LG디스플레이","12","1","KOSPI","-1.77","3971.75","","4043.32"
"A034230","파라다이스","12","0","KOSDAQ","-1.94","1377.78","","1405.06"
"A034310","NICE","12","0","KOSPI","1.58","729.23","","717.87"
"A034590","인천도시가스","12","0","KOSPI","-2.22","106.09","","108.49"
"A034730","SK","12","1","KOSPI","-2.66","12875.93","","13227.74"
"A034810","해성산업","12","0","KOSDAQ","0.23","85.38","","85.18"
"A034830","한국토지신탁","12","0","KOSPI","-1.4","443.12","","449.43"
"A034940","조아제약","12","0","KOSDAQ","-3.48","107.84","","111.73"
"A034950","한국기업평가","12","0","KOSDAQ","0.47","289.68","","288.32"
"A035000","HS애드","12","0","KOSPI","-3.63","81.26","","84.33"
"A035080","그래디언트","12","0","KOSDAQ","-2.03","98.57","","100.62"
"A035150","백산","12","0","KOSPI","-3.84","127.29","","132.37"
"A035200","프럼파스트","12","0","KOSDAQ","-4.75","28.32","","29.73"
"A035250","강원랜드","12","1","KOSPI","1.02","5273.63","","5220.15"
"A035290","골드앤에스","12","0","KOSDAQ","0","30.2","","30.2"
"A035420","NAVER","12","1","KOSPI","-0.83","29321.02","","29567.41"
"A035460","기산텔레콤","12","0","KOSDAQ","0","39.65","","39.65"
"A035510","신세계 I&C","12","0","KOSPI","0","187.48","","187.48"
"A035600","KG이니시스","12","0","KOSDAQ","-1.21","569.25","","576.23"
"A035610","솔본","12","0","KOSDAQ","-1.54","87.23","","88.6"
"A035620","바른손이앤에이","12","0","KOSDAQ","-5.17","168.62","","177.81"
"A035720","카카오","12","1","KOSPI","0.29","15260.98","","15217.51"
"A035760","CJ ENM","12","0","KOSDAQ","-2.79","2366.16","","2434.14"
"A035810","이지홀딩스","12","0","KOSDAQ","-2.96","228.23","","235.19"
"A035890","서희건설","12","0","KOSDAQ","-2.42","209.15","","214.33"
"A035900","JYP Ent.","12","0","KOSDAQ","-2.88","718.77","","740.07"
"A036000","예림당","12","0","KOSDAQ","-4.47","54.13","","56.66"
"A036010","아비코전자","12","0","KOSDAQ","-4.36","56.83","","59.42"
"A036030","케이티알파","12","0","KOSDAQ","-3.87","195","","202.86"
"A036090","위지트","12","0","KOSDAQ","-3.6","51.74","","53.67"
"A036120","서울평가정보","12","0","KOSDAQ","0.64","84.14","","83.6"
"A036170","에이치엠넥스","12","0","KOSDAQ","6.81","67.48","","63.17"
"A036190","금화피에스시","12","0","KOSDAQ","-0.18","170.1","","170.4"
"A036200","유니셈","12","0","KOSDAQ","-0.99","153.32","","154.85"
"A036220","오상헬스케어","12","0","K-OTC","14.15","237.03","","207.64"
"A036420","콘텐트리중앙","12","0","KOSPI","-2.34","547.26","","560.37"
"A036460","한국가스공사","12","1","KOSPI","-2.55","2464.76","","2529.38"
"A036480","대성미생물","12","0","KOSDAQ","-2.97","49.59","","51.11"
"A036530","SNT홀딩스","12","0","KOSPI","-2.47","224.99","","230.7"
"A036540","SFA반도체","12","0","KOSDAQ","-2.84","845.33","","870"
"A036560","KZ정밀","12","0","KOSDAQ","-3.77","100.64","","104.58"
"A036570","NC","12","1","KOSPI","0","14094.48","","14094.48"
"A036580","팜스코","12","0","KOSPI","-1.35","147.46","","149.48"
"A036620","감성코퍼레이션","12","0","KOSDAQ","-0.85","40","","40.34"
"A036630","세종텔레콤","12","0","KOSDAQ","-3.53","180.7","","187.3"
"A036640","HRS","12","0","KOSDAQ","1.52","38.11","","37.53"
"A036670","삼양케이씨아이","12","0","KOSDAQ","2.58","103.23","","100.64"
"A036690","코맥스","12","0","KOSDAQ","-3.43","45.07","","46.67"
"A036710","심텍홀딩스","12","0","KOSDAQ","-1.48","51.04","","51.8"
"A036800","나이스정보통신","12","0","KOSDAQ","1.65","276.5","","272"
"A036810","에프에스티","12","0","KOSDAQ","-0.69","146.09","","147.1"
"A036830","솔브레인홀딩스","12","0","KOSDAQ","-0.4","1287.47","","1292.69"
"A036890","진성티이씨","12","0","KOSDAQ","-4.63","125","","131.07"
"A036930","주성엔지니어링","12","0","KOSDAQ","-1.66","257.65","","261.99"
"A037030","파워넷","12","0","KOSDAQ","-2.05","50.78","","51.85"
"A037070","파세코","12","0","KOSDAQ","-2.92","130.2","","134.12"
"A037230","한국팩키지","12","0","KOSDAQ","-2.21","49.75","","50.88"
"A037270","YG PLUS","12","0","KOSPI","-3.32","93.07","","96.27"
"A037330","인지디스플레","12","0","KOSDAQ","-4.09","66.92","","69.78"
"A037350","성도이엔지","12","0","KOSDAQ","-3.66","46.8","","48.58"
"A037370","EG","12","0","KOSDAQ","-3.92","53.33","","55.5"
"A037400","우리엔터프라이즈","12","0","KOSDAQ","-4.45","23","","24.08"
"A037440","희림","12","0","KOSDAQ","-3.3","52.98","","54.78"
"A037460","삼지전자","12","0","KOSDAQ","-1.88","144.58","","147.36"
"A037560","LG헬로비전","12","0","KOSPI","-1.7","336.12","","341.93"
"A037710","광주신세계","12","0","KOSPI","-1.73","227.2","","231.2"
"A037760","쎄니트","12","0","KOSDAQ","-2.36","55.99","","57.35"
"A037950","엘컴텍","12","0","KOSDAQ","5.09","174.38","","165.94"
"A038010","제일테크노스","12","0","KOSDAQ","-5.27","28.31","","29.88"
"A038060","루멘스","12","0","KOSDAQ","-3.95","81.12","","84.46"
"A038070","서린바이오","12","0","KOSDAQ","3.86","96.81","","93.21"
"A038110","에코플라스틱","12","0","KOSDAQ","-2.02","31.06","","31.7"
"A038290","마크로젠","12","0","KOSDAQ","-6.18","370.13","","394.52"
"A038390","레드캡투어","12","0","KOSDAQ","-1.16","109.52","","110.8"
"A038460","바이오스마트","12","0","KOSDAQ","-2.45","83.66","","85.76"
"A038500","삼표시멘트","12","0","KOSDAQ","-2.2","310.8","","317.78"
"A038530","케이바이오랩스","12","0","KOSDAQ","-1.26","79.91","","80.92"
"A038540","상상인","12","0","KOSDAQ","-2.19","445.39","","455.35"
"A038620","위즈코프","12","0","KOSDAQ","-2.6","36.31","","37.28"
"A038680","에스넷","12","0","KOSDAQ","-1.59","99.67","","101.27"
"A038870","에코심플렉스","12","0","KOSDAQ","-2.58","56.89","","58.4"
"A038880","아이에이","12","0","KOSDAQ","-2.23","95.12","","97.29"
"A038950","파인디지털","12","0","KOSDAQ","-0.27","38.09","","38.19"
"A039010","현대에이치티","12","0","KOSDAQ","-3.37","51.92","","53.73"
"A039020","이건홀딩스","12","0","KOSDAQ","-3.4","44.94","","46.52"
"A039030","이오테크닉스","12","0","KOSDAQ","-2.37","861.14","","882.08"
"A039130","하나투어","12","0","KOSPI","-1.8","571.51","","581.96"
"A039200","오스코텍","12","0","KOSDAQ","-2.48","632.19","","648.25"
"A039240","경남스틸","12","0","KOSDAQ","-0.99","37.63","","38"
"A039290","인포뱅크","12","0","KOSDAQ","-2.27","52.34","","53.55"
"A039310","세중","12","0","KOSDAQ","-1.75","35.61","","36.24"
"A039340","한국경제TV","12","0","KOSDAQ","-4.83","113.39","","119.14"
"A039420","케이엘넷","12","0","KOSDAQ","-3.06","45.89","","47.34"
"A039440","에스티아이","12","0","KOSDAQ","-0.36","220.04","","220.83"
"A039490","키움증권","12","0","KOSPI","-3.91","1575.71","","1639.8"
"A039560","다산네트웍스","12","0","KOSDAQ","-1.98","222.62","","227.11"
"A039570","HDC랩스","12","0","KOSPI","-2.92","131.35","","135.3"
"A039610","화성밸브","12","0","KOSDAQ","-8.39","59.13","","64.54"
"A039740","한국정보공학","12","0","KOSDAQ","3.36","22.21","","21.49"
"A039830","오로라","12","0","KOSDAQ","-3.81","108.71","","113.01"
"A039840","디오","12","0","KOSDAQ","-2.65","426.9","","438.54"
"A039860","나노엔텍","12","0","KOSDAQ","18.11","225","","190.51"
"A039980","폴라리스AI","12","0","KOSDAQ","-3.56","56.29","","58.36"
"A040160","누리플렉스","12","0","KOSDAQ","-5.04","57.93","","61"
"A040300","YTN","12","0","KOSDAQ","0.27","77.91","","77.7"
"A040350","크레오에스지","12","0","KOSDAQ","-2.92","265.06","","273.02"
"A040420","정상제이엘에스","12","0","KOSDAQ","-0.92","100.96","","101.9"
"A040610","SG&G","12","0","KOSDAQ","-2.24","44.65","","45.68"
"A040910","아이씨디","12","0","KOSDAQ","7.34","269.68","","251.23"
"A041020","폴라리스오피스","12","0","KOSDAQ","-5.56","38.21","","40.46"
"A041190","우리기술투자","12","0","KOSDAQ","-2.49","181.02","","185.64"
"A041440","현대에버다임","12","0","KOSDAQ","0.14","64.14","","64.05"
"A041460","한국전자인증","12","0","KOSDAQ","1.74","81.76","","80.36"
"A041510","에스엠","12","0","KOSDAQ","-2.49","597.95","","613.19"
"A041520","이엘씨","12","0","KOSDAQ","-3.06","42.54","","43.88"
"A041590","플래스크","12","0","KOSDAQ","-5.66","60.81","","64.46"
"A041650","상신브레이크","12","0","KOSPI","-1.67","56.9","","57.87"
"A041830","인바디","12","0","KOSDAQ","-0.84","242.89","","244.94"
"A041910","폴라리스AI파마","12","0","KOSDAQ","-3.96","109.58","","114.1"
"A041920","메디아나","12","0","KOSDAQ","2.93","121.54","","118.08"
"A041930","SY동아","12","0","KOSDAQ","-5.55","80.74","","85.48"
"A041960","코미팜","12","0","KOSDAQ","-5.4","1293.35","","1367.16"
"A042000","카페24","12","0","KOSDAQ","-2.38","309.8","","317.34"
"A042040","케이피엠테크","12","0","KOSDAQ","-3.61","71.91","","74.35"
"A042110","에스씨디","12","0","KOSDAQ","-2.5","47.12","","48.33"
"A042370","비츠로테크","12","0","KOSDAQ","0.18","126.97","","126.75"
"A042420","네오위즈홀딩스","12","0","KOSDAQ","-2.33","130.2","","133.3"
"A042500","링네트","12","0","KOSDAQ","-5.24","68.78","","72.58"
"A042510","라온시큐어","12","0","KOSDAQ","11.36","85.73","","76.98"
"A042520","한스바이오메드","9","0","KOSDAQ","-3.21","194.09","","200.52"
"A042600","새로닉스","12","0","KOSDAQ","-2.85","33.85","","34.85"
"A042660","한화오션","12","1","KOSPI","0","1768.89","","1768.89"
"A042700","한미반도체","12","0","KOSPI","-1.14","401.71","","406.35"
"A042940","상지건설","12","0","KOSDAQ","6.85","76.39","","71.5"
"A043090","더테크놀로지","12","0","KOSDAQ","-5.3","70.88","","74.84"
"A043100","알파AI","12","0","KOSDAQ","0","22.64","","22.64"
"A043150","바텍","12","0","KOSDAQ","-1.47","349.08","","354.27"
"A043200","파루","12","0","KOSDAQ","-4.58","92.46","","96.9"
"A043220","티에스넥스젠","12","0","KOSDAQ","-3.64","120.73","","125.28"
"A043260","성호전자","12","0","KOSDAQ","-2.99","19.61","","20.22"
"A043340","에쎈테크","12","0","KOSDAQ","2.4","92.16","","90"
"A043360","디지아이","12","0","KOSDAQ","-0.28","16.02","","16.07"
"A043370","피에이치에이","12","0","KOSDAQ","-3.91","134.19","","139.65"
"A043590","웰킵스하이텍","12","0","KOSDAQ","0","34.72","","34.72"
"A043610","KT지니뮤직","12","0","KOSDAQ","2.31","141.8","","138.61"
"A043650","국순당","12","0","KOSDAQ","0","64.2","","64.2"
"A043710","코스리거글로벌","12","0","KOSDAQ","-2.06","47.76","","48.76"
"A043910","자연과환경","12","0","KOSDAQ","-5.03","85.3","","89.82"
"A044180","KD","12","0","KOSDAQ","0","38.78","","38.78"
"A044340","위닉스","12","0","KOSDAQ","-3.13","331.55","","342.28"
"A044380","주연테크","12","0","KOSPI","0","57.33","","57.33"
"A044450","KSS해운","12","0","KOSPI","-0.71","161.84","","163"
"A044480","빌리언스","12","0","KOSDAQ","-1.08","62.1","","62.78"
"A044490","태웅","12","0","KOSDAQ","-4.31","106.64","","111.44"
"A044780","에이치케이","12","0","KOSDAQ","-0.42","21.93","","22.02"
"A044820","코스맥스비티아이","12","0","KOSPI","-4","138.3","","144.06"
"A044960","이글벳","12","0","KOSDAQ","-3.94","83.18","","86.6"
"A044990","에이치엔에스하이텍","12","0","KONEX","0.6","31.36","","31.17"
"A045060","오공","12","0","KOSDAQ","-6.13","93.35","","99.45"
"A045100","한양이엔지","12","0","KOSDAQ","-2.04","164.52","","167.94"
"A045300","성우테크론","12","0","KOSDAQ","-2.71","30.43","","31.27"
"A045340","토탈소프트","12","0","KOSDAQ","-1.66","25.29","","25.72"
"A045390","대아티아이","12","0","KOSDAQ","0.96","450.39","","446.12"
"A045510","정원엔시스","12","0","KOSDAQ","-3.45","54.11","","56.04"
"A045520","크린앤사이언스","12","0","KOSDAQ","-4.93","144.3","","151.78"
"A045660","에이텍","12","0","KOSDAQ","-3.37","80.62","","83.43"
"A045970","코아시아","12","0","KOSDAQ","-2.93","167.72","","172.78"
"A046070","코다코","12","0","KOSDAQ","0","85.75","","85.75"
"A046120","오르비텍","12","0","KOSDAQ","-5.88","72.32","","76.84"
"A046210","HLB파나진","12","0","KOSDAQ","-0.65","73.91","","74.4"
"A046310","백금T&A","12","0","KOSDAQ","-4.17","39.42","","41.14"
"A046390","삼화네트웍스","12","0","KOSDAQ","-1.99","63.53","","64.82"
"A046440","KG파이낸셜","12","0","KOSDAQ","1.6","222.47","","218.98"
"A046890","서울반도체","12","0","KOSDAQ","-3.03","746.31","","769.63"
"A046940","우원개발","12","0","KOSDAQ","2.35","117.84","","115.13"
"A046970","우리로","12","0","KOSDAQ","-3.08","50.8","","52.41"
"A047040","대우건설","12","1","KOSPI","-1.49","1375.71","","1396.49"
"A047050","포스코인터내셔널","12","1","KOSPI","-3.36","1597.71","","1653.23"
"A047080","한빛소프트","12","0","KOSDAQ","-4.04","64.68","","67.4"
"A047310","파워로직스","12","0","KOSDAQ","-3.77","254.72","","264.7"
"A047400","유니온머티리얼","12","0","KOSPI","-2.56","72.03","","73.92"
"A047560","이스트소프트","12","0","KOSDAQ","-2.22","65.34","","66.82"
"A047770","코데즈컴바인","12","0","KOSDAQ","-3.45","74.17","","76.82"
"A047810","한국항공우주","12","1","KOSPI","5.51","2427.13","","2300.41"
"A047820","초록뱀미디어","12","0","KOSDAQ","-5.34","136.91","","144.63"
"A047920","HLB제약","12","0","KOSDAQ","0.37","75.75","","75.47"
"A048410","현대바이오","12","0","KOSDAQ","-2.91","359.16","","369.93"
"A048430","유라테크","12","0","KOSDAQ","-4.02","68.77","","71.65"
"A048470","대동스틸","12","0","KOSDAQ","-5.48","56.9","","60.2"
"A048530","인트론바이오","12","0","KOSDAQ","-5.84","387.14","","411.15"
"A048550","SM C&C","12","0","KOSDAQ","-1.3","142.97","","144.85"
"A048770","TPC로보틱스","12","0","KOSDAQ","-3.51","37.07","","38.42"
"A048830","엔피케이","12","0","KOSDAQ","1.06","26.78","","26.49"
"A048870","시너지이노베이션","12","0","KOSDAQ","0.61","107.93","","107.27"
"A048910","대원미디어","12","0","KOSDAQ","4.24","86.54","","83.02"
"A049070","인탑스","12","0","KOSDAQ","-5.36","182.32","","192.64"
"A049080","기가레인","12","0","KOSDAQ","-3.17","55.94","","57.77"
"A049120","파인디앤씨","12","0","KOSDAQ","-1.67","38.88","","39.54"
"A049180","셀루메드","12","0","KOSDAQ","0","145.53","","145.53"
"A049430","코메론","12","0","KOSDAQ","-1.35","66.32","","67.23"
"A049470","비트플래닛","12","0","KOSDAQ","-3.13","26.99","","27.86"
"A049480","오픈베이스","12","0","KOSDAQ","-3.75","80.6","","83.74"
"A049520","유아이엘","12","0","KOSDAQ","-1.88","91.06","","92.8"
"A049550","잉크테크","12","0","KOSDAQ","-1.25","56.95","","57.67"
"A049630","재영솔루텍","12","0","KOSDAQ","-5.29","62.63","","66.13"
"A049720","고려신용정보","12","0","KOSDAQ","-2.47","73.5","","75.36"
"A049800","우진플라임","12","0","KOSPI","0","28.75","","28.75"
"A049830","승일","12","0","KOSDAQ","-2.55","49.12","","50.41"
"A049950","미래컴퍼니","12","0","KOSDAQ","-3.14","213.38","","220.3"
"A049960","쎌바이오텍","12","0","KOSDAQ","-3.52","128.78","","133.48"
"A050090","비케이홀딩스","12","0","KOSDAQ","-4.33","40.2","","42.02"
"A050110","캠시스","12","0","KOSDAQ","0.55","183.2","","182.19"
"A050120","ES큐브","12","0","KOSDAQ","1.67","60.82","","59.82"
"A050760","에스폴리텍","12","0","KOSDAQ","-3.32","59.46","","61.5"
"A050860","아세아텍","6","0","KOSDAQ","-4.38","53.55","","56"
"A050890","쏠리드","12","0","KOSDAQ","0.67","312.59","","310.5"
"A050960","수산아이앤티","12","0","KOSDAQ","-1.84","35.98","","36.66"
"A051160","지어소프트","12","0","KOSDAQ","4.19","145.02","","139.19"
"A051360","토비스","12","0","KOSDAQ","-1.01","115.18","","116.35"
"A051370","인터플렉스","12","0","KOSDAQ","-0.48","241.44","","242.61"
"A051380","피씨디렉트","12","0","KOSDAQ","-5.38","62.04","","65.57"
"A051390","YW","12","0","KOSDAQ","-0.28","40.37","","40.48"
"A051490","나라엠앤디","12","0","KOSDAQ","-1.63","47.14","","47.93"
"A051500","CJ프레시웨이","12","0","KOSDAQ","-2.45","212.5","","217.84"
"A051600","한전KPS","12","1","KOSPI","-0.94","1424.25","","1437.75"
"A051630","진양화학","12","0","KOSPI","-2.01","32.16","","32.82"
"A051780","큐로홀딩스","12","0","KOSDAQ","-2.81","68.64","","70.62"
"A051900","LG생활건강","12","1","KOSPI","2.93","20288.04","","19710.16"
"A051910","LG화학","12","1","KOSPI","0.71","24989.69","","24813.21"
"A051980","중앙첨단소재","12","0","KOSDAQ","-1.85","41.67","","42.46"
"A052020","에스티큐브","12","0","KOSDAQ","7.62","340.83","","316.7"
"A052220","iMBC","12","0","KOSDAQ","-3.05","47.5","","48.99"
"A052260","현대바이오랜드","12","0","KOSDAQ","-3.95","346.5","","360.75"
"A052300","오션인더블유","12","0","KOSDAQ","-4.49","51.01","","47.57"
"A052330","코텍","12","0","KOSDAQ","-5.23","146.71","","154.81"
"A052400","코나아이","12","0","KOSDAQ","0","203.05","","203.05"
"A052420","오성첨단소재","12","0","KOSDAQ","-5.18","147.48","","155.54"
"A052460","아이크래프트","12","0","KOSDAQ","-3.65","44.34","","46.01"
"A052600","한네트","12","0","KOSDAQ","-5.43","33.25","","35.15"
"A052690","한전기술","12","1","KOSPI","-1.19","636.36","","644.01"
"A052710","아모텍","12","0","KOSDAQ","-2.58","202.18","","207.53"
"A052770","아이톡시","12","0","KOSDAQ","0","32.52","","32.52"
"A052790","액토즈소프트","12","0","KOSDAQ","-4.1","90.19","","94.04"
"A052860","아이앤씨","12","0","KOSDAQ","-3.27","67.44","","69.72"
"A052900","KX하이텍","12","0","KOSDAQ","-2.99","42.57","","43.88"
"A053030","바이넥스","12","0","KOSDAQ","-1.9","328.52","","334.87"
"A053050","지에스이","12","0","KOSDAQ","-2.55","40.03","","41.08"
"A053060","세동","12","0","KOSDAQ","4.46","13.53","","12.95"
"A053080","케이엔솔","12","0","외감","","","",""
"A053160","프리엠스","12","0","KOSDAQ","-2.7","32.4","","33.3"
"A053210","스카이라이프","12","0","KOSPI","-1.94","339.06","","345.75"
"A053260","금강철강","12","0","KOSDAQ","-1.39","53.16","","53.91"
"A053270","구영테크","12","0","KOSDAQ","-3.78","36.95","","38.4"
"A053280","예스24","12","0","KOSDAQ","-0.93","91.16","","92.02"
"A053290","NE능률","12","0","KOSDAQ","-3.5","47.32","","49.04"
"A053300","한국정보인증","12","0","KOSDAQ","0.59","106.9","","106.27"
"A053350","이니텍","12","0","KOSDAQ","-0.96","81.74","","82.53"
"A053450","세코닉스","12","0","KOSDAQ","-3.76","57.36","","59.61"
"A053580","웹케시","12","0","KOSDAQ","1.5","319.58","","314.85"
"A053610","프로텍","12","0","KOSDAQ","-2.11","153.45","","156.75"
"A053620","태양","12","0","KOSDAQ","-3.58","60.2","","62.44"
"A053690","한미글로벌","12","0","KOSPI","-4.57","82.29","","86.24"
"A053700","삼보모터스","12","0","KOSDAQ","-7.52","70.15","","75.85"
"A053800","안랩","12","0","KOSDAQ","-1.87","525.73","","535.74"
"A053950","경남제약","12","0","KOSDAQ","4.49","127.05","","121.59"
"A053980","오상자이엘","12","0","KOSDAQ","9.25","283.08","","259.12"
"A054040","한국컴퓨터","12","0","KOSDAQ","-1.52","36.56","","37.12"
"A054050","NH농우바이오","12","0","KOSDAQ","-3.35","161.91","","167.52"
"A054090","삼진엘앤디","12","0","KOSDAQ","-3.7","48.67","","50.54"
"A054180","메디콕스","12","0","KOSDAQ","4.23","42.47","","40.75"
"A054210","이랜텍","12","0","KOSDAQ","-2.35","86.84","","88.93"
"A054220","비츠로시스","12","0","KOSDAQ","0","25.36","","25.36"
"A054300","팬스타엔터프라이즈","12","0","KOSDAQ","-3.78","43.95","","45.67"
"A054410","케이피티유","12","0","KOSDAQ","-1.75","15.58","","15.86"
"A054450","텔레칩스","12","0","KOSDAQ","-2.23","106.43","","108.86"
"A054540","삼영엠텍","12","0","KOSDAQ","-3.17","43.68","","45.11"
"A054620","APS","12","0","KOSDAQ","-4.51","159.69","","167.23"
"A054670","대한뉴팜","12","0","KOSDAQ","-2.21","139.96","","143.12"
"A054780","키이스트","12","0","KOSDAQ","-4.8","228.76","","240.28"
"A054800","아이디스홀딩스","12","0","KOSDAQ","1.15","136.07","","134.52"
"A054920","한컴위드","12","0","KOSDAQ","1.15","74.21","","73.36"
"A054930","유신","12","0","KOSDAQ","-3.29","52.95","","54.75"
"A054940","엑사이엔씨","12","0","KOSDAQ","-2.18","37.15","","37.98"
"A054950","제이브이엠","12","0","KOSDAQ","-2.47","125.04","","128.2"
"A055490","테이팩스","12","0","KOSPI","0.28","83.97","","83.74"
"A055550","신한지주","12","1","KOSPI","-1.77","13363.38","","13604.6"
"A056080","유진로봇","12","0","KOSDAQ","-3.69","78.4","","81.4"
"A056090","시지메드텍","12","0","KOSDAQ","-5.99","31.06","","33.04"
"A056190","SFA","12","0","KOSDAQ","-3.19","1197.56","","1237.06"
"A056360","코위버","12","0","KOSDAQ","-1.7","96.11","","97.77"
"A056700","신화인터텍","12","0","KOSDAQ","-4.03","69.34","","72.26"
"A056730","CNT85","12","0","KOSDAQ","0","67.4","","67.4"
"A057030","YBM넷","12","0","KOSDAQ","-4.69","96.24","","100.98"
"A057050","현대홈쇼핑","12","1","KOSPI","1.36","807.6","","796.8"
"A057540","옴니시스템","12","0","KOSDAQ","-4.55","72.61","","76.07"
"A057680","티사이언티픽","12","0","KOSDAQ","0","53.05","","53.05"
"A058110","멕아이씨에스","12","0","KOSDAQ","23.63","126.06","","101.96"
"A058400","KNN","12","0","KOSDAQ","0.97","138.39","","137.06"
"A058430","포스코스틸리온","12","0","KOSPI","-1.71","69","","70.2"
"A058450","한주에이알티","12","0","KOSDAQ","-1.38","17.09","","17.33"
"A058470","리노공업","12","0","KOSDAQ","2.7","1219.39","","1187.38"
"A058610","에스피지","12","0","KOSDAQ","-3","108.14","","111.48"
"A058630","엠게임","12","0","KOSDAQ","-3.59","73.48","","76.22"
"A058650","세아홀딩스","12","0","KOSPI","-3.73","258","","268"
"A058730","다스코","12","0","KOSPI","-7.15","85.93","","92.55"
"A058820","CMG제약","12","0","KOSDAQ","-2.97","545.15","","561.82"
"A058850","KTcs","12","0","KOSPI","-2.32","71.92","","73.63"
"A058860","KTis","12","0","KOSPI","-1.14","60.56","","61.25"
"A058970","엠로","12","0","KONEX","4.44","15.84","","15.17"
"A059090","미코","12","0","KOSDAQ","-4.38","280.6","","293.44"
"A059100","아이컴포넌트","12","0","KOSDAQ","-2.61","27.68","","28.42"
"A059120","아진엑스텍","12","0","KOSDAQ","0.16","42.86","","42.79"
"A059210","메타바이오메드","12","0","KOSDAQ","-3.21","57.51","","59.42"
"A059270","해성에어로보틱스","12","0","외감","","","",""
"A060150","인선이엔티","12","0","KOSDAQ","-1.34","283.33","","287.17"
"A060230","제이케이시냅스","12","0","KOSDAQ","-1.49","142.48","","144.63"
"A060240","스타코링크","12","0","KOSDAQ","-4.72","110.36","","115.83"
"A060250","NHN KCP","12","0","KOSDAQ","-0.14","804","","805.15"
"A060260","뉴보텍","12","0","KOSDAQ","-4.42","39.79","","41.63"
"A060280","큐렉소","12","0","KOSDAQ","-1.96","133.43","","136.1"
"A060310","3S","3","0","KOSDAQ","-0.41","108.65","","109.09"
"A060370","LS마린솔루션","12","0","KOSDAQ","-4.37","81.47","","85.19"
"A060380","동양에스텍","12","0","KOSDAQ","4.47","28.05","","26.85"
"A060480","국일신동","12","0","KOSDAQ","-0.73","37.54","","37.82"
"A060540","에스에이티","12","0","KOSDAQ","-3.58","45.73","","47.43"
"A060560","HC홈센타","12","0","KOSDAQ","-1.74","96.18","","97.88"
"A060570","드림어스컴퍼니","12","0","KOSDAQ","-0.3","284.01","","284.87"
"A060590","씨티씨바이오","12","0","KOSDAQ","6.76","152.55","","142.9"
"A060720","KH바텍","12","0","KOSDAQ","-2.43","422.48","","433.01"
"A060850","영림원소프트랩","12","0","외감","","","",""
"A060900","에이전트AI","12","0","KOSDAQ","6.5","101.02","","94.85"
"A060980","HL홀딩스","12","1","KOSPI","-1.35","305.26","","309.45"
"A061040","알에프텍","12","0","KOSDAQ","1.93","139.68","","137.04"
"A061090","세나테크놀로지","12","0","외감","","","",""
"A061250","화일약품","12","0","KOSDAQ","19.91","193.68","","161.52"
"A061970","LB세미콘","12","0","KOSDAQ","-2.69","285.04","","292.92"
"A062040","산일전기","12","0","외감","","","",""
"A062970","한국첨단소재","12","0","KOSDAQ","-1.06","86.57","","87.5"
"A063080","컴투스홀딩스","12","0","KOSDAQ","-0.6","163.89","","164.88"
"A063160","종근당바이오","12","0","KOSPI","-1.62","167.05","","169.79"
"A063170","서울옥션","12","0","KOSDAQ","-3.06","72.32","","74.61"
"A063440","SM Life Design","12","0","KOSDAQ","-3.5","68.22","","70.7"
"A063570","NICE인프라","12","0","KOSDAQ","-2.12","204.89","","209.33"
"A063760","이엘피","12","0","KOSDAQ","-4.71","39.78","","41.74"
"A064090","인크레더블버즈","12","0","KOSDAQ","-4.31","42.2","","44.1"
"A064240","홈캐스트","12","0","KOSDAQ","-4.63","122.78","","128.74"
"A064260","다날","12","0","KOSDAQ","-1.02","241.05","","243.52"
"A064290","인텍플러스","12","0","KOSDAQ","-0.91","95.68","","96.56"
"A064350","현대로템","12","1","KOSPI","5.6","1521.5","","1440.75"
"A064400","LG씨엔에스","12","0","외감","","","",""
"A064480","브리지텍","12","0","KOSDAQ","-4.17","28.81","","30.06"
"A064520","테크엘","12","0","KOSDAQ","0","62.02","","62.02"
"A064550","바이오니아","12","0","KOSDAQ","-4.66","254.49","","266.94"
"A064760","티씨케이","12","0","KOSDAQ","-0.28","827.76","","830.09"
"A064800","포니링크","12","0","KOSDAQ","-1.84","78.66","","80.14"
"A064820","케이프","12","0","KOSDAQ","-5.5","91.15","","96.45"
"A064850","에프앤가이드","12","0","KONEX","1.97","42.73","","41.91"
"A064960","SNT모티브","12","1","KOSPI","-1.7","508.89","","517.66"
"A065060","지엔코","12","0","KOSDAQ","-3.75","138.19","","143.58"
"A065130","탑엔지니어링","12","0","KOSDAQ","-3.06","152.09","","156.89"
"A065150","대산F&B","12","0","KOSDAQ","0","106.26","","106.26"
"A065170","비엘팜텍","12","0","KOSDAQ","-7.04","123.72","","133.09"
"A065350","신성델타테크","12","0","KOSDAQ","-3.17","62.86","","64.92"
"A065370","위세아이텍","12","0","KOSDAQ","1.19","54.94","","54.3"
"A065420","에스아이리소스","12","0","KOSDAQ","0","41.28","","41.28"
"A065440","이루온","12","0","KOSDAQ","1.38","40.09","","39.55"
"A065450","빅텍","12","0","KOSDAQ","23.76","90.26","","72.93"
"A065500","오리엔트정공","12","0","KOSDAQ","-2.61","34.93","","35.87"
"A065510","휴비츠","12","0","KOSDAQ","-0.38","92.33","","92.69"
"A065530","와이어블","12","0","KOSDAQ","-2.35","219.37","","224.66"
"A065570","삼영이엔씨","12","0","KOSDAQ","-2.58","53.24","","54.65"
"A065650","하이퍼코퍼레이션","12","0","KOSDAQ","-3.86","112.8","","117.33"
"A065660","안트로젠","12","0","KOSDAQ","-4.95","319.86","","336.53"
"A065680","우주일렉트로","12","0","KOSDAQ","-1.21","121.69","","123.18"
"A065690","파커스","12","0","KOSDAQ","-5.91","30.02","","31.91"
"A065710","서호전기","12","0","KOSDAQ","-1.31","97.34","","98.62"
"A065770","CS","12","0","KOSDAQ","-2.65","44.92","","46.15"
"A065950","웰크론","12","0","KOSDAQ","-4.22","198.75","","207.5"
"A066130","하츠","12","0","KOSDAQ","-3.49","67.2","","69.63"
"A066310","큐에스아이","12","0","KOSDAQ","0","127.9","","127.9"
"A066360","체리부로","12","0","KOSDAQ","-3.88","58.67","","61.04"
"A066410","버킷스튜디오","12","0","KOSDAQ","-2.99","51.24","","52.83"
"A066430","아이로보틱스","12","0","KOSDAQ","-1.39","31.59","","32.04"
"A066570","LG전자","12","1","KOSPI","-2.23","8607.88","","8804.25"
"A066590","스모트로닉","12","0","KOSDAQ","-3.94","102.36","","106.56"
"A066620","국보디자인","12","0","KOSDAQ","-1.06","105","","106.13"
"A066670","디티씨","12","0","KOSDAQ","-1.65","55.61","","56.54"
"A066700","테라젠이텍스","12","0","KOSDAQ","-4.5","328.92","","344.43"
"A066790","씨씨에스","12","0","KOSDAQ","0","38.9","","38.9"
"A066900","디에이피","12","0","KOSDAQ","-5.78","57.43","","60.96"
"A066910","손오공","12","0","KOSDAQ","-3","52.18","","53.79"
"A066970","엘앤에프","12","0","KOSDAQ","-1.74","488.98","","497.65"
"A066980","한성크린텍","12","0","KOSDAQ","-1.86","100.28","","102.18"
"A067000","조이시티","12","0","KOSDAQ","-2.31","147.36","","150.85"
"A067010","이씨에스","3","0","KOSDAQ","-5.41","43.03","","45.49"
"A067080","대화제약","12","0","KOSDAQ","-7.14","201.39","","216.88"
"A067160","SOOP","12","0","KOSDAQ","-1.4","727.62","","737.96"
"A067170","오텍","12","0","KOSDAQ","-3.53","151.45","","156.99"
"A067280","멀티캠퍼스","12","0","KOSDAQ","-3.43","183.73","","190.25"
"A067290","JW신약","12","0","KOSDAQ","-1.8","193.13","","196.67"
"A067310","하나마이크론","12","0","KOSDAQ","-3.03","126.75","","130.7"
"A067370","선바이오","12","0","KONEX","0","102.79","","102.79"
"A067390","아스트","12","0","KOSDAQ","-4.27","123.9","","129.43"
"A067570","엔브이에이치코리아","12","0","KOSDAQ","-0.74","79.31","","79.9"
"A067630","HLB생명과학","12","0","KOSDAQ","-3.33","955.53","","988.48"
"A067730","로지시스","12","0","KOSDAQ","-2.43","26.2","","26.86"
"A067770","세진티에스","12","0","KOSDAQ","-5.23","19.02","","20.07"
"A067830","세이브존I&C","12","0","KOSPI","-1.52","93.37","","94.8"
"A067900","와이엔텍","12","0","KOSDAQ","-3.23","191.1","","197.47"
"A067920","이글루","12","0","KOSDAQ","5.35","47.61","","45.19"
"A067990","도이치모터스","12","0","KOSDAQ","-3.73","180.84","","187.85"
"A068050","팬엔터테인먼트","12","0","KOSDAQ","-1.34","55.73","","56.48"
"A068100","케이웨더","12","0","외감","","","",""
"A068240","다원시스","12","0","KOSDAQ","-1.26","422.84","","428.22"
"A068270","셀트리온","12","1","KOSPI","0","27209.48","","27209.48"
"A068290","삼성출판사","12","0","KOSPI","-4.09","222.5","","232"
"A068330","일신바이오","12","0","KOSDAQ","-2.11","102.36","","104.57"
"A068760","셀트리온제약","12","0","KOSDAQ","0.98","2588.03","","2441.02"
"A068790","DMS","12","0","KOSDAQ","1.01","92.25","","91.33"
"A068930","디지털대성","12","0","KOSDAQ","0.91","175.82","","174.24"
"A068940","셀피글로벌","12","0","KOSDAQ","3.17","70.93","","68.75"
"A069080","웹젠","12","0","KOSDAQ","-2.15","563.21","","575.57"
"A069140","누리플랜","12","0","KOSDAQ","-2.19","23.87","","24.41"
"A069260","TKG휴켐스","12","1","KOSPI","-3.57","662.23","","686.76"
"A069330","유아이디","12","0","KOSDAQ","0","12.54","","12.54"
"A069410","엔텔스","12","0","KOSDAQ","-2.56","63.06","","64.71"
"A069460","대호에이엘","12","0","KOSPI","6.01","81.4","","76.79"
"A069510","에스텍","12","0","KOSDAQ","-1.87","97.32","","99.17"
"A069540","빛과전자","12","0","KOSDAQ","0","100.56","","100.56"
"A069620","대웅제약","12","1","KOSPI","-5.73","1239.76","","1315.08"
"A069640","한세엠케이","12","0","KOSPI","-3.38","36.92","","38.21"
"A069730","DSR제강","12","0","KOSPI","-2.04","51.84","","52.92"
"A069920","엑시온그룹","12","0","KOSDAQ","-1.8","98.66","","100.46"
"A069960","현대백화점","12","1","KOSPI","-2.07","1551.58","","1584.35"
"A070300","엑스큐어","12","0","KOSDAQ","-7.04","72.92","","78.45"
"A070590","인티큐브","12","0","KOSDAQ","6.33","97.85","","92.02"
"A070960","모나용평","12","0","KOSPI","-4.71","228.87","","240.19"
"A071050","한국금융지주","12","1","KOSPI","-0.42","2644.2","","2655.34"
"A071090","하이스틸","12","0","KOSPI","-6.02","32.8","","34.9"
"A071200","인피니트헬스케어","12","0","KOSDAQ","3.14","152.23","","147.6"
"A071280","로체시스템즈","12","0","KOSDAQ","-1.19","76.02","","76.94"
"A071320","지역난방공사","12","0","KOSPI","0.28","417.41","","416.26"
"A071670","에이테크솔루션","12","0","KOSDAQ","-2.81","58.9","","60.6"
"A071840","롯데하이마트","12","1","KOSPI","-2.71","507.57","","521.73"
"A071850","캐스텍코리아","12","0","KOSDAQ","-6.93","33.39","","35.87"
"A071950","코아스","12","0","KOSPI","-4.29","34.46","","36.01"
"A071970","HD현대마린엔진","12","0","KOSPI","-2.73","60.7","","62.41"
"A072020","중앙백신","12","0","KOSDAQ","-2.5","155.38","","159.36"
"A072130","유엔젤","12","0","KOSPI","-3.45","46.18","","47.83"
"A072470","우리산업홀딩스","12","0","KOSDAQ","-5.55","102.94","","108.98"
"A072710","농심홀딩스","12","0","KOSPI","-0.82","336.24","","339.02"
"A072770","멤레이비티","12","0","KOSDAQ","-4.55","64.18","","67.24"
"A072870","메가스터디","12","0","KOSDAQ","-3.79","121","","125.77"
"A072950","빛샘전자","12","0","KOSDAQ","-3.01","27.99","","28.86"
"A072990","에이치시티","12","0","KOSDAQ","-2.02","63.8","","65.12"
"A073010","케이에스피","12","0","KOSDAQ","-1.37","52.12","","52.84"
"A073110","엘엠에스","12","0","KOSDAQ","-3.2","94.3","","97.41"
"A073190","듀오백","12","0","KOSDAQ","-4.41","24.65","","25.79"
"A073240","금호타이어","12","1","KOSPI","-3.1","897.69","","926.41"
"A073490","LIG아큐버","12","0","KOSDAQ","5.66","345.64","","327.11"
"A073540","에프알텍","12","0","KOSDAQ","-1.7","52.67","","53.58"
"A073560","우리손에프앤지","12","0","KOSDAQ","-2.25","120.13","","122.9"
"A073570","리튬포어스","12","0","KOSDAQ","0","113.93","","113.93"
"A073640","테라사이언스","12","0","KOSDAQ","-0.65","84.2","","84.76"
"A074430","아미노로직스","12","0","KOSDAQ","-1.2","144.91","","146.67"
"A074600","원익QnC","12","0","KOSDAQ","-2.81","318.08","","327.29"
"A074610","이엔플러스","12","0","KOSPI","-2.52","201.74","","206.95"
"A075130","플랜티넷","12","0","KOSDAQ","-5.31","36.78","","38.84"
"A075180","새론오토모티브","12","0","KOSPI","-2.83","65.95","","67.87"
"A075580","세진중공업","12","0","KOSPI","-3.72","109.17","","113.39"
"A075970","동국알앤에스","12","0","KOSDAQ","-4.88","35.88","","37.72"
"A076080","웰크론한텍","12","0","KOSDAQ","0.58","34.47","","34.27"
"A076610","해성옵틱스","12","0","KOSDAQ","-1.98","46.47","","47.4"
"A077360","덕산하이메탈","12","0","KOSDAQ","-1.03","130.4","","131.77"
"A077500","유니퀘스트","12","0","KOSPI","-1.47","164.24","","166.69"
"A077970","STX엔진","12","0","KOSPI","0","128.16","","128.16"
"A078000","텔코웨어","12","0","KOSPI","2.54","137.29","","133.9"
"A078020","LS증권","12","0","KOSDAQ","-2.74","246.34","","253.27"
"A078070","유비쿼스홀딩스","12","0","KOSDAQ","2.51","611.38","","596.42"
"A078130","국일제지","12","0","KOSDAQ","0.33","770.1","","767.59"
"A078140","대봉엘에스","12","0","KOSDAQ","-3.03","70.95","","73.17"
"A078150","HB테크놀러지","12","0","KOSDAQ","-4.07","186.02","","193.92"
"A078160","메디포스트","12","0","KOSDAQ","-5.3","418.56","","441.98"
"A078340","컴투스","12","0","KOSDAQ","-2.13","1302.08","","1330.39"
"A078350","한양디지텍","12","0","KOSDAQ","-0.59","42.05","","42.3"
"A078520","에이블씨엔씨","12","0","KOSPI","0","275.74","","275.74"
"A078590","휴림에이텍","12","0","KOSDAQ","-11.84","316.1","","358.54"
"A078600","대주전자재료","12","0","KOSDAQ","-0.29","252.74","","253.48"
"A078860","아이오케이이엔엠","12","0","KOSDAQ","-3.49","77.14","","79.93"
"A078890","가온그룹","12","0","KOSDAQ","-2.15","89.24","","91.2"
"A078930","GS","12","1","KOSPI","-1.3","3516.85","","3563.3"
"A079000","와토스코리아","12","0","KOSDAQ","0","33.12","","33.12"
"A079160","CJ CGV","12","1","KOSPI","-0.2","530.09","","531.15"
"A079170","한창산업","12","0","KOSDAQ","0","24.44","","24.44"
"A079190","케스피온","12","0","KOSDAQ","0","88.36","","88.36"
"A079370","제우스","12","0","KOSDAQ","-1.91","96.16","","98.02"
"A079430","현대리바트","12","1","KOSPI","0.1","199.81","","199.6"
"A079550","LIG디펜스앤에어로스페이스","12","1","KOSPI","2.16","520.3","","509.3"
"A079650","서산","12","0","KOSDAQ","1.51","47","","46.3"
"A079810","APS이노베이션","12","0","KOSDAQ","10.22","41.46","","37.62"
"A079900","전진건설로봇","12","0","외감","","","",""
"A079940","가비아","12","0","KOSDAQ","4.71","195.59","","186.79"
"A079950","인베니아","12","0","KOSDAQ","-3.08","40.14","","41.41"
"A079960","동양이엔피","12","0","KOSDAQ","-1.86","82.92","","84.5"
"A079970","투비소프트","12","0","KOSDAQ","-0.25","52.74","","52.87"
"A079980","휴비스","12","0","KOSPI","-2.07","179.4","","183.2"
"A080010","이상네트웍스","12","0","KOSDAQ","-0.16","56.61","","56.7"
"A080160","모두투어","12","0","KOSDAQ","-1.98","233.42","","238.14"
"A080220","제주반도체","12","0","KOSDAQ","-4.46","90.11","","94.31"
"A080420","모다이노칩","12","0","KOSDAQ","0","200.1","","200.1"
"A080470","성창오토텍","12","0","KOSDAQ","-2.04","49.06","","50.08"
"A080520","오디텍","12","0","KOSDAQ","-2.48","46.16","","47.34"
"A080530","코디","12","0","KOSDAQ","0","54.66","","54.66"
"A080580","오킨스전자","12","0","KOSDAQ","-4.92","20.28","","21.33"
"A080720","한국유니온제약","12","0","KOSDAQ","11.14","114.83","","103.32"
"A081000","일진다이아","12","0","KOSPI","-0.2","347.26","","347.97"
"A081150","티플랙스","12","0","KOSDAQ","-3.7","50.48","","52.42"
"A081180","쎄크","12","0","외감","","","",""
"A081580","성우전자","12","0","KOSDAQ","-3.41","28.53","","29.54"
"A081660","미스토홀딩스","12","1","KOSPI","1.5","2050.39","","2020.01"
"A082210","옵트론텍","12","0","KOSDAQ","-2.44","113.53","","116.37"
"A082270","젬백스","12","0","KOSDAQ","-5.8","924.61","","981.54"
"A082640","동양생명","12","0","KOSPI","-1.69","470.36","","478.43"
"A082660","코스나인","12","0","KOSDAQ","-3.66","36.57","","37.96"
"A082740","한화엔진","12","0","KOSPI","-2.17","103.78","","106.09"
"A082800","비보존 제약","12","0","KOSDAQ","-1.24","197.63","","200.11"
"A082850","우리바이오","12","0","KOSDAQ","-1.2","40.61","","41.1"
"A082920","비츠로셀","12","0","KOSDAQ","-2.41","305.86","","313.39"
"A083310","엘오티베큠","12","0","KOSDAQ","-2.75","119.59","","122.97"
"A083420","그린케미칼","12","0","KOSPI","1.24","78.12","","77.16"
"A083450","GST","12","0","KOSDAQ","-3.01","120.2","","123.93"
"A083470","이엠앤아이","12","0","KOSDAQ","0","33.02","","33.02"
"A083500","에프엔에스테크","12","0","KOSDAQ","4.76","82.89","","79.12"
"A083550","케이엠","12","0","KOSDAQ","-3.69","147.55","","153.2"
"A083640","인콘","12","0","KOSDAQ","-4.33","96.41","","100.77"
"A083650","비에이치아이","12","0","KOSDAQ","-5.87","47.97","","50.96"
"A083660","CSA 코스믹","12","0","KOSDAQ","0","154.59","","154.59"
"A083790","CG인바이츠","12","0","KOSDAQ","6.53","650.35","","610.49"
"A083930","아바코","12","0","KOSDAQ","-2.83","87.82","","90.38"
"A084010","대한제강","12","0","KOSPI","0","147.39","","147.39"
"A084110","휴온스글로벌","12","0","KOSDAQ","-2.02","362.27","","369.72"
"A084180","수성웹툰","12","0","KOSDAQ","12.32","21.01","","18.7"
"A084370","유진테크","12","0","KOSDAQ","-1.48","381.55","","387.28"
"A084440","유비온","9","0","KONEX","1.09","4.17","","4.12"
"A084650","랩지노믹스","12","0","KOSDAQ","7.18","216.19","","201.71"
"A084670","동양고속","12","0","KOSPI","-0.93","77.02","","77.75"
"A084680","이월드","12","0","KOSPI","-0.7","405.3","","408.15"
"A084690","대상홀딩스","12","0","KOSPI","-5.22","210.39","","221.98"
"A084730","팅크웨어","12","0","KOSDAQ","-3.49","60.57","","62.76"
"A084850","아이티엠반도체","12","0","KOSDAQ","-0.72","1255.95","","1265.08"
"A084870","TBH글로벌","12","0","KOSPI","-5.18","30.56","","32.22"
"A084990","헬릭스미스","12","0","KOSDAQ","0","1869.54","","1869.54"
"A085310","엔케이","12","0","KOSPI","-3.53","69.99","","72.54"
"A085620","미래에셋생명","12","0","KOSPI","-0.4","663.81","","666.47"
"A085660","차바이오텍","12","0","KOSDAQ","-3.36","905.29","","936.78"
"A085670","뉴프렉스","12","0","KOSDAQ","-3.86","31.63","","32.9"
"A085810","알티캐스트","12","0","KOSDAQ","-0.42","25.36","","25.47"
"A085910","네오티스","12","0","KOSDAQ","-1.38","35.35","","35.85"
"A086040","바이오톡스텍","12","0","KOSDAQ","-5.25","126.47","","133.48"
"A086060","진바이오텍","12","0","KOSDAQ","-4.66","47.53","","49.86"
"A086280","현대글로비스","12","1","KOSPI","-2.9","3768.75","","3881.25"
"A086390","유니테스트","12","0","KOSDAQ","-2.37","261.01","","267.35"
"A086450","동국제약","12","0","KOSDAQ","1.48","794.06","","782.5"
"A086520","에코프로","12","0","KOSDAQ","-1.95","445.12","","453.95"
"A086670","비엠티","12","0","KOSDAQ","-1","48.63","","49.12"
"A086710","선진뷰티사이언스","12","0","외감","","","",""
"A086790","하나금융지주","12","1","KOSPI","-3.26","7130.75","","7370.94"
"A086820","바이오솔루션","12","0","KOSDAQ","-5.48","167.49","","177.2"
"A086890","이수앱지스","12","0","KOSDAQ","-3.28","149.37","","154.43"
"A086900","메디톡스","12","0","KOSDAQ","-3.74","748.4","","777.48"
"A086960","MDS테크","12","0","KOSDAQ","-2.9","88.73","","91.38"
"A086980","쇼박스","12","0","KOSDAQ","-3.97","174.34","","181.54"
"A087010","펩트론","12","0","KOSDAQ","-3.13","236.79","","244.46"
"A087260","모바일어플라이언스","12","0","KOSDAQ","-3.6","92.4","","95.85"
"A087600","픽셀플러스","12","0","KOSDAQ","-1.7","26.01","","26.46"
"A088130","동아엘텍","12","0","KOSDAQ","-2.66","74","","76.03"
"A088280","쏘닉스","12","0","외감","","","",""
"A088290","이원컴포텍","12","0","KOSDAQ","-3.95","149.17","","155.31"
"A088340","유라클","12","0","외감","","","",""
"A088350","한화생명","12","1","KOSPI","-1.69","1515.58","","1541.64"
"A088390","이녹스","12","0","KOSDAQ","-0.61","45.68","","45.96"
"A088790","진도","12","0","KOSPI","-3.49","29.25","","30.31"
"A088800","에이스테크","12","0","KOSDAQ","0.45","348.56","","347"
"A088910","동우팜투테이블","12","0","KOSDAQ","-1.14","78.4","","79.3"
"A089010","켐트로닉스","12","0","KOSDAQ","2.07","179.97","","176.32"
"A089030","테크윙","12","0","KOSDAQ","-2.6","253.08","","259.84"
"A089140","넥스턴앤롤코리아","12","0","KOSDAQ","-4.35","99.04","","103.54"
"A089150","케이씨티","12","0","KOSDAQ","-2.48","33.79","","34.64"
"A089230","THE E&M","12","0","KOSDAQ","-4.11","69.19","","72.15"
"A089470","HDC현대EP","12","0","KOSPI","4.03","123.45","","118.67"
"A089590","제주항공","12","0","KOSPI","-1.74","521.86","","531.09"
"A089600","KT나스미디어","12","0","KOSDAQ","0.69","255.64","","253.89"
"A089790","제이티","12","0","KOSDAQ","0.37","56.22","","56.01"
"A089850","유비벨록스","12","0","KOSDAQ","-4.17","39.21","","40.92"
"A089860","롯데렌탈","12","0","외감","","","",""
"A089890","코세스","12","0","KOSDAQ","-3.65","97.74","","101.45"
"A089970","브이엠","12","0","KOSDAQ","-0.78","178.21","","179.6"
"A089980","상아프론테크","12","0","KOSDAQ","-1.87","203.18","","207.04"
"A090080","평화산업","12","0","KOSPI","14.89","74.12","","64.51"
"A090150","아이윈","12","0","KOSDAQ","-3.12","24","","24.77"
"A090350","노루페인트","12","0","KOSPI","0","142.8","","142.8"
"A090360","로보스타","12","0","KOSDAQ","-3.07","123.34","","127.24"
"A090370","메타랩스","12","0","KOSPI","-5.88","48.6","","51.63"
"A090410","덕신이피씨","12","0","KOSDAQ","-1.95","55.22","","56.32"
"A090430","아모레퍼시픽","12","1","KOSPI","-2.82","10054.86","","10347.15"
"A090460","비에이치","12","0","KOSDAQ","-1.75","553.54","","563.39"
"A090470","제이스로보틱스","12","0","KOSDAQ","-1.58","127.15","","129.19"
"A090710","휴림로봇","12","0","KOSDAQ","-3.84","68.68","","71.42"
"A090850","현대이지웰","12","0","KOSDAQ","-0.99","112.27","","113.39"
"A091120","이엠텍","12","0","KOSDAQ","-4.46","127.2","","133.15"
"A091340","S&K폴리텍","12","0","KOSDAQ","-3.33","71.28","","73.73"
"A091440","한울소재과학","12","0","KOSDAQ","-2.11","38.12","","38.94"
"A091580","상신이디피","12","0","KOSDAQ","-2.36","78.52","","80.42"
"A091590","남화토건","12","0","KOSDAQ","6.99","170.82","","159.66"
"A091700","파트론","12","0","KOSDAQ","-1.94","438.67","","447.33"
"A091810","트리니티항공","12","0","KOSPI","-2.56","178.97","","183.67"
"A091970","LSK아이로봇","12","0","KOSDAQ","-4.96","51.67","","54.37"
"A092040","아미코젠","12","0","KOSDAQ","-2.61","465.77","","478.25"
"A092070","디엔에프","12","0","KOSDAQ","-0.32","101.16","","101.48"
"A092130","이크레더블","12","0","KOSDAQ","-2.16","217.99","","222.81"
"A092190","서울바이오시스","12","0","KOSDAQ","-4.11","401.35","","418.55"
"A092200","디아이씨","12","0","KOSPI","-1.42","53.86","","54.64"
"A092220","KEC","12","0","KOSPI","-1.43","88.23","","89.51"
"A092230","KPX홀딩스","12","0","KOSPI","-0.57","183.98","","185.04"
"A092300","현우산업","12","0","KOSDAQ","-1.51","39.86","","40.48"
"A092440","기신정기","3","0","KOSPI","-1.64","87.31","","88.77"
"A092460","한라IMS","12","0","KOSDAQ","-1.57","66.24","","67.3"
"A092600","앤씨앤","12","0","KOSDAQ","-2.86","42.63","","43.89"
"A092730","네오팜","12","0","KOSDAQ","-3.35","248.68","","257.3"
"A092780","DYP","12","0","KOSPI","-3.11","47.21","","48.72"
"A092790","넥스틸","12","0","외감","","","",""
"A092870","엑시콘","12","0","KOSDAQ","-0.45","61.91","","62.19"
"A093050","LF","12","1","KOSPI","-4.35","353.8","","369.89"
"A093190","빅솔론","12","0","KOSDAQ","1.13","94.66","","93.6"
"A093240","형지엘리트","6","0","KOSPI","-4.82","36.92","","38.79"
"A093320","케이아이엔엑스","12","0","KOSDAQ","1.95","306.46","","300.61"
"A093370","후성","12","1","KOSPI","-2.17","625.1","","638.99"
"A093380","풍강","8","0","KOSDAQ","-1.12","26.23","","26.53"
"A093520","매커스","12","0","KOSDAQ","-3.1","53.1","","54.79"
"A093640","케이알엠","12","0","KOSDAQ","-2.17","29.16","","29.8"
"A093920","서원인텍","12","0","KOSDAQ","-2.25","96.91","","99.14"
"A094170","동운아나텍","12","0","KOSDAQ","-3.98","79.74","","83.05"
"A094280","효성ITX","12","0","KOSPI","4.79","189.55","","180.89"
"A094360","칩스앤미디어","12","0","KOSDAQ","-4.19","67.85","","70.82"
"A094480","갤럭시아머니트리","12","0","KOSDAQ","-1.66","127.69","","129.85"
"A094820","일진파워","12","0","KOSDAQ","-2.41","67.25","","68.91"
"A094840","슈프리마에이치큐","12","0","KOSDAQ","-2.67","45.76","","47.02"
"A094850","참좋은여행","12","0","KOSDAQ","2.92","73.92","","71.82"
"A094860","네오리진","12","0","KOSDAQ","1.12","68.37","","67.61"
"A094940","푸른로보틱스","12","0","KOSDAQ","-2.27","98.94","","101.24"
"A094970","제이엠티","12","0","KOSDAQ","-3.16","38.44","","39.69"
"A095190","신화프리텍","12","0","KOSDAQ","3.35","128.98","","124.8"
"A095270","웨이브일렉트로","12","0","KOSDAQ","-5","135.94","","143.1"
"A095340","ISC","12","0","KOSDAQ","0.51","140.29","","139.59"
"A095500","미래나노텍","12","0","KOSDAQ","-5","59.78","","62.93"
"A095570","AJ네트웍스","12","0","KOSPI","-1.83","162.94","","165.99"
"A095610","테스","12","0","KOSDAQ","-3.05","377.57","","389.43"
"A095660","네오위즈","12","0","KOSDAQ","-6.01","376.94","","401.04"
"A095700","제넥신","12","0","KOSDAQ","5.91","1534.1","","1448.47"
"A095720","웅진씽크빅","12","0","KOSPI","-1.5","351.53","","356.9"
"A095910","에스에너지","12","0","KOSDAQ","-6.02","42.77","","45.51"
"A096240","크레버스","12","0","KOSDAQ","0","132","","132"
"A096250","와이즈넛","12","0","외감","","","",""
"A096350","대창솔루션","12","0","KOSDAQ","-3.85","52.58","","54.68"
"A096530","씨젠","12","0","KOSDAQ","-2.84","2337.45","","2405.66"
"A096610","알에프세미","12","0","KOSDAQ","-3.6","34.97","","36.27"
"A096630","에스코넥","12","0","KOSDAQ","-4.52","130.86","","137.06"
"A096690","에이루트","12","0","KOSDAQ","-8.47","41.75","","45.62"
"A096760","JW홀딩스","12","1","KOSPI","-1.79","327.61","","333.59"
"A096770","SK이노베이션","12","1","KOSPI","-0.51","9107.86","","9154.09"
"A096870","엘디티","12","0","KOSDAQ","-1.8","14.56","","14.83"
"A097230","HJ중공업","12","0","KOSPI","30","508.81","","391.39"
"A097520","엠씨넥스","12","0","KOSDAQ","-2.67","521.61","","535.9"
"A097780","에코볼트","12","0","KOSDAQ","1.12","333.67","","329.96"
"A097800","윈팩","12","0","KOSDAQ","-2.7","60.35","","62.02"
"A097870","효성오앤비","6","0","KOSDAQ","-5.08","52.38","","55.19"
"A097950","CJ제일제당","12","1","KOSPI","-0.85","3515.15","","3545.26"
"A098070","한텍","12","0","외감","","","",""
"A098120","마이크로컨텍솔","12","0","KOSDAQ","-2.49","29.34","","30.09"
"A098460","고영","12","0","KOSDAQ","-0.73","1114.95","","1123.19"
"A098660","에스티오","12","0","KOSDAQ","-7.96","26","","28.25"
"A099190","아이센스","12","0","KOSDAQ","-4.25","278.87","","291.23"
"A099220","SDN","12","0","KOSDAQ","-1.09","104.65","","105.81"
"A099320","쎄트렉아이","12","0","KOSDAQ","3.6","157","","151.55"
"A099390","브레인즈컴퍼니","12","0","외감","","","",""
"A099410","동방선기","12","0","KOSDAQ","-3.12","27.35","","28.23"
"A099430","바이오플러스","12","0","외감","","","",""
"A099440","스맥","12","0","KOSDAQ","-8.12","51.47","","56.02"
"A099520","DGI","12","0","KOSDAQ","3.72","29.8","","28.73"
"A099750","이지케어텍","3","0","KOSDAQ","-0.94","101.22","","102.18"
"A100030","인지소프트","12","0","KOSDAQ","-5.78","53.52","","56.81"
"A100090","SK오션플랜트","12","0","KOSDAQ","-4.54","73.28","","76.76"
"A100120","뷰웍스","12","0","KOSDAQ","3.81","341.06","","328.56"
"A100130","동국S&C","12","0","KOSDAQ","-3.59","122.86","","127.43"
"A100220","비상교육","12","0","KOSPI","-2.85","93.19","","95.92"
"A100250","진양홀딩스","12","0","KOSPI","-1.08","127.44","","128.84"
"A100590","머큐리","12","0","KOSDAQ","-2.7","143.65","","147.64"
"A100660","서암기계공업","12","0","KOSDAQ","-3.06","59.91","","61.8"
"A100700","세운메디칼","12","0","KOSDAQ","4.21","140.82","","135.12"
"A100790","미래에셋벤처투자","12","0","KOSDAQ","-3.9","118.91","","123.74"
"A100840","SNT에너지","12","0","KOSPI","-2.3","111.47","","114.1"
"A101000","KS인더스트리","12","0","KOSDAQ","-3.8","62.43","","64.9"
"A101140","인바이오젠","12","0","KOSPI","-4.73","127.71","","134.06"
"A101160","월덱스","12","0","KOSDAQ","1.21","110.62","","109.3"
"A101170","우림피티에스","12","0","KOSDAQ","-2.75","33.41","","34.36"
"A101240","씨큐브","12","0","KOSDAQ","-1.9","73.2","","74.62"
"A101330","모베이스","12","0","KOSDAQ","-3.73","74.27","","77.15"
"A101360","에코앤드림","12","0","KONEX","14.89","50.23","","43.72"
"A101390","아이엠","12","0","KOSDAQ","-2.48","33.27","","34.12"
"A101400","엔시트론","12","0","KOSDAQ","-4.6","43.07","","45.15"
"A101490","에스앤에스텍","12","0","KOSDAQ","1.11","359.18","","355.24"
"A101530","해태제과식품","12","0","KOSPI","-1.71","200.61","","204.11"
"A101670","하이드로리튬","12","0","KOSDAQ","7.14","21.26","","19.85"
"A101680","한국정밀기계","12","0","KOSDAQ","0","21.14","","21.14"
"A101730","위메이드맥스","12","0","KOSDAQ","-0.84","35.25","","35.55"
"A101930","인화정공","12","0","KOSDAQ","-1.88","31.59","","32.19"
"A101970","우양에이치씨","12","0","외감","","","",""
"A102120","어보브반도체","12","0","KOSDAQ","-1.18","145.79","","147.53"
"A102260","동성케미컬","12","0","KOSPI","0","161.56","","161.56"
"A102370","케이옥션","12","0","외감","","","",""
"A102460","이연제약","12","0","KOSPI","-3.63","200.4","","207.95"
"A102710","이엔에프테크놀로지","12","0","KOSDAQ","1.01","355.7","","352.14"
"A102940","코오롱생명과학","12","0","KOSDAQ","-5.21","529.53","","558.63"
"A103140","풍산","12","1","KOSPI","2.99","580.1","","563.29"
"A103230","에스앤더블류","12","0","KOSDAQ","-1.41","15.16","","15.37"
"A103590","일진전기","12","0","KOSPI","-2.75","85.28","","87.7"
"A103840","우양","12","0","KOSDAQ","-4.09","54.26","","56.58"
"A104040","디에스엠","12","0","KOSDAQ","-6.15","35.84","","38.19"
"A104200","NHN벅스","12","0","KOSDAQ","0.4","74.29","","73.99"
"A104460","디와이피엔에프","12","0","KOSDAQ","-2.13","98.35","","100.49"
"A104480","티케이케미칼","12","0","KOSDAQ","3.25","202.24","","195.88"
"A104540","코렌텍","12","0","KOSDAQ","2.86","68.61","","66.7"
"A104620","노랑풍선","12","0","KOSDAQ","-0.91","51.95","","52.42"
"A104700","한국철강","12","0","KOSPI","-0.39","178.21","","178.9"
"A104830","원익머트리얼즈","12","0","KOSDAQ","-1.96","283.68","","289.35"
"A105330","케이엔더블유","12","0","KOSDAQ","-1.75","34.93","","35.55"
"A105550","엣지파운드리","12","0","KOSDAQ","-7.27","56.5","","60.93"
"A105560","KB금융","12","1","KOSPI","-0.63","13181.11","","13264.27"
"A105630","한세실업","12","1","KOSPI","-0.91","436","","440"
"A105740","디케이락","12","0","KOSDAQ","-2.98","60.59","","62.44"
"A105760","포스뱅크","12","0","외감","","","",""
"A105840","우진","12","0","KOSPI","-8.82","71.01","","77.88"
"A106080","케이이엠텍","12","0","KOSDAQ","0","49.17","","49.17"
"A106190","하이텍팜","12","0","KOSDAQ","-3.81","71.6","","74.43"
"A106240","파인테크닉스","12","0","KOSDAQ","-1.12","131.96","","133.46"
"A106520","노블엠앤비","12","0","KOSDAQ","-7.5","67.68","","73.17"
"A107590","미원홀딩스","12","0","KOSPI","-0.71","97.7","","98.4"
"A107600","새빗켐","12","0","외감","","","",""
"A107640","한중엔시에스","12","0","KONEX","0","15.18","","15.18"
"A108230","톱텍","12","0","KOSDAQ","0.27","701.53","","699.63"
"A108320","LX세미콘","12","0","KOSDAQ","-1.82","483.05","","492"
"A108380","대양전기공업","12","0","KOSDAQ","-0.47","102.37","","102.85"
"A108490","로보티즈","12","0","KOSDAQ","-0.75","104.52","","105.31"
"A108670","LX하우시스","12","1","KOSPI","-2.25","350.64","","358.71"
"A108860","셀바스AI","12","0","KOSDAQ","0","83.37","","83.37"
"A109070","주성코퍼레이션","12","0","KOSPI","0","14.72","","14.72"
"A109080","옵티시스","12","0","KOSDAQ","-2.43","33.99","","34.83"
"A109610","에스와이","12","0","KOSDAQ","-1.79","109.63","","111.63"
"A109670","씨싸이트","12","0","외감","","","",""
"A109740","디에스케이","12","0","KOSDAQ","-2.39","149.81","","153.47"
"A109820","진매트릭스","12","0","KOSDAQ","0","140.85","","140.85"
"A109860","동일금속","12","0","KOSDAQ","-0.93","74.2","","74.9"
"A109960","앱토크롬","12","0","KOSDAQ","-4.35","117.94","","123.3"
"A110020","전진바이오팜","12","0","KOSDAQ","-0.2","24.41","","24.46"
"A110790","크리스에프앤씨","12","0","KOSDAQ","-3.57","205.61","","213.22"
"A110990","디아이티","12","0","KOSDAQ","-3.28","133.62","","138.16"
"A111110","호전실업","12","0","KOSPI","-0.88","90.4","","91.2"
"A111380","동인기연","12","0","외감","","","",""
"A111710","남화산업","12","0","KOSDAQ","2.59","245","","238.82"
"A111770","영원무역","12","1","KOSPI","-1.49","1028.03","","1043.54"
"A112040","위메이드","12","0","KOSDAQ","-2.54","386.4","","396.48"
"A112290","와이씨켐","12","0","외감","","","",""
"A112610","씨에스윈드","12","0","KOSPI","-3.64","503.88","","522.89"
"A113810","디젠스","12","0","KOSDAQ","-1.81","15.96","","16.25"
"A114090","GKL","12","1","KOSPI","-3.58","915.46","","949.48"
"A114190","강원에너지","12","0","KOSDAQ","0","45.39","","45.39"
"A114450","그린생명과학","12","0","KOSDAQ","-4.75","84.15","","88.35"
"A114630","폴라리스우노","12","0","KOSDAQ","-5.12","42.76","","45.07"
"A114810","한솔아이원스","12","0","KOSDAQ","-0.96","68.96","","69.63"
"A114840","아이패밀리에스씨","12","0","외감","","","",""
"A115160","휴맥스","12","0","KOSDAQ","-1.3","81.42","","82.5"
"A115180","큐리언트","12","0","KOSDAQ","0.69","188.9","","187.61"
"A115310","인포바인","12","0","KOSDAQ","-0.51","62.1","","62.42"
"A115440","우리넷","12","0","KOSDAQ","-2.53","73.92","","75.84"
"A115450","HLB테라퓨틱스","12","0","KOSDAQ","-2.79","656.78","","675.65"
"A115480","씨유메디칼","12","0","KOSDAQ","9.26","55.49","","50.79"
"A115500","케이씨에스","12","0","KOSDAQ","-3.03","44.16","","45.54"
"A115530","씨엔플러스","12","0","KOSDAQ","0","50.42","","50.42"
"A115570","스타플렉스","12","0","KOSDAQ","16.56","46.79","","40.14"
"A115610","이미지스","12","0","KOSDAQ","-3.46","17.1","","17.72"
"A117580","대성에너지","12","0","KOSPI","-0.54","126.5","","127.19"
"A117670","알파칩스","12","0","KOSDAQ","2.93","100.49","","97.63"
"A117730","티로보틱스","12","0","KOSDAQ","-2.01","43.63","","44.52"
"A118000","메타케어","12","0","KOSPI","-4.96","89.4","","94.07"
"A118990","모트렉스","12","0","KOSDAQ","-4.35","126.1","","131.83"
"A119500","포메탈","12","0","KOSDAQ","6.49","29.14","","27.37"
"A119610","인터로조","12","0","KOSDAQ","-1.07","261.49","","264.33"
"A119650","KC코트렐","12","0","KOSPI","-4.69","58.11","","60.97"
"A119830","아이텍","12","0","KOSDAQ","-4.44","56.26","","58.87"
"A119850","지엔씨에너지","12","0","KOSDAQ","-0.76","64.12","","64.61"
"A120030","조선선재","12","0","KOSPI","-0.13","99.35","","99.48"
"A120110","코오롱인더","12","1","KOSPI","-2.7","776.99","","798.57"
"A120240","대정화금","12","0","KOSDAQ","-2.26","92.31","","94.44"
"A121440","골프존홀딩스","12","0","KOSDAQ","0.7","122.51","","121.66"
"A121600","나노신소재","12","0","KOSDAQ","-3.86","135.06","","140.49"
"A121800","비덴트","12","0","KOSDAQ","-3.1","191.37","","197.49"
"A121850","코이즈","12","0","KOSDAQ","-1.39","16.41","","16.64"
"A121890","에스디시스템","12","0","KOSDAQ","0","6.69","","6.69"
"A122310","제노레이","12","0","KOSDAQ","-3.83","120.51","","125.31"
"A122350","삼기","12","0","KOSDAQ","-2.82","59.4","","61.13"
"A122450","KX","12","0","KOSDAQ","-3.95","121.27","","126.26"
"A122640","예스티","12","0","KOSDAQ","-2.99","104.32","","107.55"
"A122690","서진오토모티브","12","0","KOSDAQ","-1.69","34.1","","34.69"
"A122870","와이지엔터테인먼트","12","0","KOSDAQ","-3.04","522.45","","538.83"
"A122900","아이마켓코리아","12","0","KOSPI","-4.13","342.18","","356.92"
"A122990","와이솔","12","0","KOSDAQ","-2.79","294.4","","302.85"
"A123010","알엔티엑스","12","0","KOSDAQ","0.84","41.57","","41.22"
"A123040","엠에스오토텍","12","0","KOSDAQ","2.03","189.62","","185.85"
"A123330","제닉","12","0","KOSDAQ","-4.21","25.52","","26.64"
"A123410","코리아에프티","12","0","KOSDAQ","-3.11","60.69","","62.64"
"A123420","위메이드플레이","12","0","KOSDAQ","-1.89","174.17","","177.52"
"A123570","이엠넷","12","0","KOSDAQ","-2.94","73.51","","75.74"
"A123690","한국화장품","12","0","KOSPI","-3.97","232.99","","242.63"
"A123700","SJM","12","0","KOSPI","-6.14","36.98","","39.4"
"A123750","알톤","12","0","KOSDAQ","3.37","23.45","","22.69"
"A123840","뉴온","12","0","KOSDAQ","-3.6","34.62","","35.92"
"A123860","아나패스","12","0","KOSDAQ","-0.88","171.66","","173.18"
"A123890","한국자산신탁","12","0","KOSPI","-2.01","271.51","","277.09"
"A124500","아이티센글로벌","12","0","KOSDAQ","-2.42","104.51","","107.1"
"A124560","태웅로직스","12","0","KOSDAQ","-2.71","75.9","","78.01"
"A125020","티씨머티리얼즈","12","0","외감","","","",""
"A125210","아모그린텍","12","0","KOSDAQ","11.24","228.48","","205.39"
"A125490","한라캐스트","12","0","외감","","","",""
"A126340","비나텍","12","0","KONEX","11.41","89.32","","80.17"
"A126560","현대퓨처넷","12","0","KOSPI","3.2","472.95","","458.28"
"A126600","BGF에코머티리얼즈","12","0","KOSDAQ","-0.71","59.44","","59.86"
"A126640","화신정공","12","0","KOSDAQ","-5.86","33.86","","35.97"
"A126700","하이비젼시스템","12","0","KOSDAQ","-0.71","126.11","","127.01"
"A126720","수산인더스트리","12","0","외감","","","",""
"A126730","코칩","12","0","외감","","","",""
"A126880","제이엔케이글로벌","12","0","KOSDAQ","1.81","100.76","","98.97"
"A127120","제이에스링크","12","0","KOSDAQ","-4.43","56.38","","58.99"
"A127710","아시아경제","12","0","KOSDAQ","-4.23","37.5","","39.16"
"A127980","화인써키트","12","0","외감","","","",""
"A128540","에코캡","12","0","KOSDAQ","-3.86","30.79","","32.03"
"A128660","피제이메탈","12","0","KOSDAQ","-1.28","47.99","","48.61"
"A128820","대성산업","12","0","KOSPI","-5.45","137.29","","145.21"
"A128940","한미약품","12","1","KOSPI","-1.71","3061.42","","3114.72"
"A129260","인터지스","12","0","KOSPI","-0.31","47.6","","47.75"
"A129890","앱코","12","0","외감","","","",""
"A129920","대성하이텍","12","0","외감","","","",""
"A130500","GH신소재","12","0","KOSDAQ","-4.66","40.48","","42.46"
"A130580","나이스디앤비","12","0","KOSDAQ","-2.54","124.28","","127.51"
"A130660","한전산업","12","0","KOSPI","-2.56","99.1","","101.71"
"A130740","티피씨글로벌","12","0","KOSDAQ","-2.05","19.77","","20.18"
"A131030","옵투스제약","12","0","KOSDAQ","-2.61","117.28","","120.43"
"A131090","시큐브","12","0","KOSDAQ","-1.48","53.2","","54"
"A131100","티엔엔터테인먼트","12","0","KOSDAQ","-0.94","76.98","","77.71"
"A131180","딜리","12","0","KOSDAQ","-2.36","42.56","","43.58"
"A131220","대한과학","12","0","KOSDAQ","-2.71","42.86","","44.06"
"A131290","티에스이","12","0","KOSDAQ","-3.77","127.21","","132.18"
"A131370","알서포트","12","0","KOSDAQ","3.09","284.45","","275.92"
"A131400","이브이첨단소재","12","0","KOSDAQ","-2.16","99.3","","101.49"
"A131760","파인텍","12","0","KOSDAQ","-4.08","60.52","","63.1"
"A131970","두산테스나","12","0","KOSDAQ","-2.31","376.75","","385.66"
"A133750","메가엠디","12","0","KOSDAQ","-6.8","88.69","","95.16"
"A133820","화인베스틸","12","0","KOSPI","-5.77","53.04","","56.29"
"A134060","이퓨쳐","12","0","KOSDAQ","-1.4","26.8","","27.18"
"A134380","미원화학","12","0","KOSPI","0","95.01","","95.01"
"A134580","탑코미디어","12","0","KOSDAQ","-0.27","20.7","","20.76"
"A134790","시디즈","12","0","KOSPI","-2.67","72.8","","74.8"
"A136150","원일티엔아이","12","0","외감","","","",""
"A136410","아셈스","12","0","외감","","","",""
"A136480","하림","12","0","KOSDAQ","-3.75","272.96","","283.58"
"A136490","선진","12","0","KOSPI","-0.55","170.5","","171.45"
"A136540","윈스테크넷","12","0","KOSDAQ","-2.34","177.24","","181.49"
"A137080","나래나노텍","12","0","외감","","","",""
"A137310","에스디바이오센서","12","0","외감","","","",""
"A137400","피엔티","12","0","KOSDAQ","-1.73","192.93","","196.32"
"A137940","넥스트아이","12","0","KOSDAQ","3.97","101.02","","97.17"
"A137950","제이씨케미칼","12","0","KOSDAQ","-3.23","99.72","","103.05"
"A138040","메리츠금융지주","12","0","KOSPI","-0.52","1340.54","","1347.56"
"A138070","신진에스엠","12","0","KOSDAQ","-0.47","38.4","","38.58"
"A138080","오이솔루션","12","0","KOSDAQ","-0.83","443.02","","446.74"
"A138360","앤로보틱스","12","0","KOSDAQ","0","122.16","","122.16"
"A138610","나이벡","12","0","KOSDAQ","-3.94","96.55","","100.52"
"A138930","BNK금융지주","12","1","KOSPI","-1.78","1530.27","","1557.97"
"A139130","iM금융지주","12","0","KOSPI","-1.92","822.05","","838.12"
"A139480","이마트","12","1","KOSPI","-3.07","3080.28","","3177.84"
"A139670","키네마스터","12","0","KOSDAQ","-0.46","146.3","","146.98"
"A139990","아주스틸","12","0","외감","","","",""
"A140070","서플러스글로벌","12","0","KOSDAQ","-2.34","61.77","","63.25"
"A140410","메지온","12","0","KOSDAQ","-3.22","1308.5","","1352.03"
"A140430","카티스","12","0","외감","","","",""
"A140520","대창스틸","12","0","KOSDAQ","0.75","40.1","","39.8"
"A140670","알에스오토메이션","12","0","KOSDAQ","-2.88","61.45","","63.27"
"A140860","파크시스템스","12","0","KOSDAQ","-0.14","243.61","","243.94"
"A141000","비아트론","12","0","KOSDAQ","-2.7","87.47","","89.89"
"A141080","리가켐바이오","12","0","KOSDAQ","0.39","560.61","","558.46"
"A142210","유니트론텍","12","0","KOSDAQ","6.98","56.35","","52.67"
"A142280","녹십자엠에스","12","0","KOSDAQ","3.77","150.99","","145.5"
"A142760","모아라이프플러스","12","0","KOSDAQ","-3.17","146.58","","151.37"
"A143160","아이디스","12","0","KOSDAQ","-3.65","198.25","","205.75"
"A143210","핸즈코퍼레이션","12","0","KOSPI","-2.27","132.05","","135.11"
"A143240","사람인","12","0","KOSDAQ","-2.45","301.39","","308.97"
"A143540","영우디에스피","12","0","KOSDAQ","-4.79","48.01","","50.42"
"A144510","지씨셀","12","0","KOSDAQ","-1.32","474.93","","481.26"
"A144960","뉴파워프라즈마","12","0","KOSDAQ","-5.13","129.74","","136.75"
"A145020","휴젤","12","0","KOSDAQ","-3","1663.54","","1714.95"
"A145170","노브랜드","12","0","외감","","","",""
"A145210","다이나믹디자인","12","0","KOSPI","0","177.61","","177.61"
"A145720","덴티움","12","0","KOSPI","-0.92","415.63","","419.51"
"A145990","삼양사","12","1","KOSPI","-2.48","365.1","","374.38"
"A146060","율촌","12","0","외감","","","",""
"A146320","비씨엔씨","12","0","외감","","","",""
"A147760","피엠티","12","0","KOSDAQ","-1","37.33","","37.71"
"A147830","제룡산업","12","0","KOSDAQ","-1.37","50.4","","51.1"
"A148150","세경하이테크","12","0","KOSDAQ","-2.8","303.27","","312.01"
"A148250","알엔투테크놀로지","12","0","KOSDAQ","0.98","72.48","","71.78"
"A148780","비큐AI","12","0","KONEX","-14.85","6.67","","7.83"
"A148930","에이치와이티씨","12","0","외감","","","",""
"A149950","아바텍","12","0","KOSDAQ","0.94","100.82","","99.89"
"A149980","하이로닉","12","0","KOSDAQ","0.25","56.4","","56.26"
"A150900","파수AI","12","0","KOSDAQ","-3.51","34.61","","35.88"
"A151860","KG에코솔루션","12","0","KOSDAQ","-6.78","148.5","","159.3"
"A153460","네이블","12","0","KOSDAQ","-0.99","32.58","","32.91"
"A153490","우리이앤엘하루틴","12","0","KOSDAQ","1.46","45.01","","44.36"
"A153710","옵티팜","12","0","KOSDAQ","-3.61","95.9","","99.49"
"A154030","아시아종묘","12","0","KOSDAQ","-5.18","45.52","","48.01"
"A154040","다산솔루에타","12","0","KOSDAQ","0.22","30.05","","29.98"
"A155650","와이엠씨","12","0","KOSDAQ","-1.72","182.57","","185.76"
"A155660","DSR","12","0","KOSPI","-0.81","58.72","","59.2"
"A156100","엘앤케이바이오","12","0","KOSDAQ","0","75.56","","75.56"
"A158430","아톤","12","0","KOSDAQ","-1.62","86.67","","88.1"
"A159010","아스플로","12","0","외감","","","",""
"A159580","제로투세븐","12","0","KOSDAQ","-2.99","162.46","","167.47"
"A159910","에코글로우","12","0","KOSDAQ","-4.91","41.73","","43.88"
"A160190","하이젠알앤엠","12","0","외감","","","",""
"A160550","NEW","12","0","KOSDAQ","-2.5","103.39","","106.04"
"A160980","싸이맥스","12","0","KOSDAQ","-3.21","98.86","","102.14"
"A161000","애경케미칼","12","0","KOSPI","-2.88","216.27","","222.68"
"A161390","한국타이어앤테크놀로지","12","1","KOSPI","-0.93","2638.54","","2663.31"
"A161580","필옵틱스","12","0","KOSDAQ","-2","174.92","","178.5"
"A161890","한국콜마","12","1","KOSPI","-1.4","970.16","","983.89"
"A162300","신스틸","12","0","외감","","","",""
"A163280","에어레인","12","0","외감","","","",""
"A163560","동일고무벨트","12","0","KOSPI","-1.52","60.54","","61.48"
"A163730","핑거","12","0","외감","","","",""
"A166090","하나머티리얼즈","12","0","KOSDAQ","-1","291.47","","294.42"
"A166480","코아스템켐온","12","0","KOSDAQ","-3.72","203.54","","211.4"
"A168330","내츄럴엔도텍","12","0","KOSDAQ","0","52.18","","52.18"
"A168360","펨트론","12","0","외감","","","",""
"A169330","엠브레인","6","0","외감","","","",""
"A170030","현대공업","12","0","KOSDAQ","-3.93","63.81","","66.42"
"A170790","파이오링크","12","0","KOSDAQ","-2.59","77.48","","79.53"
"A170900","동아에스티","12","1","KOSPI","-3.38","724.48","","749.82"
"A170920","엘티씨","12","0","KOSDAQ","-4.38","62.34","","65.2"
"A171010","램테크놀러지","12","0","KOSDAQ","-2.1","64.68","","66.07"
"A171090","선익시스템","12","0","KOSDAQ","0.42","64.07","","63.81"
"A171120","라이온켐텍","12","0","KOSDAQ","-0.14","132.73","","132.92"
"A172670","에이엘티","12","0","외감","","","",""
"A173130","오파스넷","12","0","KOSDAQ","-4.44","26.01","","27.22"
"A173940","에프엔씨엔터","12","0","KOSDAQ","-2.72","82.17","","84.47"
"A174900","앱클론","12","0","KOSDAQ","0.22","329.38","","328.66"
"A175140","아고스","12","0","KOSDAQ","-4.17","18.45","","19.25"
"A175250","아이큐어","12","0","KOSDAQ","0.83","156","","154.72"
"A175330","JB금융지주","12","0","KOSPI","-1.58","860.82","","874.6"
"A176750","듀켐바이오","12","0","KONEX","-5.65","50.32","","53.33"
"A177350","베셀","12","0","KOSDAQ","-4.81","27.7","","29.1"
"A177830","파버나인","12","0","KOSDAQ","2.8","49.59","","48.24"
"A177900","쓰리에이로직스","12","0","외감","","","",""
"A178320","서진시스템","12","0","KOSDAQ","-2.68","493.24","","506.82"
"A178780","일월지엠엘","12","0","KOSDAQ","-5.78","52.09","","55.28"
"A178920","PI첨단소재","12","0","KOSDAQ","0.47","947.06","","942.66"
"A179290","엠아이텍","12","0","KOSDAQ","5.38","104.2","","98.88"
"A179530","애드바이오텍","12","0","KONEX","2.39","24.69","","24.11"
"A179900","유티아이","12","0","KOSDAQ","0","222.9","","222.9"
"A180400","DXVX","12","0","KOSDAQ","0","171.5","","171.29"
"A180640","한진칼","12","0","KOSPI","0.62","4822.39","","4792.81"
"A181710","NHN","12","0","KOSPI","-0.82","1420.42","","1432.16"
"A182360","큐브엔터","12","0","KOSDAQ","0.42","95.93","","95.53"
"A182400","엔케이젠바이오텍코리아","12","0","KOSDAQ","-2.56","358.8","","368.25"
"A183190","아세아시멘트","12","0","KOSPI","-3.59","250.89","","260.24"
"A183300","코미코","12","0","KOSDAQ","-1.82","212.79","","216.74"
"A183490","엔지켐생명과학","12","0","KOSDAQ","-3.2","594.54","","614.2"
"A184230","SGA솔루션즈","12","0","KOSDAQ","-0.49","29.6","","29.74"
"A185490","아이진","12","0","KOSDAQ","-0.84","108.45","","109.37"
"A185750","종근당","12","1","KOSPI","-0.22","1000.39","","1002.57"
"A186230","그린플러스","12","0","KOSDAQ","-2.13","42.16","","43.08"
"A187220","디티앤씨","12","0","KOSDAQ","-2.46","60.67","","62.2"
"A187270","신화콘텍","12","0","KOSDAQ","-0.85","23.79","","23.99"
"A187420","HLB제넥스","12","0","KOSDAQ","-1.81","106.46","","108.43"
"A187660","페니트리움바이오","12","0","외감","","","",""
"A187790","나노","12","0","KOSDAQ","-3.32","37.54","","38.83"
"A187870","디바이스","12","0","KOSDAQ","-0.36","97.81","","98.16"
"A188040","바이오포트","12","0","외감","","","",""
"A188260","세니젠","12","0","외감","","","",""
"A189300","인텔리안테크","12","0","KOSDAQ","-3.63","160.24","","166.27"
"A189330","씨이랩","12","0","KONEX","0","46.98","","46.98"
"A189690","포시에스","6","0","KOSDAQ","-3.35","45.47","","47.05"
"A189860","서전기전","12","0","KOSDAQ","-4.91","30.99","","32.59"
"A189980","흥국에프엔비","12","0","KOSDAQ","-4.39","51.94","","54.33"
"A190510","나무가","12","0","KOSDAQ","-3.36","98.94","","102.38"
"A190650","코리아에셋투자증권","3","0","KOSDAQ","0.33","39.22","","39.09"
"A191410","육일씨엔에쓰","12","0","KOSDAQ","-10.32","26.45","","29.49"
"A191420","테고사이언스","12","0","KOSDAQ","-5.29","144.73","","152.82"
"A192080","더블유게임즈","12","0","KOSPI","0","973.55","","973.55"
"A192250","케이사인","12","0","KOSDAQ","-3.51","71.14","","73.73"
"A192390","윈하이텍","12","0","KOSDAQ","-0.22","24.08","","24.14"
"A192400","쿠쿠홀딩스","12","1","KOSPI","-2.65","601.71","","618.07"
"A192410","오늘이엔엠","12","0","KOSDAQ","0","9.97","","9.97"
"A192440","슈피겐코리아","12","0","KOSDAQ","-2.81","236.84","","243.68"
"A192650","드림텍","12","0","KOSPI","8.21","363.79","","336.19"
"A192820","코스맥스","12","1","KOSPI","-1.86","848.18","","864.26"
"A193250","링크드","12","0","KOSDAQ","-2.27","81.76","","83.66"
"A194370","제이에스코퍼레이션","12","0","KOSPI","-2.11","99.22","","101.35"
"A194480","데브시스터즈","12","0","KOSDAQ","0","75.18","","75.18"
"A194700","노바렉스","12","0","KOSDAQ","-0.6","222.84","","224.19"
"A195500","마니커에프앤지","12","0","KOSDAQ","-3.47","80.84","","83.75"
"A195870","해성디에스","12","0","KOSPI","-4.12","237.15","","247.35"
"A195940","HK이노엔","12","0","외감","","","",""
"A195990","루트K","12","0","KOSDAQ","-5.7","112.23","","119.01"
"A196170","알테오젠","12","0","KOSDAQ","2.18","1300.74","","1272.94"
"A196300","HLB펩","12","0","KOSDAQ","-3.32","40.88","","42.29"
"A196450","코아시아씨엠","12","0","KOSDAQ","-1.22","65.81","","66.63"
"A196490","디에이테크놀로지","12","0","KOSDAQ","-5.62","57.02","","60.42"
"A196700","웹스","12","0","KOSDAQ","-2.39","19.59","","20.07"
"A197140","디지캡","12","0","KOSDAQ","2.59","30.82","","30.04"
"A198080","캐프","12","0","KOSDAQ","-4.73","99.71","","104.66"
"A198440","강동씨앤엘","12","0","KOSDAQ","-3.84","84.11","","87.47"
"A198940","한주라이트메탈","12","0","외감","","","",""
"A199430","케이엔알시스템","12","0","외감","","","",""
"A199480","뱅크웨어글로벌","12","0","외감","","","",""
"A199550","레이저옵텍","12","0","외감","","","",""
"A199730","바이오인프라","12","0","외감","","","",""
"A199800","툴젠","12","0","KONEX","0.38","256.79","","255.81"
"A199820","제일일렉트릭","12","0","외감","","","",""
"A200130","콜마비앤에이치","12","0","KOSDAQ","-1.79","812.45","","827.22"
"A200230","텔콘RF제약","12","0","KOSDAQ","1.67","467.87","","460.18"
"A200350","아티스트스튜디오","12","0","KONEX","0","26.38","","26.38"
"A200470","에이팩트","12","0","KOSDAQ","-3.36","100.93","","104.44"
"A200670","휴메딕스","12","0","KOSDAQ","-6.87","195.93","","210.39"
"A200710","에이디테크놀로지","12","0","KOSDAQ","-4.17","233.85","","244.04"
"A200780","비씨월드제약","12","0","KOSDAQ","10.85","210.57","","189.96"
"A200880","서연이화","12","0","KOSPI","-3.18","86.36","","89.19"
"A201490","미투온","12","0","KOSDAQ","-3.24","177.23","","183.17"
"A203400","에이비온","12","0","KONEX","-3.4","88.1","","91.21"
"A203450","유니온바이오메트릭스","12","0","KOSDAQ","-2.17","36.48","","37.28"
"A203650","드림시큐리티","12","0","KOSDAQ","0.43","118.92","","118.42"
"A203690","아크솔루션스","12","0","KOSDAQ","-5.6","200.17","","212.05"
"A204020","그리티","12","0","KOSDAQ","-1.92","46.34","","47.25"
"A204270","제이앤티씨","12","0","KOSDAQ","-6.17","616.09","","656.58"
"A204320","HL만도","12","1","KOSPI","-3.75","1143.41","","1188.02"
"A204610","티쓰리","12","0","외감","","","",""
"A204620","글로벌텍스프리","12","0","KOSDAQ","-3.95","113.25","","117.91"
"A204840","지엘팜텍","12","0","KOSDAQ","-2.02","36.78","","37.53"
"A205100","엑셈","12","0","KOSDAQ","0","107.92","","107.92"
"A205470","휴마시스","12","0","KOSDAQ","8.87","87.51","","80.38"
"A205500","넥써쓰","12","0","KOSDAQ","-3.23","49.6","","51.25"
"A206400","베노티앤알","12","0","KOSDAQ","-1.88","65.4","","66.65"
"A206560","덱스터","12","0","KOSDAQ","-2.46","140.68","","144.23"
"A206640","바디텍메드","12","0","KOSDAQ","-3.63","467.02","","484.63"
"A206650","유바이오로직스","12","0","KOSDAQ","-2.98","174.42","","179.78"
"A207760","미스터블루","12","0","KOSDAQ","-2.04","188.52","","192.44"
"A207940","삼성바이오로직스","12","1","KOSPI","2.3","38309.54","","37449.39"
"A208140","정다운","12","0","KOSDAQ","-3.36","44.24","","45.78"
"A208350","지란지교시큐리티","12","0","KOSDAQ","-1.49","41.05","","41.67"
"A208370","셀바스헬스케어","12","0","KOSDAQ","-4.71","52.65","","55.25"
"A208640","썸에이지","12","0","KOSDAQ","-2.12","74.83","","76.45"
"A208710","포톤","12","0","KOSDAQ","-4.32","41.57","","43.45"
"A208860","다산디엠씨","12","0","KOSDAQ","0","33.96","","33.96"
"A209640","와이제이링크","12","0","외감","","","",""
"A210120","캔버스엔","12","0","KONEX","0","6.15","","6.15"
"A210540","디와이파워","12","0","KOSPI","-4.01","84.58","","88.11"
"A210980","SK디앤디","12","0","KOSPI","-4.19","433.93","","452.92"
"A211050","인카금융서비스","12","0","KONEX","-2.08","17.95","","18.34"
"A211270","AP위성","12","0","KOSDAQ","-3.1","93.84","","96.85"
"A212560","네오오토","12","0","KOSDAQ","-2.56","28.47","","29.22"
"A212710","아이에스티이","12","0","외감","","","",""
"A213420","덕산네오룩스","12","0","KOSDAQ","-2.05","686.69","","701.09"
"A213500","한솔제지","12","0","KOSPI","-0.37","317.74","","318.93"
"A214150","클래시스","12","0","KOSDAQ","-1.4","682.68","","692.39"
"A214180","헥토이노베이션","12","0","KOSDAQ","-1.7","183.9","","187.07"
"A214260","라파스","12","0","KOSDAQ","-2.11","116.39","","118.89"
"A214270","FSN","12","0","KOSDAQ","-6.19","104.88","","111.81"
"A214320","이노션","12","1","KOSPI","-5.82","1166","","1238"
"A214330","금호에이치티","12","0","KOSPI","-0.14","90.88","","91.01"
"A214370","케어젠","12","0","KOSDAQ","0","821.84","","821.84"
"A214390","경보제약","12","0","KOSPI","-2.87","177.87","","183.13"
"A214420","토니모리","12","0","KOSPI","-2.94","203.74","","209.92"
"A214430","아이쓰리시스템","12","0","KOSDAQ","1.08","133.25","","131.83"
"A214450","파마리서치","12","0","KOSDAQ","0.25","387.03","","386.07"
"A214610","롤링스톤","12","0","KONEX","-0.84","128.17","","126.78"
"A214680","디알텍","12","0","KOSDAQ","-0.89","84.49","","85.25"
"A215000","골프존","12","0","KOSDAQ","-2.57","273.92","","281.14"
"A215090","솔디펜스","12","0","KOSDAQ","-0.76","34.12","","34.38"
"A215100","로보로보","12","0","KOSDAQ","-3.39","63.45","","65.68"
"A215200","메가스터디교육","12","0","KOSDAQ","0.38","465.78","","464.01"
"A215360","우리산업","12","0","KOSDAQ","-3.52","162.55","","168.49"
"A215380","콜마바이오텍","12","0","KOSDAQ","-5.05","75.5","","79.52"
"A215480","토박스코리아","12","0","KOSDAQ","-5.68","44.2","","46.86"
"A215600","신라젠","12","0","KOSDAQ","-0.38","938.18","","941.77"
"A215790","이노인스트루먼트","12","0","KOSDAQ","-18.57","50.71","","62.27"
"A216050","인크로스","12","0","KOSDAQ","2.4","171.61","","167.58"
"A216080","제테마","12","0","KOSDAQ","-7.17","226.52","","244.01"
"A217190","제너셈","12","0","KOSDAQ","-3.6","25.83","","26.79"
"A217270","넵튠","12","0","KOSDAQ","1.72","138.12","","135.78"
"A217330","싸이토젠","12","0","KOSDAQ","-4","51.44","","53.58"
"A217480","에스디생명공학","12","0","KOSDAQ","-4.9","91.34","","96.05"
"A217500","러셀","12","0","KOSDAQ","-3.98","49.94","","52.01"
"A217590","티엠씨","12","0","외감","","","",""
"A217730","강스템바이오텍","12","0","KOSDAQ","-6.34","173.5","","185.25"
"A217820","원익피앤이","12","0","KOSDAQ","-2.54","63.9","","65.56"
"A218150","미래생명자원","12","0","KOSDAQ","-2.48","47.71","","48.92"
"A218410","RFHIC","12","0","KOSDAQ","-1.68","977.75","","994.45"
"A219130","타이거일렉","12","0","KOSDAQ","-3.7","36.18","","37.57"
"A219420","링크제니시스","12","0","KOSDAQ","-2.97","65.3","","67.3"
"A219550","디와이디","12","0","KOSDAQ","0","47.4","","47.4"
"A219750","한국비티비","12","0","KOSDAQ","-0.13","45.88","","45.94"
"A220100","퓨쳐켐","12","0","KOSDAQ","-6.02","59","","62.78"
"A220180","폴라리스AI핸디","12","0","KOSDAQ","-9.56","66.06","","73.04"
"A220260","켐트로스","12","0","KOSDAQ","-4.49","58.83","","61.6"
"A221800","지구홀딩스","12","0","KONEX","0","17.67","","17.67"
"A221840","하이즈항공","12","0","KOSDAQ","-3.38","65.74","","68.04"
"A221980","케이디켐","12","0","KOSDAQ","-1.35","44.18","","44.79"
"A222040","코스맥스엔비티","12","0","KOSDAQ","-3.5","99.53","","103.14"
"A222080","SFA넥셀","12","0","KOSDAQ","-2.25","220.26","","225.33"
"A222110","팬젠","12","0","KOSDAQ","-2.88","74.72","","76.94"
"A222160","NPX","12","0","KONEX","0","10.15","","10.15"
"A222420","쎄노텍","12","0","KOSDAQ","-2.1","56.22","","57.43"
"A222800","심텍","12","0","KOSDAQ","-1.04","216.84","","219.11"
"A222980","한국맥널티","12","0","KOSDAQ","-3.58","45.62","","47.31"
"A223250","드림씨아이에스","12","0","외감","","","",""
"A223310","사토시홀딩스","12","0","KOSDAQ","0","26.95","","26.95"
"A224060","더코디","12","0","KOSDAQ","-5.11","53.81","","56.7"
"A224110","에이텍모빌리티","12","0","KOSDAQ","-4.42","45.02","","47.1"
"A225190","LK삼양","12","0","KOSDAQ","-2.78","105.95","","108.97"
"A225220","제놀루션","12","0","KONEX","-2.78","45.38","","46.68"
"A225430","케이엠제약","12","0","KOSDAQ","-5.09","67.8","","71.43"
"A225530","HC보광산업","12","0","KOSDAQ","-1.08","165.21","","167.01"
"A225570","넥슨게임즈","12","0","KOSDAQ","-0.98","203.03","","205.04"
"A225590","패션플랫폼","12","0","KOSDAQ","-5","24.8","","26.1"
"A226320","잇츠한불","12","0","KOSPI","-3.3","321.26","","332.23"
"A226330","신테카바이오","12","0","KOSDAQ","-3.83","132.4","","137.66"
"A226340","본느","12","0","KOSDAQ","-1.66","90.87","","92.41"
"A226400","오스테오닉","12","0","KOSDAQ","0","25.88","","25.88"
"A226590","엠디바이스","12","0","외감","","","",""
"A226950","올릭스","12","0","KOSDAQ","-2.41","225.44","","231.01"
"A227100","프로브잇","12","0","KOSDAQ","-3.87","17.16","","17.85"
"A227610","아우딘퓨쳐스","12","0","KOSDAQ","-1.75","56","","57"
"A227840","현대코퍼레이션홀딩스","12","0","KOSPI","-3.86","86.18","","89.64"
"A227950","엔투텍","12","0","KOSDAQ","-1.7","65.32","","66.45"
"A228340","동양파일","12","0","KOSDAQ","8.73","59.8","","55"
"A228670","레이","12","0","KOSDAQ","-3","247.5","","255.15"
"A228760","지노믹트리","12","0","KOSDAQ","-1.91","410.72","","418.71"
"A228850","레이언스","12","0","KOSDAQ","0.79","212.36","","210.71"
"A229000","젠큐릭스","12","0","KONEX","2.33","94.91","","92.75"
"A229640","LS에코에너지","12","0","KOSPI","0.57","215.91","","214.68"
"A230240","에치에프알","12","0","KOSDAQ","2.17","450.52","","440.94"
"A230360","에코마케팅","12","0","KOSDAQ","2.24","480.3","","469.77"
"A232140","와이씨","12","0","KOSDAQ","-1.82","188.33","","191.82"
"A232680","라온로보틱스","12","0","KONEX","-12.6","16.98","","19.43"
"A232830","아이티센피엔에스","12","0","KONEX","-9.8","14.34","","15.9"
"A234030","싸이닉솔루션","12","0","외감","","","",""
"A234080","JW생명과학","12","0","KOSPI","-2.79","248.6","","255.73"
"A234100","폴라리스세원","12","0","KOSDAQ","-0.2","56.74","","56.85"
"A234300","에스트래픽","12","0","KOSDAQ","-4.41","67.24","","70.33"
"A234340","헥토파이낸셜","12","0","KOSDAQ","-4.04","231.21","","240.94"
"A234690","녹십자웰빙","12","0","KOSDAQ","-1.52","160.84","","163.32"
"A234920","자이글","12","0","KOSDAQ","-1.88","46.01","","46.88"
"A235980","메드팩토","12","0","KOSDAQ","1.19","599.96","","592.88"
"A236200","슈프리마","12","0","KOSDAQ","5.91","251.4","","237.38"
"A236810","엔비티","12","0","외감","","","",""
"A237690","에스티팜","12","0","KOSDAQ","7.57","689.34","","640.83"
"A237750","피앤씨테크","12","0","KOSDAQ","-1.52","29.43","","29.88"
"A237820","플레이디","12","0","KOSDAQ","-1.47","94.54","","95.95"
"A237880","클리오","12","0","KOSDAQ","2.07","376.69","","369.05"
"A238090","앤디포스","12","0","KOSDAQ","0","202.58","","202.58"
"A238120","얼라인드","12","0","KOSDAQ","-1.38","51.22","","51.94"
"A238200","비피도","12","0","KOSDAQ","-5.62","78.94","","83.64"
"A238490","힘스","12","0","KOSDAQ","-0.85","98.7","","99.55"
"A239340","이스트에이드","12","0","KOSDAQ","-3.14","107.42","","110.9"
"A239610","에이치엘사이언스","12","0","KOSDAQ","-2.1","264.31","","269.96"
"A239890","피엔에이치테크","12","0","KONEX","0","28.43","","28.43"
"A240550","동방메디컬","12","0","외감","","","",""
"A240600","유진테크놀로지","12","0","외감","","","",""
"A240810","원익IPS","12","0","KOSDAQ","0.53","1408.71","","1401.35"
"A241520","DSC인베스트먼트","12","0","KOSDAQ","-1.88","52.29","","53.29"
"A241560","두산밥캣","12","1","KOSPI","-1.81","2451.09","","2496.2"
"A241590","화승엔터프라이즈","12","0","KOSPI","-4.42","720.39","","753.68"
"A241690","유니테크노","12","0","KOSDAQ","-0.43","110.81","","111.28"
"A241710","코스메카코리아","12","0","KOSDAQ","-2.9","107.33","","110.54"
"A241770","메카로","12","0","KOSDAQ","-2.27","108.59","","111.11"
"A241790","티이엠씨씨엔에스","12","0","KOSDAQ","-2.3","89.22","","91.32"
"A241820","피씨엘","12","0","KOSDAQ","-7.23","152.93","","164.84"
"A241840","에이스토리","12","0","KOSDAQ","-3.95","74.73","","77.81"
"A242040","나무에이엑스","12","0","KOSDAQ","-2.81","121.07","","124.56"
"A243070","휴온스","12","0","KOSDAQ","-1.9","458.47","","467.36"
"A243840","신흥에스이씨","12","0","KOSDAQ","-2.36","208.39","","213.43"
"A244460","올리패스","12","0","KOSDAQ","-1.91","205.2","","209.19"
"A244920","에이플러스에셋","12","0","외감","","","",""
"A245620","EDGC","12","0","KOSDAQ","4.32","567.92","","544.4"
"A246250","에스엘에스바이오","12","0","KONEX","0","57.36","","57.36"
"A246690","TS인베스트먼트","12","0","KOSDAQ","9.2","62.55","","57.29"
"A246710","티앤알바이오팹","12","0","KOSDAQ","-8.57","80.36","","87.89"
"A246720","아스타","12","0","KOSDAQ","-1.9","47.42","","48.34"
"A246960","SCL사이언스","12","0","KOSDAQ","-3.55","39.8","","41.26"
"A247540","에코프로비엠","12","0","KOSDAQ","-1.34","1517.03","","1537.59"
"A247660","나노씨엠에스","12","0","외감","","","",""
"A248070","솔루엠","12","0","외감","","","",""
"A248170","샘표식품","12","0","KOSPI","-2.1","127.91","","130.65"
"A249420","일동제약","12","0","KOSPI","-2.68","302.3","","310.63"
"A250000","보라티알","12","0","KOSDAQ","-2.72","45.84","","47.12"
"A250060","모비스","12","0","KOSDAQ","-3.3","70.78","","73.19"
"A250930","예선테크","12","0","KOSDAQ","-2.02","64.02","","65.34"
"A251120","바이오에프디엔씨","12","0","외감","","","",""
"A251270","넷마블","12","1","KOSPI","-1.91","7935.76","","8090.19"
"A251370","와이엠티","12","0","KOSDAQ","-3.54","161.43","","167.36"
"A251630","브이원텍","12","0","KOSDAQ","-2.93","99.63","","102.64"
"A251970","펌텍코리아","12","0","KOSDAQ","-4.07","175.46","","182.9"
"A252500","세화피앤씨","12","0","KOSDAQ","-2.26","53.72","","54.97"
"A252990","샘씨엔에스","12","0","외감","","","",""
"A253450","스튜디오드래곤","12","0","KOSDAQ","-2.71","2216.8","","2278.62"
"A253590","네오셈","12","0","KOSDAQ","0","52.55","","52.55"
"A253840","수젠텍","12","0","KOSDAQ","-10.36","282.21","","314.83"
"A254120","자비스","12","0","KOSDAQ","-4.6","31.55","","33.07"
"A254490","미래반도체","12","0","외감","","","",""
"A255220","SG","12","0","KOSDAQ","8.84","72.34","","66.46"
"A255440","야스","12","0","KOSDAQ","-4.69","159.31","","167.14"
"A256150","한독크린텍","12","0","KOSDAQ","0.3","67.95","","67.75"
"A256630","포인트엔지니어링","12","0","KOSDAQ","-1.31","149.12","","151.1"
"A256840","한국비엔씨","12","0","KOSDAQ","-6.15","100.17","","106.74"
"A256940","킵스파마","12","0","KOSDAQ","1.33","163.5","","161.35"
"A257370","피엔티엠에스","12","0","KOSDAQ","-4.64","71.98","","75.48"
"A257720","실리콘투","12","0","외감","","","",""
"A258610","케일럼","12","0","KOSDAQ","-21.79","128.5","","164.29"
"A258790","소프트캠프","12","0","KOSDAQ","-3.05","38.48","","39.69"
"A258830","세종메디칼","12","0","KOSDAQ","-3.39","48.26","","49.95"
"A259630","엠플러스","12","0","KOSDAQ","-2.12","95.57","","97.64"
"A259960","크래프톤","12","0","외감","","","",""
"A260660","알리코제약","12","0","KOSDAQ","5.35","125.63","","119.25"
"A260930","씨티케이","12","0","KOSDAQ","-3.82","127.54","","132.6"
"A260970","에스앤디","12","0","KONEX","-8.61","31.28","","34.22"
"A261200","덴티스","12","0","KOSDAQ","-1.98","8.46","","8.63"
"A261520","이지스","12","0","외감","","","",""
"A261780","아리바이오랩","12","0","외감","","","",""
"A262260","에이프로","12","0","외감","","","",""
"A262840","아이퀘스트","12","0","외감","","","",""
"A263020","디케이앤디","12","0","KOSDAQ","0","37.65","","37.65"
"A263050","유틸렉스","12","0","KOSDAQ","-0.91","482.6","","487.06"
"A263600","덕우전자","12","0","KOSDAQ","-1.69","111.35","","113.26"
"A263690","디알젬","12","0","KOSDAQ","3.35","139.87","","135.34"
"A263700","케어랩스","12","0","KOSDAQ","-0.57","112.52","","113.16"
"A263720","디앤씨미디어","12","0","KOSDAQ","0.69","268.21","","266.37"
"A263750","펄어비스","12","0","KOSDAQ","-0.66","2572.81","","2589.81"
"A263770","유에스티","12","0","KOSDAQ","-4.61","73.59","","77.14"
"A263800","데이타솔루션","12","0","KOSDAQ","-3.94","55.74","","58.03"
"A263810","상신전자","12","0","KOSDAQ","-0.18","38.6","","38.67"
"A263860","지니언스","12","0","KOSDAQ","-2.98","39.95","","41.18"
"A263920","휴엠앤씨","12","0","KOSDAQ","-7.28","54.44","","58.72"
"A264450","유비쿼스","12","0","KOSDAQ","1.19","151.93","","150.13"
"A264660","씨앤지하이테크","12","0","KOSDAQ","-1.07","62.37","","63.04"
"A264850","이랜시스","12","0","KOSDAQ","-0.83","48.69","","49.1"
"A264900","크라운제과","12","0","KOSPI","-1.82","94.68","","96.43"
"A265520","AP시스템","12","0","KOSDAQ","-1.35","370.69","","375.76"
"A265560","영화테크","12","0","KOSDAQ","-1.2","48.21","","48.8"
"A265740","엔에프씨","12","0","외감","","","",""
"A267250","HD현대","12","1","KOSPI","-3.23","3656.35","","3778.5"
"A267260","HD현대일렉트릭","12","0","KOSPI","4.55","289.82","","277.2"
"A267270","HD건설기계","12","0","KOSPI","-2.73","350.67","","360.52"
"A267290","경동도시가스","12","0","KOSPI","-0.29","100.81","","101.11"
"A267320","나인테크","12","0","KOSDAQ","-2.8","7.68","","7.9"
"A267790","배럴","12","0","KOSDAQ","-3.02","72.86","","75.13"
"A267850","아시아나IDT","12","0","KOSPI","1.03","163.73","","162.06"
"A267980","매일유업","12","0","KOSDAQ","2.09","613.37","","600.82"
"A268280","미원에스씨","12","0","KOSPI","-0.8","391.93","","395.09"
"A269620","시스웍","12","0","KOSDAQ","-4.13","35.55","","37.08"
"A270520","앱튼","12","0","KOSDAQ","-1.87","38.64","","39.38"
"A270660","에브리봇","12","0","KONEX","-0.13","8.98","","8.99"
"A270870","뉴트리","12","0","KOSDAQ","7.98","184.18","","170.57"
"A271560","오리온","12","1","KOSPI","-1.75","4447.81","","4526.89"
"A271830","팸텍","12","0","외감","","","",""
"A271940","일진하이솔루스","12","0","외감","","","",""
"A271980","제일약품","12","0","KOSPI","-2.26","382.33","","391.15"
"A272110","케이엔제이","12","0","KOSDAQ","-1.38","40.54","","41.11"
"A272210","한화시스템","12","0","KOSPI","1.59","913.81","","899.48"
"A272290","이녹스첨단소재","12","0","KOSDAQ","-1.86","340.68","","347.14"
"A272450","진에어","12","0","KOSPI","-3.6","321","","333"
"A272550","삼양패키징","12","0","KOSPI","0","221.67","","221.67"
"A273060","와이즈버즈","12","0","KOSDAQ","-1.21","15.32","","15.51"
"A273640","와이엠텍","12","0","외감","","","",""
"A274090","켄코아에어로스페이스","12","0","KOSDAQ","-2.42","72.53","","74.33"
"A274400","이노시뮬레이션","12","0","외감","","","",""
"A275630","에스에스알","12","0","KOSDAQ","-2.53","28.97","","29.73"
"A276040","스코넥","12","0","외감","","","",""
"A276730","한울앤제주","12","0","외감","","","",""
"A277070","린드먼아시아","12","0","KOSDAQ","-3.82","44.15","","45.9"
"A277410","인산가","12","0","KOSDAQ","0","38.7","","38.7"
"A277810","레인보우로보틱스","12","0","외감","","","",""
"A277880","티에스아이","12","0","KONEX","-3.11","121.52","","125.42"
"A278280","천보","12","0","KOSDAQ","-0.48","617","","620"
"A278470","에이피알","12","0","외감","","","",""
"A278650","HLB바이오스텝","12","0","KOSDAQ","-6.82","136.11","","146.06"
"A279570","케이뱅크","12","0","외감","","","",""
"A279600","미디어젠","12","0","KOSDAQ","-4.16","18.72","","19.53"
"A280360","롯데웰푸드","12","0","KOSPI","-1.67","757.17","","770.01"
"A281740","레이크머티리얼즈","12","0","KOSDAQ","-2.35","95.64","","97.94"
"A281820","케이씨텍","12","0","KOSPI","-1.98","343.22","","350.16"
"A282330","BGF리테일","12","1","KOSPI","-1.72","2471.6","","2514.81"
"A282720","금양그린파워","12","0","외감","","","",""
"A282880","코윈테크","12","0","KOSDAQ","-0.76","241.46","","243.31"
"A284620","카이노스메드","12","0","KOSDAQ","0.18","15.34","","15.31"
"A284740","쿠쿠홈시스","12","0","KOSPI","-3.79","769.6","","799.89"
"A285130","SK케미칼","12","1","KOSPI","-1.89","912.31","","929.92"
"A285490","노바텍","12","0","KOSDAQ","-1.59","62.2","","63.21"
"A285800","진영","12","0","외감","","","",""
"A286750","나노실리칸첨단소재","12","0","KOSDAQ","-1.01","40.36","","40.77"
"A286940","롯데이노베이트","12","0","KOSPI","-2.03","481.91","","491.91"
"A287840","인투셀","12","0","외감","","","",""
"A288180","케이피항공산업","12","0","외감","","","",""
"A288330","파라택시스코리아","12","0","KOSDAQ","-2.52","233.62","","239.66"
"A288620","에스프리즘","12","0","KOSDAQ","-3.13","106.84","","110.29"
"A288980","모아데이타","12","0","외감","","","",""
"A289010","아이스크림에듀","12","0","KOSDAQ","-7.51","126.71","","137"
"A289080","SV인베스트먼트","3","0","KOSDAQ","-6.03","182.59","","194.3"
"A289220","자이언트스텝","12","0","외감","","","",""
"A289930","웨이비스","12","0","외감","","","",""
"A290090","트윔","12","0","외감","","","",""
"A290120","DH오토리드","12","0","KOSDAQ","-3","73.79","","76.08"
"A290270","휴네시온","12","0","KOSDAQ","-1.24","38.14","","38.62"
"A290520","신도기연","12","0","외감","","","",""
"A290550","디케이티","12","0","KOSDAQ","-3","74.58","","76.88"
"A290560","파라택시스이더리움","12","0","외감","","","",""
"A290650","엘앤씨바이오","12","0","KOSDAQ","1.85","485.72","","476.88"
"A290660","다이나믹솔루션","12","0","KOSDAQ","-1.9","49.46","","50.43"
"A290670","대보마그네틱","12","0","KOSDAQ","-1.82","160.79","","163.77"
"A290690","아리바이오홀딩스","12","0","외감","","","",""
"A290720","푸드나무","12","0","KOSDAQ","1.47","140.54","","138.5"
"A290740","액트로","12","0","KOSDAQ","-3.65","92.78","","96.29"
"A291230","엔피","12","0","KOSDAQ","-0.5","15.14","","15.21"
"A291650","압타머사이언스","12","0","외감","","","",""
"A291810","핀텔","12","0","외감","","","",""
"A293480","하나제약","12","0","KOSPI","-1.54","362.88","","368.55"
"A293490","카카오게임즈","12","0","외감","","","",""
"A293580","나우IB","12","0","KOSDAQ","10.27","51.38","","46.59"
"A293780","압타바이오","12","0","KOSDAQ","-4.18","252.27","","263.29"
"A294090","이오플로우","12","0","외감","","","",""
"A294140","레몬","12","0","KOSDAQ","-2.68","501.98","","515.77"
"A294570","쿠콘","12","0","외감","","","",""
"A294630","서남","12","0","KOSDAQ","-6.06","64.76","","68.94"
"A294870","IPARK현대산업개발","12","1","KOSPI","-1.83","1235.76","","1258.83"
"A295310","에이치브이엠","12","0","외감","","","",""
"A296640","이노에이엑스","12","0","외감","","","",""
"A297090","씨에스베어링","12","0","KOSDAQ","-1.77","57.71","","58.76"
"A297570","아틀라스링크","12","0","KOSDAQ","-6.85","29.46","","31.63"
"A297890","HB솔루션","12","0","외감","","","",""
"A298000","효성화학","12","0","KOSPI","3.1","328.58","","318.69"
"A298020","효성티앤씨","12","0","KOSPI","-0.42","512.83","","514.99"
"A298040","효성중공업","12","1","KOSPI","-4.6","154.79","","162.25"
"A298050","HS효성첨단소재","12","0","KOSPI","-1.75","327.48","","333.31"
"A298060","풍전약품","12","0","외감","","","",""
"A298380","에이비엘바이오","12","0","KOSDAQ","-3.87","804.68","","837.06"
"A298540","더네이쳐홀딩스","12","0","외감","","","",""
"A298690","에어부산","12","0","KOSPI","0.13","202.03","","201.77"
"A298830","슈어소프트테크","12","0","외감","","","",""
"A299030","하나기술","12","0","외감","","","",""
"A299170","더블유에스아이","12","0","KOSDAQ","-0.25","8.77","","8.79"
"A299660","셀리드","12","0","KOSDAQ","-4.57","201.66","","211.31"
"A299900","위지윅스튜디오","12","0","KOSDAQ","1.43","134.15","","132.26"
"A300080","플리토","12","0","KOSDAQ","-4.33","50.33","","52.62"
"A300120","라온피플","12","0","KOSDAQ","-4.21","176.1","","183.85"
"A300720","한일시멘트","12","0","KOSPI","-2.11","346.93","","354.39"
"A301300","바이브컴퍼니","12","0","외감","","","",""
"A302430","이노메트리","12","0","KOSDAQ","0.38","125.94","","125.45"
"A302440","SK바이오사이언스","12","0","외감","","","",""
"A302550","리메드","12","0","KOSDAQ","-0.64","139.5","","140.4"
"A303030","지니틱스","12","0","KOSDAQ","-1.7","82.04","","83.46"
"A303360","프로티아","12","0","KONEX","10.08","68.92","","62.61"
"A303530","이노뎁","12","0","외감","","","",""
"A303810","동국생명과학","12","0","외감","","","",""
"A304100","솔트룩스","12","0","외감","","","",""
"A304360","에스바이오메딕스","12","0","외감","","","",""
"A304840","피플바이오","12","0","외감","","","",""
"A305090","마이크로디지탈","12","0","KOSDAQ","-2.18","57","","58.27"
"A306040","에스제이그룹","12","0","KOSDAQ","1.39","144.3","","142.33"
"A306200","세아제강","12","0","KOSPI","-1.73","112.6","","114.59"
"A306620","지아이에스","12","0","KOSDAQ","-2.83","60.61","","62.37"
"A307180","아이엘","12","0","KOSDAQ","-2.96","35.38","","36.46"
"A307280","원바이오젠","12","0","KOSDAQ","0.25","7.57","","7.55"
"A307750","국전","12","0","KOSDAQ","0","10.07","","10.07"
"A307870","비투엔","12","0","KOSDAQ","0.5","9.55","","9.5"
"A307930","컴퍼니케이","12","0","KOSDAQ","-4.27","101.47","","105.99"
"A307950","현대오토에버","12","0","KOSPI","-1.54","806.4","","819"
"A308080","바이젠셀","12","0","외감","","","",""
"A308100","형지글로벌","12","0","KOSDAQ","-2.39","64.71","","66.3"
"A308170","씨티알모빌리티","12","0","KOSPI","-2.88","260.88","","268.63"
"A308430","셀비온","12","0","외감","","","",""
"A309710","아이티켐","12","0","외감","","","",""
"A309930","조이웍스앤코","12","0","KOSDAQ","0.49","9.5","","9.46"
"A309960","LB인베스트먼트","12","0","외감","","","",""
"A310200","애니플러스","12","0","KOSDAQ","-3.74","39.5","","41.04"
"A310210","보로노이","12","0","외감","","","",""
"A310870","디와이씨","12","0","KOSDAQ","-0.25","6.91","","6.93"
"A311320","지오엘리먼트","12","0","외감","","","",""
"A311390","네오크레마","12","0","KOSDAQ","-4.4","44.48","","46.53"
"A311690","CJ 바이오사이언스","12","0","KOSDAQ","-2.94","88.29","","90.96"
"A312610","에이에프더블류","12","0","KOSDAQ","-1.9","104.32","","106.35"
"A313760","캐리","12","0","KOSDAQ","-5.06","40.11","","42.25"
"A314130","지놈앤컴퍼니","12","0","KONEX","-0.15","276.02","","276.44"
"A314140","알피바이오","12","0","외감","","","",""
"A314930","바이오다인","12","0","외감","","","",""
"A315640","딥노이드","12","0","외감","","","",""
"A316140","우리금융지주","12","1","KOSPI","-2.22","5734.81","","5864.81"
"A317120","라닉스","12","0","KOSDAQ","-2.59","63.97","","65.67"
"A317240","TS트릴리온","12","0","KOSDAQ","0","8.89","","8.89"
"A317330","덕산테코피아","12","0","KOSDAQ","-0.38","237.99","","238.91"
"A317400","자이에스앤디","12","0","KOSPI","-3.24","111.95","","115.7"
"A317450","명인제약","12","0","외감","","","",""
"A317530","에피소드컴퍼니","12","0","KOSDAQ","-5.51","33.6","","35.56"
"A317690","퀀타매트릭스","12","0","외감","","","",""
"A317770","엑스페릭스","12","0","KOSDAQ","-1.74","42.34","","43.09"
"A317830","에스피시스템스","12","0","KOSDAQ","-3.8","32.99","","34.29"
"A317850","대모","12","0","KOSDAQ","-9.09","42.45","","46.7"
"A317870","엔바이오니아","12","0","KOSDAQ","-3.15","41.23","","42.57"
"A318000","KBG","12","0","KOSDAQ","1.08","45.85","","45.36"
"A318010","팜스빌","12","0","KOSDAQ","-1.79","108.63","","110.61"
"A318020","포인트모바일","12","0","외감","","","",""
"A318060","그래피","12","0","외감","","","",""
"A318160","셀바이오휴먼텍","12","0","외감","","","",""
"A318410","비비씨","12","0","외감","","","",""
"A319400","현대무벡스","12","0","KOSDAQ","0.25","17.24","","17.2"
"A319660","피에스케이","12","0","KOSDAQ","-1.92","263.56","","268.72"
"A320000","한울반도체","12","0","KOSDAQ","-1.7","6.87","","6.99"
"A321260","프로이천","12","0","KOSDAQ","0","7","","7"
"A321370","센서뷰","12","0","외감","","","",""
"A321550","티움바이오","12","0","KOSDAQ","-4.04","251.02","","261.58"
"A321820","아티스트컴퍼니","12","0","외감","","","",""
"A322000","HD현대에너지솔루션","12","0","KOSPI","-2.08","237.44","","242.48"
"A322180","LS티라유텍","12","0","KOSDAQ","-1.98","67.38","","68.74"
"A322310","오로스테크놀로지","12","0","외감","","","",""
"A322510","제이엘케이","12","0","KOSDAQ","-3.63","91.3","","94.74"
"A322780","코퍼스코리아","12","0","KOSDAQ","0.25","9.15","","9.12"
"A323280","태성","12","0","KOSDAQ","0","7.03","","7.03"
"A323350","다원넥스뷰","12","0","KONEX","-9.83","19.42","","21.54"
"A323410","카카오뱅크","12","0","외감","","","",""
"A323990","박셀바이오","12","0","외감","","","",""
"A326030","SK바이오팜","12","0","외감","","","",""
"A327260","RF머트리얼즈","12","0","KOSDAQ","-1.82","76.61","","78.02"
"A328130","루닛","12","0","외감","","","",""
"A328380","솔트웨어","12","0","KOSDAQ","0","12.96","","12.96"
"A329180","HD현대중공업","12","0","외감","","","",""
"A330350","위더스제약","12","0","외감","","","",""
"A330730","스톤브릿지벤처스","12","0","외감","","","",""
"A330860","네패스아크","12","0","외감","","","",""
"A331380","포커스에이아이","12","0","KOSDAQ","0.25","8.04","","8.02"
"A331520","밸로프","12","0","KOSDAQ","0","7.76","","7.76"
"A331740","아우토크립트","12","0","외감","","","",""
"A331920","셀레믹스","12","0","외감","","","",""
"A332290","누보","12","0","KOSDAQ","0.5","10.41","","10.36"
"A332370","아이디피","12","0","외감","","","",""
"A332570","PS일렉트로닉스","12","0","외감","","","",""
"A333050","이노테나","12","0","KOSDAQ","0","10.05","","10.05"
"A333430","일승","12","0","KOSDAQ","0","8.78","","8.78"
"A333620","엔시스","12","0","외감","","","",""
"A334970","프레스티지바이오로직스","6","0","외감","","","",""
"A335810","프리시젼바이오","12","0","외감","","","",""
"A335870","윙스풋","12","0","KOSDAQ","-0.25","6.29","","6.3"
"A336060","웨이버스","12","0","KOSDAQ","-0.25","11.83","","11.86"
"A336260","두산퓨얼셀","12","0","KOSPI","-2.35","437.29","","447.83"
"A336370","솔루스첨단소재","12","0","KOSPI","2.51","1062.99","","1036.99"
"A336570","원텍","12","0","KOSDAQ","0","11.22","","11.22"
"A336680","탑런토탈솔루션","12","0","외감","","","",""
"A337930","젝시믹스","12","0","외감","","","",""
"A338220","뷰노","12","0","외감","","","",""
"A338840","와이바이오로직스","12","0","외감","","","",""
"A339770","교촌에프앤비","12","0","외감","","","",""
"A339950","아이비김영","12","0","KOSDAQ","0.5","13.08","","13.01"
"A340360","다보링크","12","0","KOSDAQ","-0.25","13.69","","13.72"
"A340440","세림B&G","12","0","KOSDAQ","-0.25","9.42","","9.44"
"A340450","지씨지놈","12","0","외감","","","",""
"A340570","티앤엘","12","0","외감","","","",""
"A340810","시선AI","12","0","외감","","","",""
"A340930","성원에너텍","12","0","외감","","","",""
"A342870","오아","12","0","외감","","","",""
"A344820","KCC글라스","12","0","KOSPI","-4.37","201.24","","210.43"
"A344860","이노진","12","0","외감","","","",""
"A347000","센코","12","0","외감","","","",""
"A347700","스피어","12","0","외감","","","",""
"A347740","피엔케이피부임상연구센타","12","0","외감","","","",""
"A347770","핌스","12","0","외감","","","",""
"A347850","디앤디파마텍","12","0","외감","","","",""
"A347860","알체라","12","0","외감","","","",""
"A347890","엠엑스온","12","0","외감","","","",""
"A348030","모비릭스","12","0","외감","","","",""
"A348080","큐라티스","12","0","외감","","","",""
"A348150","고바이오랩","12","0","외감","","","",""
"A348210","넥스틴","12","0","외감","","","",""
"A348340","뉴로메카","12","0","외감","","","",""
"A348350","위드텍","12","0","외감","","","",""
"A348370","엔켐","12","0","외감","","","",""
"A351320","넥사다이내믹스","12","0","외감","","","",""
"A351330","이삭엔지니어링","12","0","외감","","","",""
"A351870","차이커뮤니케이션","12","0","외감","","","",""
"A352090","스톰테크","12","0","외감","","","",""
"A352480","씨앤씨인터내셔널","12","0","외감","","","",""
"A352700","씨앤투스","12","0","외감","","","",""
"A352770","셀레스트라","12","0","외감","","","",""
"A352820","하이브","12","0","외감","","","",""
"A352910","오비고","12","0","외감","","","",""
"A352940","인바이오","12","0","외감","","","",""
"A353190","휴럼","12","0","외감","","","",""
"A353200","대덕전자","12","0","외감","","","",""
"A353590","오토앤","12","0","외감","","","",""
"A353810","이지바이오","12","0","외감","","","",""
"A354200","엔젠바이오","12","0","외감","","","",""
"A354320","알멕","12","0","외감","","","",""
"A355150","코스텍시스","12","0","외감","","","",""
"A355390","크라우드웍스","12","0","외감","","","",""
"A355690","에이텀","12","0","외감","","","",""
"A356680","엑스게이트","12","0","외감","","","",""
"A356860","티엘비","12","0","외감","","","",""
"A356890","싸이버원","12","0","외감","","","",""
"A357230","에이치피오","12","0","외감","","","",""
"A357550","석경에이티","12","0","외감","","","",""
"A357580","아모센스","12","0","외감","","","",""
"A357780","솔브레인","12","0","외감","","","",""
"A357880","SKAI","12","0","외감","","","",""
"A358570","지아이이노베이션","12","0","외감","","","",""
"A359090","씨엔알리서치","12","0","외감","","","",""
"A360070","탑머티리얼","12","0","외감","","","",""
"A360350","코셈","12","0","외감","","","",""
"A361390","제노코","12","0","외감","","","",""
"A361570","알비더블유","12","0","외감","","","",""
"A361610","SK아이이테크놀로지","12","0","외감","","","",""
"A361670","삼영에스앤씨","12","0","외감","","","",""
"A362320","청담글로벌","12","0","외감","","","",""
"A362990","드림인사이트","12","0","외감","","","",""
"A363250","진시스템","12","0","외감","","","",""
"A363260","모비데이즈","12","0","외감","","","",""
"A363280","티와이홀딩스","12","0","외감","","","",""
"A364950","에이아이코리아","12","0","외감","","","",""
"A365270","큐라클","12","0","외감","","","",""
"A365330","에스와이스틸텍","12","0","외감","","","",""
"A365340","성일하이텍","12","0","외감","","","",""
"A365590","하이딥","12","0","외감","","","",""
"A365900","브이씨","12","0","외감","","","",""
"A366030","나인앤컴퍼니","12","0","외감","","","",""
"A367000","플래티어","12","0","외감","","","",""
"A368600","아이씨에이치","12","0","외감","","","",""
"A368770","파이버프로","12","0","외감","","","",""
"A368970","오에스피","12","0","외감","","","",""
"A369370","블리츠웨이엔터테인먼트","12","0","외감","","","",""
"A370090","퓨런티어","12","0","외감","","","",""
"A371950","풍원정밀","12","0","외감","","","",""
"A372170","윤성에프앤씨","12","0","외감","","","",""
"A372320","큐로셀","12","0","외감","","","",""
"A372800","아이티아이즈","12","0","외감","","","",""
"A372910","한컴라이프케어","12","0","외감","","","",""
"A373110","엑셀세라퓨틱스","12","0","외감","","","",""
"A373160","데이원컴퍼니","12","0","외감","","","",""
"A373170","엠아이큐브솔루션","12","0","외감","","","",""
"A373200","엑스플러스","12","0","외감","","","",""
"A373220","LG에너지솔루션","12","0","외감","","","",""
"A375500","DL이앤씨","12","0","외감","","","",""
"A376180","피코그램","12","0","외감","","","",""
"A376270","HEM파마","12","0","외감","","","",""
"A376290","씨유테크","12","0","외감","","","",""
"A376300","디어유","12","0","외감","","","",""
"A376900","로킷헬스케어","12","0","외감","","","",""
"A376930","노을","12","0","외감","","","",""
"A376980","원티드랩","12","0","외감","","","",""
"A377030","비트맥스","12","0","외감","","","",""
"A377220","프롬바이오","12","0","외감","","","",""
"A377300","카카오페이","12","0","외감","","","",""
"A377330","이지트로닉스","12","0","외감","","","",""
"A377450","리파인","12","0","외감","","","",""
"A377460","큐에이드","12","0","외감","","","",""
"A377480","마음AI","12","0","외감","","","",""
"A377740","바이오노트","12","0","외감","","","",""
"A378340","필에너지","12","0","외감","","","",""
"A378800","샤페론","12","0","외감","","","",""
"A378850","화승알앤에이","12","0","외감","","","",""
"A380540","옵티코어","12","0","외감","","","",""
"A380550","뉴로핏","12","0","외감","","","",""
"A381620","제닉스로보틱스","12","0","외감","","","",""
"A381970","케이카","12","0","외감","","","",""
"A382150","온코크로스","12","0","외감","","","",""
"A382480","지아이텍","12","0","외감","","","",""
"A382800","지앤비에스 에코","12","0","외감","","","",""
"A382840","원준","12","0","외감","","","",""
"A382900","범한퓨얼셀","12","0","외감","","","",""
"A383220","F&F","12","0","외감","","","",""
"A383310","에코프로에이치엔","12","0","외감","","","",""
"A383800","LX홀딩스","12","0","외감","","","",""
"A383930","디티앤씨알오","12","0","외감","","","",""
"A384470","코어라인소프트","12","0","외감","","","",""
"A387570","파인메딕스","12","0","외감","","","",""
"A388050","지투파워","12","0","외감","","","",""
"A388210","씨엠티엑스","12","0","외감","","","",""
"A388610","지에프씨생명과학","12","0","외감","","","",""
"A388720","유일로보틱스","12","0","외감","","","",""
"A388790","라이콤","12","0","외감","","","",""
"A388870","파로스아이바이오","12","0","외감","","","",""
"A389020","자람테크놀로지","12","0","외감","","","",""
"A389030","지니너스","12","0","외감","","","",""
"A389140","포바이포","12","0","외감","","","",""
"A389260","대명에너지","12","0","외감","","","",""
"A389470","인벤티지랩","12","0","외감","","","",""
"A389500","에스비비테크","12","0","외감","","","",""
"A389650","넥스트바이오메디컬","12","0","외감","","","",""
"A389680","유디엠텍","12","0","외감","","","",""
"A391710","코닉오토메이션","12","0","외감","","","",""
"A393210","토마토시스템","12","0","외감","","","",""
"A393890","더블유씨피","12","0","외감","","","",""
"A393970","대진첨단소재","12","0","외감","","","",""
"A394280","오픈엣지테크놀로지","12","0","외감","","","",""
"A394420","리센스메디컬","12","0","외감","","","",""
"A394800","쓰리빌리언","12","0","외감","","","",""
"A396270","넥스트칩","12","0","외감","","","",""
"A396300","세아메카닉스","12","0","외감","","","",""
"A396470","워트","12","0","외감","","","",""
"A397030","에이프릴바이오","12","0","외감","","","",""
"A397810","애드포러스","12","0","외감","","","",""
"A398120","에스지헬스케어","12","0","외감","","","",""
"A399720","가온칩스","12","0","외감","","","",""
"A402030","코난테크놀로지","12","0","외감","","","",""
"A402340","SK스퀘어","12","0","외감","","","",""
"A402490","그린리소스","12","0","외감","","","",""
"A403490","우듬지팜","12","0","외감","","","",""
"A403550","쏘카","12","0","외감","","","",""
"A403850","더핑크퐁컴퍼니","12","0","외감","","","",""
"A403870","HPSP","12","0","외감","","","",""
"A405000","플라즈맵","12","0","외감","","","",""
"A405100","큐알티","12","0","외감","","","",""
"A405920","나라셀라","12","0","외감","","","",""
"A406820","뷰티스킨","12","0","외감","","","",""
"A407400","꿈비","12","0","외감","","","",""
"A408470","한패스","12","0","외감","","","",""
"A408900","스튜디오미르","12","0","외감","","","",""
"A408920","메쎄이상","12","0","외감","","","",""
"A411080","샌즈랩","12","0","외감","","","",""
"A412350","레이저쎌","12","0","외감","","","",""
"A412540","제일엠앤에스","12","0","외감","","","",""
"A413390","엠오티","12","0","외감","","","",""
"A413630","씨피시스템","12","0","외감","","","",""
"A413640","비아이매트릭스","12","0","외감","","","",""
"A415380","스튜디오삼익","12","0","외감","","","",""
"A416180","신성에스티","12","0","외감","","","",""
"A417010","나노팀","12","0","외감","","","",""
"A417180","핑거스토리","12","0","외감","","","",""
"A417200","LS머트리얼즈","12","0","외감","","","",""
"A417500","제이아이테크","12","0","외감","","","",""
"A417790","트루엔","12","0","외감","","","",""
"A417840","저스템","12","0","외감","","","",""
"A417860","오브젠","12","0","외감","","","",""
"A417970","모델솔루션","12","0","외감","","","",""
"A418250","시큐레터","12","0","외감","","","",""
"A418420","라온텍","12","0","외감","","","",""
"A418470","KT밀리의서재","12","0","외감","","","",""
"A418550","제이오","12","0","외감","","","",""
"A418620","E8","12","0","외감","","","",""
"A419050","삼기에너지솔루션즈","12","0","외감","","","",""
"A419080","엔젯","12","0","외감","","","",""
"A419120","산돌","12","0","외감","","","",""
"A419530","SAMG엔터","12","0","외감","","","",""
"A419540","비스토스","12","0","외감","","","",""
"A420570","제이투케이바이오","12","0","외감","","","",""
"A420770","기가비스","12","0","외감","","","",""
"A424760","벨로크","12","0","외감","","","",""
"A424870","이뮨온시아","12","0","외감","","","",""
"A424960","스마트레이더시스템","12","0","외감","","","",""
"A424980","마이크로투나노","12","0","외감","","","",""
"A425040","티이엠씨","12","0","외감","","","",""
"A425420","티에프이","12","0","외감","","","",""
"A429270","시지트로닉스","12","0","외감","","","",""
"A430690","한싹","12","0","외감","","","",""
"A431190","케이쓰리아이","12","0","외감","","","",""
"A432430","와이랩","12","0","외감","","","",""
"A432470","케이엔에스","12","0","외감","","","",""
"A432720","퀄리타스반도체","12","0","외감","","","",""
"A432980","엠에프씨","12","0","외감","","","",""
"A434480","모니터랩","12","0","외감","","","",""
"A435570","에르코스","12","0","외감","","","",""
"A437730","삼현","12","0","외감","","","",""
"A438700","버넥트","12","0","외감","","","",""
"A439090","마녀공장","12","0","외감","","","",""
"A439260","대한조선","12","0","외감","","","",""
"A439580","블루엠텍","12","0","외감","","","",""
"A439960","코스모로보틱스","12","0","외감","","","",""
"A440110","파두","12","0","외감","","","",""
"A440290","HB인베스트먼트","12","0","외감","","","",""
"A440320","오픈놀","12","0","외감","","","",""
"A441270","파인엠텍","12","0","외감","","","",""
"A443060","HD현대마린솔루션","12","0","외감","","","",""
"A443250","레뷰코퍼레이션","12","0","외감","","","",""
"A443670","에스피소프트","12","0","외감","","","",""
"A444530","심플랫폼","12","0","외감","","","",""
"A445090","에이직랜드","12","0","외감","","","",""
"A445180","퓨릿","12","0","외감","","","",""
"A445680","큐리옥스바이오시스템즈","12","0","외감","","","",""
"A446070","유니드비티플러스","12","0","외감","","","",""
"A446540","메가터치","12","0","외감","","","",""
"A446840","지슨","12","0","외감","","","",""
"A448280","에코아이","12","0","외감","","","",""
"A448710","코츠테크놀로지","12","0","외감","","","",""
"A448900","한국피아이엠","12","0","외감","","","",""
"A450080","에코프로머티","12","0","외감","","","",""
"A450330","하스","12","0","외감","","","",""
"A450520","인스웨이브","12","0","외감","","","",""
"A450950","아스테라시스","12","0","외감","","","",""
"A451220","아이엠티","12","0","외감","","","",""
"A451250","삐아","12","0","외감","","","",""
"A451760","컨텍","12","0","외감","","","",""
"A452160","제이엔비","12","0","외감","","","",""
"A452190","한빛레이저","12","0","외감","","","",""
"A452200","민테크","12","0","외감","","","",""
"A452260","한화갤러리아","12","0","외감","","","",""
"A452280","한선엔지니어링","12","0","외감","","","",""
"A452300","캡스톤파트너스","12","0","외감","","","",""
"A452400","이닉스","12","0","외감","","","",""
"A452430","사피엔반도체","12","0","외감","","","",""
"A452450","피아이이","12","0","외감","","","",""
"A453340","현대그린푸드","12","0","외감","","","",""
"A453450","그리드위즈","12","0","외감","","","",""
"A453860","에이에스텍","12","0","외감","","","",""
"A454910","두산로보틱스","12","0","외감","","","",""
"A455180","케이지에이","12","0","외감","","","",""
"A455900","엔젤로보틱스","12","0","외감","","","",""
"A456010","아이씨티케이","12","0","외감","","","",""
"A456040","OCI","12","0","외감","","","",""
"A456070","이엔셀","12","0","외감","","","",""
"A456160","지투지바이오","12","0","외감","","","",""
"A457190","이수스페셜티케미컬","12","0","외감","","","",""
"A457370","한켐","12","0","외감","","","",""
"A457550","우진엔텍","12","0","외감","","","",""
"A457600","벡트","12","0","외감","","","",""
"A458350","에스팀","12","0","외감","","","",""
"A458650","성우","12","0","외감","","","",""
"A458870","씨어스","12","0","외감","","","",""
"A459100","위츠","12","0","외감","","","",""
"A459510","나우로보틱스","12","0","외감","","","",""
"A459550","알트","12","0","외감","","","",""
"A460470","아이빔테크놀로지","12","0","외감","","","",""
"A460850","동국씨엠","12","0","외감","","","",""
"A460860","동국제강","12","0","외감","","","",""
"A460870","에스엠씨지","12","0","외감","","","",""
"A460930","현대힘스","12","0","외감","","","",""
"A460940","피앤에스로보틱스","12","0","외감","","","",""
"A461030","아이엠비디엑스","12","0","외감","","","",""
"A461300","아이스크림미디어","12","0","외감","","","",""
"A462310","뉴키즈온","12","0","외감","","","",""
"A462350","이노스페이스","12","0","외감","","","",""
"A462510","라메디텍","12","0","외감","","","",""
"A462520","조선내화","12","0","외감","","","",""
"A462860","더즌","12","0","외감","","","",""
"A462870","시프트업","12","0","외감","","","",""
"A462980","아이지넷","12","0","외감","","","",""
"A463020","뉴엔AI","12","0","외감","","","",""
"A463480","모티브링크","12","0","외감","","","",""
"A464080","에스오에스랩","12","0","외감","","","",""
"A464280","티디에스팜","12","0","외감","","","",""
"A464490","쿼드메디슨","12","0","외감","","","",""
"A464500","아이언디바이스","12","0","외감","","","",""
"A464580","닷밀","12","0","외감","","","",""
"A465480","인스피언","12","0","외감","","","",""
"A465770","STX그린로지스","12","0","외감","","","",""
"A466100","클로봇","12","0","외감","","","",""
"A466410","사이냅소프트","12","0","외감","","","",""
"A468530","프로티나","12","0","외감","","","",""
"A469610","이노테크","12","0","외감","","","",""
"A469750","아이비젼웍스","12","0","외감","","","",""
"A471820","셀로맥스사이언스","12","0","외감","","","",""
"A472850","폰드그룹","12","0","외감","","","",""
"A473980","노머스","12","0","외감","","","",""
"A474170","루미르","12","0","외감","","","",""
"A474610","RF시스템즈","12","0","외감","","","",""
"A474650","링크솔루션","12","0","외감","","","",""
"A475150","SK이터닉스","12","0","외감","","","",""
"A475230","엔알비","12","0","외감","","","",""
"A475400","씨메스로보틱스","12","0","외감","","","",""
"A475430","키스트론","12","0","외감","","","",""
"A475460","미트박스","12","0","외감","","","",""
"A475560","더본코리아","12","0","외감","","","",""
"A475580","에이럭스","12","0","외감","","","",""
"A475660","에스켐","12","0","외감","","","",""
"A475830","오름테라퓨틱","12","0","외감","","","",""
"A475960","토모큐브","12","0","외감","","","",""
"A476040","오가노이드사이언스","12","0","외감","","","",""
"A476060","온코닉테라퓨틱스","12","0","외감","","","",""
"A476080","M83","12","0","외감","","","",""
"A476830","알지노믹스","12","0","외감","","","",""
"A477850","마키나락스","12","0","외감","","","",""
"A478340","나라스페이스테크놀로지","12","0","외감","","","",""
"A478560","블랙야크아이앤씨","12","0","외감","","","",""
"A479960","위너스일렉","12","0","외감","","","",""
"A480370","씨케이솔루션","12","0","외감","","","",""
"A481070","에이유브랜즈","12","0","외감","","","",""
"A482630","삼양엔씨켐","12","0","외감","","","",""
"A483650","달바글로벌","12","0","외감","","","",""
"A484120","도우인시스","12","0","외감","","","",""
"A484590","삼양컴텍","12","0","외감","","","",""
"A484810","티엑스알로보틱스","12","0","외감","","","",""
"A484870","엠앤씨솔루션","12","0","외감","","","",""
"A486990","노타","12","0","외감","","","",""
"A487570","HS효성","12","0","외감","","","",""
"A487580","폴레드","12","0","외감","","","",""
"A488280","에스투더블유","12","0","외감","","","",""
"A488900","비츠로넥스텍","12","0","외감","","","",""
"A489460","바이오비쥬","12","0","외감","","","",""
"A489500","엘케이켐","12","0","외감","","","",""
"A489790","한화비전","12","0","외감","","","",""
"A490470","세미파이브","12","0","외감","","","",""
"A491000","리브스메드","12","0","외감","","","",""
"A493280","아이엠바이오로직스","12","0","외감","","","",""
"A493330","지에프아이","12","0","외감","","","",""
"A494120","큐리오시스","12","0","외감","","","",""
"A499790","GS피앤엘","12","0","외감","","","",""
"A900070","글로벌에스엠","12","0","KOSDAQ","0.86","31.44","","31.17"
"A900100","파이온엑스","12","0","KOSDAQ","0","74.16","","74.16"
"A900110","딥커머스","12","0","KOSDAQ","0","25.07","","25.07"
"A900120","씨엑스아이","6","0","KOSDAQ","-5.6","24.18","","25.61"
"A900140","엘브이엠씨홀딩스","12","0","KOSPI","-2.83","245.63","","252.79"
"A900250","크리스탈신소재","12","0","KOSDAQ","-3.61","90.49","","93.88"
"A900260","로스웰","12","0","KOSDAQ","-4.35","56.15","","58.7"
"A900270","헝셩그룹","12","0","KOSDAQ","-3.78","65.2","","67.76"
"A900290","GRT","6","0","KOSDAQ","-6.72","116.9","","125.32"
"A900300","오가닉티코스메틱","12","0","KOSDAQ","-5.44","64.33","","68.03"
"A900310","컬러레이","12","0","KOSDAQ","-2.2","83.97","","85.86"
"A900340","윙입푸드","12","0","KOSDAQ","-5","82.03","","86.35"
"A950130","엑세스바이오","12","0","KOSDAQ","-5.08","138","","145.39"
"A950140","잉글우드랩","12","0","KOSDAQ","-5.45","80.96","","85.63"
"A950160","코오롱티슈진","12","0","KOSDAQ","0","489.55","","489.55"
"A950170","JTC","2","0","KOSDAQ","-1.72","179.58","","182.73"
"A950190","고스트스튜디오","12","0","외감","","","",""
"A950200","소마젠","12","0","외감","","","",""
"A950210","프레스티지바이오파마","6","0","외감","","","",""
"A950220","네오이뮨텍","12","0","외감","","","",""
"A950250","테라뷰","4","0","외감","","","",""
