"Code","Name","결산월","코스피200 구성종목여부(1:해당, 0:미해당)","상장된 시장","수정주가수익률","시가총액","","이전 시가총액"
"A000020","동화약품","12","0","KOSPI","-19.47","681.53","","846.32"
"A000040","KR모터스","12","0","KOSPI","-2.23","64.35","","65.81"
"A000050","경방","12","0","KOSPI","0.43","322.13","","320.76"
"A000070","삼양홀딩스","12","1","KOSPI","1.39","625.19","","616.63"
"A000080","하이트진로","12","1","KOSPI","1.13","3141.99","","3106.92"
"A000100","유한양행","12","1","KOSPI","3.59","4626.49","","4466.03"
"A000120","CJ대한통운","12","1","KOSPI","3","3524.51","","3421.85"
"A000140","하이트진로홀딩스","12","0","KOSPI","1.4","505.91","","498.95"
"A000150","두산","12","1","KOSPI","1.81","745.22","","732.01"
"A000180","성창기업지주","12","0","KOSPI","1.78","119.97","","117.88"
"A0001A0","덕양에너젠","12","0","외감","","","",""
"A000210","DL","12","1","KOSPI","1.75","3038.04","","2985.84"
"A000220","유유제약","12","0","KOSPI","1.76","118.65","","116.6"
"A000230","일동홀딩스","12","0","KOSPI","-0.22","105.13","","105.36"
"A000240","한국앤컴퍼니","12","1","KOSPI","1.79","1320.89","","1297.63"
"A000250","삼천당제약","12","0","KOSDAQ","-3.76","1270.66","","1320.31"
"A000270","기아","12","1","KOSPI","1.83","19133.15","","18788.59"
"A000300","DH오토넥스","12","0","KOSPI","-0.48","71.5","","71.85"
"A000320","노루홀딩스","12","0","KOSPI","-0.53","124.67","","125.34"
"A000370","한화손해보험","12","0","KOSPI","3.06","333.87","","323.95"
"A000390","SP삼화","12","0","KOSPI","0.76","140.92","","139.86"
"A000400","롯데손해보험","12","0","KOSPI","1.19","527.57","","521.37"
"A000430","대원강업","12","0","KOSPI","0.59","212.97","","211.73"
"A000440","중앙에너비스","12","0","KOSDAQ","-0.12","50.63","","50.69"
"A000480","CR홀딩스","12","0","KOSPI","0.27","293.6","","292.8"
"A000490","대동","12","0","KOSPI","-2.19","169.89","","173.69"
"A0004V0","엔비알모션","12","0","외감","","","",""
"A000500","가온전선","12","0","KOSPI","0","69.48","","69.48"
"A000520","삼일제약","12","0","KOSPI","-1.58","141.38","","143.65"
"A000540","흥국화재","12","0","KOSPI","0.67","143.9","","142.94"
"A000590","CS홀딩스","12","0","KOSPI","-1.13","70.77","","71.58"
"A000640","동아쏘시오홀딩스","12","1","KOSPI","0","632.24","","632.24"
"A000650","천일고속","12","0","KOSPI","0.16","88.75","","88.61"
"A000660","SK하이닉스","12","1","KOSPI","-0.12","59186.59","","59259.39"
"A000670","영풍","12","1","KOSPI","-0.71","1027.86","","1035.23"
"A000680","LS네트웍스","12","0","KOSPI","4.09","180.46","","173.37"
"A000700","유수홀딩스","12","0","KOSPI","3.25","148.96","","144.27"
"A000720","현대건설","12","1","KOSPI","5.81","4058.92","","3836.21"
"A000760","이화산업","12","0","KOSPI","-0.71","39.2","","39.48"
"A0007C0","아크릴","12","0","외감","","","",""
"A0007J0","인벤테라","12","0","외감","","","",""
"A000810","삼성화재","12","1","KOSPI","5.44","8266.91","","7840.54"
"A000850","화천기공","12","0","KOSPI","2.83","71.94","","69.96"
"A000860","강남제비스코","12","0","KOSPI","0.32","100.43","","100.1"
"A000880","한화","12","1","KOSPI","0.2","1915.2","","1911.45"
"A000890","보해양조","12","0","KOSPI","0","110.12","","110.12"
"A0008Z0","에스엔시스","12","0","외감","","","",""
"A000910","유니온","12","0","KOSPI","8.17","155.02","","143.31"
"A000950","전방","12","0","KOSPI","3.58","46.2","","44.6"
"A000970","한국주철관","12","0","KOSPI","-0.84","214.32","","216.15"
"A000990","DB하이텍","12","1","KOSPI","-1.61","1489.57","","1513.99"
"A0009K0","에임드바이오","12","0","외감","","","",""
"A001000","신라섬유","12","0","KOSDAQ","-1.34","53.65","","54.38"
"A001020","페이퍼코리아","12","0","KOSPI","0","61.37","","61.37"
"A001040","CJ","12","1","KOSPI","1.33","2436.28","","2404.18"
"A001060","JW중외제약","12","1","KOSPI","3.89","810.65","","780.32"
"A001070","대한방직","12","0","KOSPI","0.15","177.29","","177.02"
"A001080","만호제강","6","0","KOSPI","11.31","77.61","","69.72"
"A0010F0","보원케미칼","12","0","외감","","","",""
"A0010V0","제이피아이헬스케어","12","0","외감","","","",""
"A001120","LX인터내셔널","12","1","KOSPI","3.33","600.78","","581.4"
"A001130","대한제분","12","0","KOSPI","2.11","286.46","","280.54"
"A0011A0","액스비스","12","0","외감","","","",""
"A0011T0","채비","12","0","외감","","","",""
"A001200","유진투자증권","12","0","KOSPI","-14.1","389.4","","453.33"
"A001210","금호전기","12","0","KOSPI","0","40.14","","40.14"
"A001230","동국홀딩스","12","1","KOSPI","1.27","608.86","","601.23"
"A001250","GS글로벌","12","0","KOSPI","0.58","142.78","","141.96"
"A001260","남광토건","12","0","KOSPI","11.87","120.4","","107.62"
"A001270","부국증권","12","0","KOSPI","1.26","207.92","","205.32"
"A001290","상상인증권","12","0","KOSPI","3.81","104.76","","100.91"
"A001340","PKC","12","0","KOSPI","-7.11","170.24","","183.27"
"A001360","삼성제약","12","0","KOSPI","-0.12","260.05","","260.36"
"A001380","SG글로벌","12","0","KOSPI","0.89","76.44","","75.76"
"A001390","KG케미칼","12","0","KOSPI","4.81","298","","284.34"
"A0013V0","삼진식품","12","0","외감","","","",""
"A001420","태원물산","12","0","KOSPI","0.28","26.79","","26.71"
"A001430","세아베스틸지주","12","1","KOSPI","6.45","414.21","","389.1"
"A001440","대한전선","12","0","KOSPI","4.97","651.78","","620.94"
"A001450","현대해상","12","1","KOSPI","6.33","2100.9","","1975.74"
"A001460","BYC","12","0","KOSPI","2.09","137.1","","134.29"
"A001470","삼부토건","12","0","KOSPI","11.77","142.36","","127.37"
"A001500","현대차증권","12","0","KOSPI","-1.87","308.04","","313.91"
"A001510","SK증권","12","0","KOSPI","0.45","423.91","","422.02"
"A001520","동양","12","0","KOSPI","1.64","295.97","","291.19"
"A001530","DI동일","12","0","KOSPI","-3.05","196.02","","202.18"
"A001540","안국약품","12","0","KOSDAQ","-1.5","213.9","","217.16"
"A001550","조비","12","0","KOSPI","1.14","137.85","","136.3"
"A001560","제일연마","12","0","KOSPI","2.15","66.5","","65.1"
"A001570","금양","12","0","KOSPI","-8.85","201.96","","221.56"
"A0015G0","그린광학","12","0","외감","","","",""
"A0015N0","아로마티카","12","0","외감","","","",""
"A0015S0","페스카로","12","0","외감","","","",""
"A001620","케이비아이동국실업","12","0","KOSPI","2.56","39.69","","38.7"
"A001630","종근당홀딩스","12","0","KOSPI","1.2","636.25","","628.74"
"A001680","대상","12","1","KOSPI","0","918.17","","918.17"
"A001720","신영증권","3","0","KOSPI","7.43","468.37","","435.99"
"A001740","SK네트웍스","12","1","KOSPI","0.96","1310.43","","1298.02"
"A001750","한양증권","12","0","KOSPI","-0.63","120.54","","121.3"
"A001770","SHD","12","0","KOSPI","1.01","24.36","","24.12"
"A001780","알루코","12","0","KOSPI","29.85","260.01","","200.24"
"A001790","대한제당","12","0","KOSPI","0","178.94","","178.94"
"A0017J0","세미티에스","12","0","외감","","","",""
"A001800","오리온홀딩스","12","1","KOSPI","-1.49","826.92","","839.45"
"A001810","무림SP","12","0","KOSDAQ","4.18","44.16","","42.39"
"A001820","삼화콘덴서","12","0","KOSPI","0.94","670.48","","664.24"
"A001840","이화공영","12","0","KOSDAQ","29.96","132.3","","101.8"
"A001940","KISCO홀딩스","12","0","KOSPI","0","206.94","","206.94"
"A002020","코오롱","12","0","KOSPI","0.47","268.94","","267.68"
"A002030","아세아","12","0","KOSPI","1.46","166.96","","164.55"
"A002070","비비안","12","0","KOSPI","0","68.06","","68.06"
"A002100","경농","12","0","KOSPI","2.2","402.38","","393.71"
"A002140","고려산업","12","0","KOSPI","-1.15","96.39","","97.51"
"A002150","도화엔지니어링","12","0","KOSPI","4.85","284.26","","271.11"
"A002170","SYTS","12","0","KOSPI","0","183","","183"
"A002200","한국수출포장","12","0","KOSPI","0.27","74.8","","74.6"
"A002210","동성제약","12","0","KOSPI","1.53","347.14","","341.92"
"A002220","한일철강","12","0","KOSPI","-1.66","40.66","","41.34"
"A002230","피에스텍","12","0","KOSDAQ","-0.26","76.22","","76.42"
"A002240","고려제강","12","1","KOSPI","2.87","323","","314"
"A002290","삼일기업공사","12","0","KOSDAQ","0.68","36.52","","36.27"
"A002310","아세아제지","12","0","KOSPI","0.35","259.74","","258.84"
"A002320","한진","12","0","KOSPI","-2.4","534.67","","547.84"
"A002350","넥센타이어","12","1","KOSPI","2.21","543.03","","531.31"
"A002360","SH에너지화학","12","0","KOSPI","0.24","93.13","","92.91"
"A002380","KCC","12","1","KOSPI","6.32","1346.3","","1266.32"
"A002390","한독","12","0","KOSPI","-2.58","520.26","","534.03"
"A002410","범양건영","12","0","KOSPI","21.59","179.04","","147.25"
"A002420","세기상사","12","0","KOSPI","1.15","25.15","","24.86"
"A002450","삼익악기","12","0","KOSPI","1.04","132.18","","130.82"
"A002460","HS화성","12","0","KOSPI","-1.17","157.5","","159.37"
"A002600","조흥","12","0","KOSPI","-0.32","92.4","","92.7"
"A002620","제일파마홀딩스","12","0","KOSPI","2.24","401.73","","392.94"
"A002630","오리엔트바이오","3","0","KOSPI","-3.2","89.38","","92.33"
"A002680","한탑","12","0","KOSDAQ","-0.82","40.59","","40.92"
"A002690","동일제강","12","0","KOSPI","0","28.73","","28.73"
"A002700","신일전자","12","0","KOSPI","0.54","132.15","","131.44"
"A002710","TCC스틸","12","0","KOSPI","-0.41","55.55","","55.78"
"A002720","국제약품","12","0","KOSPI","-3.39","209.77","","217.13"
"A002760","보락","12","0","KOSPI","-0.53","112.61","","113.21"
"A002780","진흥기업","12","0","KOSPI","1.05","348.4","","344.77"
"A002790","아모레퍼시픽홀딩스","12","1","KOSPI","2","4634.15","","4543.45"
"A002800","신신제약","12","0","KOSDAQ","-2.88","153.22","","157.77"
"A002810","삼영무역","12","0","KOSPI","-0.38","240.99","","241.92"
"A002820","SUN&L","12","0","KOSPI","1.44","44.44","","43.81"
"A002840","미원상사","12","0","KOSPI","3.07","450.78","","437.36"
"A002870","신풍","12","0","KOSPI","3.4","53.14","","51.39"
"A002880","디와이에이","12","0","KOSPI","0.3","71.1","","70.89"
"A002900","TYM","12","0","KOSPI","-1.67","148.06","","150.58"
"A002920","유성기업","12","0","KOSPI","1.38","66.81","","65.91"
"A002960","한국쉘석유","12","0","KOSPI","0.42","307.45","","306.15"
"A002990","금호건설","12","0","KOSPI","0.53","276.22","","274.75"
"A003000","부광약품","12","1","KOSPI","0","2473.57","","2473.57"
"A003010","혜인","12","0","KOSPI","3.4","69.67","","67.38"
"A003030","세아제강지주","12","0","KOSPI","-0.11","188.65","","188.86"
"A003060","에이프로젠바이오로직스","12","0","KOSPI","0","595.87","","595.87"
"A003070","코오롱글로벌","12","0","KOSPI","13.08","305.05","","269.75"
"A003080","SB성보","12","0","KOSPI","12.26","104.5","","93.09"
"A003090","대웅","12","0","KOSPI","-2.9","2139.62","","2203.58"
"A003100","선광","12","0","KOSDAQ","0.61","109.56","","108.9"
"A003120","일성아이에스","12","0","KOSPI","1.31","226.9","","223.97"
"A003160","디아이","12","0","KOSPI","9.21","147.56","","135.12"
"A003200","일신방직","12","0","KOSPI","0.29","168.24","","167.76"
"A003220","대원제약","12","0","KOSPI","-2.09","427.14","","436.25"
"A003230","삼양식품","12","0","KOSPI","-2.38","926.56","","949.16"
"A003240","태광산업","12","1","KOSPI","0.57","780.49","","776.04"
"A003280","흥아해운","12","0","KOSPI","0","30.12","","30.12"
"A003300","한일홀딩스","12","0","KOSPI","-0.97","274.54","","277.24"
"A003310","대주산업","12","0","KOSDAQ","0","68.48","","68.48"
"A003350","한국화장품제조","12","0","KOSPI","-1.16","192.61","","194.88"
"A003380","하림지주","12","0","KOSDAQ","2.48","648.24","","632.54"
"A003460","유화증권","12","0","KOSPI","0.68","126.45","","125.6"
"A003470","유안타증권","12","0","KOSPI","-1","690.6","","697.59"
"A003480","한진중공업홀딩스","12","0","KOSPI","3.04","105.13","","102.03"
"A003490","대한항공","12","1","KOSPI","0.8","3292.56","","3266.43"
"A003520","영진약품","12","1","KOSPI","-0.61","1201.61","","1208.92"
"A003530","한화투자증권","12","0","KOSPI","-0.75","425.88","","429.1"
"A003540","대신증권","12","0","KOSPI","0.88","578.82","","573.74"
"A003550","LG","12","1","KOSPI","-3","15064.24","","15530.14"
"A003570","SNT다이내믹스","12","0","KOSPI","1.19","169.59","","167.59"
"A003580","HLB글로벌","12","0","KOSPI","0.61","159.42","","158.46"
"A003610","방림","9","0","KOSPI","0","72.78","","72.78"
"A003620","KG모빌리티","12","0","KOSPI","2.08","588.12","","576.13"
"A003650","미창석유","12","0","KOSPI","0.17","102.81","","102.64"
"A003670","포스코퓨처엠","12","1","KOSPI","-1.24","5830.47","","5903.66"
"A003680","한성기업","12","0","KOSPI","2.24","99.35","","97.18"
"A003690","코리안리","12","0","KOSPI","1.82","873.88","","858.23"
"A003720","삼영","12","0","KOSPI","6.16","64.43","","60.69"
"A003780","진양산업","12","0","KOSPI","-1.61","47.58","","48.36"
"A003800","에이스침대","12","0","KOSDAQ","-1.3","464.12","","470.22"
"A003830","대한화섬","12","0","KOSPI","0.69","115.8","","115"
"A003850","보령","12","1","KOSPI","0","821.45","","821.45"
"A003920","남양유업","12","0","KOSPI","0.49","219.96","","218.88"
"A003960","사조대림","12","0","KOSPI","-0.34","136.09","","136.55"
"A004000","롯데정밀화학","12","1","KOSPI","0.43","1215.18","","1210.02"
"A004020","현대제철","12","1","KOSPI","3.57","3676.43","","3549.66"
"A004060","SG세계물산","12","0","KOSPI","0.5","123.07","","122.47"
"A004080","신흥","12","0","KOSPI","0.44","88.03","","87.65"
"A004090","한국석유","12","0","KOSPI","3.87","66.83","","64.34"
"A004100","태양금속","12","0","KOSPI","2.78","40.74","","39.64"
"A004140","동방","12","0","KOSPI","-0.55","62.69","","63.04"
"A004150","한솔홀딩스","12","0","KOSPI","0.89","143.25","","141.99"
"A004170","신세계","12","1","KOSPI","1.44","2087.18","","2057.64"
"A004250","NPC","12","0","KOSPI","0.15","125.4","","125.22"
"A004270","남성","12","0","KOSPI","1.49","98.5","","97.05"
"A004310","현대약품","11","0","KOSPI","1.79","199.68","","196.16"
"A004360","세방","12","0","KOSPI","2","196.95","","193.09"
"A004370","농심","12","1","KOSPI","0.4","2274.91","","2265.78"
"A004380","삼익THK","12","0","KOSPI","0.5","213.15","","212.1"
"A004410","서울식품","12","0","KOSPI","0.64","52.97","","52.64"
"A004430","송원산업","12","0","KOSPI","0.38","318","","316.8"
"A004440","삼일씨엔에스","12","0","KOSPI","1.65","102.24","","100.58"
"A004450","삼화왕관","12","0","KOSPI","-1.92","88.11","","89.84"
"A004490","세방전지","12","1","KOSPI","-0.32","435.4","","436.8"
"A004540","깨끗한나라","12","0","KOSPI","-0.12","150.08","","150.27"
"A004560","현대비앤지스틸","12","0","KOSPI","3.28","123.5","","119.57"
"A004590","한국가구","12","0","KOSDAQ","-0.45","66.83","","67.13"
"A004650","창해에탄올","12","0","KOSDAQ","0","134.19","","134.19"
"A004690","삼천리","12","0","KOSPI","0","312.64","","312.64"
"A004700","조광피혁","12","0","KOSPI","-1.92","339.11","","345.76"
"A004710","한솔테크닉스","12","0","KOSPI","-1.95","322.7","","329.13"
"A004720","팜젠사이언스","12","0","KOSPI","-10.67","183.66","","205.59"
"A004770","써니전자","12","0","KOSPI","0.14","123.18","","123"
"A004780","대륙제관","12","0","KOSDAQ","0.56","71.25","","70.85"
"A004800","효성","12","1","KOSPI","3.72","1527.65","","1472.86"
"A004830","덕성","12","0","KOSPI","-3.29","92.2","","95.33"
"A004840","DRB동일","12","0","KOSPI","-1.9","133.53","","136.12"
"A004870","티웨이홀딩스","12","0","KOSPI","2.46","79.75","","77.83"
"A004890","동일산업","12","0","KOSPI","0","167.34","","167.34"
"A004910","조광페인트","12","0","KOSPI","-1.2","73.98","","74.88"
"A004920","씨아이테크","12","0","KOSPI","0.93","26","","25.76"
"A004960","한신공영","12","0","KOSPI","-1.27","180.5","","182.82"
"A004970","신라교역","12","0","KOSPI","-0.49","164","","164.8"
"A004980","성신양회","12","0","KOSPI","-0.12","199.32","","199.56"
"A004990","롯데지주","12","1","KOSPI","2.61","3299.4","","3215.47"
"A005010","휴스틸","12","0","KOSPI","1.13","54.65","","54.04"
"A005030","부산주공","12","0","KOSPI","29.79","18.65","","14.37"
"A005070","코스모신소재","12","0","KOSPI","-4.97","475.28","","500.14"
"A005090","SGC에너지","12","0","KOSPI","1.49","165.05","","162.62"
"A005110","한창","12","0","KOSPI","0.34","50.62","","50.45"
"A005160","동국산업","12","0","KOSDAQ","-2.01","198.26","","202.33"
"A005180","빙그레","12","1","KOSPI","1.53","589.1","","580.24"
"A005250","녹십자홀딩스","12","1","KOSPI","0.5","1417.9","","1410.85"
"A005290","동진쎄미켐","12","0","KOSDAQ","-2.65","1886.91","","1938.33"
"A005300","롯데칠성","12","1","KOSPI","-0.5","803.34","","807.34"
"A005320","온타이드","12","0","KOSPI","-2.61","127.77","","131.19"
"A005360","모나미","12","0","KOSPI","0.97","157.98","","156.47"
"A005380","현대차","12","1","KOSPI","5.29","38246.61","","36323.59"
"A005420","코스모화학","12","0","KOSPI","3.07","306.8","","297.66"
"A005430","한국공항","12","0","KOSPI","-0.71","110.82","","111.61"
"A005440","현대지에프홀딩스","12","1","KOSPI","-2.55","783.59","","804.11"
"A005490","POSCO홀딩스","12","1","KOSPI","4.28","18047.67","","17306.59"
"A005500","삼진제약","12","0","KOSPI","0.83","421.17","","417.7"
"A005610","삼립","12","1","KOSPI","0.79","547.94","","543.63"
"A005670","푸드웰","12","0","KOSDAQ","1.15","53","","52.4"
"A005680","삼영전자","12","0","KOSPI","-0.13","158.2","","158.4"
"A005690","파미셀","12","0","KOSPI","-0.66","1364.07","","1373.06"
"A005710","대원산업","12","0","KOSDAQ","-0.19","106.6","","106.8"
"A005720","넥센","12","0","KOSPI","0.37","218.73","","217.92"
"A005740","크라운해태홀딩스","12","0","KOSPI","0.23","127.09","","126.8"
"A005750","대림바스","12","0","KOSPI","0","85.7","","85.7"
"A005800","신영와코루","12","0","KOSPI","-0.92","87.21","","88.02"
"A005810","풍산홀딩스","12","0","KOSPI","0.36","215.86","","215.08"
"A005820","원림","12","0","KOSPI","0.29","37.95","","37.84"
"A005830","DB손해보험","12","1","KOSPI","9.81","3447.96","","3139.98"
"A005850","에스엘","12","0","KOSPI","2.02","609.77","","597.72"
"A005860","한일사료","12","0","KOSDAQ","-1.84","73.49","","74.87"
"A005870","휴니드","12","0","KOSPI","1.81","95.14","","93.45"
"A005880","대한해운","12","0","KOSPI","0","405.49","","405.49"
"A005930","삼성전자","12","1","KOSPI","0.69","347441.34","","345053.43"
"A005940","NH투자증권","12","1","KOSPI","0.63","2684.64","","2667.76"
"A005950","이수화학","12","0","KOSPI","1.45","139.03","","137.04"
"A005960","동부건설","12","0","KOSPI","2.99","273.56","","265.61"
"A005990","매일홀딩스","12","0","KOSDAQ","0.86","112.35","","111.39"
"A006040","동원산업","12","0","KOSPI","0.24","774.14","","772.3"
"A006050","국영지앤엠","12","0","KOSDAQ","0.42","83.05","","82.7"
"A006060","화승인더","12","0","KOSPI","5.4","399.41","","378.94"
"A006090","사조오양","12","0","KOSPI","0.12","79.62","","79.53"
"A006110","삼아알미늄","12","0","KOSPI","-1.53","70.84","","71.94"
"A006120","SK디스커버리","12","1","KOSPI","15.03","1471.63","","1279.34"
"A006140","피제이전자","12","0","KOSDAQ","-0.6","73.95","","74.4"
"A006200","한국전자홀딩스","12","0","KOSPI","1.33","25.04","","24.71"
"A006220","제주은행","12","0","KOSPI","1.75","102.49","","100.72"
"A006260","LS","12","1","KOSPI","1.18","1381.38","","1365.28"
"A006280","녹십자","12","1","KOSPI","3.61","3523.49","","3400.78"
"A006340","대원전선","12","0","KOSPI","1.47","70.49","","69.47"
"A006360","GS건설","12","1","KOSPI","3.71","2238.73","","2158.64"
"A006370","대구백화점","12","0","KOSPI","0.18","60.71","","60.6"
"A006380","카프로","12","0","KOSPI","-1.82","107.6","","109.6"
"A006400","삼성SDI","12","1","KOSPI","-0.21","32491.24","","32560"
"A006490","프리티","12","0","KOSPI","-2.39","221.92","","227.34"
"A006570","대림통상","12","0","KOSPI","-4.5","66.23","","69.35"
"A006620","동구바이오제약","12","0","KOSDAQ","-2.19","257.39","","263.15"
"A006650","대한유화","12","1","KOSPI","0.84","780","","773.5"
"A006660","삼성공조","12","0","KOSPI","0.62","53.06","","52.74"
"A006730","서부T&D","12","0","KOSDAQ","-2.24","405.82","","415.12"
"A006740","블루산업개발","12","0","KOSPI","-1.16","75.59","","76.48"
"A006800","미래에셋증권","12","1","KOSPI","-0.63","6085.33","","6124.05"
"A006840","AK홀딩스","12","0","KOSPI","1.98","238.46","","233.82"
"A006880","신송홀딩스","12","0","KOSPI","0.87","48.2","","47.79"
"A006890","태경케미컬","12","0","KOSPI","0.86","94.89","","94.08"
"A006910","보성파워텍","12","0","KOSDAQ","1.88","87.54","","85.93"
"A006920","모헨즈","12","0","KOSDAQ","2.99","54.6","","53.02"
"A006980","우성","12","0","KOSPI","0","105.37","","105.37"
"A007070","GS리테일","12","1","KOSPI","1.5","2606.45","","2567.95"
"A007110","일신석재","12","0","KOSPI","0.86","181.25","","179.7"
"A007120","미래아이앤지","12","0","KOSPI","-4.23","46.87","","48.95"
"A007160","사조산업","12","0","KOSPI","0.63","161","","160"
"A007210","벽산","12","0","KOSPI","-2.12","126.84","","129.58"
"A007280","한국특강","12","0","KOSPI","0","50.47","","50.47"
"A007310","오뚜기","12","1","KOSPI","2.97","2127.09","","2065.8"
"A007330","푸른저축은행","12","0","KOSDAQ","0","122.17","","122.17"
"A007340","DN오토모티브","12","0","KOSPI","0.41","244.85","","243.85"
"A007370","진양제약","12","0","KOSDAQ","0.97","87.24","","86.4"
"A007390","네이처셀","12","0","KOSDAQ","-1.49","605.78","","614.96"
"A007460","에이프로젠","12","0","KOSPI","0.55","486.9","","484.22"
"A007530","와이엠","12","0","KOSDAQ","0.73","26.5","","26.31"
"A007540","샘표","12","0","KOSPI","2","176","","172.55"
"A007570","일양약품","12","1","KOSPI","-2.53","1690.99","","1734.89"
"A007590","동방아그로","12","0","KOSPI","-5.11","91.1","","96"
"A007610","선도전기","12","0","KOSPI","0.79","45.99","","45.63"
"A007660","이수페타시스","12","0","KOSPI","-2.58","171.68","","176.22"
"A007680","대원","12","0","KOSDAQ","-1.19","115.64","","117.04"
"A007690","국도화학","12","0","KOSPI","-0.88","228.65","","230.68"
"A007700","F&F홀딩스","12","1","KOSPI","8.41","1489.18","","1373.68"
"A007720","소노스퀘어","12","0","KOSDAQ","-1.65","119.95","","121.97"
"A007770","한일화학","12","0","KOSDAQ","0.51","34.4","","34.22"
"A007810","코리아써키트","12","0","KOSPI","-0.34","349.59","","350.77"
"A007820","엠엑스로보틱스","12","0","KOSDAQ","0.13","156.47","","156.26"
"A007860","서연","12","0","KOSPI","-6.91","237.15","","254.76"
"A007980","TP","12","0","KOSPI","1.74","84.5","","83.06"
"A008040","사조동아원","12","0","KOSPI","1.17","121.81","","120.4"
"A008060","대덕","12","0","KOSPI","1.06","191.27","","189.27"
"A008250","이건산업","12","0","KOSPI","0.66","83.57","","83.02"
"A008260","NI스틸","12","0","KOSPI","0","64.35","","64.35"
"A008290","원풍물산","12","0","KOSDAQ","0.26","78.95","","78.74"
"A0082N0","카나프테라퓨틱스","12","0","외감","","","",""
"A008350","남선알미늄","12","0","KOSPI","4.13","582.85","","559.71"
"A008370","원풍","12","0","KOSDAQ","-1.82","48.54","","49.44"
"A008420","문배철강","12","0","KOSPI","5.02","60.08","","57.2"
"A008470","부스타","12","0","KOSDAQ","0.89","38.16","","37.82"
"A008490","서흥","12","0","KOSPI","-1.88","662.91","","675.64"
"A008500","일정실업","12","0","KOSPI","-0.81","14.64","","14.76"
"A008600","윌비스","12","0","KOSPI","1.58","83.39","","82.09"
"A008700","아남전자","12","0","KOSPI","-0.6","127.26","","128.03"
"A008730","율촌화학","12","0","KOSPI","-1.84","462.52","","471.2"
"A008770","호텔신라","12","1","KOSPI","1.83","2845.49","","2794.47"
"A008830","대동기어","12","0","KOSDAQ","0","24.76","","24.76"
"A008870","금비","9","0","KOSPI","0.53","57.2","","56.9"
"A0088M0","메쥬","12","0","외감","","","",""
"A008930","한미사이언스","12","1","KOSPI","0.64","4132.3","","4105.89"
"A008970","KBI동양철관","12","0","KOSPI","0.98","122.45","","121.26"
"A009070","KCTC","12","0","KOSPI","-1.05","70.5","","71.25"
"A009140","경인전자","12","0","KOSPI","-0.29","27.1","","27.17"
"A009150","삼성전기","12","1","KOSPI","-1.42","10382.42","","10531.81"
"A009160","SIMPAC","12","0","KOSPI","-0.21","157.03","","157.36"
"A009180","한솔로지스틱스","12","0","KOSPI","-2.38","61.96","","63.47"
"A009190","대양금속","12","0","KOSPI","-0.12","121.52","","121.66"
"A009200","무림페이퍼","12","0","KOSPI","2.38","89.46","","87.38"
"A009240","한샘","12","1","KOSPI","-2.37","2423.99","","2482.83"
"A009270","신원","12","0","KOSPI","0.92","140.32","","139.04"
"A009290","광동제약","12","0","KOSPI","1.39","496.43","","489.61"
"A009300","삼아제약","12","0","KOSDAQ","1.56","124.22","","122.3"
"A009310","참엔지니어링","12","0","KOSPI","0","74.74","","74.74"
"A009320","아진전자부품","12","0","KOSPI","-2.38","117.21","","120.07"
"A009410","태영건설","12","1","KOSPI","6.2","1505.08","","1417.22"
"A009420","한올바이오파마","12","1","KOSPI","3.69","1616.85","","1559.38"
"A009440","KC그린홀딩스","12","0","KOSPI","-0.46","97.82","","98.27"
"A009450","경동나비엔","12","0","KOSPI","3.07","685.39","","665"
"A009460","한창제지","12","0","KOSPI","0.25","118.44","","118.14"
"A009470","삼화전기","12","0","KOSPI","-1.17","139.88","","141.54"
"A009520","포스코엠텍","12","0","KOSDAQ","2.5","196.55","","191.76"
"A009540","HD한국조선해양","12","1","KOSPI","5.16","6489.89","","6171.42"
"A009580","무림P&P","12","0","KOSPI","-2.66","194.28","","199.58"
"A009620","삼보산업","12","0","KOSDAQ","0","26.09","","26.09"
"A009680","모토닉","12","0","KOSPI","-0.91","250.8","","253.11"
"A009730","이렘","12","0","KOSDAQ","-2.36","24.85","","25.45"
"A009770","삼정펄프","12","0","KOSPI","2.12","72.12","","70.62"
"A009780","엠에스씨","12","0","KOSDAQ","0.12","74.71","","74.62"
"A009810","플레이그램","12","0","KOSPI","4.61","45.55","","43.54"
"A009830","한화솔루션","12","1","KOSPI","3.05","5123.66","","4971.79"
"A009900","명신산업","12","0","외감","","","",""
"A009970","영원무역홀딩스","12","0","KOSPI","0","479.97","","479.97"
"A010040","한국내화","12","0","KOSPI","3.82","80.71","","77.74"
"A010060","OCI홀딩스","12","1","KOSPI","-2.01","1514.44","","1545.44"
"A010100","한국무브넥스","12","0","KOSPI","-1.44","73.08","","74.15"
"A010120","LS ELECTRIC","12","1","KOSPI","-0.36","1650","","1656"
"A010130","고려아연","12","1","KOSPI","0.11","8500.94","","8491.5"
"A010140","삼성중공업","12","1","KOSPI","4.4","3584.7","","3433.5"
"A010170","대한광통신","12","0","KOSDAQ","-0.63","290.91","","292.75"
"A010240","흥국","12","0","KOSDAQ","1.24","55.51","","54.84"
"A010280","아이티센엔텍","12","0","KOSDAQ","0.4","50.38","","50.18"
"A010400","우진아이엔에스","12","0","KOSPI","-0.82","55.18","","55.64"
"A010470","오리콤","12","0","KOSDAQ","0.11","51.44","","51.38"
"A010580","에스엠벡셀","12","0","KOSPI","0","19.76","","19.76"
"A010640","진양폴리","12","0","KOSPI","-0.34","29","","29.1"
"A010660","화천기계","12","0","KOSPI","-0.14","81.4","","81.51"
"A010690","화신","12","0","KOSPI","-3.15","91.14","","94.11"
"A010770","평화홀딩스","12","0","KOSPI","-0.16","45.34","","45.41"
"A010780","아이에스동서","12","1","KOSPI","0.66","1411.79","","1402.52"
"A010820","퍼스텍","12","0","KOSPI","0.7","104.05","","103.33"
"A010950","S-Oil","12","1","KOSPI","4.23","7205.3","","6912.58"
"A010960","삼호개발","12","0","KOSPI","3.65","117","","112.88"
"A011000","진원생명과학","12","0","KOSPI","-0.78","398.55","","401.68"
"A011040","경동제약","12","0","KOSDAQ","-3.33","346.48","","358.43"
"A011070","LG이노텍","12","1","KOSPI","-0.31","3786.74","","3798.57"
"A011080","형지I&C","12","0","KOSDAQ","-3.52","42.66","","44.21"
"A011090","에넥스","12","0","KOSPI","-0.87","68.09","","68.69"
"A011150","CJ씨푸드","12","0","KOSPI","-1.15","139.59","","141.21"
"A011170","롯데케미칼","12","1","KOSPI","0","6512.33","","6512.33"
"A011200","HMM","12","1","KOSPI","1.49","2221.74","","2189.07"
"A011210","현대위아","12","1","KOSPI","2.7","1188.43","","1157.15"
"A011230","삼화전자","12","0","KOSPI","0.32","32.94","","32.84"
"A011280","태림포장","12","0","KOSPI","0","253.49","","253.49"
"A011300","우성머티리얼스","12","0","KOSPI","0.49","23.37","","23.25"
"A011320","유니크","12","0","KOSDAQ","-1.33","143.17","","145.1"
"A011330","유니켐","12","0","KOSPI","-1.63","103.75","","105.47"
"A011370","서한","12","0","KOSDAQ","-2.59","114.01","","117.04"
"A011390","부산산업","12","0","KOSPI","0.38","138.34","","137.81"
"A011420","갤럭시아에스엠","12","0","KOSPI","-5.44","45.46","","48.07"
"A011500","한농화성","12","0","KOSPI","-5.86","95.39","","101.33"
"A011560","세보엠이씨","12","0","KOSDAQ","0","61.71","","61.71"
"A011690","와이투솔루션","12","0","KOSPI","0","71.36","","71.36"
"A011700","한신기계","12","0","KOSPI","1.84","44.94","","44.13"
"A011760","현대코퍼레이션","12","0","KOSPI","0.7","191.16","","189.84"
"A011780","금호석유화학","12","1","KOSPI","-1.23","2924.9","","2961.46"
"A011790","SKC","12","1","KOSPI","0.92","3295.53","","3265.51"
"A0117P0","피스피스스튜디오","12","0","외감","","","",""
"A011810","STX","12","0","KOSPI","-0.78","100.61","","101.4"
"A011930","신성이엔지","12","0","KOSPI","-1.83","247.26","","251.88"
"A012030","DB","12","0","KOSPI","0.14","146.45","","146.25"
"A0120G0","삼양바이오팜","12","0","외감","","","",""
"A012160","영흥","12","0","KOSPI","-0.38","111.57","","112"
"A012170","아센디오","12","0","KOSPI","0","29.59","","29.59"
"A012200","계양전기","12","0","KOSPI","0.31","105.79","","105.46"
"A012210","삼미금속","12","0","외감","","","",""
"A012280","영화금속","12","0","KOSPI","2.15","97.27","","95.22"
"A012320","경동인베스트","12","0","KOSPI","0","66.1","","66.1"
"A012330","현대모비스","12","1","KOSPI","0.42","22718.07","","22623.02"
"A012340","뉴인텍","12","0","KOSDAQ","-2.69","48.82","","50.17"
"A012450","한화에어로스페이스","12","1","KOSPI","2.05","1387.26","","1359.42"
"A012510","더존비즈온","12","0","KOSPI","0","2982.11","","2982.11"
"A012610","경인양행","12","0","KOSPI","-1.17","383.13","","387.66"
"A012620","원일특강","12","0","KOSDAQ","-0.78","39.16","","39.47"
"A012630","HDC","12","1","KOSPI","-0.44","672.09","","675.08"
"A012690","모나리자","12","0","KOSPI","-0.17","214.67","","215.04"
"A0126Z0","삼성에피스홀딩스","12","0","외감","","","",""
"A012700","리드코프","12","0","KOSDAQ","-0.44","179.83","","180.63"
"A012750","에스원","12","1","KOSPI","5.77","3621.32","","3423.73"
"A012790","신일제약","12","0","KOSDAQ","-3.58","308.53","","319.97"
"A012800","대창","12","0","KOSPI","0.83","110.28","","109.37"
"A012860","모베이스전자","12","0","KOSDAQ","2.84","75.4","","73.32"
"A013000","세우글로벌","12","0","KOSPI","0","53.68","","53.68"
"A013030","하이록코리아","12","0","KOSDAQ","-0.36","187.18","","187.86"
"A013120","동원개발","12","0","KOSDAQ","3.88","340.53","","327.82"
"A013310","아진산업","12","0","KOSDAQ","-0.71","101.95","","102.68"
"A013360","일성건설","12","0","KOSPI","0.42","52.03","","51.81"
"A013520","화승코퍼레이션","12","0","KOSPI","0.28","113.95","","113.63"
"A013570","디와이","12","0","KOSPI","2.49","113.83","","111.07"
"A013580","계룡건설","12","0","KOSPI","-2.15","243.81","","249.17"
"A013700","까뮤이앤씨","12","0","KOSPI","-2.59","59.38","","60.96"
"A013720","청보","12","0","KOSDAQ","-0.23","34.92","","35.01"
"A013810","스페코","12","0","KOSDAQ","3.16","81.34","","78.85"
"A013870","지엠비코리아","12","0","KOSPI","0.58","98.79","","98.22"
"A013890","지누스","12","0","KOSPI","2.98","1295.17","","1257.71"
"A013990","아가방컴퍼니","12","0","KOSDAQ","1.22","95.7","","94.55"
"A014100","메디앙스","12","0","KOSDAQ","0","49.5","","49.5"
"A014130","한익스프레스","12","0","KOSPI","-0.52","57.66","","57.96"
"A014160","대영포장","12","0","KOSPI","-0.93","115.98","","117.07"
"A014190","원익큐브","12","0","KOSDAQ","2.81","58.23","","56.64"
"A014280","금강공업","12","0","KOSPI","-0.93","97.97","","98.88"
"A014440","영보화학","12","0","KOSPI","-0.56","89.5","","90"
"A014470","부방","12","0","KOSDAQ","0","128.51","","128.51"
"A014530","극동유화","12","0","KOSPI","-0.32","109.49","","109.84"
"A014570","고려제약","12","0","KOSDAQ","-3.67","129.8","","134.75"
"A014580","태경비케이","12","0","KOSPI","0.88","110.33","","109.37"
"A014620","성광벤드","12","0","KOSDAQ","3.73","222.79","","214.79"
"A014680","한솔케미칼","12","1","KOSPI","-1.98","1959.72","","1999.25"
"A014710","사조씨푸드","12","0","KOSPI","-0.13","64.66","","64.74"
"A014790","HL D&I","12","0","KOSPI","-1.01","151.81","","153.36"
"A014820","동원시스템즈","12","1","KOSPI","2.68","587.94","","572.57"
"A014830","유니드","12","1","KOSPI","0.1","439.16","","438.71"
"A014910","성문전자","12","0","KOSPI","0.6","32.64","","32.45"
"A014940","오리엔탈정공","12","0","KOSDAQ","7.5","68.59","","63.8"
"A014950","삼익제약","12","0","외감","","","",""
"A014970","삼륭물산","12","0","KOSDAQ","-0.68","132.8","","133.71"
"A014990","인디에프","12","0","KOSPI","-0.25","116.39","","116.69"
"A015020","이스타코","12","0","KOSPI","-0.91","32.61","","32.91"
"A015230","대창단조","12","0","KOSPI","2","80.29","","78.72"
"A015260","에이엔피","12","0","KOSPI","-1.12","14.57","","14.74"
"A015360","INVENI","12","0","KOSPI","0.14","207.9","","207.6"
"A015590","DKME","12","0","KOSPI","2.67","139.74","","136.1"
"A015710","코콤","12","0","KOSDAQ","0.62","113.25","","112.55"
"A015750","성우하이텍","12","0","KOSDAQ","-2.01","253.6","","258.8"
"A015760","한국전력","12","1","KOSPI","7.97","13481.25","","12486.2"
"A015860","일진홀딩스","12","0","KOSPI","13.01","300.03","","265.49"
"A015890","태경산업","12","0","KOSPI","0.4","144.97","","144.39"
"A016090","대현","12","0","KOSPI","0.55","81.48","","81.04"
"A016100","리더스코스메틱","12","0","KOSDAQ","5.8","79.66","","75.3"
"A016250","SGC E&C","12","0","KOSDAQ","0.58","243.6","","242.2"
"A016360","삼성증권","12","1","KOSPI","-1.06","2915.64","","2946.9"
"A016380","KG스틸","12","1","KOSPI","14.62","1490.13","","1300.12"
"A016450","한세예스24홀딩스","12","0","KOSPI","0","166.4","","166.4"
"A016580","환인제약","12","0","KOSPI","0.31","298.53","","297.6"
"A016590","신대양제지","12","0","KOSPI","-0.34","232.92","","233.73"
"A016600","큐캐피탈","12","0","KOSDAQ","-0.18","95.37","","95.54"
"A016610","DB증권","12","0","KOSPI","0.37","170.85","","170.21"
"A016670","디모아","12","0","KOSDAQ","0.63","82.4","","81.89"
"A016710","대성홀딩스","12","0","KOSPI","0.71","229.27","","227.67"
"A016740","두올","12","0","KOSPI","0.52","103.94","","103.39"
"A016790","현대사료","12","0","KOSDAQ","-1.85","98.1","","99.95"
"A016800","퍼시스","12","0","KOSPI","0","328.33","","328.33"
"A016880","웅진","12","0","KOSPI","0.47","85.73","","85.33"
"A016920","카스","12","0","KOSDAQ","-3.35","46.05","","47.65"
"A017000","신원종합개발","12","0","KOSDAQ","5.25","50.44","","47.92"
"A017040","광명전기","12","0","KOSPI","0.54","81.04","","80.61"
"A017180","명문제약","12","0","KOSPI","-2.16","214.93","","219.68"
"A017250","인터엠","9","0","KOSDAQ","0","37.46","","37.46"
"A017370","우신시스템","12","0","KOSPI","-0.17","53.84","","53.93"
"A017390","서울가스","12","0","KOSPI","0","333.5","","333.5"
"A017480","삼현철강","12","0","KOSDAQ","3.01","59.04","","57.32"
"A017510","세명전기","12","0","KOSDAQ","1.4","60.68","","59.84"
"A017550","수산세보틱스","12","0","KOSPI","4.65","97.17","","92.85"
"A017650","대림제지","12","0","KOSDAQ","0.3","60.39","","60.21"
"A017670","SK텔레콤","12","1","KOSPI","-0.42","19136.73","","19217.48"
"A017800","현대엘리베이터","12","1","KOSPI","1.2","1785.24","","1764.15"
"A017810","풀무원","12","0","KOSPI","-2.68","761.82","","782.77"
"A017860","DS단석","12","0","외감","","","",""
"A017890","한국알콜","12","0","KOSDAQ","1.06","413.75","","409.43"
"A017900","광전자","12","0","KOSPI","-1.94","132.11","","134.72"
"A017940","E1","12","0","KOSPI","-0.39","265.14","","266.17"
"A017960","한국카본","12","0","KOSPI","1.3","377.62","","372.79"
"A018000","유니슨","12","0","KOSDAQ","0.72","228.3","","226.66"
"A018120","진로발효","12","0","KOSDAQ","-0.16","201.94","","202.28"
"A018250","애경산업","12","1","KOSPI","0.67","592.9","","588.94"
"A018260","삼성에스디에스","12","1","KOSPI","0.61","12806.03","","12728.65"
"A018290","브이티","12","0","KOSDAQ","-2","300.58","","306.7"
"A018310","삼목에스폼","12","0","KOSDAQ","1.52","117.89","","116.13"
"A018470","조일알미늄","12","0","KOSPI","2.66","43.29","","42.16"
"A018500","동원모빌리티","3","0","KOSPI","5.76","34.32","","32.45"
"A018620","우진비앤지","12","0","KOSDAQ","-0.52","103.35","","103.89"
"A018670","SK가스","12","0","KOSPI","0.54","865.8","","861.18"
"A018680","서울제약","12","0","KOSDAQ","-0.47","89.52","","89.95"
"A018700","졸스","12","0","KOSDAQ","-0.91","80.16","","80.9"
"A018880","한온시스템","12","1","KOSPI","-0.91","5818.42","","5871.8"
"A019010","베뉴지","12","0","KOSDAQ","-1.2","79.53","","80.49"
"A019170","신풍제약","12","0","KOSPI","1.72","4074.55","","4005.67"
"A019180","티에이치엔","12","0","KOSPI","0","47.97","","47.97"
"A019210","와이지-원","12","0","KOSDAQ","1.06","145.23","","143.7"
"A019490","엑시큐어하이트론","12","0","KOSPI","-0.86","15.93","","16.07"
"A019540","일지테크","12","0","KOSDAQ","-1.99","49.8","","50.81"
"A019550","SBI인베스트먼트","12","0","KOSDAQ","-1.22","131.11","","132.73"
"A019570","GMI벤처","12","0","KOSDAQ","-1.97","34.86","","35.56"
"A019660","글로본","12","0","KOSDAQ","0.3","96.7","","96.41"
"A019680","대교","12","1","KOSPI","-0.25","335.85","","336.69"
"A019770","서연탑메탈","12","0","KOSDAQ","0","40.66","","40.66"
"A019990","에너토크","12","0","KOSDAQ","-2.47","36.54","","37.46"
"A020000","한섬","12","1","KOSPI","0.97","765.99","","758.6"
"A020120","키다리스튜디오","12","0","KOSPI","-1.47","136.97","","139.01"
"A020150","롯데에너지머티리얼즈","12","1","KOSPI","-1.6","2554.54","","2596.04"
"A020180","대신정보통신","3","0","KOSDAQ","-0.42","45.54","","45.73"
"A020400","대동금속","12","0","KOSDAQ","-0.48","21.83","","21.93"
"A020560","아시아나항공","12","1","KOSPI","3.6","996.75","","962.14"
"A020710","시공테크","12","0","KOSDAQ","0","103.05","","103.05"
"A020760","일진디스플","12","0","KOSPI","0.47","90.18","","89.76"
"A021040","대호특수강","12","0","KOSDAQ","1.13","52.57","","51.98"
"A021050","서원","12","0","KOSPI","1.52","158.57","","156.19"
"A021080","에이티넘인베스트","12","0","KOSDAQ","0.85","113.28","","112.32"
"A021240","코웨이","12","1","KOSPI","10.55","6494.37","","5874.45"
"A021320","KCC건설","12","0","KOSDAQ","0.87","173.77","","172.27"
"A021650","한국큐빅","12","0","KOSDAQ","2.87","52.73","","51.26"
"A021820","세원정공","6","0","KOSPI","0","80.9","","80.9"
"A021880","메이슨캐피탈","3","0","KOSDAQ","-2.9","26.58","","27.37"
"A022100","포스코DX","12","0","KOSDAQ","1.35","684.16","","675.03"
"A022220","티케이지애강","12","0","KOSDAQ","-1.03","99.19","","100.22"
"A023000","삼원강재","12","0","KOSPI","0","91.4","","91.4"
"A023150","MH에탄올","12","0","KOSPI","-1.65","61.39","","62.42"
"A023160","태광","12","0","KOSDAQ","0.95","197.43","","195.57"
"A023350","한국종합기술","12","0","KOSPI","2.4","44.35","","43.31"
"A023410","유진기업","12","0","KOSDAQ","-0.57","334.76","","336.69"
"A023440","제이스코홀딩스","12","0","KOSDAQ","2.4","50.28","","49.1"
"A023450","동남합성","12","0","KOSPI","3.18","128.88","","124.91"
"A023530","롯데쇼핑","12","1","KOSPI","0.63","2274.42","","2260.27"
"A023590","다우기술","12","0","KOSPI","-0.23","962.39","","964.63"
"A023600","삼보판지","12","0","KOSDAQ","-0.63","126.77","","127.58"
"A023760","한국캐피탈","12","0","KOSDAQ","-0.19","166.96","","167.27"
"A023770","플레이위드","12","0","KOSDAQ","13.62","115.43","","101.6"
"A023790","동일스틸럭스","12","0","KOSDAQ","-5.03","27.76","","29.23"
"A023800","인지컨트롤스","12","0","KOSPI","-1.45","82.62","","83.84"
"A023810","인팩","12","0","KOSPI","1.06","47.5","","47"
"A023900","풍국주정","12","0","KOSDAQ","-3.04","301.77","","311.22"
"A023910","대한약품","12","0","KOSDAQ","0","188.4","","188.4"
"A023960","에쓰씨엔지니어링","12","0","KOSPI","0","29.14","","29.14"
"A024060","흥구석유","12","0","KOSDAQ","-0.15","100.65","","100.8"
"A024070","WISCOM","12","0","KOSPI","-0.43","35.17","","35.33"
"A024090","디씨엠","12","0","KOSPI","0","128.7","","128.7"
"A024110","기업은행","12","1","KOSPI","3.33","5871.77","","5682.36"
"A024120","KB오토시스","12","0","KOSDAQ","0","75.21","","75.21"
"A024720","콜마홀딩스","12","0","KOSPI","-3.37","565.08","","584.81"
"A024740","한일단조","12","0","KOSDAQ","1.07","56.35","","55.75"
"A024800","유성티엔에스","12","0","KOSDAQ","8.35","67.08","","61.91"
"A024830","세원물산","12","0","KOSDAQ","0","52.44","","52.44"
"A024840","KBI메탈","12","0","KOSDAQ","1.95","43.17","","42.34"
"A024850","HLB이노베이션","12","0","KOSDAQ","-0.12","32.73","","32.77"
"A024880","케이피에프","12","0","KOSDAQ","0.61","72.5","","72.07"
"A024890","대원화성","12","0","KOSPI","2.08","80.85","","79.2"
"A024900","디와이덕양","12","0","KOSPI","-1.8","53.24","","54.22"
"A024910","경창산업","12","0","KOSDAQ","1.94","37.61","","36.89"
"A024940","PN풍년","12","0","KOSDAQ","-5.98","43.2","","45.95"
"A024950","삼천리자전거","12","0","KOSDAQ","-2.46","157.96","","161.94"
"A025000","KPX케미칼","12","0","KOSPI","0.77","222.4","","220.7"
"A025320","시노펙스","12","0","KOSDAQ","-3.03","441.9","","455.68"
"A025440","DH오토웨어","12","0","KOSDAQ","1.55","65.28","","64.28"
"A025530","SJM홀딩스","12","0","KOSPI","2.36","38.83","","37.93"
"A025540","한국단자","12","0","KOSPI","0.77","475.44","","471.8"
"A025550","한국선재","12","0","KOSDAQ","-1.46","74.43","","75.53"
"A025560","미래산업","12","0","KOSPI","0.48","52.87","","52.62"
"A025620","차AI헬스케어","12","0","KOSPI","-0.34","105.39","","105.75"
"A025750","한솔홈데코","12","0","KOSPI","7.79","100.3","","93.05"
"A025770","한국정보통신","12","0","KOSDAQ","-0.63","352.35","","354.6"
"A025820","이구산업","12","0","KOSPI","-0.32","52.17","","52.34"
"A025860","남해화학","12","1","KOSPI","-0.66","450.09","","453.07"
"A025870","신라에스지","12","0","KOSDAQ","3.35","38.28","","37.04"
"A025880","케이씨피드","12","0","KOSDAQ","-0.51","32.35","","32.51"
"A025890","한국주강","12","0","KOSPI","-2.51","15.38","","15.78"
"A025900","동화기업","12","0","KOSDAQ","-3.28","1013.96","","1048.3"
"A025950","동신건설","12","0","KOSDAQ","-1.4","118.44","","120.12"
"A025980","아난티","12","0","KOSDAQ","0","868.82","","868.82"
"A026040","제이에스티나","12","0","KOSDAQ","-0.22","37.46","","37.55"
"A026150","특수건설","12","0","KOSDAQ","11.14","121.57","","109.38"
"A026890","스틱인베스트먼트","12","0","KOSPI","-6.1","737.7","","785.63"
"A026910","광진실업","12","0","KOSDAQ","-0.95","19.98","","20.18"
"A026940","부국철강","12","0","KOSPI","4.07","112.6","","108.2"
"A026960","동서","12","1","KOSPI","0.94","2133.58","","2113.64"
"A027040","서울전자통신","12","0","KOSDAQ","-0.51","54.42","","54.7"
"A027050","코리아나","12","0","KOSDAQ","-1.66","213.6","","217.2"
"A027360","아주IB투자","12","0","KOSDAQ","9.61","182.82","","166.79"
"A027410","BGF","12","1","KOSPI","0.47","408.71","","406.8"
"A027580","상보","12","0","KOSDAQ","0.48","48.57","","48.33"
"A027710","팜스토리","12","0","KOSDAQ","0.81","138.16","","137.04"
"A027740","마니커","12","0","KOSPI","2.11","122.66","","120.12"
"A027830","대성창투","12","0","KOSDAQ","6.08","80.2","","75.6"
"A027970","한국제지","12","0","KOSPI","1.28","46.86","","46.27"
"A028050","삼성E&A","12","1","KOSPI","2.92","2420.6","","2352"
"A028080","휴맥스홀딩스","12","0","KOSDAQ","-0.47","39.56","","39.74"
"A028100","동아지질","12","0","KOSPI","-2.57","196.08","","201.25"
"A028260","삼성물산","12","1","KOSPI","0.91","20651.02","","20464.14"
"A028300","HLB","12","0","KOSDAQ","0.12","4270.3","","4265.03"
"A028670","팬오션","12","1","KOSPI","1.92","1988.6","","1951.18"
"A029460","케이씨","12","0","KOSPI","-0.43","311.07","","312.42"
"A029480","광무","12","0","KOSDAQ","-0.49","37.66","","37.84"
"A029530","신도리코","12","0","KOSPI","3.38","246.96","","238.9"
"A029780","삼성카드","12","1","KOSPI","0.34","3400.46","","3388.87"
"A030000","제일기획","12","1","KOSPI","1.09","2134.01","","2111.01"
"A030190","NICE평가정보","12","0","KOSDAQ","2.21","1265.9","","1238.58"
"A030200","KT","12","1","KOSPI","1.23","6462.52","","6384.18"
"A030210","다올투자증권","12","0","KOSPI","1.86","181.24","","177.93"
"A030350","드래곤플라이","12","0","KOSDAQ","2.28","53.87","","52.67"
"A030520","한컴","12","0","KOSDAQ","-0.28","428.93","","430.15"
"A030530","원익홀딩스","12","0","KOSDAQ","-0.53","363.79","","365.72"
"A030610","교보증권","12","0","KOSPI","-0.81","474.56","","478.43"
"A030720","동원수산","12","0","KOSPI","0.32","43.61","","43.47"
"A030960","양지사","6","0","KOSDAQ","0","151.81","","151.81"
"A031210","서울보증보험","12","0","외감","","","",""
"A031310","아이즈비전","12","0","KOSDAQ","-0.65","60.72","","61.12"
"A031330","에스에이엠티","12","0","KOSDAQ","0.23","219.99","","219.49"
"A031430","신세계인터내셔날","12","1","KOSPI","3.75","1085.28","","1046.01"
"A031440","신세계푸드","12","0","KOSPI","4.31","215.7","","206.79"
"A031510","오스템","12","0","KOSDAQ","0","59.41","","59.41"
"A031820","아이티센씨티에스","12","0","KOSPI","-1.64","81.42","","82.78"
"A031860","디에이치엑스컴퍼니","12","0","KOSDAQ","0.45","48.28","","48.06"
"A031980","피에스케이홀딩스","12","0","KOSDAQ","0.14","155.46","","155.25"
"A032080","아즈텍WB","12","0","KOSDAQ","-0.31","35.03","","35.14"
"A032190","다우데이타","12","0","KOSDAQ","0","601.31","","601.31"
"A032280","삼일","12","0","KOSDAQ","0.27","29.75","","29.67"
"A032300","한국파마","12","0","KOSDAQ","-4.15","176.14","","183.78"
"A032350","롯데관광개발","12","1","KOSPI","3.87","1208.86","","1163.83"
"A032500","케이엠더블유","12","0","KOSDAQ","3.8","3157.8","","3042.32"
"A032540","TJ미디어","12","0","KOSDAQ","0.37","38.03","","37.89"
"A032560","황금에스티","12","0","KOSPI","21.71","109.9","","90.3"
"A032580","피델릭스","12","0","KOSDAQ","0","42.31","","42.31"
"A032620","GC메디아이","12","0","KOSDAQ","0","602.88","","602.88"
"A032640","LG유플러스","12","1","KOSPI","-2.46","5195.68","","5326.66"
"A032680","소프트센","12","0","KOSDAQ","-0.49","67.66","","67.99"
"A032750","삼진","12","0","KOSDAQ","2.05","59.64","","58.44"
"A032790","엠젠솔루션","12","0","KOSDAQ","0","73.91","","73.91"
"A032800","판타지오","6","0","KOSDAQ","0.49","59.84","","59.54"
"A032820","우리기술","12","0","KOSDAQ","0.14","76.26","","76.15"
"A032830","삼성생명","12","1","KOSPI","1.81","11260","","11060"
"A032850","비트컴퓨터","12","0","KOSDAQ","0","186.18","","186.18"
"A032860","더라미","12","0","KOSDAQ","10.38","21.11","","19.13"
"A032940","원익","12","0","KOSDAQ","2.25","66.13","","64.68"
"A032960","동일기연","12","0","KOSDAQ","-0.22","31.38","","31.45"
"A032980","바이온","12","0","KOSDAQ","0","62.15","","62.15"
"A033050","제이엠아이","12","0","KOSDAQ","0.47","34.53","","34.37"
"A033100","제룡전기","12","0","KOSDAQ","0.55","88.83","","88.34"
"A033130","디지틀조선","12","0","KOSDAQ","-0.26","144.19","","144.56"
"A033160","엠케이전자","12","0","KOSDAQ","0","270.42","","270.42"
"A033170","시그네틱스","12","0","KOSDAQ","-0.72","59.41","","59.84"
"A033200","모아텍","3","0","KOSDAQ","1.02","63.7","","63.06"
"A033230","인성정보","12","0","KOSDAQ","-0.96","75.23","","75.96"
"A033240","자화전자","12","0","KOSPI","6.84","223.75","","209.43"
"A033250","체시스","12","0","KOSPI","0.16","73.2","","73.08"
"A033270","유나이티드제약","12","0","KOSPI","2.55","423.99","","413.43"
"A033290","로젠","12","0","KOSDAQ","0.32","557.55","","555.78"
"A033310","엠투엔","12","0","KOSDAQ","3.28","103.71","","100.41"
"A033320","제이씨현시스템","12","0","KOSDAQ","0.33","115.83","","115.45"
"A033340","좋은사람들","12","0","KOSDAQ","0.27","93.58","","93.33"
"A033500","동성화인텍","12","0","KOSDAQ","-1","268.49","","271.19"
"A033530","SJG세종","12","0","KOSPI","4.27","185.92","","175.75"
"A033540","파라텍","12","0","KOSDAQ","1.87","101.73","","99.86"
"A033560","블루콤","12","0","KOSDAQ","1.87","147.78","","145.07"
"A033640","네패스","12","0","KOSDAQ","-2.18","774.79","","792.08"
"A033780","KT&G","12","1","KOSPI","2.2","12095.47","","11834.61"
"A033790","피노","12","0","KOSDAQ","0","14.19","","14.19"
"A033830","티비씨","12","0","KOSDAQ","0.31","64.8","","64.6"
"A033920","무학","12","0","KOSPI","1.82","159.03","","156.18"
"A034020","두산에너빌리티","12","1","KOSPI","-2.16","2290.92","","2341.55"
"A034120","SBS","12","0","KOSPI","1.9","293.87","","288.39"
"A034220","LG디스플레이","12","1","KOSPI","0","4705.28","","4705.28"
"A034230","파라다이스","12","0","KOSDAQ","1.12","1232.27","","1218.63"
"A034310","NICE","12","0","KOSPI","2.52","770.9","","751.96"
"A034590","인천도시가스","12","0","KOSPI","0.61","107.84","","107.18"
"A034730","SK","12","1","KOSPI","-1.64","16921.65","","17203.09"
"A034810","해성산업","12","0","KOSDAQ","0","219.24","","219.24"
"A034830","한국토지신탁","12","0","KOSPI","0.57","443.12","","440.59"
"A034940","조아제약","12","0","KOSDAQ","0","161.1","","161.1"
"A034950","한국기업평가","12","0","KOSDAQ","2.28","407.74","","398.66"
"A035000","HS애드","12","0","KOSPI","-0.19","86.32","","86.48"
"A035080","그래디언트","12","0","KOSDAQ","-0.22","182.68","","183.08"
"A035150","백산","12","0","KOSPI","-0.94","127.29","","128.5"
"A035200","프럼파스트","12","0","KOSDAQ","-1.52","47.19","","47.92"
"A035250","강원랜드","12","1","KOSPI","1.99","4931.33","","4835.06"
"A035290","골드앤에스","12","0","KOSDAQ","0","30.2","","30.2"
"A035420","NAVER","12","1","KOSPI","-0.64","51168.05","","51496.57"
"A035460","기산텔레콤","12","0","KOSDAQ","2.16","44.9","","43.95"
"A035510","신세계 I&C","12","0","KOSPI","0","220.16","","220.16"
"A035600","KG이니시스","12","0","KOSDAQ","0","654.36","","654.36"
"A035610","솔본","12","0","KOSDAQ","1.18","93.93","","92.84"
"A035620","바른손이앤에이","12","0","KOSDAQ","-0.89","123.07","","124.17"
"A035720","카카오","12","1","KOSPI","-0.98","31024.93","","31332.98"
"A035760","CJ ENM","12","0","KOSDAQ","1.69","2763.07","","2717.02"
"A035810","이지홀딩스","12","0","KOSDAQ","0.91","278.2","","275.7"
"A035890","서희건설","12","0","KOSDAQ","0","247.46","","247.46"
"A035900","JYP Ent.","12","0","KOSDAQ","-0.56","1249.42","","1256.52"
"A036000","예림당","12","0","KOSDAQ","2.46","52.86","","51.6"
"A036010","아비코전자","12","0","KOSDAQ","-0.33","79.23","","79.49"
"A036030","케이티알파","12","0","KOSDAQ","-2.17","193.58","","197.86"
"A036090","위지트","12","0","KOSDAQ","0.15","56.95","","56.86"
"A036120","서울평가정보","12","0","KOSDAQ","-2.43","185.67","","190.28"
"A036170","에이치엠넥스","12","0","KOSDAQ","-4.69","59.56","","62.49"
"A036190","금화피에스시","12","0","KOSDAQ","-1.01","147.3","","148.8"
"A036200","유니셈","12","0","KOSDAQ","-2.27","224.77","","229.98"
"A036220","오상헬스케어","12","0","K-OTC","1.77","1252.24","","1230.51"
"A036420","콘텐트리중앙","12","0","KOSPI","4.11","498.11","","478.44"
"A036460","한국가스공사","12","1","KOSPI","4.05","2372.44","","2280.13"
"A036480","대성미생물","12","0","KOSDAQ","0.55","69.92","","69.54"
"A036530","SNT홀딩스","12","0","KOSPI","0.33","250.26","","249.45"
"A036540","SFA반도체","12","0","KOSDAQ","-0.51","965.38","","970.32"
"A036560","KZ정밀","12","0","KOSDAQ","-0.79","118.13","","119.07"
"A036570","NC","12","1","KOSPI","-0.12","18441.38","","18463.33"
"A036580","팜스코","12","0","KOSPI","0.49","224.78","","223.67"
"A036620","감성코퍼레이션","12","0","KOSDAQ","1.83","47.18","","46.33"
"A036630","세종텔레콤","12","0","KOSDAQ","-3.07","170.49","","175.9"
"A036640","HRS","12","0","KOSDAQ","1.85","53.97","","52.99"
"A036670","삼양케이씨아이","12","0","KOSDAQ","1.39","123.41","","121.72"
"A036690","코맥스","12","0","KOSDAQ","0","93.7","","93.7"
"A036710","심텍홀딩스","12","0","KOSDAQ","11.63","101.08","","90.55"
"A036800","나이스정보통신","12","0","KOSDAQ","0","238.5","","238.5"
"A036810","에프에스티","12","0","KOSDAQ","-2.02","490.67","","500.79"
"A036830","솔브레인홀딩스","12","0","KOSDAQ","-3.89","618.55","","643.56"
"A036890","진성티이씨","12","0","KOSDAQ","2.07","188.18","","184.35"
"A036930","주성엔지니어링","12","0","KOSDAQ","-0.51","378.76","","380.69"
"A037030","파워넷","12","0","KOSDAQ","-0.64","63.51","","63.92"
"A037070","파세코","12","0","KOSDAQ","2.99","193.2","","187.6"
"A037230","한국팩키지","12","0","KOSDAQ","0.37","68","","67.75"
"A037270","YG PLUS","12","0","KOSPI","-2.65","224.25","","230.36"
"A037330","인지디스플레","12","0","KOSDAQ","-0.56","78.55","","78.99"
"A037350","성도이엔지","12","0","KOSDAQ","0","54.92","","54.92"
"A037370","EG","12","0","KOSDAQ","1.93","67.5","","66.23"
"A037400","우리엔터프라이즈","12","0","KOSDAQ","0.43","28.91","","28.79"
"A037440","희림","12","0","KOSDAQ","1.2","52.77","","52.14"
"A037460","삼지전자","12","0","KOSDAQ","-0.39","208.06","","208.88"
"A037560","LG헬로비전","12","0","KOSPI","1.5","314.82","","310.17"
"A037710","광주신세계","12","0","KOSPI","0.72","222.4","","220.8"
"A037760","쎄니트","12","0","KOSDAQ","1.69","60.9","","59.88"
"A037950","엘컴텍","12","0","KOSDAQ","-0.5","168.05","","168.9"
"A038010","제일테크노스","12","0","KOSDAQ","-7.74","50.4","","54.63"
"A038060","루멘스","12","0","KOSDAQ","-1.64","85.66","","87.09"
"A038070","서린바이오","12","0","KOSDAQ","2.22","110.41","","108.01"
"A038110","에코플라스틱","12","0","KOSDAQ","-2.99","37.48","","38.63"
"A038290","마크로젠","12","0","KOSDAQ","-4.55","389.45","","408.02"
"A038390","레드캡투어","12","0","KOSDAQ","0","133.14","","133.14"
"A038460","바이오스마트","12","0","KOSDAQ","9.42","303.33","","277.21"
"A038500","삼표시멘트","12","0","KOSDAQ","-1.05","403.13","","407.42"
"A038530","케이바이오랩스","12","0","KOSDAQ","0.38","58.92","","58.7"
"A038540","상상인","12","0","KOSDAQ","11.15","352.99","","317.58"
"A038620","위즈코프","12","0","KOSDAQ","0.1","38.09","","38.05"
"A038680","에스넷","12","0","KOSDAQ","-1.39","113.97","","115.58"
"A038870","에코심플렉스","12","0","KOSDAQ","-1.36","101.25","","102.64"
"A038880","아이에이","12","0","KOSDAQ","-0.69","105.02","","105.74"
"A038950","파인디지털","12","0","KOSDAQ","-1.11","50.24","","50.8"
"A039010","현대에이치티","12","0","KOSDAQ","0.59","58.91","","58.56"
"A039020","이건홀딩스","12","0","KOSDAQ","0","59.4","","59.4"
"A039030","이오테크닉스","12","0","KOSDAQ","-2.78","1509.14","","1552.26"
"A039130","하나투어","12","0","KOSPI","0.13","544.33","","543.63"
"A039200","오스코텍","12","0","KOSDAQ","12.24","963.61","","858.49"
"A039240","경남스틸","12","0","KOSDAQ","0.29","42.75","","42.63"
"A039290","인포뱅크","12","0","KOSDAQ","4.79","62.77","","59.9"
"A039310","세중","12","0","KOSDAQ","-0.19","48.66","","48.75"
"A039340","한국경제TV","12","0","KOSDAQ","-0.83","137.77","","138.92"
"A039420","케이엘넷","12","0","KOSDAQ","-1.91","55.92","","57.01"
"A039440","에스티아이","12","0","KOSDAQ","-1.64","284.15","","288.9"
"A039490","키움증권","12","0","KOSPI","-0.85","2585.67","","2607.77"
"A039560","다산네트웍스","12","0","KOSDAQ","1.47","464.95","","458.23"
"A039570","HDC랩스","12","0","KOSPI","-0.81","141.56","","142.71"
"A039610","화성밸브","12","0","KOSDAQ","1.47","57.47","","56.63"
"A039740","한국정보공학","12","0","KOSDAQ","0.99","24.5","","24.26"
"A039830","오로라","12","0","KOSDAQ","-0.21","101.39","","101.6"
"A039840","디오","12","0","KOSDAQ","0.91","432.33","","428.45"
"A039860","나노엔텍","12","0","KOSDAQ","-3.75","309.11","","321.16"
"A039980","폴라리스AI","12","0","KOSDAQ","0","48.6","","48.6"
"A040160","누리플렉스","12","0","KOSDAQ","1.52","80.77","","79.57"
"A040300","YTN","12","0","KOSDAQ","-0.5","125.79","","126.42"
"A040350","크레오에스지","12","0","KOSDAQ","1.56","259.37","","255.39"
"A040420","정상제이엘에스","12","0","KOSDAQ","2.09","99.4","","97.36"
"A040610","SG&G","12","0","KOSDAQ","1.03","49.94","","49.43"
"A040910","아이씨디","12","0","KOSDAQ","3.57","283.95","","274.16"
"A041020","폴라리스오피스","12","0","KOSDAQ","-0.7","53.2","","53.57"
"A041190","우리기술투자","12","0","KOSDAQ","-2.93","236.88","","244.02"
"A041440","현대에버다임","12","0","KOSDAQ","-1.67","79.28","","80.62"
"A041460","한국전자인증","12","0","KOSDAQ","-0.66","129.4","","130.26"
"A041510","에스엠","12","0","KOSDAQ","-0.29","817.22","","819.56"
"A041520","이엘씨","12","0","KOSDAQ","1.36","81.66","","80.57"
"A041590","플래스크","12","0","KOSDAQ","-2.53","56.6","","58.07"
"A041650","상신브레이크","12","0","KOSPI","0.19","58.08","","57.97"
"A041830","인바디","12","0","KOSDAQ","-1.73","233.31","","237.41"
"A041910","폴라리스AI파마","12","0","KOSDAQ","0.79","151.7","","150.51"
"A041920","메디아나","12","0","KOSDAQ","-0.25","176.04","","176.47"
"A041930","SY동아","12","0","KOSDAQ","-4.35","138.88","","145.2"
"A041960","코미팜","12","0","KOSDAQ","0.31","1052.65","","1049.44"
"A042000","카페24","12","0","KOSDAQ","3.81","668.63","","644.11"
"A042040","케이피엠테크","12","0","KOSDAQ","3.36","144.92","","140.21"
"A042110","에스씨디","12","0","KOSDAQ","-2.55","55.34","","56.79"
"A042370","비츠로테크","12","0","KOSDAQ","1.78","216.83","","213.03"
"A042420","네오위즈홀딩스","12","0","KOSDAQ","-4.39","144.81","","151.45"
"A042500","링네트","12","0","KOSDAQ","0","73.95","","73.95"
"A042510","라온시큐어","12","0","KOSDAQ","-2.33","119.76","","122.63"
"A042520","한스바이오메드","9","0","KOSDAQ","-0.25","203.44","","203.94"
"A042600","새로닉스","12","0","KOSDAQ","3.18","60.38","","58.52"
"A042660","한화오션","12","1","KOSPI","8.69","2749.83","","2530.06"
"A042700","한미반도체","12","0","KOSPI","3.39","628.32","","607.72"
"A042940","상지건설","12","0","KOSDAQ","-4.33","74.82","","78.21"
"A043090","더테크놀로지","12","0","KOSDAQ","-1.11","101.52","","102.66"
"A043100","알파AI","12","0","KOSDAQ","0","22.64","","22.64"
"A043150","바텍","12","0","KOSDAQ","0.21","352.79","","352.05"
"A043200","파루","12","0","KOSDAQ","-2.04","101.73","","103.85"
"A043220","티에스넥스젠","12","0","KOSDAQ","0.46","99.32","","98.86"
"A043260","성호전자","12","0","KOSDAQ","0","28.09","","28.09"
"A043340","에쎈테크","12","0","KOSDAQ","1.75","83.88","","82.44"
"A043360","디지아이","12","0","KOSDAQ","0","20.75","","20.75"
"A043370","피에이치에이","12","0","KOSDAQ","0","154.77","","154.77"
"A043590","웰킵스하이텍","12","0","KOSDAQ","0","34.72","","34.72"
"A043610","KT지니뮤직","12","0","KOSDAQ","-2.15","211.54","","216.19"
"A043650","국순당","12","0","KOSDAQ","4.11","76.97","","73.93"
"A043710","코스리거글로벌","12","0","KOSDAQ","-2.4","35.43","","36.3"
"A043910","자연과환경","12","0","KOSDAQ","3.89","92.21","","88.76"
"A044180","KD","12","0","KOSDAQ","0","38.78","","38.78"
"A044340","위닉스","12","0","KOSDAQ","0.47","378.02","","376.24"
"A044380","주연테크","12","0","KOSPI","1.75","63.62","","62.53"
"A044450","KSS해운","12","0","KOSPI","-0.35","199.17","","199.86"
"A044480","빌리언스","12","0","KOSDAQ","-1.74","72.54","","73.82"
"A044490","태웅","12","0","KOSDAQ","-5.86","257.09","","273.1"
"A044780","에이치케이","12","0","KOSDAQ","1.56","24.06","","23.69"
"A044820","코스맥스비티아이","12","0","KOSPI","0.22","220.89","","220.41"
"A044960","이글벳","12","0","KOSDAQ","1.64","109.73","","107.96"
"A044990","에이치엔에스하이텍","12","0","KONEX","-1.2","49.57","","50.17"
"A045060","오공","12","0","KOSDAQ","0.6","85.22","","84.71"
"A045100","한양이엔지","12","0","KOSDAQ","0.46","195.3","","194.4"
"A045300","성우테크론","12","0","KOSDAQ","8.1","69.04","","63.86"
"A045340","토탈소프트","12","0","KOSDAQ","-5.57","41.38","","43.82"
"A045390","대아티아이","12","0","KOSDAQ","-1","493.08","","498.06"
"A045510","정원엔시스","12","0","KOSDAQ","3.26","56.04","","54.27"
"A045520","크린앤사이언스","12","0","KOSDAQ","-1.15","250.9","","253.83"
"A045660","에이텍","12","0","KOSDAQ","1.07","274.23","","271.34"
"A045970","코아시아","12","0","KOSDAQ","-0.43","301.93","","303.24"
"A046070","코다코","12","0","KOSDAQ","5.75","46.68","","44.14"
"A046120","오르비텍","12","0","KOSDAQ","-4.18","81.84","","85.41"
"A046210","HLB파나진","12","0","KOSDAQ","-5.49","193.78","","205.03"
"A046310","백금T&A","12","0","KOSDAQ","4.27","47.61","","45.66"
"A046390","삼화네트웍스","12","0","KOSDAQ","1.08","60.44","","59.79"
"A046440","KG파이낸셜","12","0","KOSDAQ","1.87","423.2","","415.43"
"A046890","서울반도체","12","0","KOSDAQ","-0.86","1002.85","","1011.6"
"A046940","우원개발","12","0","KOSDAQ","4.58","115.68","","110.62"
"A046970","우리로","12","0","KOSDAQ","0.3","46.23","","46.1"
"A047040","대우건설","12","1","KOSPI","2.13","1496.24","","1465.07"
"A047050","포스코인터내셔널","12","1","KOSPI","2.16","1751.93","","1714.91"
"A047080","한빛소프트","12","0","KOSDAQ","-0.13","92.3","","92.43"
"A047310","파워로직스","12","0","KOSDAQ","-2.03","282.6","","288.45"
"A047400","유니온머티리얼","12","0","KOSPI","3","230.58","","223.86"
"A047560","이스트소프트","12","0","KOSDAQ","-0.31","63.36","","63.55"
"A047770","코데즈컴바인","12","0","KOSDAQ","-1.33","98.39","","99.72"
"A047810","한국항공우주","12","1","KOSPI","3.93","2446.63","","2354.02"
"A047820","초록뱀미디어","12","0","KOSDAQ","-0.93","144.9","","146.26"
"A047920","HLB제약","12","0","KOSDAQ","0.53","80.04","","79.62"
"A048410","현대바이오","12","0","KOSDAQ","1.98","461.52","","452.54"
"A048430","유라테크","12","0","KOSDAQ","0","145.73","","145.73"
"A048470","대동스틸","12","0","KOSDAQ","2.92","52.9","","51.4"
"A048530","인트론바이오","12","0","KOSDAQ","2.23","573.83","","561.29"
"A048550","SM C&C","12","0","KOSDAQ","-1.69","165.09","","167.93"
"A048770","TPC로보틱스","12","0","KOSDAQ","0.27","49.61","","49.47"
"A048830","엔피케이","12","0","KOSDAQ","-0.29","32.11","","32.21"
"A048870","시너지이노베이션","12","0","KOSDAQ","-0.91","143.28","","144.6"
"A048910","대원미디어","12","0","KOSDAQ","0.16","78.49","","78.37"
"A049070","인탑스","12","0","KOSDAQ","0.33","258.86","","258"
"A049080","기가레인","12","0","KOSDAQ","2.42","55.41","","54.11"
"A049120","파인디앤씨","12","0","KOSDAQ","5.14","51.27","","48.77"
"A049180","셀루메드","12","0","KOSDAQ","0","177.61","","177.61"
"A049430","코메론","12","0","KOSDAQ","-0.46","78.08","","78.45"
"A049470","비트플래닛","12","0","KOSDAQ","0","27.76","","27.76"
"A049480","오픈베이스","12","0","KOSDAQ","0.16","100.87","","100.71"
"A049520","유아이엘","12","0","KOSDAQ","-0.24","89.1","","89.32"
"A049550","잉크테크","12","0","KOSDAQ","1.37","53.19","","52.47"
"A049630","재영솔루텍","12","0","KOSDAQ","0.97","53.26","","52.75"
"A049720","고려신용정보","12","0","KOSDAQ","0","78.22","","78.22"
"A049800","우진플라임","12","0","KOSPI","-0.58","34.2","","34.4"
"A049830","승일","12","0","KOSDAQ","-0.12","52.37","","52.43"
"A049950","미래컴퍼니","12","0","KOSDAQ","0","235.82","","235.82"
"A049960","쎌바이오텍","12","0","KOSDAQ","-1.74","158.86","","161.68"
"A050090","비케이홀딩스","12","0","KOSDAQ","0","40.91","","40.91"
"A050110","캠시스","12","0","KOSDAQ","-0.62","218.78","","220.14"
"A050120","ES큐브","12","0","KOSDAQ","2.25","98.75","","96.58"
"A050760","에스폴리텍","12","0","KOSDAQ","2.7","130.51","","127.08"
"A050860","아세아텍","6","0","KOSDAQ","-0.78","55.56","","56"
"A050890","쏠리드","12","0","KOSDAQ","9.85","581.86","","529.68"
"A050960","수산아이앤티","12","0","KOSDAQ","2.83","85.74","","83.37"
"A051160","지어소프트","12","0","KOSDAQ","-1.9","188.01","","191.66"
"A051360","토비스","12","0","KOSDAQ","-3.11","119.69","","123.54"
"A051370","인터플렉스","12","0","KOSDAQ","0.72","327.75","","325.42"
"A051380","피씨디렉트","12","0","KOSDAQ","-1.76","85.5","","87.04"
"A051390","YW","12","0","KOSDAQ","0.66","42.98","","42.7"
"A051490","나라엠앤디","12","0","KOSDAQ","-4.54","116.44","","121.98"
"A051500","CJ프레시웨이","12","0","KOSDAQ","2.25","188.76","","184.6"
"A051600","한전KPS","12","1","KOSPI","5.25","1399.5","","1329.75"
"A051630","진양화학","12","0","KOSPI","-0.81","43.98","","44.34"
"A051780","큐로홀딩스","12","0","KOSDAQ","2.2","57.8","","56.55"
"A051900","LG생활건강","12","1","KOSPI","8.86","24567.42","","22568.29"
"A051910","LG화학","12","1","KOSPI","5.28","53509","","50826.49"
"A051980","중앙첨단소재","12","0","KOSDAQ","-0.56","32.97","","33.15"
"A052020","에스티큐브","12","0","KOSDAQ","1.3","306.89","","302.94"
"A052220","iMBC","12","0","KOSDAQ","-2.52","62.22","","63.83"
"A052260","현대바이오랜드","12","0","KOSDAQ","-0.68","441","","444"
"A052300","오션인더블유","12","0","KOSDAQ","-1.52","60.43","","61.36"
"A052330","코텍","12","0","KOSDAQ","-0.46","135.65","","136.28"
"A052400","코나아이","12","0","KOSDAQ","0","203.05","","203.05"
"A052420","오성첨단소재","12","0","KOSDAQ","0.44","140.97","","140.35"
"A052460","아이크래프트","12","0","KOSDAQ","-4.44","56.53","","59.16"
"A052600","한네트","12","0","KOSDAQ","-1.88","45.21","","46.08"
"A052690","한전기술","12","1","KOSPI","2.95","666.94","","647.83"
"A052710","아모텍","12","0","KOSDAQ","-0.3","325.43","","326.4"
"A052770","아이톡시","12","0","KOSDAQ","0","32.52","","32.52"
"A052790","액토즈소프트","12","0","KOSDAQ","-3.31","165.43","","171.09"
"A052860","아이앤씨","12","0","KOSDAQ","-0.54","80.41","","80.85"
"A052900","KX하이텍","12","0","KOSDAQ","0.39","60.25","","60.01"
"A053030","바이넥스","12","0","KOSDAQ","-2.28","680.85","","696.72"
"A053050","지에스이","12","0","KOSDAQ","1.75","43.48","","42.73"
"A053060","세동","12","0","KOSDAQ","-0.56","11.35","","11.41"
"A053080","케이엔솔","12","0","외감","","","",""
"A053160","프리엠스","12","0","KOSDAQ","-1.91","58.56","","59.7"
"A053210","스카이라이프","12","0","KOSPI","3.17","483","","468.18"
"A053260","금강철강","12","0","KOSDAQ","1.47","58.13","","57.28"
"A053270","구영테크","12","0","KOSDAQ","-2.06","43.95","","44.87"
"A053280","예스24","12","0","KOSDAQ","-2.79","149.64","","153.94"
"A053290","NE능률","12","0","KOSDAQ","0.36","44.76","","44.6"
"A053300","한국정보인증","12","0","KOSDAQ","-2.5","218.78","","224.39"
"A053350","이니텍","12","0","KOSDAQ","0.43","91.93","","91.53"
"A053450","세코닉스","12","0","KOSDAQ","-2","57.95","","59.13"
"A053580","웹케시","12","0","KOSDAQ","5.13","415.96","","395.67"
"A053610","프로텍","12","0","KOSDAQ","-4.16","291.5","","304.15"
"A053620","태양","12","0","KOSDAQ","1.34","78.26","","77.23"
"A053690","한미글로벌","12","0","KOSPI","-2.78","95.66","","98.4"
"A053700","삼보모터스","12","0","KOSDAQ","-2.04","88.78","","90.62"
"A053800","안랩","12","0","KOSDAQ","0.34","585.81","","583.81"
"A053950","경남제약","12","0","KOSDAQ","1.27","125.41","","123.84"
"A053980","오상자이엘","12","0","KOSDAQ","2.6","244.92","","238.71"
"A054040","한국컴퓨터","12","0","KOSDAQ","0.64","38.17","","37.93"
"A054050","NH농우바이오","12","0","KOSDAQ","3.45","192.37","","185.95"
"A054090","삼진엘앤디","12","0","KOSDAQ","1.32","96.09","","94.85"
"A054180","메디콕스","12","0","KOSDAQ","-1.69","37.55","","38.2"
"A054210","이랜텍","12","0","KOSDAQ","0.89","128.92","","127.79"
"A054220","비츠로시스","12","0","KOSDAQ","0","121.33","","121.33"
"A054300","팬스타엔터프라이즈","12","0","KOSDAQ","0","39.73","","39.73"
"A054410","케이피티유","12","0","KOSDAQ","29.86","33.45","","25.76"
"A054450","텔레칩스","12","0","KOSDAQ","-0.24","112.5","","112.77"
"A054540","삼영엠텍","12","0","KOSDAQ","-1.41","54.54","","55.32"
"A054620","APS","12","0","KOSDAQ","3.4","186.2","","180.08"
"A054670","대한뉴팜","12","0","KOSDAQ","-1.19","179.44","","181.59"
"A054780","키이스트","12","0","KOSDAQ","-1.73","242.41","","246.68"
"A054800","아이디스홀딩스","12","0","KOSDAQ","-3.18","157.29","","162.46"
"A054920","한컴위드","12","0","KOSDAQ","-3.16","108.07","","111.6"
"A054930","유신","12","0","KOSDAQ","3.23","48","","46.5"
"A054940","엑사이엔씨","12","0","KOSDAQ","-1.11","44.29","","44.78"
"A054950","제이브이엠","12","0","KOSDAQ","1.55","207.97","","204.8"
"A055490","테이팩스","12","0","KOSPI","-3.48","124.31","","128.79"
"A055550","신한지주","12","1","KOSPI","6.48","15682.49","","14727.69"
"A056080","유진로봇","12","0","KOSDAQ","0.44","84.78","","84.4"
"A056090","시지메드텍","12","0","KOSDAQ","-1.05","36.73","","37.12"
"A056190","SFA","12","0","KOSDAQ","-0.87","1229.88","","1240.65"
"A056360","코위버","12","0","KOSDAQ","-0.97","99.93","","100.91"
"A056700","신화인터텍","12","0","KOSDAQ","-0.87","83.47","","84.2"
"A056730","CNT85","12","0","KOSDAQ","0","67.4","","67.4"
"A057030","YBM넷","12","0","KOSDAQ","-2.2","108.97","","111.42"
"A057050","현대홈쇼핑","12","1","KOSPI","0.48","753.6","","750"
"A057540","옴니시스템","12","0","KOSDAQ","1.21","106.66","","105.39"
"A057680","티사이언티픽","12","0","KOSDAQ","-1.27","172.91","","175.14"
"A058110","멕아이씨에스","12","0","KOSDAQ","-4.46","306.22","","320.51"
"A058400","KNN","12","0","KOSDAQ","-0.6","220.5","","221.82"
"A058430","포스코스틸리온","12","0","KOSPI","3.01","82.2","","79.8"
"A058450","한주에이알티","12","0","KOSDAQ","0","21.74","","21.74"
"A058470","리노공업","12","0","KOSDAQ","-0.44","2077.54","","2086.68"
"A058610","에스피지","12","0","KOSDAQ","-0.72","144.05","","145.09"
"A058630","엠게임","12","0","KOSDAQ","-0.17","118.24","","118.44"
"A058650","세아홀딩스","12","0","KOSPI","0","296","","296"
"A058730","다스코","12","0","KOSPI","0.72","75.15","","74.61"
"A058820","CMG제약","12","0","KOSDAQ","-1.82","636.82","","648.63"
"A058850","KTcs","12","0","KOSPI","0.25","84.73","","84.52"
"A058860","KTis","12","0","KOSPI","-2.09","81.44","","83.18"
"A058970","엠로","12","0","KONEX","0","39.48","","39.48"
"A059090","미코","12","0","KOSDAQ","-2.42","505.76","","518.29"
"A059100","아이컴포넌트","12","0","KOSDAQ","0.93","26.8","","26.55"
"A059120","아진엑스텍","12","0","KOSDAQ","0.69","50.64","","50.29"
"A059210","메타바이오메드","12","0","KOSDAQ","0.89","67.65","","67.05"
"A059270","해성에어로보틱스","12","0","외감","","","",""
"A060150","인선이엔티","12","0","KOSDAQ","0.47","412.71","","410.79"
"A060230","제이케이시냅스","12","0","KOSDAQ","0.7","107.85","","107.1"
"A060240","스타코링크","12","0","KOSDAQ","2.39","141.9","","138.59"
"A060250","NHN KCP","12","0","KOSDAQ","1.07","1520.71","","1504.63"
"A060260","뉴보텍","12","0","KOSDAQ","-2.23","58.68","","60.01"
"A060280","큐렉소","12","0","KOSDAQ","-0.48","207.15","","208.15"
"A060310","3S","3","0","KOSDAQ","-0.63","106.63","","107.3"
"A060370","LS마린솔루션","12","0","KOSDAQ","1.33","99.75","","98.44"
"A060380","동양에스텍","12","0","KOSDAQ","0.74","27.4","","27.2"
"A060480","국일신동","12","0","KOSDAQ","1.04","37.71","","37.32"
"A060540","에스에이티","12","0","KOSDAQ","-1.48","52.27","","53.05"
"A060560","HC홈센타","12","0","KOSDAQ","1.76","122.99","","120.86"
"A060570","드림어스컴퍼니","12","0","KOSDAQ","-0.2","285.44","","286.01"
"A060590","씨티씨바이오","12","0","KOSDAQ","1.64","194.49","","191.35"
"A060720","KH바텍","12","0","KOSDAQ","-1.08","542.48","","548.39"
"A060850","영림원소프트랩","12","0","외감","","","",""
"A060900","에이전트AI","12","0","KOSDAQ","0.15","92.04","","91.91"
"A060980","HL홀딩스","12","1","KOSPI","-0.32","323.59","","324.63"
"A061040","알에프텍","12","0","KOSDAQ","2.31","279.86","","273.53"
"A061090","세나테크놀로지","12","0","외감","","","",""
"A061250","화일약품","12","0","KOSDAQ","-6.45","250.87","","268.17"
"A061970","LB세미콘","12","0","KOSDAQ","-1.95","440.04","","448.79"
"A062040","산일전기","12","0","외감","","","",""
"A062970","한국첨단소재","12","0","KOSDAQ","-1.17","86.29","","87.31"
"A063080","컴투스홀딩스","12","0","KOSDAQ","-7","232.15","","249.63"
"A063160","종근당바이오","12","0","KOSPI","-4.79","305.02","","320.38"
"A063170","서울옥션","12","0","KOSDAQ","0.72","70.8","","70.29"
"A063440","SM Life Design","12","0","KOSDAQ","-0.51","88.48","","88.93"
"A063570","NICE인프라","12","0","KOSDAQ","-1.09","217.18","","219.57"
"A063760","이엘피","12","0","KOSDAQ","1.78","56.23","","55.24"
"A064090","인크레더블버즈","12","0","KOSDAQ","-1.82","37.33","","38.02"
"A064240","홈캐스트","12","0","KOSDAQ","-1.81","116.82","","118.98"
"A064260","다날","12","0","KOSDAQ","-1.26","264.14","","267.52"
"A064290","인텍플러스","12","0","KOSDAQ","-1.66","187.3","","190.45"
"A064350","현대로템","12","1","KOSPI","0.84","1530","","1517.25"
"A064400","LG씨엔에스","12","0","외감","","","",""
"A064480","브리지텍","12","0","KOSDAQ","-0.15","39.74","","39.8"
"A064520","테크엘","12","0","KOSDAQ","0","74.05","","74.05"
"A064550","바이오니아","12","0","KOSDAQ","-8.18","701.44","","763.97"
"A064760","티씨케이","12","0","KOSDAQ","-2.88","1064.76","","1096.28"
"A064800","포니링크","12","0","KOSDAQ","-0.97","118.53","","119.69"
"A064820","케이프","12","0","KOSDAQ","-1.18","95.73","","96.88"
"A064850","에프앤가이드","12","0","KONEX","1.7","85.69","","84.26"
"A064960","SNT모티브","12","1","KOSPI","0.94","782.34","","775.03"
"A065060","지엔코","12","0","KOSDAQ","0","118.59","","118.59"
"A065130","탑엔지니어링","12","0","KOSDAQ","4.39","190.12","","182.13"
"A065150","대산F&B","12","0","KOSDAQ","0","106.26","","106.26"
"A065170","비엘팜텍","12","0","KOSDAQ","-1.25","171.39","","173.56"
"A065350","신성델타테크","12","0","KOSDAQ","-3.53","95.19","","98.67"
"A065370","위세아이텍","12","0","KOSDAQ","0.67","99.3","","98.64"
"A065420","에스아이리소스","12","0","KOSDAQ","0","41.28","","41.28"
"A065440","이루온","12","0","KOSDAQ","-2.72","39","","40.09"
"A065450","빅텍","12","0","KOSDAQ","0.14","194.67","","194.39"
"A065500","오리엔트정공","12","0","KOSDAQ","-6.38","87.79","","93.77"
"A065510","휴비츠","12","0","KOSDAQ","0","80.8","","80.8"
"A065530","와이어블","12","0","KOSDAQ","-2.39","280.16","","287.03"
"A065570","삼영이엔씨","12","0","KOSDAQ","4.35","69.61","","66.7"
"A065650","하이퍼코퍼레이션","12","0","KOSDAQ","10.95","222.46","","200.51"
"A065660","안트로젠","12","0","KOSDAQ","-1.33","662.74","","671.7"
"A065680","우주일렉트로","12","0","KOSDAQ","-3.3","262.26","","271.2"
"A065690","파커스","12","0","KOSDAQ","-0.19","35.75","","35.82"
"A065710","서호전기","12","0","KOSDAQ","-0.23","110.73","","110.98"
"A065770","CS","12","0","KOSDAQ","5.88","54.25","","51.23"
"A065950","웰크론","12","0","KOSDAQ","0.17","170.8","","170.52"
"A066130","하츠","12","0","KOSDAQ","0.96","80.38","","79.62"
"A066310","큐에스아이","12","0","KOSDAQ","1.93","131.21","","128.73"
"A066360","체리부로","12","0","KOSDAQ","4.26","74.98","","71.91"
"A066410","버킷스튜디오","12","0","KOSDAQ","-0.92","51.09","","51.56"
"A066430","아이로보틱스","12","0","KOSDAQ","0.96","25.05","","24.81"
"A066570","LG전자","12","1","KOSPI","-3.15","13582.77","","14024.62"
"A066590","스모트로닉","12","0","KOSDAQ","-1.76","97.73","","99.48"
"A066620","국보디자인","12","0","KOSDAQ","-1.29","114.38","","115.88"
"A066670","디티씨","12","0","KOSDAQ","0.15","61.03","","60.94"
"A066700","테라젠이텍스","12","0","KOSDAQ","5.48","371.51","","352.21"
"A066790","씨씨에스","12","0","KOSDAQ","0","38.9","","38.9"
"A066900","디에이피","12","0","KOSDAQ","-2.84","73.81","","75.97"
"A066910","손오공","12","0","KOSDAQ","1.58","43.17","","42.5"
"A066970","엘앤에프","12","0","KOSDAQ","0.88","1136.43","","1126.52"
"A066980","한성크린텍","12","0","KOSDAQ","0.86","93.31","","92.52"
"A067000","조이시티","12","0","KOSDAQ","-6.7","266.75","","285.9"
"A067010","이씨에스","3","0","KOSDAQ","-1.22","44.81","","45.36"
"A067080","대화제약","12","0","KOSDAQ","8.52","267","","246.04"
"A067160","SOOP","12","0","KOSDAQ","-1.44","708.08","","718.42"
"A067170","오텍","12","0","KOSDAQ","-1.24","183.93","","186.24"
"A067280","멀티캠퍼스","12","0","KOSDAQ","2.05","176.62","","173.06"
"A067290","JW신약","12","0","KOSDAQ","1.04","242.5","","240"
"A067310","하나마이크론","12","0","KOSDAQ","-6.5","214.11","","228.99"
"A067370","선바이오","12","0","KONEX","0","104.32","","104.32"
"A067390","아스트","12","0","KOSDAQ","4.06","108.62","","104.39"
"A067570","엔브이에이치코리아","12","0","KOSDAQ","0.86","86.7","","85.96"
"A067630","HLB생명과학","12","0","KOSDAQ","0.3","779.02","","776.66"
"A067730","로지시스","12","0","KOSDAQ","0","36.9","","36.9"
"A067770","세진티에스","12","0","KOSDAQ","0.38","22.33","","22.25"
"A067830","세이브존I&C","12","0","KOSPI","2.5","92.55","","90.29"
"A067900","와이엔텍","12","0","KOSDAQ","2.77","236.6","","230.23"
"A067920","이글루","12","0","KOSDAQ","-0.95","51.74","","52.23"
"A067990","도이치모터스","12","0","KOSDAQ","-1.31","189.53","","192.06"
"A068050","팬엔터테인먼트","12","0","KOSDAQ","0","78.88","","78.88"
"A068100","케이웨더","12","0","외감","","","",""
"A068240","다원시스","12","0","KOSDAQ","0","583.08","","583.08"
"A068270","셀트리온","12","1","KOSPI","-0.32","42370.97","","42505.91"
"A068290","삼성출판사","12","0","KOSPI","0","218.5","","218.5"
"A068330","일신바이오","12","0","KOSDAQ","29.99","217.54","","167.36"
"A068760","셀트리온제약","12","0","KOSDAQ","-1.16","4257.43","","4307.56"
"A068790","DMS","12","0","KOSDAQ","-0.25","180.81","","181.27"
"A068930","디지털대성","12","0","KOSDAQ","0.49","140.58","","139.9"
"A068940","셀피글로벌","12","0","KOSDAQ","2.51","146.54","","142.96"
"A069080","웹젠","12","0","KOSDAQ","-7.2","1274.72","","1373.59"
"A069140","누리플랜","12","0","KOSDAQ","2.04","31.23","","30.6"
"A069260","TKG휴켐스","12","1","KOSPI","0","670.41","","670.41"
"A069330","유아이디","12","0","KOSDAQ","0","12.54","","12.54"
"A069410","엔텔스","12","0","KOSDAQ","0.98","64.02","","63.4"
"A069460","대호에이엘","12","0","KOSPI","0.23","58.88","","58.75"
"A069510","에스텍","12","0","KOSDAQ","0.22","100.48","","100.26"
"A069540","빛과전자","12","0","KOSDAQ","0","100.56","","100.56"
"A069620","대웅제약","12","1","KOSPI","0","1373.01","","1373.01"
"A069640","한세엠케이","12","0","KOSPI","0.92","35.37","","35.05"
"A069730","DSR제강","12","0","KOSPI","-0.23","61.99","","62.14"
"A069920","엑시온그룹","12","0","KOSDAQ","0.39","99.17","","98.79"
"A069960","현대백화점","12","1","KOSPI","1.46","1462.65","","1441.59"
"A070300","엑스큐어","12","0","KOSDAQ","-0.37","40.15","","40.29"
"A070590","인티큐브","12","0","KOSDAQ","0.84","41.64","","41.29"
"A070960","모나용평","12","0","KOSPI","0.23","212.51","","212.03"
"A071050","한국금융지주","12","1","KOSPI","-3.14","3611.04","","3728.07"
"A071090","하이스틸","12","0","KOSPI","0","34","","34"
"A071200","인피니트헬스케어","12","0","KOSDAQ","0","170.53","","170.53"
"A071280","로체시스템즈","12","0","KOSDAQ","-1.28","82.45","","83.52"
"A071320","지역난방공사","12","0","KOSPI","0.86","407.57","","404.1"
"A071670","에이테크솔루션","12","0","KOSDAQ","-1.64","90","","91.5"
"A071840","롯데하이마트","12","1","KOSPI","-0.8","733.02","","738.92"
"A071850","캐스텍코리아","12","0","KOSDAQ","-1.11","51.61","","52.19"
"A071950","코아스","12","0","KOSPI","1.33","35.23","","34.77"
"A071970","HD현대마린엔진","12","0","KOSPI","1.05","68.08","","67.37"
"A072020","중앙백신","12","0","KOSDAQ","-1.37","178.78","","181.27"
"A072130","유엔젤","12","0","KOSPI","0.32","41.04","","40.91"
"A072470","우리산업홀딩스","12","0","KOSDAQ","-2.94","106.15","","109.36"
"A072710","농심홀딩스","12","0","KOSPI","0.87","376.12","","372.88"
"A072770","멤레이비티","12","0","KOSDAQ","-1.3","55.75","","56.48"
"A072870","메가스터디","12","0","KOSDAQ","0","120.4","","120.4"
"A072950","빛샘전자","12","0","KOSDAQ","-0.73","32.76","","33"
"A072990","에이치시티","12","0","KOSDAQ","0.73","95.6","","94.91"
"A073010","케이에스피","12","0","KOSDAQ","-1.71","51.94","","52.84"
"A073110","엘엠에스","12","0","KOSDAQ","2.32","78.37","","76.59"
"A073190","듀오백","12","0","KOSDAQ","0.76","31.72","","31.48"
"A073240","금호타이어","12","1","KOSPI","2.81","841.67","","818.69"
"A073490","LIG아큐버","12","0","KOSDAQ","-0.68","396.17","","398.86"
"A073540","에프알텍","12","0","KOSDAQ","4.53","76.27","","72.96"
"A073560","우리손에프앤지","12","0","KOSDAQ","3.59","139.86","","135.01"
"A073570","리튬포어스","12","0","KOSDAQ","0.9","127.12","","125.98"
"A073640","테라사이언스","12","0","KOSDAQ","0.77","115.05","","114.18"
"A074430","아미노로직스","12","0","KOSDAQ","-1","217.37","","219.57"
"A074600","원익QnC","12","0","KOSDAQ","0","385.12","","385.12"
"A074610","이엔플러스","12","0","KOSPI","1.74","206.85","","203.31"
"A075130","플랜티넷","12","0","KOSDAQ","0.1","43.28","","43.23"
"A075180","새론오토모티브","12","0","KOSPI","-2.76","77.86","","80.06"
"A075580","세진중공업","12","0","KOSPI","-1.81","250.19","","254.79"
"A075970","동국알앤에스","12","0","KOSDAQ","-3.21","44.44","","45.91"
"A076080","웰크론한텍","12","0","KOSDAQ","-1.61","42.66","","43.36"
"A076610","해성옵틱스","12","0","KOSDAQ","-2.45","50.91","","52.18"
"A077360","덕산하이메탈","12","0","KOSDAQ","0.97","188.79","","186.97"
"A077500","유니퀘스트","12","0","KOSPI","-3.15","293.27","","302.82"
"A077970","STX엔진","12","0","KOSPI","-0.17","133.22","","133.45"
"A078000","텔코웨어","12","0","KOSPI","0.8","122.25","","121.28"
"A078020","LS증권","12","0","KOSDAQ","-0.53","310.69","","312.36"
"A078070","유비쿼스홀딩스","12","0","KOSDAQ","-0.16","594.55","","595.49"
"A078130","국일제지","12","0","KOSDAQ","-1.44","691.13","","701.23"
"A078140","대봉엘에스","12","0","KOSDAQ","-2.92","129.16","","133.04"
"A078150","HB테크놀러지","12","0","KOSDAQ","0.45","174.96","","174.17"
"A078160","메디포스트","12","0","KOSDAQ","0.87","451.36","","447.45"
"A078340","컴투스","12","0","KOSDAQ","-6.49","1502.8","","1607.02"
"A078350","한양디지텍","12","0","KOSDAQ","2.32","69.79","","68.21"
"A078520","에이블씨엔씨","12","0","KOSPI","1.49","221.13","","217.89"
"A078590","휴림에이텍","12","0","KOSDAQ","11.27","483.3","","434.37"
"A078600","대주전자재료","12","0","KOSDAQ","-3.02","762.27","","785.99"
"A078860","아이오케이이엔엠","12","0","KOSDAQ","-0.27","95.41","","95.66"
"A078890","가온그룹","12","0","KOSDAQ","0.67","90.3","","89.69"
"A078930","GS","12","1","KOSPI","1.43","3298.5","","3252.04"
"A079000","와토스코리아","12","0","KOSDAQ","0.57","38.23","","38.02"
"A079160","CJ CGV","12","1","KOSPI","-0.25","700.25","","702"
"A079170","한창산업","12","0","KOSDAQ","3.35","30.47","","29.48"
"A079190","케스피온","12","0","KOSDAQ","0","88.36","","88.36"
"A079370","제우스","12","0","KOSDAQ","-0.36","145.38","","145.9"
"A079430","현대리바트","12","0","KOSPI","-15.09","387.09","","455.88"
"A079550","LIG디펜스앤에어로스페이스","12","1","KOSPI","4.13","776.6","","745.8"
"A079650","서산","12","0","KOSDAQ","5.08","53.8","","51.2"
"A079810","APS이노베이션","12","0","KOSDAQ","1.79","126.07","","123.85"
"A079900","전진건설로봇","12","0","외감","","","",""
"A079940","가비아","12","0","KOSDAQ","1.44","238.23","","234.84"
"A079950","인베니아","12","0","KOSDAQ","0.28","41.06","","40.95"
"A079960","동양이엔피","12","0","KOSDAQ","-0.32","121.04","","121.44"
"A079970","투비소프트","12","0","KOSDAQ","-2.22","48.98","","50.09"
"A079980","휴비스","12","0","KOSPI","4.49","257.03","","245.99"
"A080010","이상네트웍스","12","0","KOSDAQ","3.69","55.71","","53.73"
"A080160","모두투어","12","0","KOSDAQ","0.89","213.57","","211.68"
"A080220","제주반도체","12","0","KOSDAQ","-0.17","93.53","","93.69"
"A080420","모다이노칩","12","0","KOSDAQ","1.04","193.72","","191.73"
"A080470","성창오토텍","12","0","KOSDAQ","0.98","60.44","","59.86"
"A080520","오디텍","12","0","KOSDAQ","0.61","57.68","","57.32"
"A080530","코디","12","0","KOSDAQ","8.38","46.38","","42.8"
"A080580","오킨스전자","12","0","KOSDAQ","-3.07","62.6","","64.58"
"A080720","한국유니온제약","12","0","KOSDAQ","11.11","97.41","","87.67"
"A081000","일진다이아","12","0","KOSPI","0.6","957.28","","951.6"
"A081150","티플랙스","12","0","KOSDAQ","0.37","99.38","","99.02"
"A081180","쎄크","12","0","외감","","","",""
"A081580","성우전자","12","0","KOSDAQ","-1.54","34.74","","35.28"
"A081660","미스토홀딩스","12","1","KOSPI","4.93","2068.61","","1971.41"
"A082210","옵트론텍","12","0","KOSDAQ","-4.66","164.55","","172.6"
"A082270","젬백스","12","0","KOSDAQ","-1.69","914.79","","930.5"
"A082640","동양생명","12","0","KOSPI","0.82","495.37","","491.34"
"A082660","코스나인","12","0","KOSDAQ","-4.3","26.2","","27.37"
"A082740","한화엔진","12","0","KOSPI","1.34","162.43","","160.29"
"A082800","비보존 제약","12","0","KOSDAQ","7.31","214.48","","199.87"
"A082850","우리바이오","12","0","KOSDAQ","-1.99","55.25","","56.37"
"A082920","비츠로셀","12","0","KOSDAQ","1.08","403.86","","399.55"
"A083310","엘오티베큠","12","0","KOSDAQ","-2.05","202.15","","206.39"
"A083420","그린케미칼","12","0","KOSPI","1.55","86.52","","85.2"
"A083450","GST","12","0","KOSDAQ","-1.22","189.15","","191.48"
"A083470","이엠앤아이","12","0","KOSDAQ","0","35.54","","35.54"
"A083500","에프엔에스테크","12","0","KOSDAQ","-1.52","75.89","","77.06"
"A083550","케이엠","12","0","KOSDAQ","-2.99","200.5","","206.67"
"A083640","인콘","12","0","KOSDAQ","-1.61","74.39","","75.6"
"A083650","비에이치아이","12","0","KOSDAQ","-1.12","57.2","","57.85"
"A083660","CSA 코스믹","12","0","KOSDAQ","0","154.59","","154.59"
"A083790","CG인바이츠","12","0","KOSDAQ","-2.87","649.21","","668.37"
"A083930","아바코","12","0","KOSDAQ","-1.42","122.37","","124.13"
"A084010","대한제강","12","0","KOSPI","1.07","163.65","","161.93"
"A084110","휴온스글로벌","12","0","KOSDAQ","0.89","388.06","","384.62"
"A084180","수성웹툰","12","0","KOSDAQ","1.05","22.84","","22.61"
"A084370","유진테크","12","0","KOSDAQ","3.22","772.27","","748.21"
"A084440","유비온","9","0","KONEX","0","8.92","","8.92"
"A084650","랩지노믹스","12","0","KOSDAQ","-11.51","513.22","","579.96"
"A084670","동양고속","12","0","KOSPI","0.19","77.46","","77.31"
"A084680","이월드","12","0","KOSPI","1.73","393.48","","386.77"
"A084690","대상홀딩스","12","0","KOSPI","5.5","333.16","","315.77"
"A084730","팅크웨어","12","0","KOSDAQ","1","105.82","","104.78"
"A084850","아이티엠반도체","12","0","KOSDAQ","3.23","1462.76","","1417.05"
"A084870","TBH글로벌","12","0","KOSPI","-0.89","34.83","","35.14"
"A084990","헬릭스미스","12","0","KOSDAQ","6.54","1613.97","","1514.94"
"A085310","엔케이","12","0","KOSPI","1.49","81.58","","80.38"
"A085620","미래에셋생명","12","0","KOSPI","0.92","581.5","","576.19"
"A085660","차바이오텍","12","0","KOSDAQ","-0.65","1204.77","","1212.64"
"A085670","뉴프렉스","12","0","KOSDAQ","12.75","36.49","","32.37"
"A085810","알티캐스트","12","0","KOSDAQ","1.51","35.76","","35.23"
"A085910","네오티스","12","0","KOSDAQ","0.26","43.06","","42.95"
"A086040","바이오톡스텍","12","0","KOSDAQ","2.24","166.3","","162.65"
"A086060","진바이오텍","12","0","KOSDAQ","-1.56","54.42","","55.28"
"A086280","현대글로비스","12","1","KOSPI","1.17","4875","","4818.75"
"A086390","유니테스트","12","0","KOSDAQ","-0.64","327.58","","329.69"
"A086450","동국제약","12","0","KOSDAQ","-0.99","1333.8","","1347.14"
"A086520","에코프로","12","0","KOSDAQ","0.83","937.73","","930"
"A086670","비엠티","12","0","KOSDAQ","-0.79","71.93","","72.5"
"A086710","선진뷰티사이언스","12","0","외감","","","",""
"A086790","하나금융지주","12","1","KOSPI","3.31","9382.56","","9082.32"
"A086820","바이오솔루션","12","0","KOSDAQ","-3.22","243.55","","251.64"
"A086890","이수앱지스","12","0","KOSDAQ","1.72","235.63","","231.64"
"A086900","메디톡스","12","0","KOSDAQ","-2.31","1059.8","","1084.91"
"A086960","MDS테크","12","0","KOSDAQ","3.5","117.42","","113.45"
"A086980","쇼박스","12","0","KOSDAQ","0","185.92","","185.92"
"A087010","펩트론","12","0","KOSDAQ","-1.67","315.73","","321.09"
"A087260","모바일어플라이언스","12","0","KOSDAQ","-1.49","109.05","","110.7"
"A087600","픽셀플러스","12","0","KOSDAQ","-2.34","40.83","","41.81"
"A088130","동아엘텍","12","0","KOSDAQ","0","80.29","","80.29"
"A088280","쏘닉스","12","0","외감","","","",""
"A088290","이원컴포텍","12","0","KOSDAQ","-2.86","92.74","","95.47"
"A088340","유라클","12","0","외감","","","",""
"A088350","한화생명","12","1","KOSPI","2.94","1367.93","","1328.85"
"A088390","이녹스","12","0","KOSDAQ","3.98","97.72","","93.98"
"A088790","진도","12","0","KOSPI","17.3","38.4","","32.74"
"A088800","에이스테크","12","0","KOSDAQ","9.96","1243.07","","1130.44"
"A088910","동우팜투테이블","12","0","KOSDAQ","3.99","87.57","","84.21"
"A089010","켐트로닉스","12","0","KOSDAQ","-2.49","228.06","","233.89"
"A089030","테크윙","12","0","KOSDAQ","1.99","397","","389.27"
"A089140","넥스턴앤롤코리아","12","0","KOSDAQ","-0.53","88.26","","88.73"
"A089150","케이씨티","12","0","KOSDAQ","-1.21","69.8","","70.66"
"A089230","THE E&M","12","0","KOSDAQ","-8.62","85.68","","93.76"
"A089470","HDC현대EP","12","0","KOSPI","5.3","158.54","","150.57"
"A089590","제주항공","12","0","KOSPI","0.33","399.3","","397.99"
"A089600","KT나스미디어","12","0","KOSDAQ","5.33","285.4","","270.96"
"A089790","제이티","12","0","KOSDAQ","-0.76","67.77","","68.29"
"A089850","유비벨록스","12","0","KOSDAQ","5.98","64.33","","60.7"
"A089860","롯데렌탈","12","0","외감","","","",""
"A089890","코세스","12","0","KOSDAQ","3.73","145.1","","139.87"
"A089970","브이엠","12","0","KOSDAQ","-4.29","336.9","","352"
"A089980","상아프론테크","12","0","KOSDAQ","-6.9","806.68","","866.43"
"A090080","평화산업","12","0","KOSPI","0","65.61","","65.61"
"A090150","아이윈","12","0","KOSDAQ","-0.98","29.26","","29.55"
"A090350","노루페인트","12","0","KOSPI","-0.25","157.2","","157.6"
"A090360","로보스타","12","0","KOSDAQ","-3.05","139.43","","143.81"
"A090370","메타랩스","12","0","KOSPI","2.14","91.08","","89.17"
"A090410","덕신이피씨","12","0","KOSDAQ","6.45","65.64","","61.66"
"A090430","아모레퍼시픽","12","1","KOSPI","3.57","10171.78","","9821.03"
"A090460","비에이치","12","0","KOSDAQ","-0.65","767.19","","772.2"
"A090470","제이스로보틱스","12","0","KOSDAQ","0.76","135.47","","134.45"
"A090710","휴림로봇","12","0","KOSDAQ","0.14","60.79","","60.71"
"A090850","현대이지웰","12","0","KOSDAQ","-0.9","194.11","","195.86"
"A091120","이엠텍","12","0","KOSDAQ","-1.99","237.7","","242.52"
"A091340","S&K폴리텍","12","0","KOSDAQ","-1.22","66.48","","67.3"
"A091440","한울소재과학","12","0","KOSDAQ","3.28","43.31","","41.93"
"A091580","상신이디피","12","0","KOSDAQ","0","171.61","","171.61"
"A091590","남화토건","12","0","KOSDAQ","5.42","182.56","","173.17"
"A091700","파트론","12","0","KOSDAQ","0","593.01","","593.01"
"A091810","트리니티항공","12","0","KOSPI","7.55","137.17","","127.54"
"A091970","LSK아이로봇","12","0","KOSDAQ","-3.18","59.81","","61.78"
"A092040","아미코젠","12","0","KOSDAQ","4.49","782.69","","749.07"
"A092070","디엔에프","12","0","KOSDAQ","-3.16","164.66","","170.04"
"A092130","이크레더블","12","0","KOSDAQ","-2.01","293.86","","299.89"
"A092190","서울바이오시스","12","0","KOSDAQ","0.78","988.08","","980.44"
"A092200","디아이씨","12","0","KOSPI","-2.21","68.83","","70.39"
"A092220","KEC","12","0","KOSPI","-0.86","93.95","","94.77"
"A092230","KPX홀딩스","12","0","KOSPI","0","180.39","","180.39"
"A092300","현우산업","12","0","KOSDAQ","-0.31","50.22","","50.38"
"A092440","기신정기","3","0","KOSPI","-0.32","90.67","","90.96"
"A092460","한라IMS","12","0","KOSDAQ","1.48","64.25","","63.31"
"A092600","앤씨앤","12","0","KOSDAQ","1.75","60.75","","59.7"
"A092730","네오팜","12","0","KOSDAQ","0.65","254.02","","252.38"
"A092780","DYP","12","0","KOSPI","-3.99","69.66","","72.56"
"A092790","넥스틸","12","0","외감","","","",""
"A092870","엑시콘","12","0","KOSDAQ","-1.85","109.97","","112.04"
"A093050","LF","12","1","KOSPI","6.37","390.35","","366.96"
"A093190","빅솔론","12","0","KOSDAQ","-0.97","88.69","","89.56"
"A093240","형지엘리트","6","0","KOSPI","-2.69","50.63","","52.03"
"A093320","케이아이엔엑스","12","0","KOSDAQ","-1.21","317.69","","321.59"
"A093370","후성","12","1","KOSPI","-2.59","834.39","","856.61"
"A093380","풍강","8","0","KOSDAQ","0.52","28.7","","28.55"
"A093520","매커스","12","0","KOSDAQ","1.43","68.61","","67.64"
"A093640","케이알엠","12","0","KOSDAQ","-1.61","31.68","","32.2"
"A093920","서원인텍","12","0","KOSDAQ","-3.72","139.69","","145.08"
"A094170","동운아나텍","12","0","KOSDAQ","-1.96","86.52","","88.25"
"A094280","효성ITX","12","0","KOSPI","-1.54","332.88","","338.08"
"A094360","칩스앤미디어","12","0","KOSDAQ","1.05","93.03","","92.07"
"A094480","갤럭시아머니트리","12","0","KOSDAQ","-3.19","190.26","","196.54"
"A094820","일진파워","12","0","KOSDAQ","0.19","78.71","","78.56"
"A094840","슈프리마에이치큐","12","0","KOSDAQ","-2.68","56.97","","58.54"
"A094850","참좋은여행","12","0","KOSDAQ","1.54","73.92","","72.8"
"A094860","네오리진","12","0","KOSDAQ","0.76","100.78","","100.02"
"A094940","푸른로보틱스","12","0","KOSDAQ","1.66","100.91","","99.27"
"A094970","제이엠티","12","0","KOSDAQ","2.88","50.91","","49.49"
"A095190","신화프리텍","12","0","KOSDAQ","-1.54","186.02","","188.93"
"A095270","웨이브일렉트로","12","0","KOSDAQ","-2.91","110.08","","113.38"
"A095340","ISC","12","0","KOSDAQ","-3.01","296.29","","305.48"
"A095500","미래나노텍","12","0","KOSDAQ","-2.04","76.57","","78.17"
"A095570","AJ네트웍스","12","0","KOSPI","0.93","153.11","","151.7"
"A095610","테스","12","0","KOSDAQ","1.97","512","","502.11"
"A095660","네오위즈","12","0","KOSDAQ","-8.6","651.97","","713.33"
"A095700","제넥신","12","0","KOSDAQ","-1.11","2984.19","","3017.56"
"A095720","웅진씽크빅","12","0","KOSPI","-1.54","299.96","","304.66"
"A095910","에스에너지","12","0","KOSDAQ","-0.42","100.69","","101.12"
"A096240","크레버스","12","0","KOSDAQ","-0.25","155.41","","155.8"
"A096250","와이즈넛","12","0","외감","","","",""
"A096350","대창솔루션","12","0","KOSDAQ","0.28","57.43","","57.27"
"A096530","씨젠","12","0","KOSDAQ","-3.44","7870.21","","8150.91"
"A096610","알에프세미","12","0","KOSDAQ","1.38","45.44","","44.82"
"A096630","에스코넥","12","0","KOSDAQ","0","111.93","","111.93"
"A096690","에이루트","12","0","KOSDAQ","3.75","46.14","","44.47"
"A096760","JW홀딩스","12","0","KOSPI","0.9","372.13","","368.81"
"A096770","SK이노베이션","12","1","KOSPI","0.54","17291.06","","17198.59"
"A096870","엘디티","12","0","KOSDAQ","-0.61","16.4","","16.5"
"A097230","HJ중공업","12","0","KOSPI","1.1","536.29","","530.46"
"A097520","엠씨넥스","12","0","KOSDAQ","-0.54","652.91","","656.48"
"A097780","에코볼트","12","0","KOSDAQ","-1.04","373.44","","377.36"
"A097800","윈팩","12","0","KOSDAQ","-2.93","68.81","","70.89"
"A097870","효성오앤비","6","0","KOSDAQ","2.96","88.72","","86.17"
"A097950","CJ제일제당","12","1","KOSPI","3.86","6676.53","","6428.14"
"A098070","한텍","12","0","외감","","","",""
"A098120","마이크로컨텍솔","12","0","KOSDAQ","-2.37","37.74","","38.65"
"A098460","고영","12","0","KOSDAQ","-2.11","1340.14","","1368.98"
"A098660","에스티오","12","0","KOSDAQ","3.28","23.63","","22.88"
"A099190","아이센스","12","0","KOSDAQ","1.08","384.64","","380.52"
"A099220","SDN","12","0","KOSDAQ","2.47","119.72","","116.83"
"A099320","쎄트렉아이","12","0","KOSDAQ","7.5","229.32","","213.33"
"A099390","브레인즈컴퍼니","12","0","외감","","","",""
"A099410","동방선기","12","0","KOSDAQ","-7.95","47.05","","51.12"
"A099430","바이오플러스","12","0","외감","","","",""
"A099440","스맥","12","0","KOSDAQ","0","53.71","","53.71"
"A099520","DGI","12","0","KOSDAQ","-2.02","49.47","","50.49"
"A099750","이지케어텍","3","0","KOSDAQ","-1.21","130.27","","131.87"
"A100030","인지소프트","12","0","KOSDAQ","3.7","59.76","","57.63"
"A100090","SK오션플랜트","12","0","KOSDAQ","12.39","421.25","","374.81"
"A100120","뷰웍스","12","0","KOSDAQ","1.65","369.57","","363.57"
"A100130","동국S&C","12","0","KOSDAQ","-1.71","428","","435.43"
"A100220","비상교육","12","0","KOSPI","0.29","90.46","","90.2"
"A100250","진양홀딩스","12","0","KOSPI","0.41","135.27","","134.71"
"A100590","머큐리","12","0","KOSDAQ","-0.9","163.14","","164.61"
"A100660","서암기계공업","12","0","KOSDAQ","0.31","61.36","","61.17"
"A100700","세운메디칼","12","0","KOSDAQ","-2.44","174.76","","179.14"
"A100790","미래에셋벤처투자","12","0","KOSDAQ","-0.49","188.6","","189.52"
"A100840","SNT에너지","12","0","KOSPI","-0.33","114.1","","114.48"
"A101000","KS인더스트리","12","0","KOSDAQ","5.62","51.16","","48.44"
"A101140","인바이오젠","12","0","KOSPI","0","157.35","","157.35"
"A101160","월덱스","12","0","KOSDAQ","-0.39","212.99","","213.82"
"A101170","우림피티에스","12","0","KOSDAQ","2.7","43.67","","42.53"
"A101240","씨큐브","12","0","KOSDAQ","-0.75","80.5","","81.11"
"A101330","모베이스","12","0","KOSDAQ","-1.76","86.85","","88.41"
"A101360","에코앤드림","12","0","KOSDAQ","1.14","289.48","","286.21"
"A101390","아이엠","12","0","KOSDAQ","0.49","34.79","","34.62"
"A101400","엔시트론","12","0","KOSDAQ","-3.88","34.34","","35.73"
"A101490","에스앤에스텍","12","0","KOSDAQ","-6.47","897.96","","960.12"
"A101530","해태제과식품","12","0","KOSPI","1.09","242.83","","240.21"
"A101670","하이드로리튬","12","0","KOSDAQ","-0.36","25.99","","26.08"
"A101680","한국정밀기계","12","0","KOSDAQ","0.63","13.49","","13.4"
"A101730","위메이드맥스","12","0","KOSDAQ","-1.44","52.31","","53.07"
"A101930","인화정공","12","0","KOSDAQ","2.92","41.06","","39.89"
"A101970","우양에이치씨","12","0","K-OTC","0.11","122.9","","122.76"
"A102120","어보브반도체","12","0","KOSDAQ","-0.85","204.28","","206.02"
"A102260","동성케미컬","12","0","KOSPI","-0.12","176.19","","176.41"
"A102370","케이옥션","12","0","외감","","","",""
"A102460","이연제약","12","0","KOSPI","0.49","347.14","","345.46"
"A102710","이엔에프테크놀로지","12","0","KOSDAQ","-4.77","669.41","","702.91"
"A102940","코오롱생명과학","12","0","KOSDAQ","-0.15","368.62","","369.19"
"A103140","풍산","12","1","KOSPI","2.94","737.04","","716.02"
"A103230","에스앤더블류","12","0","KOSDAQ","0.5","14.4","","14.33"
"A103590","일진전기","12","0","KOSPI","7.77","113.1","","104.94"
"A103840","우양","12","0","KOSDAQ","-0.79","64.68","","65.19"
"A104040","디에스엠","12","0","KOSDAQ","0.37","42.57","","42.41"
"A104200","NHN벅스","12","0","KOSDAQ","-0.11","69.32","","69.39"
"A104460","디와이피엔에프","12","0","KOSDAQ","7.01","155.35","","145.17"
"A104480","티케이케미칼","12","0","KOSDAQ","1","183.61","","181.79"
"A104540","코렌텍","12","0","KOSDAQ","-0.73","86.08","","86.71"
"A104620","노랑풍선","12","0","KOSDAQ","0.38","62.19","","61.95"
"A104700","한국철강","12","0","KOSPI","0","210.91","","210.91"
"A104830","원익머트리얼즈","12","0","KOSDAQ","-0.52","363.11","","365"
"A105330","케이엔더블유","12","0","KOSDAQ","-1.3","38.78","","39.29"
"A105550","엣지파운드리","12","0","KOSDAQ","-2.64","42.22","","43.37"
"A105560","KB금융","12","1","KOSPI","4.44","16133.35","","15447.26"
"A105630","한세실업","12","1","KOSPI","1.26","484","","478"
"A105740","디케이락","12","0","KOSDAQ","-2.8","79.26","","81.54"
"A105760","포스뱅크","12","0","외감","","","",""
"A105840","우진","12","0","KOSPI","1.46","77.27","","76.16"
"A106080","케이이엠텍","12","0","KOSDAQ","0","49.17","","49.17"
"A106190","하이텍팜","12","0","KOSDAQ","-4.31","78.69","","82.23"
"A106240","파인테크닉스","12","0","KOSDAQ","-1.81","209.29","","213.15"
"A106520","노블엠앤비","12","0","KOSDAQ","5.96","62.66","","59.13"
"A107590","미원홀딩스","12","0","KOSPI","1.71","117.39","","115.42"
"A107600","새빗켐","12","0","외감","","","",""
"A107640","한중엔시에스","12","0","KONEX","0","18.6","","18.6"
"A108230","톱텍","12","0","KOSDAQ","-2.66","695.83","","714.84"
"A108320","LX세미콘","12","0","KOSDAQ","-2.69","736.77","","757.1"
"A108380","대양전기공업","12","0","KOSDAQ","1.74","111.94","","110.02"
"A108490","로보티즈","12","0","KOSDAQ","0","172.14","","172.14"
"A108670","LX하우시스","12","1","KOSPI","0.82","551.51","","547.03"
"A108860","셀바스AI","12","0","KOSDAQ","0","62.2","","62.2"
"A109070","주성코퍼레이션","12","0","KOSPI","0","14.72","","14.72"
"A109080","옵티시스","12","0","KOSDAQ","0","47.34","","47.34"
"A109610","에스와이","12","0","KOSDAQ","-1.2","92.74","","93.87"
"A109670","씨싸이트","12","0","외감","","","",""
"A109740","디에스케이","12","0","KOSDAQ","1.09","151.03","","149.4"
"A109820","진매트릭스","12","0","KOSDAQ","-3.01","319.99","","329.93"
"A109860","동일금속","12","0","KOSDAQ","-1.33","78.05","","79.1"
"A109960","앱토크롬","12","0","KOSDAQ","1.74","167.44","","164.58"
"A110020","전진바이오팜","12","0","KOSDAQ","-2.39","41.1","","42.11"
"A110790","크리스에프앤씨","12","0","KOSDAQ","-0.86","270.63","","272.97"
"A110990","디아이티","12","0","KOSDAQ","0.14","131.17","","130.98"
"A111110","호전실업","12","0","KOSPI","0.48","67.28","","66.96"
"A111380","동인기연","12","0","외감","","","",""
"A111710","남화산업","12","0","KOSDAQ","1.59","262.5","","258.38"
"A111770","영원무역","12","1","KOSPI","3.01","1136.59","","1103.36"
"A112040","위메이드","12","0","KOSDAQ","-4.34","630","","658.56"
"A112290","와이씨켐","12","0","외감","","","",""
"A112610","씨에스윈드","12","0","KOSPI","0.61","1413.97","","1405.33"
"A113810","디젠스","12","0","KOSDAQ","0.47","13.83","","13.77"
"A114090","GKL","12","1","KOSPI","1.16","810.31","","801.03"
"A114190","강원에너지","12","0","KOSDAQ","0","45.39","","45.39"
"A114450","그린생명과학","12","0","KOSDAQ","-0.56","106.05","","106.65"
"A114630","폴라리스우노","12","0","KOSDAQ","-0.64","41.94","","42.22"
"A114810","한솔아이원스","12","0","KOSDAQ","-2.4","114.57","","117.39"
"A114840","아이패밀리에스씨","12","0","외감","","","",""
"A115160","휴맥스","12","0","KOSDAQ","1.75","110.95","","109.04"
"A115180","큐리언트","12","0","KOSDAQ","3","266.53","","258.77"
"A115310","인포바인","12","0","KOSDAQ","-1.05","60.19","","60.82"
"A115440","우리넷","12","0","KOSDAQ","1.93","96.39","","94.57"
"A115450","HLB테라퓨틱스","12","0","KOSDAQ","1.28","717.86","","707.93"
"A115480","씨유메디칼","12","0","KOSDAQ","-0.16","71.16","","71.28"
"A115500","케이씨에스","12","0","KOSDAQ","0.11","54.54","","54.48"
"A115530","씨엔플러스","12","0","KOSDAQ","0","50.42","","50.42"
"A115570","스타플렉스","12","0","KOSDAQ","-4","36.91","","38.45"
"A115610","이미지스","12","0","KOSDAQ","-1.75","23.62","","24.04"
"A117580","대성에너지","12","0","KOSPI","0.98","141.63","","140.25"
"A117670","알파칩스","12","0","KOSDAQ","0.43","88.28","","87.9"
"A117730","티로보틱스","12","0","KOSDAQ","5.68","77.83","","73.65"
"A118000","메타케어","12","0","KOSPI","-2.54","137.11","","140.68"
"A118990","모트렉스","12","0","KOSDAQ","-0.69","134.6","","135.53"
"A119500","포메탈","12","0","KOSDAQ","-2.17","39.98","","40.87"
"A119610","인터로조","12","0","KOSDAQ","0.45","260.98","","259.81"
"A119650","KC코트렐","12","0","KOSPI","-0.64","80.21","","80.73"
"A119830","아이텍","12","0","KOSDAQ","-1.11","69.09","","69.86"
"A119850","지엔씨에너지","12","0","KOSDAQ","-3.51","107.55","","111.46"
"A120030","조선선재","12","0","KOSPI","2.78","139.6","","135.83"
"A120110","코오롱인더","12","1","KOSPI","-1.09","975.29","","986.08"
"A120240","대정화금","12","0","KOSDAQ","5.95","195.97","","184.97"
"A121440","골프존홀딩스","12","0","KOSDAQ","4.06","285.29","","274.16"
"A121600","나노신소재","12","0","KOSDAQ","0.31","527.77","","526.14"
"A121800","비덴트","12","0","KOSDAQ","-2.86","254.26","","261.73"
"A121850","코이즈","12","0","KOSDAQ","2.15","18.34","","17.95"
"A121890","에스디시스템","12","0","KOSDAQ","0","6.69","","6.69"
"A122310","제노레이","12","0","KOSDAQ","-2.55","166.64","","171.01"
"A122350","삼기","12","0","KOSDAQ","-4.09","115.99","","120.94"
"A122450","KX","12","0","KOSDAQ","0.5","183.84","","182.93"
"A122640","예스티","12","0","KOSDAQ","-3.88","128.49","","133.68"
"A122690","서진오토모티브","12","0","KOSDAQ","3.16","35.08","","34"
"A122870","와이지엔터테인먼트","12","0","KOSDAQ","0.22","835.48","","833.66"
"A122900","아이마켓코리아","12","0","KOSPI","0.25","289.16","","288.46"
"A122990","와이솔","12","0","KOSDAQ","-1.61","431.03","","438.07"
"A123010","알엔티엑스","12","0","KOSDAQ","-4.79","83.91","","88.14"
"A123040","엠에스오토텍","12","0","KOSDAQ","1.13","214.97","","212.57"
"A123330","제닉","12","0","KOSDAQ","0","27.72","","27.72"
"A123410","코리아에프티","12","0","KOSDAQ","-1.34","71.97","","72.94"
"A123420","위메이드플레이","12","0","KOSDAQ","-1.89","247.86","","252.64"
"A123570","이엠넷","12","0","KOSDAQ","2.54","103.36","","100.8"
"A123690","한국화장품","12","0","KOSPI","1.07","228.17","","225.76"
"A123700","SJM","12","0","KOSPI","2.28","41.98","","41.04"
"A123750","알톤","12","0","KOSDAQ","3.03","43.34","","42.06"
"A123840","뉴온","12","0","KOSDAQ","0","36.65","","36.65"
"A123860","아나패스","12","0","KOSDAQ","-0.46","220.28","","221.29"
"A123890","한국자산신탁","12","0","KOSPI","-0.96","383.09","","386.81"
"A124500","아이티센글로벌","12","0","KOSDAQ","-1.28","122.83","","124.42"
"A124560","태웅로직스","12","0","KOSDAQ","-0.43","61.78","","62.04"
"A125020","티씨머티리얼즈","12","0","외감","","","",""
"A125210","아모그린텍","12","0","KOSDAQ","1.97","256.53","","251.58"
"A125490","한라캐스트","12","0","외감","","","",""
"A126340","비나텍","12","0","KONEX","2.25","173.96","","170.13"
"A126560","현대퓨처넷","12","0","KOSPI","-0.12","457.15","","457.71"
"A126600","BGF에코머티리얼즈","12","0","KOSDAQ","-0.53","79.61","","80.03"
"A126640","화신정공","12","0","KOSDAQ","0.77","47.47","","47.1"
"A126700","하이비젼시스템","12","0","KOSDAQ","-3.17","182.29","","188.27"
"A126720","수산인더스트리","12","0","외감","","","",""
"A126730","코칩","12","0","외감","","","",""
"A126880","제이엔케이글로벌","12","0","KOSDAQ","-2.06","184.64","","188.52"
"A127120","제이에스링크","12","0","KOSDAQ","4.78","197.61","","188.6"
"A127710","아시아경제","12","0","KOSDAQ","-0.65","39.28","","39.54"
"A127980","화인써키트","12","0","외감","","","",""
"A128540","에코캡","12","0","KOSDAQ","-0.68","42.66","","42.95"
"A128660","피제이메탈","12","0","KOSDAQ","0","52.71","","52.71"
"A128820","대성산업","12","0","KOSPI","0.3","149.28","","148.82"
"A128940","한미약품","12","1","KOSPI","-1.54","3783.85","","3843.06"
"A129260","인터지스","12","0","KOSPI","-3.19","76.75","","79.28"
"A129890","앱코","12","0","외감","","","",""
"A129920","대성하이텍","12","0","외감","","","",""
"A130500","GH신소재","12","0","KOSDAQ","0.13","41.47","","41.41"
"A130580","나이스디앤비","12","0","KOSDAQ","0","195.58","","195.58"
"A130660","한전산업","12","0","KOSPI","2.44","109.7","","107.09"
"A130740","티피씨글로벌","12","0","KOSDAQ","-2.54","23.8","","24.42"
"A131030","옵투스제약","12","0","KOSDAQ","-2.22","131.52","","134.51"
"A131090","시큐브","12","0","KOSDAQ","-1.87","73.4","","74.8"
"A131100","티엔엔터테인먼트","12","0","KOSDAQ","0.4","72.59","","72.29"
"A131180","딜리","12","0","KOSDAQ","0.33","44.91","","44.76"
"A131220","대한과학","12","0","KOSDAQ","3.87","44.06","","42.42"
"A131290","티에스이","12","0","KOSDAQ","2.17","442.46","","433.05"
"A131370","알서포트","12","0","KOSDAQ","0.9","535.33","","530.54"
"A131400","이브이첨단소재","12","0","KOSDAQ","0","114.91","","114.91"
"A131760","파인텍","12","0","KOSDAQ","-1.14","74.69","","75.55"
"A131970","두산테스나","12","0","KOSDAQ","-2.67","622.89","","639.96"
"A133750","메가엠디","12","0","KOSDAQ","-1.71","72.87","","74.14"
"A133820","화인베스틸","12","0","KOSPI","-1.68","77.72","","79.05"
"A134060","이퓨쳐","12","0","KOSDAQ","5.34","29.19","","27.71"
"A134380","미원화학","12","0","KOSPI","0.39","112.16","","111.72"
"A134580","탑코미디어","12","0","KOSDAQ","0.28","20.31","","20.25"
"A134790","시디즈","12","0","KOSPI","-2.09","112.2","","114.6"
"A136150","원일티엔아이","12","0","외감","","","",""
"A136410","아셈스","12","0","외감","","","",""
"A136480","하림","12","0","KOSDAQ","2","298.45","","292.61"
"A136490","선진","12","0","KOSPI","0.49","246.12","","244.93"
"A136540","윈스테크넷","12","0","KOSDAQ","2.01","215.65","","211.39"
"A137080","나래나노텍","12","0","외감","","","",""
"A137310","에스디바이오센서","12","0","외감","","","",""
"A137400","피엔티","12","0","KOSDAQ","-1.72","371.33","","377.85"
"A137940","넥스트아이","12","0","KOSDAQ","-2.15","123","","125.7"
"A137950","제이씨케미칼","12","0","KOSDAQ","2.49","128.26","","125.15"
"A138040","메리츠금융지주","12","0","KOSPI","0.98","1246.31","","1234.24"
"A138070","신진에스엠","12","0","KOSDAQ","-0.18","48.9","","48.99"
"A138080","오이솔루션","12","0","KOSDAQ","-0.88","716.06","","722.44"
"A138360","앤로보틱스","12","0","KOSDAQ","0","104.66","","104.66"
"A138610","나이벡","12","0","KOSDAQ","-3.33","229.75","","237.67"
"A138930","BNK금융지주","12","1","KOSPI","2.08","1760.05","","1724.2"
"A139130","iM금융지주","12","0","KOSPI","4.63","955.67","","913.39"
"A139480","이마트","12","1","KOSPI","0.83","3400.85","","3372.97"
"A139670","키네마스터","12","0","KOSDAQ","-2.48","159.85","","163.91"
"A139990","아주스틸","12","0","외감","","","",""
"A140070","서플러스글로벌","12","0","KOSDAQ","1.1","135.56","","134.08"
"A140410","메지온","12","0","KOSDAQ","1.97","1533.99","","1504.39"
"A140430","카티스","12","0","외감","","","",""
"A140520","대창스틸","12","0","KOSDAQ","1.92","42.4","","41.6"
"A140670","알에스오토메이션","12","0","KOSDAQ","-1.86","76.83","","78.29"
"A140860","파크시스템스","12","0","KOSDAQ","0","383.41","","383.41"
"A141000","비아트론","12","0","KOSDAQ","-1.71","111.09","","113.03"
"A141080","리가켐바이오","12","0","KOSDAQ","1.27","1326.29","","1309.71"
"A142210","유니트론텍","12","0","KOSDAQ","-0.92","76.8","","77.51"
"A142280","녹십자엠에스","12","0","KOSDAQ","-3.59","255.52","","265.02"
"A142760","모아라이프플러스","12","0","KOSDAQ","6.67","165.76","","155.4"
"A143160","아이디스","12","0","KOSDAQ","-1","424.37","","428.66"
"A143210","핸즈코퍼레이션","12","0","KOSPI","0.15","148.89","","148.67"
"A143240","사람인","12","0","KOSDAQ","0.83","284.49","","282.15"
"A143540","영우디에스피","12","0","KOSDAQ","0.57","61.6","","61.2"
"A144510","지씨셀","12","0","KOSDAQ","-2.38","605.8","","620.58"
"A144960","뉴파워프라즈마","12","0","KOSDAQ","5.62","272.09","","257.62"
"A145020","휴젤","12","0","KOSDAQ","0.58","1977.81","","1966.4"
"A145170","노브랜드","12","0","외감","","","",""
"A145210","다이나믹디자인","12","0","KOSPI","-1.67","95.29","","96.91"
"A145720","덴티움","12","0","KOSPI","-2.67","484.81","","498.1"
"A145990","삼양사","12","1","KOSPI","1.78","709.57","","697.19"
"A146060","율촌","12","0","외감","","","",""
"A146320","비씨엔씨","12","0","외감","","","",""
"A147760","피엠티","12","0","KOSDAQ","-1.31","65.24","","66.11"
"A147830","제룡산업","12","0","KOSDAQ","1.75","49.3","","48.45"
"A148150","세경하이테크","12","0","KOSDAQ","-1.59","324.81","","330.05"
"A148250","알엔투테크놀로지","12","0","KOSDAQ","8.29","142.51","","131.6"
"A148780","비큐AI","12","0","KONEX","0","18.96","","18.96"
"A148930","에이치와이티씨","12","0","외감","","","",""
"A149950","아바텍","12","0","KOSDAQ","0.12","133.91","","133.76"
"A149980","하이로닉","12","0","KOSDAQ","0.59","60.49","","60.14"
"A150900","파수AI","12","0","KOSDAQ","-1.71","52.12","","53.03"
"A151860","KG에코솔루션","12","0","KOSDAQ","8.77","174.06","","160.02"
"A153460","네이블","12","0","KOSDAQ","1.45","29.61","","29.19"
"A153490","우리이앤엘하루틴","12","0","KOSDAQ","-0.35","42.27","","42.41"
"A153710","옵티팜","12","0","KOSDAQ","3.22","368.79","","357.29"
"A154030","아시아종묘","12","0","KOSDAQ","-1.07","53.09","","53.66"
"A154040","다산솔루에타","12","0","KOSDAQ","0.36","35.96","","35.83"
"A155650","와이엠씨","12","0","KOSDAQ","1.23","245.68","","242.69"
"A155660","DSR","12","0","KOSPI","0.5","63.92","","63.6"
"A156100","엘앤케이바이오","12","0","KOSDAQ","7.09","122.42","","114.32"
"A158430","아톤","12","0","KOSDAQ","-1.78","120.38","","122.55"
"A159010","아스플로","12","0","외감","","","",""
"A159580","제로투세븐","12","0","KOSDAQ","0.58","139.23","","138.43"
"A159910","에코글로우","12","0","KOSDAQ","0","36.57","","36.57"
"A160190","하이젠알앤엠","12","0","외감","","","",""
"A160550","NEW","12","0","KOSDAQ","0.21","132.27","","132"
"A160980","싸이맥스","12","0","KOSDAQ","0.7","157.31","","156.22"
"A161000","애경케미칼","12","0","KOSPI","-1.15","248.95","","251.83"
"A161390","한국타이어앤테크놀로지","12","1","KOSPI","3.41","3759.61","","3635.73"
"A161580","필옵틱스","12","0","KOSDAQ","19.17","298.93","","250.84"
"A161890","한국콜마","12","1","KOSPI","0.2","1150.92","","1148.64"
"A162300","신스틸","12","0","외감","","","",""
"A163280","에어레인","12","0","외감","","","",""
"A163560","동일고무벨트","12","0","KOSPI","-3.48","109.88","","113.84"
"A163730","핑거","12","0","외감","","","",""
"A166090","하나머티리얼즈","12","0","KOSDAQ","-8.64","467.14","","511.3"
"A166480","코아스템켐온","12","0","KOSDAQ","3.5","418.08","","403.94"
"A168330","내츄럴엔도텍","12","0","KOSDAQ","0","52.18","","52.18"
"A168360","펨트론","12","0","외감","","","",""
"A169330","엠브레인","6","0","KOSDAQ","-2.11","79.01","","80.72"
"A170030","현대공업","12","0","KOSDAQ","5.3","85.29","","81"
"A170790","파이오링크","12","0","KOSDAQ","1.43","97.02","","95.65"
"A170900","동아에스티","12","1","KOSPI","0","852.83","","852.83"
"A170920","엘티씨","12","0","KOSDAQ","-7.82","106.41","","115.43"
"A171010","램테크놀러지","12","0","KOSDAQ","-0.37","93.78","","94.13"
"A171090","선익시스템","12","0","KOSDAQ","-1.65","59.04","","60.03"
"A171120","라이온켐텍","12","0","KOSDAQ","0.64","148.31","","147.37"
"A172670","에이엘티","12","0","외감","","","",""
"A173130","오파스넷","12","0","KOSDAQ","0.47","34.66","","34.5"
"A173940","에프엔씨엔터","12","0","KOSDAQ","1.23","82.89","","81.88"
"A174900","앱클론","12","0","KOSDAQ","-2.39","559.13","","572.8"
"A175140","아고스","12","0","KOSDAQ","-1.98","21.74","","22.18"
"A175250","아이큐어","12","0","KOSDAQ","-1.89","364.66","","369.63"
"A175330","JB금융지주","12","0","KOSPI","0.53","931.73","","926.8"
"A176750","듀켐바이오","12","0","KONEX","0","50.76","","50.76"
"A177350","베셀","12","0","KOSDAQ","3.41","39.06","","37.77"
"A177830","파버나인","12","0","KOSDAQ","3.87","78.43","","75.51"
"A177900","쓰리에이로직스","12","0","외감","","","",""
"A178320","서진시스템","12","0","KOSDAQ","0.55","829.01","","824.49"
"A178780","일월지엠엘","12","0","KOSDAQ","4.52","119.14","","113.98"
"A178920","PI첨단소재","12","0","KOSDAQ","-2.07","973.49","","994.05"
"A179290","엠아이텍","12","0","KOSDAQ","-0.61","123.67","","124.43"
"A179530","애드바이오텍","12","0","KONEX","0","23.87","","23.87"
"A179900","유티아이","12","0","KOSDAQ","-2.06","229.67","","234.5"
"A180400","DXVX","12","0","KOSDAQ","0","178.62","","178.62"
"A180640","한진칼","12","1","KOSPI","0.24","4881.56","","4869.73"
"A181710","NHN","12","0","KOSPI","-2.09","1561.29","","1594.55"
"A182360","큐브엔터","12","0","KOSDAQ","-0.54","154.15","","154.99"
"A182400","엔케이젠바이오텍코리아","12","0","KOSDAQ","-0.82","596.95","","601.86"
"A183190","아세아시멘트","12","0","KOSPI","-2.23","239.2","","244.66"
"A183300","코미코","12","0","KOSDAQ","0.81","337.82","","325.99"
"A183490","엔지켐생명과학","12","0","KOSDAQ","-3.54","1277.42","","1324.15"
"A184230","SGA솔루션즈","12","0","KOSDAQ","-1.34","29.67","","30.07"
"A185490","아이진","12","0","KOSDAQ","2.67","176.92","","172.33"
"A185750","종근당","12","1","KOSPI","3.09","1997.52","","1937.65"
"A186230","그린플러스","12","0","KOSDAQ","5.2","83.14","","79.03"
"A187220","디티앤씨","12","0","KOSDAQ","0.96","68.99","","68.34"
"A187270","신화콘텍","12","0","KOSDAQ","-0.39","26.12","","26.22"
"A187420","HLB제넥스","12","0","KOSDAQ","-1.24","157.02","","158.98"
"A187660","페니트리움바이오","12","0","외감","","","",""
"A187790","나노","12","0","KOSDAQ","-0.71","35.99","","36.25"
"A187870","디바이스","12","0","KOSDAQ","-2.74","162.55","","167.12"
"A188040","바이오포트","12","0","외감","","","",""
"A188260","세니젠","12","0","외감","","","",""
"A189300","인텔리안테크","12","0","KOSDAQ","-1.18","221.17","","223.82"
"A189330","씨이랩","12","0","KONEX","2.88","77.65","","75.48"
"A189690","포시에스","6","0","KOSDAQ","0.14","59.48","","59.39"
"A189860","서전기전","12","0","KOSDAQ","0.64","30.5","","30.31"
"A189980","흥국에프엔비","12","0","KOSDAQ","5.42","64.24","","60.93"
"A190510","나무가","12","0","KOSDAQ","4.3","150.13","","143.95"
"A190650","코리아에셋투자증권","3","0","KOSDAQ","-0.5","51.3","","51.55"
"A191410","육일씨엔에쓰","12","0","KOSDAQ","-1.62","34.22","","34.78"
"A191420","테고사이언스","12","0","KOSDAQ","-1.31","244.59","","247.82"
"A192080","더블유게임즈","12","1","KOSPI","2.71","1462.61","","1424.02"
"A192250","케이사인","12","0","KOSDAQ","0","86.01","","86.01"
"A192390","윈하이텍","12","0","KOSDAQ","0.19","27.81","","27.76"
"A192400","쿠쿠홀딩스","12","1","KOSPI","0.6","601","","597.44"
"A192410","오늘이엔엠","12","0","KOSDAQ","0","9.97","","9.97"
"A192440","슈피겐코리아","12","0","KOSDAQ","-1.71","394.12","","400.96"
"A192650","드림텍","12","0","KOSPI","-2.44","1117.35","","1145.28"
"A192820","코스맥스","12","1","KOSPI","2.2","933.6","","913.5"
"A193250","링크드","12","0","KOSDAQ","0.84","97.19","","96.38"
"A194370","제이에스코퍼레이션","12","0","KOSPI","0","90.95","","90.95"
"A194480","데브시스터즈","12","0","KOSDAQ","1.3","96.02","","94.79"
"A194700","노바렉스","12","0","KOSDAQ","-2.16","386.71","","395.26"
"A195500","마니커에프앤지","12","0","KOSDAQ","1.37","103.27","","101.87"
"A195870","해성디에스","12","0","KOSPI","-2.41","344.25","","352.75"
"A195940","HK이노엔","12","0","외감","","","",""
"A195990","루트K","12","0","KOSDAQ","1.04","176.59","","174.77"
"A196170","알테오젠","12","0","KOSDAQ","-3.28","2681.62","","2772.6"
"A196300","HLB펩","12","0","KOSDAQ","-4.17","86.53","","90.29"
"A196450","코아시아씨엠","12","0","KOSDAQ","0","59.18","","59.18"
"A196490","디에이테크놀로지","12","0","KOSDAQ","-2.39","134.07","","137.35"
"A196700","웹스","12","0","KOSDAQ","-1.86","28.9","","29.45"
"A197140","디지캡","12","0","KOSDAQ","-0.52","28.53","","28.67"
"A198080","캐프","12","0","KOSDAQ","3.14","91.96","","89.16"
"A198440","강동씨앤엘","12","0","KOSDAQ","-1.25","113.37","","114.81"
"A198940","한주라이트메탈","12","0","외감","","","",""
"A199430","케이엔알시스템","12","0","외감","","","",""
"A199480","뱅크웨어글로벌","12","0","외감","","","",""
"A199550","레이저옵텍","12","0","외감","","","",""
"A199730","바이오인프라","12","0","외감","","","",""
"A199800","툴젠","12","0","KONEX","-5.25","379.12","","400.11"
"A199820","제일일렉트릭","12","0","외감","","","",""
"A200130","콜마비앤에이치","12","0","KOSDAQ","-3.74","1976.46","","2053.28"
"A200230","텔콘RF제약","12","0","KOSDAQ","-0.52","493.48","","496.04"
"A200350","아티스트스튜디오","12","0","KONEX","8.59","44.57","","41.05"
"A200470","에이팩트","12","0","KOSDAQ","-1.03","117.61","","118.84"
"A200670","휴메딕스","12","0","KOSDAQ","1.43","283.18","","279.19"
"A200710","에이디테크놀로지","12","0","KOSDAQ","-2.42","402.13","","412.11"
"A200780","비씨월드제약","12","0","KOSDAQ","-1.26","174.74","","176.96"
"A200880","서연이화","12","0","KOSPI","-6.95","124.87","","134.2"
"A201490","미투온","12","0","KOSDAQ","2.18","263.19","","257.56"
"A203400","에이비온","12","0","KONEX","-3.34","75.32","","77.93"
"A203450","유니온바이오메트릭스","12","0","KOSDAQ","2.42","49.62","","48.44"
"A203650","드림시큐리티","12","0","KOSDAQ","-1.04","193.31","","195.34"
"A203690","아크솔루션스","12","0","KOSDAQ","4","219.86","","211.4"
"A204020","그리티","12","0","KOSDAQ","-0.69","58.43","","58.83"
"A204270","제이앤티씨","12","0","KOSDAQ","-1.46","780.95","","792.52"
"A204320","HL만도","12","1","KOSPI","2.11","1587.15","","1554.28"
"A204610","티쓰리","12","0","외감","","","",""
"A204620","글로벌텍스프리","12","0","KOSDAQ","1.3","105.52","","104.17"
"A204840","지엘팜텍","12","0","KOSDAQ","0.5","45.35","","45.13"
"A205100","엑셈","12","0","KOSDAQ","1.79","134.68","","132.31"
"A205470","휴마시스","12","0","KOSDAQ","-7.79","506.51","","549.29"
"A205500","넥써쓰","12","0","KOSDAQ","-7.25","76.67","","82.67"
"A206400","베노티앤알","12","0","KOSDAQ","0.51","164.13","","163.3"
"A206560","덱스터","12","0","KOSDAQ","2.81","148.54","","144.48"
"A206640","바디텍메드","12","0","KOSDAQ","0.45","527.07","","524.72"
"A206650","유바이오로직스","12","0","KOSDAQ","-21.7","643.6","","821.91"
"A207760","미스터블루","12","0","KOSDAQ","-1.12","323.6","","327.28"
"A207940","삼성바이오로직스","12","1","KOSPI","4.28","53196.66","","51013.22"
"A208140","정다운","12","0","KOSDAQ","-1.19","68.06","","68.88"
"A208350","지란지교시큐리티","12","0","KOSDAQ","-0.1","37.4","","37.43"
"A208370","셀바스헬스케어","12","0","KOSDAQ","0","41.95","","41.95"
"A208640","썸에이지","12","0","KOSDAQ","-1.57","86.2","","87.57"
"A208710","포톤","12","0","KOSDAQ","-0.28","51.39","","51.53"
"A208860","다산디엠씨","12","0","KOSDAQ","-0.15","67.31","","67.41"
"A209640","와이제이링크","12","0","외감","","","",""
"A210120","캔버스엔","12","0","KONEX","6.51","6.05","","5.68"
"A210540","디와이파워","12","0","KOSPI","-2.51","128.64","","131.95"
"A210980","SK디앤디","12","0","KOSPI","-0.41","687.44","","690.29"
"A211050","인카금융서비스","12","0","KONEX","1.3","31.41","","31.01"
"A211270","AP위성","12","0","KOSDAQ","0.36","124.62","","124.17"
"A212560","네오오토","12","0","KOSDAQ","-0.99","31.46","","31.78"
"A212710","아이에스티이","12","0","외감","","","",""
"A213420","덕산네오룩스","12","0","KOSDAQ","-2.82","867.96","","893.17"
"A213500","한솔제지","12","0","KOSPI","2.15","339.16","","332.02"
"A214150","클래시스","12","0","KOSDAQ","0.71","915.63","","909.16"
"A214180","헥토이노베이션","12","0","KOSDAQ","0.36","171.22","","170.6"
"A214260","라파스","12","0","KOSDAQ","-1.45","199.25","","202.18"
"A214270","FSN","12","0","KOSDAQ","2.65","117.02","","113.99"
"A214320","이노션","12","1","KOSPI","0.19","1036","","1034"
"A214330","금호에이치티","12","0","KOSPI","-3.1","58.76","","60.64"
"A214370","케어젠","12","0","KOSDAQ","0.31","703.67","","701.52"
"A214390","경보제약","12","0","KOSPI","-1.22","290.47","","294.05"
"A214420","토니모리","12","0","KOSPI","-0.94","186.1","","187.87"
"A214430","아이쓰리시스템","12","0","KOSDAQ","7.68","184.42","","171.27"
"A214450","파마리서치","12","0","KOSDAQ","0.17","583.44","","582.47"
"A214610","롤링스톤","12","0","KONEX","-1.08","388.4","","392.65"
"A214680","디알텍","12","0","KOSDAQ","-0.59","86.99","","87.51"
"A215000","골프존","12","0","KOSDAQ","-0.41","457.48","","459.36"
"A215090","솔디펜스","12","0","KOSDAQ","0","20.13","","20.13"
"A215100","로보로보","12","0","KOSDAQ","-2.03","94.51","","96.47"
"A215200","메가스터디교육","12","0","KOSDAQ","1.65","400.76","","394.26"
"A215360","우리산업","12","0","KOSDAQ","-3.04","189.49","","195.43"
"A215380","콜마바이오텍","12","0","KOSDAQ","-0.23","95.84","","96.07"
"A215480","토박스코리아","12","0","KOSDAQ","-0.1","40.88","","40.92"
"A215600","신라젠","12","0","KOSDAQ","0","866.57","","866.57"
"A215790","이노인스트루먼트","12","0","KOSDAQ","11.11","76.54","","68.88"
"A216050","인크로스","12","0","KOSDAQ","-0.24","335.97","","336.77"
"A216080","제테마","12","0","KOSDAQ","4","454.94","","437.44"
"A217190","제너셈","12","0","KOSDAQ","-5.62","34.59","","36.66"
"A217270","넵튠","12","0","KOSDAQ","-2.21","258.24","","264.08"
"A217330","싸이토젠","12","0","KOSDAQ","3.49","66.76","","64.51"
"A217480","에스디생명공학","12","0","KOSDAQ","1.9","120.14","","117.9"
"A217500","러셀","12","0","KOSDAQ","1.13","71.26","","70.46"
"A217590","티엠씨","12","0","외감","","","",""
"A217730","강스템바이오텍","12","0","KOSDAQ","1.22","191.54","","189.23"
"A217820","원익피앤이","12","0","KOSDAQ","1.17","84.57","","83.59"
"A218150","미래생명자원","12","0","KOSDAQ","0.44","63.86","","63.58"
"A218410","RFHIC","12","0","KOSDAQ","0.39","924.1","","920.52"
"A219130","타이거일렉","12","0","KOSDAQ","-0.71","87.77","","88.4"
"A219420","링크제니시스","12","0","KOSDAQ","0","66.2","","66.2"
"A219550","디와이디","12","0","KOSDAQ","-0.84","67.98","","68.56"
"A219750","한국비티비","12","0","KOSDAQ","6.61","72.05","","67.58"
"A220100","퓨쳐켐","12","0","KOSDAQ","-0.49","58.71","","59"
"A220180","폴라리스AI핸디","12","0","KOSDAQ","-1.98","67.32","","68.68"
"A220260","켐트로스","12","0","KOSDAQ","-3.97","184.52","","192.16"
"A221800","지구홀딩스","12","0","KONEX","-9.09","19.01","","20.91"
"A221840","하이즈항공","12","0","KOSDAQ","1.41","63.79","","62.91"
"A221980","케이디켐","12","0","KOSDAQ","1.7","48.22","","47.41"
"A222040","코스맥스엔비티","12","0","KOSDAQ","-1.16","194.11","","196.38"
"A222080","SFA넥셀","12","0","KOSDAQ","0.51","442.2","","439.95"
"A222110","팬젠","12","0","KOSDAQ","4.09","110.4","","106.06"
"A222160","NPX","12","0","KONEX","0","7.86","","7.86"
"A222420","쎄노텍","12","0","KOSDAQ","1.46","97.79","","96.38"
"A222800","심텍","12","0","KOSDAQ","0.74","649.82","","645.05"
"A222980","한국맥널티","12","0","KOSDAQ","-1.4","72.62","","73.65"
"A223250","드림씨아이에스","12","0","KOSDAQ","-2.78","136.09","","139.98"
"A223310","사토시홀딩스","12","0","KOSDAQ","0","37.84","","37.84"
"A224060","더코디","12","0","KOSDAQ","29.61","56.23","","43.38"
"A224110","에이텍모빌리티","12","0","KOSDAQ","0.26","102.53","","102.26"
"A225190","LK삼양","12","0","KOSDAQ","0.42","97.37","","96.96"
"A225220","제놀루션","12","0","KOSDAQ","-6.87","168.86","","181.32"
"A225430","케이엠제약","12","0","KOSDAQ","3.47","79.77","","77.1"
"A225530","HC보광산업","12","0","KOSDAQ","0.71","256.03","","254.22"
"A225570","넥슨게임즈","12","0","KOSDAQ","-3.8","269.93","","280.6"
"A225590","패션플랫폼","12","0","KOSDAQ","4.39","31.7","","30.37"
"A226320","잇츠한불","12","0","KOSPI","1.1","604.15","","597.57"
"A226330","신테카바이오","12","0","KOSDAQ","-0.36","182.08","","182.74"
"A226340","본느","12","0","KOSDAQ","0.81","76.6","","75.98"
"A226400","오스테오닉","12","0","KOSDAQ","0.46","41.07","","40.88"
"A226590","엠디바이스","12","0","외감","","","",""
"A226950","올릭스","12","0","KOSDAQ","2.38","367.86","","359.32"
"A227100","프로브잇","12","0","KOSDAQ","2.9","45.81","","44.52"
"A227610","아우딘퓨쳐스","12","0","KOSDAQ","1.54","42.95","","42.3"
"A227840","현대코퍼레이션홀딩스","12","0","KOSPI","-1.42","95.1","","96.47"
"A227950","엔투텍","12","0","KOSDAQ","0.98","123.68","","122.48"
"A228340","동양파일","12","0","KOSDAQ","-6.77","52.3","","56.1"
"A228670","레이","12","0","KOSDAQ","-1.17","309.71","","313.37"
"A228760","지노믹트리","12","0","KOSDAQ","-2.47","354.76","","363.75"
"A228850","레이언스","12","0","KOSDAQ","0","200.75","","200.75"
"A229000","젠큐릭스","12","0","KOSDAQ","0.58","109.53","","108.9"
"A229640","LS에코에너지","12","0","KOSPI","-0.85","213.15","","214.99"
"A230240","에치에프알","12","0","KOSDAQ","-0.27","445.13","","446.33"
"A230360","에코마케팅","12","0","KOSDAQ","-3.34","890.94","","921.72"
"A232140","와이씨","12","0","KOSDAQ","-3.69","352.8","","366.32"
"A232680","라온로보틱스","12","0","KONEX","-4.88","34.62","","36.39"
"A232830","아이티센피엔에스","12","0","KONEX","1","40.55","","40.15"
"A234030","싸이닉솔루션","12","0","외감","","","",""
"A234080","JW생명과학","12","0","KOSPI","-1.46","320.65","","325.4"
"A234100","폴라리스세원","12","0","KOSDAQ","-10.75","164.54","","184.36"
"A234300","에스트래픽","12","0","KOSDAQ","0.35","67.71","","67.47"
"A234340","헥토파이낸셜","12","0","KOSDAQ","-0.55","252.53","","253.92"
"A234690","녹십자웰빙","12","0","KOSDAQ","0.41","217.47","","216.58"
"A234920","자이글","12","0","KOSDAQ","0.15","44.85","","44.79"
"A235980","메드팩토","12","0","KOSDAQ","8.31","1828.1","","1687.79"
"A236200","슈프리마","12","0","KOSDAQ","0.63","229.11","","227.67"
"A236810","엔비티","12","0","외감","","","",""
"A237690","에스티팜","12","0","KOSDAQ","0","1115.63","","1115.63"
"A237750","피앤씨테크","12","0","KOSDAQ","2.63","40.6","","39.56"
"A237820","플레이디","12","0","KOSDAQ","0","141.1","","141.1"
"A237880","클리오","12","0","KOSDAQ","1.67","313.85","","308.7"
"A238090","앤디포스","12","0","KOSDAQ","-2.84","202.69","","208.61"
"A238120","얼라인드","12","0","KOSDAQ","-4.49","91.67","","95.98"
"A238200","비피도","12","0","KOSDAQ","1.59","78.53","","77.3"
"A238490","힘스","12","0","KOSDAQ","4.84","147.06","","140.27"
"A239340","이스트에이드","12","0","KOSDAQ","-0.94","99.6","","100.54"
"A239610","에이치엘사이언스","12","0","KOSDAQ","2.64","280.25","","273.05"
"A239890","피엔에이치테크","12","0","KONEX","3.11","30.84","","29.91"
"A240550","동방메디컬","12","0","외감","","","",""
"A240600","유진테크놀로지","12","0","외감","","","",""
"A240810","원익IPS","12","0","KOSDAQ","2.62","1828.38","","1781.75"
"A241520","DSC인베스트먼트","12","0","KOSDAQ","3.99","64.13","","61.67"
"A241560","두산밥캣","12","1","KOSPI","3.11","2822.01","","2736.8"
"A241590","화승엔터프라이즈","12","1","KOSPI","15.77","777.9","","671.96"
"A241690","유니테크노","12","0","KOSDAQ","0","137.17","","137.17"
"A241710","코스메카코리아","12","0","KOSDAQ","-0.34","156.46","","157"
"A241770","메카로","12","0","KOSDAQ","-0.78","128.3","","129.31"
"A241790","티이엠씨씨엔에스","12","0","KOSDAQ","3.03","187.05","","181.55"
"A241820","피씨엘","12","0","KOSDAQ","7.93","214.17","","198.43"
"A241840","에이스토리","12","0","KOSDAQ","-1.82","70.35","","71.66"
"A242040","나무에이엑스","12","0","KOSDAQ","2.88","126.33","","122.8"
"A243070","휴온스","12","0","KOSDAQ","1.16","602.73","","595.81"
"A243840","신흥에스이씨","12","0","KOSDAQ","-5.74","333.69","","353.99"
"A244460","올리패스","12","0","KOSDAQ","-2.38","294.63","","301.81"
"A244920","에이플러스에셋","12","0","K-OTC","0.92","189.08","","187.36"
"A245620","EDGC","12","0","KOSDAQ","-6.27","634.4","","676.82"
"A246250","에스엘에스바이오","12","0","KONEX","6.98","94.23","","88.08"
"A246690","TS인베스트먼트","12","0","KOSDAQ","11.67","62.84","","56.28"
"A246710","티앤알바이오팹","12","0","KOSDAQ","5.52","128.24","","121.53"
"A246720","아스타","12","0","KOSDAQ","-3.09","64.88","","66.94"
"A246960","SCL사이언스","12","0","KOSDAQ","0.33","45.65","","45.5"
"A247540","에코프로비엠","12","0","KOSDAQ","-0.62","3383.62","","3404.58"
"A247660","나노씨엠에스","12","0","외감","","","",""
"A248070","솔루엠","12","0","외감","","","",""
"A248170","샘표식품","12","0","KOSPI","4.63","237.55","","227.04"
"A249420","일동제약","12","0","KOSPI","1.56","387.99","","382.04"
"A250000","보라티알","12","0","KOSDAQ","-3.21","65.14","","67.3"
"A250060","모비스","12","0","KOSDAQ","0.4","80.43","","80.11"
"A250930","예선테크","12","0","KOSDAQ","-1.34","84.81","","85.97"
"A251120","바이오에프디엔씨","12","0","외감","","","",""
"A251270","넷마블","12","1","KOSPI","-3.23","12870.13","","13299.14"
"A251370","와이엠티","12","0","KOSDAQ","0.64","174.39","","173.28"
"A251630","브이원텍","12","0","KOSDAQ","2.53","134.25","","130.94"
"A251970","펌텍코리아","12","0","KOSDAQ","0.31","197.78","","197.16"
"A252500","세화피앤씨","12","0","KOSDAQ","4.18","106","","101.75"
"A252990","샘씨엔에스","12","0","외감","","","",""
"A253450","스튜디오드래곤","12","0","KOSDAQ","-0.91","2444.38","","2466.86"
"A253590","네오셈","12","0","KOSDAQ","1.01","112.61","","111.48"
"A253840","수젠텍","12","0","KOSDAQ","-23.54","537.04","","702.39"
"A254120","자비스","12","0","KOSDAQ","15.43","44.06","","38.17"
"A254490","미래반도체","12","0","외감","","","",""
"A255220","SG","12","0","KOSDAQ","-1.01","89.6","","90.51"
"A255440","야스","12","0","KOSDAQ","-0.68","190.65","","191.95"
"A256150","한독크린텍","12","0","KOSDAQ","-0.22","91.84","","92.05"
"A256630","포인트엔지니어링","12","0","KOSDAQ","-1.87","207.59","","211.54"
"A256840","한국비엔씨","12","0","KOSDAQ","21.29","254.53","","209.86"
"A256940","킵스파마","12","0","KOSDAQ","8.98","267.76","","245.7"
"A257370","피엔티엠에스","12","0","KOSDAQ","-0.56","113.07","","113.7"
"A257720","실리콘투","12","0","외감","","","",""
"A258610","케일럼","12","0","KOSDAQ","0.9","79.09","","78.39"
"A258790","소프트캠프","12","0","KOSDAQ","0","51.73","","51.73"
"A258830","세종메디칼","12","0","KOSDAQ","-3.06","96.58","","99.63"
"A259630","엠플러스","12","0","KOSDAQ","0.19","133.22","","132.96"
"A259960","크래프톤","12","0","외감","","","",""
"A260660","알리코제약","12","0","KOSDAQ","-1.69","142.9","","145.36"
"A260930","씨티케이","12","0","KOSDAQ","5.69","150.31","","142.22"
"A260970","에스앤디","12","0","KONEX","0.08","39.9","","39.87"
"A261200","덴티스","12","0","KOSDAQ","0.54","136.05","","135.32"
"A261520","이지스","12","0","외감","","","",""
"A261780","아리바이오랩","12","0","외감","","","",""
"A262260","에이프로","12","0","KOSDAQ","3.33","287.95","","278.67"
"A262840","아이퀘스트","12","0","외감","","","",""
"A263020","디케이앤디","12","0","KOSDAQ","-0.19","40.21","","40.29"
"A263050","유틸렉스","12","0","KOSDAQ","-0.97","534.15","","539.37"
"A263600","덕우전자","12","0","KOSDAQ","-0.62","126.96","","127.76"
"A263690","디알젬","12","0","KOSDAQ","0.45","253.13","","251.99"
"A263700","케어랩스","12","0","KOSDAQ","0.53","156.88","","156.05"
"A263720","디앤씨미디어","12","0","KOSDAQ","0","455.41","","455.41"
"A263750","펄어비스","12","0","KOSDAQ","-0.11","2436.78","","2439.39"
"A263770","유에스티","12","0","KOSDAQ","29.94","136.28","","104.87"
"A263800","데이타솔루션","12","0","KOSDAQ","0.35","135.95","","135.48"
"A263810","상신전자","12","0","KOSDAQ","4.98","49.5","","47.15"
"A263860","지니언스","12","0","KOSDAQ","-2.18","55.06","","56.29"
"A263920","휴엠앤씨","12","0","KOSDAQ","0","62.51","","62.51"
"A264450","유비쿼스","12","0","KOSDAQ","0.37","206.75","","205.98"
"A264660","씨앤지하이테크","12","0","KOSDAQ","-0.21","79.18","","79.35"
"A264850","이랜시스","12","0","KOSDAQ","-1.05","54.2","","54.77"
"A264900","크라운제과","12","0","KOSPI","2.42","111.09","","108.46"
"A265520","AP시스템","12","0","KOSDAQ","-0.19","372.87","","373.59"
"A265560","영화테크","12","0","KOSDAQ","1.53","88.46","","87.12"
"A265740","엔에프씨","12","0","외감","","","",""
"A267250","HD현대","12","1","KOSPI","6.47","3902.26","","3665.28"
"A267260","HD현대일렉트릭","12","0","KOSPI","-0.8","445.18","","448.79"
"A267270","HD건설기계","12","0","KOSPI","3.49","526.01","","508.28"
"A267290","경동도시가스","12","0","KOSPI","-0.29","101.7","","101.99"
"A267320","나인테크","12","0","KOSDAQ","3.13","103.95","","100.8"
"A267790","배럴","12","0","KOSDAQ","1.04","68.68","","67.97"
"A267850","아시아나IDT","12","0","KOSPI","4.15","250.86","","240.87"
"A267980","매일유업","12","0","KOSDAQ","0.4","587.49","","585.14"
"A268280","미원에스씨","12","0","KOSPI","0.62","413.1","","410.55"
"A269620","시스웍","12","0","KOSDAQ","0.56","48.42","","48.15"
"A270520","앱튼","12","0","KOSDAQ","0","82.28","","82.28"
"A270660","에브리봇","12","0","KONEX","5.35","37.63","","35.72"
"A270870","뉴트리","12","0","KOSDAQ","-1.22","219.56","","222.28"
"A271560","오리온","12","1","KOSPI","-1.02","5732.74","","5792.04"
"A271830","팸텍","12","0","외감","","","",""
"A271940","일진하이솔루스","12","0","외감","","","",""
"A271980","제일약품","12","0","KOSPI","1.26","826.41","","816.12"
"A272110","케이엔제이","12","0","KOSDAQ","-11.51","77.56","","87.65"
"A272210","한화시스템","12","0","KOSPI","-0.9","1218.05","","1229.07"
"A272290","이녹스첨단소재","12","0","KOSDAQ","-1.73","484.63","","493.18"
"A272450","진에어","12","0","KOSPI","0.41","290.7","","289.5"
"A272550","삼양패키징","12","0","KOSPI","-2.08","267.14","","272.83"
"A273060","와이즈버즈","12","0","KOSDAQ","1.54","93.3","","91.88"
"A273640","와이엠텍","12","0","외감","","","",""
"A274090","켄코아에어로스페이스","12","0","KOSDAQ","1.92","81.45","","79.92"
"A274400","이노시뮬레이션","12","0","외감","","","",""
"A275630","에스에스알","12","0","KOSDAQ","-0.37","31.58","","31.7"
"A276040","스코넥","12","0","외감","","","",""
"A276730","한울앤제주","12","0","외감","","","",""
"A277070","린드먼아시아","12","0","KOSDAQ","1.33","66.69","","65.81"
"A277410","인산가","12","0","KOSDAQ","0","50.9","","50.9"
"A277810","레인보우로보틱스","12","0","외감","","","",""
"A277880","티에스아이","12","0","KOSDAQ","0.3","155.22","","154.76"
"A278280","천보","12","0","KOSDAQ","-2.42","1329","","1362"
"A278470","에이피알","12","0","외감","","","",""
"A278650","HLB바이오스텝","12","0","KOSDAQ","-1.89","196.95","","200.76"
"A279570","케이뱅크","12","0","외감","","","",""
"A279600","미디어젠","12","0","KOSDAQ","0","33.02","","33.02"
"A280360","롯데웰푸드","12","0","KOSPI","0.93","693.01","","686.59"
"A281740","레이크머티리얼즈","12","0","KOSDAQ","-1.74","166.96","","169.91"
"A281820","케이씨텍","12","0","KOSPI","-1.55","440.43","","447.38"
"A282330","BGF리테일","12","1","KOSPI","0.38","2298.76","","2290.12"
"A282720","금양그린파워","12","0","외감","","","",""
"A282880","코윈테크","12","0","KOSDAQ","-0.19","241.93","","242.39"
"A284620","카이노스메드","12","0","KOSDAQ","-0.39","527.37","","529.45"
"A284740","쿠쿠홈시스","12","1","KOSPI","4.92","909.83","","867.2"
"A285130","SK케미칼","12","1","KOSPI","-0.12","4708.3","","4714.17"
"A285490","노바텍","12","0","KOSDAQ","0.4","125.41","","124.91"
"A285800","진영","12","0","외감","","","",""
"A286750","나노실리칸첨단소재","12","0","KOSDAQ","1.06","87.1","","86.19"
"A286940","롯데이노베이트","12","0","KOSPI","-0.86","534.25","","538.87"
"A287840","인투셀","12","0","외감","","","",""
"A288180","케이피항공산업","12","0","외감","","","",""
"A288330","파라택시스코리아","12","0","KOSDAQ","0.13","240.47","","240.15"
"A288620","에스프리즘","12","0","KOSDAQ","-2.13","264.24","","269.98"
"A288980","모아데이타","12","0","외감","","","",""
"A289010","아이스크림에듀","12","0","KOSDAQ","0.38","102.78","","102.4"
"A289080","SV인베스트먼트","3","0","KOSDAQ","-2.74","198.3","","203.89"
"A289220","자이언트스텝","12","0","외감","","","",""
"A289930","웨이비스","12","0","외감","","","",""
"A290090","트윔","12","0","외감","","","",""
"A290120","DH오토리드","12","0","KOSDAQ","0.99","66.72","","66.07"
"A290270","휴네시온","12","0","KOSDAQ","2.14","50.54","","49.48"
"A290520","신도기연","12","0","KOSDAQ","4.48","187.83","","179.77"
"A290550","디케이티","12","0","KOSDAQ","-5.81","186.85","","198.38"
"A290560","파라택시스이더리움","12","0","외감","","","",""
"A290650","엘앤씨바이오","12","0","KOSDAQ","-0.51","1005.61","","1010.72"
"A290660","다이나믹솔루션","12","0","KOSDAQ","-0.36","68.58","","68.82"
"A290670","대보마그네틱","12","0","KOSDAQ","-2.33","244.85","","250.69"
"A290690","아리바이오홀딩스","12","0","외감","","","",""
"A290720","푸드나무","12","0","KOSDAQ","6.47","207.24","","194.65"
"A290740","액트로","12","0","KOSDAQ","0.37","136.88","","136.38"
"A291230","엔피","12","0","KOSDAQ","0","15.14","","15.14"
"A291650","압타머사이언스","12","0","외감","","","",""
"A291810","핀텔","12","0","외감","","","",""
"A293480","하나제약","12","0","KOSPI","0","414.72","","414.72"
"A293490","카카오게임즈","12","0","외감","","","",""
"A293580","나우IB","12","0","KOSDAQ","-0.58","65.22","","65.6"
"A293780","압타바이오","12","0","KOSDAQ","0.15","356.38","","355.82"
"A294090","이오플로우","12","0","외감","","","",""
"A294140","레몬","12","0","KOSDAQ","-2.82","593.4","","610.65"
"A294570","쿠콘","12","0","외감","","","",""
"A294630","서남","12","0","KOSDAQ","-1.67","71.89","","73.11"
"A294870","IPARK현대산업개발","12","1","KOSPI","-1.75","1476.32","","1502.69"
"A295310","에이치브이엠","12","0","외감","","","",""
"A296640","이노에이엑스","12","0","외감","","","",""
"A297090","씨에스베어링","12","0","KOSDAQ","-2.33","218.56","","223.76"
"A297570","아틀라스링크","12","0","KOSDAQ","-0.25","34.4","","34.49"
"A297890","HB솔루션","12","0","KOSDAQ","-1.02","137.92","","139.35"
"A298000","효성화학","12","0","KOSPI","-0.43","365.27","","366.86"
"A298020","효성티앤씨","12","0","KOSPI","3.17","493.36","","478.21"
"A298040","효성중공업","12","0","KOSPI","-1.7","430.79","","438.25"
"A298050","HS효성첨단소재","12","0","KOSPI","4.39","692.15","","663.03"
"A298060","풍전약품","12","0","KOSDAQ","0.94","505.12","","500.41"
"A298380","에이비엘바이오","12","0","KOSDAQ","5.26","1713.42","","1627.87"
"A298540","더네이쳐홀딩스","12","0","KOSDAQ","3.2","371.43","","359.12"
"A298690","에어부산","12","0","KOSPI","4","216.35","","208.02"
"A298830","슈어소프트테크","12","0","외감","","","",""
"A299030","하나기술","12","0","외감","","","",""
"A299170","더블유에스아이","12","0","KOSDAQ","0","9.03","","9.03"
"A299660","셀리드","12","0","KOSDAQ","-0.56","340.6","","342.53"
"A299900","위지윅스튜디오","12","0","KOSDAQ","0.22","138.39","","138.08"
"A300080","플리토","12","0","KOSDAQ","4.41","80.23","","76.84"
"A300120","라온피플","12","0","KOSDAQ","-1.55","262.34","","266.47"
"A300720","한일시멘트","12","0","KOSPI","-0.89","370.97","","374.29"
"A301300","바이브컴퍼니","12","0","외감","","","",""
"A302430","이노메트리","12","0","KOSDAQ","2.81","264.42","","257.18"
"A302440","SK바이오사이언스","12","0","외감","","","",""
"A302550","리메드","12","0","KOSDAQ","-2.17","164.71","","168.36"
"A303030","지니틱스","12","0","KOSDAQ","-0.7","99.83","","100.54"
"A303360","프로티아","12","0","KONEX","0.37","68.41","","68.16"
"A303530","이노뎁","12","0","외감","","","",""
"A303810","동국생명과학","12","0","외감","","","",""
"A304100","솔트룩스","12","0","KOSDAQ","10.35","183.69","","166.46"
"A304360","에스바이오메딕스","12","0","외감","","","",""
"A304840","피플바이오","12","0","외감","","","",""
"A305090","마이크로디지탈","12","0","KOSDAQ","0.97","112.92","","111.83"
"A306040","에스제이그룹","12","0","KOSDAQ","0.29","169.69","","169.2"
"A306200","세아제강","12","0","KOSPI","0.87","198.26","","196.56"
"A306620","지아이에스","12","0","KOSDAQ","-2.17","100.14","","102.37"
"A307180","아이엘","12","0","KOSDAQ","4.65","70.87","","67.72"
"A307280","원바이오젠","12","0","KOSDAQ","0","8.05","","8.05"
"A307750","국전","12","0","KOSDAQ","0","10.32","","10.32"
"A307870","비투엔","12","0","KOSDAQ","0.25","9.52","","9.5"
"A307930","컴퍼니케이","12","0","KOSDAQ","0.43","109.74","","109.27"
"A307950","현대오토에버","12","0","KOSPI","-1.41","879.9","","892.5"
"A308080","바이젠셀","12","0","외감","","","",""
"A308100","형지글로벌","12","0","KOSDAQ","1.91","70.25","","68.94"
"A308170","씨티알모빌리티","12","0","KOSPI","-1.37","247.97","","251.41"
"A308430","셀비온","12","0","외감","","","",""
"A309710","아이티켐","12","0","외감","","","",""
"A309930","조이웍스앤코","12","0","KOSDAQ","-0.23","9.94","","9.96"
"A309960","LB인베스트먼트","12","0","외감","","","",""
"A310200","애니플러스","12","0","KOSDAQ","1.37","41.32","","40.76"
"A310210","보로노이","12","0","외감","","","",""
"A310870","디와이씨","12","0","KOSDAQ","0","6.87","","6.87"
"A311320","지오엘리먼트","12","0","외감","","","",""
"A311390","네오크레마","12","0","KOSDAQ","2.7","55.66","","54.2"
"A311690","CJ 바이오사이언스","12","0","KOSDAQ","-2.71","152.92","","157.18"
"A312610","에이에프더블류","12","0","KOSDAQ","3.15","165.6","","160.54"
"A313760","캐리","12","0","KOSDAQ","-0.77","62.72","","63.21"
"A314130","지놈앤컴퍼니","12","0","KONEX","1.5","342.1","","337.05"
"A314140","알피바이오","12","0","외감","","","",""
"A314930","바이오다인","12","0","외감","","","",""
"A315640","딥노이드","12","0","외감","","","",""
"A316140","우리금융지주","12","1","KOSPI","1.8","6536.52","","6420.96"
"A317120","라닉스","12","0","KOSDAQ","-0.89","73.79","","74.45"
"A317240","TS트릴리온","12","0","KOSDAQ","0","8.98","","8.98"
"A317330","덕산테코피아","12","0","KOSDAQ","-2.52","284.85","","292.2"
"A317400","자이에스앤디","12","0","KOSPI","1.44","207.03","","204.08"
"A317450","명인제약","12","0","외감","","","",""
"A317530","에피소드컴퍼니","12","0","KOSDAQ","-2.03","29.31","","29.92"
"A317690","퀀타매트릭스","12","0","외감","","","",""
"A317770","엑스페릭스","12","0","KOSDAQ","0","48.36","","48.36"
"A317830","에스피시스템스","12","0","KOSDAQ","0.47","52.21","","51.97"
"A317850","대모","12","0","KOSDAQ","-2.63","46.2","","47.45"
"A317870","엔바이오니아","12","0","KOSDAQ","1.13","53.52","","52.92"
"A318000","KBG","12","0","KOSDAQ","29.97","76.5","","58.86"
"A318010","팜스빌","12","0","KOSDAQ","1.08","111.01","","109.82"
"A318020","포인트모바일","12","0","외감","","","",""
"A318060","그래피","12","0","외감","","","",""
"A318160","셀바이오휴먼텍","12","0","외감","","","",""
"A318410","비비씨","12","0","외감","","","",""
"A319400","현대무벡스","12","0","KOSDAQ","0","17.33","","17.33"
"A319660","피에스케이","12","0","KOSDAQ","0.97","462.15","","457.72"
"A320000","한울반도체","12","0","KOSDAQ","-0.69","64.08","","64.53"
"A321260","프로이천","12","0","KOSDAQ","0.25","7.01","","7"
"A321370","센서뷰","12","0","외감","","","",""
"A321550","티움바이오","12","0","KOSDAQ","-2.15","373.2","","381.42"
"A321820","아티스트컴퍼니","12","0","외감","","","",""
"A322000","HD현대에너지솔루션","12","0","KOSPI","-4.18","384.72","","401.52"
"A322180","LS티라유텍","12","0","KOSDAQ","2.37","82.05","","80.15"
"A322310","오로스테크놀로지","12","0","외감","","","",""
"A322510","제이엘케이","12","0","KOSDAQ","1.06","114.56","","113.36"
"A322780","코퍼스코리아","12","0","KOSDAQ","0","9.28","","9.28"
"A323280","태성","12","0","KOSDAQ","-0.97","7.13","","7.2"
"A323350","다원넥스뷰","12","0","KONEX","-13.64","13.87","","16.06"
"A323410","카카오뱅크","12","0","외감","","","",""
"A323990","박셀바이오","12","0","외감","","","",""
"A326030","SK바이오팜","12","0","KOSPI","-0.52","14996.99","","15075.3"
"A327260","RF머트리얼즈","12","0","KOSDAQ","1.96","74.81","","73.37"
"A328130","루닛","12","0","외감","","","",""
"A328380","솔트웨어","12","0","KOSDAQ","0","13","","13"
"A329180","HD현대중공업","12","0","외감","","","",""
"A330350","위더스제약","12","0","KOSDAQ","0","202.23","","202.23"
"A330730","스톤브릿지벤처스","12","0","외감","","","",""
"A330860","네패스아크","12","0","외감","","","",""
"A331380","포커스에이아이","12","0","KOSDAQ","-0.5","8","","8.04"
"A331520","밸로프","12","0","KOSDAQ","0.25","7.8","","7.78"
"A331740","아우토크립트","12","0","외감","","","",""
"A331920","셀레믹스","12","0","외감","","","",""
"A332290","누보","12","0","KOSDAQ","0","10.49","","10.49"
"A332370","아이디피","12","0","외감","","","",""
"A332570","PS일렉트로닉스","12","0","KOSDAQ","23.23","679.69","","551.55"
"A333050","이노테나","12","0","KOSDAQ","0","10.02","","10.02"
"A333430","일승","12","0","KOSDAQ","0.25","8.78","","8.76"
"A333620","엔시스","12","0","외감","","","",""
"A334970","프레스티지바이오로직스","6","0","외감","","","",""
"A335810","프리시젼바이오","12","0","외감","","","",""
"A335870","윙스풋","12","0","KOSDAQ","0","6.66","","6.66"
"A336060","웨이버스","12","0","KOSDAQ","0.51","11.8","","11.74"
"A336260","두산퓨얼셀","12","0","KOSPI","-1.89","2594.33","","2644.28"
"A336370","솔루스첨단소재","12","0","KOSPI","3.67","1427.01","","1376.54"
"A336570","원텍","12","0","KOSDAQ","0","11.22","","11.22"
"A336680","탑런토탈솔루션","12","0","외감","","","",""
"A337930","젝시믹스","12","0","외감","","","",""
"A338220","뷰노","12","0","외감","","","",""
"A338840","와이바이오로직스","12","0","외감","","","",""
"A339770","교촌에프앤비","12","0","외감","","","",""
"A339950","아이비김영","12","0","KOSDAQ","-0.98","13.28","","13.41"
"A340360","다보링크","12","0","KOSDAQ","0","13.62","","13.62"
"A340440","세림B&G","12","0","KOSDAQ","0","9.42","","9.42"
"A340450","지씨지놈","12","0","외감","","","",""
"A340570","티앤엘","12","0","외감","","","",""
"A340810","시선AI","12","0","외감","","","",""
"A340930","성원에너텍","12","0","외감","","","",""
"A342870","오아","12","0","외감","","","",""
"A344820","KCC글라스","12","0","KOSPI","0.96","263.87","","261.36"
"A344860","이노진","12","0","KONEX","0.49","2.14","","2.13"
"A347000","센코","12","0","외감","","","",""
"A347700","스피어","12","0","외감","","","",""
"A347740","피엔케이피부임상연구센타","12","0","외감","","","",""
"A347770","핌스","12","0","외감","","","",""
"A347850","디앤디파마텍","12","0","외감","","","",""
"A347860","알체라","12","0","외감","","","",""
"A347890","엠엑스온","12","0","KOSDAQ","6.15","137.75","","129.77"
"A348030","모비릭스","12","0","외감","","","",""
"A348080","큐라티스","12","0","외감","","","",""
"A348150","고바이오랩","12","0","외감","","","",""
"A348210","넥스틴","12","0","외감","","","",""
"A348340","뉴로메카","12","0","외감","","","",""
"A348350","위드텍","12","0","외감","","","",""
"A348370","엔켐","12","0","외감","","","",""
"A351320","넥사다이내믹스","12","0","KOSDAQ","0","8.96","","8.96"
"A351330","이삭엔지니어링","12","0","외감","","","",""
"A351870","차이커뮤니케이션","12","0","외감","","","",""
"A352090","스톰테크","12","0","외감","","","",""
"A352480","씨앤씨인터내셔널","12","0","외감","","","",""
"A352700","씨앤투스","12","0","외감","","","",""
"A352770","셀레스트라","12","0","외감","","","",""
"A352820","하이브","12","0","외감","","","",""
"A352910","오비고","12","0","외감","","","",""
"A352940","인바이오","12","0","외감","","","",""
"A353190","휴럼","12","0","KOSDAQ","0.99","8.77","","8.68"
"A353200","대덕전자","12","0","KOSPI","6.43","654.77","","615.24"
"A353590","오토앤","12","0","외감","","","",""
"A353810","이지바이오","12","0","KOSDAQ","6.07","131.94","","124.4"
"A354200","엔젠바이오","12","0","외감","","","",""
"A354320","알멕","12","0","외감","","","",""
"A355150","코스텍시스","12","0","외감","","","",""
"A355390","크라우드웍스","12","0","외감","","","",""
"A355690","에이텀","12","0","외감","","","",""
"A356680","엑스게이트","12","0","외감","","","",""
"A356860","티엘비","12","0","외감","","","",""
"A356890","싸이버원","12","0","외감","","","",""
"A357230","에이치피오","12","0","외감","","","",""
"A357550","석경에이티","12","0","외감","","","",""
"A357580","아모센스","12","0","외감","","","",""
"A357780","솔브레인","12","0","KOSDAQ","-6.19","1874.63","","1998.31"
"A357880","SKAI","12","0","외감","","","",""
"A358570","지아이이노베이션","12","0","외감","","","",""
"A359090","씨엔알리서치","12","0","외감","","","",""
"A360070","탑머티리얼","12","0","외감","","","",""
"A360350","코셈","12","0","외감","","","",""
"A361390","제노코","12","0","외감","","","",""
"A361570","알비더블유","12","0","외감","","","",""
"A361610","SK아이이테크놀로지","12","0","외감","","","",""
"A361670","삼영에스앤씨","12","0","외감","","","",""
"A362320","청담글로벌","12","0","외감","","","",""
"A362990","드림인사이트","12","0","외감","","","",""
"A363250","진시스템","12","0","외감","","","",""
"A363260","모비데이즈","12","0","외감","","","",""
"A363280","티와이홀딩스","12","0","외감","","","",""
"A364950","에이아이코리아","12","0","외감","","","",""
"A365270","큐라클","12","0","외감","","","",""
"A365330","에스와이스틸텍","12","0","외감","","","",""
"A365340","성일하이텍","12","0","외감","","","",""
"A365590","하이딥","12","0","외감","","","",""
"A365900","브이씨","12","0","외감","","","",""
"A366030","나인앤컴퍼니","12","0","외감","","","",""
"A367000","플래티어","12","0","외감","","","",""
"A368600","아이씨에이치","12","0","외감","","","",""
"A368770","파이버프로","12","0","외감","","","",""
"A368970","오에스피","12","0","외감","","","",""
"A369370","블리츠웨이엔터테인먼트","12","0","외감","","","",""
"A370090","퓨런티어","12","0","외감","","","",""
"A371950","풍원정밀","12","0","외감","","","",""
"A372170","윤성에프앤씨","12","0","외감","","","",""
"A372320","큐로셀","12","0","외감","","","",""
"A372800","아이티아이즈","12","0","외감","","","",""
"A372910","한컴라이프케어","12","0","외감","","","",""
"A373110","엑셀세라퓨틱스","12","0","외감","","","",""
"A373160","데이원컴퍼니","12","0","외감","","","",""
"A373170","엠아이큐브솔루션","12","0","외감","","","",""
"A373200","엑스플러스","12","0","외감","","","",""
"A373220","LG에너지솔루션","12","0","외감","","","",""
"A375500","DL이앤씨","12","0","외감","","","",""
"A376180","피코그램","12","0","외감","","","",""
"A376270","HEM파마","12","0","외감","","","",""
"A376290","씨유테크","12","0","외감","","","",""
"A376300","디어유","12","0","외감","","","",""
"A376900","로킷헬스케어","12","0","외감","","","",""
"A376930","노을","12","0","외감","","","",""
"A376980","원티드랩","12","0","외감","","","",""
"A377030","비트맥스","12","0","외감","","","",""
"A377220","프롬바이오","12","0","외감","","","",""
"A377300","카카오페이","12","0","외감","","","",""
"A377330","이지트로닉스","12","0","외감","","","",""
"A377450","리파인","12","0","외감","","","",""
"A377460","큐에이드","12","0","외감","","","",""
"A377480","마음AI","12","0","외감","","","",""
"A377740","바이오노트","12","0","외감","","","",""
"A378340","필에너지","12","0","외감","","","",""
"A378800","샤페론","12","0","외감","","","",""
"A378850","화승알앤에이","12","0","외감","","","",""
"A380540","옵티코어","12","0","외감","","","",""
"A380550","뉴로핏","12","0","외감","","","",""
"A381620","제닉스로보틱스","12","0","외감","","","",""
"A381970","케이카","12","0","외감","","","",""
"A382150","온코크로스","12","0","외감","","","",""
"A382480","지아이텍","12","0","외감","","","",""
"A382800","지앤비에스 에코","12","0","외감","","","",""
"A382840","원준","12","0","외감","","","",""
"A382900","범한퓨얼셀","12","0","외감","","","",""
"A383220","F&F","12","0","외감","","","",""
"A383310","에코프로에이치엔","12","0","외감","","","",""
"A383800","LX홀딩스","12","0","외감","","","",""
"A383930","디티앤씨알오","12","0","외감","","","",""
"A384470","코어라인소프트","12","0","외감","","","",""
"A387570","파인메딕스","12","0","외감","","","",""
"A388050","지투파워","12","0","외감","","","",""
"A388210","씨엠티엑스","12","0","외감","","","",""
"A388610","지에프씨생명과학","12","0","외감","","","",""
"A388720","유일로보틱스","12","0","외감","","","",""
"A388790","라이콤","12","0","외감","","","",""
"A388870","파로스아이바이오","12","0","외감","","","",""
"A389020","자람테크놀로지","12","0","외감","","","",""
"A389030","지니너스","12","0","외감","","","",""
"A389140","포바이포","12","0","외감","","","",""
"A389260","대명에너지","12","0","외감","","","",""
"A389470","인벤티지랩","12","0","외감","","","",""
"A389500","에스비비테크","12","0","외감","","","",""
"A389650","넥스트바이오메디컬","12","0","외감","","","",""
"A389680","유디엠텍","12","0","외감","","","",""
"A391710","코닉오토메이션","12","0","외감","","","",""
"A393210","토마토시스템","12","0","외감","","","",""
"A393890","더블유씨피","12","0","외감","","","",""
"A393970","대진첨단소재","12","0","외감","","","",""
"A394280","오픈엣지테크놀로지","12","0","외감","","","",""
"A394420","리센스메디컬","12","0","외감","","","",""
"A394800","쓰리빌리언","12","0","외감","","","",""
"A396270","넥스트칩","12","0","외감","","","",""
"A396300","세아메카닉스","12","0","외감","","","",""
"A396470","워트","12","0","외감","","","",""
"A397030","에이프릴바이오","12","0","외감","","","",""
"A397810","애드포러스","12","0","외감","","","",""
"A398120","에스지헬스케어","12","0","외감","","","",""
"A399720","가온칩스","12","0","외감","","","",""
"A402030","코난테크놀로지","12","0","외감","","","",""
"A402340","SK스퀘어","12","0","외감","","","",""
"A402490","그린리소스","12","0","외감","","","",""
"A403490","우듬지팜","12","0","외감","","","",""
"A403550","쏘카","12","0","외감","","","",""
"A403850","더핑크퐁컴퍼니","12","0","외감","","","",""
"A403870","HPSP","12","0","외감","","","",""
"A405000","플라즈맵","12","0","외감","","","",""
"A405100","큐알티","12","0","외감","","","",""
"A405920","나라셀라","12","0","외감","","","",""
"A406820","뷰티스킨","12","0","외감","","","",""
"A407400","꿈비","12","0","외감","","","",""
"A408470","한패스","12","0","외감","","","",""
"A408900","스튜디오미르","12","0","외감","","","",""
"A408920","메쎄이상","12","0","외감","","","",""
"A411080","샌즈랩","12","0","외감","","","",""
"A412350","레이저쎌","12","0","외감","","","",""
"A412540","제일엠앤에스","12","0","외감","","","",""
"A413390","엠오티","12","0","외감","","","",""
"A413630","씨피시스템","12","0","외감","","","",""
"A413640","비아이매트릭스","12","0","외감","","","",""
"A415380","스튜디오삼익","12","0","외감","","","",""
"A416180","신성에스티","12","0","외감","","","",""
"A417010","나노팀","12","0","외감","","","",""
"A417180","핑거스토리","12","0","외감","","","",""
"A417200","LS머트리얼즈","12","0","외감","","","",""
"A417500","제이아이테크","12","0","외감","","","",""
"A417790","트루엔","12","0","외감","","","",""
"A417840","저스템","12","0","외감","","","",""
"A417860","오브젠","12","0","외감","","","",""
"A417970","모델솔루션","12","0","외감","","","",""
"A418250","시큐레터","12","0","외감","","","",""
"A418420","라온텍","12","0","외감","","","",""
"A418470","KT밀리의서재","12","0","외감","","","",""
"A418550","제이오","12","0","외감","","","",""
"A418620","E8","12","0","외감","","","",""
"A419050","삼기에너지솔루션즈","12","0","외감","","","",""
"A419080","엔젯","12","0","외감","","","",""
"A419120","산돌","12","0","외감","","","",""
"A419530","SAMG엔터","12","0","외감","","","",""
"A419540","비스토스","12","0","외감","","","",""
"A420570","제이투케이바이오","12","0","외감","","","",""
"A420770","기가비스","12","0","외감","","","",""
"A424760","벨로크","12","0","외감","","","",""
"A424870","이뮨온시아","12","0","외감","","","",""
"A424960","스마트레이더시스템","12","0","외감","","","",""
"A424980","마이크로투나노","12","0","외감","","","",""
"A425040","티이엠씨","12","0","외감","","","",""
"A425420","티에프이","12","0","외감","","","",""
"A429270","시지트로닉스","12","0","외감","","","",""
"A430690","한싹","12","0","외감","","","",""
"A431190","케이쓰리아이","12","0","외감","","","",""
"A432430","와이랩","12","0","외감","","","",""
"A432470","케이엔에스","12","0","외감","","","",""
"A432720","퀄리타스반도체","12","0","외감","","","",""
"A432980","엠에프씨","12","0","외감","","","",""
"A434480","모니터랩","12","0","외감","","","",""
"A435570","에르코스","12","0","외감","","","",""
"A437730","삼현","12","0","외감","","","",""
"A438700","버넥트","12","0","외감","","","",""
"A439090","마녀공장","12","0","외감","","","",""
"A439260","대한조선","12","0","외감","","","",""
"A439580","블루엠텍","12","0","외감","","","",""
"A439960","코스모로보틱스","12","0","외감","","","",""
"A440110","파두","12","0","외감","","","",""
"A440290","HB인베스트먼트","12","0","외감","","","",""
"A440320","오픈놀","12","0","외감","","","",""
"A441270","파인엠텍","12","0","외감","","","",""
"A443060","HD현대마린솔루션","12","0","외감","","","",""
"A443250","레뷰코퍼레이션","12","0","외감","","","",""
"A443670","에스피소프트","12","0","외감","","","",""
"A444530","심플랫폼","12","0","외감","","","",""
"A445090","에이직랜드","12","0","외감","","","",""
"A445180","퓨릿","12","0","외감","","","",""
"A445680","큐리옥스바이오시스템즈","12","0","외감","","","",""
"A446070","유니드비티플러스","12","0","외감","","","",""
"A446540","메가터치","12","0","외감","","","",""
"A446840","지슨","12","0","외감","","","",""
"A448280","에코아이","12","0","외감","","","",""
"A448710","코츠테크놀로지","12","0","외감","","","",""
"A448900","한국피아이엠","12","0","외감","","","",""
"A450080","에코프로머티","12","0","외감","","","",""
"A450330","하스","12","0","외감","","","",""
"A450520","인스웨이브","12","0","외감","","","",""
"A450950","아스테라시스","12","0","외감","","","",""
"A451220","아이엠티","12","0","외감","","","",""
"A451250","삐아","12","0","외감","","","",""
"A451760","컨텍","12","0","외감","","","",""
"A452160","제이엔비","12","0","외감","","","",""
"A452190","한빛레이저","12","0","외감","","","",""
"A452200","민테크","12","0","외감","","","",""
"A452260","한화갤러리아","12","0","외감","","","",""
"A452280","한선엔지니어링","12","0","외감","","","",""
"A452300","캡스톤파트너스","12","0","외감","","","",""
"A452400","이닉스","12","0","외감","","","",""
"A452430","사피엔반도체","12","0","외감","","","",""
"A452450","피아이이","12","0","외감","","","",""
"A453340","현대그린푸드","12","0","외감","","","",""
"A453450","그리드위즈","12","0","외감","","","",""
"A453860","에이에스텍","12","0","외감","","","",""
"A454910","두산로보틱스","12","0","외감","","","",""
"A455180","케이지에이","12","0","외감","","","",""
"A455900","엔젤로보틱스","12","0","외감","","","",""
"A456010","아이씨티케이","12","0","외감","","","",""
"A456040","OCI","12","0","외감","","","",""
"A456070","이엔셀","12","0","외감","","","",""
"A456160","지투지바이오","12","0","외감","","","",""
"A457190","이수스페셜티케미컬","12","0","외감","","","",""
"A457370","한켐","12","0","외감","","","",""
"A457550","우진엔텍","12","0","외감","","","",""
"A457600","벡트","12","0","외감","","","",""
"A458350","에스팀","12","0","외감","","","",""
"A458650","성우","12","0","외감","","","",""
"A458870","씨어스","12","0","외감","","","",""
"A459100","위츠","12","0","외감","","","",""
"A459510","나우로보틱스","12","0","외감","","","",""
"A459550","알트","12","0","외감","","","",""
"A460470","아이빔테크놀로지","12","0","외감","","","",""
"A460850","동국씨엠","12","0","외감","","","",""
"A460860","동국제강","12","0","외감","","","",""
"A460870","에스엠씨지","12","0","외감","","","",""
"A460930","현대힘스","12","0","외감","","","",""
"A460940","피앤에스로보틱스","12","0","외감","","","",""
"A461030","아이엠비디엑스","12","0","외감","","","",""
"A461300","아이스크림미디어","12","0","외감","","","",""
"A462310","뉴키즈온","12","0","외감","","","",""
"A462350","이노스페이스","12","0","외감","","","",""
"A462510","라메디텍","12","0","외감","","","",""
"A462520","조선내화","12","0","외감","","","",""
"A462860","더즌","12","0","외감","","","",""
"A462870","시프트업","12","0","외감","","","",""
"A462980","아이지넷","12","0","외감","","","",""
"A463020","뉴엔AI","12","0","외감","","","",""
"A463480","모티브링크","12","0","외감","","","",""
"A464080","에스오에스랩","12","0","외감","","","",""
"A464280","티디에스팜","12","0","외감","","","",""
"A464490","쿼드메디슨","12","0","외감","","","",""
"A464500","아이언디바이스","12","0","외감","","","",""
"A464580","닷밀","12","0","외감","","","",""
"A465480","인스피언","12","0","외감","","","",""
"A465770","STX그린로지스","12","0","외감","","","",""
"A466100","클로봇","12","0","외감","","","",""
"A466410","사이냅소프트","12","0","외감","","","",""
"A468530","프로티나","12","0","외감","","","",""
"A469610","이노테크","12","0","외감","","","",""
"A469750","아이비젼웍스","12","0","외감","","","",""
"A471820","셀로맥스사이언스","12","0","외감","","","",""
"A472850","폰드그룹","12","0","외감","","","",""
"A473980","노머스","12","0","외감","","","",""
"A474170","루미르","12","0","외감","","","",""
"A474610","RF시스템즈","12","0","외감","","","",""
"A474650","링크솔루션","12","0","외감","","","",""
"A475150","SK이터닉스","12","0","외감","","","",""
"A475230","엔알비","12","0","외감","","","",""
"A475400","씨메스로보틱스","12","0","외감","","","",""
"A475430","키스트론","12","0","외감","","","",""
"A475460","미트박스","12","0","외감","","","",""
"A475560","더본코리아","12","0","외감","","","",""
"A475580","에이럭스","12","0","외감","","","",""
"A475660","에스켐","12","0","외감","","","",""
"A475830","오름테라퓨틱","12","0","외감","","","",""
"A475960","토모큐브","12","0","외감","","","",""
"A476040","오가노이드사이언스","12","0","외감","","","",""
"A476060","온코닉테라퓨틱스","12","0","외감","","","",""
"A476080","M83","12","0","외감","","","",""
"A476830","알지노믹스","12","0","외감","","","",""
"A477850","마키나락스","12","0","외감","","","",""
"A478340","나라스페이스테크놀로지","12","0","외감","","","",""
"A478560","블랙야크아이앤씨","12","0","외감","","","",""
"A479960","위너스일렉","12","0","외감","","","",""
"A480370","씨케이솔루션","12","0","외감","","","",""
"A481070","에이유브랜즈","12","0","외감","","","",""
"A482630","삼양엔씨켐","12","0","외감","","","",""
"A483650","달바글로벌","12","0","외감","","","",""
"A484120","도우인시스","12","0","외감","","","",""
"A484590","삼양컴텍","12","0","외감","","","",""
"A484810","티엑스알로보틱스","12","0","외감","","","",""
"A484870","엠앤씨솔루션","12","0","외감","","","",""
"A486990","노타","12","0","외감","","","",""
"A487570","HS효성","12","0","외감","","","",""
"A487580","폴레드","12","0","외감","","","",""
"A488280","에스투더블유","12","0","외감","","","",""
"A488900","비츠로넥스텍","12","0","외감","","","",""
"A489460","바이오비쥬","12","0","외감","","","",""
"A489500","엘케이켐","12","0","외감","","","",""
"A489790","한화비전","12","0","외감","","","",""
"A490470","세미파이브","12","0","외감","","","",""
"A491000","리브스메드","12","0","외감","","","",""
"A493280","아이엠바이오로직스","12","0","외감","","","",""
"A493330","지에프아이","12","0","외감","","","",""
"A494120","큐리오시스","12","0","외감","","","",""
"A499790","GS피앤엘","12","0","외감","","","",""
"A900070","글로벌에스엠","12","0","KOSDAQ","1.5","29.18","","28.75"
"A900100","파이온엑스","12","0","KOSDAQ","0","74.16","","74.16"
"A900110","딥커머스","12","0","KOSDAQ","0","25.07","","25.07"
"A900120","씨엑스아이","6","0","KOSDAQ","3.77","24.29","","23.41"
"A900140","엘브이엠씨홀딩스","12","0","KOSPI","0.27","191.96","","191.45"
"A900250","크리스탈신소재","12","0","KOSDAQ","-1.19","112.52","","113.88"
"A900260","로스웰","12","0","KOSDAQ","-0.31","46.22","","46.36"
"A900270","헝셩그룹","12","0","KOSDAQ","-1.34","52.88","","53.6"
"A900290","GRT","6","0","KOSDAQ","-1.12","88.94","","89.95"
"A900300","오가닉티코스메틱","12","0","KOSDAQ","0.4","42.52","","42.35"
"A900310","컬러레이","12","0","KOSDAQ","-0.87","92.61","","93.42"
"A900340","윙입푸드","12","0","KOSDAQ","0.69","69.8","","69.32"
"A950130","엑세스바이오","12","0","KOSDAQ","20.64","696.74","","577.54"
"A950140","잉글우드랩","12","0","KOSDAQ","-2.01","96.76","","98.74"
"A950160","코오롱티슈진","12","0","KOSDAQ","0","489.55","","489.55"
"A950170","JTC","2","0","KOSDAQ","1.28","138.1","","136.35"
"A950190","고스트스튜디오","12","0","외감","","","",""
"A950200","소마젠","12","0","KOSDAQ","-0.91","276.52","","279.05"
"A950210","프레스티지바이오파마","6","0","외감","","","",""
"A950220","네오이뮨텍","12","0","외감","","","",""
"A950250","테라뷰","4","0","외감","","","",""
