"Code","Name","결산월","코스피200 구성종목여부(1:해당, 0:미해당)","상장된 시장","수정주가수익률","시가총액","","이전 시가총액"
"A000020","동화약품","12","0","KOSPI","0.39","360.32","","358.92"
"A000040","KR모터스","12","0","KOSPI","1.86","73.64","","72.3"
"A000050","경방","12","0","KOSPI","1.4","397.52","","392.04"
"A000070","삼양홀딩스","12","1","KOSPI","2.75","703.98","","685.14"
"A000080","하이트진로","12","1","KOSPI","5.62","2570.4","","2433.64"
"A000100","유한양행","12","1","KOSPI","1.38","4298.69","","4240.1"
"A000120","CJ대한통운","12","1","KOSPI","3.91","3034.04","","2919.98"
"A000140","하이트진로홀딩스","12","0","KOSPI","3.47","310.97","","300.53"
"A000150","두산","12","1","KOSPI","0.44","1891.98","","1883.72"
"A000180","성창기업지주","12","0","KOSPI","1.44","171.59","","169.15"
"A0001A0","덕양에너젠","12","0","외감","","","",""
"A000210","DL","12","1","KOSPI","3.33","1236.4","","1196.58"
"A000220","유유제약","12","0","KOSPI","1.18","132.69","","131.14"
"A000230","일동홀딩스","12","0","KOSPI","2.88","144.25","","140.22"
"A000240","한국앤컴퍼니","12","1","KOSPI","3.09","1267.39","","1229.41"
"A000250","삼천당제약","12","0","KOSDAQ","3.68","802.57","","774.11"
"A000270","기아","12","1","KOSPI","1.58","28659.19","","28213.29"
"A000300","DH오토넥스","12","0","KOSPI","1.61","153.06","","150.64"
"A000320","노루홀딩스","12","0","KOSPI","0","157.5","","157.5"
"A000370","한화손해보험","12","0","KOSPI","3.61","501.98","","484.47"
"A000390","SP삼화","12","0","KOSPI","6.3","252.45","","237.49"
"A000400","롯데손해보험","12","0","KOSPI","1.22","516.71","","510.5"
"A000430","대원강업","12","0","KOSPI","1.14","192.82","","190.65"
"A000440","중앙에너비스","12","0","KOSDAQ","-5.96","196.47","","208.92"
"A000480","CR홀딩스","12","0","KOSPI","0.77","316","","313.6"
"A000490","대동","12","0","KOSPI","-0.43","275.25","","276.43"
"A0004V0","엔비알모션","12","0","외감","","","",""
"A000500","가온전선","12","0","KOSPI","3.15","102.14","","99.02"
"A000520","삼일제약","12","0","KOSPI","-0.61","111.01","","111.68"
"A000540","흥국화재","12","0","KOSPI","0.94","241.23","","238.98"
"A000590","CS홀딩스","12","0","KOSPI","0.6","77.81","","77.35"
"A000640","동아쏘시오홀딩스","12","0","KOSPI","2.44","666.64","","650.76"
"A000650","천일고속","12","0","KOSPI","2.74","91.18","","88.75"
"A000660","SK하이닉스","12","1","KOSPI","1.69","87360.28","","85904.28"
"A000670","영풍","12","1","KOSPI","3.27","1223.11","","1184.43"
"A000680","LS네트웍스","12","0","KOSPI","2.14","263.6","","258.08"
"A000700","유수홀딩스","12","0","KOSPI","0.73","143.23","","142.19"
"A000720","현대건설","12","1","KOSPI","8.94","5361.78","","4921.92"
"A000760","이화산업","12","0","KOSPI","0","44.8","","44.8"
"A0007C0","아크릴","12","0","외감","","","",""
"A0007J0","인벤테라","12","0","외감","","","",""
"A000810","삼성화재","12","1","KOSPI","2.49","8788.03","","8574.85"
"A000850","화천기공","12","0","KOSPI","-0.31","69.74","","69.96"
"A000860","강남제비스코","12","0","KOSPI","0.21","155.35","","155.03"
"A000880","한화","12","1","KOSPI","1.51","2263.75","","2230.02"
"A000890","보해양조","12","0","KOSPI","1.03","122.28","","121.04"
"A0008Z0","에스엔시스","12","0","외감","","","",""
"A000910","유니온","12","0","KOSPI","-0.81","114.43","","115.37"
"A000950","전방","12","0","KOSPI","2.43","67.2","","65.6"
"A000970","한국주철관","12","0","KOSPI","0","208.4","","208.4"
"A000990","DB하이텍","12","1","KOSPI","5.01","3161.18","","3010.22"
"A0009K0","에임드바이오","12","0","외감","","","",""
"A001000","신라섬유","12","0","KOSDAQ","0.46","52.68","","52.44"
"A001020","페이퍼코리아","12","0","KOSPI","11.94","97.75","","87.32"
"A001040","CJ","12","1","KOSPI","2.17","2340","","2290.39"
"A001060","JW중외제약","12","0","KOSPI","11.48","603.24","","541.15"
"A001070","대한방직","12","0","KOSPI","1.38","271.89","","268.18"
"A001080","만호제강","6","0","KOSPI","0.22","96.28","","96.07"
"A0010F0","보원케미칼","12","0","외감","","","",""
"A0010V0","제이피아이헬스케어","12","0","외감","","","",""
"A001120","LX인터내셔널","12","1","KOSPI","-3.04","1174.43","","1211.25"
"A001130","대한제분","12","0","KOSPI","-2.9","283.08","","291.53"
"A0011A0","액스비스","12","0","외감","","","",""
"A0011T0","채비","12","0","외감","","","",""
"A001200","유진투자증권","12","0","KOSPI","0.94","312.88","","309.97"
"A001210","금호전기","12","0","KOSPI","1.97","43.18","","42.35"
"A001230","동국홀딩스","12","1","KOSPI","1.54","1569.87","","1546.01"
"A001250","GS글로벌","12","0","KOSPI","-0.63","196.84","","198.08"
"A001260","남광토건","12","0","KOSPI","3.77","121.88","","117.46"
"A001270","부국증권","12","0","KOSPI","0.21","243.69","","243.17"
"A001290","상상인증권","12","0","KOSPI","1.3","113.59","","112.13"
"A001340","PKC","12","0","KOSPI","0.82","192.7","","191.13"
"A001360","삼성제약","12","0","KOSPI","2.07","281.07","","275.36"
"A001380","SG글로벌","12","0","KOSPI","0","79.81","","79.81"
"A001390","KG케미칼","12","0","KOSPI","-1.54","398.65","","404.89"
"A0013V0","삼진식품","12","0","외감","","","",""
"A001420","태원물산","12","0","KOSPI","1.14","36.94","","36.52"
"A001430","세아베스틸지주","12","0","KOSPI","1.64","665.24","","654.48"
"A001440","대한전선","12","1","KOSPI","0.72","1203.34","","1194.78"
"A001450","현대해상","12","1","KOSPI","5.73","2556.84","","2418.27"
"A001460","BYC","12","0","KOSPI","-0.44","284.82","","286.07"
"A001470","삼부토건","12","0","KOSPI","29.89","424.76","","327.02"
"A001500","현대차증권","12","0","KOSPI","1.4","345.67","","340.91"
"A001510","SK증권","12","0","KOSPI","1.78","405.48","","398.39"
"A001520","동양","12","0","KOSPI","4.27","349.67","","335.35"
"A001530","DI동일","12","0","KOSPI","1.18","646.49","","638.96"
"A001540","안국약품","12","0","KOSDAQ","1.84","144.12","","141.51"
"A001550","조비","12","0","KOSPI","-0.69","112.93","","113.71"
"A001560","제일연마","12","0","KOSPI","13.73","116","","102"
"A001570","금양","12","0","KOSPI","1.48","221.71","","218.48"
"A0015G0","그린광학","12","0","외감","","","",""
"A0015N0","아로마티카","12","0","외감","","","",""
"A0015S0","페스카로","12","0","외감","","","",""
"A001620","케이비아이동국실업","12","0","KOSPI","0.84","63.15","","62.62"
"A001630","종근당홀딩스","12","0","KOSPI","0.59","343.18","","341.17"
"A001680","대상","12","1","KOSPI","0.93","753.59","","746.66"
"A001720","신영증권","3","0","KOSPI","0.96","590.39","","584.76"
"A001740","SK네트웍스","12","1","KOSPI","1.92","1118.09","","1096.99"
"A001750","한양증권","12","0","KOSPI","-0.72","176.29","","177.56"
"A001770","SHD","12","0","KOSPI","2.38","36.63","","35.78"
"A001780","알루코","12","0","KOSPI","-1.23","359.61","","364.1"
"A001790","대한제당","12","0","KOSPI","0","244.87","","244.87"
"A0017J0","세미티에스","12","0","외감","","","",""
"A001800","오리온홀딩스","12","1","KOSPI","1.83","870.77","","855.11"
"A001810","무림SP","12","0","KOSDAQ","1.16","67.74","","66.97"
"A001820","삼화콘덴서","12","0","KOSPI","2.95","581.08","","564.45"
"A001840","이화공영","12","0","KOSDAQ","2.06","107.74","","105.56"
"A001940","KISCO홀딩스","12","0","KOSPI","0.32","288.23","","287.31"
"A002020","코오롱","12","0","KOSPI","0.71","360.48","","357.96"
"A002030","아세아","12","0","KOSPI","1.77","315.51","","310.03"
"A002070","비비안","12","0","KOSPI","-1.97","74.19","","75.68"
"A002100","경농","12","0","KOSPI","-1.56","246.96","","250.87"
"A002140","고려산업","12","0","KOSPI","0.29","85.04","","84.79"
"A002150","도화엔지니어링","12","0","KOSPI","0.13","257.28","","256.95"
"A002170","SYTS","12","0","KOSPI","0.9","168.6","","167.1"
"A002200","한국수출포장","12","0","KOSPI","0.44","90.4","","90"
"A002210","동성제약","12","0","KOSPI","0","211.42","","211.42"
"A002220","한일철강","12","0","KOSPI","1.2","89.7","","88.64"
"A002230","피에스텍","12","0","KOSDAQ","0.1","94.71","","94.61"
"A002240","고려제강","12","0","KOSPI","1.14","509.45","","503.7"
"A002290","삼일기업공사","12","0","KOSDAQ","1.97","57.78","","56.67"
"A002310","아세아제지","12","0","KOSPI","-2","394.09","","402.15"
"A002320","한진","12","0","KOSPI","1.41","430.49","","424.51"
"A002350","넥센타이어","12","1","KOSPI","2.01","593.82","","582.1"
"A002360","SH에너지화학","12","0","KOSPI","-6.06","120.58","","128.36"
"A002380","KCC","12","1","KOSPI","3.29","2790.35","","2701.49"
"A002390","한독","12","0","KOSPI","0.96","288.35","","285.59"
"A002410","범양건영","12","0","KOSPI","5.31","93.62","","88.9"
"A002420","세기상사","12","0","KOSPI","-8.24","50.03","","54.52"
"A002450","삼익악기","12","0","KOSPI","0.58","156.17","","155.26"
"A002460","HS화성","12","0","KOSPI","0","237.81","","237.81"
"A002600","조흥","12","0","KOSPI","1.06","114.9","","113.7"
"A002620","제일파마홀딩스","12","0","KOSPI","0","211.65","","211.65"
"A002630","오리엔트바이오","3","0","KOSPI","-9.38","104.23","","115.03"
"A002680","한탑","12","0","KOSDAQ","-3.35","32.65","","33.78"
"A002690","동일제강","12","0","KOSPI","1.01","61","","60.39"
"A002700","신일전자","12","0","KOSPI","2.57","155.95","","152.04"
"A002710","TCC스틸","12","0","KOSPI","3.92","249.1","","239.7"
"A002720","국제약품","12","0","KOSPI","0.37","104.67","","104.28"
"A002760","보락","12","0","KOSPI","-2.04","115.31","","117.7"
"A002780","진흥기업","12","0","KOSPI","2.29","325.13","","317.86"
"A002790","아모레퍼시픽홀딩스","12","1","KOSPI","2.39","3883.78","","3793.08"
"A002800","신신제약","12","0","KOSDAQ","1.99","85.71","","84.04"
"A002810","삼영무역","12","0","KOSPI","0.74","252.07","","250.23"
"A002820","SUN&L","12","0","KOSPI","0.79","64.17","","63.67"
"A002840","미원상사","12","0","KOSPI","0.28","899.57","","897.09"
"A002870","신풍","12","0","KOSPI","3.51","66.95","","64.67"
"A002880","디와이에이","12","0","KOSPI","2.17","135.24","","132.36"
"A002900","TYM","12","0","KOSPI","-0.3","253.97","","254.72"
"A002920","유성기업","12","0","KOSPI","0.18","72","","71.87"
"A002960","한국쉘석유","12","0","KOSPI","-0.2","330.85","","331.5"
"A002990","금호건설","12","0","KOSPI","2.82","401.14","","390.15"
"A003000","부광약품","12","1","KOSPI","4.24","874.08","","838.54"
"A003010","혜인","12","0","KOSPI","0.67","75.9","","75.39"
"A003030","세아제강지주","12","0","KOSPI","-2.41","503.21","","515.64"
"A003060","에이프로젠바이오로직스","12","0","KOSPI","0.93","301.32","","298.53"
"A003070","코오롱글로벌","12","0","KOSPI","2.91","534.46","","519.34"
"A003080","SB성보","12","0","KOSPI","-0.9","77.08","","77.78"
"A003090","대웅","12","1","KOSPI","1.11","1846.01","","1825.66"
"A003100","선광","12","0","KOSDAQ","2.5","406.56","","396.66"
"A003120","일성아이에스","12","0","KOSPI","2.22","208.01","","203.49"
"A003160","디아이","12","0","KOSPI","2.45","237.17","","231.5"
"A003200","일신방직","12","0","KOSPI","4.09","274.8","","264"
"A003220","대원제약","12","0","KOSPI","-0.28","373.56","","374.62"
"A003230","삼양식품","12","0","KOSPI","1.22","625.24","","617.71"
"A003240","태광산업","12","1","KOSPI","2.43","1124.53","","1097.81"
"A003280","흥아해운","12","0","KOSPI","-0.32","759.74","","762.15"
"A003300","한일홀딩스","12","0","KOSPI","0.82","355.87","","352.99"
"A003310","대주산업","12","0","KOSDAQ","1.32","68.13","","67.25"
"A003350","한국화장품제조","12","0","KOSPI","-0.71","125.99","","126.9"
"A003380","하림지주","12","0","KOSDAQ","4.31","960.35","","920.65"
"A003460","유화증권","12","0","KOSPI","0.41","140.34","","139.77"
"A003470","유안타증권","12","0","KOSPI","0.99","710.56","","703.58"
"A003480","한진중공업홀딩스","12","0","KOSPI","1.3","126.83","","125.21"
"A003490","대한항공","12","1","KOSPI","2.95","9704.2","","9425.94"
"A003520","영진약품","12","1","KOSPI","1.18","943.73","","932.75"
"A003530","한화투자증권","12","0","KOSPI","2.01","1036.27","","1015.88"
"A003540","대신증권","12","0","KOSPI","1.13","908.84","","898.69"
"A003550","LG","12","1","KOSPI","0.82","11577.35","","11482.97"
"A003570","SNT다이내믹스","12","0","KOSPI","0.84","280.99","","278.66"
"A003580","HLB글로벌","12","0","KOSPI","-1.29","645.14","","653.57"
"A003610","방림","9","0","KOSPI","-0.27","153.6","","154.02"
"A003620","KG모빌리티","12","0","KOSPI","0","415.06","","415.06"
"A003650","미창석유","12","0","KOSPI","-0.99","139","","140.39"
"A003670","포스코퓨처엠","12","1","KOSPI","0.97","8056.17","","7978.71"
"A003680","한성기업","12","0","KOSPI","-1.37","44.65","","45.27"
"A003690","코리안리","12","0","KOSPI","1.39","1137.49","","1121.84"
"A003720","삼영","12","0","KOSPI","-0.8","106.08","","106.93"
"A003780","진양산업","12","0","KOSPI","7.73","163.15","","151.45"
"A003800","에이스침대","12","0","KOSDAQ","0.11","490.73","","490.18"
"A003830","대한화섬","12","0","KOSPI","-2.26","171.98","","175.96"
"A003850","보령","12","1","KOSPI","2.43","868.93","","848.32"
"A003920","남양유업","12","0","KOSPI","1.16","282.24","","279"
"A003960","사조대림","12","0","KOSPI","0.92","250.65","","248.36"
"A004000","롯데정밀화학","12","1","KOSPI","2.59","1940.16","","1891.14"
"A004020","현대제철","12","1","KOSPI","1.58","5157.68","","5077.61"
"A004060","SG세계물산","12","0","KOSPI","1.25","130.97","","129.35"
"A004080","신흥","12","0","KOSPI","0.91","158.65","","157.23"
"A004090","한국석유","12","0","KOSPI","-5.22","288.16","","304.02"
"A004100","태양금속","12","0","KOSPI","1.14","48.81","","48.26"
"A004140","동방","12","0","KOSPI","2.03","168.86","","165.5"
"A004150","한솔홀딩스","12","0","KOSPI","1.88","136.32","","133.8"
"A004170","신세계","12","1","KOSPI","3.76","2579.44","","2485.91"
"A004250","NPC","12","0","KOSPI","0.23","324.24","","323.5"
"A004270","남성","12","0","KOSPI","1.36","108.09","","106.64"
"A004310","현대약품","11","0","KOSPI","1.52","160","","157.6"
"A004360","세방","12","0","KOSPI","0.88","220.12","","218.19"
"A004370","농심","12","1","KOSPI","0.35","1767.01","","1760.92"
"A004380","삼익THK","12","0","KOSPI","2.06","260.4","","255.15"
"A004410","서울식품","12","0","KOSPI","-0.35","104.99","","105.37"
"A004430","송원산업","12","0","KOSPI","-1.29","458.4","","464.4"
"A004440","삼일씨엔에스","12","0","KOSPI","-0.89","141.32","","142.6"
"A004450","삼화왕관","12","0","KOSPI","-0.71","90.27","","90.91"
"A004490","세방전지","12","1","KOSPI","1.77","887.6","","872.2"
"A004540","깨끗한나라","12","0","KOSPI","1.85","153.99","","151.2"
"A004560","현대비앤지스틸","12","0","KOSPI","-4.97","259.36","","272.93"
"A004590","한국가구","12","0","KOSDAQ","5.4","87.9","","83.4"
"A004650","창해에탄올","12","0","KOSDAQ","-1.16","117.18","","118.56"
"A004690","삼천리","12","0","KOSPI","0.47","429.83","","427.81"
"A004700","조광피혁","12","0","KOSPI","2.02","336.45","","329.8"
"A004710","한솔테크닉스","12","0","KOSPI","-0.15","216.1","","216.42"
"A004720","팜젠사이언스","12","0","KOSPI","0.11","140.22","","140.07"
"A004770","써니전자","12","0","KOSPI","12.71","114.29","","101.4"
"A004780","대륙제관","12","0","KOSDAQ","1.38","81.58","","80.47"
"A004800","효성","12","1","KOSPI","1.56","1778.39","","1751"
"A004830","덕성","12","0","KOSPI","-7.41","156.8","","169.34"
"A004840","DRB동일","12","0","KOSPI","0.6","99.65","","99.05"
"A004870","티웨이홀딩스","12","0","KOSPI","3.29","75.54","","73.13"
"A004890","동일산업","12","0","KOSPI","-0.83","432.9","","436.54"
"A004910","조광페인트","12","0","KOSPI","0.53","97.92","","97.41"
"A004920","씨아이테크","12","0","KOSPI","0.5","40.15","","39.95"
"A004960","한신공영","12","0","KOSPI","2.89","205.96","","200.17"
"A004970","신라교역","12","0","KOSPI","0.41","194.4","","193.6"
"A004980","성신양회","12","0","KOSPI","6.34","349.35","","328.52"
"A004990","롯데지주","12","1","KOSPI","7.3","3236.45","","3016.14"
"A005010","휴스틸","12","0","KOSPI","-3.63","135.2","","140.29"
"A005030","부산주공","12","0","KOSPI","1.24","32.26","","31.87"
"A005070","코스모신소재","12","0","KOSPI","0.69","1090.65","","1083.13"
"A005090","SGC에너지","12","0","KOSPI","-3.72","758.8","","788.16"
"A005110","한창","12","0","KOSPI","0.77","52.3","","51.9"
"A005160","동국산업","12","0","KOSDAQ","0.43","188.5","","187.69"
"A005180","빙그레","12","0","KOSPI","1.13","529.01","","523.1"
"A005250","녹십자홀딩스","12","1","KOSPI","2.25","1069.89","","1046.38"
"A005290","동진쎄미켐","12","0","KOSDAQ","1.66","1732.67","","1704.39"
"A005300","롯데칠성","12","1","KOSPI","5.37","1456.78","","1382.55"
"A005320","온타이드","12","0","KOSPI","0.22","125.05","","124.77"
"A005360","모나미","12","0","KOSPI","0.38","75.87","","75.59"
"A005380","현대차","12","1","KOSPI","0.6","36109.92","","35896.26"
"A005420","코스모화학","12","0","KOSPI","1.09","387.26","","383.08"
"A005430","한국공항","12","0","KOSPI","2.53","141.06","","137.58"
"A005440","현대지에프홀딩스","12","1","KOSPI","3.43","825.6","","798.25"
"A005490","POSCO홀딩스","12","1","KOSPI","2.53","24717.47","","24107.16"
"A005500","삼진제약","12","0","KOSPI","0.2","353.06","","352.37"
"A005610","삼립","12","0","KOSPI","5.47","732.6","","694.64"
"A005670","푸드웰","12","0","KOSDAQ","-0.88","67.6","","68.2"
"A005680","삼영전자","12","0","KOSPI","0.98","206","","204"
"A005690","파미셀","12","0","KOSPI","0.9","674.54","","668.54"
"A005710","대원산업","12","0","KOSDAQ","0","118.22","","118.22"
"A005720","넥센","12","0","KOSPI","1.8","227.03","","223.01"
"A005740","크라운해태홀딩스","12","0","KOSPI","0.11","129.47","","129.32"
"A005750","대림바스","12","0","KOSPI","5.25","123.71","","117.54"
"A005800","신영와코루","12","0","KOSPI","5.58","119.25","","112.95"
"A005810","풍산홀딩스","12","0","KOSPI","0.17","298.75","","298.23"
"A005820","원림","12","0","KOSPI","4.58","49.87","","47.68"
"A005830","DB손해보험","12","1","KOSPI","5.18","4170.12","","3964.8"
"A005850","에스엘","12","1","KOSPI","2.41","1127.96","","1101.44"
"A005860","한일사료","12","0","KOSDAQ","-2.64","87.28","","89.64"
"A005870","휴니드","12","0","KOSPI","2.19","112.22","","109.82"
"A005880","대한해운","12","0","KOSPI","1.86","960.72","","943.17"
"A005930","삼성전자","12","1","KOSPI","2.45","425048.52","","414899.89"
"A005940","NH투자증권","12","1","KOSPI","1.33","3386.19","","3341.63"
"A005950","이수화학","12","0","KOSPI","1.63","349.49","","343.9"
"A005960","동부건설","12","0","KOSPI","2.6","315.65","","307.64"
"A005990","매일홀딩스","12","0","KOSDAQ","0.43","128.81","","128.27"
"A006040","동원산업","12","1","KOSPI","2.88","788.85","","766.79"
"A006050","국영지앤엠","12","0","KOSDAQ","2.15","58.1","","56.88"
"A006060","화승인더","12","0","KOSPI","-0.58","286.56","","288.22"
"A006090","사조오양","12","0","KOSPI","0","92.53","","92.53"
"A006110","삼아알미늄","12","0","KOSPI","-1.27","300.3","","304.15"
"A006120","SK디스커버리","12","1","KOSPI","1.67","752","","739.62"
"A006140","피제이전자","12","0","KOSDAQ","2.44","119.85","","117"
"A006200","한국전자홀딩스","12","0","KOSPI","3.79","83.31","","80.27"
"A006220","제주은행","12","0","KOSPI","0.51","189.88","","188.92"
"A006260","LS","12","1","KOSPI","0.6","1629.32","","1619.66"
"A006280","녹십자","12","1","KOSPI","0.27","2197.07","","2191.23"
"A006340","대원전선","12","0","KOSPI","2.77","131.74","","128.19"
"A006360","GS건설","12","1","KOSPI","8.18","3962.42","","3662.89"
"A006370","대구백화점","12","0","KOSPI","-0.5","108.22","","108.76"
"A006380","카프로","12","0","KOSPI","-2.12","156.8","","160.2"
"A006400","삼성SDI","12","1","KOSPI","1.21","34588.56","","34175.97"
"A006490","프리티","12","0","KOSPI","-1.07","305.93","","309.22"
"A006570","대림통상","12","0","KOSPI","-0.13","58.31","","58.39"
"A006620","동구바이오제약","12","0","KOSDAQ","0.27","207.79","","207.23"
"A006650","대한유화","12","1","KOSPI","3.69","1004.25","","968.5"
"A006660","삼성공조","12","0","KOSPI","1.44","114.58","","112.96"
"A006730","서부T&D","12","0","KOSDAQ","3.27","542.81","","525.63"
"A006740","블루산업개발","12","0","KOSPI","1.91","236.43","","231.99"
"A006800","미래에셋증권","12","1","KOSPI","1.08","5174.81","","5119.43"
"A006840","AK홀딩스","12","0","KOSPI","3.25","273.56","","264.95"
"A006880","신송홀딩스","12","0","KOSPI","-5.84","70.62","","74.99"
"A006890","태경케미컬","12","0","KOSPI","2.19","162.4","","158.92"
"A006910","보성파워텍","12","0","KOSDAQ","15.93","336.05","","289.87"
"A006920","모헨즈","12","0","KOSDAQ","4.49","53.4","","51.11"
"A006980","우성","12","0","KOSPI","0.18","84.82","","84.67"
"A007070","GS리테일","12","1","KOSPI","3.26","2822.15","","2733.14"
"A007110","일신석재","12","0","KOSPI","-9.21","129.74","","142.91"
"A007120","미래아이앤지","12","0","KOSPI","-0.25","52.18","","52.31"
"A007160","사조산업","12","0","KOSPI","0.97","235","","232.75"
"A007210","벽산","12","0","KOSPI","7.33","250.93","","233.79"
"A007280","한국특강","12","0","KOSPI","-0.15","176.77","","177.03"
"A007310","오뚜기","12","1","KOSPI","2","1589.97","","1558.76"
"A007330","푸른저축은행","12","0","KOSDAQ","3.03","179.49","","174.21"
"A007340","DN오토모티브","12","0","KOSPI","-0.14","697.58","","698.58"
"A007370","진양제약","12","0","KOSDAQ","2.85","82.2","","79.92"
"A007390","네이처셀","12","0","KOSDAQ","0","1027.09","","1027.09"
"A007460","에이프로젠","12","0","KOSPI","2.17","285.43","","279.38"
"A007530","와이엠","12","0","KOSDAQ","0.98","59.06","","58.48"
"A007540","샘표","12","0","KOSPI","-3.63","125.82","","130.56"
"A007570","일양약품","12","0","KOSPI","0","466.64","","466.64"
"A007590","동방아그로","12","0","KOSPI","-0.28","98.05","","98.32"
"A007610","선도전기","12","0","KOSPI","-1.43","49.68","","50.4"
"A007660","이수페타시스","12","0","KOSPI","1.5","428.81","","422.49"
"A007680","대원","12","0","KOSDAQ","3.21","129.62","","125.59"
"A007690","국도화학","12","0","KOSPI","-0.35","511.8","","513.61"
"A007700","F&F홀딩스","12","0","KOSPI","0.37","1050.22","","1046.31"
"A007720","소노스퀘어","12","0","KOSDAQ","2.13","120.96","","118.44"
"A007770","한일화학","12","0","KOSDAQ","-2.77","67.74","","69.67"
"A007810","코리아써키트","12","0","KOSPI","2.14","677.92","","663.74"
"A007820","엠엑스로보틱스","12","0","KOSDAQ","1.42","128.62","","126.81"
"A007860","서연","12","0","KOSPI","-3.74","217.66","","226.11"
"A007980","TP","12","0","KOSPI","1.79","109.78","","107.86"
"A008040","사조동아원","12","0","KOSPI","-1.53","181.37","","184.19"
"A008060","대덕","12","0","KOSPI","1.95","247.74","","242.99"
"A008250","이건산업","12","0","KOSPI","0","129.79","","129.79"
"A008260","NI스틸","12","0","KOSPI","-1.74","129.13","","131.42"
"A008290","원풍물산","12","0","KOSDAQ","-5.87","28.73","","30.52"
"A0082N0","카나프테라퓨틱스","12","0","외감","","","",""
"A008350","남선알미늄","12","0","KOSPI","-2.92","256.72","","264.43"
"A008370","원풍","12","0","KOSDAQ","3.59","58.8","","56.76"
"A008420","문배철강","12","0","KOSPI","0.46","89.29","","88.88"
"A008470","부스타","12","0","KOSDAQ","1.45","46.98","","46.31"
"A008490","서흥","12","0","KOSPI","-0.13","453.51","","454.09"
"A008500","일정실업","12","0","KOSPI","-6.2","34.5","","36.78"
"A008600","윌비스","12","0","KOSPI","6.75","85.05","","79.67"
"A008700","아남전자","12","0","KOSPI","1.9","165.43","","162.35"
"A008730","율촌화학","12","0","KOSPI","1.29","582.8","","575.36"
"A008770","호텔신라","12","1","KOSPI","4.04","3237.97","","3112.38"
"A008830","대동기어","12","0","KOSDAQ","1.7","64.62","","63.54"
"A008870","금비","9","0","KOSPI","1.73","64.8","","63.7"
"A0088M0","메쥬","12","0","외감","","","",""
"A008930","한미사이언스","12","1","KOSPI","0.94","2961.11","","2933.66"
"A008970","KBI동양철관","12","0","KOSPI","-2.61","133.15","","136.72"
"A009070","KCTC","12","0","KOSPI","0.53","170.4","","169.5"
"A009140","경인전자","12","0","KOSPI","0.16","49.48","","49.4"
"A009150","삼성전기","12","1","KOSPI","0.32","11726.91","","11689.56"
"A009160","SIMPAC","12","0","KOSPI","-0.38","509.04","","511"
"A009180","한솔로지스틱스","12","0","KOSPI","1.78","94.25","","92.6"
"A009190","대양금속","12","0","KOSPI","-2.34","134.46","","137.68"
"A009200","무림페이퍼","12","0","KOSPI","0","102.36","","102.36"
"A009240","한샘","12","1","KOSPI","5.19","2002.74","","1903.89"
"A009270","신원","12","0","KOSPI","-10.35","182.06","","203.08"
"A009290","광동제약","12","0","KOSPI","0.96","384.24","","380.58"
"A009300","삼아제약","12","0","KOSDAQ","0.61","104.79","","104.15"
"A009310","참엔지니어링","12","0","KOSPI","3.08","67.42","","65.4"
"A009320","아진전자부품","12","0","KOSPI","1.69","100.53","","98.87"
"A009410","태영건설","12","0","KOSPI","4.44","402.61","","385.49"
"A009420","한올바이오파마","12","1","KOSPI","1.63","976.9","","961.23"
"A009440","KC그린홀딩스","12","0","KOSPI","0.75","89.96","","89.29"
"A009450","경동나비엔","12","0","KOSPI","0.92","642.47","","636.65"
"A009460","한창제지","12","0","KOSPI","1","120.53","","119.33"
"A009470","삼화전기","12","0","KOSPI","2.51","175.27","","170.97"
"A009520","포스코엠텍","12","0","KOSDAQ","0.82","306.49","","303.99"
"A009540","HD한국조선해양","12","1","KOSPI","0.55","6482.82","","6447.43"
"A009580","무림P&P","12","0","KOSPI","1.84","276.6","","271.61"
"A009620","삼보산업","12","0","KOSDAQ","3.26","71.73","","69.47"
"A009680","모토닉","12","0","KOSPI","1.25","293.7","","290.07"
"A009730","이렘","12","0","KOSDAQ","0","26.4","","26.4"
"A009770","삼정펄프","12","0","KOSPI","1.09","69.37","","68.62"
"A009780","엠에스씨","12","0","KOSDAQ","-0.64","108.77","","109.47"
"A009810","플레이그램","12","0","KOSPI","-1.27","208.59","","211.28"
"A009830","한화솔루션","12","1","KOSPI","2.26","6924.28","","6771.26"
"A009900","명신산업","12","1","KOSPI","3.29","1235.67","","1196.32"
"A009970","영원무역홀딩스","12","0","KOSPI","-0.78","605.42","","610.19"
"A010040","한국내화","12","0","KOSPI","0.59","141.07","","140.24"
"A010060","OCI홀딩스","12","1","KOSPI","0.94","2551.88","","2528.03"
"A010100","한국무브넥스","12","0","KOSPI","0.37","82.22","","81.91"
"A010120","LS ELECTRIC","12","1","KOSPI","2.85","1354.5","","1317"
"A010130","고려아연","12","1","KOSPI","3.8","10812.51","","10416.24"
"A010140","삼성중공업","12","1","KOSPI","0.69","5112.8","","5077.6"
"A010170","대한광통신","12","0","KOSDAQ","3.86","158.91","","153.01"
"A010240","흥국","12","0","KOSDAQ","3.17","80.22","","77.76"
"A010280","아이티센엔텍","12","0","KOSDAQ","-1.43","57.31","","58.14"
"A010400","우진아이엔에스","12","0","KOSPI","0.46","50.23","","50"
"A010470","오리콤","12","0","KOSDAQ","0.99","73.53","","72.81"
"A010580","에스엠벡셀","12","0","KOSPI","0","100.21","","100.21"
"A010640","진양폴리","12","0","KOSPI","5.04","83.4","","79.4"
"A010660","화천기계","12","0","KOSPI","-1.5","50.71","","51.48"
"A010690","화신","12","0","KOSPI","0.63","222.79","","221.4"
"A010770","평화홀딩스","12","0","KOSPI","0.92","55.87","","55.36"
"A010780","아이에스동서","12","1","KOSPI","7.79","1838.11","","1705.27"
"A010820","퍼스텍","12","0","KOSPI","0.85","198.49","","196.81"
"A010950","S-Oil","12","1","KOSPI","-4.03","9929.8","","10346.36"
"A010960","삼호개발","12","0","KOSPI","5.01","120.63","","114.88"
"A011000","진원생명과학","12","0","KOSPI","0.65","1206.89","","1199.13"
"A011040","경동제약","12","0","KOSDAQ","0","338.46","","338.46"
"A011070","LG이노텍","12","1","KOSPI","2.02","8354.49","","8188.82"
"A011080","형지I&C","12","0","KOSDAQ","-13.52","47.4","","54.81"
"A011090","에넥스","12","0","KOSPI","6.38","104.99","","98.69"
"A011150","CJ씨푸드","12","0","KOSPI","-1.69","136","","138.33"
"A011170","롯데케미칼","12","1","KOSPI","2.34","6735.12","","6580.88"
"A011200","HMM","12","1","KOSPI","-3.09","16089.4","","16602.89"
"A011210","현대위아","12","1","KOSPI","1.52","1631.7","","1607.23"
"A011230","삼화전자","12","0","KOSPI","-1.59","42.09","","42.77"
"A011280","태림포장","12","0","KOSPI","0.37","288.89","","287.83"
"A011300","우성머티리얼스","12","0","KOSPI","0","44.75","","44.75"
"A011320","유니크","12","0","KOSDAQ","2.5","102.98","","100.47"
"A011330","유니켐","12","0","KOSPI","-2.65","93.4","","95.95"
"A011370","서한","12","0","KOSDAQ","4.55","162.44","","155.38"
"A011390","부산산업","12","0","KOSPI","1.85","93.03","","91.34"
"A011420","갤럭시아에스엠","12","0","KOSPI","0.88","63.36","","62.81"
"A011500","한농화성","12","0","KOSPI","0.72","219.7","","218.14"
"A011560","세보엠이씨","12","0","KOSDAQ","2.08","72.34","","70.87"
"A011690","와이투솔루션","12","0","KOSPI","0","388.53","","388.53"
"A011700","한신기계","12","0","KOSPI","0.45","145.68","","145.03"
"A011760","현대코퍼레이션","12","0","KOSPI","-0.61","216.29","","217.62"
"A011780","금호석유화학","12","1","KOSPI","2.71","4589.82","","4468.64"
"A011790","SKC","12","1","KOSPI","0.77","4941.81","","4903.94"
"A0117P0","피스피스스튜디오","12","0","외감","","","",""
"A011810","STX","12","0","KOSPI","0.69","125.93","","125.08"
"A011930","신성이엔지","12","0","KOSPI","0","368.47","","368.47"
"A012030","DB","12","0","KOSPI","1.71","179.25","","176.23"
"A0120G0","삼양바이오팜","12","0","외감","","","",""
"A012160","영흥","12","0","KOSPI","0.66","93.31","","92.7"
"A012170","아센디오","12","0","KOSPI","0","85.34","","85.34"
"A012200","계양전기","12","0","KOSPI","0","116.87","","116.87"
"A012210","삼미금속","12","0","외감","","","",""
"A012280","영화금속","12","0","KOSPI","4.25","72.08","","69.15"
"A012320","경동인베스트","12","0","KOSPI","0.59","80.41","","79.94"
"A012330","현대모비스","12","1","KOSPI","0.23","20758.79","","20711.51"
"A012340","뉴인텍","12","0","KOSDAQ","1.09","97.95","","96.89"
"A012450","한화에어로스페이스","12","1","KOSPI","1.13","2728.96","","2698.58"
"A012510","더존비즈온","12","0","KOSPI","-2.63","1291.27","","1326.21"
"A012610","경인양행","12","0","KOSPI","0.82","256.53","","254.45"
"A012620","원일특강","12","0","KOSDAQ","-0.38","57.86","","58.08"
"A012630","HDC","12","0","KOSPI","2.6","470.76","","458.82"
"A012690","모나리자","12","0","KOSPI","0.74","123.98","","123.06"
"A0126Z0","삼성에피스홀딩스","12","0","외감","","","",""
"A012700","리드코프","12","0","KOSDAQ","0.47","227.17","","226.11"
"A012750","에스원","12","1","KOSPI","-3.14","2580.14","","2663.74"
"A012790","신일제약","12","0","KOSDAQ","3.23","125.63","","121.71"
"A012800","대창","12","0","KOSPI","-3.54","186.38","","193.22"
"A012860","모베이스전자","12","0","KOSDAQ","3.61","137.24","","132.46"
"A013000","세우글로벌","12","0","KOSPI","1.9","46.07","","45.21"
"A013030","하이록코리아","12","0","KOSDAQ","-1.43","234.83","","238.23"
"A013120","동원개발","12","0","KOSDAQ","4.36","478.56","","458.58"
"A013310","아진산업","12","0","KOSDAQ","3.32","108.66","","105.17"
"A013360","일성건설","12","0","KOSPI","-3.36","155.32","","160.72"
"A013520","화승코퍼레이션","12","0","KOSPI","0.83","91.09","","90.34"
"A013570","디와이","12","0","KOSPI","0.89","209.77","","207.93"
"A013580","계룡건설","12","0","KOSPI","2.11","324.19","","317.49"
"A013700","까뮤이앤씨","12","0","KOSPI","11.41","101.37","","90.98"
"A013720","청보","12","0","KOSDAQ","4.13","161.93","","155.51"
"A013810","스페코","12","0","KOSDAQ","2.54","88.67","","86.47"
"A013870","지엠비코리아","12","0","KOSPI","0.56","102.61","","102.04"
"A013890","지누스","12","1","KOSPI","0","1200.83","","1200.83"
"A013990","아가방컴퍼니","12","0","KOSDAQ","5.25","128.59","","122.18"
"A014100","메디앙스","12","0","KOSDAQ","0","73.16","","73.16"
"A014130","한익스프레스","12","0","KOSPI","0","67.92","","67.92"
"A014160","대영포장","12","0","KOSPI","0.43","250.39","","249.31"
"A014190","원익큐브","12","0","KOSDAQ","4.69","102.66","","98.06"
"A014280","금강공업","12","0","KOSPI","4.41","270.71","","259.27"
"A014440","영보화학","12","0","KOSPI","3.45","81","","78.3"
"A014470","부방","12","0","KOSDAQ","1.17","130.01","","128.51"
"A014530","극동유화","12","0","KOSPI","-2.46","145.41","","149.07"
"A014570","고려제약","12","0","KOSDAQ","0.85","91.41","","90.64"
"A014580","태경비케이","12","0","KOSPI","-0.11","126.88","","127.02"
"A014620","성광벤드","12","0","KOSDAQ","0.73","236.24","","234.52"
"A014680","한솔케미칼","12","1","KOSPI","5.03","2369.06","","2255.7"
"A014710","사조씨푸드","12","0","KOSPI","2.49","106.41","","103.83"
"A014790","HL D&I","12","0","KOSPI","8.22","219.2","","202.54"
"A014820","동원시스템즈","12","1","KOSPI","5.58","1713.36","","1622.88"
"A014830","유니드","12","0","KOSPI","-0.1","857.87","","858.76"
"A014910","성문전자","12","0","KOSPI","1.97","45.5","","44.62"
"A014940","오리엔탈정공","12","0","KOSDAQ","-0.72","157.68","","158.82"
"A014950","삼익제약","12","0","외감","","","",""
"A014970","삼륭물산","12","0","KOSDAQ","0.33","92.41","","92.11"
"A014990","인디에프","12","0","KOSPI","-10","64.91","","72.13"
"A015020","이스타코","12","0","KOSPI","-6.03","56.78","","60.42"
"A015230","대창단조","12","0","KOSPI","1.78","122.72","","120.57"
"A015260","에이엔피","12","0","KOSPI","5.97","53.5","","50.48"
"A015360","INVENI","12","0","KOSPI","0.14","213.6","","213.3"
"A015590","DKME","12","0","KOSPI","1.48","95.03","","93.64"
"A015710","코콤","12","0","KOSDAQ","1.52","105.18","","103.61"
"A015750","성우하이텍","12","0","KOSDAQ","2.01","366","","358.8"
"A015760","한국전력","12","1","KOSPI","3.83","15663.92","","15086.16"
"A015860","일진홀딩스","12","0","KOSPI","-0.73","234.4","","236.13"
"A015890","태경산업","12","0","KOSPI","0.74","199.63","","198.17"
"A016090","대현","12","0","KOSPI","0","102.96","","102.96"
"A016100","리더스코스메틱","12","0","KOSDAQ","4.19","45.08","","43.26"
"A016250","SGC E&C","12","0","KOSDAQ","2.47","117.41","","114.57"
"A016360","삼성증권","12","1","KOSPI","1.83","3728.28","","3661.3"
"A016380","KG스틸","12","1","KOSPI","4.88","1075.1","","1025.09"
"A016450","한세예스24홀딩스","12","0","KOSPI","2.81","248.8","","242"
"A016580","환인제약","12","0","KOSPI","0","324.57","","324.57"
"A016590","신대양제지","12","0","KOSPI","0.21","385.65","","384.84"
"A016600","큐캐피탈","12","0","KOSDAQ","1.41","102.29","","100.87"
"A016610","DB증권","12","0","KOSPI","3.65","264.87","","255.53"
"A016670","디모아","12","0","KOSDAQ","0","97.55","","97.55"
"A016710","대성홀딩스","12","0","KOSPI","-0.39","814.13","","817.34"
"A016740","두올","12","0","KOSPI","2.15","117.72","","115.24"
"A016790","현대사료","12","0","KOSDAQ","1.43","109.17","","107.63"
"A016800","퍼시스","12","0","KOSPI","0.42","415.15","","413.43"
"A016880","웅진","12","0","KOSPI","0.86","140.27","","139.07"
"A016920","카스","12","0","KOSDAQ","-5.14","70.87","","74.71"
"A017000","신원종합개발","12","0","KOSDAQ","30","107.7","","82.84"
"A017040","광명전기","12","0","KOSPI","0.4","108.13","","107.69"
"A017180","명문제약","12","0","KOSPI","1.55","133.44","","131.4"
"A017250","인터엠","9","0","KOSDAQ","0.4","26.1","","25.99"
"A017370","우신시스템","12","0","KOSPI","0.32","56.77","","56.59"
"A017390","서울가스","12","0","KOSPI","0.79","955","","947.5"
"A017480","삼현철강","12","0","KOSDAQ","0.49","96.42","","95.94"
"A017510","세명전기","12","0","KOSDAQ","1.56","64.57","","63.58"
"A017550","수산세보틱스","12","0","KOSPI","2.4","138.47","","135.23"
"A017650","대림제지","12","0","KOSDAQ","0","92.7","","92.7"
"A017670","SK텔레콤","12","1","KOSPI","1.42","12473.49","","12298.42"
"A017800","현대엘리베이터","12","1","KOSPI","-2.27","1495.88","","1530.57"
"A017810","풀무원","12","0","KOSPI","-0.61","621.36","","625.18"
"A017860","DS단석","12","0","외감","","","",""
"A017890","한국알콜","12","0","KOSDAQ","0","232.26","","232.26"
"A017900","광전자","12","0","KOSPI","2.73","163.4","","159.06"
"A017940","E1","12","0","KOSPI","0.32","319.68","","318.65"
"A017960","한국카본","12","0","KOSPI","0","514.34","","514.34"
"A018000","유니슨","12","0","KOSDAQ","3.4","334.96","","323.96"
"A018120","진로발효","12","0","KOSDAQ","0.33","199.96","","199.3"
"A018250","애경산업","12","0","KOSPI","0.81","493.87","","489.9"
"A018260","삼성에스디에스","12","1","KOSPI","5.84","11219.78","","10600.76"
"A018290","브이티","12","0","KOSDAQ","0.45","231.04","","230.01"
"A018310","삼목에스폼","12","0","KOSDAQ","4.22","344.72","","330.75"
"A018470","조일알미늄","12","0","KOSPI","0","280.81","","280.81"
"A018500","동원모빌리티","3","0","KOSPI","2.06","41.61","","40.77"
"A018620","우진비앤지","12","0","KOSDAQ","5.61","57.06","","54.02"
"A018670","SK가스","12","0","KOSPI","1.79","1052.25","","1033.79"
"A018680","서울제약","12","0","KOSDAQ","0.15","56.18","","56.09"
"A018700","졸스","12","0","KOSDAQ","3.07","135.56","","131.52"
"A018880","한온시스템","12","1","KOSPI","6.94","6165.39","","5765.04"
"A019010","베뉴지","12","0","KOSDAQ","0.47","102.18","","101.7"
"A019170","신풍제약","12","1","KOSPI","2.13","2665.14","","2609.51"
"A019180","티에이치엔","12","0","KOSPI","1.75","73.17","","71.91"
"A019210","와이지-원","12","0","KOSDAQ","1.1","280.97","","277.92"
"A019490","엑시큐어하이트론","12","0","KOSPI","-7.87","32.63","","35.42"
"A019540","일지테크","12","0","KOSDAQ","0.95","43.11","","42.7"
"A019550","SBI인베스트먼트","12","0","KOSDAQ","2.14","231.76","","226.89"
"A019570","GMI벤처","12","0","KOSDAQ","2.37","61.9","","60.47"
"A019660","글로본","12","0","KOSDAQ","2.06","73.23","","71.75"
"A019680","대교","12","0","KOSPI","1.41","305.35","","301.12"
"A019770","서연탑메탈","12","0","KOSDAQ","-0.4","58.25","","58.48"
"A019990","에너토크","12","0","KOSDAQ","-2.03","141.46","","144.39"
"A020000","한섬","12","1","KOSPI","2.4","841.11","","821.41"
"A020120","키다리스튜디오","12","0","KOSPI","0","524.88","","524.88"
"A020150","롯데에너지머티리얼즈","12","1","KOSPI","1.29","3970.14","","3919.42"
"A020180","대신정보통신","3","0","KOSDAQ","3.14","50.53","","49"
"A020400","대동금속","12","0","KOSDAQ","0.21","31","","30.93"
"A020560","아시아나항공","12","1","KOSPI","4.62","1346.85","","1287.32"
"A020710","시공테크","12","0","KOSDAQ","6.85","125.1","","117.08"
"A020760","일진디스플","12","0","KOSPI","-3.24","66.87","","69.11"
"A021040","대호특수강","12","0","KOSDAQ","0.38","60.09","","59.87"
"A021050","서원","12","0","KOSPI","-2.72","93.52","","96.14"
"A021080","에이티넘인베스트","12","0","KOSDAQ","2.16","238.08","","233.04"
"A021240","코웨이","12","1","KOSPI","3.75","5106.93","","4922.43"
"A021320","KCC건설","12","0","KOSDAQ","4.02","182.54","","175.48"
"A021650","한국큐빅","12","0","KOSDAQ","1.22","61.23","","60.5"
"A021820","세원정공","6","0","KOSPI","0","80.9","","80.9"
"A021880","메이슨캐피탈","3","0","KOSDAQ","0.61","74.99","","74.53"
"A022100","포스코DX","12","0","KOSDAQ","3","887.88","","862.04"
"A022220","티케이지애강","12","0","KOSDAQ","0.8","97.89","","97.11"
"A023000","삼원강재","12","0","KOSPI","1.7","119.6","","117.6"
"A023150","MH에탄올","12","0","KOSPI","1.63","69.06","","67.96"
"A023160","태광","12","0","KOSDAQ","-0.46","284.88","","286.2"
"A023350","한국종합기술","12","0","KOSPI","-5.78","67.89","","72.05"
"A023410","유진기업","12","0","KOSDAQ","5.43","383.08","","363.36"
"A023440","제이스코홀딩스","12","0","KOSDAQ","4.8","75.43","","71.98"
"A023450","동남합성","12","0","KOSPI","-0.32","221.65","","222.38"
"A023530","롯데쇼핑","12","1","KOSPI","2.87","2432.83","","2364.94"
"A023590","다우기술","12","0","KOSPI","0.7","962.39","","955.66"
"A023600","삼보판지","12","0","KOSDAQ","-1.09","219.91","","222.34"
"A023760","한국캐피탈","12","0","KOSDAQ","1.37","256.91","","253.43"
"A023770","플레이위드","12","0","KOSDAQ","1.91","88.34","","86.69"
"A023790","동일스틸럭스","12","0","KOSDAQ","-2.02","60.54","","61.78"
"A023800","인지컨트롤스","12","0","KOSPI","-0.41","187.07","","187.83"
"A023810","인팩","12","0","KOSPI","1.91","101.5","","99.6"
"A023900","풍국주정","12","0","KOSDAQ","1.51","212.31","","209.16"
"A023910","대한약품","12","0","KOSDAQ","-0.86","172.2","","173.7"
"A023960","에쓰씨엔지니어링","12","0","KOSPI","0.2","77.34","","77.18"
"A024060","흥구석유","12","0","KOSDAQ","-5.69","139.2","","147.6"
"A024070","WISCOM","12","0","KOSPI","-1.66","45.37","","46.13"
"A024090","디씨엠","12","0","KOSPI","0.9","263.25","","260.91"
"A024110","기업은행","12","1","KOSPI","1.94","7815.16","","7666.3"
"A024120","KB오토시스","12","0","KOSDAQ","0.68","67.85","","67.39"
"A024720","콜마홀딩스","12","0","KOSPI","5.73","377.11","","356.67"
"A024740","한일단조","12","0","KOSDAQ","5.8","103.57","","97.89"
"A024800","유성티엔에스","12","0","KOSDAQ","1.02","93.05","","92.12"
"A024830","세원물산","12","0","KOSDAQ","0","52.44","","52.44"
"A024840","KBI메탈","12","0","KOSDAQ","-1.79","63.43","","64.58"
"A024850","HLB이노베이션","12","0","KOSDAQ","0.94","43.41","","43.01"
"A024880","케이피에프","12","0","KOSDAQ","-0.11","81.86","","81.95"
"A024890","대원화성","12","0","KOSPI","0.83","125.81","","124.78"
"A024900","디와이덕양","12","0","KOSPI","-0.15","108.6","","108.77"
"A024910","경창산업","12","0","KOSDAQ","1.8","111.58","","109.61"
"A024940","PN풍년","12","0","KOSDAQ","-4.72","39.35","","41.3"
"A024950","삼천리자전거","12","0","KOSDAQ","1.32","152.65","","150.66"
"A025000","KPX케미칼","12","0","KOSPI","0.76","257.49","","255.55"
"A025320","시노펙스","12","0","KOSDAQ","0.19","196.29","","195.92"
"A025440","DH오토웨어","12","0","KOSDAQ","2.45","76.13","","74.31"
"A025530","SJM홀딩스","12","0","KOSPI","0.87","52.19","","51.75"
"A025540","한국단자","12","0","KOSPI","0.69","607.19","","603.03"
"A025550","한국선재","12","0","KOSDAQ","0.5","144.65","","143.93"
"A025560","미래산업","12","0","KOSPI","3.42","60.55","","58.54"
"A025620","차AI헬스케어","12","0","KOSPI","2.71","70.4","","68.54"
"A025750","한솔홈데코","12","0","KOSPI","3.37","135.75","","131.32"
"A025770","한국정보통신","12","0","KOSDAQ","0","326.51","","326.51"
"A025820","이구산업","12","0","KOSPI","-5.33","148.48","","156.84"
"A025860","남해화학","12","0","KOSPI","-3.88","491.82","","511.69"
"A025870","신라에스지","12","0","KOSDAQ","-4.11","42","","43.8"
"A025880","케이씨피드","12","0","KOSDAQ","-0.83","50.15","","50.57"
"A025890","한국주강","12","0","KOSPI","-0.72","46.54","","46.88"
"A025900","동화기업","12","0","KOSDAQ","1.31","1401.96","","1383.78"
"A025950","동신건설","12","0","KOSDAQ","-18.56","132.72","","162.96"
"A025980","아난티","12","0","KOSDAQ","-10.76","692.93","","776.45"
"A026040","제이에스티나","12","0","KOSDAQ","-8.95","49.51","","54.38"
"A026150","특수건설","12","0","KOSDAQ","7.91","203.54","","188.62"
"A026890","스틱인베스트먼트","12","0","KOSPI","0.71","415.53","","412.61"
"A026910","광진실업","12","0","KOSDAQ","4.27","28.15","","27"
"A026940","부국철강","12","0","KOSPI","0.24","84.5","","84.3"
"A026960","동서","12","1","KOSPI","0.38","2622.11","","2612.14"
"A027040","서울전자통신","12","0","KOSDAQ","0.31","45.09","","44.95"
"A027050","코리아나","12","0","KOSDAQ","3.79","158.8","","153"
"A027360","아주IB투자","12","0","KOSDAQ","4.79","449.46","","428.92"
"A027410","BGF","12","0","KOSPI","0.58","495.81","","492.94"
"A027580","상보","12","0","KOSDAQ","0","103.57","","103.57"
"A027710","팜스토리","12","0","KOSDAQ","0","294.7","","294.7"
"A027740","마니커","12","0","KOSPI","0","79.71","","79.71"
"A027830","대성창투","12","0","KOSDAQ","2.82","102.2","","99.4"
"A027970","한국제지","12","0","KOSPI","2.02","87.21","","85.48"
"A028050","삼성E&A","12","1","KOSPI","-2.26","5096","","5213.6"
"A028080","휴맥스홀딩스","12","0","KOSDAQ","4.95","53.33","","50.81"
"A028100","동아지질","12","0","KOSPI","5.06","248.03","","236.08"
"A028260","삼성물산","12","1","KOSPI","6.48","21492.01","","20183.8"
"A028300","HLB","12","0","KOSDAQ","4.26","3262.27","","3129.01"
"A028670","팬오션","12","1","KOSPI","1.99","3838.21","","3763.37"
"A029460","케이씨","12","0","KOSPI","-1.76","264.98","","269.73"
"A029480","광무","12","0","KOSDAQ","1.97","88.43","","86.72"
"A029530","신도리코","12","0","KOSPI","0.16","318.02","","317.52"
"A029780","삼성카드","12","1","KOSPI","1.26","3719.07","","3672.73"
"A030000","제일기획","12","1","KOSPI","2.49","2599.93","","2536.66"
"A030190","NICE평가정보","12","0","KOSDAQ","2.8","1114.12","","1083.76"
"A030200","KT","12","1","KOSPI","-0.31","8316.41","","8342.52"
"A030210","다올투자증권","12","0","KOSPI","1.01","301.27","","298.25"
"A030350","드래곤플라이","12","0","KOSDAQ","-1.81","78.33","","79.78"
"A030520","한컴","12","0","KOSDAQ","0","511.64","","511.64"
"A030530","원익홀딩스","12","0","KOSDAQ","3.39","353.75","","342.16"
"A030610","교보증권","12","0","KOSPI","1.09","480.37","","475.2"
"A030720","동원수산","12","0","KOSPI","0","44.4","","44.4"
"A030960","양지사","6","0","KOSDAQ","0.44","144.3","","143.66"
"A031210","서울보증보험","12","0","외감","","","",""
"A031310","아이즈비전","12","0","KOSDAQ","2.02","62.14","","60.91"
"A031330","에스에이엠티","12","0","KOSDAQ","0.5","402.98","","400.98"
"A031430","신세계인터내셔날","12","1","KOSPI","4.56","1063.86","","1017.45"
"A031440","신세계푸드","12","0","KOSPI","-0.51","305.15","","306.7"
"A031510","오스템","12","0","KOSDAQ","1.27","55.72","","55.02"
"A031820","아이티센씨티에스","12","0","KOSPI","1.87","112.34","","110.28"
"A031860","디에이치엑스컴퍼니","12","0","KOSDAQ","-0.36","80.77","","81.06"
"A031980","피에스케이홀딩스","12","0","KOSDAQ","3.28","305.11","","295.4"
"A032080","아즈텍WB","12","0","KOSDAQ","3.12","63.94","","62"
"A032190","다우데이타","12","0","KOSDAQ","3.86","515.13","","495.99"
"A032280","삼일","12","0","KOSDAQ","0.92","44.43","","44.02"
"A032300","한국파마","12","0","KOSDAQ","0.54","406.82","","404.64"
"A032350","롯데관광개발","12","1","KOSPI","6.02","1219.82","","1150.51"
"A032500","케이엠더블유","12","0","KOSDAQ","2.32","1230.47","","1202.59"
"A032540","TJ미디어","12","0","KOSDAQ","2.16","98.64","","96.55"
"A032560","황금에스티","12","0","KOSPI","-7.49","150.24","","162.4"
"A032580","피델릭스","12","0","KOSDAQ","3.4","55.5","","53.67"
"A032620","GC메디아이","12","0","KOSDAQ","1.95","354.42","","347.63"
"A032640","LG유플러스","12","1","KOSPI","1.88","5916.08","","5806.93"
"A032680","소프트센","12","0","KOSDAQ","-4.92","94.01","","98.87"
"A032750","삼진","12","0","KOSDAQ","-0.11","54.12","","54.18"
"A032790","엠젠솔루션","12","0","KOSDAQ","0","120.35","","120.35"
"A032800","판타지오","6","0","KOSDAQ","-4.87","48.06","","50.52"
"A032820","우리기술","12","0","KOSDAQ","4.41","321.81","","308.22"
"A032830","삼성생명","12","1","KOSPI","1.54","11880","","11700"
"A032850","비트컴퓨터","12","0","KOSDAQ","0.35","142.63","","142.13"
"A032860","더라미","12","0","KOSDAQ","-1.55","62.78","","63.76"
"A032940","원익","12","0","KOSDAQ","2.06","81.14","","79.5"
"A032960","동일기연","12","0","KOSDAQ","1.25","42.56","","42.04"
"A032980","바이온","12","0","KOSDAQ","-3.15","49.31","","50.91"
"A033050","제이엠아이","12","0","KOSDAQ","1.91","43.49","","42.68"
"A033100","제룡전기","12","0","KOSDAQ","-3.61","70.75","","73.41"
"A033130","디지틀조선","12","0","KOSDAQ","2.43","109.49","","106.89"
"A033160","엠케이전자","12","0","KOSDAQ","1.03","320.57","","317.3"
"A033170","시그네틱스","12","0","KOSDAQ","2.12","186.03","","182.17"
"A033200","모아텍","3","0","KOSDAQ","3.86","104.19","","100.32"
"A033230","인성정보","12","0","KOSDAQ","2.47","97.65","","95.29"
"A033240","자화전자","12","0","KOSPI","0.98","370.53","","366.95"
"A033250","체시스","12","0","KOSPI","0","32.32","","32.32"
"A033270","유나이티드제약","12","0","KOSPI","-0.44","735.89","","739.14"
"A033290","로젠","12","0","KOSDAQ","2.59","665.52","","648.71"
"A033310","엠투엔","12","0","KOSDAQ","2.76","225.11","","219.06"
"A033320","제이씨현시스템","12","0","KOSDAQ","1.4","124.63","","122.91"
"A033340","좋은사람들","12","0","KOSDAQ","0","52.65","","52.65"
"A033500","동성화인텍","12","0","KOSDAQ","0.46","319.53","","318.07"
"A033530","SJG세종","12","0","KOSPI","0.14","198.64","","198.36"
"A033540","파라텍","12","0","KOSDAQ","0.27","94.5","","94.25"
"A033560","블루콤","12","0","KOSDAQ","0","197.51","","197.51"
"A033640","네패스","12","0","KOSDAQ","4.16","664.11","","637.59"
"A033780","KT&G","12","1","KOSPI","0","11065.78","","11065.78"
"A033790","피노","12","0","KOSDAQ","0","14.19","","14.19"
"A033830","티비씨","12","0","KOSDAQ","-0.82","121.5","","122.5"
"A033920","무학","12","0","KOSPI","7.95","297.83","","275.88"
"A034020","두산에너빌리티","12","1","KOSPI","1.44","12768.21","","12586.67"
"A034120","SBS","12","0","KOSPI","0.24","758.39","","756.57"
"A034220","LG디스플레이","12","1","KOSPI","3.3","6726.94","","6512.25"
"A034230","파라다이스","12","0","KOSDAQ","3.19","1468.72","","1423.25"
"A034310","NICE","12","0","KOSPI","0.6","636.42","","632.63"
"A034590","인천도시가스","12","0","KOSPI","-0.19","116.15","","116.37"
"A034730","SK","12","1","KOSPI","2.38","17536.32","","17128.49"
"A034810","해성산업","12","0","KOSDAQ","2.98","318.91","","309.69"
"A034830","한국토지신탁","12","0","KOSPI","2.35","550.43","","537.8"
"A034940","조아제약","12","0","KOSDAQ","0.43","107.5","","107.04"
"A034950","한국기업평가","12","0","KOSDAQ","0.13","357.34","","356.88"
"A035000","HS애드","12","0","KOSPI","1.45","104.21","","102.72"
"A035080","그래디언트","12","0","KOSDAQ","8.63","468.93","","451.41"
"A035150","백산","12","0","KOSPI","4.98","239.82","","228.45"
"A035200","프럼파스트","12","0","KOSDAQ","9.33","53.62","","49.04"
"A035250","강원랜드","12","1","KOSPI","5.31","5722.91","","5434.09"
"A035290","골드앤에스","12","0","KOSDAQ","0","47.27","","47.27"
"A035420","NAVER","12","1","KOSPI","8.54","54218.22","","49952.95"
"A035460","기산텔레콤","12","0","KOSDAQ","5.07","46.87","","44.61"
"A035510","신세계 I&C","12","0","KOSPI","5.23","311.32","","295.84"
"A035600","KG이니시스","12","0","KOSDAQ","3.82","492.51","","474.38"
"A035610","솔본","12","0","KOSDAQ","0.81","136.46","","135.36"
"A035620","바른손이앤에이","12","0","KOSDAQ","-0.37","99","","99.38"
"A035720","카카오","12","1","KOSPI","8.58","44596.21","","41073.1"
"A035760","CJ ENM","12","0","KOSDAQ","2.92","2785","","2706.06"
"A035810","이지홀딩스","12","0","KOSDAQ","1.96","254.39","","249.51"
"A035890","서희건설","12","0","KOSDAQ","3.34","390.67","","378.03"
"A035900","JYP Ent.","12","0","KOSDAQ","4","1845.87","","1774.87"
"A036000","예림당","12","0","KOSDAQ","1.69","41.46","","40.77"
"A036010","아비코전자","12","0","KOSDAQ","1.02","132.13","","130.8"
"A036030","케이티알파","12","0","KOSDAQ","1.49","301.47","","297.06"
"A036090","위지트","12","0","KOSDAQ","1.99","122.42","","120.03"
"A036120","서울평가정보","12","0","KOSDAQ","0.65","110.76","","110.05"
"A036170","에이치엠넥스","12","0","KOSDAQ","3.66","79.29","","76.48"
"A036190","금화피에스시","12","0","KOSDAQ","1.93","190.5","","186.9"
"A036200","유니셈","12","0","KOSDAQ","0.89","346.51","","343.44"
"A036220","오상헬스케어","12","0","K-OTC","0.3","217.26","","216.62"
"A036420","콘텐트리중앙","12","0","KOSPI","-0.34","1088.07","","1091.74"
"A036460","한국가스공사","12","1","KOSPI","-4.45","3863.3","","4043.31"
"A036480","대성미생물","12","0","KOSDAQ","-0.79","47.88","","48.26"
"A036530","SNT홀딩스","12","0","KOSPI","0.94","261.68","","259.23"
"A036540","SFA반도체","12","0","KOSDAQ","5.21","1095.31","","1041.03"
"A036560","KZ정밀","12","0","KOSDAQ","0","143.8","","143.8"
"A036570","NC","12","1","KOSPI","3.02","9736.61","","9451.21"
"A036580","팜스코","12","0","KOSPI","0.99","224.41","","222.2"
"A036620","감성코퍼레이션","12","0","KOSDAQ","1.55","153.19","","150.84"
"A036630","세종텔레콤","12","0","KOSDAQ","0","293.83","","293.83"
"A036640","HRS","12","0","KOSDAQ","2.03","131.33","","128.71"
"A036670","삼양케이씨아이","12","0","KOSDAQ","0.83","96.13","","95.34"
"A036690","코맥스","12","0","KOSDAQ","0.24","64.51","","64.36"
"A036710","심텍홀딩스","12","0","KOSDAQ","1.19","207.79","","205.35"
"A036800","나이스정보통신","12","0","KOSDAQ","-1.64","300","","305"
"A036810","에프에스티","12","0","KOSDAQ","6.03","459.07","","432.96"
"A036830","솔브레인홀딩스","12","0","KOSDAQ","0.9","584.9","","579.66"
"A036890","진성티이씨","12","0","KOSDAQ","1.41","210.66","","207.74"
"A036930","주성엔지니어링","12","0","KOSDAQ","-1.01","1177.28","","1189.34"
"A037030","파워넷","12","0","KOSDAQ","8.62","93.16","","85.77"
"A037070","파세코","12","0","KOSDAQ","-5.38","246.4","","260.4"
"A037230","한국팩키지","12","0","KOSDAQ","0.66","115","","114.24"
"A037270","YG PLUS","12","0","KOSPI","1.56","454.15","","447.18"
"A037330","인지디스플레","12","0","KOSDAQ","1.77","113.44","","111.47"
"A037350","성도이엔지","12","0","KOSDAQ","0.77","80.91","","80.29"
"A037370","EG","12","0","KOSDAQ","3.11","96.13","","93.23"
"A037400","우리엔터프라이즈","12","0","KOSDAQ","-0.19","69.23","","69.36"
"A037440","희림","12","0","KOSDAQ","14.72","126.97","","110.68"
"A037460","삼지전자","12","0","KOSDAQ","5.58","185.22","","175.42"
"A037560","LG헬로비전","12","0","KOSPI","2.4","396.53","","387.23"
"A037710","광주신세계","12","0","KOSPI","2.69","305.6","","297.6"
"A037760","쎄니트","12","0","KOSDAQ","0.49","68.85","","68.51"
"A037950","엘컴텍","12","0","KOSDAQ","-0.7","120.34","","121.18"
"A038010","제일테크노스","12","0","KOSDAQ","4.38","57.87","","55.44"
"A038060","루멘스","12","0","KOSDAQ","-4.08","56.52","","58.93"
"A038070","서린바이오","12","0","KOSDAQ","1.54","136.55","","134.47"
"A038110","에코플라스틱","12","0","KOSDAQ","2.42","86.62","","84.57"
"A038290","마크로젠","12","0","KOSDAQ","3.15","284.04","","275.37"
"A038390","레드캡투어","12","0","KOSDAQ","4.97","199.71","","190.26"
"A038460","바이오스마트","12","0","KOSDAQ","0.78","103.85","","103.05"
"A038500","삼표시멘트","12","0","KOSDAQ","5.72","548.21","","518.54"
"A038530","케이바이오랩스","12","0","KOSDAQ","1.43","98","","96.62"
"A038540","상상인","12","0","KOSDAQ","1.84","521.19","","511.79"
"A038620","위즈코프","12","0","KOSDAQ","18.37","111.47","","94.16"
"A038680","에스넷","12","0","KOSDAQ","2.35","112.53","","109.95"
"A038870","에코심플렉스","12","0","KOSDAQ","-0.31","73.61","","73.85"
"A038880","아이에이","12","0","KOSDAQ","0.1","294.47","","294.18"
"A038950","파인디지털","12","0","KOSDAQ","2.03","71.68","","70.25"
"A039010","현대에이치티","12","0","KOSDAQ","2.6","84.96","","82.8"
"A039020","이건홀딩스","12","0","KOSDAQ","1.33","103.33","","101.97"
"A039030","이오테크닉스","12","0","KOSDAQ","4.43","1190.07","","1139.56"
"A039130","하나투어","12","0","KOSPI","6.97","1133.26","","1059.38"
"A039200","오스코텍","12","0","KOSDAQ","5.89","922.81","","871.46"
"A039240","경남스틸","12","0","KOSDAQ","-3.27","119.65","","123.7"
"A039290","인포뱅크","12","0","KOSDAQ","3.91","161.71","","155.62"
"A039310","세중","12","0","KOSDAQ","0.49","74.66","","74.3"
"A039340","한국경제TV","12","0","KOSDAQ","0.45","155.71","","155.02"
"A039420","케이엘넷","12","0","KOSDAQ","0.76","80.31","","79.71"
"A039440","에스티아이","12","0","KOSDAQ","2.31","280.98","","274.65"
"A039490","키움증권","12","1","KOSPI","-0.6","2595.73","","2611.46"
"A039560","다산네트웍스","12","0","KOSDAQ","0.48","227.02","","225.93"
"A039570","HDC랩스","12","0","KOSPI","0.95","275.15","","272.55"
"A039610","화성밸브","12","0","KOSDAQ","2.54","58.82","","57.36"
"A039740","한국정보공학","12","0","KOSDAQ","5.84","36.32","","34.32"
"A039830","오로라","12","0","KOSDAQ","1.98","110.86","","108.71"
"A039840","디오","12","0","KOSDAQ","1.26","568.66","","561.57"
"A039860","나노엔텍","12","0","KOSDAQ","2.72","172.37","","167.82"
"A039980","폴라리스AI","12","0","KOSDAQ","1.89","47.06","","46.19"
"A040160","누리플렉스","12","0","KOSDAQ","2.66","93.07","","90.66"
"A040300","YTN","12","0","KOSDAQ","2.55","143.43","","139.86"
"A040350","크레오에스지","12","0","KOSDAQ","-0.92","135.42","","136.68"
"A040420","정상제이엘에스","12","0","KOSDAQ","-0.13","121.97","","122.13"
"A040610","SG&G","12","0","KOSDAQ","17.05","87.77","","74.99"
"A040910","아이씨디","12","0","KOSDAQ","0.99","185.17","","183.36"
"A041020","폴라리스오피스","12","0","KOSDAQ","1.93","76.58","","75.13"
"A041190","우리기술투자","12","0","KOSDAQ","4.78","718.2","","685.44"
"A041440","현대에버다임","12","0","KOSDAQ","1.94","84.83","","83.22"
"A041460","한국전자인증","12","0","KOSDAQ","1.32","160.93","","158.84"
"A041510","에스엠","12","0","KOSDAQ","5.17","1837.11","","1746.8"
"A041520","이엘씨","12","0","KOSDAQ","0.57","85.56","","85.08"
"A041590","플래스크","12","0","KOSDAQ","6.07","273.13","","257.49"
"A041650","상신브레이크","12","0","KOSPI","0.86","75.36","","74.72"
"A041830","인바디","12","0","KOSDAQ","1.58","352.36","","346.88"
"A041910","폴라리스AI파마","12","0","KOSDAQ","2.12","109.11","","106.85"
"A041920","메디아나","12","0","KOSDAQ","1.61","101.12","","99.52"
"A041930","SY동아","12","0","KOSDAQ","2.49","162.74","","158.79"
"A041960","코미팜","12","0","KOSDAQ","3.26","569.97","","552"
"A042000","카페24","12","0","KOSDAQ","3.13","445.44","","431.95"
"A042040","케이피엠테크","12","0","KOSDAQ","0.23","124.85","","124.55"
"A042110","에스씨디","12","0","KOSDAQ","-0.98","98.11","","99.08"
"A042370","비츠로테크","12","0","KOSDAQ","0.56","236.32","","235.01"
"A042420","네오위즈홀딩스","12","0","KOSDAQ","2.35","462.33","","451.7"
"A042500","링네트","12","0","KOSDAQ","2.41","91.37","","89.22"
"A042510","라온시큐어","12","0","KOSDAQ","5.11","139.2","","132.43"
"A042520","한스바이오메드","9","0","KOSDAQ","0","121.24","","121.24"
"A042600","새로닉스","12","0","KOSDAQ","3.13","286.98","","278.29"
"A042660","한화오션","12","1","KOSPI","-2.71","2698.36","","2773.46"
"A042700","한미반도체","12","0","KOSPI","2.95","1637.12","","1590.14"
"A042940","상지건설","12","0","KOSDAQ","-4.96","87.63","","92.19"
"A043090","더테크놀로지","12","0","KOSDAQ","0.7","53.79","","53.42"
"A043100","알파AI","12","0","KOSDAQ","0.51","47.51","","47.27"
"A043150","바텍","12","0","KOSDAQ","-1.05","560.75","","566.69"
"A043200","파루","12","0","KOSDAQ","-0.11","37.29","","37.33"
"A043220","티에스넥스젠","12","0","KOSDAQ","1.66","139.41","","137.13"
"A043260","성호전자","12","0","KOSDAQ","1.01","80.11","","79.31"
"A043340","에쎈테크","12","0","KOSDAQ","0","85.32","","85.32"
"A043360","디지아이","12","0","KOSDAQ","1.86","29.61","","29.07"
"A043370","피에이치에이","12","0","KOSDAQ","0.71","178.5","","177.24"
"A043590","웰킵스하이텍","12","0","KOSDAQ","0","88.85","","88.85"
"A043610","KT지니뮤직","12","0","KOSDAQ","1.63","272.27","","267.91"
"A043650","국순당","12","0","KOSDAQ","0","180.37","","180.37"
"A043710","코스리거글로벌","12","0","KOSDAQ","1.9","37.7","","37"
"A043910","자연과환경","12","0","KOSDAQ","3.69","114.22","","110.15"
"A044180","KD","12","0","KOSDAQ","-2.51","24.1","","24.72"
"A044340","위닉스","12","0","KOSDAQ","2.22","329.76","","322.62"
"A044380","주연테크","12","0","KOSPI","4.29","64.82","","62.16"
"A044450","KSS해운","12","0","KOSPI","0.42","274.75","","273.59"
"A044480","빌리언스","12","0","KOSDAQ","-1.2","119.83","","121.29"
"A044490","태웅","12","0","KOSDAQ","0","250.09","","250.09"
"A044780","에이치케이","12","0","KOSDAQ","0","39.51","","39.51"
"A044820","코스맥스비티아이","12","0","KOSPI","1.15","126.77","","125.33"
"A044960","이글벳","12","0","KOSDAQ","1.9","88.37","","86.72"
"A044990","에이치엔에스하이텍","12","0","KONEX","-0.43","86","","86.38"
"A045060","오공","12","0","KOSDAQ","0","67.6","","67.6"
"A045100","한양이엔지","12","0","KOSDAQ","1.01","270","","267.3"
"A045300","성우테크론","12","0","KOSDAQ","1.88","51.86","","50.91"
"A045340","토탈소프트","12","0","KOSDAQ","-3.06","42.06","","43.39"
"A045390","대아티아이","12","0","KOSDAQ","-11.76","288.16","","326.59"
"A045510","정원엔시스","12","0","KOSDAQ","5.04","63.77","","60.71"
"A045520","크린앤사이언스","12","0","KOSDAQ","1.06","124.15","","122.85"
"A045660","에이텍","12","0","KOSDAQ","-15.35","88.8","","104.9"
"A045970","코아시아","12","0","KOSDAQ","1.79","224.99","","221.04"
"A046070","코다코","12","0","KOSDAQ","-0.31","63.28","","63.48"
"A046120","오르비텍","12","0","KOSDAQ","-2.11","174.03","","177.78"
"A046210","HLB파나진","12","0","KOSDAQ","2.99","121.96","","118.42"
"A046310","백금T&A","12","0","KOSDAQ","3.38","60.17","","58.2"
"A046390","삼화네트웍스","12","0","KOSDAQ","-0.24","183.27","","183.7"
"A046440","KG파이낸셜","12","0","KOSDAQ","1.17","336.23","","332.35"
"A046890","서울반도체","12","0","KOSDAQ","1.13","784.21","","775.46"
"A046940","우원개발","12","0","KOSDAQ","4.1","80.34","","77.18"
"A046970","우리로","12","0","KOSDAQ","0","61.21","","61.21"
"A047040","대우건설","12","1","KOSPI","3.86","2909.36","","2801.3"
"A047050","포스코인터내셔널","12","1","KOSPI","2.64","2634.06","","2566.2"
"A047080","한빛소프트","12","0","KOSDAQ","2.28","116.59","","113.99"
"A047310","파워로직스","12","0","KOSDAQ","0.29","240.6","","239.91"
"A047400","유니온머티리얼","12","0","KOSPI","0","126.42","","126.42"
"A047560","이스트소프트","12","0","KOSDAQ","3.88","152.43","","146.74"
"A047770","코데즈컴바인","12","0","KOSDAQ","0.66","87.23","","86.66"
"A047810","한국항공우주","12","1","KOSPI","1.77","3635.82","","3572.46"
"A047820","초록뱀미디어","12","0","KOSDAQ","-0.19","565.92","","567"
"A047920","HLB제약","12","0","KOSDAQ","1.44","279.03","","275.06"
"A048410","현대바이오","12","0","KOSDAQ","2.01","1175.78","","1152.57"
"A048430","유라테크","12","0","KOSDAQ","3.86","111.51","","107.37"
"A048470","대동스틸","12","0","KOSDAQ","-0.64","62.6","","63"
"A048530","인트론바이오","12","0","KOSDAQ","4.13","732.53","","703.51"
"A048550","SM C&C","12","0","KOSDAQ","8.08","389.8","","360.66"
"A048770","TPC로보틱스","12","0","KOSDAQ","6.75","69.73","","65.32"
"A048830","엔피케이","12","0","KOSDAQ","2.61","36.79","","35.86"
"A048870","시너지이노베이션","12","0","KOSDAQ","-0.92","302.17","","304.98"
"A048910","대원미디어","12","0","KOSDAQ","4.53","217.62","","208.18"
"A049070","인탑스","12","0","KOSDAQ","0.17","500.52","","499.66"
"A049080","기가레인","12","0","KOSDAQ","0.74","160.86","","159.68"
"A049120","파인디앤씨","12","0","KOSDAQ","0.9","62.84","","62.27"
"A049180","셀루메드","12","0","KOSDAQ","1.03","232.89","","230.51"
"A049430","코메론","12","0","KOSDAQ","2","92.29","","90.48"
"A049470","비트플래닛","12","0","KOSDAQ","1.42","56.56","","55.77"
"A049480","오픈베이스","12","0","KOSDAQ","2.73","100.39","","97.72"
"A049520","유아이엘","12","0","KOSDAQ","-0.26","41.83","","41.94"
"A049550","잉크테크","12","0","KOSDAQ","-0.14","139.79","","139.99"
"A049630","재영솔루텍","12","0","KOSDAQ","0.1","78.65","","78.57"
"A049720","고려신용정보","12","0","KOSDAQ","3.33","119.83","","115.97"
"A049800","우진플라임","12","0","KOSPI","0.67","89.7","","89.1"
"A049830","승일","12","0","KOSDAQ","0.84","73.28","","72.67"
"A049950","미래컴퍼니","12","0","KOSDAQ","1.45","204.88","","201.95"
"A049960","쎌바이오텍","12","0","KOSDAQ","1.53","155.57","","153.22"
"A050090","비케이홀딩스","12","0","KOSDAQ","4.32","57.3","","54.92"
"A050110","캠시스","12","0","KOSDAQ","0.88","126.24","","125.13"
"A050120","ES큐브","12","0","KOSDAQ","5.92","75.28","","71.08"
"A050760","에스폴리텍","12","0","KOSDAQ","2.07","52.43","","51.37"
"A050860","아세아텍","6","0","KOSDAQ","0","64.91","","64.91"
"A050890","쏠리드","12","0","KOSDAQ","1.13","382.02","","377.74"
"A050960","수산아이앤티","12","0","KOSDAQ","-0.45","73.92","","74.26"
"A051160","지어소프트","12","0","KOSDAQ","2.23","248.36","","242.95"
"A051360","토비스","12","0","KOSDAQ","5.98","168.84","","159.31"
"A051370","인터플렉스","12","0","KOSDAQ","-0.84","411.73","","415.23"
"A051380","피씨디렉트","12","0","KOSDAQ","-0.57","133.46","","134.23"
"A051390","YW","12","0","KOSDAQ","0.35","48.77","","48.6"
"A051490","나라엠앤디","12","0","KOSDAQ","1.15","125.1","","123.68"
"A051500","CJ프레시웨이","12","0","KOSDAQ","5.12","451.12","","429.16"
"A051600","한전KPS","12","1","KOSPI","1.15","1784.25","","1764"
"A051630","진양화학","12","0","KOSPI","4.71","85.44","","81.6"
"A051780","큐로홀딩스","12","0","KOSDAQ","-6.61","72.04","","77.14"
"A051900","LG생활건강","12","1","KOSPI","0.32","14618.63","","14571.78"
"A051910","LG화학","12","1","KOSPI","-1.29","35049.1","","35507.95"
"A051980","중앙첨단소재","12","0","KOSDAQ","1.93","38.37","","37.65"
"A052020","에스티큐브","12","0","KOSDAQ","18.7","201.8","","170"
"A052220","iMBC","12","0","KOSDAQ","-4.95","92.81","","97.64"
"A052260","현대바이오랜드","12","0","KOSDAQ","1.87","245.25","","240.75"
"A052300","오션인더블유","12","0","KOSDAQ","2.62","112.08","","109.23"
"A052330","코텍","12","0","KOSDAQ","2.23","157.3","","153.88"
"A052400","코나아이","12","0","KOSDAQ","-14.96","336.08","","395.2"
"A052420","오성첨단소재","12","0","KOSDAQ","2.21","166.71","","163.1"
"A052460","아이크래프트","12","0","KOSDAQ","1.25","59.09","","58.36"
"A052600","한네트","12","0","KOSDAQ","2.22","117.37","","114.83"
"A052690","한전기술","12","1","KOSPI","0.56","3420.69","","3401.58"
"A052710","아모텍","12","0","KOSDAQ","1.54","225.56","","222.15"
"A052770","아이톡시","12","0","KOSDAQ","0","41.35","","41.35"
"A052790","액토즈소프트","12","0","KOSDAQ","2.58","135.4","","132"
"A052860","아이앤씨","12","0","KOSDAQ","3.91","61.72","","59.39"
"A052900","KX하이텍","12","0","KOSDAQ","1.31","79.77","","78.73"
"A053030","바이넥스","12","0","KOSDAQ","0.99","484.36","","479.59"
"A053050","지에스이","12","0","KOSDAQ","-4.38","143.94","","150.54"
"A053060","세동","12","0","KOSDAQ","2.09","21.3","","20.86"
"A053080","케이엔솔","12","0","KOSDAQ","2.16","153.4","","150.15"
"A053160","프리엠스","12","0","KOSDAQ","-3.96","46.62","","48.54"
"A053210","스카이라이프","12","0","KOSPI","0.12","395.97","","395.49"
"A053260","금강철강","12","0","KOSDAQ","3.31","93.51","","90.51"
"A053270","구영테크","12","0","KOSDAQ","0.56","71.66","","71.26"
"A053280","예스24","12","0","KOSDAQ","4.64","197.5","","188.75"
"A053290","NE능률","12","0","KOSDAQ","0.33","149.89","","149.4"
"A053300","한국정보인증","12","0","KOSDAQ","0","257.76","","257.76"
"A053350","이니텍","12","0","KOSDAQ","0.22","89.06","","88.86"
"A053450","세코닉스","12","0","KOSDAQ","-1.43","153.11","","155.32"
"A053580","웹케시","12","0","KOSDAQ","0.43","323.98","","322.6"
"A053610","프로텍","12","0","KOSDAQ","1.07","311.3","","308"
"A053620","태양","12","0","KOSDAQ","1.16","75.08","","74.22"
"A053690","한미글로벌","12","0","KOSPI","2.1","133.13","","130.39"
"A053700","삼보모터스","12","0","KOSDAQ","0.59","96.19","","95.63"
"A053800","안랩","12","0","KOSDAQ","4.24","739.02","","708.98"
"A053950","경남제약","12","0","KOSDAQ","0.56","72.58","","72.18"
"A053980","오상자이엘","12","0","KOSDAQ","-0.14","123.35","","123.53"
"A054040","한국컴퓨터","12","0","KOSDAQ","7.23","76.26","","71.12"
"A054050","NH농우바이오","12","0","KOSDAQ","-0.45","176.34","","177.14"
"A054090","삼진엘앤디","12","0","KOSDAQ","2","70.14","","68.76"
"A054180","메디콕스","12","0","KOSDAQ","0.99","77.79","","77.03"
"A054210","이랜텍","12","0","KOSDAQ","1.85","349.02","","342.7"
"A054220","비츠로시스","12","0","KOSDAQ","0","142.66","","142.66"
"A054300","팬스타엔터프라이즈","12","0","KOSDAQ","1.53","50.17","","49.41"
"A054410","케이피티유","12","0","KOSDAQ","-0.64","31.42","","31.63"
"A054450","텔레칩스","12","0","KOSDAQ","1.72","239.05","","235"
"A054540","삼영엠텍","12","0","KOSDAQ","1.12","58.7","","58.05"
"A054620","APS","12","0","KOSDAQ","1.71","242.69","","238.61"
"A054670","대한뉴팜","12","0","KOSDAQ","-0.45","159.34","","160.06"
"A054780","키이스트","12","0","KOSDAQ","-0.78","231.35","","233.16"
"A054800","아이디스홀딩스","12","0","KOSDAQ","1.59","131.93","","129.86"
"A054920","한컴위드","12","0","KOSDAQ","2.28","202.32","","197.8"
"A054930","유신","12","0","KOSDAQ","3.85","52.65","","50.7"
"A054940","엑사이엔씨","12","0","KOSDAQ","2.59","39.48","","38.48"
"A054950","제이브이엠","12","0","KOSDAQ","2.29","162","","158.38"
"A055490","테이팩스","12","0","KOSPI","-0.13","360.9","","361.37"
"A055550","신한지주","12","1","KOSPI","1.92","19165.84","","18804.22"
"A056080","유진로봇","12","0","KOSDAQ","4.94","187.37","","178.56"
"A056090","시지메드텍","12","0","KOSDAQ","1.29","231.21","","228.26"
"A056190","SFA","12","0","KOSDAQ","3.11","1429.17","","1386.08"
"A056360","코위버","12","0","KOSDAQ","0.12","79.55","","79.45"
"A056700","신화인터텍","12","0","KOSDAQ","0.74","79.83","","79.25"
"A056730","CNT85","12","0","KOSDAQ","0","109.59","","109.59"
"A057030","YBM넷","12","0","KOSDAQ","2.59","97.06","","94.61"
"A057050","현대홈쇼핑","12","1","KOSPI","3.3","712.8","","690"
"A057540","옴니시스템","12","0","KOSDAQ","0.74","95.45","","94.76"
"A057680","티사이언티픽","12","0","KOSDAQ","1.88","181.05","","177.72"
"A058110","멕아이씨에스","12","0","KOSDAQ","0.61","132.42","","131.61"
"A058400","KNN","12","0","KOSDAQ","1.64","164.21","","161.56"
"A058430","포스코스틸리온","12","0","KOSPI","0.43","281.4","","280.2"
"A058450","한주에이알티","12","0","KOSDAQ","0","22.86","","22.86"
"A058470","리노공업","12","0","KOSDAQ","1.84","2787.83","","2737.53"
"A058610","에스피지","12","0","KOSDAQ","0.44","250.6","","249.5"
"A058630","엠게임","12","0","KOSDAQ","0.21","182.54","","182.15"
"A058650","세아홀딩스","12","0","KOSPI","0.9","448","","444"
"A058730","다스코","12","0","KOSPI","1.78","82.19","","80.75"
"A058820","CMG제약","12","0","KOSDAQ","5.85","464.59","","438.9"
"A058850","KTcs","12","0","KOSPI","2.06","95.19","","93.27"
"A058860","KTis","12","0","KOSPI","2.01","79.52","","77.96"
"A058970","엠로","12","0","KOSDAQ","2.09","185.57","","181.77"
"A059090","미코","12","0","KOSDAQ","0.87","385.96","","382.62"
"A059100","아이컴포넌트","12","0","KOSDAQ","2.9","42.71","","41.51"
"A059120","아진엑스텍","12","0","KOSDAQ","0.43","113.08","","112.6"
"A059210","메타바이오메드","12","0","KOSDAQ","1.94","62.76","","61.56"
"A059270","해성에어로보틱스","12","0","KOSDAQ","1.24","69.44","","68.59"
"A060150","인선이엔티","12","0","KOSDAQ","3.81","507.54","","488.92"
"A060230","제이케이시냅스","12","0","KOSDAQ","-2.64","109.27","","112.24"
"A060240","스타코링크","12","0","KOSDAQ","1.47","157.66","","155.37"
"A060250","NHN KCP","12","0","KOSDAQ","2.94","882.4","","857.19"
"A060260","뉴보텍","12","0","KOSDAQ","0.47","36.11","","35.94"
"A060280","큐렉소","12","0","KOSDAQ","6.95","257.22","","240.5"
"A060310","3S","3","0","KOSDAQ","3.24","147.61","","142.98"
"A060370","LS마린솔루션","12","0","KOSDAQ","4.51","116.73","","111.69"
"A060380","동양에스텍","12","0","KOSDAQ","0.44","67.28","","66.98"
"A060480","국일신동","12","0","KOSDAQ","0","39.65","","39.65"
"A060540","에스에이티","12","0","KOSDAQ","-1.91","80.49","","82.06"
"A060560","HC홈센타","12","0","KOSDAQ","0.38","169.8","","169.16"
"A060570","드림어스컴퍼니","12","0","KOSDAQ","1.75","247.62","","243.36"
"A060590","씨티씨바이오","12","0","KOSDAQ","-0.44","211.67","","212.61"
"A060720","KH바텍","12","0","KOSDAQ","3.96","497.23","","478.28"
"A060850","영림원소프트랩","12","0","KOSDAQ","1.74","80.82","","79.44"
"A060900","에이전트AI","12","0","KOSDAQ","-1.4","183.15","","185.75"
"A060980","HL홀딩스","12","0","KOSPI","0.5","423.6","","421.5"
"A061040","알에프텍","12","0","KOSDAQ","1.71","172","","169.11"
"A061090","세나테크놀로지","12","0","외감","","","",""
"A061250","화일약품","12","0","KOSDAQ","4.21","162.44","","155.88"
"A061970","LB세미콘","12","0","KOSDAQ","2.37","472.87","","461.93"
"A062040","산일전기","12","0","외감","","","",""
"A062970","한국첨단소재","12","0","KOSDAQ","2.7","35.46","","34.53"
"A063080","컴투스홀딩스","12","0","KOSDAQ","11.6","983.34","","881.12"
"A063160","종근당바이오","12","0","KOSPI","6.66","197.77","","185.43"
"A063170","서울옥션","12","0","KOSDAQ","1.64","386.59","","380.37"
"A063440","SM Life Design","12","0","KOSDAQ","2.95","119.29","","115.87"
"A063570","NICE인프라","12","0","KOSDAQ","2.17","192.93","","188.84"
"A063760","이엘피","12","0","KOSDAQ","-0.32","58.28","","58.47"
"A064090","인크레더블버즈","12","0","KOSDAQ","-5.62","26.76","","28.35"
"A064240","홈캐스트","12","0","KOSDAQ","3.24","111.77","","108.27"
"A064260","다날","12","0","KOSDAQ","0.97","717.07","","710.18"
"A064290","인텍플러스","12","0","KOSDAQ","0.41","310.49","","309.22"
"A064350","현대로템","12","1","KOSPI","-2.05","2090.07","","2133.73"
"A064400","LG씨엔에스","12","0","외감","","","",""
"A064480","브리지텍","12","0","KOSDAQ","2.89","68.13","","66.22"
"A064520","테크엘","12","0","KOSDAQ","0","79","","79"
"A064550","바이오니아","12","0","KOSDAQ","4.33","1120.17","","1073.71"
"A064760","티씨케이","12","0","KOSDAQ","4.75","1363.64","","1301.76"
"A064800","포니링크","12","0","KOSDAQ","-0.59","140.57","","141.4"
"A064820","케이프","12","0","KOSDAQ","2.63","156.98","","152.96"
"A064850","에프앤가이드","12","0","KOSDAQ","4.34","107.51","","103.04"
"A064960","SNT모티브","12","1","KOSPI","1.45","613.44","","604.67"
"A065060","지엔코","12","0","KOSDAQ","0.79","62.73","","62.24"
"A065130","탑엔지니어링","12","0","KOSDAQ","1.76","110.56","","108.64"
"A065150","대산F&B","12","0","KOSDAQ","0.87","101.73","","100.85"
"A065170","비엘팜텍","12","0","KOSDAQ","-2.33","111.66","","114.33"
"A065350","신성델타테크","12","0","KOSDAQ","1.12","373.78","","369.66"
"A065370","위세아이텍","12","0","KOSDAQ","3.13","86.8","","84.17"
"A065420","에스아이리소스","12","0","KOSDAQ","0","43.5","","43.5"
"A065440","이루온","12","0","KOSDAQ","-1.68","55.78","","56.73"
"A065450","빅텍","12","0","KOSDAQ","3.39","183.66","","177.65"
"A065500","오리엔트정공","12","0","KOSDAQ","-9.12","53.8","","59.2"
"A065510","휴비츠","12","0","KOSDAQ","0.12","95.42","","95.3"
"A065530","와이어블","12","0","KOSDAQ","1.71","141.66","","139.29"
"A065570","삼영이엔씨","12","0","KOSDAQ","2.64","79.77","","77.72"
"A065650","하이퍼코퍼레이션","12","0","KOSDAQ","2.38","93.99","","91.81"
"A065660","안트로젠","12","0","KOSDAQ","2.5","270.88","","264.28"
"A065680","우주일렉트로","12","0","KOSDAQ","3.74","261.77","","252.33"
"A065690","파커스","12","0","KOSDAQ","-0.35","40.11","","40.25"
"A065710","서호전기","12","0","KOSDAQ","-2.05","110.98","","113.3"
"A065770","CS","12","0","KOSDAQ","-2.26","42.03","","43"
"A065950","웰크론","12","0","KOSDAQ","2.27","114.48","","111.94"
"A066130","하츠","12","0","KOSDAQ","5.93","128","","120.83"
"A066310","큐에스아이","12","0","KOSDAQ","0.83","168.74","","167.35"
"A066360","체리부로","12","0","KOSDAQ","1.42","66.79","","65.86"
"A066410","버킷스튜디오","12","0","KOSDAQ","3.87","198.14","","190.75"
"A066430","아이로보틱스","12","0","KOSDAQ","-5.1","44.31","","46.69"
"A066570","LG전자","12","1","KOSPI","2.12","19719.56","","19310.44"
"A066590","스모트로닉","12","0","KOSDAQ","3.85","145.46","","140.07"
"A066620","국보디자인","12","0","KOSDAQ","3.5","144","","139.13"
"A066670","디티씨","12","0","KOSDAQ","2.59","125.8","","122.62"
"A066700","테라젠이텍스","12","0","KOSDAQ","1.57","168.54","","165.94"
"A066790","씨씨에스","12","0","KOSDAQ","1.92","35.68","","35"
"A066900","디에이피","12","0","KOSDAQ","0.38","90.98","","90.64"
"A066910","손오공","12","0","KOSDAQ","1.57","61.05","","60.11"
"A066970","엘앤에프","12","0","KOSDAQ","4.36","6742.75","","6460.78"
"A066980","한성크린텍","12","0","KOSDAQ","0.15","152.49","","152.26"
"A067000","조이시티","12","0","KOSDAQ","-0.35","581.39","","583.44"
"A067010","이씨에스","3","0","KOSDAQ","1.11","61.59","","60.92"
"A067080","대화제약","12","0","KOSDAQ","0.8","163.27","","161.96"
"A067160","SOOP","12","0","KOSDAQ","1.23","1702.37","","1681.68"
"A067170","오텍","12","0","KOSDAQ","1.41","154.69","","152.53"
"A067280","멀티캠퍼스","12","0","KOSDAQ","-0.36","243.89","","244.78"
"A067290","JW신약","12","0","KOSDAQ","-2.5","188.66","","193.5"
"A067310","하나마이크론","12","0","KOSDAQ","1.59","917.7","","903.33"
"A067370","선바이오","12","0","KONEX","-1.27","272.21","","275.71"
"A067390","아스트","12","0","KOSDAQ","1.62","161.62","","159.06"
"A067570","엔브이에이치코리아","12","0","KOSDAQ","0.13","125.88","","125.72"
"A067630","HLB생명과학","12","0","KOSDAQ","3.98","997.95","","959.76"
"A067730","로지시스","12","0","KOSDAQ","5.08","74.1","","70.52"
"A067770","세진티에스","12","0","KOSDAQ","-0.74","33.75","","34.01"
"A067830","세이브존I&C","12","0","KOSPI","1.68","124.35","","122.3"
"A067900","와이엔텍","12","0","KOSDAQ","2.33","239.33","","233.87"
"A067920","이글루","12","0","KOSDAQ","1.76","69.94","","68.73"
"A067990","도이치모터스","12","0","KOSDAQ","0.47","252.1","","250.91"
"A068050","팬엔터테인먼트","12","0","KOSDAQ","-0.62","130.25","","131.06"
"A068100","케이웨더","12","0","외감","","","",""
"A068240","다원시스","12","0","KOSDAQ","4.32","955.24","","915.7"
"A068270","셀트리온","12","1","KOSPI","1.76","23866.31","","23452.44"
"A068290","삼성출판사","12","0","KOSPI","1.39","291.5","","287.5"
"A068330","일신바이오","12","0","KOSDAQ","0.95","140.61","","139.28"
"A068760","셀트리온제약","12","0","KOSDAQ","1.62","3435.98","","3381.15"
"A068790","DMS","12","0","KOSDAQ","-0.16","158","","158.25"
"A068930","디지털대성","12","0","KOSDAQ","2.43","250.77","","244.82"
"A068940","셀피글로벌","12","0","KOSDAQ","-9.48","130.74","","144.44"
"A069080","웹젠","12","0","KOSDAQ","4.16","840.4","","806.85"
"A069140","누리플랜","12","0","KOSDAQ","3.39","49.86","","48.23"
"A069260","TKG휴켐스","12","1","KOSPI","3.11","880.93","","854.36"
"A069330","유아이디","12","0","KOSDAQ","0.56","37.96","","37.75"
"A069410","엔텔스","12","0","KOSDAQ","2.82","82.16","","79.91"
"A069460","대호에이엘","12","0","KOSPI","-3.5","172.13","","178.37"
"A069510","에스텍","12","0","KOSDAQ","0.9","85.43","","84.66"
"A069540","빛과전자","12","0","KOSDAQ","-0.37","104.51","","104.9"
"A069620","대웅제약","12","1","KOSPI","2.43","1952.34","","1905.99"
"A069640","한세엠케이","12","0","KOSPI","0.39","50.22","","50.02"
"A069730","DSR제강","12","0","KOSPI","0.32","66.96","","66.74"
"A069920","엑시온그룹","12","0","KOSDAQ","3.34","83.81","","81.09"
"A069960","현대백화점","12","1","KOSPI","2.53","1804.33","","1759.86"
"A070300","엑스큐어","12","0","KOSDAQ","0.54","27.59","","27.44"
"A070590","인티큐브","12","0","KOSDAQ","1.05","40.18","","39.76"
"A070960","모나용평","12","0","KOSPI","0.71","237.54","","235.85"
"A071050","한국금융지주","12","1","KOSPI","1.42","4374.49","","4313.19"
"A071090","하이스틸","12","0","KOSPI","1.2","67.2","","66.4"
"A071200","인피니트헬스케어","12","0","KOSDAQ","0.92","161.26","","159.8"
"A071280","로체시스템즈","12","0","KOSDAQ","1.52","81.53","","80.31"
"A071320","지역난방공사","12","0","KOSPI","0","413.94","","413.94"
"A071670","에이테크솔루션","12","0","KOSDAQ","2.27","135","","132"
"A071840","롯데하이마트","12","0","KOSPI","3.86","571.31","","550.06"
"A071850","캐스텍코리아","12","0","KOSDAQ","1.46","46.15","","45.48"
"A071950","코아스","12","0","KOSPI","-1.42","32.14","","32.61"
"A071970","HD현대마린엔진","12","0","KOSPI","0.82","138.85","","137.72"
"A072020","중앙백신","12","0","KOSDAQ","2.19","139.44","","136.45"
"A072130","유엔젤","12","0","KOSPI","5.31","58.85","","55.88"
"A072470","우리산업홀딩스","12","0","KOSDAQ","0.88","87.07","","86.32"
"A072710","농심홀딩스","12","0","KOSPI","1.27","333.46","","329.28"
"A072770","멤레이비티","12","0","KOSDAQ","4.59","106.85","","102.15"
"A072870","메가스터디","12","0","KOSDAQ","2.93","146.63","","142.46"
"A072950","빛샘전자","12","0","KOSDAQ","2.31","44.11","","43.12"
"A072990","에이치시티","12","0","KOSDAQ","0.36","98.29","","97.94"
"A073010","케이에스피","12","0","KOSDAQ","-0.55","64.97","","65.33"
"A073110","엘엠에스","12","0","KOSDAQ","-0.11","78.19","","78.28"
"A073190","듀오백","12","0","KOSDAQ","-4.18","30.16","","31.48"
"A073240","금호타이어","12","1","KOSPI","1.4","1140.42","","1124.62"
"A073490","LIG아큐버","12","0","KOSDAQ","0.91","262.76","","260.41"
"A073540","에프알텍","12","0","KOSDAQ","0.69","33.17","","32.95"
"A073560","우리손에프앤지","12","0","KOSDAQ","0.47","146.78","","146.09"
"A073570","리튬포어스","12","0","KOSDAQ","0.1","78.88","","78.8"
"A073640","테라사이언스","12","0","KOSDAQ","0.47","156.68","","155.94"
"A074430","아미노로직스","12","0","KOSDAQ","1.57","170.82","","168.19"
"A074600","원익QnC","12","0","KOSDAQ","1.62","659.83","","649.31"
"A074610","이엔플러스","12","0","KOSPI","-1.44","218.26","","221.46"
"A075130","플랜티넷","12","0","KOSDAQ","-2.21","55.55","","56.81"
"A075180","새론오토모티브","12","0","KOSPI","0.17","110.78","","110.59"
"A075580","세진중공업","12","0","KOSPI","0.74","386.58","","383.73"
"A075970","동국알앤에스","12","0","KOSDAQ","-2.29","78.66","","80.5"
"A076080","웰크론한텍","12","0","KOSDAQ","2.45","74","","72.23"
"A076610","해성옵틱스","12","0","KOSDAQ","0.12","97.96","","97.85"
"A077360","덕산하이메탈","12","0","KOSDAQ","1.79","387.35","","380.53"
"A077500","유니퀘스트","12","0","KOSPI","1.88","296.67","","291.2"
"A077970","STX엔진","12","0","KOSPI","-0.35","329.03","","330.18"
"A078000","텔코웨어","12","0","KOSPI","0.5","98.48","","98"
"A078020","LS증권","12","0","KOSDAQ","3.19","412.78","","400.02"
"A078070","유비쿼스홀딩스","12","0","KOSDAQ","0.96","294.47","","291.67"
"A078130","국일제지","12","0","KOSDAQ","5.14","496.43","","472.18"
"A078140","대봉엘에스","12","0","KOSDAQ","0.33","101.55","","101.22"
"A078150","HB테크놀러지","12","0","KOSDAQ","0.83","191.95","","190.37"
"A078160","메디포스트","12","0","KOSDAQ","-1.03","313.9","","317.15"
"A078340","컴투스","12","0","KOSDAQ","8.21","1492.5","","1379.28"
"A078350","한양디지텍","12","0","KOSDAQ","2.2","212.66","","208.09"
"A078520","에이블씨엔씨","12","0","KOSPI","1.42","173.55","","171.12"
"A078590","휴림에이텍","12","0","KOSDAQ","0","197.56","","197.56"
"A078600","대주전자재료","12","0","KOSDAQ","5.14","1393.25","","1325.14"
"A078860","아이오케이이엔엠","12","0","KOSDAQ","2.3","103.5","","101.17"
"A078890","가온그룹","12","0","KOSDAQ","2.02","199.73","","195.77"
"A078930","GS","12","1","KOSPI","-0.62","3753.78","","3777.01"
"A079000","와토스코리아","12","0","KOSDAQ","2.73","43.34","","42.19"
"A079160","CJ CGV","12","1","KOSPI","4.92","1044.72","","995.75"
"A079170","한창산업","12","0","KOSDAQ","1.2","48.31","","47.74"
"A079190","케스피온","12","0","KOSDAQ","6.72","42.91","","40.21"
"A079370","제우스","12","0","KOSDAQ","5.15","286.08","","272.06"
"A079430","현대리바트","12","0","KOSPI","3.18","299.82","","290.57"
"A079550","LIG디펜스앤에어로스페이스","12","1","KOSPI","1.67","1603.8","","1577.4"
"A079650","서산","12","0","KOSDAQ","1.36","52.2","","51.5"
"A079810","APS이노베이션","12","0","KOSDAQ","0.45","99.2","","98.76"
"A079900","전진건설로봇","12","0","외감","","","",""
"A079940","가비아","12","0","KOSDAQ","2.86","170.55","","165.81"
"A079950","인베니아","12","0","KOSDAQ","3.97","57.77","","55.56"
"A079960","동양이엔피","12","0","KOSDAQ","3.11","143.45","","139.12"
"A079970","투비소프트","12","0","KOSDAQ","-2.33","68.63","","70.26"
"A079980","휴비스","12","0","KOSPI","1.01","241.16","","238.74"
"A080010","이상네트웍스","12","0","KOSDAQ","-1.14","70.5","","71.31"
"A080160","모두투어","12","0","KOSDAQ","9.07","397.85","","364.77"
"A080220","제주반도체","12","0","KOSDAQ","1.79","176","","172.9"
"A080420","모다이노칩","12","0","KOSDAQ","-0.38","316.1","","317.29"
"A080470","성창오토텍","12","0","KOSDAQ","0","53.95","","53.95"
"A080520","오디텍","12","0","KOSDAQ","2.54","85.52","","83.4"
"A080530","코디","12","0","KOSDAQ","0.31","46.26","","46.11"
"A080580","오킨스전자","12","0","KOSDAQ","0.51","351.82","","350.05"
"A080720","한국유니온제약","12","0","KOSDAQ","-0.43","73.35","","73.66"
"A081000","일진다이아","12","0","KOSPI","1.36","370.7","","365.73"
"A081150","티플랙스","12","0","KOSDAQ","-4.17","150.46","","157.02"
"A081180","쎄크","12","0","외감","","","",""
"A081580","성우전자","12","0","KOSDAQ","1.24","50.56","","49.94"
"A081660","미스토홀딩스","12","1","KOSPI","2.54","2086.84","","2035.2"
"A082210","옵트론텍","12","0","KOSDAQ","0.73","169.18","","167.96"
"A082270","젬백스","12","0","KOSDAQ","3.01","613.12","","595.2"
"A082640","동양생명","12","0","KOSPI","1.15","995.58","","984.29"
"A082660","코스나인","12","0","KOSDAQ","-3.48","53.23","","55.15"
"A082740","한화엔진","12","0","KOSPI","-1.17","435.91","","441.05"
"A082800","비보존 제약","12","0","KOSDAQ","2.68","169.23","","164.81"
"A082850","우리바이오","12","0","KOSDAQ","1.18","161.65","","159.76"
"A082920","비츠로셀","12","0","KOSDAQ","1.09","299.39","","296.16"
"A083310","엘오티베큠","12","0","KOSDAQ","0.72","249.34","","247.56"
"A083420","그린케미칼","12","0","KOSPI","0","229.44","","229.44"
"A083450","GST","12","0","KOSDAQ","0.8","293.51","","291.18"
"A083470","이엠앤아이","12","0","KOSDAQ","0","43.6","","43.6"
"A083500","에프엔에스테크","12","0","KOSDAQ","1.23","82.85","","81.84"
"A083550","케이엠","12","0","KOSDAQ","1.36","88.3","","87.12"
"A083640","인콘","12","0","KOSDAQ","0.81","55.6","","55.15"
"A083650","비에이치아이","12","0","KOSDAQ","0.93","126.75","","125.58"
"A083660","CSA 코스믹","12","0","KOSDAQ","-0.23","85.06","","85.25"
"A083790","CG인바이츠","12","0","KOSDAQ","3.07","394.7","","382.93"
"A083930","아바코","12","0","KOSDAQ","1.42","164.92","","162.61"
"A084010","대한제강","12","0","KOSPI","-0.6","608.77","","612.47"
"A084110","휴온스글로벌","12","0","KOSDAQ","4.4","356.7","","341.66"
"A084180","수성웹툰","12","0","KOSDAQ","-2.4","82.94","","84.98"
"A084370","유진테크","12","0","KOSDAQ","2.53","1019.76","","994.56"
"A084440","유비온","9","0","KONEX","-0.78","43.05","","43.38"
"A084650","랩지노믹스","12","0","KOSDAQ","4.88","270.79","","258.2"
"A084670","동양고속","12","0","KOSPI","2.95","55.59","","54"
"A084680","이월드","12","0","KOSPI","1.36","316.23","","311.97"
"A084690","대상홀딩스","12","0","KOSPI","2.02","328.45","","321.93"
"A084730","팅크웨어","12","0","KOSDAQ","0.62","170.46","","169.42"
"A084850","아이티엠반도체","12","0","KOSDAQ","2.86","831.64","","808.16"
"A084870","TBH글로벌","12","0","KOSPI","4.42","39.42","","37.75"
"A084990","헬릭스미스","12","0","KOSDAQ","5.99","866.85","","817.86"
"A085310","엔케이","12","0","KOSPI","2.36","79.74","","77.9"
"A085620","미래에셋생명","12","0","KOSPI","0.75","713.38","","708.06"
"A085660","차바이오텍","12","0","KOSDAQ","3.44","1015.5","","981.75"
"A085670","뉴프렉스","12","0","KOSDAQ","1.6","122.74","","120.81"
"A085810","알티캐스트","12","0","KOSDAQ","1.02","58.78","","58.18"
"A085910","네오티스","12","0","KOSDAQ","2.11","73.71","","72.19"
"A086040","바이오톡스텍","12","0","KOSDAQ","0.98","120.86","","119.68"
"A086060","진바이오텍","12","0","KOSDAQ","3.64","40.47","","39.05"
"A086280","현대글로비스","12","1","KOSPI","-0.58","6412.5","","6450"
"A086390","유니테스트","12","0","KOSDAQ","0.19","555.83","","554.77"
"A086450","동국제약","12","0","KOSDAQ","3.69","935.88","","902.54"
"A086520","에코프로","12","0","KOSDAQ","5.13","2210.56","","2102.67"
"A086670","비엠티","12","0","KOSDAQ","-3.54","99.79","","103.46"
"A086710","선진뷰티사이언스","12","0","KOSDAQ","-5.24","60.85","","128.12"
"A086790","하나금융지주","12","1","KOSPI","3.05","13706.05","","13300.72"
"A086820","바이오솔루션","12","0","KOSDAQ","0","142.3","","142.3"
"A086890","이수앱지스","12","0","KOSDAQ","1.6","210.71","","207.39"
"A086900","메디톡스","12","0","KOSDAQ","2.78","785.75","","764.46"
"A086960","MDS테크","12","0","KOSDAQ","1.48","151.99","","149.78"
"A086980","쇼박스","12","0","KOSDAQ","0.19","324.27","","323.64"
"A087010","펩트론","12","0","KOSDAQ","0.43","192.65","","191.83"
"A087260","모바일어플라이언스","12","0","KOSDAQ","1.23","120.11","","118.65"
"A087600","픽셀플러스","12","0","KOSDAQ","2.99","84.52","","82.07"
"A088130","동아엘텍","12","0","KOSDAQ","1.1","98.42","","97.35"
"A088280","쏘닉스","12","0","외감","","","",""
"A088290","이원컴포텍","12","0","KOSDAQ","0.23","193.99","","193.54"
"A088340","유라클","12","0","외감","","","",""
"A088350","한화생명","12","1","KOSPI","2.34","2470.97","","2414.51"
"A088390","이녹스","12","0","KOSDAQ","1.5","190.06","","187.25"
"A088790","진도","12","0","KOSPI","5.02","36.47","","34.73"
"A088800","에이스테크","12","0","KOSDAQ","4.72","485.33","","463.47"
"A088910","동우팜투테이블","12","0","KOSDAQ","0.95","82.66","","81.89"
"A089010","켐트로닉스","12","0","KOSDAQ","0.58","387.05","","384.83"
"A089030","테크윙","12","0","KOSDAQ","2.67","372.26","","362.56"
"A089140","넥스턴앤롤코리아","12","0","KOSDAQ","0.38","133.38","","132.88"
"A089150","케이씨티","12","0","KOSDAQ","9.66","142.17","","129.65"
"A089230","THE E&M","12","0","KOSDAQ","0.5","104.07","","103.55"
"A089470","HDC현대EP","12","0","KOSPI","0.42","153.92","","153.28"
"A089590","제주항공","12","0","KOSPI","7.67","977.78","","908.11"
"A089600","KT나스미디어","12","0","KOSDAQ","3.11","270.38","","262.21"
"A089790","제이티","12","0","KOSDAQ","3.03","84.07","","81.6"
"A089850","유비벨록스","12","0","KOSDAQ","4.94","120.97","","115.27"
"A089860","롯데렌탈","12","0","KOSPI","1.81","1441.55","","1415.91"
"A089890","코세스","12","0","KOSDAQ","0","189.9","","189.9"
"A089970","브이엠","12","0","KOSDAQ","7.07","484.68","","452.68"
"A089980","상아프론테크","12","0","KOSDAQ","3","658.75","","639.56"
"A090080","평화산업","12","0","KOSPI","0.31","89.77","","89.49"
"A090150","아이윈","12","0","KOSDAQ","3.69","92.01","","88.74"
"A090350","노루페인트","12","0","KOSPI","1.86","219","","215"
"A090360","로보스타","12","0","KOSDAQ","2.25","221.81","","216.94"
"A090370","메타랩스","12","0","KOSPI","-1.93","64.31","","65.58"
"A090410","덕신이피씨","12","0","KOSDAQ","5.19","88.71","","84.33"
"A090430","아모레퍼시픽","12","1","KOSPI","-2.3","9943.77","","10177.74"
"A090460","비에이치","12","0","KOSDAQ","3.42","664.37","","642.39"
"A090470","제이스로보틱스","12","0","KOSDAQ","0.14","102.77","","102.62"
"A090710","휴림로봇","12","0","KOSDAQ","7.48","161.67","","150.42"
"A090850","현대이지웰","12","0","KOSDAQ","0.1","237.46","","237.23"
"A091120","이엠텍","12","0","KOSDAQ","2.57","570.38","","556.08"
"A091340","S&K폴리텍","12","0","KOSDAQ","1.41","59.1","","58.28"
"A091440","한울소재과학","12","0","KOSDAQ","1.64","25.65","","25.23"
"A091580","상신이디피","12","0","KOSDAQ","2.6","186.92","","182.18"
"A091590","남화토건","12","0","KOSDAQ","2.21","97.79","","95.68"
"A091700","파트론","12","0","KOSDAQ","-0.97","603.91","","609.8"
"A091810","트리니티항공","12","0","KOSPI","4.92","376.23","","358.57"
"A091970","LSK아이로봇","12","0","KOSDAQ","0","45.21","","45.21"
"A092040","아미코젠","12","0","KOSDAQ","5.16","523.42","","497.74"
"A092070","디엔에프","12","0","KOSDAQ","3.2","205.4","","199.04"
"A092130","이크레더블","12","0","KOSDAQ","2.18","225.82","","221"
"A092190","서울바이오시스","12","0","KOSDAQ","-10","347.45","","386.06"
"A092200","디아이씨","12","0","KOSPI","0.6","195.61","","194.44"
"A092220","KEC","12","0","KOSPI","1.95","416.15","","408.19"
"A092230","KPX홀딩스","12","0","KOSPI","1","255.59","","253.06"
"A092300","현우산업","12","0","KOSDAQ","3.24","103.33","","100.08"
"A092440","기신정기","3","0","KOSPI","2.63","136.66","","133.15"
"A092460","한라IMS","12","0","KOSDAQ","-0.7","99.71","","100.42"
"A092600","앤씨앤","12","0","KOSDAQ","3.21","83.93","","81.32"
"A092730","네오팜","12","0","KOSDAQ","1.41","206.42","","203.54"
"A092780","DYP","12","0","KOSPI","1.05","76.38","","75.59"
"A092790","넥스틸","12","0","외감","","","",""
"A092870","엑시콘","12","0","KOSDAQ","3.23","134.09","","129.9"
"A093050","LF","12","0","KOSPI","1.16","508.78","","502.93"
"A093190","빅솔론","12","0","KOSDAQ","2.65","119.28","","116.2"
"A093240","형지엘리트","6","0","KOSPI","-6.68","58.73","","62.93"
"A093320","케이아이엔엑스","12","0","KOSDAQ","0","267.42","","267.42"
"A093370","후성","12","1","KOSPI","3.24","1768.79","","1713.23"
"A093380","풍강","8","0","KOSDAQ","0.87","40.06","","39.71"
"A093520","매커스","12","0","KOSDAQ","1.65","129.47","","127.37"
"A093640","케이알엠","12","0","KOSDAQ","0.87","74","","73.36"
"A093920","서원인텍","12","0","KOSDAQ","0.8","116.81","","115.88"
"A094170","동운아나텍","12","0","KOSDAQ","0.86","123.22","","122.16"
"A094280","효성ITX","12","0","KOSPI","1.2","195.33","","193.02"
"A094360","칩스앤미디어","12","0","KOSDAQ","2.67","203.89","","198.59"
"A094480","갤럭시아머니트리","12","0","KOSDAQ","2.61","370.33","","360.91"
"A094820","일진파워","12","0","KOSDAQ","4.49","315.9","","302.33"
"A094840","슈프리마에이치큐","12","0","KOSDAQ","0.14","76.44","","76.34"
"A094850","참좋은여행","12","0","KOSDAQ","6.16","205.1","","193.2"
"A094860","네오리진","12","0","KOSDAQ","0","88.33","","88.33"
"A094940","푸른로보틱스","12","0","KOSDAQ","2.71","72.99","","71.07"
"A094970","제이엠티","12","0","KOSDAQ","0.64","65.49","","65.07"
"A095190","신화프리텍","12","0","KOSDAQ","1.04","144.14","","142.65"
"A095270","웨이브일렉트로","12","0","KOSDAQ","1.69","89.83","","88.33"
"A095340","ISC","12","0","KOSDAQ","3","507.19","","492.41"
"A095500","미래나노텍","12","0","KOSDAQ","0","213.35","","213.35"
"A095570","AJ네트웍스","12","0","KOSPI","0","264.55","","264.55"
"A095610","테스","12","0","KOSDAQ","2.7","488.28","","475.43"
"A095660","네오위즈","12","0","KOSDAQ","3.25","559.66","","542.03"
"A095700","제넥신","12","0","KOSDAQ","5.34","1185.13","","1125.06"
"A095720","웅진씽크빅","12","0","KOSPI","0.34","336.12","","334.97"
"A095910","에스에너지","12","0","KOSDAQ","-4.33","70.7","","73.9"
"A096240","크레버스","12","0","KOSDAQ","0.46","244.15","","243.02"
"A096250","와이즈넛","12","0","외감","","","",""
"A096350","대창솔루션","12","0","KOSDAQ","-0.86","75.82","","76.48"
"A096530","씨젠","12","0","KOSDAQ","2.99","2882.87","","2799.31"
"A096610","알에프세미","12","0","KOSDAQ","-0.91","47.25","","47.68"
"A096630","에스코넥","12","0","KOSDAQ","0.32","103.55","","103.22"
"A096690","에이루트","12","0","KOSDAQ","1.48","87.17","","85.9"
"A096760","JW홀딩스","12","0","KOSPI","3.46","294.81","","284.95"
"A096770","SK이노베이션","12","1","KOSPI","0.25","18770.51","","18724.28"
"A096870","엘디티","12","0","KOSDAQ","1.44","28.18","","27.78"
"A097230","HJ중공업","12","0","KOSPI","0.39","643.71","","641.21"
"A097520","엠씨넥스","12","0","KOSPI","0.82","771.1","","764.81"
"A097780","에코볼트","12","0","KOSDAQ","0.8","179.47","","178.05"
"A097800","윈팩","12","0","KOSDAQ","0","85.68","","85.68"
"A097870","효성오앤비","6","0","KOSDAQ","-4.83","117.16","","123.11"
"A097950","CJ제일제당","12","1","KOSPI","2.75","5336.71","","5193.69"
"A098070","한텍","12","0","외감","","","",""
"A098120","마이크로컨텍솔","12","0","KOSDAQ","1.96","86.45","","84.79"
"A098460","고영","12","0","KOSDAQ","2.32","1211.76","","1184.29"
"A098660","에스티오","12","0","KOSDAQ","2.95","30.5","","29.63"
"A099190","아이센스","12","0","KOSDAQ","3.09","389.45","","377.77"
"A099220","SDN","12","0","KOSDAQ","2.78","118.04","","114.85"
"A099320","쎄트렉아이","12","0","KOSDAQ","1.47","375.24","","369.78"
"A099390","브레인즈컴퍼니","12","0","KOSDAQ","4.56","103.54","","99.02"
"A099410","동방선기","12","0","KOSDAQ","-1.72","50.24","","51.12"
"A099430","바이오플러스","12","0","KOSDAQ","3.94","379.2","","364.83"
"A099440","스맥","12","0","KOSDAQ","1.73","56.4","","55.45"
"A099520","DGI","12","0","KOSDAQ","0","37.65","","37.65"
"A099750","이지케어텍","3","0","KOSDAQ","0.26","249.69","","249.05"
"A100030","인지소프트","12","0","KOSDAQ","-0.24","67.81","","67.97"
"A100090","SK오션플랜트","12","0","KOSDAQ","2.45","689.43","","672.97"
"A100120","뷰웍스","12","0","KOSDAQ","-0.26","385.57","","386.57"
"A100130","동국S&C","12","0","KOSDAQ","-1.54","328","","333.14"
"A100220","비상교육","12","0","KOSPI","0.57","92.28","","91.76"
"A100250","진양홀딩스","12","0","KOSPI","2.9","218.27","","212.12"
"A100590","머큐리","12","0","KOSDAQ","0.8","112.49","","111.61"
"A100660","서암기계공업","12","0","KOSDAQ","0.82","62.24","","61.74"
"A100700","세운메디칼","12","0","KOSDAQ","1.47","166.22","","163.81"
"A100790","미래에셋벤처투자","12","0","KOSDAQ","3.97","435.16","","418.53"
"A100840","SNT에너지","12","0","KOSPI","0.55","138.12","","137.37"
"A101000","KS인더스트리","12","0","KOSDAQ","0.71","71.46","","70.96"
"A101140","인바이오젠","12","0","KOSPI","2.22","135.36","","132.42"
"A101160","월덱스","12","0","KOSDAQ","0.66","380.58","","378.1"
"A101170","우림피티에스","12","0","KOSDAQ","5.71","67.5","","63.86"
"A101240","씨큐브","12","0","KOSDAQ","0.88","69.95","","69.35"
"A101330","모베이스","12","0","KOSDAQ","1.31","83.13","","82.06"
"A101360","에코앤드림","12","0","KOSDAQ","-0.68","225.5","","227.05"
"A101390","아이엠","12","0","KOSDAQ","-0.48","50.73","","50.97"
"A101400","엔시트론","12","0","KOSDAQ","0","45.04","","45.04"
"A101490","에스앤에스텍","12","0","KOSDAQ","3.2","623.16","","603.86"
"A101530","해태제과식품","12","0","KOSPI","-0.89","227.11","","229.15"
"A101670","하이드로리튬","12","0","KOSDAQ","-1.37","27.12","","27.5"
"A101680","한국정밀기계","12","0","KOSDAQ","0","12.1","","12.1"
"A101730","위메이드맥스","12","0","KOSDAQ","-0.4","822.39","","825.72"
"A101930","인화정공","12","0","KOSDAQ","-1.74","132.04","","134.38"
"A101970","우양에이치씨","12","0","K-OTC","8.5","148.16","","136.56"
"A102120","어보브반도체","12","0","KOSDAQ","1.71","207.77","","204.28"
"A102260","동성케미컬","12","0","KOSPI","0.63","236.52","","235.03"
"A102370","케이옥션","12","0","KOSDAQ","1.75","207.59","","204.03"
"A102460","이연제약","12","0","KOSPI","2.76","503.06","","489.56"
"A102710","이엔에프테크놀로지","12","0","KOSDAQ","5.59","405.06","","383.63"
"A102940","코오롱생명과학","12","0","KOSDAQ","-1.01","392.59","","396.58"
"A103140","풍산","12","1","KOSPI","-1.66","914.99","","930.41"
"A103230","에스앤더블류","12","0","KOSDAQ","0","18.04","","18.04"
"A103590","일진전기","12","0","KOSPI","0.2","183.73","","183.36"
"A103840","우양","12","0","KOSDAQ","-0.19","74.57","","74.71"
"A104040","디에스엠","12","0","KOSDAQ","0.44","71.99","","71.68"
"A104200","NHN벅스","12","0","KOSDAQ","-2.38","243.17","","249.1"
"A104460","디와이피엔에프","12","0","KOSDAQ","0.82","397.48","","394.26"
"A104480","티케이케미칼","12","0","KOSDAQ","0.55","502.65","","499.92"
"A104540","코렌텍","12","0","KOSDAQ","2.99","122.44","","118.89"
"A104620","노랑풍선","12","0","KOSDAQ","4.88","215.17","","205.16"
"A104700","한국철강","12","0","KOSPI","-0.6","384.52","","386.82"
"A104830","원익머트리얼즈","12","0","KOSDAQ","2.7","431.82","","420.48"
"A105330","케이엔더블유","12","0","KOSDAQ","4.07","139.56","","134.1"
"A105550","엣지파운드리","12","0","KOSDAQ","-0.13","166.53","","166.75"
"A105560","KB금융","12","1","KOSPI","2.63","22514.45","","21937.15"
"A105630","한세실업","12","1","KOSPI","1.93","844","","828"
"A105740","디케이락","12","0","KOSDAQ","-1.82","91.26","","92.95"
"A105760","포스뱅크","12","0","외감","","","",""
"A105840","우진","12","0","KOSPI","-0.6","202.02","","203.24"
"A106080","케이이엠텍","12","0","KOSDAQ","0","76.72","","76.72"
"A106190","하이텍팜","12","0","KOSDAQ","-2.66","90.74","","93.22"
"A106240","파인테크닉스","12","0","KOSDAQ","-1.2","560.39","","567.16"
"A106520","노블엠앤비","12","0","KOSDAQ","3.91","106.89","","102.87"
"A107590","미원홀딩스","12","0","KOSPI","1.47","321.32","","316.68"
"A107600","새빗켐","12","0","외감","","","",""
"A107640","한중엔시에스","12","0","KONEX","0","39.16","","39.16"
"A108230","톱텍","12","0","KOSDAQ","4.42","314.07","","300.76"
"A108320","LX세미콘","12","0","KOSDAQ","2.68","1997.26","","1945.21"
"A108380","대양전기공업","12","0","KOSDAQ","-0.98","144.95","","146.38"
"A108490","로보티즈","12","0","KOSDAQ","5.05","307.91","","293.1"
"A108670","LX하우시스","12","0","KOSPI","3.28","507.57","","491.43"
"A108860","셀바스AI","12","0","KOSDAQ","2.03","177.55","","174.02"
"A109070","주성코퍼레이션","12","0","KOSPI","0","71.95","","71.95"
"A109080","옵티시스","12","0","KOSDAQ","1.96","87.92","","86.23"
"A109610","에스와이","12","0","KOSDAQ","0","180.47","","180.47"
"A109670","씨싸이트","12","0","외감","","","",""
"A109740","디에스케이","12","0","KOSDAQ","0.27","204.04","","203.5"
"A109820","진매트릭스","12","0","KOSDAQ","0","134.39","","134.39"
"A109860","동일금속","12","0","KOSDAQ","-0.29","155.16","","155.61"
"A109960","앱토크롬","12","0","KOSDAQ","0.86","104.18","","103.29"
"A110020","전진바이오팜","12","0","KOSDAQ","2.75","32.02","","31.17"
"A110790","크리스에프앤씨","12","0","KOSDAQ","0.75","472.13","","468.62"
"A110990","디아이티","12","0","KOSDAQ","0.34","166.7","","166.13"
"A111110","호전실업","12","0","KOSPI","1.84","94.56","","92.85"
"A111380","동인기연","12","0","외감","","","",""
"A111710","남화산업","12","0","KOSDAQ","0.85","170.26","","168.82"
"A111770","영원무역","12","1","KOSPI","0","1741.44","","1741.44"
"A112040","위메이드","12","0","KOSDAQ","1.97","3471.5","","3404.35"
"A112290","와이씨켐","12","0","외감","","","",""
"A112610","씨에스윈드","12","1","KOSPI","3.24","2686.32","","2601.98"
"A113810","디젠스","12","0","KOSDAQ","2.5","25.38","","24.76"
"A114090","GKL","12","1","KOSPI","2.92","872.16","","847.42"
"A114190","강원에너지","12","0","KOSDAQ","0","65.31","","65.31"
"A114450","그린생명과학","12","0","KOSDAQ","2.99","93.15","","90.45"
"A114630","폴라리스우노","12","0","KOSDAQ","0","56.6","","56.6"
"A114810","한솔아이원스","12","0","KOSDAQ","3.22","291.76","","282.66"
"A114840","아이패밀리에스씨","12","0","KOSDAQ","0.78","105.89","","105.07"
"A115160","휴맥스","12","0","KOSDAQ","1.6","181.7","","178.84"
"A115180","큐리언트","12","0","KOSDAQ","0","269.17","","269.17"
"A115310","인포바인","12","0","KOSDAQ","1.32","73.76","","72.8"
"A115440","우리넷","12","0","KOSDAQ","0.11","82.83","","82.74"
"A115450","HLB테라퓨틱스","12","0","KOSDAQ","0.37","421.46","","419.89"
"A115480","씨유메디칼","12","0","KOSDAQ","0.43","52.82","","52.59"
"A115500","케이씨에스","12","0","KOSDAQ","0.69","87.24","","86.64"
"A115530","씨엔플러스","12","0","KOSDAQ","0","57.02","","57.02"
"A115570","스타플렉스","12","0","KOSDAQ","0.53","37.93","","37.73"
"A115610","이미지스","12","0","KOSDAQ","-12.26","28.51","","32.5"
"A117580","대성에너지","12","0","KOSPI","-2.44","385","","394.63"
"A117670","알파칩스","12","0","KOSDAQ","-0.36","62.81","","63.03"
"A117730","티로보틱스","12","0","KOSDAQ","6.63","129.64","","121.58"
"A118000","메타케어","12","0","KOSPI","1.15","106.94","","105.72"
"A118990","모트렉스","12","0","KOSDAQ","2.47","239.79","","234.01"
"A119500","포메탈","12","0","KOSDAQ","1.17","71.79","","70.96"
"A119610","인터로조","12","0","KOSDAQ","2.88","370.21","","359.84"
"A119650","KC코트렐","12","0","KOSPI","0.86","103.49","","102.61"
"A119830","아이텍","12","0","KOSDAQ","0.48","163.09","","162.32"
"A119850","지엔씨에너지","12","0","KOSDAQ","-1.76","82.74","","84.22"
"A120030","조선선재","12","0","KOSPI","1.36","140.86","","138.97"
"A120110","코오롱인더","12","1","KOSPI","1.42","1574.09","","1552.08"
"A120240","대정화금","12","0","KOSDAQ","-1.79","137.7","","140.21"
"A121440","골프존홀딩스","12","0","KOSDAQ","1.35","354.69","","349.98"
"A121600","나노신소재","12","0","KOSDAQ","1.52","580.39","","571.71"
"A121800","비덴트","12","0","KOSDAQ","7.23","864.14","","805.86"
"A121850","코이즈","12","0","KOSDAQ","-2.44","76.34","","78.25"
"A121890","에스디시스템","12","0","KOSDAQ","0","7.1","","7.1"
"A122310","제노레이","12","0","KOSDAQ","0","146.99","","146.99"
"A122350","삼기","12","0","KOSDAQ","2.2","169.46","","165.82"
"A122450","KX","12","0","KOSDAQ","0.13","339.57","","339.11"
"A122640","예스티","12","0","KOSDAQ","2.34","189.34","","185.02"
"A122690","서진오토모티브","12","0","KOSDAQ","-3.19","65.27","","67.42"
"A122870","와이지엔터테인먼트","12","0","KOSDAQ","5.02","1235.91","","1176.88"
"A122900","아이마켓코리아","12","0","KOSPI","1.93","335.96","","329.61"
"A122990","와이솔","12","0","KOSDAQ","1.46","294.55","","290.33"
"A123010","알엔티엑스","12","0","KOSDAQ","-1.79","94.91","","96.64"
"A123040","엠에스오토텍","12","0","KOSDAQ","1.49","238.08","","234.59"
"A123330","제닉","12","0","KOSDAQ","-3.24","37.59","","38.85"
"A123410","코리아에프티","12","0","KOSDAQ","1.11","88.67","","87.7"
"A123420","위메이드플레이","12","0","KOSDAQ","2.26","285.6","","279.29"
"A123570","이엠넷","12","0","KOSDAQ","0","133.43","","133.43"
"A123690","한국화장품","12","0","KOSPI","2.67","136.1","","132.56"
"A123700","SJM","12","0","KOSPI","2.38","67.18","","65.62"
"A123750","알톤","12","0","KOSDAQ","1.59","61.18","","60.23"
"A123840","뉴온","12","0","KOSDAQ","2.09","68.75","","67.34"
"A123860","아나패스","12","0","KOSDAQ","0","279.97","","279.97"
"A123890","한국자산신탁","12","0","KOSPI","3.98","485.37","","466.78"
"A124500","아이티센글로벌","12","0","KOSDAQ","-0.39","101.73","","102.12"
"A124560","태웅로직스","12","0","KOSDAQ","-1.66","162.35","","165.09"
"A125020","티씨머티리얼즈","12","0","외감","","","",""
"A125210","아모그린텍","12","0","KOSDAQ","3.96","173.22","","166.62"
"A125490","한라캐스트","12","0","외감","","","",""
"A126340","비나텍","12","0","KOSDAQ","0","194.19","","194.19"
"A126560","현대퓨처넷","12","0","KOSPI","1.68","409.18","","402.41"
"A126600","BGF에코머티리얼즈","12","0","KOSDAQ","0.64","193.21","","191.97"
"A126640","화신정공","12","0","KOSDAQ","1.09","67.29","","66.56"
"A126700","하이비젼시스템","12","0","KOSDAQ","1.05","288.38","","285.39"
"A126720","수산인더스트리","12","0","외감","","","",""
"A126730","코칩","12","0","외감","","","",""
"A126880","제이엔케이글로벌","12","0","KOSDAQ","9.55","146.42","","133.66"
"A127120","제이에스링크","12","0","KOSDAQ","0.47","52.38","","52.13"
"A127710","아시아경제","12","0","KOSDAQ","4.2","90.02","","86.39"
"A127980","화인써키트","12","0","외감","","","",""
"A128540","에코캡","12","0","KOSDAQ","1.11","119.82","","118.51"
"A128660","피제이메탈","12","0","KOSDAQ","-5.04","144.85","","152.54"
"A128820","대성산업","12","0","KOSPI","-4.04","209.67","","218.49"
"A128940","한미약품","12","1","KOSPI","1.5","3338.17","","3288.9"
"A129260","인터지스","12","0","KOSPI","2.41","94.75","","92.52"
"A129890","앱코","12","0","KOSDAQ","1.9","157.83","","154.88"
"A129920","대성하이텍","12","0","외감","","","",""
"A130500","GH신소재","12","0","KOSDAQ","-0.17","86.11","","86.25"
"A130580","나이스디앤비","12","0","KOSDAQ","0.73","148.15","","147.07"
"A130660","한전산업","12","0","KOSPI","0","415.65","","415.65"
"A130740","티피씨글로벌","12","0","KOSDAQ","-3.21","40.82","","42.17"
"A131030","옵투스제약","12","0","KOSDAQ","0","120.76","","120.76"
"A131090","시큐브","12","0","KOSDAQ","1.5","56.7","","55.86"
"A131100","티엔엔터테인먼트","12","0","KOSDAQ","0","36.91","","36.91"
"A131180","딜리","12","0","KOSDAQ","2.75","60.31","","58.7"
"A131220","대한과학","12","0","KOSDAQ","8.15","65.3","","60.38"
"A131290","티에스이","12","0","KOSDAQ","1.56","648.2","","638.24"
"A131370","알서포트","12","0","KOSDAQ","2.37","321.73","","314.28"
"A131400","이브이첨단소재","12","0","KOSDAQ","6.03","69.96","","65.98"
"A131760","파인텍","12","0","KOSDAQ","1.93","56.66","","55.59"
"A131970","두산테스나","12","0","KOSDAQ","2.9","628.02","","610.31"
"A133750","메가엠디","12","0","KOSDAQ","3.08","86.26","","83.68"
"A133820","화인베스틸","12","0","KOSPI","0.15","95.74","","95.59"
"A134060","이퓨쳐","12","0","KOSDAQ","0.42","34.58","","34.43"
"A134380","미원화학","12","0","KOSPI","-0.28","157.47","","157.91"
"A134580","탑코미디어","12","0","KOSDAQ","4.87","93.24","","88.91"
"A134790","시디즈","12","0","KOSPI","0.51","117.4","","116.8"
"A136150","원일티엔아이","12","0","외감","","","",""
"A136410","아셈스","12","0","KOSDAQ","-1.83","117.9","","120.11"
"A136480","하림","12","0","KOSDAQ","0.17","314.38","","313.85"
"A136490","선진","12","0","KOSPI","0","247.31","","247.31"
"A136540","윈스테크넷","12","0","KOSDAQ","-0.94","218.91","","220.99"
"A137080","나래나노텍","12","0","KOSDAQ","-0.39","141.01","","141.56"
"A137310","에스디바이오센서","12","0","KOSPI","3.14","5772.87","","5597.31"
"A137400","피엔티","12","0","KOSDAQ","3.97","1101.81","","1059.74"
"A137940","넥스트아이","12","0","KOSDAQ","-0.4","97.12","","97.51"
"A137950","제이씨케미칼","12","0","KOSDAQ","0.11","201.3","","201.08"
"A138040","메리츠금융지주","12","1","KOSPI","-0.47","4228.06","","4248.16"
"A138070","신진에스엠","12","0","KOSDAQ","6.87","60.02","","56.17"
"A138080","오이솔루션","12","0","KOSDAQ","4.28","297.47","","285.26"
"A138360","앤로보틱스","12","0","KOSDAQ","0","155.06","","155.06"
"A138610","나이벡","12","0","KOSDAQ","1.23","203.51","","201.03"
"A138930","BNK금융지주","12","1","KOSPI","2.18","2441.25","","2389.11"
"A139130","iM금융지주","12","0","KOSPI","2.04","1522.31","","1491.87"
"A139480","이마트","12","1","KOSPI","2.29","3735.36","","3651.73"
"A139670","키네마스터","12","0","KOSDAQ","1.03","199.81","","197.78"
"A139990","아주스틸","12","0","KOSPI","0.32","411.33","","410.01"
"A140070","서플러스글로벌","12","0","KOSDAQ","0.99","150.73","","149.25"
"A140410","메지온","12","0","KOSDAQ","3.86","1507.83","","1451.75"
"A140430","카티스","12","0","외감","","","",""
"A140520","대창스틸","12","0","KOSDAQ","3.94","78","","75.04"
"A140670","알에스오토메이션","12","0","KOSDAQ","2.28","125.13","","122.34"
"A140860","파크시스템스","12","0","KOSDAQ","2.54","808.05","","788.04"
"A141000","비아트론","12","0","KOSDAQ","-0.97","123.57","","124.78"
"A141080","리가켐바이오","12","0","KOSDAQ","7.28","1160.85","","1082.09"
"A142210","유니트론텍","12","0","KOSDAQ","1.82","77.38","","75.99"
"A142280","녹십자엠에스","12","0","KOSDAQ","-1.62","179.71","","182.66"
"A142760","모아라이프플러스","12","0","KOSDAQ","2.44","252.1","","245.73"
"A143160","아이디스","12","0","KOSDAQ","0.42","255.05","","253.98"
"A143210","핸즈코퍼레이션","12","0","KOSPI","0","106.8","","106.8"
"A143240","사람인","12","0","KOSDAQ","1.28","462.87","","457.04"
"A143540","영우디에스피","12","0","KOSDAQ","1.81","87.86","","86.3"
"A144510","지씨셀","12","0","KOSDAQ","3.84","1110.76","","1069.68"
"A144960","뉴파워프라즈마","12","0","KOSDAQ","1.57","255.16","","251.23"
"A145020","휴젤","12","0","KOSDAQ","2.6","1759.97","","1715.39"
"A145170","노브랜드","12","0","외감","","","",""
"A145210","다이나믹디자인","12","0","KOSPI","1.02","31.5","","31.18"
"A145720","덴티움","12","0","KOSPI","-3.55","781.46","","810.24"
"A145990","삼양사","12","0","KOSPI","1.96","535.27","","524.95"
"A146060","율촌","12","0","외감","","","",""
"A146320","비씨엔씨","12","0","KOSDAQ","1.52","248.6","","244.88"
"A147760","피엠티","12","0","KOSDAQ","2.12","72.93","","71.41"
"A147830","제룡산업","12","0","KOSDAQ","2.52","69.2","","67.5"
"A148150","세경하이테크","12","0","KOSDAQ","0","268.09","","268.09"
"A148250","알엔투테크놀로지","12","0","KOSDAQ","0","89.78","","89.78"
"A148780","비큐AI","12","0","KONEX","2.25","59.58","","58.27"
"A148930","에이치와이티씨","12","0","외감","","","",""
"A149950","아바텍","12","0","KOSDAQ","1.06","296.54","","293.42"
"A149980","하이로닉","12","0","KOSDAQ","4.12","131.99","","126.76"
"A150900","파수AI","12","0","KOSDAQ","1.68","105.83","","104.09"
"A151860","KG에코솔루션","12","0","KOSDAQ","7.88","468","","433.8"
"A153460","네이블","12","0","KOSDAQ","0.89","51.59","","51.13"
"A153490","우리이앤엘하루틴","12","0","KOSDAQ","1.95","80.82","","79.28"
"A153710","옵티팜","12","0","KOSDAQ","-5.99","141.96","","151"
"A154030","아시아종묘","12","0","KOSDAQ","-2.41","60.22","","61.7"
"A154040","다산솔루에타","12","0","KOSDAQ","0.17","40.85","","40.78"
"A155650","와이엠씨","12","0","KOSDAQ","1.09","130.23","","128.83"
"A155660","DSR","12","0","KOSPI","-0.36","88.64","","88.96"
"A156100","엘앤케이바이오","12","0","KOSDAQ","-0.56","117.86","","118.53"
"A158430","아톤","12","0","KOSDAQ","1.55","142.58","","140.4"
"A159010","아스플로","12","0","KOSDAQ","0.75","90.01","","89.34"
"A159580","제로투세븐","12","0","KOSDAQ","4.24","172.28","","165.27"
"A159910","에코글로우","12","0","KOSDAQ","0","93.14","","93.14"
"A160190","하이젠알앤엠","12","0","외감","","","",""
"A160550","NEW","12","0","KOSDAQ","0.45","313.94","","312.55"
"A160980","싸이맥스","12","0","KOSDAQ","2.17","180.25","","176.43"
"A161000","애경케미칼","12","0","KOSPI","0","488.92","","488.92"
"A161390","한국타이어앤테크놀로지","12","1","KOSPI","1.66","4174.59","","4106.46"
"A161580","필옵틱스","12","0","KOSDAQ","1.18","180.2","","178.1"
"A161890","한국콜마","12","1","KOSPI","5.28","1003.34","","953"
"A162300","신스틸","12","0","외감","","","",""
"A163280","에어레인","12","0","외감","","","",""
"A163560","동일고무벨트","12","0","KOSPI","0.88","95.49","","94.66"
"A163730","핑거","12","0","KOSDAQ","2.55","167.23","","163.07"
"A166090","하나머티리얼즈","12","0","KOSDAQ","2.99","1021.21","","991.58"
"A166480","코아스템켐온","12","0","KOSDAQ","0","234.86","","234.86"
"A168330","내츄럴엔도텍","12","0","KOSDAQ","-1.11","194.85","","197.03"
"A168360","펨트론","12","0","외감","","","",""
"A169330","엠브레인","6","0","KOSDAQ","0.61","44.17","","43.9"
"A170030","현대공업","12","0","KOSDAQ","0.46","100.32","","99.86"
"A170790","파이오링크","12","0","KOSDAQ","2.39","102.84","","100.45"
"A170900","동아에스티","12","0","KOSPI","0.59","576.89","","573.51"
"A170920","엘티씨","12","0","KOSDAQ","1.36","89.82","","88.61"
"A171010","램테크놀러지","12","0","KOSDAQ","2.92","94.5","","91.81"
"A171090","선익시스템","12","0","KOSDAQ","0.62","149.86","","148.94"
"A171120","라이온켐텍","12","0","KOSDAQ","1.37","154.17","","152.09"
"A172670","에이엘티","12","0","외감","","","",""
"A173130","오파스넷","12","0","KOSDAQ","-1.09","43.05","","43.53"
"A173940","에프엔씨엔터","12","0","KOSDAQ","3.64","131.01","","126.41"
"A174900","앱클론","12","0","KOSDAQ","6.54","211.6","","198.61"
"A175140","아고스","12","0","KOSDAQ","0.12","51.78","","51.71"
"A175250","아이큐어","12","0","KOSDAQ","-1.09","256.93","","259.77"
"A175330","JB금융지주","12","0","KOSPI","1.64","1591.62","","1566.01"
"A176750","듀켐바이오","12","0","KONEX","0.25","215.35","","214.82"
"A177350","베셀","12","0","KOSDAQ","-0.11","52.37","","51.58"
"A177830","파버나인","12","0","KOSDAQ","-0.31","68.65","","68.86"
"A177900","쓰리에이로직스","12","0","외감","","","",""
"A178320","서진시스템","12","0","KOSDAQ","1.05","631.35","","624.78"
"A178780","일월지엠엘","12","0","KOSDAQ","0","60.24","","60.24"
"A178920","PI첨단소재","12","1","KOSPI","3.17","1336.17","","1295.05"
"A179290","엠아이텍","12","0","KOSDAQ","6.25","212.79","","200.27"
"A179530","애드바이오텍","12","0","KOSDAQ","0.21","44.51","","44.42"
"A179900","유티아이","12","0","KOSDAQ","0","212.31","","212.31"
"A180400","DXVX","12","0","KOSDAQ","0","222.08","","222.08"
"A180640","한진칼","12","1","KOSPI","4.78","3511.64","","3351.42"
"A181710","NHN","12","0","KOSPI","4.6","1365.65","","1305.62"
"A182360","큐브엔터","12","0","KOSDAQ","1.63","258.15","","254.01"
"A182400","엔케이젠바이오텍코리아","12","0","KOSDAQ","2.51","629.79","","614.38"
"A183190","아세아시멘트","12","0","KOSPI","5.65","619.43","","586.32"
"A183300","코미코","12","0","KOSDAQ","2.55","524.07","","511.04"
"A183490","엔지켐생명과학","12","0","KOSDAQ","1.4","271.6","","267.85"
"A184230","SGA솔루션즈","12","0","KOSDAQ","0.75","61.88","","61.41"
"A185490","아이진","12","0","KOSDAQ","0.82","262.33","","260.19"
"A185750","종근당","12","1","KOSPI","2.07","1182.02","","1158.04"
"A186230","그린플러스","12","0","KOSDAQ","-0.35","153.65","","154.19"
"A187220","디티앤씨","12","0","KOSDAQ","0.68","82.93","","82.37"
"A187270","신화콘텍","12","0","KOSDAQ","3.97","43.87","","42.2"
"A187420","HLB제넥스","12","0","KOSDAQ","1.19","153.44","","151.64"
"A187660","페니트리움바이오","12","0","KOSDAQ","-4.07","128.62","","134.07"
"A187790","나노","12","0","KOSDAQ","-0.3","45.61","","45.74"
"A187870","디바이스","12","0","KOSDAQ","1.11","160.43","","158.68"
"A188040","바이오포트","12","0","외감","","","",""
"A188260","세니젠","12","0","외감","","","",""
"A189300","인텔리안테크","12","0","KOSDAQ","1.57","710.82","","699.8"
"A189330","씨이랩","12","0","KOSDAQ","2.34","131.7","","128.68"
"A189690","포시에스","6","0","KOSDAQ","3.15","79.45","","77.02"
"A189860","서전기전","12","0","KOSDAQ","1.31","90.1","","88.94"
"A189980","흥국에프엔비","12","0","KOSDAQ","-3.4","147.79","","152.99"
"A190510","나무가","12","0","KOSDAQ","1.92","145.67","","142.92"
"A190650","코리아에셋투자증권","3","0","KOSDAQ","4.69","85.6","","81.77"
"A191410","육일씨엔에쓰","12","0","KOSDAQ","-0.25","38.95","","39.04"
"A191420","테고사이언스","12","0","KOSDAQ","1.39","148.39","","146.36"
"A192080","더블유게임즈","12","1","KOSPI","1.61","929.75","","915.05"
"A192250","케이사인","12","0","KOSDAQ","1","178.8","","177.03"
"A192390","윈하이텍","12","0","KOSDAQ","3.54","35.86","","34.63"
"A192400","쿠쿠홀딩스","12","1","KOSPI","4.11","631.23","","606.34"
"A192410","오늘이엔엠","12","0","KOSDAQ","2.23","79.7","","77.97"
"A192440","슈피겐코리아","12","0","KOSDAQ","5.41","278.8","","264.51"
"A192650","드림텍","12","0","KOSPI","2.44","680.97","","664.76"
"A192820","코스맥스","12","1","KOSPI","4.88","952.22","","907.96"
"A193250","링크드","12","0","KOSDAQ","1.38","147.25","","145.25"
"A194370","제이에스코퍼레이션","12","0","KOSPI","-0.42","314.72","","316.05"
"A194480","데브시스터즈","12","0","KOSDAQ","5.72","677.07","","640.44"
"A194700","노바렉스","12","0","KOSDAQ","0.47","381.76","","379.96"
"A195500","마니커에프앤지","12","0","KOSDAQ","0.58","68.49","","68.09"
"A195870","해성디에스","12","0","KOSPI","0.62","826.2","","821.1"
"A195940","HK이노엔","12","0","KOSDAQ","5.39","1271.8","","1206.76"
"A195990","루트K","12","0","KOSDAQ","-1.61","190.76","","193.88"
"A196170","알테오젠","12","0","KOSDAQ","5.67","2521.88","","2386.47"
"A196300","HLB펩","12","0","KOSDAQ","3.81","61.07","","58.83"
"A196450","코아시아씨엠","12","0","KOSDAQ","-0.22","91.95","","92.15"
"A196490","디에이테크놀로지","12","0","KOSDAQ","1.21","140.72","","139.04"
"A196700","웹스","12","0","KOSDAQ","19.56","65.86","","55.09"
"A197140","디지캡","12","0","KOSDAQ","-0.76","35.5","","35.77"
"A198080","캐프","12","0","KOSDAQ","0.18","60.51","","60.41"
"A198440","강동씨앤엘","12","0","KOSDAQ","5.6","132.72","","125.68"
"A198940","한주라이트메탈","12","0","외감","","","",""
"A199430","케이엔알시스템","12","0","외감","","","",""
"A199480","뱅크웨어글로벌","12","0","외감","","","",""
"A199550","레이저옵텍","12","0","외감","","","",""
"A199730","바이오인프라","12","0","외감","","","",""
"A199800","툴젠","12","0","KOSDAQ","9.89","575.58","","523.76"
"A199820","제일일렉트릭","12","0","KOSDAQ","3.27","157.76","","152.76"
"A200130","콜마비앤에이치","12","0","KOSDAQ","3.27","1026.64","","994.14"
"A200230","텔콘RF제약","12","0","KOSDAQ","1.39","218.8","","215.8"
"A200350","아티스트스튜디오","12","0","KOSDAQ","-4.95","125.91","","132.47"
"A200470","에이팩트","12","0","KOSDAQ","1.97","95.52","","93.67"
"A200670","휴메딕스","12","0","KOSDAQ","-1.63","210.89","","214.38"
"A200710","에이디테크놀로지","12","0","KOSDAQ","1.39","243.94","","240.6"
"A200780","비씨월드제약","12","0","KOSDAQ","1.16","116.05","","114.71"
"A200880","서연이화","12","0","KOSPI","2.64","178.93","","174.33"
"A201490","미투온","12","0","KOSDAQ","7.82","185.36","","171.92"
"A203400","에이비온","12","0","KOSDAQ","1.11","187.7","","185.64"
"A203450","유니온바이오메트릭스","12","0","KOSDAQ","-1.17","49.62","","50.2"
"A203650","드림시큐리티","12","0","KOSDAQ","1.48","208.75","","205.71"
"A203690","아크솔루션스","12","0","KOSDAQ","1.8","116.6","","114.53"
"A204020","그리티","12","0","KOSDAQ","-0.92","54.3","","54.8"
"A204270","제이앤티씨","12","0","KOSDAQ","3.4","369.07","","356.93"
"A204320","HL만도","12","1","KOSPI","0.56","2098.98","","2087.24"
"A204610","티쓰리","12","0","외감","","","",""
"A204620","글로벌텍스프리","12","0","KOSDAQ","5.57","170.82","","161.81"
"A204840","지엘팜텍","12","0","KOSDAQ","-3.24","51.77","","53.5"
"A205100","엑셈","12","0","KOSDAQ","1.84","135.96","","133.5"
"A205470","휴마시스","12","0","KOSDAQ","0.8","643.41","","638.27"
"A205500","넥써쓰","12","0","KOSDAQ","4.17","165.86","","159.23"
"A206400","베노티앤알","12","0","KOSDAQ","1.64","118.9","","116.99"
"A206560","덱스터","12","0","KOSDAQ","1.5","516.91","","509.29"
"A206640","바디텍메드","12","0","KOSDAQ","0.65","364.04","","361.69"
"A206650","유바이오로직스","12","0","KOSDAQ","3.54","901.73","","870.88"
"A207760","미스터블루","12","0","KOSDAQ","1.63","201.31","","198.09"
"A207940","삼성바이오로직스","12","1","KOSPI","3.12","52468.85","","50880.89"
"A208140","정다운","12","0","KOSDAQ","0","80.4","","80.4"
"A208350","지란지교시큐리티","12","0","KOSDAQ","0.39","42.86","","42.7"
"A208370","셀바스헬스케어","12","0","KOSDAQ","5.48","68.84","","65.26"
"A208640","썸에이지","12","0","KOSDAQ","5.34","310.23","","294.51"
"A208710","포톤","12","0","KOSDAQ","-0.25","82.66","","82.86"
"A208860","다산디엠씨","12","0","KOSDAQ","0","25.23","","25.23"
"A209640","와이제이링크","12","0","외감","","","",""
"A210120","캔버스엔","12","0","KONEX","-0.32","29.94","","30.04"
"A210540","디와이파워","12","0","KOSPI","2.54","156.24","","152.38"
"A210980","SK디앤디","12","0","KOSPI","1.97","690.11","","676.8"
"A211050","인카금융서비스","12","0","KOSDAQ","-0.39","66.28","","66.54"
"A211270","AP위성","12","0","KOSDAQ","1.47","208.89","","205.87"
"A212560","네오오토","12","0","KOSDAQ","4.55","52.45","","50.16"
"A212710","아이에스티이","12","0","외감","","","",""
"A213420","덕산네오룩스","12","0","KOSDAQ","2.88","1021.8","","993.25"
"A213500","한솔제지","12","0","KOSPI","1.23","293.94","","290.37"
"A214150","클래시스","12","0","KOSDAQ","0.52","1250.19","","1243.71"
"A214180","헥토이노베이션","12","0","KOSDAQ","-0.57","230.01","","231.34"
"A214260","라파스","12","0","KOSDAQ","3.08","273","","264.83"
"A214270","FSN","12","0","KOSDAQ","3.37","205.38","","198.68"
"A214320","이노션","12","0","KOSPI","-0.52","965","","970"
"A214330","금호에이치티","12","0","KOSPI","0","340.06","","340.06"
"A214370","케어젠","12","0","KOSDAQ","-0.9","594.09","","599.46"
"A214390","경보제약","12","0","KOSPI","0.66","217.31","","215.88"
"A214420","토니모리","12","0","KOSPI","4.98","106.44","","101.39"
"A214430","아이쓰리시스템","12","0","KOSDAQ","1.84","137.87","","135.38"
"A214450","파마리서치","12","0","KOSDAQ","3.05","887.83","","861.54"
"A214610","롤링스톤","12","0","KOSDAQ","1.97","132.83","","130.27"
"A214680","디알텍","12","0","KOSDAQ","-1","84.33","","85.18"
"A215000","골프존","12","0","KOSDAQ","0","922.49","","922.49"
"A215090","솔디펜스","12","0","KOSDAQ","0","120.84","","120.84"
"A215100","로보로보","12","0","KOSDAQ","4.6","212.64","","203.28"
"A215200","메가스터디교육","12","0","KOSDAQ","6.5","1068.76","","1003.52"
"A215360","우리산업","12","0","KOSDAQ","0.58","159.36","","158.44"
"A215380","콜마바이오텍","12","0","KOSDAQ","0","66.81","","66.81"
"A215480","토박스코리아","12","0","KOSDAQ","0","62.74","","62.74"
"A215600","신라젠","12","0","KOSDAQ","0","1244.69","","1244.69"
"A215790","이노인스트루먼트","12","0","KOSDAQ","1.97","72.91","","71.5"
"A216050","인크로스","12","0","KOSDAQ","0.12","337.58","","337.18"
"A216080","제테마","12","0","KOSDAQ","3.33","330.45","","319.79"
"A217190","제너셈","12","0","KOSDAQ","0.22","80.68","","80.5"
"A217270","넵튠","12","0","KOSDAQ","1.55","623.56","","614.01"
"A217330","싸이토젠","12","0","KOSDAQ","0.35","338.72","","337.54"
"A217480","에스디생명공학","12","0","KOSDAQ","1.46","70.05","","69.04"
"A217500","러셀","12","0","KOSDAQ","1.23","130.43","","128.84"
"A217590","티엠씨","12","0","외감","","","",""
"A217730","강스템바이오텍","12","0","KOSDAQ","2.16","116.47","","114"
"A217820","원익피앤이","12","0","KOSDAQ","1.09","106.38","","105.23"
"A218150","미래생명자원","12","0","KOSDAQ","7.51","171.03","","159.08"
"A218410","RFHIC","12","0","KOSDAQ","1.99","754.45","","739.77"
"A219130","타이거일렉","12","0","KOSDAQ","-0.88","107.03","","107.97"
"A219420","링크제니시스","12","0","KOSDAQ","1.09","84.99","","84.07"
"A219550","디와이디","12","0","KOSDAQ","-4.05","41.75","","43.51"
"A219750","한국비티비","12","0","KOSDAQ","-4.84","14.64","","14.04"
"A220100","퓨쳐켐","12","0","KOSDAQ","2.03","206.05","","201.96"
"A220180","폴라리스AI핸디","12","0","KOSDAQ","2.35","71.81","","70.16"
"A220260","켐트로스","12","0","KOSDAQ","0.32","247.52","","246.73"
"A221800","지구홀딩스","12","0","KONEX","0.8","79.17","","78.54"
"A221840","하이즈항공","12","0","KOSDAQ","0.21","83.97","","83.79"
"A221980","케이디켐","12","0","KOSDAQ","0.94","65.16","","64.56"
"A222040","코스맥스엔비티","12","0","KOSDAQ","-2.44","115.52","","118.4"
"A222080","SFA넥셀","12","0","KOSDAQ","3.47","915.42","","884.7"
"A222110","팬젠","12","0","KOSDAQ","-0.12","90.65","","90.76"
"A222160","NPX","12","0","KOSDAQ","-0.75","64.83","","65.31"
"A222420","쎄노텍","12","0","KOSDAQ","-0.29","67.87","","68.07"
"A222800","심텍","12","0","KOSDAQ","2.79","1640.49","","1595.89"
"A222980","한국맥널티","12","0","KOSDAQ","-1.15","72.16","","73.01"
"A223250","드림씨아이에스","12","0","KOSDAQ","0.45","62.53","","62.25"
"A223310","사토시홀딩스","12","0","KOSDAQ","0","44.27","","44.27"
"A224060","더코디","12","0","KOSDAQ","0.56","49.28","","49"
"A224110","에이텍모빌리티","12","0","KOSDAQ","-13.58","56.07","","64.88"
"A225190","LK삼양","12","0","KOSDAQ","0.91","112.33","","111.32"
"A225220","제놀루션","12","0","KOSDAQ","1.98","122.94","","120.55"
"A225430","케이엠제약","12","0","KOSDAQ","0.79","53.26","","52.85"
"A225530","HC보광산업","12","0","KOSDAQ","2.07","268.18","","262.73"
"A225570","넥슨게임즈","12","0","KOSDAQ","4.02","634.86","","610.33"
"A225590","패션플랫폼","12","0","KOSDAQ","4.74","53.01","","50.61"
"A226320","잇츠한불","12","0","KOSPI","1.23","449.55","","444.07"
"A226330","신테카바이오","12","0","KOSDAQ","-1.08","184.95","","186.98"
"A226340","본느","12","0","KOSDAQ","0.22","71.38","","71.22"
"A226400","오스테오닉","12","0","KOSDAQ","4.03","53.13","","51.08"
"A226590","엠디바이스","12","0","외감","","","",""
"A226950","올릭스","12","0","KOSDAQ","2.59","380.26","","370.67"
"A227100","프로브잇","12","0","KOSDAQ","-1.43","74.53","","75.61"
"A227610","아우딘퓨쳐스","12","0","KOSDAQ","0.31","35.49","","35.38"
"A227840","현대코퍼레이션홀딩스","12","0","KOSPI","0.47","96.92","","96.47"
"A227950","엔투텍","12","0","KOSDAQ","0.87","156.27","","154.92"
"A228340","동양파일","12","0","KOSDAQ","0.1","99.6","","99.5"
"A228670","레이","12","0","KOSDAQ","-0.43","307.38","","308.71"
"A228760","지노믹트리","12","0","KOSDAQ","0.46","221.57","","220.55"
"A228850","레이언스","12","0","KOSDAQ","0.43","191.63","","190.8"
"A229000","젠큐릭스","12","0","KOSDAQ","3.05","88.54","","85.92"
"A229640","LS에코에너지","12","0","KOSPI","0.78","237.04","","235.2"
"A230240","에치에프알","12","0","KOSDAQ","2.32","369.07","","360.7"
"A230360","에코마케팅","12","0","KOSDAQ","1.9","515.98","","506.33"
"A232140","와이씨","12","0","KOSDAQ","0.96","430.74","","426.64"
"A232680","라온로보틱스","12","0","KOSDAQ","2.09","180.89","","177.19"
"A232830","아이티센피엔에스","12","0","KONEX","2.26","30.14","","29.48"
"A234030","싸이닉솔루션","12","0","외감","","","",""
"A234080","JW생명과학","12","0","KOSPI","2.05","235.93","","231.18"
"A234100","폴라리스세원","12","0","KOSDAQ","0.74","114.01","","113.17"
"A234300","에스트래픽","12","0","KOSDAQ","3.3","109.5","","106"
"A234340","헥토파이낸셜","12","0","KOSDAQ","0.38","249.56","","248.61"
"A234690","녹십자웰빙","12","0","KOSDAQ","0.66","162.61","","161.55"
"A234920","자이글","12","0","KOSDAQ","3.67","45.87","","44.25"
"A235980","메드팩토","12","0","KOSDAQ","4.78","754.62","","720.18"
"A236200","슈프리마","12","0","KOSDAQ","0.8","180.55","","179.11"
"A236810","엔비티","12","0","KOSDAQ","3.66","156.17","","150.66"
"A237690","에스티팜","12","0","KOSDAQ","1.72","1890.28","","1858.31"
"A237750","피앤씨테크","12","0","KOSDAQ","-0.15","43.59","","43.66"
"A237820","플레이디","12","0","KOSDAQ","2.1","93.38","","91.46"
"A237880","클리오","12","0","KOSDAQ","3.08","408.42","","396.2"
"A238090","앤디포스","12","0","KOSDAQ","1.03","186.01","","184.12"
"A238120","얼라인드","12","0","KOSDAQ","0.13","57.52","","57.44"
"A238200","비피도","12","0","KOSDAQ","-0.12","68.38","","68.47"
"A238490","힘스","12","0","KOSDAQ","0.21","107.13","","106.9"
"A239340","이스트에이드","12","0","KOSDAQ","5.42","123.3","","116.96"
"A239610","에이치엘사이언스","12","0","KOSDAQ","-0.53","152.87","","153.68"
"A239890","피엔에이치테크","12","0","KOSDAQ","0.38","245.36","","244.44"
"A240550","동방메디컬","12","0","외감","","","",""
"A240600","유진테크놀로지","12","0","외감","","","",""
"A240810","원익IPS","12","0","KOSDAQ","2.66","1796.47","","1749.84"
"A241520","DSC인베스트먼트","12","0","KOSDAQ","1.76","161.03","","158.25"
"A241560","두산밥캣","12","1","KOSPI","1.92","3729.27","","3659.09"
"A241590","화승엔터프라이즈","12","1","KOSPI","-4.03","866.22","","902.57"
"A241690","유니테크노","12","0","KOSDAQ","-0.12","212.1","","212.35"
"A241710","코스메카코리아","12","0","KOSDAQ","2.08","157.53","","154.33"
"A241770","메카로","12","0","KOSDAQ","2.05","126.9","","124.35"
"A241790","티이엠씨씨엔에스","12","0","KOSDAQ","2.08","147.04","","144.04"
"A241820","피씨엘","12","0","KOSDAQ","-0.78","396.63","","399.74"
"A241840","에이스토리","12","0","KOSDAQ","-1.86","302.16","","307.88"
"A242040","나무에이엑스","12","0","KOSDAQ","4.96","86.97","","82.86"
"A243070","휴온스","12","0","KOSDAQ","1.45","531.58","","523.98"
"A243840","신흥에스이씨","12","0","KOSDAQ","2.83","394.37","","383.5"
"A244460","올리패스","12","0","KOSDAQ","1.32","200.15","","197.53"
"A244920","에이플러스에셋","12","0","KOSPI","-0.93","167.98","","169.56"
"A245620","EDGC","12","0","KOSDAQ","0.53","314.69","","313.02"
"A246250","에스엘에스바이오","12","0","KONEX","4.71","58.01","","55.41"
"A246690","TS인베스트먼트","12","0","KOSDAQ","2.89","97.62","","94.88"
"A246710","티앤알바이오팹","12","0","KOSDAQ","0.79","394.92","","391.81"
"A246720","아스타","12","0","KOSDAQ","0.12","53.83","","53.76"
"A246960","SCL사이언스","12","0","KOSDAQ","0.93","54.8","","54.29"
"A247540","에코프로비엠","12","0","KOSDAQ","3.16","8234.96","","7982.85"
"A247660","나노씨엠에스","12","0","KOSDAQ","-2.3","200.72","","205.44"
"A248070","솔루엠","12","0","KOSPI","1.78","1142.63","","1122.62"
"A248170","샘표식품","12","0","KOSPI","-1.98","191.87","","195.75"
"A249420","일동제약","12","0","KOSPI","1.29","1171.96","","1157.07"
"A250000","보라티알","12","0","KOSDAQ","0","81.68","","81.68"
"A250060","모비스","12","0","KOSDAQ","1.17","69.65","","68.85"
"A250930","예선테크","12","0","KOSDAQ","1.36","61.55","","60.72"
"A251120","바이오에프디엔씨","12","0","KOSDAQ","-0.79","164.35","","165.65"
"A251270","넷마블","12","1","KOSPI","3.45","9025.12","","8724.28"
"A251370","와이엠티","12","0","KOSDAQ","3.39","298.99","","289.18"
"A251630","브이원텍","12","0","KOSDAQ","2.6","148.7","","144.94"
"A251970","펌텍코리아","12","0","KOSDAQ","0.88","212.66","","210.8"
"A252500","세화피앤씨","12","0","KOSDAQ","1.52","69.07","","68.04"
"A252990","샘씨엔에스","12","0","KOSDAQ","0.48","314.46","","312.96"
"A253450","스튜디오드래곤","12","0","KOSDAQ","1.56","2728.29","","2686.27"
"A253590","네오셈","12","0","KOSDAQ","0.49","116.8","","116.24"
"A253840","수젠텍","12","0","KOSDAQ","-1.32","231.13","","234.23"
"A254120","자비스","12","0","KOSDAQ","-0.54","41.15","","41.37"
"A254490","미래반도체","12","0","외감","","","",""
"A255220","SG","12","0","KOSDAQ","-0.47","90.29","","90.72"
"A255440","야스","12","0","KOSDAQ","0.82","159.96","","158.65"
"A256150","한독크린텍","12","0","KOSDAQ","1.46","87.29","","86.03"
"A256630","포인트엔지니어링","12","0","KOSDAQ","0","172.59","","172.59"
"A256840","한국비엔씨","12","0","KOSDAQ","13.51","865.73","","762.67"
"A256940","킵스파마","12","0","KOSDAQ","2.06","185.61","","181.86"
"A257370","피엔티엠에스","12","0","KOSDAQ","0","71.16","","71.16"
"A257720","실리콘투","12","0","KOSDAQ","1.18","171.92","","169.92"
"A258610","케일럼","12","0","KOSDAQ","-2.78","105.14","","108.14"
"A258790","소프트캠프","12","0","KOSDAQ","-0.41","60.35","","60.6"
"A258830","세종메디칼","12","0","KOSDAQ","0.22","185.24","","184.83"
"A259630","엠플러스","12","0","KOSDAQ","-0.88","274.75","","277.19"
"A259960","크래프톤","12","1","KOSPI","7.86","14476.25","","13421.2"
"A260660","알리코제약","12","0","KOSDAQ","1.06","117.25","","116.03"
"A260930","씨티케이","12","0","KOSDAQ","0","195.35","","195.35"
"A260970","에스앤디","12","0","KOSDAQ","1.42","72.46","","71.45"
"A261200","덴티스","12","0","KOSDAQ","0.22","137.1","","136.81"
"A261520","이지스","12","0","외감","","","",""
"A261780","아리바이오랩","12","0","KOSDAQ","2.53","203.77","","198.75"
"A262260","에이프로","12","0","KOSDAQ","1.73","248.72","","244.48"
"A262840","아이퀘스트","12","0","KOSDAQ","-1.58","85.88","","87.26"
"A263020","디케이앤디","12","0","KOSDAQ","-1.57","63.35","","64.36"
"A263050","유틸렉스","12","0","KOSDAQ","5.83","313.51","","296.23"
"A263600","덕우전자","12","0","KOSDAQ","1.1","116.61","","115.34"
"A263690","디알젬","12","0","KOSDAQ","1.63","106.01","","104.31"
"A263700","케어랩스","12","0","KOSDAQ","0.37","141.47","","140.94"
"A263720","디앤씨미디어","12","0","KOSDAQ","0.88","349.84","","346.77"
"A263750","펄어비스","12","0","KOSDAQ","0.87","6920.15","","6860.55"
"A263770","유에스티","12","0","KOSDAQ","1.93","137.7","","135.09"
"A263800","데이타솔루션","12","0","KOSDAQ","9.56","92.32","","84.27"
"A263810","상신전자","12","0","KOSDAQ","2.64","58.12","","56.62"
"A263860","지니언스","12","0","KOSDAQ","-1.45","96.33","","97.75"
"A263920","휴엠앤씨","12","0","KOSDAQ","0","223.4","","223.4"
"A264450","유비쿼스","12","0","KOSDAQ","0.97","213.11","","211.06"
"A264660","씨앤지하이테크","12","0","KOSDAQ","1.61","105.91","","104.23"
"A264850","이랜시스","12","0","KOSDAQ","0.75","97.96","","97.24"
"A264900","크라운제과","12","0","KOSPI","0.34","111.84","","111.46"
"A265520","AP시스템","12","0","KOSDAQ","2.54","369.81","","360.64"
"A265560","영화테크","12","0","KOSDAQ","1.73","188.68","","185.47"
"A265740","엔에프씨","12","0","KOSDAQ","1.2","112.99","","111.65"
"A267250","HD현대","12","1","KOSPI","1.16","4139.24","","4091.84"
"A267260","HD현대일렉트릭","12","0","KOSPI","1.02","717.34","","710.13"
"A267270","HD건설기계","12","0","KOSPI","4.98","726.96","","692.48"
"A267290","경동도시가스","12","0","KOSPI","0.64","139.72","","138.84"
"A267320","나인테크","12","0","KOSDAQ","-1.45","134.15","","136.12"
"A267790","배럴","12","0","KOSDAQ","2.29","74.04","","72.39"
"A267850","아시아나IDT","12","0","KOSPI","4.11","197.03","","189.26"
"A267980","매일유업","12","0","KOSDAQ","2.84","538.86","","523.96"
"A268280","미원에스씨","12","0","KOSPI","-0.26","986.85","","989.4"
"A269620","시스웍","12","0","KOSDAQ","1.3","93.38","","92.18"
"A270520","앱튼","12","0","KOSDAQ","-0.44","70.38","","70.69"
"A270660","에브리봇","12","0","KOSDAQ","2.8","245.96","","239.26"
"A270870","뉴트리","12","0","KOSDAQ","0.26","175.8","","175.34"
"A271560","오리온","12","1","KOSPI","0.23","3400.11","","3392.2"
"A271830","팸텍","12","0","외감","","","",""
"A271940","일진하이솔루스","12","0","KOSPI","1.22","1356.3","","1339.96"
"A271980","제일약품","12","0","KOSPI","2.64","399.97","","389.68"
"A272110","케이엔제이","12","0","KOSDAQ","1.53","105.01","","103.43"
"A272210","한화시스템","12","1","KOSPI","-0.31","3032.16","","3041.6"
"A272290","이녹스첨단소재","12","0","KOSDAQ","2.06","832.81","","815.99"
"A272450","진에어","12","0","KOSPI","7.35","876.96","","816.93"
"A272550","삼양패키징","12","0","KOSPI","-1.76","316.88","","322.56"
"A273060","와이즈버즈","12","0","KOSDAQ","-1.18","84.76","","85.76"
"A273640","와이엠텍","12","0","KOSDAQ","-0.16","175.73","","176"
"A274090","켄코아에어로스페이스","12","0","KOSDAQ","2.51","144.36","","140.82"
"A274400","이노시뮬레이션","12","0","외감","","","",""
"A275630","에스에스알","12","0","KOSDAQ","1.39","35.21","","34.72"
"A276040","스코넥","12","0","KOSDAQ","-1.49","240.23","","243.85"
"A276730","한울앤제주","12","0","KOSDAQ","11.4","191.03","","171.48"
"A277070","린드먼아시아","12","0","KOSDAQ","-0.58","70.92","","71.34"
"A277410","인산가","12","0","KOSDAQ","0.92","71.41","","70.76"
"A277810","레인보우로보틱스","12","0","KOSDAQ","7.36","376.76","","350.94"
"A277880","티에스아이","12","0","KOSDAQ","1.75","215","","211.29"
"A278280","천보","12","0","KOSDAQ","6.29","2939","","2765"
"A278470","에이피알","12","0","외감","","","",""
"A278650","HLB바이오스텝","12","0","KOSDAQ","1.05","221.9","","219.61"
"A279570","케이뱅크","12","0","외감","","","",""
"A279600","미디어젠","12","0","KOSDAQ","-1.99","57.62","","58.79"
"A280360","롯데웰푸드","12","0","KOSPI","0","725.09","","725.09"
"A281740","레이크머티리얼즈","12","0","KOSDAQ","0.99","303.02","","300.06"
"A281820","케이씨텍","12","0","KOSPI","1.26","420.36","","415.14"
"A282330","BGF리테일","12","1","KOSPI","-0.59","2929.62","","2946.91"
"A282720","금양그린파워","12","0","외감","","","",""
"A282880","코윈테크","12","0","KOSDAQ","1.71","281.88","","277.15"
"A284620","카이노스메드","12","0","KOSDAQ","1.5","224.11","","220.8"
"A284740","쿠쿠홈시스","12","1","KOSPI","4.08","858.23","","824.57"
"A285130","SK케미칼","12","1","KOSPI","2.59","2096.87","","2044.01"
"A285490","노바텍","12","0","KOSDAQ","1.54","364.96","","359.41"
"A285800","진영","12","0","외감","","","",""
"A286750","나노실리칸첨단소재","12","0","KOSDAQ","2.64","59.65","","58.12"
"A286940","롯데이노베이트","12","0","KOSPI","4.46","558.89","","535.02"
"A287840","인투셀","12","0","외감","","","",""
"A288180","케이피항공산업","12","0","외감","","","",""
"A288330","파라택시스코리아","12","0","KOSDAQ","1.24","241.54","","238.58"
"A288620","에스프리즘","12","0","KOSDAQ","1.06","163.61","","161.89"
"A288980","모아데이타","12","0","KOSDAQ","","86.05","",""
"A289010","아이스크림에듀","12","0","KOSDAQ","1.16","78.73","","77.83"
"A289080","SV인베스트먼트","3","0","KOSDAQ","0.86","186.32","","184.72"
"A289220","자이언트스텝","12","0","KOSDAQ","2.53","974.89","","950.87"
"A289930","웨이비스","12","0","외감","","","",""
"A290090","트윔","12","0","KOSDAQ","3.01","137.56","","133.53"
"A290120","DH오토리드","12","0","KOSDAQ","4","68.38","","65.75"
"A290270","휴네시온","12","0","KOSDAQ","0","50.92","","50.92"
"A290520","신도기연","12","0","KOSDAQ","-0.36","112.86","","113.26"
"A290550","디케이티","12","0","KOSDAQ","2.87","236.24","","229.65"
"A290560","파라택시스이더리움","12","0","외감","","","",""
"A290650","엘앤씨바이오","12","0","KOSDAQ","1.38","752","","741.8"
"A290660","다이나믹솔루션","12","0","KOSDAQ","0.38","50.22","","50.03"
"A290670","대보마그네틱","12","0","KOSDAQ","-0.39","401.4","","402.96"
"A290690","아리바이오홀딩스","12","0","KOSDAQ","4","96.61","","92.89"
"A290720","푸드나무","12","0","KOSDAQ","1.93","161.64","","158.58"
"A290740","액트로","12","0","KOSDAQ","0.13","80.62","","80.52"
"A291230","엔피","12","0","KOSDAQ","4.35","364.4","","349.2"
"A291650","압타머사이언스","12","0","KOSDAQ","1.26","102.44","","101.17"
"A291810","핀텔","12","0","외감","","","",""
"A293480","하나제약","12","0","KOSPI","0","335.02","","335.02"
"A293490","카카오게임즈","12","0","KOSDAQ","4.35","5788.18","","5532.01"
"A293580","나우IB","12","0","KOSDAQ","3.78","91.94","","88.59"
"A293780","압타바이오","12","0","KOSDAQ","3.64","539.63","","520.68"
"A294090","이오플로우","12","0","KOSDAQ","2.46","627.4","","612.35"
"A294140","레몬","12","0","KOSDAQ","1.4","187.59","","185"
"A294570","쿠콘","12","0","KOSDAQ","4.41","489.95","","469.26"
"A294630","서남","12","0","KOSDAQ","0.85","63.74","","63.2"
"A294870","IPARK현대산업개발","12","1","KOSPI","8.26","1209.4","","1117.13"
"A295310","에이치브이엠","12","0","외감","","","",""
"A296640","이노에이엑스","12","0","외감","","","",""
"A297090","씨에스베어링","12","0","KOSDAQ","0","182.99","","182.99"
"A297570","아틀라스링크","12","0","KOSDAQ","0.65","80.49","","79.98"
"A297890","HB솔루션","12","0","KOSDAQ","0","324.23","","324.23"
"A298000","효성화학","12","0","KOSPI","2.09","856.55","","839"
"A298020","효성티앤씨","12","1","KOSPI","1.05","2083.78","","2062.14"
"A298040","효성중공업","12","0","KOSPI","2.91","526.84","","511.92"
"A298050","HS효성첨단소재","12","1","KOSPI","1.65","2208.61","","2172.77"
"A298060","풍전약품","12","0","KOSDAQ","0.69","174.92","","173.72"
"A298380","에이비엘바이오","12","0","KOSDAQ","1.1","1300.77","","1286.61"
"A298540","더네이쳐홀딩스","12","0","KOSDAQ","0.15","493.06","","492.34"
"A298690","에어부산","12","0","KOSPI","2.69","444.08","","432.44"
"A298830","슈어소프트테크","12","0","외감","","","",""
"A299030","하나기술","12","0","KOSDAQ","-0.16","468.57","","469.32"
"A299170","더블유에스아이","12","0","KOSDAQ","0.81","75.07","","74.47"
"A299660","셀리드","12","0","KOSDAQ","5.26","311.4","","295.83"
"A299900","위지윅스튜디오","12","0","KOSDAQ","1.41","1538.36","","1516.99"
"A300080","플리토","12","0","KOSDAQ","0.69","229.4","","227.84"
"A300120","라온피플","12","0","KOSDAQ","3.07","141.95","","137.73"
"A300720","한일시멘트","12","0","KOSPI","4.42","1309.04","","1253.63"
"A301300","바이브컴퍼니","12","0","KOSDAQ","2","226.07","","221.64"
"A302430","이노메트리","12","0","KOSDAQ","2.08","144.55","","141.6"
"A302440","SK바이오사이언스","12","1","KOSPI","3.09","11475","","11130.75"
"A302550","리메드","12","0","KOSDAQ","3.42","129.6","","125.31"
"A303030","지니틱스","12","0","KOSDAQ","0","91.87","","91.87"
"A303360","프로티아","12","0","KONEX","-0.3","55.91","","56.08"
"A303530","이노뎁","12","0","KOSDAQ","2.41","140.53","","137.23"
"A303810","동국생명과학","12","0","외감","","","",""
"A304100","솔트룩스","12","0","KOSDAQ","0","135.68","","135.68"
"A304360","에스바이오메딕스","12","0","외감","","","",""
"A304840","피플바이오","12","0","KOSDAQ","1.69","134.94","","132.69"
"A305090","마이크로디지탈","12","0","KOSDAQ","4.69","97.31","","92.95"
"A306040","에스제이그룹","12","0","KOSDAQ","3.73","233.33","","224.94"
"A306200","세아제강","12","0","KOSPI","-4.33","313.41","","327.59"
"A306620","지아이에스","12","0","KOSDAQ","1.2","154.64","","152.81"
"A307180","아이엘","12","0","KOSDAQ","1.58","101.08","","99.5"
"A307280","원바이오젠","12","0","KOSDAQ","1.7","65.25","","64.16"
"A307750","국전","12","0","KOSDAQ","1.82","438.68","","430.83"
"A307870","비투엔","12","0","KOSDAQ","1.45","94.77","","93.41"
"A307930","컴퍼니케이","12","0","KOSDAQ","0.93","135.18","","133.93"
"A307950","현대오토에버","12","0","KOSPI","2.5","3373.15","","3290.88"
"A308080","바이젠셀","12","0","KOSDAQ","2.45","236.53","","230.86"
"A308100","형지글로벌","12","0","KOSDAQ","0.22","59.83","","59.7"
"A308170","씨티알모빌리티","12","0","KOSPI","2.29","154.12","","150.68"
"A308430","셀비온","12","0","외감","","","",""
"A309710","아이티켐","12","0","외감","","","",""
"A309930","조이웍스앤코","12","0","KOSDAQ","10.34","80.7","","73.13"
"A309960","LB인베스트먼트","12","0","외감","","","",""
"A310200","애니플러스","12","0","KOSDAQ","5.26","138.17","","131.26"
"A310210","보로노이","12","0","외감","","","",""
"A310870","디와이씨","12","0","KOSDAQ","1.59","38.51","","37.9"
"A311320","지오엘리먼트","12","0","KOSDAQ","1.92","131.3","","128.82"
"A311390","네오크레마","12","0","KOSDAQ","-1.4","168.41","","170.81"
"A311690","CJ 바이오사이언스","12","0","KOSDAQ","2.13","225.55","","220.85"
"A312610","에이에프더블류","12","0","KOSDAQ","0","116.68","","116.68"
"A313760","캐리","12","0","KOSDAQ","0","68.54","","68.54"
"A314130","지놈앤컴퍼니","12","0","KOSDAQ","5.93","402.3","","379.79"
"A314140","알피바이오","12","0","외감","","","",""
"A314930","바이오다인","12","0","KOSDAQ","0.36","171.17","","170.55"
"A315640","딥노이드","12","0","KOSDAQ","2.37","120.15","","117.36"
"A316140","우리금융지주","12","1","KOSPI","4.07","10229.25","","9828.82"
"A317120","라닉스","12","0","KOSDAQ","1.54","76.21","","75.05"
"A317240","TS트릴리온","12","0","KOSDAQ","-21.48","83.32","","106.12"
"A317330","덕산테코피아","12","0","KOSDAQ","1.51","493.43","","486.08"
"A317400","자이에스앤디","12","0","KOSPI","4.62","368.82","","352.53"
"A317450","명인제약","12","0","외감","","","",""
"A317530","에피소드컴퍼니","12","0","KOSDAQ","4.53","60.89","","58.25"
"A317690","퀀타매트릭스","12","0","KOSDAQ","0.88","131.84","","130.68"
"A317770","엑스페릭스","12","0","KOSDAQ","1.91","48.86","","47.95"
"A317830","에스피시스템스","12","0","KOSDAQ","3.57","66.22","","63.94"
"A317850","대모","12","0","KOSDAQ","-0.11","39.08","","39.12"
"A317870","엔바이오니아","12","0","KOSDAQ","1.15","101.03","","99.88"
"A318000","KBG","12","0","KOSDAQ","1.14","65.67","","64.93"
"A318010","팜스빌","12","0","KOSDAQ","0","118.94","","118.94"
"A318020","포인트모바일","12","0","KOSDAQ","2.12","244.38","","239.32"
"A318060","그래피","12","0","외감","","","",""
"A318160","셀바이오휴먼텍","12","0","외감","","","",""
"A318410","비비씨","12","0","KOSDAQ","0","69.72","","69.72"
"A319400","현대무벡스","12","0","KOSDAQ","2.56","378.89","","369.43"
"A319660","피에스케이","12","0","KOSDAQ","1.43","682.14","","672.55"
"A320000","한울반도체","12","0","KOSDAQ","5.51","54.94","","52.08"
"A321260","프로이천","12","0","KOSDAQ","-0.66","81.33","","81.87"
"A321370","센서뷰","12","0","외감","","","",""
"A321550","티움바이오","12","0","KOSDAQ","0","394.63","","394.63"
"A321820","아티스트컴퍼니","12","0","KOSDAQ","0.77","90.41","","89.72"
"A322000","HD현대에너지솔루션","12","0","KOSPI","-1.93","255.92","","260.96"
"A322180","LS티라유텍","12","0","KOSDAQ","0.39","69.97","","69.69"
"A322310","오로스테크놀로지","12","0","KOSDAQ","1.69","196.7","","193.42"
"A322510","제이엘케이","12","0","KOSDAQ","1.85","91.65","","89.98"
"A322780","코퍼스코리아","12","0","KOSDAQ","1.45","100.12","","98.69"
"A323280","태성","12","0","KOSDAQ","0","7.43","","7.43"
"A323350","다원넥스뷰","12","0","KONEX","-2.94","60.56","","62.39"
"A323410","카카오뱅크","12","1","KOSPI","0.31","22878.92","","22807.64"
"A323990","박셀바이오","12","0","KOSDAQ","1.51","666.77","","656.87"
"A326030","SK바이오팜","12","1","KOSPI","0.46","6813.25","","6781.93"
"A327260","RF머트리얼즈","12","0","KOSDAQ","3.1","93.76","","90.94"
"A328130","루닛","12","0","외감","","","",""
"A328380","솔트웨어","12","0","KOSDAQ","0","13.29","","13.29"
"A329180","HD현대중공업","12","1","KOSPI","-1.32","9942.59","","10075.75"
"A330350","위더스제약","12","0","KOSDAQ","-3.78","127.53","","132.55"
"A330730","스톤브릿지벤처스","12","0","KOSDAQ","-3.58","139.81","","145"
"A330860","네패스아크","12","0","KOSDAQ","2.73","505.03","","491.63"
"A331380","포커스에이아이","12","0","KOSDAQ","0.18","49.48","","49.39"
"A331520","밸로프","12","0","KOSDAQ","0.72","8.19","","8.13"
"A331740","아우토크립트","12","0","외감","","","",""
"A331920","셀레믹스","12","0","KOSDAQ","0.96","85.72","","84.91"
"A332290","누보","12","0","KOSDAQ","0","86.5","","86.5"
"A332370","아이디피","12","0","KOSDAQ","1.46","50.77","","50.04"
"A332570","PS일렉트로닉스","12","0","KOSDAQ","-1.55","259.62","","263.7"
"A333050","이노테나","12","0","KOSDAQ","-0.24","10.35","","10.37"
"A333430","일승","12","0","KOSDAQ","-1.61","84.34","","85.73"
"A333620","엔시스","12","0","KOSDAQ","1.06","201.63","","199.51"
"A334970","프레스티지바이오로직스","6","0","KOSDAQ","-0.57","330.92","","332.81"
"A335810","프리시젼바이오","12","0","KOSDAQ","0.23","99.63","","99.4"
"A335870","윙스풋","12","0","KOSDAQ","-0.24","6.61","","6.63"
"A336060","웨이버스","12","0","KOSDAQ","3.69","18.35","","17.7"
"A336260","두산퓨얼셀","12","1","KOSPI","0.38","2619.75","","2609.92"
"A336370","솔루스첨단소재","12","0","KOSPI","0.5","1838.44","","1829.27"
"A336570","원텍","12","0","KOSDAQ","0","15.01","","15.01"
"A336680","탑런토탈솔루션","12","0","외감","","","",""
"A337930","젝시믹스","12","0","KOSDAQ","-0.13","236.28","","236.58"
"A338220","뷰노","12","0","KOSDAQ","3.42","112.37","","108.66"
"A338840","와이바이오로직스","12","0","외감","","","",""
"A339770","교촌에프앤비","12","0","KOSPI","2.3","388.48","","379.73"
"A339950","아이비김영","12","0","KOSDAQ","11.16","125.4","","112.82"
"A340360","다보링크","12","0","KOSDAQ","1.89","69.07","","67.78"
"A340440","세림B&G","12","0","KOSDAQ","0","62.17","","62.17"
"A340450","지씨지놈","12","0","외감","","","",""
"A340570","티앤엘","12","0","KOSDAQ","1.94","320.65","","314.55"
"A340810","시선AI","12","0","외감","","","",""
"A340930","성원에너텍","12","0","KOSDAQ","0.24","221.5","","220.97"
"A342870","오아","12","0","외감","","","",""
"A344820","KCC글라스","12","0","KOSPI","2.29","926.29","","905.53"
"A344860","이노진","12","0","KONEX","0","46.5","","46.5"
"A347000","센코","12","0","KOSDAQ","1.08","115.93","","114.69"
"A347700","스피어","12","0","KOSDAQ","0.62","82.17","","81.67"
"A347740","피엔케이피부임상연구센타","12","0","KOSDAQ","1.92","139.55","","136.92"
"A347770","핌스","12","0","KOSDAQ","1.98","175.36","","171.95"
"A347850","디앤디파마텍","12","0","외감","","","",""
"A347860","알체라","12","0","KOSDAQ","3.52","348.77","","336.92"
"A347890","엠엑스온","12","0","KOSDAQ","1.47","150.51","","148.33"
"A348030","모비릭스","12","0","KOSDAQ","0","162.78","","162.78"
"A348080","큐라티스","12","0","외감","","","",""
"A348150","고바이오랩","12","0","KOSDAQ","1.24","266.02","","262.77"
"A348210","넥스틴","12","0","KOSDAQ","5.72","554.8","","524.78"
"A348340","뉴로메카","12","0","외감","","","",""
"A348350","위드텍","12","0","KOSDAQ","-0.83","182.8","","184.32"
"A348370","엔켐","12","0","KOSDAQ","1.96","1344.85","","1318.99"
"A351320","넥사다이내믹스","12","0","KOSDAQ","0","93.59","","93.59"
"A351330","이삭엔지니어링","12","0","KOSDAQ","1.31","96.15","","94.9"
"A351870","차이커뮤니케이션","12","0","외감","","","",""
"A352090","스톰테크","12","0","외감","","","",""
"A352480","씨앤씨인터내셔널","12","0","KOSDAQ","9.6","234.33","","213.8"
"A352700","씨앤투스","12","0","KOSDAQ","1.95","147.89","","145.06"
"A352770","셀레스트라","12","0","KOSDAQ","1.38","148.17","","146.15"
"A352820","하이브","12","1","KOSPI","4.01","11785.72","","11330.83"
"A352910","오비고","12","0","KOSDAQ","1.79","163.17","","160.31"
"A352940","인바이오","12","0","KOSDAQ","-18.83","63.25","","77.92"
"A353190","휴럼","12","0","KOSDAQ","0","58.53","","58.53"
"A353200","대덕전자","12","0","KOSPI","1.08","1156.36","","1144"
"A353590","오토앤","12","0","KOSDAQ","-4.36","169.31","","177.04"
"A353810","이지바이오","12","0","KOSDAQ","-0.72","164.12","","165.32"
"A354200","엔젠바이오","12","0","KOSDAQ","7.01","142.33","","133.01"
"A354320","알멕","12","0","외감","","","",""
"A355150","코스텍시스","12","0","KOSDAQ","-0.94","11.23","","11.33"
"A355390","크라우드웍스","12","0","외감","","","",""
"A355690","에이텀","12","0","외감","","","",""
"A356680","엑스게이트","12","0","외감","","","",""
"A356860","티엘비","12","0","KOSDAQ","0.94","158.8","","157.32"
"A356890","싸이버원","12","0","KOSDAQ","1.24","58.07","","57.36"
"A357230","에이치피오","12","0","KOSDAQ","-0.4","247.23","","248.23"
"A357550","석경에이티","12","0","KOSDAQ","0.35","78.82","","78.55"
"A357580","아모센스","12","0","KOSDAQ","0.61","184.24","","183.12"
"A357780","솔브레인","12","0","KOSDAQ","6.02","1698.84","","1602.38"
"A357880","SKAI","12","0","KOSDAQ","2.68","158.42","","154.27"
"A358570","지아이이노베이션","12","0","외감","","","",""
"A359090","씨엔알리서치","12","0","KOSDAQ","-0.79","99.37","","100.17"
"A360070","탑머티리얼","12","0","외감","","","",""
"A360350","코셈","12","0","외감","","","",""
"A361390","제노코","12","0","KOSDAQ","0","201.77","","201.77"
"A361570","알비더블유","12","0","KOSDAQ","5.52","151.47","","143.54"
"A361610","SK아이이테크놀로지","12","1","KOSPI","-1.3","8127.93","","8234.87"
"A361670","삼영에스앤씨","12","0","KOSDAQ","0.98","52.65","","52.14"
"A362320","청담글로벌","12","0","외감","","","",""
"A362990","드림인사이트","12","0","외감","","","",""
"A363250","진시스템","12","0","KOSDAQ","1.15","66.73","","65.97"
"A363260","모비데이즈","12","0","KOSDAQ","-1.06","15.87","","16.04"
"A363280","티와이홀딩스","12","0","KOSPI","0.72","1415.83","","1405.65"
"A364950","에이아이코리아","12","0","외감","","","",""
"A365270","큐라클","12","0","KOSDAQ","21.35","221.74","","182.73"
"A365330","에스와이스틸텍","12","0","외감","","","",""
"A365340","성일하이텍","12","0","외감","","","",""
"A365590","하이딥","12","0","KOSDAQ","3.04","10.12","","9.82"
"A365900","브이씨","12","0","KOSDAQ","-0.82","84.9","","85.6"
"A366030","나인앤컴퍼니","12","0","외감","","","",""
"A367000","플래티어","12","0","KOSDAQ","2.55","133.14","","129.83"
"A368600","아이씨에이치","12","0","외감","","","",""
"A368770","파이버프로","12","0","KOSDAQ","-1.41","15.13","","15.34"
"A368970","오에스피","12","0","외감","","","",""
"A369370","블리츠웨이엔터테인먼트","12","0","KOSDAQ","2.89","215.83","","209.78"
"A370090","퓨런티어","12","0","KOSDAQ","2.78","176.84","","172.07"
"A371950","풍원정밀","12","0","KOSDAQ","-5.38","370.31","","391.35"
"A372170","윤성에프앤씨","12","0","외감","","","",""
"A372320","큐로셀","12","0","외감","","","",""
"A372800","아이티아이즈","12","0","KOSDAQ","0.73","79.72","","79.14"
"A372910","한컴라이프케어","12","0","KOSPI","0.44","187.63","","186.8"
"A373110","엑셀세라퓨틱스","12","0","외감","","","",""
"A373160","데이원컴퍼니","12","0","외감","","","",""
"A373170","엠아이큐브솔루션","12","0","외감","","","",""
"A373200","엑스플러스","12","0","KOSDAQ","0.69","38.65","","38.38"
"A373220","LG에너지솔루션","12","0","KOSPI","1.71","97695","","96057"
"A375500","DL이앤씨","12","1","KOSPI","3.5","2574.71","","2487.6"
"A376180","피코그램","12","0","KOSDAQ","1.31","60.61","","59.82"
"A376270","HEM파마","12","0","외감","","","",""
"A376290","씨유테크","12","0","KOSDAQ","0.15","121.48","","121.31"
"A376300","디어유","12","0","KOSDAQ","7.69","1076.88","","999.96"
"A376900","로킷헬스케어","12","0","외감","","","",""
"A376930","노을","12","0","KOSDAQ","-1.86","82.36","","83.92"
"A376980","원티드랩","12","0","KOSDAQ","2.85","305.23","","296.76"
"A377030","비트맥스","12","0","KOSDAQ","1.34","420.83","","415.27"
"A377220","프롬바이오","12","0","KOSDAQ","1.25","114.66","","113.24"
"A377300","카카오페이","12","1","KOSPI","5.06","17813.13","","16955.46"
"A377330","이지트로닉스","12","0","KOSDAQ","0","127.05","","127.05"
"A377450","리파인","12","0","KOSDAQ","5.38","237.42","","225.29"
"A377460","큐에이드","12","0","외감","","","",""
"A377480","마음AI","12","0","KOSDAQ","5.63","119.76","","113.38"
"A377740","바이오노트","12","0","외감","","","",""
"A378340","필에너지","12","0","외감","","","",""
"A378800","샤페론","12","0","외감","","","",""
"A378850","화승알앤에이","12","0","KOSPI","-0.11","85.57","","85.66"
"A380540","옵티코어","12","0","외감","","","",""
"A380550","뉴로핏","12","0","외감","","","",""
"A381620","제닉스로보틱스","12","0","외감","","","",""
"A381970","케이카","12","0","KOSPI","-6.77","1358.44","","1457.02"
"A382150","온코크로스","12","0","외감","","","",""
"A382480","지아이텍","12","0","KOSDAQ","0.96","165.69","","164.12"
"A382800","지앤비에스 에코","12","0","KOSDAQ","0.84","128.96","","127.89"
"A382840","원준","12","0","KOSDAQ","1.93","478.42","","469.39"
"A382900","범한퓨얼셀","12","0","외감","","","",""
"A383220","F&F","12","0","KOSPI","-0.85","6244.05","","6297.68"
"A383310","에코프로에이치엔","12","0","KOSDAQ","3.05","826.47","","801.98"
"A383800","LX홀딩스","12","0","KOSPI","0.52","737.63","","733.82"
"A383930","디티앤씨알오","12","0","외감","","","",""
"A384470","코어라인소프트","12","0","외감","","","",""
"A387570","파인메딕스","12","0","외감","","","",""
"A388050","지투파워","12","0","외감","","","",""
"A388210","씨엠티엑스","12","0","외감","","","",""
"A388610","지에프씨생명과학","12","0","외감","","","",""
"A388720","유일로보틱스","12","0","외감","","","",""
"A388790","라이콤","12","0","KOSDAQ","0.94","7.33","","7.26"
"A388870","파로스아이바이오","12","0","외감","","","",""
"A389020","자람테크놀로지","12","0","외감","","","",""
"A389030","지니너스","12","0","KOSDAQ","3.83","117.93","","113.58"
"A389140","포바이포","12","0","외감","","","",""
"A389260","대명에너지","12","0","외감","","","",""
"A389470","인벤티지랩","12","0","외감","","","",""
"A389500","에스비비테크","12","0","외감","","","",""
"A389650","넥스트바이오메디컬","12","0","외감","","","",""
"A389680","유디엠텍","12","0","외감","","","",""
"A391710","코닉오토메이션","12","0","KOSDAQ","0","17.2","","17.2"
"A393210","토마토시스템","12","0","KONEX","0","37.38","","37.38"
"A393890","더블유씨피","12","0","외감","","","",""
"A393970","대진첨단소재","12","0","외감","","","",""
"A394280","오픈엣지테크놀로지","12","0","외감","","","",""
"A394420","리센스메디컬","12","0","외감","","","",""
"A394800","쓰리빌리언","12","0","외감","","","",""
"A396270","넥스트칩","12","0","외감","","","",""
"A396300","세아메카닉스","12","0","외감","","","",""
"A396470","워트","12","0","외감","","","",""
"A397030","에이프릴바이오","12","0","외감","","","",""
"A397810","애드포러스","12","0","외감","","","",""
"A398120","에스지헬스케어","12","0","외감","","","",""
"A399720","가온칩스","12","0","외감","","","",""
"A402030","코난테크놀로지","12","0","외감","","","",""
"A402340","SK스퀘어","12","1","KOSPI","5.38","7342.17","","6967.28"
"A402490","그린리소스","12","0","외감","","","",""
"A403490","우듬지팜","12","0","외감","","","",""
"A403550","쏘카","12","0","외감","","","",""
"A403850","더핑크퐁컴퍼니","12","0","외감","","","",""
"A403870","HPSP","12","0","외감","","","",""
"A405000","플라즈맵","12","0","외감","","","",""
"A405100","큐알티","12","0","외감","","","",""
"A405920","나라셀라","12","0","외감","","","",""
"A406820","뷰티스킨","12","0","외감","","","",""
"A407400","꿈비","12","0","외감","","","",""
"A408470","한패스","12","0","외감","","","",""
"A408900","스튜디오미르","12","0","외감","","","",""
"A408920","메쎄이상","12","0","KOSDAQ","0","7.71","","7.71"
"A411080","샌즈랩","12","0","외감","","","",""
"A412350","레이저쎌","12","0","외감","","","",""
"A412540","제일엠앤에스","12","0","외감","","","",""
"A413390","엠오티","12","0","외감","","","",""
"A413630","씨피시스템","12","0","외감","","","",""
"A413640","비아이매트릭스","12","0","외감","","","",""
"A415380","스튜디오삼익","12","0","외감","","","",""
"A416180","신성에스티","12","0","외감","","","",""
"A417010","나노팀","12","0","외감","","","",""
"A417180","핑거스토리","12","0","외감","","","",""
"A417200","LS머트리얼즈","12","0","외감","","","",""
"A417500","제이아이테크","12","0","외감","","","",""
"A417790","트루엔","12","0","외감","","","",""
"A417840","저스템","12","0","외감","","","",""
"A417860","오브젠","12","0","외감","","","",""
"A417970","모델솔루션","12","0","외감","","","",""
"A418250","시큐레터","12","0","외감","","","",""
"A418420","라온텍","12","0","외감","","","",""
"A418470","KT밀리의서재","12","0","외감","","","",""
"A418550","제이오","12","0","외감","","","",""
"A418620","E8","12","0","외감","","","",""
"A419050","삼기에너지솔루션즈","12","0","외감","","","",""
"A419080","엔젯","12","0","외감","","","",""
"A419120","산돌","12","0","외감","","","",""
"A419530","SAMG엔터","12","0","외감","","","",""
"A419540","비스토스","12","0","외감","","","",""
"A420570","제이투케이바이오","12","0","외감","","","",""
"A420770","기가비스","12","0","외감","","","",""
"A424760","벨로크","12","0","외감","","","",""
"A424870","이뮨온시아","12","0","외감","","","",""
"A424960","스마트레이더시스템","12","0","외감","","","",""
"A424980","마이크로투나노","12","0","외감","","","",""
"A425040","티이엠씨","12","0","외감","","","",""
"A425420","티에프이","12","0","외감","","","",""
"A429270","시지트로닉스","12","0","외감","","","",""
"A430690","한싹","12","0","외감","","","",""
"A431190","케이쓰리아이","12","0","외감","","","",""
"A432430","와이랩","12","0","외감","","","",""
"A432470","케이엔에스","12","0","외감","","","",""
"A432720","퀄리타스반도체","12","0","외감","","","",""
"A432980","엠에프씨","12","0","외감","","","",""
"A434480","모니터랩","12","0","외감","","","",""
"A435570","에르코스","12","0","외감","","","",""
"A437730","삼현","12","0","외감","","","",""
"A438700","버넥트","12","0","외감","","","",""
"A439090","마녀공장","12","0","외감","","","",""
"A439260","대한조선","12","0","외감","","","",""
"A439580","블루엠텍","12","0","외감","","","",""
"A439960","코스모로보틱스","12","0","외감","","","",""
"A440110","파두","12","0","외감","","","",""
"A440290","HB인베스트먼트","12","0","외감","","","",""
"A440320","오픈놀","12","0","외감","","","",""
"A441270","파인엠텍","12","0","외감","","","",""
"A443060","HD현대마린솔루션","12","0","외감","","","",""
"A443250","레뷰코퍼레이션","12","0","외감","","","",""
"A443670","에스피소프트","12","0","외감","","","",""
"A444530","심플랫폼","12","0","외감","","","",""
"A445090","에이직랜드","12","0","외감","","","",""
"A445180","퓨릿","12","0","외감","","","",""
"A445680","큐리옥스바이오시스템즈","12","0","외감","","","",""
"A446070","유니드비티플러스","12","0","외감","","","",""
"A446540","메가터치","12","0","외감","","","",""
"A446840","지슨","12","0","외감","","","",""
"A448280","에코아이","12","0","외감","","","",""
"A448710","코츠테크놀로지","12","0","외감","","","",""
"A448900","한국피아이엠","12","0","외감","","","",""
"A450080","에코프로머티","12","0","외감","","","",""
"A450330","하스","12","0","외감","","","",""
"A450520","인스웨이브","12","0","외감","","","",""
"A450950","아스테라시스","12","0","외감","","","",""
"A451220","아이엠티","12","0","외감","","","",""
"A451250","삐아","12","0","외감","","","",""
"A451760","컨텍","12","0","외감","","","",""
"A452160","제이엔비","12","0","외감","","","",""
"A452190","한빛레이저","12","0","외감","","","",""
"A452200","민테크","12","0","외감","","","",""
"A452260","한화갤러리아","12","0","외감","","","",""
"A452280","한선엔지니어링","12","0","외감","","","",""
"A452300","캡스톤파트너스","12","0","외감","","","",""
"A452400","이닉스","12","0","외감","","","",""
"A452430","사피엔반도체","12","0","외감","","","",""
"A452450","피아이이","12","0","외감","","","",""
"A453340","현대그린푸드","12","0","외감","","","",""
"A453450","그리드위즈","12","0","외감","","","",""
"A453860","에이에스텍","12","0","외감","","","",""
"A454910","두산로보틱스","12","0","외감","","","",""
"A455180","케이지에이","12","0","외감","","","",""
"A455900","엔젤로보틱스","12","0","외감","","","",""
"A456010","아이씨티케이","12","0","외감","","","",""
"A456040","OCI","12","0","외감","","","",""
"A456070","이엔셀","12","0","외감","","","",""
"A456160","지투지바이오","12","0","외감","","","",""
"A457190","이수스페셜티케미컬","12","0","외감","","","",""
"A457370","한켐","12","0","외감","","","",""
"A457550","우진엔텍","12","0","외감","","","",""
"A457600","벡트","12","0","외감","","","",""
"A458350","에스팀","12","0","외감","","","",""
"A458650","성우","12","0","외감","","","",""
"A458870","씨어스","12","0","외감","","","",""
"A459100","위츠","12","0","외감","","","",""
"A459510","나우로보틱스","12","0","외감","","","",""
"A459550","알트","12","0","외감","","","",""
"A460470","아이빔테크놀로지","12","0","외감","","","",""
"A460850","동국씨엠","12","0","외감","","","",""
"A460860","동국제강","12","0","외감","","","",""
"A460870","에스엠씨지","12","0","외감","","","",""
"A460930","현대힘스","12","0","외감","","","",""
"A460940","피앤에스로보틱스","12","0","외감","","","",""
"A461030","아이엠비디엑스","12","0","외감","","","",""
"A461300","아이스크림미디어","12","0","외감","","","",""
"A462310","뉴키즈온","12","0","외감","","","",""
"A462350","이노스페이스","12","0","외감","","","",""
"A462510","라메디텍","12","0","외감","","","",""
"A462520","조선내화","12","0","외감","","","",""
"A462860","더즌","12","0","외감","","","",""
"A462870","시프트업","12","0","외감","","","",""
"A462980","아이지넷","12","0","외감","","","",""
"A463020","뉴엔AI","12","0","외감","","","",""
"A463480","모티브링크","12","0","외감","","","",""
"A464080","에스오에스랩","12","0","외감","","","",""
"A464280","티디에스팜","12","0","외감","","","",""
"A464490","쿼드메디슨","12","0","외감","","","",""
"A464500","아이언디바이스","12","0","외감","","","",""
"A464580","닷밀","12","0","외감","","","",""
"A465480","인스피언","12","0","외감","","","",""
"A465770","STX그린로지스","12","0","외감","","","",""
"A466100","클로봇","12","0","외감","","","",""
"A466410","사이냅소프트","12","0","외감","","","",""
"A468530","프로티나","12","0","외감","","","",""
"A469610","이노테크","12","0","외감","","","",""
"A469750","아이비젼웍스","12","0","외감","","","",""
"A471820","셀로맥스사이언스","12","0","외감","","","",""
"A472850","폰드그룹","12","0","외감","","","",""
"A473980","노머스","12","0","외감","","","",""
"A474170","루미르","12","0","외감","","","",""
"A474610","RF시스템즈","12","0","외감","","","",""
"A474650","링크솔루션","12","0","외감","","","",""
"A475150","SK이터닉스","12","0","외감","","","",""
"A475230","엔알비","12","0","외감","","","",""
"A475400","씨메스로보틱스","12","0","외감","","","",""
"A475430","키스트론","12","0","외감","","","",""
"A475460","미트박스","12","0","외감","","","",""
"A475560","더본코리아","12","0","외감","","","",""
"A475580","에이럭스","12","0","외감","","","",""
"A475660","에스켐","12","0","외감","","","",""
"A475830","오름테라퓨틱","12","0","외감","","","",""
"A475960","토모큐브","12","0","외감","","","",""
"A476040","오가노이드사이언스","12","0","외감","","","",""
"A476060","온코닉테라퓨틱스","12","0","외감","","","",""
"A476080","M83","12","0","외감","","","",""
"A476830","알지노믹스","12","0","외감","","","",""
"A477850","마키나락스","12","0","외감","","","",""
"A478340","나라스페이스테크놀로지","12","0","외감","","","",""
"A478560","블랙야크아이앤씨","12","0","외감","","","",""
"A479960","위너스일렉","12","0","외감","","","",""
"A480370","씨케이솔루션","12","0","외감","","","",""
"A481070","에이유브랜즈","12","0","외감","","","",""
"A482630","삼양엔씨켐","12","0","외감","","","",""
"A483650","달바글로벌","12","0","외감","","","",""
"A484120","도우인시스","12","0","외감","","","",""
"A484590","삼양컴텍","12","0","외감","","","",""
"A484810","티엑스알로보틱스","12","0","외감","","","",""
"A484870","엠앤씨솔루션","12","0","외감","","","",""
"A486990","노타","12","0","외감","","","",""
"A487570","HS효성","12","0","외감","","","",""
"A487580","폴레드","12","0","외감","","","",""
"A488280","에스투더블유","12","0","외감","","","",""
"A488900","비츠로넥스텍","12","0","외감","","","",""
"A489460","바이오비쥬","12","0","외감","","","",""
"A489500","엘케이켐","12","0","외감","","","",""
"A489790","한화비전","12","0","외감","","","",""
"A490470","세미파이브","12","0","외감","","","",""
"A491000","리브스메드","12","0","외감","","","",""
"A493280","아이엠바이오로직스","12","0","외감","","","",""
"A493330","지에프아이","12","0","외감","","","",""
"A494120","큐리오시스","12","0","외감","","","",""
"A499790","GS피앤엘","12","0","외감","","","",""
"A900070","글로벌에스엠","12","0","KOSDAQ","0","50.09","","50.09"
"A900100","파이온엑스","12","0","KOSDAQ","0","112.03","","112.03"
"A900110","딥커머스","12","0","KOSDAQ","-3.26","30.35","","31.37"
"A900120","씨엑스아이","6","0","KOSDAQ","1.12","32.52","","32.16"
"A900140","엘브이엠씨홀딩스","12","0","KOSPI","1.39","325.72","","321.24"
"A900250","크리스탈신소재","12","0","KOSDAQ","1.68","86.92","","85.48"
"A900260","로스웰","12","0","KOSDAQ","2.1","61.25","","59.99"
"A900270","헝셩그룹","12","0","KOSDAQ","-0.26","31.28","","31.36"
"A900290","GRT","6","0","KOSDAQ","-1.96","84.22","","85.9"
"A900300","오가닉티코스메틱","12","0","KOSDAQ","1.04","46.81","","46.33"
"A900310","컬러레이","12","0","KOSDAQ","0.38","72.09","","71.82"
"A900340","윙입푸드","12","0","KOSDAQ","2.95","58.53","","56.85"
"A950130","엑세스바이오","12","0","KOSDAQ","0.64","571.97","","568.34"
"A950140","잉글우드랩","12","0","KOSDAQ","1.82","166.29","","163.31"
"A950160","코오롱티슈진","12","0","KOSDAQ","0","518.61","","518.61"
"A950170","JTC","2","0","KOSDAQ","4.34","143.17","","137.22"
"A950190","고스트스튜디오","12","0","KOSDAQ","2.99","257.34","","249.87"
"A950200","소마젠","12","0","KOSDAQ","0.75","128.96","","128"
"A950210","프레스티지바이오파마","6","0","KOSPI","0.37","814.3","","811.3"
"A950220","네오이뮨텍","12","0","KOSDAQ","3.24","754.39","","730.69"
"A950250","테라뷰","4","0","외감","","","",""
