"Code","Name","결산월","코스피200 구성종목여부(1:해당, 0:미해당)","상장된 시장","수정주가수익률","시가총액","","이전 시가총액"
"A000020","동화약품","12","0","KOSPI","-1.7","177.92","","181"
"A000040","KR모터스","12","0","KOSPI","0.75","24.17","","23.99"
"A000050","경방","12","0","KOSPI","2.72","196.84","","191.63"
"A000070","삼양홀딩스","12","0","KOSPI","0.79","551.8","","547.46"
"A000080","하이트진로","12","1","KOSPI","-0.42","1340.95","","1346.57"
"A000100","유한양행","12","1","KOSPI","-0.95","8341.74","","8421.95"
"A000120","CJ대한통운","12","1","KOSPI","1.26","1827.27","","1804.46"
"A000140","하이트진로홀딩스","12","0","KOSPI","-0.35","198.42","","199.11"
"A000150","두산","12","1","KOSPI","6.81","7253.96","","6791.3"
"A000180","성창기업지주","12","0","KOSPI","0.66","95.49","","94.86"
"A0001A0","덕양에너젠","12","0","외감","","","",""
"A000210","DL","12","1","KOSPI","5.18","872.81","","829.85"
"A000220","유유제약","12","0","KOSPI","-1.06","79.29","","80.14"
"A000230","일동홀딩스","12","0","KOSPI","-7.84","75.94","","82.4"
"A000240","한국앤컴퍼니","12","1","KOSPI","0.43","1561.68","","1555.04"
"A000250","삼천당제약","12","0","KOSDAQ","2.3","3436.52","","3359.11"
"A000270","기아","12","1","KOSPI","-2.35","34637.29","","35472.4"
"A000300","DH오토넥스","12","0","KOSPI","0","161.6","","161.6"
"A000320","노루홀딩스","12","0","KOSPI","1.87","210.27","","206.41"
"A000370","한화손해보험","12","0","KOSPI","1.65","504.31","","496.14"
"A000390","SP삼화","12","0","KOSPI","-0.51","158.87","","159.68"
"A000400","롯데손해보험","12","0","KOSPI","0.32","490.33","","488.78"
"A000430","대원강업","12","0","KOSPI","-1.23","223.82","","226.61"
"A000440","중앙에너비스","12","0","KOSDAQ","-0.38","82.38","","82.7"
"A000480","CR홀딩스","12","0","KOSPI","0","243.83","","243.83"
"A000490","대동","12","0","KOSPI","0.28","273.47","","272.7"
"A0004V0","엔비알모션","12","0","외감","","","",""
"A000500","가온전선","12","0","KOSPI","0.12","1346.61","","1344.96"
"A000520","삼일제약","12","0","KOSPI","-0.17","253.36","","253.79"
"A000540","흥국화재","12","0","KOSPI","2.02","243.8","","238.98"
"A000590","CS홀딩스","12","0","KOSPI","2.03","87.05","","85.32"
"A000640","동아쏘시오홀딩스","12","0","KOSPI","-0.29","672.6","","674.56"
"A000650","천일고속","12","0","KOSPI","0.51","56.31","","56.03"
"A000660","SK하이닉스","12","1","KOSPI","1.57","145600.47","","143343.67"
"A000670","영풍","12","0","KOSPI","2.89","680.26","","661.15"
"A000680","LS네트웍스","12","0","KOSPI","0.72","276.6","","274.63"
"A000700","유수홀딩스","12","0","KOSPI","0.53","148.44","","147.66"
"A000720","현대건설","12","1","KOSPI","11.64","6035.48","","5406.32"
"A000760","이화산업","12","0","KOSPI","0.09","30.88","","30.86"
"A0007C0","아크릴","12","0","외감","","","",""
"A0007J0","인벤테라","12","0","외감","","","",""
"A000810","삼성화재","12","1","KOSPI","4.54","17484.24","","16725.05"
"A000850","화천기공","12","0","KOSPI","1.01","66","","65.34"
"A000860","강남제비스코","12","0","KOSPI","-0.08","157.43","","157.56"
"A000880","한화","12","1","KOSPI","0.6","3792.91","","3770.42"
"A000890","보해양조","12","0","KOSPI","1.62","69.98","","68.86"
"A0008Z0","에스엔시스","12","0","외감","","","",""
"A000910","유니온","12","0","KOSPI","0.55","71.74","","71.35"
"A000950","전방","12","0","KOSPI","0","40.49","","40.49"
"A000970","한국주철관","12","0","KOSPI","0.73","158.01","","156.87"
"A000990","DB하이텍","12","0","KOSPI","-0.13","1693.81","","1696.03"
"A0009K0","에임드바이오","12","0","외감","","","",""
"A001000","신라섬유","12","0","KOSDAQ","0.23","41.9","","41.81"
"A001020","페이퍼코리아","12","0","KOSPI","-2.84","127.97","","131.71"
"A001040","CJ","12","1","KOSPI","-1.66","3626.7","","3687.97"
"A001060","JW중외제약","12","0","KOSPI","-0.68","512.29","","515.78"
"A001070","대한방직","12","0","KOSPI","0.63","33.92","","33.71"
"A001080","만호제강","6","0","KOSPI","0.37","112.05","","111.64"
"A0010F0","보원케미칼","12","0","외감","","","",""
"A0010V0","제이피아이헬스케어","12","0","외감","","","",""
"A001120","LX인터내셔널","12","1","KOSPI","1.11","1058.15","","1046.52"
"A001130","대한제분","12","0","KOSPI","-0.59","226.46","","227.81"
"A0011A0","액스비스","12","0","외감","","","",""
"A0011T0","채비","12","0","외감","","","",""
"A001200","유진투자증권","12","0","KOSPI","2.71","293.51","","285.76"
"A001210","금호전기","12","0","KOSPI","-3.7","64.02","","66.48"
"A001230","동국홀딩스","12","0","KOSPI","2.93","246.14","","239.14"
"A001250","GS글로벌","12","0","KOSPI","0.6","209.22","","207.99"
"A001260","남광토건","12","0","KOSPI","1.9","84.17","","82.59"
"A001270","부국증권","12","0","KOSPI","1.43","366.58","","361.39"
"A001290","상상인증권","12","0","KOSPI","2.54","52.54","","51.24"
"A001340","PKC","12","0","KOSPI","-1.8","245.25","","249.75"
"A001360","삼성제약","12","0","KOSPI","1.72","144.54","","142.09"
"A001380","SG글로벌","12","0","KOSPI","-0.06","77.79","","77.83"
"A001390","KG케미칼","12","0","KOSPI","0.93","259.5","","257.1"
"A0013V0","삼진식품","12","0","외감","","","",""
"A001420","태원물산","12","0","KOSPI","1.1","31.5","","31.16"
"A001430","세아베스틸지주","12","1","KOSPI","2.33","693.21","","677.44"
"A001440","대한전선","12","1","KOSPI","2.4","2310.08","","2256.01"
"A001450","현대해상","12","1","KOSPI","5.17","2091.96","","1989.15"
"A001460","BYC","12","0","KOSPI","0.3","208.31","","207.68"
"A001470","삼부토건","12","0","KOSPI","0","79.7","","79.7"
"A001500","현대차증권","12","0","KOSPI","0.91","410.57","","406.86"
"A001510","SK증권","12","0","KOSPI","-0.57","245.27","","246.69"
"A001520","동양","12","0","KOSPI","1.61","135.33","","133.19"
"A001530","DI동일","12","0","KOSPI","0.68","753.38","","748.3"
"A001540","안국약품","12","0","KOSDAQ","-0.94","96.64","","97.56"
"A001550","조비","12","0","KOSPI","0","62.41","","62.41"
"A001560","제일연마","12","0","KOSPI","0.52","96.23","","95.73"
"A001570","금양","12","0","KOSPI","0","633.28","","633.28"
"A0015G0","그린광학","12","0","외감","","","",""
"A0015N0","아로마티카","12","0","외감","","","",""
"A0015S0","페스카로","12","0","외감","","","",""
"A001620","케이비아이동국실업","12","0","KOSPI","-1.84","53.53","","54.53"
"A001630","종근당홀딩스","12","0","KOSPI","0.6","253","","251.5"
"A001680","대상","12","1","KOSPI","0","736.27","","736.27"
"A001720","신영증권","3","0","KOSPI","-0.99","1816.62","","1834.7"
"A001740","SK네트웍스","12","1","KOSPI","0.38","871.83","","868.52"
"A001750","한양증권","12","0","KOSPI","0.27","187.62","","187.11"
"A001770","SHD","12","0","KOSPI","-0.32","19.2","","19.26"
"A001780","알루코","12","0","KOSPI","-7.68","227.07","","245.95"
"A001790","대한제당","12","0","KOSPI","-0.36","245.32","","246.22"
"A0017J0","세미티에스","12","0","외감","","","",""
"A001800","오리온홀딩스","12","1","KOSPI","-0.33","1137.01","","1140.77"
"A001810","무림SP","12","0","KOSDAQ","0.06","34.93","","34.91"
"A001820","삼화콘덴서","12","0","KOSPI","0.21","249.48","","248.96"
"A001840","이화공영","12","0","KOSDAQ","0","36.01","","36.01"
"A001940","KISCO홀딩스","12","0","KOSPI","-0.23","304.79","","305.5"
"A002020","코오롱","12","0","KOSPI","0.84","304.3","","301.77"
"A002030","아세아","12","0","KOSPI","5.19","591.9","","562.72"
"A002070","비비안","12","0","KOSPI","2.93","29.54","","28.7"
"A002100","경농","12","0","KOSPI","0.76","182.15","","180.78"
"A002140","고려산업","12","0","KOSPI","-0.54","68.33","","68.71"
"A002150","도화엔지니어링","12","0","KOSPI","0.31","218.84","","218.17"
"A002170","SYTS","12","0","KOSPI","0","145.95","","145.95"
"A002200","한국수출포장","12","0","KOSPI","0.35","114.2","","113.8"
"A002210","동성제약","12","0","KOSPI","0","74","","72.56"
"A002220","한일철강","12","0","KOSPI","0.3","52.67","","52.51"
"A002230","피에스텍","12","0","KOSDAQ","0.25","77.48","","77.29"
"A002240","고려제강","12","0","KOSPI","0.71","462.51","","459.27"
"A002290","삼일기업공사","12","0","KOSDAQ","0","42.22","","42.22"
"A002310","아세아제지","12","0","KOSPI","-1.39","296.42","","300.59"
"A002320","한진","12","0","KOSPI","0.15","295.37","","294.92"
"A002350","넥센타이어","12","0","KOSPI","-0.65","599.68","","603.59"
"A002360","SH에너지화학","12","0","KOSPI","0.23","49.34","","49.23"
"A002380","KCC","12","1","KOSPI","0.55","2417.12","","2403.79"
"A002390","한독","12","0","KOSPI","-0.26","158.01","","158.42"
"A002410","범양건영","12","0","KOSPI","0","53.17","","53.17"
"A002420","세기상사","12","0","KOSPI","0.6","30.09","","29.91"
"A002450","삼익악기","12","0","KOSPI","0.25","110.81","","110.54"
"A002460","HS화성","12","0","KOSPI","-1","100.89","","101.91"
"A002600","조흥","12","0","KOSPI","0","92.7","","92.7"
"A002620","제일파마홀딩스","12","0","KOSPI","-1.47","128.27","","130.18"
"A002630","오리엔트바이오","3","0","KOSPI","-1.1","160.32","","162.1"
"A002680","한탑","12","0","KOSDAQ","-1.67","24.75","","25.17"
"A002690","동일제강","12","0","KOSPI","2.17","30.57","","29.92"
"A002700","신일전자","12","0","KOSPI","-1.44","106.78","","108.35"
"A002710","TCC스틸","12","1","KOSPI","-4.07","426.23","","444.32"
"A002720","국제약품","12","0","KOSPI","-2.94","101.25","","104.32"
"A002760","보락","12","0","KOSPI","-1.47","64.15","","65.11"
"A002780","진흥기업","12","0","KOSPI","2.3","110.12","","107.65"
"A002790","아모레퍼시픽홀딩스","12","1","KOSPI","3.97","1978.51","","1903.02"
"A002800","신신제약","12","0","KOSDAQ","-0.81","93","","93.75"
"A002810","삼영무역","12","0","KOSPI","0.2","273.31","","272.76"
"A002820","SUN&L","12","0","KOSPI","-0.34","36.56","","36.69"
"A002840","미원상사","12","1","KOSPI","-1.68","860.23","","874.95"
"A002870","신풍","12","0","KOSPI","0.9","35.17","","34.85"
"A002880","디와이에이","12","0","KOSPI","-0.2","46.28","","46.37"
"A002900","TYM","12","0","KOSPI","-0.73","245.53","","247.33"
"A002920","유성기업","12","0","KOSPI","-0.36","50.83","","51.01"
"A002960","한국쉘석유","12","0","KOSPI","1.43","506.35","","499.2"
"A002990","금호건설","12","0","KOSPI","1.96","105.81","","103.78"
"A003000","부광약품","12","0","KOSPI","-0.84","281.35","","283.74"
"A003010","혜인","12","0","KOSPI","0.1","63.44","","63.37"
"A003030","세아제강지주","12","1","KOSPI","1.82","927.73","","911.16"
"A003060","에이프로젠바이오로직스","12","0","KOSPI","-3.45","127.58","","132.14"
"A003070","코오롱글로벌","12","0","KOSPI","2.91","167.37","","162.63"
"A003080","SB성보","12","0","KOSPI","-0.39","51.45","","51.65"
"A003090","대웅","12","1","KOSPI","-2.46","1151.21","","1180.28"
"A003100","선광","12","0","KOSDAQ","1.14","123.49","","122.1"
"A003120","일성아이에스","12","0","KOSPI","0.43","248.71","","247.65"
"A003160","디아이","12","0","KOSPI","-0.63","400.73","","403.28"
"A003200","일신방직","12","0","KOSPI","0.11","215.36","","215.14"
"A003220","대원제약","12","0","KOSPI","-0.87","305.24","","307.93"
"A003230","삼양식품","12","1","KOSPI","1.6","8610.24","","8474.64"
"A003240","태광산업","12","1","KOSPI","7.1","940.82","","878.47"
"A003280","흥아해운","12","0","KOSPI","-0.58","370.98","","373.14"
"A003300","한일홀딩스","12","0","KOSPI","4.58","478.83","","457.87"
"A003310","대주산업","12","0","KOSDAQ","-0.36","68.87","","69.12"
"A003350","한국화장품제조","12","0","KOSPI","3.56","224.11","","216.4"
"A003380","하림지주","12","0","KOSDAQ","0.76","892.68","","885.96"
"A003460","유화증권","12","0","KOSPI","0.61","141.19","","140.34"
"A003470","유안타증권","12","0","KOSPI","-0.96","619.75","","625.74"
"A003480","한진중공업홀딩스","12","0","KOSPI","0","151.49","","151.49"
"A003490","대한항공","12","1","KOSPI","0.67","8321.79","","8266.55"
"A003520","영진약품","12","0","KOSPI","-3.14","395.05","","407.85"
"A003530","한화투자증권","12","0","KOSPI","2.74","923.63","","898.96"
"A003540","대신증권","12","0","KOSPI","0.73","1053.55","","1045.93"
"A003550","LG","12","1","KOSPI","0.9","10614.45","","10520.1"
"A003570","SNT다이내믹스","12","0","KOSPI","0.64","1311.82","","1303.51"
"A003580","HLB글로벌","12","0","KOSPI","-1.01","147.43","","148.94"
"A003610","방림","9","0","KOSPI","2.73","166.44","","162.01"
"A003620","KG모빌리티","12","1","KOSPI","-0.31","652.6","","654.62"
"A003650","미창석유","12","0","KOSPI","1.01","174.14","","172.4"
"A003670","포스코퓨처엠","12","1","KOSPI","-3","7754.07","","7994.2"
"A003680","한성기업","12","0","KOSPI","-0.39","31.73","","31.85"
"A003690","코리안리","12","0","KOSPI","2.87","1817.68","","1767.03"
"A003720","삼영","12","0","KOSPI","-0.38","132.26","","132.77"
"A003780","진양산업","12","0","KOSPI","1.88","77.61","","76.18"
"A003800","에이스침대","12","0","KOSDAQ","1.35","292.22","","288.34"
"A003830","대한화섬","12","0","KOSPI","1.73","163.88","","161.09"
"A003850","보령","12","0","KOSPI","-0.71","723.19","","728.33"
"A003920","남양유업","12","0","KOSPI","-1.17","465.98","","471.5"
"A003960","사조대림","12","0","KOSPI","0.79","352.37","","349.62"
"A004000","롯데정밀화학","12","1","KOSPI","0.14","915.9","","914.61"
"A004020","현대제철","12","1","KOSPI","-2.23","3216.04","","3289.44"
"A004060","SG세계물산","12","0","KOSPI","-0.91","65.99","","66.6"
"A004080","신흥","12","0","KOSPI","-0.55","137.94","","138.7"
"A004090","한국석유","12","0","KOSPI","-0.48","156.77","","157.53"
"A004100","태양금속","12","0","KOSPI","0.56","99.27","","98.72"
"A004140","동방","12","0","KOSPI","0.21","114.41","","114.17"
"A004150","한솔홀딩스","12","0","KOSPI","0.39","105.85","","105.44"
"A004170","신세계","12","1","KOSPI","0.23","1682.12","","1678.26"
"A004250","NPC","12","0","KOSPI","1.07","155.88","","154.22"
"A004270","남성","12","0","KOSPI","1.06","37.84","","37.44"
"A004310","현대약품","11","0","KOSPI","-1.54","112.64","","114.4"
"A004360","세방","12","0","KOSPI","2.29","250.43","","244.83"
"A004370","농심","12","1","KOSPI","1.89","2621.62","","2572.96"
"A004380","삼익THK","12","0","KOSPI","0","209.16","","209.16"
"A004410","서울식품","12","0","KOSPI","0.64","58.84","","58.46"
"A004430","송원산업","12","0","KOSPI","-0.6","277.44","","279.12"
"A004440","삼일씨엔에스","12","0","KOSPI","1.28","55.57","","54.87"
"A004450","삼화왕관","12","0","KOSPI","3.1","82.51","","80.04"
"A004490","세방전지","12","1","KOSPI","0.31","891.8","","889"
"A004540","깨끗한나라","12","0","KOSPI","-2.86","82.12","","84.54"
"A004560","현대비앤지스틸","12","0","KOSPI","0.35","174.01","","173.41"
"A004590","한국가구","12","0","KOSDAQ","1.79","72.38","","71.1"
"A004650","창해에탄올","12","0","KOSDAQ","0.64","86.85","","86.3"
"A004690","삼천리","12","0","KOSPI","8.29","476.87","","440.38"
"A004700","조광피혁","12","0","KOSPI","-1.18","390.97","","395.62"
"A004710","한솔테크닉스","12","0","KOSPI","0.99","164.08","","162.48"
"A004720","팜젠사이언스","12","0","KOSPI","-3.1","76.72","","79.18"
"A004770","써니전자","12","0","KOSPI","-0.84","60.93","","61.44"
"A004780","대륙제관","12","0","KOSDAQ","0.27","60.03","","59.88"
"A004800","효성","12","0","KOSPI","0.73","925.74","","919.05"
"A004830","덕성","12","0","KOSPI","-1.19","90.94","","92.04"
"A004840","DRB동일","12","0","KOSPI","-0.35","84.5","","84.8"
"A004870","티웨이홀딩스","12","0","KOSPI","-2.36","70.16","","71.86"
"A004890","동일산업","12","0","KOSPI","0.35","104.16","","103.8"
"A004910","조광페인트","12","0","KOSPI","-2.19","68.74","","70.27"
"A004920","씨아이테크","12","0","KOSPI","2.56","62.18","","60.63"
"A004960","한신공영","12","0","KOSPI","4.69","93.03","","88.86"
"A004970","신라교역","12","0","KOSPI","1.09","148","","146.4"
"A004980","성신양회","12","0","KOSPI","0.35","208.88","","208.14"
"A004990","롯데지주","12","1","KOSPI","1.58","2690.92","","2648.96"
"A005010","휴스틸","12","0","KOSPI","-0.64","262.4","","264.08"
"A005030","부산주공","12","0","KOSPI","0","38.29","","38.29"
"A005070","코스모신소재","12","1","KOSPI","-3.06","978.57","","1009.46"
"A005090","SGC에너지","12","0","KOSPI","2.37","342.94","","335.02"
"A005110","한창","12","0","KOSPI","0","23.33","","23.33"
"A005160","동국산업","12","0","KOSDAQ","-1.25","192.3","","194.74"
"A005180","빙그레","12","0","KOSPI","-1.02","833.26","","841.86"
"A005250","녹십자홀딩스","12","1","KOSPI","-2.11","655.57","","669.68"
"A005290","동진쎄미켐","12","0","KOSDAQ","-0.18","1419.04","","1421.61"
"A005300","롯데칠성","12","1","KOSPI","-0.78","939.02","","946.45"
"A005320","온타이드","12","0","KOSPI","0.77","35.38","","35.11"
"A005360","모나미","12","0","KOSPI","-0.97","38.74","","39.12"
"A005380","현대차","12","1","KOSPI","-1.37","36835.92","","37347.82"
"A005420","코스모화학","12","1","KOSPI","-3.03","491.63","","506.99"
"A005430","한국공항","12","0","KOSPI","1.54","166.55","","164.02"
"A005440","현대지에프홀딩스","12","0","KOSPI","-1.65","1117.83","","1136.54"
"A005490","POSCO홀딩스","12","1","KOSPI","-1.89","18897.84","","19262.04"
"A005500","삼진제약","12","0","KOSPI","0.46","243.25","","242.14"
"A005610","삼립","12","0","KOSPI","-2.08","446.98","","456.47"
"A005670","푸드웰","12","0","KOSDAQ","-0.57","52.5","","52.8"
"A005680","삼영전자","12","0","KOSPI","0.84","216.4","","214.6"
"A005690","파미셀","12","0","KOSPI","9.7","719.6","","655.99"
"A005710","대원산업","12","0","KOSDAQ","-1.23","176.73","","178.94"
"A005720","넥센","12","0","KOSPI","0.71","305.2","","303.06"
"A005740","크라운해태홀딩스","12","0","KOSPI","-1.44","91.46","","92.8"
"A005750","대림바스","12","0","KOSPI","1.35","68.61","","67.69"
"A005800","신영와코루","12","0","KOSPI","1.06","103.23","","102.15"
"A005810","풍산홀딩스","12","0","KOSPI","4.75","461.35","","440.45"
"A005820","원림","12","0","KOSPI","-1.56","33.46","","33.99"
"A005830","DB손해보험","12","1","KOSPI","1.58","6839.28","","6733.08"
"A005850","에스엘","12","1","KOSPI","-0.66","1402.75","","1412.04"
"A005860","한일사료","12","0","KOSDAQ","-0.42","141.66","","142.25"
"A005870","휴니드","12","0","KOSPI","1.69","118.57","","116.6"
"A005880","대한해운","12","0","KOSPI","-0.52","490.17","","492.74"
"A005930","삼성전자","12","1","KOSPI","-0.91","320844.38","","323804.19"
"A005940","NH투자증권","12","1","KOSPI","1.06","5289","","5233.33"
"A005950","이수화학","12","0","KOSPI","-2.25","118.61","","121.34"
"A005960","동부건설","12","0","KOSPI","3.13","105.9","","102.69"
"A005990","매일홀딩스","12","0","KOSDAQ","0.76","144.59","","143.49"
"A006040","동원산업","12","0","KOSPI","0.66","1802.9","","1791.01"
"A006050","국영지앤엠","12","0","KOSDAQ","-0.15","45.29","","45.36"
"A006060","화승인더","12","0","KOSPI","-1.46","242.85","","246.45"
"A006090","사조오양","12","0","KOSPI","0.23","81.22","","81.04"
"A006110","삼아알미늄","12","1","KOSPI","-2.85","280.41","","288.65"
"A006120","SK디스커버리","12","0","KOSPI","0.57","810.06","","805.47"
"A006140","피제이전자","12","0","KOSDAQ","-1.23","84.15","","85.2"
"A006200","한국전자홀딩스","12","0","KOSPI","-0.44","31.83","","31.97"
"A006220","제주은행","12","0","KOSPI","1.41","300.73","","296.55"
"A006260","LS","12","1","KOSPI","-0.73","4820.34","","4855.76"
"A006280","녹십자","12","1","KOSPI","-1.41","1473.67","","1494.71"
"A006340","대원전선","12","0","KOSPI","1.9","221.56","","217.44"
"A006360","GS건설","12","1","KOSPI","7.72","1754.42","","1628.62"
"A006370","대구백화점","12","0","KOSPI","-4.83","70.34","","73.91"
"A006380","카프로","12","0","KOSPI","0","618.54","","618.54"
"A006400","삼성SDI","12","1","KOSPI","-1.78","11016.08","","11215.49"
"A006490","프리티","12","0","KOSPI","-0.3","161.5","","161.98"
"A006570","대림통상","12","0","KOSPI","2.42","38.6","","37.68"
"A006620","동구바이오제약","12","0","KOSDAQ","-1.22","161.68","","163.67"
"A006650","대한유화","12","1","KOSPI","-1.51","507.65","","515.45"
"A006660","삼성공조","12","0","KOSPI","-1.43","117.51","","119.21"
"A006730","서부T&D","12","0","KOSDAQ","-1.48","439.07","","445.67"
"A006740","블루산업개발","12","0","KOSPI","-0.6","55.35","","55.68"
"A006800","미래에셋증권","12","1","KOSPI","1.19","7750.6","","7659.35"
"A006840","AK홀딩스","12","0","KOSPI","-0.37","140.82","","141.35"
"A006880","신송홀딩스","12","0","KOSPI","-1.08","86.35","","87.3"
"A006890","태경케미컬","12","0","KOSPI","-0.35","133.05","","133.52"
"A006910","보성파워텍","12","0","KOSDAQ","5.05","153.29","","145.92"
"A006920","모헨즈","12","0","KOSDAQ","-1.31","32.98","","33.42"
"A006980","우성","12","0","KOSPI","0.36","51.63","","51.45"
"A007070","GS리테일","12","1","KOSPI","0.51","1145.42","","1139.57"
"A007110","일신석재","12","0","KOSPI","0","170.02","","170.02"
"A007120","미래아이앤지","12","0","KOSPI","1.44","30.58","","30.15"
"A007160","사조산업","12","0","KOSPI","5.84","226.5","","214"
"A007210","벽산","12","0","KOSPI","0.45","148.76","","148.09"
"A007280","한국특강","12","0","KOSPI","0.44","96.69","","96.27"
"A007310","오뚜기","12","1","KOSPI","0","1547.02","","1547.02"
"A007330","푸른저축은행","12","0","KOSDAQ","0.35","129.41","","128.96"
"A007340","DN오토모티브","12","0","KOSPI","2.64","1252.13","","1219.95"
"A007370","진양제약","12","0","KOSDAQ","-4.14","81.26","","84.77"
"A007390","네이처셀","12","0","KOSDAQ","-2.07","1527.11","","1557.44"
"A007460","에이프로젠","12","0","KOSPI","-2.99","202.06","","208.3"
"A007530","와이엠","12","0","KOSDAQ","0.43","51.74","","51.52"
"A007540","샘표","12","0","KOSPI","-0.79","127.11","","128.12"
"A007570","일양약품","12","0","KOSPI","-3.04","243.53","","251.17"
"A007590","동방아그로","12","0","KOSPI","0.82","83.61","","82.93"
"A007610","선도전기","12","0","KOSPI","0","54","","54"
"A007660","이수페타시스","12","0","KOSPI","1.02","2914.35","","2884.98"
"A007680","대원","12","0","KOSDAQ","0","60.98","","60.98"
"A007690","국도화학","12","0","KOSPI","-0.92","298.2","","300.98"
"A007700","F&F홀딩스","12","0","KOSPI","1.21","556.21","","549.56"
"A007720","소노스퀘어","12","0","KOSDAQ","0.36","84.57","","84.27"
"A007770","한일화학","12","0","KOSDAQ","-0.31","33.38","","33.49"
"A007810","코리아써키트","12","0","KOSPI","-0.51","232.43","","233.61"
"A007820","엠엑스로보틱스","12","0","KOSDAQ","-0.11","87.05","","87.15"
"A007860","서연","12","0","KOSPI","-4.61","184.79","","193.71"
"A007980","TP","12","0","KOSPI","-0.22","68.37","","68.52"
"A008040","사조동아원","12","0","KOSPI","0.25","169.8","","169.37"
"A008060","대덕","12","0","KOSPI","2","259.6","","254.52"
"A008250","이건산업","12","0","KOSPI","0","59.03","","59.03"
"A008260","NI스틸","12","0","KOSPI","0","99.1","","99.1"
"A008290","원풍물산","12","0","KOSDAQ","-0.21","19.13","","19.17"
"A0082N0","카나프테라퓨틱스","12","0","외감","","","",""
"A008350","남선알미늄","12","0","KOSPI","-0.24","160.19","","160.57"
"A008370","원풍","12","0","KOSDAQ","0.73","49.92","","49.56"
"A008420","문배철강","12","0","KOSPI","-0.45","45.62","","45.83"
"A008470","부스타","12","0","KOSDAQ","1.46","32.11","","31.64"
"A008490","서흥","12","0","KOSPI","0.44","212.29","","211.37"
"A008500","일정실업","12","0","KOSPI","-1.79","13.16","","13.4"
"A008600","윌비스","12","0","KOSPI","2.7","38.32","","37.32"
"A008700","아남전자","12","0","KOSPI","-2.34","109.52","","112.14"
"A008730","율촌화학","12","1","KOSPI","-2.37","664.64","","680.76"
"A008770","호텔신라","12","1","KOSPI","-1.43","1893.72","","1921.2"
"A008830","대동기어","12","0","KOSDAQ","0.05","172.47","","172.38"
"A008870","금비","9","0","KOSPI","2.78","59.1","","57.5"
"A0088M0","메쥬","12","0","외감","","","",""
"A008930","한미사이언스","12","1","KOSPI","0.46","2260.34","","2250.08"
"A008970","KBI동양철관","12","0","KOSPI","2.28","214.45","","209.67"
"A009070","KCTC","12","0","KOSPI","-0.38","118.65","","119.1"
"A009140","경인전자","12","0","KOSPI","1.97","30.96","","30.36"
"A009150","삼성전기","12","1","KOSPI","-1.26","8761.57","","8873.61"
"A009160","SIMPAC","12","0","KOSPI","2.03","296.4","","290.51"
"A009180","한솔로지스틱스","12","0","KOSPI","-0.23","61.38","","61.52"
"A009190","대양금속","12","0","KOSPI","8.75","76.88","","70.7"
"A009200","무림페이퍼","12","0","KOSPI","0.72","87.38","","86.76"
"A009240","한샘","12","1","KOSPI","0.49","956.65","","951.95"
"A009270","신원","12","0","KOSPI","1.27","183.4","","181.09"
"A009290","광동제약","12","0","KOSPI","-0.55","285.17","","286.74"
"A009300","삼아제약","12","0","KOSDAQ","-0.53","108.61","","109.18"
"A009310","참엔지니어링","12","0","KOSPI","3.93","22.44","","21.59"
"A009320","아진전자부품","12","0","KOSPI","-0.1","49.25","","49.3"
"A009410","태영건설","12","0","KOSPI","2.32","779.29","","761.65"
"A009420","한올바이오파마","12","1","KOSPI","-2.13","1321.69","","1350.42"
"A009440","KC그린홀딩스","12","0","KOSPI","0","17.57","","17.57"
"A009450","경동나비엔","12","0","KOSPI","1.33","1111.58","","1097.01"
"A009460","한창제지","12","0","KOSPI","-1.23","43.08","","43.62"
"A009470","삼화전기","12","0","KOSPI","-0.93","176.59","","178.24"
"A009520","포스코엠텍","12","0","KOSDAQ","-2.84","442.25","","455.15"
"A009540","HD한국조선해양","12","1","KOSPI","0.17","20418.04","","20382.66"
"A009580","무림P&P","12","0","KOSPI","0.71","176.19","","174.94"
"A009620","삼보산업","12","0","KOSDAQ","2.63","35.23","","34.33"
"A009680","모토닉","12","0","KOSPI","0.4","282.74","","281.62"
"A009730","이렘","12","0","KOSDAQ","-1.24","58.08","","58.81"
"A009770","삼정펄프","12","0","KOSPI","2.06","68.12","","66.75"
"A009780","엠에스씨","12","0","KOSDAQ","-2.17","158.4","","161.92"
"A009810","플레이그램","12","0","KOSPI","-0.65","46.33","","46.63"
"A009830","한화솔루션","12","1","KOSPI","-11.41","5070.83","","5724.02"
"A009900","명신산업","12","0","KOSPI","-1.38","412.94","","418.71"
"A009970","영원무역홀딩스","12","1","KOSPI","4.56","1564","","1495.82"
"A010040","한국내화","12","0","KOSPI","0.86","96.51","","95.69"
"A010060","OCI홀딩스","12","1","KOSPI","-3.55","1226.73","","1271.89"
"A010100","한국무브넥스","12","0","KOSPI","-1.88","119.06","","121.34"
"A010120","LS ELECTRIC","12","1","KOSPI","1.8","7635","","7500"
"A010130","고려아연","12","1","KOSPI","-0.26","16107.15","","16148.56"
"A010140","삼성중공업","12","1","KOSPI","-0.48","12698.4","","12760"
"A010170","대한광통신","12","0","KOSDAQ","1","66.58","","65.93"
"A010240","흥국","12","0","KOSDAQ","-1.33","64.2","","65.06"
"A010280","아이티센엔텍","12","0","KOSDAQ","-3.93","55.75","","58.03"
"A010400","우진아이엔에스","12","0","KOSPI","-1.12","20.16","","20.39"
"A010470","오리콤","12","0","KOSDAQ","-1.81","71.61","","72.93"
"A010580","에스엠벡셀","12","0","KOSPI","-0.24","136.39","","136.73"
"A010640","진양폴리","12","0","KOSPI","-0.37","40.65","","40.8"
"A010660","화천기계","12","0","KOSPI","1.98","101.86","","99.88"
"A010690","화신","12","0","KOSPI","-1.31","264","","267.49"
"A010770","평화홀딩스","12","0","KOSPI","12.5","151.37","","134.55"
"A010780","아이에스동서","12","0","KOSPI","4.62","567.82","","542.76"
"A010820","퍼스텍","12","0","KOSPI","2.04","183.38","","179.72"
"A010950","S-Oil","12","1","KOSPI","0.2","5707.95","","5696.69"
"A010960","삼호개발","12","0","KOSPI","0.15","82.75","","82.63"
"A011000","진원생명과학","12","0","KOSPI","10.25","315.04","","285.75"
"A011040","경동제약","12","0","KOSDAQ","-2","180.92","","184.61"
"A011070","LG이노텍","12","1","KOSPI","-1","3296.83","","3329.96"
"A011080","형지I&C","12","0","KOSDAQ","16.63","60.4","","51.79"
"A011090","에넥스","12","0","KOSPI","-0.7","42.53","","42.83"
"A011150","CJ씨푸드","12","0","KOSPI","-0.83","107.61","","108.51"
"A011170","롯데케미칼","12","1","KOSPI","-1.05","2412.53","","2438.2"
"A011200","HMM","12","1","KOSPI","0","22755.88","","22755.88"
"A011210","현대위아","12","1","KOSPI","0.5","1094.6","","1089.16"
"A011230","삼화전자","12","0","KOSPI","1.88","68.62","","67.36"
"A011280","태림포장","12","0","KOSPI","0","152.59","","152.59"
"A011300","우성머티리얼스","12","0","KOSPI","-0.87","71.12","","71.74"
"A011320","유니크","12","0","KOSDAQ","0.56","69.65","","69.26"
"A011330","유니켐","12","0","KOSPI","-1.81","142.51","","145.14"
"A011370","서한","12","0","KOSDAQ","0.47","85.66","","85.26"
"A011390","부산산업","12","0","KOSPI","1.02","104.33","","103.28"
"A011420","갤럭시아에스엠","12","0","KOSPI","-0.66","62.12","","62.54"
"A011500","한농화성","12","0","KOSPI","-2.12","216.73","","221.42"
"A011560","세보엠이씨","12","0","KOSDAQ","0.6","105.62","","104.98"
"A011690","와이투솔루션","12","0","KOSPI","13.45","120.33","","106.07"
"A011700","한신기계","12","0","KOSPI","19.45","113.56","","95.07"
"A011760","현대코퍼레이션","12","0","KOSPI","3.07","333.37","","323.45"
"A011780","금호석유화학","12","1","KOSPI","0.74","2881.45","","2860.28"
"A011790","SKC","12","1","KOSPI","-3.91","3256.67","","3389.21"
"A0117P0","피스피스스튜디오","12","0","외감","","","",""
"A011810","STX","12","0","KOSPI","-2.16","98.33","","100.5"
"A011930","신성이엔지","12","0","KOSPI","-0.57","285.31","","286.95"
"A012030","DB","12","0","KOSPI","0.4","253.08","","252.07"
"A0120G0","삼양바이오팜","12","0","외감","","","",""
"A012160","영흥","12","0","KOSPI","0","51.06","","51.06"
"A012170","아센디오","12","0","KOSPI","11.54","46.76","","41.92"
"A012200","계양전기","12","0","KOSPI","-0.07","39.72","","39.75"
"A012210","삼미금속","12","0","KONEX","14.41","75.31","","65.82"
"A012280","영화금속","12","0","KOSPI","-1.2","42.47","","42.98"
"A012320","경동인베스트","12","0","KOSPI","0.93","128.18","","127"
"A012330","현대모비스","12","1","KOSPI","-1.63","22504.81","","22876.79"
"A012340","뉴인텍","12","0","KOSDAQ","0","29.63","","29.63"
"A012450","한화에어로스페이스","12","1","KOSPI","-0.36","39255.85","","39397.74"
"A012510","더존비즈온","12","0","KOSPI","-1.08","1674.09","","1692.32"
"A012610","경인양행","12","0","KOSPI","-0.94","132.13","","133.38"
"A012620","원일특강","12","0","KOSDAQ","0.14","32.25","","32.21"
"A012630","HDC","12","0","KOSPI","1.5","1215.74","","1197.82"
"A012690","모나리자","12","0","KOSPI","-2.42","103.13","","105.69"
"A0126Z0","삼성에피스홀딩스","12","0","외감","","","",""
"A012700","리드코프","12","0","KOSDAQ","2.95","138.31","","134.35"
"A012750","에스원","12","1","KOSPI","0","2511.75","","2511.75"
"A012790","신일제약","12","0","KOSDAQ","-1.48","79.95","","81.15"
"A012800","대창","12","0","KOSPI","1.71","119.39","","117.39"
"A012860","모베이스전자","12","0","KOSDAQ","0.2","107.58","","107.36"
"A013000","세우글로벌","12","0","KOSPI","0","33.41","","33.41"
"A013030","하이록코리아","12","0","KOSDAQ","3.87","346.12","","333.21"
"A013120","동원개발","12","0","KOSDAQ","2.32","220.21","","215.22"
"A013310","아진산업","12","0","KOSDAQ","-1.26","106.72","","108.08"
"A013360","일성건설","12","0","KOSPI","-1.22","131.28","","132.9"
"A013520","화승코퍼레이션","12","0","KOSPI","0.05","97.15","","97.1"
"A013570","디와이","12","0","KOSPI","0.12","107.12","","106.99"
"A013580","계룡건설","12","0","KOSPI","1.52","172.63","","170.04"
"A013700","까뮤이앤씨","12","0","KOSPI","-0.18","67.52","","67.64"
"A013720","청보","12","0","KOSDAQ","-10.94","78.5","","88.15"
"A013810","스페코","12","0","KOSDAQ","-0.16","45.14","","45.21"
"A013870","지엠비코리아","12","0","KOSPI","0.25","75.43","","75.24"
"A013890","지누스","12","0","KOSPI","1.09","391.01","","386.78"
"A013990","아가방컴퍼니","12","0","KOSDAQ","-1.68","192.72","","196.01"
"A014100","메디앙스","12","0","KOSDAQ","-2.19","26.31","","26.9"
"A014130","한익스프레스","12","0","KOSPI","0","40.8","","40.8"
"A014160","대영포장","12","0","KOSPI","3.21","153.49","","148.72"
"A014190","원익큐브","12","0","KOSDAQ","-1.75","51.75","","52.68"
"A014280","금강공업","12","0","KOSPI","0.91","130.52","","129.34"
"A014440","영보화학","12","0","KOSPI","0.58","87","","86.5"
"A014470","부방","12","0","KOSDAQ","0.55","98.43","","97.89"
"A014530","극동유화","12","0","KOSPI","0","117.68","","117.68"
"A014570","고려제약","12","0","KOSDAQ","0","53.9","","53.9"
"A014580","태경비케이","12","0","KOSPI","0.98","128.26","","127.02"
"A014620","성광벤드","12","0","KOSDAQ","3.94","735.92","","707.99"
"A014680","한솔케미칼","12","1","KOSPI","-0.84","1339.82","","1351.16"
"A014710","사조씨푸드","12","0","KOSPI","0.36","96.77","","96.42"
"A014790","HL D&I","12","0","KOSPI","4.82","94.65","","90.29"
"A014820","동원시스템즈","12","1","KOSPI","-0.68","845.1","","850.89"
"A014830","유니드","12","0","KOSPI","1.07","640.89","","634.12"
"A014910","성문전자","12","0","KOSPI","0.75","27.13","","26.93"
"A014940","오리엔탈정공","12","0","KOSDAQ","-3.45","255.21","","264.33"
"A014950","삼익제약","12","0","외감","","","",""
"A014970","삼륭물산","12","0","KOSDAQ","0.85","107.84","","106.93"
"A014990","인디에프","12","0","KOSPI","0.65","70.31","","69.86"
"A015020","이스타코","12","0","KOSPI","0.27","47.99","","47.87"
"A015230","대창단조","12","0","KOSPI","0.89","161.15","","159.72"
"A015260","에이엔피","12","0","KOSPI","-3.72","18.68","","19.4"
"A015360","INVENI","12","0","KOSPI","1.19","306","","302.4"
"A015590","DKME","12","0","KOSPI","0","122.05","","122.05"
"A015710","코콤","12","0","KOSDAQ","-0.48","72.23","","72.58"
"A015750","성우하이텍","12","0","KOSDAQ","-2.22","422.4","","432"
"A015760","한국전력","12","1","KOSPI","3.37","19708.3","","19066.33"
"A015860","일진홀딩스","12","0","KOSPI","1.06","210.96","","208.74"
"A015890","태경산업","12","0","KOSPI","0.62","143.22","","142.34"
"A016090","대현","12","0","KOSPI","0.27","83.43","","83.21"
"A016100","리더스코스메틱","12","0","KOSDAQ","7.52","45.08","","41.93"
"A016250","SGC E&C","12","0","KOSDAQ","-2.16","54.36","","55.56"
"A016360","삼성증권","12","1","KOSPI","0.18","5009.73","","5000.8"
"A016380","KG스틸","12","0","KOSPI","0.36","565.05","","563.05"
"A016450","한세예스24홀딩스","12","0","KOSPI","-0.13","151.8","","152"
"A016580","환인제약","12","0","KOSPI","-1.06","208.51","","210.74"
"A016590","신대양제지","12","0","KOSPI","0","356.64","","356.64"
"A016600","큐캐피탈","12","0","KOSDAQ","0.76","47.41","","47.06"
"A016610","DB증권","12","0","KOSPI","1.23","279.3","","275.9"
"A016670","디모아","12","0","KOSDAQ","-2.87","21.77","","22.41"
"A016710","대성홀딩스","12","0","KOSPI","1.13","129.84","","128.39"
"A016740","두올","12","0","KOSPI","0.47","101.12","","100.65"
"A016790","현대사료","12","0","KOSDAQ","0","187.34","","187.34"
"A016800","퍼시스","12","0","KOSPI","-0.46","503.13","","505.43"
"A016880","웅진","12","0","KOSPI","10.56","161.45","","146.03"
"A016920","카스","12","0","KOSDAQ","-0.13","41.06","","41.12"
"A017000","신원종합개발","12","0","KOSDAQ","-0.74","31.39","","31.62"
"A017040","광명전기","12","0","KOSPI","2.08","72.33","","70.86"
"A017180","명문제약","12","0","KOSPI","-2.65","57.31","","58.88"
"A017250","인터엠","9","0","KOSDAQ","0.59","21.57","","21.45"
"A017370","우신시스템","12","0","KOSPI","-3.18","128.2","","132.41"
"A017390","서울가스","12","0","KOSPI","3.14","279.5","","271"
"A017480","삼현철강","12","0","KOSDAQ","0.67","71.13","","70.66"
"A017510","세명전기","12","0","KOSDAQ","5.15","109.01","","103.67"
"A017550","수산세보틱스","12","0","KOSPI","0.11","111.88","","111.76"
"A017650","대림제지","12","0","KOSDAQ","-0.76","58.41","","58.86"
"A017670","SK텔레콤","12","1","KOSPI","-0.2","10889.86","","10911.33"
"A017800","현대엘리베이터","12","1","KOSPI","2.64","2888.93","","2814.65"
"A017810","풀무원","12","0","KOSPI","-0.95","478.41","","482.99"
"A017860","DS단석","12","0","KOSPI","3.23","422.02","","408.83"
"A017890","한국알콜","12","0","KOSDAQ","-2.25","197.04","","201.58"
"A017900","광전자","12","0","KOSPI","0.22","106.38","","106.15"
"A017940","E1","12","0","KOSPI","-0.29","466.48","","467.85"
"A017960","한국카본","12","0","KOSPI","2.89","1108.25","","1077.1"
"A018000","유니슨","12","0","KOSDAQ","-4.05","267.62","","278.92"
"A018120","진로발효","12","0","KOSDAQ","-0.16","121.1","","121.3"
"A018250","애경산업","12","0","KOSPI","3.49","384","","371.06"
"A018260","삼성에스디에스","12","1","KOSPI","-0.31","10097.8","","10128.75"
"A018290","브이티","12","0","KOSDAQ","2.94","1501.73","","1458.77"
"A018310","삼목에스폼","12","0","KOSDAQ","2.5","301.35","","294"
"A018470","조일알미늄","12","0","KOSPI","-1.6","194.13","","197.29"
"A018500","동원모빌리티","3","0","KOSPI","-0.36","65.18","","65.41"
"A018620","우진비앤지","12","0","KOSDAQ","0","28.74","","28.74"
"A018670","SK가스","12","0","KOSPI","1.21","1936.88","","1913.77"
"A018680","서울제약","12","0","KOSDAQ","-8.87","40.75","","44.71"
"A018700","졸스","12","0","KOSDAQ","-1.55","31.15","","31.64"
"A018880","한온시스템","12","1","KOSPI","-2.38","2087.19","","2138.1"
"A019010","베뉴지","12","0","KOSDAQ","-0.89","107.49","","108.45"
"A019170","신풍제약","12","0","KOSPI","-2.67","539.92","","554.75"
"A019180","티에이치엔","12","0","KOSPI","0","49.41","","49.41"
"A019210","와이지-원","12","0","KOSDAQ","2.23","200.44","","196.07"
"A019490","엑시큐어하이트론","12","0","KOSPI","-0.21","72.15","","72.3"
"A019540","일지테크","12","0","KOSDAQ","3.2","54.46","","52.77"
"A019550","SBI인베스트먼트","12","0","KOSDAQ","-0.68","119.12","","119.93"
"A019570","GMI벤처","12","0","KOSDAQ","-5.6","16.52","","17.5"
"A019660","글로본","12","0","KOSDAQ","-6.38","46.02","","49.11"
"A019680","대교","12","0","KOSPI","1.27","203.29","","200.75"
"A019770","서연탑메탈","12","0","KOSDAQ","-1.61","42.76","","43.45"
"A019990","에너토크","12","0","KOSDAQ","29.85","77.66","","59.8"
"A020000","한섬","12","0","KOSPI","0.44","356.09","","354.52"
"A020120","키다리스튜디오","12","0","KOSPI","-0.63","117.86","","118.6"
"A020150","롯데에너지머티리얼즈","12","0","KOSPI","-1.15","1033.17","","1045.21"
"A020180","대신정보통신","3","0","KOSDAQ","-2.32","43.69","","44.73"
"A020400","대동금속","12","0","KOSDAQ","0","19.65","","19.65"
"A020560","아시아나항공","12","0","KOSPI","-0.1","2033.13","","2035.19"
"A020710","시공테크","12","0","KOSDAQ","-1.16","76.68","","77.59"
"A020760","일진디스플","12","0","KOSPI","1.52","37.91","","37.35"
"A021040","대호특수강","12","0","KOSDAQ","-7.16","34.32","","36.96"
"A021050","서원","12","0","KOSPI","-0.17","56.02","","56.11"
"A021080","에이티넘인베스트","12","0","KOSDAQ","-0.21","114.72","","114.96"
"A021240","코웨이","12","1","KOSPI","5.43","6838.56","","6545.25"
"A021320","KCC건설","12","0","KOSDAQ","1.65","105.61","","103.9"
"A021650","한국큐빅","12","0","KOSDAQ","0.22","37.28","","37.2"
"A021820","세원정공","6","0","KOSPI","-1.04","85.4","","86.3"
"A021880","메이슨캐피탈","3","0","KOSDAQ","2.03","61.18","","59.96"
"A022100","포스코DX","12","1","KOSPI","-4.26","3078.7","","3215.53"
"A022220","티케이지애강","12","0","KOSDAQ","-0.33","46.56","","46.72"
"A023000","삼원강재","12","0","KOSPI","-3.98","96.4","","100.4"
"A023150","MH에탄올","12","0","KOSPI","-0.39","37.34","","37.48"
"A023160","태광","12","0","KOSDAQ","5.71","510.13","","482.57"
"A023350","한국종합기술","12","0","KOSPI","1.29","60.01","","59.24"
"A023410","유진기업","12","0","KOSDAQ","0.45","261.31","","260.15"
"A023440","제이스코홀딩스","12","0","KOSDAQ","1.09","131.68","","130.26"
"A023450","동남합성","12","0","KOSPI","-0.29","119.35","","119.7"
"A023530","롯데쇼핑","12","1","KOSPI","-0.64","2192.38","","2206.52"
"A023590","다우기술","12","0","KOSPI","-0.42","1072.31","","1076.8"
"A023600","삼보판지","12","0","KOSDAQ","1.35","133.73","","131.95"
"A023760","한국캐피탈","12","0","KOSDAQ","0.79","202.31","","200.73"
"A023770","플레이위드","12","0","KOSDAQ","-0.46","28.54","","28.67"
"A023790","동일스틸럭스","12","0","KOSDAQ","0","19.63","","19.63"
"A023800","인지컨트롤스","12","0","KOSPI","-0.33","95.49","","95.8"
"A023810","인팩","12","0","KOSPI","0","57","","57"
"A023900","풍국주정","12","0","KOSDAQ","-0.45","111.64","","112.14"
"A023910","대한약품","12","0","KOSDAQ","1.43","170.4","","168"
"A023960","에쓰씨엔지니어링","12","0","KOSPI","0.64","44.21","","43.93"
"A024060","흥구석유","12","0","KOSDAQ","-1.03","172.2","","174"
"A024070","WISCOM","12","0","KOSPI","0.15","30.32","","30.27"
"A024090","디씨엠","12","0","KOSPI","0.8","144.32","","143.18"
"A024110","기업은행","12","1","KOSPI","0.66","12248.46","","12168.72"
"A024120","KB오토시스","12","0","KOSDAQ","-1.17","38.93","","39.39"
"A024720","콜마홀딩스","12","0","KOSPI","-3.74","388.92","","404.01"
"A024740","한일단조","12","0","KOSDAQ","3.13","70.56","","68.43"
"A024800","유성티엔에스","12","0","KOSDAQ","-2.62","96.52","","99.11"
"A024830","세원물산","12","0","KOSDAQ","-0.27","61.04","","61.21"
"A024840","KBI메탈","12","0","KOSDAQ","0.21","67.06","","66.92"
"A024850","HLB이노베이션","12","0","KOSDAQ","0.1","282.55","","282.26"
"A024880","케이피에프","12","0","KOSDAQ","-0.45","91.52","","91.94"
"A024890","대원화성","12","0","KOSPI","-0.33","37.08","","37.21"
"A024900","디와이덕양","12","0","KOSPI","-1.13","85.32","","86.3"
"A024910","경창산업","12","0","KOSDAQ","-0.59","60.64","","61"
"A024940","PN풍년","12","0","KOSDAQ","-3.03","44.8","","46.2"
"A024950","삼천리자전거","12","0","KOSDAQ","-0.23","57.08","","57.21"
"A025000","KPX케미칼","12","0","KOSPI","0.56","215.86","","214.65"
"A025320","시노펙스","12","0","KOSDAQ","0.64","552.64","","550.83"
"A025440","DH오토웨어","12","0","KOSDAQ","0.59","33.22","","33.02"
"A025530","SJM홀딩스","12","0","KOSPI","-1.49","49.28","","50.03"
"A025540","한국단자","12","0","KOSPI","0.51","592.74","","589.7"
"A025550","한국선재","12","0","KOSDAQ","1.28","90.83","","89.68"
"A025560","미래산업","12","0","KOSPI","-0.16","45.26","","37.65"
"A025620","차AI헬스케어","12","0","KOSPI","-10.46","38.12","","42.58"
"A025750","한솔홈데코","12","0","KOSPI","-0.94","59.13","","59.7"
"A025770","한국정보통신","12","0","KOSDAQ","0","284.58","","284.58"
"A025820","이구산업","12","0","KOSPI","2.26","143.47","","140.29"
"A025860","남해화학","12","0","KOSPI","0.85","352.72","","349.74"
"A025870","신라에스지","12","0","KOSDAQ","-0.33","24.16","","24.24"
"A025880","케이씨피드","12","0","KOSDAQ","-1.47","44.8","","45.47"
"A025890","한국주강","12","0","KOSPI","0.22","20.66","","20.62"
"A025900","동화기업","12","0","KOSDAQ","-1.96","403.95","","412.04"
"A025950","동신건설","12","0","KOSDAQ","0.97","306.18","","303.24"
"A025980","아난티","12","0","KOSDAQ","0.57","628.38","","624.84"
"A026040","제이에스티나","12","0","KOSDAQ","2.14","31.52","","30.86"
"A026150","특수건설","12","0","KOSDAQ","1.52","140.72","","138.62"
"A026890","스틱인베스트먼트","12","0","KOSPI","-1.75","421.78","","429.29"
"A026910","광진실업","12","0","KOSDAQ","0","18.22","","18.22"
"A026940","부국철강","12","0","KOSPI","-0.43","46.8","","47"
"A026960","동서","12","1","KOSPI","1.45","2437.66","","2402.77"
"A027040","서울전자통신","12","0","KOSDAQ","-1.46","14.13","","14.34"
"A027050","코리아나","12","0","KOSDAQ","1.5","94.8","","93.4"
"A027360","아주IB투자","12","0","KOSDAQ","0","271.52","","271.52"
"A027410","BGF","12","0","KOSPI","1.2","362.77","","358.46"
"A027580","상보","12","0","KOSDAQ","-0.47","63.21","","63.5"
"A027710","팜스토리","12","0","KOSDAQ","-2.12","138.94","","141.94"
"A027740","마니커","12","0","KOSPI","-14.21","62.88","","73.29"
"A027830","대성창투","12","0","KOSDAQ","-2.9","101.25","","104.27"
"A027970","한국제지","12","0","KOSPI","-0.36","156.14","","156.71"
"A028050","삼성E&A","12","1","KOSPI","2.2","4106.2","","4018"
"A028080","휴맥스홀딩스","12","0","KOSDAQ","-1.59","27.23","","27.67"
"A028100","동아지질","12","0","KOSPI","1.32","206.06","","203.39"
"A028260","삼성물산","12","1","KOSPI","2.53","24136.67","","23541.75"
"A028300","HLB","12","0","KOSDAQ","0","7004.96","","7004.96"
"A028670","팬오션","12","1","KOSPI","0.56","1924.45","","1913.76"
"A029460","케이씨","12","0","KOSPI","0.46","289.1","","287.78"
"A029480","광무","12","0","KOSDAQ","-4.85","143.57","","150.89"
"A029530","신도리코","12","0","KOSPI","0.34","444.03","","442.51"
"A029780","삼성카드","12","1","KOSPI","-0.12","4924","","4929.8"
"A030000","제일기획","12","1","KOSPI","0.33","2071.89","","2064.99"
"A030190","NICE평가정보","12","0","KOSPI","1.37","838.45","","827.14"
"A030200","KT","12","1","KOSPI","-1.38","12601.08","","12777.5"
"A030210","다올투자증권","12","0","KOSPI","-0.15","202.22","","202.53"
"A030350","드래곤플라이","12","0","KOSDAQ","0","13.5","","13.5"
"A030520","한컴","12","0","KOSDAQ","1.32","558.55","","551.3"
"A030530","원익홀딩스","12","0","KOSDAQ","-4.2","404.73","","422.49"
"A030610","교보증권","12","0","KOSPI","-1.32","850.16","","861.56"
"A030720","동원수산","12","0","KOSPI","1.66","25.6","","25.18"
"A030960","양지사","6","0","KOSDAQ","-0.35","135.67","","136.15"
"A031210","서울보증보험","12","0","KOSPI","0.15","2339.02","","2335.53"
"A031310","아이즈비전","12","0","KOSDAQ","0.47","45.2","","44.99"
"A031330","에스에이엠티","12","0","KOSDAQ","-0.73","270.99","","272.99"
"A031430","신세계인터내셔날","12","0","KOSPI","2.04","388.42","","380.64"
"A031440","신세계푸드","12","0","KOSPI","-0.15","130.5","","130.7"
"A031510","오스템","12","0","KOSDAQ","-2.13","28.34","","28.95"
"A031820","아이티센씨티에스","12","0","KOSPI","0.16","73.96","","73.84"
"A031860","디에이치엑스컴퍼니","12","0","KOSDAQ","-2.8","19.06","","19.61"
"A031980","피에스케이홀딩스","12","0","KOSDAQ","0","669.51","","669.51"
"A032080","아즈텍WB","12","0","KOSDAQ","-1.7","27.27","","27.74"
"A032190","다우데이타","12","0","KOSDAQ","0.57","539.65","","536.58"
"A032280","삼일","12","0","KOSDAQ","1.29","25.39","","25.07"
"A032300","한국파마","12","0","KOSDAQ","-2.03","158.15","","161.42"
"A032350","롯데관광개발","12","0","KOSPI","0.36","859.67","","856.62"
"A032500","케이엠더블유","12","0","KOSDAQ","0","332.9","","332.9"
"A032540","TJ미디어","12","0","KOSDAQ","-0.2","67.99","","68.13"
"A032560","황금에스티","12","0","KOSPI","-0.53","95.37","","95.88"
"A032580","피델릭스","12","0","KOSDAQ","0.42","39.39","","39.23"
"A032620","GC메디아이","12","0","KOSDAQ","0.92","201.48","","199.65"
"A032640","LG유플러스","12","1","KOSPI","-2.62","5518.77","","5667.22"
"A032680","소프트센","12","0","KOSDAQ","0","36.53","","36.53"
"A032750","삼진","12","0","KOSDAQ","-0.78","40.01","","40.32"
"A032790","엠젠솔루션","12","0","KOSDAQ","-4.57","49.5","","51.87"
"A032800","판타지오","6","0","KOSDAQ","0","26.1","","26.1"
"A032820","우리기술","12","0","KOSDAQ","12.38","388.64","","345.82"
"A032830","삼성생명","12","1","KOSPI","1.55","18400","","18120"
"A032850","비트컴퓨터","12","0","KOSDAQ","0.38","86.77","","86.44"
"A032860","더라미","12","0","KOSDAQ","-1.15","45.2","","45.73"
"A032940","원익","12","0","KOSDAQ","-0.4","67.68","","67.95"
"A032960","동일기연","12","0","KOSDAQ","-0.47","43.37","","43.57"
"A032980","바이온","12","0","KOSDAQ","0","13.52","","13.52"
"A033050","제이엠아이","12","0","KOSDAQ","1.07","27.79","","27.5"
"A033100","제룡전기","12","0","KOSDAQ","2.99","525.24","","509.98"
"A033130","디지틀조선","12","0","KOSDAQ","-1.3","58.98","","59.76"
"A033160","엠케이전자","12","0","KOSDAQ","-2.53","170.13","","174.54"
"A033170","시그네틱스","12","0","KOSDAQ","-1.07","55.55","","56.15"
"A033200","모아텍","3","0","KOSDAQ","-0.79","44.93","","45.29"
"A033230","인성정보","12","0","KOSDAQ","2.97","113.91","","110.63"
"A033240","자화전자","12","0","KOSPI","-0.61","252.58","","254.13"
"A033250","체시스","12","0","KOSPI","12.25","40.77","","36.32"
"A033270","유나이티드제약","12","0","KOSPI","-2.12","316.71","","323.57"
"A033290","로젠","12","0","KOSDAQ","1.92","119.05","","116.81"
"A033310","엠투엔","12","0","KOSDAQ","-0.1","77.86","","77.94"
"A033320","제이씨현시스템","12","0","KOSDAQ","0.19","101.31","","101.12"
"A033340","좋은사람들","12","0","KOSDAQ","-0.49","78.14","","78.53"
"A033500","동성화인텍","12","0","KOSDAQ","-1.95","752.74","","767.73"
"A033530","SJG세종","12","0","KOSPI","1.4","120.88","","119.21"
"A033540","파라텍","12","0","KOSDAQ","-0.37","51.11","","51.3"
"A033560","블루콤","12","0","KOSDAQ","0","59.42","","59.42"
"A033640","네패스","12","0","KOSDAQ","-2.89","170.18","","175.25"
"A033780","KT&G","12","1","KOSPI","-0.17","14574.26","","14598.67"
"A033790","피노","12","0","KOSDAQ","0","106.58","","106.58"
"A033830","티비씨","12","0","KOSDAQ","-1.74","73.4","","74.7"
"A033920","무학","12","0","KOSPI","0","215.18","","215.18"
"A034020","두산에너빌리티","12","1","KOSPI","6.67","26134.89","","24501.46"
"A034120","SBS","12","0","KOSPI","1.3","432.24","","426.68"
"A034220","LG디스플레이","12","1","KOSPI","-1.34","4040","","4095"
"A034230","파라다이스","12","0","KOSPI","-2.36","1214.14","","1243.51"
"A034310","NICE","12","0","KOSPI","-0.79","418.81","","422.15"
"A034590","인천도시가스","12","0","KOSPI","0.4","109.81","","109.37"
"A034730","SK","12","1","KOSPI","-0.07","9969.12","","9976.37"
"A034810","해성산업","12","0","KOSDAQ","0.73","224.64","","223.01"
"A034830","한국토지신탁","12","0","KOSPI","1.06","288.34","","285.31"
"A034940","조아제약","12","0","KOSDAQ","-0.87","31.72","","32"
"A034950","한국기업평가","12","0","KOSDAQ","0.11","419.09","","418.64"
"A035000","HS애드","12","0","KOSPI","0.43","117.3","","116.8"
"A035080","그래디언트","12","0","KOSDAQ","-1.38","204.74","","207.61"
"A035150","백산","12","0","KOSPI","-0.62","306","","307.91"
"A035200","프럼파스트","12","0","KOSDAQ","-0.78","37.37","","37.66"
"A035250","강원랜드","12","1","KOSPI","-0.87","3664.8","","3696.89"
"A035290","골드앤에스","12","0","KOSDAQ","3.8","19.55","","18.83"
"A035420","NAVER","12","1","KOSPI","-0.05","29009.82","","29025.66"
"A035460","기산텔레콤","12","0","KOSDAQ","1.43","30.98","","30.54"
"A035510","신세계 I&C","12","0","KOSPI","-0.58","166.37","","167.35"
"A035600","KG이니시스","12","0","KOSDAQ","0","239.72","","239.72"
"A035610","솔본","12","0","KOSDAQ","-0.92","102.82","","103.78"
"A035620","바른손이앤에이","12","0","KOSDAQ","0","30.3","","30.3"
"A035720","카카오","12","1","KOSPI","0.4","16520","","16453.75"
"A035760","CJ ENM","12","0","KOSDAQ","0.91","1212.68","","1201.72"
"A035810","이지홀딩스","12","0","KOSDAQ","0.55","237.42","","236.13"
"A035890","서희건설","12","0","KOSDAQ","2.21","403.31","","394.58"
"A035900","JYP Ent.","12","0","KOSDAQ","0.53","2679.15","","2664.94"
"A036000","예림당","12","0","KOSDAQ","0.69","67.26","","66.8"
"A036010","아비코전자","12","0","KOSDAQ","-0.72","64.07","","64.54"
"A036030","케이티알파","12","0","KOSDAQ","3.33","205.64","","199.02"
"A036090","위지트","12","0","KOSDAQ","-2.61","79.56","","81.69"
"A036120","서울평가정보","12","0","KOSDAQ","0.22","82.18","","82.01"
"A036170","에이치엠넥스","12","0","KOSDAQ","-1.57","61.61","","62.59"
"A036190","금화피에스시","12","0","KOSDAQ","10.41","187.8","","170.1"
"A036200","유니셈","12","0","KOSDAQ","-1.54","176.32","","179.08"
"A036220","오상헬스케어","12","0","KOSDAQ","-2.72","270.02","","277.57"
"A036420","콘텐트리중앙","12","0","KOSPI","0.81","192.05","","190.5"
"A036460","한국가스공사","12","1","KOSPI","2.77","3600.21","","3503.28"
"A036480","대성미생물","12","0","KOSDAQ","0","31.81","","31.81"
"A036530","SNT홀딩스","12","0","KOSPI","3.73","703.51","","678.24"
"A036540","SFA반도체","12","0","KOSDAQ","-2.08","463.78","","473.65"
"A036560","KZ정밀","12","0","KOSDAQ","-0.34","182.23","","182.86"
"A036570","NC","12","1","KOSPI","-3.08","3248.84","","3352.25"
"A036580","팜스코","12","0","KOSPI","1.08","85.76","","84.84"
"A036620","감성코퍼레이션","12","0","KOSDAQ","15.53","449.27","","388.88"
"A036630","세종텔레콤","12","0","KOSDAQ","6.03","86.1","","81.2"
"A036640","HRS","12","0","KOSDAQ","1.35","85.86","","84.72"
"A036670","삼양케이씨아이","12","0","KOSDAQ","1.68","75.17","","73.93"
"A036690","코맥스","12","0","KOSDAQ","0","45.89","","45.89"
"A036710","심텍홀딩스","12","0","KOSDAQ","-0.9","69.92","","70.55"
"A036800","나이스정보통신","12","0","KOSDAQ","0.4","200.5","","199.7"
"A036810","에프에스티","12","0","KOSDAQ","-2.2","370.4","","378.75"
"A036830","솔브레인홀딩스","12","0","KOSDAQ","-1.76","585.95","","596.43"
"A036890","진성티이씨","12","0","KOSDAQ","1.88","255.17","","250.45"
"A036930","주성엔지니어링","12","0","KOSDAQ","-2.04","1472.41","","1503.13"
"A037030","파워넷","12","0","KOSDAQ","2.83","51.74","","50.32"
"A037070","파세코","12","0","KOSDAQ","-0.84","142.2","","143.4"
"A037230","한국팩키지","12","0","KOSDAQ","0.05","58.17","","58.14"
"A037270","YG PLUS","12","0","KOSPI","3.97","381.85","","367.26"
"A037330","인지디스플레","12","0","KOSDAQ","-0.3","58.15","","58.32"
"A037350","성도이엔지","12","0","KOSDAQ","0.7","66.83","","66.37"
"A037370","EG","12","0","KOSDAQ","-1.88","49.59","","50.54"
"A037400","우리엔터프라이즈","12","0","KOSDAQ","1.04","27.98","","27.69"
"A037440","희림","12","0","KOSDAQ","0.78","72.26","","71.7"
"A037460","삼지전자","12","0","KOSDAQ","-1.08","164.65","","166.45"
"A037560","LG헬로비전","12","0","KOSPI","-0.4","192.46","","193.23"
"A037710","광주신세계","12","0","KOSPI","0.18","220.41","","220.02"
"A037760","쎄니트","12","0","KOSDAQ","0","54.13","","54.13"
"A037950","엘컴텍","12","0","KOSDAQ","-1.4","83.1","","84.28"
"A038010","제일테크노스","12","0","KOSDAQ","5.02","56.52","","53.82"
"A038060","루멘스","12","0","KOSDAQ","0.33","44.06","","43.92"
"A038070","서린바이오","12","0","KOSDAQ","-4.31","70.8","","73.99"
"A038110","에코플라스틱","12","0","KOSDAQ","0","116.51","","116.51"
"A038290","마크로젠","12","0","KOSDAQ","-1.72","167.39","","170.32"
"A038390","레드캡투어","12","0","KOSDAQ","2.23","191.45","","187.27"
"A038460","바이오스마트","12","0","KOSDAQ","-1.12","92.1","","93.15"
"A038500","삼표시멘트","12","0","KOSDAQ","0.97","336.7","","333.46"
"A038530","케이바이오랩스","12","0","KOSDAQ","-8.25","32.17","","35.06"
"A038540","상상인","12","0","KOSDAQ","1.37","102.63","","101.25"
"A038620","위즈코프","12","0","KOSDAQ","0.16","47.08","","47"
"A038680","에스넷","12","0","KOSDAQ","-0.35","86.12","","86.42"
"A038870","에코심플렉스","12","0","KOSDAQ","0.92","61.46","","60.89"
"A038880","아이에이","12","0","KOSDAQ","-0.98","76.27","","77.02"
"A038950","파인디지털","12","0","KOSDAQ","-0.15","34.1","","34.16"
"A039010","현대에이치티","12","0","KOSDAQ","2.02","65.46","","64.17"
"A039020","이건홀딩스","12","0","KOSDAQ","-1.11","100.73","","101.86"
"A039030","이오테크닉스","12","0","KOSDAQ","4.61","1649.59","","1576.9"
"A039130","하나투어","12","1","KOSPI","2.1","752.04","","736.55"
"A039200","오스코텍","12","0","KOSDAQ","-0.75","1017.4","","1025.05"
"A039240","경남스틸","12","0","KOSDAQ","-0.61","87.82","","88.36"
"A039290","인포뱅크","12","0","KOSDAQ","-0.33","52.69","","52.86"
"A039310","세중","12","0","KOSDAQ","0.07","26.57","","26.55"
"A039340","한국경제TV","12","0","KOSDAQ","-2.51","122.4","","125.55"
"A039420","케이엘넷","12","0","KOSDAQ","2.1","64.49","","63.16"
"A039440","에스티아이","12","0","KOSDAQ","-1.41","310.9","","315.33"
"A039490","키움증권","12","1","KOSPI","-0.07","3602.97","","3605.42"
"A039560","다산네트웍스","12","0","KOSDAQ","0.37","108.54","","108.15"
"A039570","HDC랩스","12","0","KOSPI","3.27","238.03","","230.5"
"A039610","화성밸브","12","0","KOSDAQ","1.75","108.79","","106.91"
"A039740","한국정보공학","12","0","KOSDAQ","1.05","23.09","","22.85"
"A039830","오로라","12","0","KOSDAQ","-0.63","68.34","","68.77"
"A039840","디오","12","0","KOSDAQ","-8.22","274.32","","298.89"
"A039860","나노엔텍","12","0","KOSDAQ","-4.96","110.78","","116.56"
"A039980","폴라리스AI","12","0","KOSDAQ","-0.91","198.1","","199.91"
"A040160","누리플렉스","12","0","KOSDAQ","-1.98","38.7","","39.48"
"A040300","YTN","12","0","KOSDAQ","0.31","135.24","","134.82"
"A040350","크레오에스지","12","0","KOSDAQ","7.55","112.83","","104.91"
"A040420","정상제이엘에스","12","0","KOSDAQ","0.5","93.91","","93.44"
"A040610","SG&G","12","0","KOSDAQ","-0.06","54.13","","54.16"
"A040910","아이씨디","12","0","KOSDAQ","-4.56","77.83","","81.54"
"A041020","폴라리스오피스","12","0","KOSDAQ","-1.09","269.51","","272.5"
"A041190","우리기술투자","12","0","KOSDAQ","-3.14","622.44","","642.6"
"A041440","현대에버다임","12","0","KOSDAQ","-0.12","150.49","","150.67"
"A041460","한국전자인증","12","0","KOSDAQ","0","72.58","","72.58"
"A041510","에스엠","12","0","KOSDAQ","4.42","3031.26","","2903.05"
"A041520","이엘씨","12","0","KOSDAQ","1.35","91.29","","90.07"
"A041590","플래스크","12","0","KOSDAQ","0","116.06","","115.92"
"A041650","상신브레이크","12","0","KOSPI","0.67","64.31","","63.88"
"A041830","인바디","12","0","KOSDAQ","2.46","337.02","","328.93"
"A041910","폴라리스AI파마","12","0","KOSDAQ","-1.64","105.31","","107.07"
"A041920","메디아나","12","0","KOSDAQ","-2.58","112.52","","115.49"
"A041930","SY동아","12","0","KOSDAQ","0.18","89.59","","89.43"
"A041960","코미팜","12","0","KOSDAQ","0.56","389.32","","387.15"
"A042000","카페24","12","0","KOSDAQ","1.47","1086.54","","1070.77"
"A042040","케이피엠테크","12","0","KOSDAQ","-3.79","49.28","","51.22"
"A042110","에스씨디","12","0","KOSDAQ","-0.14","68.92","","69.01"
"A042370","비츠로테크","12","0","KOSDAQ","1.68","206.46","","203.05"
"A042420","네오위즈홀딩스","12","0","KOSDAQ","0.71","183.05","","181.76"
"A042500","링네트","12","0","KOSDAQ","-0.24","79.05","","79.24"
"A042510","라온시큐어","12","0","KOSDAQ","0.55","102.3","","101.74"
"A042520","한스바이오메드","9","0","KOSDAQ","1.36","110.92","","109.43"
"A042600","새로닉스","12","0","KOSDAQ","-2.01","84.6","","86.34"
"A042660","한화오션","12","1","KOSPI","-1.68","23287.42","","23685.76"
"A042700","한미반도체","12","1","KOSPI","-3.45","7574.56","","7845.08"
"A042940","상지건설","12","0","KOSDAQ","-2.91","181.99","","187.45"
"A043090","더테크놀로지","12","0","KOSDAQ","0","4.72","","4.72"
"A043100","알파AI","12","0","KOSDAQ","23.37","66.08","","53.56"
"A043150","바텍","12","0","KOSDAQ","-1.65","292.93","","297.83"
"A043200","파루","12","0","KOSDAQ","-4.05","34.7","","36.16"
"A043220","티에스넥스젠","12","0","KOSDAQ","0","27.23","","27.23"
"A043260","성호전자","12","0","KOSDAQ","-1.9","80.43","","81.99"
"A043340","에쎈테크","12","0","KOSDAQ","1.89","51.21","","50.26"
"A043360","디지아이","12","0","KOSDAQ","2.63","19.35","","18.86"
"A043370","피에이치에이","12","0","KOSDAQ","-0.4","209.58","","210.42"
"A043590","웰킵스하이텍","12","0","KOSDAQ","2.31","17.99","","17.58"
"A043610","KT지니뮤직","12","0","KOSDAQ","0.24","122.91","","122.62"
"A043650","국순당","12","0","KOSDAQ","-0.89","79.56","","80.27"
"A043710","코스리거글로벌","12","0","KOSDAQ","1.47","59.9","","59.04"
"A043910","자연과환경","12","0","KOSDAQ","2.02","80.17","","78.58"
"A044180","KD","12","0","KOSDAQ","3.23","18.78","","18.19"
"A044340","위닉스","12","0","KOSDAQ","0.67","107.96","","107.24"
"A044380","주연테크","12","0","KOSPI","-1.19","21.98","","22.25"
"A044450","KSS해운","12","0","KOSPI","-0.1","226.7","","226.93"
"A044480","빌리언스","12","0","KOSDAQ","-2.56","18.54","","19.03"
"A044490","태웅","12","0","KOSDAQ","22.58","355.13","","289.71"
"A044780","에이치케이","12","0","KOSDAQ","-0.95","23.22","","23.45"
"A044820","코스맥스비티아이","12","0","KOSPI","-4.07","117.84","","122.83"
"A044960","이글벳","12","0","KOSDAQ","-0.22","56.95","","57.08"
"A044990","에이치엔에스하이텍","12","0","KOSDAQ","-1.73","136.61","","139.02"
"A045060","오공","12","0","KOSDAQ","-3.44","42.86","","44.39"
"A045100","한양이엔지","12","0","KOSDAQ","-0.38","283.32","","284.4"
"A045300","성우테크론","12","0","KOSDAQ","-3.45","28.97","","30.01"
"A045340","토탈소프트","12","0","KOSDAQ","0.99","52.63","","52.12"
"A045390","대아티아이","12","0","KOSDAQ","0.33","320.65","","319.6"
"A045510","정원엔시스","12","0","KOSDAQ","-2.84","26.44","","27.22"
"A045520","크린앤사이언스","12","0","KOSDAQ","-3.52","31.2","","32.34"
"A045660","에이텍","12","0","KOSDAQ","-0.98","166.85","","168.5"
"A045970","코아시아","12","0","KOSDAQ","-1.72","75.26","","76.58"
"A046070","코다코","12","0","KOSDAQ","0","159.2","","159.2"
"A046120","오르비텍","12","0","KOSDAQ","6.19","73.02","","68.76"
"A046210","HLB파나진","12","0","KOSDAQ","0.22","99.98","","99.76"
"A046310","백금T&A","12","0","KOSDAQ","-1.23","46.05","","46.63"
"A046390","삼화네트웍스","12","0","KOSDAQ","-0.08","52.63","","52.67"
"A046440","KG파이낸셜","12","0","KOSDAQ","-0.47","161.74","","162.5"
"A046890","서울반도체","12","0","KOSDAQ","-1.07","377.24","","381.32"
"A046940","우원개발","12","0","KOSDAQ","-0.17","53.77","","53.86"
"A046970","우리로","12","0","KOSDAQ","0","60.35","","60.35"
"A047040","대우건설","12","1","KOSPI","5.36","1633.4","","1550.27"
"A047050","포스코인터내셔널","12","1","KOSPI","-1.5","8074.86","","8198"
"A047080","한빛소프트","12","0","KOSDAQ","0.52","33.41","","33.24"
"A047310","파워로직스","12","0","KOSDAQ","-1.88","162.37","","165.48"
"A047400","유니온머티리얼","12","0","KOSPI","-0.93","67.41","","68.04"
"A047560","이스트소프트","12","0","KOSDAQ","-2.24","222.88","","227.99"
"A047770","코데즈컴바인","12","0","KOSDAQ","-0.97","65.62","","66.26"
"A047810","한국항공우주","12","1","KOSPI","0.57","8538.82","","8490.08"
"A047820","초록뱀미디어","12","0","KOSDAQ","0","102.71","","102.71"
"A047920","HLB제약","12","0","KOSDAQ","0.46","621.03","","618.17"
"A048410","현대바이오","12","0","KOSDAQ","-0.62","539.28","","542.64"
"A048430","유라테크","12","0","KOSDAQ","-1.39","114.05","","115.66"
"A048470","대동스틸","12","0","KOSDAQ","0.84","41.85","","41.5"
"A048530","인트론바이오","12","0","KOSDAQ","-1.45","139.68","","141.73"
"A048550","SM C&C","12","0","KOSDAQ","0.66","133.37","","132.5"
"A048770","TPC로보틱스","12","0","KOSDAQ","-1.92","29.75","","30.33"
"A048830","엔피케이","12","0","KOSDAQ","-0.66","19.81","","19.94"
"A048870","시너지이노베이션","12","0","KOSDAQ","-3.33","242.71","","251.08"
"A048910","대원미디어","12","0","KOSDAQ","-2.94","141.26","","145.54"
"A049070","인탑스","12","0","KOSDAQ","-2.54","257.48","","264.19"
"A049080","기가레인","12","0","KOSDAQ","-2.67","43.38","","44.56"
"A049120","파인디앤씨","12","0","KOSDAQ","1.11","52.01","","51.44"
"A049180","셀루메드","12","0","KOSDAQ","-2.9","47.87","","49.3"
"A049430","코메론","12","0","KOSDAQ","0.63","86.68","","86.14"
"A049470","비트플래닛","12","0","KOSDAQ","-0.27","21.37","","21.43"
"A049480","오픈베이스","12","0","KOSDAQ","0.21","75.57","","75.41"
"A049520","유아이엘","12","0","KOSDAQ","0.14","117.54","","117.38"
"A049550","잉크테크","12","0","KOSDAQ","-0.43","68.13","","68.43"
"A049630","재영솔루텍","12","0","KOSDAQ","2.29","80.99","","79.17"
"A049720","고려신용정보","12","0","KOSDAQ","1.45","149.86","","147.72"
"A049800","우진플라임","12","0","KOSPI","1.46","41.8","","41.2"
"A049830","승일","12","0","KOSDAQ","-1.58","49.73","","50.53"
"A049950","미래컴퍼니","12","0","KOSDAQ","-1.04","151.49","","153.08"
"A049960","쎌바이오텍","12","0","KOSDAQ","-0.16","118.53","","118.72"
"A050090","비케이홀딩스","12","0","KOSDAQ","0.92","15.17","","15.04"
"A050110","캠시스","12","0","KOSDAQ","2.3","55.74","","54.48"
"A050120","ES큐브","12","0","KOSDAQ","-1","33.71","","34.05"
"A050760","에스폴리텍","12","0","KOSDAQ","3.81","28.01","","26.98"
"A050860","아세아텍","6","0","KOSDAQ","-0.49","46.13","","46.35"
"A050890","쏠리드","12","0","KOSDAQ","-0.16","381.85","","382.46"
"A050960","수산아이앤티","12","0","KOSDAQ","0.48","85.27","","84.86"
"A051160","지어소프트","12","0","KOSDAQ","2.14","147.94","","144.84"
"A051360","토비스","12","0","KOSDAQ","-0.96","248.24","","250.65"
"A051370","인터플렉스","12","0","KOSDAQ","0.5","188.72","","187.79"
"A051380","피씨디렉트","12","0","KOSDAQ","2.78","36.89","","35.9"
"A051390","YW","12","0","KOSDAQ","0.54","42.36","","42.13"
"A051490","나라엠앤디","12","0","KOSDAQ","-1.56","53.89","","54.74"
"A051500","CJ프레시웨이","12","0","KOSDAQ","-1.56","299.16","","303.91"
"A051600","한전KPS","12","1","KOSPI","8.21","1986.75","","1836"
"A051630","진양화학","12","0","KOSPI","2.97","44.1","","42.82"
"A051780","큐로홀딩스","12","0","KOSDAQ","3.78","19.13","","18.43"
"A051900","LG생활건강","12","1","KOSPI","2.42","4950.97","","4833.83"
"A051910","LG화학","12","1","KOSPI","-2.3","12876.04","","13179.59"
"A051980","중앙첨단소재","12","0","KOSDAQ","-4.83","311.01","","326.79"
"A052020","에스티큐브","12","0","KOSDAQ","-7.35","428.29","","462.29"
"A052220","iMBC","12","0","KOSDAQ","-0.82","97.29","","98.1"
"A052260","현대바이오랜드","12","0","KOSDAQ","-1.29","137.85","","139.65"
"A052300","오션인더블유","12","0","KOSDAQ","-1.54","43.01","","43.68"
"A052330","코텍","12","0","KOSDAQ","-2.34","158.83","","162.63"
"A052400","코나아이","12","0","KOSDAQ","-0.5","579.62","","582.53"
"A052420","오성첨단소재","12","0","KOSDAQ","-2.07","124.9","","127.55"
"A052460","아이크래프트","12","0","KOSDAQ","1.51","34.33","","33.82"
"A052600","한네트","12","0","KOSDAQ","6.78","53.71","","50.3"
"A052690","한전기술","12","1","KOSPI","5.9","2469.01","","2331.42"
"A052710","아모텍","12","0","KOSDAQ","7.79","121.31","","112.54"
"A052770","아이톡시","12","0","KOSDAQ","-0.38","44.35","","44.51"
"A052790","액토즈소프트","12","0","KOSDAQ","-1.13","69.68","","70.48"
"A052860","아이앤씨","12","0","KOSDAQ","-3.58","33.73","","34.98"
"A052900","KX하이텍","12","0","KOSDAQ","0.55","50.75","","50.48"
"A053030","바이넥스","12","0","KOSDAQ","-3.06","599.75","","618.71"
"A053050","지에스이","12","0","KOSDAQ","-1.62","82.02","","83.37"
"A053060","세동","12","0","KOSDAQ","4.06","24","","23.06"
"A053080","케이엔솔","12","0","KOSDAQ","-2.83","156.26","","160.81"
"A053160","프리엠스","12","0","KOSDAQ","0.22","54.84","","54.72"
"A053210","스카이라이프","12","0","KOSPI","1.03","210.05","","207.91"
"A053260","금강철강","12","0","KOSDAQ","0.95","79.37","","78.62"
"A053270","구영테크","12","0","KOSDAQ","-1.74","62.08","","63.18"
"A053280","예스24","12","0","KOSDAQ","-1.07","104.38","","105.5"
"A053290","NE능률","12","0","KOSDAQ","0","43.13","","43.13"
"A053300","한국정보인증","12","0","KOSDAQ","4.14","245.74","","235.97"
"A053350","이니텍","12","0","KOSDAQ","0.81","171.39","","170"
"A053450","세코닉스","12","0","KOSDAQ","-1.82","79.88","","81.36"
"A053580","웹케시","12","0","KOSDAQ","-2.01","179.32","","183"
"A053610","프로텍","12","0","KOSDAQ","-1.11","245.3","","248.05"
"A053620","태양","12","0","KOSDAQ","-1.21","55.99","","56.67"
"A053690","한미글로벌","12","0","KOSPI","5.68","183.43","","173.57"
"A053700","삼보모터스","12","0","KOSDAQ","0.12","95.63","","95.51"
"A053800","안랩","12","0","KOSDAQ","0.67","672.04","","667.59"
"A053950","경남제약","12","0","KOSDAQ","-4.66","51.11","","53.61"
"A053980","오상자이엘","12","0","KOSDAQ","-2.8","69.29","","71.28"
"A054040","한국컴퓨터","12","0","KOSDAQ","1.51","75.62","","74.49"
"A054050","NH농우바이오","12","0","KOSDAQ","1.28","127.28","","125.68"
"A054090","삼진엘앤디","12","0","KOSDAQ","-3.87","18","","18.72"
"A054180","메디콕스","12","0","KOSDAQ","-10.37","17.9","","19.97"
"A054210","이랜텍","12","0","KOSDAQ","0.59","130.25","","129.49"
"A054220","비츠로시스","12","0","KOSDAQ","-3.83","21.1","","21.94"
"A054300","팬스타엔터프라이즈","12","0","KOSDAQ","0.94","45.33","","44.91"
"A054410","케이피티유","12","0","KOSDAQ","-3.1","19.7","","20.33"
"A054450","텔레칩스","12","0","KOSDAQ","-0.53","197.33","","198.39"
"A054540","삼영엠텍","12","0","KOSDAQ","0.95","69.16","","68.51"
"A054620","APS","12","0","KOSDAQ","2.86","107.23","","104.25"
"A054670","대한뉴팜","12","0","KOSDAQ","0.43","100.77","","100.34"
"A054780","키이스트","12","0","KOSDAQ","0","79.07","","79.07"
"A054800","아이디스홀딩스","12","0","KOSDAQ","-0.41","99.86","","100.27"
"A054920","한컴위드","12","0","KOSDAQ","0.37","76.33","","76.05"
"A054930","유신","12","0","KOSDAQ","2.75","72.75","","70.8"
"A054940","엑사이엔씨","12","0","KOSDAQ","-1.5","23.98","","24.35"
"A054950","제이브이엠","12","0","KOSDAQ","0.77","316.15","","313.73"
"A055490","테이팩스","12","0","KOSPI","-1.93","62.91","","64.15"
"A055550","신한지주","12","1","KOSPI","1.85","27320.9","","26825.06"
"A056080","유진로봇","12","0","KOSDAQ","-2.96","405.51","","417.89"
"A056090","시지메드텍","12","0","KOSDAQ","-3.22","96.24","","99.44"
"A056190","SFA","12","0","KOSDAQ","-1.42","750.49","","761.27"
"A056360","코위버","12","0","KOSDAQ","0.71","55.74","","55.35"
"A056700","신화인터텍","12","0","KOSDAQ","-0.69","54.72","","55.09"
"A056730","CNT85","12","0","KOSDAQ","3.77","61.14","","58.92"
"A057030","YBM넷","12","0","KOSDAQ","-0.26","62.8","","62.97"
"A057050","현대홈쇼핑","12","0","KOSPI","2.26","652.8","","638.4"
"A057540","옴니시스템","12","0","KOSDAQ","-0.3","58.85","","59.03"
"A057680","티사이언티픽","12","0","KOSDAQ","-0.23","61.42","","61.56"
"A058110","멕아이씨에스","12","0","KOSDAQ","-0.5","47.59","","47.83"
"A058400","KNN","12","0","KOSDAQ","0.26","101.57","","101.31"
"A058430","포스코스틸리온","12","0","KOSPI","-1.88","219.3","","223.5"
"A058450","한주에이알티","12","0","KOSDAQ","-0.18","16.81","","16.84"
"A058470","리노공업","12","0","KOSDAQ","-1.25","3006.56","","3044.66"
"A058610","에스피지","12","0","KOSDAQ","-1.88","520.06","","530.04"
"A058630","엠게임","12","0","KOSDAQ","0","99.67","","99.67"
"A058650","세아홀딩스","12","0","KOSPI","3.04","392.8","","381.2"
"A058730","다스코","12","0","KOSPI","0.5","56.67","","56.39"
"A058820","CMG제약","12","0","KOSDAQ","-0.68","313.29","","315.44"
"A058850","KTcs","12","0","KOSPI","-1.06","119.09","","120.37"
"A058860","KTis","12","0","KOSPI","-0.17","100.93","","101.1"
"A058970","엠로","12","0","KOSDAQ","1.21","618","","610.59"
"A059090","미코","12","0","KOSDAQ","3.1","478.53","","464.16"
"A059100","아이컴포넌트","12","0","KOSDAQ","0.58","36.91","","36.7"
"A059120","아진엑스텍","12","0","KOSDAQ","-1.26","68.63","","69.51"
"A059210","메타바이오메드","12","0","KOSDAQ","-1.19","138.4","","140.07"
"A059270","해성에어로보틱스","12","0","KOSDAQ","-0.34","65.17","","65.4"
"A060150","인선이엔티","12","0","KOSDAQ","2.85","252.37","","245.39"
"A060230","제이케이시냅스","12","0","KOSDAQ","0.43","34.31","","34.17"
"A060240","스타코링크","12","0","KOSDAQ","0","6.39","","6.39"
"A060250","NHN KCP","12","0","KOSDAQ","-0.41","294.38","","295.58"
"A060260","뉴보텍","12","0","KOSDAQ","-0.33","20.34","","20.4"
"A060280","큐렉소","12","0","KOSDAQ","0","401.45","","401.45"
"A060310","3S","3","0","KOSDAQ","-1.1","118.85","","120.18"
"A060370","LS마린솔루션","12","0","KOSDAQ","-1.97","650.11","","663.18"
"A060380","동양에스텍","12","0","KOSDAQ","0.15","26.3","","26.26"
"A060480","국일신동","12","0","KOSDAQ","-1.15","18.14","","18.35"
"A060540","에스에이티","12","0","KOSDAQ","-0.45","34.63","","34.78"
"A060560","HC홈센타","12","0","KOSDAQ","0","104.31","","104.31"
"A060570","드림어스컴퍼니","12","0","KOSDAQ","-3.48","146.71","","152"
"A060590","씨티씨바이오","12","0","KOSDAQ","0.44","165.4","","164.67"
"A060720","KH바텍","12","0","KOSDAQ","-0.11","223.04","","223.28"
"A060850","영림원소프트랩","12","0","KOSDAQ","1.84","45.05","","44.23"
"A060900","에이전트AI","12","0","KOSDAQ","-2.3","35.39","","36.22"
"A060980","HL홀딩스","12","0","KOSPI","2.01","358.29","","351.23"
"A061040","알에프텍","12","0","KOSDAQ","-2.75","107.98","","111.03"
"A061090","세나테크놀로지","12","0","외감","","","",""
"A061250","화일약품","12","0","KOSDAQ","-1.92","92.9","","94.73"
"A061970","LB세미콘","12","0","KOSDAQ","-1.22","187.9","","190.22"
"A062040","산일전기","12","0","KOSPI","-0.3","2021.56","","2027.65"
"A062970","한국첨단소재","12","0","KOSDAQ","1.13","88.03","","87.04"
"A063080","컴투스홀딩스","12","0","KOSDAQ","-1.86","139.16","","141.8"
"A063160","종근당바이오","12","0","KOSPI","-0.87","125.08","","126.18"
"A063170","서울옥션","12","0","KOSDAQ","-1.02","138.11","","139.53"
"A063440","SM Life Design","12","0","KOSDAQ","2.78","71.44","","69.5"
"A063570","NICE인프라","12","0","KOSDAQ","-0.72","165.62","","166.81"
"A063760","이엘피","12","0","KOSDAQ","0.49","19.21","","19.12"
"A064090","인크레더블버즈","12","0","KOSDAQ","-6.59","123.36","","132.07"
"A064240","홈캐스트","12","0","KOSDAQ","0","86.19","","86.19"
"A064260","다날","12","0","KOSDAQ","3.22","243.39","","235.81"
"A064290","인텍플러스","12","0","KOSDAQ","0.11","116.16","","116.03"
"A064350","현대로템","12","1","KOSPI","3.81","13686.44","","13184.39"
"A064400","LG씨엔에스","12","0","KOSPI","-1.34","5009","","5076.82"
"A064480","브리지텍","12","0","KOSDAQ","-2.28","61.44","","62.87"
"A064520","테크엘","12","0","KOSDAQ","-0.88","50.51","","50.96"
"A064550","바이오니아","12","0","KOSDAQ","-7.81","417.61","","452.97"
"A064760","티씨케이","12","0","KOSDAQ","0.35","995.88","","992.38"
"A064800","포니링크","12","0","KOSDAQ","-0.61","145.57","","146.47"
"A064820","케이프","12","0","KOSDAQ","-1.08","198.7","","200.86"
"A064850","에프앤가이드","12","0","KOSDAQ","-0.73","77.7","","78.27"
"A064960","SNT모티브","12","0","KOSPI","3.07","801.52","","777.63"
"A065060","지엔코","12","0","KOSDAQ","7.12","16.26","","15.18"
"A065130","탑엔지니어링","12","0","KOSDAQ","-0.26","62.95","","63.12"
"A065150","대산F&B","12","0","KOSDAQ","0","23.11","","23.11"
"A065170","비엘팜텍","12","0","KOSDAQ","-1.66","23.64","","24.04"
"A065350","신성델타테크","12","0","KOSDAQ","0","1613.31","","1613.31"
"A065370","위세아이텍","12","0","KOSDAQ","-1.02","57.23","","57.82"
"A065420","에스아이리소스","12","0","KOSDAQ","0","18.18","","18.18"
"A065440","이루온","12","0","KOSDAQ","-0.13","41.81","","41.87"
"A065450","빅텍","12","0","KOSDAQ","2.73","118.77","","115.61"
"A065500","오리엔트정공","12","0","KOSDAQ","-0.14","234.9","","235.21"
"A065510","휴비츠","12","0","KOSDAQ","-2.33","97.03","","99.34"
"A065530","와이어블","12","0","KOSDAQ","-0.39","67.66","","67.93"
"A065570","삼영이엔씨","12","0","KOSDAQ","0","12.3","","12.3"
"A065650","하이퍼코퍼레이션","12","0","KOSDAQ","-3.23","22.4","","23.15"
"A065660","안트로젠","12","0","KOSDAQ","0.7","215.13","","213.63"
"A065680","우주일렉트로","12","0","KOSDAQ","4.57","285.53","","273.06"
"A065690","파커스","12","0","KOSDAQ","-2.04","14.19","","14.48"
"A065710","서호전기","12","0","KOSDAQ","1.64","191.06","","187.98"
"A065770","CS","12","0","KOSDAQ","0.52","26.05","","25.91"
"A065950","웰크론","12","0","KOSDAQ","-4.03","63.94","","66.63"
"A066130","하츠","12","0","KOSDAQ","2.32","65.02","","63.55"
"A066310","큐에스아이","12","0","KOSDAQ","-0.63","73.25","","73.71"
"A066360","체리부로","12","0","KOSDAQ","-6.11","39.8","","42.39"
"A066410","버킷스튜디오","12","0","KOSDAQ","0","99.67","","99.67"
"A066430","아이로보틱스","12","0","KOSDAQ","2.24","57.16","","55.91"
"A066570","LG전자","12","1","KOSPI","-0.43","11455.35","","11504.44"
"A066590","스모트로닉","12","0","KOSDAQ","1.61","123.08","","121.13"
"A066620","국보디자인","12","0","KOSDAQ","0.92","130.95","","129.75"
"A066670","디티씨","12","0","KOSDAQ","-0.8","57.76","","58.23"
"A066700","테라젠이텍스","12","0","KOSDAQ","-1.16","110.71","","112.01"
"A066790","씨씨에스","12","0","KOSDAQ","-18.3","93.1","","113.95"
"A066900","디에이피","12","0","KOSDAQ","2.04","62.55","","61.3"
"A066910","손오공","12","0","KOSDAQ","0.5","43.54","","40.68"
"A066970","엘앤에프","12","1","KOSPI","-8.57","1743.18","","1906.6"
"A066980","한성크린텍","12","0","KOSDAQ","2.19","77.54","","75.88"
"A067000","조이시티","12","0","KOSDAQ","0.06","109.82","","109.75"
"A067010","이씨에스","3","0","KOSDAQ","-0.71","34.61","","34.85"
"A067080","대화제약","12","0","KOSDAQ","-4.48","254.3","","266.22"
"A067160","SOOP","12","0","KOSDAQ","0.6","962.11","","956.36"
"A067170","오텍","12","0","KOSDAQ","3.37","37.79","","36.56"
"A067280","멀티캠퍼스","12","0","KOSDAQ","-0.47","190.25","","191.14"
"A067290","JW신약","12","0","KOSDAQ","-1.02","82.73","","83.59"
"A067310","하나마이크론","12","0","KOSDAQ","-1.84","673.32","","685.91"
"A067370","선바이오","12","0","KOSDAQ","-0.4","92.72","","93.09"
"A067390","아스트","12","0","KOSDAQ","3.9","242.23","","233.14"
"A067570","엔브이에이치코리아","12","0","KOSDAQ","0.68","93.41","","92.77"
"A067630","HLB생명과학","12","0","KOSDAQ","-0.17","732.6","","733.82"
"A067730","로지시스","12","0","KOSDAQ","3.81","34.25","","32.99"
"A067770","세진티에스","12","0","KOSDAQ","-3.31","19.61","","20.28"
"A067830","세이브존I&C","12","0","KOSPI","-0.41","99.93","","100.34"
"A067900","와이엔텍","12","0","KOSDAQ","0.62","118.3","","117.57"
"A067920","이글루","12","0","KOSDAQ","0.93","59.6","","59.05"
"A067990","도이치모터스","12","0","KOSDAQ","0.11","131.17","","131.03"
"A068050","팬엔터테인먼트","12","0","KOSDAQ","-0.71","58.02","","58.43"
"A068100","케이웨더","12","0","KOSDAQ","0.15","33.3","","33.25"
"A068240","다원시스","12","0","KOSDAQ","2.24","312.94","","306.07"
"A068270","셀트리온","12","1","KOSPI","-0.52","34054.43","","34232.84"
"A068290","삼성출판사","12","0","KOSPI","2.03","185.7","","182"
"A068330","일신바이오","12","0","KOSDAQ","-5.48","51.82","","54.83"
"A068760","셀트리온제약","12","0","KOSDAQ","-0.32","2017.96","","2024.51"
"A068790","DMS","12","0","KOSDAQ","0","149.94","","149.94"
"A068930","디지털대성","12","0","KOSDAQ","0.39","211.72","","210.89"
"A068940","셀피글로벌","12","0","KOSDAQ","0","29.77","","29.77"
"A069080","웹젠","12","0","KOSDAQ","-0.8","471.61","","475.42"
"A069140","누리플랜","12","0","KOSDAQ","-0.28","18.54","","18.59"
"A069260","TKG휴켐스","12","1","KOSPI","-0.56","648.33","","652.01"
"A069330","유아이디","12","0","KOSDAQ","-0.48","17.6","","17.68"
"A069410","엔텔스","12","0","KOSDAQ","0.89","46.46","","46.05"
"A069460","대호에이엘","12","0","KOSPI","-3.8","118.37","","123.05"
"A069510","에스텍","12","0","KOSDAQ","0.36","151.76","","151.21"
"A069540","빛과전자","12","0","KOSDAQ","-2.5","37.75","","38.72"
"A069620","대웅제약","12","1","KOSPI","-1.4","1633.71","","1656.88"
"A069640","한세엠케이","12","0","KOSPI","29.94","46.91","","36.1"
"A069730","DSR제강","12","0","KOSPI","0.42","51.84","","51.62"
"A069920","엑시온그룹","12","0","KOSDAQ","-8.52","80.35","","87.84"
"A069960","현대백화점","12","1","KOSPI","2.76","1599.86","","1556.86"
"A070300","엑스큐어","12","0","KOSDAQ","-4.53","25.12","","26.31"
"A070590","인티큐브","12","0","KOSDAQ","1.38","30.53","","30.12"
"A070960","모나용평","12","0","KOSPI","0.12","206.97","","206.73"
"A071050","한국금융지주","12","1","KOSPI","1.76","5472.29","","5377.56"
"A071090","하이스틸","12","0","KOSPI","1.26","81.37","","80.36"
"A071200","인피니트헬스케어","12","0","KOSDAQ","0.64","152.72","","151.75"
"A071280","로체시스템즈","12","0","KOSDAQ","2.18","215.38","","210.79"
"A071320","지역난방공사","12","0","KOSPI","2.54","889.25","","867.25"
"A071670","에이테크솔루션","12","0","KOSDAQ","-0.17","58.5","","58.6"
"A071840","롯데하이마트","12","0","KOSPI","0.13","178.95","","178.71"
"A071850","캐스텍코리아","12","0","KOSDAQ","-0.06","40.98","","41"
"A071950","코아스","12","0","KOSPI","-0.41","31.76","","31.89"
"A071970","HD현대마린엔진","12","0","KOSPI","0.61","1407.74","","1399.26"
"A072020","중앙백신","12","0","KOSDAQ","2.62","98.52","","96.01"
"A072130","유엔젤","12","0","KOSPI","-2.07","67.06","","68.47"
"A072470","우리산업홀딩스","12","0","KOSDAQ","0","46.46","","46.46"
"A072710","농심홀딩스","12","0","KOSPI","0.27","338.56","","337.63"
"A072770","멤레이비티","12","0","KOSDAQ","0.93","54.87","","54.37"
"A072870","메가스터디","12","0","KOSDAQ","0.75","127.32","","126.36"
"A072950","빛샘전자","12","0","KOSDAQ","-1.48","37.53","","38.09"
"A072990","에이치시티","12","0","KOSDAQ","0.45","65.77","","65.48"
"A073010","케이에스피","12","0","KOSDAQ","1.65","161.17","","158.55"
"A073110","엘엠에스","12","0","KOSDAQ","0.16","56.67","","56.58"
"A073190","듀오백","12","0","KOSDAQ","-7.55","27.83","","30.1"
"A073240","금호타이어","12","1","KOSPI","-0.71","1207.93","","1216.55"
"A073490","LIG아큐버","12","0","KOSDAQ","-0.65","138.69","","139.61"
"A073540","에프알텍","12","0","KOSDAQ","-0.7","19.36","","19.49"
"A073560","우리손에프앤지","12","0","KOSDAQ","-0.96","100.39","","101.36"
"A073570","리튬포어스","12","0","KOSDAQ","-0.89","24.17","","24.39"
"A073640","테라사이언스","12","0","KOSDAQ","0","69.57","","69.57"
"A074430","아미노로직스","12","0","KOSDAQ","0.65","82.21","","81.68"
"A074600","원익QnC","12","0","KOSDAQ","-1.4","425.6","","431.65"
"A074610","이엔플러스","12","0","KOSPI","0","37.49","","37.49"
"A075130","플랜티넷","12","0","KOSDAQ","1.83","46.21","","45.38"
"A075180","새론오토모티브","12","0","KOSPI","-0.45","63.65","","63.94"
"A075580","세진중공업","12","0","KOSPI","-0.53","642.4","","645.81"
"A075970","동국알앤에스","12","0","KOSDAQ","-0.41","44.44","","44.62"
"A076080","웰크론한텍","12","0","KOSDAQ","-1.02","30.75","","31.07"
"A076610","해성옵틱스","12","0","KOSDAQ","-0.55","18.4","","18.5"
"A077360","덕산하이메탈","12","0","KOSDAQ","-1.42","173.57","","176.07"
"A077500","유니퀘스트","12","0","KOSPI","-0.81","132.84","","133.92"
"A077970","STX엔진","12","0","KOSPI","-0.81","987.64","","995.67"
"A078000","텔코웨어","12","0","KOSPI","0.15","119.47","","119.29"
"A078020","LS증권","12","0","KOSDAQ","0","230.8","","230.8"
"A078070","유비쿼스홀딩스","12","0","KOSDAQ","1.57","176.06","","173.34"
"A078130","국일제지","12","0","KOSDAQ","0","901.92","","901.92"
"A078140","대봉엘에스","12","0","KOSDAQ","-1.49","146.34","","148.56"
"A078150","HB테크놀러지","12","0","KOSDAQ","-1.59","171.62","","174.4"
"A078160","메디포스트","12","0","KOSDAQ","0.79","305.56","","303.17"
"A078340","컴투스","12","0","KOSDAQ","-1.19","475.12","","480.85"
"A078350","한양디지텍","12","0","KOSDAQ","-1.42","137.2","","139.18"
"A078520","에이블씨엔씨","12","0","KOSPI","2.59","185.48","","180.8"
"A078590","휴림에이텍","12","0","KOSDAQ","-0.18","31.03","","31.08"
"A078600","대주전자재료","12","0","KOSDAQ","-2.51","1082.09","","1109.96"
"A078860","아이오케이이엔엠","12","0","KOSDAQ","1.97","91.95","","90.17"
"A078890","가온그룹","12","0","KOSDAQ","-1.54","57.44","","58.33"
"A078930","GS","12","1","KOSPI","1.14","3711.97","","3670.16"
"A079000","와토스코리아","12","0","KOSDAQ","0","37.66","","37.66"
"A079160","CJ CGV","12","0","KOSPI","0.33","761.67","","759.19"
"A079170","한창산업","12","0","KOSDAQ","0.14","36.66","","36.61"
"A079190","케스피온","12","0","KOSDAQ","-0.97","19.6","","19.79"
"A079370","제우스","12","0","KOSDAQ","0","397.64","","397.64"
"A079430","현대리바트","12","0","KOSPI","2.34","161.61","","157.92"
"A079550","LIG디펜스앤에어로스페이스","12","1","KOSPI","3.52","9394","","9075"
"A079650","서산","12","0","KOSDAQ","1.55","28.9","","28.46"
"A079810","APS이노베이션","12","0","KOSDAQ","-3.29","110.14","","113.89"
"A079900","전진건설로봇","12","0","KOSPI","-0.91","716.49","","723.06"
"A079940","가비아","12","0","KOSDAQ","2.63","290.34","","282.9"
"A079950","인베니아","12","0","KOSDAQ","1.15","14.27","","14.11"
"A079960","동양이엔피","12","0","KOSDAQ","-1.88","164.27","","167.42"
"A079970","투비소프트","12","0","KOSDAQ","0","6.81","","6.81"
"A079980","휴비스","12","0","KOSPI","0.17","100.4","","100.22"
"A080010","이상네트웍스","12","0","KOSDAQ","-0.73","53.5","","53.9"
"A080160","모두투어","12","0","KOSDAQ","-0.63","210.17","","211.49"
"A080220","제주반도체","12","0","KOSDAQ","-2.2","427.78","","437.42"
"A080420","모다이노칩","12","0","KOSDAQ","-0.22","181.77","","182.16"
"A080470","성창오토텍","12","0","KOSDAQ","1.3","31.24","","30.84"
"A080520","오디텍","12","0","KOSDAQ","0.31","37.88","","37.77"
"A080530","코디","12","0","KOSDAQ","1.88","59.8","","58.7"
"A080580","오킨스전자","12","0","KOSDAQ","-1.59","88.6","","90.03"
"A080720","한국유니온제약","12","0","KOSDAQ","0","21.56","","21.56"
"A081000","일진다이아","12","0","KOSPI","-0.08","170.44","","170.58"
"A081150","티플랙스","12","0","KOSDAQ","-2.39","74.38","","76.2"
"A081180","쎄크","12","0","KOSDAQ","-3.83","119.59","","124.35"
"A081580","성우전자","12","0","KOSDAQ","0","56.29","","56.29"
"A081660","미스토홀딩스","12","1","KOSPI","0.99","2136.41","","2115.37"
"A082210","옵트론텍","12","0","KOSDAQ","1.27","58.25","","57.52"
"A082270","젬백스","12","0","KOSDAQ","7.43","1854.99","","1726.63"
"A082640","동양생명","12","0","KOSPI","0.37","884.25","","881.02"
"A082660","코스나인","12","0","KOSDAQ","0","47.83","","47.83"
"A082740","한화엔진","12","0","KOSPI","-0.35","2353.21","","2361.55"
"A082800","비보존 제약","12","0","KOSDAQ","-0.33","300.63","","301.63"
"A082850","우리바이오","12","0","KOSDAQ","-3.63","115.81","","120.17"
"A082920","비츠로셀","12","0","KOSDAQ","-0.85","666.73","","672.44"
"A083310","엘오티베큠","12","0","KOSDAQ","-2.14","154.59","","157.97"
"A083420","그린케미칼","12","0","KOSPI","1.57","217.92","","214.56"
"A083450","GST","12","0","KOSDAQ","-0.29","319.76","","320.68"
"A083470","이엠앤아이","12","0","KOSDAQ","0.43","24.75","","24.65"
"A083500","에프엔에스테크","12","0","KOSDAQ","-1.92","78.9","","80.44"
"A083550","케이엠","12","0","KOSDAQ","-4.09","40.99","","42.74"
"A083640","인콘","12","0","KOSDAQ","0.68","22.93","","22.77"
"A083650","비에이치아이","12","0","KOSDAQ","5.68","1180.53","","1117.09"
"A083660","CSA 코스믹","12","0","KOSDAQ","1.05","53.29","","52.73"
"A083790","CG인바이츠","12","0","KOSDAQ","-3.93","169.17","","176.09"
"A083930","아바코","12","0","KOSDAQ","0.08","194.02","","193.87"
"A084010","대한제강","12","0","KOSPI","0.12","392.19","","391.72"
"A084110","휴온스글로벌","12","0","KOSDAQ","-0.54","581.29","","584.45"
"A084180","수성웹툰","12","0","KOSDAQ","0.2","90.81","","90.63"
"A084370","유진테크","12","0","KOSDAQ","-1.27","713.83","","723"
"A084440","유비온","9","0","KOSDAQ","-2.68","23.66","","24.31"
"A084650","랩지노믹스","12","0","KOSDAQ","-8.01","213.07","","231.63"
"A084670","동양고속","12","0","KOSPI","-1.34","21.37","","21.66"
"A084680","이월드","12","0","KOSPI","-0.07","202.78","","202.92"
"A084690","대상홀딩스","12","0","KOSPI","-0.43","336.05","","337.5"
"A084730","팅크웨어","12","0","KOSDAQ","-2.21","98.43","","100.65"
"A084850","아이티엠반도체","12","0","KOSDAQ","-0.93","265.39","","267.89"
"A084870","TBH글로벌","12","0","KOSPI","-0.51","24.38","","24.51"
"A084990","헬릭스미스","12","0","KOSDAQ","-2.81","127.45","","131.13"
"A085310","엔케이","12","0","KOSPI","-1.83","63.34","","64.52"
"A085620","미래에셋생명","12","0","KOSPI","4.54","1019.61","","975.36"
"A085660","차바이오텍","12","0","KOSDAQ","-1.93","602","","613.83"
"A085670","뉴프렉스","12","0","KOSDAQ","-0.22","111.01","","111.25"
"A085810","알티캐스트","12","0","KOSDAQ","-1.75","30.71","","31.26"
"A085910","네오티스","12","0","KOSDAQ","0.32","43.89","","43.76"
"A086040","바이오톡스텍","12","0","KOSDAQ","-0.52","46.2","","46.44"
"A086060","진바이오텍","12","0","KOSDAQ","-1.41","36.12","","36.64"
"A086280","현대글로비스","12","1","KOSPI","-3.01","7987.5","","8235"
"A086390","유니테스트","12","0","KOSDAQ","0.2","210.71","","210.28"
"A086450","동국제약","12","0","KOSDAQ","-1.04","770.65","","778.73"
"A086520","에코프로","12","0","KOSDAQ","-4.84","5336","","5607.56"
"A086670","비엠티","12","0","KOSDAQ","5.25","87.78","","83.4"
"A086710","선진뷰티사이언스","12","0","KOSDAQ","-1.4","172.07","","174.51"
"A086790","하나금융지주","12","1","KOSPI","1.93","19733.45","","19360.04"
"A086820","바이오솔루션","12","0","KOSDAQ","5.45","284.09","","269.39"
"A086890","이수앱지스","12","0","KOSDAQ","-2.7","186.16","","191.33"
"A086900","메디톡스","12","0","KOSDAQ","-0.53","1224.69","","1231.26"
"A086960","MDS테크","12","0","KOSDAQ","-1.76","108.6","","110.55"
"A086980","쇼박스","12","0","KOSDAQ","0.47","201.07","","200.13"
"A087010","펩트론","12","0","KOSDAQ","5.01","5125.42","","4880.79"
"A087260","모바일어플라이언스","12","0","KOSDAQ","-1.68","60.87","","61.92"
"A087600","픽셀플러스","12","0","KOSDAQ","0.59","55.94","","55.61"
"A088130","동아엘텍","12","0","KOSDAQ","1.17","53.07","","52.46"
"A088280","쏘닉스","12","0","KOSDAQ","4.56","41.71","","39.89"
"A088290","이원컴포텍","12","0","KOSDAQ","-2.32","39.6","","40.54"
"A088340","유라클","12","0","KOSDAQ","-2.95","84.05","","86.6"
"A088350","한화생명","12","1","KOSPI","1.77","2249.49","","2210.41"
"A088390","이녹스","12","0","KOSDAQ","-0.14","65.89","","65.98"
"A088790","진도","12","0","KOSPI","2.86","25.08","","24.39"
"A088800","에이스테크","12","0","KOSDAQ","-0.99","151.01","","152.52"
"A088910","동우팜투테이블","12","0","KOSDAQ","-5.61","52.18","","55.28"
"A089010","켐트로닉스","12","0","KOSDAQ","-1.42","319.72","","324.32"
"A089030","테크윙","12","0","KOSDAQ","-0.15","1253.21","","1255.08"
"A089140","넥스턴앤롤코리아","12","0","KOSDAQ","-0.55","34.92","","34.68"
"A089150","케이씨티","12","0","KOSDAQ","29.85","58.57","","45.1"
"A089230","THE E&M","12","0","KOSDAQ","-3.88","21.07","","21.92"
"A089470","HDC현대EP","12","0","KOSPI","0","118.67","","118.67"
"A089590","제주항공","12","0","KOSPI","-1.76","541.1","","550.78"
"A089600","KT나스미디어","12","0","KOSDAQ","1.56","173.29","","170.63"
"A089790","제이티","12","0","KOSDAQ","-2.45","43.07","","44.15"
"A089850","유비벨록스","12","0","KOSDAQ","0.16","91.33","","91.18"
"A089860","롯데렌탈","12","0","KOSPI","2.12","1134.67","","1111.07"
"A089890","코세스","12","0","KOSDAQ","-1.93","109.29","","111.45"
"A089970","브이엠","12","0","KOSDAQ","-3.25","293.72","","303.59"
"A089980","상아프론테크","12","0","KOSDAQ","-1.52","248.79","","252.63"
"A090080","평화산업","12","0","KOSPI","7.97","92.24","","85.43"
"A090150","아이윈","12","0","KOSDAQ","-0.13","32.66","","32.7"
"A090350","노루페인트","12","0","KOSPI","0.36","167","","166.4"
"A090360","로보스타","12","0","KOSDAQ","0","239.36","","239.36"
"A090370","메타랩스","12","0","KOSPI","4.17","36.68","","35.22"
"A090410","덕신이피씨","12","0","KOSDAQ","0.13","72.35","","72.26"
"A090430","아모레퍼시픽","12","1","KOSPI","8.24","7914.07","","7311.59"
"A090460","비에이치","12","0","KOSPI","-0.97","420.47","","424.6"
"A090470","제이스로보틱스","12","0","KOSDAQ","-2.73","65.36","","67.2"
"A090710","휴림로봇","12","0","KOSDAQ","2.27","223.78","","218.82"
"A090850","현대이지웰","12","0","KOSDAQ","0.32","151.03","","150.55"
"A091120","이엠텍","12","0","KOSDAQ","-0.46","186.58","","187.43"
"A091340","S&K폴리텍","12","0","KOSDAQ","-1.53","30.08","","30.55"
"A091440","한울소재과학","12","0","KOSDAQ","-1","81.55","","82.37"
"A091580","상신이디피","12","0","KOSDAQ","-0.56","93.83","","94.36"
"A091590","남화토건","12","0","KOSDAQ","0.39","45.14","","44.96"
"A091700","파트론","12","0","KOSDAQ","-0.46","368.79","","370.5"
"A091810","트리니티항공","12","0","KOSPI","2.21","447.99","","438.3"
"A091970","LSK아이로봇","12","0","KOSDAQ","2.48","27.8","","27.13"
"A092040","아미코젠","12","0","KOSDAQ","21.51","198.89","","163.68"
"A092070","디엔에프","12","0","KOSDAQ","1.93","121.97","","119.65"
"A092130","이크레더블","12","0","KOSDAQ","0.33","184.39","","183.79"
"A092190","서울바이오시스","12","0","KOSDAQ","0","149.53","","149.53"
"A092200","디아이씨","12","0","KOSPI","1.28","184.33","","182"
"A092220","KEC","12","0","KOSPI","-1.26","141.34","","143.14"
"A092230","KPX홀딩스","12","0","KOSPI","1.25","274.6","","271.22"
"A092300","현우산업","12","0","KOSDAQ","-2.41","49.11","","50.32"
"A092440","기신정기","3","0","KOSPI","0.21","70.81","","70.66"
"A092460","한라IMS","12","0","KOSDAQ","-1.95","163.4","","166.65"
"A092600","앤씨앤","12","0","KOSDAQ","1.58","16.13","","15.88"
"A092730","네오팜","12","0","KOSDAQ","0.89","235.45","","233.37"
"A092780","DYP","12","0","KOSPI","-2","58.07","","59.26"
"A092790","넥스틸","12","0","KOSPI","4.62","377.03","","360.39"
"A092870","엑시콘","12","0","KOSDAQ","-2.81","135.34","","139.25"
"A093050","LF","12","0","KOSPI","-0.52","451.17","","453.51"
"A093190","빅솔론","12","0","KOSDAQ","-0.56","103.31","","103.89"
"A093240","형지엘리트","6","0","KOSPI","2","78.32","","76.78"
"A093320","케이아이엔엑스","12","0","KOSDAQ","1.02","387.96","","384.06"
"A093370","후성","12","1","KOSPI","-1.39","419.9","","425.8"
"A093380","풍강","8","0","KOSDAQ","1.72","26.33","","25.88"
"A093520","매커스","12","0","KOSDAQ","-0.76","190.24","","191.69"
"A093640","케이알엠","12","0","KOSDAQ","1.19","124.88","","123.42"
"A093920","서원인텍","12","0","KOSDAQ","0","98.58","","98.58"
"A094170","동운아나텍","12","0","KOSDAQ","-1.13","402.73","","407.33"
"A094280","효성ITX","12","0","KOSPI","0.42","139.16","","138.58"
"A094360","칩스앤미디어","12","0","KOSDAQ","-1.71","328.18","","333.88"
"A094480","갤럭시아머니트리","12","0","KOSDAQ","0.36","327.96","","326.78"
"A094820","일진파워","12","0","KOSDAQ","5.29","168.13","","159.68"
"A094840","슈프리마에이치큐","12","0","KOSDAQ","-0.42","73.83","","74.14"
"A094850","참좋은여행","12","0","KOSDAQ","-1.18","82.18","","83.16"
"A094860","네오리진","12","0","KOSDAQ","-1.01","20.97","","21.19"
"A094940","푸른로보틱스","12","0","KOSDAQ","0","65.14","","65.14"
"A094970","제이엠티","12","0","KOSDAQ","-0.22","37.43","","37.52"
"A095190","신화프리텍","12","0","KOSDAQ","-0.25","132.81","","133.13"
"A095270","웨이브일렉트로","12","0","KOSDAQ","-0.97","76.65","","77.4"
"A095340","ISC","12","0","KOSDAQ","0.71","1049.25","","1041.84"
"A095500","미래나노텍","12","0","KOSDAQ","-3.12","221.72","","228.85"
"A095570","AJ네트웍스","12","0","KOSPI","0.14","163.36","","163.14"
"A095610","테스","12","0","KOSDAQ","0.45","443.8","","441.82"
"A095660","네오위즈","12","0","KOSDAQ","2.05","543.14","","532.21"
"A095700","제넥신","12","0","KOSDAQ","-4.89","221.33","","232.71"
"A095720","웅진씽크빅","12","0","KOSPI","-0.23","202.25","","202.71"
"A095910","에스에너지","12","0","KOSDAQ","0.23","35.86","","35.78"
"A096240","크레버스","12","0","KOSDAQ","-0.43","156.38","","157.05"
"A096250","와이즈넛","12","0","KOSDAQ","-1.24","155.85","","157.81"
"A096350","대창솔루션","12","0","KOSDAQ","1.31","63.38","","62.56"
"A096530","씨젠","12","0","KOSDAQ","-6.53","1681.68","","1799.19"
"A096610","알에프세미","12","0","KOSDAQ","0","51.55","","51.55"
"A096630","에스코넥","12","0","KOSDAQ","3.92","56.84","","54.69"
"A096690","에이루트","12","0","KOSDAQ","-6.74","44.02","","47.2"
"A096760","JW홀딩스","12","0","KOSPI","0.47","238.78","","237.67"
"A096770","SK이노베이션","12","1","KOSPI","-4.14","12248.92","","12777.54"
"A096870","엘디티","12","0","KOSDAQ","-1.11","17.86","","18.07"
"A097230","HJ중공업","12","0","KOSPI","-2.14","609.57","","622.89"
"A097520","엠씨넥스","12","0","KOSPI","-1.6","498.88","","506.97"
"A097780","에코볼트","12","0","KOSDAQ","-0.48","70.24","","70.58"
"A097800","윈팩","12","0","KOSDAQ","-1.63","56.36","","57.29"
"A097870","효성오앤비","6","0","KOSDAQ","0.32","53.4","","53.23"
"A097950","CJ제일제당","12","1","KOSPI","-1.55","3357.08","","3409.77"
"A098070","한텍","12","0","KOSDAQ","18.52","402.03","","339.19"
"A098120","마이크로컨텍솔","12","0","KOSDAQ","-0.96","128.35","","129.6"
"A098460","고영","12","0","KOSDAQ","-0.82","1079.25","","1088.18"
"A098660","에스티오","12","0","KOSDAQ","-0.65","28.56","","28.75"
"A099190","아이센스","12","0","KOSDAQ","-2.34","451.2","","462.01"
"A099220","SDN","12","0","KOSDAQ","-4.5","85.27","","89.29"
"A099320","쎄트렉아이","12","0","KOSDAQ","-4.04","546.47","","569.47"
"A099390","브레인즈컴퍼니","12","0","KOSDAQ","1.05","47.2","","46.71"
"A099410","동방선기","12","0","KOSDAQ","-0.95","50.89","","51.38"
"A099430","바이오플러스","12","0","KOSDAQ","-2.07","430.15","","439.23"
"A099440","스맥","12","0","KOSDAQ","-1.75","90.55","","92.16"
"A099520","DGI","12","0","KOSDAQ","0","58.14","","58.14"
"A099750","이지케어텍","3","0","KOSDAQ","0.11","125.01","","124.87"
"A100030","인지소프트","12","0","KOSDAQ","-0.19","51.13","","51.23"
"A100090","SK오션플랜트","12","0","KOSPI","1.49","1127.68","","1111.1"
"A100120","뷰웍스","12","0","KOSDAQ","-0.45","215.96","","216.94"
"A100130","동국S&C","12","0","KOSDAQ","1.88","154.57","","151.71"
"A100220","비상교육","12","0","KOSPI","-0.35","74.6","","74.86"
"A100250","진양홀딩스","12","0","KOSPI","0.33","170.76","","170.2"
"A100590","머큐리","12","0","KOSDAQ","-1.07","51.13","","51.69"
"A100660","서암기계공업","12","0","KOSDAQ","-1","43.47","","43.91"
"A100700","세운메디칼","12","0","KOSDAQ","1.24","107.09","","105.78"
"A100790","미래에셋벤처투자","12","0","KOSDAQ","-2.38","251.01","","257.12"
"A100840","SNT에너지","12","0","KOSPI","18.63","967.86","","815.86"
"A101000","KS인더스트리","12","0","KOSDAQ","0.92","72.7","","72.03"
"A101140","인바이오젠","12","0","KOSPI","-9.63","112.19","","124.15"
"A101160","월덱스","12","0","KOSDAQ","-0.6","299.67","","301.49"
"A101170","우림피티에스","12","0","KOSDAQ","-0.39","69.12","","69.39"
"A101240","씨큐브","12","0","KOSDAQ","3.4","45.6","","44.1"
"A101330","모베이스","12","0","KOSDAQ","0.48","73.03","","72.68"
"A101360","에코앤드림","12","0","KOSDAQ","-2.14","366.39","","374.4"
"A101390","아이엠","12","0","KOSDAQ","0","5.14","","5.14"
"A101400","엔시트론","12","0","KOSDAQ","-0.27","25.74","","24.4"
"A101490","에스앤에스텍","12","0","KOSDAQ","0.3","723.99","","721.84"
"A101530","해태제과식품","12","0","KOSPI","-0.89","194.21","","195.96"
"A101670","하이드로리튬","12","0","KOSDAQ","-1.56","71.78","","72.91"
"A101680","한국정밀기계","12","0","KOSDAQ","5.92","20.3","","19.16"
"A101730","위메이드맥스","12","0","KOSDAQ","-1.49","493.47","","500.93"
"A101930","인화정공","12","0","KOSDAQ","-0.76","376.46","","379.34"
"A101970","우양에이치씨","12","0","KOSDAQ","1.13","209.05","","206.72"
"A102120","어보브반도체","12","0","KOSDAQ","-1.79","176.03","","179.23"
"A102260","동성케미컬","12","0","KOSPI","0.5","200.96","","199.95"
"A102370","케이옥션","12","0","KOSDAQ","0.14","99.25","","99.11"
"A102460","이연제약","12","0","KOSPI","0","200.92","","200.92"
"A102710","이엔에프테크놀로지","12","0","KOSDAQ","-1.04","408.63","","412.92"
"A102940","코오롱생명과학","12","0","KOSDAQ","0.19","320.52","","319.9"
"A103140","풍산","12","1","KOSPI","6.94","1726.3","","1614.2"
"A103230","에스앤더블류","12","0","KOSDAQ","1.23","23.69","","23.4"
"A103590","일진전기","12","0","KOSPI","-0.82","1447.25","","1459.17"
"A103840","우양","12","0","KOSDAQ","0","48.28","","48.28"
"A104040","디에스엠","12","0","KOSDAQ","-1.98","46.75","","47.7"
"A104200","NHN벅스","12","0","KOSDAQ","-0.52","42.85","","43.07"
"A104460","디와이피엔에프","12","0","KOSDAQ","-1.71","179.02","","182.13"
"A104480","티케이케미칼","12","0","KOSDAQ","0.41","134.8","","134.25"
"A104540","코렌텍","12","0","KOSDAQ","0.64","80.42","","79.91"
"A104620","노랑풍선","12","0","KOSDAQ","-1.49","73.19","","74.3"
"A104700","한국철강","12","0","KOSPI","0.33","328.05","","326.96"
"A104830","원익머트리얼즈","12","0","KOSDAQ","-0.6","248.88","","250.39"
"A105330","케이엔더블유","12","0","KOSDAQ","-2.01","62.63","","63.92"
"A105550","엣지파운드리","12","0","KOSDAQ","3.17","267.81","","256.54"
"A105560","KB금융","12","1","KOSPI","2.38","38959.31","","38054.2"
"A105630","한세실업","12","1","KOSPI","0.5","404.4","","402.4"
"A105740","디케이락","12","0","KOSDAQ","4.4","77.28","","74.03"
"A105760","포스뱅크","12","0","KOSDAQ","-1.41","60.74","","61.61"
"A105840","우진","12","0","KOSPI","4.08","185.41","","178.14"
"A106080","케이이엠텍","12","0","KOSDAQ","-0.17","74.15","","74.28"
"A106190","하이텍팜","12","0","KOSDAQ","-0.4","133.87","","134.4"
"A106240","파인테크닉스","12","0","KOSDAQ","-3.8","16.34","","16.98"
"A106520","노블엠앤비","12","0","KOSDAQ","0","15.9","","15.9"
"A107590","미원홀딩스","12","0","KOSPI","0.4","175.62","","174.93"
"A107600","새빗켐","12","0","KOSDAQ","-2.83","79.38","","81.69"
"A107640","한중엔시에스","12","0","KOSDAQ","-7.8","235.51","","255.43"
"A108230","톱텍","12","0","KOSDAQ","-1.24","151.33","","153.23"
"A108320","LX세미콘","12","0","KOSPI","-1.68","951.46","","967.73"
"A108380","대양전기공업","12","0","KOSDAQ","0","206.65","","206.65"
"A108490","로보티즈","12","0","KOSDAQ","-0.19","693.66","","694.99"
"A108670","LX하우시스","12","0","KOSPI","2.43","264.55","","258.27"
"A108860","셀바스AI","12","0","KOSDAQ","-2.19","348.01","","355.81"
"A109070","주성코퍼레이션","12","0","KOSPI","-2.27","50.06","","51.23"
"A109080","옵티시스","12","0","KOSDAQ","-0.22","50.16","","50.27"
"A109610","에스와이","12","0","KOSDAQ","-0.27","177.78","","178.27"
"A109670","씨싸이트","12","0","KOSDAQ","0.14","40.62","","40.56"
"A109740","디에스케이","12","0","KOSDAQ","-2.63","142.69","","146.55"
"A109820","진매트릭스","12","0","KOSDAQ","-12.41","59.75","","68.22"
"A109860","동일금속","12","0","KOSDAQ","1.03","71.53","","70.8"
"A109960","앱토크롬","12","0","KOSDAQ","-5.33","64.25","","67.87"
"A110020","전진바이오팜","12","0","KOSDAQ","-1.11","20.11","","20.34"
"A110790","크리스에프앤씨","12","0","KOSDAQ","-0.22","106.38","","106.61"
"A110990","디아이티","12","0","KOSDAQ","-2.24","222.83","","227.93"
"A111110","호전실업","12","0","KOSPI","1.68","79.6","","78.29"
"A111380","동인기연","12","0","KOSPI","-0.13","92.66","","92.78"
"A111710","남화산업","12","0","KOSDAQ","-1.84","98.82","","100.68"
"A111770","영원무역","12","1","KOSPI","1.38","2601.08","","2565.63"
"A112040","위메이드","12","0","KOSDAQ","-1.02","826.65","","835.13"
"A112290","와이씨켐","12","0","KOSDAQ","-1.55","224.96","","228.5"
"A112610","씨에스윈드","12","1","KOSPI","-12.86","1714.27","","1967.3"
"A113810","디젠스","12","0","KOSDAQ","0.41","40.3","","40.13"
"A114090","GKL","12","1","KOSPI","-0.21","862.27","","864.12"
"A114190","강원에너지","12","0","KOSDAQ","-0.81","160.66","","161.96"
"A114450","그린생명과학","12","0","KOSDAQ","0","57.3","","57.3"
"A114630","폴라리스우노","12","0","KOSDAQ","-0.19","41.21","","41.29"
"A114810","한솔아이원스","12","0","KOSDAQ","7.2","238.44","","222.42"
"A114840","아이패밀리에스씨","12","0","KOSDAQ","-0.64","321.46","","323.54"
"A115160","휴맥스","12","0","KOSDAQ","0.93","47.53","","47.09"
"A115180","큐리언트","12","0","KOSDAQ","9.23","431.02","","394.59"
"A115310","인포바인","12","0","KOSDAQ","-2.67","122.45","","125.8"
"A115440","우리넷","12","0","KOSDAQ","1.82","72.54","","71.24"
"A115450","HLB테라퓨틱스","12","0","KOSDAQ","2.52","617.6","","602.41"
"A115480","씨유메디칼","12","0","KOSDAQ","-2.27","36.62","","37.47"
"A115500","케이씨에스","12","0","KOSDAQ","0.1","124.8","","124.68"
"A115530","씨엔플러스","12","0","KOSDAQ","2.16","32.15","","31.47"
"A115570","스타플렉스","12","0","KOSDAQ","-2.49","23.43","","24.03"
"A115610","이미지스","12","0","KOSDAQ","-2.21","25.3","","25.87"
"A117580","대성에너지","12","0","KOSPI","0.26","211.48","","210.93"
"A117670","알파칩스","12","0","KOSDAQ","-1.36","44.51","","45.13"
"A117730","티로보틱스","12","0","KOSDAQ","0","216.37","","216.37"
"A118000","메타케어","12","0","KOSPI","-0.29","57.34","","57.51"
"A118990","모트렉스","12","0","KOSDAQ","-0.22","225.75","","226.24"
"A119500","포메탈","12","0","KOSDAQ","-1.41","37.2","","37.73"
"A119610","인터로조","12","0","KOSDAQ","0.52","228.78","","227.59"
"A119650","KC코트렐","12","0","KOSPI","0","29.47","","29.47"
"A119830","아이텍","12","0","KOSDAQ","-0.34","128.5","","128.95"
"A119850","지엔씨에너지","12","0","KOSDAQ","2.56","460.57","","449.06"
"A120030","조선선재","12","0","KOSPI","1.3","127.65","","126.02"
"A120110","코오롱인더","12","1","KOSPI","-0.17","821.44","","822.82"
"A120240","대정화금","12","0","KOSDAQ","-0.36","98.15","","98.51"
"A121440","골프존홀딩스","12","0","KOSDAQ","0.19","221.47","","221.04"
"A121600","나노신소재","12","0","KOSDAQ","-2.28","548.29","","561.1"
"A121800","비덴트","12","0","KOSDAQ","0","256.31","","256.31"
"A121850","코이즈","12","0","KOSDAQ","-0.09","33.98","","34.01"
"A121890","에스디시스템","12","0","KOSDAQ","-0.21","24.68","","24.74"
"A122310","제노레이","12","0","KOSDAQ","-0.34","85.58","","85.87"
"A122350","삼기","12","0","KOSDAQ","-1.48","43.48","","44.13"
"A122450","KX","12","0","KOSDAQ","-3.75","162.76","","169.1"
"A122640","예스티","12","0","KOSDAQ","-0.14","289.88","","290.3"
"A122690","서진오토모티브","12","0","KOSDAQ","0.15","43.54","","43.47"
"A122870","와이지엔터테인먼트","12","0","KOSDAQ","5.48","1474.72","","1398.09"
"A122900","아이마켓코리아","12","0","KOSPI","0.5","267.1","","265.76"
"A122990","와이솔","12","0","KOSDAQ","-0.16","175.99","","176.27"
"A123010","알엔티엑스","12","0","KOSDAQ","-0.58","39.16","","39.39"
"A123040","엠에스오토텍","12","0","KOSDAQ","-2.08","132.46","","135.28"
"A123330","제닉","12","0","KOSDAQ","3.04","229.9","","223.12"
"A123410","코리아에프티","12","0","KOSDAQ","0","122.92","","122.92"
"A123420","위메이드플레이","12","0","KOSDAQ","-0.45","75.7","","76.05"
"A123570","이엠넷","12","0","KOSDAQ","-0.62","53.69","","54.02"
"A123690","한국화장품","12","0","KOSPI","1.95","109.42","","107.33"
"A123700","SJM","12","0","KOSPI","-0.64","48.53","","48.84"
"A123750","알톤","12","0","KOSDAQ","-2.51","19.27","","19.77"
"A123840","뉴온","12","0","KOSDAQ","0","37.45","","37.45"
"A123860","아나패스","12","0","KOSDAQ","-0.42","228.65","","229.62"
"A123890","한국자산신탁","12","0","KOSPI","0.21","286.97","","286.35"
"A124500","아이티센글로벌","12","0","KOSDAQ","-2.76","228.8","","235.29"
"A124560","태웅로직스","12","0","KOSDAQ","0.52","109.77","","109.2"
"A125020","티씨머티리얼즈","12","0","KOSDAQ","-2.41","180.38","","184.83"
"A125210","아모그린텍","12","0","KOSDAQ","-2.44","98.98","","101.46"
"A125490","한라캐스트","12","0","외감","","","",""
"A126340","비나텍","12","0","KOSDAQ","0.36","179.07","","178.43"
"A126560","현대퓨처넷","12","0","KOSPI","-0.46","354.85","","356.51"
"A126600","BGF에코머티리얼즈","12","0","KOSDAQ","0.71","177.63","","176.37"
"A126640","화신정공","12","0","KOSDAQ","0.3","48.38","","48.23"
"A126700","하이비젼시스템","12","0","KOSDAQ","-0.2","218.45","","218.9"
"A126720","수산인더스트리","12","0","KOSPI","14.32","359.29","","314.29"
"A126730","코칩","12","0","KOSDAQ","-0.37","92.52","","92.86"
"A126880","제이엔케이글로벌","12","0","KOSDAQ","-1.28","89.8","","90.96"
"A127120","제이에스링크","12","0","KOSDAQ","0.81","235.25","","233.36"
"A127710","아시아경제","12","0","KOSDAQ","0.34","41.33","","41.19"
"A127980","화인써키트","12","0","KOSDAQ","0.34","69.03","","68.79"
"A128540","에코캡","12","0","KOSDAQ","-1.14","44.15","","44.65"
"A128660","피제이메탈","12","0","KOSDAQ","0.17","74.53","","74.41"
"A128820","대성산업","12","0","KOSPI","0","154.71","","154.71"
"A128940","한미약품","12","1","KOSPI","1.21","3740.81","","3695.97"
"A129260","인터지스","12","0","KOSPI","0.58","77.94","","77.49"
"A129890","앱코","12","0","KOSDAQ","-0.82","48.87","","49.28"
"A129920","대성하이텍","12","0","KOSDAQ","-3.86","63.16","","65.7"
"A130500","GH신소재","12","0","KOSDAQ","-6.74","38.25","","41.02"
"A130580","나이스디앤비","12","0","KOSDAQ","0.2","76.46","","76.31"
"A130660","한전산업","12","0","KOSPI","5.08","404.24","","384.68"
"A130740","티피씨글로벌","12","0","KOSDAQ","-1.1","20.29","","20.51"
"A131030","옵투스제약","12","0","KOSDAQ","0.82","99.18","","98.37"
"A131090","시큐브","12","0","KOSDAQ","-0.13","31.52","","31.56"
"A131100","티엔엔터테인먼트","12","0","KOSDAQ","-0.07","39.24","","39.27"
"A131180","딜리","12","0","KOSDAQ","2.36","29.29","","28.62"
"A131220","대한과학","12","0","KOSDAQ","-1.76","37.42","","38.09"
"A131290","티에스이","12","0","KOSDAQ","0.64","435.27","","432.5"
"A131370","알서포트","12","0","KOSDAQ","-1.67","172.05","","174.98"
"A131400","이브이첨단소재","12","0","KOSDAQ","-2.54","77.65","","79.67"
"A131760","파인텍","12","0","KOSDAQ","2.37","35.66","","34.83"
"A131970","두산테스나","12","0","KOSDAQ","-1.78","427.13","","434.86"
"A133750","메가엠디","12","0","KOSDAQ","-0.23","50.56","","50.68"
"A133820","화인베스틸","12","0","KOSPI","0.63","24.66","","24.51"
"A134060","이퓨쳐","12","0","KOSDAQ","3.33","20.7","","20.03"
"A134380","미원화학","12","0","KOSPI","0.13","171.32","","171.1"
"A134580","탑코미디어","12","0","KOSDAQ","-2.56","86.41","","88.68"
"A134790","시디즈","12","0","KOSPI","-0.38","52.3","","52.5"
"A136150","원일티엔아이","12","0","KOSDAQ","-6.14","224.19","","238.86"
"A136410","아셈스","12","0","KOSDAQ","-0.92","94.43","","95.32"
"A136480","하림","12","0","KOSDAQ","-4","331.37","","345.18"
"A136490","선진","12","0","KOSPI","11.47","221.86","","199.04"
"A136540","윈스테크넷","12","0","KOSDAQ","1.19","145.64","","143.92"
"A137080","나래나노텍","12","0","KOSDAQ","1.1","35.61","","35.22"
"A137310","에스디바이오센서","12","1","KOSPI","-4.11","1306.37","","1362.37"
"A137400","피엔티","12","0","KOSDAQ","-4.86","744.35","","782.33"
"A137940","넥스트아이","12","0","KOSDAQ","6.44","56.43","","53.01"
"A137950","제이씨케미칼","12","0","KOSDAQ","1.14","89.18","","88.18"
"A138040","메리츠금융지주","12","1","KOSPI","0.28","19657.58","","19603.58"
"A138070","신진에스엠","12","0","KOSDAQ","0.65","40.96","","40.69"
"A138080","오이솔루션","12","0","KOSDAQ","-4.37","97.74","","102.2"
"A138360","앤로보틱스","12","0","KOSDAQ","-1.61","35.49","","36.07"
"A138610","나이벡","12","0","KOSDAQ","1.57","250.43","","246.57"
"A138930","BNK금융지주","12","1","KOSPI","1.36","3311.19","","3266.61"
"A139130","iM금융지주","12","1","KOSPI","0.86","1748.79","","1733.81"
"A139480","이마트","12","1","KOSPI","-0.92","2387.04","","2409.11"
"A139670","키네마스터","12","0","KOSDAQ","0","36.71","","36.71"
"A139990","아주스틸","12","0","KOSPI","-0.77","149.6","","150.76"
"A140070","서플러스글로벌","12","0","KOSDAQ","-0.2","92.29","","92.47"
"A140410","메지온","12","0","KOSDAQ","-2.37","1114.77","","1141.78"
"A140430","카티스","12","0","KOSDAQ","-0.63","44.99","","45.27"
"A140520","대창스틸","12","0","KOSDAQ","1.66","45.28","","44.54"
"A140670","알에스오토메이션","12","0","KOSDAQ","-1.19","139.55","","141.22"
"A140860","파크시스템스","12","0","KOSDAQ","0.22","1600.7","","1597.21"
"A141000","비아트론","12","0","KOSDAQ","0.37","99.46","","99.1"
"A141080","리가켐바이오","12","0","KOSDAQ","-0.18","4041.78","","4049.1"
"A142210","유니트론텍","12","0","KOSDAQ","-3.39","109.7","","113.55"
"A142280","녹십자엠에스","12","0","KOSDAQ","-10.52","91.53","","102.3"
"A142760","모아라이프플러스","12","0","KOSDAQ","0","51.43","","51.43"
"A143160","아이디스","12","0","KOSDAQ","-3.28","164.18","","169.75"
"A143210","핸즈코퍼레이션","12","0","KOSPI","1.42","34.45","","33.97"
"A143240","사람인","12","0","KOSDAQ","-0.89","170.02","","171.54"
"A143540","영우디에스피","12","0","KOSDAQ","-1.17","26.45","","26.76"
"A144510","지씨셀","12","0","KOSDAQ","-2.19","317.59","","324.7"
"A144960","뉴파워프라즈마","12","0","KOSDAQ","-0.1","214.97","","215.19"
"A145020","휴젤","12","0","KOSDAQ","0.98","4423.3","","4380.24"
"A145170","노브랜드","12","0","KOSDAQ","-1.55","86.06","","87.42"
"A145210","다이나믹디자인","12","0","KOSPI","-1.47","32.51","","32.99"
"A145720","덴티움","12","1","KOSPI","-1.61","675.2","","686.27"
"A145990","삼양사","12","0","KOSPI","1.27","494.01","","487.83"
"A146060","율촌","12","0","KOSDAQ","7.11","30.74","","28.7"
"A146320","비씨엔씨","12","0","KOSDAQ","0.45","113.39","","112.88"
"A147760","피엠티","12","0","KOSDAQ","-0.4","27","","27.1"
"A147830","제룡산업","12","0","KOSDAQ","2.31","124","","121.2"
"A148150","세경하이테크","12","0","KOSDAQ","-2.94","236.68","","243.85"
"A148250","알엔투테크놀로지","12","0","KOSDAQ","-2.49","66.5","","68.2"
"A148780","비큐AI","12","0","KOSDAQ","-2.57","40.6","","41.67"
"A148930","에이치와이티씨","12","0","KOSDAQ","-0.13","39.33","","39.38"
"A149950","아바텍","12","0","KOSDAQ","0.72","131.73","","130.79"
"A149980","하이로닉","12","0","KOSDAQ","0","94.65","","94.65"
"A150900","파수AI","12","0","KOSDAQ","0.21","56.79","","56.67"
"A151860","KG에코솔루션","12","0","KOSDAQ","-0.93","253.25","","255.63"
"A153460","네이블","12","0","KOSDAQ","0.56","47.21","","46.95"
"A153490","우리이앤엘하루틴","12","0","KOSDAQ","-0.3","33.77","","33.87"
"A153710","옵티팜","12","0","KOSDAQ","0.77","76.72","","76.14"
"A154030","아시아종묘","12","0","KOSDAQ","2.39","28.41","","27.74"
"A154040","다산솔루에타","12","0","KOSDAQ","0.54","20.1","","20"
"A155650","와이엠씨","12","0","KOSDAQ","-2.18","65.53","","66.99"
"A155660","DSR","12","0","KOSPI","0","60.32","","60.32"
"A156100","엘앤케이바이오","12","0","KOSDAQ","0.16","121.22","","121.02"
"A158430","아톤","12","0","KOSDAQ","4.47","144.83","","138.63"
"A159010","아스플로","12","0","KOSDAQ","-4.21","57.61","","60.14"
"A159580","제로투세븐","12","0","KOSDAQ","-1.77","100.16","","101.97"
"A159910","에코글로우","12","0","KOSDAQ","-2.07","35.9","","36.66"
"A160190","하이젠알앤엠","12","0","KOSDAQ","-5.2","1042.47","","1099.61"
"A160550","NEW","12","0","KOSDAQ","2.22","64.32","","62.93"
"A160980","싸이맥스","12","0","KOSDAQ","-0.53","123.55","","124.21"
"A161000","애경케미칼","12","0","KOSPI","-3.65","436.87","","453.41"
"A161390","한국타이어앤테크놀로지","12","1","KOSPI","0.27","4670.09","","4657.7"
"A161580","필옵틱스","12","0","KOSDAQ","-2.92","685.43","","706.02"
"A161890","한국콜마","12","1","KOSPI","-0.47","1996.99","","2006.43"
"A162300","신스틸","12","0","KOSDAQ","-0.65","94.76","","95.38"
"A163280","에어레인","12","0","KOSDAQ","5.62","164.31","","155.57"
"A163560","동일고무벨트","12","0","KOSPI","0.41","101.89","","101.47"
"A163730","핑거","12","0","KOSDAQ","-2.2","103.96","","106.3"
"A166090","하나머티리얼즈","12","0","KOSDAQ","-2.83","474.66","","488.51"
"A166480","코아스템켐온","12","0","KOSDAQ","-2.57","99.6","","102.23"
"A168330","내츄럴엔도텍","12","0","KOSDAQ","-2.99","77.16","","79.55"
"A168360","펨트론","12","0","KOSDAQ","-4.2","179.89","","187.76"
"A169330","엠브레인","6","0","KOSDAQ","-0.22","42.36","","42.45"
"A170030","현대공업","12","0","KOSDAQ","-1.24","85.75","","86.82"
"A170790","파이오링크","12","0","KOSDAQ","0.14","50.33","","50.26"
"A170900","동아에스티","12","0","KOSPI","-1.05","439.57","","444.25"
"A170920","엘티씨","12","0","KOSDAQ","-5.91","93.22","","99.07"
"A171010","램테크놀러지","12","0","KOSDAQ","0.26","54.41","","54.26"
"A171090","선익시스템","12","0","KOSDAQ","7.27","380.05","","354.3"
"A171120","라이온켐텍","12","0","KOSDAQ","0.66","82.75","","82.22"
"A172670","에이엘티","12","0","KOSDAQ","1.83","69.8","","68.55"
"A173130","오파스넷","12","0","KOSDAQ","-1.21","85.45","","86.5"
"A173940","에프엔씨엔터","12","0","KOSDAQ","0","55.95","","55.95"
"A174900","앱클론","12","0","KOSDAQ","2.1","214.97","","210.55"
"A175140","아고스","12","0","KOSDAQ","3.67","126.22","","121.76"
"A175250","아이큐어","12","0","KOSDAQ","-0.69","69.86","","70.35"
"A175330","JB금융지주","12","1","KOSPI","0.46","3366.24","","3350.73"
"A176750","듀켐바이오","12","0","KOSDAQ","-1.45","289.96","","294.23"
"A177350","베셀","12","0","KOSDAQ","-1.97","19.52","","19.91"
"A177830","파버나인","12","0","KOSDAQ","-0.66","40.62","","40.89"
"A177900","쓰리에이로직스","12","0","KOSDAQ","-2.28","65.48","","67.01"
"A178320","서진시스템","12","0","KOSDAQ","-1.06","1316.2","","1330.26"
"A178780","일월지엠엘","12","0","KOSDAQ","-1.04","50.64","","51.18"
"A178920","PI첨단소재","12","1","KOSPI","-0.06","524.78","","525.07"
"A179290","엠아이텍","12","0","KOSDAQ","0","272.52","","272.52"
"A179530","애드바이오텍","12","0","KOSDAQ","0.16","22","","21.97"
"A179900","유티아이","12","0","KOSDAQ","1.03","351.87","","348.28"
"A180400","DXVX","12","0","KOSDAQ","-1.36","107.3","","108.77"
"A180640","한진칼","12","1","KOSPI","6.57","8018.15","","7524.11"
"A181710","NHN","12","0","KOSPI","-0.89","638.18","","643.92"
"A182360","큐브엔터","12","0","KOSDAQ","2.84","254.89","","247.84"
"A182400","엔케이젠바이오텍코리아","12","0","KOSDAQ","0","172.75","","172.75"
"A183190","아세아시멘트","12","0","KOSPI","2.81","424.26","","412.68"
"A183300","코미코","12","0","KOSDAQ","-0.18","580.57","","581.61"
"A183490","엔지켐생명과학","12","0","KOSDAQ","-3.64","99.19","","102.93"
"A184230","SGA솔루션즈","12","0","KOSDAQ","-2.99","29.84","","30.76"
"A185490","아이진","12","0","KOSDAQ","-0.57","94.2","","94.74"
"A185750","종근당","12","1","KOSPI","1.95","1152.53","","1130.45"
"A186230","그린플러스","12","0","KOSDAQ","-0.13","82.88","","82.99"
"A187220","디티앤씨","12","0","KOSDAQ","0.34","34.04","","33.92"
"A187270","신화콘텍","12","0","KOSDAQ","3.06","37.58","","36.47"
"A187420","HLB제넥스","12","0","KOSDAQ","-1.67","103","","104.74"
"A187660","페니트리움바이오","12","0","KOSDAQ","-3.03","63.28","","65.26"
"A187790","나노","12","0","KOSDAQ","-4.04","29.27","","30.5"
"A187870","디바이스","12","0","KOSDAQ","-0.37","75.71","","76"
"A188040","바이오포트","12","0","KOSDAQ","-6.24","55.94","","59.66"
"A188260","세니젠","12","0","KOSDAQ","-5.09","19.55","","20.6"
"A189300","인텔리안테크","12","0","KOSDAQ","-2.93","426.65","","439.53"
"A189330","씨이랩","12","0","KOSDAQ","0.3","40.27","","40.15"
"A189690","포시에스","6","0","KOSDAQ","-1.59","59.02","","59.97"
"A189860","서전기전","12","0","KOSDAQ","14.39","45.1","","39.43"
"A189980","흥국에프엔비","12","0","KOSDAQ","0.57","77.83","","77.39"
"A190510","나무가","12","0","KOSDAQ","0.23","197.88","","197.43"
"A190650","코리아에셋투자증권","3","0","KOSDAQ","0.46","42.29","","42.1"
"A191410","육일씨엔에쓰","12","0","KOSDAQ","-1.45","26.72","","27.11"
"A191420","테고사이언스","12","0","KOSDAQ","-0.84","143.04","","144.26"
"A192080","더블유게임즈","12","1","KOSPI","1.51","1081.24","","1065.12"
"A192250","케이사인","12","0","KOSDAQ","0.45","62.61","","62.33"
"A192390","윈하이텍","12","0","KOSDAQ","0.17","32.66","","32.6"
"A192400","쿠쿠홀딩스","12","0","KOSPI","3.1","1063.31","","1031.3"
"A192410","오늘이엔엠","12","0","KOSDAQ","12.55","18.51","","16.44"
"A192440","슈피겐코리아","12","0","KOSDAQ","-4.27","146.4","","152.92"
"A192650","드림텍","12","0","KOSPI","-0.5","408.52","","410.58"
"A192820","코스맥스","12","1","KOSPI","1.7","2377.72","","2338"
"A193250","링크드","12","0","KOSDAQ","-7.07","29.95","","32.23"
"A194370","제이에스코퍼레이션","12","0","KOSPI","0.77","255.26","","253.3"
"A194480","데브시스터즈","12","0","KOSDAQ","-0.52","464.75","","467.19"
"A194700","노바렉스","12","0","KOSDAQ","2.8","295.95","","287.89"
"A195500","마니커에프앤지","12","0","KOSDAQ","0.15","54.64","","54.56"
"A195870","해성디에스","12","0","KOSPI","0","306","","306"
"A195940","HK이노엔","12","0","KOSDAQ","1.45","1191.27","","1174.27"
"A195990","루트K","12","0","KOSDAQ","0.33","85.98","","85.69"
"A196170","알테오젠","12","0","KOSDAQ","-0.15","17221.98","","17248.64"
"A196300","HLB펩","12","0","KOSDAQ","0.89","84.2","","83.45"
"A196450","코아시아씨엠","12","0","KOSDAQ","1.36","30.32","","29.91"
"A196490","디에이테크놀로지","12","0","KOSDAQ","0","36.25","","36.25"
"A196700","웹스","12","0","KOSDAQ","0","19.84","","19.84"
"A197140","디지캡","12","0","KOSDAQ","-0.63","30.78","","30.97"
"A198080","캐프","12","0","KOSDAQ","-1.23","52.01","","52.65"
"A198440","강동씨앤엘","12","0","KOSDAQ","-0.78","69.4","","69.95"
"A198940","한주라이트메탈","12","0","KOSDAQ","1.4","30.94","","30.52"
"A199430","케이엔알시스템","12","0","KOSDAQ","0","73.9","","73.9"
"A199480","뱅크웨어글로벌","12","0","KOSDAQ","0.97","42.07","","41.67"
"A199550","레이저옵텍","12","0","KOSDAQ","0.51","95.03","","94.55"
"A199730","바이오인프라","12","0","KOSDAQ","-1.75","27.24","","27.73"
"A199800","툴젠","12","0","KOSDAQ","-0.49","258.4","","259.69"
"A199820","제일일렉트릭","12","0","KOSDAQ","5.55","211.31","","200.2"
"A200130","콜마비앤에이치","12","0","KOSDAQ","-0.29","411.82","","412.99"
"A200230","텔콘RF제약","12","0","KOSDAQ","-5.46","47.92","","50.69"
"A200350","아티스트스튜디오","12","0","KOSDAQ","2.07","197.32","","193.32"
"A200470","에이팩트","12","0","KOSDAQ","-0.94","89.38","","90.23"
"A200670","휴메딕스","12","0","KOSDAQ","-0.19","582.83","","583.96"
"A200710","에이디테크놀로지","12","0","KOSDAQ","-1.41","187.77","","190.46"
"A200780","비씨월드제약","12","0","KOSDAQ","0.21","45.76","","45.66"
"A200880","서연이화","12","0","KOSPI","-2.52","292.45","","300.02"
"A201490","미투온","12","0","KOSDAQ","0","53.55","","53.55"
"A203400","에이비온","12","0","KOSDAQ","-2.61","160.37","","164.67"
"A203450","유니온바이오메트릭스","12","0","KOSDAQ","-0.5","41.81","","42.03"
"A203650","드림시큐리티","12","0","KOSDAQ","1.57","179.65","","176.87"
"A203690","아크솔루션스","12","0","KOSDAQ","0","74.09","","74.09"
"A204020","그리티","12","0","KOSDAQ","0","51.98","","51.98"
"A204270","제이앤티씨","12","0","KOSDAQ","0.36","957.97","","954.5"
"A204320","HL만도","12","1","KOSPI","0","1561.32","","1561.32"
"A204610","티쓰리","12","0","KOSDAQ","-1","115.22","","116.39"
"A204620","글로벌텍스프리","12","0","KOSDAQ","1.69","379.53","","373.2"
"A204840","지엘팜텍","12","0","KOSDAQ","-0.46","99.29","","99.75"
"A205100","엑셈","12","0","KOSDAQ","-0.75","141.85","","142.92"
"A205470","휴마시스","12","0","KOSDAQ","-9.16","223.17","","245.68"
"A205500","넥써쓰","12","0","KOSDAQ","2.21","135.45","","132.52"
"A206400","베노티앤알","12","0","KOSDAQ","-7.41","75.02","","81.02"
"A206560","덱스터","12","0","KOSDAQ","3.56","185","","178.64"
"A206640","바디텍메드","12","0","KOSDAQ","-2.97","383.54","","395.28"
"A206650","유바이오로직스","12","0","KOSDAQ","-1.28","479.78","","486"
"A207760","미스터블루","12","0","KOSDAQ","-0.6","109.67","","110.33"
"A207940","삼성바이오로직스","12","1","KOSPI","-5.93","72312.78","","76867.92"
"A208140","정다운","12","0","KOSDAQ","-0.76","85.63","","86.29"
"A208350","지란지교시큐리티","12","0","KOSDAQ","-1.15","22.8","","23.07"
"A208370","셀바스헬스케어","12","0","KOSDAQ","-1.59","119.82","","121.75"
"A208640","썸에이지","12","0","KOSDAQ","-0.37","37.04","","37.18"
"A208710","포톤","12","0","KOSDAQ","0.83","32.03","","31.76"
"A208860","다산디엠씨","12","0","KOSDAQ","0","74.86","","67.32"
"A209640","와이제이링크","12","0","KOSDAQ","-2.86","106.24","","109.36"
"A210120","캔버스엔","12","0","KOSDAQ","10.77","110.37","","99.64"
"A210540","디와이파워","12","0","KOSPI","-0.64","136.25","","137.14"
"A210980","SK디앤디","12","0","KOSPI","0.97","175.19","","173.51"
"A211050","인카금융서비스","12","0","KOSDAQ","4.56","495.3","","473.72"
"A211270","AP위성","12","0","KOSDAQ","-4.33","189.74","","198.33"
"A212560","네오오토","12","0","KOSDAQ","-1.23","63.31","","64.1"
"A212710","아이에스티이","12","0","KOSDAQ","-1.42","83.5","","84.71"
"A213420","덕산네오룩스","12","0","KOSDAQ","-2.57","892.68","","916.27"
"A213500","한솔제지","12","0","KOSPI","0.12","198.97","","198.73"
"A214150","클래시스","12","0","KOSDAQ","1.37","3877.94","","3825.53"
"A214180","헥토이노베이션","12","0","KOSDAQ","0.62","170.23","","169.18"
"A214260","라파스","12","0","KOSDAQ","-2.98","145.44","","149.9"
"A214270","FSN","12","0","KOSDAQ","-5.14","60.41","","63.68"
"A214320","이노션","12","0","KOSPI","0.51","708.8","","705.2"
"A214330","금호에이치티","12","0","KOSPI","-1.07","138.62","","140.11"
"A214370","케어젠","12","0","KOSDAQ","0.3","1796.77","","1791.4"
"A214390","경보제약","12","0","KOSPI","-0.56","128.14","","128.86"
"A214420","토니모리","12","0","KOSPI","2.66","213.37","","207.83"
"A214430","아이쓰리시스템","12","0","KOSDAQ","2.37","520.93","","508.84"
"A214450","파마리서치","12","0","KOSDAQ","2.16","4729.32","","4629.48"
"A214610","롤링스톤","12","0","KOSDAQ","-18.18","35.69","","43.63"
"A214680","디알텍","12","0","KOSDAQ","-1.07","136.48","","137.96"
"A215000","골프존","12","0","KOSDAQ","-0.92","406.02","","409.78"
"A215090","솔디펜스","12","0","KOSDAQ","-5.32","94.82","","100.15"
"A215100","로보로보","12","0","KOSDAQ","-1.98","90.75","","92.59"
"A215200","메가스터디교육","12","0","KOSDAQ","-1.13","565.47","","571.93"
"A215360","우리산업","12","0","KOSDAQ","0.31","87.3","","87.03"
"A215380","콜마바이오텍","12","0","KOSDAQ","-5.86","27.85","","29.59"
"A215480","토박스코리아","12","0","KOSDAQ","0.21","22.26","","22.22"
"A215600","신라젠","12","0","KOSDAQ","-2.46","437.87","","448.92"
"A215790","이노인스트루먼트","12","0","KOSDAQ","0.23","17.89","","17.85"
"A216050","인크로스","12","0","KOSDAQ","-0.57","89.9","","90.42"
"A216080","제테마","12","0","KOSDAQ","-2.12","248.86","","254.24"
"A217190","제너셈","12","0","KOSDAQ","-0.3","58.58","","58.75"
"A217270","넵튠","12","0","KOSDAQ","1.51","313.37","","308.7"
"A217330","싸이토젠","12","0","KOSDAQ","4.19","97.84","","93.91"
"A217480","에스디생명공학","12","0","KOSDAQ","0","54.76","","54.76"
"A217500","러셀","12","0","KOSDAQ","-1.29","53.44","","54.14"
"A217590","티엠씨","12","0","외감","","","",""
"A217730","강스템바이오텍","12","0","KOSDAQ","-0.87","108.69","","109.64"
"A217820","원익피앤이","12","0","KOSDAQ","-7.18","125.75","","135.48"
"A218150","미래생명자원","12","0","KOSDAQ","-0.96","73.8","","74.52"
"A218410","RFHIC","12","0","KOSDAQ","0.95","420.84","","416.87"
"A219130","타이거일렉","12","0","KOSDAQ","-0.38","83.03","","83.35"
"A219420","링크제니시스","12","0","KOSDAQ","-1.38","57.35","","58.15"
"A219550","디와이디","12","0","KOSDAQ","-0.84","73.68","","74.29"
"A219750","한국비티비","12","0","KOSDAQ","-5.56","106.71","","112.99"
"A220100","퓨쳐켐","12","0","KOSDAQ","-0.7","374.41","","377.06"
"A220180","폴라리스AI핸디","12","0","KOSDAQ","0.2","48.81","","48.71"
"A220260","켐트로스","12","0","KOSDAQ","-1.29","111.41","","112.87"
"A221800","지구홀딩스","12","0","KOSDAQ","-3.47","37.7","","39.05"
"A221840","하이즈항공","12","0","KOSDAQ","-0.59","31.77","","31.96"
"A221980","케이디켐","12","0","KOSDAQ","-0.18","45.71","","45.79"
"A222040","코스맥스엔비티","12","0","KOSDAQ","-2.36","93.86","","96.13"
"A222080","SFA넥셀","12","0","KOSDAQ","-2.32","522.26","","534.64"
"A222110","팬젠","12","0","KOSDAQ","-2.65","75.84","","77.91"
"A222160","NPX","12","0","KOSDAQ","0","79.55","","79.55"
"A222420","쎄노텍","12","0","KOSDAQ","-1.79","37.46","","38.14"
"A222800","심텍","12","0","KOSDAQ","-1.5","564.46","","573.06"
"A222980","한국맥널티","12","0","KOSDAQ","0.74","37.67","","37.4"
"A223250","드림씨아이에스","12","0","KOSDAQ","0.97","74.37","","73.66"
"A223310","사토시홀딩스","12","0","KOSDAQ","8.48","70.12","","64.64"
"A224060","더코디","12","0","KOSDAQ","0","17.44","","17.44"
"A224110","에이텍모빌리티","12","0","KOSDAQ","-1.37","69.1","","70.06"
"A225190","LK삼양","12","0","KOSDAQ","-3.17","124.08","","128.14"
"A225220","제놀루션","12","0","KOSDAQ","-5.48","47.98","","50.76"
"A225430","케이엠제약","12","0","KOSDAQ","-0.5","16.65","","16.73"
"A225530","HC보광산업","12","0","KOSDAQ","-0.51","140.81","","141.54"
"A225570","넥슨게임즈","12","0","KOSDAQ","-1.19","818.64","","828.52"
"A225590","패션플랫폼","12","0","KOSDAQ","0.56","23.73","","23.6"
"A226320","잇츠한불","12","0","KOSPI","4.64","271.92","","259.86"
"A226330","신테카바이오","12","0","KOSDAQ","-2.63","112.91","","115.96"
"A226340","본느","12","0","KOSDAQ","-1.95","39.98","","40.78"
"A226400","오스테오닉","12","0","KOSDAQ","-1.85","131.61","","134.09"
"A226590","엠디바이스","12","0","KOSDAQ","-2.58","119.94","","123.11"
"A226950","올릭스","12","0","KOSDAQ","-3.35","911.64","","943.28"
"A227100","프로브잇","12","0","KOSDAQ","0","14.77","","14.77"
"A227610","아우딘퓨쳐스","12","0","KOSDAQ","2.5","37.93","","37.01"
"A227840","현대코퍼레이션홀딩스","12","0","KOSPI","1.68","104.84","","103.11"
"A227950","엔투텍","12","0","KOSDAQ","0.8","39.26","","38.94"
"A228340","동양파일","12","0","KOSDAQ","0.71","36.64","","36.38"
"A228670","레이","12","0","KOSDAQ","-3.69","129.53","","134.5"
"A228760","지노믹트리","12","0","KOSDAQ","-1.08","312.02","","315.43"
"A228850","레이언스","12","0","KOSDAQ","0.75","111.33","","110.5"
"A229000","젠큐릭스","12","0","KOSDAQ","-2.52","26.31","","26.99"
"A229640","LS에코에너지","12","0","KOSPI","0.58","1055.03","","1048.9"
"A230240","에치에프알","12","0","KOSDAQ","-4.05","255.4","","266.18"
"A230360","에코마케팅","12","0","KOSDAQ","0.12","256.46","","256.15"
"A232140","와이씨","12","0","KOSDAQ","-0.11","770.41","","771.23"
"A232680","라온로보틱스","12","0","KOSDAQ","-2.53","96.51","","99.02"
"A232830","아이티센피엔에스","12","0","KOSDAQ","-2.48","25.29","","25.93"
"A234030","싸이닉솔루션","12","0","외감","","","",""
"A234080","JW생명과학","12","0","KOSPI","2.2","191.28","","187.16"
"A234100","폴라리스세원","12","0","KOSDAQ","-1.34","67.42","","68.34"
"A234300","에스트래픽","12","0","KOSDAQ","1.52","110.63","","108.98"
"A234340","헥토파이낸셜","12","0","KOSDAQ","0.3","125.72","","125.35"
"A234690","녹십자웰빙","12","0","KOSDAQ","2.34","163.32","","159.59"
"A234920","자이글","12","0","KOSDAQ","-0.41","49.66","","49.86"
"A235980","메드팩토","12","0","KOSDAQ","3.86","124.59","","119.96"
"A236200","슈프리마","12","0","KOSDAQ","5.29","267.07","","253.64"
"A236810","엔비티","12","0","KOSDAQ","-0.67","50.5","","50.84"
"A237690","에스티팜","12","0","KOSDAQ","-0.13","1521.54","","1523.56"
"A237750","피앤씨테크","12","0","KOSDAQ","-1.46","26.34","","26.73"
"A237820","플레이디","12","0","KOSDAQ","-0.38","67.73","","67.98"
"A237880","클리오","12","0","KOSDAQ","0.5","291.67","","290.23"
"A238090","앤디포스","12","0","KOSDAQ","-4.09","49.67","","51.79"
"A238120","얼라인드","12","0","KOSDAQ","-2.02","45.44","","46.37"
"A238200","비피도","12","0","KOSDAQ","1.97","29.57","","29"
"A238490","힘스","12","0","KOSDAQ","-1.17","38.07","","38.52"
"A239340","이스트에이드","12","0","KOSDAQ","-0.42","63.4","","63.67"
"A239610","에이치엘사이언스","12","0","KOSDAQ","0.32","66.86","","66.65"
"A239890","피엔에이치테크","12","0","KOSDAQ","-2.5","54.35","","55.74"
"A240550","동방메디컬","12","0","KOSDAQ","-3.68","228.32","","237.04"
"A240600","유진테크놀로지","12","0","KOSDAQ","-1.22","28.09","","28.44"
"A240810","원익IPS","12","0","KOSDAQ","-2.78","1028.31","","1057.76"
"A241520","DSC인베스트먼트","12","0","KOSDAQ","-2.2","155.79","","159.3"
"A241560","두산밥캣","12","1","KOSPI","-0.33","4371.04","","4385.41"
"A241590","화승엔터프라이즈","12","0","KOSPI","-1.05","456.24","","461.08"
"A241690","유니테크노","12","0","KOSDAQ","-0.51","72.07","","72.43"
"A241710","코스메카코리아","12","0","KOSDAQ","7.97","571.38","","529.19"
"A241770","메카로","12","0","KOSDAQ","-1.14","123.53","","124.96"
"A241790","티이엠씨씨엔에스","12","0","KOSDAQ","-1.37","57.42","","58.22"
"A241820","피씨엘","12","0","KOSDAQ","0","17.87","","17.87"
"A241840","에이스토리","12","0","KOSDAQ","-1.42","99.69","","101.12"
"A242040","나무에이엑스","12","0","KOSDAQ","-3.18","59.97","","61.95"
"A243070","휴온스","12","0","KOSDAQ","-0.7","338.43","","340.82"
"A243840","신흥에스이씨","12","0","KOSDAQ","-1.77","149.99","","152.69"
"A244460","올리패스","12","0","KOSDAQ","0","8.98","","8.98"
"A244920","에이플러스에셋","12","0","KOSPI","3.22","115.98","","112.36"
"A245620","EDGC","12","0","KOSDAQ","0","57.47","","57.47"
"A246250","에스엘에스바이오","12","0","KOSDAQ","-0.69","33.08","","33.31"
"A246690","TS인베스트먼트","12","0","KOSDAQ","-3.03","66.36","","68.44"
"A246710","티앤알바이오팹","12","0","KOSDAQ","-0.64","100.84","","101.49"
"A246720","아스타","12","0","KOSDAQ","-0.11","60.31","","60.37"
"A246960","SCL사이언스","12","0","KOSDAQ","0.5","67.75","","67.41"
"A247540","에코프로비엠","12","0","KOSDAQ","-4.57","8176.19","","8567.4"
"A247660","나노씨엠에스","12","0","KOSDAQ","-4.81","23.2","","24.37"
"A248070","솔루엠","12","0","KOSPI","0.57","771.84","","767.43"
"A248170","샘표식품","12","0","KOSPI","-0.19","119.46","","119.69"
"A249420","일동제약","12","0","KOSPI","-3.87","334.22","","347.69"
"A250000","보라티알","12","0","KOSDAQ","1.58","69.47","","68.38"
"A250060","모비스","12","0","KOSDAQ","0.63","77.21","","76.73"
"A250930","예선테크","12","0","KOSDAQ","0.39","16.93","","16.86"
"A251120","바이오에프디엔씨","12","0","KOSDAQ","0.06","142.09","","142"
"A251270","넷마블","12","1","KOSPI","-1.75","4340.65","","4418.01"
"A251370","와이엠티","12","0","KOSDAQ","-0.11","148.3","","148.46"
"A251630","브이원텍","12","0","KOSDAQ","-4.7","62.97","","66.08"
"A251970","펌텍코리아","12","0","KOSDAQ","4.22","735.32","","705.56"
"A252500","세화피앤씨","12","0","KOSDAQ","0.12","33.48","","33.44"
"A252990","샘씨엔에스","12","0","KOSDAQ","-1.76","260.99","","265.67"
"A253450","스튜디오드래곤","12","0","KOSDAQ","4.87","1391.71","","1327.08"
"A253590","네오셈","12","0","KOSDAQ","-1.72","401.84","","408.86"
"A253840","수젠텍","12","0","KOSDAQ","-7.93","128.25","","139.3"
"A254120","자비스","12","0","KOSDAQ","-0.5","48.84","","49.08"
"A254490","미래반도체","12","0","KOSDAQ","-1.61","194.34","","197.51"
"A255220","SG","12","0","KOSDAQ","0.63","235.05","","233.57"
"A255440","야스","12","0","KOSDAQ","0.28","92.97","","92.71"
"A256150","한독크린텍","12","0","KOSDAQ","1","50.79","","50.29"
"A256630","포인트엔지니어링","12","0","KOSDAQ","-0.34","68.55","","68.78"
"A256840","한국비엔씨","12","0","KOSDAQ","-4.72","296.83","","311.54"
"A256940","킵스파마","12","0","KOSDAQ","-5.66","292.63","","310.18"
"A257370","피엔티엠에스","12","0","KOSDAQ","-3.15","34.64","","35.76"
"A257720","실리콘투","12","0","KOSDAQ","3.1","2443.82","","2370.41"
"A258610","케일럼","12","0","KOSDAQ","-0.52","46.4","","46.64"
"A258790","소프트캠프","12","0","KOSDAQ","-1.66","28.22","","28.69"
"A258830","세종메디칼","12","0","KOSDAQ","0","22.98","","22.98"
"A259630","엠플러스","12","0","KOSDAQ","-2.2","92.98","","95.07"
"A259960","크래프톤","12","1","KOSPI","-0.13","18184.96","","18208.92"
"A260660","알리코제약","12","0","KOSDAQ","-3.07","65.29","","67.36"
"A260930","씨티케이","12","0","KOSDAQ","4.88","87.33","","83.27"
"A260970","에스앤디","12","0","KOSDAQ","-1.35","253.69","","257.17"
"A261200","덴티스","12","0","KOSDAQ","-0.89","105.92","","106.87"
"A261520","이지스","12","0","외감","","","",""
"A261780","아리바이오랩","12","0","KOSDAQ","-3.38","84.36","","87.31"
"A262260","에이프로","12","0","KOSDAQ","-2.44","81.02","","83.05"
"A262840","아이퀘스트","12","0","KOSDAQ","-2.67","46.28","","43.4"
"A263020","디케이앤디","12","0","KOSDAQ","-0.17","42.48","","42.56"
"A263050","유틸렉스","12","0","KOSDAQ","-3.42","46.78","","48.44"
"A263600","덕우전자","12","0","KOSDAQ","4.58","74.55","","71.29"
"A263690","디알젬","12","0","KOSDAQ","0.76","59.91","","59.46"
"A263700","케어랩스","12","0","KOSDAQ","3.29","63.97","","61.93"
"A263720","디앤씨미디어","12","0","KOSDAQ","-2.37","191","","195.63"
"A263750","펄어비스","12","0","KOSDAQ","-0.41","2367.53","","2377.17"
"A263770","유에스티","12","0","KOSDAQ","0","47.99","","47.99"
"A263800","데이타솔루션","12","0","KOSDAQ","-0.32","74.85","","75.1"
"A263810","상신전자","12","0","KOSDAQ","-1.01","41.95","","42.38"
"A263860","지니언스","12","0","KOSDAQ","1.91","173.97","","170.7"
"A263920","휴엠앤씨","12","0","KOSDAQ","-2.41","45.61","","46.74"
"A264450","유비쿼스","12","0","KOSDAQ","1.21","112.04","","110.69"
"A264660","씨앤지하이테크","12","0","KOSDAQ","-0.08","123.36","","123.46"
"A264850","이랜시스","12","0","KOSDAQ","-1.06","141.32","","142.84"
"A264900","크라운제과","12","0","KOSPI","0","104.57","","104.57"
"A265520","AP시스템","12","0","KOSDAQ","-0.43","246.03","","247.1"
"A265560","영화테크","12","0","KOSDAQ","-1.52","82.85","","84.13"
"A265740","엔에프씨","12","0","KOSDAQ","-3.11","61.18","","63.15"
"A267250","HD현대","12","1","KOSPI","0.24","6635.42","","6619.62"
"A267260","HD현대일렉트릭","12","1","KOSPI","0.39","13914.19","","13860.12"
"A267270","HD건설기계","12","0","KOSPI","0.85","1250.45","","1239.86"
"A267290","경동도시가스","12","0","KOSPI","0.49","109.07","","108.53"
"A267320","나인테크","12","0","KOSDAQ","3.77","151.25","","141.74"
"A267790","배럴","12","0","KOSDAQ","-0.23","34.31","","34.39"
"A267850","아시아나IDT","12","0","KOSPI","-0.17","126.76","","126.98"
"A267980","매일유업","12","0","KOSDAQ","-1.65","280.41","","285.12"
"A268280","미원에스씨","12","0","KOSPI","0.43","820","","816.5"
"A269620","시스웍","12","0","KOSDAQ","0","132.09","","132.09"
"A270520","앱튼","12","0","KOSDAQ","-1.97","181.5","","185.15"
"A270660","에브리봇","12","0","KOSDAQ","1.54","202.44","","199.38"
"A270870","뉴트리","12","0","KOSDAQ","-0.57","48.39","","48.67"
"A271560","오리온","12","1","KOSPI","0.54","4420.14","","4396.42"
"A271830","팸텍","12","0","KOSDAQ","-2.44","47.21","","48.39"
"A271940","일진하이솔루스","12","1","KOSPI","-1.62","440.84","","448.1"
"A271980","제일약품","12","0","KOSPI","-3.27","182.78","","188.96"
"A272110","케이엔제이","12","0","KOSDAQ","-1.49","132.66","","134.67"
"A272210","한화시스템","12","1","KOSPI","1.57","8548.6","","8416.36"
"A272290","이녹스첨단소재","12","0","KOSDAQ","-0.87","462.2","","466.25"
"A272450","진에어","12","0","KOSPI","1.66","478.15","","470.32"
"A272550","삼양패키징","12","0","KOSPI","-0.08","199.61","","199.76"
"A273060","와이즈버즈","12","0","KOSDAQ","-0.7","49.95","","50.31"
"A273640","와이엠텍","12","0","KOSDAQ","-1.74","111.63","","113.61"
"A274090","켄코아에어로스페이스","12","0","KOSDAQ","-2.06","168.53","","172.07"
"A274400","이노시뮬레이션","12","0","KOSDAQ","-0.23","34.17","","34.25"
"A275630","에스에스알","12","0","KOSDAQ","0","18.51","","18.51"
"A276040","스코넥","12","0","KOSDAQ","0.77","58.89","","58.44"
"A276730","한울앤제주","12","0","KOSDAQ","-2.82","32.37","","33.31"
"A277070","린드먼아시아","12","0","KOSDAQ","-1.44","65.58","","66.54"
"A277410","인산가","12","0","KOSDAQ","0.33","47.18","","47.03"
"A277810","레인보우로보틱스","12","0","KOSDAQ","-0.56","5140.96","","5170.06"
"A277880","티에스아이","12","0","KOSDAQ","-1.48","100.93","","102.45"
"A278280","천보","12","0","KOSDAQ","-3.94","317","","330"
"A278470","에이피알","12","1","KOSPI","-2.11","4190.34","","4280.54"
"A278650","HLB바이오스텝","12","0","KOSDAQ","-1.42","133.21","","135.12"
"A279570","케이뱅크","12","0","외감","","","",""
"A279600","미디어젠","12","0","KOSDAQ","0","52.94","","52.94"
"A280360","롯데웰푸드","12","1","KOSPI","0.46","1019.78","","1015.13"
"A281740","레이크머티리얼즈","12","0","KOSDAQ","-4.21","778.25","","812.43"
"A281820","케이씨텍","12","0","KOSPI","-0.8","516.22","","520.36"
"A282330","BGF리테일","12","1","KOSPI","1.21","1731.85","","1711.11"
"A282720","금양그린파워","12","0","KOSDAQ","-0.48","125.19","","125.8"
"A282880","코윈테크","12","0","KOSDAQ","-1.27","133.27","","134.99"
"A284620","카이노스메드","12","0","KOSDAQ","-2.13","38.05","","38.88"
"A284740","쿠쿠홈시스","12","0","KOSPI","-0.18","605.81","","606.93"
"A285130","SK케미칼","12","1","KOSPI","2.26","935.16","","914.45"
"A285490","노바텍","12","0","KOSDAQ","1.08","177.36","","175.45"
"A285800","진영","12","0","KOSDAQ","-0.69","37.49","","37.75"
"A286750","나노실리칸첨단소재","12","0","KOSDAQ","8.15","54.21","","50.13"
"A286940","롯데이노베이트","12","0","KOSPI","-0.43","278.08","","279.29"
"A287840","인투셀","12","0","KOSDAQ","","492.33","",""
"A288180","케이피항공산업","12","0","외감","","","",""
"A288330","파라택시스코리아","12","0","KOSDAQ","-0.7","37.11","","37.37"
"A288620","에스프리즘","12","0","KOSDAQ","0","74.47","","74.47"
"A288980","모아데이타","12","0","KOSDAQ","-1.73","39.19","","39.88"
"A289010","아이스크림에듀","12","0","KOSDAQ","-1.2","28.73","","28.8"
"A289080","SV인베스트먼트","3","0","KOSDAQ","0.47","81.52","","81.14"
"A289220","자이언트스텝","12","0","KOSDAQ","-1.18","149.72","","151.5"
"A289930","웨이비스","12","0","KOSDAQ","-2.57","109.17","","112.05"
"A290090","트윔","12","0","KOSDAQ","-0.53","56.4","","56.69"
"A290120","DH오토리드","12","0","KOSDAQ","-0.38","40.88","","41.04"
"A290270","휴네시온","12","0","KOSDAQ","-0.14","34.44","","34.49"
"A290520","신도기연","12","0","KOSDAQ","0.77","29.18","","28.96"
"A290550","디케이티","12","0","KOSDAQ","-1.2","131.41","","133.01"
"A290560","파라택시스이더리움","12","0","KOSDAQ","-0.75","25.56","","25.75"
"A290650","엘앤씨바이오","12","0","KOSDAQ","7.56","709.27","","659.43"
"A290660","다이나믹솔루션","12","0","KOSDAQ","-1.51","39.23","","39.83"
"A290670","대보마그네틱","12","0","KOSDAQ","-3.92","113.78","","118.41"
"A290690","아리바이오홀딩스","12","0","KOSDAQ","-0.55","176.05","","177.02"
"A290720","푸드나무","12","0","KOSDAQ","-5.3","46.93","","49.55"
"A290740","액트로","12","0","KOSDAQ","-0.19","52.04","","52.14"
"A291230","엔피","12","0","KOSDAQ","1.3","75.36","","74.39"
"A291650","압타머사이언스","12","0","KOSDAQ","-8.81","35.46","","38.88"
"A291810","핀텔","12","0","KOSDAQ","5.73","25.16","","23.79"
"A293480","하나제약","12","0","KOSPI","-0.34","207.23","","207.94"
"A293490","카카오게임즈","12","0","KOSDAQ","-3.73","1175.87","","1221.45"
"A293580","나우IB","12","0","KOSDAQ","-0.75","125.59","","126.54"
"A293780","압타바이오","12","0","KOSDAQ","-5.43","191.93","","202.95"
"A294090","이오플로우","12","0","KOSDAQ","0","51.69","","51.69"
"A294140","레몬","12","0","KOSDAQ","-0.61","85.26","","85.79"
"A294570","쿠콘","12","0","KOSDAQ","0.5","207.66","","206.63"
"A294630","서남","12","0","KOSDAQ","-0.18","65.55","","65.67"
"A294870","IPARK현대산업개발","12","0","KOSPI","4.27","1690.52","","1621.32"
"A295310","에이치브이엠","12","0","KOSDAQ","0.97","310.05","","307.07"
"A296640","이노에이엑스","12","0","KOSDAQ","-3.58","34.9","","36.2"
"A297090","씨에스베어링","12","0","KOSDAQ","-6.1","209.98","","223.61"
"A297570","아틀라스링크","12","0","KOSDAQ","-0.75","32.16","","32.41"
"A297890","HB솔루션","12","0","KOSDAQ","0","171.15","","171.15"
"A298000","효성화학","12","0","KOSPI","0","147.5","","147.5"
"A298020","효성티앤씨","12","1","KOSPI","1.52","1014.84","","999.69"
"A298040","효성중공업","12","1","KOSPI","1.18","5594.73","","5529.46"
"A298050","HS효성첨단소재","12","1","KOSPI","2.43","868.21","","847.61"
"A298060","풍전약품","12","0","KOSDAQ","-3.84","23.01","","23.93"
"A298380","에이비엘바이오","12","0","KOSDAQ","-2.43","3120.35","","3198"
"A298540","더네이쳐홀딩스","12","0","KOSDAQ","3.96","163.63","","157.39"
"A298690","에어부산","12","0","KOSPI","2.16","247.86","","242.61"
"A298830","슈어소프트테크","12","0","KOSDAQ","3.43","285.72","","276.25"
"A299030","하나기술","12","0","KOSDAQ","-1.38","143.19","","145.19"
"A299170","더블유에스아이","12","0","KOSDAQ","-1.99","59.31","","60.51"
"A299660","셀리드","12","0","KOSDAQ","-4.88","135.69","","142.66"
"A299900","위지윅스튜디오","12","0","KOSDAQ","4","226.98","","218.26"
"A300080","플리토","12","0","KOSDAQ","0.24","112.51","","112.24"
"A300120","라온피플","12","0","KOSDAQ","-3.31","91.37","","94.5"
"A300720","한일시멘트","12","1","KOSPI","4.33","1234.24","","1182.99"
"A301300","바이브컴퍼니","12","0","KOSDAQ","-2.55","60.13","","61.7"
"A302430","이노메트리","12","0","KOSDAQ","-0.13","75.72","","75.81"
"A302440","SK바이오사이언스","12","1","KOSPI","-2.83","3358.12","","3456.08"
"A302550","리메드","12","0","KOSDAQ","-1.28","107","","108.39"
"A303030","지니틱스","12","0","KOSDAQ","-0.83","38.61","","38.93"
"A303360","프로티아","12","0","KOSDAQ","0","41.08","","41.08"
"A303530","이노뎁","12","0","KOSDAQ","-0.89","49.17","","49.61"
"A303810","동국생명과학","12","0","KOSDAQ","-0.66","144.41","","145.37"
"A304100","솔트룩스","12","0","KOSDAQ","0.99","370.59","","366.95"
"A304360","에스바이오메딕스","12","0","KOSDAQ","-1.48","237.2","","240.75"
"A304840","피플바이오","12","0","KOSDAQ","0.38","56.04","","55.83"
"A305090","마이크로디지탈","12","0","KOSDAQ","0.34","159.97","","159.43"
"A306040","에스제이그룹","12","0","KOSDAQ","1.99","40.55","","39.76"
"A306200","세아제강","12","0","KOSPI","1.63","459.76","","452.39"
"A306620","지아이에스","12","0","KOSDAQ","-0.45","95.84","","96.27"
"A307180","아이엘","12","0","KOSDAQ","-0.36","76.6","","76.88"
"A307280","원바이오젠","12","0","KOSDAQ","0","42.69","","42.69"
"A307750","국전","12","0","KOSDAQ","-3.94","170.63","","177.63"
"A307870","비투엔","12","0","KOSDAQ","-0.75","54.01","","54.41"
"A307930","컴퍼니케이","12","0","KOSDAQ","-1.41","87.42","","88.66"
"A307950","현대오토에버","12","0","KOSPI","1.87","3888.72","","3817.42"
"A308080","바이젠셀","12","0","KOSDAQ","-0.84","60.12","","60.63"
"A308100","형지글로벌","12","0","KOSDAQ","4.13","50.77","","48.76"
"A308170","씨티알모빌리티","12","0","KOSPI","0.68","51.06","","50.71"
"A308430","셀비온","12","0","KOSDAQ","-0.84","225.94","","227.86"
"A309710","아이티켐","12","0","외감","","","",""
"A309930","조이웍스앤코","12","0","KOSDAQ","12.94","58.55","","51.84"
"A309960","LB인베스트먼트","12","0","KOSDAQ","0.57","101.81","","101.23"
"A310200","애니플러스","12","0","KOSDAQ","2.87","163.99","","159.42"
"A310210","보로노이","12","0","KOSDAQ","6.2","2015.37","","1897.69"
"A310870","디와이씨","12","0","KOSDAQ","0.38","32.4","","32.27"
"A311320","지오엘리먼트","12","0","KOSDAQ","-2.4","82.12","","84.14"
"A311390","네오크레마","12","0","KOSDAQ","0.72","88.32","","87.69"
"A311690","CJ 바이오사이언스","12","0","KOSDAQ","-2.17","129.48","","132.35"
"A312610","에이에프더블류","12","0","KOSDAQ","0.48","25.67","","25.54"
"A313760","캐리","12","0","KOSDAQ","-3.1","55.93","","57.71"
"A314130","지놈앤컴퍼니","12","0","KOSDAQ","-2.45","80.51","","82.53"
"A314140","알피바이오","12","0","KOSDAQ","-2.4","49.4","","50.61"
"A314930","바이오다인","12","0","KOSDAQ","-3.72","477.71","","496.17"
"A315640","딥노이드","12","0","KOSDAQ","-1.11","139.68","","141.25"
"A316140","우리금융지주","12","1","KOSPI","0.5","13418.63","","13351.8"
"A317120","라닉스","12","0","KOSDAQ","0","22.41","","22.41"
"A317240","TS트릴리온","12","0","KOSDAQ","0.39","27.45","","27.35"
"A317330","덕산테코피아","12","0","KOSDAQ","-3.49","345.64","","358.14"
"A317400","자이에스앤디","12","0","KOSPI","1.02","134.96","","133.61"
"A317450","명인제약","12","0","외감","","","",""
"A317530","에피소드컴퍼니","12","0","KOSDAQ","-1.25","47.49","","48.09"
"A317690","퀀타매트릭스","12","0","KOSDAQ","-3.59","65.86","","68.31"
"A317770","엑스페릭스","12","0","KOSDAQ","-2.33","107.55","","110.12"
"A317830","에스피시스템스","12","0","KOSDAQ","-0.78","82.74","","83.39"
"A317850","대모","12","0","KOSDAQ","-0.13","65.1","","65.18"
"A317870","엔바이오니아","12","0","KOSDAQ","-1.62","144.61","","147"
"A318000","KBG","12","0","KOSDAQ","-1.97","39.16","","39.94"
"A318010","팜스빌","12","0","KOSDAQ","-1.5","28.62","","29.06"
"A318020","포인트모바일","12","0","KOSDAQ","1.5","47.17","","46.47"
"A318060","그래피","12","0","외감","","","",""
"A318160","셀바이오휴먼텍","12","0","KOSDAQ","-1.17","54.92","","55.57"
"A318410","비비씨","12","0","KOSDAQ","-0.35","48.11","","48.28"
"A319400","현대무벡스","12","0","KOSDAQ","1.15","467.85","","462.55"
"A319660","피에스케이","12","0","KOSDAQ","0.51","517.06","","514.45"
"A320000","한울반도체","12","0","KOSDAQ","-0.35","78.58","","78.86"
"A321260","프로이천","12","0","KOSDAQ","-0.7","60.19","","60.61"
"A321370","센서뷰","12","0","KOSDAQ","1.93","49.12","","48.19"
"A321550","티움바이오","12","0","KOSDAQ","0.49","163.48","","162.68"
"A321820","아티스트컴퍼니","12","0","KOSDAQ","1.85","214.38","","210.48"
"A322000","HD현대에너지솔루션","12","0","KOSPI","6.63","522.48","","490"
"A322180","LS티라유텍","12","0","KOSDAQ","0.37","112.56","","112.14"
"A322310","오로스테크놀로지","12","0","KOSDAQ","-3.72","193.89","","201.38"
"A322510","제이엘케이","12","0","KOSDAQ","-2.16","161.6","","165.17"
"A322780","코퍼스코리아","12","0","KOSDAQ","-3.71","39.41","","40.93"
"A323280","태성","12","0","KOSDAQ","-5.81","692.37","","735.07"
"A323350","다원넥스뷰","12","0","KOSDAQ","5.26","59.36","","56.4"
"A323410","카카오뱅크","12","1","KOSPI","0.22","10851.51","","10827.66"
"A323990","박셀바이오","12","0","KOSDAQ","-1.92","213.97","","218.15"
"A326030","SK바이오팜","12","1","KOSPI","-0.44","7032.53","","7063.86"
"A327260","RF머트리얼즈","12","0","KOSDAQ","-0.38","44.27","","44.44"
"A328130","루닛","12","0","KOSDAQ","0.21","1358.39","","1355.47"
"A328380","솔트웨어","12","0","KOSDAQ","-1.6","35.8","","36.39"
"A329180","HD현대중공업","12","1","KOSPI","-1.27","34532.74","","34976.61"
"A330350","위더스제약","12","0","KOSDAQ","14.58","125.55","","109.58"
"A330730","스톤브릿지벤처스","12","0","KOSDAQ","-1.56","74.24","","75.42"
"A330860","네패스아크","12","0","KOSDAQ","-1.58","121.6","","123.55"
"A331380","포커스에이아이","12","0","KOSDAQ","-6","37.38","","39.77"
"A331520","밸로프","12","0","KOSDAQ","-0.65","31.18","","31.38"
"A331740","아우토크립트","12","0","외감","","","",""
"A331920","셀레믹스","12","0","KOSDAQ","-7.05","25.84","","27.8"
"A332290","누보","12","0","KOSDAQ","-3.24","34.85","","36.02"
"A332370","아이디피","12","0","KOSDAQ","-2.81","59.73","","61.46"
"A332570","PS일렉트로닉스","12","0","KOSDAQ","0.38","118.17","","117.73"
"A333050","이노테나","12","0","KOSDAQ","1.13","35.15","","34.75"
"A333430","일승","12","0","KOSDAQ","-2.3","150.1","","153.63"
"A333620","엔시스","12","0","KOSDAQ","0.15","71.57","","71.47"
"A334970","프레스티지바이오로직스","6","0","KOSDAQ","-1.25","306.19","","310.06"
"A335810","프리시젼바이오","12","0","KOSDAQ","-3.24","29.44","","30.43"
"A335870","윙스풋","12","0","KOSDAQ","3.75","41.71","","40.2"
"A336060","웨이버스","12","0","KOSDAQ","-1.1","60.68","","61.35"
"A336260","두산퓨얼셀","12","1","KOSPI","0.18","1094.4","","1092.44"
"A336370","솔루스첨단소재","12","0","KOSPI","-0.82","509.08","","513.29"
"A336570","원텍","12","0","KOSDAQ","-0.54","825.52","","829.99"
"A336680","탑런토탈솔루션","12","0","KOSDAQ","-0.58","200.43","","201.6"
"A337930","젝시믹스","12","0","KOSDAQ","2.59","174.4","","170.01"
"A338220","뷰노","12","0","KOSDAQ","-2.1","248.39","","253.71"
"A338840","와이바이오로직스","12","0","KOSDAQ","-3.16","135.7","","140.14"
"A339770","교촌에프앤비","12","0","KOSPI","0.71","246.33","","244.58"
"A339950","아이비김영","12","0","KOSDAQ","-2.52","95.51","","97.98"
"A340360","다보링크","12","0","KOSDAQ","-1.28","71.16","","72.08"
"A340440","세림B&G","12","0","KOSDAQ","-2.45","37.35","","38.28"
"A340450","지씨지놈","12","0","외감","","","",""
"A340570","티앤엘","12","0","KOSDAQ","0.15","531.57","","530.76"
"A340810","시선AI","12","0","KOSDAQ","0.96","44.91","","44.48"
"A340930","성원에너텍","12","0","KOSDAQ","-5.25","51.2","","54.04"
"A342870","오아","12","0","외감","","","",""
"A344820","KCC글라스","12","0","KOSPI","0.5","477.52","","475.12"
"A344860","이노진","12","0","KOSDAQ","-4.81","27.37","","28.75"
"A347000","센코","12","0","KOSDAQ","-3.33","81.36","","84.16"
"A347700","스피어","12","0","KOSDAQ","1.6","390.78","","384.62"
"A347740","피엔케이피부임상연구센타","12","0","KOSDAQ","0.93","81.18","","80.43"
"A347770","핌스","12","0","KOSDAQ","1.2","36.64","","36.21"
"A347850","디앤디파마텍","12","0","KOSDAQ","-0.44","963.66","","967.94"
"A347860","알체라","12","0","KOSDAQ","-0.4","66.66","","66.93"
"A347890","엠엑스온","12","0","KOSDAQ","3.73","108.24","","104.35"
"A348030","모비릭스","12","0","KOSDAQ","0.55","43.99","","43.75"
"A348080","큐라티스","12","0","KOSDAQ","-5.15","96.69","","101.93"
"A348150","고바이오랩","12","0","KOSDAQ","-1.86","92.05","","93.79"
"A348210","넥스틴","12","0","KOSDAQ","1.74","552.14","","542.71"
"A348340","뉴로메카","12","0","KOSDAQ","-1.91","262.47","","267.57"
"A348350","위드텍","12","0","KOSDAQ","1.63","76.17","","74.95"
"A348370","엔켐","12","0","KOSDAQ","-4.37","1299.21","","1358.55"
"A351320","넥사다이내믹스","12","0","KOSDAQ","4.48","53.94","","51.63"
"A351330","이삭엔지니어링","12","0","KOSDAQ","-1.03","63.66","","64.32"
"A351870","차이커뮤니케이션","12","0","KOSDAQ","-1.03","85.83","","86.72"
"A352090","스톰테크","12","0","KOSDAQ","-2.87","104.54","","107.63"
"A352480","씨앤씨인터내셔널","12","0","KOSDAQ","-9.12","434.1","","477.66"
"A352700","씨앤투스","12","0","KOSDAQ","-0.37","70.95","","71.21"
"A352770","셀레스트라","12","0","KOSDAQ","0","13.61","","13.61"
"A352820","하이브","12","1","KOSPI","1.78","11891.67","","11683.41"
"A352910","오비고","12","0","KOSDAQ","-0.55","56.68","","57"
"A352940","인바이오","12","0","KOSDAQ","0.19","27.93","","27.88"
"A353190","휴럼","12","0","KOSDAQ","0.72","27.68","","27.49"
"A353200","대덕전자","12","0","KOSPI","-1.03","714.57","","721.98"
"A353590","오토앤","12","0","KOSDAQ","-0.78","48.93","","49.31"
"A353810","이지바이오","12","0","KOSDAQ","0","174.67","","174.67"
"A354200","엔젠바이오","12","0","KOSDAQ","4.53","41.12","","39.34"
"A354320","알멕","12","0","KOSDAQ","-4.06","151.16","","157.55"
"A355150","코스텍시스","12","0","KOSDAQ","19.8","66.04","","55.13"
"A355390","크라우드웍스","12","0","KOSDAQ","-0.12","75.77","","75.86"
"A355690","에이텀","12","0","KOSDAQ","0","33.51","","33.51"
"A356680","엑스게이트","12","0","KOSDAQ","3.84","246.9","","237.77"
"A356860","티엘비","12","0","KOSDAQ","-0.29","169.32","","169.81"
"A356890","싸이버원","12","0","KOSDAQ","-1.29","41.3","","41.84"
"A357230","에이치피오","12","0","KOSDAQ","-1.81","102.49","","104.38"
"A357550","석경에이티","12","0","KOSDAQ","0","268.93","","268.93"
"A357580","아모센스","12","0","KOSDAQ","-1.08","61.94","","62.61"
"A357780","솔브레인","12","0","KOSDAQ","-1.42","1239.13","","1257.02"
"A357880","SKAI","12","0","KOSDAQ","-2.66","74.74","","76.78"
"A358570","지아이이노베이션","12","0","KOSDAQ","1.46","1072.09","","1056.68"
"A359090","씨엔알리서치","12","0","KOSDAQ","-1.07","57.75","","58.37"
"A360070","탑머티리얼","12","0","KOSDAQ","-0.41","195.32","","196.13"
"A360350","코셈","12","0","KOSDAQ","-0.24","47.58","","47.69"
"A361390","제노코","12","0","KOSDAQ","3.65","138.31","","133.44"
"A361570","알비더블유","12","0","KOSDAQ","9.49","79.62","","72.72"
"A361610","SK아이이테크놀로지","12","1","KOSPI","-2.19","1433.08","","1465.17"
"A361670","삼영에스앤씨","12","0","KOSDAQ","-0.81","24.14","","24.34"
"A362320","청담글로벌","12","0","KOSDAQ","5.88","125.04","","118.1"
"A362990","드림인사이트","12","0","KOSDAQ","-2.6","34.61","","35.53"
"A363250","진시스템","12","0","KOSDAQ","-1.78","65.97","","67.16"
"A363260","모비데이즈","12","0","KOSDAQ","-0.42","53.55","","53.78"
"A363280","티와이홀딩스","12","0","KOSPI","0.65","117.5","","116.74"
"A364950","에이아이코리아","12","0","KOSDAQ","-3.94","108.96","","110.64"
"A365270","큐라클","12","0","KOSDAQ","-4.26","64.58","","67.45"
"A365330","에스와이스틸텍","12","0","KOSDAQ","2.91","184.27","","179.07"
"A365340","성일하이텍","12","0","KOSDAQ","-1.79","368.34","","375.04"
"A365590","하이딥","12","0","KOSDAQ","-1.41","97.67","","99.06"
"A365900","브이씨","12","0","KOSDAQ","-0.88","24.64","","24.86"
"A366030","나인앤컴퍼니","12","0","KOSDAQ","1.74","92.65","","91.07"
"A367000","플래티어","12","0","KOSDAQ","-2.1","35.23","","35.99"
"A368600","아이씨에이치","12","0","KOSDAQ","-1.25","48.32","","48.93"
"A368770","파이버프로","12","0","KOSDAQ","-2.51","229.32","","235.24"
"A368970","오에스피","12","0","KOSDAQ","-4","26.92","","28.04"
"A369370","블리츠웨이엔터테인먼트","12","0","KOSDAQ","-2.01","65.63","","66.98"
"A370090","퓨런티어","12","0","KOSDAQ","2.5","157.87","","154.02"
"A371950","풍원정밀","12","0","KOSDAQ","0.55","228.92","","227.66"
"A372170","윤성에프앤씨","12","0","KOSDAQ","-3.31","209.45","","216.63"
"A372320","큐로셀","12","0","KOSDAQ","-2.46","425.41","","436.15"
"A372800","아이티아이즈","12","0","KOSDAQ","-0.63","37.98","","38.22"
"A372910","한컴라이프케어","12","0","KOSPI","0.33","84.68","","84.41"
"A373110","엑셀세라퓨틱스","12","0","KOSDAQ","4.89","39.87","","38.01"
"A373160","데이원컴퍼니","12","0","KOSDAQ","-4","89.19","","92.9"
"A373170","엠아이큐브솔루션","12","0","KOSDAQ","-0.75","39.75","","40.05"
"A373200","엑스플러스","12","0","KOSDAQ","-0.7","69.84","","70.33"
"A373220","LG에너지솔루션","12","1","KOSPI","-2.37","62712","","64233"
"A375500","DL이앤씨","12","1","KOSPI","9.05","1865.03","","1710.26"
"A376180","피코그램","12","0","KOSDAQ","7.79","53.72","","49.83"
"A376270","HEM파마","12","0","KOSDAQ","0.22","157.78","","157.42"
"A376290","씨유테크","12","0","KOSDAQ","-0.32","55.62","","55.8"
"A376300","디어유","12","0","KOSDAQ","6.4","1262.88","","1186.92"
"A376900","로킷헬스케어","12","0","KOSDAQ","-10.13","172.41","","191.84"
"A376930","노을","12","0","KOSDAQ","-1.52","83.87","","85.16"
"A376980","원티드랩","12","0","KOSDAQ","-3.54","53.23","","55.18"
"A377030","비트맥스","12","0","KOSDAQ","12.8","104.99","","93.08"
"A377220","프롬바이오","12","0","KOSDAQ","-7","86.49","","93"
"A377300","카카오페이","12","1","KOSPI","1.65","4148.56","","4081.21"
"A377330","이지트로닉스","12","0","KOSDAQ","-0.53","37.93","","38.14"
"A377450","리파인","12","0","KOSDAQ","-1.87","191.32","","194.96"
"A377460","큐에이드","12","0","KOSDAQ","0","26.03","","26.03"
"A377480","마음AI","12","0","KOSDAQ","5.33","159.94","","151.84"
"A377740","바이오노트","12","0","KOSPI","1.55","500.58","","492.93"
"A378340","필에너지","12","0","KOSDAQ","-2.13","274.49","","280.48"
"A378800","샤페론","12","0","KOSDAQ","-4.87","88.32","","92.84"
"A378850","화승알앤에이","12","0","KOSPI","1.29","59.45","","58.69"
"A380540","옵티코어","12","0","KOSDAQ","-5.27","85.85","","90.62"
"A380550","뉴로핏","12","0","외감","","","",""
"A381620","제닉스로보틱스","12","0","KOSDAQ","-0.82","94.71","","95.5"
"A381970","케이카","12","0","KOSPI","4.27","718.39","","689"
"A382150","온코크로스","12","0","KOSDAQ","-7.32","135.62","","146.33"
"A382480","지아이텍","12","0","KOSDAQ","-0.22","87.37","","87.57"
"A382800","지앤비에스 에코","12","0","KOSDAQ","-1.77","132.42","","134.8"
"A382840","원준","12","0","KOSDAQ","-3.64","129.5","","134.39"
"A382900","범한퓨얼셀","12","0","KOSDAQ","2.19","143.24","","140.18"
"A383220","F&F","12","1","KOSPI","3.28","2892.18","","2800.25"
"A383310","에코프로에이치엔","12","0","KOSDAQ","-4.28","468.79","","489.76"
"A383800","LX홀딩스","12","0","KOSPI","1.12","549.22","","543.12"
"A383930","디티앤씨알오","12","0","KOSDAQ","-1.01","56.25","","56.83"
"A384470","코어라인소프트","12","0","KOSDAQ","-4.41","94.64","","99"
"A387570","파인메딕스","12","0","KOSDAQ","-1.55","39.27","","39.89"
"A388050","지투파워","12","0","KOSDAQ","0.74","178.49","","177.18"
"A388210","씨엠티엑스","12","0","외감","","","",""
"A388610","지에프씨생명과학","12","0","KONEX","0.56","79.69","","79.25"
"A388720","유일로보틱스","12","0","KOSDAQ","-0.14","809.55","","810.7"
"A388790","라이콤","12","0","KOSDAQ","1.02","75.71","","74.95"
"A388870","파로스아이바이오","12","0","KOSDAQ","-1.59","88.29","","89.72"
"A389020","자람테크놀로지","12","0","KOSDAQ","-1.18","208.24","","210.72"
"A389030","지니너스","12","0","KOSDAQ","0","70.37","","70.37"
"A389140","포바이포","12","0","KOSDAQ","-2.79","201.14","","206.92"
"A389260","대명에너지","12","0","KOSDAQ","-2.92","368.28","","379.36"
"A389470","인벤티지랩","12","0","KOSDAQ","6.71","458.9","","430.05"
"A389500","에스비비테크","12","0","KOSDAQ","-1.22","128.26","","129.85"
"A389650","넥스트바이오메디컬","12","0","KOSDAQ","-2.81","351.49","","361.65"
"A389680","유디엠텍","12","0","KOSDAQ","1.12","26.18","","25.89"
"A391710","코닉오토메이션","12","0","KOSDAQ","-0.06","67.81","","67.85"
"A393210","토마토시스템","12","0","KOSDAQ","-2.04","104.93","","107.12"
"A393890","더블유씨피","12","0","KOSDAQ","-4.21","246.72","","257.55"
"A393970","대진첨단소재","12","0","KOSDAQ","-2.25","147.67","","151.08"
"A394280","오픈엣지테크놀로지","12","0","KOSDAQ","-3.39","257.44","","266.46"
"A394420","리센스메디컬","12","0","외감","","","",""
"A394800","쓰리빌리언","12","0","KOSDAQ","-2.26","206.19","","210.95"
"A396270","넥스트칩","12","0","KOSDAQ","2.16","128.07","","125.36"
"A396300","세아메카닉스","12","0","KOSDAQ","-3.66","62.78","","65.16"
"A396470","워트","12","0","KOSDAQ","-0.51","127.03","","127.67"
"A397030","에이프릴바이오","12","0","KOSDAQ","-1.62","367.87","","373.94"
"A397810","애드포러스","12","0","외감","","","",""
"A398120","에스지헬스케어","12","0","KOSDAQ","2.06","38.67","","37.89"
"A399720","가온칩스","12","0","KOSDAQ","-0.64","449.4","","452.3"
"A402030","코난테크놀로지","12","0","KOSDAQ","2.66","287.26","","279.8"
"A402340","SK스퀘어","12","1","KOSPI","0.61","13134.8","","13055.27"
"A402490","그린리소스","12","0","KOSDAQ","-0.46","107.96","","108.46"
"A403490","우듬지팜","12","0","KOSDAQ","-1.32","77.58","","78.62"
"A403550","쏘카","12","0","KOSPI","-0.68","434.5","","437.45"
"A403850","더핑크퐁컴퍼니","12","0","외감","","","",""
"A403870","HPSP","12","0","KOSDAQ","-0.23","1778.52","","1782.69"
"A405000","플라즈맵","12","0","KOSDAQ","-3.23","37.92","","39.19"
"A405100","큐알티","12","0","KOSDAQ","-1.57","154.23","","156.69"
"A405920","나라셀라","12","0","KOSDAQ","-0.21","30.33","","30.39"
"A406820","뷰티스킨","12","0","KOSDAQ","-0.78","45.17","","45.52"
"A407400","꿈비","12","0","KOSDAQ","1.74","120.05","","117.99"
"A408470","한패스","12","0","외감","","","",""
"A408900","스튜디오미르","12","0","KOSDAQ","-1.88","102.61","","104.57"
"A408920","메쎄이상","12","0","KOSDAQ","1.33","98.79","","97.49"
"A411080","샌즈랩","12","0","KOSDAQ","-3.91","127.48","","132.68"
"A412350","레이저쎌","12","0","KOSDAQ","-1.2","25.22","","25.53"
"A412540","제일엠앤에스","12","0","KOSDAQ","0","81.06","","81.06"
"A413390","엠오티","12","0","KOSDAQ","-0.64","89.63","","90.21"
"A413630","씨피시스템","12","0","KOSDAQ","-1.6","47.06","","47.82"
"A413640","비아이매트릭스","12","0","KOSDAQ","5.27","93.55","","88.86"
"A415380","스튜디오삼익","12","0","KOSDAQ","0.37","34.35","","34.23"
"A416180","신성에스티","12","0","KOSDAQ","-3.17","289.72","","299.22"
"A417010","나노팀","12","0","KOSDAQ","-3.18","116.53","","120.36"
"A417180","핑거스토리","12","0","KOSDAQ","0.39","42.97","","42.8"
"A417200","LS머트리얼즈","12","0","KOSDAQ","-0.59","682.62","","686.67"
"A417500","제이아이테크","12","0","KOSDAQ","0.6","109.99","","109.34"
"A417790","트루엔","12","0","KOSDAQ","0.11","100.21","","100.1"
"A417840","저스템","12","0","KOSDAQ","-2.4","67.92","","69.59"
"A417860","오브젠","12","0","KOSDAQ","-4.35","42.89","","44.84"
"A417970","모델솔루션","12","0","KOSDAQ","-2.67","67.74","","69.6"
"A418250","시큐레터","12","0","KOSDAQ","0","52.28","","52.28"
"A418420","라온텍","12","0","KOSDAQ","10.89","117.41","","105.88"
"A418470","KT밀리의서재","12","0","KOSDAQ","1.83","141.51","","138.96"
"A418550","제이오","12","0","KOSDAQ","-3.07","262.54","","270.87"
"A418620","E8","12","0","KOSDAQ","7.51","47.8","","44.46"
"A419050","삼기에너지솔루션즈","12","0","KOSDAQ","-1.65","95.63","","97.23"
"A419080","엔젯","12","0","KOSDAQ","-1.41","73.96","","75.01"
"A419120","산돌","12","0","KOSDAQ","-3.2","58.77","","60.72"
"A419530","SAMG엔터","12","0","KOSDAQ","3.55","588.53","","568.36"
"A419540","비스토스","12","0","KOSDAQ","0.68","37.71","","37.45"
"A420570","제이투케이바이오","12","0","KOSDAQ","12.44","66.08","","58.77"
"A420770","기가비스","12","0","KOSDAQ","-1.54","323.87","","328.94"
"A424760","벨로크","12","0","KOSDAQ","-1.21","17.7","","17.91"
"A424870","이뮨온시아","12","0","KOSDAQ","-11.18","429.27","","483.29"
"A424960","스마트레이더시스템","12","0","KOSDAQ","7.43","161.01","","149.88"
"A424980","마이크로투나노","12","0","KOSDAQ","6.61","58.24","","54.63"
"A425040","티이엠씨","12","0","KOSDAQ","-2.18","134.16","","137.15"
"A425420","티에프이","12","0","KOSDAQ","0.31","220.56","","219.88"
"A429270","시지트로닉스","12","0","KOSDAQ","-2.47","23.12","","23.7"
"A430690","한싹","12","0","KOSDAQ","-9.85","59.82","","66.35"
"A431190","케이쓰리아이","12","0","KOSDAQ","-4.65","44.54","","46.72"
"A432430","와이랩","12","0","KOSDAQ","-1.79","90.42","","92.07"
"A432470","케이엔에스","12","0","KOSDAQ","-1.7","86.22","","87.72"
"A432720","퀄리타스반도체","12","0","KOSDAQ","-2.83","187.47","","192.94"
"A432980","엠에프씨","12","0","KOSDAQ","-1.7","37.2","","37.85"
"A434480","모니터랩","12","0","KOSDAQ","-2.15","53.3","","54.47"
"A435570","에르코스","12","0","KOSDAQ","-1.75","144.63","","147.2"
"A437730","삼현","12","0","KOSDAQ","-2.04","426.78","","435.66"
"A438700","버넥트","12","0","KOSDAQ","-4.97","55.39","","58.29"
"A439090","마녀공장","12","0","KOSDAQ","0.34","291.53","","290.55"
"A439260","대한조선","12","0","외감","","","",""
"A439580","블루엠텍","12","0","KOSDAQ","-4.76","80.54","","84.56"
"A439960","코스모로보틱스","12","0","외감","","","",""
"A440110","파두","12","0","KOSDAQ","-1.24","511.58","","518.01"
"A440290","HB인베스트먼트","12","0","KOSDAQ","-1.75","51.77","","52.7"
"A440320","오픈놀","12","0","KOSDAQ","-1.55","55.99","","56.87"
"A441270","파인엠텍","12","0","KOSDAQ","-5.33","210.09","","221.93"
"A443060","HD현대마린솔루션","12","0","KOSPI","-0.31","7186.12","","7208.54"
"A443250","레뷰코퍼레이션","12","0","KOSDAQ","0","119.71","","119.71"
"A443670","에스피소프트","12","0","KOSDAQ","-2.4","160.82","","164.78"
"A444530","심플랫폼","12","0","KOSDAQ","-2.45","69.71","","71.46"
"A445090","에이직랜드","12","0","KOSDAQ","-0.53","308.21","","309.84"
"A445180","퓨릿","12","0","KOSDAQ","-1.31","88.71","","89.88"
"A445680","큐리옥스바이오시스템즈","12","0","KOSDAQ","0.85","476.39","","472.36"
"A446070","유니드비티플러스","12","0","KOSPI","0","42.76","","42.76"
"A446540","메가터치","12","0","KOSDAQ","-2.88","77.16","","79.45"
"A446840","지슨","12","0","KOSDAQ","0","12.41","","12.41"
"A448280","에코아이","12","0","KOSDAQ","-4.34","115.27","","120.5"
"A448710","코츠테크놀로지","12","0","KOSDAQ","-1","98.85","","99.85"
"A448900","한국피아이엠","12","0","KOSDAQ","-0.99","108.08","","109.16"
"A450080","에코프로머티","12","1","KOSPI","-3.24","2926.67","","3024.58"
"A450330","하스","12","0","KOSDAQ","0.11","68.57","","68.49"
"A450520","인스웨이브","12","0","KOSDAQ","-0.25","58.23","","58.38"
"A450950","아스테라시스","12","0","KOSDAQ","2.06","418.23","","409.8"
"A451220","아이엠티","12","0","KOSDAQ","-1.28","73.08","","74.02"
"A451250","삐아","12","0","KOSDAQ","-0.53","113.41","","114.02"
"A451760","컨텍","12","0","KOSDAQ","-2.44","140.32","","143.83"
"A452160","제이엔비","12","0","KOSDAQ","-2.65","49.43","","50.78"
"A452190","한빛레이저","12","0","KOSDAQ","1.08","109.36","","108.19"
"A452200","민테크","12","0","KOSDAQ","-1.46","82.11","","83.33"
"A452260","한화갤러리아","12","0","KOSPI","-0.58","231.47","","232.83"
"A452280","한선엔지니어링","12","0","KOSDAQ","4.28","126.19","","121.01"
"A452300","캡스톤파트너스","12","0","KOSDAQ","0.88","40.26","","39.91"
"A452400","이닉스","12","0","KOSDAQ","-0.12","73.12","","73.21"
"A452430","사피엔반도체","12","0","KOSDAQ","15.31","184.39","","159.91"
"A452450","피아이이","12","0","KOSDAQ","0.3","240.39","","239.68"
"A453340","현대그린푸드","12","0","KOSPI","-1.3","577.22","","584.84"
"A453450","그리드위즈","12","0","KOSDAQ","-0.43","146.38","","147.02"
"A453860","에이에스텍","12","0","KOSDAQ","0.24","115.97","","115.69"
"A454910","두산로보틱스","12","1","KOSPI","-0.43","3007.65","","3020.61"
"A455180","케이지에이","12","0","외감","","","",""
"A455900","엔젤로보틱스","12","0","KOSDAQ","-1.91","349.97","","356.8"
"A456010","아이씨티케이","12","0","KOSDAQ","0.49","250.16","","248.95"
"A456040","OCI","12","1","KOSPI","-3.5","469.11","","486.12"
"A456070","이엔셀","12","0","KOSDAQ","-1.97","146.53","","149.48"
"A456160","지투지바이오","12","0","외감","","","",""
"A457190","이수스페셜티케미컬","12","1","KOSPI","-5.27","1167.55","","1232.5"
"A457370","한켐","12","0","KOSDAQ","-4.91","65.26","","68.63"
"A457550","우진엔텍","12","0","KOSDAQ","12.3","199.8","","177.92"
"A457600","벡트","12","0","KOSDAQ","-0.86","47.5","","47.91"
"A458350","에스팀","12","0","외감","","","",""
"A458650","성우","12","0","KOSDAQ","-3.43","173.93","","180.1"
"A458870","씨어스","12","0","KOSDAQ","9.61","214.04","","195.28"
"A459100","위츠","12","0","KOSDAQ","-0.15","83.73","","83.86"
"A459510","나우로보틱스","12","0","KOSDAQ","-5.73","340.67","","361.37"
"A459550","알트","12","0","외감","","","",""
"A460470","아이빔테크놀로지","12","0","KOSDAQ","-6.7","56.76","","60.84"
"A460850","동국씨엠","12","0","KOSPI","0.16","185.97","","185.67"
"A460860","동국제강","12","0","KOSPI","-0.57","431.09","","433.57"
"A460870","에스엠씨지","12","0","KOSDAQ","4.28","112.08","","107.48"
"A460930","현대힘스","12","0","KOSDAQ","4.28","621.01","","595.5"
"A460940","피앤에스로보틱스","12","0","KOSDAQ","-0.37","87.43","","87.76"
"A461030","아이엠비디엑스","12","0","KOSDAQ","-2.4","119.57","","122.52"
"A461300","아이스크림미디어","12","0","KOSDAQ","-2.36","217.52","","222.78"
"A462310","뉴키즈온","12","0","외감","","","",""
"A462350","이노스페이스","12","0","KOSDAQ","0","202.05","","202.05"
"A462510","라메디텍","12","0","KOSDAQ","7.9","79.03","","73.24"
"A462520","조선내화","12","0","KOSPI","-0.38","155.42","","156.01"
"A462860","더즌","12","0","KOSDAQ","-1.36","180.68","","183.18"
"A462870","시프트업","12","0","KOSPI","-14.02","2941.78","","3421.36"
"A462980","아이지넷","12","0","KOSDAQ","-0.17","54.61","","54.7"
"A463020","뉴엔AI","12","0","외감","","","",""
"A463480","모티브링크","12","0","KOSDAQ","-0.2","121.92","","122.17"
"A464080","에스오에스랩","12","0","KOSDAQ","11.31","254.09","","228.27"
"A464280","티디에스팜","12","0","KOSDAQ","-2.34","64.76","","66.3"
"A464490","쿼드메디슨","12","0","외감","","","",""
"A464500","아이언디바이스","12","0","KOSDAQ","5.43","51.52","","48.87"
"A464580","닷밀","12","0","KOSDAQ","-1.24","58.27","","59"
"A465480","인스피언","12","0","KOSDAQ","0.44","69.34","","69.04"
"A465770","STX그린로지스","12","0","KOSPI","-0.71","59.88","","60.31"
"A466100","클로봇","12","0","KOSDAQ","-1.13","453.09","","458.27"
"A466410","사이냅소프트","12","0","KOSDAQ","-0.55","63.62","","63.97"
"A468530","프로티나","12","0","외감","","","",""
"A469610","이노테크","12","0","외감","","","",""
"A469750","아이비젼웍스","12","0","KOSDAQ","-1.58","29.56","","30.03"
"A471820","셀로맥스사이언스","12","0","KOSDAQ","-0.2","59.38","","59.5"
"A472850","폰드그룹","12","0","KOSDAQ","5.6","243.87","","230.94"
"A473980","노머스","12","0","KOSDAQ","7.46","360.53","","335.51"
"A474170","루미르","12","0","KOSDAQ","-1.86","149.98","","152.81"
"A474610","RF시스템즈","12","0","KOSDAQ","-1.33","57.32","","58.1"
"A474650","링크솔루션","12","0","외감","","","",""
"A475150","SK이터닉스","12","0","KOSPI","-0.49","681.83","","685.21"
"A475230","엔알비","12","0","외감","","","",""
"A475400","씨메스로보틱스","12","0","KOSDAQ","0.22","265.83","","265.25"
"A475430","키스트론","12","0","외감","","","",""
"A475460","미트박스","12","0","KOSDAQ","-5.54","67.6","","71.57"
"A475560","더본코리아","12","0","KOSPI","-1.51","385.38","","391.27"
"A475580","에이럭스","12","0","KOSDAQ","-1.43","140.75","","142.79"
"A475660","에스켐","12","0","KOSDAQ","0.19","41.08","","41"
"A475830","오름테라퓨틱","12","0","KOSDAQ","-3.74","385.14","","400.1"
"A475960","토모큐브","12","0","KOSDAQ","0.83","400.39","","397.1"
"A476040","오가노이드사이언스","12","0","KOSDAQ","-10.1","266.42","","296.35"
"A476060","온코닉테라퓨틱스","12","0","KOSDAQ","-6.94","221.15","","237.65"
"A476080","M83","12","0","KOSDAQ","-1.22","100.66","","101.91"
"A476830","알지노믹스","12","0","외감","","","",""
"A477850","마키나락스","12","0","외감","","","",""
"A478340","나라스페이스테크놀로지","12","0","외감","","","",""
"A478560","블랙야크아이앤씨","12","0","KOSDAQ","-1.42","92.43","","93.77"
"A479960","위너스일렉","12","0","KOSDAQ","-1.81","107.9","","109.89"
"A480370","씨케이솔루션","12","0","KOSPI","-0.38","115.25","","115.69"
"A481070","에이유브랜즈","12","0","KOSDAQ","2.27","223.02","","218.06"
"A482630","삼양엔씨켐","12","0","KOSDAQ","-1.7","175.49","","178.53"
"A483650","달바글로벌","12","0","KOSPI","9.45","1454.39","","1328.87"
"A484120","도우인시스","12","0","외감","","","",""
"A484590","삼양컴텍","12","0","외감","","","",""
"A484810","티엑스알로보틱스","12","0","KOSDAQ","1.54","245.21","","241.5"
"A484870","엠앤씨솔루션","12","0","KOSPI","5.8","1084.74","","1025.24"
"A486990","노타","12","0","외감","","","",""
"A487570","HS효성","12","0","KOSPI","0.78","144.57","","143.45"
"A487580","폴레드","12","0","외감","","","",""
"A488280","에스투더블유","12","0","외감","","","",""
"A488900","비츠로넥스텍","12","0","외감","","","",""
"A489460","바이오비쥬","12","0","KOSDAQ","-10.46","248.68","","277.72"
"A489500","엘케이켐","12","0","KOSDAQ","-1.38","121.35","","123.05"
"A489790","한화비전","12","1","KOSPI","-0.18","2862.69","","2867.74"
"A490470","세미파이브","12","0","외감","","","",""
"A491000","리브스메드","12","0","외감","","","",""
"A493280","아이엠바이오로직스","12","0","외감","","","",""
"A493330","지에프아이","12","0","외감","","","",""
"A494120","큐리오시스","12","0","외감","","","",""
"A499790","GS피앤엘","12","0","KOSPI","0.18","562.2","","561.21"
"A900070","글로벌에스엠","12","0","KOSDAQ","-2.63","21.87","","22.46"
"A900100","파이온엑스","12","0","KOSDAQ","-0.75","54.78","","55.2"
"A900110","딥커머스","12","0","KOSDAQ","0","30.2","","30.2"
"A900120","씨엑스아이","6","0","KOSDAQ","-3.51","16.53","","17.13"
"A900140","엘브이엠씨홀딩스","12","0","KOSPI","1.23","295.48","","291.87"
"A900250","크리스탈신소재","12","0","KOSDAQ","-1.23","115.49","","116.92"
"A900260","로스웰","12","0","KOSDAQ","2.23","21.44","","20.97"
"A900270","헝셩그룹","12","0","KOSDAQ","0","39.49","","39.49"
"A900290","GRT","6","0","KOSDAQ","-1.16","240.12","","242.95"
"A900300","오가닉티코스메틱","12","0","KOSDAQ","-0.31","30.91","","31.01"
"A900310","컬러레이","12","0","KOSDAQ","-0.4","48.42","","48.61"
"A900340","윙입푸드","12","0","KOSDAQ","2.34","61.71","","60.3"
"A950130","엑세스바이오","12","0","KOSDAQ","-4.2","232.4","","242.59"
"A950140","잉글우드랩","12","0","KOSDAQ","1.64","221.53","","217.95"
"A950160","코오롱티슈진","12","0","KOSDAQ","2.97","3113.08","","3023.32"
"A950170","JTC","2","0","KOSDAQ","4.48","313.58","","300.13"
"A950190","고스트스튜디오","12","0","KOSDAQ","0.51","102.31","","101.79"
"A950200","소마젠","12","0","KOSDAQ","-1.98","71.46","","72.9"
"A950210","프레스티지바이오파마","6","0","KOSPI","-3.94","790.87","","823.32"
"A950220","네오이뮨텍","12","0","KOSDAQ","-1.3","157.69","","159.77"
"A950250","테라뷰","4","0","외감","","","",""
