"Code","Name","결산월","코스피200 구성종목여부(1:해당, 0:미해당)","상장된 시장","수정주가수익률","시가총액","","이전 시가총액"
"A000020","동화약품","12","0","KOSPI","1.12","176.53","","174.57"
"A000040","KR모터스","12","0","KOSPI","-1.99","32.53","","33.19"
"A000050","경방","12","0","KOSPI","-0.7","194.1","","195.47"
"A000070","삼양홀딩스","12","0","KOSPI","0.47","760.02","","756.47"
"A000080","하이트진로","12","1","KOSPI","-0.52","1338.15","","1345.16"
"A000100","유한양행","12","1","KOSPI","3.6","9444.27","","9116.4"
"A000120","CJ대한통운","12","1","KOSPI","-0.36","1868.33","","1875.17"
"A000140","하이트진로홀딩스","12","0","KOSPI","-0.1","234.39","","234.62"
"A000150","두산","12","1","KOSPI","0.38","8823.73","","8790.68"
"A000180","성창기업지주","12","0","KOSPI","0.58","120.11","","119.41"
"A0001A0","덕양에너젠","12","0","외감","","","",""
"A000210","DL","12","1","KOSPI","0.26","794.23","","792.13"
"A000220","유유제약","12","0","KOSPI","0.94","73.32","","72.64"
"A000230","일동홀딩스","12","0","KOSPI","1.18","99.25","","98.09"
"A000240","한국앤컴퍼니","12","1","KOSPI","1.28","2254.71","","2226.23"
"A000250","삼천당제약","12","0","KOSDAQ","0.31","4494.45","","4480.38"
"A000270","기아","12","1","KOSPI","-0.19","42135.45","","42214.21"
"A000300","DH오토넥스","12","0","KOSPI","0","162.94","","162.94"
"A000320","노루홀딩스","12","0","KOSPI","-2.34","470.51","","481.8"
"A000370","한화손해보험","12","0","KOSPI","-2.12","647.9","","661.91"
"A000390","SP삼화","12","0","KOSPI","0.17","164.58","","164.31"
"A000400","롯데손해보험","12","0","KOSPI","-1.67","494.37","","502.74"
"A000430","대원강업","12","0","KOSPI","0.88","249.86","","247.69"
"A000440","중앙에너비스","12","0","KOSDAQ","-0.14","88.92","","89.05"
"A000480","CR홀딩스","12","0","KOSPI","-0.3","233.75","","234.45"
"A000490","대동","12","0","KOSPI","0.21","257.59","","257.06"
"A0004V0","엔비알모션","12","0","외감","","","",""
"A000500","가온전선","12","0","KOSPI","1.72","981.01","","964.46"
"A000520","삼일제약","12","0","KOSPI","2.45","226.68","","221.26"
"A000540","흥국화재","12","0","KOSPI","-1.09","262.11","","265"
"A000590","CS홀딩스","12","0","KOSPI","4.47","102.52","","98.13"
"A000640","동아쏘시오홀딩스","12","0","KOSPI","0.92","718.35","","711.82"
"A000650","천일고속","12","0","KOSPI","0.36","59.6","","59.38"
"A000660","SK하이닉스","12","1","KOSPI","0.77","191100.62","","189644.62"
"A000670","영풍","12","1","KOSPI","2.5","745.23","","727.08"
"A000680","LS네트웍스","12","0","KOSPI","-1.13","310.88","","314.42"
"A000700","유수홀딩스","12","0","KOSPI","-0.17","149.22","","149.48"
"A000720","현대건설","12","1","KOSPI","-0.33","6659.07","","6681.35"
"A000760","이화산업","12","0","KOSPI","0","34.13","","34.13"
"A0007C0","아크릴","12","0","외감","","","",""
"A0007J0","인벤테라","12","0","외감","","","",""
"A000810","삼성화재","12","1","KOSPI","-0.54","21027.1","","21142.13"
"A000850","화천기공","12","0","KOSPI","0.5","66.77","","66.44"
"A000860","강남제비스코","12","0","KOSPI","3.19","155.74","","150.93"
"A000880","한화","12","1","KOSPI","-0.71","6334.01","","6378.99"
"A000890","보해양조","12","0","KOSPI","0","63.02","","63.02"
"A0008Z0","에스엔시스","12","0","KOSDAQ","-3.94","460.5","","479.38"
"A000910","유니온","12","0","KOSPI","0.88","71.27","","70.64"
"A000950","전방","12","0","KOSPI","0.15","55.44","","55.36"
"A000970","한국주철관","12","0","KOSPI","1.02","157.32","","155.73"
"A000990","DB하이텍","12","0","KOSPI","1.25","1975.74","","1951.32"
"A0009K0","에임드바이오","12","0","외감","","","",""
"A001000","신라섬유","12","0","KOSDAQ","-0.83","46.35","","46.73"
"A001020","페이퍼코리아","12","0","KOSPI","-0.42","127.61","","128.15"
"A001040","CJ","12","1","KOSPI","0.5","4717.92","","4694.58"
"A001060","JW중외제약","12","0","KOSPI","3.72","519.28","","500.65"
"A001070","대한방직","12","0","KOSPI","-0.77","34.24","","34.5"
"A001080","만호제강","6","0","KOSPI","-1.96","114.13","","116.41"
"A0010F0","보원케미칼","12","0","외감","","","",""
"A0010V0","제이피아이헬스케어","12","0","KOSDAQ","1.2","81.89","","80.92"
"A001120","LX인터내셔널","12","0","KOSPI","0.85","1153.11","","1143.42"
"A001130","대한제분","12","0","KOSPI","0.78","240.32","","238.46"
"A0011A0","액스비스","12","0","외감","","","",""
"A0011T0","채비","12","0","외감","","","",""
"A001200","유진투자증권","12","0","KOSPI","-1.34","321.11","","325.47"
"A001210","금호전기","12","0","KOSPI","0.3","61.92","","61.74"
"A001230","동국홀딩스","12","0","KOSPI","0.41","233.42","","232.46"
"A001250","GS글로벌","12","0","KOSPI","0.6","209.22","","207.99"
"A001260","남광토건","12","0","KOSPI","-1.42","88.49","","89.77"
"A001270","부국증권","12","0","KOSPI","-2.05","693.75","","708.26"
"A001290","상상인증권","12","0","KOSPI","-0.59","72.48","","72.91"
"A001340","PKC","12","0","KOSPI","0.87","259.18","","256.93"
"A001360","삼성제약","12","0","KOSPI","2.18","149.81","","146.61"
"A001380","SG글로벌","12","0","KOSPI","2.2","73.11","","71.54"
"A001390","KG케미칼","12","0","KOSPI","-0.67","306.74","","308.8"
"A0013V0","삼진식품","12","0","외감","","","",""
"A001420","태원물산","12","0","KOSPI","-0.42","26.83","","26.94"
"A001430","세아베스틸지주","12","1","KOSPI","0.38","950.35","","946.76"
"A001440","대한전선","12","1","KOSPI","0.33","2850.78","","2841.46"
"A001450","현대해상","12","1","KOSPI","-1.25","2462.97","","2494.26"
"A001460","BYC","12","0","KOSPI","0.87","252.34","","250.16"
"A001470","삼부토건","12","0","KOSPI","0","79.7","","79.7"
"A001500","현대차증권","12","0","KOSPI","0","479.82","","479.82"
"A001510","SK증권","12","0","KOSPI","-0.47","298.68","","300.09"
"A001520","동양","12","0","KOSPI","0.96","150.61","","149.18"
"A001530","DI동일","12","0","KOSPI","-3.5","760.56","","788.18"
"A001540","안국약품","12","0","KOSDAQ","-0.26","98.86","","99.12"
"A001550","조비","12","0","KOSPI","2.23","66.56","","65.11"
"A001560","제일연마","12","0","KOSPI","-0.65","104.37","","105.06"
"A001570","금양","12","0","KOSPI","0","633.28","","633.28"
"A0015G0","그린광학","12","0","외감","","","",""
"A0015N0","아로마티카","12","0","외감","","","",""
"A0015S0","페스카로","12","0","외감","","","",""
"A001620","케이비아이동국실업","12","0","KOSPI","-0.41","53.98","","54.2"
"A001630","종근당홀딩스","12","0","KOSPI","0.31","239.47","","238.72"
"A001680","대상","12","1","KOSPI","-0.45","774.38","","777.85"
"A001720","신영증권","3","0","KOSPI","-2.11","2293.38","","2342.7"
"A001740","SK네트웍스","12","0","KOSPI","0.12","955.92","","954.81"
"A001750","한양증권","12","0","KOSPI","-0.64","216.39","","217.79"
"A001770","SHD","12","0","KOSPI","1.2","21.43","","21.18"
"A001780","알루코","12","0","KOSPI","0","207.7","","207.7"
"A001790","대한제당","12","0","KOSPI","0.34","264.16","","263.26"
"A0017J0","세미티에스","12","0","외감","","","",""
"A001800","오리온홀딩스","12","1","KOSPI","0.49","1290.5","","1284.23"
"A001810","무림SP","12","0","KOSDAQ","-0.31","35.31","","35.42"
"A001820","삼화콘덴서","12","0","KOSPI","19.21","329","","275.99"
"A001840","이화공영","12","0","KOSDAQ","0","36.01","","36.01"
"A001940","KISCO홀딩스","12","0","KOSPI","0.2","363.62","","362.92"
"A002020","코오롱","12","0","KOSPI","1.48","563.14","","554.93"
"A002030","아세아","12","0","KOSPI","-1.14","722.15","","730.49"
"A002070","비비안","12","0","KOSPI","0.93","34.3","","33.99"
"A002100","경농","12","0","KOSPI","0.42","188","","187.22"
"A002140","고려산업","12","0","KOSPI","0","66.09","","66.09"
"A002150","도화엔지니어링","12","0","KOSPI","-0.15","218.51","","218.84"
"A002170","SYTS","12","0","KOSPI","-0.55","162.9","","163.8"
"A002200","한국수출포장","12","0","KOSPI","0.17","115.8","","115.6"
"A002210","동성제약","12","0","KOSPI","0","25.9","","25.9"
"A002220","한일철강","12","0","KOSPI","0.17","77.69","","77.56"
"A002230","피에스텍","12","0","KOSDAQ","-0.54","88.76","","89.24"
"A002240","고려제강","12","0","KOSPI","-0.29","470.88","","472.23"
"A002290","삼일기업공사","12","0","KOSDAQ","-1.91","41.48","","42.28"
"A002310","아세아제지","12","0","KOSPI","0.63","330.98","","328.9"
"A002320","한진","12","0","KOSPI","0.24","316.89","","316.13"
"A002350","넥센타이어","12","0","KOSPI","1.04","568.43","","562.57"
"A002360","SH에너지화학","12","0","KOSPI","0","48.79","","48.79"
"A002380","KCC","12","1","KOSPI","-0.51","3479.05","","3496.83"
"A002390","한독","12","0","KOSPI","0.77","162","","160.76"
"A002410","범양건영","12","0","KOSPI","0","53.17","","53.17"
"A002420","세기상사","12","0","KOSPI","0.19","31.76","","31.7"
"A002450","삼익악기","12","0","KOSPI","-0.16","114.79","","114.97"
"A002460","HS화성","12","0","KOSPI","-0.39","103.33","","103.73"
"A002600","조흥","12","0","KOSPI","0.53","90.72","","90.24"
"A002620","제일파마홀딩스","12","0","KOSPI","0.12","138.65","","138.49"
"A002630","오리엔트바이오","3","0","KOSPI","3.83","70.79","","68.19"
"A002680","한탑","12","0","KOSDAQ","-1.07","23.82","","24.08"
"A002690","동일제강","12","0","KOSPI","0.06","32.34","","32.32"
"A002700","신일전자","12","0","KOSPI","0.08","93.78","","93.71"
"A002710","TCC스틸","12","1","KOSPI","3.88","441.7","","425.19"
"A002720","국제약품","12","0","KOSPI","1.38","101.36","","99.98"
"A002760","보락","12","0","KOSPI","0.97","62.3","","61.7"
"A002780","진흥기업","12","0","KOSPI","0.42","104.01","","103.58"
"A002790","아모레퍼시픽홀딩스","12","1","KOSPI","-2.22","2097.7","","2145.37"
"A002800","신신제약","12","0","KOSDAQ","1.07","85.71","","84.8"
"A002810","삼영무역","12","0","KOSPI","0.63","293.07","","291.22"
"A002820","SUN&L","12","0","KOSPI","-1.82","34.04","","34.67"
"A002840","미원상사","12","1","KOSPI","-1.56","690.65","","701.58"
"A002870","신풍","12","0","KOSPI","-1.02","37.3","","37.69"
"A002880","디와이에이","12","0","KOSPI","-2.37","51.89","","53.15"
"A002900","TYM","12","0","KOSPI","1.41","259.04","","255.44"
"A002920","유성기업","12","0","KOSPI","1.21","54.36","","53.71"
"A002960","한국쉘석유","12","0","KOSPI","-1.04","559","","564.85"
"A002990","금호건설","12","0","KOSPI","-0.79","139.29","","140.4"
"A003000","부광약품","12","0","KOSPI","3.94","338.42","","325.59"
"A003010","혜인","12","0","KOSPI","-1.32","66.61","","67.5"
"A003030","세아제강지주","12","1","KOSPI","1.14","737.21","","728.93"
"A003060","에이프로젠바이오로직스","12","0","KOSPI","-0.16","120.24","","120.43"
"A003070","코오롱글로벌","12","0","KOSPI","0.68","169.26","","168.12"
"A003080","SB성보","12","0","KOSPI","0.18","56.26","","56.16"
"A003090","대웅","12","1","KOSPI","2.78","1398.31","","1360.52"
"A003100","선광","12","0","KOSDAQ","1.46","128.37","","126.52"
"A003120","일성아이에스","12","0","KOSPI","-1.62","323.19","","328.51"
"A003160","디아이","12","0","KOSPI","-0.47","357.15","","358.84"
"A003200","일신방직","12","0","KOSPI","-0.9","227.99","","230.06"
"A003220","대원제약","12","0","KOSPI","0","291.56","","291.56"
"A003230","삼양식품","12","1","KOSPI","0.32","11721.37","","11683.71"
"A003240","태광산업","12","1","KOSPI","0.23","953.07","","950.84"
"A003280","흥아해운","12","0","KOSPI","-0.73","390.69","","393.58"
"A003300","한일홀딩스","12","0","KOSPI","-1.85","538.96","","549.13"
"A003310","대주산업","12","0","KOSDAQ","-0.36","59.42","","59.64"
"A003350","한국화장품제조","12","0","KOSPI","2.04","271.92","","266.48"
"A003380","하림지주","12","0","KOSDAQ","1.22","927.41","","916.21"
"A003460","유화증권","12","0","KOSPI","-0.92","152.81","","154.23"
"A003470","유안타증권","12","0","KOSPI","-0.44","670.64","","673.64"
"A003480","한진중공업홀딩스","12","0","KOSPI","-1.99","138.2","","141"
"A003490","대한항공","12","1","KOSPI","0","8634.77","","8634.77"
"A003520","영진약품","12","0","KOSPI","0.74","371.27","","368.53"
"A003530","한화투자증권","12","0","KOSPI","0.37","1158.56","","1154.27"
"A003540","대신증권","12","0","KOSPI","0.73","1393.73","","1383.58"
"A003550","LG","12","1","KOSPI","0.27","11825.29","","11793.84"
"A003570","SNT다이내믹스","12","0","KOSPI","-4.24","2104.9","","2198"
"A003580","HLB글로벌","12","0","KOSPI","2.01","114.72","","112.46"
"A003610","방림","9","0","KOSPI","0.11","186.74","","186.54"
"A003620","KG모빌리티","12","1","KOSPI","-0.15","670.87","","671.88"
"A003650","미창석유","12","0","KOSPI","0","190.84","","190.84"
"A003670","포스코퓨처엠","12","1","KOSPI","-1.83","11954.37","","12176.74"
"A003680","한성기업","12","0","KOSPI","2.17","35.08","","34.34"
"A003690","코리안리","12","0","KOSPI","-1.45","2119.65","","2150.82"
"A003720","삼영","12","0","KOSPI","0","171.02","","171.02"
"A003780","진양산업","12","0","KOSPI","0.32","81.38","","81.12"
"A003800","에이스침대","12","0","KOSDAQ","0","313.29","","313.29"
"A003830","대한화섬","12","0","KOSPI","-0.92","157.5","","158.96"
"A003850","보령","12","0","KOSPI","1.58","718.9","","707.74"
"A003920","남양유업","12","0","KOSPI","1.08","337.8","","334.2"
"A003960","사조대림","12","0","KOSPI","-1.19","381.7","","386.28"
"A004000","롯데정밀화학","12","1","KOSPI","4.58","1119.72","","1070.7"
"A004020","현대제철","12","1","KOSPI","4.63","4370.35","","4176.85"
"A004060","SG세계물산","12","0","KOSPI","0","63.97","","63.97"
"A004080","신흥","12","0","KOSPI","0.73","131.96","","131"
"A004090","한국석유","12","0","KOSPI","0.66","175.18","","174.04"
"A004100","태양금속","12","0","KOSPI","-0.24","76.34","","76.52"
"A004140","동방","12","0","KOSPI","0.68","141.28","","140.32"
"A004150","한솔홀딩스","12","0","KOSPI","-0.16","126.16","","126.36"
"A004170","신세계","12","1","KOSPI","0.62","1564.45","","1554.8"
"A004250","NPC","12","0","KOSPI","0.37","148.35","","147.8"
"A004270","남성","12","0","KOSPI","0.19","37.23","","37.15"
"A004310","현대약품","11","0","KOSPI","1.82","125.6","","123.36"
"A004360","세방","12","0","KOSPI","0.07","262.27","","262.07"
"A004370","농심","12","1","KOSPI","-0.81","2594.25","","2615.54"
"A004380","삼익THK","12","0","KOSPI","0","209.16","","209.16"
"A004410","서울식품","12","0","KOSPI","-0.65","57.71","","58.09"
"A004430","송원산업","12","0","KOSPI","-0.29","244.32","","245.04"
"A004440","삼일씨엔에스","12","0","KOSPI","0.41","61.75","","61.5"
"A004450","삼화왕관","12","0","KOSPI","1.02","74.97","","74.22"
"A004490","세방전지","12","1","KOSPI","0.98","868","","859.6"
"A004540","깨끗한나라","12","0","KOSPI","-1.64","78.02","","79.32"
"A004560","현대비앤지스틸","12","0","KOSPI","0.35","173.56","","172.95"
"A004590","한국가구","12","0","KOSDAQ","0","76.8","","76.8"
"A004650","창해에탄올","12","0","KOSDAQ","-0.2","92.09","","92.28"
"A004690","삼천리","12","0","KOSPI","0.63","517.42","","514.18"
"A004700","조광피혁","12","0","KOSPI","-2.86","429.53","","442.17"
"A004710","한솔테크닉스","12","0","KOSPI","2.23","176.28","","172.43"
"A004720","팜젠사이언스","12","0","KOSPI","0.12","81.47","","81.37"
"A004770","써니전자","12","0","KOSPI","0.37","59.31","","59.09"
"A004780","대륙제관","12","0","KOSDAQ","0.4","59.88","","59.64"
"A004800","효성","12","0","KOSPI","-0.23","1422.93","","1426.28"
"A004830","덕성","12","0","KOSPI","0.92","86.24","","85.46"
"A004840","DRB동일","12","0","KOSPI","0","100.25","","100.25"
"A004870","티웨이홀딩스","12","0","KOSPI","2.58","62.92","","61.33"
"A004890","동일산업","12","0","KOSPI","-0.86","97.37","","98.22"
"A004910","조광페인트","12","0","KOSPI","0.36","70.66","","70.4"
"A004920","씨아이테크","12","0","KOSPI","1.31","58.03","","57.28"
"A004960","한신공영","12","0","KOSPI","-0.26","88.63","","88.86"
"A004970","신라교역","12","0","KOSPI","0","145.6","","145.6"
"A004980","성신양회","12","0","KOSPI","0.8","248.35","","246.39"
"A004990","롯데지주","12","1","KOSPI","-1","3105.31","","3136.79"
"A005010","휴스틸","12","0","KOSPI","0.5","227.56","","226.44"
"A005030","부산주공","12","0","KOSPI","0","38.29","","38.29"
"A005070","코스모신소재","12","0","KOSPI","1.45","1365.45","","1345.95"
"A005090","SGC에너지","12","0","KOSPI","0.22","327.09","","326.37"
"A005110","한창","12","0","KOSPI","0","26.47","","26.47"
"A005160","동국산업","12","0","KOSDAQ","-1.28","167.89","","170.06"
"A005180","빙그레","12","0","KOSPI","-0.42","676.54","","679.41"
"A005250","녹십자홀딩스","12","1","KOSPI","2.36","712.48","","696.02"
"A005290","동진쎄미켐","12","0","KOSDAQ","0.71","1460.17","","1449.89"
"A005300","롯데칠성","12","1","KOSPI","-0.92","1093.98","","1104.19"
"A005320","온타이드","12","0","KOSPI","-0.93","36.51","","36.85"
"A005360","모나미","12","0","KOSPI","0.22","42.9","","42.8"
"A005380","현대차","12","1","KOSPI","0.68","45353.85","","45046.71"
"A005420","코스모화학","12","1","KOSPI","-0.31","614.53","","616.45"
"A005430","한국공항","12","0","KOSPI","4.74","216.9","","207.08"
"A005440","현대지에프홀딩스","12","0","KOSPI","1.36","1163.05","","1147.46"
"A005490","POSCO홀딩스","12","1","KOSPI","0","22661.23","","22661.23"
"A005500","삼진제약","12","0","KOSPI","-0.05","264.66","","264.8"
"A005610","삼립","12","0","KOSPI","1.11","470.28","","465.1"
"A005670","푸드웰","12","0","KOSDAQ","-1.72","74.2","","75.5"
"A005680","삼영전자","12","0","KOSPI","1.66","208.4","","205"
"A005690","파미셀","12","0","KOSPI","-0.09","632.58","","633.18"
"A005710","대원산업","12","0","KOSDAQ","1.47","235.24","","231.84"
"A005720","넥센","12","0","KOSPI","-0.87","304.67","","307.34"
"A005740","크라운해태홀딩스","12","0","KOSPI","0.56","107.05","","106.46"
"A005750","대림바스","12","0","KOSPI","0.89","75.36","","74.69"
"A005800","신영와코루","12","0","KOSPI","-0.83","128.7","","129.78"
"A005810","풍산홀딩스","12","0","KOSPI","0.87","582.46","","577.41"
"A005820","원림","12","0","KOSPI","-1.21","31.9","","32.29"
"A005830","DB손해보험","12","1","KOSPI","-1.73","9671.28","","9841.2"
"A005850","에스엘","12","1","KOSPI","0.15","1572.28","","1569.96"
"A005860","한일사료","12","0","KOSDAQ","-0.58","135.94","","136.73"
"A005870","휴니드","12","0","KOSPI","0.48","117.3","","116.74"
"A005880","대한해운","12","0","KOSPI","0.53","551.9","","548.99"
"A005930","삼성전자","12","1","KOSPI","1.01","413190.73","","409046.98"
"A005940","NH투자증권","12","1","KOSPI","0.52","6838.25","","6802.61"
"A005950","이수화학","12","0","KOSPI","1.28","145.93","","144.09"
"A005960","동부건설","12","0","KOSPI","1.46","127.81","","125.98"
"A005990","매일홀딩스","12","0","KOSDAQ","-0.36","154.06","","154.61"
"A006040","동원산업","12","1","KOSPI","0.72","1860.84","","1847.59"
"A006050","국영지앤엠","12","0","KOSDAQ","-0.16","44.14","","44.21"
"A006060","화승인더","12","0","KOSPI","0.12","232.34","","232.07"
"A006090","사조오양","12","0","KOSPI","-1.48","94.04","","95.45"
"A006110","삼아알미늄","12","0","KOSPI","-0.23","325.87","","326.6"
"A006120","SK디스커버리","12","0","KOSPI","-0.58","935.74","","941.24"
"A006140","피제이전자","12","0","KOSDAQ","2.4","76.95","","75.15"
"A006200","한국전자홀딩스","12","0","KOSPI","0.86","33.09","","32.81"
"A006220","제주은행","12","0","KOSPI","-0.43","520.49","","522.75"
"A006260","LS","12","1","KOSPI","1.86","5651.1","","5548.06"
"A006280","녹십자","12","1","KOSPI","1.71","1532.11","","1506.39"
"A006340","대원전선","12","0","KOSPI","-0.54","207.69","","208.82"
"A006360","GS건설","12","1","KOSPI","-2.64","1546.46","","1588.39"
"A006370","대구백화점","12","0","KOSPI","-0.9","71.31","","71.96"
"A006380","카프로","12","0","KOSPI","0","618.54","","618.54"
"A006400","삼성SDI","12","1","KOSPI","-0.49","16237.98","","16318.57"
"A006490","프리티","12","0","KOSPI","-6.05","96.61","","102.84"
"A006570","대림통상","12","0","KOSPI","2.9","40.5","","39.36"
"A006620","동구바이오제약","12","0","KOSDAQ","0","143.75","","143.75"
"A006650","대한유화","12","1","KOSPI","1.19","776.75","","767.65"
"A006660","삼성공조","12","0","KOSPI","1.73","105.32","","103.53"
"A006730","서부T&D","12","0","KOSDAQ","5.64","624.83","","591.46"
"A006740","블루산업개발","12","0","KOSPI","-0.4","55.68","","55.91"
"A006800","미래에셋증권","12","1","KOSPI","-1.07","10562.26","","10676.32"
"A006840","AK홀딩스","12","0","KOSPI","-1.6","146.39","","148.77"
"A006880","신송홀딩스","12","0","KOSPI","1.03","81.15","","80.32"
"A006890","태경케미컬","12","0","KOSPI","-2.23","106.6","","109.04"
"A006910","보성파워텍","12","0","KOSDAQ","0.39","190.38","","189.64"
"A006920","모헨즈","12","0","KOSDAQ","2.14","33.91","","33.2"
"A006980","우성","12","0","KOSPI","0.24","52.22","","52.1"
"A007070","GS리테일","12","1","KOSPI","0.37","1361.96","","1356.95"
"A007110","일신석재","12","0","KOSPI","1.23","159.95","","158.01"
"A007120","미래아이앤지","12","0","KOSPI","1.3","27.03","","26.68"
"A007160","사조산업","12","0","KOSPI","-3.28","251","","259.5"
"A007210","벽산","12","0","KOSPI","-0.95","138.73","","140.07"
"A007280","한국특강","12","0","KOSPI","-1.42","92.8","","94.14"
"A007310","오뚜기","12","1","KOSPI","0.51","1579.09","","1571.07"
"A007330","푸른저축은행","12","0","KOSDAQ","-0.2","149.02","","149.32"
"A007340","DN오토모티브","12","1","KOSPI","1.56","1527.13","","1503.73"
"A007370","진양제약","12","0","KOSDAQ","1.58","76.9","","75.71"
"A007390","네이처셀","12","0","KOSDAQ","0.72","1353.14","","1343.47"
"A007460","에이프로젠","12","0","KOSPI","0.88","219.66","","217.74"
"A007530","와이엠","12","0","KOSDAQ","0.37","60.53","","60.31"
"A007540","샘표","12","0","KOSPI","-1.31","141.2","","143.07"
"A007570","일양약품","12","0","KOSPI","0.81","236.66","","234.75"
"A007590","동방아그로","12","0","KOSPI","-0.32","84.43","","84.7"
"A007610","선도전기","12","0","KOSPI","0","54","","54"
"A007660","이수페타시스","12","0","KOSPI","-1.38","4705.53","","4771.6"
"A007680","대원","12","0","KOSDAQ","0.22","60.91","","60.78"
"A007690","국도화학","12","0","KOSPI","0.99","331.54","","328.3"
"A007700","F&F홀딩스","12","0","KOSPI","3.79","781.51","","752.95"
"A007720","소노스퀘어","12","0","KOSDAQ","0.24","83.97","","83.77"
"A007770","한일화학","12","0","KOSDAQ","-0.76","31.91","","32.15"
"A007810","코리아써키트","12","0","KOSPI","-0.9","286.99","","289.59"
"A007820","엠엑스로보틱스","12","0","KOSDAQ","-2.21","84.34","","86.25"
"A007860","서연","12","0","KOSPI","2.54","217.66","","212.26"
"A007980","TP","12","0","KOSPI","0.63","89.45","","88.89"
"A008040","사조동아원","12","0","KOSPI","0","158.08","","158.08"
"A008060","대덕","12","0","KOSPI","0.63","269.43","","267.73"
"A008250","이건산업","12","0","KOSPI","-0.61","53.5","","53.83"
"A008260","NI스틸","12","0","KOSPI","0.57","101.53","","100.96"
"A008290","원풍물산","12","0","KOSDAQ","-5.65","22.42","","23.77"
"A0082N0","카나프테라퓨틱스","12","0","외감","","","",""
"A008350","남선알미늄","12","0","KOSPI","0.62","147.54","","146.63"
"A008370","원풍","12","0","KOSDAQ","-0.34","53.22","","53.4"
"A008420","문배철강","12","0","KOSPI","0.23","44.6","","44.49"
"A008470","부스타","12","0","KOSDAQ","0.76","33.28","","33.03"
"A008490","서흥","12","0","KOSPI","-1.19","336.08","","340.13"
"A008500","일정실업","12","0","KOSPI","2.16","13.61","","13.32"
"A008600","윌비스","12","0","KOSPI","0","23.87","","23.87"
"A008700","아남전자","12","0","KOSPI","0.15","101.65","","101.5"
"A008730","율촌화학","12","1","KOSPI","3.1","742.76","","720.44"
"A008770","호텔신라","12","1","KOSPI","0.66","1801.49","","1789.71"
"A008830","대동기어","12","0","KOSDAQ","-1.22","145.42","","147.22"
"A008870","금비","9","0","KOSPI","-0.18","55.3","","55.4"
"A0088M0","메쥬","12","0","외감","","","",""
"A008930","한미사이언스","12","1","KOSPI","-3.28","2725.4","","2817.73"
"A008970","KBI동양철관","12","0","KOSPI","0","226.12","","226.12"
"A009070","KCTC","12","0","KOSPI","1.45","167.4","","165"
"A009140","경인전자","12","0","KOSPI","-0.24","32.04","","32.12"
"A009150","삼성전기","12","1","KOSPI","2.53","13011.64","","12690.46"
"A009160","SIMPAC","12","0","KOSPI","0.24","278.73","","278.08"
"A009180","한솔로지스틱스","12","0","KOSPI","2.4","78.13","","76.3"
"A009190","대양금속","12","0","KOSPI","0.06","69.5","","69.45"
"A009200","무림페이퍼","12","0","KOSPI","0","85.3","","85.3"
"A009240","한샘","12","1","KOSPI","0.72","993.13","","986.07"
"A009270","신원","12","0","KOSPI","1.65","191.16","","188.06"
"A009290","광동제약","12","0","KOSPI","0","314.53","","314.53"
"A009300","삼아제약","12","0","KOSDAQ","0.89","108.74","","107.78"
"A009310","참엔지니어링","12","0","KOSPI","0.39","21.64","","21.56"
"A009320","아진전자부품","12","0","KOSPI","0.19","53.15","","53.05"
"A009410","태영건설","12","0","KOSPI","3.03","530.34","","514.73"
"A009420","한올바이오파마","12","1","KOSPI","3.79","1645.58","","1585.5"
"A009440","KC그린홀딩스","12","0","KOSPI","0","17.57","","17.57"
"A009450","경동나비엔","12","0","KOSPI","1.94","1146.55","","1124.7"
"A009460","한창제지","12","0","KOSPI","0.31","38.49","","38.37"
"A009470","삼화전기","12","0","KOSPI","7.42","172.29","","160.39"
"A009520","포스코엠텍","12","0","KOSDAQ","-0.32","522.62","","524.28"
"A009540","HD한국조선해양","12","1","KOSPI","-0.84","29087.75","","29335.46"
"A009580","무림P&P","12","0","KOSPI","0.58","162.78","","161.85"
"A009620","삼보산업","12","0","KOSDAQ","-0.78","29.07","","29.3"
"A009680","모토닉","12","0","KOSPI","1.33","299.85","","295.93"
"A009730","이렘","12","0","KOSDAQ","-0.22","55.88","","56"
"A009770","삼정펄프","12","0","KOSPI","-0.37","68","","68.25"
"A009780","엠에스씨","12","0","KOSDAQ","-2.92","169.66","","174.77"
"A009810","플레이그램","12","0","KOSPI","0.3","51.19","","51.03"
"A009830","한화솔루션","12","1","KOSPI","0.18","4864.56","","4855.96"
"A009900","명신산업","12","0","KOSPI","1.16","459.11","","453.87"
"A009970","영원무역홀딩스","12","1","KOSPI","0.85","1752.2","","1737.35"
"A010040","한국내화","12","0","KOSPI","-0.69","89.12","","89.73"
"A010060","OCI홀딩스","12","1","KOSPI","1.15","1655.71","","1636.9"
"A010100","한국무브넥스","12","0","KOSPI","-1.03","132.15","","133.53"
"A010120","LS ELECTRIC","12","1","KOSPI","6.75","8775","","8220"
"A010130","고려아연","12","1","KOSPI","9.22","18020.95","","16499.18"
"A010140","삼성중공업","12","1","KOSPI","0","18524","","18524"
"A010170","대한광통신","12","0","KOSDAQ","1.93","142.59","","139.89"
"A010240","흥국","12","0","KOSDAQ","0.79","63.22","","62.72"
"A010280","아이티센엔텍","12","0","KOSDAQ","1.08","66.75","","66.04"
"A010400","우진아이엔에스","12","0","KOSPI","1.23","21.95","","21.68"
"A010470","오리콤","12","0","KOSDAQ","0.17","72.33","","72.21"
"A010580","에스엠벡셀","12","0","KOSPI","0.66","168.55","","167.43"
"A010640","진양폴리","12","0","KOSPI","0.25","39.9","","39.8"
"A010660","화천기계","12","0","KOSPI","0.78","99.77","","99"
"A010690","화신","12","0","KOSPI","1.27","307.3","","303.46"
"A010770","평화홀딩스","12","0","KOSPI","-0.37","59.01","","59.23"
"A010780","아이에스동서","12","0","KOSPI","-1.43","581.7","","590.16"
"A010820","퍼스텍","12","0","KOSPI","-2.28","209.48","","214.35"
"A010950","S-Oil","12","1","KOSPI","1.19","6709.93","","6631.13"
"A010960","삼호개발","12","0","KOSPI","0.15","85","","84.88"
"A011000","진원생명과학","12","0","KOSPI","2.01","193.61","","189.79"
"A011040","경동제약","12","0","KOSDAQ","0.69","178.77","","177.54"
"A011070","LG이노텍","12","1","KOSPI","1.96","4066.01","","3987.91"
"A011080","형지I&C","12","0","KOSDAQ","-0.52","32.58","","32.75"
"A011090","에넥스","12","0","KOSPI","0","35.93","","35.93"
"A011150","CJ씨푸드","12","0","KOSPI","0","103.12","","103.12"
"A011170","롯데케미칼","12","1","KOSPI","0.49","2656.35","","2643.52"
"A011200","HMM","12","1","KOSPI","-0.45","22807.13","","22909.63"
"A011210","현대위아","12","1","KOSPI","5.84","1479.41","","1397.83"
"A011230","삼화전자","12","0","KOSPI","1.06","64.4","","63.72"
"A011280","태림포장","12","0","KOSPI","-0.45","140.97","","141.61"
"A011300","우성머티리얼스","12","0","KOSPI","5.35","67.38","","63.96"
"A011320","유니크","12","0","KOSDAQ","0.51","76.12","","75.74"
"A011330","유니켐","12","0","KOSPI","1.37","151.07","","149.02"
"A011370","서한","12","0","KOSDAQ","0.43","94.24","","93.83"
"A011390","부산산업","12","0","KOSPI","-2.07","89.87","","91.77"
"A011420","갤럭시아에스엠","12","0","KOSPI","-0.67","61.3","","61.71"
"A011500","한농화성","12","0","KOSPI","-0.14","218.61","","218.92"
"A011560","세보엠이씨","12","0","KOSDAQ","0","128.04","","128.04"
"A011690","와이투솔루션","12","0","KOSPI","-0.61","119.96","","120.7"
"A011700","한신기계","12","0","KOSPI","2.71","116.97","","113.89"
"A011760","현대코퍼레이션","12","0","KOSPI","0","291.04","","291.04"
"A011780","금호석유화학","12","1","KOSPI","-0.09","2820.59","","2823.24"
"A011790","SKC","12","1","KOSPI","1.31","3502.82","","3457.38"
"A0117P0","피스피스스튜디오","12","0","외감","","","",""
"A011810","STX","12","0","KOSPI","0","109.49","","109.49"
"A011930","신성이엔지","12","0","KOSPI","-0.26","319.27","","320.09"
"A012030","DB","12","0","KOSPI","3.22","309.2","","299.55"
"A0120G0","삼양바이오팜","12","0","외감","","","",""
"A012160","영흥","12","0","KOSPI","-3.52","58.25","","60.38"
"A012170","아센디오","12","0","KOSPI","13.88","25.88","","22.73"
"A012200","계양전기","12","0","KOSPI","0.49","39.2","","39.01"
"A012210","삼미금속","12","0","KONEX","0","81.24","","81.24"
"A012280","영화금속","12","0","KOSPI","-2.77","47.12","","48.46"
"A012320","경동인베스트","12","0","KOSPI","0.53","133.86","","133.15"
"A012330","현대모비스","12","1","KOSPI","0.31","29787.51","","29695.71"
"A012340","뉴인텍","12","0","KOSDAQ","1.66","25.24","","24.82"
"A012450","한화에어로스페이스","12","1","KOSPI","0.86","48521.16","","48108.65"
"A012510","더존비즈온","12","0","KOSPI","3.76","2430.62","","2342.51"
"A012610","경인양행","12","0","KOSPI","0.48","131.51","","130.88"
"A012620","원일특강","12","0","KOSDAQ","0.47","37.36","","37.18"
"A012630","HDC","12","1","KOSPI","-3.58","1206.78","","1251.59"
"A012690","모나리자","12","0","KOSPI","-0.4","90.33","","90.7"
"A0126Z0","삼성에피스홀딩스","12","0","외감","","","",""
"A012700","리드코프","12","0","KOSDAQ","-0.12","106.05","","106.18"
"A012750","에스원","12","1","KOSPI","2.01","3089.33","","3028.53"
"A012790","신일제약","12","0","KOSDAQ","0.16","75.03","","74.92"
"A012800","대창","12","0","KOSPI","0","118.48","","118.48"
"A012860","모베이스전자","12","0","KOSDAQ","0.36","102.38","","102.01"
"A013000","세우글로벌","12","0","KOSPI","1.26","30.03","","29.65"
"A013030","하이록코리아","12","0","KOSDAQ","-0.99","430.96","","435.26"
"A013120","동원개발","12","0","KOSDAQ","-0.18","254.26","","254.72"
"A013310","아진산업","12","0","KOSDAQ","-1.56","134.66","","136.79"
"A013360","일성건설","12","0","KOSPI","-1.06","75.8","","76.61"
"A013520","화승코퍼레이션","12","0","KOSPI","-0.21","97.5","","97.7"
"A013570","디와이","12","0","KOSPI","0.58","113.96","","113.31"
"A013580","계룡건설","12","0","KOSPI","-0.05","178.53","","178.62"
"A013700","까뮤이앤씨","12","0","KOSPI","0","69.13","","69.13"
"A013720","청보","12","0","KOSDAQ","1.13","65.51","","64.78"
"A013810","스페코","12","0","KOSDAQ","0","40.38","","40.38"
"A013870","지엠비코리아","12","0","KOSPI","-0.37","76.96","","77.24"
"A013890","지누스","12","0","KOSPI","0.3","370.54","","369.43"
"A013990","아가방컴퍼니","12","0","KOSDAQ","2.26","163.45","","159.83"
"A014100","메디앙스","12","0","KOSDAQ","-3.54","24.13","","25.02"
"A014130","한익스프레스","12","0","KOSPI","-1.05","39.42","","39.84"
"A014160","대영포장","12","0","KOSPI","0.27","122.59","","122.27"
"A014190","원익큐브","12","0","KOSDAQ","0.47","52.92","","52.68"
"A014280","금강공업","12","0","KOSPI","0.12","124.65","","124.5"
"A014440","영보화학","12","0","KOSPI","0","85.4","","85.4"
"A014470","부방","12","0","KOSDAQ","-0.06","93.08","","93.14"
"A014530","극동유화","12","0","KOSPI","0.76","116.12","","115.24"
"A014570","고려제약","12","0","KOSDAQ","-0.54","50.27","","50.55"
"A014580","태경비케이","12","0","KOSPI","0.92","135.57","","134.33"
"A014620","성광벤드","12","0","KOSDAQ","-1.14","918.88","","929.51"
"A014680","한솔케미칼","12","1","KOSPI","0.68","1839.7","","1827.23"
"A014710","사조씨푸드","12","0","KOSPI","0.55","157.72","","156.86"
"A014790","HL D&I","12","0","KOSPI","-1.41","92.94","","94.27"
"A014820","동원시스템즈","12","1","KOSPI","0.88","833.5","","826.25"
"A014830","유니드","12","0","KOSPI","-0.27","500.13","","501.48"
"A014910","성문전자","12","0","KOSPI","1.6","27.13","","26.71"
"A014940","오리엔탈정공","12","0","KOSDAQ","-0.25","360.94","","361.85"
"A014950","삼익제약","12","0","외감","","","",""
"A014970","삼륭물산","12","0","KOSDAQ","0.54","113.59","","112.98"
"A014990","인디에프","12","0","KOSPI","0","85.48","","85.48"
"A015020","이스타코","12","0","KOSPI","-1.72","26.91","","27.38"
"A015230","대창단조","12","0","KOSPI","-0.16","175.43","","175.72"
"A015260","에이엔피","12","0","KOSPI","29.83","27.88","","21.48"
"A015360","INVENI","12","0","KOSPI","0.79","382.8","","379.8"
"A015590","DKME","12","0","KOSPI","0","122.05","","122.05"
"A015710","코콤","12","0","KOSDAQ","-0.37","70.82","","71.09"
"A015750","성우하이텍","12","0","KOSDAQ","1.52","482.4","","475.2"
"A015760","한국전력","12","1","KOSPI","0","23624.28","","23624.28"
"A015860","일진홀딩스","12","0","KOSPI","0.56","267.96","","266.48"
"A015890","태경산업","12","0","KOSPI","-1.49","154.91","","157.25"
"A016090","대현","12","0","KOSPI","0.06","80.06","","80.02"
"A016100","리더스코스메틱","12","0","KOSDAQ","-1.43","46.13","","46.8"
"A016250","SGC E&C","12","0","KOSDAQ","-0.46","76.11","","76.46"
"A016360","삼성증권","12","1","KOSPI","0.59","6117.05","","6081.33"
"A016380","KG스틸","12","0","KOSPI","0.57","525.05","","522.05"
"A016450","한세예스24홀딩스","12","0","KOSPI","3.16","156.8","","152"
"A016580","환인제약","12","0","KOSPI","1.46","194","","191.21"
"A016590","신대양제지","12","0","KOSPI","3.65","434.41","","419.1"
"A016600","큐캐피탈","12","0","KOSDAQ","-0.75","46.88","","47.24"
"A016610","DB증권","12","0","KOSPI","-1.63","357.82","","363.77"
"A016670","디모아","12","0","KOSDAQ","-3.32","35.93","","37.16"
"A016710","대성홀딩스","12","0","KOSPI","0.47","137.73","","137.08"
"A016740","두올","12","0","KOSPI","1.36","104.87","","103.46"
"A016790","현대사료","12","0","KOSDAQ","0","187.34","","187.34"
"A016800","퍼시스","12","0","KOSPI","0.34","509.45","","507.73"
"A016880","웅진","12","0","KOSPI","2.45","384.05","","374.86"
"A016920","카스","12","0","KOSDAQ","2.75","31.63","","30.79"
"A017000","신원종합개발","12","0","KOSDAQ","0.96","30.8","","30.51"
"A017040","광명전기","12","0","KOSPI","0.09","47.5","","47.45"
"A017180","명문제약","12","0","KOSPI","2.62","59.83","","58.3"
"A017250","인터엠","9","0","KOSDAQ","0.81","23.66","","23.47"
"A017370","우신시스템","12","0","KOSPI","0.3","124.35","","123.99"
"A017390","서울가스","12","0","KOSPI","0.48","313.5","","312"
"A017480","삼현철강","12","0","KOSDAQ","0.33","72.08","","71.84"
"A017510","세명전기","12","0","KOSDAQ","-3.67","147.89","","153.53"
"A017550","수산세보틱스","12","0","KOSPI","-0.21","115.94","","116.19"
"A017650","대림제지","12","0","KOSDAQ","1.43","63.9","","63"
"A017670","SK텔레콤","12","1","KOSPI","-0.55","11684.58","","11749.02"
"A017800","현대엘리베이터","12","1","KOSPI","0.78","3021.84","","2998.39"
"A017810","풀무원","12","0","KOSPI","-1.08","524.16","","529.88"
"A017860","DS단석","12","0","KOSPI","-0.25","356.96","","357.84"
"A017890","한국알콜","12","0","KOSDAQ","-0.77","191.46","","192.95"
"A017900","광전자","12","0","KOSPI","1.61","109.4","","107.66"
"A017940","E1","12","0","KOSPI","-1.46","511.07","","518.62"
"A017960","한국카본","12","1","KOSPI","6.13","1751.91","","1650.69"
"A018000","유니슨","12","0","KOSDAQ","-4.76","201.61","","211.68"
"A018120","진로발효","12","0","KOSDAQ","-0.05","126.86","","126.93"
"A018250","애경산업","12","0","KOSPI","0.25","421.77","","420.71"
"A018260","삼성에스디에스","12","1","KOSPI","0.27","11320.37","","11289.42"
"A018290","브이티","12","0","KOSDAQ","-0.15","1174.17","","1175.96"
"A018310","삼목에스폼","12","0","KOSDAQ","-0.21","277.68","","278.27"
"A018470","조일알미늄","12","0","KOSPI","-0.07","181.08","","181.21"
"A018500","동원모빌리티","3","0","KOSPI","-0.64","65.27","","65.69"
"A018620","우진비앤지","12","0","KOSDAQ","0.31","27.73","","27.65"
"A018670","SK가스","12","0","KOSPI","-0.81","2274.33","","2292.82"
"A018680","서울제약","12","0","KOSDAQ","-1.05","38.3","","38.71"
"A018700","졸스","12","0","KOSDAQ","0.99","39.4","","39.02"
"A018880","한온시스템","12","1","KOSPI","-2.25","2362.09","","2416.39"
"A019010","베뉴지","12","0","KOSDAQ","0.65","112.07","","111.34"
"A019170","신풍제약","12","0","KOSPI","2.45","664.43","","648.54"
"A019180","티에이치엔","12","0","KOSPI","0.8","91.08","","90.36"
"A019210","와이지-원","12","0","KOSDAQ","-0.19","177.27","","177.61"
"A019490","엑시큐어하이트론","12","0","KOSPI","0.58","53.04","","52.74"
"A019540","일지테크","12","0","KOSDAQ","-2.01","56.01","","57.16"
"A019550","SBI인베스트먼트","12","0","KOSDAQ","1.65","119.93","","117.98"
"A019570","GMI벤처","12","0","KOSDAQ","1.31","20.68","","20.41"
"A019660","글로본","12","0","KOSDAQ","2.12","40.3","","39.46"
"A019680","대교","12","0","KOSPI","-1.54","189.73","","192.7"
"A019770","서연탑메탈","12","0","KOSDAQ","0.53","44.21","","43.98"
"A019990","에너토크","12","0","KOSDAQ","4.61","75.22","","71.9"
"A020000","한섬","12","0","KOSPI","0.94","337.01","","333.87"
"A020120","키다리스튜디오","12","0","KOSPI","0.13","142.32","","142.14"
"A020150","롯데에너지머티리얼즈","12","0","KOSPI","0.83","1264.63","","1254.15"
"A020180","대신정보통신","3","0","KOSDAQ","-0.4","38.24","","38.39"
"A020400","대동금속","12","0","KOSDAQ","0","19.26","","19.26"
"A020560","아시아나항공","12","0","KOSPI","0.21","1940.43","","1936.31"
"A020710","시공테크","12","0","KOSDAQ","0.53","76.18","","75.78"
"A020760","일진디스플","12","0","KOSPI","-2.22","45.33","","46.36"
"A021040","대호특수강","12","0","KOSDAQ","-0.47","27.57","","27.7"
"A021050","서원","12","0","KOSPI","0.34","56.11","","55.93"
"A021080","에이티넘인베스트","12","0","KOSDAQ","0.82","117.36","","116.4"
"A021240","코웨이","12","1","KOSPI","1.3","7284.4","","7190.91"
"A021320","KCC건설","12","0","KOSDAQ","1.59","109.35","","107.64"
"A021650","한국큐빅","12","0","KOSDAQ","-0.43","38.1","","38.26"
"A021820","세원정공","6","0","KOSPI","-0.51","97.8","","98.3"
"A021880","메이슨캐피탈","3","0","KOSDAQ","-0.96","65.78","","66.41"
"A022100","포스코DX","12","1","KOSPI","0.46","3321.96","","3306.76"
"A022220","티케이지애강","12","0","KOSDAQ","0.36","43.71","","43.56"
"A023000","삼원강재","12","0","KOSPI","0.81","99.6","","98.8"
"A023150","MH에탄올","12","0","KOSPI","-0.38","38.88","","39.03"
"A023160","태광","12","0","KOSDAQ","-1.11","710.2","","718.15"
"A023350","한국종합기술","12","0","KOSPI","0.41","54.15","","53.93"
"A023410","유진기업","12","0","KOSDAQ","0","263.24","","263.24"
"A023440","제이스코홀딩스","12","0","KOSDAQ","1.11","137.74","","136.23"
"A023450","동남합성","12","0","KOSPI","-0.47","110.43","","110.95"
"A023530","롯데쇼핑","12","1","KOSPI","0.62","1841.6","","1830.28"
"A023590","다우기술","12","0","KOSPI","0.74","1520.98","","1509.76"
"A023600","삼보판지","12","0","KOSDAQ","0.11","149.84","","149.68"
"A023760","한국캐피탈","12","0","KOSDAQ","-0.91","241.76","","243.97"
"A023770","플레이위드","12","0","KOSDAQ","-3.8","33.31","","34.63"
"A023790","동일스틸럭스","12","0","KOSDAQ","2.41","43.37","","42.35"
"A023800","인지컨트롤스","12","0","KOSPI","0.73","87.58","","86.95"
"A023810","인팩","12","0","KOSPI","0.88","68.5","","67.9"
"A023900","풍국주정","12","0","KOSDAQ","-1.06","117.18","","118.44"
"A023910","대한약품","12","0","KOSDAQ","1.01","179.4","","177.6"
"A023960","에쓰씨엔지니어링","12","0","KOSPI","-1.52","44.46","","45.15"
"A024060","흥구석유","12","0","KOSDAQ","1.58","182.7","","179.85"
"A024070","WISCOM","12","0","KOSPI","0.24","31.34","","31.27"
"A024090","디씨엠","12","0","KOSPI","0.24","141.7","","141.36"
"A024110","기업은행","12","1","KOSPI","0.05","15230.83","","15222.86"
"A024120","KB오토시스","12","0","KOSDAQ","0.14","40.37","","40.31"
"A024720","콜마홀딩스","12","0","KOSPI","0.62","446.54","","443.79"
"A024740","한일단조","12","0","KOSDAQ","-0.47","69.41","","69.74"
"A024800","유성티엔에스","12","0","KOSDAQ","1.23","91.15","","90.04"
"A024830","세원물산","12","0","KOSDAQ","-1.01","81.83","","82.67"
"A024840","KBI메탈","12","0","KOSDAQ","-1.02","60.78","","61.41"
"A024850","HLB이노베이션","12","0","KOSDAQ","-0.06","223.24","","223.38"
"A024880","케이피에프","12","0","KOSDAQ","0.2","105.9","","105.69"
"A024890","대원화성","12","0","KOSPI","-0.11","35.93","","35.97"
"A024900","디와이덕양","12","0","KOSPI","0","75.55","","75.55"
"A024910","경창산업","12","0","KOSDAQ","0","57.17","","57.17"
"A024940","PN풍년","12","0","KOSDAQ","1.29","43.35","","42.8"
"A024950","삼천리자전거","12","0","KOSDAQ","-1.15","62.92","","63.65"
"A025000","KPX케미칼","12","0","KOSPI","-0.59","242.97","","244.42"
"A025320","시노펙스","12","0","KOSDAQ","1.53","581.62","","572.85"
"A025440","DH오토웨어","12","0","KOSDAQ","-0.62","38.88","","39.12"
"A025530","SJM홀딩스","12","0","KOSPI","-1.27","52.34","","53.02"
"A025540","한국단자","12","0","KOSPI","-0.16","625.11","","626.12"
"A025550","한국선재","12","0","KOSDAQ","-1.44","87.51","","88.79"
"A025560","미래산업","12","0","KOSPI","0.48","46.71","","46.49"
"A025620","차AI헬스케어","12","0","KOSPI","-4.44","62.16","","65.05"
"A025750","한솔홈데코","12","0","KOSPI","-0.15","55.19","","55.27"
"A025770","한국정보통신","12","0","KOSDAQ","0.47","322.77","","321.27"
"A025820","이구산업","12","0","KOSPI","0.67","151.33","","150.32"
"A025860","남해화학","12","0","KOSPI","-0.29","342.29","","343.28"
"A025870","신라에스지","12","0","KOSDAQ","0","22.4","","22.4"
"A025880","케이씨피드","12","0","KOSDAQ","0.88","48.06","","47.64"
"A025890","한국주강","12","0","KOSPI","-0.77","20.31","","20.47"
"A025900","동화기업","12","0","KOSDAQ","0.78","458.55","","455.02"
"A025950","동신건설","12","0","KOSDAQ","0.66","141.12","","140.2"
"A025980","아난티","12","0","KOSDAQ","-0.9","814.76","","822.14"
"A026040","제이에스티나","12","0","KOSDAQ","-0.96","59.83","","60.4"
"A026150","특수건설","12","0","KOSDAQ","-0.75","116.68","","117.56"
"A026890","스틱인베스트먼트","12","0","KOSPI","-0.6","416.78","","419.28"
"A026910","광진실업","12","0","KOSDAQ","5.13","18.38","","17.49"
"A026940","부국철강","12","0","KOSPI","1.06","47.7","","47.2"
"A026960","동서","12","1","KOSPI","-0.91","2701.87","","2726.8"
"A027040","서울전자통신","12","0","KOSDAQ","-2.27","14.96","","15.31"
"A027050","코리아나","12","0","KOSDAQ","3.08","107","","103.8"
"A027360","아주IB투자","12","0","KOSDAQ","0","256.22","","256.22"
"A027410","BGF","12","0","KOSPI","-0.38","373.77","","375.21"
"A027580","상보","12","0","KOSDAQ","1.53","54.86","","54.03"
"A027710","팜스토리","12","0","KOSDAQ","-0.34","130.25","","130.69"
"A027740","마니커","12","0","KOSPI","0.36","52.65","","52.46"
"A027830","대성창투","12","0","KOSDAQ","-0.83","90.29","","91.04"
"A027970","한국제지","12","0","KOSPI","1.51","153.85","","151.57"
"A028050","삼성E&A","12","1","KOSPI","-0.69","5615.4","","5654.6"
"A028080","휴맥스홀딩스","12","0","KOSDAQ","0.43","23.55","","23.44"
"A028100","동아지질","12","0","KOSPI","-0.66","201.51","","202.85"
"A028260","삼성물산","12","1","KOSPI","1.96","29116.98","","28556.06"
"A028300","HLB","12","0","KOSDAQ","-0.51","5165.55","","5191.84"
"A028670","팬오션","12","1","KOSPI","0.39","2071.46","","2063.44"
"A029460","케이씨","12","0","KOSPI","1.64","286.46","","281.83"
"A029480","광무","12","0","KOSDAQ","-1.59","139.34","","141.6"
"A029530","신도리코","12","0","KOSPI","0.23","444.03","","443.02"
"A029780","삼성카드","12","1","KOSPI","-1.17","5874.05","","5943.56"
"A030000","제일기획","12","1","KOSPI","-0.41","2253.66","","2262.86"
"A030190","NICE평가정보","12","0","KOSPI","0.7","939.01","","932.47"
"A030200","KT","12","1","KOSPI","0.38","13180.73","","13130.33"
"A030210","다올투자증권","12","0","KOSPI","0","209.53","","209.53"
"A030350","드래곤플라이","12","0","KOSDAQ","0","13.5","","13.5"
"A030520","한컴","12","0","KOSDAQ","-2.02","586.36","","598.45"
"A030530","원익홀딩스","12","0","KOSDAQ","-3.54","674.29","","699"
"A030610","교보증권","12","0","KOSPI","-0.92","985.78","","994.9"
"A030720","동원수산","12","0","KOSPI","0.66","28.39","","28.2"
"A030960","양지사","6","0","KOSDAQ","0","132.31","","132.31"
"A031210","서울보증보험","12","0","KOSPI","-1.56","3082.62","","3131.5"
"A031310","아이즈비전","12","0","KOSDAQ","-0.62","42.56","","42.83"
"A031330","에스에이엠티","12","0","KOSDAQ","0.34","290.99","","289.99"
"A031430","신세계인터내셔날","12","0","KOSPI","0.99","359.79","","356.26"
"A031440","신세계푸드","12","0","KOSPI","-0.13","154.71","","154.9"
"A031510","오스템","12","0","KOSDAQ","-0.55","30.3","","30.46"
"A031820","아이티센씨티에스","12","0","KOSPI","0","72.75","","72.75"
"A031860","디에이치엑스컴퍼니","12","0","KOSDAQ","-4.83","15.92","","16.73"
"A031980","피에스케이홀딩스","12","0","KOSDAQ","-1.74","728.81","","741.75"
"A032080","아즈텍WB","12","0","KOSDAQ","-0.64","30.02","","30.22"
"A032190","다우데이타","12","0","KOSDAQ","1.96","637.31","","625.06"
"A032280","삼일","12","0","KOSDAQ","0.36","22.37","","22.29"
"A032300","한국파마","12","0","KOSDAQ","0.21","153.46","","153.13"
"A032350","롯데관광개발","12","0","KOSPI","2.03","1238.43","","1213.77"
"A032500","케이엠더블유","12","0","KOSDAQ","0.08","489.59","","489.19"
"A032540","TJ미디어","12","0","KOSDAQ","-0.34","82.75","","83.03"
"A032560","황금에스티","12","0","KOSPI","0","95.71","","95.71"
"A032580","피델릭스","12","0","KOSDAQ","-4.93","40.22","","42.31"
"A032620","GC메디아이","12","0","KOSDAQ","0.13","208.01","","207.74"
"A032640","LG유플러스","12","1","KOSPI","3.53","6185.23","","5974.61"
"A032680","소프트센","12","0","KOSDAQ","-1.6","32.42","","32.94"
"A032750","삼진","12","0","KOSDAQ","0.88","36.17","","35.85"
"A032790","엠젠솔루션","12","0","KOSDAQ","5.04","43.81","","41.71"
"A032800","판타지오","6","0","KOSDAQ","-1.02","22.34","","22.56"
"A032820","우리기술","12","0","KOSDAQ","4.72","643.09","","614.12"
"A032830","삼성생명","12","1","KOSPI","-1.78","29800","","30340"
"A032850","비트컴퓨터","12","0","KOSDAQ","0.6","84.11","","83.62"
"A032860","더라미","12","0","KOSDAQ","10.67","63.66","","57.52"
"A032940","원익","12","0","KOSDAQ","-0.76","118.07","","118.98"
"A032960","동일기연","12","0","KOSDAQ","-0.26","46.58","","46.7"
"A032980","바이온","12","0","KOSDAQ","0","13.52","","13.52"
"A033050","제이엠아이","12","0","KOSDAQ","2.17","27.59","","27.01"
"A033100","제룡전기","12","0","KOSDAQ","1.04","548.53","","542.91"
"A033130","디지틀조선","12","0","KOSDAQ","-0.59","56.42","","56.75"
"A033160","엠케이전자","12","0","KOSDAQ","-0.99","177.41","","179.18"
"A033170","시그네틱스","12","0","KOSDAQ","-0.33","51.35","","51.52"
"A033200","모아텍","3","0","KOSDAQ","-0.15","46.72","","46.79"
"A033230","인성정보","12","0","KOSDAQ","2.38","108.61","","106.08"
"A033240","자화전자","12","0","KOSPI","3.04","413.38","","401.19"
"A033250","체시스","12","0","KOSPI","-0.91","34.88","","35.2"
"A033270","유나이티드제약","12","0","KOSPI","-0.73","331.58","","334.03"
"A033290","로젠","12","0","KOSDAQ","0.47","121.3","","120.74"
"A033310","엠투엔","12","0","KOSDAQ","-0.47","76.29","","76.65"
"A033320","제이씨현시스템","12","0","KOSDAQ","-0.11","89.93","","90.03"
"A033340","좋은사람들","12","0","KOSDAQ","5","213.78","","203.6"
"A033500","동성화인텍","12","0","KOSDAQ","2.84","976.16","","949.17"
"A033530","SJG세종","12","0","KOSPI","0.17","166.65","","166.37"
"A033540","파라텍","12","0","KOSDAQ","0.96","51.76","","51.27"
"A033560","블루콤","12","0","KOSDAQ","0","57.37","","57.37"
"A033640","네패스","12","0","KOSDAQ","1.44","276.94","","273.02"
"A033780","KT&G","12","1","KOSPI","-0.07","16539.47","","16551.67"
"A033790","피노","12","0","KOSDAQ","2.31","285.76","","279.29"
"A033830","티비씨","12","0","KOSDAQ","0.15","68.1","","68"
"A033920","무학","12","0","KOSPI","-0.38","225.15","","226.01"
"A034020","두산에너빌리티","12","1","KOSPI","3.31","39971.02","","38689.89"
"A034120","SBS","12","0","KOSPI","-1.95","372.88","","380.3"
"A034220","LG디스플레이","12","1","KOSPI","2.21","6000","","5870"
"A034230","파라다이스","12","0","KOSPI","8.37","1944.89","","1794.64"
"A034310","NICE","12","0","KOSPI","0","485.27","","485.27"
"A034590","인천도시가스","12","0","KOSPI","0.38","114.18","","113.74"
"A034730","SK","12","1","KOSPI","-0.49","14718.05","","14790.55"
"A034810","해성산업","12","0","KOSDAQ","0.99","266.64","","264.04"
"A034830","한국토지신탁","12","0","KOSPI","-0.95","314.85","","317.88"
"A034940","조아제약","12","0","KOSDAQ","-1.58","34.7","","35.26"
"A034950","한국기업평가","12","0","KOSDAQ","0.2","444.97","","444.06"
"A035000","HS애드","12","0","KOSPI","0.11","145.96","","145.79"
"A035080","그래디언트","12","0","KOSDAQ","0.48","201.46","","200.5"
"A035150","백산","12","0","KOSPI","-0.34","311.46","","312.51"
"A035200","프럼파스트","12","0","KOSDAQ","-0.65","36.98","","37.22"
"A035250","강원랜드","12","1","KOSPI","0.11","3825.26","","3820.98"
"A035290","골드앤에스","12","0","KOSDAQ","-0.26","18.59","","18.64"
"A035420","NAVER","12","1","KOSPI","-1.78","34664.43","","35291.84"
"A035460","기산텔레콤","12","0","KOSDAQ","1.21","25.58","","25.28"
"A035510","신세계 I&C","12","0","KOSPI","-0.88","204.96","","206.78"
"A035600","KG이니시스","12","0","KOSDAQ","-0.1","276.37","","276.65"
"A035610","솔본","12","0","KOSDAQ","-0.24","112.26","","112.53"
"A035620","바른손이앤에이","12","0","KOSDAQ","0.62","36.33","","36.1"
"A035720","카카오","12","1","KOSPI","-0.67","26041.15","","26218"
"A035760","CJ ENM","12","0","KOSDAQ","-1.12","1548.2","","1565.74"
"A035810","이지홀딩스","12","0","KOSDAQ","0.4","242.58","","241.61"
"A035890","서희건설","12","0","KOSDAQ","0","372.98","","372.98"
"A035900","JYP Ent.","12","0","KOSDAQ","-1.21","2611.64","","2643.62"
"A036000","예림당","12","0","KOSDAQ","1.89","74.63","","73.25"
"A036010","아비코전자","12","0","KOSDAQ","3.54","85.47","","82.55"
"A036030","케이티알파","12","0","KOSDAQ","-0.39","250","","250.98"
"A036090","위지트","12","0","KOSDAQ","0.29","81.93","","81.69"
"A036120","서울평가정보","12","0","KOSDAQ","-1.13","77.75","","78.63"
"A036170","에이치엠넥스","12","0","KOSDAQ","-0.33","55.54","","55.72"
"A036190","금화피에스시","12","0","KOSDAQ","-0.46","194.4","","195.3"
"A036200","유니셈","12","0","KOSDAQ","1.75","231.51","","227.53"
"A036220","오상헬스케어","12","0","KOSDAQ","1.89","226.35","","222.14"
"A036420","콘텐트리중앙","12","0","KOSPI","-1.81","188","","191.47"
"A036460","한국가스공사","12","1","KOSPI","0.38","3641.75","","3627.9"
"A036480","대성미생물","12","0","KOSDAQ","0.65","29.45","","29.26"
"A036530","SNT홀딩스","12","0","KOSPI","3.09","1089.1","","1056.49"
"A036540","SFA반도체","12","0","KOSDAQ","0.76","541.9","","537.79"
"A036560","KZ정밀","12","0","KOSDAQ","1.77","235.31","","231.21"
"A036570","NC","12","1","KOSPI","1","4125.68","","4084.75"
"A036580","팜스코","12","0","KOSPI","-1.12","97.33","","98.43"
"A036620","감성코퍼레이션","12","0","KOSDAQ","-1.08","499.58","","505.01"
"A036630","세종텔레콤","12","0","KOSDAQ","-1.54","102.4","","104"
"A036640","HRS","12","0","KOSDAQ","-0.37","89.13","","89.46"
"A036670","삼양케이씨아이","12","0","KOSDAQ","-0.15","72.8","","72.92"
"A036690","코맥스","12","0","KOSDAQ","0","45.89","","45.89"
"A036710","심텍홀딩스","12","0","KOSDAQ","0.39","77.86","","77.56"
"A036800","나이스정보통신","12","0","KOSDAQ","1.58","225.5","","222"
"A036810","에프에스티","12","0","KOSDAQ","17.52","552.2","","469.87"
"A036830","솔브레인홀딩스","12","0","KOSDAQ","-0.13","805.02","","806.07"
"A036890","진성티이씨","12","0","KOSDAQ","-2.06","256.07","","261.47"
"A036930","주성엔지니어링","12","0","KOSDAQ","0","1262.06","","1262.06"
"A037030","파워넷","12","0","KOSDAQ","6.23","77.31","","72.77"
"A037070","파세코","12","0","KOSDAQ","0.86","117","","116"
"A037230","한국팩키지","12","0","KOSDAQ","-0.15","58.77","","58.86"
"A037270","YG PLUS","12","0","KOSPI","-1.12","563.6","","569.96"
"A037330","인지디스플레","12","0","KOSDAQ","3.38","63.06","","61"
"A037350","성도이엔지","12","0","KOSDAQ","0.11","73.56","","73.48"
"A037370","EG","12","0","KOSDAQ","-1.42","48.04","","48.73"
"A037400","우리엔터프라이즈","12","0","KOSDAQ","0.45","29.34","","29.21"
"A037440","희림","12","0","KOSDAQ","0.11","61.96","","61.89"
"A037460","삼지전자","12","0","KOSDAQ","0.82","181.3","","179.83"
"A037560","LG헬로비전","12","0","KOSPI","-0.7","218.4","","219.95"
"A037710","광주신세계","12","0","KOSPI","-0.5","238.72","","239.91"
"A037760","쎄니트","12","0","KOSDAQ","-0.06","59.58","","59.61"
"A037950","엘컴텍","12","0","KOSDAQ","2.77","75.16","","73.13"
"A038010","제일테크노스","12","0","KOSDAQ","-2.39","62.46","","63.99"
"A038060","루멘스","12","0","KOSDAQ","0.13","38.34","","38.29"
"A038070","서린바이오","12","0","KOSDAQ","1.36","60.88","","60.06"
"A038110","에코플라스틱","12","0","KOSDAQ","2.51","143.06","","139.56"
"A038290","마크로젠","12","0","KOSDAQ","0.46","165.87","","165.11"
"A038390","레드캡투어","12","0","KOSDAQ","-0.17","197.31","","197.64"
"A038460","바이오스마트","12","0","KOSDAQ","1.34","79.41","","78.36"
"A038500","삼표시멘트","12","0","KOSDAQ","-0.61","351.81","","353.97"
"A038530","케이바이오랩스","12","0","KOSDAQ","-0.38","30.66","","30.78"
"A038540","상상인","12","0","KOSDAQ","-0.89","105.35","","106.29"
"A038620","위즈코프","12","0","KOSDAQ","0","44.45","","44.45"
"A038680","에스넷","12","0","KOSDAQ","-1.05","75.37","","76.17"
"A038870","에코심플렉스","12","0","KOSDAQ","0.66","53.82","","53.47"
"A038880","아이에이","12","0","KOSDAQ","4.92","72.14","","68.76"
"A038950","파인디지털","12","0","KOSDAQ","1.53","33.85","","33.34"
"A039010","현대에이치티","12","0","KOSDAQ","0.58","59.34","","59"
"A039020","이건홀딩스","12","0","KOSDAQ","1.57","116.99","","115.18"
"A039030","이오테크닉스","12","0","KOSDAQ","1.23","2425.72","","2396.15"
"A039130","하나투어","12","1","KOSPI","0.4","786.89","","783.79"
"A039200","오스코텍","12","0","KOSDAQ","2.23","1493.86","","1461.35"
"A039240","경남스틸","12","0","KOSDAQ","-0.82","81.61","","82.29"
"A039290","인포뱅크","12","0","KOSDAQ","-0.69","50.43","","50.77"
"A039310","세중","12","0","KOSDAQ","0.2","26.84","","26.78"
"A039340","한국경제TV","12","0","KOSDAQ","0.36","126.68","","126.23"
"A039420","케이엘넷","12","0","KOSDAQ","0","69.08","","69.08"
"A039440","에스티아이","12","0","KOSDAQ","0.8","280.19","","277.97"
"A039490","키움증권","12","1","KOSPI","0.5","5287.47","","5261.29"
"A039560","다산네트웍스","12","0","KOSDAQ","-0.77","127.76","","128.75"
"A039570","HDC랩스","12","0","KOSPI","-0.12","219.86","","220.12"
"A039610","화성밸브","12","0","KOSDAQ","-1.06","97.34","","98.38"
"A039740","한국정보공학","12","0","KOSDAQ","0.18","22.41","","22.37"
"A039830","오로라","12","0","KOSDAQ","-2.15","220.1","","224.94"
"A039840","디오","12","0","KOSDAQ","0.54","239.78","","238.48"
"A039860","나노엔텍","12","0","KOSDAQ","-1.01","109.82","","110.94"
"A039980","폴라리스AI","12","0","KOSDAQ","0.21","173.58","","173.21"
"A040160","누리플렉스","12","0","KOSDAQ","2.43","55.88","","54.55"
"A040300","YTN","12","0","KOSDAQ","-0.36","133.26","","133.73"
"A040350","크레오에스지","12","0","KOSDAQ","-4.37","80.37","","84.04"
"A040420","정상제이엘에스","12","0","KOSDAQ","-0.46","100.96","","101.43"
"A040610","SG&G","12","0","KOSDAQ","-1.09","61.7","","62.38"
"A040910","아이씨디","12","0","KOSDAQ","0.54","69.47","","69.1"
"A041020","폴라리스오피스","12","0","KOSDAQ","0","272","","272"
"A041190","우리기술투자","12","0","KOSDAQ","0.3","850.08","","847.56"
"A041440","현대에버다임","12","0","KOSDAQ","-0.38","140.82","","141.36"
"A041460","한국전자인증","12","0","KOSDAQ","-0.85","77.52","","78.19"
"A041510","에스엠","12","0","KOSDAQ","-1.02","3106.81","","3138.86"
"A041520","이엘씨","12","0","KOSDAQ","1","98.12","","97.14"
"A041590","플래스크","12","0","KOSDAQ","0","116.06","","116.06"
"A041650","상신브레이크","12","0","KOSPI","-0.18","60.98","","61.09"
"A041830","인바디","12","0","KOSDAQ","1.69","365.33","","359.27"
"A041910","폴라리스AI파마","12","0","KOSDAQ","1.12","85.47","","84.52"
"A041920","메디아나","12","0","KOSDAQ","2.69","99.5","","96.9"
"A041930","SY동아","12","0","KOSDAQ","0.17","95.75","","95.59"
"A041960","코미팜","12","0","KOSDAQ","-0.16","463.22","","463.95"
"A042000","카페24","12","0","KOSDAQ","-0.26","943.44","","945.87"
"A042040","케이피엠테크","12","0","KOSDAQ","0","48.59","","48.59"
"A042110","에스씨디","12","0","KOSDAQ","0.22","64.91","","64.76"
"A042370","비츠로테크","12","0","KOSDAQ","1.15","207.77","","205.41"
"A042420","네오위즈홀딩스","12","0","KOSDAQ","0","211.41","","211.41"
"A042500","링네트","12","0","KOSDAQ","0.65","88.77","","88.2"
"A042510","라온시큐어","12","0","KOSDAQ","1.31","113.06","","111.6"
"A042520","한스바이오메드","9","0","KOSDAQ","1.66","99.42","","97.8"
"A042600","새로닉스","12","0","KOSDAQ","-2.83","98.02","","100.88"
"A042660","한화오션","12","1","KOSPI","-4.46","36064.86","","37750.13"
"A042700","한미반도체","12","1","KOSPI","0.84","7968.1","","7901.38"
"A042940","상지건설","12","0","KOSDAQ","0.86","72.18","","71.56"
"A043090","더테크놀로지","12","0","KOSDAQ","0","4.72","","4.72"
"A043100","알파AI","12","0","KOSDAQ","0.92","30.02","","29.75"
"A043150","바텍","12","0","KOSDAQ","-0.45","329.76","","331.25"
"A043200","파루","12","0","KOSDAQ","1.34","47.41","","46.78"
"A043220","티에스넥스젠","12","0","KOSDAQ","0","27.23","","27.23"
"A043260","성호전자","12","0","KOSDAQ","1.23","75.75","","74.82"
"A043340","에쎈테크","12","0","KOSDAQ","-0.6","47.22","","47.5"
"A043360","디지아이","12","0","KOSDAQ","-0.22","20.66","","20.7"
"A043370","피에이치에이","12","0","KOSDAQ","0","232.47","","232.47"
"A043590","웰킵스하이텍","12","0","KOSDAQ","2.41","18.45","","18.02"
"A043610","KT지니뮤직","12","0","KOSDAQ","0","122.04","","122.04"
"A043650","국순당","12","0","KOSDAQ","0","80.54","","80.54"
"A043710","코스리거글로벌","12","0","KOSDAQ","0","81.63","","81.63"
"A043910","자연과환경","12","0","KOSDAQ","-0.57","78.92","","79.37"
"A044180","KD","12","0","KOSDAQ","-5.47","16.16","","17.1"
"A044340","위닉스","12","0","KOSDAQ","0.53","101.88","","101.34"
"A044380","주연테크","12","0","KOSPI","0.58","34.4","","34.2"
"A044450","KSS해운","12","0","KOSPI","0.76","215.39","","213.78"
"A044480","빌리언스","12","0","KOSDAQ","-10.43","16.06","","17.93"
"A044490","태웅","12","0","KOSDAQ","2.84","760.28","","739.27"
"A044780","에이치케이","12","0","KOSDAQ","0","24.65","","24.65"
"A044820","코스맥스비티아이","12","0","KOSPI","-0.96","179.02","","180.75"
"A044960","이글벳","12","0","KOSDAQ","0.12","53.73","","53.66"
"A044990","에이치엔에스하이텍","12","0","KOSDAQ","0.07","111.06","","110.98"
"A045060","오공","12","0","KOSDAQ","-0.2","42.86","","42.95"
"A045100","한양이엔지","12","0","KOSDAQ","-1.35","340.74","","345.42"
"A045300","성우테크론","12","0","KOSDAQ","-0.17","30.68","","30.73"
"A045340","토탈소프트","12","0","KOSDAQ","-0.79","75.14","","75.74"
"A045390","대아티아이","12","0","KOSDAQ","0.75","329.46","","327"
"A045510","정원엔시스","12","0","KOSDAQ","0","32.27","","32.27"
"A045520","크린앤사이언스","12","0","KOSDAQ","0.12","26.65","","26.62"
"A045660","에이텍","12","0","KOSDAQ","0.56","104.41","","103.83"
"A045970","코아시아","12","0","KOSDAQ","-3.86","150.78","","156.84"
"A046070","코다코","12","0","KOSDAQ","0","159.2","","159.2"
"A046120","오르비텍","12","0","KOSDAQ","0","98.27","","98.27"
"A046210","HLB파나진","12","0","KOSDAQ","2.29","80.78","","78.97"
"A046310","백금T&A","12","0","KOSDAQ","0.94","44.17","","43.76"
"A046390","삼화네트웍스","12","0","KOSDAQ","-0.46","65.97","","66.27"
"A046440","KG파이낸셜","12","0","KOSDAQ","0","191.19","","191.19"
"A046890","서울반도체","12","0","KOSDAQ","0.76","384.82","","381.9"
"A046940","우원개발","12","0","KOSDAQ","-1.62","60.19","","61.18"
"A046970","우리로","12","0","KOSDAQ","-0.8","54.34","","54.78"
"A047040","대우건설","12","1","KOSPI","-0.68","1519.1","","1529.49"
"A047050","포스코인터내셔널","12","1","KOSPI","0.41","8532.26","","8497.07"
"A047080","한빛소프트","12","0","KOSDAQ","-0.62","31.65","","31.85"
"A047310","파워로직스","12","0","KOSDAQ","1.54","157.24","","154.86"
"A047400","유니온머티리얼","12","0","KOSPI","0","58.88","","58.88"
"A047560","이스트소프트","12","0","KOSDAQ","0.2","233.12","","232.66"
"A047770","코데즈컴바인","12","0","KOSDAQ","0","79.47","","79.47"
"A047810","한국항공우주","12","1","KOSPI","-0.52","9406.35","","9455.09"
"A047820","초록뱀미디어","12","0","KOSDAQ","6.32","139.88","","131.56"
"A047920","HLB제약","12","0","KOSDAQ","-0.78","456.9","","460.5"
"A048410","현대바이오","12","0","KOSDAQ","-2.7","554.16","","569.52"
"A048430","유라테크","12","0","KOSDAQ","-2.05","93.77","","95.73"
"A048470","대동스틸","12","0","KOSDAQ","0","35.3","","35.3"
"A048530","인트론바이오","12","0","KOSDAQ","2.22","133.53","","130.63"
"A048550","SM C&C","12","0","KOSDAQ","0.15","131.82","","131.63"
"A048770","TPC로보틱스","12","0","KOSDAQ","-0.52","29.9","","30.06"
"A048830","엔피케이","12","0","KOSDAQ","-0.9","20.73","","20.91"
"A048870","시너지이노베이션","12","0","KOSDAQ","1.62","248.46","","244.5"
"A048910","대원미디어","12","0","KOSDAQ","-1.11","111.7","","112.96"
"A049070","인탑스","12","0","KOSDAQ","-1.68","250.95","","255.25"
"A049080","기가레인","12","0","KOSDAQ","1.51","39.9","","39.3"
"A049120","파인디앤씨","12","0","KOSDAQ","-0.11","46.86","","46.91"
"A049180","셀루메드","12","0","KOSDAQ","-4.57","32.15","","33.69"
"A049430","코메론","12","0","KOSDAQ","-0.18","100.7","","100.89"
"A049470","비트플래닛","12","0","KOSDAQ","-2.05","182.47","","186.3"
"A049480","오픈베이스","12","0","KOSDAQ","0.21","75.41","","75.26"
"A049520","유아이엘","12","0","KOSDAQ","0.79","102.39","","101.58"
"A049550","잉크테크","12","0","KOSDAQ","0.97","61.37","","60.78"
"A049630","재영솔루텍","12","0","KOSDAQ","-1.04","77.57","","78.38"
"A049720","고려신용정보","12","0","KOSDAQ","-0.48","148","","148.72"
"A049800","우진플라임","12","0","KOSPI","-0.23","43.9","","44"
"A049830","승일","12","0","KOSDAQ","-2.25","50.53","","51.69"
"A049950","미래컴퍼니","12","0","KOSDAQ","-0.69","126.8","","127.68"
"A049960","쎌바이오텍","12","0","KOSDAQ","0.16","118.25","","118.06"
"A050090","비케이홀딩스","12","0","KOSDAQ","-2.1","18.44","","18.84"
"A050110","캠시스","12","0","KOSDAQ","-2.27","60.46","","61.86"
"A050120","ES큐브","12","0","KOSDAQ","0.21","32.76","","32.69"
"A050760","에스폴리텍","12","0","KOSDAQ","3.2","26.85","","26.02"
"A050860","아세아텍","6","0","KOSDAQ","-0.72","46.58","","46.91"
"A050890","쏠리드","12","0","KOSDAQ","-0.49","375.12","","376.96"
"A050960","수산아이앤티","12","0","KOSDAQ","-1.42","70.41","","71.43"
"A051160","지어소프트","12","0","KOSDAQ","-0.49","126.43","","127.05"
"A051360","토비스","12","0","KOSDAQ","1.75","270.89","","266.23"
"A051370","인터플렉스","12","0","KOSDAQ","1.18","199.45","","197.12"
"A051380","피씨디렉트","12","0","KOSDAQ","-1.38","32.83","","33.29"
"A051390","YW","12","0","KOSDAQ","0.64","44.85","","44.57"
"A051490","나라엠앤디","12","0","KOSDAQ","-0.36","58.79","","59"
"A051500","CJ프레시웨이","12","0","KOSDAQ","-2.83","346.65","","356.74"
"A051600","한전KPS","12","1","KOSPI","0.59","2286","","2272.5"
"A051630","진양화학","12","0","KOSPI","-1.27","41.32","","41.85"
"A051780","큐로홀딩스","12","0","KOSDAQ","0.81","17.45","","17.32"
"A051900","LG생활건강","12","1","KOSPI","0.51","4491.27","","4468.32"
"A051910","LG화학","12","1","KOSPI","0.19","19059.93","","19024.64"
"A051980","중앙첨단소재","12","0","KOSDAQ","-0.8","250.94","","252.98"
"A052020","에스티큐브","12","0","KOSDAQ","0.77","530.95","","526.87"
"A052220","iMBC","12","0","KOSDAQ","-0.43","80.04","","80.39"
"A052260","현대바이오랜드","12","0","KOSDAQ","-0.8","130.05","","131.1"
"A052300","오션인더블유","12","0","KOSDAQ","-0.17","48.15","","48.23"
"A052330","코텍","12","0","KOSDAQ","1.98","155.77","","152.75"
"A052400","코나아이","12","0","KOSDAQ","1.51","735.45","","724.52"
"A052420","오성첨단소재","12","0","KOSDAQ","29.98","169.58","","130.46"
"A052460","아이크래프트","12","0","KOSDAQ","-0.71","41.12","","41.41"
"A052600","한네트","12","0","KOSDAQ","-1.2","52.27","","52.9"
"A052690","한전기술","12","1","KOSPI","0.66","3478.02","","3455.09"
"A052710","아모텍","12","0","KOSDAQ","-2.64","194.23","","199.5"
"A052770","아이톡시","12","0","KOSDAQ","-2.22","38.25","","39.12"
"A052790","액토즈소프트","12","0","KOSDAQ","0","70.02","","70.02"
"A052860","아이앤씨","12","0","KOSDAQ","0","40.19","","40.19"
"A052900","KX하이텍","12","0","KOSDAQ","-0.11","50.04","","50.09"
"A053030","바이넥스","12","0","KOSDAQ","1.01","553.67","","548.11"
"A053050","지에스이","12","0","KOSDAQ","0","81.87","","81.87"
"A053060","세동","12","0","KOSDAQ","0.8","26.59","","26.38"
"A053080","케이엔솔","12","0","KOSDAQ","0.19","136.5","","136.24"
"A053160","프리엠스","12","0","KOSDAQ","1.57","50.58","","49.8"
"A053210","스카이라이프","12","0","KOSPI","0.38","249.97","","249.02"
"A053260","금강철강","12","0","KOSDAQ","-0.13","72.17","","72.26"
"A053270","구영테크","12","0","KOSDAQ","-0.68","60.03","","60.44"
"A053280","예스24","12","0","KOSDAQ","0.91","97.5","","96.63"
"A053290","NE능률","12","0","KOSDAQ","-1.38","35.53","","36.03"
"A053300","한국정보인증","12","0","KOSDAQ","-1.73","288.6","","293.69"
"A053350","이니텍","12","0","KOSDAQ","2.78","183.07","","178.12"
"A053450","세코닉스","12","0","KOSDAQ","0.87","86.09","","85.35"
"A053580","웹케시","12","0","KOSDAQ","0.15","182.18","","181.91"
"A053610","프로텍","12","0","KOSDAQ","0.38","293.7","","292.6"
"A053620","태양","12","0","KOSDAQ","-0.61","56.24","","56.59"
"A053690","한미글로벌","12","0","KOSPI","0","231.75","","231.75"
"A053700","삼보모터스","12","0","KOSDAQ","-0.73","93.91","","94.6"
"A053800","안랩","12","0","KOSDAQ","-0.5","666.48","","669.82"
"A053950","경남제약","12","0","KOSDAQ","0.65","48.22","","47.9"
"A053980","오상자이엘","12","0","KOSDAQ","-0.15","64.73","","64.83"
"A054040","한국컴퓨터","12","0","KOSDAQ","-1","79.47","","80.28"
"A054050","NH농우바이오","12","0","KOSDAQ","2.59","133.37","","130.01"
"A054090","삼진엘앤디","12","0","KOSDAQ","1.56","21.17","","20.84"
"A054180","메디콕스","12","0","KOSDAQ","0","12.69","","12.69"
"A054210","이랜텍","12","0","KOSDAQ","1.63","188.93","","185.89"
"A054220","비츠로시스","12","0","KOSDAQ","0.78","23.14","","22.96"
"A054300","팬스타엔터프라이즈","12","0","KOSDAQ","1.08","108.33","","107.18"
"A054410","케이피티유","12","0","KOSDAQ","1.75","19.96","","19.61"
"A054450","텔레칩스","12","0","KOSDAQ","1.25","184.31","","182.03"
"A054540","삼영엠텍","12","0","KOSDAQ","0","119.6","","119.6"
"A054620","APS","12","0","KOSDAQ","5.42","92.81","","88.03"
"A054670","대한뉴팜","12","0","KOSDAQ","-0.29","99.77","","100.05"
"A054780","키이스트","12","0","KOSDAQ","0.49","79.95","","79.56"
"A054800","아이디스홀딩스","12","0","KOSDAQ","-0.94","120.34","","121.48"
"A054920","한컴위드","12","0","KOSDAQ","0.45","125.71","","125.14"
"A054930","유신","12","0","KOSDAQ","-0.43","68.85","","69.15"
"A054940","엑사이엔씨","12","0","KOSDAQ","0.14","23.82","","23.79"
"A054950","제이브이엠","12","0","KOSDAQ","0.66","371.16","","368.74"
"A055490","테이팩스","12","0","KOSPI","0","72.45","","72.45"
"A055550","신한지주","12","1","KOSPI","1.08","31848.47","","31508.62"
"A056080","유진로봇","12","0","KOSDAQ","-2.89","378.5","","389.75"
"A056090","시지메드텍","12","0","KOSDAQ","0.59","105.12","","104.5"
"A056190","SFA","12","0","KOSDAQ","-0.45","793.58","","797.17"
"A056360","코위버","12","0","KOSDAQ","0.39","49.96","","49.77"
"A056700","신화인터텍","12","0","KOSDAQ","0.37","55.41","","55.21"
"A056730","CNT85","12","0","KOSDAQ","1.37","54.99","","54.25"
"A057030","YBM넷","12","0","KOSDAQ","0.92","53.59","","53.1"
"A057050","현대홈쇼핑","12","0","KOSPI","0.55","658.8","","655.2"
"A057540","옴니시스템","12","0","KOSDAQ","0.36","49.52","","49.34"
"A057680","티사이언티픽","12","0","KOSDAQ","-2.87","77.09","","79.37"
"A058110","멕아이씨에스","12","0","KOSDAQ","2.07","32.42","","31.76"
"A058400","KNN","12","0","KOSDAQ","-0.14","95.88","","96.01"
"A058430","포스코스틸리온","12","0","KOSPI","1.1","221.1","","218.7"
"A058450","한주에이알티","12","0","KOSDAQ","1.92","15.68","","15.39"
"A058470","리노공업","12","0","KOSDAQ","0.44","3463.83","","3448.59"
"A058610","에스피지","12","0","KOSDAQ","-2.19","594.35","","607.66"
"A058630","엠게임","12","0","KOSDAQ","0.67","117.07","","116.29"
"A058650","세아홀딩스","12","0","KOSPI","-1.02","502.4","","507.6"
"A058730","다스코","12","0","KOSPI","-0.34","54.7","","54.89"
"A058820","CMG제약","12","0","KOSDAQ","1.34","278.02","","274.33"
"A058850","KTcs","12","0","KOSPI","-0.52","122.29","","122.93"
"A058860","KTis","12","0","KOSPI","-0.34","102.32","","102.67"
"A058970","엠로","12","0","KOSDAQ","-0.36","508.08","","509.93"
"A059090","미코","12","0","KOSDAQ","-1.68","528.65","","537.68"
"A059100","아이컴포넌트","12","0","KOSDAQ","5.14","40.52","","38.54"
"A059120","아진엑스텍","12","0","KOSDAQ","5.19","73.11","","69.51"
"A059210","메타바이오메드","12","0","KOSDAQ","2.92","146.26","","142.11"
"A059270","해성에어로보틱스","12","0","KOSDAQ","-2.2","64.28","","65.73"
"A060150","인선이엔티","12","0","KOSDAQ","1.41","218.38","","215.36"
"A060230","제이케이시냅스","12","0","KOSDAQ","1.13","32.97","","32.6"
"A060240","스타코링크","12","0","KOSDAQ","0","6.39","","6.39"
"A060250","NHN KCP","12","0","KOSDAQ","-1.52","519.28","","527.31"
"A060260","뉴보텍","12","0","KOSDAQ","0","21.24","","21.24"
"A060280","큐렉소","12","0","KOSDAQ","-1.29","347.21","","351.73"
"A060310","3S","3","0","KOSDAQ","-0.17","93.76","","93.91"
"A060370","LS마린솔루션","12","0","KOSDAQ","-1.73","1185.82","","1206.72"
"A060380","동양에스텍","12","0","KOSDAQ","0.85","28.11","","27.88"
"A060480","국일신동","12","0","KOSDAQ","1.95","18.58","","18.22"
"A060540","에스에이티","12","0","KOSDAQ","0.46","34","","33.84"
"A060560","HC홈센타","12","0","KOSDAQ","-0.27","93.33","","93.58"
"A060570","드림어스컴퍼니","12","0","KOSDAQ","2.18","131.75","","128.94"
"A060590","씨티씨바이오","12","0","KOSDAQ","4.43","170.96","","163.71"
"A060720","KH바텍","12","0","KOSDAQ","7.45","320.83","","298.57"
"A060850","영림원소프트랩","12","0","KOSDAQ","4.23","54.07","","51.88"
"A060900","에이전트AI","12","0","KOSDAQ","0.49","26.8","","26.67"
"A060980","HL홀딩스","12","0","KOSPI","-1.01","361.63","","365.31"
"A061040","알에프텍","12","0","KOSDAQ","2.02","81.03","","79.42"
"A061090","세나테크놀로지","12","0","외감","","","",""
"A061250","화일약품","12","0","KOSDAQ","4.06","104.25","","100.19"
"A061970","LB세미콘","12","0","KOSDAQ","0.13","228.27","","227.98"
"A062040","산일전기","12","0","KOSPI","-1.42","3178.48","","3224.15"
"A062970","한국첨단소재","12","0","KOSDAQ","0.67","59.61","","59.21"
"A063080","컴투스홀딩스","12","0","KOSDAQ","-1.37","142.79","","144.76"
"A063160","종근당바이오","12","0","KOSPI","1.99","126.73","","124.26"
"A063170","서울옥션","12","0","KOSDAQ","-0.88","139.88","","141.13"
"A063440","SM Life Design","12","0","KOSDAQ","2.08","72.13","","70.65"
"A063570","NICE인프라","12","0","KOSDAQ","-0.33","153.49","","154.01"
"A063760","이엘피","12","0","KOSDAQ","0.25","18.84","","18.79"
"A064090","인크레더블버즈","12","0","KOSDAQ","-4.94","110.18","","115.9"
"A064240","홈캐스트","12","0","KOSDAQ","-2.17","71.13","","72.7"
"A064260","다날","12","0","KOSDAQ","0.58","597.1","","593.65"
"A064290","인텍플러스","12","0","KOSDAQ","-1.82","166.33","","169.42"
"A064350","현대로템","12","1","KOSPI","2.36","22210.46","","21697.49"
"A064400","LG씨엔에스","12","0","KOSPI","-0.9","6404.16","","6462.29"
"A064480","브리지텍","12","0","KOSDAQ","0.21","58.27","","58.15"
"A064520","테크엘","12","0","KOSDAQ","-0.24","46.15","","46.27"
"A064550","바이오니아","12","0","KOSDAQ","1.48","371.15","","365.73"
"A064760","티씨케이","12","0","KOSDAQ","3.62","1236.38","","1193.19"
"A064800","포니링크","12","0","KOSDAQ","1.14","124.36","","122.95"
"A064820","케이프","12","0","KOSDAQ","3.04","303.45","","294.49"
"A064850","에프앤가이드","12","0","KOSDAQ","-0.37","92.99","","93.34"
"A064960","SNT모티브","12","0","KOSPI","1.93","979.34","","960.76"
"A065060","지엔코","12","0","KOSDAQ","0","20.75","","20.75"
"A065130","탑엔지니어링","12","0","KOSDAQ","-0.14","58.14","","58.22"
"A065150","대산F&B","12","0","KOSDAQ","0","23.11","","23.11"
"A065170","비엘팜텍","12","0","KOSDAQ","0.27","19.51","","19.45"
"A065350","신성델타테크","12","0","KOSDAQ","-0.17","1613.31","","1616.06"
"A065370","위세아이텍","12","0","KOSDAQ","0","49.84","","49.84"
"A065420","에스아이리소스","12","0","KOSDAQ","8.99","20.83","","19.11"
"A065440","이루온","12","0","KOSDAQ","0.45","42.44","","42.25"
"A065450","빅텍","12","0","KOSDAQ","-0.38","111.32","","111.75"
"A065500","오리엔트정공","12","0","KOSDAQ","-0.17","90.78","","90.94"
"A065510","휴비츠","12","0","KOSDAQ","-0.23","106.88","","107.12"
"A065530","와이어블","12","0","KOSDAQ","-2.4","75.33","","77.18"
"A065570","삼영이엔씨","12","0","KOSDAQ","0","12.3","","12.3"
"A065650","하이퍼코퍼레이션","12","0","KOSDAQ","0","55.61","","55.61"
"A065660","안트로젠","12","0","KOSDAQ","4.18","261.66","","251.15"
"A065680","우주일렉트로","12","0","KOSDAQ","1.75","348.83","","342.82"
"A065690","파커스","12","0","KOSDAQ","1.72","14.92","","14.67"
"A065710","서호전기","12","0","KOSDAQ","0","186.95","","186.95"
"A065770","CS","12","0","KOSDAQ","1.13","19.12","","18.91"
"A065950","웰크론","12","0","KOSDAQ","0.74","57.45","","57.03"
"A066130","하츠","12","0","KOSDAQ","0.21","60.99","","60.86"
"A066310","큐에스아이","12","0","KOSDAQ","-1.63","72.78","","73.99"
"A066360","체리부로","12","0","KOSDAQ","-0.12","38.75","","38.79"
"A066410","버킷스튜디오","12","0","KOSDAQ","0","143.03","","143.03"
"A066430","아이로보틱스","12","0","KOSDAQ","1.09","54.31","","53.72"
"A066570","LG전자","12","1","KOSPI","2.06","12118.75","","11874.42"
"A066590","스모트로닉","12","0","KOSDAQ","-0.88","110.38","","111.36"
"A066620","국보디자인","12","0","KOSDAQ","0.24","159","","158.63"
"A066670","디티씨","12","0","KOSDAQ","-1.54","53.65","","54.49"
"A066700","테라젠이텍스","12","0","KOSDAQ","0","104.77","","104.77"
"A066790","씨씨에스","12","0","KOSDAQ","0","97.27","","97.27"
"A066900","디에이피","12","0","KOSDAQ","1.94","44.12","","43.28"
"A066910","손오공","12","0","KOSDAQ","-2.68","70.48","","72.42"
"A066970","엘앤에프","12","1","KOSPI","-4.81","2226.18","","2338.76"
"A066980","한성크린텍","12","0","KOSDAQ","0.16","63.21","","63.1"
"A067000","조이시티","12","0","KOSDAQ","-0.97","120.93","","122.12"
"A067010","이씨에스","3","0","KOSDAQ","-1.32","32.21","","32.64"
"A067080","대화제약","12","0","KOSDAQ","0.65","259.52","","257.84"
"A067160","SOOP","12","0","KOSDAQ","-1.83","865.56","","881.65"
"A067170","오텍","12","0","KOSDAQ","0.27","44.77","","44.65"
"A067280","멀티캠퍼스","12","0","KOSDAQ","0.76","197.66","","196.18"
"A067290","JW신약","12","0","KOSDAQ","1.77","79.85","","78.46"
"A067310","하나마이크론","12","0","KOSDAQ","0.15","901.96","","900.64"
"A067370","선바이오","12","0","KOSDAQ","-2.13","79.05","","80.78"
"A067390","아스트","12","0","KOSDAQ","-0.19","216.09","","216.5"
"A067570","엔브이에이치코리아","12","0","KOSDAQ","1.52","98.26","","96.78"
"A067630","HLB생명과학","12","0","KOSDAQ","-2.6","434.63","","446.22"
"A067730","로지시스","12","0","KOSDAQ","-1.5","28.59","","29.02"
"A067770","세진티에스","12","0","KOSDAQ","0.43","19.65","","19.56"
"A067830","세이브존I&C","12","0","KOSPI","0.38","107.94","","107.53"
"A067900","와이엔텍","12","0","KOSDAQ","-0.15","120.48","","120.66"
"A067920","이글루","12","0","KOSDAQ","0.36","61.14","","60.92"
"A067990","도이치모터스","12","0","KOSDAQ","1.76","143.72","","141.24"
"A068050","팬엔터테인먼트","12","0","KOSDAQ","0","61.9","","61.9"
"A068100","케이웨더","12","0","KOSDAQ","3.86","29.42","","28.33"
"A068240","다원시스","12","0","KOSDAQ","2.33","267.91","","261.8"
"A068270","셀트리온","12","1","KOSPI","0.18","39606.06","","39536.78"
"A068290","삼성출판사","12","0","KOSPI","-1.05","160.3","","162"
"A068330","일신바이오","12","0","KOSDAQ","5.09","73","","69.46"
"A068760","셀트리온제약","12","0","KOSDAQ","-0.19","2297.53","","2301.89"
"A068790","DMS","12","0","KOSDAQ","0","149.94","","149.94"
"A068930","디지털대성","12","0","KOSDAQ","-0.4","207.29","","208.12"
"A068940","셀피글로벌","12","0","KOSDAQ","0","35.72","","35.72"
"A069080","웹젠","12","0","KOSDAQ","-3.29","467.46","","483.37"
"A069140","누리플랜","12","0","KOSDAQ","-3.87","35.84","","37.28"
"A069260","TKG휴켐스","12","1","KOSPI","0.52","710.06","","706.38"
"A069330","유아이디","12","0","KOSDAQ","0.95","16.62","","16.46"
"A069410","엔텔스","12","0","KOSDAQ","-0.38","53.27","","53.48"
"A069460","대호에이엘","12","0","KOSPI","-0.06","146.3","","146.38"
"A069510","에스텍","12","0","KOSDAQ","-0.28","153.29","","153.72"
"A069540","빛과전자","12","0","KOSDAQ","1.55","52.21","","51.41"
"A069620","대웅제약","12","1","KOSPI","5.03","1668.47","","1588.52"
"A069640","한세엠케이","12","0","KOSPI","0","37.14","","37.14"
"A069730","DSR제강","12","0","KOSPI","0.39","54.94","","54.72"
"A069920","엑시온그룹","12","0","KOSDAQ","8.75","71.49","","65.73"
"A069960","현대백화점","12","1","KOSPI","-0.14","1579.49","","1581.75"
"A070300","엑스큐어","12","0","KOSDAQ","-0.16","21.8","","21.84"
"A070590","인티큐브","12","0","KOSDAQ","0.67","25.14","","24.97"
"A070960","모나용평","12","0","KOSPI","0.49","197.35","","196.38"
"A071050","한국금융지주","12","1","KOSPI","1.86","7316.82","","7183.08"
"A071090","하이스틸","12","0","KOSPI","0.34","88.94","","88.64"
"A071200","인피니트헬스케어","12","0","KOSDAQ","1.18","146.87","","145.16"
"A071280","로체시스템즈","12","0","KOSDAQ","-0.16","193.96","","194.27"
"A071320","지역난방공사","12","1","KOSPI","0.25","936.72","","934.4"
"A071670","에이테크솔루션","12","0","KOSDAQ","0.84","59.7","","59.2"
"A071840","롯데하이마트","12","0","KOSPI","0","201.14","","201.14"
"A071850","캐스텍코리아","12","0","KOSDAQ","2.73","41.12","","40.03"
"A071950","코아스","12","0","KOSPI","6","27.31","","25.77"
"A071970","HD현대마린엔진","12","0","KOSPI","0.21","3171.66","","3164.88"
"A072020","중앙백신","12","0","KOSDAQ","0.41","93.69","","93.3"
"A072130","유엔젤","12","0","KOSPI","0","69.25","","69.25"
"A072470","우리산업홀딩스","12","0","KOSDAQ","-2.54","61.48","","63.08"
"A072710","농심홀딩스","12","0","KOSPI","0.12","374.73","","374.27"
"A072770","멤레이비티","12","0","KOSDAQ","-4.85","76.23","","80.12"
"A072870","메가스터디","12","0","KOSDAQ","0.36","131.25","","130.77"
"A072950","빛샘전자","12","0","KOSDAQ","-1.48","42.76","","43.4"
"A072990","에이치시티","12","0","KOSDAQ","-1.33","76.67","","77.7"
"A073010","케이에스피","12","0","KOSDAQ","-3.21","217.84","","225.07"
"A073110","엘엠에스","12","0","KOSDAQ","-0.93","57.11","","57.64"
"A073190","듀오백","12","0","KOSDAQ","0.35","23.94","","23.85"
"A073240","금호타이어","12","1","KOSPI","0.51","1427.68","","1420.5"
"A073490","LIG아큐버","12","0","KOSDAQ","-1.18","140.06","","141.74"
"A073540","에프알텍","12","0","KOSDAQ","0.86","26.73","","26.51"
"A073560","우리손에프앤지","12","0","KOSDAQ","-0.77","107.73","","108.56"
"A073570","리튬포어스","12","0","KOSDAQ","0.72","67.59","","67.11"
"A073640","테라사이언스","12","0","KOSDAQ","0","69.57","","69.57"
"A074430","아미노로직스","12","0","KOSDAQ","1.49","90.02","","88.71"
"A074600","원익QnC","12","0","KOSDAQ","0.41","446.9","","445.06"
"A074610","이엔플러스","12","0","KOSPI","0","37.49","","37.49"
"A075130","플랜티넷","12","0","KOSDAQ","0.71","47.29","","46.96"
"A075180","새론오토모티브","12","0","KOSPI","0","60.19","","60.19"
"A075580","세진중공업","12","0","KOSPI","0.86","1061.38","","1052.28"
"A075970","동국알앤에스","12","0","KOSDAQ","-0.21","43.33","","43.42"
"A076080","웰크론한텍","12","0","KOSDAQ","-1.36","36.02","","36.51"
"A076610","해성옵틱스","12","0","KOSDAQ","6.95","26.07","","24.38"
"A077360","덕산하이메탈","12","0","KOSDAQ","1.36","203.56","","200.83"
"A077500","유니퀘스트","12","0","KOSPI","2.23","128.74","","125.93"
"A077970","STX엔진","12","0","KOSPI","0.23","1746.44","","1742.43"
"A078000","텔코웨어","12","0","KOSPI","-1.87","135.83","","138.42"
"A078020","LS증권","12","0","KOSDAQ","-0.89","276.57","","279.07"
"A078070","유비쿼스홀딩스","12","0","KOSDAQ","-0.29","178.86","","179.39"
"A078130","국일제지","12","0","KOSDAQ","0.21","532.14","","531.01"
"A078140","대봉엘에스","12","0","KOSDAQ","3.51","150.56","","145.46"
"A078150","HB테크놀러지","12","0","KOSDAQ","3.21","172.92","","167.54"
"A078160","메디포스트","12","0","KOSDAQ","4.6","381.53","","364.76"
"A078340","컴투스","12","0","KOSDAQ","0.78","492.31","","488.49"
"A078350","한양디지텍","12","0","KOSDAQ","1.24","136.59","","134.91"
"A078520","에이블씨엔씨","12","0","KOSPI","-2.65","381.89","","392.29"
"A078590","휴림에이텍","12","0","KOSDAQ","1.07","26.48","","26.19"
"A078600","대주전자재료","12","0","KOSDAQ","0.44","1051.13","","1046.49"
"A078860","아이오케이이엔엠","12","0","KOSDAQ","-0.22","82.63","","82.81"
"A078890","가온그룹","12","0","KOSDAQ","2.64","63.16","","61.54"
"A078930","GS","12","1","KOSPI","-0.22","4157.96","","4167.25"
"A079000","와토스코리아","12","0","KOSDAQ","1.87","39.24","","38.52"
"A079160","CJ CGV","12","0","KOSPI","-0.66","748.43","","753.39"
"A079170","한창산업","12","0","KOSDAQ","-0.27","38.38","","38.48"
"A079190","케스피온","12","0","KOSDAQ","1.52","17.87","","17.61"
"A079370","제우스","12","0","KOSDAQ","0","386.16","","386.16"
"A079430","현대리바트","12","0","KOSPI","0.14","146.42","","146.21"
"A079550","LIG디펜스앤에어로스페이스","12","1","KOSPI","-0.4","11000","","11044"
"A079650","서산","12","0","KOSDAQ","0.06","34.46","","34.44"
"A079810","APS이노베이션","12","0","KOSDAQ","1.66","134.81","","132.61"
"A079900","전진건설로봇","12","0","KOSPI","-1.64","699.71","","711.39"
"A079940","가비아","12","0","KOSDAQ","0","349.22","","349.22"
"A079950","인베니아","12","0","KOSDAQ","3.41","15.5","","14.99"
"A079960","동양이엔피","12","0","KOSDAQ","-0.92","169.38","","170.96"
"A079970","투비소프트","12","0","KOSDAQ","0","6.81","","6.81"
"A079980","휴비스","12","0","KOSPI","-1.83","101.6","","103.5"
"A080010","이상네트웍스","12","0","KOSDAQ","0.65","60.88","","60.49"
"A080160","모두투어","12","0","KOSDAQ","2.33","224.15","","219.05"
"A080220","제주반도체","12","0","KOSDAQ","0.06","575.2","","574.85"
"A080420","모다이노칩","12","0","KOSDAQ","0","179.37","","179.37"
"A080470","성창오토텍","12","0","KOSDAQ","0.23","31.46","","31.39"
"A080520","오디텍","12","0","KOSDAQ","-0.47","36.94","","37.12"
"A080530","코디","12","0","KOSDAQ","-0.07","75.22","","75.27"
"A080580","오킨스전자","12","0","KOSDAQ","-0.33","115.82","","116.21"
"A080720","한국유니온제약","12","0","KOSDAQ","0","21.56","","21.56"
"A081000","일진다이아","12","0","KOSPI","0.16","174.7","","174.41"
"A081150","티플랙스","12","0","KOSDAQ","0.62","78.87","","78.39"
"A081180","쎄크","12","0","KOSDAQ","0.37","72.55","","72.28"
"A081580","성우전자","12","0","KOSDAQ","-0.86","44.59","","44.97"
"A081660","미스토홀딩스","12","1","KOSPI","-0.98","2421.86","","2445.9"
"A082210","옵트론텍","12","0","KOSDAQ","-0.26","63.23","","63.4"
"A082270","젬백스","12","0","KOSDAQ","-0.47","1799.2","","1807.66"
"A082640","동양생명","12","0","KOSPI","-5.71","1145.65","","1215.03"
"A082660","코스나인","12","0","KOSDAQ","0","47.83","","47.83"
"A082740","한화엔진","12","0","KOSPI","-0.99","3742.6","","3780.16"
"A082800","비보존 제약","12","0","KOSDAQ","0.7","358.25","","355.74"
"A082850","우리바이오","12","0","KOSDAQ","-0.2","119.2","","119.45"
"A082920","비츠로셀","12","0","KOSDAQ","1.64","638.13","","627.84"
"A083310","엘오티베큠","12","0","KOSDAQ","-0.51","208.91","","209.98"
"A083420","그린케미칼","12","0","KOSPI","0.42","170.64","","169.92"
"A083450","GST","12","0","KOSDAQ","1.29","362.7","","358.09"
"A083470","이엠앤아이","12","0","KOSDAQ","-1.84","20.44","","20.83"
"A083500","에프엔에스테크","12","0","KOSDAQ","0.17","101.97","","101.79"
"A083550","케이엠","12","0","KOSDAQ","0","41.31","","41.31"
"A083640","인콘","12","0","KOSDAQ","2.21","25.18","","24.64"
"A083650","비에이치아이","12","0","KOSDAQ","-0.55","1664.81","","1674.09"
"A083660","CSA 코스믹","12","0","KOSDAQ","-15.84","44.59","","52.98"
"A083790","CG인바이츠","12","0","KOSDAQ","-4.32","126.11","","131.8"
"A083930","아바코","12","0","KOSDAQ","2","194.33","","190.51"
"A084010","대한제강","12","0","KOSPI","-0.19","366.44","","367.14"
"A084110","휴온스글로벌","12","0","KOSDAQ","1.34","573.71","","566.13"
"A084180","수성웹툰","12","0","KOSDAQ","1.12","81.42","","80.52"
"A084370","유진테크","12","0","KOSDAQ","1.87","1061.01","","1041.53"
"A084440","유비온","9","0","KOSDAQ","-4.67","20.52","","21.53"
"A084650","랩지노믹스","12","0","KOSDAQ","0","165.18","","165.18"
"A084670","동양고속","12","0","KOSPI","0.61","23.86","","23.71"
"A084680","이월드","12","0","KOSPI","0.96","208.03","","206.04"
"A084690","대상홀딩스","12","0","KOSPI","-0.11","338.95","","339.31"
"A084730","팅크웨어","12","0","KOSDAQ","-0.96","91.99","","92.87"
"A084850","아이티엠반도체","12","0","KOSDAQ","2.6","277.41","","270.38"
"A084870","TBH글로벌","12","0","KOSPI","-1.03","29.99","","30.3"
"A084990","헬릭스미스","12","0","KOSDAQ","-4.32","316.66","","330.95"
"A085310","엔케이","12","0","KOSPI","-3.27","98.13","","101.44"
"A085620","미래에셋생명","12","0","KOSPI","-2.74","1320.54","","1357.71"
"A085660","차바이오텍","12","0","KOSDAQ","0.48","806.3","","802.47"
"A085670","뉴프렉스","12","0","KOSDAQ","7.18","129.59","","120.91"
"A085810","알티캐스트","12","0","KOSDAQ","-0.96","31.01","","31.31"
"A085910","네오티스","12","0","KOSDAQ","0.32","43.76","","43.62"
"A086040","바이오톡스텍","12","0","KOSDAQ","2.4","51.15","","49.95"
"A086060","진바이오텍","12","0","KOSDAQ","-0.56","38.58","","38.79"
"A086280","현대글로비스","12","1","KOSPI","-1.42","14055","","14257.5"
"A086390","유니테스트","12","0","KOSDAQ","10.73","325.04","","293.55"
"A086450","동국제약","12","0","KOSDAQ","0.53","763.02","","758.98"
"A086520","에코프로","12","0","KOSDAQ","-0.8","6775.23","","6829.54"
"A086670","비엠티","12","0","KOSDAQ","0.78","105.67","","104.85"
"A086710","선진뷰티사이언스","12","0","KOSDAQ","0.49","126.3","","125.69"
"A086790","하나금융지주","12","1","KOSPI","1.09","23660.56","","23404.3"
"A086820","바이오솔루션","12","0","KOSDAQ","1.56","221.41","","218.01"
"A086890","이수앱지스","12","0","KOSDAQ","0.98","203.47","","201.5"
"A086900","메디톡스","12","0","KOSDAQ","0.08","873.63","","872.9"
"A086960","MDS테크","12","0","KOSDAQ","-1.19","116.03","","117.42"
"A086980","쇼박스","12","0","KOSDAQ","-0.37","168.18","","168.81"
"A087010","펩트론","12","0","KOSDAQ","-2.72","7094.04","","7292.07"
"A087260","모바일어플라이언스","12","0","KOSDAQ","1.18","64.26","","63.51"
"A087600","픽셀플러스","12","0","KOSDAQ","-0.15","54.47","","54.55"
"A088130","동아엘텍","12","0","KOSDAQ","-0.68","64.17","","64.61"
"A088280","쏘닉스","12","0","KOSDAQ","-1.15","37.21","","37.64"
"A088290","이원컴포텍","12","0","KOSDAQ","0.66","42.35","","42.07"
"A088340","유라클","12","0","KOSDAQ","-1.07","72.52","","73.3"
"A088350","한화생명","12","1","KOSPI","-1.12","2683.76","","2714.16"
"A088390","이녹스","12","0","KOSDAQ","-1.91","96.2","","98.08"
"A088790","진도","12","0","KOSPI","-0.05","23.58","","23.59"
"A088800","에이스테크","12","0","KOSDAQ","0.22","168.76","","168.38"
"A088910","동우팜투테이블","12","0","KOSDAQ","-0.69","55.41","","55.8"
"A089010","켐트로닉스","12","0","KOSDAQ","3.1","407.89","","395.63"
"A089030","테크윙","12","0","KOSDAQ","3.09","1372.75","","1331.66"
"A089140","넥스턴앤롤코리아","12","0","KOSDAQ","-1.26","34","","34.43"
"A089150","케이씨티","12","0","KOSDAQ","-3.76","70.31","","73.06"
"A089230","THE E&M","12","0","KOSDAQ","-1.06","25.05","","25.32"
"A089470","HDC현대EP","12","0","KOSPI","1.5","129.35","","127.44"
"A089590","제주항공","12","0","KOSPI","0.62","521.75","","518.52"
"A089600","KT나스미디어","12","0","KOSDAQ","-1.5","166.93","","169.47"
"A089790","제이티","12","0","KOSDAQ","-0.13","39.77","","39.82"
"A089850","유비벨록스","12","0","KOSDAQ","0","85.29","","85.29"
"A089860","롯데렌탈","12","0","KOSPI","1.75","1056.6","","1038.45"
"A089890","코세스","12","0","KOSDAQ","3.37","178.29","","172.48"
"A089970","브이엠","12","0","KOSDAQ","0.69","316.59","","314.43"
"A089980","상아프론테크","12","0","KOSDAQ","0.23","280.13","","279.49"
"A090080","평화산업","12","0","KOSPI","-0.4","55.12","","55.34"
"A090150","아이윈","12","0","KOSDAQ","-0.82","30.49","","30.74"
"A090350","노루페인트","12","0","KOSPI","-1.5","184.2","","187"
"A090360","로보스타","12","0","KOSDAQ","-1.35","285.19","","289.09"
"A090370","메타랩스","12","0","KOSPI","-0.31","31.7","","31.8"
"A090410","덕신이피씨","12","0","KOSDAQ","1.06","66.04","","65.35"
"A090430","아모레퍼시픽","12","1","KOSPI","-0.68","6861.2","","6907.99"
"A090460","비에이치","12","0","KOSPI","2.16","651.72","","637.94"
"A090470","제이스로보틱스","12","0","KOSDAQ","0.7","62.83","","62.39"
"A090710","휴림로봇","12","0","KOSDAQ","-3.87","311.78","","324.33"
"A090850","현대이지웰","12","0","KOSDAQ","-0.92","152.69","","154.11"
"A091120","이엠텍","12","0","KOSDAQ","1.49","163.11","","160.71"
"A091340","S&K폴리텍","12","0","KOSDAQ","-0.83","28.09","","28.32"
"A091440","한울소재과학","12","0","KOSDAQ","-1.93","57.99","","59.13"
"A091580","상신이디피","12","0","KOSDAQ","4.17","133.28","","127.95"
"A091590","남화토건","12","0","KOSDAQ","-0.49","47.49","","47.72"
"A091700","파트론","12","0","KOSDAQ","1.27","363.66","","359.1"
"A091810","트리니티항공","12","0","KOSPI","1.2","399.1","","394.36"
"A091970","LSK아이로봇","12","0","KOSDAQ","-2.43","22.53","","23.09"
"A092040","아미코젠","12","0","KOSDAQ","2.75","195.32","","190.09"
"A092070","디엔에프","12","0","KOSDAQ","1.26","148.58","","146.73"
"A092130","이크레더블","12","0","KOSDAQ","0.75","211.12","","209.56"
"A092190","서울바이오시스","12","0","KOSDAQ","0.18","130.72","","130.5"
"A092200","디아이씨","12","0","KOSPI","2.28","182.78","","178.69"
"A092220","KEC","12","0","KOSPI","2.35","140.13","","136.92"
"A092230","KPX홀딩스","12","0","KOSPI","-0.59","282.63","","284.32"
"A092300","현우산업","12","0","KOSDAQ","4.59","55.36","","52.94"
"A092440","기신정기","3","0","KOSPI","0.61","71.69","","71.25"
"A092460","한라IMS","12","0","KOSDAQ","1","242.1","","239.71"
"A092600","앤씨앤","12","0","KOSDAQ","0.51","14.75","","14.67"
"A092730","네오팜","12","0","KOSDAQ","3.96","307.1","","295.4"
"A092780","DYP","12","0","KOSPI","-0.25","53.07","","53.2"
"A092790","넥스틸","12","0","KOSPI","0.32","328.41","","327.37"
"A092870","엑시콘","12","0","KOSDAQ","-0.1","127.64","","127.77"
"A093050","LF","12","0","KOSPI","-1.97","523.98","","534.51"
"A093190","빅솔론","12","0","KOSDAQ","0.17","111.78","","111.59"
"A093240","형지엘리트","6","0","KOSPI","1.57","64.69","","63.69"
"A093320","케이아이엔엑스","12","0","KOSDAQ","0.84","411.38","","407.97"
"A093370","후성","12","1","KOSPI","-3.28","600.63","","621.01"
"A093380","풍강","8","0","KOSDAQ","1.14","30.58","","30.23"
"A093520","매커스","12","0","KOSDAQ","1.51","333.54","","328.58"
"A093640","케이알엠","12","0","KOSDAQ","-1.9","134.57","","137.18"
"A093920","서원인텍","12","0","KOSDAQ","-1.24","103.42","","104.72"
"A094170","동운아나텍","12","0","KOSDAQ","1.58","375.96","","370.11"
"A094280","효성ITX","12","0","KOSPI","0.39","148.52","","147.94"
"A094360","칩스앤미디어","12","0","KOSDAQ","0.92","325.88","","322.91"
"A094480","갤럭시아머니트리","12","0","KOSDAQ","-0.89","393.87","","397.4"
"A094820","일진파워","12","0","KOSDAQ","1.83","167.68","","164.66"
"A094840","슈프리마에이치큐","12","0","KOSDAQ","1.22","69.53","","68.7"
"A094850","참좋은여행","12","0","KOSDAQ","0.6","93.66","","93.1"
"A094860","네오리진","12","0","KOSDAQ","-0.46","25.76","","25.88"
"A094940","푸른로보틱스","12","0","KOSDAQ","-1.25","72.58","","73.5"
"A094970","제이엠티","12","0","KOSDAQ","1.34","44.47","","43.88"
"A095190","신화프리텍","12","0","KOSDAQ","0","131.17","","131.17"
"A095270","웨이브일렉트로","12","0","KOSDAQ","0.76","78.9","","78.3"
"A095340","ISC","12","0","KOSDAQ","3.96","1223.07","","1176.44"
"A095500","미래나노텍","12","0","KOSDAQ","-0.2","311.34","","311.96"
"A095570","AJ네트웍스","12","0","KOSPI","-0.12","196.17","","196.4"
"A095610","테스","12","0","KOSDAQ","3","576.24","","559.44"
"A095660","네오위즈","12","0","KOSDAQ","1.04","530.03","","524.56"
"A095700","제넥신","12","0","KOSDAQ","1.16","237.72","","234.99"
"A095720","웅진씽크빅","12","0","KOSPI","-0.58","197.28","","198.44"
"A095910","에스에너지","12","0","KOSDAQ","1.67","36.35","","35.75"
"A096240","크레버스","12","0","KOSDAQ","-0.85","142.68","","143.91"
"A096250","와이즈넛","12","0","KOSDAQ","-1.73","164.1","","166.98"
"A096350","대창솔루션","12","0","KOSDAQ","2.7","84.03","","81.82"
"A096530","씨젠","12","0","KOSDAQ","0","1336.99","","1336.99"
"A096610","알에프세미","12","0","KOSDAQ","0","51.55","","51.55"
"A096630","에스코넥","12","0","KOSDAQ","0","51.12","","51.12"
"A096690","에이루트","12","0","KOSDAQ","-0.83","40.19","","40.53"
"A096760","JW홀딩스","12","0","KOSPI","0.61","243.58","","242.1"
"A096770","SK이노베이션","12","1","KOSPI","0.5","15314.93","","15239.41"
"A096870","엘디티","12","0","KOSDAQ","-2.44","20.04","","20.54"
"A097230","HJ중공업","12","0","KOSPI","12.5","1948.62","","1732.11"
"A097520","엠씨넥스","12","0","KOSPI","2.27","526.75","","515.06"
"A097780","에코볼트","12","0","KOSDAQ","6.97","62.38","","58.32"
"A097800","윈팩","12","0","KOSDAQ","2.87","54.27","","52.75"
"A097870","효성오앤비","6","0","KOSDAQ","0.77","55.78","","55.35"
"A097950","CJ제일제당","12","1","KOSPI","-0.65","3462.46","","3485.04"
"A098070","한텍","12","0","KOSDAQ","8.65","579.41","","533.26"
"A098120","마이크로컨텍솔","12","0","KOSDAQ","-0.12","134.58","","134.75"
"A098460","고영","12","0","KOSDAQ","1.76","992.06","","974.9"
"A098660","에스티오","12","0","KOSDAQ","-3.07","25.63","","26.44"
"A099190","아이센스","12","0","KOSDAQ","-0.41","470.91","","472.84"
"A099220","SDN","12","0","KOSDAQ","-0.25","78.39","","78.58"
"A099320","쎄트렉아이","12","0","KOSDAQ","-0.37","589.18","","591.37"
"A099390","브레인즈컴퍼니","12","0","KOSDAQ","-1.58","45.97","","46.71"
"A099410","동방선기","12","0","KOSDAQ","1.18","66.01","","65.24"
"A099430","바이오플러스","12","0","KOSDAQ","-4.55","355.37","","372.32"
"A099440","스맥","12","0","KOSDAQ","0.25","268.54","","267.86"
"A099520","DGI","12","0","KOSDAQ","0","58.14","","58.14"
"A099750","이지케어텍","3","0","KOSDAQ","0.06","119.75","","119.68"
"A100030","인지소프트","12","0","KOSDAQ","0.99","60.09","","59.5"
"A100090","SK오션플랜트","12","0","KOSPI","6.35","1209.62","","1137.41"
"A100120","뷰웍스","12","0","KOSDAQ","-0.99","195","","196.95"
"A100130","동국S&C","12","0","KOSDAQ","-2.11","132.29","","135.14"
"A100220","비상교육","12","0","KOSPI","0.57","69.01","","68.62"
"A100250","진양홀딩스","12","0","KOSPI","0.47","181.1","","180.26"
"A100590","머큐리","12","0","KOSDAQ","0.31","51.05","","50.89"
"A100660","서암기계공업","12","0","KOSDAQ","-1.11","44.92","","45.42"
"A100700","세운메디칼","12","0","KOSDAQ","0","114.54","","114.54"
"A100790","미래에셋벤처투자","12","0","KOSDAQ","-2.94","316.09","","325.65"
"A100840","SNT에너지","12","0","KOSPI","3.16","1282.21","","1242.92"
"A101000","KS인더스트리","12","0","KOSDAQ","-4.99","58.53","","61.61"
"A101140","인바이오젠","12","0","KOSPI","0.89","125.25","","124.15"
"A101160","월덱스","12","0","KOSDAQ","2.83","359.94","","350.03"
"A101170","우림피티에스","12","0","KOSDAQ","0","68.04","","68.04"
"A101240","씨큐브","12","0","KOSDAQ","1.31","45.27","","44.68"
"A101330","모베이스","12","0","KOSDAQ","2.49","71.41","","69.67"
"A101360","에코앤드림","12","0","KOSDAQ","-0.7","353.23","","355.72"
"A101390","아이엠","12","0","KOSDAQ","0","5.14","","5.14"
"A101400","엔시트론","12","0","KOSDAQ","0","23.48","","23.48"
"A101490","에스앤에스텍","12","0","KOSDAQ","0.37","1154.09","","1149.8"
"A101530","해태제과식품","12","0","KOSPI","0.62","190.13","","188.97"
"A101670","하이드로리튬","12","0","KOSDAQ","-4.58","129.74","","135.97"
"A101680","한국정밀기계","12","0","KOSDAQ","-1.38","18.03","","18.28"
"A101730","위메이드맥스","12","0","KOSDAQ","0","579.08","","579.08"
"A101930","인화정공","12","0","KOSDAQ","4.84","519.81","","495.81"
"A101970","우양에이치씨","12","0","KOSDAQ","18.05","270.15","","228.84"
"A102120","어보브반도체","12","0","KOSDAQ","-0.27","193.81","","194.34"
"A102260","동성케미컬","12","0","KOSPI","0","207.73","","207.73"
"A102370","케이옥션","12","0","KOSDAQ","0.46","118.86","","118.31"
"A102460","이연제약","12","0","KOSPI","0.56","201.3","","200.18"
"A102710","이엔에프테크놀로지","12","0","KOSDAQ","4.05","532.22","","511.5"
"A102940","코오롱생명과학","12","0","KOSDAQ","0.86","364.01","","360.9"
"A103140","풍산","12","1","KOSPI","0.33","3390.94","","3379.73"
"A103230","에스앤더블류","12","0","KOSDAQ","-1.16","30.67","","31.03"
"A103590","일진전기","12","0","KOSPI","1.4","1728.6","","1704.75"
"A103840","우양","12","0","KOSDAQ","-3.31","78.89","","81.59"
"A104040","디에스엠","12","0","KOSDAQ","1.2","55.73","","55.06"
"A104200","NHN벅스","12","0","KOSDAQ","0.15","48.63","","48.56"
"A104460","디와이피엔에프","12","0","KOSDAQ","0","163.6","","163.6"
"A104480","티케이케미칼","12","0","KOSDAQ","-0.52","155.25","","156.07"
"A104540","코렌텍","12","0","KOSDAQ","-0.72","70.58","","71.09"
"A104620","노랑풍선","12","0","KOSDAQ","1.37","97.39","","96.08"
"A104700","한국철강","12","0","KOSPI","-0.1","360.13","","360.49"
"A104830","원익머트리얼즈","12","0","KOSDAQ","0.22","293.14","","292.51"
"A105330","케이엔더블유","12","0","KOSDAQ","2.5","69.14","","67.45"
"A105550","엣지파운드리","12","0","KOSDAQ","-4.98","179.32","","188.72"
"A105560","KB금융","12","1","KOSPI","1.29","42037.12","","41503.08"
"A105630","한세실업","12","0","KOSPI","1.43","368.8","","363.6"
"A105740","디케이락","12","0","KOSDAQ","3.3","95.58","","92.53"
"A105760","포스뱅크","12","0","KOSDAQ","1.01","58.13","","57.55"
"A105840","우진","12","0","KOSPI","3.91","225.2","","216.72"
"A106080","케이이엠텍","12","0","KOSDAQ","10.94","50.24","","45.28"
"A106190","하이텍팜","12","0","KOSDAQ","-0.61","138.98","","139.83"
"A106240","파인테크닉스","12","0","KOSDAQ","0.36","19.14","","19.07"
"A106520","노블엠앤비","12","0","KOSDAQ","0","15.9","","15.9"
"A107590","미원홀딩스","12","0","KOSPI","-0.83","165.65","","167.04"
"A107600","새빗켐","12","0","KOSDAQ","-4.17","142.16","","148.35"
"A107640","한중엔시에스","12","0","KOSDAQ","6.97","305.94","","286"
"A108230","톱텍","12","0","KOSDAQ","-1.92","174.91","","178.33"
"A108320","LX세미콘","12","0","KOSPI","0","850.62","","850.62"
"A108380","대양전기공업","12","0","KOSDAQ","-1.89","273.63","","278.89"
"A108490","로보티즈","12","0","KOSDAQ","-4.08","1304.87","","1360.4"
"A108670","LX하우시스","12","0","KOSPI","0.36","252.89","","251.99"
"A108860","셀바스AI","12","0","KOSDAQ","-1.38","347.2","","352.05"
"A109070","주성코퍼레이션","12","0","KOSPI","-0.92","45.47","","45.89"
"A109080","옵티시스","12","0","KOSDAQ","-2.26","51.29","","52.47"
"A109610","에스와이","12","0","KOSDAQ","-1.59","167.02","","169.71"
"A109670","씨싸이트","12","0","KOSDAQ","-2.96","40.21","","41.44"
"A109740","디에스케이","12","0","KOSDAQ","1.48","211.85","","208.77"
"A109820","진매트릭스","12","0","KOSDAQ","1.05","49.25","","48.74"
"A109860","동일금속","12","0","KOSDAQ","0.12","73.62","","73.53"
"A109960","앱토크롬","12","0","KOSDAQ","-1.63","80.15","","81.47"
"A110020","전진바이오팜","12","0","KOSDAQ","0.19","24.23","","24.19"
"A110790","크리스에프앤씨","12","0","KOSDAQ","2.25","106.38","","104.03"
"A110990","디아이티","12","0","KOSDAQ","0.96","218.3","","216.22"
"A111110","호전실업","12","0","KOSPI","-0.57","65.16","","65.54"
"A111380","동인기연","12","0","KOSPI","1.78","84.14","","82.67"
"A111710","남화산업","12","0","KOSDAQ","0.74","98.51","","97.79"
"A111770","영원무역","12","1","KOSPI","0","2601.08","","2601.08"
"A112040","위메이드","12","0","KOSDAQ","-0.91","926.79","","935.28"
"A112290","와이씨켐","12","0","KOSDAQ","-0.26","194.83","","195.34"
"A112610","씨에스윈드","12","1","KOSPI","0.6","1764.87","","1754.33"
"A113810","디젠스","12","0","KOSDAQ","-3.94","26.27","","27.34"
"A114090","GKL","12","1","KOSPI","5.57","1020.62","","966.8"
"A114190","강원에너지","12","0","KOSDAQ","5.46","312.95","","296.76"
"A114450","그린생명과학","12","0","KOSDAQ","2.17","56.4","","55.2"
"A114630","폴라리스우노","12","0","KOSDAQ","-0.59","44.24","","44.5"
"A114810","한솔아이원스","12","0","KOSDAQ","0.58","246.76","","245.33"
"A114840","아이패밀리에스씨","12","0","KOSDAQ","-0.99","433","","437.33"
"A115160","휴맥스","12","0","KOSDAQ","-0.69","44.15","","44.45"
"A115180","큐리언트","12","0","KOSDAQ","0.89","432.74","","428.91"
"A115310","인포바인","12","0","KOSDAQ","-1.24","254.79","","257.98"
"A115440","우리넷","12","0","KOSDAQ","0.31","70.7","","70.49"
"A115450","HLB테라퓨틱스","12","0","KOSDAQ","-1.29","258.21","","261.59"
"A115480","씨유메디칼","12","0","KOSDAQ","-0.49","36.74","","36.92"
"A115500","케이씨에스","12","0","KOSDAQ","-0.11","111.12","","111.24"
"A115530","씨엔플러스","12","0","KOSDAQ","-3.86","30.45","","31.67"
"A115570","스타플렉스","12","0","KOSDAQ","-1.79","24.03","","24.47"
"A115610","이미지스","12","0","KOSDAQ","-0.73","19.34","","19.48"
"A117580","대성에너지","12","0","KOSPI","0.38","220.55","","219.73"
"A117670","알파칩스","12","0","KOSDAQ","-1.41","38.74","","39.29"
"A117730","티로보틱스","12","0","KOSDAQ","-0.55","202.47","","203.6"
"A118000","메타케어","12","0","KOSPI","2.21","55.66","","54.45"
"A118990","모트렉스","12","0","KOSDAQ","1.67","226.74","","223.01"
"A119500","포메탈","12","0","KOSDAQ","-0.17","35.13","","35.19"
"A119610","인터로조","12","0","KOSDAQ","3.34","248.21","","240.18"
"A119650","KC코트렐","12","0","KOSPI","0","100.78","","100.78"
"A119830","아이텍","12","0","KOSDAQ","2.06","131.6","","128.95"
"A119850","지엔씨에너지","12","0","KOSDAQ","7.19","514.85","","480.31"
"A120030","조선선재","12","0","KOSPI","-0.48","131.05","","131.68"
"A120110","코오롱인더","12","1","KOSPI","5.42","1044.35","","990.69"
"A120240","대정화금","12","0","KOSDAQ","0.08","93.91","","93.83"
"A121440","골프존홀딩스","12","0","KOSDAQ","-0.18","233.46","","233.89"
"A121600","나노신소재","12","0","KOSDAQ","-0.58","628.88","","632.54"
"A121800","비덴트","12","0","KOSDAQ","0","256.31","","256.31"
"A121850","코이즈","12","0","KOSDAQ","-2.61","25.16","","25.84"
"A121890","에스디시스템","12","0","KOSDAQ","3.15","21.32","","20.67"
"A122310","제노레이","12","0","KOSDAQ","0","76.26","","76.26"
"A122350","삼기","12","0","KOSDAQ","-2.51","53.64","","55.02"
"A122450","KX","12","0","KOSDAQ","0","175.47","","175.47"
"A122640","예스티","12","0","KOSDAQ","1.72","378.96","","372.55"
"A122690","서진오토모티브","12","0","KOSDAQ","-0.95","42.09","","42.49"
"A122870","와이지엔터테인먼트","12","0","KOSDAQ","-2.15","1870.97","","1912.09"
"A122900","아이마켓코리아","12","0","KOSPI","-0.85","273.45","","275.79"
"A122990","와이솔","12","0","KOSDAQ","1.07","157.17","","155.51"
"A123010","알엔티엑스","12","0","KOSDAQ","3.34","26.26","","25.41"
"A123040","엠에스오토텍","12","0","KOSDAQ","-4.63","148.43","","155.63"
"A123330","제닉","12","0","KOSDAQ","-1.06","223.12","","225.51"
"A123410","코리아에프티","12","0","KOSDAQ","0.77","182.92","","181.52"
"A123420","위메이드플레이","12","0","KOSDAQ","0.31","112.4","","112.06"
"A123570","이엠넷","12","0","KOSDAQ","0.88","51.01","","50.57"
"A123690","한국화장품","12","0","KOSPI","-0.64","148.95","","149.91"
"A123700","SJM","12","0","KOSPI","-1.83","54.31","","55.32"
"A123750","알톤","12","0","KOSDAQ","-1.14","21.08","","21.32"
"A123840","뉴온","12","0","KOSDAQ","-0.09","41.8","","41.84"
"A123860","아나패스","12","0","KOSDAQ","1.4","211.43","","208.52"
"A123890","한국자산신탁","12","0","KOSPI","-0.21","290.03","","290.64"
"A124500","아이티센글로벌","12","0","KOSDAQ","17.2","393.78","","336"
"A124560","태웅로직스","12","0","KOSDAQ","-2.81","130.68","","134.46"
"A125020","티씨머티리얼즈","12","0","KOSDAQ","-0.21","161.04","","161.38"
"A125210","아모그린텍","12","0","KOSDAQ","0.6","111.02","","110.36"
"A125490","한라캐스트","12","0","KOSDAQ","7.02","180.87","","169.01"
"A126340","비나텍","12","0","KOSDAQ","-3.23","286.12","","295.68"
"A126560","현대퓨처넷","12","0","KOSPI","0.31","358.16","","357.06"
"A126600","BGF에코머티리얼즈","12","0","KOSDAQ","-0.17","184.53","","184.85"
"A126640","화신정공","12","0","KOSDAQ","0","47.69","","47.69"
"A126700","하이비젼시스템","12","0","KOSDAQ","1","226.97","","224.73"
"A126720","수산인더스트리","12","0","KOSPI","1.13","320.01","","316.43"
"A126730","코칩","12","0","KOSDAQ","2.98","105.95","","102.89"
"A126880","제이엔케이글로벌","12","0","KOSDAQ","1.74","101.64","","99.9"
"A127120","제이에스링크","12","0","KOSDAQ","-0.06","517.66","","517.95"
"A127710","아시아경제","12","0","KOSDAQ","0.45","38.71","","38.53"
"A127980","화인써키트","12","0","KOSDAQ","2.53","72.11","","70.33"
"A128540","에코캡","12","0","KOSDAQ","0.17","47.32","","47.24"
"A128660","피제이메탈","12","0","KOSDAQ","0","71.56","","71.56"
"A128820","대성산업","12","0","KOSPI","-0.38","180.04","","180.72"
"A128940","한미약품","12","1","KOSPI","-1.29","3907.35","","3958.6"
"A129260","인터지스","12","0","KOSPI","0.38","78.39","","78.09"
"A129890","앱코","12","0","KOSDAQ","-2.57","53.78","","55.2"
"A129920","대성하이텍","12","0","KOSDAQ","-0.35","58.77","","58.97"
"A130500","GH신소재","12","0","KOSDAQ","0.56","38.98","","38.76"
"A130580","나이스디앤비","12","0","KOSDAQ","0.56","82.39","","81.93"
"A130660","한전산업","12","0","KOSPI","1.16","399.68","","395.11"
"A130740","티피씨글로벌","12","0","KOSDAQ","-0.51","19.8","","19.9"
"A131030","옵투스제약","12","0","KOSDAQ","0","129.71","","129.71"
"A131090","시큐브","12","0","KOSDAQ","-0.49","32.4","","32.56"
"A131100","티엔엔터테인먼트","12","0","KOSDAQ","-1.13","44.18","","44.68"
"A131180","딜리","12","0","KOSDAQ","0.21","27.94","","27.88"
"A131220","대한과학","12","0","KOSDAQ","0.1","36.27","","36.23"
"A131290","티에스이","12","0","KOSDAQ","0.69","405.95","","403.19"
"A131370","알서포트","12","0","KOSDAQ","0.34","155.54","","155.01"
"A131400","이브이첨단소재","12","0","KOSDAQ","-1.74","117.99","","120.07"
"A131760","파인텍","12","0","KOSDAQ","0.44","39.78","","39.61"
"A131970","두산테스나","12","0","KOSDAQ","0","659.06","","659.06"
"A133750","메가엠디","12","0","KOSDAQ","0","46.79","","46.79"
"A133820","화인베스틸","12","0","KOSPI","-0.4","60.79","","61.04"
"A134060","이퓨쳐","12","0","KOSDAQ","1.15","20.89","","20.65"
"A134380","미원화학","12","0","KOSPI","1.82","184.74","","181.44"
"A134580","탑코미디어","12","0","KOSDAQ","-4.17","119.05","","124.22"
"A134790","시디즈","12","0","KOSPI","0.79","50.8","","50.4"
"A136150","원일티엔아이","12","0","KOSDAQ","-3.83","199.89","","207.85"
"A136410","아셈스","12","0","KOSDAQ","0.4","110.74","","110.3"
"A136480","하림","12","0","KOSDAQ","0.33","319.16","","318.1"
"A136490","선진","12","0","KOSPI","-0.7","270.37","","272.28"
"A136540","윈스테크넷","12","0","KOSDAQ","-0.08","153.25","","153.37"
"A137080","나래나노텍","12","0","KOSDAQ","0.15","36","","35.94"
"A137310","에스디바이오센서","12","1","KOSPI","0.2","1207.75","","1205.32"
"A137400","피엔티","12","0","KOSDAQ","0.27","885.62","","883.24"
"A137940","넥스트아이","12","0","KOSDAQ","-1.1","30.73","","31.07"
"A137950","제이씨케미칼","12","0","KOSDAQ","1.28","79.05","","78.05"
"A138040","메리츠금융지주","12","1","KOSPI","-0.95","22429.8","","22645.82"
"A138070","신진에스엠","12","0","KOSDAQ","-1.57","38.33","","38.94"
"A138080","오이솔루션","12","0","KOSDAQ","0.11","98.38","","98.27"
"A138360","앤로보틱스","12","0","KOSDAQ","-1.73","41.24","","41.96"
"A138610","나이벡","12","0","KOSDAQ","0.21","269.7","","269.13"
"A138930","BNK금융지주","12","1","KOSPI","-0.48","4603.18","","4625.19"
"A139130","iM금융지주","12","1","KOSPI","-0.58","2221.77","","2234.73"
"A139480","이마트","12","1","KOSPI","3.35","2042.09","","1975.86"
"A139670","키네마스터","12","0","KOSDAQ","-1.45","33.67","","34.17"
"A139990","아주스틸","12","0","KOSPI","0.66","148.24","","147.27"
"A140070","서플러스글로벌","12","0","KOSDAQ","-0.21","89.33","","89.51"
"A140410","메지온","12","0","KOSDAQ","-3.81","1406.36","","1462.08"
"A140430","카티스","12","0","KOSDAQ","0.23","41.64","","41.55"
"A140520","대창스틸","12","0","KOSDAQ","0.45","47.07","","46.86"
"A140670","알에스오토메이션","12","0","KOSDAQ","1.15","122.62","","121.22"
"A140860","파크시스템스","12","0","KOSDAQ","4.44","1807.56","","1730.64"
"A141000","비아트론","12","0","KOSDAQ","0.65","93.4","","92.8"
"A141080","리가켐바이오","12","0","KOSDAQ","3.06","5542.81","","5378.06"
"A142210","유니트론텍","12","0","KOSDAQ","1.35","125.85","","124.17"
"A142280","녹십자엠에스","12","0","KOSDAQ","1.55","85.23","","83.92"
"A142760","모아라이프플러스","12","0","KOSDAQ","-2.82","56.55","","58.19"
"A143160","아이디스","12","0","KOSDAQ","-0.39","189.89","","190.64"
"A143210","핸즈코퍼레이션","12","0","KOSPI","0.06","36.31","","36.29"
"A143240","사람인","12","0","KOSDAQ","-1.38","167.33","","169.67"
"A143540","영우디에스피","12","0","KOSDAQ","-0.3","29.88","","29.97"
"A144510","지씨셀","12","0","KOSDAQ","1.11","301.15","","297.84"
"A144960","뉴파워프라즈마","12","0","KOSDAQ","0","216.28","","216.28"
"A145020","휴젤","12","0","KOSDAQ","-1.66","3998.81","","4066.48"
"A145170","노브랜드","12","0","KOSDAQ","1.69","81.33","","79.98"
"A145210","다이나믹디자인","12","0","KOSPI","0","27.92","","27.92"
"A145720","덴티움","12","1","KOSPI","0.36","616.53","","614.32"
"A145990","삼양사","12","0","KOSPI","0.52","500.2","","497.62"
"A146060","율촌","12","0","KOSDAQ","-0.98","29.23","","29.52"
"A146320","비씨엔씨","12","0","KOSDAQ","3.61","139.5","","134.63"
"A147760","피엠티","12","0","KOSDAQ","3.62","26.29","","25.37"
"A147830","제룡산업","12","0","KOSDAQ","-0.77","128.8","","129.8"
"A148150","세경하이테크","12","0","KOSDAQ","4.5","233.09","","223.05"
"A148250","알엔투테크놀로지","12","0","KOSDAQ","-0.15","63.86","","63.95"
"A148780","비큐AI","12","0","KOSDAQ","1.12","59.59","","58.93"
"A148930","에이치와이티씨","12","0","KOSDAQ","-1.22","37.19","","37.65"
"A149950","아바텍","12","0","KOSDAQ","5.47","132.35","","125.48"
"A149980","하이로닉","12","0","KOSDAQ","0","94.65","","94.65"
"A150900","파수AI","12","0","KOSDAQ","1.44","53.63","","52.87"
"A151860","KG에코솔루션","12","0","KOSDAQ","1.07","270.86","","268"
"A153460","네이블","12","0","KOSDAQ","-1.79","50.28","","51.2"
"A153490","우리이앤엘하루틴","12","0","KOSDAQ","0.3","34.95","","34.85"
"A153710","옵티팜","12","0","KOSDAQ","0.19","77.02","","76.87"
"A154030","아시아종묘","12","0","KOSDAQ","15.17","27.92","","24.24"
"A154040","다산솔루에타","12","0","KOSDAQ","-0.57","21.97","","22.1"
"A155650","와이엠씨","12","0","KOSDAQ","0.57","68.55","","68.16"
"A155660","DSR","12","0","KOSPI","0.41","59.28","","59.04"
"A156100","엘앤케이바이오","12","0","KOSDAQ","0.7","144.92","","143.91"
"A158430","아톤","12","0","KOSDAQ","-2.12","183.89","","187.87"
"A159010","아스플로","12","0","KOSDAQ","0","46.47","","46.47"
"A159580","제로투세븐","12","0","KOSDAQ","2.18","89.05","","87.14"
"A159910","에코글로우","12","0","KOSDAQ","1.58","28.28","","27.84"
"A160190","하이젠알앤엠","12","0","KOSDAQ","-4.79","1135.13","","1192.28"
"A160550","NEW","12","0","KOSDAQ","0.58","72.42","","72"
"A160980","싸이맥스","12","0","KOSDAQ","1.65","134.7","","132.51"
"A161000","애경케미칼","12","0","KOSPI","0.57","515.19","","512.27"
"A161390","한국타이어앤테크놀로지","12","1","KOSPI","-1.49","4911.65","","4985.97"
"A161580","필옵틱스","12","0","KOSDAQ","1","706.64","","699.62"
"A161890","한국콜마","12","1","KOSPI","-1.06","1760.94","","1779.82"
"A162300","신스틸","12","0","KOSDAQ","0.74","84.6","","83.98"
"A163280","에어레인","12","0","KOSDAQ","-0.25","131.21","","131.53"
"A163560","동일고무벨트","12","0","KOSPI","0.14","96.74","","96.61"
"A163730","핑거","12","0","KOSDAQ","-1.61","115.04","","116.92"
"A166090","하나머티리얼즈","12","0","KOSDAQ","0.19","522.13","","521.14"
"A166480","코아스템켐온","12","0","KOSDAQ","1.85","72.48","","71.16"
"A168330","내츄럴엔도텍","12","0","KOSDAQ","0.86","93.2","","92.41"
"A168360","펨트론","12","0","KOSDAQ","0.92","257.8","","255.46"
"A169330","엠브레인","6","0","KOSDAQ","-0.24","37.58","","37.67"
"A170030","현대공업","12","0","KOSDAQ","0.96","96.49","","95.57"
"A170790","파이오링크","12","0","KOSDAQ","2.49","58.12","","56.71"
"A170900","동아에스티","12","0","KOSPI","0.7","404.97","","402.16"
"A170920","엘티씨","12","0","KOSDAQ","-0.08","121.34","","121.44"
"A171010","램테크놀러지","12","0","KOSDAQ","1.42","55.98","","55.19"
"A171090","선익시스템","12","0","KOSDAQ","1.38","350.32","","345.54"
"A171120","라이온켐텍","12","0","KOSDAQ","0","79.34","","79.34"
"A172670","에이엘티","12","0","KOSDAQ","-1.75","70.61","","71.86"
"A173130","오파스넷","12","0","KOSDAQ","-1.23","83.76","","84.8"
"A173940","에프엔씨엔터","12","0","KOSDAQ","-2.92","46.1","","47.49"
"A174900","앱클론","12","0","KOSDAQ","0.78","196.47","","194.94"
"A175140","아고스","12","0","KOSDAQ","-6.9","127.21","","136.64"
"A175250","아이큐어","12","0","KOSDAQ","0","81.5","","81.5"
"A175330","JB금융지주","12","1","KOSPI","-1.26","4511.92","","4569.28"
"A176750","듀켐바이오","12","0","KOSDAQ","3.56","289.67","","279.71"
"A177350","베셀","12","0","KOSDAQ","0.82","19.4","","19.24"
"A177830","파버나인","12","0","KOSDAQ","2.4","40.28","","39.33"
"A177900","쓰리에이로직스","12","0","KOSDAQ","0.15","65.48","","65.38"
"A178320","서진시스템","12","0","KOSDAQ","1.9","1087.27","","1067.02"
"A178780","일월지엠엘","12","0","KOSDAQ","2.17","54.28","","53.13"
"A178920","PI첨단소재","12","0","KOSPI","-0.65","497.47","","500.7"
"A179290","엠아이텍","12","0","KOSDAQ","0.58","226.24","","224.94"
"A179530","애드바이오텍","12","0","KOSDAQ","-0.18","34.76","","34.82"
"A179900","유티아이","12","0","KOSDAQ","7.63","514.74","","478.25"
"A180400","DXVX","12","0","KOSDAQ","2.19","126.49","","123.79"
"A180640","한진칼","12","1","KOSPI","-0.09","7303.79","","7310.47"
"A181710","NHN","12","0","KOSPI","-0.6","837.4","","842.46"
"A182360","큐브엔터","12","0","KOSDAQ","0.65","231.04","","229.54"
"A182400","엔케이젠바이오텍코리아","12","0","KOSDAQ","0","263.03","","263.03"
"A183190","아세아시멘트","12","0","KOSPI","-1.49","492.6","","500.07"
"A183300","코미코","12","0","KOSDAQ","1.12","847.32","","837.9"
"A183490","엔지켐생명과학","12","0","KOSDAQ","1.32","91.36","","90.17"
"A184230","SGA솔루션즈","12","0","KOSDAQ","-3.28","57.87","","59.83"
"A185490","아이진","12","0","KOSDAQ","-2.38","77.58","","79.47"
"A185750","종근당","12","1","KOSPI","1.64","1109.74","","1091.8"
"A186230","그린플러스","12","0","KOSDAQ","-0.65","67.16","","67.6"
"A187220","디티앤씨","12","0","KOSDAQ","0.35","33.4","","33.28"
"A187270","신화콘텍","12","0","KOSDAQ","0","36.11","","36.11"
"A187420","HLB제넥스","12","0","KOSDAQ","-1.25","92.07","","93.23"
"A187660","페니트리움바이오","12","0","KOSDAQ","3.68","136.34","","131.51"
"A187790","나노","12","0","KOSDAQ","0","56.28","","56.28"
"A187870","디바이스","12","0","KOSDAQ","-1.28","75.71","","76.7"
"A188040","바이오포트","12","0","KOSDAQ","-0.07","59.44","","59.48"
"A188260","세니젠","12","0","KOSDAQ","0","19.08","","19.08"
"A189300","인텔리안테크","12","0","KOSDAQ","0.44","485.68","","483.54"
"A189330","씨이랩","12","0","KOSDAQ","1","47.29","","46.82"
"A189690","포시에스","6","0","KOSDAQ","1.14","60.52","","59.84"
"A189860","서전기전","12","0","KOSDAQ","0","31.38","","31.38"
"A189980","흥국에프엔비","12","0","KOSDAQ","0.3","67.83","","67.63"
"A190510","나무가","12","0","KOSDAQ","3.24","252.86","","244.92"
"A190650","코리아에셋투자증권","3","0","KOSDAQ","-0.43","44.84","","45.04"
"A191410","육일씨엔에쓰","12","0","KOSDAQ","0.59","19.16","","19.05"
"A191420","테고사이언스","12","0","KOSDAQ","-2.21","143.53","","146.77"
"A192080","더블유게임즈","12","1","KOSPI","1.56","1122.09","","1104.89"
"A192250","케이사인","12","0","KOSDAQ","1.76","81.84","","80.42"
"A192390","윈하이텍","12","0","KOSDAQ","0.78","28.63","","28.41"
"A192400","쿠쿠홀딩스","12","0","KOSPI","0.31","1137.99","","1134.43"
"A192410","오늘이엔엠","12","0","KOSDAQ","-1.64","39","","39.66"
"A192440","슈피겐코리아","12","0","KOSDAQ","1.32","143.6","","141.73"
"A192650","드림텍","12","0","KOSPI","1.42","443.65","","437.45"
"A192820","코스맥스","12","1","KOSPI","1.93","2394.75","","2349.35"
"A193250","링크드","12","0","KOSDAQ","0.65","29.64","","29.45"
"A194370","제이에스코퍼레이션","12","0","KOSPI","6.23","311.64","","293.36"
"A194480","데브시스터즈","12","0","KOSDAQ","0.19","640.67","","639.45"
"A194700","노바렉스","12","0","KOSDAQ","-3.51","370.97","","384.47"
"A195500","마니커에프앤지","12","0","KOSDAQ","0","45.06","","45.06"
"A195870","해성디에스","12","0","KOSPI","0.23","377.4","","376.55"
"A195940","HK이노엔","12","0","KOSDAQ","-1.92","1301.76","","1327.26"
"A195990","루트K","12","0","KOSDAQ","0.5","57.22","","56.94"
"A196170","알테오젠","12","0","KOSDAQ","0.22","24781.01","","24727.55"
"A196300","HLB펩","12","0","KOSDAQ","-0.38","73.14","","73.42"
"A196450","코아시아씨엠","12","0","KOSDAQ","-1.25","46.72","","47.31"
"A196490","디에이테크놀로지","12","0","KOSDAQ","0","36.25","","36.25"
"A196700","웹스","12","0","KOSDAQ","5.35","20.66","","19.61"
"A197140","디지캡","12","0","KOSDAQ","-0.48","26.87","","27"
"A198080","캐프","12","0","KOSDAQ","-0.66","48.67","","48.99"
"A198440","강동씨앤엘","12","0","KOSDAQ","0.16","76.59","","76.47"
"A198940","한주라이트메탈","12","0","KOSDAQ","0.27","28.84","","28.76"
"A199430","케이엔알시스템","12","0","KOSDAQ","-3.85","138.47","","144.02"
"A199480","뱅크웨어글로벌","12","0","KOSDAQ","0","68.99","","68.99"
"A199550","레이저옵텍","12","0","KOSDAQ","-1.15","94.69","","95.8"
"A199730","바이오인프라","12","0","KOSDAQ","-0.37","26.22","","26.32"
"A199800","툴젠","12","0","KOSDAQ","5.81","296.96","","280.65"
"A199820","제일일렉트릭","12","0","KOSDAQ","1.49","227.09","","223.76"
"A200130","콜마비앤에이치","12","0","KOSDAQ","1.81","463","","454.76"
"A200230","텔콘RF제약","12","0","KOSDAQ","-4.2","40.6","","42.38"
"A200350","아티스트스튜디오","12","0","KOSDAQ","-0.35","86.47","","86.77"
"A200470","에이팩트","12","0","KOSDAQ","0.37","114.17","","113.74"
"A200670","휴메딕스","12","0","KOSDAQ","0.93","606.42","","600.8"
"A200710","에이디테크놀로지","12","0","KOSDAQ","1.35","303.09","","299.06"
"A200780","비씨월드제약","12","0","KOSDAQ","0.35","42.11","","41.96"
"A200880","서연이화","12","0","KOSPI","1.11","319.48","","315.96"
"A201490","미투온","12","0","KOSDAQ","-2.8","179.3","","184.47"
"A203400","에이비온","12","0","KOSDAQ","0.18","162.3","","162.01"
"A203450","유니온바이오메트릭스","12","0","KOSDAQ","-3.07","44.49","","45.9"
"A203650","드림시큐리티","12","0","KOSDAQ","0.78","154.21","","153.01"
"A203690","아크솔루션스","12","0","KOSDAQ","0","76.92","","76.92"
"A204020","그리티","12","0","KOSDAQ","-0.21","47.36","","47.46"
"A204270","제이앤티씨","12","0","KOSDAQ","2.25","1026.81","","1004.25"
"A204320","HL만도","12","1","KOSPI","0.85","1666.98","","1652.89"
"A204610","티쓰리","12","0","KOSDAQ","-3.18","131.21","","135.52"
"A204620","글로벌텍스프리","12","0","KOSDAQ","6.15","357.74","","337.01"
"A204840","지엘팜텍","12","0","KOSDAQ","-0.64","83.93","","84.47"
"A205100","엑셈","12","0","KOSDAQ","-0.48","148.64","","149.36"
"A205470","휴마시스","12","0","KOSDAQ","0.68","171.68","","170.52"
"A205500","넥써쓰","12","0","KOSDAQ","0","182.79","","182.79"
"A206400","베노티앤알","12","0","KOSDAQ","-1.25","88.9","","90.02"
"A206560","덱스터","12","0","KOSDAQ","0.94","136.21","","134.94"
"A206640","바디텍메드","12","0","KOSDAQ","-3.24","336.33","","347.6"
"A206650","유바이오로직스","12","0","KOSDAQ","0.23","488.93","","487.83"
"A207760","미스터블루","12","0","KOSDAQ","-1","131.18","","132.51"
"A207940","삼성바이오로직스","12","1","KOSPI","1.5","72028.09","","70960.48"
"A208140","정다운","12","0","KOSDAQ","0.38","86.61","","86.29"
"A208350","지란지교시큐리티","12","0","KOSDAQ","0.91","24.57","","24.35"
"A208370","셀바스헬스케어","12","0","KOSDAQ","-0.25","100.9","","101.16"
"A208640","썸에이지","12","0","KOSDAQ","-1.09","76.03","","76.86"
"A208710","포톤","12","0","KOSDAQ","0","27.61","","27.61"
"A208860","다산디엠씨","12","0","KOSDAQ","0.48","64.44","","64.13"
"A209640","와이제이링크","12","0","KOSDAQ","1.86","108.94","","106.95"
"A210120","캔버스엔","12","0","KOSDAQ","-3.27","25.82","","26.7"
"A210540","디와이파워","12","0","KOSPI","-1.38","134.16","","136.03"
"A210980","SK디앤디","12","0","KOSPI","-0.6","185.06","","186.17"
"A211050","인카금융서비스","12","0","KOSDAQ","1.88","613.99","","602.69"
"A211270","AP위성","12","0","KOSDAQ","-1.16","179.63","","181.74"
"A212560","네오오토","12","0","KOSDAQ","2.17","66.62","","65.2"
"A212710","아이에스티이","12","0","KOSDAQ","-2.47","76.88","","78.83"
"A213420","덕산네오룩스","12","0","KOSDAQ","1.31","1150.93","","1136.03"
"A213500","한솔제지","12","0","KOSPI","0.47","204.21","","203.26"
"A214150","클래시스","12","0","KOSDAQ","-1.13","3425.95","","3465.25"
"A214180","헥토이노베이션","12","0","KOSDAQ","0.46","199.76","","198.84"
"A214260","라파스","12","0","KOSDAQ","-0.78","124.83","","125.81"
"A214270","FSN","12","0","KOSDAQ","-1.51","113.81","","115.56"
"A214320","이노션","12","0","KOSPI","-0.81","736","","742"
"A214330","금호에이치티","12","0","KOSPI","5.54","132.95","","125.98"
"A214370","케어젠","12","0","KOSDAQ","-0.38","2836.15","","2846.89"
"A214390","경보제약","12","0","KOSPI","1.03","117.26","","116.07"
"A214420","토니모리","12","0","KOSPI","2.25","240.55","","235.26"
"A214430","아이쓰리시스템","12","0","KOSDAQ","-0.81","607.63","","612.6"
"A214450","파마리서치","12","0","KOSDAQ","-5.04","6462.36","","6805.22"
"A214610","롤링스톤","12","0","KOSDAQ","3.72","40.95","","39.49"
"A214680","디알텍","12","0","KOSDAQ","-1.62","144.24","","146.61"
"A215000","골프존","12","0","KOSDAQ","0.48","391.59","","389.7"
"A215090","솔디펜스","12","0","KOSDAQ","-1.71","86.49","","87.99"
"A215100","로보로보","12","0","KOSDAQ","-1.71","99.2","","100.93"
"A215200","메가스터디교육","12","0","KOSDAQ","0","493.31","","493.31"
"A215360","우리산업","12","0","KOSDAQ","0.71","77.71","","77.17"
"A215380","콜마바이오텍","12","0","KOSDAQ","4.08","28.36","","27.25"
"A215480","토박스코리아","12","0","KOSDAQ","-0.44","20.7","","20.79"
"A215600","신라젠","12","0","KOSDAQ","0.35","401.27","","399.89"
"A215790","이노인스트루먼트","12","0","KOSDAQ","0.45","17.89","","17.81"
"A216050","인크로스","12","0","KOSDAQ","-0.91","98.12","","99.02"
"A216080","제테마","12","0","KOSDAQ","-0.83","214.08","","215.87"
"A217190","제너셈","12","0","KOSDAQ","1.05","67.52","","66.82"
"A217270","넵튠","12","0","KOSDAQ","0.65","287.89","","286.02"
"A217330","싸이토젠","12","0","KOSDAQ","0.19","61.64","","61.52"
"A217480","에스디생명공학","12","0","KOSDAQ","0","54.76","","54.76"
"A217500","러셀","12","0","KOSDAQ","0.87","73.96","","73.33"
"A217590","티엠씨","12","0","외감","","","",""
"A217730","강스템바이오텍","12","0","KOSDAQ","2.38","70.07","","68.44"
"A217820","원익피앤이","12","0","KOSDAQ","-1.13","124.09","","125.52"
"A218150","미래생명자원","12","0","KOSDAQ","0.44","70.64","","70.33"
"A218410","RFHIC","12","0","KOSDAQ","0.8","666.56","","661.26"
"A219130","타이거일렉","12","0","KOSDAQ","-0.51","111.64","","112.2"
"A219420","링크제니시스","12","0","KOSDAQ","-0.79","57.35","","57.81"
"A219550","디와이디","12","0","KOSDAQ","-4.08","41.16","","42.91"
"A219750","한국비티비","12","0","KOSDAQ","0.09","72.43","","72.36"
"A220100","퓨쳐켐","12","0","KOSDAQ","4.63","444.25","","424.58"
"A220180","폴라리스AI핸디","12","0","KOSDAQ","-0.93","51.82","","52.3"
"A220260","켐트로스","12","0","KOSDAQ","1.43","103.58","","102.12"
"A221800","지구홀딩스","12","0","KOSDAQ","-0.48","34.93","","35.1"
"A221840","하이즈항공","12","0","KOSDAQ","0.42","44.41","","44.23"
"A221980","케이디켐","12","0","KOSDAQ","-0.8","45.03","","45.39"
"A222040","코스맥스엔비티","12","0","KOSDAQ","-4.81","69.41","","72.92"
"A222080","SFA넥셀","12","0","KOSDAQ","1.35","523.03","","516.07"
"A222110","팬젠","12","0","KOSDAQ","0","82.04","","82.04"
"A222160","NPX","12","0","KOSDAQ","0","79.55","","79.55"
"A222420","쎄노텍","12","0","KOSDAQ","0.12","36.78","","36.73"
"A222800","심텍","12","0","KOSDAQ","0.61","807.2","","802.28"
"A222980","한국맥널티","12","0","KOSDAQ","0","39.77","","39.77"
"A223250","드림씨아이에스","12","0","KOSDAQ","0.86","83.3","","82.58"
"A223310","사토시홀딩스","12","0","KOSDAQ","-3.88","75.73","","78.78"
"A224060","더코디","12","0","KOSDAQ","0","14.99","","14.99"
"A224110","에이텍모빌리티","12","0","KOSDAQ","-0.28","57.03","","57.19"
"A225190","LK삼양","12","0","KOSDAQ","1.37","78.96","","77.9"
"A225220","제놀루션","12","0","KOSDAQ","2.26","47.69","","46.63"
"A225430","케이엠제약","12","0","KOSDAQ","1.63","19.1","","18.8"
"A225530","HC보광산업","12","0","KOSDAQ","-0.44","124.46","","125.01"
"A225570","넥슨게임즈","12","0","KOSDAQ","0.07","913.48","","912.82"
"A225590","패션플랫폼","12","0","KOSDAQ","-0.11","23.44","","23.47"
"A226320","잇츠한불","12","0","KOSPI","-2.41","266.66","","273.24"
"A226330","신테카바이오","12","0","KOSDAQ","0.89","86.36","","85.6"
"A226340","본느","12","0","KOSDAQ","-0.49","33.94","","34.11"
"A226400","오스테오닉","12","0","KOSDAQ","0","158.47","","158.47"
"A226590","엠디바이스","12","0","KOSDAQ","-4.9","115.45","","121.4"
"A226950","올릭스","12","0","KOSDAQ","6.81","1640.71","","1536.15"
"A227100","프로브잇","12","0","KOSDAQ","0","14.77","","14.77"
"A227610","아우딘퓨쳐스","12","0","KOSDAQ","-1.09","35.62","","36.01"
"A227840","현대코퍼레이션홀딩스","12","0","KOSPI","-0.58","109.67","","110.3"
"A227950","엔투텍","12","0","KOSDAQ","-0.64","80.06","","80.58"
"A228340","동양파일","12","0","KOSDAQ","1.16","38.22","","37.78"
"A228670","레이","12","0","KOSDAQ","-1.16","92.68","","93.77"
"A228760","지노믹트리","12","0","KOSDAQ","4.93","519.22","","494.85"
"A228850","레이언스","12","0","KOSDAQ","-1.33","98.38","","99.71"
"A229000","젠큐릭스","12","0","KOSDAQ","0.56","25.82","","25.68"
"A229640","LS에코에너지","12","0","KOSPI","1.43","1192.84","","1176"
"A230240","에치에프알","12","0","KOSDAQ","-0.86","214.01","","215.87"
"A230360","에코마케팅","12","0","KOSDAQ","-0.31","402.79","","404.05"
"A232140","와이씨","12","0","KOSDAQ","0.77","858.19","","851.63"
"A232680","라온로보틱스","12","0","KOSDAQ","-1.55","95.76","","97.27"
"A232830","아이티센피엔에스","12","0","KOSDAQ","2.37","27.86","","27.22"
"A234030","싸이닉솔루션","12","0","KOSDAQ","0.66","178.69","","177.51"
"A234080","JW생명과학","12","0","KOSPI","1.31","184.16","","181.78"
"A234100","폴라리스세원","12","0","KOSDAQ","0.33","86.34","","86.06"
"A234300","에스트래픽","12","0","KOSDAQ","-0.78","104.71","","105.54"
"A234340","헥토파이낸셜","12","0","KOSDAQ","-0.13","213.61","","213.89"
"A234690","녹십자웰빙","12","0","KOSDAQ","2.26","160.48","","156.93"
"A234920","자이글","12","0","KOSDAQ","0","70.09","","70.09"
"A235980","메드팩토","12","0","KOSDAQ","2.48","148.58","","144.98"
"A236200","슈프리마","12","0","KOSDAQ","2.86","235.14","","228.6"
"A236810","엔비티","12","0","KOSDAQ","-1.42","53.22","","53.98"
"A237690","에스티팜","12","0","KOSDAQ","3.13","1989.09","","1928.63"
"A237750","피앤씨테크","12","0","KOSDAQ","1.19","30.5","","30.14"
"A237820","플레이디","12","0","KOSDAQ","0.6","64.78","","64.39"
"A237880","클리오","12","0","KOSDAQ","-0.71","251.01","","252.82"
"A238090","앤디포스","12","0","KOSDAQ","3.68","44.4","","42.82"
"A238120","얼라인드","12","0","KOSDAQ","0.3","47.31","","47.16"
"A238200","비피도","12","0","KOSDAQ","-2.17","33.21","","33.95"
"A238490","힘스","12","0","KOSDAQ","0.77","44.63","","44.29"
"A239340","이스트에이드","12","0","KOSDAQ","-2.05","57.87","","59.09"
"A239610","에이치엘사이언스","12","0","KOSDAQ","0.63","60.39","","60.01"
"A239890","피엔에이치테크","12","0","KOSDAQ","0","58.92","","58.92"
"A240550","동방메디컬","12","0","KOSDAQ","-0.49","210.81","","211.85"
"A240600","유진테크놀로지","12","0","KOSDAQ","0.11","31.59","","31.56"
"A240810","원익IPS","12","0","KOSDAQ","-0.39","1872.55","","1879.91"
"A241520","DSC인베스트먼트","12","0","KOSDAQ","-0.16","171.45","","171.72"
"A241560","두산밥캣","12","1","KOSPI","-0.19","5051.61","","5061.2"
"A241590","화승엔터프라이즈","12","0","KOSPI","0.3","411.4","","410.19"
"A241690","유니테크노","12","0","KOSDAQ","-2.67","80.39","","82.59"
"A241710","코스메카코리아","12","0","KOSDAQ","-0.17","624.78","","625.85"
"A241770","메카로","12","0","KOSDAQ","-1.63","123.33","","125.37"
"A241790","티이엠씨씨엔에스","12","0","KOSDAQ","2.21","69.42","","67.92"
"A241820","피씨엘","12","0","KOSDAQ","0","17.87","","17.87"
"A241840","에이스토리","12","0","KOSDAQ","-1.56","84.24","","85.57"
"A242040","나무에이엑스","12","0","KOSDAQ","-0.71","48.28","","48.62"
"A243070","휴온스","12","0","KOSDAQ","-0.48","370.17","","371.97"
"A243840","신흥에스이씨","12","0","KOSDAQ","4","175.63","","168.89"
"A244460","올리패스","12","0","KOSDAQ","0","8.98","","8.98"
"A244920","에이플러스에셋","12","0","KOSPI","0.57","159.61","","158.71"
"A245620","EDGC","12","0","KOSDAQ","0","57.47","","57.47"
"A246250","에스엘에스바이오","12","0","KOSDAQ","0","30.22","","30.22"
"A246690","TS인베스트먼트","12","0","KOSDAQ","-1.08","57.03","","57.65"
"A246710","티앤알바이오팹","12","0","KOSDAQ","3.13","60.44","","58.61"
"A246720","아스타","12","0","KOSDAQ","-1.67","85.65","","87.11"
"A246960","SCL사이언스","12","0","KOSDAQ","3.81","87.99","","84.76"
"A247540","에코프로비엠","12","0","KOSDAQ","-1.17","11569.9","","11706.82"
"A247660","나노씨엠에스","12","0","KOSDAQ","0.2","21.37","","21.33"
"A248070","솔루엠","12","0","KOSPI","3.06","822.44","","798.05"
"A248170","샘표식품","12","0","KOSPI","-0.38","119","","119.46"
"A249420","일동제약","12","0","KOSPI","0","707.1","","707.1"
"A250000","보라티알","12","0","KOSDAQ","0.21","62.98","","62.85"
"A250060","모비스","12","0","KOSDAQ","-2.2","92.81","","94.91"
"A250930","예선테크","12","0","KOSDAQ","29.81","18.25","","14.06"
"A251120","바이오에프디엔씨","12","0","KOSDAQ","0.05","159.48","","159.39"
"A251270","넷마블","12","1","KOSPI","0.85","5105.64","","5062.66"
"A251370","와이엠티","12","0","KOSDAQ","0.39","167.06","","166.41"
"A251630","브이원텍","12","0","KOSDAQ","0.36","88.96","","88.64"
"A251970","펌텍코리아","12","0","KOSDAQ","-3.47","758.88","","786.16"
"A252500","세화피앤씨","12","0","KOSDAQ","1.09","34.6","","34.23"
"A252990","샘씨엔에스","12","0","KOSDAQ","0","277.34","","277.34"
"A253450","스튜디오드래곤","12","0","KOSDAQ","-5.28","1294.02","","1366.16"
"A253590","네오셈","12","0","KOSDAQ","0.91","339.99","","336.92"
"A253840","수젠텍","12","0","KOSDAQ","0.86","117.54","","116.53"
"A254120","자비스","12","0","KOSDAQ","0.29","43.27","","43.15"
"A254490","미래반도체","12","0","KOSDAQ","-0.19","232.45","","232.88"
"A255220","SG","12","0","KOSDAQ","-0.68","217.58","","219.06"
"A255440","야스","12","0","KOSDAQ","0","106.81","","106.81"
"A256150","한독크린텍","12","0","KOSDAQ","0","49.61","","49.61"
"A256630","포인트엔지니어링","12","0","KOSDAQ","0.35","67.39","","67.16"
"A256840","한국비엔씨","12","0","KOSDAQ","3.07","333.43","","323.51"
"A256940","킵스파마","12","0","KOSDAQ","5.16","237.12","","225.48"
"A257370","피엔티엠에스","12","0","KOSDAQ","-0.78","39.83","","40.14"
"A257720","실리콘투","12","0","KOSDAQ","-2.06","2612.04","","2667.1"
"A258610","케일럼","12","0","KOSDAQ","3.7","56.25","","54.24"
"A258790","소프트캠프","12","0","KOSDAQ","-1.25","25.72","","26.04"
"A258830","세종메디칼","12","0","KOSDAQ","0","22.98","","22.98"
"A259630","엠플러스","12","0","KOSDAQ","-2.15","138.6","","141.64"
"A259960","크래프톤","12","1","KOSPI","-0.3","15592.37","","15639.76"
"A260660","알리코제약","12","0","KOSDAQ","-0.47","65.52","","65.83"
"A260930","씨티케이","12","0","KOSDAQ","-1.14","100.58","","101.74"
"A260970","에스앤디","12","0","KOSDAQ","-1.44","356.68","","361.88"
"A261200","덴티스","12","0","KOSDAQ","0.17","91.06","","90.91"
"A261520","이지스","12","0","외감","","","",""
"A261780","아리바이오랩","12","0","KOSDAQ","0.91","74.15","","73.48"
"A262260","에이프로","12","0","KOSDAQ","4.96","85.8","","81.75"
"A262840","아이퀘스트","12","0","KOSDAQ","-0.46","45.54","","45.75"
"A263020","디케이앤디","12","0","KOSDAQ","0","44.08","","44.08"
"A263050","유틸렉스","12","0","KOSDAQ","1.24","57.32","","56.62"
"A263600","덕우전자","12","0","KOSDAQ","0.52","76.7","","76.31"
"A263690","디알젬","12","0","KOSDAQ","0.66","69.43","","68.97"
"A263700","케어랩스","12","0","KOSDAQ","0","101.73","","101.73"
"A263720","디앤씨미디어","12","0","KOSDAQ","0.32","198.64","","198.01"
"A263750","펄어비스","12","0","KOSDAQ","1.69","2120.18","","2084.84"
"A263770","유에스티","12","0","KOSDAQ","0","48.94","","48.94"
"A263800","데이타솔루션","12","0","KOSDAQ","-0.4","80.3","","80.63"
"A263810","상신전자","12","0","KOSDAQ","0.69","46.74","","46.42"
"A263860","지니언스","12","0","KOSDAQ","1.76","178.41","","175.33"
"A263920","휴엠앤씨","12","0","KOSDAQ","-3.84","44.19","","45.96"
"A264450","유비쿼스","12","0","KOSDAQ","-0.22","134.12","","134.41"
"A264660","씨앤지하이테크","12","0","KOSDAQ","-0.64","120.06","","120.83"
"A264850","이랜시스","12","0","KOSDAQ","-2.12","146.78","","149.96"
"A264900","크라운제과","12","0","KOSPI","0","117.35","","117.35"
"A265520","AP시스템","12","0","KOSDAQ","0.75","265.29","","263.3"
"A265560","영화테크","12","0","KOSDAQ","-0.68","77.82","","78.36"
"A265740","엔에프씨","12","0","KOSDAQ","-3.27","58.06","","60.02"
"A267250","HD현대","12","1","KOSPI","0.15","10774.66","","10758.86"
"A267260","HD현대일렉트릭","12","1","KOSPI","1.31","18059.61","","17825.31"
"A267270","HD건설기계","12","0","KOSPI","0.34","1520.53","","1515.32"
"A267290","경동도시가스","12","0","KOSPI","-0.5","118.2","","118.79"
"A267320","나인테크","12","0","KOSDAQ","-0.15","187.1","","187.38"
"A267790","배럴","12","0","KOSDAQ","2.28","31.83","","31.12"
"A267850","아시아나IDT","12","0","KOSPI","-0.09","128.21","","128.32"
"A267980","매일유업","12","0","KOSDAQ","0.7","283.55","","281.59"
"A268280","미원에스씨","12","1","KOSPI","-0.58","689","","693"
"A269620","시스웍","12","0","KOSDAQ","0","132.09","","132.09"
"A270520","앱튼","12","0","KOSDAQ","3.45","215.07","","207.91"
"A270660","에브리봇","12","0","KOSDAQ","-1.92","200.98","","204.91"
"A270870","뉴트리","12","0","KOSDAQ","0.38","48.85","","48.67"
"A271560","오리온","12","1","KOSPI","0.46","4277.81","","4258.04"
"A271830","팸텍","12","0","KOSDAQ","1.34","55.82","","55.09"
"A271940","일진하이솔루스","12","0","KOSPI","3.63","653.64","","630.76"
"A271980","제일약품","12","0","KOSPI","0.31","191.16","","190.58"
"A272110","케이엔제이","12","0","KOSDAQ","2.99","129.85","","126.08"
"A272210","한화시스템","12","1","KOSPI","-2.39","10031.62","","10277.21"
"A272290","이녹스첨단소재","12","0","KOSDAQ","2.38","478.38","","467.26"
"A272450","진에어","12","0","KOSPI","-0.96","432.74","","436.91"
"A272550","삼양패키징","12","0","KOSPI","-0.23","200.68","","201.14"
"A273060","와이즈버즈","12","0","KOSDAQ","-1.22","53.23","","53.89"
"A273640","와이엠텍","12","0","KOSDAQ","1.59","98.26","","96.72"
"A274090","켄코아에어로스페이스","12","0","KOSDAQ","1.4","142.84","","140.88"
"A274400","이노시뮬레이션","12","0","KOSDAQ","0.67","41.25","","40.98"
"A275630","에스에스알","12","0","KOSDAQ","0","19.89","","19.89"
"A276040","스코넥","12","0","KOSDAQ","-1.69","36.58","","37.2"
"A276730","한울앤제주","12","0","KOSDAQ","3.43","35.43","","34.26"
"A277070","린드먼아시아","12","0","KOSDAQ","0.37","74.48","","74.21"
"A277410","인산가","12","0","KOSDAQ","0.08","47.63","","47.59"
"A277810","레인보우로보틱스","12","0","KOSDAQ","0","5344.66","","5344.66"
"A277880","티에스아이","12","0","KOSDAQ","0","108.91","","108.91"
"A278280","천보","12","0","KOSDAQ","0.49","411","","409"
"A278470","에이피알","12","1","KOSPI","-3.64","7935.3","","8234.74"
"A278650","HLB바이오스텝","12","0","KOSDAQ","0.78","112.85","","111.98"
"A279570","케이뱅크","12","0","외감","","","",""
"A279600","미디어젠","12","0","KOSDAQ","-1.54","51.06","","51.86"
"A280360","롯데웰푸드","12","1","KOSPI","-0.78","1060.72","","1069.1"
"A281740","레이크머티리얼즈","12","0","KOSDAQ","0","773.65","","773.65"
"A281820","케이씨텍","12","0","KOSPI","-0.32","649.68","","651.75"
"A282330","BGF리테일","12","1","KOSPI","-0.89","1915.06","","1932.34"
"A282720","금양그린파워","12","0","KOSDAQ","-0.67","108.47","","109.2"
"A282880","코윈테크","12","0","KOSDAQ","2.67","145.43","","141.65"
"A284620","카이노스메드","12","0","KOSDAQ","0","35.97","","35.97"
"A284740","쿠쿠홈시스","12","0","KOSPI","-0.38","592.35","","594.59"
"A285130","SK케미칼","12","1","KOSPI","-0.51","1004.17","","1009.35"
"A285490","노바텍","12","0","KOSDAQ","0.46","206.97","","206.02"
"A285800","진영","12","0","KOSDAQ","-0.35","34.71","","34.83"
"A286750","나노실리칸첨단소재","12","0","KOSDAQ","0.91","48.55","","48.12"
"A286940","롯데이노베이트","12","0","KOSPI","-1.2","311.66","","315.45"
"A287840","인투셀","12","0","KOSDAQ","4.06","475.87","","457.31"
"A288180","케이피항공산업","12","0","외감","","","",""
"A288330","파라택시스코리아","12","0","KOSDAQ","2.18","193.8","","189.66"
"A288620","에스프리즘","12","0","KOSDAQ","0.17","80.96","","80.82"
"A288980","모아데이타","12","0","KOSDAQ","-0.46","37.46","","37.63"
"A289010","아이스크림에듀","12","0","KOSDAQ","0.22","25.44","","25.38"
"A289080","SV인베스트먼트","3","0","KOSDAQ","-0.29","94.47","","94.74"
"A289220","자이언트스텝","12","0","KOSDAQ","0.51","131.2","","130.53"
"A289930","웨이비스","12","0","KOSDAQ","3.37","107.54","","104.04"
"A290090","트윔","12","0","KOSDAQ","-0.84","61.46","","61.98"
"A290120","DH오토리드","12","0","KOSDAQ","1.28","37.5","","37.03"
"A290270","휴네시온","12","0","KOSDAQ","-0.95","34.88","","35.21"
"A290520","신도기연","12","0","KOSDAQ","-0.44","25.3","","25.41"
"A290550","디케이티","12","0","KOSDAQ","-1.32","164.21","","166.41"
"A290560","파라택시스이더리움","12","0","KOSDAQ","-0.99","25.98","","26.24"
"A290650","엘앤씨바이오","12","0","KOSDAQ","1.32","755.8","","745.95"
"A290660","다이나믹솔루션","12","0","KOSDAQ","1.17","58.39","","57.71"
"A290670","대보마그네틱","12","0","KOSDAQ","-0.06","122.19","","122.27"
"A290690","아리바이오홀딩스","12","0","KOSDAQ","1.75","241.26","","237.12"
"A290720","푸드나무","12","0","KOSDAQ","-2.1","61.56","","62.88"
"A290740","액트로","12","0","KOSDAQ","1.9","54.05","","53.04"
"A291230","엔피","12","0","KOSDAQ","0.07","62.75","","62.7"
"A291650","압타머사이언스","12","0","KOSDAQ","3.35","36.16","","34.99"
"A291810","핀텔","12","0","KOSDAQ","-0.68","24.78","","24.95"
"A293480","하나제약","12","0","KOSPI","-0.34","209.54","","210.25"
"A293490","카카오게임즈","12","0","KOSDAQ","0","1301","","1301"
"A293580","나우IB","12","0","KOSDAQ","-0.41","116.29","","116.76"
"A293780","압타바이오","12","0","KOSDAQ","1.57","208.6","","205.37"
"A294090","이오플로우","12","0","KOSDAQ","0","52.27","","52.27"
"A294140","레몬","12","0","KOSDAQ","-2.32","113.19","","115.88"
"A294570","쿠콘","12","0","KOSDAQ","1.92","354.3","","347.63"
"A294630","서남","12","0","KOSDAQ","7.43","78.59","","73.16"
"A294870","IPARK현대산업개발","12","0","KOSPI","-0.36","1295.08","","1299.69"
"A295310","에이치브이엠","12","0","KOSDAQ","-1.5","312.43","","317.19"
"A296640","이노에이엑스","12","0","KOSDAQ","-0.16","32.67","","32.73"
"A297090","씨에스베어링","12","0","KOSDAQ","0.3","184.07","","183.53"
"A297570","아틀라스링크","12","0","KOSDAQ","-1.28","26.73","","27.07"
"A297890","HB솔루션","12","0","KOSDAQ","1.61","161.64","","159.08"
"A298000","효성화학","12","0","KOSPI","0","147.5","","147.5"
"A298020","효성티앤씨","12","1","KOSPI","0.23","936.94","","934.78"
"A298040","효성중공업","12","1","KOSPI","2.03","11730.28","","11497.17"
"A298050","HS효성첨단소재","12","1","KOSPI","0.16","849.4","","848.05"
"A298060","풍전약품","12","0","KOSDAQ","14.3","43.85","","38.36"
"A298380","에이비엘바이오","12","0","KOSDAQ","4.19","5288.33","","5075.48"
"A298540","더네이쳐홀딩스","12","0","KOSDAQ","0.09","158.43","","158.28"
"A298690","에어부산","12","0","KOSPI","-0.05","230.71","","230.83"
"A298830","슈어소프트테크","12","0","KOSDAQ","2.12","253.36","","248.1"
"A299030","하나기술","12","0","KOSDAQ","3.36","184.28","","178.29"
"A299170","더블유에스아이","12","0","KOSDAQ","1.31","58.18","","57.42"
"A299660","셀리드","12","0","KOSDAQ","2.59","116.98","","114.03"
"A299900","위지윅스튜디오","12","0","KOSDAQ","1.16","148.64","","146.93"
"A300080","플리토","12","0","KOSDAQ","1.24","189.15","","186.84"
"A300120","라온피플","12","0","KOSDAQ","0.41","76.66","","76.35"
"A300720","한일시멘트","12","1","KOSPI","-1.25","1309.04","","1325.67"
"A301300","바이브컴퍼니","12","0","KOSDAQ","-4.32","59.79","","62.48"
"A302430","이노메트리","12","0","KOSDAQ","-1.1","70.41","","71.19"
"A302440","SK바이오사이언스","12","1","KOSPI","4.69","3851.84","","3679.43"
"A302550","리메드","12","0","KOSDAQ","0.31","102.52","","102.2"
"A303030","지니틱스","12","0","KOSDAQ","-1.65","33.11","","33.66"
"A303360","프로티아","12","0","KOSDAQ","-1.51","62.97","","63.94"
"A303530","이노뎁","12","0","KOSDAQ","-0.16","45.8","","45.87"
"A303810","동국생명과학","12","0","KOSDAQ","5.46","135.93","","128.9"
"A304100","솔트룩스","12","0","KOSDAQ","-3.67","366.49","","380.45"
"A304360","에스바이오메딕스","12","0","KOSDAQ","0.11","222.85","","222.61"
"A304840","피플바이오","12","0","KOSDAQ","4.8","34.73","","33.14"
"A305090","마이크로디지탈","12","0","KOSDAQ","1.45","202.95","","200.05"
"A306040","에스제이그룹","12","0","KOSDAQ","-0.49","40.25","","40.45"
"A306200","세아제강","12","0","KOSPI","0.83","376.94","","373.82"
"A306620","지아이에스","12","0","KOSDAQ","2.28","86.7","","84.76"
"A307180","아이엘","12","0","KOSDAQ","-0.99","71.3","","72.01"
"A307280","원바이오젠","12","0","KOSDAQ","2.4","41.02","","40.06"
"A307750","국전","12","0","KOSDAQ","1.14","199.36","","197.12"
"A307870","비투엔","12","0","KOSDAQ","1.93","70.18","","68.85"
"A307930","컴퍼니케이","12","0","KOSDAQ","0","97.09","","97.09"
"A307950","현대오토에버","12","0","KOSPI","0.42","4590.77","","4571.58"
"A308080","바이젠셀","12","0","KOSDAQ","-1.81","77.6","","79.04"
"A308100","형지글로벌","12","0","KOSDAQ","0.26","46.24","","46.12"
"A308170","씨티알모빌리티","12","0","KOSPI","0.58","44.51","","44.26"
"A308430","셀비온","12","0","KOSDAQ","2.66","346.11","","337.14"
"A309710","아이티켐","12","0","KOSDAQ","4.79","250.28","","238.83"
"A309930","조이웍스앤코","12","0","KOSDAQ","-3.44","65.38","","67.71"
"A309960","LB인베스트먼트","12","0","KOSDAQ","0","113.53","","113.53"
"A310200","애니플러스","12","0","KOSDAQ","0.35","223.9","","223.13"
"A310210","보로노이","12","0","KOSDAQ","10.3","2521.46","","2286.05"
"A310870","디와이씨","12","0","KOSDAQ","-2.83","26.29","","27.06"
"A311320","지오엘리먼트","12","0","KOSDAQ","1.58","81.24","","79.98"
"A311390","네오크레마","12","0","KOSDAQ","-11.23","122.99","","138.56"
"A311690","CJ 바이오사이언스","12","0","KOSDAQ","0","131.57","","131.57"
"A312610","에이에프더블류","12","0","KOSDAQ","-1.15","27.83","","28.16"
"A313760","캐리","12","0","KOSDAQ","0.63","35.53","","35.3"
"A314130","지놈앤컴퍼니","12","0","KOSDAQ","-0.93","82.38","","83.15"
"A314140","알피바이오","12","0","KOSDAQ","-1.44","53.38","","54.16"
"A314930","바이오다인","12","0","KOSDAQ","1.07","421.16","","416.7"
"A315640","딥노이드","12","0","KOSDAQ","2.69","128.91","","125.53"
"A316140","우리금융지주","12","1","KOSPI","0","18379.14","","18379.14"
"A317120","라닉스","12","0","KOSDAQ","1.05","23.47","","23.23"
"A317240","TS트릴리온","12","0","KOSDAQ","-2.23","23.49","","24.02"
"A317330","덕산테코피아","12","0","KOSDAQ","-0.33","375.75","","376.97"
"A317400","자이에스앤디","12","0","KOSPI","-0.45","130.12","","130.7"
"A317450","명인제약","12","0","외감","","","",""
"A317530","에피소드컴퍼니","12","0","KOSDAQ","2.94","43.97","","42.72"
"A317690","퀀타매트릭스","12","0","KOSDAQ","12.87","96.45","","85.46"
"A317770","엑스페릭스","12","0","KOSDAQ","3.31","124.11","","120.14"
"A317830","에스피시스템스","12","0","KOSDAQ","-4.58","96.43","","101.06"
"A317850","대모","12","0","KOSDAQ","1.1","61.35","","60.69"
"A317870","엔바이오니아","12","0","KOSDAQ","2.15","113.5","","111.1"
"A318000","KBG","12","0","KOSDAQ","0.31","42.7","","42.56"
"A318010","팜스빌","12","0","KOSDAQ","0.76","31.68","","31.44"
"A318020","포인트모바일","12","0","KOSDAQ","-2.89","55.33","","56.98"
"A318060","그래피","12","0","KOSDAQ","-1.45","104.98","","106.52"
"A318160","셀바이오휴먼텍","12","0","KOSDAQ","-4.81","89.83","","94.37"
"A318410","비비씨","12","0","KOSDAQ","3.78","50.33","","48.5"
"A319400","현대무벡스","12","0","KOSDAQ","7.11","721.72","","673.83"
"A319660","피에스케이","12","0","KOSDAQ","-0.43","667.68","","670.58"
"A320000","한울반도체","12","0","KOSDAQ","2.74","72.7","","70.76"
"A321260","프로이천","12","0","KOSDAQ","0.46","61.74","","61.46"
"A321370","센서뷰","12","0","KOSDAQ","0.39","56.61","","56.39"
"A321550","티움바이오","12","0","KOSDAQ","2.71","143.92","","140.13"
"A321820","아티스트컴퍼니","12","0","KOSDAQ","-1.03","90.12","","91.05"
"A322000","HD현대에너지솔루션","12","0","KOSPI","1.05","486.08","","481.04"
"A322180","LS티라유텍","12","0","KOSDAQ","-2.37","111.93","","114.65"
"A322310","오로스테크놀로지","12","0","KOSDAQ","-0.24","192.01","","192.48"
"A322510","제이엘케이","12","0","KOSDAQ","0.82","157","","155.73"
"A322780","코퍼스코리아","12","0","KOSDAQ","-7.44","54.89","","59.31"
"A323280","태성","12","0","KOSDAQ","1.7","821.99","","808.27"
"A323350","다원넥스뷰","12","0","KOSDAQ","-1.39","51.27","","51.99"
"A323410","카카오뱅크","12","1","KOSPI","-1.65","11376.22","","11567.02"
"A323990","박셀바이오","12","0","KOSDAQ","1.46","210.01","","206.99"
"A326030","SK바이오팜","12","1","KOSPI","4.69","8222.89","","7854.82"
"A327260","RF머트리얼즈","12","0","KOSDAQ","0.73","58.36","","57.94"
"A328130","루닛","12","0","KOSDAQ","-1.74","1156.5","","1176.94"
"A328380","솔트웨어","12","0","KOSDAQ","-0.4","33.99","","34.13"
"A329180","HD현대중공업","12","1","KOSPI","-1.75","44830.42","","45629.38"
"A330350","위더스제약","12","0","KOSDAQ","-2.04","95.06","","97.04"
"A330730","스톤브릿지벤처스","12","0","KOSDAQ","-0.59","76.69","","77.14"
"A330860","네패스아크","12","0","KOSDAQ","-1.09","177.4","","179.35"
"A331380","포커스에이아이","12","0","KOSDAQ","-0.99","48.72","","49.21"
"A331520","밸로프","12","0","KOSDAQ","-1.49","30.26","","30.72"
"A331740","아우토크립트","12","0","KOSDAQ","4.05","141.16","","135.67"
"A331920","셀레믹스","12","0","KOSDAQ","0.85","24.25","","24.04"
"A332290","누보","12","0","KOSDAQ","-1.66","43.63","","44.37"
"A332370","아이디피","12","0","KOSDAQ","0.19","70.48","","70.35"
"A332570","PS일렉트로닉스","12","0","KOSDAQ","-4.94","191.37","","201.31"
"A333050","이노테나","12","0","KOSDAQ","0.28","35","","34.9"
"A333430","일승","12","0","KOSDAQ","-2.91","184.36","","189.89"
"A333620","엔시스","12","0","KOSDAQ","-0.98","74.74","","75.48"
"A334970","프레스티지바이오로직스","6","0","KOSDAQ","4.14","283.41","","272.13"
"A335810","프리시젼바이오","12","0","KOSDAQ","-0.83","34.5","","34.79"
"A335870","윙스풋","12","0","KOSDAQ","2.99","40.37","","39.2"
"A336060","웨이버스","12","0","KOSDAQ","2.55","54.27","","52.92"
"A336260","두산퓨얼셀","12","0","KOSPI","-2.7","1653.72","","1699.56"
"A336370","솔루스첨단소재","12","0","KOSPI","1.76","527.33","","518.2"
"A336570","원텍","12","0","KOSDAQ","-2.6","876.3","","899.69"
"A336680","탑런토탈솔루션","12","0","KOSDAQ","0.86","159.91","","158.54"
"A337930","젝시믹스","12","0","KOSDAQ","2.07","161.96","","158.67"
"A338220","뷰노","12","0","KOSDAQ","-2.21","309.44","","316.44"
"A338840","와이바이오로직스","12","0","KOSDAQ","2.15","192.1","","188.06"
"A339770","교촌에프앤비","12","0","KOSPI","-1.25","236.83","","239.83"
"A339950","아이비김영","12","0","KOSDAQ","1","91.24","","90.34"
"A340360","다보링크","12","0","KOSDAQ","1.25","71.2","","70.32"
"A340440","세림B&G","12","0","KOSDAQ","-0.65","43.45","","43.73"
"A340450","지씨지놈","12","0","KOSDAQ","4.73","183.29","","175.02"
"A340570","티앤엘","12","0","KOSDAQ","-3.2","417.78","","431.6"
"A340810","시선AI","12","0","KOSDAQ","1.66","43.73","","43.01"
"A340930","성원에너텍","12","0","KOSDAQ","-0.06","56.81","","56.85"
"A342870","오아","12","0","외감","","","",""
"A344820","KCC글라스","12","0","KOSPI","-0.17","467.94","","468.73"
"A344860","이노진","12","0","KOSDAQ","1.44","21.11","","20.81"
"A347000","센코","12","0","KOSDAQ","-3","80.04","","82.51"
"A347700","스피어","12","0","KOSDAQ","-2.06","428.37","","437.4"
"A347740","피엔케이피부임상연구센타","12","0","KOSDAQ","0.32","92.88","","92.58"
"A347770","핌스","12","0","KOSDAQ","0","46.17","","46.17"
"A347850","디앤디파마텍","12","0","KOSDAQ","-0.38","1693.44","","1699.93"
"A347860","알체라","12","0","KOSDAQ","-0.89","108.2","","109.16"
"A347890","엠엑스온","12","0","KOSDAQ","-4.44","101.99","","106.72"
"A348030","모비릭스","12","0","KOSDAQ","0","38.56","","38.56"
"A348080","큐라티스","12","0","KOSDAQ","-2.68","75.12","","77.19"
"A348150","고바이오랩","12","0","KOSDAQ","-3.55","126.61","","131.27"
"A348210","넥스틴","12","0","KOSDAQ","1.57","441.61","","434.8"
"A348340","뉴로메카","12","0","KOSDAQ","1.39","289.97","","286"
"A348350","위드텍","12","0","KOSDAQ","0.24","86.46","","86.26"
"A348370","엔켐","12","0","KOSDAQ","-2.11","1512.06","","1544.65"
"A351320","넥사다이내믹스","12","0","KOSDAQ","-0.2","32.76","","32.83"
"A351330","이삭엔지니어링","12","0","KOSDAQ","-2.73","62","","63.74"
"A351870","차이커뮤니케이션","12","0","KOSDAQ","1.89","72.32","","70.98"
"A352090","스톰테크","12","0","KOSDAQ","-0.41","98.22","","98.62"
"A352480","씨앤씨인터내셔널","12","0","KOSDAQ","-1.09","407.57","","412.07"
"A352700","씨앤투스","12","0","KOSDAQ","-1.52","68.32","","69.37"
"A352770","셀레스트라","12","0","KOSDAQ","0","13.61","","13.61"
"A352820","하이브","12","1","KOSPI","-0.88","11725.07","","11829.2"
"A352910","오비고","12","0","KOSDAQ","0.24","53.71","","53.58"
"A352940","인바이오","12","0","KOSDAQ","0","24.4","","24.4"
"A353190","휴럼","12","0","KOSDAQ","0.13","30.24","","30.2"
"A353200","대덕전자","12","0","KOSPI","-1.48","1148.94","","1166.24"
"A353590","오토앤","12","0","KOSDAQ","-2.21","39.91","","40.82"
"A353810","이지바이오","12","0","KOSDAQ","-0.37","179.97","","180.63"
"A354200","엔젠바이오","12","0","KOSDAQ","-1.41","43.84","","44.47"
"A354320","알멕","12","0","KOSDAQ","0","142.85","","142.85"
"A355150","코스텍시스","12","0","KOSDAQ","6.74","88.89","","83.28"
"A355390","크라우드웍스","12","0","KOSDAQ","-1.33","80.8","","81.89"
"A355690","에이텀","12","0","KOSDAQ","3.16","49.46","","47.94"
"A356680","엑스게이트","12","0","KOSDAQ","0.71","202.66","","201.23"
"A356860","티엘비","12","0","KOSDAQ","2.08","289.08","","283.18"
"A356890","싸이버원","12","0","KOSDAQ","1.91","38.25","","37.54"
"A357230","에이치피오","12","0","KOSDAQ","0.6","106.7","","106.07"
"A357550","석경에이티","12","0","KOSDAQ","-1.29","291.3","","295.12"
"A357580","아모센스","12","0","KOSDAQ","-3.43","98.07","","101.54"
"A357780","솔브레인","12","0","KOSDAQ","-0.98","1571.27","","1586.83"
"A357880","SKAI","12","0","KOSDAQ","0","70.18","","70.18"
"A358570","지아이이노베이션","12","0","KOSDAQ","14.86","1165.61","","1014.81"
"A359090","씨엔알리서치","12","0","KOSDAQ","0.3","56.89","","56.72"
"A360070","탑머티리얼","12","0","KOSDAQ","-0.48","167.35","","168.16"
"A360350","코셈","12","0","KOSDAQ","0.13","43.7","","43.64"
"A361390","제노코","12","0","KOSDAQ","0.37","144.33","","143.8"
"A361570","알비더블유","12","0","KOSDAQ","-1.56","63.38","","64.38"
"A361610","SK아이이테크놀로지","12","1","KOSPI","0.37","2220.52","","2212.34"
"A361670","삼영에스앤씨","12","0","KOSDAQ","0","23.07","","23.07"
"A362320","청담글로벌","12","0","KOSDAQ","2.37","172.62","","168.62"
"A362990","드림인사이트","12","0","KOSDAQ","1.32","38.64","","38.14"
"A363250","진시스템","12","0","KOSDAQ","0.32","33.28","","33.17"
"A363260","모비데이즈","12","0","KOSDAQ","-1.09","58.63","","59.28"
"A363280","티와이홀딩스","12","0","KOSPI","-5.72","149.52","","158.6"
"A364950","에이아이코리아","12","0","KOSDAQ","-4.73","72.12","","75.7"
"A365270","큐라클","12","0","KOSDAQ","0","52.6","","52.6"
"A365330","에스와이스틸텍","12","0","KOSDAQ","-0.22","137.75","","138.05"
"A365340","성일하이텍","12","0","KOSDAQ","-0.57","426.82","","429.26"
"A365590","하이딥","12","0","KOSDAQ","-0.64","95.81","","96.43"
"A365900","브이씨","12","0","KOSDAQ","-1.41","25.59","","25.95"
"A366030","나인앤컴퍼니","12","0","KOSDAQ","0.7","97.3","","96.62"
"A367000","플래티어","12","0","KOSDAQ","-1.56","37.03","","37.62"
"A368600","아이씨에이치","12","0","KOSDAQ","-3.38","40.16","","41.57"
"A368770","파이버프로","12","0","KOSDAQ","-0.66","196.8","","198.11"
"A368970","오에스피","12","0","KOSDAQ","2.9","23.23","","22.57"
"A369370","블리츠웨이엔터테인먼트","12","0","KOSDAQ","0.24","61.34","","61.19"
"A370090","퓨런티어","12","0","KOSDAQ","2.97","115.86","","112.52"
"A371950","풍원정밀","12","0","KOSDAQ","4.32","273.76","","262.43"
"A372170","윤성에프앤씨","12","0","KOSDAQ","0","234.58","","234.58"
"A372320","큐로셀","12","0","KOSDAQ","1.55","564.43","","555.8"
"A372800","아이티아이즈","12","0","KOSDAQ","-5.24","36.1","","38.1"
"A372910","한컴라이프케어","12","0","KOSPI","0.18","75","","74.86"
"A373110","엑셀세라퓨틱스","12","0","KOSDAQ","0.37","29.86","","29.75"
"A373160","데이원컴퍼니","12","0","KOSDAQ","-0.64","85.75","","86.3"
"A373170","엠아이큐브솔루션","12","0","KOSDAQ","1.26","40.61","","40.1"
"A373200","엑스플러스","12","0","KOSDAQ","-0.17","64.24","","64.35"
"A373220","LG에너지솔루션","12","1","KOSPI","-0.43","81549","","81900"
"A375500","DL이앤씨","12","1","KOSPI","0.24","1638.67","","1634.81"
"A376180","피코그램","12","0","KOSDAQ","-1.15","55.96","","56.61"
"A376270","HEM파마","12","0","KOSDAQ","16.55","161.04","","138.17"
"A376290","씨유테크","12","0","KOSDAQ","2.39","56.77","","55.44"
"A376300","디어유","12","0","KOSDAQ","-1.19","1179.8","","1194.04"
"A376900","로킷헬스케어","12","0","KOSDAQ","1.24","226.95","","224.17"
"A376930","노을","12","0","KOSDAQ","4.34","79.99","","76.67"
"A376980","원티드랩","12","0","KOSDAQ","-0.36","40.14","","40.29"
"A377030","비트맥스","12","0","KOSDAQ","-1.02","145.02","","146.5"
"A377220","프롬바이오","12","0","KOSDAQ","0.76","48.69","","48.33"
"A377300","카카오페이","12","1","KOSPI","-10.03","7023.83","","7807.25"
"A377330","이지트로닉스","12","0","KOSDAQ","-0.5","32.6","","32.76"
"A377450","리파인","12","0","KOSDAQ","-0.72","284.91","","286.98"
"A377460","큐에이드","12","0","KOSDAQ","0","253.19","","253.19"
"A377480","마음AI","12","0","KOSDAQ","-0.53","134.71","","135.42"
"A377740","바이오노트","12","0","KOSPI","-0.89","568.45","","573.55"
"A378340","필에너지","12","0","KOSDAQ","0.24","264.02","","263.38"
"A378800","샤페론","12","0","KOSDAQ","2.06","67.07","","65.71"
"A378850","화승알앤에이","12","0","KOSPI","1.52","56.98","","56.13"
"A380540","옵티코어","12","0","KOSDAQ","17.08","79.33","","67.76"
"A380550","뉴로핏","12","0","KOSDAQ","-0.08","148.24","","148.35"
"A381620","제닉스로보틱스","12","0","KOSDAQ","1.84","123.18","","120.95"
"A381970","케이카","12","0","KOSPI","0.13","765.51","","764.53"
"A382150","온코크로스","12","0","KOSDAQ","4.93","115.01","","109.6"
"A382480","지아이텍","12","0","KOSDAQ","0","81.08","","81.08"
"A382800","지앤비에스 에코","12","0","KOSDAQ","-0.17","95.97","","96.13"
"A382840","원준","12","0","KOSDAQ","-0.35","132.25","","132.71"
"A382900","범한퓨얼셀","12","0","KOSDAQ","2.35","229.1","","223.84"
"A383220","F&F","12","1","KOSPI","0.76","2524.44","","2505.28"
"A383310","에코프로에이치엔","12","0","KOSDAQ","0","503.4","","503.4"
"A383800","LX홀딩스","12","0","KOSPI","-0.26","591.94","","593.46"
"A383930","디티앤씨알오","12","0","KOSDAQ","0.16","38.93","","38.86"
"A384470","코어라인소프트","12","0","KOSDAQ","2.98","89.91","","87.31"
"A387570","파인메딕스","12","0","KOSDAQ","-1.91","43.43","","44.28"
"A388050","지투파워","12","0","KOSDAQ","1.28","162.59","","160.53"
"A388210","씨엠티엑스","12","0","외감","","","",""
"A388610","지에프씨생명과학","12","0","KOSDAQ","-1.81","91.1","","92.78"
"A388720","유일로보틱스","12","0","KOSDAQ","-1.62","837.11","","850.89"
"A388790","라이콤","12","0","KOSDAQ","8.37","71.3","","65.79"
"A388870","파로스아이바이오","12","0","KOSDAQ","4.29","75.6","","72.5"
"A389020","자람테크놀로지","12","0","KOSDAQ","-0.58","211.34","","212.58"
"A389030","지니너스","12","0","KOSDAQ","8.19","60.8","","56.2"
"A389140","포바이포","12","0","KOSDAQ","-0.44","152.69","","153.36"
"A389260","대명에너지","12","0","KOSDAQ","-0.23","380.72","","381.62"
"A389470","인벤티지랩","12","0","KOSDAQ","1.05","463.73","","458.88"
"A389500","에스비비테크","12","0","KOSDAQ","-2.24","138.08","","141.25"
"A389650","넥스트바이오메디컬","12","0","KOSDAQ","0","539.63","","539.63"
"A389680","유디엠텍","12","0","KOSDAQ","-0.17","25","","25.04"
"A391710","코닉오토메이션","12","0","KOSDAQ","-4.44","95.07","","99.48"
"A393210","토마토시스템","12","0","KOSDAQ","19.83","110.39","","92.13"
"A393890","더블유씨피","12","0","KOSDAQ","-0.97","240.62","","242.99"
"A393970","대진첨단소재","12","0","KOSDAQ","1.69","88.78","","87.3"
"A394280","오픈엣지테크놀로지","12","0","KOSDAQ","0.18","251.17","","250.73"
"A394420","리센스메디컬","12","0","외감","","","",""
"A394800","쓰리빌리언","12","0","KOSDAQ","5.58","197.94","","187.47"
"A396270","넥스트칩","12","0","KOSDAQ","-1.33","58.9","","59.69"
"A396300","세아메카닉스","12","0","KOSDAQ","-1.79","80","","81.46"
"A396470","워트","12","0","KOSDAQ","0.69","118.32","","117.51"
"A397030","에이프릴바이오","12","0","KOSDAQ","0.81","560.78","","556.26"
"A397810","애드포러스","12","0","KOSDAQ","1.44","58.08","","57.25"
"A398120","에스지헬스케어","12","0","KOSDAQ","0.16","34.83","","34.78"
"A399720","가온칩스","12","0","KOSDAQ","6.18","548.12","","516.22"
"A402030","코난테크놀로지","12","0","KOSDAQ","-1.58","285.08","","289.67"
"A402340","SK스퀘어","12","1","KOSPI","0.21","19072.63","","19032.87"
"A402490","그린리소스","12","0","KOSDAQ","-3.12","90","","92.9"
"A403490","우듬지팜","12","0","KOSDAQ","9.86","84.73","","77.12"
"A403550","쏘카","12","0","KOSPI","-1.55","376.04","","381.95"
"A403850","더핑크퐁컴퍼니","12","0","외감","","","",""
"A403870","HPSP","12","0","KOSDAQ","1.36","2179.31","","2150.09"
"A405000","플라즈맵","12","0","KOSDAQ","0","30.13","","30.13"
"A405100","큐알티","12","0","KOSDAQ","-0.33","147.96","","148.45"
"A405920","나라셀라","12","0","KOSDAQ","-2.66","35.35","","36.32"
"A406820","뷰티스킨","12","0","KOSDAQ","-0.84","41.49","","41.84"
"A407400","꿈비","12","0","KOSDAQ","0.33","90.81","","90.52"
"A408470","한패스","12","0","외감","","","",""
"A408900","스튜디오미르","12","0","KOSDAQ","-2.15","149.08","","152.36"
"A408920","메쎄이상","12","0","KOSDAQ","9.41","163.42","","149.37"
"A411080","샌즈랩","12","0","KOSDAQ","5.13","131.45","","125.04"
"A412350","레이저쎌","12","0","KOSDAQ","-1.28","26.92","","27.27"
"A412540","제일엠앤에스","12","0","KOSDAQ","0","81.06","","81.06"
"A413390","엠오티","12","0","KOSDAQ","-0.15","78.51","","78.63"
"A413630","씨피시스템","12","0","KOSDAQ","2.74","62.74","","61.07"
"A413640","비아이매트릭스","12","0","KOSDAQ","0.54","94.34","","93.83"
"A415380","스튜디오삼익","12","0","KOSDAQ","-2.39","48.09","","49.26"
"A416180","신성에스티","12","0","KOSDAQ","1.77","311.87","","306.45"
"A417010","나노팀","12","0","KOSDAQ","4.87","99.96","","95.32"
"A417180","핑거스토리","12","0","KOSDAQ","1.09","40.8","","40.36"
"A417200","LS머트리얼즈","12","0","KOSDAQ","1.01","676.53","","669.76"
"A417500","제이아이테크","12","0","KOSDAQ","-0.17","97.86","","98.03"
"A417790","트루엔","12","0","KOSDAQ","0.34","97.46","","97.13"
"A417840","저스템","12","0","KOSDAQ","-2.1","81.27","","83.01"
"A417860","오브젠","12","0","KOSDAQ","-3.26","64.71","","66.89"
"A417970","모델솔루션","12","0","KOSDAQ","0.47","68.44","","68.12"
"A418250","시큐레터","12","0","KOSDAQ","0","45.44","","45.44"
"A418420","라온텍","12","0","KOSDAQ","-2.21","161.4","","165.04"
"A418470","KT밀리의서재","12","0","KOSDAQ","-1.33","120.92","","122.55"
"A418550","제이오","12","0","KOSDAQ","0.12","266.71","","266.39"
"A418620","E8","12","0","KOSDAQ","2.3","42.79","","41.83"
"A419050","삼기에너지솔루션즈","12","0","KOSDAQ","-3.29","117.82","","121.83"
"A419080","엔젯","12","0","KOSDAQ","-2.98","62.11","","64.01"
"A419120","산돌","12","0","KOSDAQ","0.63","96.7","","96.1"
"A419530","SAMG엔터","12","0","KOSDAQ","-3.47","467.5","","484.29"
"A419540","비스토스","12","0","KOSDAQ","0","28.69","","28.69"
"A420570","제이투케이바이오","12","0","KOSDAQ","-0.66","53.15","","53.5"
"A420770","기가비스","12","0","KOSDAQ","1.35","333.37","","328.94"
"A424760","벨로크","12","0","KOSDAQ","3.91","19.84","","19.09"
"A424870","이뮨온시아","12","0","KOSDAQ","4.69","412.4","","393.92"
"A424960","스마트레이더시스템","12","0","KOSDAQ","9.44","140","","127.93"
"A424980","마이크로투나노","12","0","KOSDAQ","0.82","43.74","","43.39"
"A425040","티이엠씨","12","0","KOSDAQ","7.07","158.26","","147.81"
"A425420","티에프이","12","0","KOSDAQ","-0.27","424.51","","425.65"
"A429270","시지트로닉스","12","0","KOSDAQ","-0.99","27.9","","28.18"
"A430690","한싹","12","0","KOSDAQ","1.73","54.42","","53.5"
"A431190","케이쓰리아이","12","0","KOSDAQ","-1.57","37.58","","38.18"
"A432430","와이랩","12","0","KOSDAQ","0.38","86.17","","85.84"
"A432470","케이엔에스","12","0","KOSDAQ","1.35","92.1","","90.87"
"A432720","퀄리타스반도체","12","0","KOSDAQ","-0.8","175.45","","176.86"
"A432980","엠에프씨","12","0","KOSDAQ","0.13","32.26","","32.22"
"A434480","모니터랩","12","0","KOSDAQ","1.6","50.72","","49.92"
"A435570","에르코스","12","0","KOSDAQ","-1.86","88.59","","90.26"
"A437730","삼현","12","0","KOSDAQ","0.13","478.78","","478.15"
"A438700","버넥트","12","0","KOSDAQ","1","45.03","","44.58"
"A439090","마녀공장","12","0","KOSDAQ","-1","258.61","","261.23"
"A439260","대한조선","12","0","KOSPI","0.61","3163.01","","3143.75"
"A439580","블루엠텍","12","0","KOSDAQ","-0.7","190.68","","192.02"
"A439960","코스모로보틱스","12","0","외감","","","",""
"A440110","파두","12","0","KOSDAQ","10.94","761.9","","686.75"
"A440290","HB인베스트먼트","12","0","KOSDAQ","0.71","57.87","","57.47"
"A440320","오픈놀","12","0","KOSDAQ","-0.42","46.97","","47.16"
"A441270","파인엠텍","12","0","KOSDAQ","16.32","507.01","","435.87"
"A443060","HD현대마린솔루션","12","1","KOSPI","-1.94","9077.92","","9257.23"
"A443250","레뷰코퍼레이션","12","0","KOSDAQ","0","124.78","","124.78"
"A443670","에스피소프트","12","0","KOSDAQ","0.17","147.46","","147.21"
"A444530","심플랫폼","12","0","KOSDAQ","-0.2","64.28","","64.41"
"A445090","에이직랜드","12","0","KOSDAQ","1.08","304.95","","301.69"
"A445180","퓨릿","12","0","KOSDAQ","-0.16","107.35","","107.52"
"A445680","큐리옥스바이오시스템즈","12","0","KOSDAQ","4.75","744.17","","710.42"
"A446070","유니드비티플러스","12","0","KOSPI","0.13","41.33","","41.28"
"A446540","메가터치","12","0","KOSDAQ","1.17","80.7","","79.76"
"A446840","지슨","12","0","KOSDAQ","2.51","103.89","","101.35"
"A448280","에코아이","12","0","KOSDAQ","-0.3","399.43","","400.61"
"A448710","코츠테크놀로지","12","0","KOSDAQ","0.45","104.74","","104.26"
"A448900","한국피아이엠","12","0","KOSDAQ","-2.64","68.69","","70.55"
"A450080","에코프로머티","12","1","KOSPI","-0.1","3447.67","","3451.17"
"A450330","하스","12","0","KOSDAQ","0.29","56.41","","56.24"
"A450520","인스웨이브","12","0","KOSDAQ","1.93","58.3","","57.2"
"A450950","아스테라시스","12","0","KOSDAQ","8.04","397.26","","367.71"
"A451220","아이엠티","12","0","KOSDAQ","2.16","78.27","","76.62"
"A451250","삐아","12","0","KOSDAQ","0.63","97.27","","96.66"
"A451760","컨텍","12","0","KOSDAQ","0.59","129.49","","128.73"
"A452160","제이엔비","12","0","KOSDAQ","-2.8","76.75","","78.96"
"A452190","한빛레이저","12","0","KOSDAQ","-1.09","105.62","","106.79"
"A452200","민테크","12","0","KOSDAQ","3.54","72.51","","70.03"
"A452260","한화갤러리아","12","0","KOSPI","0.54","217.7","","216.54"
"A452280","한선엔지니어링","12","0","KOSDAQ","0.13","135.21","","135.04"
"A452300","캡스톤파트너스","12","0","KOSDAQ","0.66","43.01","","42.73"
"A452400","이닉스","12","0","KOSDAQ","-3.01","93.44","","96.34"
"A452430","사피엔반도체","12","0","KOSDAQ","-1.36","239","","242.29"
"A452450","피아이이","12","0","KOSDAQ","0","271.24","","271.24"
"A453340","현대그린푸드","12","0","KOSPI","-0.13","523.21","","523.87"
"A453450","그리드위즈","12","0","KOSDAQ","-1.11","141.62","","143.21"
"A453860","에이에스텍","12","0","KOSDAQ","3.48","117.67","","113.71"
"A454910","두산로보틱스","12","1","KOSPI","-1.45","3960.5","","4018.84"
"A455180","케이지에이","12","0","KOSDAQ","-1.24","67.49","","68.33"
"A455900","엔젤로보틱스","12","0","KOSDAQ","-0.92","327.96","","330.99"
"A456010","아이씨티케이","12","0","KOSDAQ","-4","151.52","","157.83"
"A456040","OCI","12","1","KOSPI","0.57","475.38","","472.69"
"A456070","이엔셀","12","0","KOSDAQ","3.74","117.96","","113.71"
"A456160","지투지바이오","12","0","KOSDAQ","1.85","797.88","","783.39"
"A457190","이수스페셜티케미컬","12","1","KOSPI","1.61","1335.21","","1314.06"
"A457370","한켐","12","0","KOSDAQ","-1.54","76.82","","78.02"
"A457550","우진엔텍","12","0","KOSDAQ","0.62","227.15","","225.76"
"A457600","벡트","12","0","KOSDAQ","-0.52","39.48","","39.68"
"A458350","에스팀","12","0","외감","","","",""
"A458650","성우","12","0","KOSDAQ","-2.01","183.26","","187.02"
"A458870","씨어스","12","0","KOSDAQ","3.9","742.22","","714.36"
"A459100","위츠","12","0","KOSDAQ","-1.26","79.39","","79.96"
"A459510","나우로보틱스","12","0","KOSDAQ","-4.55","232.7","","243.79"
"A459550","알트","12","0","외감","","","",""
"A460470","아이빔테크놀로지","12","0","KOSDAQ","-0.17","45.22","","45.29"
"A460850","동국씨엠","12","0","KOSPI","2.25","163.25","","159.66"
"A460860","동국제강","12","0","KOSPI","1.32","456.39","","450.44"
"A460870","에스엠씨지","12","0","KOSDAQ","-2.41","128.46","","131.63"
"A460930","현대힘스","12","0","KOSDAQ","-3.8","943.76","","981.02"
"A460940","피앤에스로보틱스","12","0","KOSDAQ","-2.47","91.9","","94.23"
"A461030","아이엠비디엑스","12","0","KOSDAQ","18.72","135.13","","113.82"
"A461300","아이스크림미디어","12","0","KOSDAQ","-1.98","255.59","","260.75"
"A462310","뉴키즈온","12","0","KOSDAQ","3.15","62.03","","60.13"
"A462350","이노스페이스","12","0","KOSDAQ","3.94","138.99","","133.72"
"A462510","라메디텍","12","0","KOSDAQ","-1.97","65.34","","66.66"
"A462520","조선내화","12","0","KOSPI","-0.88","160.04","","161.47"
"A462860","더즌","12","0","KOSDAQ","-5.11","346.38","","365.02"
"A462870","시프트업","12","0","KOSPI","-0.25","2380.66","","2386.54"
"A462980","아이지넷","12","0","KOSDAQ","-1.44","43.58","","44.22"
"A463020","뉴엔AI","12","0","KOSDAQ","-1.57","195.34","","198.45"
"A463480","모티브링크","12","0","KOSDAQ","-0.57","107.8","","108.42"
"A464080","에스오에스랩","12","0","KOSDAQ","1.58","181.42","","178.59"
"A464280","티디에스팜","12","0","KOSDAQ","1.4","56.02","","55.24"
"A464490","쿼드메디슨","12","0","외감","","","",""
"A464500","아이언디바이스","12","0","KOSDAQ","0.5","42.38","","42.17"
"A464580","닷밀","12","0","KOSDAQ","1.07","51.96","","51.41"
"A465480","인스피언","12","0","KOSDAQ","0.49","62.25","","61.94"
"A465770","STX그린로지스","12","0","KOSPI","1.29","56.29","","55.58"
"A466100","클로봇","12","0","KOSDAQ","-1.05","491.33","","496.53"
"A466410","사이냅소프트","12","0","KOSDAQ","0.37","69.16","","68.91"
"A468530","프로티나","12","0","KOSDAQ","10.04","214.5","","194.93"
"A469610","이노테크","12","0","외감","","","",""
"A469750","아이비젼웍스","12","0","KOSDAQ","-2.81","44.52","","45.81"
"A471820","셀로맥스사이언스","12","0","KOSDAQ","-1.88","68.36","","69.67"
"A472850","폰드그룹","12","0","KOSDAQ","3.53","322.79","","311.8"
"A473980","노머스","12","0","KOSDAQ","0.43","380.5","","378.86"
"A474170","루미르","12","0","KOSDAQ","-0.27","132.07","","132.43"
"A474610","RF시스템즈","12","0","KOSDAQ","0.68","59.82","","59.42"
"A474650","링크솔루션","12","0","KOSDAQ","-2.59","126.09","","129.43"
"A475150","SK이터닉스","12","0","KOSPI","-0.49","680.14","","683.52"
"A475230","엔알비","12","0","KOSDAQ","0.68","123.56","","122.73"
"A475400","씨메스로보틱스","12","0","KOSDAQ","0.81","292.12","","289.78"
"A475430","키스트론","12","0","KOSDAQ","-0.21","83.71","","83.89"
"A475460","미트박스","12","0","KOSDAQ","-0.38","58.47","","58.69"
"A475560","더본코리아","12","0","KOSPI","8.26","387.15","","357.59"
"A475580","에이럭스","12","0","KOSDAQ","-0.4","136.25","","136.79"
"A475660","에스켐","12","0","KOSDAQ","-1.11","49.4","","49.96"
"A475830","오름테라퓨틱","12","0","KOSDAQ","3.4","607.84","","587.83"
"A475960","토모큐브","12","0","KOSDAQ","6.15","594.45","","559.99"
"A476040","오가노이드사이언스","12","0","KOSDAQ","5.92","222.86","","210.4"
"A476060","온코닉테라퓨틱스","12","0","KOSDAQ","4","302.04","","290.43"
"A476080","M83","12","0","KOSDAQ","-0.08","96.46","","96.53"
"A476830","알지노믹스","12","0","외감","","","",""
"A477850","마키나락스","12","0","외감","","","",""
"A478340","나라스페이스테크놀로지","12","0","외감","","","",""
"A478560","블랙야크아이앤씨","12","0","KOSDAQ","5.82","98.67","","93.25"
"A479960","위너스일렉","12","0","KOSDAQ","0.82","84.27","","83.58"
"A480370","씨케이솔루션","12","0","KOSPI","-0.31","105.08","","105.41"
"A481070","에이유브랜즈","12","0","KOSDAQ","-0.7","299.48","","301.61"
"A482630","삼양엔씨켐","12","0","KOSDAQ","0.13","167.99","","167.77"
"A483650","달바글로벌","12","0","KOSPI","-4.03","2018.66","","2103.43"
"A484120","도우인시스","12","0","KOSDAQ","-2.15","342.61","","350.14"
"A484590","삼양컴텍","12","0","KOSDAQ","3.27","794.54","","769.4"
"A484810","티엑스알로보틱스","12","0","KOSDAQ","-2.8","214.3","","220.48"
"A484870","엠앤씨솔루션","12","0","KOSPI","2.39","1958.93","","1913.17"
"A486990","노타","12","0","외감","","","",""
"A487570","HS효성","12","0","KOSPI","-0.18","209.4","","209.77"
"A487580","폴레드","12","0","외감","","","",""
"A488280","에스투더블유","12","0","외감","","","",""
"A488900","비츠로넥스텍","12","0","외감","","","",""
"A489460","바이오비쥬","12","0","KOSDAQ","0.4","225.06","","224.16"
"A489500","엘케이켐","12","0","KOSDAQ","-1.01","110.56","","111.69"
"A489790","한화비전","12","1","KOSPI","8.16","2812.2","","2600.15"
"A490470","세미파이브","12","0","외감","","","",""
"A491000","리브스메드","12","0","외감","","","",""
"A493280","아이엠바이오로직스","12","0","외감","","","",""
"A493330","지에프아이","12","0","외감","","","",""
"A494120","큐리오시스","12","0","외감","","","",""
"A499790","GS피앤엘","12","0","KOSPI","5.37","991.54","","940.97"
"A900070","글로벌에스엠","12","0","KOSDAQ","0.67","24.35","","24.18"
"A900100","파이온엑스","12","0","KOSDAQ","3.18","37.29","","36.14"
"A900110","딥커머스","12","0","KOSDAQ","0","49.48","","49.48"
"A900120","씨엑스아이","6","0","KOSDAQ","0","17.61","","17.61"
"A900140","엘브이엠씨홀딩스","12","0","KOSPI","0","343.2","","343.2"
"A900250","크리스탈신소재","12","0","KOSDAQ","0.61","107.65","","106.99"
"A900260","로스웰","12","0","KOSDAQ","0.1","36.9","","36.86"
"A900270","헝셩그룹","12","0","KOSDAQ","-0.85","43.81","","44.19"
"A900290","GRT","6","0","KOSDAQ","-0.49","248.21","","249.42"
"A900300","오가닉티코스메틱","12","0","KOSDAQ","-1.77","31.97","","32.54"
"A900310","컬러레이","12","0","KOSDAQ","1.15","45.09","","44.57"
"A900340","윙입푸드","12","0","KOSDAQ","-1.32","56.47","","57.23"
"A950130","엑세스바이오","12","0","KOSDAQ","0","198.45","","198.45"
"A950140","잉글우드랩","12","0","KOSDAQ","-3.12","246.76","","254.71"
"A950160","코오롱티슈진","12","0","KOSDAQ","-0.8","3079.44","","3104.34"
"A950170","JTC","2","0","KOSDAQ","0","354.98","","354.98"
"A950190","고스트스튜디오","12","0","KOSDAQ","-1.27","121.32","","122.88"
"A950200","소마젠","12","0","KOSDAQ","0.13","75.31","","75.21"
"A950210","프레스티지바이오파마","6","0","KOSPI","9.92","899.04","","817.91"
"A950220","네오이뮨텍","12","0","KOSDAQ","-1.84","95.01","","96.79"
"A950250","테라뷰","4","0","외감","","","",""
