"Code","Name","결산월","코스피200 구성종목여부(1:해당, 0:미해당)","상장된 시장","수정주가수익률","시가총액","","이전 시가총액"
"A000020","동화약품","12","0","KOSPI","0.66","169.54","","168.43"
"A000040","KR모터스","12","0","KOSPI","-5.03","32.65","","34.38"
"A000050","경방","12","0","KOSPI","3.5","275.8","","266.48"
"A000070","삼양홀딩스","12","0","KOSPI","-2.86","474.33","","488.3"
"A000080","하이트진로","12","1","KOSPI","-1.91","1189.47","","1212.61"
"A000100","유한양행","12","1","KOSPI","-3.8","6849.69","","7120.5"
"A000120","CJ대한통운","12","1","KOSPI","-2.53","2107.86","","2162.61"
"A000140","하이트진로홀딩스","12","0","KOSPI","-1.77","205.61","","209.33"
"A000150","두산","12","1","KOSPI","-5.23","26136.85","","27578.1"
"A000180","성창기업지주","12","0","KOSPI","-3.32","85.24","","88.17"
"A0001A0","덕양에너젠","12","0","KOSDAQ","-6.99","379.31","","407.82"
"A000210","DL","12","1","KOSPI","-5.22","1255.26","","1324.41"
"A000220","유유제약","12","0","KOSPI","-1.73","67.79","","68.98"
"A000230","일동홀딩스","12","0","KOSPI","-4.11","94.29","","98.32"
"A000240","한국앤컴퍼니","12","1","KOSPI","4.3","2416.1","","2316.42"
"A000250","삼천당제약","12","0","KOSDAQ","-4.2","9101.5","","9500.28"
"A000270","기아","12","1","KOSPI","-5.67","65589.38","","69532.55"
"A000300","DH오토넥스","12","0","KOSPI","0","174.04","","174.04"
"A000320","노루홀딩스","12","0","KOSPI","-2.55","264.23","","271.14"
"A000370","한화손해보험","12","0","KOSPI","-4.67","762.31","","799.66"
"A000390","SP삼화","12","0","KOSPI","-4.88","212.19","","223.07"
"A000400","롯데손해보험","12","0","KOSPI","-0.96","642.4","","648.6"
"A000430","대원강업","12","0","KOSPI","10","289.85","","263.5"
"A000440","중앙에너비스","12","0","KOSDAQ","0.26","118.32","","118"
"A000480","CR홀딩스","12","0","KOSPI","0.52","228.59","","227.42"
"A000490","대동","12","0","KOSPI","-3.61","292.59","","303.55"
"A0004V0","엔비알모션","12","0","KOSDAQ","-1","184.68","","186.55"
"A000500","가온전선","12","0","KOSPI","-15.16","5599.84","","6600.7"
"A000520","삼일제약","12","0","KOSPI","-3.02","181.13","","186.77"
"A000540","흥국화재","12","0","KOSPI","-4.19","257.29","","268.53"
"A000590","CS홀딩스","12","0","KOSPI","-2.31","87.74","","89.82"
"A000640","동아쏘시오홀딩스","12","0","KOSPI","-1.55","640.94","","651.04"
"A000650","천일고속","12","0","KOSPI","12.03","472.36","","421.62"
"A000660","SK하이닉스","12","1","KOSPI","-7.66","1296405.6","","1404023.66"
"A000670","영풍","12","1","KOSPI","-5.77","1112.01","","1180.12"
"A000680","LS네트웍스","12","0","KOSPI","-7.55","279.75","","302.6"
"A000700","유수홀딩스","12","0","KOSPI","0.34","153.65","","153.13"
"A000720","현대건설","12","1","KOSPI","-8.45","17260.14","","18852.53"
"A000760","이화산업","12","0","KOSPI","-2.02","42.08","","42.95"
"A0007C0","아크릴","12","0","KOSDAQ","-5.18","264.6","","279.05"
"A0007J0","인벤테라","12","0","KOSDAQ","-14.1","134.19","","156.21"
"A000810","삼성화재","12","1","KOSPI","2.97","24734.7","","24020.34"
"A000850","화천기공","12","0","KOSPI","0.86","77","","76.34"
"A000860","강남제비스코","12","0","KOSPI","0","199.55","","199.55"
"A000880","한화","12","1","KOSPI","-2.62","9969.82","","10237.75"
"A000890","보해양조","12","0","KOSPI","0","58.29","","58.29"
"A0008Z0","에스엔시스","12","0","KOSDAQ","-10.82","365.67","","410.02"
"A000910","유니온","12","0","KOSPI","-6.16","64.24","","68.46"
"A000950","전방","12","0","KOSPI","-5.02","47.71","","50.23"
"A000970","한국주철관","12","0","KOSPI","0.43","159.6","","158.92"
"A000990","DB하이텍","12","0","KOSPI","-10.56","7113","","7952.64"
"A0009K0","에임드바이오","12","0","KOSDAQ","-4.15","2541.58","","2651.52"
"A001000","신라섬유","12","0","KOSDAQ","0.67","36.32","","36.08"
"A001020","페이퍼코리아","12","0","KOSPI","0","119.96","","119.96"
"A001040","CJ","12","1","KOSPI","1.88","6331.41","","6214.7"
"A001060","JW중외제약","12","0","KOSPI","-4.15","698.58","","728.85"
"A001070","대한방직","12","0","KOSPI","-3.61","33.97","","35.25"
"A001080","만호제강","6","0","KOSPI","5.07","240.7","","229.08"
"A0010F0","보원케미칼","12","0","KOSDAQ","-15.1","48.25","","56.83"
"A0010V0","제이피아이헬스케어","12","0","KOSDAQ","-4.36","52.59","","54.99"
"A001120","LX인터내셔널","12","0","KOSPI","-1.94","1761.64","","1796.53"
"A001130","대한제분","12","0","KOSPI","0","264.49","","264.49"
"A0011A0","액스비스","12","0","KOSDAQ","-2.19","208.61","","213.28"
"A0011T0","채비","12","0","KOSDAQ","-8.6","761.2","","832.78"
"A001200","유진투자증권","12","0","KOSPI","-5.62","569.57","","603.48"
"A001210","금호전기","12","0","KOSPI","-4.35","49.01","","51.24"
"A001230","동국홀딩스","12","0","KOSPI","0","362.53","","362.53"
"A001250","GS글로벌","12","0","KOSPI","-4.12","316.93","","330.55"
"A001260","남광토건","12","0","KOSPI","-3.71","84.27","","87.51"
"A001270","부국증권","12","0","KOSPI","-8.37","692.71","","755.96"
"A001290","상상인증권","12","0","KOSPI","-6.28","121.34","","129.46"
"A001340","PKC","12","0","KOSPI","-4.19","267.26","","278.94"
"A001360","삼성제약","12","0","KOSPI","-3.79","160.17","","166.48"
"A001380","SG글로벌","12","0","KOSPI","2.63","41.25","","40.2"
"A001390","KG케미칼","12","0","KOSPI","-3.06","362.39","","373.82"
"A0013V0","삼진식품","12","0","KOSDAQ","-2.19","66.45","","67.94"
"A001420","태원물산","12","0","KOSPI","-2.15","22.46","","22.95"
"A001430","세아베스틸지주","12","1","KOSPI","-3.31","2513.93","","2600"
"A001440","대한전선","12","1","KOSPI","-8.4","11186.84","","12212.3"
"A001450","현대해상","12","1","KOSPI","1.83","2843.03","","2791.88"
"A001460","BYC","12","0","KOSPI","-4.49","278.89","","292.01"
"A001470","삼부토건","12","0","KOSPI","0","79.7","","79.7"
"A001500","현대차증권","12","0","KOSPI","-3.61","677.07","","702.42"
"A001510","SK증권","12","0","KOSPI","-7.04","962.19","","1035.05"
"A001520","동양","12","0","KOSPI","-3.98","161.35","","168.03"
"A001530","DI동일","12","0","KOSPI","-7.53","585.22","","632.86"
"A001540","안국약품","12","0","KOSDAQ","-5.1","126.25","","133.03"
"A001550","조비","12","0","KOSPI","-2.89","68.07","","70.1"
"A001560","제일연마","12","0","KOSPI","0","82.46","","82.46"
"A001570","금양","12","0","KOSPI","0","633.28","","633.28"
"A0015G0","그린광학","12","0","KOSDAQ","-8.16","303.1","","330.01"
"A0015N0","아로마티카","12","0","KOSDAQ","-5.15","98.29","","103.63"
"A0015S0","페스카로","12","0","KOSDAQ","-6.77","122.25","","131.13"
"A001620","케이비아이동국실업","12","0","KOSPI","0","71.45","","71.45"
"A001630","종근당홀딩스","12","0","KOSPI","1.71","237.97","","233.96"
"A001680","대상","12","1","KOSPI","-1.66","718.95","","731.07"
"A001720","신영증권","3","0","KOSPI","-4.34","2969.06","","3103.87"
"A001740","SK네트웍스","12","0","KOSPI","10.38","1749.18","","1584.69"
"A001750","한양증권","12","0","KOSPI","-4.01","334.76","","348.76"
"A001770","SHD","12","0","KOSPI","-5.42","18.87","","19.95"
"A001780","알루코","12","0","KOSPI","-8.97","255.63","","280.81"
"A001790","대한제당","12","0","KOSPI","-1.59","249.36","","253.39"
"A0017J0","세미티에스","12","0","외감","","","",""
"A001800","오리온홀딩스","12","1","KOSPI","14.11","1772.87","","1553.61"
"A001810","무림SP","12","0","KOSDAQ","-0.13","33.21","","33.25"
"A001820","삼화콘덴서","12","0","KOSPI","-2.83","677.75","","697.5"
"A001840","이화공영","12","0","KOSDAQ","0","62.59","","62.59"
"A001940","KISCO홀딩스","12","0","KOSPI","-0.61","344.49","","346.61"
"A002020","코오롱","12","0","KOSPI","-7.97","835.13","","907.41"
"A002030","아세아","12","1","KOSPI","0.45","456.04","","453.98"
"A002070","비비안","12","0","KOSPI","-7.32","24.04","","25.94"
"A002100","경농","12","0","KOSPI","-1.63","188","","191.13"
"A002140","고려산업","12","0","KOSPI","-2.38","61.48","","62.97"
"A002150","도화엔지니어링","12","0","KOSPI","-1.59","209.06","","212.44"
"A002170","SYTS","12","0","KOSPI","-0.67","178.5","","179.7"
"A002200","한국수출포장","12","0","KOSPI","0","102.98","","102.98"
"A002210","동성제약","12","0","KOSPI","0","94.01","","94.01"
"A002220","한일철강","12","0","KOSPI","-1.05","126.28","","127.61"
"A002230","피에스텍","12","0","KOSDAQ","-4.07","154.32","","160.87"
"A002240","고려제강","12","0","KOSPI","1.13","602.1","","595.35"
"A002290","삼일기업공사","12","0","KOSDAQ","0.13","47.49","","47.43"
"A002310","아세아제지","12","0","KOSPI","0.24","335.32","","334.53"
"A002320","한진","12","0","KOSPI","-1.52","281.97","","286.32"
"A002350","넥센타이어","12","0","KOSPI","-2.01","666.09","","679.77"
"A002360","SH에너지화학","12","0","KOSPI","0","39.79","","39.79"
"A002380","KCC","12","1","KOSPI","-7.45","4745.38","","5127.49"
"A002390","한독","12","0","KOSPI","0.42","133.09","","132.54"
"A002410","범양건영","12","0","KOSPI","0","53.17","","53.17"
"A002420","세기상사","12","0","KOSPI","0.19","30.86","","30.8"
"A002450","삼익악기","12","0","KOSPI","-1.13","119.32","","120.68"
"A002460","HS화성","12","0","KOSPI","0.15","137.43","","137.23"
"A002600","조흥","12","0","KOSPI","-0.41","87.24","","87.6"
"A002620","제일파마홀딩스","12","0","KOSPI","0.92","139.93","","138.65"
"A002630","오리엔트바이오","3","0","KOSPI","-3.04","56.68","","58.46"
"A002680","한탑","12","0","KOSDAQ","-2.19","20.23","","20.68"
"A002690","동일제강","12","0","KOSPI","-0.25","31.93","","32.01"
"A002700","신일전자","12","0","KOSPI","-0.64","98.35","","98.98"
"A002710","TCC스틸","12","0","KOSPI","-4.98","440.39","","463.46"
"A002720","국제약품","12","0","KOSPI","-4.14","88.24","","92.05"
"A002760","보락","12","0","KOSPI","-3.26","62.18","","64.27"
"A002780","진흥기업","12","0","KOSPI","-3.98","164.82","","171.66"
"A002790","아모레퍼시픽홀딩스","12","1","KOSPI","-3.4","1957.33","","2026.14"
"A002800","신신제약","12","0","KOSDAQ","-2.55","81.31","","83.44"
"A002810","삼영무역","12","0","KOSPI","-2.99","389.65","","401.66"
"A002820","SUN&L","12","0","KOSPI","-1.71","29","","29.5"
"A002840","미원상사","12","1","KOSPI","-3.48","646","","669.28"
"A002870","신풍","12","0","KOSPI","0.64","43.7","","43.42"
"A002880","디와이에이","12","0","KOSPI","-0.78","41.54","","41.86"
"A002900","TYM","12","0","KOSPI","-2.56","347.35","","356.45"
"A002920","유성기업","12","0","KOSPI","1.11","47.43","","46.91"
"A002960","한국쉘석유","12","0","KOSPI","20.08","754","","627.9"
"A002990","금호건설","12","0","KOSPI","-1.5","170.84","","173.45"
"A003000","부광약품","12","0","KOSPI","-3.39","562.39","","582.12"
"A003010","혜인","12","0","KOSPI","-3.86","79.2","","82.38"
"A003030","세아제강지주","12","1","KOSPI","2.82","801","","779.05"
"A003060","에이프로젠바이오로직스","12","0","KOSPI","-21.37","53.04","","67.46"
"A003070","코오롱글로벌","12","0","KOSPI","-4.46","266.95","","279.41"
"A003080","SB성보","12","0","KOSPI","-0.62","47.85","","48.15"
"A003090","대웅","12","1","KOSPI","-2.31","1226.8","","1255.87"
"A003100","선광","12","0","KOSDAQ","-1.38","165.66","","167.97"
"A003120","일성아이에스","12","0","KOSPI","0","274.65","","274.65"
"A003160","디아이","12","0","KOSPI","-9.39","819.29","","904.19"
"A003200","일신방직","12","0","KOSPI","-2.86","273.22","","281.26"
"A003220","대원제약","12","0","KOSPI","-0.61","220.69","","222.03"
"A003230","삼양식품","12","1","KOSPI","0.35","10877.67","","10840.01"
"A003240","태광산업","12","1","KOSPI","-6.3","1125.65","","1201.36"
"A003280","흥아해운","12","0","KOSPI","0.37","658.76","","656.36"
"A003300","한일홀딩스","12","0","KOSPI","1.01","556.84","","551.29"
"A003310","대주산업","12","0","KOSDAQ","-3.44","104.41","","108.12"
"A003350","한국화장품제조","12","0","KOSPI","2.49","233.17","","227.51"
"A003380","하림지주","12","0","KOSDAQ","-5.45","1419.11","","1500.88"
"A003460","유화증권","12","0","KOSPI","-3.83","185.13","","192.5"
"A003470","유안타증권","12","0","KOSPI","-1.55","1267.44","","1287.4"
"A003480","한진중공업홀딩스","12","0","KOSPI","6.76","177.18","","165.96"
"A003490","대한항공","12","1","KOSPI","-4.58","9592.15","","10052.42"
"A003520","영진약품","12","0","KOSPI","0.19","284.22","","283.67"
"A003530","한화투자증권","12","0","KOSPI","-5.86","1482.53","","1574.78"
"A003540","대신증권","12","0","KOSPI","-5.17","1668.55","","1759.61"
"A003550","LG","12","1","KOSPI","7.69","19431.92","","18043.93"
"A003570","SNT다이내믹스","12","0","KOSPI","-6.73","1566.2","","1679.26"
"A003580","HLB글로벌","12","0","KOSPI","-4.61","94.44","","99"
"A003610","방림","9","0","KOSPI","0","193.68","","193.68"
"A003620","KG모빌리티","12","0","KOSPI","-1.15","782.18","","791.29"
"A003650","미창석유","12","0","KOSPI","1.65","214.68","","211.2"
"A003670","포스코퓨처엠","12","1","KOSPI","-5.99","20946.83","","22281.03"
"A003680","한성기업","12","0","KOSPI","-1.89","30.64","","31.23"
"A003690","코리안리","12","0","KOSPI","7.62","2320.35","","2156"
"A003720","삼영","12","0","KOSPI","-9.05","382.84","","420.92"
"A003780","진양산업","12","0","KOSPI","-2.31","71.37","","73.06"
"A003800","에이스침대","12","0","KOSDAQ","-1.63","367.08","","373.18"
"A003830","대한화섬","12","0","KOSPI","-1.1","155.51","","157.24"
"A003850","보령","12","0","KOSPI","-1.82","832.14","","847.58"
"A003920","남양유업","12","0","KOSPI","-1.75","302.4","","307.8"
"A003960","사조대림","12","0","KOSPI","-0.98","278.14","","280.89"
"A004000","롯데정밀화학","12","1","KOSPI","-5.96","1424.16","","1514.46"
"A004020","현대제철","12","1","KOSPI","0.44","6158.52","","6131.83"
"A004060","SG세계물산","12","0","KOSPI","-5.07","73.99","","77.93"
"A004080","신흥","12","0","KOSPI","0","129.72","","129.72"
"A004090","한국석유","12","0","KOSPI","0.35","183.05","","182.41"
"A004100","태양금속","12","0","KOSPI","0.92","100.56","","99.64"
"A004140","동방","12","0","KOSPI","-3.19","116.57","","120.41"
"A004150","한솔홀딩스","12","0","KOSPI","-2.63","151.8","","155.9"
"A004170","신세계","12","1","KOSPI","1.12","5109.84","","5053.17"
"A004250","NPC","12","0","KOSPI","-1.14","127.79","","129.25"
"A004270","남성","12","0","KOSPI","-2.19","25.82","","26.4"
"A004310","현대약품","11","0","KOSPI","-4.19","241.28","","251.84"
"A004360","세방","12","0","KOSPI","-1.08","280.04","","283.1"
"A004370","농심","12","1","KOSPI","2.44","2426.97","","2369.19"
"A004380","삼익THK","12","0","KOSPI","1.87","270.96","","266"
"A004410","서울식품","12","0","KOSPI","0","62.34","","62.34"
"A004430","송원산업","12","0","KOSPI","0.24","297.36","","296.64"
"A004440","삼일씨엔에스","12","0","KOSPI","-2.59","81.48","","83.65"
"A004450","삼화왕관","12","0","KOSPI","-0.55","58.28","","58.6"
"A004490","세방전지","12","1","KOSPI","-1.44","852.39","","864.86"
"A004540","깨끗한나라","12","0","KOSPI","-1.59","69.19","","70.31"
"A004560","현대비앤지스틸","12","0","KOSPI","-2.41","250.16","","256.34"
"A004590","한국가구","12","0","KOSDAQ","0.85","106.65","","105.75"
"A004650","창해에탄올","12","0","KOSDAQ","-1.9","90.16","","91.91"
"A004690","삼천리","12","0","KOSPI","-0.22","495.06","","496.14"
"A004700","조광피혁","12","0","KOSPI","-0.8","414.91","","418.23"
"A004710","한솔테크닉스","12","0","KOSPI","-6.02","416.91","","443.62"
"A004720","팜젠사이언스","12","0","KOSPI","-2.99","81.78","","84.31"
"A004770","써니전자","12","0","KOSPI","-2.5","59.65","","61.18"
"A004780","대륙제관","12","0","KOSDAQ","-1.52","62.02","","62.98"
"A004800","효성","12","0","KOSPI","-8.13","3783.33","","4118.14"
"A004830","덕성","12","0","KOSPI","-3.75","64.44","","66.95"
"A004840","DRB동일","12","0","KOSPI","0.2","96.55","","96.36"
"A004870","티웨이홀딩스","12","0","KOSPI","0","27.05","","27.05"
"A004890","동일산업","12","0","KOSPI","-0.4","90.1","","90.46"
"A004910","조광페인트","12","0","KOSPI","-1.08","52.93","","53.5"
"A004920","씨아이테크","12","0","KOSPI","-2.99","55.83","","57.55"
"A004960","한신공영","12","0","KOSPI","-2.65","165.58","","170.09"
"A004970","신라교역","12","0","KOSPI","-0.85","148.8","","150.08"
"A004980","성신양회","12","0","KOSPI","-3.9","241.73","","251.53"
"A004990","롯데지주","12","1","KOSPI","-3.24","2830.45","","2925.13"
"A005010","휴스틸","12","0","KOSPI","0.83","342.19","","339.38"
"A005030","부산주공","12","0","KOSPI","0","45.09","","45.09"
"A005070","코스모신소재","12","0","KOSPI","-7.8","1727.16","","1873.3"
"A005090","SGC에너지","12","0","KOSPI","1.17","749.29","","740.64"
"A005110","한창","12","0","KOSPI","0","26.47","","26.47"
"A005160","동국산업","12","0","KOSDAQ","-2.36","168.16","","172.23"
"A005180","빙그레","12","0","KOSPI","4.59","718.35","","686.84"
"A005250","녹십자홀딩스","12","1","KOSPI","-10.71","705.42","","790.07"
"A005290","동진쎄미켐","12","0","KOSDAQ","-8.79","2696.32","","2982.04"
"A005300","롯데칠성","12","1","KOSPI","-0.67","1097.69","","1105.12"
"A005320","온타이드","12","0","KOSPI","0","40.2","","40.2"
"A005360","모나미","12","0","KOSPI","-1.09","29.1","","29.42"
"A005380","현대차","12","1","KOSPI","-1.69","143330.44","","145787.53"
"A005420","코스모화학","12","1","KOSPI","-6.78","575.74","","617.6"
"A005430","한국공항","12","0","KOSPI","-4.97","217.85","","229.24"
"A005440","현대지에프홀딩스","12","0","KOSPI","-2.95","2310.5","","2380.66"
"A005490","POSCO홀딩스","12","1","KOSPI","-3.91","37045.41","","38551"
"A005500","삼진제약","12","0","KOSPI","-16.09","259.87","","309.69"
"A005610","삼립","12","0","KOSPI","0.32","403.84","","402.54"
"A005670","푸드웰","12","0","KOSDAQ","0.88","68.8","","68.2"
"A005680","삼영전자","12","0","KOSPI","-2.84","274","","282"
"A005690","파미셀","12","0","KOSPI","-5.83","1028.09","","1091.71"
"A005710","대원산업","12","0","KOSDAQ","-4.79","255.08","","267.9"
"A005720","넥센","12","0","KOSPI","-2.24","366.23","","374.64"
"A005740","크라운해태홀딩스","12","0","KOSPI","-2.59","106.16","","108.98"
"A005750","대림바스","12","0","KOSPI","-3.57","85.53","","88.7"
"A005800","신영와코루","12","0","KOSPI","-1.07","133.56","","135"
"A005810","풍산홀딩스","12","0","KOSPI","-3.68","604.08","","627.15"
"A005820","원림","12","0","KOSPI","-4.14","35.64","","37.18"
"A005830","DB손해보험","12","1","KOSPI","-4.91","10774.81","","11331.56"
"A005850","에스엘","12","1","KOSPI","5.89","3339.65","","3153.85"
"A005860","한일사료","12","0","KOSDAQ","-3.27","133.97","","138.5"
"A005870","휴니드","12","0","KOSPI","-9.88","104.32","","115.75"
"A005880","대한해운","12","0","KOSPI","-2.35","803.64","","823.01"
"A005930","삼성전자","12","1","KOSPI","-8.61","1581418.36","","1730498.47"
"A005940","NH투자증권","12","1","KOSPI","-7","11599.01","","12472.05"
"A005950","이수화학","12","0","KOSPI","-2.44","263.2","","269.78"
"A005960","동부건설","12","0","KOSPI","-4.21","182.66","","190.69"
"A005990","매일홀딩스","12","0","KOSDAQ","-1.29","142.42","","144.29"
"A006040","동원산업","12","1","KOSPI","-2.93","1682.04","","1732.81"
"A006050","국영지앤엠","12","0","KOSDAQ","-2.84","38.21","","39.33"
"A006060","화승인더","12","0","KOSPI","4.75","189.19","","180.62"
"A006090","사조오양","12","0","KOSPI","0.73","78.11","","77.55"
"A006110","삼아알미늄","12","0","KOSPI","-12.46","1274.91","","1456.39"
"A006120","SK디스커버리","12","0","KOSPI","-0.55","943.83","","949.05"
"A006140","피제이전자","12","0","KOSDAQ","-4.59","108.07","","113.27"
"A006200","한국전자홀딩스","12","0","KOSPI","0","37.49","","37.49"
"A006220","제주은행","12","0","KOSPI","-5.46","425.23","","449.8"
"A006260","LS","12","1","KOSPI","-6.44","14742","","15756"
"A006280","녹십자","12","1","KOSPI","-4.21","1620.92","","1692.21"
"A006340","대원전선","12","0","KOSPI","-9.04","1111.92","","1222.48"
"A006360","GS건설","12","1","KOSPI","-8.18","2738.61","","2982.51"
"A006370","대구백화점","12","0","KOSPI","3.43","55.41","","53.57"
"A006380","카프로","12","0","KOSPI","0","618.54","","618.54"
"A006400","삼성SDI","12","1","KOSPI","-3.46","49479.52","","51252.4"
"A006490","프리티","12","0","KOSPI","-6.2","55.14","","58.79"
"A006570","대림통상","12","0","KOSPI","-0.72","29.37","","29.58"
"A006620","동구바이오제약","12","0","KOSDAQ","-3.34","135.92","","140.62"
"A006650","대한유화","12","1","KOSPI","-5.34","910","","961.35"
"A006660","삼성공조","12","0","KOSPI","-3.81","100.44","","104.42"
"A006730","서부T&D","12","0","KOSDAQ","-5.07","863.53","","909.63"
"A006740","블루산업개발","12","0","KOSPI","0","33.56","","33.56"
"A006800","미래에셋증권","12","1","KOSPI","-3.32","39113.72","","40456.69"
"A006840","AK홀딩스","12","0","KOSPI","-2.02","102.8","","104.92"
"A006880","신송홀딩스","12","0","KOSPI","-1.39","75.47","","76.53"
"A006890","태경케미컬","12","0","KOSPI","-3.32","91.18","","94.31"
"A006910","보성파워텍","12","0","KOSDAQ","-6.62","561.55","","601.35"
"A006920","모헨즈","12","0","KOSDAQ","-3.16","43.46","","44.88"
"A006980","우성","12","0","KOSPI","-4.01","66.59","","69.37"
"A007070","GS리테일","12","1","KOSPI","2.26","2462.24","","2407.89"
"A007110","일신석재","12","0","KOSPI","-4.85","107.97","","113.47"
"A007120","미래아이앤지","12","0","KOSPI","-0.19","44.73","","44.82"
"A007160","사조산업","12","0","KOSPI","0","255.5","","255.5"
"A007210","벽산","12","0","KOSPI","-2.22","120.92","","123.66"
"A007280","한국특강","12","0","KOSPI","-1.74","77.08","","78.45"
"A007310","오뚜기","12","1","KOSPI","-1.1","1442.82","","1458.85"
"A007330","푸른저축은행","12","0","KOSDAQ","-1.17","177.98","","180.09"
"A007340","DN오토모티브","12","1","KOSPI","5.38","2978.2","","2826.07"
"A007370","진양제약","12","0","KOSDAQ","-1.38","65.44","","66.36"
"A007390","네이처셀","12","0","KOSDAQ","-1.42","1159.83","","1176.58"
"A007460","에이프로젠","12","0","KOSPI","-17.08","103.4","","124.7"
"A007530","와이엠","12","0","KOSDAQ","-1.14","48.4","","48.96"
"A007540","샘표","12","0","KOSPI","-2.89","140.2","","144.37"
"A007570","일양약품","12","0","KOSPI","-0.2","188.57","","188.95"
"A007590","동방아그로","12","0","KOSPI","0","81.3","","81.3"
"A007610","선도전기","12","0","KOSPI","-14.83","179.82","","211.14"
"A007660","이수페타시스","12","1","KOSPI","-3.4","9396.38","","9726.72"
"A007680","대원","12","0","KOSDAQ","-1.58","54.46","","55.33"
"A007690","국도화학","12","0","KOSPI","-3.4","355.15","","367.66"
"A007700","F&F홀딩스","12","0","KOSPI","1.02","735.35","","727.92"
"A007720","소노스퀘어","12","0","KOSDAQ","-2.31","38.4","","39.31"
"A007770","한일화학","12","0","KOSDAQ","-0.26","27.1","","27.17"
"A007810","코리아써키트","12","0","KOSPI","-7.14","2182.42","","2350.3"
"A007820","엠엑스로보틱스","12","0","KOSDAQ","0.75","107.38","","106.58"
"A007860","서연","12","0","KOSPI","-3.59","208.27","","216.01"
"A007980","TP","12","0","KOSPI","1.75","95.44","","93.79"
"A008040","사조동아원","12","0","KOSPI","-0.19","148.06","","148.34"
"A008060","대덕","12","0","KOSPI","-3.35","587.26","","607.6"
"A008250","이건산업","12","0","KOSPI","-2.77","38.39","","39.48"
"A008260","NI스틸","12","0","KOSPI","-1.47","105.25","","106.82"
"A008290","원풍물산","12","0","KOSDAQ","-4.53","13.29","","13.92"
"A0082N0","카나프테라퓨틱스","12","0","KOSDAQ","-6.97","370.73","","398.49"
"A008350","남선알미늄","12","0","KOSPI","-10.96","233.89","","262.68"
"A008370","원풍","12","0","KOSDAQ","0.59","61.8","","61.44"
"A008420","문배철강","12","0","KOSPI","-3.18","49.93","","51.57"
"A008470","부스타","12","0","KOSDAQ","-0.95","30.76","","31.06"
"A008490","서흥","12","0","KOSPI","10.86","253.94","","229.07"
"A008500","일정실업","12","0","KOSPI","-1.47","14.1","","14.31"
"A008600","윌비스","12","0","KOSPI","0","17.62","","17.62"
"A008700","아남전자","12","0","KOSPI","-3.39","101.19","","104.74"
"A008730","율촌화학","12","1","KOSPI","-4.76","570.4","","598.92"
"A008770","호텔신라","12","1","KOSPI","-5.3","2453.01","","2590.38"
"A008830","대동기어","12","0","KOSDAQ","-5.57","170.58","","180.65"
"A008870","금비","9","0","KOSPI","-1.12","44","","44.5"
"A0088M0","메쥬","12","0","KOSDAQ","-7.56","271.75","","293.98"
"A008930","한미사이언스","12","1","KOSPI","-0.99","2393.7","","2417.64"
"A008970","KBI동양철관","12","0","KOSPI","-1.68","164.26","","167.06"
"A009070","KCTC","12","0","KOSPI","-3.84","157.8","","164.1"
"A009140","경인전자","12","0","KOSPI","-2.33","42.88","","43.9"
"A009150","삼성전기","12","1","KOSPI","-1.37","75440.63","","76486.34"
"A009160","SIMPAC","12","0","KOSPI","0.92","428.83","","424.91"
"A009180","한솔로지스틱스","12","0","KOSPI","0.48","87.85","","87.42"
"A009190","대양금속","12","0","KOSPI","-2.22","58.91","","60.25"
"A009200","무림페이퍼","12","0","KOSPI","-0.43","77.52","","77.85"
"A009240","한샘","12","1","KOSPI","-2.74","834.28","","857.81"
"A009270","신원","12","0","KOSPI","-3.99","137.95","","143.69"
"A009290","광동제약","12","0","KOSPI","-3.95","374.99","","390.43"
"A009300","삼아제약","12","0","KOSDAQ","0.12","104.09","","103.96"
"A009310","참엔지니어링","12","0","KOSPI","0","23.33","","23.33"
"A009320","아진전자부품","12","0","KOSPI","-1.88","51.52","","52.5"
"A009410","태영건설","12","0","KOSPI","-2.94","530.01","","546.08"
"A009420","한올바이오파마","12","1","KOSPI","-0.32","2421.35","","2429.19"
"A009440","KC그린홀딩스","12","0","KOSPI","0","17.57","","17.57"
"A009450","경동나비엔","12","0","KOSPI","-10.06","1028.54","","1143.63"
"A009460","한창제지","12","0","KOSPI","0","32.46","","32.46"
"A009470","삼화전기","12","0","KOSPI","-8.34","236.11","","257.61"
"A009520","포스코엠텍","12","0","KOSDAQ","-7.08","753.73","","811.2"
"A009540","HD한국조선해양","12","1","KOSPI","-4.91","29441.62","","30963.24"
"A009580","무림P&P","12","0","KOSPI","-3.35","153.11","","158.42"
"A009620","삼보산업","12","0","KOSDAQ","-2.6","13.52","","13.88"
"A009680","모토닉","12","0","KOSPI","0.28","230.15","","229.5"
"A009730","이렘","12","0","KOSDAQ","-3.99","19.02","","19.81"
"A009770","삼정펄프","12","0","KOSPI","-0.17","73.62","","73.75"
"A009780","엠에스씨","12","0","KOSDAQ","6.14","133.94","","126.19"
"A009810","플레이그램","12","0","KOSPI","0","35.78","","35.78"
"A009830","한화솔루션","12","1","KOSPI","-15.06","6978.84","","8216.46"
"A009900","명신산업","12","0","KOSPI","-4.64","592.91","","621.77"
"A009970","영원무역홀딩스","12","1","KOSPI","-0.73","2767.34","","2787.59"
"A010040","한국내화","12","0","KOSPI","1.17","74.41","","73.55"
"A010060","OCI홀딩스","12","1","KOSPI","-20.16","5433.04","","6805.3"
"A010100","한국무브넥스","12","0","KOSPI","2.82","155.3","","151.03"
"A010120","LS ELECTRIC","12","1","KOSPI","-7.5","38850","","42000"
"A010130","고려아연","12","1","KOSPI","-5.63","29764.85","","31539.06"
"A010140","삼성중공업","12","1","KOSPI","-2.82","25784","","26532"
"A010170","대한광통신","12","0","KOSDAQ","-7.07","3576.17","","3848.27"
"A010240","흥국","12","0","KOSDAQ","2.53","66.49","","64.85"
"A010280","아이티센엔텍","12","0","KOSDAQ","8.09","97.43","","90.13"
"A010400","우진아이엔에스","12","0","KOSPI","-10.57","27.74","","31.02"
"A010470","오리콤","12","0","KOSDAQ","1.05","69.1","","68.38"
"A010580","에스엠벡셀","12","0","KOSPI","-1.91","228.62","","233.07"
"A010640","진양폴리","12","0","KOSPI","-2.23","36.66","","37.49"
"A010660","화천기계","12","0","KOSPI","-3.13","95.26","","98.34"
"A010690","화신","12","0","KOSPI","-10.48","459.55","","513.33"
"A010770","평화홀딩스","12","0","KOSPI","1.83","60.92","","59.82"
"A010780","아이에스동서","12","0","KOSPI","3.75","917.68","","884.48"
"A010820","퍼스텍","12","0","KOSPI","-4.1","570.63","","595.02"
"A010950","S-Oil","12","1","KOSPI","-2.52","12620.53","","12947.02"
"A010960","삼호개발","12","0","KOSPI","-2.56","87.19","","89.49"
"A011000","진원생명과학","12","0","KOSPI","-5.33","87.25","","92.16"
"A011040","경동제약","12","0","KOSDAQ","0","168.92","","168.92"
"A011070","LG이노텍","12","1","KOSPI","-3.68","17324.32","","17987"
"A011080","형지I&C","12","0","KOSDAQ","-6.25","14.18","","15.12"
"A011090","에넥스","12","0","KOSPI","0","25.68","","25.68"
"A011150","CJ씨푸드","12","0","KOSPI","-1.57","89.83","","91.26"
"A011170","롯데케미칼","12","1","KOSPI","-5.57","3700.07","","3918.23"
"A011200","HMM","12","1","KOSPI","-1.04","18761","","18959.08"
"A011210","현대위아","12","1","KOSPI","-4.85","2510.11","","2637.92"
"A011230","삼화전자","12","0","KOSPI","-3.28","42.36","","43.79"
"A011280","태림포장","12","0","KOSPI","0","135.24","","135.24"
"A011300","우성머티리얼스","12","0","KOSPI","-9.83","42.18","","46.78"
"A011320","유니크","12","0","KOSDAQ","-4.33","81.15","","84.82"
"A011330","유니켐","12","0","KOSPI","-2.58","51.14","","52.49"
"A011370","서한","12","0","KOSDAQ","-1.18","101.2","","102.41"
"A011390","부산산업","12","0","KOSPI","-8.15","65.47","","71.28"
"A011420","갤럭시아에스엠","12","0","KOSPI","-1.93","47.61","","48.54"
"A011500","한농화성","12","0","KOSPI","-8.06","306.96","","333.85"
"A011560","세보엠이씨","12","0","KOSDAQ","7.18","239.6","","223.56"
"A011690","와이투솔루션","12","0","KOSPI","-10.88","237.48","","266.47"
"A011700","한신기계","12","0","KOSPI","-4.78","126.05","","132.38"
"A011760","현대코퍼레이션","12","0","KOSPI","-1.76","369.75","","376.36"
"A011780","금호석유화학","12","1","KOSPI","-3.02","3640.26","","3753.47"
"A011790","SKC","12","1","KOSPI","-8.69","5055.42","","5536.35"
"A0117P0","피스피스스튜디오","12","0","외감","","","",""
"A011810","STX","12","0","KOSPI","0","109.49","","109.49"
"A011930","신성이엔지","12","0","KOSPI","0","822.36","","822.36"
"A012030","DB","12","0","KOSPI","-6.18","427.49","","455.66"
"A0120G0","삼양바이오팜","12","0","KOSPI","-4.66","486.31","","510.1"
"A012160","영흥","12","0","KOSPI","-6.24","42.65","","45.49"
"A012170","아센디오","12","0","KOSPI","-6.47","20.46","","21.88"
"A012200","계양전기","12","0","KOSPI","-12.69","245.28","","280.94"
"A012210","삼미금속","12","0","KOSDAQ","-7.08","273.85","","294.71"
"A012280","영화금속","12","0","KOSPI","-2.86","50.89","","52.39"
"A012320","경동인베스트","12","0","KOSPI","-3.14","138.83","","143.32"
"A012330","현대모비스","12","1","KOSPI","-3.23","57070.79","","58976.18"
"A012340","뉴인텍","12","0","KOSDAQ","1.93","15.49","","17.79"
"A012450","한화에어로스페이스","12","1","KOSPI","-6.89","62701.1","","67341.8"
"A012510","더존비즈온","12","0","KOSPI","0","3647.38","","3647.38"
"A012610","경인양행","12","0","KOSPI","4.04","235.55","","226.39"
"A012620","원일특강","12","0","KOSDAQ","-3.38","36.48","","37.75"
"A012630","HDC","12","0","KOSPI","-0.62","1442.76","","1451.72"
"A012690","모나리자","12","0","KOSPI","-4.5","77.53","","81.19"
"A0126Z0","삼성에피스홀딩스","12","1","KOSPI","-3.8","12615.71","","13113.37"
"A012700","리드코프","12","0","KOSDAQ","-1.01","89.72","","90.63"
"A012750","에스원","12","1","KOSPI","-1.18","2853.74","","2887.94"
"A012790","신일제약","12","0","KOSDAQ","-1.35","70.12","","71.08"
"A012800","대창","12","0","KOSPI","-11.73","144","","163.14"
"A012860","모베이스전자","12","0","KOSDAQ","-10.58","340.54","","380.81"
"A013000","세우글로벌","12","0","KOSPI","-0.85","43.43","","43.8"
"A013030","하이록코리아","12","0","KOSDAQ","-2.41","453.66","","464.84"
"A013120","동원개발","12","0","KOSDAQ","-2.27","234.28","","239.73"
"A013310","아진산업","12","0","KOSDAQ","-3.34","145.91","","150.96"
"A013360","일성건설","12","0","KOSPI","-3.34","87.57","","90.6"
"A013520","화승코퍼레이션","12","0","KOSPI","-3.75","160.66","","166.92"
"A013570","디와이","12","0","KOSPI","-1.04","125.02","","126.33"
"A013580","계룡건설","12","0","KOSPI","-2.95","220.59","","227.29"
"A013700","까뮤이앤씨","12","0","KOSPI","12.45","83.65","","74.39"
"A013720","청보","12","0","KOSDAQ","-3.45","34.06","","35.28"
"A013810","스페코","12","0","KOSDAQ","-3.25","34.88","","36.05"
"A013870","지엠비코리아","12","0","KOSPI","-2.1","84.3","","86.11"
"A013890","지누스","12","0","KOSPI","0.79","251.27","","253.03"
"A013990","아가방컴퍼니","12","0","KOSDAQ","-4.45","162.46","","170.03"
"A014100","메디앙스","12","0","KOSDAQ","-0.06","18.87","","18.88"
"A014130","한익스프레스","12","0","KOSPI","-0.76","31.32","","31.56"
"A014160","대영포장","12","0","KOSPI","-3.2","111.32","","115.01"
"A014190","원익큐브","12","0","KOSDAQ","-1.08","55.15","","55.75"
"A014280","금강공업","12","0","KOSPI","0","153.1","","153.1"
"A014440","영보화학","12","0","KOSPI","-0.11","94.4","","94.5"
"A014470","부방","12","0","KOSDAQ","1.87","78.55","","77.11"
"A014530","극동유화","12","0","KOSPI","-1.11","124.31","","125.7"
"A014570","고려제약","12","0","KOSDAQ","-1.04","41.75","","42.19"
"A014580","태경비케이","12","0","KOSPI","-0.99","123.99","","125.23"
"A014620","성광벤드","12","0","KOSDAQ","-0.29","914.9","","917.56"
"A014680","한솔케미칼","12","1","KOSPI","-2.98","3706.68","","3820.39"
"A014710","사조씨푸드","12","0","KOSPI","-2.01","125.87","","128.45"
"A014790","HL D&I","12","0","KOSPI","-3.6","111.49","","115.66"
"A014820","동원시스템즈","12","1","KOSPI","-3.91","713.19","","742.18"
"A014830","유니드","12","0","KOSPI","-3.07","534.64","","551.56"
"A014910","성문전자","12","0","KOSPI","-17.24","60.87","","73.55"
"A014940","오리엔탈정공","12","0","KOSDAQ","-5.06","307.62","","324.03"
"A014950","삼익제약","12","0","KOSDAQ","-5.52","77.06","","81.56"
"A014970","삼륭물산","12","0","KOSDAQ","-4.93","94.44","","99.33"
"A014990","인디에프","12","0","KOSPI","-4.7","45.67","","47.92"
"A015020","이스타코","12","0","KOSPI","0","19.88","","19.88"
"A015230","대창단조","12","0","KOSPI","-3.59","182.13","","188.92"
"A015260","에이엔피","12","0","KOSPI","-4.15","29.4","","30.67"
"A015360","INVENI","12","0","KOSPI","0.24","462.98","","461.89"
"A015590","DKME","12","0","KOSPI","-29.93","141.48","","122.05"
"A015710","코콤","12","0","KOSDAQ","-1.82","61.53","","62.67"
"A015750","성우하이텍","12","0","KOSDAQ","-3.67","672","","697.6"
"A015760","한국전력","12","1","KOSPI","-2.27","24876.11","","25453.88"
"A015860","일진홀딩스","12","0","KOSPI","-11.89","606.97","","688.89"
"A015890","태경산업","12","0","KOSPI","-0.21","142.34","","142.64"
"A016090","대현","12","0","KOSPI","-0.06","77.76","","77.8"
"A016100","리더스코스메틱","12","0","KOSDAQ","0.66","31.9","","31.69"
"A016250","SGC E&C","12","0","KOSDAQ","-2.93","75.05","","77.32"
"A016360","삼성증권","12","1","KOSPI","-5.23","11001.76","","11609"
"A016380","KG스틸","12","0","KOSPI","4.03","749.07","","720.06"
"A016450","한세예스24홀딩스","12","0","KOSPI","0.46","175.2","","174.4"
"A016580","환인제약","12","0","KOSPI","0.17","213.34","","212.97"
"A016590","신대양제지","12","0","KOSPI","-3.55","459.8","","476.72"
"A016600","큐캐피탈","12","0","KOSDAQ","0","52.23","","52.23"
"A016610","DB증권","12","0","KOSPI","-6.34","551.8","","589.16"
"A016670","디모아","12","0","KOSDAQ","0","38.74","","38.74"
"A016710","대성홀딩스","12","0","KOSPI","-2.38","131.77","","134.99"
"A016740","두올","12","0","KOSPI","0","137.49","","137.49"
"A016790","현대사료","12","0","KOSDAQ","0","187.34","","187.34"
"A016800","퍼시스","12","0","KOSPI","-1.47","347.88","","353.05"
"A016880","웅진","12","0","KOSPI","1.2","201.82","","199.42"
"A016920","카스","12","0","KOSDAQ","-2.65","26.31","","27.02"
"A017000","신원종합개발","12","0","KOSDAQ","-4.17","32.2","","33.6"
"A017040","광명전기","12","0","KOSPI","0","40.39","","40.39"
"A017180","명문제약","12","0","KOSPI","-2.13","56.23","","57.45"
"A017250","인터엠","9","0","KOSDAQ","-2.34","21.93","","22.46"
"A017370","우신시스템","12","0","KOSPI","-3.83","101.09","","105.12"
"A017390","서울가스","12","0","KOSPI","2.27","311.85","","304.92"
"A017480","삼현철강","12","0","KOSDAQ","-0.1","75.77","","75.84"
"A017510","세명전기","12","0","KOSDAQ","-11.65","180.36","","204.14"
"A017550","수산세보틱스","12","0","KOSPI","-3.9","176.9","","184.08"
"A017650","대림제지","12","0","KOSDAQ","0.41","85.57","","85.21"
"A017670","SK텔레콤","12","1","KOSPI","-1.36","21758.23","","22058.94"
"A017800","현대엘리베이터","12","1","KOSPI","-3.22","3522.22","","3639.5"
"A017810","풀무원","12","0","KOSPI","-1.87","420.09","","428.09"
"A017860","DS단석","12","0","KOSPI","-4.84","335.11","","352.16"
"A017890","한국알콜","12","0","KOSDAQ","-0.77","273.15","","275.28"
"A017900","광전자","12","0","KOSPI","-9.86","620","","687.79"
"A017940","E1","12","0","KOSPI","2.19","703.84","","688.74"
"A017960","한국카본","12","1","KOSPI","-5.37","2025.8","","2140.81"
"A018000","유니슨","12","0","KOSDAQ","-6.73","254.88","","273.28"
"A018120","진로발효","12","0","KOSDAQ","0.46","116","","115.47"
"A018250","애경산업","12","0","KOSPI","-1.03","354.95","","358.65"
"A018260","삼성에스디에스","12","1","KOSPI","3.34","14624.4","","14152.4"
"A018290","브이티","12","0","KOSDAQ","-4.82","517.84","","544.04"
"A018310","삼목에스폼","12","0","KOSDAQ","-1.47","255.78","","259.6"
"A018470","조일알미늄","12","0","KOSPI","-5.49","185.26","","196.03"
"A018500","동원모빌리티","3","0","KOSPI","-2.07","81.87","","83.6"
"A018620","우진비앤지","12","0","KOSDAQ","0","21.55","","21.55"
"A018670","SK가스","12","0","KOSPI","3.2","2684.6","","2601.29"
"A018680","서울제약","12","0","KOSDAQ","0.19","30.9","","30.84"
"A018700","졸스","12","0","KOSDAQ","7.93","20.87","","19.34"
"A018880","한온시스템","12","1","KOSPI","1","5182.63","","5131.31"
"A019010","베뉴지","12","0","KOSDAQ","-4.52","274.74","","287.75"
"A019170","신풍제약","12","0","KOSPI","-4.05","570.84","","594.95"
"A019180","티에이치엔","12","0","KOSPI","-4.86","137.52","","144.54"
"A019210","와이지-원","12","0","KOSDAQ","1.44","655.73","","646.43"
"A019490","엑시큐어하이트론","12","0","KOSPI","0","41.35","","41.35"
"A019540","일지테크","12","0","KOSDAQ","3.51","95.68","","92.43"
"A019550","SBI인베스트먼트","12","0","KOSDAQ","0","103.4","","103.4"
"A019570","GMI벤처","12","0","KOSDAQ","-2.28","35.11","","35.93"
"A019660","글로본","12","0","KOSDAQ","-0.94","29.28","","29.56"
"A019680","대교","12","0","KOSPI","-8.4","101.56","","110.88"
"A019770","서연탑메탈","12","0","KOSDAQ","1.17","45.49","","44.97"
"A019990","에너토크","12","0","KOSDAQ","-9.12","77.76","","85.56"
"A020000","한섬","12","0","KOSPI","-3.58","604.7","","627.14"
"A020120","키다리스튜디오","12","0","KOSPI","-3.74","133.43","","138.62"
"A020150","롯데에너지머티리얼즈","12","0","KOSPI","-8.52","3204.77","","3503.25"
"A020180","대신정보통신","3","0","KOSDAQ","-3.21","41.66","","43.04"
"A020400","대동금속","12","0","KOSDAQ","-3.39","25.48","","26.37"
"A020560","아시아나항공","12","0","KOSPI","-6.35","1518.15","","1621.15"
"A020710","시공테크","12","0","KOSDAQ","-2.34","87.81","","89.92"
"A020760","일진디스플","12","0","KOSPI","0","50.98","","50.98"
"A021040","대호특수강","12","0","KOSDAQ","-3.77","26.05","","27.07"
"A021050","서원","12","0","KOSPI","-10.06","69.17","","76.91"
"A021080","에이티넘인베스트","12","0","KOSDAQ","-6.71","150.24","","161.04"
"A021240","코웨이","12","1","KOSPI","-1.56","6701.68","","6807.83"
"A021320","KCC건설","12","0","KOSDAQ","-3.85","138.89","","144.45"
"A021650","한국큐빅","12","0","KOSDAQ","-0.46","35.32","","35.48"
"A021820","세원정공","6","0","KOSPI","-2.4","142.3","","145.8"
"A021880","메이슨캐피탈","3","0","KOSDAQ","-22.33","35.43","","45.62"
"A022100","포스코DX","12","1","KOSPI","-5.47","5123.57","","5420.04"
"A022220","티케이지애강","12","0","KOSDAQ","-0.26","40.19","","40.3"
"A023000","삼원강재","12","0","KOSPI","-0.43","93","","93.4"
"A023150","MH에탄올","12","0","KOSPI","-2.67","29.59","","30.4"
"A023160","태광","12","0","KOSDAQ","-3.07","898.89","","927.34"
"A023350","한국종합기술","12","0","KOSPI","0","55.19","","55.19"
"A023410","유진기업","12","0","KOSDAQ","-2.25","285.28","","291.85"
"A023440","제이스코홀딩스","12","0","KOSDAQ","0","46.96","","46.96"
"A023450","동남합성","12","0","KOSPI","1.67","106.58","","104.83"
"A023530","롯데쇼핑","12","1","KOSPI","-3.36","4803.43","","4970.33"
"A023590","다우기술","12","0","KOSPI","-1.69","1887.33","","1919.79"
"A023600","삼보판지","12","0","KOSDAQ","1.34","157.04","","154.96"
"A023760","한국캐피탈","12","0","KOSDAQ","-3.65","283.1","","293.83"
"A023770","플레이위드","12","0","KOSDAQ","-0.95","23.35","","23.57"
"A023790","동일스틸럭스","12","0","KOSDAQ","0","32.65","","32.65"
"A023800","인지컨트롤스","12","0","KOSPI","-3.13","122.52","","126.47"
"A023810","인팩","12","0","KOSPI","0","80.3","","80.3"
"A023900","풍국주정","12","0","KOSDAQ","-1.67","118.44","","120.46"
"A023910","대한약품","12","0","KOSDAQ","-2.64","166.2","","170.7"
"A023960","에쓰씨엔지니어링","12","0","KOSPI","-2.73","44.77","","46.02"
"A024060","흥구석유","12","0","KOSDAQ","3.63","226.95","","219"
"A024070","WISCOM","12","0","KOSPI","-5.91","31.73","","33.72"
"A024090","디씨엠","12","0","KOSPI","1.63","142.27","","139.99"
"A024110","기업은행","12","1","KOSPI","-1.88","16666.2","","16985.17"
"A024120","KB오토시스","12","0","KOSDAQ","-1.72","42.61","","43.36"
"A024720","콜마홀딩스","12","0","KOSPI","-2.76","337.82","","347.42"
"A024740","한일단조","12","0","KOSDAQ","-1.99","97.38","","99.35"
"A024800","유성티엔에스","12","0","KOSDAQ","-1.95","176.74","","180.26"
"A024830","세원물산","12","0","KOSDAQ","-2.06","87.42","","89.26"
"A024840","KBI메탈","12","0","KOSDAQ","-11.05","258.02","","273.98"
"A024850","HLB이노베이션","12","0","KOSDAQ","-6.71","683.85","","733.03"
"A024880","케이피에프","12","0","KOSDAQ","-1.57","113.92","","115.73"
"A024890","대원화성","12","0","KOSPI","0","37.37","","37.37"
"A024900","디와이덕양","12","0","KOSPI","-2.6","67.08","","68.87"
"A024910","경창산업","12","0","KOSDAQ","-5.3","73.61","","77.73"
"A024940","PN풍년","12","0","KOSDAQ","-1.23","28.2","","28.55"
"A024950","삼천리자전거","12","0","KOSDAQ","-3.7","58.09","","60.33"
"A025000","KPX케미칼","12","0","KOSPI","-0.19","227.25","","227.69"
"A025320","시노펙스","12","0","KOSDAQ","-3.57","472.75","","490.26"
"A025440","DH오토웨어","12","0","KOSDAQ","-1.85","38.93","","39.66"
"A025530","SJM홀딩스","12","0","KOSPI","-1.2","55.33","","56"
"A025540","한국단자","12","0","KOSPI","-3.39","863.82","","894.17"
"A025550","한국선재","12","0","KOSDAQ","-1.47","93.89","","95.29"
"A025560","미래산업","12","0","KOSPI","-11.47","97.79","","110.47"
"A025620","차AI헬스케어","12","0","KOSPI","-2.69","131.8","","135.44"
"A025750","한솔홈데코","12","0","KOSPI","-4.67","37.79","","39.64"
"A025770","한국정보통신","12","0","KOSDAQ","-3.41","370.7","","383.8"
"A025820","이구산업","12","0","KOSPI","-7.03","203.33","","218.71"
"A025860","남해화학","12","0","KOSPI","-7.67","412.83","","447.11"
"A025870","신라에스지","12","0","KOSDAQ","-1.38","15.72","","15.94"
"A025880","케이씨피드","12","0","KOSDAQ","-1.94","46.47","","47.39"
"A025890","한국주강","12","0","KOSPI","-3.74","22.96","","23.85"
"A025900","동화기업","12","0","KOSDAQ","-8.93","489.9","","537.93"
"A025950","동신건설","12","0","KOSDAQ","-0.13","126","","126.17"
"A025980","아난티","12","0","KOSDAQ","-10.52","571.16","","638.29"
"A026040","제이에스티나","12","0","KOSDAQ","-1.29","44.31","","44.89"
"A026150","특수건설","12","0","KOSDAQ","-4.33","97.03","","101.42"
"A026890","스틱인베스트먼트","12","0","KOSPI","-1.76","347","","353.2"
"A026910","광진실업","12","0","KOSDAQ","-8.87","13.48","","14.8"
"A026940","부국철강","12","0","KOSPI","-2.43","48.1","","49.3"
"A026960","동서","12","1","KOSPI","-2.12","2527.39","","2582.23"
"A027040","서울전자통신","12","0","KOSDAQ","0","33.4","","33.4"
"A027050","코리아나","12","0","KOSDAQ","-1.25","72.8","","73.72"
"A027360","아주IB투자","12","0","KOSDAQ","-10","1733.59","","1926.21"
"A027410","BGF","12","0","KOSPI","0","476.19","","476.19"
"A027580","상보","12","0","KOSDAQ","0","35.39","","35.39"
"A027710","팜스토리","12","0","KOSDAQ","-2.02","150.97","","154.09"
"A027740","마니커","12","0","KOSPI","0","52.14","","52.14"
"A027830","대성창투","12","0","KOSDAQ","-2.71","75.55","","77.65"
"A027970","한국제지","12","0","KOSPI","1.41","136.93","","135.03"
"A028050","삼성E&A","12","1","KOSPI","-7.5","9917.6","","10721.2"
"A028080","휴맥스홀딩스","12","0","KOSDAQ","-4.04","17.94","","18.69"
"A028100","동아지질","12","0","KOSPI","-1.28","217.58","","220.39"
"A028260","삼성물산","12","1","KOSPI","-10.29","64300","","71678.69"
"A028300","HLB","12","0","KOSDAQ","-2.44","6912.21","","7085.35"
"A028670","팬오션","12","1","KOSPI","-1.47","3223.45","","3271.57"
"A029460","케이씨","12","0","KOSPI","-6.97","412.17","","443.03"
"A029480","광무","12","0","KOSDAQ","-2.86","121.83","","125.41"
"A029530","신도리코","12","0","KOSPI","-2.85","446.92","","460.04"
"A029780","삼성카드","12","1","KOSPI","-0.39","5885.63","","5908.8"
"A030000","제일기획","12","1","KOSPI","0.93","2253.66","","2232.95"
"A030190","NICE평가정보","12","0","KOSPI","5.91","876.6","","827.71"
"A030200","KT","12","1","KOSPI","-4.71","14793.67","","15524.54"
"A030210","다올투자증권","12","0","KOSPI","-5.77","243.64","","258.57"
"A030350","드래곤플라이","12","0","KOSDAQ","0","15.17","","15.17"
"A030520","한컴","12","0","KOSDAQ","-4.02","467.64","","487.22"
"A030530","원익홀딩스","12","0","KOSDAQ","-6.78","2178.11","","2336.45"
"A030610","교보증권","12","0","KOSPI","-3.58","1532.8","","1589.78"
"A030720","동원수산","12","0","KOSPI","-2.5","29.04","","29.78"
"A030960","양지사","6","0","KOSDAQ","-4.86","100.03","","105.15"
"A031210","서울보증보험","12","0","KOSPI","-1.62","3187.36","","3239.72"
"A031310","아이즈비전","12","0","KOSDAQ","-5.03","48.87","","51.46"
"A031330","에스에이엠티","12","0","KOSDAQ","30","1429.93","","1099.95"
"A031430","신세계인터내셔날","12","0","KOSPI","-4.2","566.42","","591.26"
"A031440","신세계푸드","12","0","KOSPI","-10.05","197.5","","219.57"
"A031510","오스템","12","0","KOSDAQ","2.78","28.98","","28.2"
"A031820","아이티센씨티에스","12","0","KOSPI","2.71","96.36","","93.81"
"A031860","디에이치엑스컴퍼니","12","0","KOSDAQ","0","18.71","","18.71"
"A031980","피에스케이홀딩스","12","0","KOSDAQ","-7.56","2609.05","","2822.52"
"A032080","아즈텍WB","12","0","KOSDAQ","-0.4","26.91","","27.01"
"A032190","다우데이타","12","0","KOSDAQ","-1.13","838.77","","848.35"
"A032280","삼일","12","0","KOSDAQ","-1.18","21.65","","21.9"
"A032300","한국파마","12","0","KOSDAQ","-3.95","111.25","","115.83"
"A032350","롯데관광개발","12","0","KOSPI","-1.36","1557.8","","1579.29"
"A032500","케이엠더블유","12","0","KOSDAQ","-6.15","1285.72","","1370.03"
"A032540","TJ미디어","12","0","KOSDAQ","0","75.23","","75.23"
"A032560","황금에스티","12","0","KOSPI","3.05","103.36","","100.3"
"A032580","피델릭스","12","0","KOSDAQ","0","128.06","","128.06"
"A032620","GC메디아이","12","0","KOSDAQ","-2.23","194.43","","198.87"
"A032640","LG유플러스","12","1","KOSPI","-2.35","6967.52","","7135.15"
"A032680","소프트센","12","0","KOSDAQ","0","27.95","","27.95"
"A032750","삼진","12","0","KOSDAQ","-0.3","30.21","","30.3"
"A032790","엠젠솔루션","12","0","KOSDAQ","0","45.56","","45.56"
"A032800","판타지오","6","0","KOSDAQ","-7.47","17.65","","19.07"
"A032820","우리기술","12","0","KOSDAQ","-5.88","2930.88","","3113.95"
"A032830","삼성생명","12","1","KOSPI","-6.06","62000","","66000"
"A032850","비트컴퓨터","12","0","KOSDAQ","-2.59","81.12","","83.28"
"A032860","더라미","12","0","KOSDAQ","-0.2","41.08","","41.16"
"A032940","원익","12","0","KOSDAQ","-5.49","159.74","","169.02"
"A032960","동일기연","12","0","KOSDAQ","-2.2","43.81","","44.79"
"A032980","바이온","12","0","KOSDAQ","0","18.35","","18.35"
"A033050","제이엠아이","12","0","KOSDAQ","-0.41","31.7","","31.83"
"A033100","제룡전기","12","0","KOSDAQ","-8.1","1111.52","","1209.5"
"A033130","디지틀조선","12","0","KOSDAQ","-1.91","76.09","","77.57"
"A033160","엠케이전자","12","0","KOSDAQ","-4.05","688.07","","713.21"
"A033170","시그네틱스","12","0","KOSDAQ","-5.72","66.44","","70.47"
"A033200","모아텍","3","0","KOSDAQ","-2.92","36.77","","37.88"
"A033230","인성정보","12","0","KOSDAQ","-2.93","85.22","","87.8"
"A033240","자화전자","12","0","KOSPI","16.53","1203.43","","1032.74"
"A033250","체시스","12","0","KOSPI","-3.11","26.91","","27.78"
"A033270","유나이티드제약","12","0","KOSPI","-0.55","314.08","","315.83"
"A033290","로젠","12","0","KOSDAQ","-1.5","106.81","","108.44"
"A033310","엠투엔","12","0","KOSDAQ","-2.93","64.96","","66.91"
"A033320","제이씨현시스템","12","0","KOSDAQ","-2.86","81.24","","83.63"
"A033340","좋은사람들","12","0","KOSDAQ","-9.66","128.75","","142.52"
"A033500","동성화인텍","12","0","KOSDAQ","-6.68","670.27","","718.25"
"A033530","SJG세종","12","0","KOSPI","-1.28","214.78","","217.56"
"A033540","파라텍","12","0","KOSDAQ","-4.35","47.07","","49.22"
"A033560","블루콤","12","0","KOSDAQ","0.3","57.97","","57.8"
"A033640","네패스","12","0","KOSDAQ","0.32","720.6","","718.29"
"A033780","KT&G","12","1","KOSPI","-4.87","18665.12","","21673.89"
"A033790","피노","12","0","KOSDAQ","-1.66","1222.63","","1243.21"
"A033830","티비씨","12","0","KOSDAQ","0.73","55.4","","55"
"A033920","무학","12","0","KOSPI","-1.5","242.82","","246.53"
"A034020","두산에너빌리티","12","1","KOSPI","-5.38","70974.17","","75009.71"
"A034120","SBS","12","0","KOSPI","-1","275.67","","278.45"
"A034220","LG디스플레이","12","1","KOSPI","-8.08","7050","","7670"
"A034230","파라다이스","12","1","KOSPI","-4.19","1418.16","","1480.22"
"A034310","NICE","12","0","KOSPI","1.74","494.75","","486.3"
"A034590","인천도시가스","12","0","KOSPI","-1.32","114.84","","116.37"
"A034730","SK","12","1","KOSPI","-7.02","36468.86","","39223.96"
"A034810","해성산업","12","0","KOSDAQ","-1.08","238.32","","240.92"
"A034830","한국토지신탁","12","0","KOSPI","1.32","387.57","","382.52"
"A034940","조아제약","12","0","KOSDAQ","-2.86","26.33","","27.11"
"A034950","한국기업평가","12","0","KOSDAQ","0.38","482.2","","480.39"
"A035000","HS애드","12","0","KOSPI","-0.66","122.85","","123.66"
"A035080","그래디언트","12","0","KOSDAQ","-3.3","117.17","","121.17"
"A035150","백산","12","0","KOSPI","-0.43","232.33","","233.34"
"A035200","프럼파스트","12","0","KOSDAQ","-0.81","35.91","","36.2"
"A035250","강원랜드","12","1","KOSPI","0.49","3487.23","","3470.11"
"A035290","골드앤에스","12","0","KOSDAQ","0","18.14","","18.14"
"A035420","NAVER","12","1","KOSPI","-4.46","31923.81","","33414.11"
"A035460","기산텔레콤","12","0","KOSDAQ","-3.36","53.65","","55.51"
"A035510","신세계 I&C","12","0","KOSPI","0.31","274.86","","274.03"
"A035600","KG이니시스","12","0","KOSDAQ","-1.6","288.49","","293.18"
"A035610","솔본","12","0","KOSDAQ","1.51","101.32","","99.81"
"A035620","바른손이앤에이","12","0","KOSDAQ","0","19.19","","19.19"
"A035720","카카오","12","1","KOSPI","-4.24","19496.9","","20360.97"
"A035760","CJ ENM","12","0","KOSDAQ","-0.79","962.69","","970.37"
"A035810","이지홀딩스","12","0","KOSDAQ","-1.15","332.9","","336.77"
"A035890","서희건설","12","0","KOSDAQ","-6.58","505.58","","541.2"
"A035900","JYP Ent.","12","0","KOSDAQ","7.63","2256.31","","2096.42"
"A036000","예림당","12","0","KOSDAQ","-3.83","69.33","","72.1"
"A036010","아비코전자","12","0","KOSDAQ","-6.81","120.04","","128.81"
"A036030","케이티알파","12","0","KOSDAQ","-1.88","242.89","","247.55"
"A036090","위지트","12","0","KOSDAQ","0","84.06","","84.06"
"A036120","서울평가정보","12","0","KOSDAQ","2.01","67.94","","66.6"
"A036170","에이치엠넥스","12","0","KOSDAQ","-11.58","384.15","","434.47"
"A036190","금화피에스시","12","0","KOSDAQ","-6.57","196.2","","210"
"A036200","유니셈","12","0","KOSDAQ","-8.67","335.77","","367.66"
"A036220","오상헬스케어","12","0","KOSDAQ","-6.97","122.2","","131.36"
"A036420","콘텐트리중앙","12","0","KOSPI","-2.2","102.67","","104.98"
"A036460","한국가스공사","12","1","KOSPI","0.26","3494.05","","3484.82"
"A036480","대성미생물","12","0","KOSDAQ","-4.71","24.62","","25.84"
"A036530","SNT홀딩스","12","0","KOSPI","-1.67","865.74","","880.41"
"A036540","SFA반도체","12","0","KOSDAQ","3.99","1416","","1361.73"
"A036560","KZ정밀","12","0","KOSDAQ","-1.11","211.37","","213.73"
"A036570","NC","12","1","KOSPI","-2.69","5849.2","","6010.78"
"A036580","팜스코","12","0","KOSPI","-5.06","113.67","","119.73"
"A036620","감성코퍼레이션","12","0","KOSDAQ","-2.88","488.72","","503.2"
"A036630","세종텔레콤","12","0","KOSDAQ","1.87","103.3","","101.4"
"A036640","HRS","12","0","KOSDAQ","-1.19","81.61","","82.59"
"A036670","삼양케이씨아이","12","0","KOSDAQ","-0.51","65.93","","66.27"
"A036690","코맥스","12","0","KOSDAQ","0","125.69","","125.69"
"A036710","심텍홀딩스","12","0","KOSDAQ","-9.47","232.44","","256.74"
"A036800","나이스정보통신","12","0","KOSDAQ","3.16","293.5","","284.5"
"A036810","에프에스티","12","0","KOSDAQ","-9.04","740.42","","814.03"
"A036830","솔브레인홀딩스","12","0","KOSDAQ","-8.68","1164.63","","1275.35"
"A036890","진성티이씨","12","0","KOSDAQ","-1.4","373.45","","378.74"
"A036930","주성엔지니어링","12","0","KOSDAQ","-16.55","6516.65","","7808.83"
"A037030","파워넷","12","0","KOSDAQ","-6.62","190.84","","204.36"
"A037070","파세코","12","0","KOSDAQ","-0.35","172.2","","172.8"
"A037230","한국팩키지","12","0","KOSDAQ","-0.47","63.33","","63.62"
"A037270","YG PLUS","12","0","KOSPI","-3.13","285.85","","295.08"
"A037330","인지디스플레","12","0","KOSDAQ","-2.28","62.1","","63.55"
"A037350","성도이엔지","12","0","KOSDAQ","-4.5","158.34","","165.79"
"A037370","EG","12","0","KOSDAQ","-3.46","42.13","","43.64"
"A037400","우리엔터프라이즈","12","0","KOSDAQ","-0.2","25.7","","25.75"
"A037440","희림","12","0","KOSDAQ","-5.57","80.19","","84.93"
"A037460","삼지전자","12","0","KOSDAQ","29.97","810.21","","623.37"
"A037560","LG헬로비전","12","0","KOSPI","2.51","174.26","","170"
"A037710","광주신세계","12","0","KOSPI","-1.17","289.45","","292.88"
"A037760","쎄니트","12","0","KOSDAQ","2.29","83.06","","81.2"
"A037950","엘컴텍","12","0","KOSDAQ","-5.99","51.68","","54.98"
"A038010","제일테크노스","12","0","KOSDAQ","0.15","59.13","","59.04"
"A038060","루멘스","12","0","KOSDAQ","-3.72","63.45","","65.9"
"A038070","서린바이오","12","0","KOSDAQ","-2.47","55.15","","56.55"
"A038110","에코플라스틱","12","0","KOSDAQ","-3.7","123.3","","128.04"
"A038290","마크로젠","12","0","KOSDAQ","-3.32","157.85","","163.27"
"A038390","레드캡투어","12","0","KOSDAQ","-1.33","174.23","","176.57"
"A038460","바이오스마트","12","0","KOSDAQ","0.14","90.61","","90.48"
"A038500","삼표시멘트","12","0","KOSDAQ","-7.46","1473.06","","1591.77"
"A038530","케이바이오랩스","12","0","KOSDAQ","-9.08","29.18","","32.1"
"A038540","상상인","12","0","KOSDAQ","2.64","118.13","","115.08"
"A038620","위즈코프","12","0","KOSDAQ","-3.64","29.26","","30.37"
"A038680","에스넷","12","0","KOSDAQ","-3.77","83.93","","87.22"
"A038870","에코심플렉스","12","0","KOSDAQ","0","37.7","","37.7"
"A038880","아이에이","12","0","KOSDAQ","-3.48","35.39","","36.67"
"A038950","파인디지털","12","0","KOSDAQ","-3.1","35.13","","36.25"
"A039010","현대에이치티","12","0","KOSDAQ","-2.98","87.11","","89.79"
"A039020","이건홀딩스","12","0","KOSDAQ","-1.66","66.85","","67.98"
"A039030","이오테크닉스","12","0","KOSDAQ","-7.72","5445.24","","5901.06"
"A039130","하나투어","12","0","KOSPI","-1.62","611.85","","621.92"
"A039200","오스코텍","12","0","KOSDAQ","-1.05","1805.79","","1824.91"
"A039240","경남스틸","12","0","KOSDAQ","-2.63","70.01","","71.9"
"A039290","인포뱅크","12","0","KOSDAQ","-3.4","37.08","","38.38"
"A039310","세중","12","0","KOSDAQ","5.51","27.07","","25.66"
"A039340","한국경제TV","12","0","KOSDAQ","-0.73","104.72","","105.49"
"A039420","케이엘넷","12","0","KOSDAQ","-0.65","69.64","","70.1"
"A039440","에스티아이","12","0","KOSDAQ","-11.31","468.31","","528.01"
"A039490","키움증권","12","1","KOSPI","-5.71","10386.41","","11015.89"
"A039560","다산네트웍스","12","0","KOSDAQ","-3.56","190.35","","197.38"
"A039570","HDC랩스","12","0","KOSPI","0.25","207.4","","206.88"
"A039610","화성밸브","12","0","KOSDAQ","-1.27","89.11","","90.26"
"A039740","한국정보공학","12","0","KOSDAQ","4.42","35.96","","34.44"
"A039830","오로라","12","0","KOSDAQ","-3.63","177.37","","184.05"
"A039840","디오","12","0","KOSDAQ","-2.03","213.31","","217.74"
"A039860","나노엔텍","12","0","KOSDAQ","-2.86","206.85","","212.94"
"A039980","폴라리스AI","12","0","KOSDAQ","-9.19","120.81","","133.04"
"A040160","누리플렉스","12","0","KOSDAQ","-11.05","190.12","","213.74"
"A040300","YTN","12","0","KOSDAQ","-3.06","143.51","","148.04"
"A040350","크레오에스지","12","0","KOSDAQ","3.41","70.96","","68.61"
"A040420","정상제이엘에스","12","0","KOSDAQ","0","91.71","","91.71"
"A040610","SG&G","12","0","KOSDAQ","0","74.14","","74.14"
"A040910","아이씨디","12","0","KOSDAQ","-5.81","102.34","","108.66"
"A041020","폴라리스오피스","12","0","KOSDAQ","-6.18","199.73","","212.9"
"A041190","우리기술투자","12","0","KOSDAQ","-0.16","514.92","","515.76"
"A041440","현대에버다임","12","0","KOSDAQ","-5.9","154.44","","164.11"
"A041460","한국전자인증","12","0","KOSDAQ","-1.82","71.73","","73.06"
"A041510","에스엠","12","0","KOSDAQ","-1.93","2099.44","","2140.65"
"A041520","이엘씨","12","0","KOSDAQ","-5.05","144.44","","152.12"
"A041590","플래스크","12","0","KOSDAQ","0","116.06","","116.06"
"A041650","상신브레이크","12","0","KOSPI","-1.49","56.79","","57.65"
"A041830","인바디","12","0","KOSDAQ","-2.71","603.94","","620.79"
"A041910","폴라리스AI파마","12","0","KOSDAQ","-5.84","94.31","","100.16"
"A041920","메디아나","12","0","KOSDAQ","-2.62","331.42","","340.35"
"A041930","SY동아","12","0","KOSDAQ","-2.8","95","","97.74"
"A041960","코미팜","12","0","KOSDAQ","-5.33","603.65","","637.64"
"A042000","카페24","12","0","KOSDAQ","-6.25","527.5","","562.67"
"A042040","케이피엠테크","12","0","KOSDAQ","-2.89","24.91","","25.65"
"A042110","에스씨디","12","0","KOSDAQ","1.16","71.77","","70.95"
"A042370","비츠로테크","12","0","KOSDAQ","-7.9","369.42","","401.12"
"A042420","네오위즈홀딩스","12","0","KOSDAQ","-2.88","164.88","","169.77"
"A042500","링네트","12","0","KOSDAQ","-2.12","113.02","","115.47"
"A042510","라온시큐어","12","0","KOSDAQ","-1.7","129.98","","132.22"
"A042520","한스바이오메드","9","0","KOSDAQ","-10.75","355.11","","397.89"
"A042600","새로닉스","12","0","KOSDAQ","-11.04","218.28","","245.37"
"A042660","한화오션","12","1","KOSPI","-1.91","36187.42","","36892.17"
"A042700","한미반도체","12","1","KOSPI","-9.89","35170.2","","39030.35"
"A042940","상지건설","12","0","KOSDAQ","-5.87","60.23","","63.99"
"A043090","더테크놀로지","12","0","KOSDAQ","0","4.72","","4.72"
"A043100","알파AI","12","0","KOSDAQ","0","10.46","","10.46"
"A043150","바텍","12","0","KOSDAQ","-4.47","317.14","","331.99"
"A043200","파루","12","0","KOSDAQ","-6.22","36.58","","39"
"A043220","티에스넥스젠","12","0","KOSDAQ","0","27.23","","27.23"
"A043260","성호전자","12","0","KOSDAQ","-5.02","2883.01","","3035.5"
"A043340","에쎈테크","12","0","KOSDAQ","0","52.16","","52.16"
"A043360","디지아이","12","0","KOSDAQ","-0.36","24.75","","24.84"
"A043370","피에이치에이","12","0","KOSDAQ","-2.32","274.05","","280.56"
"A043590","웰킵스하이텍","12","0","KOSDAQ","0","21.57","","21.57"
"A043610","KT지니뮤직","12","0","KOSDAQ","-0.3","96.76","","97.05"
"A043650","국순당","12","0","KOSDAQ","-3.33","70","","72.42"
"A043710","코스리거글로벌","12","0","KOSDAQ","3.35","74.88","","72.45"
"A043910","자연과환경","12","0","KOSDAQ","0","55.9","","55.9"
"A044180","KD","12","0","KOSDAQ","0","5.48","","5.48"
"A044340","위닉스","12","0","KOSDAQ","-2.06","89.28","","91.15"
"A044380","주연테크","12","0","KOSPI","0","27.73","","27.73"
"A044450","KSS해운","12","0","KOSPI","-2.43","259.49","","265.95"
"A044480","빌리언스","12","0","KOSDAQ","-3.3","44.86","","46.39"
"A044490","태웅","12","0","KOSDAQ","-9.38","831.31","","917.34"
"A044780","에이치케이","12","0","KOSDAQ","-4.34","27.31","","28.55"
"A044820","코스맥스비티아이","12","0","KOSPI","-3.52","197.36","","204.56"
"A044960","이글벳","12","0","KOSDAQ","-3.85","47.41","","49.3"
"A044990","에이치엔에스하이텍","12","0","KOSDAQ","-2.8","120.12","","123.58"
"A045060","오공","12","0","KOSDAQ","-1.5","39.05","","39.64"
"A045100","한양이엔지","12","0","KOSDAQ","-9.38","532.88","","588"
"A045300","성우테크론","12","0","KOSDAQ","-1.41","36.91","","37.44"
"A045340","토탈소프트","12","0","KOSDAQ","-3.52","58.62","","60.76"
"A045390","대아티아이","12","0","KOSDAQ","-10.62","257.93","","288.59"
"A045510","정원엔시스","12","0","KOSDAQ","-1.8","33.47","","34.08"
"A045520","크린앤사이언스","12","0","KOSDAQ","-3.1","18.27","","18.85"
"A045660","에이텍","12","0","KOSDAQ","-1.52","74.84","","75.99"
"A045970","코아시아","12","0","KOSDAQ","-7.88","132.36","","143.68"
"A046070","코다코","12","0","KOSDAQ","0","159.2","","159.2"
"A046120","오르비텍","12","0","KOSDAQ","-7.76","330.09","","357.85"
"A046210","HLB파나진","12","0","KOSDAQ","-3.71","80.36","","83.45"
"A046310","백금T&A","12","0","KOSDAQ","-0.89","45.64","","46.05"
"A046390","삼화네트웍스","12","0","KOSDAQ","0","42.78","","42.78"
"A046440","KG파이낸셜","12","0","KOSDAQ","-1.07","175.8","","177.7"
"A046890","서울반도체","12","0","KOSDAQ","-11.82","939.88","","1065.82"
"A046940","우원개발","12","0","KOSDAQ","-3.88","89.65","","93.26"
"A046970","우리로","12","0","KOSDAQ","-10.1","347.09","","386.1"
"A047040","대우건설","12","1","KOSPI","-12.58","11710.87","","13395.59"
"A047050","포스코인터내셔널","12","1","KOSPI","-3.62","12648.85","","13123.84"
"A047080","한빛소프트","12","0","KOSDAQ","-0.08","31.7","","31.72"
"A047310","파워로직스","12","0","KOSDAQ","-6.87","181.04","","194.4"
"A047400","유니온머티리얼","12","0","KOSPI","-11.03","67.75","","76.15"
"A047560","이스트소프트","12","0","KOSDAQ","-5.26","143.91","","151.89"
"A047770","코데즈컴바인","12","0","KOSDAQ","-11.1","125.83","","141.53"
"A047810","한국항공우주","12","1","KOSPI","-6.45","15703.24","","16785.21"
"A047820","초록뱀미디어","12","0","KOSDAQ","0","139.39","","139.39"
"A047920","HLB제약","12","0","KOSDAQ","-4.82","460.17","","483.46"
"A048410","현대바이오","12","0","KOSDAQ","-8.07","1077.97","","1172.54"
"A048430","유라테크","12","0","KOSDAQ","-1.22","84.21","","85.25"
"A048470","대동스틸","12","0","KOSDAQ","-2.99","31.36","","32.33"
"A048530","인트론바이오","12","0","KOSDAQ","-3.66","97.62","","101.32"
"A048550","SM C&C","12","0","KOSDAQ","0","97.39","","97.39"
"A048770","TPC로보틱스","12","0","KOSDAQ","-19.21","118.83","","147.09"
"A048830","엔피케이","12","0","KOSDAQ","-1.17","20.54","","20.78"
"A048870","시너지이노베이션","12","0","KOSDAQ","-4.31","166.08","","173.57"
"A048910","대원미디어","12","0","KOSDAQ","-4.76","83.15","","87.3"
"A049070","인탑스","12","0","KOSDAQ","-2.18","324.91","","332.13"
"A049080","기가레인","12","0","KOSDAQ","-13.22","138.78","","159.92"
"A049120","파인디앤씨","12","0","KOSDAQ","-4.52","27.99","","29.31"
"A049180","셀루메드","12","0","KOSDAQ","0","83.95","","83.95"
"A049430","코메론","12","0","KOSDAQ","0.63","174.35","","173.27"
"A049470","비트플래닛","12","0","KOSDAQ","-29.17","56.04","","79.11"
"A049480","오픈베이스","12","0","KOSDAQ","-3.21","85.31","","88.14"
"A049520","유아이엘","12","0","KOSDAQ","-0.77","119.98","","120.9"
"A049550","잉크테크","12","0","KOSDAQ","-0.28","69.6","","69.8"
"A049630","재영솔루텍","12","0","KOSDAQ","-3.68","287.57","","298.56"
"A049720","고려신용정보","12","0","KOSDAQ","-1","141","","142.43"
"A049800","우진플라임","12","0","KOSPI","-5.74","47.6","","50.5"
"A049830","승일","12","0","KOSDAQ","-1.67","43.29","","44.03"
"A049950","미래컴퍼니","12","0","KOSDAQ","-4.52","132.18","","138.44"
"A049960","쎌바이오텍","12","0","KOSDAQ","-1.22","159.8","","161.77"
"A050090","비케이홀딩스","12","0","KOSDAQ","0.28","14.09","","14.05"
"A050110","캠시스","12","0","KOSDAQ","-4.62","51.93","","54.45"
"A050120","ES큐브","12","0","KOSDAQ","-4.76","36.62","","38.45"
"A050760","에스폴리텍","12","0","KOSDAQ","1.32","20.11","","19.85"
"A050860","아세아텍","6","0","KOSDAQ","-0.5","44.66","","44.89"
"A050890","쏠리드","12","0","KOSDAQ","-4.06","947.8","","987.9"
"A050960","수산아이앤티","12","0","KOSDAQ","-3.93","59.34","","61.77"
"A051160","지어소프트","12","0","KOSDAQ","-4.49","115.28","","120.7"
"A051360","토비스","12","0","KOSDAQ","1.83","281.5","","276.43"
"A051370","인터플렉스","12","0","KOSDAQ","-6.85","282.26","","303.02"
"A051380","피씨디렉트","12","0","KOSDAQ","-7.17","31.75","","34.21"
"A051390","YW","12","0","KOSDAQ","-0.21","52.92","","53.03"
"A051490","나라엠앤디","12","0","KOSDAQ","0.13","52.75","","52.68"
"A051500","CJ프레시웨이","12","0","KOSDAQ","-3.17","308.66","","318.75"
"A051600","한전KPS","12","1","KOSPI","-0.88","2538","","2560.5"
"A051630","진양화학","12","0","KOSPI","-2.85","43.35","","44.63"
"A051780","큐로홀딩스","12","0","KOSDAQ","-14.05","18.48","","21.5"
"A051900","LG생활건강","12","1","KOSPI","-5.3","4098.06","","4330.6"
"A051910","LG화학","12","1","KOSPI","-4.71","26401.54","","27707.49"
"A051980","중앙첨단소재","12","0","KOSDAQ","-7.63","184.19","","199.41"
"A052020","에스티큐브","12","0","KOSDAQ","-0.97","1175.43","","1186.99"
"A052220","iMBC","12","0","KOSDAQ","-2.15","62.68","","64.06"
"A052260","현대바이오랜드","12","0","KOSDAQ","-1.99","125.55","","128.1"
"A052300","오션인더블유","12","0","KOSDAQ","0","28.28","","28.28"
"A052330","코텍","12","0","KOSDAQ","-2.02","214.92","","219.36"
"A052400","코나아이","12","0","KOSDAQ","14.01","1019.43","","894.19"
"A052420","오성첨단소재","12","0","KOSDAQ","0","141.06","","141.06"
"A052460","아이크래프트","12","0","KOSDAQ","-3.77","48.43","","50.32"
"A052600","한네트","12","0","KOSDAQ","-3.65","41.17","","42.73"
"A052690","한전기술","12","1","KOSPI","-5.16","5614.52","","5920.28"
"A052710","아모텍","12","0","KOSDAQ","-6.33","283.39","","302.53"
"A052770","아이톡시","12","0","KOSDAQ","0","4.55","","4.55"
"A052790","액토즈소프트","12","0","KOSDAQ","-1.53","56.26","","57.14"
"A052860","아이앤씨","12","0","KOSDAQ","-5.85","117.89","","125.22"
"A052900","KX하이텍","12","0","KOSDAQ","-15.12","105.33","","124.09"
"A053030","바이넥스","12","0","KOSDAQ","0","332.73","","332.73"
"A053050","지에스이","12","0","KOSDAQ","-0.43","69.42","","69.72"
"A053060","세동","12","0","KOSDAQ","-1.57","24.42","","24.81"
"A053080","케이엔솔","12","0","KOSDAQ","-6.75","172.38","","184.86"
"A053160","프리엠스","12","0","KOSDAQ","-1.79","49.26","","50.16"
"A053210","스카이라이프","12","0","KOSPI","-0.87","215.75","","217.66"
"A053260","금강철강","12","0","KOSDAQ","-0.9","103.15","","104.08"
"A053270","구영테크","12","0","KOSDAQ","-2.36","62.5","","64"
"A053280","예스24","12","0","KOSDAQ","-0.92","80.5","","81.25"
"A053290","NE능률","12","0","KOSDAQ","-4.29","29.5","","30.82"
"A053300","한국정보인증","12","0","KOSDAQ","-2.21","244.46","","249.98"
"A053350","이니텍","12","0","KOSDAQ","0.89","62.21","","61.66"
"A053450","세코닉스","12","0","KOSDAQ","-3.41","75.44","","78.11"
"A053580","웹케시","12","0","KOSDAQ","0.49","105.71","","105.19"
"A053610","프로텍","12","0","KOSDAQ","-6.65","745.2","","975.7"
"A053620","태양","12","0","KOSDAQ","1.44","60.72","","59.86"
"A053690","한미글로벌","12","0","KOSPI","-5.28","255.31","","269.56"
"A053700","삼보모터스","12","0","KOSDAQ","-3.7","138.92","","144.27"
"A053800","안랩","12","0","KOSDAQ","-3.88","689.84","","717.66"
"A053950","경남제약","12","0","KOSDAQ","-4.39","45.95","","48.06"
"A053980","오상자이엘","12","0","KOSDAQ","-2.6","56.95","","58.47"
"A054040","한국컴퓨터","12","0","KOSDAQ","-0.36","89.36","","89.68"
"A054050","NH농우바이오","12","0","KOSDAQ","-1.29","123.11","","124.72"
"A054090","삼진엘앤디","12","0","KOSDAQ","-6.82","25.58","","27.46"
"A054180","메디콕스","12","0","KOSDAQ","0","12.69","","12.69"
"A054210","이랜텍","12","0","KOSDAQ","-1.31","285.79","","289.58"
"A054220","비츠로시스","12","0","KOSDAQ","0","33.95","","33.95"
"A054300","팬스타엔터프라이즈","12","0","KOSDAQ","-6.3","61.11","","65.22"
"A054410","케이피티유","12","0","KOSDAQ","-1.24","20.47","","20.73"
"A054450","텔레칩스","12","0","KOSDAQ","-1.74","257","","261.54"
"A054540","삼영엠텍","12","0","KOSDAQ","-7.11","142.74","","153.66"
"A054620","APS","12","0","KOSDAQ","-2.67","107.24","","110.18"
"A054670","대한뉴팜","12","0","KOSDAQ","-1.22","92.88","","94.02"
"A054780","키이스트","12","0","KOSDAQ","-1.37","42.36","","42.95"
"A054800","아이디스홀딩스","12","0","KOSDAQ","-1.75","162.56","","165.46"
"A054920","한컴위드","12","0","KOSDAQ","-5.67","173.54","","183.98"
"A054930","유신","12","0","KOSDAQ","-3.63","67.65","","70.2"
"A054940","엑사이엔씨","12","0","KOSDAQ","-1.41","25.54","","25.91"
"A054950","제이브이엠","12","0","KOSDAQ","-1.43","292.58","","296.81"
"A055490","테이팩스","12","0","KOSPI","0.45","84.33","","83.95"
"A055550","신한지주","12","1","KOSPI","-1.76","45139.63","","45946.54"
"A056080","유진로봇","12","0","KOSDAQ","4.77","1029.71","","982.82"
"A056090","시지메드텍","12","0","KOSDAQ","-2.12","171.62","","175.33"
"A056190","SFA","12","0","KOSDAQ","-6.2","1032.38","","1100.6"
"A056360","코위버","12","0","KOSDAQ","-11.21","93.07","","104.83"
"A056700","신화인터텍","12","0","KOSDAQ","-1.54","50.4","","51.19"
"A056730","CNT85","12","0","KOSDAQ","0","38.09","","38.09"
"A057030","YBM넷","12","0","KOSDAQ","0","41.92","","41.92"
"A057050","현대홈쇼핑","12","0","KOSPI","-0.92","1036.8","","1046.4"
"A057540","옴니시스템","12","0","KOSDAQ","-1.87","49.95","","50.9"
"A057680","티사이언티픽","12","0","KOSDAQ","-5.14","34.2","","36.05"
"A058110","멕아이씨에스","12","0","KOSDAQ","-3.88","41.73","","43.42"
"A058400","KNN","12","0","KOSDAQ","-0.85","92.3","","93.1"
"A058430","포스코스틸리온","12","0","KOSPI","-4.62","421.2","","441.6"
"A058450","한주에이알티","12","0","KOSDAQ","-5.62","27.77","","29.43"
"A058470","리노공업","12","0","KOSDAQ","-11.56","7697.4","","8703.39"
"A058610","에스피지","12","0","KOSDAQ","-3.14","2807.65","","2898.58"
"A058630","엠게임","12","0","KOSDAQ","-4.93","96.2","","101.2"
"A058650","세아홀딩스","12","0","KOSPI","-2.65","623.61","","651.3"
"A058730","다스코","12","0","KOSPI","-4.55","62.84","","65.83"
"A058820","CMG제약","12","0","KOSDAQ","-3.25","215.85","","223.09"
"A058850","KTcs","12","0","KOSPI","-0.57","108.48","","109.1"
"A058860","KTis","12","0","KOSPI","-0.89","96.92","","97.79"
"A058970","엠로","12","0","KOSDAQ","-5.04","302.89","","318.96"
"A059090","미코","12","0","KOSDAQ","-7.48","743.52","","803.67"
"A059100","아이컴포넌트","12","0","KOSDAQ","-2.34","38.32","","39.24"
"A059120","아진엑스텍","12","0","KOSDAQ","3","194.64","","188.96"
"A059210","메타바이오메드","12","0","KOSDAQ","-3.5","112.49","","116.57"
"A059270","해성에어로보틱스","12","0","KOSDAQ","2.54","112.66","","109.87"
"A060150","인선이엔티","12","0","KOSDAQ","-1.33","189.98","","192.54"
"A060230","제이케이시냅스","12","0","KOSDAQ","3.82","27.32","","26.31"
"A060240","스타코링크","12","0","KOSDAQ","0","11.5","","11.5"
"A060250","NHN KCP","12","0","KOSDAQ","-9.16","720.48","","793.17"
"A060260","뉴보텍","12","0","KOSDAQ","-5.2","17.01","","17.95"
"A060280","큐렉소","12","0","KOSDAQ","-2.39","557.01","","570.62"
"A060310","3S","3","0","KOSDAQ","-8.85","81.92","","89.88"
"A060370","LS마린솔루션","12","0","KOSDAQ","-7.82","1877.99","","2037.32"
"A060380","동양에스텍","12","0","KOSDAQ","-4.05","26.6","","27.72"
"A060480","국일신동","12","0","KOSDAQ","-2.79","19.67","","20.24"
"A060540","에스에이티","12","0","KOSDAQ","1.8","36.93","","36.27"
"A060560","HC홈센타","12","0","KOSDAQ","-1.62","76.93","","78.2"
"A060570","드림어스컴퍼니","12","0","KOSDAQ","-6.93","63.73","","68.47"
"A060590","씨티씨바이오","12","0","KOSDAQ","-2.63","94.19","","96.72"
"A060720","KH바텍","12","0","KOSDAQ","-6.15","296.44","","315.86"
"A060850","영림원소프트랩","12","0","KOSDAQ","-2.74","49.11","","50.49"
"A060900","에이전트AI","12","0","KOSDAQ","-6.23","21.03","","22.43"
"A060980","HL홀딩스","12","0","KOSPI","0.97","426.71","","422.62"
"A061040","알에프텍","12","0","KOSDAQ","0","87.63","","87.63"
"A061090","세나테크놀로지","12","0","KOSDAQ","-10.18","248.9","","277.05"
"A061250","화일약품","12","0","KOSDAQ","-0.59","70.46","","70.88"
"A061970","LB세미콘","12","0","KOSDAQ","-7.34","307.84","","332.23"
"A062040","산일전기","12","1","KOSPI","-8.52","8220.36","","8985.75"
"A062970","한국첨단소재","12","0","KOSDAQ","-8.17","157.28","","171.27"
"A063080","컴투스홀딩스","12","0","KOSDAQ","-1.84","105.33","","107.3"
"A063160","종근당바이오","12","0","KOSPI","-1.54","101.55","","103.14"
"A063170","서울옥션","12","0","KOSDAQ","-2.14","113.93","","116.42"
"A063440","SM Life Design","12","0","KOSDAQ","-1.72","59.55","","60.59"
"A063570","NICE인프라","12","0","KOSDAQ","0.12","140.69","","140.52"
"A063760","이엘피","12","0","KOSDAQ","-0.14","34.5","","34.55"
"A064090","인크레더블버즈","12","0","KOSDAQ","0","39.69","","39.69"
"A064240","홈캐스트","12","0","KOSDAQ","-1.84","68.63","","69.91"
"A064260","다날","12","0","KOSDAQ","-7.11","503.8","","542.38"
"A064290","인텍플러스","12","0","KOSDAQ","-7.71","346.68","","375.63"
"A064350","현대로템","12","1","KOSPI","-5.18","21992.17","","23192.74"
"A064400","LG씨엔에스","12","1","KOSPI","0.58","8390.32","","8341.88"
"A064480","브리지텍","12","0","KOSDAQ","-0.89","46.73","","47.15"
"A064520","테크엘","12","0","KOSDAQ","-0.99","40.39","","40.79"
"A064550","바이오니아","12","0","KOSDAQ","-3.17","236.68","","244.42"
"A064760","티씨케이","12","0","KOSDAQ","-12.48","3409.72","","3896.03"
"A064800","포니링크","12","0","KOSDAQ","0","102.12","","102.12"
"A064820","케이프","12","0","KOSDAQ","-2.95","395.32","","407.35"
"A064850","에프앤가이드","12","0","KOSDAQ","-3.67","314.35","","326.34"
"A064960","SNT모티브","12","0","KOSPI","0.91","879.81","","871.85"
"A065060","지엔코","12","0","KOSDAQ","-6.95","14.02","","15.07"
"A065130","탑엔지니어링","12","0","KOSDAQ","2.38","58.41","","57.05"
"A065150","대산F&B","12","0","KOSDAQ","0","23.11","","23.11"
"A065170","비엘팜텍","12","0","KOSDAQ","-2.8","58.06","","59.74"
"A065350","신성델타테크","12","0","KOSDAQ","-6.07","1339.84","","1426.42"
"A065370","위세아이텍","12","0","KOSDAQ","-0.11","34.19","","34.22"
"A065420","에스아이리소스","12","0","KOSDAQ","-3.72","16.68","","17.32"
"A065440","이루온","12","0","KOSDAQ","-13.35","97.37","","112.37"
"A065450","빅텍","12","0","KOSDAQ","-1.5","135.83","","137.89"
"A065500","오리엔트정공","12","0","KOSDAQ","-2.55","62.33","","63.96"
"A065510","휴비츠","12","0","KOSDAQ","-1.6","84.54","","85.91"
"A065530","와이어블","12","0","KOSDAQ","-4.37","90.08","","94.19"
"A065570","삼영이엔씨","12","0","KOSDAQ","0","12.3","","12.3"
"A065650","하이퍼코퍼레이션","12","0","KOSDAQ","0","46.19","","46.19"
"A065660","안트로젠","12","0","KOSDAQ","1.69","330.2","","324.7"
"A065680","우주일렉트로","12","0","KOSDAQ","-3.5","394.57","","408.89"
"A065690","파커스","12","0","KOSDAQ","-3.97","19.73","","20.54"
"A065710","서호전기","12","0","KOSDAQ","-2.76","218.1","","224.28"
"A065770","CS","12","0","KOSDAQ","0","30.75","","30.75"
"A065950","웰크론","12","0","KOSDAQ","-1.92","37.49","","38.23"
"A066130","하츠","12","0","KOSDAQ","-2.09","51.07","","52.16"
"A066310","큐에스아이","12","0","KOSDAQ","-5.03","119.14","","125.45"
"A066360","체리부로","12","0","KOSDAQ","-3.47","46.75","","48.43"
"A066410","버킷스튜디오","12","0","KOSDAQ","0","159.64","","159.64"
"A066430","아이로보틱스","12","0","KOSDAQ","29.96","120.59","","92.79"
"A066570","LG전자","12","1","KOSPI","10.83","39173.76","","35346.35"
"A066590","스모트로닉","12","0","KOSDAQ","-1.61","94.37","","95.92"
"A066620","국보디자인","12","0","KOSDAQ","0.61","184.5","","183.38"
"A066670","디티씨","12","0","KOSDAQ","-2.89","56.45","","58.13"
"A066700","테라젠이텍스","12","0","KOSDAQ","-4.25","104.58","","109.23"
"A066790","씨씨에스","12","0","KOSDAQ","0","97.27","","97.27"
"A066900","디에이피","12","0","KOSDAQ","-0.71","41.44","","41.74"
"A066910","손오공","12","0","KOSDAQ","0","45.51","","45.51"
"A066970","엘앤에프","12","1","KOSPI","-6.7","6480.97","","6946.21"
"A066980","한성크린텍","12","0","KOSDAQ","-9.05","76.24","","83.82"
"A067000","조이시티","12","0","KOSDAQ","-6.76","118.56","","127.15"
"A067010","이씨에스","3","0","KOSDAQ","-0.92","23.52","","23.74"
"A067080","대화제약","12","0","KOSDAQ","-9.77","268.08","","297.12"
"A067160","SOOP","12","0","KOSDAQ","-3.84","604.62","","628.76"
"A067170","오텍","12","0","KOSDAQ","-9.81","91.63","","101.59"
"A067280","멀티캠퍼스","12","0","KOSDAQ","1.32","159.13","","157.06"
"A067290","JW신약","12","0","KOSDAQ","-4.16","94.25","","98.35"
"A067310","하나마이크론","12","0","KOSDAQ","18.61","3515.96","","2964.3"
"A067370","선바이오","12","0","KOSDAQ","-2.61","86.45","","88.77"
"A067390","아스트","12","0","KOSDAQ","-1.86","280.27","","285.59"
"A067570","엔브이에이치코리아","12","0","KOSDAQ","0","87.71","","87.71"
"A067630","HLB생명과학","12","0","KOSDAQ","-1.75","445","","452.92"
"A067730","로지시스","12","0","KOSDAQ","-3.02","27.96","","28.83"
"A067770","세진티에스","12","0","KOSDAQ","2.66","17.84","","17.38"
"A067830","세이브존I&C","12","0","KOSPI","-4.73","119.84","","125.79"
"A067900","와이엔텍","12","0","KOSDAQ","0.27","134.13","","133.77"
"A067920","이글루","12","0","KOSDAQ","0","68.73","","68.73"
"A067990","도이치모터스","12","0","KOSDAQ","-4.33","148.24","","154.95"
"A068050","팬엔터테인먼트","12","0","KOSDAQ","-0.07","38.69","","38.72"
"A068100","케이웨더","12","0","KOSDAQ","-0.6","29.46","","29.64"
"A068240","다원시스","12","0","KOSDAQ","0","96.55","","96.55"
"A068270","셀트리온","12","1","KOSPI","-3.23","41901.94","","43300.15"
"A068290","삼성출판사","12","0","KOSPI","-0.26","77.8","","78"
"A068330","일신바이오","12","0","KOSDAQ","-3.61","59.07","","61.28"
"A068760","셀트리온제약","12","0","KOSDAQ","-3.05","2260.08","","2331.12"
"A068790","DMS","12","0","KOSDAQ","-7.13","158.67","","170.86"
"A068930","디지털대성","12","0","KOSDAQ","-0.82","234.41","","236.35"
"A068940","셀피글로벌","12","0","KOSDAQ","0","35.72","","35.72"
"A069080","웹젠","12","0","KOSDAQ","-1.15","344.66","","389.61"
"A069140","누리플랜","12","0","KOSDAQ","-3.43","25.9","","26.83"
"A069260","TKG휴켐스","12","1","KOSPI","12.86","821.66","","728.05"
"A069330","유아이디","12","0","KOSDAQ","0.99","14.43","","14.29"
"A069410","엔텔스","12","0","KOSDAQ","-0.71","50.15","","50.51"
"A069460","대호에이엘","12","0","KOSPI","0","46.32","","46.32"
"A069510","에스텍","12","0","KOSDAQ","-4.82","155.14","","163"
"A069540","빛과전자","12","0","KOSDAQ","-8.32","517.9","","564.89"
"A069620","대웅제약","12","1","KOSPI","-2","1645.29","","1678.89"
"A069640","한세엠케이","12","0","KOSPI","29.98","36.14","","27.8"
"A069730","DSR제강","12","0","KOSPI","0","74.59","","74.59"
"A069920","엑시온그룹","12","0","KOSDAQ","-1.63","14.58","","14.82"
"A069960","현대백화점","12","1","KOSPI","-5.04","2559.76","","2695.61"
"A070300","엑스큐어","12","0","KOSDAQ","1.07","54.89","","54.31"
"A070590","인티큐브","12","0","KOSDAQ","-0.82","23.6","","23.79"
"A070960","모나용평","12","0","KOSPI","0.52","140.55","","139.83"
"A071050","한국금융지주","12","1","KOSPI","0","14377.31","","14377.31"
"A071090","하이스틸","12","0","KOSPI","0.61","82.58","","82.08"
"A071200","인피니트헬스케어","12","0","KOSDAQ","14.58","187.85","","163.94"
"A071280","로체시스템즈","12","0","KOSDAQ","-2.94","141.34","","145.62"
"A071320","지역난방공사","12","1","KOSPI","-0.13","888.09","","889.25"
"A071670","에이테크솔루션","12","0","KOSDAQ","-6.53","84.5","","90.4"
"A071840","롯데하이마트","12","0","KOSPI","0","169.74","","169.74"
"A071850","캐스텍코리아","12","0","KOSDAQ","-2.49","35.18","","36.08"
"A071950","코아스","12","0","KOSPI","-5.18","18.7","","19.72"
"A071970","HD현대마린엔진","12","1","KOSPI","-5.94","2686.58","","2856.19"
"A072020","중앙백신","12","0","KOSDAQ","-1.28","94.59","","95.82"
"A072130","유엔젤","12","0","KOSPI","0.53","60.75","","60.43"
"A072470","우리산업홀딩스","12","0","KOSDAQ","-1.97","70.54","","71.96"
"A072710","농심홀딩스","12","0","KOSPI","3.48","455.43","","440.13"
"A072770","멤레이비티","12","0","KOSDAQ","0","58.7","","58.7"
"A072870","메가스터디","12","0","KOSDAQ","0.85","155.57","","154.26"
"A072950","빛샘전자","12","0","KOSDAQ","-13.45","123.37","","142.53"
"A072990","에이치시티","12","0","KOSDAQ","-4.07","63.28","","65.97"
"A073010","케이에스피","12","0","KOSDAQ","-5.26","195.33","","206.18"
"A073110","엘엠에스","12","0","KOSDAQ","0.84","53.2","","52.75"
"A073190","듀오백","12","0","KOSDAQ","5.05","12.69","","12.08"
"A073240","금호타이어","12","1","KOSPI","-1.94","1453.54","","1482.26"
"A073490","LIG아큐버","12","0","KOSDAQ","-3.87","349.78","","363.84"
"A073540","에프알텍","12","0","KOSDAQ","-4.83","40.47","","42.52"
"A073560","우리손에프앤지","12","0","KOSDAQ","-0.12","119.78","","119.92"
"A073570","리튬포어스","12","0","KOSDAQ","0","49.41","","49.41"
"A073640","테라사이언스","12","0","KOSDAQ","0","69.57","","69.57"
"A074430","아미노로직스","12","0","KOSDAQ","-4.52","105.74","","110.75"
"A074600","원익QnC","12","0","KOSDAQ","-5.47","931.91","","985.8"
"A074610","이엔플러스","12","0","KOSPI","0","44.82","","44.82"
"A075130","플랜티넷","12","0","KOSDAQ","-1.52","37.82","","38.4"
"A075180","새론오토모티브","12","0","KOSPI","-0.33","57.41","","57.6"
"A075580","세진중공업","12","0","KOSPI","-5.03","943.7","","993.73"
"A075970","동국알앤에스","12","0","KOSDAQ","-5.32","39.28","","41.49"
"A076080","웰크론한텍","12","0","KOSDAQ","-4.57","21.24","","22.26"
"A076610","해성옵틱스","12","0","KOSDAQ","-9.88","116.45","","129.22"
"A077360","덕산하이메탈","12","0","KOSDAQ","-3.64","805.6","","836.04"
"A077500","유니퀘스트","12","0","KOSPI","0.13","169.78","","169.56"
"A077970","STX엔진","12","0","KOSPI","-3.98","1840.79","","1917.07"
"A078000","텔코웨어","12","0","KOSPI","-1.62","140.45","","142.76"
"A078020","LS증권","12","0","KOSDAQ","-1.08","406.12","","410.56"
"A078070","유비쿼스홀딩스","12","0","KOSDAQ","-2.18","260.55","","266.36"
"A078130","국일제지","12","0","KOSDAQ","0","491.55","","491.55"
"A078140","대봉엘에스","12","0","KOSDAQ","-2.25","110.87","","113.42"
"A078150","HB테크놀러지","12","0","KOSDAQ","-5.32","354.64","","374.57"
"A078160","메디포스트","12","0","KOSDAQ","2.84","710","","690.39"
"A078340","컴투스","12","0","KOSDAQ","-2.55","347.02","","356.09"
"A078350","한양디지텍","12","0","KOSDAQ","-5.2","513.74","","541.94"
"A078520","에이블씨엔씨","12","0","KOSPI","-4.86","392.29","","412.32"
"A078590","휴림에이텍","12","0","KOSDAQ","0","52.46","","52.46"
"A078600","대주전자재료","12","0","KOSDAQ","-3.86","2322.19","","2415.39"
"A078860","아이오케이이엔엠","12","0","KOSDAQ","-7.27","25.76","","27.78"
"A078890","가온그룹","12","0","KOSDAQ","-5.04","149.24","","157.16"
"A078930","GS","12","1","KOSPI","3.48","7182.36","","6940.78"
"A079000","와토스코리아","12","0","KOSDAQ","-2.5","44.93","","46.08"
"A079160","CJ CGV","12","0","KOSPI","-1.41","811.35","","822.94"
"A079170","한창산업","12","0","KOSDAQ","-3.6","32.03","","33.23"
"A079190","케스피온","12","0","KOSDAQ","29.99","21.36","","16.44"
"A079370","제우스","12","0","KOSDAQ","-6.36","438.58","","468.36"
"A079430","현대리바트","12","0","KOSPI","-2.64","140.8","","144.62"
"A079550","LIG디펜스앤에어로스페이스","12","1","KOSPI","-5.01","18348","","19316"
"A079650","서산","12","0","KOSDAQ","-1.94","24.22","","24.7"
"A079810","APS이노베이션","12","0","KOSDAQ","-5.29","115.61","","122.06"
"A079900","전진건설로봇","12","0","KOSPI","-7.06","863.88","","929.55"
"A079940","가비아","12","0","KOSDAQ","-5.31","430.8","","454.96"
"A079950","인베니아","12","0","KOSDAQ","-10.9","13.76","","15.44"
"A079960","동양이엔피","12","0","KOSDAQ","-22.14","205.93","","264.49"
"A079970","투비소프트","12","0","KOSDAQ","0","7.65","","7.65"
"A079980","휴비스","12","0","KOSPI","-2.58","97.64","","100.22"
"A080010","이상네트웍스","12","0","KOSDAQ","1.84","76.32","","74.94"
"A080160","모두투어","12","0","KOSDAQ","-2.32","190.89","","195.43"
"A080220","제주반도체","12","0","KOSDAQ","8.86","2834.65","","2603.88"
"A080420","모다이노칩","12","0","KOSDAQ","-1.25","138.16","","139.91"
"A080470","성창오토텍","12","0","KOSDAQ","-0.87","29.16","","29.42"
"A080520","오디텍","12","0","KOSDAQ","-6.22","42.69","","45.52"
"A080530","코디","12","0","KOSDAQ","0","45.24","","45.24"
"A080580","오킨스전자","12","0","KOSDAQ","-17.82","421.19","","512.51"
"A080720","한국유니온제약","12","0","KOSDAQ","0","21.56","","21.56"
"A081000","일진다이아","12","0","KOSPI","-4.59","179.95","","188.62"
"A081150","티플랙스","12","0","KOSDAQ","-14.09","99.86","","116.25"
"A081180","쎄크","12","0","KOSDAQ","-11.65","87.64","","99.2"
"A081580","성우전자","12","0","KOSDAQ","2.67","44.74","","43.58"
"A081660","미스토홀딩스","12","1","KOSPI","3.16","2081.2","","2017.49"
"A082210","옵트론텍","12","0","KOSDAQ","2.14","61.61","","60.31"
"A082270","젬백스","12","0","KOSDAQ","-4.82","804.81","","845.54"
"A082640","동양생명","12","0","KOSPI","-2.89","1247.3","","1284.41"
"A082660","코스나인","12","0","KOSDAQ","0","47.83","","47.83"
"A082740","한화엔진","12","1","KOSPI","-7.49","5974.82","","6458.81"
"A082800","비보존 제약","12","0","KOSDAQ","-7.21","171.84","","185.19"
"A082850","우리바이오","12","0","KOSDAQ","-3.78","94.88","","98.61"
"A082920","비츠로셀","12","0","KOSDAQ","-12.11","2402.99","","2733.97"
"A083310","엘오티베큠","12","0","KOSDAQ","-5.96","250.23","","266.08"
"A083420","그린케미칼","12","0","KOSPI","-3.75","129.36","","134.4"
"A083450","GST","12","0","KOSDAQ","-8.51","1089.21","","1190.58"
"A083470","이엠앤아이","12","0","KOSDAQ","-3.03","21.15","","21.81"
"A083500","에프엔에스테크","12","0","KOSDAQ","-8.45","167.23","","182.66"
"A083550","케이엠","12","0","KOSDAQ","-3.31","43.52","","45.01"
"A083640","인콘","12","0","KOSDAQ","-7.33","23.97","","25.87"
"A083650","비에이치아이","12","0","KOSDAQ","2.35","2565.29","","2506.49"
"A083660","CSA 코스믹","12","0","KOSDAQ","-9.2","18.6","","20.48"
"A083790","CG인바이츠","12","0","KOSDAQ","-5.13","86.81","","91.5"
"A083930","아바코","12","0","KOSDAQ","-7.41","207.1","","223.68"
"A084010","대한제강","12","0","KOSPI","-2.3","379.46","","388.4"
"A084110","휴온스글로벌","12","0","KOSDAQ","-6.89","479.17","","514.62"
"A084180","수성웹툰","12","0","KOSDAQ","-6","20.12","","21.4"
"A084370","유진테크","12","0","KOSDAQ","-19.15","2690.34","","3327.41"
"A084440","유비온","9","0","KOSDAQ","-2.12","20.28","","20.72"
"A084650","랩지노믹스","12","0","KOSDAQ","-5.82","98.59","","104.68"
"A084670","동양고속","12","0","KOSPI","17.08","190.53","","162.73"
"A084680","이월드","12","0","KOSPI","1.1","247.03","","244.33"
"A084690","대상홀딩스","12","0","KOSPI","-3.55","334.6","","346.92"
"A084730","팅크웨어","12","0","KOSDAQ","-3.23","86.65","","89.54"
"A084850","아이티엠반도체","12","0","KOSDAQ","-13.73","319.38","","370.19"
"A084870","TBH글로벌","12","0","KOSPI","0.75","42.24","","41.92"
"A084990","헬릭스미스","12","0","KOSDAQ","-4.76","350.31","","367.82"
"A085310","엔케이","12","0","KOSPI","0","86.72","","86.72"
"A085620","미래에셋생명","12","0","KOSPI","-0.47","1996.61","","2006.07"
"A085660","차바이오텍","12","0","KOSDAQ","-2.92","1388.97","","1430.8"
"A085670","뉴프렉스","12","0","KOSDAQ","-7.7","140.88","","152.33"
"A085810","알티캐스트","12","0","KOSDAQ","-7.15","25.2","","27.14"
"A085910","네오티스","12","0","KOSDAQ","-10.94","397.14","","445.91"
"A086040","바이오톡스텍","12","0","KOSDAQ","-3.32","51.07","","52.82"
"A086060","진바이오텍","12","0","KOSDAQ","-0.25","35","","35.09"
"A086280","현대글로비스","12","1","KOSPI","-7.98","18150","","19725"
"A086390","유니테스트","12","0","KOSDAQ","-14.54","380.2","","444.87"
"A086450","동국제약","12","0","KOSDAQ","1.12","1024.47","","1013.16"
"A086520","에코프로","12","0","KOSDAQ","-9.21","17542.28","","19320.95"
"A086670","비엠티","12","0","KOSDAQ","-2.66","152.66","","156.83"
"A086710","선진뷰티사이언스","12","0","KOSDAQ","-5.53","120.81","","127.89"
"A086790","하나금융지주","12","1","KOSPI","-5.93","32649.76","","34707.52"
"A086820","바이오솔루션","12","0","KOSDAQ","-4.55","233.84","","244.98"
"A086890","이수앱지스","12","0","KOSDAQ","-3.95","168.58","","175.52"
"A086900","메디톡스","12","0","KOSDAQ","-3.95","745.18","","775.83"
"A086960","MDS테크","12","0","KOSDAQ","-6.99","131.24","","141.1"
"A086980","쇼박스","12","0","KOSDAQ","-8.28","173.51","","189.17"
"A087010","펩트론","12","0","KOSDAQ","-2.63","6050.85","","6214.07"
"A087260","모바일어플라이언스","12","0","KOSDAQ","-17.63","49.29","","59.83"
"A087600","픽셀플러스","12","0","KOSDAQ","-1.57","46.14","","46.88"
"A088130","동아엘텍","12","0","KOSDAQ","-10.29","163.14","","181.85"
"A088280","쏘닉스","12","0","KOSDAQ","-8.73","88.61","","97.09"
"A088290","이원컴포텍","12","0","KOSDAQ","0","25.12","","25.12"
"A088340","유라클","12","0","KOSDAQ","-0.09","49.27","","49.32"
"A088350","한화생명","12","1","KOSPI","-1.82","4681.38","","4768.23"
"A088390","이녹스","12","0","KOSDAQ","-8.08","104.65","","113.85"
"A088790","진도","12","0","KOSPI","6.56","32.36","","30.37"
"A088800","에이스테크","12","0","KOSDAQ","-3.38","302.4","","312.97"
"A088910","동우팜투테이블","12","0","KOSDAQ","0","63.29","","63.29"
"A089010","켐트로닉스","12","0","KOSDAQ","-7.54","617.14","","667.45"
"A089030","테크윙","12","0","KOSDAQ","-8.2","1867.5","","2034.25"
"A089140","넥스턴앤롤코리아","12","0","KOSDAQ","-4.22","31.32","","32.7"
"A089150","케이씨티","12","0","KOSDAQ","-4.99","52.22","","54.97"
"A089230","THE E&M","12","0","KOSDAQ","-13.38","112.64","","126.22"
"A089470","HDC현대EP","12","0","KOSPI","-3.5","153.76","","159.34"
"A089590","제주항공","12","0","KOSPI","-2.54","401.59","","412.08"
"A089600","KT나스미디어","12","0","KOSDAQ","0.09","133.61","","133.5"
"A089790","제이티","12","0","KOSDAQ","-3.31","63.23","","65.4"
"A089850","유비벨록스","12","0","KOSDAQ","-1.68","73.14","","74.39"
"A089860","롯데렌탈","12","0","KOSPI","-2.89","1160.08","","1194.58"
"A089890","코세스","12","0","KOSDAQ","-3.68","672.52","","698.23"
"A089970","브이엠","12","0","KOSDAQ","-9.06","1342.64","","1476.41"
"A089980","상아프론테크","12","0","KOSDAQ","-5","364.55","","383.74"
"A090080","평화산업","12","0","KOSPI","-1.64","52.65","","53.53"
"A090150","아이윈","12","0","KOSDAQ","-4.81","30.65","","32.2"
"A090350","노루페인트","12","0","KOSPI","-1.82","161.4","","164.4"
"A090360","로보스타","12","0","KOSDAQ","9.9","865.8","","787.8"
"A090370","메타랩스","12","0","KOSPI","-3.68","33.25","","34.52"
"A090410","덕신이피씨","12","0","KOSDAQ","-2.23","54.52","","55.76"
"A090430","아모레퍼시픽","12","1","KOSPI","-6.3","7136.12","","7615.76"
"A090460","비에이치","12","0","KOSPI","-11.6","1117.54","","1264.18"
"A090470","제이스로보틱스","12","0","KOSDAQ","-1.12","123.91","","125.31"
"A090710","휴림로봇","12","0","KOSDAQ","3.88","1567.28","","1508.74"
"A090850","현대이지웰","12","0","KOSDAQ","-2.26","133.22","","136.3"
"A091120","이엠텍","12","0","KOSDAQ","-8.56","118.9","","130.04"
"A091340","S&K폴리텍","12","0","KOSDAQ","-1","29.08","","29.38"
"A091440","한울소재과학","12","0","KOSDAQ","-2.81","95.63","","98.39"
"A091580","상신이디피","12","0","KOSDAQ","-6.3","307.22","","327.87"
"A091590","남화토건","12","0","KOSDAQ","-1.81","44.67","","45.49"
"A091700","파트론","12","0","KOSDAQ","-1.36","361.5","","366.5"
"A091810","트리니티항공","12","0","KOSPI","-3.42","361.35","","374.15"
"A091970","LSK아이로봇","12","0","KOSDAQ","0","28.52","","28.52"
"A092040","아미코젠","12","0","KOSDAQ","-1.83","117.5","","119.69"
"A092070","디엔에프","12","0","KOSDAQ","-10.18","255.16","","284.09"
"A092130","이크레더블","12","0","KOSDAQ","0.97","175.11","","173.43"
"A092190","서울바이오시스","12","0","KOSDAQ","-9.25","706.83","","778.85"
"A092200","디아이씨","12","0","KOSPI","-9.36","278.83","","307.61"
"A092220","KEC","12","0","KOSPI","0","369","","369"
"A092230","KPX홀딩스","12","0","KOSPI","0.71","359.94","","357.41"
"A092300","현우산업","12","0","KOSDAQ","-3.17","81.44","","84.11"
"A092440","기신정기","3","0","KOSPI","-1.13","63.8","","64.53"
"A092460","한라IMS","12","0","KOSDAQ","0.97","357.59","","354.17"
"A092600","앤씨앤","12","0","KOSDAQ","29.89","32.16","","24.76"
"A092730","네오팜","12","0","KOSDAQ","-3.86","299.4","","311.42"
"A092780","DYP","12","0","KOSPI","-3.43","64.85","","67.16"
"A092790","넥스틸","12","0","KOSPI","12.07","538.24","","480.26"
"A092870","엑시콘","12","0","KOSDAQ","-10.8","377.17","","422.85"
"A093050","LF","12","0","KOSPI","-2.37","722.23","","739.77"
"A093190","빅솔론","12","0","KOSDAQ","-3.33","156.22","","161.61"
"A093240","형지엘리트","6","0","KOSPI","0","52.73","","52.73"
"A093320","케이아이엔엑스","12","0","KOSDAQ","-3.29","559.74","","578.77"
"A093370","후성","12","1","KOSPI","-13.22","1267.76","","1460.82"
"A093380","풍강","8","0","KOSDAQ","-0.96","25.39","","25.64"
"A093520","매커스","12","0","KOSDAQ","-5.98","289.81","","308.26"
"A093640","케이알엠","12","0","KOSDAQ","-9.86","149.33","","165.66"
"A093920","서원인텍","12","0","KOSDAQ","-0.98","93.93","","94.86"
"A094170","동운아나텍","12","0","KOSDAQ","-6.76","980.68","","1051.77"
"A094280","효성ITX","12","0","KOSPI","-0.47","146.79","","147.48"
"A094360","칩스앤미디어","12","0","KOSDAQ","-5.49","371.21","","392.76"
"A094480","갤럭시아머니트리","12","0","KOSDAQ","-5.61","277.35","","293.83"
"A094820","일진파워","12","0","KOSDAQ","-7.43","255.58","","276.09"
"A094840","슈프리마에이치큐","12","0","KOSDAQ","-4.4","106.49","","111.4"
"A094850","참좋은여행","12","0","KOSDAQ","-2.5","71.12","","72.94"
"A094860","네오리진","12","0","KOSDAQ","1.25","36.71","","36.26"
"A094940","푸른로보틱스","12","0","KOSDAQ","7.88","108.7","","100.75"
"A094970","제이엠티","12","0","KOSDAQ","-8.67","62.64","","68.58"
"A095190","신화프리텍","12","0","KOSDAQ","9.32","168.37","","154.01"
"A095270","웨이브일렉트로","12","0","KOSDAQ","-4.19","91.98","","96.01"
"A095340","ISC","12","0","KOSDAQ","-9.29","4758.74","","5246.27"
"A095500","미래나노텍","12","0","KOSDAQ","-5.74","285.29","","302.66"
"A095570","AJ네트웍스","12","0","KOSPI","-0.21","210.65","","211.1"
"A095610","테스","12","0","KOSDAQ","-4.68","2286.42","","2398.7"
"A095660","네오위즈","12","0","KOSDAQ","-0.72","447.87","","451.12"
"A095700","제넥신","12","0","KOSDAQ","-4.99","216.77","","228.16"
"A095720","웅진씽크빅","12","0","KOSPI","-13.43","113.54","","131.16"
"A095910","에스에너지","12","0","KOSDAQ","-15.9","77.95","","92.68"
"A096240","크레버스","12","0","KOSDAQ","3.62","113.72","","109.74"
"A096250","와이즈넛","12","0","KOSDAQ","-4.4","119.65","","125.16"
"A096350","대창솔루션","12","0","KOSDAQ","-4.48","90.29","","94.53"
"A096530","씨젠","12","0","KOSDAQ","-2.97","1621.62","","1671.23"
"A096610","알에프세미","12","0","KOSDAQ","0","51.55","","51.55"
"A096630","에스코넥","12","0","KOSDAQ","-8.98","48.26","","53.03"
"A096690","에이루트","12","0","KOSDAQ","0","32.27","","32.27"
"A096760","JW홀딩스","12","0","KOSPI","-0.12","295.7","","296.07"
"A096770","SK이노베이션","12","1","KOSPI","-2.53","20878.02","","21418.99"
"A096870","엘디티","12","0","KOSDAQ","0","18.7","","18.7"
"A097230","HJ중공업","12","0","KOSPI","-3.04","2162.57","","2230.29"
"A097520","엠씨넥스","12","0","KOSPI","-1.26","408.94","","414.16"
"A097780","에코볼트","12","0","KOSDAQ","0","33.69","","33.69"
"A097800","윈팩","12","0","KOSDAQ","0","65.09","","65.09"
"A097870","효성오앤비","6","0","KOSDAQ","-3.78","49.67","","51.62"
"A097950","CJ제일제당","12","1","KOSPI","-0.87","3439.88","","3469.99"
"A098070","한텍","12","0","KOSDAQ","-1.36","403.14","","408.7"
"A098120","마이크로컨텍솔","12","0","KOSDAQ","-24.06","250.63","","330.02"
"A098460","고영","12","0","KOSDAQ","-9.34","2499.03","","2756.49"
"A098660","에스티오","12","0","KOSDAQ","-0.12","21.48","","21.5"
"A099190","아이센스","12","0","KOSDAQ","-2.23","516.77","","527.53"
"A099220","SDN","12","0","KOSDAQ","-8.84","71.7","","78.65"
"A099320","쎄트렉아이","12","0","KOSDAQ","-0.88","1727.02","","1742.35"
"A099390","브레인즈컴퍼니","12","0","KOSDAQ","0.12","34.64","","34.6"
"A099410","동방선기","12","0","KOSDAQ","-4.98","68.11","","71.68"
"A099430","바이오플러스","12","0","KOSDAQ","-1.39","350.12","","355.05"
"A099440","스맥","12","0","KOSDAQ","-3.66","260.35","","270.24"
"A099520","DGI","12","0","KOSDAQ","0","58.14","","58.14"
"A099750","이지케어텍","3","0","KOSDAQ","-3.86","105.45","","109.68"
"A100030","인지소프트","12","0","KOSDAQ","-1.16","64.3","","65.05"
"A100090","SK오션플랜트","12","0","KOSPI","-7.61","1206.45","","1305.79"
"A100120","뷰웍스","12","0","KOSDAQ","-2.88","287.09","","295.61"
"A100130","동국S&C","12","0","KOSDAQ","-2.11","119.14","","121.71"
"A100220","비상교육","12","0","KOSPI","0.64","81.49","","80.97"
"A100250","진양홀딩스","12","0","KOSPI","0","193.62","","193.62"
"A100590","머큐리","12","0","KOSDAQ","-12.01","126.83","","144.14"
"A100660","서암기계공업","12","0","KOSDAQ","-0.83","52.61","","53.05"
"A100700","세운메디칼","12","0","KOSDAQ","-0.39","111.91","","112.35"
"A100790","미래에셋벤처투자","12","0","KOSDAQ","-8.35","2916.54","","3182.17"
"A100840","SNT에너지","12","0","KOSPI","-6.4","953.38","","1018.53"
"A101000","KS인더스트리","12","0","KOSDAQ","-3.95","29.85","","31.08"
"A101140","인바이오젠","12","0","KOSPI","-3.46","67.2","","69.61"
"A101160","월덱스","12","0","KOSDAQ","-10.34","458.18","","511.02"
"A101170","우림피티에스","12","0","KOSDAQ","-6.1","205.74","","219.11"
"A101240","씨큐브","12","0","KOSDAQ","-0.88","44.75","","45.14"
"A101330","모베이스","12","0","KOSDAQ","-5.21","111.68","","117.82"
"A101360","에코앤드림","12","0","KOSDAQ","-6.94","274.26","","294.72"
"A101390","아이엠","12","0","KOSDAQ","0","6.7","","6.7"
"A101400","엔시트론","12","0","KOSDAQ","-13.23","25.42","","27.62"
"A101490","에스앤에스텍","12","0","KOSDAQ","-9.83","1664.12","","1845.47"
"A101530","해태제과식품","12","0","KOSPI","0.6","196.25","","195.08"
"A101670","하이드로리튬","12","0","KOSDAQ","-5.49","102.71","","108.67"
"A101680","한국정밀기계","12","0","KOSDAQ","3.25","22.69","","21.98"
"A101730","위메이드맥스","12","0","KOSDAQ","-2.08","393.88","","402.26"
"A101930","인화정공","12","0","KOSDAQ","-2.75","554.9","","570.59"
"A101970","우양에이치씨","12","0","KOSDAQ","-3.12","188.28","","194.34"
"A102120","어보브반도체","12","0","KOSDAQ","-3.62","227.42","","235.95"
"A102260","동성케미컬","12","0","KOSPI","1.42","216.61","","213.57"
"A102370","케이옥션","12","0","KOSDAQ","0.51","80.05","","79.65"
"A102460","이연제약","12","0","KOSPI","-1.14","209.47","","211.89"
"A102710","이엔에프테크놀로지","12","0","KOSDAQ","-12.07","655.81","","745.83"
"A102940","코오롱생명과학","12","0","KOSDAQ","-4.55","714.75","","748.78"
"A103140","풍산","12","1","KOSPI","-5.5","2457.73","","2600.65"
"A103230","에스앤더블류","12","0","KOSDAQ","0","27.29","","27.29"
"A103590","일진전기","12","0","KOSPI","-10.65","5679.33","","6356.46"
"A103840","우양","12","0","KOSDAQ","-1.97","48.94","","49.92"
"A104040","디에스엠","12","0","KOSDAQ","0","90.76","","90.76"
"A104200","NHN벅스","12","0","KOSDAQ","-1.78","53.08","","54.05"
"A104460","디와이피엔에프","12","0","KOSDAQ","-3.18","137.89","","142.42"
"A104480","티케이케미칼","12","0","KOSDAQ","-0.22","203.15","","203.61"
"A104540","코렌텍","12","0","KOSDAQ","-3.38","63.86","","66.1"
"A104620","노랑풍선","12","0","KOSDAQ","-4.19","73.13","","76.32"
"A104700","한국철강","12","0","KOSPI","-0.94","346.64","","349.92"
"A104830","원익머트리얼즈","12","0","KOSDAQ","-5.88","585.64","","622.2"
"A105330","케이엔더블유","12","0","KOSDAQ","-7.6","148.02","","160.2"
"A105550","엣지파운드리","12","0","KOSDAQ","-13.49","55.75","","64.45"
"A105560","KB금융","12","1","KOSPI","-0.26","58015.53","","58164.67"
"A105630","한세실업","12","0","KOSPI","1.91","426","","418"
"A105740","디케이락","12","0","KOSDAQ","-4.05","91.52","","95.38"
"A105760","포스뱅크","12","0","KOSDAQ","-1.14","52.92","","53.53"
"A105840","우진","12","0","KOSPI","-8.1","424.15","","461.52"
"A106080","케이이엠텍","12","0","KOSDAQ","0","9.51","","9.51"
"A106190","하이텍팜","12","0","KOSDAQ","-1.67","168.85","","171.73"
"A106240","파인테크닉스","12","0","KOSDAQ","-0.67","50.65","","51"
"A106520","노블엠앤비","12","0","KOSDAQ","0","15.9","","15.9"
"A107590","미원홀딩스","12","0","KOSPI","0.34","136.65","","136.18"
"A107600","새빗켐","12","0","KOSDAQ","-7.72","141.59","","153.43"
"A107640","한중엔시에스","12","0","KOSDAQ","-7.97","492.23","","534.83"
"A108230","톱텍","12","0","KOSDAQ","-3.8","154.18","","160.27"
"A108320","LX세미콘","12","0","KOSPI","-6.1","975.86","","1039.29"
"A108380","대양전기공업","12","0","KOSDAQ","-6.13","241.58","","257.36"
"A108490","로보티즈","12","0","KOSDAQ","-3.67","4814.83","","4998.05"
"A108670","LX하우시스","12","0","KOSPI","-0.9","344.81","","347.95"
"A108860","셀바스AI","12","0","KOSDAQ","-4.84","301.45","","316.79"
"A109070","주성코퍼레이션","12","0","KOSPI","-8.19","84.02","","91.52"
"A109080","옵티시스","12","0","KOSDAQ","-5.61","76.88","","81.44"
"A109610","에스와이","12","0","KOSDAQ","-3.18","126.43","","130.58"
"A109670","씨싸이트","12","0","KOSDAQ","-7.42","24.05","","25.97"
"A109740","디에스케이","12","0","KOSDAQ","-1.24","122.9","","124.44"
"A109820","진매트릭스","12","0","KOSDAQ","-2.27","40.36","","41.3"
"A109860","동일금속","12","0","KOSDAQ","-0.53","68.89","","69.25"
"A109960","앱토크롬","12","0","KOSDAQ","0","33.78","","33.78"
"A110020","전진바이오팜","12","0","KOSDAQ","-4.35","18.11","","18.93"
"A110790","크리스에프앤씨","12","0","KOSDAQ","-1.86","86.34","","87.98"
"A110990","디아이티","12","0","KOSDAQ","-5.44","460.22","","486.68"
"A111110","호전실업","12","0","KOSPI","1.73","71.73","","70.51"
"A111380","동인기연","12","0","KOSPI","5.93","86.47","","81.62"
"A111710","남화산업","12","0","KOSDAQ","-0.13","79.88","","79.98"
"A111770","영원무역","12","1","KOSPI","11.58","3970.31","","3558.21"
"A112040","위메이드","12","0","KOSDAQ","-5.48","702.73","","743.47"
"A112290","와이씨켐","12","0","KOSDAQ","-3.65","288.55","","299.47"
"A112610","씨에스윈드","12","1","KOSPI","-4.52","2226.65","","2332.08"
"A113810","디젠스","12","0","KOSDAQ","-3.68","21.34","","22.15"
"A114090","GKL","12","1","KOSPI","1.04","780","","771.96"
"A114190","강원에너지","12","0","KOSDAQ","-10.35","330.46","","368.6"
"A114450","그린생명과학","12","0","KOSDAQ","-8.21","55.9","","60.9"
"A114630","폴라리스우노","12","0","KOSDAQ","-2.65","38.7","","39.75"
"A114810","한솔아이원스","12","0","KOSDAQ","-5.63","431.76","","457.49"
"A114840","아이패밀리에스씨","12","0","KOSDAQ","-1.6","160.04","","162.63"
"A115160","휴맥스","12","0","KOSDAQ","1.34","32.64","","32.21"
"A115180","큐리언트","12","0","KOSDAQ","-7.18","1037.08","","1117.28"
"A115310","인포바인","12","0","KOSDAQ","-3.73","181.52","","188.54"
"A115440","우리넷","12","0","KOSDAQ","-9.66","149.39","","165.37"
"A115450","HLB테라퓨틱스","12","0","KOSDAQ","-2.98","273.71","","282.13"
"A115480","씨유메디칼","12","0","KOSDAQ","0","33.22","","33.22"
"A115500","케이씨에스","12","0","KOSDAQ","-16.37","172.32","","206.04"
"A115530","씨엔플러스","12","0","KOSDAQ","0","26.49","","26.49"
"A115570","스타플렉스","12","0","KOSDAQ","0.18","22.72","","22.68"
"A115610","이미지스","12","0","KOSDAQ","-11.78","27.01","","30.61"
"A117580","대성에너지","12","0","KOSPI","-1.69","224.13","","227.98"
"A117670","알파칩스","12","0","KOSDAQ","-10.6","108.45","","121.31"
"A117730","티로보틱스","12","0","KOSDAQ","-4.06","453.42","","472.59"
"A118000","메타케어","12","0","KOSPI","0","35.73","","35.73"
"A118990","모트렉스","12","0","KOSDAQ","-6.96","206.6","","222.06"
"A119500","포메탈","12","0","KOSDAQ","-3.75","48.63","","50.53"
"A119610","인터로조","12","0","KOSDAQ","0","218","","218"
"A119650","KC코트렐","12","0","KOSPI","0","100.78","","100.78"
"A119830","아이텍","12","0","KOSDAQ","-4.88","179.7","","188.92"
"A119850","지엔씨에너지","12","0","KOSDAQ","-7.65","526.37","","569.95"
"A120030","조선선재","12","0","KOSPI","-0.32","118.72","","119.1"
"A120110","코오롱인더","12","1","KOSPI","-8.79","2392.69","","2623.27"
"A120240","대정화금","12","0","KOSDAQ","-1.33","95.78","","97.07"
"A121440","골프존홀딩스","12","0","KOSDAQ","-1.43","206.9","","209.9"
"A121600","나노신소재","12","0","KOSDAQ","-6.6","867.56","","928.83"
"A121800","비덴트","12","0","KOSDAQ","0","256.31","","256.31"
"A121850","코이즈","12","0","KOSDAQ","-3.06","11.23","","11.58"
"A121890","에스디시스템","12","0","KOSDAQ","-8.33","27.05","","29.51"
"A122310","제노레이","12","0","KOSDAQ","0.71","72.04","","71.53"
"A122350","삼기","12","0","KOSDAQ","-2.91","49.88","","51.37"
"A122450","KX","12","0","KOSDAQ","-1.8","134.24","","136.7"
"A122640","예스티","12","0","KOSDAQ","-4.64","548.69","","575.38"
"A122690","서진오토모티브","12","0","KOSDAQ","-4","49.85","","51.93"
"A122870","와이지엔터테인먼트","12","0","KOSDAQ","-1.78","930.81","","947.64"
"A122900","아이마켓코리아","12","0","KOSPI","-1.2","247.37","","250.38"
"A122990","와이솔","12","0","KOSDAQ","4.06","204.59","","196.6"
"A123010","알엔티엑스","12","0","KOSDAQ","-7.26","79.52","","85.74"
"A123040","엠에스오토텍","12","0","KOSDAQ","-5.27","134.96","","142.48"
"A123330","제닉","12","0","KOSDAQ","-8.79","177.7","","194.83"
"A123410","코리아에프티","12","0","KOSDAQ","-4.23","182.92","","190.99"
"A123420","위메이드플레이","12","0","KOSDAQ","-1.21","77.35","","78.3"
"A123570","이엠넷","12","0","KOSDAQ","-4.99","41.12","","43.28"
"A123690","한국화장품","12","0","KOSPI","-1.53","134.33","","136.42"
"A123700","SJM","12","0","KOSPI","-0.67","57.97","","58.36"
"A123750","알톤","12","0","KOSDAQ","-1.36","27.09","","27.46"
"A123840","뉴온","12","0","KOSDAQ","-4.51","28.33","","29.66"
"A123860","아나패스","12","0","KOSDAQ","-2","201.73","","205.86"
"A123890","한국자산신탁","12","0","KOSPI","0.83","296.76","","294.31"
"A124500","아이티센글로벌","12","0","KOSDAQ","-3.58","1188.07","","1232.16"
"A124560","태웅로직스","12","0","KOSDAQ","-3.62","87.7","","90.99"
"A125020","티씨머티리얼즈","12","0","KOSDAQ","1.83","234.06","","229.85"
"A125210","아모그린텍","12","0","KOSDAQ","-2.91","209.34","","215.61"
"A125490","한라캐스트","12","0","KOSDAQ","-1.78","585.13","","595.72"
"A126340","비나텍","12","0","KOSDAQ","-9.98","1107.96","","1230.83"
"A126560","현대퓨처넷","12","0","KOSPI","-1.9","341.63","","348.24"
"A126600","BGF에코머티리얼즈","12","0","KOSDAQ","3.99","253.26","","243.54"
"A126640","화신정공","12","0","KOSDAQ","-1.46","66.36","","67.34"
"A126700","하이비젼시스템","12","0","KOSDAQ","-5.27","247.14","","260.89"
"A126720","수산인더스트리","12","0","KOSPI","-1.63","431.44","","438.58"
"A126730","코칩","12","0","KOSDAQ","-6.8","146.64","","157.34"
"A126880","제이엔케이글로벌","12","0","KOSDAQ","-2","79.59","","81.22"
"A127120","제이에스링크","12","0","KOSDAQ","-12.1","1230.82","","1400.24"
"A127710","아시아경제","12","0","KOSDAQ","-6.41","53.39","","57.04"
"A127980","화인써키트","12","0","KOSDAQ","-6.64","69.98","","74.95"
"A128540","에코캡","12","0","KOSDAQ","-4.24","47.67","","49.78"
"A128660","피제이메탈","12","0","KOSDAQ","-0.9","82.1","","82.84"
"A128820","대성산업","12","0","KOSPI","-9.52","331.12","","365.96"
"A128940","한미약품","12","1","KOSPI","5.12","6053.19","","5758.54"
"A129260","인터지스","12","0","KOSPI","-1.3","67.53","","68.42"
"A129890","앱코","12","0","KOSDAQ","-1.67","45.55","","46.32"
"A129920","대성하이텍","12","0","KOSDAQ","2.09","174.84","","171.26"
"A130500","GH신소재","12","0","KOSDAQ","-0.82","35.34","","35.64"
"A130580","나이스디앤비","12","0","KOSDAQ","3.53","85.78","","82.85"
"A130660","한전산업","12","0","KOSPI","-5.03","510.84","","537.9"
"A130740","티피씨글로벌","12","0","KOSDAQ","29.97","29.09","","22.38"
"A131030","옵투스제약","12","0","KOSDAQ","-4.2","136.76","","142.76"
"A131090","시큐브","12","0","KOSDAQ","-2.75","29.83","","30.67"
"A131100","티엔엔터테인먼트","12","0","KOSDAQ","-2.49","37.89","","38.86"
"A131180","딜리","12","0","KOSDAQ","0","27.62","","27.62"
"A131220","대한과학","12","0","KOSDAQ","-2.52","33.1","","33.96"
"A131290","티에스이","12","0","KOSDAQ","-4.52","2007.65","","2102.78"
"A131370","알서포트","12","0","KOSDAQ","-2.47","115.86","","118.79"
"A131400","이브이첨단소재","12","0","KOSDAQ","-6.01","90.34","","96.12"
"A131760","파인텍","12","0","KOSDAQ","0","45","","45"
"A131970","두산테스나","12","0","KOSDAQ","-6.47","3436.38","","3674.11"
"A133750","메가엠디","12","0","KOSDAQ","-0.64","40.19","","40.45"
"A133820","화인베스틸","12","0","KOSPI","-3.35","48.25","","49.92"
"A134060","이퓨쳐","12","0","KOSDAQ","-0.36","19.86","","19.94"
"A134380","미원화학","12","0","KOSPI","-0.4","272.71","","273.81"
"A134580","탑코미디어","12","0","KOSDAQ","-2.44","80.79","","82.81"
"A134790","시디즈","12","0","KOSPI","-1.62","36.54","","37.14"
"A136150","원일티엔아이","12","0","KOSDAQ","-5.19","124.12","","130.91"
"A136410","아셈스","12","0","KOSDAQ","-4.78","68.1","","71.51"
"A136480","하림","12","0","KOSDAQ","-2.06","328.72","","335.62"
"A136490","선진","12","0","KOSPI","-0.43","274.65","","275.84"
"A136540","윈스테크넷","12","0","KOSDAQ","-0.24","150.3","","150.67"
"A137080","나래나노텍","12","0","KOSDAQ","1.15","58.5","","57.84"
"A137310","에스디바이오센서","12","1","KOSPI","-5.11","964.79","","1016.71"
"A137400","피엔티","12","0","KOSDAQ","-5.31","1120.57","","1183.35"
"A137940","넥스트아이","12","0","KOSDAQ","0","22.45","","22.45"
"A137950","제이씨케미칼","12","0","KOSDAQ","-3.8","90.3","","93.86"
"A138040","메리츠금융지주","12","1","KOSPI","-3.91","17705.34","","18424.93"
"A138070","신진에스엠","12","0","KOSDAQ","-1.32","30.14","","30.54"
"A138080","오이솔루션","12","0","KOSDAQ","-11.17","506.87","","570.61"
"A138360","앤로보틱스","12","0","KOSDAQ","0.51","302.96","","301.42"
"A138610","나이벡","12","0","KOSDAQ","-5.27","244.98","","258.62"
"A138930","BNK금융지주","12","1","KOSPI","-1.03","5374.86","","5430.72"
"A139130","iM금융지주","12","1","KOSPI","-5.86","2915.34","","3096.84"
"A139480","이마트","12","1","KOSPI","-13.65","2828.57","","3275.62"
"A139670","키네마스터","12","0","KOSDAQ","-4.26","25.68","","26.83"
"A139990","아주스틸","12","0","KOSPI","-4.62","128.09","","134.29"
"A140070","서플러스글로벌","12","0","KOSDAQ","-1.78","91.92","","93.58"
"A140410","메지온","12","0","KOSDAQ","-2.64","2245.98","","2306.77"
"A140430","카티스","12","0","KOSDAQ","0","40.19","","40.19"
"A140520","대창스틸","12","0","KOSDAQ","-2.33","44.33","","45.38"
"A140670","알에스오토메이션","12","0","KOSDAQ","-4.72","207.36","","217.64"
"A140860","파크시스템스","12","0","KOSDAQ","-8.32","1850.85","","2018.8"
"A141000","비아트론","12","0","KOSDAQ","-3.91","137.02","","142.59"
"A141080","리가켐바이오","12","0","KOSDAQ","-2.3","7085.52","","7252.1"
"A142210","유니트론텍","12","0","KOSDAQ","-0.8","154.39","","155.64"
"A142280","녹십자엠에스","12","0","KOSDAQ","-8.19","93.82","","102.19"
"A142760","모아라이프플러스","12","0","KOSDAQ","-9.46","30.66","","33.86"
"A143160","아이디스","12","0","KOSDAQ","1.51","187","","184.21"
"A143210","핸즈코퍼레이션","12","0","KOSPI","0","26.23","","26.23"
"A143240","사람인","12","0","KOSDAQ","0","174.62","","174.62"
"A143540","영우디에스피","12","0","KOSDAQ","0.42","63.69","","63.42"
"A144510","지씨셀","12","0","KOSDAQ","-5.43","343.66","","363.41"
"A144960","뉴파워프라즈마","12","0","KOSDAQ","-7.57","469.7","","508.15"
"A145020","휴젤","12","0","KOSDAQ","-1.05","3475.89","","3512.8"
"A145170","노브랜드","12","0","KOSDAQ","-6.18","80.91","","86.23"
"A145210","다이나믹디자인","12","0","KOSPI","0","9.46","","9.46"
"A145720","덴티움","12","0","KOSPI","-4.08","445.86","","464.83"
"A145990","삼양사","12","0","KOSPI","-2.07","463.59","","473.39"
"A146060","율촌","12","0","KOSDAQ","-2.79","30.14","","31"
"A146320","비씨엔씨","12","0","KOSDAQ","-9.1","205.79","","226.4"
"A147760","피엠티","12","0","KOSDAQ","-11.13","62.21","","70"
"A147830","제룡산업","12","0","KOSDAQ","-8.48","203","","221.8"
"A148150","세경하이테크","12","0","KOSDAQ","-4.33","149.1","","155.86"
"A148250","알엔투테크놀로지","12","0","KOSDAQ","-3.3","39.88","","41.24"
"A148780","비큐AI","12","0","KOSDAQ","-5.19","32.77","","34.56"
"A148930","에이치와이티씨","12","0","KOSDAQ","-3.99","29.41","","30.63"
"A149950","아바텍","12","0","KOSDAQ","-4.88","170.44","","179.18"
"A149980","하이로닉","12","0","KOSDAQ","-4.86","120.38","","126.53"
"A150900","파수AI","12","0","KOSDAQ","-2.11","57.12","","58.34"
"A151860","KG에코솔루션","12","0","KOSDAQ","0.47","307.99","","306.56"
"A153460","네이블","12","0","KOSDAQ","-3.93","55.83","","58.12"
"A153490","우리이앤엘하루틴","12","0","KOSDAQ","-0.5","41.18","","41.39"
"A153710","옵티팜","12","0","KOSDAQ","0.1","72.76","","72.69"
"A154030","아시아종묘","12","0","KOSDAQ","-0.48","22.62","","22.72"
"A154040","다산솔루에타","12","0","KOSDAQ","-1.05","20.21","","20.43"
"A155650","와이엠씨","12","0","KOSDAQ","-3.45","82.35","","85.29"
"A155660","DSR","12","0","KOSPI","4.66","70.08","","66.96"
"A156100","엘앤케이바이오","12","0","KOSDAQ","-3.56","133.21","","138.13"
"A158430","아톤","12","0","KOSDAQ","-5.97","169.66","","180.43"
"A159010","아스플로","12","0","KOSDAQ","-2.04","198.15","","202.29"
"A159580","제로투세븐","12","0","KOSDAQ","-3.17","70.41","","72.72"
"A159910","에코글로우","12","0","KOSDAQ","-2.19","35.06","","35.85"
"A160190","하이젠알앤엠","12","0","KOSDAQ","-4.35","1187.64","","1241.7"
"A160550","NEW","12","0","KOSDAQ","-0.81","44.43","","44.79"
"A160980","싸이맥스","12","0","KOSDAQ","0","400.37","","400.37"
"A161000","애경케미칼","12","0","KOSPI","-8.39","653.35","","713.19"
"A161390","한국타이어앤테크놀로지","12","1","KOSPI","0.65","7705.03","","7655.48"
"A161580","필옵틱스","12","0","KOSDAQ","-8.41","1148.67","","1254.16"
"A161890","한국콜마","12","1","KOSPI","-3.67","2292.05","","2379.39"
"A162300","신스틸","12","0","KOSDAQ","-2.5","69.42","","71.21"
"A163280","에어레인","12","0","KOSDAQ","0","74.54","","74.54"
"A163560","동일고무벨트","12","0","KOSPI","-1.43","95.91","","97.3"
"A163730","핑거","12","0","KOSDAQ","-7.6","206","","222.94"
"A166090","하나머티리얼즈","12","0","KOSDAQ","-10.49","1400.26","","1564.41"
"A166480","코아스템켐온","12","0","KOSDAQ","-6.54","185.05","","198"
"A168330","내츄럴엔도텍","12","0","KOSDAQ","19","90.5","","76.05"
"A168360","펨트론","12","0","KOSDAQ","-10.12","501.44","","557.88"
"A169330","엠브레인","6","0","KOSDAQ","3.97","38.37","","36.91"
"A170030","현대공업","12","0","KOSDAQ","-2.12","92.19","","94.19"
"A170790","파이오링크","12","0","KOSDAQ","-2.91","61.99","","63.85"
"A170900","동아에스티","12","0","KOSPI","-1.64","408.08","","414.89"
"A170920","엘티씨","12","0","KOSDAQ","-14.38","405.66","","473.8"
"A171010","램테크놀러지","12","0","KOSDAQ","-4.64","54.41","","57.05"
"A171090","선익시스템","12","0","KOSDAQ","-10.58","870.85","","973.89"
"A171120","라이온켐텍","12","0","KOSDAQ","-2.5","84.01","","86.16"
"A172670","에이엘티","12","0","KOSDAQ","-7.57","160.93","","174.1"
"A173130","오파스넷","12","0","KOSDAQ","0","97.46","","97.46"
"A173940","에프엔씨엔터","12","0","KOSDAQ","-3.24","57.49","","59.42"
"A174900","앱클론","12","0","KOSDAQ","-4.15","783.12","","815.95"
"A175140","아고스","12","0","KOSDAQ","-1.84","93.17","","94.91"
"A175250","아이큐어","12","0","KOSDAQ","0","81.5","","81.5"
"A175330","JB금융지주","12","1","KOSPI","-2.73","4696.93","","4828.7"
"A176750","듀켐바이오","12","0","KOSDAQ","-5.72","239.31","","253.83"
"A177350","베셀","12","0","KOSDAQ","-4.34","16.02","","16.75"
"A177830","파버나인","12","0","KOSDAQ","-0.9","36.97","","37.31"
"A177900","쓰리에이로직스","12","0","KOSDAQ","-9.9","61.33","","68.07"
"A178320","서진시스템","12","0","KOSDAQ","0.45","3989.91","","3972.05"
"A178780","일월지엠엘","12","0","KOSDAQ","-1.91","43.06","","43.9"
"A178920","PI첨단소재","12","0","KOSPI","-7.62","819.32","","886.86"
"A179290","엠아이텍","12","0","KOSDAQ","-5.19","183.19","","193.22"
"A179530","애드바이오텍","12","0","KOSDAQ","-0.2","48.81","","48.9"
"A179900","유티아이","12","0","KOSDAQ","-4.56","373.05","","390.86"
"A180400","DXVX","12","0","KOSDAQ","-2.72","369.11","","379.45"
"A180640","한진칼","12","1","KOSPI","-3.17","7958.06","","8218.44"
"A181710","NHN","12","0","KOSPI","0.13","1247.89","","1246.26"
"A182360","큐브엔터","12","0","KOSDAQ","-2.87","131.71","","135.59"
"A182400","엔케이젠바이오텍코리아","12","0","KOSDAQ","0","265.5","","265.5"
"A183190","아세아시멘트","12","0","KOSPI","-2.74","388.06","","399.02"
"A183300","코미코","12","0","KOSDAQ","-12.79","1632.91","","1872.46"
"A183490","엔지켐생명과학","12","0","KOSDAQ","0","83.79","","83.79"
"A184230","SGA솔루션즈","12","0","KOSDAQ","0","71.21","","71.21"
"A185490","아이진","12","0","KOSDAQ","-2.09","62.64","","63.98"
"A185750","종근당","12","1","KOSPI","-1.93","1120.79","","1142.87"
"A186230","그린플러스","12","0","KOSDAQ","-3.14","45.43","","46.9"
"A187220","디티앤씨","12","0","KOSDAQ","-1.06","32.27","","32.62"
"A187270","신화콘텍","12","0","KOSDAQ","-5.15","35.5","","37.43"
"A187420","HLB제넥스","12","0","KOSDAQ","-1.03","77.69","","78.5"
"A187660","페니트리움바이오","12","0","KOSDAQ","-4.37","461.48","","482.56"
"A187790","나노","12","0","KOSDAQ","0.68","181.96","","180.73"
"A187870","디바이스","12","0","KOSDAQ","4.66","197.73","","188.93"
"A188040","바이오포트","12","0","KOSDAQ","-5.42","25.32","","26.77"
"A188260","세니젠","12","0","KOSDAQ","-4.39","13.86","","14.49"
"A189300","인텔리안테크","12","0","KOSDAQ","0.19","1739.47","","1736.25"
"A189330","씨이랩","12","0","KOSDAQ","-12.36","75.15","","85.75"
"A189690","포시에스","6","0","KOSDAQ","-0.97","52.98","","53.5"
"A189860","서전기전","12","0","KOSDAQ","-7.41","72.74","","78.56"
"A189980","흥국에프엔비","12","0","KOSDAQ","-2.54","58.48","","60.01"
"A190510","나무가","12","0","KOSDAQ","-8.3","288.04","","314.1"
"A190650","코리아에셋투자증권","3","0","KOSDAQ","-1.79","52.7","","53.66"
"A191410","육일씨엔에쓰","12","0","KOSDAQ","1.69","23.58","","23.19"
"A191420","테고사이언스","12","0","KOSDAQ","-5.25","92.2","","97.31"
"A192080","더블유게임즈","12","1","KOSPI","-1.01","1251.35","","1264.06"
"A192250","케이사인","12","0","KOSDAQ","-4.62","81.63","","85.58"
"A192390","윈하이텍","12","0","KOSDAQ","-0.11","20.02","","20.05"
"A192400","쿠쿠홀딩스","12","0","KOSPI","-1.06","992.18","","1002.85"
"A192410","오늘이엔엠","12","0","KOSDAQ","-5.27","155.15","","163.78"
"A192440","슈피겐코리아","12","0","KOSDAQ","-1.39","176.86","","179.34"
"A192650","드림텍","12","0","KOSPI","-2.77","435.92","","448.33"
"A192820","코스맥스","12","1","KOSPI","-4.23","2107.6","","2200.67"
"A193250","링크드","12","0","KOSDAQ","0","26.47","","26.47"
"A194370","제이에스코퍼레이션","12","0","KOSPI","-0.74","391.73","","394.63"
"A194480","데브시스터즈","12","0","KOSDAQ","-4.04","221.96","","231.3"
"A194700","노바렉스","12","0","KOSDAQ","14.23","315.08","","275.83"
"A195500","마니커에프앤지","12","0","KOSDAQ","-0.38","41.38","","41.54"
"A195870","해성디에스","12","0","KOSPI","-0.79","1489.2","","1501.1"
"A195940","HK이노엔","12","0","KOSDAQ","-3.26","1386.75","","1433.49"
"A195990","루트K","12","0","KOSDAQ","-4.37","37.76","","39.48"
"A196170","알테오젠","12","0","KOSDAQ","-4.16","19753.99","","20610.53"
"A196300","HLB펩","12","0","KOSDAQ","0.15","61.88","","61.79"
"A196450","코아시아씨엠","12","0","KOSDAQ","-7.22","62.31","","67.16"
"A196490","디에이테크놀로지","12","0","KOSDAQ","0","36.25","","36.25"
"A196700","웹스","12","0","KOSDAQ","-5.89","24.33","","25.86"
"A197140","디지캡","12","0","KOSDAQ","1.28","24.8","","24.49"
"A198080","캐프","12","0","KOSDAQ","-6.71","65.9","","70.64"
"A198440","강동씨앤엘","12","0","KOSDAQ","-0.57","63.37","","63.73"
"A198940","한주라이트메탈","12","0","KOSDAQ","0","33.51","","33.51"
"A199430","케이엔알시스템","12","0","KOSDAQ","-5.42","242.94","","256.87"
"A199480","뱅크웨어글로벌","12","0","KOSDAQ","-4.12","43.85","","45.73"
"A199550","레이저옵텍","12","0","KOSDAQ","-4","65.84","","68.59"
"A199730","바이오인프라","12","0","KOSDAQ","-2.89","18.83","","19.38"
"A199800","툴젠","12","0","KOSDAQ","-22.97","868.8","","1127.83"
"A199820","제일일렉트릭","12","0","KOSDAQ","-9.21","319.97","","352.41"
"A200130","콜마비앤에이치","12","0","KOSDAQ","-1.36","341.81","","346.52"
"A200230","텔콘RF제약","12","0","KOSDAQ","-2.74","38.05","","39.12"
"A200350","아티스트스튜디오","12","0","KOSDAQ","-1.61","39.68","","40.33"
"A200470","에이팩트","12","0","KOSDAQ","-6.58","348.64","","373.21"
"A200670","휴메딕스","12","0","KOSDAQ","-6.37","354.87","","379.01"
"A200710","에이디테크놀로지","12","0","KOSDAQ","-8.47","603.77","","659.64"
"A200780","비씨월드제약","12","0","KOSDAQ","0","43.36","","43.36"
"A200880","서연이화","12","0","KOSPI","-3.67","361.91","","375.7"
"A201490","미투온","12","0","KOSDAQ","-5.65","92.57","","98.11"
"A203400","에이비온","12","0","KOSDAQ","-5.36","182.91","","193.27"
"A203450","유니온바이오메트릭스","12","0","KOSDAQ","-2.12","42.24","","43.15"
"A203650","드림시큐리티","12","0","KOSDAQ","-7.5","305.31","","330.08"
"A203690","아크솔루션스","12","0","KOSDAQ","0","89.2","","89.2"
"A204020","그리티","12","0","KOSDAQ","-6.37","42.89","","45.81"
"A204270","제이앤티씨","12","0","KOSDAQ","-8.96","1058.63","","1162.75"
"A204320","HL만도","12","1","KOSPI","-1.91","2897.25","","2953.6"
"A204610","티쓰리","12","0","KOSDAQ","2.94","173.26","","168.31"
"A204620","글로벌텍스프리","12","0","KOSDAQ","0.65","438.57","","435.76"
"A204840","지엘팜텍","12","0","KOSDAQ","-3.07","73.52","","75.84"
"A205100","엑셈","12","0","KOSDAQ","-2.73","128.44","","132.04"
"A205470","휴마시스","12","0","KOSDAQ","-6.23","103.24","","110.1"
"A205500","넥써쓰","12","0","KOSDAQ","-4.86","101.68","","106.87"
"A206400","베노티앤알","12","0","KOSDAQ","1.36","39.27","","38.75"
"A206560","덱스터","12","0","KOSDAQ","-4.53","50.82","","53.24"
"A206640","바디텍메드","12","0","KOSDAQ","-3.47","243.84","","252.6"
"A206650","유바이오로직스","12","0","KOSDAQ","-3.88","418.28","","435.17"
"A207760","미스터블루","12","0","KOSDAQ","-4.12","71.45","","74.52"
"A207940","삼성바이오로직스","12","1","KOSPI","-2.07","65686.86","","67075.59"
"A208140","정다운","12","0","KOSDAQ","-0.41","80.24","","80.57"
"A208350","지란지교시큐리티","12","0","KOSDAQ","-2.18","25.4","","25.97"
"A208370","셀바스헬스케어","12","0","KOSDAQ","-3.07","97.43","","100.52"
"A208640","썸에이지","12","0","KOSDAQ","-3.37","23.95","","24.78"
"A208710","포톤","12","0","KOSDAQ","-4.63","29.85","","31.3"
"A208860","다산디엠씨","12","0","KOSDAQ","-3.08","37.38","","38.57"
"A209640","와이제이링크","12","0","KOSDAQ","-5.32","232.66","","245.75"
"A210120","캔버스엔","12","0","KOSDAQ","-7.74","29.47","","31.94"
"A210540","디와이파워","12","0","KOSPI","0","157.12","","157.12"
"A210980","SK디앤디","12","0","KOSPI","0","232.16","","232.16"
"A211050","인카금융서비스","12","0","KOSDAQ","-1.04","514.81","","520.22"
"A211270","AP위성","12","0","KOSDAQ","-4.94","232.27","","244.33"
"A212560","네오오토","12","0","KOSDAQ","1.63","147.65","","145.29"
"A212710","아이에스티이","12","0","KOSDAQ","-0.66","102.1","","102.77"
"A213420","덕산네오룩스","12","0","KOSDAQ","-9.62","1167.07","","1291.22"
"A213500","한솔제지","12","0","KOSPI","-2.29","172.55","","176.6"
"A214150","클래시스","12","0","KOSDAQ","-8.18","3294.4","","3587.96"
"A214180","헥토이노베이션","12","0","KOSDAQ","-5.08","237.78","","250.51"
"A214260","라파스","12","0","KOSDAQ","-3.01","74.68","","77"
"A214270","FSN","12","0","KOSDAQ","-2.26","72.45","","74.13"
"A214320","이노션","12","0","KOSPI","1.96","834","","818"
"A214330","금호에이치티","12","0","KOSPI","-3.45","79.37","","82.2"
"A214370","케어젠","12","0","KOSDAQ","-4.03","5247.96","","5468.19"
"A214390","경보제약","12","0","KOSPI","-4.06","146.79","","153"
"A214420","토니모리","12","0","KOSPI","-4.42","166.46","","174.16"
"A214430","아이쓰리시스템","12","0","KOSDAQ","-1.93","629.88","","642.3"
"A214450","파마리서치","12","0","KOSDAQ","-6.55","3407.8","","3646.77"
"A214610","롤링스톤","12","0","KOSDAQ","0","19.2","","19.2"
"A214680","디알텍","12","0","KOSDAQ","-2.62","136.48","","140.16"
"A215000","골프존","12","0","KOSDAQ","-1.45","298.4","","302.79"
"A215090","솔디펜스","12","0","KOSDAQ","-5.13","53.49","","56.38"
"A215100","로보로보","12","0","KOSDAQ","4.22","145.69","","139.79"
"A215200","메가스터디교육","12","0","KOSDAQ","-0.22","460.73","","461.77"
"A215360","우리산업","12","0","KOSDAQ","-2.91","79.18","","81.55"
"A215380","콜마바이오텍","12","0","KOSDAQ","-3.69","46.11","","47.88"
"A215480","토박스코리아","12","0","KOSDAQ","-2.6","20.14","","20.67"
"A215600","신라젠","12","0","KOSDAQ","-4.03","428.82","","446.84"
"A215790","이노인스트루먼트","12","0","KOSDAQ","-10.17","83.59","","93.05"
"A216050","인크로스","12","0","KOSDAQ","-0.78","81.3","","81.94"
"A216080","제테마","12","0","KOSDAQ","-2.88","214.03","","220.37"
"A217190","제너셈","12","0","KOSDAQ","-12.67","86.16","","98.65"
"A217270","넵튠","12","0","KOSDAQ","-1.87","159.37","","162.41"
"A217330","싸이토젠","12","0","KOSDAQ","1.55","120.97","","119.12"
"A217480","에스디생명공학","12","0","KOSDAQ","0","54.76","","54.76"
"A217500","러셀","12","0","KOSDAQ","-6.27","87.96","","93.85"
"A217590","티엠씨","12","0","KOSPI","-8.4","578.26","","631.27"
"A217730","강스템바이오텍","12","0","KOSDAQ","-4.08","309.91","","323.08"
"A217820","원익피앤이","12","0","KOSDAQ","-5.22","150.67","","158.97"
"A218150","미래생명자원","12","0","KOSDAQ","-5.63","54.71","","57.98"
"A218410","RFHIC","12","0","KOSDAQ","-10.75","2578.34","","2889.01"
"A219130","타이거일렉","12","0","KOSDAQ","-2.19","366.23","","374.44"
"A219420","링크제니시스","12","0","KOSDAQ","0.4","57.69","","57.46"
"A219550","디와이디","12","0","KOSDAQ","-1.15","63.42","","64.16"
"A219750","한국비티비","12","0","KOSDAQ","-0.42","47.04","","47.24"
"A220100","퓨쳐켐","12","0","KOSDAQ","-5.58","375.66","","397.86"
"A220180","폴라리스AI핸디","12","0","KOSDAQ","-3.71","42.86","","44.51"
"A220260","켐트로스","12","0","KOSDAQ","-7.93","178.64","","194.04"
"A221800","지구홀딩스","12","0","KOSDAQ","-5.26","213.46","","225.31"
"A221840","하이즈항공","12","0","KOSDAQ","-7.4","47.97","","51.8"
"A221980","케이디켐","12","0","KOSDAQ","0","41.6","","41.6"
"A222040","코스맥스엔비티","12","0","KOSDAQ","-2.86","160.9","","165.64"
"A222080","SFA넥셀","12","0","KOSDAQ","-7.81","1055.48","","1144.92"
"A222110","팬젠","12","0","KOSDAQ","11.67","93.11","","83.38"
"A222160","NPX","12","0","KOSDAQ","0","79.55","","79.55"
"A222420","쎄노텍","12","0","KOSDAQ","-10.45","67.64","","75.53"
"A222800","심텍","12","0","KOSDAQ","-8.65","3757.63","","4113.54"
"A222980","한국맥널티","12","0","KOSDAQ","2.82","24.16","","23.5"
"A223250","드림씨아이에스","12","0","KOSDAQ","-5.19","161.62","","170.48"
"A223310","사토시홀딩스","12","0","KOSDAQ","30.02","76.98","","59.2"
"A224060","더코디","12","0","KOSDAQ","-3.93","29","","30.19"
"A224110","에이텍모빌리티","12","0","KOSDAQ","-0.83","42.57","","42.93"
"A225190","LK삼양","12","0","KOSDAQ","-0.84","133.89","","135.02"
"A225220","제놀루션","12","0","KOSDAQ","3.46","34.43","","33.28"
"A225430","케이엠제약","12","0","KOSDAQ","0","14.42","","14.42"
"A225530","HC보광산업","12","0","KOSDAQ","7.51","117.01","","108.83"
"A225570","넥슨게임즈","12","0","KOSDAQ","2.22","727.1","","711.29"
"A225590","패션플랫폼","12","0","KOSDAQ","0","24.33","","24.33"
"A226320","잇츠한불","12","0","KOSPI","1.06","271.27","","268.41"
"A226330","신테카바이오","12","0","KOSDAQ","-8.49","58.83","","64.28"
"A226340","본느","12","0","KOSDAQ","0","27.14","","27.14"
"A226400","오스테오닉","12","0","KOSDAQ","5.24","124.59","","118.39"
"A226590","엠디바이스","12","0","KOSDAQ","-20","242.2","","302.75"
"A226950","올릭스","12","0","KOSDAQ","3.93","3386.14","","3258.24"
"A227100","프로브잇","12","0","KOSDAQ","0","14.77","","14.77"
"A227610","아우딘퓨쳐스","12","0","KOSDAQ","0","30.21","","30.21"
"A227840","현대코퍼레이션홀딩스","12","0","KOSPI","0.15","118.31","","118.13"
"A227950","엔투텍","12","0","KOSDAQ","0","86.79","","86.79"
"A228340","동양파일","12","0","KOSDAQ","1.78","40.1","","39.4"
"A228670","레이","12","0","KOSDAQ","-5.61","118.39","","125.43"
"A228760","지노믹트리","12","0","KOSDAQ","-1.79","355.49","","361.95"
"A228850","레이언스","12","0","KOSDAQ","-2.21","110","","112.49"
"A229000","젠큐릭스","12","0","KOSDAQ","-10.52","64.78","","72.39"
"A229640","LS에코에너지","12","0","KOSPI","-11.26","2486.74","","2802.18"
"A230240","에치에프알","12","0","KOSDAQ","-3.35","421.9","","436.54"
"A230360","에코마케팅","12","0","KOSDAQ","-0.06","495.98","","496.29"
"A232140","와이씨","12","0","KOSDAQ","-6.69","1509.63","","1617.93"
"A232680","라온로보틱스","12","0","KOSDAQ","-3.62","206.05","","213.79"
"A232830","아이티센피엔에스","12","0","KOSDAQ","-0.19","84.98","","85.15"
"A234030","싸이닉솔루션","12","0","KOSDAQ","-9.08","139.51","","153.43"
"A234080","JW생명과학","12","0","KOSPI","-2.98","190.49","","196.35"
"A234100","폴라리스세원","12","0","KOSDAQ","0","74.47","","74.47"
"A234300","에스트래픽","12","0","KOSDAQ","-1.46","91.83","","93.19"
"A234340","헥토파이낸셜","12","0","KOSDAQ","-14.36","433.09","","505.74"
"A234690","녹십자웰빙","12","0","KOSDAQ","-4.81","192.03","","201.73"
"A234920","자이글","12","0","KOSDAQ","0","71.85","","71.85"
"A235980","메드팩토","12","0","KOSDAQ","-4.95","148.24","","155.95"
"A236200","슈프리마","12","0","KOSDAQ","-6.07","313.15","","333.37"
"A236810","엔비티","12","0","KOSDAQ","-7.16","27.98","","30.13"
"A237690","에스티팜","12","0","KOSDAQ","-7.79","2739.42","","2970.83"
"A237750","피앤씨테크","12","0","KOSDAQ","-0.39","33","","33.13"
"A237820","플레이디","12","0","KOSDAQ","-0.59","54","","54.32"
"A237880","클리오","12","0","KOSDAQ","-2.02","219.02","","223.54"
"A238090","앤디포스","12","0","KOSDAQ","8.04","104.43","","96.65"
"A238120","얼라인드","12","0","KOSDAQ","-0.95","60.18","","60.75"
"A238200","비피도","12","0","KOSDAQ","-1.12","25.32","","25.6"
"A238490","힘스","12","0","KOSDAQ","4.21","37.84","","36.31"
"A239340","이스트에이드","12","0","KOSDAQ","-1.42","33.78","","34.26"
"A239610","에이치엘사이언스","12","0","KOSDAQ","-1.5","42.6","","43.24"
"A239890","피엔에이치테크","12","0","KOSDAQ","-2.53","57.33","","58.82"
"A240550","동방메디컬","12","0","KOSDAQ","-0.51","163.7","","164.54"
"A240600","유진테크놀로지","12","0","KOSDAQ","-5.06","20.16","","21.23"
"A240810","원익IPS","12","0","KOSDAQ","-9.97","5629.92","","6253.29"
"A241520","DSC인베스트먼트","12","0","KOSDAQ","-6.88","363.89","","390.75"
"A241560","두산밥캣","12","1","KOSPI","-2.52","6681.17","","6853.71"
"A241590","화승엔터프라이즈","12","0","KOSPI","1.25","269.32","","265.99"
"A241690","유니테크노","12","0","KOSDAQ","-3.57","89.32","","92.62"
"A241710","코스메카코리아","12","0","KOSDAQ","-1.61","911","","925.96"
"A241770","메카로","12","0","KOSDAQ","-3.09","399.04","","411.78"
"A241790","티이엠씨씨엔에스","12","0","KOSDAQ","-7.13","79.42","","85.52"
"A241820","피씨엘","12","0","KOSDAQ","0","16.8","","16.8"
"A241840","에이스토리","12","0","KOSDAQ","-2.88","41.88","","43.12"
"A242040","나무에이엑스","12","0","KOSDAQ","5.9","167.67","","158.32"
"A243070","휴온스","12","0","KOSDAQ","-0.14","416.89","","417.49"
"A243840","신흥에스이씨","12","0","KOSDAQ","-7.05","320.03","","344.33"
"A244460","올리패스","12","0","KOSDAQ","0","13.42","","13.42"
"A244920","에이플러스에셋","12","0","KOSPI","-0.76","235.35","","237.15"
"A245620","EDGC","12","0","KOSDAQ","0","57.47","","57.47"
"A246250","에스엘에스바이오","12","0","KOSDAQ","0","30.22","","30.22"
"A246690","TS인베스트먼트","12","0","KOSDAQ","-8.44","66.43","","72.55"
"A246710","티앤알바이오팹","12","0","KOSDAQ","-8.62","118.68","","129.89"
"A246720","아스타","12","0","KOSDAQ","0","99.43","","99.43"
"A246960","SCL사이언스","12","0","KOSDAQ","-3.07","62.25","","64.22"
"A247540","에코프로비엠","12","0","KOSDAQ","-8.85","18636.7","","20446.56"
"A247660","나노씨엠에스","12","0","KOSDAQ","-6.97","18.83","","20.24"
"A248070","솔루엠","12","0","KOSPI","-1.37","1030.44","","1044.78"
"A248170","샘표식품","12","0","KOSPI","-1.16","116.72","","118.09"
"A249420","일동제약","12","0","KOSPI","-3.68","703.95","","730.84"
"A250000","보라티알","12","0","KOSDAQ","-0.71","47.32","","47.66"
"A250060","모비스","12","0","KOSDAQ","-5.46","136.41","","144.29"
"A250930","예선테크","12","0","KOSDAQ","-3.78","14.29","","14.85"
"A251120","바이오에프디엔씨","12","0","KOSDAQ","-5.06","107.65","","113.39"
"A251270","넷마블","12","1","KOSPI","-1.93","3539.57","","3610.35"
"A251370","와이엠티","12","0","KOSDAQ","-6.64","269.89","","289.09"
"A251630","브이원텍","12","0","KOSDAQ","-6.61","101.4","","108.57"
"A251970","펌텍코리아","12","0","KOSDAQ","-2.75","481.74","","495.38"
"A252500","세화피앤씨","12","0","KOSDAQ","-0.78","31.7","","31.94"
"A252990","샘씨엔에스","12","0","KOSDAQ","-8.44","705.75","","770.79"
"A253450","스튜디오드래곤","12","0","KOSDAQ","-3.48","918.29","","951.35"
"A253590","네오셈","12","0","KOSDAQ","-8.89","647.07","","710.24"
"A253840","수젠텍","12","0","KOSDAQ","-4.46","111.17","","116.37"
"A254120","자비스","12","0","KOSDAQ","-7.98","44.69","","48.56"
"A254490","미래반도체","12","0","KOSDAQ","-4.65","591.96","","620.83"
"A255220","SG","12","0","KOSDAQ","-1.93","250.9","","255.83"
"A255440","야스","12","0","KOSDAQ","-2.13","132.02","","134.89"
"A256150","한독크린텍","12","0","KOSDAQ","0.76","44.33","","43.99"
"A256630","포인트엔지니어링","12","0","KOSDAQ","0","68.15","","68.15"
"A256840","한국비엔씨","12","0","KOSDAQ","-4.82","229.46","","241.09"
"A256940","킵스파마","12","0","KOSDAQ","-0.91","131.11","","132.31"
"A257370","피엔티엠에스","12","0","KOSDAQ","-3.48","36.39","","37.7"
"A257720","실리콘투","12","0","KOSDAQ","-6.2","2531.24","","2698.46"
"A258610","케일럼","12","0","KOSDAQ","-4.07","42.14","","43.93"
"A258790","소프트캠프","12","0","KOSDAQ","0","42.94","","42.94"
"A258830","세종메디칼","12","0","KOSDAQ","0","31.22","","31.22"
"A259630","엠플러스","12","0","KOSDAQ","3","191.33","","185.76"
"A259960","크래프톤","12","1","KOSPI","-4.94","13226.92","","13914.34"
"A260660","알리코제약","12","0","KOSDAQ","-2.08","50.5","","51.58"
"A260930","씨티케이","12","0","KOSDAQ","-4.43","64.7","","67.7"
"A260970","에스앤디","12","0","KOSDAQ","15.92","193.81","","167.2"
"A261200","덴티스","12","0","KOSDAQ","-4.37","58.81","","61.5"
"A261520","이지스","12","0","KOSDAQ","-7.56","62.8","","67.94"
"A261780","아리바이오랩","12","0","KOSDAQ","13.07","112.9","","99.85"
"A262260","에이프로","12","0","KOSDAQ","-9.12","144.25","","158.72"
"A262840","아이퀘스트","12","0","KOSDAQ","-4.13","36.77","","38.36"
"A263020","디케이앤디","12","0","KOSDAQ","1.63","51.68","","50.85"
"A263050","유틸렉스","12","0","KOSDAQ","0","35.32","","35.32"
"A263600","덕우전자","12","0","KOSDAQ","-7.14","91.12","","98.13"
"A263690","디알젬","12","0","KOSDAQ","-2.64","62.74","","64.44"
"A263700","케어랩스","12","0","KOSDAQ","-3.77","44.65","","46.4"
"A263720","디앤씨미디어","12","0","KOSDAQ","-2.85","135.3","","139.27"
"A263750","펄어비스","12","0","KOSDAQ","-6.72","3032.5","","3250.94"
"A263770","유에스티","12","0","KOSDAQ","-0.4","46.67","","46.86"
"A263800","데이타솔루션","12","0","KOSDAQ","-4.76","76.26","","80.07"
"A263810","상신전자","12","0","KOSDAQ","-3.81","46.18","","48.01"
"A263860","지니언스","12","0","KOSDAQ","-2.74","135.56","","139.37"
"A263920","휴엠앤씨","12","0","KOSDAQ","-4.24","35.41","","36.98"
"A264450","유비쿼스","12","0","KOSDAQ","-1.78","210.6","","214.41"
"A264660","씨앤지하이테크","12","0","KOSDAQ","-6.58","213.87","","228.93"
"A264850","이랜시스","12","0","KOSDAQ","-7.84","217.21","","235.69"
"A264900","크라운제과","12","0","KOSPI","0","107.83","","107.83"
"A265520","AP시스템","12","0","KOSDAQ","-7.1","393.58","","423.68"
"A265560","영화테크","12","0","KOSDAQ","-5.27","94.18","","99.42"
"A265740","엔에프씨","12","0","KOSDAQ","-6.52","110.22","","117.9"
"A267250","HD현대","12","1","KOSPI","-3.41","21288.64","","22039.07"
"A267260","HD현대일렉트릭","12","1","KOSPI","-6.95","42499.57","","45671.72"
"A267270","HD건설기계","12","0","KOSPI","-5.53","7791","","8246.75"
"A267290","경동도시가스","12","0","KOSPI","0.68","131.17","","130.29"
"A267320","나인테크","12","0","KOSDAQ","-5.95","181.43","","192.92"
"A267790","배럴","12","0","KOSDAQ","-0.57","26.76","","26.91"
"A267850","아시아나IDT","12","0","KOSPI","-4.45","114.33","","119.66"
"A267980","매일유업","12","0","KOSDAQ","-1.69","267.46","","272.06"
"A268280","미원에스씨","12","1","KOSPI","0.74","548","","544"
"A269620","시스웍","12","0","KOSDAQ","0","132.09","","132.09"
"A270520","앱튼","12","0","KOSDAQ","-9.6","29.23","","32.34"
"A270660","에브리봇","12","0","KOSDAQ","-1.42","220.56","","223.73"
"A270870","뉴트리","12","0","KOSDAQ","0.85","38.13","","37.81"
"A271560","오리온","12","1","KOSPI","-1.54","5574.59","","5661.57"
"A271830","팸텍","12","0","KOSDAQ","-2.95","40.78","","42.02"
"A271940","일진하이솔루스","12","0","KOSPI","-3.49","573.02","","593.72"
"A271980","제일약품","12","0","KOSPI","-2.68","202.93","","208.52"
"A272110","케이엔제이","12","0","KOSDAQ","-8.6","277.28","","303.36"
"A272210","한화시스템","12","1","KOSPI","-10.16","19704.29","","21933.54"
"A272290","이녹스첨단소재","12","0","KOSDAQ","-8.25","610.09","","664.92"
"A272450","진에어","12","0","KOSPI","-3.93","318.94","","331.99"
"A272550","삼양패키징","12","0","KOSPI","-2.73","155.96","","160.33"
"A273060","와이즈버즈","12","0","KOSDAQ","-7.69","55.76","","60.4"
"A273640","와이엠텍","12","0","KOSDAQ","-7.35","113.39","","122.38"
"A274090","켄코아에어로스페이스","12","0","KOSDAQ","-4.81","274.45","","288.32"
"A274400","이노시뮬레이션","12","0","KOSDAQ","-3.69","30.85","","32.03"
"A275630","에스에스알","12","0","KOSDAQ","0.12","21.54","","21.51"
"A276040","스코넥","12","0","KOSDAQ","0","7.07","","7.07"
"A276730","한울앤제주","12","0","KOSDAQ","-2.26","29.7","","30.39"
"A277070","린드먼아시아","12","0","KOSDAQ","-2.33","54.63","","55.93"
"A277410","인산가","12","0","KOSDAQ","-2.39","39.29","","40.26"
"A277810","레인보우로보틱스","12","0","KOSDAQ","-3.69","15713.88","","16315.28"
"A277880","티에스아이","12","0","KOSDAQ","-5.83","99.41","","105.57"
"A278280","천보","12","0","KOSDAQ","-6","629.74","","669.55"
"A278470","에이피알","12","1","KOSPI","-4.94","15125.01","","15911.22"
"A278650","HLB바이오스텝","12","0","KOSDAQ","0","110.87","","110.87"
"A279570","케이뱅크","12","0","KOSPI","-2.16","2202.92","","2251.61"
"A279600","미디어젠","12","0","KOSDAQ","0.21","22.89","","22.84"
"A280360","롯데웰푸드","12","1","KOSPI","-0.08","1117.44","","1130.51"
"A281740","레이크머티리얼즈","12","0","KOSDAQ","-5.1","1285.03","","1354.05"
"A281820","케이씨텍","12","0","KOSPI","-12.84","1411.64","","1619.53"
"A282330","BGF리테일","12","1","KOSPI","-3.63","2431.85","","2523.45"
"A282720","금양그린파워","12","0","KOSDAQ","-8.94","143.25","","157.31"
"A282880","코윈테크","12","0","KOSDAQ","-5.16","171.9","","181.26"
"A284620","카이노스메드","12","0","KOSDAQ","0","35.97","","35.97"
"A284740","쿠쿠홈시스","12","0","KOSPI","-1.21","548.59","","555.32"
"A285130","SK케미칼","12","1","KOSPI","-5.44","842.45","","890.89"
"A285490","노바텍","12","0","KOSDAQ","-4.73","208.56","","218.92"
"A285800","진영","12","0","KOSDAQ","-4.99","26.64","","28.03"
"A286750","나노실리칸첨단소재","12","0","KOSDAQ","-6.85","50.13","","53.81"
"A286940","롯데이노베이트","12","0","KOSPI","1.14","335.87","","332.09"
"A287840","인투셀","12","0","KOSDAQ","-4.2","479.2","","500.23"
"A288180","케이피항공산업","12","0","외감","","","",""
"A288330","파라택시스코리아","12","0","KOSDAQ","0","44.13","","44.13"
"A288620","에스프리즘","12","0","KOSDAQ","-6.34","68.05","","72.65"
"A288980","모아데이타","12","0","KOSDAQ","0.2","36.31","","36.24"
"A289010","아이스크림에듀","12","0","KOSDAQ","2.89","22.31","","21.68"
"A289080","SV인베스트먼트","3","0","KOSDAQ","-6.23","192.28","","205.04"
"A289220","자이언트스텝","12","0","KOSDAQ","-5.69","53.66","","56.9"
"A289930","웨이비스","12","0","KOSDAQ","-8.51","193.68","","211.7"
"A290090","트윔","12","0","KOSDAQ","-4.89","44.86","","47.17"
"A290120","DH오토리드","12","0","KOSDAQ","-1.45","42.96","","43.6"
"A290270","휴네시온","12","0","KOSDAQ","-3.98","34.73","","36.17"
"A290520","신도기연","12","0","KOSDAQ","5.54","48.58","","46.04"
"A290550","디케이티","12","0","KOSDAQ","-14.09","567.03","","660.04"
"A290560","파라택시스이더리움","12","0","KOSDAQ","-3.32","33.88","","35.04"
"A290650","엘앤씨바이오","12","0","KOSDAQ","-3.19","1720.67","","1637.42"
"A290660","다이나믹솔루션","12","0","KOSDAQ","7.42","82.78","","77.06"
"A290670","대보마그네틱","12","0","KOSDAQ","-6.48","74.8","","79.99"
"A290690","아리바이오홀딩스","12","0","KOSDAQ","29.84","274.81","","211.66"
"A290720","푸드나무","12","0","KOSDAQ","-3.52","105.89","","109.76"
"A290740","액트로","12","0","KOSDAQ","-2.27","160.03","","163.76"
"A291230","엔피","12","0","KOSDAQ","-3.04","30.96","","31.93"
"A291650","압타머사이언스","12","0","KOSDAQ","-0.31","78.8","","79.05"
"A291810","핀텔","12","0","KOSDAQ","-7.17","17.96","","19.35"
"A293480","하나제약","12","0","KOSPI","-4.55","167.6","","175.6"
"A293490","카카오게임즈","12","0","KOSDAQ","-2.98","993.04","","1023.57"
"A293580","나우IB","12","0","KOSDAQ","-4.98","217.39","","228.78"
"A293780","압타바이오","12","0","KOSDAQ","-1.56","194.69","","197.78"
"A294090","이오플로우","12","0","KOSDAQ","0","62.3","","62.3"
"A294140","레몬","12","0","KOSDAQ","-4.22","66.12","","69.04"
"A294570","쿠콘","12","0","KOSDAQ","-1.62","275","","279.54"
"A294630","서남","12","0","KOSDAQ","-6.69","102.96","","110.34"
"A294870","IPARK현대산업개발","12","0","KOSPI","-2.35","1509.28","","1545.53"
"A295310","에이치브이엠","12","0","KOSDAQ","3.05","1177.47","","1142.59"
"A296640","이노에이엑스","12","0","KOSDAQ","-0.6","34.33","","34.54"
"A297090","씨에스베어링","12","0","KOSDAQ","-7.31","172.89","","186.53"
"A297570","아틀라스링크","12","0","KOSDAQ","-2.73","48.02","","49.37"
"A297890","HB솔루션","12","0","KOSDAQ","-6.09","174.81","","186.14"
"A298000","효성화학","12","0","KOSPI","0","147.5","","147.5"
"A298020","효성티앤씨","12","1","KOSPI","-5.38","1904.18","","2012.37"
"A298040","효성중공업","12","1","KOSPI","-6.96","34920.43","","37531.31"
"A298050","HS효성첨단소재","12","1","KOSPI","-4.6","1021.43","","1070.71"
"A298060","풍전약품","12","0","KOSDAQ","0","40.98","","40.98"
"A298380","에이비엘바이오","12","0","KOSDAQ","-5.02","6679.3","","7032.03"
"A298540","더네이쳐홀딩스","12","0","KOSDAQ","0.54","108.07","","107.49"
"A298690","에어부산","12","0","KOSPI","-1.36","228.5","","231.65"
"A298830","슈어소프트테크","12","0","KOSDAQ","-6.88","383.3","","411.63"
"A299030","하나기술","12","0","KOSDAQ","-4.3","195.88","","204.67"
"A299170","더블유에스아이","12","0","KOSDAQ","-3.82","83.65","","86.97"
"A299660","셀리드","12","0","KOSDAQ","-6.05","89.39","","95.15"
"A299900","위지윅스튜디오","12","0","KOSDAQ","-4.75","61.75","","64.83"
"A300080","플리토","12","0","KOSDAQ","-7.06","165.22","","177.76"
"A300120","라온피플","12","0","KOSDAQ","-2.53","45.69","","46.88"
"A300720","한일시멘트","12","1","KOSPI","-3.26","1200.26","","1240.71"
"A301300","바이브컴퍼니","12","0","KOSDAQ","-3.06","27.1","","27.95"
"A302430","이노메트리","12","0","KOSDAQ","-3.9","87.32","","90.86"
"A302440","SK바이오사이언스","12","1","KOSPI","-4.4","3240.26","","3389.32"
"A302550","리메드","12","0","KOSDAQ","-2.44","86.54","","88.7"
"A303030","지니틱스","12","0","KOSDAQ","-11.7","23.86","","27.01"
"A303360","프로티아","12","0","KOSDAQ","-0.73","61.31","","61.76"
"A303530","이노뎁","12","0","KOSDAQ","-5.81","32.11","","34.09"
"A303810","동국생명과학","12","0","KOSDAQ","-0.96","99.15","","100.11"
"A304100","솔트룩스","12","0","KOSDAQ","-6.85","239.91","","257.54"
"A304360","에스바이오메딕스","12","0","KOSDAQ","-5.6","365.36","","387.04"
"A304840","피플바이오","12","0","KOSDAQ","-2.61","28.08","","28.83"
"A305090","마이크로디지탈","12","0","KOSDAQ","-5.47","75.59","","79.96"
"A306040","에스제이그룹","12","0","KOSDAQ","-2.89","44.69","","46.02"
"A306200","세아제강","12","0","KOSPI","-2.27","452.11","","462.6"
"A306620","지아이에스","12","0","KOSDAQ","-9.4","129.44","","142.87"
"A307180","아이엘","12","0","KOSDAQ","-1.39","270.77","","274.58"
"A307280","원바이오젠","12","0","KOSDAQ","-5.38","47.39","","50.09"
"A307750","국전","12","0","KOSDAQ","-5.23","176","","185.71"
"A307870","비투엔","12","0","KOSDAQ","-9.96","65.16","","72.37"
"A307930","컴퍼니케이","12","0","KOSDAQ","-8.09","133","","144.7"
"A307950","현대오토에버","12","1","KOSPI","-5.95","17770.74","","18895.12"
"A308080","바이젠셀","12","0","KOSDAQ","-7.58","227.34","","245.99"
"A308100","형지글로벌","12","0","KOSDAQ","-5.84","19.77","","21"
"A308170","씨티알모빌리티","12","0","KOSPI","-4.7","40.98","","43.01"
"A308430","셀비온","12","0","KOSDAQ","-4.16","340.04","","354.79"
"A309710","아이티켐","12","0","KOSDAQ","0","268.44","","268.44"
"A309930","조이웍스앤코","12","0","KOSDAQ","0","54.12","","54.12"
"A309960","LB인베스트먼트","12","0","KOSDAQ","-2.94","122.82","","126.53"
"A310200","애니플러스","12","0","KOSDAQ","-2.85","133.28","","137.19"
"A310210","보로노이","12","0","KOSDAQ","-0.37","4894.98","","4913.38"
"A310870","디와이씨","12","0","KOSDAQ","15.01","33.93","","29.5"
"A311320","지오엘리먼트","12","0","KOSDAQ","-9.29","117.06","","129.05"
"A311390","네오크레마","12","0","KOSDAQ","-5.17","48.72","","51.37"
"A311690","CJ 바이오사이언스","12","0","KOSDAQ","-4.52","85.58","","89.63"
"A312610","에이에프더블류","12","0","KOSDAQ","-9.54","21.7","","23.98"
"A313760","캐리","12","0","KOSDAQ","0","5.24","","5.24"
"A314130","지놈앤컴퍼니","12","0","KOSDAQ","-7.79","239.73","","259.98"
"A314140","알피바이오","12","0","KOSDAQ","0.16","52.78","","52.69"
"A314930","바이오다인","12","0","KOSDAQ","-2.33","312.52","","319.96"
"A315640","딥노이드","12","0","KOSDAQ","-5.58","84.45","","89.44"
"A316140","우리금융지주","12","1","KOSPI","-1.73","22939.89","","23343.63"
"A317120","라닉스","12","0","KOSDAQ","-2.44","36.55","","37.46"
"A317240","TS트릴리온","12","0","KOSDAQ","-1.23","37.35","","37.81"
"A317330","덕산테코피아","12","0","KOSDAQ","-7.78","497.58","","539.56"
"A317400","자이에스앤디","12","0","KOSPI","-3.55","163.47","","169.48"
"A317450","명인제약","12","0","KOSPI","-1.9","753.36","","767.96"
"A317530","에피소드컴퍼니","12","0","KOSDAQ","1.22","65.26","","64.47"
"A317690","퀀타매트릭스","12","0","KOSDAQ","-3.48","69.87","","72.39"
"A317770","엑스페릭스","12","0","KOSDAQ","-6.14","119.86","","127.7"
"A317830","에스피시스템스","12","0","KOSDAQ","-3.53","109.03","","113.02"
"A317850","대모","12","0","KOSDAQ","-4.56","66.18","","69.34"
"A317870","엔바이오니아","12","0","KOSDAQ","1.82","59.33","","58.27"
"A318000","KBG","12","0","KOSDAQ","-2.92","34.92","","35.97"
"A318010","팜스빌","12","0","KOSDAQ","0","28.39","","28.39"
"A318020","포인트모바일","12","0","KOSDAQ","-3.75","37.89","","39.36"
"A318060","그래피","12","0","KOSDAQ","-6.38","303.35","","324.02"
"A318160","셀바이오휴먼텍","12","0","KOSDAQ","-21.2","58.66","","74.45"
"A318410","비비씨","12","0","KOSDAQ","-1.37","40.05","","40.61"
"A319400","현대무벡스","12","0","KOSDAQ","-6.27","4577.56","","4883.84"
"A319660","피에스케이","12","0","KOSDAQ","-7.65","2937.22","","3180.55"
"A320000","한울반도체","12","0","KOSDAQ","-13.56","77.83","","90.03"
"A321260","프로이천","12","0","KOSDAQ","-13","104.73","","120.38"
"A321370","센서뷰","12","0","KOSDAQ","-4.46","154.99","","162.23"
"A321550","티움바이오","12","0","KOSDAQ","-0.6","298.28","","300.08"
"A321820","아티스트컴퍼니","12","0","KOSDAQ","-1.36","56.75","","57.53"
"A322000","HD현대에너지솔루션","12","0","KOSPI","-19.34","2204.16","","2732.8"
"A322180","LS티라유텍","12","0","KOSDAQ","-3.51","172.61","","178.88"
"A322310","오로스테크놀로지","12","0","KOSDAQ","-7.17","260.86","","281"
"A322510","제이엘케이","12","0","KOSDAQ","-8.28","139.69","","152.3"
"A322780","코퍼스코리아","12","0","KOSDAQ","0","20.55","","20.55"
"A323280","태성","12","0","KOSDAQ","-10.71","1960.54","","2195.68"
"A323350","다원넥스뷰","12","0","KOSDAQ","9.09","206.68","","189.45"
"A323410","카카오뱅크","12","1","KOSPI","-4.87","10711.35","","11260.04"
"A323990","박셀바이오","12","0","KOSDAQ","-2.43","149.31","","153.03"
"A326030","SK바이오팜","12","1","KOSPI","-5.66","7565.06","","8019.28"
"A327260","RF머트리얼즈","12","0","KOSDAQ","-8.7","856.31","","937.86"
"A328130","루닛","12","0","KOSDAQ","-1.19","680.23","","542.06"
"A328380","솔트웨어","12","0","KOSDAQ","-4.89","23.33","","24.53"
"A329180","HD현대중공업","12","1","KOSPI","-4.62","67175.18","","70428.98"
"A330350","위더스제약","12","0","KOSDAQ","-4.28","103.37","","107.99"
"A330730","스톤브릿지벤처스","12","0","KOSDAQ","-2.81","113.31","","116.59"
"A330860","네패스아크","12","0","KOSDAQ","-9.44","554.98","","612.86"
"A331380","포커스에이아이","12","0","KOSDAQ","-2.37","66.77","","68.39"
"A331520","밸로프","12","0","KOSDAQ","-6.13","26.5","","28.23"
"A331740","아우토크립트","12","0","KOSDAQ","-7.13","116.8","","125.77"
"A331920","셀레믹스","12","0","KOSDAQ","-1.81","106.13","","108.09"
"A332290","누보","12","0","KOSDAQ","-5.35","45.21","","47.77"
"A332370","아이디피","12","0","KOSDAQ","1.14","70.88","","70.09"
"A332570","PS일렉트로닉스","12","0","KOSDAQ","-7.11","573.62","","617.53"
"A333050","이노테나","12","0","KOSDAQ","0","34.29","","34.29"
"A333430","일승","12","0","KOSDAQ","-5.12","153.63","","161.93"
"A333620","엔시스","12","0","KOSDAQ","-6.99","73.05","","78.54"
"A334970","프레스티지바이오로직스","6","0","KOSDAQ","0.48","164.06","","163.28"
"A335810","프리시젼바이오","12","0","KOSDAQ","0","46.09","","46.09"
"A335870","윙스풋","12","0","KOSDAQ","-1.66","29.78","","30.28"
"A336060","웨이버스","12","0","KOSDAQ","2.51","45.22","","44.11"
"A336260","두산퓨얼셀","12","0","KOSPI","-8.15","5534.22","","6025.42"
"A336370","솔루스첨단소재","12","0","KOSPI","-7.88","780.11","","846.82"
"A336570","원텍","12","0","KOSDAQ","2.67","723.81","","705"
"A336680","탑런토탈솔루션","12","0","KOSDAQ","-0.41","143.27","","143.86"
"A337930","젝시믹스","12","0","KOSDAQ","0","116.04","","116.04"
"A338220","뷰노","12","0","KOSDAQ","-5.23","159.76","","168.58"
"A338840","와이바이오로직스","12","0","KOSDAQ","-4.15","304.87","","318.09"
"A339770","교촌에프앤비","12","0","KOSPI","1.93","211.1","","207.11"
"A339950","아이비김영","12","0","KOSDAQ","4.63","126.97","","121.36"
"A340360","다보링크","12","0","KOSDAQ","-1.83","72.68","","74.03"
"A340440","세림B&G","12","0","KOSDAQ","-2.35","47.11","","48.24"
"A340450","지씨지놈","12","0","KOSDAQ","-2.65","165.08","","169.58"
"A340570","티앤엘","12","0","KOSDAQ","12.36","502.31","","447.04"
"A340810","시선AI","12","0","KOSDAQ","-1.87","39.43","","40.18"
"A340930","성원에너텍","12","0","KOSDAQ","0","55.51","","55.51"
"A342870","오아","12","0","KOSDAQ","-3.31","34.99","","36.19"
"A344820","KCC글라스","12","0","KOSPI","-0.19","423.22","","424.02"
"A344860","이노진","12","0","KOSDAQ","-0.71","16.88","","17"
"A347000","센코","12","0","KOSDAQ","-5.3","81.1","","85.64"
"A347700","스피어","12","0","KOSDAQ","-3.45","2134.2","","2210.42"
"A347740","피엔케이피부임상연구센타","12","0","KOSDAQ","-2.32","69.62","","71.28"
"A347770","핌스","12","0","KOSDAQ","1.83","40.73","","40"
"A347850","디앤디파마텍","12","0","KOSDAQ","-1.29","3013.73","","3053.15"
"A347860","알체라","12","0","KOSDAQ","-4.62","85.29","","89.42"
"A347890","엠엑스온","12","0","KOSDAQ","0","95.16","","95.16"
"A348030","모비릭스","12","0","KOSDAQ","-2.36","21.9","","22.42"
"A348080","큐라티스","12","0","KOSDAQ","-4.57","72.39","","75.85"
"A348150","고바이오랩","12","0","KOSDAQ","-2.02","89.62","","91.46"
"A348210","넥스틴","12","0","KOSDAQ","-13.38","671.58","","775.3"
"A348340","뉴로메카","12","0","KOSDAQ","-7.92","833.21","","904.91"
"A348350","위드텍","12","0","KOSDAQ","0","112.26","","112.26"
"A348370","엔켐","12","0","KOSDAQ","-5.96","811.8","","863.29"
"A351320","넥사다이내믹스","12","0","KOSDAQ","7.64","47.7","","44.31"
"A351330","이삭엔지니어링","12","0","KOSDAQ","-3.22","62.33","","64.4"
"A351870","차이커뮤니케이션","12","0","KOSDAQ","-3.62","43.02","","44.64"
"A352090","스톰테크","12","0","KOSDAQ","-1.56","101.45","","103.06"
"A352480","씨앤씨인터내셔널","12","0","KOSDAQ","-2.73","315.53","","324.39"
"A352700","씨앤투스","12","0","KOSDAQ","-1.01","49.16","","49.66"
"A352770","셀레스트라","12","0","KOSDAQ","0","13.61","","13.61"
"A352820","하이브","12","1","KOSPI","-1.21","10516.95","","10646.26"
"A352910","오비고","12","0","KOSDAQ","-3.1","71.02","","73.3"
"A352940","인바이오","12","0","KOSDAQ","-1.53","24.56","","24.94"
"A353190","휴럼","12","0","KOSDAQ","-5.46","21.82","","23.08"
"A353200","대덕전자","12","0","KOSPI","-6.09","6710.82","","7145.69"
"A353590","오토앤","12","0","KOSDAQ","-5.83","34.31","","36.44"
"A353810","이지바이오","12","0","KOSDAQ","-5.36","227.6","","240.51"
"A354200","엔젠바이오","12","0","KOSDAQ","13.04","37.88","","33.51"
"A354320","알멕","12","0","KOSDAQ","4.25","548.38","","526.01"
"A355150","코스텍시스","12","0","KOSDAQ","-10.18","388.7","","432.75"
"A355390","크라우드웍스","12","0","KOSDAQ","-4.02","50.24","","52.34"
"A355690","에이텀","12","0","KOSDAQ","-0.36","22.62","","22.7"
"A356680","엑스게이트","12","0","KOSDAQ","-14.03","466.97","","543.18"
"A356860","티엘비","12","0","KOSDAQ","-8.45","990.15","","1081.59"
"A356890","싸이버원","12","0","KOSDAQ","-5.16","39.57","","41.72"
"A357230","에이치피오","12","0","KOSDAQ","-4.05","117.27","","122.23"
"A357550","석경에이티","12","0","KOSDAQ","-6.36","273.3","","291.84"
"A357580","아모센스","12","0","KOSDAQ","-8.88","180.45","","198.03"
"A357780","솔브레인","12","0","KOSDAQ","-14.85","3189.21","","3745.38"
"A357880","SKAI","12","0","KOSDAQ","-6.58","195.02","","208.77"
"A358570","지아이이노베이션","12","0","KOSDAQ","-4.49","819.03","","857.57"
"A359090","씨엔알리서치","12","0","KOSDAQ","-2.1","37.53","","38.33"
"A360070","탑머티리얼","12","0","KOSDAQ","-1.99","129.34","","131.96"
"A360350","코셈","12","0","KOSDAQ","2.65","70.97","","69.14"
"A361390","제노코","12","0","KOSDAQ","-5.04","247.79","","260.94"
"A361570","알비더블유","12","0","KOSDAQ","-2.63","51.16","","52.54"
"A361610","SK아이이테크놀로지","12","1","KOSPI","-9.7","1750.24","","1938.35"
"A361670","삼영에스앤씨","12","0","KOSDAQ","-0.65","17.34","","17.46"
"A362320","청담글로벌","12","0","KOSDAQ","-3.16","97.19","","100.36"
"A362990","드림인사이트","12","0","KOSDAQ","-4.35","25.1","","26.24"
"A363250","진시스템","12","0","KOSDAQ","-6.9","39.01","","41.9"
"A363260","모비데이즈","12","0","KOSDAQ","-4.67","43.32","","45.45"
"A363280","티와이홀딩스","12","0","KOSPI","-1.88","131.37","","133.89"
"A364950","에이아이코리아","12","0","KOSDAQ","-3.72","49.45","","51.35"
"A365270","큐라클","12","0","KOSDAQ","-6.07","311.99","","332.16"
"A365330","에스와이스틸텍","12","0","KOSDAQ","-4.94","164.06","","172.59"
"A365340","성일하이텍","12","0","KOSDAQ","-1.03","822.27","","830.86"
"A365590","하이딥","12","0","KOSDAQ","-7.56","47.7","","51.6"
"A365900","브이씨","12","0","KOSDAQ","-2.39","20.87","","21.38"
"A366030","나인앤컴퍼니","12","0","KOSDAQ","-1.1","142.72","","144.31"
"A367000","플래티어","12","0","KOSDAQ","0","32.13","","32.13"
"A368600","아이씨에이치","12","0","KOSDAQ","-2.14","26.82","","27.4"
"A368770","파이버프로","12","0","KOSDAQ","-9.75","656.76","","727.72"
"A368970","오에스피","12","0","KOSDAQ","0","17.59","","17.59"
"A369370","블리츠웨이엔터테인먼트","12","0","KOSDAQ","-1.36","50.67","","51.37"
"A370090","퓨런티어","12","0","KOSDAQ","-6.67","107.73","","115.43"
"A371950","풍원정밀","12","0","KOSDAQ","-5.53","208.95","","221.19"
"A372170","윤성에프앤씨","12","0","KOSDAQ","-6.63","241.77","","258.92"
"A372320","큐로셀","12","0","KOSDAQ","5.54","652.43","","616.67"
"A372800","아이티아이즈","12","0","KOSDAQ","0.54","26.28","","26.14"
"A372910","한컴라이프케어","12","0","KOSPI","-0.85","64.2","","64.76"
"A373110","엑셀세라퓨틱스","12","0","KOSDAQ","-4.69","23.57","","24.73"
"A373160","데이원컴퍼니","12","0","KOSDAQ","0.32","64.27","","64.07"
"A373170","엠아이큐브솔루션","12","0","KOSDAQ","-4.29","38.77","","40.5"
"A373200","엑스플러스","12","0","KOSDAQ","0","72.33","","72.33"
"A373220","LG에너지솔루션","12","1","KOSPI","-5.66","97578","","103428"
"A375500","DL이앤씨","12","1","KOSPI","-5.53","3107.1","","3288.96"
"A376180","피코그램","12","0","KOSDAQ","-4.59","42.41","","44.45"
"A376270","HEM파마","12","0","KOSDAQ","-7.87","429.02","","465.66"
"A376290","씨유테크","12","0","KOSDAQ","-3.45","46.97","","48.65"
"A376300","디어유","12","0","KOSDAQ","-4.1","638.56","","665.86"
"A376900","로킷헬스케어","12","0","KOSDAQ","-4.85","1088.94","","1134.76"
"A376930","노을","12","0","KOSDAQ","-3.06","58.42","","60.27"
"A376980","원티드랩","12","0","KOSDAQ","-4.02","32.62","","33.99"
"A377030","비트맥스","12","0","KOSDAQ","-9.86","27.86","","30.91"
"A377220","프롬바이오","12","0","KOSDAQ","-4.67","30.04","","31.51"
"A377300","카카오페이","12","1","KOSPI","-11.59","6911.6","","7817.81"
"A377330","이지트로닉스","12","0","KOSDAQ","-4.68","27.35","","28.69"
"A377450","리파인","12","0","KOSDAQ","-1.07","192.88","","194.96"
"A377460","큐에이드","12","0","KOSDAQ","0","253.19","","253.19"
"A377480","마음AI","12","0","KOSDAQ","-7.95","103.74","","112.7"
"A377740","바이오노트","12","0","KOSPI","-3.4","506.88","","524.71"
"A378340","필에너지","12","0","KOSDAQ","-8.8","371.96","","407.85"
"A378800","샤페론","12","0","KOSDAQ","-8.36","66.91","","73.02"
"A378850","화승알앤에이","12","0","KOSPI","-6.67","66.48","","71.23"
"A380540","옵티코어","12","0","KOSDAQ","0","206.66","","206.66"
"A380550","뉴로핏","12","0","KOSDAQ","-9.58","204.35","","226"
"A381620","제닉스로보틱스","12","0","KOSDAQ","-10.16","148.49","","165.29"
"A381970","케이카","12","0","KOSPI","0.99","500.41","","495.53"
"A382150","온코크로스","12","0","KOSDAQ","-4.65","82.44","","86.47"
"A382480","지아이텍","12","0","KOSDAQ","-7.38","103.71","","111.97"
"A382800","지앤비에스 에코","12","0","KOSDAQ","2.37","289.03","","282.34"
"A382840","원준","12","0","KOSDAQ","-6.54","122.17","","130.72"
"A382900","범한퓨얼셀","12","0","KOSDAQ","-2.06","271.15","","276.85"
"A383220","F&F","12","1","KOSPI","0.72","3225.46","","3202.47"
"A383310","에코프로에이치엔","12","0","KOSDAQ","-6.91","565.27","","607.22"
"A383800","LX홀딩스","12","0","KOSPI","6.88","698.73","","653.73"
"A383930","디티앤씨알오","12","0","KOSDAQ","-0.2","32.28","","32.34"
"A384470","코어라인소프트","12","0","KOSDAQ","-1.86","66.4","","67.66"
"A387570","파인메딕스","12","0","KOSDAQ","-0.86","39.1","","39.44"
"A388050","지투파워","12","0","KOSDAQ","-6.67","235.74","","252.58"
"A388210","씨엠티엑스","12","0","KOSDAQ","-5.26","1213.94","","1281.38"
"A388610","지에프씨생명과학","12","0","KOSDAQ","-5.55","42.43","","44.92"
"A388720","유일로보틱스","12","0","KOSDAQ","-1.31","1155.75","","1171.07"
"A388790","라이콤","12","0","KOSDAQ","-10.26","150.01","","167.15"
"A388870","파로스아이바이오","12","0","KOSDAQ","-4.05","91.92","","95.8"
"A389020","자람테크놀로지","12","0","KOSDAQ","-10.33","308.66","","332.2"
"A389030","지니너스","12","0","KOSDAQ","-0.13","131.92","","132.09"
"A389140","포바이포","12","0","KOSDAQ","-6.55","103.88","","111.16"
"A389260","대명에너지","12","0","KOSDAQ","-3.13","361.01","","372.66"
"A389470","인벤티지랩","12","0","KOSDAQ","0.37","723.61","","720.96"
"A389500","에스비비테크","12","0","KOSDAQ","-9.77","565.71","","626.94"
"A389650","넥스트바이오메디컬","12","0","KOSDAQ","-4.32","435.63","","455.32"
"A389680","유디엠텍","12","0","KOSDAQ","-16.2","24.96","","29.78"
"A391710","코닉오토메이션","12","0","KOSDAQ","-1.15","91.42","","92.49"
"A393210","토마토시스템","12","0","KOSDAQ","-1.55","59.41","","60.35"
"A393890","더블유씨피","12","0","KOSDAQ","-5.4","503.92","","532.69"
"A393970","대진첨단소재","12","0","KOSDAQ","0","50.43","","50.43"
"A394280","오픈엣지테크놀로지","12","0","KOSDAQ","-7.12","439.72","","473.45"
"A394420","리센스메디컬","12","0","KOSDAQ","-3.73","296.34","","305.44"
"A394800","쓰리빌리언","12","0","KOSDAQ","-3.66","326.19","","338.58"
"A396270","넥스트칩","12","0","KOSDAQ","-12.43","206.2","","235.47"
"A396300","세아메카닉스","12","0","KOSDAQ","8.84","166.35","","152.84"
"A396470","워트","12","0","KOSDAQ","-5.26","133.47","","140.89"
"A397030","에이프릴바이오","12","0","KOSDAQ","-3.64","1425.9","","1479.75"
"A397810","애드포러스","12","0","KOSDAQ","-4.75","27.92","","29.31"
"A398120","에스지헬스케어","12","0","KOSDAQ","-6.95","37.17","","39.95"
"A399720","가온칩스","12","0","KOSDAQ","-8.47","729.27","","796.75"
"A402030","코난테크놀로지","12","0","KOSDAQ","-5.04","224.06","","235.95"
"A402340","SK스퀘어","12","1","KOSPI","-6.23","144890.31","","154523.27"
"A402490","그린리소스","12","0","KOSDAQ","-9.64","273.77","","302.98"
"A403490","우듬지팜","12","0","KOSDAQ","-3.08","46.3","","47.77"
"A403550","쏘카","12","0","KOSPI","-15","502.48","","591.15"
"A403850","더핑크퐁컴퍼니","12","0","KOSDAQ","-4.7","206.8","","216.99"
"A403870","HPSP","12","0","KOSDAQ","-9.51","4073.85","","4501.81"
"A405000","플라즈맵","12","0","KOSDAQ","-3.17","25.76","","26.6"
"A405100","큐알티","12","0","KOSDAQ","-7.95","231.9","","251.93"
"A405920","나라셀라","12","0","KOSDAQ","-3.29","32.2","","33.29"
"A406820","뷰티스킨","12","0","KOSDAQ","-17.07","48.06","","57.96"
"A407400","꿈비","12","0","KOSDAQ","-4.97","53.12","","55.9"
"A408470","한패스","12","0","KOSDAQ","-6.87","123.16","","132.26"
"A408900","스튜디오미르","12","0","KOSDAQ","-3.96","71.4","","74.35"
"A408920","메쎄이상","12","0","KOSDAQ","-0.57","149.58","","150.45"
"A411080","샌즈랩","12","0","KOSDAQ","-7.49","101.84","","110.08"
"A412350","레이저쎌","12","0","KOSDAQ","-1.55","164.71","","167.3"
"A412540","제일엠앤에스","12","0","KOSDAQ","0","81.06","","81.06"
"A413390","엠오티","12","0","KOSDAQ","-6.69","92.06","","98.66"
"A413630","씨피시스템","12","0","KOSDAQ","-6","122.79","","130.63"
"A413640","비아이매트릭스","12","0","KOSDAQ","-3.17","55.06","","56.86"
"A415380","스튜디오삼익","12","0","KOSDAQ","0","24.89","","24.89"
"A416180","신성에스티","12","0","KOSDAQ","-5.33","288.82","","305.09"
"A417010","나노팀","12","0","KOSDAQ","-7.89","197.69","","214.64"
"A417180","핑거스토리","12","0","KOSDAQ","0","27.71","","27.71"
"A417200","LS머트리얼즈","12","0","KOSDAQ","-6.3","1508.65","","1610.13"
"A417500","제이아이테크","12","0","KOSDAQ","-16.85","148.02","","178.02"
"A417790","트루엔","12","0","KOSDAQ","-4.7","74.33","","77.99"
"A417840","저스템","12","0","KOSDAQ","-6.67","364.89","","390.95"
"A417860","오브젠","12","0","KOSDAQ","-6.54","38.28","","40.96"
"A417970","모델솔루션","12","0","KOSDAQ","-1.63","127.1","","129.21"
"A418250","시큐레터","12","0","KOSDAQ","0","47.63","","47.63"
"A418420","라온텍","12","0","KOSDAQ","-2.45","341.7","","350.3"
"A418470","KT밀리의서재","12","0","KOSDAQ","-4.03","95.85","","99.88"
"A418550","제이오","12","0","KOSDAQ","-4.15","324.98","","339.07"
"A418620","E8","12","0","KOSDAQ","-7.64","25.92","","28.07"
"A419050","삼기에너지솔루션즈","12","0","KOSDAQ","-6.23","95.57","","101.92"
"A419080","엔젯","12","0","KOSDAQ","-0.72","58.77","","59.2"
"A419120","산돌","12","0","KOSDAQ","-0.67","54.68","","55.05"
"A419530","SAMG엔터","12","0","KOSDAQ","-1.52","390.15","","396.16"
"A419540","비스토스","12","0","KOSDAQ","0","20.16","","20.16"
"A420570","제이투케이바이오","12","0","KOSDAQ","7.88","59.24","","54.91"
"A420770","기가비스","12","0","KOSDAQ","-4.92","1518.56","","1597.15"
"A424760","벨로크","12","0","KOSDAQ","0","37.32","","37.32"
"A424870","이뮨온시아","12","0","KOSDAQ","4.17","446.18","","428.34"
"A424960","스마트레이더시스템","12","0","KOSDAQ","-4.78","111.6","","117.21"
"A424980","마이크로투나노","12","0","KOSDAQ","-3.81","73.22","","76.12"
"A425040","티이엠씨","12","0","KOSDAQ","-8.73","468.17","","512.96"
"A425420","티에프이","12","0","KOSDAQ","-4.97","732.19","","770.46"
"A429270","시지트로닉스","12","0","KOSDAQ","-7.02","51.27","","55.14"
"A430690","한싹","12","0","KOSDAQ","-7.28","46.47","","50.12"
"A431190","케이쓰리아이","12","0","KOSDAQ","-1.77","31.22","","31.78"
"A432430","와이랩","12","0","KOSDAQ","-6.31","47.79","","51.01"
"A432470","케이엔에스","12","0","KOSDAQ","-2.33","113.94","","116.66"
"A432720","퀄리타스반도체","12","0","KOSDAQ","-8.99","275.66","","302.24"
"A432980","엠에프씨","12","0","KOSDAQ","-0.44","29.47","","29.6"
"A434480","모니터랩","12","0","KOSDAQ","-6.86","45.12","","48.44"
"A435570","에르코스","12","0","KOSDAQ","-2.26","69.24","","70.84"
"A437730","삼현","12","0","KOSDAQ","-4.36","1670.99","","1747.09"
"A438700","버넥트","12","0","KOSDAQ","-4.91","32.38","","34.05"
"A439090","마녀공장","12","0","KOSDAQ","-7.62","266.23","","288.19"
"A439260","대한조선","12","0","KOSPI","-4.93","2673.73","","2812.42"
"A439580","블루엠텍","12","0","KOSDAQ","-4.88","92.4","","97.14"
"A439960","코스모로보틱스","12","0","KOSDAQ","-16.32","1416","","1692.14"
"A440110","파두","12","0","KOSDAQ","-3.29","5014.69","","5185.02"
"A440290","HB인베스트먼트","12","0","KOSDAQ","-2.43","55.29","","56.66"
"A440320","오픈놀","12","0","KOSDAQ","3.12","42.22","","40.94"
"A441270","파인엠텍","12","0","KOSDAQ","-5.33","414.81","","437.78"
"A443060","HD현대마린솔루션","12","1","KOSPI","-2.93","9661.61","","9953.03"
"A443250","레뷰코퍼레이션","12","0","KOSDAQ","2.27","80.3","","78.52"
"A443670","에스피소프트","12","0","KOSDAQ","-5.08","124.7","","131.38"
"A444530","심플랫폼","12","0","KOSDAQ","-3.35","64.83","","67.07"
"A445090","에이직랜드","12","0","KOSDAQ","-8.72","297.18","","325.58"
"A445180","퓨릿","12","0","KOSDAQ","-6.09","198.71","","211.6"
"A445680","큐리옥스바이오시스템즈","12","0","KOSDAQ","-2.64","1587.86","","1630.87"
"A446070","유니드비티플러스","12","0","KOSPI","-1.26","29.18","","29.55"
"A446540","메가터치","12","0","KOSDAQ","-6.39","182.53","","194.99"
"A446840","지슨","12","0","KOSDAQ","-1.23","70.73","","71.61"
"A448280","에코아이","12","0","KOSDAQ","-0.53","334.24","","336.02"
"A448710","코츠테크놀로지","12","0","KOSDAQ","-6.91","96.77","","103.96"
"A448900","한국피아이엠","12","0","KOSDAQ","-8","649.97","","706.46"
"A450080","에코프로머티","12","1","KOSPI","-6.52","4560.51","","4868.55"
"A450330","하스","12","0","KOSDAQ","10.01","63.86","","58.04"
"A450520","인스웨이브","12","0","KOSDAQ","-3.08","41.69","","43.01"
"A450950","아스테라시스","12","0","KOSDAQ","-4.5","359.34","","376.28"
"A451220","아이엠티","12","0","KOSDAQ","-7.11","108.04","","116.31"
"A451250","삐아","12","0","KOSDAQ","-0.36","83.95","","84.26"
"A451760","컨텍","12","0","KOSDAQ","-2.95","295.05","","301.14"
"A452160","제이엔비","12","0","KOSDAQ","-3.09","51.26","","52.9"
"A452190","한빛레이저","12","0","KOSDAQ","-8.91","168.64","","185.15"
"A452200","민테크","12","0","KOSDAQ","-13.56","94.27","","109.05"
"A452260","한화갤러리아","12","0","KOSPI","0.3","649.43","","647.49"
"A452280","한선엔지니어링","12","0","KOSDAQ","19.18","556.22","","466.73"
"A452300","캡스톤파트너스","12","0","KOSDAQ","-8.07","50.87","","55.33"
"A452400","이닉스","12","0","KOSDAQ","-4","74.02","","77.11"
"A452430","사피엔반도체","12","0","KOSDAQ","6.24","426.52","","401.45"
"A452450","피아이이","12","0","KOSDAQ","-6.3","214.37","","228.78"
"A453340","현대그린푸드","12","0","KOSPI","-0.7","597.39","","601.61"
"A453450","그리드위즈","12","0","KOSDAQ","-8.64","157.82","","172.75"
"A453860","에이에스텍","12","0","KOSDAQ","-2.26","83.78","","85.71"
"A454910","두산로보틱스","12","1","KOSPI","19.29","8258.07","","6922.77"
"A455180","케이지에이","12","0","KOSDAQ","-3.37","36.01","","37.27"
"A455900","엔젤로보틱스","12","0","KOSDAQ","-0.67","453.6","","456.65"
"A456010","아이씨티케이","12","0","KOSDAQ","-6.14","265.53","","282.9"
"A456040","OCI","12","0","KOSPI","-12.03","1086.83","","1235.44"
"A456070","이엔셀","12","0","KOSDAQ","-6.28","134.88","","143.92"
"A456160","지투지바이오","12","0","KOSDAQ","-6.21","1098.61","","1171.41"
"A457190","이수스페셜티케미컬","12","1","KOSPI","-6.62","3070.24","","3287.81"
"A457370","한켐","12","0","KOSDAQ","-5.53","66.11","","69.98"
"A457550","우진엔텍","12","0","KOSDAQ","-4.37","224.12","","234.37"
"A457600","벡트","12","0","KOSDAQ","-4.72","25.47","","26.73"
"A458350","에스팀","12","0","KOSDAQ","-7.67","61.65","","66.77"
"A458650","성우","12","0","KOSDAQ","-2.88","192.89","","198.6"
"A458870","씨어스","12","0","KOSDAQ","-9.66","1406.31","","1556.64"
"A459100","위츠","12","0","KOSDAQ","-6.68","82.82","","88.74"
"A459510","나우로보틱스","12","0","KOSDAQ","1.79","368.59","","362.1"
"A459550","알트","12","0","KOSDAQ","-4.98","52.64","","55.4"
"A460470","아이빔테크놀로지","12","0","KOSDAQ","5.96","64.48","","60.86"
"A460850","동국씨엠","12","0","KOSPI","-2.26","180.89","","185.07"
"A460860","동국제강","12","0","KOSPI","-5.4","642.92","","679.63"
"A460870","에스엠씨지","12","0","KOSDAQ","-4.06","61.73","","64.33"
"A460930","현대힘스","12","0","KOSDAQ","-5.02","611.85","","644.16"
"A460940","피앤에스로보틱스","12","0","KOSDAQ","-3.2","118.14","","122.04"
"A461030","아이엠비디엑스","12","0","KOSDAQ","-7.14","81.99","","88.3"
"A461300","아이스크림미디어","12","0","KOSDAQ","4.01","238.63","","229.44"
"A462310","뉴키즈온","12","0","KOSDAQ","-2.65","31.59","","32.45"
"A462350","이노스페이스","12","0","KOSDAQ","-4.26","300.51","","313.86"
"A462510","라메디텍","12","0","KOSDAQ","-24.96","39.7","","52.91"
"A462520","조선내화","12","0","KOSPI","1.36","176.29","","173.92"
"A462860","더즌","12","0","KOSDAQ","-8.51","216.41","","236.54"
"A462870","시프트업","12","0","KOSPI","-2.58","1771.36","","1818.28"
"A462980","아이지넷","12","0","KOSDAQ","-3.93","36.09","","37.56"
"A463020","뉴엔AI","12","0","KOSDAQ","-8.78","101.49","","111.26"
"A463480","모티브링크","12","0","KOSDAQ","-5.04","91.07","","95.9"
"A464080","에스오에스랩","12","0","KOSDAQ","-7.73","263.64","","285.72"
"A464280","티디에스팜","12","0","KOSDAQ","-3.67","45.01","","46.73"
"A464490","쿼드메디슨","12","0","KOSDAQ","-4.64","125.04","","131.13"
"A464500","아이언디바이스","12","0","KOSDAQ","-5.01","49.12","","51.71"
"A464580","닷밀","12","0","KOSDAQ","-1.59","35.32","","35.89"
"A465480","인스피언","12","0","KOSDAQ","-6.74","58.9","","63.16"
"A465770","STX그린로지스","12","0","KOSPI","-8.03","25.89","","28.15"
"A466100","클로봇","12","0","KOSDAQ","-1.54","1143.12","","1160.94"
"A466410","사이냅소프트","12","0","KOSDAQ","-0.81","55.41","","55.86"
"A468530","프로티나","12","0","KOSDAQ","-4.41","537.97","","557.91"
"A469610","이노테크","12","0","KOSDAQ","-5.8","168.33","","178.7"
"A469750","아이비젼웍스","12","0","KOSDAQ","-5.75","42.9","","45.52"
"A471820","셀로맥스사이언스","12","0","KOSDAQ","-2.79","55.16","","56.74"
"A472850","폰드그룹","12","0","KOSDAQ","-2.45","286.42","","293.62"
"A473980","노머스","12","0","KOSDAQ","-1.1","188.12","","190.19"
"A474170","루미르","12","0","KOSDAQ","-3.25","227.89","","235.55"
"A474610","RF시스템즈","12","0","KOSDAQ","4.81","174.7","","166.68"
"A474650","링크솔루션","12","0","KOSDAQ","-5.87","304.02","","322.99"
"A475150","SK이터닉스","12","0","KOSPI","-13.52","1514.28","","1751.04"
"A475230","엔알비","12","0","KOSDAQ","-11.36","163.26","","184.19"
"A475400","씨메스로보틱스","12","0","KOSDAQ","-0.47","372.67","","374.43"
"A475430","키스트론","12","0","KOSDAQ","-7.07","86.74","","93.35"
"A475460","미트박스","12","0","KOSDAQ","0.12","45.18","","45.13"
"A475560","더본코리아","12","0","KOSPI","-0.47","283.96","","285.29"
"A475580","에이럭스","12","0","KOSDAQ","-3.17","133.25","","137.61"
"A475660","에스켐","12","0","KOSDAQ","-3.06","37.63","","38.82"
"A475830","오름테라퓨틱","12","0","KOSDAQ","-5","1635.01","","1721.07"
"A475960","토모큐브","12","0","KOSDAQ","-7.09","649.09","","698.61"
"A476040","오가노이드사이언스","12","0","KOSDAQ","-7.44","115.45","","124.73"
"A476060","온코닉테라퓨틱스","12","0","KOSDAQ","-6.11","886.82","","944.48"
"A476080","M83","12","0","KOSDAQ","-4.19","47.98","","50.08"
"A476830","알지노믹스","12","0","KOSDAQ","-4.34","2058.03","","2151.39"
"A477850","마키나락스","12","0","외감","","","",""
"A478340","나라스페이스테크놀로지","12","0","KOSDAQ","-2.76","325.25","","334.47"
"A478560","블랙야크아이앤씨","12","0","KOSDAQ","-4.9","80.2","","84.34"
"A479960","위너스일렉","12","0","KOSDAQ","-1.54","74.47","","75.64"
"A480370","씨케이솔루션","12","0","KOSPI","-5","77.14","","81.2"
"A481070","에이유브랜즈","12","0","KOSDAQ","2.83","253.69","","246.7"
"A482630","삼양엔씨켐","12","0","KOSDAQ","-8.39","418.07","","456.37"
"A483650","달바글로벌","12","0","KOSPI","-9.04","2937.69","","3229.6"
"A484120","도우인시스","12","0","KOSDAQ","-4.77","229.56","","241.06"
"A484590","삼양컴텍","12","0","KOSDAQ","-4.79","434.36","","456.2"
"A484810","티엑스알로보틱스","12","0","KOSDAQ","-1.37","266.53","","270.24"
"A484870","엠앤씨솔루션","12","0","KOSPI","-10.92","836.67","","939.19"
"A486990","노타","12","0","KOSDAQ","-7","638.25","","686.28"
"A487570","HS효성","12","0","KOSPI","-2.16","219.83","","224.67"
"A487580","폴레드","12","0","KOSDAQ","-30","352.56","","503.66"
"A488280","에스투더블유","12","0","KOSDAQ","-11.84","277.65","","313.93"
"A488900","비츠로넥스텍","12","0","KOSDAQ","-5.04","463.62","","488.25"
"A489460","바이오비쥬","12","0","KOSDAQ","-1.02","101.85","","102.9"
"A489500","엘케이켐","12","0","KOSDAQ","-2.57","206.12","","211.55"
"A489790","한화비전","12","0","KOSPI","-9.72","3564.48","","3948.19"
"A490470","세미파이브","12","0","KOSDAQ","-7.45","1198.6","","1295.1"
"A491000","리브스메드","12","0","KOSDAQ","-5.97","1575.28","","1675.29"
"A493280","아이엠바이오로직스","12","0","KOSDAQ","-7.34","606.97","","655.08"
"A493330","지에프아이","12","0","KOSDAQ","-6.24","124.76","","133.05"
"A494120","큐리오시스","12","0","KOSDAQ","-4.35","368.64","","385.39"
"A499790","GS피앤엘","12","0","KOSPI","-3.12","1047.07","","1080.78"
"A900070","글로벌에스엠","12","0","KOSDAQ","0","32.78","","32.78"
"A900100","파이온엑스","12","0","KOSDAQ","-9","22.95","","25.22"
"A900110","딥커머스","12","0","KOSDAQ","-1.28","28.54","","28.91"
"A900120","씨엑스아이","6","0","KOSDAQ","0","14.6","","14.6"
"A900140","엘브이엠씨홀딩스","12","0","KOSPI","-1.37","320.59","","325.03"
"A900250","크리스탈신소재","12","0","KOSDAQ","-0.19","74.5","","74.64"
"A900260","로스웰","12","0","KOSDAQ","-0.13","72.54","","72.63"
"A900270","헝셩그룹","12","0","KOSDAQ","-2.57","24.01","","24.65"
"A900290","GRT","6","0","KOSDAQ","-3.1","268.3","","276.89"
"A900300","오가닉티코스메틱","12","0","KOSDAQ","-9.02","27.86","","30.62"
"A900310","컬러레이","12","0","KOSDAQ","0","33.3","","33.3"
"A900340","윙입푸드","12","0","KOSDAQ","0","37.35","","37.35"
"A950130","엑세스바이오","12","0","KOSDAQ","-11.24","119.42","","144.31"
"A950140","잉글우드랩","12","0","KOSDAQ","-3.58","219.34","","227.49"
"A950160","코오롱티슈진","12","0","KOSDAQ","-2.36","9456.54","","9685.33"
"A950170","JTC","2","0","KOSDAQ","0.51","253.56","","252.26"
"A950190","고스트스튜디오","12","0","KOSDAQ","-0.26","99.32","","99.58"
"A950200","소마젠","12","0","KOSDAQ","-4.17","59.73","","62.32"
"A950210","프레스티지바이오파마","6","0","KOSPI","-1.39","467.55","","474.16"
"A950220","네오이뮨텍","12","0","KOSDAQ","0","83.99","","83.99"
"A950250","테라뷰","4","0","KOSDAQ","-9.37","168.35","","185.76"
