"Code","Name","결산월","코스피200 구성종목여부(1:해당, 0:미해당)","상장된 시장","수정주가수익률","시가총액","","이전 시가총액"
"A000020","동화약품","12","0","KOSPI","-1.19","162","","163.96"
"A000040","KR모터스","12","0","KOSPI","-5.57","33.69","","35.67"
"A000050","경방","12","0","KOSPI","-5.84","260.99","","277.17"
"A000070","삼양홀딩스","12","0","KOSPI","-2.29","496.07","","507.71"
"A000080","하이트진로","12","1","KOSPI","-2.46","1167.72","","1197.18"
"A000100","유한양행","12","1","KOSPI","-2.31","6738.19","","6897.48"
"A000120","CJ대한통운","12","1","KOSPI","-3.38","2217.36","","2294.92"
"A000140","하이트진로홀딩스","12","0","KOSPI","-1.22","207.47","","210.02"
"A000150","두산","12","1","KOSPI","-0.86","27853.4","","28096.3"
"A000180","성창기업지주","12","0","KOSPI","-3.21","92.49","","95.56"
"A0001A0","덕양에너젠","12","0","KOSDAQ","-6.62","465.33","","498.3"
"A000210","DL","12","1","KOSPI","4.69","1404.04","","1341.18"
"A000220","유유제약","12","0","KOSPI","-1.69","69.32","","70.51"
"A000230","일동홀딩스","12","0","KOSPI","-4.55","99.25","","103.98"
"A000240","한국앤컴퍼니","12","1","KOSPI","-1.79","2340.15","","2382.87"
"A000250","삼천당제약","12","0","KOSDAQ","1.36","9605.83","","9476.82"
"A000270","기아","12","1","KOSPI","6.2","68205.15","","64222.94"
"A000300","DH오토넥스","12","0","KOSPI","0","174.04","","174.04"
"A000320","노루홀딩스","12","0","KOSPI","-2.74","283.1","","291.08"
"A000370","한화손해보험","12","0","KOSPI","-3.77","744.79","","773.98"
"A000390","SP삼화","12","0","KOSPI","-3.06","224.43","","231.5"
"A000400","롯데손해보험","12","0","KOSPI","-2.66","623.78","","640.84"
"A000430","대원강업","12","0","KOSPI","-3.7","257.92","","267.84"
"A000440","중앙에너비스","12","0","KOSDAQ","0.57","120.87","","120.18"
"A000480","CR홀딩스","12","0","KOSPI","-1.2","230.94","","233.75"
"A000490","대동","12","0","KOSPI","-3.35","291.15","","301.24"
"A0004V0","엔비알모션","12","0","KOSDAQ","-10.02","210.17","","233.58"
"A000500","가온전선","12","0","KOSPI","0","7891.07","","7891.07"
"A000520","삼일제약","12","0","KOSPI","-1.57","190.45","","193.49"
"A000540","흥국화재","12","0","KOSPI","-3.2","262.75","","271.43"
"A000590","CS홀딩스","12","0","KOSPI","-2.38","89.82","","92.01"
"A000640","동아쏘시오홀딩스","12","0","KOSPI","-0.63","641.61","","645.65"
"A000650","천일고속","12","0","KOSPI","-4.27","262.69","","274.41"
"A000660","SK하이닉스","12","1","KOSPI","11.51","1339880.45","","1201616.19"
"A000670","영풍","12","1","KOSPI","-2.55","1196.69","","1227.99"
"A000680","LS네트웍스","12","0","KOSPI","-3.77","312.06","","324.27"
"A000700","유수홀딩스","12","0","KOSPI","-3.13","153.13","","158.07"
"A000720","현대건설","12","1","KOSPI","1.1","18462.79","","18262.35"
"A000760","이화산업","12","0","KOSPI","-1.76","43.65","","44.44"
"A0007C0","아크릴","12","0","KOSDAQ","-7.8","265.8","","288.29"
"A0007J0","인벤테라","12","0","KOSDAQ","-2.57","149.29","","153.22"
"A000810","삼성화재","12","1","KOSPI","1.2","22546.97","","22279.09"
"A000850","화천기공","12","0","KOSPI","-3.6","79.53","","82.5"
"A000860","강남제비스코","12","0","KOSPI","-4.62","187.85","","196.95"
"A000880","한화","12","1","KOSPI","-2.26","9737.14","","9962.77"
"A000890","보해양조","12","0","KOSPI","0","58.29","","58.29"
"A0008Z0","에스엔시스","12","0","KOSDAQ","0.5","383.12","","381.24"
"A000910","유니온","12","0","KOSPI","-2.23","68.38","","69.94"
"A000950","전방","12","0","KOSPI","-5.67","51.66","","54.77"
"A000970","한국주철관","12","0","KOSPI","-1.95","160.29","","163.48"
"A000990","DB하이텍","12","0","KOSPI","11.06","8122.31","","7313.12"
"A0009K0","에임드바이오","12","0","KOSDAQ","-5.22","2703.25","","2852"
"A001000","신라섬유","12","0","KOSDAQ","-4.07","36.63","","38.19"
"A001020","페이퍼코리아","12","0","KOSPI","0","119.96","","119.96"
"A001040","CJ","12","1","KOSPI","-1.58","6375.17","","6477.29"
"A001060","JW중외제약","12","0","KOSPI","-4.76","675.29","","709.06"
"A001070","대한방직","12","0","KOSPI","-2.99","34.45","","35.51"
"A001080","만호제강","6","0","KOSPI","-2.16","207.09","","211.65"
"A0010F0","보원케미칼","12","0","KOSDAQ","-2.1","57.28","","58.5"
"A0010V0","제이피아이헬스케어","12","0","KOSDAQ","-4.15","57.79","","60.29"
"A001120","LX인터내셔널","12","0","KOSPI","-2.31","1806.22","","1848.85"
"A001130","대한제분","12","0","KOSPI","0","264.49","","264.49"
"A0011A0","액스비스","12","0","KOSDAQ","-3.07","236.14","","243.61"
"A0011T0","채비","12","0","KOSDAQ","-4.31","819.68","","856.64"
"A001200","유진투자증권","12","0","KOSPI","0.32","599.6","","597.67"
"A001210","금호전기","12","0","KOSPI","-2.26","53.59","","54.83"
"A001230","동국홀딩스","12","0","KOSPI","0","362.53","","362.53"
"A001250","GS글로벌","12","0","KOSPI","-4.2","347.88","","363.15"
"A001260","남광토건","12","0","KOSPI","-5.24","92.52","","97.64"
"A001270","부국증권","12","0","KOSPI","-0.94","767.37","","774.63"
"A001290","상상인증권","12","0","KOSPI","-2.95","135.31","","139.43"
"A001340","PKC","12","0","KOSPI","-6.15","294.66","","313.98"
"A001360","삼성제약","12","0","KOSPI","-2.85","166.95","","171.85"
"A001380","SG글로벌","12","0","KOSPI","-13.93","42.49","","49.37"
"A001390","KG케미칼","12","0","KOSPI","-6.71","383.23","","410.79"
"A0013V0","삼진식품","12","0","KOSDAQ","-3.98","67.05","","69.83"
"A001420","태원물산","12","0","KOSPI","1.46","23.71","","23.37"
"A001430","세아베스틸지주","12","1","KOSPI","-1.35","2617.93","","2653.8"
"A001440","대한전선","12","1","KOSPI","-2.49","13144.53","","13480.14"
"A001450","현대해상","12","1","KOSPI","-2.25","2587.28","","2646.96"
"A001460","BYC","12","0","KOSPI","-5.1","290.45","","306.06"
"A001470","삼부토건","12","0","KOSPI","0","79.7","","79.7"
"A001500","현대차증권","12","0","KOSPI","-0.74","750.03","","755.6"
"A001510","SK증권","12","0","KOSPI","-1.75","1165.73","","1186.54"
"A001520","동양","12","0","KOSPI","-3.01","176.63","","182.12"
"A001530","DI동일","12","0","KOSPI","-2","557.25","","568.64"
"A001540","안국약품","12","0","KOSDAQ","-2.63","101.47","","104.21"
"A001550","조비","12","0","KOSPI","-2.67","70.04","","71.96"
"A001560","제일연마","12","0","KOSPI","-0.43","87.17","","87.55"
"A001570","금양","12","0","KOSPI","0","633.28","","633.28"
"A0015G0","그린광학","12","0","KOSDAQ","1.62","368.04","","362.19"
"A0015N0","아로마티카","12","0","KOSDAQ","-4.88","113.93","","119.78"
"A0015S0","페스카로","12","0","KOSDAQ","-4.84","143.66","","150.96"
"A001620","케이비아이동국실업","12","0","KOSPI","0","71.45","","71.45"
"A001630","종근당홀딩스","12","0","KOSPI","-1.66","237.97","","241.98"
"A001680","대상","12","1","KOSPI","-0.5","694.69","","698.16"
"A001720","신영증권","3","0","KOSPI","-1.59","3251.83","","3304.44"
"A001740","SK네트웍스","12","0","KOSPI","-4.16","1293.83","","1350"
"A001750","한양증권","12","0","KOSPI","-1.75","357.04","","363.4"
"A001770","SHD","12","0","KOSPI","3.13","20.8","","20.17"
"A001780","알루코","12","0","KOSPI","-1.38","277.42","","281.29"
"A001790","대한제당","12","0","KOSPI","-2.5","244.87","","251.15"
"A0017J0","세미티에스","12","0","외감","","","",""
"A001800","오리온홀딩스","12","1","KOSPI","-1.64","1506.62","","1531.68"
"A001810","무림SP","12","0","KOSDAQ","-4.14","33.32","","34.76"
"A001820","삼화콘덴서","12","0","KOSPI","-2.88","666.32","","686.07"
"A001840","이화공영","12","0","KOSDAQ","0","62.59","","62.59"
"A001940","KISCO홀딩스","12","0","KOSPI","-0.6","351.57","","353.7"
"A002020","코오롱","12","0","KOSPI","-3.59","1040.36","","1079.08"
"A002030","아세아","12","1","KOSPI","-2.82","496.18","","510.6"
"A002070","비비안","12","0","KOSPI","-2.02","25.63","","16.32"
"A002100","경농","12","0","KOSPI","-3.55","196.4","","203.62"
"A002140","고려산업","12","0","KOSPI","-2.61","65.09","","66.84"
"A002150","도화엔지니어링","12","0","KOSPI","-4.57","225.59","","236.38"
"A002170","SYTS","12","0","KOSPI","1","182.7","","180.9"
"A002200","한국수출포장","12","0","KOSPI","0.55","104.31","","103.74"
"A002210","동성제약","12","0","KOSPI","0","94.01","","94.01"
"A002220","한일철강","12","0","KOSPI","-8.18","128.95","","140.43"
"A002230","피에스텍","12","0","KOSDAQ","-6.43","179.76","","192.1"
"A002240","고려제강","12","0","KOSPI","-4.3","630.45","","658.8"
"A002290","삼일기업공사","12","0","KOSDAQ","-1.49","49.35","","50.1"
"A002310","아세아제지","12","0","KOSPI","-2.41","335.32","","343.61"
"A002320","한진","12","0","KOSPI","-1","290.97","","293.92"
"A002350","넥센타이어","12","0","KOSPI","-1.52","694.42","","705.16"
"A002360","SH에너지화학","12","0","KOSPI","0","39.79","","39.79"
"A002380","KCC","12","1","KOSPI","0","5385.2","","5385.2"
"A002390","한독","12","0","KOSPI","-2.41","133.64","","136.95"
"A002410","범양건영","12","0","KOSPI","0","53.17","","53.17"
"A002420","세기상사","12","0","KOSPI","-3.61","30.27","","31.4"
"A002450","삼익악기","12","0","KOSPI","2.14","112.35","","110"
"A002460","HS화성","12","0","KOSPI","-1.31","137.94","","139.77"
"A002600","조흥","12","0","KOSPI","-0.14","87.48","","87.6"
"A002620","제일파마홀딩스","12","0","KOSPI","-2.86","135.77","","139.77"
"A002630","오리엔트바이오","3","0","KOSPI","-4.8","56.45","","59.29"
"A002680","한탑","12","0","KOSDAQ","-2.99","20.97","","21.62"
"A002690","동일제강","12","0","KOSPI","-2.46","32.18","","32.99"
"A002700","신일전자","12","0","KOSPI","-2.89","96.46","","99.33"
"A002710","TCC스틸","12","0","KOSPI","-4.43","475.25","","497.27"
"A002720","국제약품","12","0","KOSPI","-4.65","91.09","","95.54"
"A002760","보락","12","0","KOSPI","-3.66","61.46","","63.79"
"A002780","진흥기업","12","0","KOSPI","-7.81","187.22","","203.08"
"A002790","아모레퍼시픽홀딩스","12","1","KOSPI","-2.02","2041.43","","2083.49"
"A002800","신신제약","12","0","KOSDAQ","-1.62","83.13","","84.5"
"A002810","삼영무역","12","0","KOSPI","1.19","391.5","","386.88"
"A002820","SUN&L","12","0","KOSPI","-0.21","29.44","","29.5"
"A002840","미원상사","12","1","KOSPI","-2.84","667.38","","686.85"
"A002870","신풍","12","0","KOSPI","0","37.41","","37.41"
"A002880","디와이에이","12","0","KOSPI","0.43","43.27","","43.08"
"A002900","TYM","12","0","KOSPI","8.42","378.4","","349"
"A002920","유성기업","12","0","KOSPI","-3.9","47.28","","49.2"
"A002960","한국쉘석유","12","0","KOSPI","-0.52","623.35","","626.6"
"A002990","금호건설","12","0","KOSPI","-4.9","177.17","","186.3"
"A003000","부광약품","12","0","KOSPI","-0.33","588.04","","590.01"
"A003010","혜인","12","0","KOSPI","-7.02","87.59","","94.2"
"A003030","세아제강지주","12","1","KOSPI","-4.49","810.94","","849.04"
"A003060","에이프로젠바이오로직스","12","0","KOSPI","-16.67","38.36","","46.03"
"A003070","코오롱글로벌","12","0","KOSPI","-7.47","258.31","","279.16"
"A003080","SB성보","12","0","KOSPI","-0.39","51.25","","51.45"
"A003090","대웅","12","1","KOSPI","-3.38","1247.15","","1290.75"
"A003100","선광","12","0","KOSDAQ","-5.96","176.88","","188.1"
"A003120","일성아이에스","12","0","KOSPI","-2.97","281.96","","290.61"
"A003160","디아이","12","0","KOSPI","-2.86","912.68","","939.56"
"A003200","일신방직","12","0","KOSPI","-2.14","283.79","","289.98"
"A003220","대원제약","12","0","KOSPI","-2.16","223.38","","228.31"
"A003230","삼양식품","12","1","KOSPI","-3.01","9936.05","","10244.9"
"A003240","태광산업","12","1","KOSPI","0.89","1261.48","","1250.35"
"A003280","흥아해운","12","0","KOSPI","-0.56","641.93","","645.54"
"A003300","한일홀딩스","12","0","KOSPI","0.28","555.3","","553.76"
"A003310","대주산업","12","0","KOSDAQ","-2.78","111.49","","114.67"
"A003350","한국화장품제조","12","0","KOSPI","1.45","222.07","","218.9"
"A003380","하림지주","12","0","KOSDAQ","-1.87","1411.27","","1438.15"
"A003460","유화증권","12","0","KOSPI","-0.96","205.55","","207.53"
"A003470","유안타증권","12","0","KOSPI","-4.6","1365.24","","1431.11"
"A003480","한진중공업홀딩스","12","0","KOSPI","-7.52","174.23","","188.4"
"A003490","대한항공","12","1","KOSPI","-4.81","9481.68","","9960.37"
"A003520","영진약품","12","0","KOSPI","-5.18","288.06","","303.78"
"A003530","한화투자증권","12","0","KOSPI","-4.33","1755","","1834.38"
"A003540","대신증권","12","0","KOSPI","-0.51","1924.49","","1934.34"
"A003550","LG","12","1","KOSPI","-3.49","16208.69","","16794.73"
"A003570","SNT다이내믹스","12","0","KOSPI","0.57","1762.39","","1752.42"
"A003580","HLB글로벌","12","0","KOSPI","-3.39","101.07","","104.62"
"A003610","방림","9","0","KOSPI","-2.91","193.32","","199.11"
"A003620","KG모빌리티","12","0","KOSPI","-1.67","831.76","","845.93"
"A003650","미창석유","12","0","KOSPI","1.24","212.41","","209.8"
"A003670","포스코퓨처엠","12","1","KOSPI","-3.45","24904.94","","25794.4"
"A003680","한성기업","12","0","KOSPI","0.2","31.36","","31.3"
"A003690","코리안리","12","0","KOSPI","-1.57","2106.51","","2140.09"
"A003720","삼영","12","0","KOSPI","2.28","458.32","","448.12"
"A003780","진양산업","12","0","KOSPI","-0.91","70.85","","71.5"
"A003800","에이스침대","12","0","KOSDAQ","-1.14","383.71","","388.15"
"A003830","대한화섬","12","0","KOSPI","0.08","160.02","","159.89"
"A003850","보령","12","0","KOSPI","-2.08","808.12","","825.27"
"A003920","남양유업","12","0","KOSPI","-1","297","","300"
"A003960","사조대림","12","0","KOSPI","-2.05","284.56","","290.51"
"A004000","롯데정밀화학","12","1","KOSPI","-1.92","1584.12","","1615.08"
"A004020","현대제철","12","1","KOSPI","1.75","5824.91","","5724.82"
"A004060","SG세계물산","12","0","KOSPI","-4.94","74.09","","77.93"
"A004080","신흥","12","0","KOSPI","-0.29","130.75","","131.13"
"A004090","한국석유","12","0","KOSPI","-1.41","186.86","","189.52"
"A004100","태양금속","12","0","KOSPI","-1.88","105.51","","107.53"
"A004140","동방","12","0","KOSPI","-5.05","126.17","","132.88"
"A004150","한솔홀딩스","12","0","KOSPI","12.77","170.26","","150.98"
"A004170","신세계","12","1","KOSPI","3.97","4207.83","","4047.26"
"A004250","NPC","12","0","KOSPI","-2.17","132.19","","135.13"
"A004270","남성","12","0","KOSPI","3.4","26.4","","25.53"
"A004310","현대약품","11","0","KOSPI","-2.38","249.92","","256"
"A004360","세방","12","0","KOSPI","-1.24","303.94","","307.76"
"A004370","농심","12","1","KOSPI","-1.19","2268.83","","2296.2"
"A004380","삼익THK","12","0","KOSPI","0.69","240.74","","239.09"
"A004410","서울식품","12","0","KOSPI","0","62.34","","62.34"
"A004430","송원산업","12","0","KOSPI","-1.98","309.12","","315.36"
"A004440","삼일씨엔에스","12","0","KOSPI","-4.44","87.6","","91.67"
"A004450","삼화왕관","12","0","KOSPI","-1.07","59.68","","60.32"
"A004490","세방전지","12","1","KOSPI","-1.09","882.88","","892.58"
"A004540","깨끗한나라","12","0","KOSPI","-2.11","70.72","","72.25"
"A004560","현대비앤지스틸","12","0","KOSPI","-4.57","251.67","","263.73"
"A004590","한국가구","12","0","KOSDAQ","20.18","119.7","","99.6"
"A004650","창해에탄올","12","0","KOSDAQ","-1.73","93.93","","95.59"
"A004690","삼천리","12","0","KOSPI","-0.62","524.07","","527.33"
"A004700","조광피혁","12","0","KOSPI","-2.97","434.19","","447.49"
"A004710","한솔테크닉스","12","0","KOSPI","29.96","449.51","","345.87"
"A004720","팜젠사이언스","12","0","KOSPI","-4.49","84.09","","88.04"
"A004770","써니전자","12","0","KOSPI","-1.93","61.29","","62.49"
"A004780","대륙제관","12","0","KOSDAQ","-1.89","62.02","","63.22"
"A004800","효성","12","0","KOSPI","-1.14","4352.51","","4402.73"
"A004830","덕성","12","0","KOSPI","-1.56","69.23","","70.32"
"A004840","DRB동일","12","0","KOSPI","-4.13","96.07","","100.22"
"A004870","티웨이홀딩스","12","0","KOSPI","-5.91","27.05","","28.74"
"A004890","동일산업","12","0","KOSPI","-1.44","91.43","","92.76"
"A004910","조광페인트","12","0","KOSPI","-3.1","54.02","","55.74"
"A004920","씨아이테크","12","0","KOSPI","-4.34","60.95","","63.71"
"A004960","한신공영","12","0","KOSPI","-8.72","170.78","","187.1"
"A004970","신라교역","12","0","KOSPI","-2.87","151.84","","156.32"
"A004980","성신양회","12","0","KOSPI","-4.34","259.13","","270.9"
"A004990","롯데지주","12","1","KOSPI","2.05","2974.96","","2915.17"
"A005010","휴스틸","12","0","KOSPI","-5.56","315.22","","333.76"
"A005030","부산주공","12","0","KOSPI","0","45.09","","45.09"
"A005070","코스모신소재","12","0","KOSPI","-2.26","2009.48","","2055.98"
"A005090","SGC에너지","12","0","KOSPI","-6.15","835.74","","890.5"
"A005110","한창","12","0","KOSPI","0","26.47","","26.47"
"A005160","동국산업","12","0","KOSDAQ","-6.2","180.63","","192.57"
"A005180","빙그레","12","0","KOSPI","-1.1","668.3","","675.71"
"A005250","녹십자홀딩스","12","1","KOSPI","-2.52","618.89","","634.88"
"A005290","동진쎄미켐","12","0","KOSDAQ","-1.17","3028.31","","3064.3"
"A005300","롯데칠성","12","1","KOSPI","-1.76","1088.41","","1107.9"
"A005320","온타이드","12","0","KOSPI","0","40.2","","40.2"
"A005360","모나미","12","0","KOSPI","-2.47","30.58","","31.35"
"A005380","현대차","12","1","KOSPI","5.38","132273.52","","125516.51"
"A005420","코스모화학","12","1","KOSPI","-6.11","649.1","","691.35"
"A005430","한국공항","12","0","KOSPI","-3.22","199.8","","206.45"
"A005440","현대지에프홀딩스","12","0","KOSPI","-2.49","2262.17","","2319.86"
"A005490","POSCO홀딩스","12","1","KOSPI","-2.48","40571.66","","41601.8"
"A005500","삼진제약","12","0","KOSPI","-0.66","240.69","","242.29"
"A005610","삼립","12","0","KOSPI","-1.26","406.86","","412.04"
"A005670","푸드웰","12","0","KOSDAQ","-6.86","69.2","","74.3"
"A005680","삼영전자","12","0","KOSPI","-6.47","289","","309"
"A005690","파미셀","12","0","KOSPI","-5.49","1095.91","","1159.53"
"A005710","대원산업","12","0","KOSDAQ","-3.23","270.51","","279.52"
"A005720","넥센","12","0","KOSPI","-0.97","374.64","","378.32"
"A005740","크라운해태홀딩스","12","0","KOSPI","-4.17","105.86","","110.46"
"A005750","대림바스","12","0","KOSPI","-4.83","85.36","","89.7"
"A005800","신영와코루","12","0","KOSPI","-1.3","129.96","","131.67"
"A005810","풍산홀딩스","12","0","KOSPI","-1.83","617.06","","628.59"
"A005820","원림","12","0","KOSPI","-1.04","37.14","","37.53"
"A005830","DB손해보험","12","1","KOSPI","-1.46","10624.16","","10781.36"
"A005850","에스엘","12","1","KOSPI","-0.44","3158.5","","3172.43"
"A005860","한일사료","12","0","KOSDAQ","0","142.44","","142.44"
"A005870","휴니드","12","0","KOSPI","-2.46","117.73","","120.69"
"A005880","대한해운","12","0","KOSPI","-0.79","814.94","","821.39"
"A005930","삼성전자","12","1","KOSPI","6.33","1669112.54","","1569725.81"
"A005940","NH투자증권","12","1","KOSPI","-1.5","12846.21","","13042.2"
"A005950","이수화학","12","0","KOSPI","-3.14","259.79","","268.2"
"A005960","동부건설","12","0","KOSPI","-3.95","201.01","","209.27"
"A005990","매일홀딩스","12","0","KOSDAQ","-0.79","149.47","","150.67"
"A006040","동원산업","12","1","KOSPI","-1.79","1695.28","","1726.19"
"A006050","국영지앤엠","12","0","KOSDAQ","-6.7","40.3","","43.2"
"A006060","화승인더","12","0","KOSPI","0.44","190.58","","189.75"
"A006090","사조오양","12","0","KOSPI","-0.83","78.49","","79.15"
"A006110","삼아알미늄","12","0","KOSPI","8.78","1199.29","","1102.5"
"A006120","SK디스커버리","12","0","KOSPI","-3.72","990.84","","1029.15"
"A006140","피제이전자","12","0","KOSDAQ","-2.36","110.89","","113.57"
"A006200","한국전자홀딩스","12","0","KOSPI","0","37.49","","37.49"
"A006220","제주은행","12","0","KOSPI","-2.29","452.07","","462.65"
"A006260","LS","12","1","KOSPI","-0.37","16879.2","","16941.6"
"A006280","녹십자","12","1","KOSPI","-2.82","1568.33","","1613.91"
"A006340","대원전선","12","0","KOSPI","-4.55","1347.94","","1412.24"
"A006360","GS건설","12","1","KOSPI","-3.08","3098.05","","3196.47"
"A006370","대구백화점","12","0","KOSPI","9.38","64.39","","58.87"
"A006380","카프로","12","0","KOSPI","0","618.54","","618.54"
"A006400","삼성SDI","12","1","KOSPI","0.88","55120.5","","54636.99"
"A006490","프리티","12","0","KOSPI","-10.87","64.63","","72.51"
"A006570","대림통상","12","0","KOSPI","-2.35","29.73","","30.45"
"A006620","동구바이오제약","12","0","KOSDAQ","-3.11","137.63","","142.04"
"A006650","대한유화","12","1","KOSPI","-1.34","1104.35","","1119.3"
"A006660","삼성공조","12","0","KOSPI","-0.3","109.71","","110.03"
"A006730","서부T&D","12","0","KOSDAQ","-3.62","882.36","","915.47"
"A006740","블루산업개발","12","0","KOSPI","0","33.56","","33.56"
"A006800","미래에셋증권","12","1","KOSPI","-0.25","44429.61","","44541.52"
"A006840","AK홀딩스","12","0","KOSPI","-2.1","104.79","","107.04"
"A006880","신송홀딩스","12","0","KOSPI","-2.25","77.12","","78.9"
"A006890","태경케미컬","12","0","KOSPI","-4.03","93.96","","97.9"
"A006910","보성파워텍","12","0","KOSDAQ","-3.56","677.99","","703.05"
"A006920","모헨즈","12","0","KOSDAQ","-5.29","47.88","","50.56"
"A006980","우성","12","0","KOSPI","-4.57","70.92","","74.31"
"A007070","GS리테일","12","1","KOSPI","0.39","2165.43","","2157.07"
"A007110","일신석재","12","0","KOSPI","-8.61","118.43","","129.58"
"A007120","미래아이앤지","12","0","KOSPI","-1.97","53.19","","54.26"
"A007160","사조산업","12","0","KOSPI","-0.94","264.5","","267"
"A007210","벽산","12","0","KOSPI","-4.44","128.04","","133.99"
"A007280","한국특강","12","0","KOSPI","-1.26","83.31","","84.38"
"A007310","오뚜기","12","1","KOSPI","-1.39","1422.78","","1442.82"
"A007330","푸른저축은행","12","0","KOSDAQ","0.53","172.7","","171.79"
"A007340","DN오토모티브","12","1","KOSPI","-4.6","2852.4","","2989.91"
"A007370","진양제약","12","0","KOSDAQ","-1.89","66.15","","67.42"
"A007390","네이처셀","12","0","KOSDAQ","-1.84","1206.22","","1228.78"
"A007460","에이프로젠","12","0","KOSPI","-11.7","87.81","","99.45"
"A007530","와이엠","12","0","KOSDAQ","-0.65","50.85","","51.18"
"A007540","샘표","12","0","KOSPI","-1.57","143.79","","146.09"
"A007570","일양약품","12","0","KOSPI","-3.29","190.86","","197.35"
"A007590","동방아그로","12","0","KOSPI","-0.5","81.84","","82.25"
"A007610","선도전기","12","0","KOSPI","30","231.66","","178.2"
"A007660","이수페타시스","12","1","KOSPI","-0.71","10284.63","","10358.04"
"A007680","대원","12","0","KOSDAQ","2.05","60.11","","58.9"
"A007690","국도화학","12","0","KOSPI","-1.68","352.84","","358.86"
"A007700","F&F홀딩스","12","0","KOSPI","-2.68","780.33","","801.84"
"A007720","소노스퀘어","12","0","KOSDAQ","-2.27","39.11","","40.02"
"A007770","한일화학","12","0","KOSDAQ","-0.9","26.99","","27.24"
"A007810","코리아써키트","12","0","KOSPI","-2.64","2386.27","","2451.02"
"A007820","엠엑스로보틱스","12","0","KOSDAQ","10.12","113.39","","102.97"
"A007860","서연","12","0","KOSPI","-2.67","213.67","","219.54"
"A007980","TP","12","0","KOSPI","-4.04","94.73","","98.72"
"A008040","사조동아원","12","0","KOSPI","-2.9","160.62","","165.42"
"A008060","대덕","12","0","KOSPI","-2.5","598.52","","613.85"
"A008250","이건산업","12","0","KOSPI","-3.02","40.47","","41.73"
"A008260","NI스틸","12","0","KOSPI","-2.81","108.68","","111.83"
"A008290","원풍물산","12","0","KOSDAQ","0","17.01","","17.01"
"A0082N0","카나프테라퓨틱스","12","0","KOSDAQ","-8.39","382.63","","417.65"
"A008350","남선알미늄","12","0","KOSPI","-1.7","253.12","","257.51"
"A008370","원풍","12","0","KOSDAQ","1.73","63.36","","62.28"
"A008420","문배철강","12","0","KOSPI","-3.7","53.31","","55.36"
"A008470","부스타","12","0","KOSDAQ","-3.6","31.52","","32.69"
"A008490","서흥","12","0","KOSPI","-4.63","223.98","","234.85"
"A008500","일정실업","12","0","KOSPI","-5.98","14.16","","15.06"
"A008600","윌비스","12","0","KOSPI","0","17.62","","17.62"
"A008700","아남전자","12","0","KOSPI","-4.36","104.89","","109.67"
"A008730","율촌화학","12","1","KOSPI","-1.85","591.48","","602.64"
"A008770","호텔신라","12","1","KOSPI","0","2519.73","","2519.73"
"A008830","대동기어","12","0","KOSDAQ","-3.21","176.16","","182"
"A008870","금비","9","0","KOSPI","0.45","44.9","","44.7"
"A0088M0","메쥬","12","0","KOSDAQ","-3.42","306.83","","317.7"
"A008930","한미사이언스","12","1","KOSPI","-5.12","2407.38","","2537.33"
"A008970","KBI동양철관","12","0","KOSPI","-3.22","177.75","","183.67"
"A009070","KCTC","12","0","KOSPI","-4.2","164.4","","171.6"
"A009140","경인전자","12","0","KOSPI","29.81","47.2","","36.36"
"A009150","삼성전기","12","1","KOSPI","-1.53","67224.33","","68270.04"
"A009160","SIMPAC","12","0","KOSPI","4.21","436.68","","419.03"
"A009180","한솔로지스틱스","12","0","KOSPI","-1.6","95.31","","96.86"
"A009190","대양금속","12","0","KOSPI","-6.84","62.37","","66.95"
"A009200","무림페이퍼","12","0","KOSPI","-1.9","79.47","","81.01"
"A009240","한샘","12","1","KOSPI","-4.16","895.47","","934.3"
"A009270","신원","12","0","KOSPI","-8.08","150.12","","163.32"
"A009290","광동제약","12","0","KOSPI","-2.74","388.94","","399.89"
"A009300","삼아제약","12","0","KOSDAQ","-1.11","101.92","","103.07"
"A009310","참엔지니어링","12","0","KOSPI","0","23.33","","23.31"
"A009320","아진전자부품","12","0","KOSPI","-5.32","51.76","","54.67"
"A009410","태영건설","12","0","KOSPI","-3.06","565.72","","583.57"
"A009420","한올바이오파마","12","1","KOSPI","4.65","2408.29","","2301.2"
"A009440","KC그린홀딩스","12","0","KOSPI","0","17.57","","17.57"
"A009450","경동나비엔","12","0","KOSPI","-2.05","1041.65","","1063.51"
"A009460","한창제지","12","0","KOSPI","0","32.46","","32.46"
"A009470","삼화전기","12","0","KOSPI","-4.71","274.47","","288.03"
"A009520","포스코엠텍","12","0","KOSDAQ","-4.31","832.85","","870.33"
"A009540","HD한국조선해양","12","1","KOSPI","4.87","33546.46","","31989.45"
"A009580","무림P&P","12","0","KOSPI","-3.06","167.77","","173.07"
"A009620","삼보산업","12","0","KOSDAQ","-3.94","14.8","","15.4"
"A009680","모토닉","12","0","KOSPI","-0.27","236.46","","237.11"
"A009730","이렘","12","0","KOSDAQ","-4.35","20.53","","21.46"
"A009770","삼정펄프","12","0","KOSPI","-1.61","76.25","","77.5"
"A009780","엠에스씨","12","0","KOSDAQ","-2.1","123.38","","126.02"
"A009810","플레이그램","12","0","KOSPI","0","35.78","","35.78"
"A009830","한화솔루션","12","1","KOSPI","-3.81","7821.11","","8130.52"
"A009900","명신산업","12","0","KOSPI","-4.3","642.76","","671.62"
"A009970","영원무역홀딩스","12","1","KOSPI","-1.91","2767.34","","2821.34"
"A010040","한국내화","12","0","KOSPI","-2.37","76.22","","78.07"
"A010060","OCI홀딩스","12","1","KOSPI","0.31","5965.14","","5946.47"
"A010100","한국무브넥스","12","0","KOSPI","-2.89","138.24","","142.36"
"A010120","LS ELECTRIC","12","1","KOSPI","-2.88","45600","","46950"
"A010130","고려아연","12","1","KOSPI","-1.99","31893.9","","32540.96"
"A010140","삼성중공업","12","1","KOSPI","6.26","29876","","28116"
"A010170","대한광통신","12","0","KOSDAQ","25.06","4345.82","","3475.1"
"A010240","흥국","12","0","KOSDAQ","-2.25","66.02","","67.54"
"A010280","아이티센엔텍","12","0","KOSDAQ","4.38","86.88","","83.23"
"A010400","우진아이엔에스","12","0","KOSPI","-1.12","30.37","","30.72"
"A010470","오리콤","12","0","KOSDAQ","-1.87","68.98","","70.29"
"A010580","에스엠벡셀","12","0","KOSPI","-1.61","237.52","","241.42"
"A010640","진양폴리","12","0","KOSPI","-2.86","36.91","","37.99"
"A010660","화천기계","12","0","KOSPI","3.21","109.78","","106.37"
"A010690","화신","12","0","KOSPI","5.2","473.52","","450.12"
"A010770","평화홀딩스","12","0","KOSPI","-1.36","58.43","","59.23"
"A010780","아이에스동서","12","0","KOSPI","1.21","757.69","","748.64"
"A010820","퍼스텍","12","0","KOSPI","-0.46","630.62","","633.55"
"A010950","S-Oil","12","1","KOSPI","-5.05","12485.43","","13149.67"
"A010960","삼호개발","12","0","KOSPI","-2.17","92.62","","94.67"
"A011000","진원생명과학","12","0","KOSPI","-1.59","100.97","","102.61"
"A011040","경동제약","12","0","KOSDAQ","-1.44","168","","170.46"
"A011070","LG이노텍","12","1","KOSPI","10.26","16282.97","","14768.27"
"A011080","형지I&C","12","0","KOSDAQ","-15.39","14.52","","17.16"
"A011090","에넥스","12","0","KOSPI","0","25.68","","25.68"
"A011150","CJ씨푸드","12","0","KOSPI","-1.34","92.88","","94.14"
"A011170","롯데케미칼","12","1","KOSPI","6.61","4555.58","","4273.26"
"A011200","HMM","12","1","KOSPI","-2.67","18911.92","","19430.7"
"A011210","현대위아","12","1","KOSPI","-0.99","2436.68","","2461.16"
"A011230","삼화전자","12","0","KOSPI","-2.35","43.89","","44.94"
"A011280","태림포장","12","0","KOSPI","-3.55","134.67","","139.63"
"A011300","우성머티리얼스","12","0","KOSPI","-1.88","45.43","","46.3"
"A011320","유니크","12","0","KOSDAQ","-4.4","84.05","","87.91"
"A011330","유니켐","12","0","KOSPI","-4.46","52.22","","54.65"
"A011370","서한","12","0","KOSDAQ","-2.62","105.03","","107.86"
"A011390","부산산업","12","0","KOSPI","-5.98","74.76","","79.52"
"A011420","갤럭시아에스엠","12","0","KOSPI","-2.73","49.01","","50.39"
"A011500","한농화성","12","0","KOSPI","-4.29","348.71","","364.34"
"A011560","세보엠이씨","12","0","KOSDAQ","4.07","238.05","","228.74"
"A011690","와이투솔루션","12","0","KOSPI","-8.34","302.44","","329.97"
"A011700","한신기계","12","0","KOSPI","-7.07","140.82","","151.52"
"A011760","현대코퍼레이션","12","0","KOSPI","-6.44","375.04","","400.84"
"A011780","금호석유화학","12","1","KOSPI","-0.99","3755.99","","3793.72"
"A011790","SKC","12","1","KOSPI","-2.25","5918.81","","6055.14"
"A0117P0","피스피스스튜디오","12","0","외감","","","",""
"A011810","STX","12","0","KOSPI","0","109.49","","109.49"
"A011930","신성이엔지","12","0","KOSPI","0","822.36","","822.36"
"A012030","DB","12","0","KOSPI","6.62","437.55","","410.39"
"A0120G0","삼양바이오팜","12","0","KOSPI","-4.17","513.08","","535.38"
"A012160","영흥","12","0","KOSPI","-4.78","48.43","","50.86"
"A012170","아센디오","12","0","KOSPI","-5.4","23.45","","24.78"
"A012200","계양전기","12","0","KOSPI","-0.24","230.31","","230.85"
"A012210","삼미금속","12","0","KOSDAQ","-6.12","309.8","","330"
"A012280","영화금속","12","0","KOSPI","-3.31","52.9","","54.71"
"A012320","경동인베스트","12","0","KOSPI","-2.64","148.05","","152.07"
"A012330","현대모비스","12","1","KOSPI","8.64","50175.12","","46182.88"
"A012340","뉴인텍","12","0","KOSDAQ","-0.62","16.28","","16.39"
"A012450","한화에어로스페이스","12","1","KOSPI","0.61","67805.87","","67393.37"
"A012510","더존비즈온","12","0","KOSPI","0","3647.38","","3647.38"
"A012610","경인양행","12","0","KOSPI","12.04","240.13","","214.32"
"A012620","원일특강","12","0","KOSDAQ","-1.35","38.5","","39.03"
"A012630","HDC","12","0","KOSPI","-2.16","1624.97","","1660.82"
"A012690","모나리자","12","0","KOSPI","-4.46","78.26","","81.92"
"A0126Z0","삼성에피스홀딩스","12","1","KOSPI","-2.83","12814.77","","13188.02"
"A012700","리드코프","12","0","KOSDAQ","-3.42","92.34","","95.61"
"A012750","에스원","12","1","KOSPI","1.1","2800.54","","2770.14"
"A012790","신일제약","12","0","KOSDAQ","-1","71.44","","72.16"
"A012800","대창","12","0","KOSPI","0.54","154.03","","153.21"
"A012860","모베이스전자","12","0","KOSDAQ","6.3","339.8","","319.66"
"A013000","세우글로벌","12","0","KOSPI","-4.34","41.13","","43"
"A013030","하이록코리아","12","0","KOSDAQ","-4.6","488.38","","511.91"
"A013120","동원개발","12","0","KOSDAQ","-4.25","245.64","","256.53"
"A013310","아진산업","12","0","KOSDAQ","-3.81","161.82","","168.23"
"A013360","일성건설","12","0","KOSPI","-3.78","93.52","","97.19"
"A013520","화승코퍼레이션","12","0","KOSPI","-2.71","161.67","","166.17"
"A013570","디와이","12","0","KOSPI","-4.63","130.02","","136.34"
"A013580","계룡건설","12","0","KOSPI","-3.71","243.37","","252.74"
"A013700","까뮤이앤씨","12","0","KOSPI","-4.54","76.66","","80.31"
"A013720","청보","12","0","KOSDAQ","-2.44","36.5","","37.41"
"A013810","스페코","12","0","KOSDAQ","-3.11","38.84","","40.08"
"A013870","지엠비코리아","12","0","KOSPI","-2.59","86.02","","88.3"
"A013890","지누스","12","0","KOSPI","-2.25","251.48","","257.26"
"A013990","아가방컴퍼니","12","0","KOSDAQ","5.97","169.37","","159.83"
"A014100","메디앙스","12","0","KOSDAQ","-1.97","19.94","","20.34"
"A014130","한익스프레스","12","0","KOSPI","-4.51","30.48","","31.92"
"A014160","대영포장","12","0","KOSPI","-0.89","120.32","","121.4"
"A014190","원익큐브","12","0","KOSDAQ","-3.1","58.59","","60.46"
"A014280","금강공업","12","0","KOSPI","-3.21","167.76","","173.34"
"A014440","영보화학","12","0","KOSPI","0","95.2","","95.2"
"A014470","부방","12","0","KOSDAQ","-1.42","79.09","","80.23"
"A014530","극동유화","12","0","KOSPI","-1.21","128.49","","130.06"
"A014570","고려제약","12","0","KOSDAQ","-3.87","42.41","","44.11"
"A014580","태경비케이","12","0","KOSPI","-2.18","129.78","","132.67"
"A014620","성광벤드","12","0","KOSDAQ","-6.65","1025.11","","1098.15"
"A014680","한솔케미칼","12","1","KOSPI","-2.45","3172.28","","3251.88"
"A014710","사조씨푸드","12","0","KOSPI","-1.27","133.79","","135.51"
"A014790","HL D&I","12","0","KOSPI","-3.69","123.42","","128.15"
"A014820","동원시스템즈","12","1","KOSPI","-3.36","749.42","","775.52"
"A014830","유니드","12","0","KOSPI","-2.6","556.97","","571.86"
"A014910","성문전자","12","0","KOSPI","8.09","42.62","","39.43"
"A014940","오리엔탈정공","12","0","KOSDAQ","-0.53","340.89","","342.71"
"A014950","삼익제약","12","0","KOSDAQ","-5.79","84.66","","89.87"
"A014970","삼륭물산","12","0","KOSDAQ","0.15","99.62","","99.48"
"A014990","인디에프","12","0","KOSPI","-6.26","52.88","","56.41"
"A015020","이스타코","12","0","KOSPI","0","19.88","","19.88"
"A015230","대창단조","12","0","KOSPI","-2.09","191.09","","195.16"
"A015260","에이엔피","12","0","KOSPI","-5.26","31.43","","33.17"
"A015360","INVENI","12","0","KOSPI","-2.3","463.25","","474.15"
"A015590","DKME","12","0","KOSPI","0","122.05","","122.05"
"A015710","코콤","12","0","KOSDAQ","-2.09","65.56","","66.97"
"A015750","성우하이텍","12","0","KOSDAQ","-2.42","710.4","","728"
"A015760","한국전력","12","1","KOSPI","-1.93","27732.85","","28278.52"
"A015860","일진홀딩스","12","0","KOSPI","1.53","686.42","","676.06"
"A015890","태경산업","12","0","KOSPI","-1.78","145.56","","148.19"
"A016090","대현","12","0","KOSPI","-2.21","78.25","","80.02"
"A016100","리더스코스메틱","12","0","KOSDAQ","0.59","32.8","","32.61"
"A016250","SGC E&C","12","0","KOSDAQ","-3.58","79.94","","82.91"
"A016360","삼성증권","12","1","KOSPI","-1.46","12073.36","","12251.96"
"A016380","KG스틸","12","0","KOSPI","-5.86","675.06","","717.06"
"A016450","한세예스24홀딩스","12","0","KOSPI","-1.22","177.8","","180"
"A016580","환인제약","12","0","KOSPI","-2.48","204.6","","209.81"
"A016590","신대양제지","12","0","KOSPI","-1.16","478.74","","484.38"
"A016600","큐캐피탈","12","0","KOSDAQ","0","52.23","","52.23"
"A016610","DB증권","12","0","KOSPI","-2.17","632.45","","646.46"
"A016670","디모아","12","0","KOSDAQ","1.34","38.53","","38.02"
"A016710","대성홀딩스","12","0","KOSPI","-1.67","132.42","","134.67"
"A016740","두올","12","0","KOSPI","-3.67","139.21","","144.52"
"A016790","현대사료","12","0","KOSDAQ","0","187.34","","187.34"
"A016800","퍼시스","12","0","KOSPI","-4.76","380.08","","399.05"
"A016880","웅진","12","0","KOSPI","-4.55","217.8","","228.19"
"A016920","카스","12","0","KOSDAQ","-4.26","26.81","","28"
"A017000","신원종합개발","12","0","KOSDAQ","-3.59","34.42","","35.7"
"A017040","광명전기","12","0","KOSPI","0","40.39","","40.39"
"A017180","명문제약","12","0","KOSPI","-3.05","56.09","","57.86"
"A017250","인터엠","9","0","KOSDAQ","-1.65","22.62","","23"
"A017370","우신시스템","12","0","KOSPI","-1.85","106.95","","108.97"
"A017390","서울가스","12","0","KOSPI","-0.95","309.38","","312.35"
"A017480","삼현철강","12","0","KOSDAQ","-2.67","74.27","","76.32"
"A017510","세명전기","12","0","KOSDAQ","-10.26","226.71","","252.63"
"A017550","수산세보틱스","12","0","KOSPI","-10.14","201.86","","224.64"
"A017650","대림제지","12","0","KOSDAQ","-0.21","83.9","","84.07"
"A017670","SK텔레콤","12","1","KOSPI","5.03","21092.38","","20082.87"
"A017800","현대엘리베이터","12","1","KOSPI","-1.43","3772.42","","3827.14"
"A017810","풀무원","12","0","KOSPI","-1.87","420.85","","428.86"
"A017860","DS단석","12","0","KOSPI","-3.15","382.71","","395.14"
"A017890","한국알콜","12","0","KOSDAQ","-2.01","279.53","","285.28"
"A017900","광전자","12","0","KOSPI","17.75","764.86","","649.55"
"A017940","E1","12","0","KOSPI","-2.35","685.31","","701.78"
"A017960","한국카본","12","1","KOSPI","-1.64","2355.15","","2394.36"
"A018000","유니슨","12","0","KOSDAQ","-4.41","285.96","","299.14"
"A018120","진로발효","12","0","KOSDAQ","-1","117.46","","118.65"
"A018250","애경산업","12","0","KOSPI","-0.62","378.45","","380.83"
"A018260","삼성에스디에스","12","1","KOSPI","-0.97","13440.52","","13572.07"
"A018290","브이티","12","0","KOSDAQ","-2.91","548.59","","565.01"
"A018310","삼목에스폼","12","0","KOSDAQ","-0.11","264.75","","265.04"
"A018470","조일알미늄","12","0","KOSPI","-1.88","198.05","","201.85"
"A018500","동원모빌리티","3","0","KOSPI","-0.39","84.16","","84.49"
"A018620","우진비앤지","12","0","KOSDAQ","0","21.55","","21.55"
"A018670","SK가스","12","0","KOSPI","2.47","2499.46","","2439.28"
"A018680","서울제약","12","0","KOSDAQ","-4.59","30.31","","31.77"
"A018700","졸스","12","0","KOSDAQ","0","19.7","","19.7"
"A018880","한온시스템","12","1","KOSPI","20.13","5880.48","","4895.27"
"A019010","베뉴지","12","0","KOSDAQ","9.09","323.9","","296.91"
"A019170","신풍제약","12","0","KOSPI","-3.39","582.89","","603.34"
"A019180","티에이치엔","12","0","KOSPI","2.89","140.94","","136.98"
"A019210","와이지-원","12","0","KOSDAQ","-2.28","557.91","","570.92"
"A019490","엑시큐어하이트론","12","0","KOSPI","0","41.35","","41.35"
"A019540","일지테크","12","0","KOSDAQ","1.66","99.59","","97.97"
"A019550","SBI인베스트먼트","12","0","KOSDAQ","0","103.4","","103.4"
"A019570","GMI벤처","12","0","KOSDAQ","-4.65","30.54","","32.03"
"A019660","글로본","12","0","KOSDAQ","-1.78","30.82","","31.37"
"A019680","대교","12","0","KOSPI","-6.83","110.96","","119.09"
"A019770","서연탑메탈","12","0","KOSDAQ","-4.35","46.13","","48.23"
"A019990","에너토크","12","0","KOSDAQ","-2.05","97.95","","100"
"A020000","한섬","12","0","KOSPI","-2.34","562.07","","575.53"
"A020120","키다리스튜디오","12","0","KOSPI","-2.39","143.81","","147.33"
"A020150","롯데에너지머티리얼즈","12","0","KOSPI","5.6","3948.36","","3738.89"
"A020180","대신정보통신","3","0","KOSDAQ","-2.5","43.46","","44.58"
"A020400","대동금속","12","0","KOSDAQ","-5.07","26.85","","28.29"
"A020560","아시아나항공","12","0","KOSPI","-1.13","1437.82","","1454.29"
"A020710","시공테크","12","0","KOSDAQ","-2.94","92.72","","95.53"
"A020760","일진디스플","12","0","KOSPI","0","50.98","","50.98"
"A021040","대호특수강","12","0","KOSDAQ","-1.27","26.96","","27.3"
"A021050","서원","12","0","KOSPI","-5.37","75.34","","79.61"
"A021080","에이티넘인베스트","12","0","KOSDAQ","0.87","167.04","","165.6"
"A021240","코웨이","12","1","KOSPI","5.94","6567.22","","6199.23"
"A021320","KCC건설","12","0","KOSDAQ","-4.56","143.38","","150.23"
"A021650","한국큐빅","12","0","KOSDAQ","-2.26","35.32","","36.13"
"A021820","세원정공","6","0","KOSPI","-1.05","151.2","","152.8"
"A021880","메이슨캐피탈","3","0","KOSDAQ","-2.35","35.22","","36.07"
"A022100","포스코DX","12","1","KOSPI","-2.84","5207.19","","5359.22"
"A022220","티케이지애강","12","0","KOSDAQ","-3.41","42.58","","44.08"
"A023000","삼원강재","12","0","KOSPI","-0.42","95.6","","96"
"A023150","MH에탄올","12","0","KOSPI","-2.46","30.66","","31.43"
"A023160","태광","12","0","KOSDAQ","-5.61","979.08","","1037.28"
"A023350","한국종합기술","12","0","KOSPI","-4.32","55.85","","58.36"
"A023410","유진기업","12","0","KOSDAQ","-2.73","289.53","","297.65"
"A023440","제이스코홀딩스","12","0","KOSDAQ","0","46.96","","46.96"
"A023450","동남합성","12","0","KOSPI","-1.62","106.58","","108.33"
"A023530","롯데쇼핑","12","1","KOSPI","5","4101.87","","3906.68"
"A023590","다우기술","12","0","KOSPI","-1.55","2058.31","","2090.78"
"A023600","삼보판지","12","0","KOSDAQ","-1.12","155.92","","157.68"
"A023760","한국캐피탈","12","0","KOSDAQ","-2.97","289.1","","297.94"
"A023770","플레이위드","12","0","KOSDAQ","0.38","23.71","","23.62"
"A023790","동일스틸럭스","12","0","KOSDAQ","0","32.65","","32.65"
"A023800","인지컨트롤스","12","0","KOSPI","-1.11","126.79","","128.21"
"A023810","인팩","12","0","KOSPI","-5.61","82.5","","87.4"
"A023900","풍국주정","12","0","KOSDAQ","-4.89","125.12","","131.54"
"A023910","대한약품","12","0","KOSDAQ","-0.88","168.9","","170.4"
"A023960","에쓰씨엔지니어링","12","0","KOSPI","-4.12","48.69","","50.78"
"A024060","흥구석유","12","0","KOSDAQ","1.97","232.8","","228.3"
"A024070","WISCOM","12","0","KOSPI","-4.72","35.56","","37.32"
"A024090","디씨엠","12","0","KOSPI","-0.49","140.11","","140.79"
"A024110","기업은행","12","1","KOSPI","-2.06","17025.04","","17383.88"
"A024120","KB오토시스","12","0","KOSDAQ","-0.66","43.36","","43.64"
"A024720","콜마홀딩스","12","0","KOSPI","1.65","337.82","","332.33"
"A024740","한일단조","12","0","KOSDAQ","-2.1","107.57","","109.88"
"A024800","유성티엔에스","12","0","KOSDAQ","7","183.96","","171.92"
"A024830","세원물산","12","0","KOSDAQ","-2.36","89.68","","91.85"
"A024840","KBI메탈","12","0","KOSDAQ","7.31","348.39","","324.66"
"A024850","HLB이노베이션","12","0","KOSDAQ","3.11","683.85","","663.02"
"A024880","케이피에프","12","0","KOSDAQ","4.63","118.36","","113.11"
"A024890","대원화성","12","0","KOSPI","0","37.37","","37.37"
"A024900","디와이덕양","12","0","KOSPI","-0.23","71.15","","71.32"
"A024910","경창산업","12","0","KOSDAQ","-3.15","71.64","","73.97"
"A024940","PN풍년","12","0","KOSDAQ","-5.88","29.6","","31.45"
"A024950","삼천리자전거","12","0","KOSDAQ","-2.98","64.78","","66.77"
"A025000","KPX케미칼","12","0","KOSPI","-0.37","233.39","","234.26"
"A025320","시노펙스","12","0","KOSDAQ","-2.83","505.93","","520.67"
"A025440","DH오토웨어","12","0","KOSDAQ","-4.17","39.27","","40.98"
"A025530","SJM홀딩스","12","0","KOSPI","-0.92","56.38","","56.9"
"A025540","한국단자","12","0","KOSPI","-2.44","890.12","","912.37"
"A025550","한국선재","12","0","KOSDAQ","7.55","107.16","","99.63"
"A025560","미래산업","12","0","KOSPI","-0.85","89.5","","90.26"
"A025620","차AI헬스케어","12","0","KOSPI","-3.62","140.35","","145.63"
"A025750","한솔홈데코","12","0","KOSPI","-1.55","40.85","","41.49"
"A025770","한국정보통신","12","0","KOSDAQ","-2.85","408.14","","420.12"
"A025820","이구산업","12","0","KOSPI","-3.66","193.63","","200.99"
"A025860","남해화학","12","0","KOSPI","-1.29","456.05","","462.01"
"A025870","신라에스지","12","0","KOSDAQ","-3.17","16.52","","17.06"
"A025880","케이씨피드","12","0","KOSDAQ","-2.23","47.64","","48.73"
"A025890","한국주강","12","0","KOSPI","0.46","24.65","","24.54"
"A025900","동화기업","12","0","KOSDAQ","-6.44","536.41","","573.32"
"A025950","동신건설","12","0","KOSDAQ","-2.26","134.4","","137.51"
"A025980","아난티","12","0","KOSDAQ","-9.72","650.94","","721"
"A026040","제이에스티나","12","0","KOSDAQ","-8.92","48.03","","52.73"
"A026150","특수건설","12","0","KOSDAQ","-4.41","110.19","","115.28"
"A026890","스틱인베스트먼트","12","0","KOSPI","-1.77","366.38","","372.98"
"A026910","광진실업","12","0","KOSDAQ","-1.49","14.86","","15.08"
"A026940","부국철강","12","0","KOSPI","-6.93","51","","54.8"
"A026960","동서","12","1","KOSPI","-2.76","2457.61","","2527.39"
"A027040","서울전자통신","12","0","KOSDAQ","0","33.4","","33.4"
"A027050","코리아나","12","0","KOSDAQ","-1.93","77.2","","78.72"
"A027360","아주IB투자","12","0","KOSDAQ","11.75","2132.16","","1908.04"
"A027410","BGF","12","0","KOSPI","-2.28","471.41","","482.41"
"A027580","상보","12","0","KOSDAQ","0","35.39","","35.39"
"A027710","팜스토리","12","0","KOSDAQ","-5.27","160.22","","169.13"
"A027740","마니커","12","0","KOSPI","0","52.14","","52.14"
"A027830","대성창투","12","0","KOSDAQ","-2.37","79.92","","81.86"
"A027970","한국제지","12","0","KOSPI","-1.38","135.98","","137.88"
"A028050","삼성E&A","12","1","KOSPI","-6.09","11485.6","","12230.4"
"A028080","휴맥스홀딩스","12","0","KOSDAQ","-8.89","16.89","","18.53"
"A028100","동아지질","12","0","KOSPI","-4.98","224.94","","236.73"
"A028260","삼성물산","12","1","KOSPI","6.98","73300.38","","68516.39"
"A028300","HLB","12","0","KOSDAQ","-2.92","7523.64","","7750.01"
"A028670","팬오션","12","1","KOSPI","-2.68","3111.19","","3196.73"
"A029460","케이씨","12","0","KOSPI","-0.76","433.11","","436.41"
"A029480","광무","12","0","KOSDAQ","0.94","128.69","","127.5"
"A029530","신도리코","12","0","KOSPI","-1.82","471.7","","480.44"
"A029780","삼성카드","12","1","KOSPI","-1.38","5816.12","","5897.22"
"A030000","제일기획","12","1","KOSPI","-0.78","2190.38","","2207.64"
"A030190","NICE평가정보","12","0","KOSPI","-5.23","832.42","","878.37"
"A030200","KT","12","1","KOSPI","-0.84","14818.88","","14944.89"
"A030210","다올투자증권","12","0","KOSPI","-4.38","266.18","","278.36"
"A030350","드래곤플라이","12","0","KOSDAQ","0","15.17","","15.17"
"A030520","한컴","12","0","KOSDAQ","-1.9","475.62","","484.8"
"A030530","원익홀딩스","12","0","KOSDAQ","-0.3","2602.92","","2610.64"
"A030610","교보증권","12","0","KOSPI","-1.69","1661.58","","1690.07"
"A030720","동원수산","12","0","KOSPI","-5.04","31.6","","33.27"
"A030960","양지사","6","0","KOSDAQ","-3.63","101.79","","105.63"
"A031210","서울보증보험","12","0","KOSPI","-2.49","3145.46","","3225.76"
"A031310","아이즈비전","12","0","KOSDAQ","-3.42","52.89","","54.76"
"A031330","에스에이엠티","12","0","KOSDAQ","6.19","908.96","","855.96"
"A031430","신세계인터내셔날","12","0","KOSPI","-1.82","509.75","","519.19"
"A031440","신세계푸드","12","0","KOSPI","-0.18","218.02","","218.41"
"A031510","오스템","12","0","KOSDAQ","-1.18","28.08","","28.42"
"A031820","아이티센씨티에스","12","0","KOSPI","15.78","115.48","","99.75"
"A031860","디에이치엑스컴퍼니","12","0","KOSDAQ","0","18.71","","18.71"
"A031980","피에스케이홀딩스","12","0","KOSDAQ","4.99","2813.89","","2680.21"
"A032080","아즈텍WB","12","0","KOSDAQ","-2.79","27.7","","28.5"
"A032190","다우데이타","12","0","KOSDAQ","-2.1","894.31","","913.46"
"A032280","삼일","12","0","KOSDAQ","-1.08","22.2","","22.44"
"A032300","한국파마","12","0","KOSDAQ","-2.17","118.23","","120.85"
"A032350","롯데관광개발","12","0","KOSPI","-4.58","1526.76","","1599.99"
"A032500","케이엠더블유","12","0","KOSDAQ","3.69","1481.74","","1429.05"
"A032540","TJ미디어","12","0","KOSDAQ","0.27","76.28","","76.07"
"A032560","황금에스티","12","0","KOSPI","-2.76","101.83","","104.72"
"A032580","피델릭스","12","0","KOSDAQ","29.94","62.98","","48.47"
"A032620","GC메디아이","12","0","KOSDAQ","-3.44","197.83","","204.87"
"A032640","LG유플러스","12","1","KOSPI","1.79","6584.97","","6468.92"
"A032680","소프트센","12","0","KOSDAQ","0","28.3","","28.3"
"A032750","삼진","12","0","KOSDAQ","-0.84","31.93","","32.2"
"A032790","엠젠솔루션","12","0","KOSDAQ","0","45.56","","45.56"
"A032800","판타지오","6","0","KOSDAQ","-1.11","15.63","","15.8"
"A032820","우리기술","12","0","KOSDAQ","-4.22","3302.16","","3447.59"
"A032830","삼성생명","12","1","KOSPI","1.53","59900","","59000"
"A032850","비트컴퓨터","12","0","KOSDAQ","-2.64","85.78","","88.1"
"A032860","더라미","12","0","KOSDAQ","-13.58","42.94","","49.69"
"A032940","원익","12","0","KOSDAQ","-3.71","189.03","","196.3"
"A032960","동일기연","12","0","KOSDAQ","-7.52","43.28","","46.8"
"A032980","바이온","12","0","KOSDAQ","0","18.35","","18.35"
"A033050","제이엠아이","12","0","KOSDAQ","-1.09","32.55","","32.91"
"A033100","제룡전기","12","0","KOSDAQ","-7.4","1305.87","","1410.28"
"A033130","디지틀조선","12","0","KOSDAQ","-2.34","92.97","","95.2"
"A033160","엠케이전자","12","0","KOSDAQ","-2.81","666.3","","685.55"
"A033170","시그네틱스","12","0","KOSDAQ","-3.6","71.15","","73.81"
"A033200","모아텍","3","0","KOSDAQ","2.82","57.47","","55.89"
"A033230","인성정보","12","0","KOSDAQ","0.64","94.77","","94.16"
"A033240","자화전자","12","0","KOSPI","-2.61","1007.9","","1034.9"
"A033250","체시스","12","0","KOSPI","-3.51","28.13","","29.15"
"A033270","유나이티드제약","12","0","KOSPI","-1.61","311.85","","316.94"
"A033290","로젠","12","0","KOSDAQ","-2.7","107.37","","110.35"
"A033310","엠투엔","12","0","KOSDAQ","-3.06","65.95","","68.03"
"A033320","제이씨현시스템","12","0","KOSDAQ","-2.12","88.31","","90.22"
"A033340","좋은사람들","12","0","KOSDAQ","-11.43","148.82","","168.02"
"A033500","동성화인텍","12","0","KOSDAQ","-3.51","784.23","","812.72"
"A033530","SJG세종","12","0","KOSPI","-3.66","227.3","","235.92"
"A033540","파라텍","12","0","KOSDAQ","7.91","49.9","","46.24"
"A033560","블루콤","12","0","KOSDAQ","0.44","58.14","","57.88"
"A033640","네패스","12","0","KOSDAQ","1.07","765.57","","757.49"
"A033780","KT&G","12","1","KOSPI","-0.39","20676.2","","20756.47"
"A033790","피노","12","0","KOSDAQ","-14.23","1309.9","","1527.25"
"A033830","티비씨","12","0","KOSDAQ","-1.02","58","","58.6"
"A033920","무학","12","0","KOSPI","-0.79","249.66","","251.66"
"A034020","두산에너빌리티","12","1","KOSPI","-1.23","81991.83","","83016.72"
"A034120","SBS","12","0","KOSPI","-1.85","284.76","","290.14"
"A034220","LG디스플레이","12","1","KOSPI","2.27","6305","","6165"
"A034230","파라다이스","12","1","KOSPI","-3.61","1411.67","","1464.47"
"A034310","NICE","12","0","KOSPI","-3.14","510.56","","527.1"
"A034590","인천도시가스","12","0","KOSPI","-0.37","116.81","","117.24"
"A034730","SK","12","1","KOSPI","3.82","41399.04","","39876.49"
"A034810","해성산업","12","0","KOSDAQ","-4.89","246.78","","259.48"
"A034830","한국토지신탁","12","0","KOSPI","-1.49","384.29","","390.1"
"A034940","조아제약","12","0","KOSDAQ","-3.62","26.43","","27.42"
"A034950","한국기업평가","12","0","KOSDAQ","-1.8","495.82","","504.91"
"A035000","HS애드","12","0","KOSPI","-1.69","141.17","","143.6"
"A035080","그래디언트","12","0","KOSDAQ","-4.66","126.43","","132.6"
"A035150","백산","12","0","KOSPI","-2.12","230.73","","235.74"
"A035200","프럼파스트","12","0","KOSDAQ","-4.39","37.12","","38.83"
"A035250","강원랜드","12","1","KOSPI","-1.6","3425.19","","3480.81"
"A035290","골드앤에스","12","0","KOSDAQ","1.66","17.54","","17.26"
"A035420","NAVER","12","1","KOSPI","-1.63","33178.8","","33727.86"
"A035460","기산텔레콤","12","0","KOSDAQ","8.93","65.43","","60.06"
"A035510","신세계 I&C","12","0","KOSPI","-1.44","268.85","","272.77"
"A035600","KG이니시스","12","0","KOSDAQ","-2.52","298.69","","306.41"
"A035610","솔본","12","0","KOSDAQ","-1.75","99.54","","101.32"
"A035620","바른손이앤에이","12","0","KOSDAQ","-3.18","16.97","","17.53"
"A035720","카카오","12","1","KOSPI","-2.83","19807.08","","20383.12"
"A035760","CJ ENM","12","0","KOSDAQ","-4.19","1052.6","","1098.65"
"A035810","이지홀딩스","12","0","KOSDAQ","-4.51","341.29","","357.42"
"A035890","서희건설","12","0","KOSDAQ","-5.03","607.84","","640.02"
"A035900","JYP Ent.","12","0","KOSDAQ","-1.67","2092.86","","2128.4"
"A036000","예림당","12","0","KOSDAQ","-0.62","74.06","","74.52"
"A036010","아비코전자","12","0","KOSDAQ","-2.01","136.25","","139.04"
"A036030","케이티알파","12","0","KOSDAQ","3.94","251.96","","242.4"
"A036090","위지트","12","0","KOSDAQ","0","84.06","","84.06"
"A036120","서울평가정보","12","0","KOSDAQ","-2.06","65.12","","66.49"
"A036170","에이치엠넥스","12","0","KOSDAQ","-2.39","525.29","","538.18"
"A036190","금화피에스시","12","0","KOSDAQ","-4.1","224.4","","234"
"A036200","유니셈","12","0","KOSDAQ","-0.95","384.84","","388.52"
"A036220","오상헬스케어","12","0","KOSDAQ","3.61","127.21","","122.77"
"A036420","콘텐트리중앙","12","0","KOSPI","-2.86","111.14","","114.42"
"A036460","한국가스공사","12","1","KOSPI","-2.37","3424.81","","3507.89"
"A036480","대성미생물","12","0","KOSDAQ","-3.29","25.73","","26.6"
"A036530","SNT홀딩스","12","0","KOSPI","-2.21","937.47","","958.67"
"A036540","SFA반도체","12","0","KOSDAQ","0.24","1386.4","","1383.11"
"A036560","KZ정밀","12","0","KOSDAQ","-1.28","219.4","","222.23"
"A036570","NC","12","1","KOSPI","-1.76","5407.55","","5504.5"
"A036580","팜스코","12","0","KOSPI","-6.39","118.45","","126.53"
"A036620","감성코퍼레이션","12","0","KOSDAQ","-3.8","527.64","","548.45"
"A036630","세종텔레콤","12","0","KOSDAQ","1.38","95.7","","94.4"
"A036640","HRS","12","0","KOSDAQ","-1.74","83.08","","84.55"
"A036670","삼양케이씨아이","12","0","KOSDAQ","0.17","67.51","","67.39"
"A036690","코맥스","12","0","KOSDAQ","0","125.69","","125.69"
"A036710","심텍홀딩스","12","0","KOSDAQ","14.43","305.87","","267.31"
"A036800","나이스정보통신","12","0","KOSDAQ","-1.04","286","","289"
"A036810","에프에스티","12","0","KOSDAQ","-1.18","902.8","","913.62"
"A036830","솔브레인홀딩스","12","0","KOSDAQ","-4.82","1295.85","","1361.46"
"A036890","진성티이씨","12","0","KOSDAQ","-7.15","409.15","","440.65"
"A036930","주성엔지니어링","12","0","KOSDAQ","17.93","7613.61","","6456.23"
"A037030","파워넷","12","0","KOSDAQ","-0.37","205.63","","206.4"
"A037070","파세코","12","0","KOSDAQ","-4.28","174.6","","182.4"
"A037230","한국팩키지","12","0","KOSDAQ","-0.89","66.45","","67.05"
"A037270","YG PLUS","12","0","KOSPI","-4.34","294.76","","308.13"
"A037330","인지디스플레","12","0","KOSDAQ","-3.84","61.53","","63.98"
"A037350","성도이엔지","12","0","KOSDAQ","-2.12","182.52","","186.47"
"A037370","EG","12","0","KOSDAQ","-2.88","43.64","","44.94"
"A037400","우리엔터프라이즈","12","0","KOSDAQ","-1.18","26.3","","26.62"
"A037440","희림","12","0","KOSDAQ","-7.26","92.45","","99.68"
"A037460","삼지전자","12","0","KOSDAQ","-0.14","591.55","","592.36"
"A037560","LG헬로비전","12","0","KOSPI","-1.57","170.38","","173.09"
"A037710","광주신세계","12","0","KOSPI","-0.8","296.01","","298.39"
"A037760","쎄니트","12","0","KOSDAQ","0.65","79","","78.49"
"A037950","엘컴텍","12","0","KOSDAQ","-12.3","51.18","","58.35"
"A038010","제일테크노스","12","0","KOSDAQ","-0.74","60.57","","61.02"
"A038060","루멘스","12","0","KOSDAQ","6.33","75.19","","70.71"
"A038070","서린바이오","12","0","KOSDAQ","-1.78","56.55","","57.57"
"A038110","에코플라스틱","12","0","KOSDAQ","-1.99","131.74","","134.42"
"A038290","마크로젠","12","0","KOSDAQ","-3.14","164.14","","169.45"
"A038390","레드캡투어","12","0","KOSDAQ","-2.61","181.09","","185.94"
"A038460","바이오스마트","12","0","KOSDAQ","-6.39","94.4","","100.85"
"A038500","삼표시멘트","12","0","KOSDAQ","-5.83","1533.49","","1628.46"
"A038530","케이바이오랩스","12","0","KOSDAQ","0","35.87","","35.87"
"A038540","상상인","12","0","KOSDAQ","-1.18","115.91","","117.3"
"A038620","위즈코프","12","0","KOSDAQ","-7.95","31.58","","34.31"
"A038680","에스넷","12","0","KOSDAQ","-2.37","94.29","","96.58"
"A038870","에코심플렉스","12","0","KOSDAQ","-5.52","38.4","","40.64"
"A038880","아이에이","12","0","KOSDAQ","-2.17","37.35","","38.17"
"A038950","파인디지털","12","0","KOSDAQ","0.29","35.58","","35.48"
"A039010","현대에이치티","12","0","KOSDAQ","-1.57","92.2","","93.67"
"A039020","이건홀딩스","12","0","KOSDAQ","-6.08","67.98","","72.38"
"A039030","이오테크닉스","12","0","KOSDAQ","4.7","6172.09","","5894.9"
"A039130","하나투어","12","0","KOSPI","-2.72","636.64","","654.45"
"A039200","오스코텍","12","0","KOSDAQ","-6.47","1824.91","","1951.17"
"A039240","경남스틸","12","0","KOSDAQ","-0.55","73.65","","74.06"
"A039290","인포뱅크","12","0","KOSDAQ","-2.48","39.34","","40.34"
"A039310","세중","12","0","KOSDAQ","-7.38","25.26","","27.27"
"A039340","한국경제TV","12","0","KOSDAQ","-4.22","102.41","","106.92"
"A039420","케이엘넷","12","0","KOSDAQ","-3.53","69.07","","71.59"
"A039440","에스티아이","12","0","KOSDAQ","-2.91","569.11","","586.17"
"A039490","키움증권","12","1","KOSPI","1.44","12038.8","","11868.31"
"A039560","다산네트웍스","12","0","KOSDAQ","-2.91","213.35","","219.74"
"A039570","HDC랩스","12","0","KOSPI","-0.98","208.96","","211.04"
"A039610","화성밸브","12","0","KOSDAQ","-4.68","93.38","","97.96"
"A039740","한국정보공학","12","0","KOSDAQ","4.57","35.8","","34.24"
"A039830","오로라","12","0","KOSDAQ","0","187.17","","187.17"
"A039840","디오","12","0","KOSDAQ","-0.96","221.63","","223.78"
"A039860","나노엔텍","12","0","KOSDAQ","-2.87","219.42","","225.89"
"A039980","폴라리스AI","12","0","KOSDAQ","5.62","131.29","","124.31"
"A040160","누리플렉스","12","0","KOSDAQ","-1.98","214.35","","218.69"
"A040300","YTN","12","0","KOSDAQ","-3.95","150.9","","157.1"
"A040350","크레오에스지","12","0","KOSDAQ","0","71.45","","71.45"
"A040420","정상제이엘에스","12","0","KOSDAQ","-2.01","91.71","","93.59"
"A040610","SG&G","12","0","KOSDAQ","0","74.14","","74.14"
"A040910","아이씨디","12","0","KOSDAQ","-2.07","114.23","","116.65"
"A041020","폴라리스오피스","12","0","KOSDAQ","-1.97","222.83","","227.3"
"A041190","우리기술투자","12","0","KOSDAQ","-1.21","546.84","","553.56"
"A041440","현대에버다임","12","0","KOSDAQ","-6.71","169.31","","181.49"
"A041460","한국전자인증","12","0","KOSDAQ","-3.61","76","","78.85"
"A041510","에스엠","12","0","KOSDAQ","-2.93","2049.07","","2110.89"
"A041520","이엘씨","12","0","KOSDAQ","-1.92","143.46","","146.26"
"A041590","플래스크","12","0","KOSDAQ","0","116.06","","116.06"
"A041650","상신브레이크","12","0","KOSPI","-3.27","57.22","","59.15"
"A041830","인바디","12","0","KOSDAQ","17.92","612.03","","519.01"
"A041910","폴라리스AI파마","12","0","KOSDAQ","-0.92","99.76","","100.69"
"A041920","메디아나","12","0","KOSDAQ","0.05","363.6","","363.41"
"A041930","SY동아","12","0","KOSDAQ","-0.75","101.08","","101.84"
"A041960","코미팜","12","0","KOSDAQ","-3.64","665.72","","690.84"
"A042000","카페24","12","0","KOSDAQ","-10.44","561.46","","626.94"
"A042040","케이피엠테크","12","0","KOSDAQ","-4.72","25.45","","26.71"
"A042110","에스씨디","12","0","KOSDAQ","-3.32","73.22","","75.73"
"A042370","비츠로테크","12","0","KOSDAQ","-5.56","471.34","","499.11"
"A042420","네오위즈홀딩스","12","0","KOSDAQ","0.5","163.66","","162.85"
"A042500","링네트","12","0","KOSDAQ","-1.61","122.82","","124.83"
"A042510","라온시큐어","12","0","KOSDAQ","5.12","147.24","","140.06"
"A042520","한스바이오메드","9","0","KOSDAQ","-4.76","342.27","","359.39"
"A042600","새로닉스","12","0","KOSDAQ","-3.27","239.15","","247.23"
"A042660","한화오션","12","1","KOSPI","3.49","39986.95","","38638.73"
"A042700","한미반도체","12","1","KOSPI","2.56","38124.88","","37171.76"
"A042940","상지건설","12","0","KOSDAQ","-9.47","65.9","","72.79"
"A043090","더테크놀로지","12","0","KOSDAQ","0","4.72","","4.72"
"A043100","알파AI","12","0","KOSDAQ","0","10.46","","10.46"
"A043150","바텍","12","0","KOSDAQ","0.43","343.88","","342.39"
"A043200","파루","12","0","KOSDAQ","-1.76","39.71","","40.42"
"A043220","티에스넥스젠","12","0","KOSDAQ","0","27.23","","27.23"
"A043260","성호전자","12","0","KOSDAQ","9.94","3411.39","","3102.87"
"A043340","에쎈테크","12","0","KOSDAQ","0","52.16","","52.16"
"A043360","디지아이","12","0","KOSDAQ","-1.9","23.22","","23.67"
"A043370","피에이치에이","12","0","KOSDAQ","-1.96","272.79","","278.25"
"A043590","웰킵스하이텍","12","0","KOSDAQ","0","21.57","","21.57"
"A043610","KT지니뮤직","12","0","KOSDAQ","-2.86","96.82","","99.67"
"A043650","국순당","12","0","KOSDAQ","-2.29","72.42","","74.11"
"A043710","코스리거글로벌","12","0","KOSDAQ","-4.77","70.89","","74.44"
"A043910","자연과환경","12","0","KOSDAQ","0","55.9","","55.9"
"A044180","KD","12","0","KOSDAQ","0","5.48","","5.48"
"A044340","위닉스","12","0","KOSDAQ","-5.05","87.4","","92.05"
"A044380","주연테크","12","0","KOSPI","0","27.73","","27.73"
"A044450","KSS해운","12","0","KOSPI","-0.25","274.03","","274.72"
"A044480","빌리언스","12","0","KOSDAQ","-29.89","51.87","","35.9"
"A044490","태웅","12","0","KOSDAQ","-3.65","1002.37","","1040.38"
"A044780","에이치케이","12","0","KOSDAQ","-1.8","29.26","","29.79"
"A044820","코스맥스비티아이","12","0","KOSPI","-5.3","206","","217.53"
"A044960","이글벳","12","0","KOSDAQ","-2.9","48.61","","50.06"
"A044990","에이치엔에스하이텍","12","0","KOSDAQ","-7.01","138.72","","149.17"
"A045060","오공","12","0","KOSDAQ","-1.86","40.15","","40.91"
"A045100","한양이엔지","12","0","KOSDAQ","-0.7","616.88","","621.25"
"A045300","성우테크론","12","0","KOSDAQ","1.37","35.12","","34.65"
"A045340","토탈소프트","12","0","KOSDAQ","-3.8","58.54","","60.85"
"A045390","대아티아이","12","0","KOSDAQ","-10.25","302.33","","336.86"
"A045510","정원엔시스","12","0","KOSDAQ","0.28","34.69","","34.59"
"A045520","크린앤사이언스","12","0","KOSDAQ","-2.55","19.86","","20.38"
"A045660","에이텍","12","0","KOSDAQ","-2.63","76.49","","78.55"
"A045970","코아시아","12","0","KOSDAQ","-0.53","146.84","","147.63"
"A046070","코다코","12","0","KOSDAQ","0","159.2","","159.2"
"A046120","오르비텍","12","0","KOSDAQ","-4.73","354.8","","372.41"
"A046210","HLB파나진","12","0","KOSDAQ","-3.25","86.73","","89.64"
"A046310","백금T&A","12","0","KOSDAQ","-5.77","48.27","","51.23"
"A046390","삼화네트웍스","12","0","KOSDAQ","0","42.78","","42.78"
"A046440","KG파이낸셜","12","0","KOSDAQ","-3.22","183.02","","189.1"
"A046890","서울반도체","12","0","KOSDAQ","-5.22","994.69","","1049.5"
"A046940","우원개발","12","0","KOSDAQ","-3.48","100.31","","103.93"
"A046970","우리로","12","0","KOSDAQ","11.11","433.87","","390.48"
"A047040","대우건설","12","1","KOSPI","-2.28","13190.14","","13498.32"
"A047050","포스코인터내셔널","12","1","KOSPI","-3.46","13246.99","","13721.98"
"A047080","한빛소프트","12","0","KOSDAQ","-0.76","32.39","","32.64"
"A047310","파워로직스","12","0","KOSDAQ","-2.48","187.08","","191.84"
"A047400","유니온머티리얼","12","0","KOSPI","-0.89","79.59","","80.3"
"A047560","이스트소프트","12","0","KOSDAQ","-0.58","160.23","","161.17"
"A047770","코데즈컴바인","12","0","KOSDAQ","-20.11","165.37","","207"
"A047810","한국항공우주","12","1","KOSPI","1.62","16522.03","","16258.85"
"A047820","초록뱀미디어","12","0","KOSDAQ","-6.03","129.61","","137.92"
"A047920","HLB제약","12","0","KOSDAQ","-2.2","526.1","","537.91"
"A048410","현대바이오","12","0","KOSDAQ","-6.94","1189.91","","1278.7"
"A048430","유라테크","12","0","KOSDAQ","-3.46","89.97","","93.2"
"A048470","대동스틸","12","0","KOSDAQ","-2.71","32.86","","33.77"
"A048530","인트론바이오","12","0","KOSDAQ","-2.65","101.94","","104.72"
"A048550","SM C&C","12","0","KOSDAQ","-2.44","100.58","","103.1"
"A048770","TPC로보틱스","12","0","KOSDAQ","-8.47","67.03","","73.23"
"A048830","엔피케이","12","0","KOSDAQ","-2.71","20.84","","21.42"
"A048870","시너지이노베이션","12","0","KOSDAQ","-2.72","173.13","","177.98"
"A048910","대원미디어","12","0","KOSDAQ","-2.61","89.06","","91.45"
"A049070","인탑스","12","0","KOSDAQ","0.94","331.62","","328.52"
"A049080","기가레인","12","0","KOSDAQ","15.06","175.71","","152.71"
"A049120","파인디앤씨","12","0","KOSDAQ","1.71","34.72","","34.14"
"A049180","셀루메드","12","0","KOSDAQ","0","83.95","","83.95"
"A049430","코메론","12","0","KOSDAQ","-5.04","168.65","","177.61"
"A049470","비트플래닛","12","0","KOSDAQ","0","79.11","","79.11"
"A049480","오픈베이스","12","0","KOSDAQ","-2.24","95.84","","98.04"
"A049520","유아이엘","12","0","KOSDAQ","-1.89","120.13","","122.45"
"A049550","잉크테크","12","0","KOSDAQ","-0.69","70.58","","71.07"
"A049630","재영솔루텍","12","0","KOSDAQ","6.04","324.51","","306.04"
"A049720","고려신용정보","12","0","KOSDAQ","-0.3","143","","143.43"
"A049800","우진플라임","12","0","KOSPI","-4.3","51.2","","53.5"
"A049830","승일","12","0","KOSDAQ","-1.63","44.34","","45.07"
"A049950","미래컴퍼니","12","0","KOSDAQ","-3.41","139.68","","144.61"
"A049960","쎌바이오텍","12","0","KOSDAQ","3.89","160.65","","154.63"
"A050090","비케이홀딩스","12","0","KOSDAQ","-4.33","14.44","","15.1"
"A050110","캠시스","12","0","KOSDAQ","5.69","55.94","","52.93"
"A050120","ES큐브","12","0","KOSDAQ","-2.41","38.39","","39.34"
"A050760","에스폴리텍","12","0","KOSDAQ","-2.73","21.51","","22.12"
"A050860","아세아텍","6","0","KOSDAQ","-2.12","46.8","","47.81"
"A050890","쏠리드","12","0","KOSDAQ","-0.27","1102.73","","1105.77"
"A050960","수산아이앤티","12","0","KOSDAQ","-0.75","62.92","","63.39"
"A051160","지어소프트","12","0","KOSDAQ","-2.15","112.5","","114.98"
"A051360","토비스","12","0","KOSDAQ","-1.24","285.98","","289.56"
"A051370","인터플렉스","12","0","KOSDAQ","-6.07","292.29","","311.19"
"A051380","피씨디렉트","12","0","KOSDAQ","7.71","36.43","","33.82"
"A051390","YW","12","0","KOSDAQ","-1.86","50.99","","51.95"
"A051490","나라엠앤디","12","0","KOSDAQ","-2.62","52.68","","54.1"
"A051500","CJ프레시웨이","12","0","KOSDAQ","-2.91","316.38","","325.88"
"A051600","한전KPS","12","1","KOSPI","-3.06","2569.5","","2650.5"
"A051630","진양화학","12","0","KOSPI","-5.57","38.82","","41.11"
"A051780","큐로홀딩스","12","0","KOSDAQ","29.99","24.39","","18.76"
"A051900","LG생활건강","12","1","KOSPI","-2.54","4108.71","","4215.83"
"A051910","LG화학","12","1","KOSPI","-1.4","29895.86","","30319.41"
"A051980","중앙첨단소재","12","0","KOSDAQ","-5.24","206.85","","218.3"
"A052020","에스티큐브","12","0","KOSDAQ","-3.72","1248.17","","1296.44"
"A052220","iMBC","12","0","KOSDAQ","-2.35","67.05","","68.66"
"A052260","현대바이오랜드","12","0","KOSDAQ","-3.35","129.75","","134.25"
"A052300","오션인더블유","12","0","KOSDAQ","0","28.28","","28.28"
"A052330","코텍","12","0","KOSDAQ","-4.73","232.32","","243.87"
"A052400","코나아이","12","0","KOSDAQ","5.04","910.21","","866.52"
"A052420","오성첨단소재","12","0","KOSDAQ","0","141.06","","141.06"
"A052460","아이크래프트","12","0","KOSDAQ","-6.51","60.84","","65.08"
"A052600","한네트","12","0","KOSDAQ","-2.79","44.29","","45.56"
"A052690","한전기술","12","1","KOSPI","-1.27","6550.91","","6634.99"
"A052710","아모텍","12","0","KOSDAQ","-4.56","290.84","","304.73"
"A052770","아이톡시","12","0","KOSDAQ","0","4.55","","4.55"
"A052790","액토즈소프트","12","0","KOSDAQ","-3.82","57.79","","60.09"
"A052860","아이앤씨","12","0","KOSDAQ","-2.24","124.86","","127.72"
"A052900","KX하이텍","12","0","KOSDAQ","5.14","92.41","","87.89"
"A053030","바이넥스","12","0","KOSDAQ","-2.84","335.34","","345.15"
"A053050","지에스이","12","0","KOSDAQ","-2.26","71.22","","72.87"
"A053060","세동","12","0","KOSDAQ","3.7","25.23","","24.33"
"A053080","케이엔솔","12","0","KOSDAQ","-1.8","205.27","","209.04"
"A053160","프리엠스","12","0","KOSDAQ","-6.56","50.46","","54"
"A053210","스카이라이프","12","0","KOSPI","-2.72","221.22","","227.4"
"A053260","금강철강","12","0","KOSDAQ","-6.78","105.58","","113.26"
"A053270","구영테크","12","0","KOSDAQ","-3.73","63.59","","66.06"
"A053280","예스24","12","0","KOSDAQ","-1.63","82.75","","84.13"
"A053290","NE능률","12","0","KOSDAQ","-5.7","32.26","","34.21"
"A053300","한국정보인증","12","0","KOSDAQ","1.12","268.23","","265.26"
"A053350","이니텍","12","0","KOSDAQ","-2.77","61.88","","63.64"
"A053450","세코닉스","12","0","KOSDAQ","-2.37","79.14","","81.06"
"A053580","웹케시","12","0","KOSDAQ","-1.75","109.34","","111.28"
"A053610","프로텍","12","0","KOSDAQ","-0.35","948.2","","951.5"
"A053620","태양","12","0","KOSDAQ","0.69","62.44","","62.01"
"A053690","한미글로벌","12","0","KOSPI","-3.27","291.47","","301.33"
"A053700","삼보모터스","12","0","KOSDAQ","-3.3","141.72","","146.19"
"A053800","안랩","12","0","KOSDAQ","0.47","712.1","","708.76"
"A053950","경남제약","12","0","KOSDAQ","-9.16","47.28","","52.05"
"A053980","오상자이엘","12","0","KOSDAQ","-1.74","58.94","","59.99"
"A054040","한국컴퓨터","12","0","KOSDAQ","-2.97","89.2","","91.93"
"A054050","NH농우바이오","12","0","KOSDAQ","-0.9","124.24","","125.36"
"A054090","삼진엘앤디","12","0","KOSDAQ","-2.9","28.4","","29.25"
"A054180","메디콕스","12","0","KOSDAQ","0","12.69","","12.69"
"A054210","이랜텍","12","0","KOSDAQ","-3.48","308.55","","319.68"
"A054220","비츠로시스","12","0","KOSDAQ","0","33.95","","33.95"
"A054300","팬스타엔터프라이즈","12","0","KOSDAQ","-6.54","59.55","","63.72"
"A054410","케이피티유","12","0","KOSDAQ","-1.88","20.9","","21.3"
"A054450","텔레칩스","12","0","KOSDAQ","5.46","266.39","","252.61"
"A054540","삼영엠텍","12","0","KOSDAQ","0","161.33","","161.33"
"A054620","APS","12","0","KOSDAQ","-5.68","116.07","","123.06"
"A054670","대한뉴팜","12","0","KOSDAQ","-1.66","93.31","","94.89"
"A054780","키이스트","12","0","KOSDAQ","-6","44.62","","47.47"
"A054800","아이디스홀딩스","12","0","KOSDAQ","-0.79","168.36","","169.7"
"A054920","한컴위드","12","0","KOSDAQ","-5.09","205.14","","216.14"
"A054930","유신","12","0","KOSDAQ","-6.05","72.15","","76.8"
"A054940","엑사이엔씨","12","0","KOSDAQ","-0.5","26.67","","26.8"
"A054950","제이브이엠","12","0","KOSDAQ","-2.65","288.34","","296.2"
"A055490","테이팩스","12","0","KOSPI","-7.87","88.76","","96.35"
"A055550","신한지주","12","1","KOSPI","-0.82","46136.4","","46516.13"
"A056080","유진로봇","12","0","KOSDAQ","1.68","1022.21","","1005.33"
"A056090","시지메드텍","12","0","KOSDAQ","-0.91","179.15","","180.81"
"A056190","SFA","12","0","KOSDAQ","-2.36","1114.97","","1141.9"
"A056360","코위버","12","0","KOSDAQ","10.09","117.56","","106.79"
"A056700","신화인터텍","12","0","KOSDAQ","-1.45","53.29","","54.07"
"A056730","CNT85","12","0","KOSDAQ","0","38.09","","38.09"
"A057030","YBM넷","12","0","KOSDAQ","-3.72","42.25","","43.88"
"A057050","현대홈쇼핑","12","0","KOSPI","-1.98","1008","","1028.4"
"A057540","옴니시스템","12","0","KOSDAQ","-2.98","54.17","","55.83"
"A057680","티사이언티픽","12","0","KOSDAQ","-7.24","33.77","","36.41"
"A058110","멕아이씨에스","12","0","KOSDAQ","1.74","42.29","","41.57"
"A058400","KNN","12","0","KOSDAQ","3.01","95.22","","92.44"
"A058430","포스코스틸리온","12","0","KOSPI","-6.53","463.8","","496.2"
"A058450","한주에이알티","12","0","KOSDAQ","-8.96","24.19","","26.57"
"A058470","리노공업","12","0","KOSDAQ","2.84","8825.33","","8581.45"
"A058610","에스피지","12","0","KOSDAQ","5.1","3153.62","","3000.6"
"A058630","엠게임","12","0","KOSDAQ","-2.37","95.05","","97.36"
"A058650","세아홀딩스","12","0","KOSPI","-2.85","647.42","","666.39"
"A058730","다스코","12","0","KOSPI","-4.83","68.82","","72.31"
"A058820","CMG제약","12","0","KOSDAQ","-4.48","223.98","","234.48"
"A058850","KTcs","12","0","KOSPI","-1.48","110.34","","112"
"A058860","KTis","12","0","KOSPI","-1.03","100.23","","101.27"
"A058970","엠로","12","0","KOSDAQ","-4.12","316.49","","330.09"
"A059090","미코","12","0","KOSDAQ","-1.44","798.66","","810.36"
"A059100","아이컴포넌트","12","0","KOSDAQ","-1.88","36.84","","37.55"
"A059120","아진엑스텍","12","0","KOSDAQ","3.77","246.64","","237.66"
"A059210","메타바이오메드","12","0","KOSDAQ","-1.06","113.71","","114.94"
"A059270","해성에어로보틱스","12","0","KOSDAQ","-0.79","111.54","","112.43"
"A060150","인선이엔티","12","0","KOSDAQ","-2.61","199.53","","204.88"
"A060230","제이케이시냅스","12","0","KOSDAQ","-7.79","20.1","","21.8"
"A060240","스타코링크","12","0","KOSDAQ","0","11.5","","11.5"
"A060250","NHN KCP","12","0","KOSDAQ","3.73","781.12","","753.01"
"A060260","뉴보텍","12","0","KOSDAQ","-3.71","18","","18.69"
"A060280","큐렉소","12","0","KOSDAQ","-3.61","628.8","","652.32"
"A060310","3S","3","0","KOSDAQ","13.35","91.9","","81.07"
"A060370","LS마린솔루션","12","0","KOSDAQ","-5.5","2288.06","","2421.27"
"A060380","동양에스텍","12","0","KOSDAQ","-1.82","29.77","","30.32"
"A060480","국일신동","12","0","KOSDAQ","-3.13","19.92","","20.56"
"A060540","에스에이티","12","0","KOSDAQ","-2.55","35.91","","36.85"
"A060560","HC홈센타","12","0","KOSDAQ","-6.9","80.48","","86.45"
"A060570","드림어스컴퍼니","12","0","KOSDAQ","-6.94","76.55","","82.25"
"A060590","씨티씨바이오","12","0","KOSDAQ","-2.73","86.21","","88.62"
"A060720","KH바텍","12","0","KOSDAQ","-1.57","326.99","","332.19"
"A060850","영림원소프트랩","12","0","KOSDAQ","-0.48","50.25","","50.49"
"A060900","에이전트AI","12","0","KOSDAQ","-1.37","23.03","","23.35"
"A060980","HL홀딩스","12","0","KOSPI","1.6","404.01","","397.65"
"A061040","알에프텍","12","0","KOSDAQ","0","87.63","","87.63"
"A061090","세나테크놀로지","12","0","KOSDAQ","-5.2","274.81","","289.89"
"A061250","화일약품","12","0","KOSDAQ","2.36","69.45","","67.85"
"A061970","LB세미콘","12","0","KOSDAQ","-2","312.49","","318.88"
"A062040","산일전기","12","1","KOSPI","-2.11","9919.54","","10133.85"
"A062970","한국첨단소재","12","0","KOSDAQ","8.1","201.81","","186.68"
"A063080","컴투스홀딩스","12","0","KOSDAQ","-4.3","107.24","","112.05"
"A063160","종근당바이오","12","0","KOSPI","-2.29","103.14","","105.55"
"A063170","서울옥션","12","0","KOSDAQ","-2.32","119.62","","122.46"
"A063440","SM Life Design","12","0","KOSDAQ","-2.06","62.36","","63.67"
"A063570","NICE인프라","12","0","KOSDAQ","-3.19","144.96","","149.74"
"A063760","이엘피","12","0","KOSDAQ","-2.55","37.39","","38.37"
"A064090","인크레더블버즈","12","0","KOSDAQ","0","39.69","","39.69"
"A064240","홈캐스트","12","0","KOSDAQ","2.71","72.34","","70.43"
"A064260","다날","12","0","KOSDAQ","0.83","553.72","","549.19"
"A064290","인텍플러스","12","0","KOSDAQ","-0.81","391.71","","394.92"
"A064350","현대로템","12","1","KOSPI","-1.57","23956.73","","24338.73"
"A064400","LG씨엔에스","12","1","KOSPI","-0.7","6830.46","","6878.9"
"A064480","브리지텍","12","0","KOSDAQ","-2.71","49.3","","50.68"
"A064520","테크엘","12","0","KOSDAQ","-3.53","39.67","","41.13"
"A064550","바이오니아","12","0","KOSDAQ","-2.11","251.13","","256.55"
"A064760","티씨케이","12","0","KOSDAQ","5.69","3532.7","","3342.65"
"A064800","포니링크","12","0","KOSDAQ","0","102.12","","102.12"
"A064820","케이프","12","0","KOSDAQ","-1.12","463.21","","468.46"
"A064850","에프앤가이드","12","0","KOSDAQ","-1.63","345.16","","350.87"
"A064960","SNT모티브","12","0","KOSPI","-2.78","881.14","","906.35"
"A065060","지엔코","12","0","KOSDAQ","8.62","14.09","","12.97"
"A065130","탑엔지니어링","12","0","KOSDAQ","-1.97","51.85","","52.89"
"A065150","대산F&B","12","0","KOSDAQ","0","23.11","","23.11"
"A065170","비엘팜텍","12","0","KOSDAQ","-4.23","60.01","","62.67"
"A065350","신성델타테크","12","0","KOSDAQ","-5.01","1459.4","","1536.35"
"A065370","위세아이텍","12","0","KOSDAQ","-1.19","36.92","","37.36"
"A065420","에스아이리소스","12","0","KOSDAQ","-0.37","19.04","","19.11"
"A065440","이루온","12","0","KOSDAQ","2.73","107.74","","104.87"
"A065450","빅텍","12","0","KOSDAQ","-1.87","147.04","","149.84"
"A065500","오리엔트정공","12","0","KOSDAQ","-4.12","63.49","","66.22"
"A065510","휴비츠","12","0","KOSDAQ","-1.73","85","","86.49"
"A065530","와이어블","12","0","KOSDAQ","3.1","103.57","","100.46"
"A065570","삼영이엔씨","12","0","KOSDAQ","0","12.3","","12.3"
"A065650","하이퍼코퍼레이션","12","0","KOSDAQ","0","46.19","","46.19"
"A065660","안트로젠","12","0","KOSDAQ","-2.6","319.19","","327.7"
"A065680","우주일렉트로","12","0","KOSDAQ","8.29","410.28","","378.86"
"A065690","파커스","12","0","KOSDAQ","-2.14","19.95","","20.39"
"A065710","서호전기","12","0","KOSDAQ","-2.53","227.89","","233.81"
"A065770","CS","12","0","KOSDAQ","0","30.75","","30.75"
"A065950","웰크론","12","0","KOSDAQ","-1.92","35.99","","36.7"
"A066130","하츠","12","0","KOSDAQ","0.36","54.21","","54.02"
"A066310","큐에스아이","12","0","KOSDAQ","0.13","139.07","","138.89"
"A066360","체리부로","12","0","KOSDAQ","-1.49","53.85","","54.67"
"A066410","버킷스튜디오","12","0","KOSDAQ","0","159.64","","159.64"
"A066430","아이로보틱스","12","0","KOSDAQ","-4.76","90.05","","94.56"
"A066570","LG전자","12","1","KOSPI","1.69","25524.3","","25100.79"
"A066590","스모트로닉","12","0","KOSDAQ","-1.9","99.98","","101.92"
"A066620","국보디자인","12","0","KOSDAQ","0","184.13","","184.13"
"A066670","디티씨","12","0","KOSDAQ","-0.65","57.1","","57.48"
"A066700","테라젠이텍스","12","0","KOSDAQ","1.36","110.53","","109.04"
"A066790","씨씨에스","12","0","KOSDAQ","0","97.27","","97.27"
"A066900","디에이피","12","0","KOSDAQ","0.16","41.8","","41.74"
"A066910","손오공","12","0","KOSDAQ","0","45.51","","45.51"
"A066970","엘앤에프","12","1","KOSPI","-4.34","7577.31","","7903.62"
"A066980","한성크린텍","12","0","KOSDAQ","9.27","83.88","","76.76"
"A067000","조이시티","12","0","KOSDAQ","-4.96","133.87","","140.86"
"A067010","이씨에스","3","0","KOSDAQ","-2.56","24.88","","25.53"
"A067080","대화제약","12","0","KOSDAQ","0","264.91","","264.91"
"A067160","SOOP","12","0","KOSDAQ","-3.07","616.12","","635.66"
"A067170","오텍","12","0","KOSDAQ","13.51","96.97","","85.43"
"A067280","멀티캠퍼스","12","0","KOSDAQ","-2.01","158.54","","161.8"
"A067290","JW신약","12","0","KOSDAQ","-2.97","98.96","","101.99"
"A067310","하나마이크론","12","0","KOSDAQ","0.82","2867.93","","2844.67"
"A067370","선바이오","12","0","KOSDAQ","1.01","97.55","","96.57"
"A067390","아스트","12","0","KOSDAQ","-0.13","306.05","","306.46"
"A067570","엔브이에이치코리아","12","0","KOSDAQ","-1.4","89.4","","90.67"
"A067630","HLB생명과학","12","0","KOSDAQ","-2.76","473.04","","486.45"
"A067730","로지시스","12","0","KOSDAQ","1.57","31.2","","30.71"
"A067770","세진티에스","12","0","KOSDAQ","-2.43","18.51","","18.98"
"A067830","세이브존I&C","12","0","KOSPI","-6.58","122.3","","130.92"
"A067900","와이엔텍","12","0","KOSDAQ","-0.66","135.95","","136.86"
"A067920","이글루","12","0","KOSDAQ","-3.6","73.67","","76.42"
"A067990","도이치모터스","12","0","KOSDAQ","0","156.7","","156.7"
"A068050","팬엔터테인먼트","12","0","KOSDAQ","-0.07","40.96","","40.99"
"A068100","케이웨더","12","0","KOSDAQ","0","29.82","","29.82"
"A068240","다원시스","12","0","KOSDAQ","0","96.55","","96.55"
"A068270","셀트리온","12","1","KOSPI","-3.58","42456.79","","44032.55"
"A068290","삼성출판사","12","0","KOSPI","-1.35","80.5","","81.6"
"A068330","일신바이오","12","0","KOSDAQ","-4.67","61.42","","64.42"
"A068760","셀트리온제약","12","0","KOSDAQ","-3.54","2300.04","","2384.41"
"A068790","DMS","12","0","KOSDAQ","-1.23","181.69","","183.95"
"A068930","디지털대성","12","0","KOSDAQ","3.79","242.44","","233.58"
"A068940","셀피글로벌","12","0","KOSDAQ","0","35.72","","35.72"
"A069080","웹젠","12","0","KOSDAQ","-3.82","392.37","","407.94"
"A069140","누리플랜","12","0","KOSDAQ","-7.61","27.67","","29.95"
"A069260","TKG휴켐스","12","1","KOSPI","-2.11","702.29","","717.42"
"A069330","유아이디","12","0","KOSDAQ","-7.72","14.93","","16.18"
"A069410","엔텔스","12","0","KOSDAQ","1.23","50.4","","49.79"
"A069460","대호에이엘","12","0","KOSPI","0","46.32","","46.32"
"A069510","에스텍","12","0","KOSDAQ","-3.26","168.45","","174.12"
"A069540","빛과전자","12","0","KOSDAQ","16.73","594.26","","509.09"
"A069620","대웅제약","12","1","KOSPI","-3.72","1619.8","","1682.37"
"A069640","한세엠케이","12","0","KOSPI","0","29.84","","29.84"
"A069730","DSR제강","12","0","KOSPI","-6.18","74.3","","79.2"
"A069920","엑시온그룹","12","0","KOSDAQ","-1.06","16.48","","16.66"
"A069960","현대백화점","12","1","KOSPI","-0.8","2398.02","","2417.43"
"A070300","엑스큐어","12","0","KOSDAQ","-6.55","56.52","","60.48"
"A070590","인티큐브","12","0","KOSDAQ","-6.25","23.72","","25.3"
"A070960","모나용평","12","0","KOSPI","-2.44","144.4","","148.01"
"A071050","한국금융지주","12","1","KOSPI","-0.93","14823.11","","14962.43"
"A071090","하이스틸","12","0","KOSPI","-6.11","83.79","","89.25"
"A071200","인피니트헬스케어","12","0","KOSDAQ","-2.96","175.9","","181.27"
"A071280","로체시스템즈","12","0","KOSDAQ","-0.31","149.75","","150.21"
"A071320","지역난방공사","12","1","KOSPI","-2.38","853.35","","874.2"
"A071670","에이테크솔루션","12","0","KOSDAQ","-1.08","92","","93"
"A071840","롯데하이마트","12","0","KOSPI","-2.44","170.21","","174.46"
"A071850","캐스텍코리아","12","0","KOSDAQ","1.91","36.25","","35.57"
"A071950","코아스","12","0","KOSPI","1.39","19.98","","19.71"
"A071970","HD현대마린엔진","12","1","KOSPI","-4.32","3076.68","","3215.76"
"A072020","중앙백신","12","0","KOSDAQ","0.2","95.25","","95.06"
"A072130","유엔젤","12","0","KOSPI","-0.2","64.37","","64.49"
"A072470","우리산업홀딩스","12","0","KOSDAQ","-4.01","72.34","","75.36"
"A072710","농심홀딩스","12","0","KOSPI","-0.41","445.23","","447.08"
"A072770","멤레이비티","12","0","KOSDAQ","0","58.7","","58.7"
"A072870","메가스터디","12","0","KOSDAQ","-1.83","153.42","","156.28"
"A072950","빛샘전자","12","0","KOSDAQ","10.5","144.06","","130.37"
"A072990","에이치시티","12","0","KOSDAQ","-1.84","65.68","","66.91"
"A073010","케이에스피","12","0","KOSDAQ","-0.35","231.9","","232.71"
"A073110","엘엠에스","12","0","KOSDAQ","0","52.57","","52.57"
"A073190","듀오백","12","0","KOSDAQ","0.17","14.03","","14"
"A073240","금호타이어","12","1","KOSPI","-3.03","1562.7","","1611.53"
"A073490","LIG아큐버","12","0","KOSDAQ","3.32","402.24","","389.32"
"A073540","에프알텍","12","0","KOSDAQ","5.88","48.28","","45.6"
"A073560","우리손에프앤지","12","0","KOSDAQ","-3.09","119.37","","123.17"
"A073570","리튬포어스","12","0","KOSDAQ","0","49.41","","49.41"
"A073640","테라사이언스","12","0","KOSDAQ","0","69.57","","69.57"
"A074430","아미노로직스","12","0","KOSDAQ","-2.79","113.3","","116.55"
"A074600","원익QnC","12","0","KOSDAQ","-9.42","947.68","","1046.26"
"A074610","이엔플러스","12","0","KOSPI","0","44.82","","44.82"
"A075130","플랜티넷","12","0","KOSDAQ","-1.46","39.23","","39.81"
"A075180","새론오토모티브","12","0","KOSPI","-0.17","57.5","","57.6"
"A075580","세진중공업","12","0","KOSPI","-0.37","1084.12","","1088.1"
"A075970","동국알앤에스","12","0","KOSDAQ","1.31","42.78","","42.23"
"A076080","웰크론한텍","12","0","KOSDAQ","-3.76","23.11","","24.02"
"A076610","해성옵틱스","12","0","KOSDAQ","-11.67","130.81","","148.09"
"A077360","덕산하이메탈","12","0","KOSDAQ","-1.32","814.69","","825.59"
"A077500","유니퀘스트","12","0","KOSPI","-2.69","164.16","","168.7"
"A077970","STX엔진","12","0","KOSPI","-2.73","2147.92","","2208.14"
"A078000","텔코웨어","12","0","KOSPI","-2.52","150.34","","154.22"
"A078020","LS증권","12","0","KOSDAQ","-1.47","447.73","","454.39"
"A078070","유비쿼스홀딩스","12","0","KOSDAQ","-4.08","261.08","","272.17"
"A078130","국일제지","12","0","KOSDAQ","0","491.55","","491.55"
"A078140","대봉엘에스","12","0","KOSDAQ","-2.52","115.63","","118.63"
"A078150","HB테크놀러지","12","0","KOSDAQ","2.79","460.33","","447.82"
"A078160","메디포스트","12","0","KOSDAQ","-9.33","952.67","","1050.68"
"A078340","컴투스","12","0","KOSDAQ","-3.21","365.16","","377.25"
"A078350","한양디지텍","12","0","KOSDAQ","1.86","500.02","","490.87"
"A078520","에이블씨엔씨","12","0","KOSPI","-3.1","365.5","","377.21"
"A078590","휴림에이텍","12","0","KOSDAQ","0","52.46","","52.46"
"A078600","대주전자재료","12","0","KOSDAQ","-2.67","2266.28","","2327.67"
"A078860","아이오케이이엔엠","12","0","KOSDAQ","3.87","27.9","","26.86"
"A078890","가온그룹","12","0","KOSDAQ","19.43","191.44","","160.3"
"A078930","GS","12","1","KOSPI","-2.52","7191.65","","7377.48"
"A079000","와토스코리아","12","0","KOSDAQ","-7.76","50.47","","54.72"
"A079160","CJ CGV","12","0","KOSPI","-2.61","804.73","","826.26"
"A079170","한창산업","12","0","KOSDAQ","1.42","33.49","","33.02"
"A079190","케스피온","12","0","KOSDAQ","-11.28","19.62","","22.11"
"A079370","제우스","12","0","KOSDAQ","-3.46","502.48","","520.47"
"A079430","현대리바트","12","0","KOSPI","-7.02","146.43","","160.79"
"A079550","LIG디펜스앤에어로스페이스","12","1","KOSPI","4.17","19250","","18480"
"A079650","서산","12","0","KOSDAQ","-7.52","25.1","","27.14"
"A079810","APS이노베이션","12","0","KOSDAQ","-2.52","124.86","","128.09"
"A079900","전진건설로봇","12","0","KOSPI","-2.08","961.65","","982.08"
"A079940","가비아","12","0","KOSDAQ","0.16","432.15","","431.47"
"A079950","인베니아","12","0","KOSDAQ","-3.03","13.69","","14.12"
"A079960","동양이엔피","12","0","KOSDAQ","-2.33","280.6","","287.28"
"A079970","투비소프트","12","0","KOSDAQ","0","7.65","","7.65"
"A079980","휴비스","12","0","KOSPI","-5.73","105.05","","111.44"
"A080010","이상네트웍스","12","0","KOSDAQ","1.31","76.12","","75.14"
"A080160","모두투어","12","0","KOSDAQ","-3.67","203.18","","210.92"
"A080220","제주반도체","12","0","KOSDAQ","2.56","1932.24","","1884.02"
"A080420","모다이노칩","12","0","KOSDAQ","-3.88","148.2","","154.18"
"A080470","성창오토텍","12","0","KOSDAQ","-1.92","29.86","","30.44"
"A080520","오디텍","12","0","KOSDAQ","0","48.35","","48.35"
"A080530","코디","12","0","KOSDAQ","0","45.24","","45.24"
"A080580","오킨스전자","12","0","KOSDAQ","-0.19","566.29","","567.35"
"A080720","한국유니온제약","12","0","KOSDAQ","0","21.56","","21.56"
"A081000","일진다이아","12","0","KOSPI","-4.37","189.61","","198.27"
"A081150","티플랙스","12","0","KOSDAQ","29.94","111.63","","85.91"
"A081180","쎄크","12","0","KOSDAQ","-1.46","113.14","","114.82"
"A081580","성우전자","12","0","KOSDAQ","2.16","47.61","","46.6"
"A081660","미스토홀딩스","12","1","KOSPI","-0.79","2006.87","","2022.8"
"A082210","옵트론텍","12","0","KOSDAQ","-3.48","64.05","","66.36"
"A082270","젬백스","12","0","KOSDAQ","-6.07","889.81","","947.36"
"A082640","동양생명","12","0","KOSPI","-1.47","1294.1","","1313.46"
"A082660","코스나인","12","0","KOSDAQ","0","47.83","","47.83"
"A082740","한화엔진","12","1","KOSPI","-1.26","6542.26","","6625.7"
"A082800","비보존 제약","12","0","KOSDAQ","-5.69","176.09","","186.71"
"A082850","우리바이오","12","0","KOSDAQ","-1.43","100.06","","101.52"
"A082920","비츠로셀","12","0","KOSDAQ","8.64","2906.26","","2675.03"
"A083310","엘오티베큠","12","0","KOSDAQ","6.23","303.66","","285.85"
"A083420","그린케미칼","12","0","KOSPI","-4.2","136.8","","142.8"
"A083450","GST","12","0","KOSDAQ","11.07","1201.64","","1081.84"
"A083470","이엠앤아이","12","0","KOSDAQ","-4.63","21.55","","22.6"
"A083500","에프엔에스테크","12","0","KOSDAQ","-2.86","168.68","","173.66"
"A083550","케이엠","12","0","KOSDAQ","-2.32","45.68","","46.77"
"A083640","인콘","12","0","KOSDAQ","-14.49","25.59","","29.92"
"A083650","비에이치아이","12","0","KOSDAQ","-5.91","2757.14","","2930.43"
"A083660","CSA 코스믹","12","0","KOSDAQ","-3.45","21.11","","21.86"
"A083790","CG인바이츠","12","0","KOSDAQ","-1.8","88.04","","89.66"
"A083930","아바코","12","0","KOSDAQ","-0.07","219.87","","220.01"
"A084010","대한제강","12","0","KOSPI","-2.65","391.15","","401.8"
"A084110","휴온스글로벌","12","0","KOSDAQ","-17.75","674.77","","820.36"
"A084180","수성웹툰","12","0","KOSDAQ","-3.63","19.68","","20.42"
"A084370","유진테크","12","0","KOSDAQ","1.14","3444.28","","3405.32"
"A084440","유비온","9","0","KOSDAQ","-2.39","21.85","","22.38"
"A084650","랩지노믹스","12","0","KOSDAQ","-2.09","97.48","","99.56"
"A084670","동양고속","12","0","KOSPI","-3.73","100.91","","104.82"
"A084680","이월드","12","0","KOSPI","-4.03","249.72","","260.21"
"A084690","대상홀딩스","12","0","KOSPI","-0.65","332.43","","334.6"
"A084730","팅크웨어","12","0","KOSDAQ","-1.54","92.21","","93.65"
"A084850","아이티엠반도체","12","0","KOSDAQ","1.16","394.91","","390.37"
"A084870","TBH글로벌","12","0","KOSPI","-0.74","42.24","","42.55"
"A084990","헬릭스미스","12","0","KOSDAQ","-0.13","364.59","","365.05"
"A085310","엔케이","12","0","KOSPI","0","86.72","","92.21"
"A085620","미래에셋생명","12","0","KOSPI","-3.86","2053.38","","2135.84"
"A085660","차바이오텍","12","0","KOSDAQ","-3.62","1410.35","","1463.34"
"A085670","뉴프렉스","12","0","KOSDAQ","-2.3","155.75","","159.42"
"A085810","알티캐스트","12","0","KOSDAQ","-3.9","27.46","","28.58"
"A085910","네오티스","12","0","KOSDAQ","-3.09","392.96","","405.5"
"A086040","바이오톡스텍","12","0","KOSDAQ","-0.64","49.63","","49.95"
"A086060","진바이오텍","12","0","KOSDAQ","-4.61","35.65","","37.37"
"A086280","현대글로비스","12","1","KOSPI","0","18825","","18825"
"A086390","유니테스트","12","0","KOSDAQ","-0.92","385.91","","389.5"
"A086450","동국제약","12","0","KOSDAQ","-0.43","1040.3","","1044.82"
"A086520","에코프로","12","0","KOSDAQ","-5.55","19877.63","","21045.3"
"A086670","비엠티","12","0","KOSDAQ","-6.16","166.26","","177.18"
"A086710","선진뷰티사이언스","12","0","KOSDAQ","-1.76","129.23","","131.55"
"A086790","하나금융지주","12","1","KOSPI","0.08","34734.96","","34707.52"
"A086820","바이오솔루션","12","0","KOSDAQ","-5.51","262.09","","277.39"
"A086890","이수앱지스","12","0","KOSDAQ","-6","166.14","","176.74"
"A086900","메디톡스","12","0","KOSDAQ","-1.64","742.99","","755.39"
"A086960","MDS테크","12","0","KOSDAQ","-6.96","120.77","","129.8"
"A086980","쇼박스","12","0","KOSDAQ","-0.85","182.59","","184.16"
"A087010","펩트론","12","0","KOSDAQ","7.59","6447.25","","5992.56"
"A087260","모바일어플라이언스","12","0","KOSDAQ","-0.43","74.55","","74.87"
"A087600","픽셀플러스","12","0","KOSDAQ","-3.83","49.24","","51.2"
"A088130","동아엘텍","12","0","KOSDAQ","-1.63","179.4","","182.37"
"A088280","쏘닉스","12","0","KOSDAQ","-0.43","118.9","","119.41"
"A088290","이원컴포텍","12","0","KOSDAQ","0","25.12","","25.12"
"A088340","유라클","12","0","KOSDAQ","-2.42","51.11","","52.37"
"A088350","한화생명","12","1","KOSPI","-2.29","4073.41","","4168.94"
"A088390","이녹스","12","0","KOSDAQ","-4.82","124.17","","130.46"
"A088790","진도","12","0","KOSPI","-4.12","30.43","","31.74"
"A088800","에이스테크","12","0","KOSDAQ","-3.86","347.71","","361.68"
"A088910","동우팜투테이블","12","0","KOSDAQ","-2.54","64.45","","66.13"
"A089010","켐트로닉스","12","0","KOSDAQ","5.48","726.14","","688.41"
"A089030","테크윙","12","0","KOSDAQ","-1.85","2156.52","","2197.28"
"A089140","넥스턴앤롤코리아","12","0","KOSDAQ","-3.72","31.7","","32.93"
"A089150","케이씨티","12","0","KOSDAQ","-0.89","57.54","","58.05"
"A089230","THE E&M","12","0","KOSDAQ","-2.89","146.38","","150.73"
"A089470","HDC현대EP","12","0","KOSPI","-3.24","171.62","","177.36"
"A089590","제주항공","12","0","KOSPI","-4.8","416.11","","437.07"
"A089600","KT나스미디어","12","0","KOSDAQ","-0.42","137.08","","137.66"
"A089790","제이티","12","0","KOSDAQ","1.07","68.39","","67.67"
"A089850","유비벨록스","12","0","KOSDAQ","0","76.16","","76.16"
"A089860","롯데렌탈","12","0","KOSPI","-1.05","1194.58","","1207.29"
"A089890","코세스","12","0","KOSDAQ","-1.44","679.98","","689.93"
"A089970","브이엠","12","0","KOSDAQ","5.23","1446.68","","1374.85"
"A089980","상아프론테크","12","0","KOSDAQ","-4.71","404.52","","424.51"
"A090080","평화산업","12","0","KOSPI","-1.8","53.97","","54.96"
"A090150","아이윈","12","0","KOSDAQ","-7.09","36.77","","39.57"
"A090350","노루페인트","12","0","KOSPI","-2.37","165","","169"
"A090360","로보스타","12","0","KOSDAQ","-0.71","684.45","","689.33"
"A090370","메타랩스","12","0","KOSPI","-3.4","33.25","","34.42"
"A090410","덕신이피씨","12","0","KOSDAQ","-3.7","57.61","","59.82"
"A090430","아모레퍼시픽","12","1","KOSPI","-1.16","7481.22","","7568.96"
"A090460","비에이치","12","0","KOSPI","-2.33","1060.23","","1085.51"
"A090470","제이스로보틱스","12","0","KOSDAQ","-4.69","134.92","","141.56"
"A090710","휴림로봇","12","0","KOSDAQ","-3.6","1472.91","","1527.86"
"A090850","현대이지웰","12","0","KOSDAQ","-5.28","136.3","","143.9"
"A091120","이엠텍","12","0","KOSDAQ","9","130.72","","119.93"
"A091340","S&K폴리텍","12","0","KOSDAQ","-2.32","29.61","","30.31"
"A091440","한울소재과학","12","0","KOSDAQ","1.62","101.96","","98.26"
"A091580","상신이디피","12","0","KOSDAQ","-3.77","339.87","","353.2"
"A091590","남화토건","12","0","KOSDAQ","-4.82","47.49","","49.9"
"A091700","파트론","12","0","KOSDAQ","-2.55","399.85","","410.3"
"A091810","트리니티항공","12","0","KOSPI","-2.05","375.8","","383.65"
"A091970","LSK아이로봇","12","0","KOSDAQ","0","28.52","","28.52"
"A092040","아미코젠","12","0","KOSDAQ","-0.93","120.04","","121.17"
"A092070","디엔에프","12","0","KOSDAQ","-1.43","279.46","","283.51"
"A092130","이크레더블","12","0","KOSDAQ","-1.74","177.16","","180.29"
"A092190","서울바이오시스","12","0","KOSDAQ","0","624.27","","624.27"
"A092200","디아이씨","12","0","KOSPI","-1.14","303.72","","307.22"
"A092220","KEC","12","0","KOSPI","0","369","","369"
"A092230","KPX홀딩스","12","0","KOSPI","0","374.3","","374.3"
"A092300","현우산업","12","0","KOSDAQ","-1.58","71.34","","72.49"
"A092440","기신정기","3","0","KOSPI","-0.22","67.45","","67.6"
"A092460","한라IMS","12","0","KOSDAQ","6.17","341.51","","321.66"
"A092600","앤씨앤","12","0","KOSDAQ","0","24.76","","24.76"
"A092730","네오팜","12","0","KOSDAQ","-3.33","312.23","","322.96"
"A092780","DYP","12","0","KOSPI","1.2","66.9","","66.11"
"A092790","넥스틸","12","0","KOSPI","-5.85","485.72","","515.88"
"A092870","엑시콘","12","0","KOSDAQ","0.27","491.36","","490.06"
"A093050","LF","12","0","KOSPI","-0.8","720.77","","726.61"
"A093190","빅솔론","12","0","KOSDAQ","3.3","162.57","","157.37"
"A093240","형지엘리트","6","0","KOSPI","-3.7","52.8","","54.82"
"A093320","케이아이엔엑스","12","0","KOSDAQ","8.05","576.33","","533.38"
"A093370","후성","12","1","KOSPI","1.51","1438.29","","1416.84"
"A093380","풍강","8","0","KOSDAQ","-4.76","26.67","","28.01"
"A093520","매커스","12","0","KOSDAQ","1.15","372.49","","368.24"
"A093640","케이알엠","12","0","KOSDAQ","4.23","177.1","","169.91"
"A093920","서원인텍","12","0","KOSDAQ","-0.57","96.72","","97.28"
"A094170","동운아나텍","12","0","KOSDAQ","7.83","1152.14","","1068.5"
"A094280","효성ITX","12","0","KOSPI","-1.63","146.9","","149.33"
"A094360","칩스앤미디어","12","0","KOSDAQ","-2.57","395.96","","406.42"
"A094480","갤럭시아머니트리","12","0","KOSDAQ","-2.58","311.48","","319.72"
"A094820","일진파워","12","0","KOSDAQ","-2.9","303.08","","312.13"
"A094840","슈프리마에이치큐","12","0","KOSDAQ","-1.85","119.73","","121.99"
"A094850","참좋은여행","12","0","KOSDAQ","-5.05","73.64","","77.56"
"A094860","네오리진","12","0","KOSDAQ","-4.44","35.15","","36.79"
"A094940","푸른로보틱스","12","0","KOSDAQ","-2.31","88.3","","90.39"
"A094970","제이엠티","12","0","KOSDAQ","-3.47","65.23","","67.58"
"A095190","신화프리텍","12","0","KOSDAQ","-2.99","148.47","","153.04"
"A095270","웨이브일렉트로","12","0","KOSDAQ","-1.66","118.86","","120.87"
"A095340","ISC","12","0","KOSDAQ","-3.94","5161.48","","5373.45"
"A095500","미래나노텍","12","0","KOSDAQ","-5.06","314.13","","330.88"
"A095570","AJ네트웍스","12","0","KOSPI","-4.24","214.5","","224"
"A095610","테스","12","0","KOSDAQ","13.24","2036.67","","1798.54"
"A095660","네오위즈","12","0","KOSDAQ","-3.58","437.06","","453.28"
"A095700","제넥신","12","0","KOSDAQ","0.94","243.64","","241.36"
"A095720","웅진씽크빅","12","0","KOSPI","0","131.16","","131.16"
"A095910","에스에너지","12","0","KOSDAQ","-1.15","80.37","","81.31"
"A096240","크레버스","12","0","KOSDAQ","-2.88","108.56","","111.78"
"A096250","와이즈넛","12","0","KOSDAQ","-2.18","129.35","","132.23"
"A096350","대창솔루션","12","0","KOSDAQ","-5.12","105.96","","111.67"
"A096530","씨젠","12","0","KOSDAQ","15.78","1475.38","","1274.31"
"A096610","알에프세미","12","0","KOSDAQ","0","51.55","","51.55"
"A096630","에스코넥","12","0","KOSDAQ","-7.48","55.96","","60.49"
"A096690","에이루트","12","0","KOSDAQ","0","32.27","","32.27"
"A096760","JW홀딩스","12","0","KOSPI","-3.27","294.96","","304.94"
"A096770","SK이노베이션","12","1","KOSPI","-1.48","22433.3","","22771.41"
"A096870","엘디티","12","0","KOSDAQ","-1.05","19.62","","19.83"
"A097230","HJ중공업","12","0","KOSPI","1.69","2447","","2406.37"
"A097520","엠씨넥스","12","0","KOSPI","-0.65","397.62","","400.23"
"A097780","에코볼트","12","0","KOSDAQ","-2.35","33.69","","34.5"
"A097800","윈팩","12","0","KOSDAQ","0","65.09","","65.09"
"A097870","효성오앤비","6","0","KOSDAQ","-3.42","52.72","","54.59"
"A097950","CJ제일제당","12","1","KOSPI","-1.53","3394.72","","3447.41"
"A098070","한텍","12","0","KOSDAQ","-6.96","453.74","","487.66"
"A098120","마이크로컨텍솔","12","0","KOSDAQ","2.42","316.72","","309.23"
"A098460","고영","12","0","KOSDAQ","1.97","2849.17","","2794.25"
"A098660","에스티오","12","0","KOSDAQ","-0.35","21.18","","21.25"
"A099190","아이센스","12","0","KOSDAQ","-4.83","559.96","","588.38"
"A099220","SDN","12","0","KOSDAQ","-2.96","80.79","","83.26"
"A099320","쎄트렉아이","12","0","KOSDAQ","2.17","1960.28","","1918.66"
"A099390","브레인즈컴퍼니","12","0","KOSDAQ","-4.03","35.21","","36.69"
"A099410","동방선기","12","0","KOSDAQ","14.94","84","","73.08"
"A099430","바이오플러스","12","0","KOSDAQ","-2.28","343.34","","351.35"
"A099440","스맥","12","0","KOSDAQ","-2.32","272.97","","279.46"
"A099520","DGI","12","0","KOSDAQ","0","58.14","","58.14"
"A099750","이지케어텍","3","0","KOSDAQ","-6.02","104.49","","111.19"
"A100030","인지소프트","12","0","KOSDAQ","-0.49","66.99","","67.32"
"A100090","SK오션플랜트","12","0","KOSPI","-2.78","1308.92","","1346.4"
"A100120","뷰웍스","12","0","KOSDAQ","-0.47","283.5","","284.84"
"A100130","동국S&C","12","0","KOSDAQ","-4.96","126","","132.57"
"A100220","비상교육","12","0","KOSPI","-8.03","87.86","","95.53"
"A100250","진양홀딩스","12","0","KOSPI","-0.81","195.21","","196.81"
"A100590","머큐리","12","0","KOSDAQ","16.17","185.96","","160.08"
"A100660","서암기계공업","12","0","KOSDAQ","-6.17","53.68","","57.2"
"A100700","세운메디칼","12","0","KOSDAQ","-3.36","113.22","","117.17"
"A100790","미래에셋벤처투자","12","0","KOSDAQ","8.7","3320.29","","3054.67"
"A100840","SNT에너지","12","0","KOSPI","-6.51","1098.15","","1174.67"
"A101000","KS인더스트리","12","0","KOSDAQ","-2.09","31.59","","32.27"
"A101140","인바이오젠","12","0","KOSPI","-6.73","73.82","","79.15"
"A101160","월덱스","12","0","KOSDAQ","0.79","529.18","","525.05"
"A101170","우림피티에스","12","0","KOSDAQ","7.42","232.61","","216.54"
"A101240","씨큐브","12","0","KOSDAQ","-3.44","44.58","","46.17"
"A101330","모베이스","12","0","KOSDAQ","-1.42","112.73","","114.35"
"A101360","에코앤드림","12","0","KOSDAQ","-5.06","313.39","","330.11"
"A101390","아이엠","12","0","KOSDAQ","0","6.7","","6.7"
"A101400","엔시트론","12","0","KOSDAQ","0","27.62","","27.62"
"A101490","에스앤에스텍","12","0","KOSDAQ","1.03","1886","","1866.8"
"A101530","해태제과식품","12","0","KOSPI","-0.91","190.13","","191.88"
"A101670","하이드로리튬","12","0","KOSDAQ","-2.54","110.94","","113.84"
"A101680","한국정밀기계","12","0","KOSDAQ","-4.14","23.36","","24.37"
"A101730","위메이드맥스","12","0","KOSDAQ","-4.03","419.02","","436.62"
"A101930","인화정공","12","0","KOSDAQ","-5.8","614.45","","652.3"
"A101970","우양에이치씨","12","0","KOSDAQ","-6.53","203.21","","217.41"
"A102120","어보브반도체","12","0","KOSDAQ","-5.55","242.17","","256.4"
"A102260","동성케미컬","12","0","KOSPI","-2.22","211.55","","216.36"
"A102370","케이옥션","12","0","KOSDAQ","-5.81","79.51","","84.41"
"A102460","이연제약","12","0","KOSPI","5.64","219.32","","207.61"
"A102710","이엔에프테크놀로지","12","0","KOSDAQ","1.25","808.69","","798.69"
"A102940","코오롱생명과학","12","0","KOSDAQ","0","835.18","","835.18"
"A103140","풍산","12","1","KOSPI","-1.89","2611.86","","2662.31"
"A103230","에스앤더블류","12","0","KOSDAQ","-0.75","28.4","","28.62"
"A103590","일진전기","12","0","KOSPI","-1.11","6795.17","","6871.46"
"A103840","우양","12","0","KOSDAQ","-0.82","49.26","","49.67"
"A104040","디에스엠","12","0","KOSDAQ","0","90.76","","90.76"
"A104200","NHN벅스","12","0","KOSDAQ","-7.82","52.42","","56.86"
"A104460","디와이피엔에프","12","0","KOSDAQ","-2.21","143.99","","147.25"
"A104480","티케이케미칼","12","0","KOSDAQ","-4.3","212.24","","221.78"
"A104540","코렌텍","12","0","KOSDAQ","-2.43","66.61","","68.28"
"A104620","노랑풍선","12","0","KOSDAQ","-3.11","78.67","","81.19"
"A104700","한국철강","12","0","KOSPI","-1.29","361.22","","365.96"
"A104830","원익머트리얼즈","12","0","KOSDAQ","0.4","635.44","","632.92"
"A105330","케이엔더블유","12","0","KOSDAQ","4.41","170.77","","163.56"
"A105550","엣지파운드리","12","0","KOSDAQ","-8.25","62.72","","68.36"
"A105560","KB금융","12","1","KOSPI","-1.79","59208.65","","60289.92"
"A105630","한세실업","12","0","KOSPI","-5.24","419.2","","442.4"
"A105740","디케이락","12","0","KOSDAQ","-2.61","102.3","","105.04"
"A105760","포스뱅크","12","0","KOSDAQ","-2.64","56.28","","57.81"
"A105840","우진","12","0","KOSPI","-4.37","507.97","","531.2"
"A106080","케이이엠텍","12","0","KOSDAQ","0","9.51","","9.51"
"A106190","하이텍팜","12","0","KOSDAQ","2.31","174.28","","170.34"
"A106240","파인테크닉스","12","0","KOSDAQ","-1.64","48.02","","48.82"
"A106520","노블엠앤비","12","0","KOSDAQ","0","15.9","","15.9"
"A107590","미원홀딩스","12","0","KOSPI","-2.12","139.2","","142.22"
"A107600","새빗켐","12","0","KOSDAQ","-6.03","158.23","","168.38"
"A107640","한중엔시에스","12","0","KOSDAQ","0.64","571.09","","567.47"
"A108230","톱텍","12","0","KOSDAQ","-4.84","153.23","","161.03"
"A108320","LX세미콘","12","0","KOSPI","-0.48","1010.01","","1014.89"
"A108380","대양전기공업","12","0","KOSDAQ","-6.75","277.45","","297.54"
"A108490","로보티즈","12","0","KOSDAQ","12.86","5533.03","","4902.78"
"A108670","LX하우시스","12","0","KOSPI","-2.02","347.5","","354.67"
"A108860","셀바스AI","12","0","KOSDAQ","-4.91","339.13","","356.62"
"A109070","주성코퍼레이션","12","0","KOSPI","11.64","98.23","","87.98"
"A109080","옵티시스","12","0","KOSDAQ","5.16","89.67","","85.27"
"A109610","에스와이","12","0","KOSDAQ","-5.78","135.47","","143.79"
"A109670","씨싸이트","12","0","KOSDAQ","-5.77","26.21","","27.81"
"A109740","디에스케이","12","0","KOSDAQ","-4.05","127.78","","133.18"
"A109820","진매트릭스","12","0","KOSDAQ","-1.72","40.79","","41.5"
"A109860","동일금속","12","0","KOSDAQ","-0.27","67.52","","67.7"
"A109960","앱토크롬","12","0","KOSDAQ","0","33.78","","33.78"
"A110020","전진바이오팜","12","0","KOSDAQ","-2.47","19.7","","20.2"
"A110790","크리스에프앤씨","12","0","KOSDAQ","-1.54","89.97","","91.38"
"A110990","디아이티","12","0","KOSDAQ","2.43","477.23","","465.89"
"A111110","호전실업","12","0","KOSPI","-1.8","71.73","","73.04"
"A111380","동인기연","12","0","KOSPI","-2.15","83.83","","85.67"
"A111710","남화산업","12","0","KOSDAQ","-4.63","78.54","","82.35"
"A111770","영원무역","12","1","KOSPI","-3.67","3606.95","","3744.32"
"A112040","위메이드","12","0","KOSDAQ","-4.6","740.08","","775.72"
"A112290","와이씨켐","12","0","KOSDAQ","8.74","327.18","","300.89"
"A112610","씨에스윈드","12","1","KOSPI","-1.65","2509.2","","2551.37"
"A113810","디젠스","12","0","KOSDAQ","-1.3","22.35","","22.64"
"A114090","GKL","12","1","KOSPI","-1.66","697.73","","709.48"
"A114190","강원에너지","12","0","KOSDAQ","-5.41","374.34","","395.76"
"A114450","그린생명과학","12","0","KOSDAQ","2.03","55.2","","54.1"
"A114630","폴라리스우노","12","0","KOSDAQ","-1.88","41.42","","42.21"
"A114810","한솔아이원스","12","0","KOSDAQ","1.85","487.51","","478.65"
"A114840","아이패밀리에스씨","12","0","KOSDAQ","-2.18","171.29","","175.1"
"A115160","휴맥스","12","0","KOSDAQ","-5.41","29.41","","31.09"
"A115180","큐리언트","12","0","KOSDAQ","-2.34","1165.78","","1193.76"
"A115310","인포바인","12","0","KOSDAQ","-0.77","206.1","","207.7"
"A115440","우리넷","12","0","KOSDAQ","3.6","198.83","","191.92"
"A115450","HLB테라퓨틱스","12","0","KOSDAQ","-1.2","291.43","","294.97"
"A115480","씨유메디칼","12","0","KOSDAQ","0","33.22","","33.22"
"A115500","케이씨에스","12","0","KOSDAQ","-0.3","199.8","","200.4"
"A115530","씨엔플러스","12","0","KOSDAQ","0","26.49","","26.49"
"A115570","스타플렉스","12","0","KOSDAQ","-1.36","23.16","","23.47"
"A115610","이미지스","12","0","KOSDAQ","0","33.98","","33.98"
"A117580","대성에너지","12","0","KOSPI","-2.23","229.35","","234.58"
"A117670","알파칩스","12","0","KOSDAQ","-2.25","127.24","","130.17"
"A117730","티로보틱스","12","0","KOSDAQ","-1.41","473.72","","480.49"
"A118000","메타케어","12","0","KOSPI","0","35.73","","35.73"
"A118990","모트렉스","12","0","KOSDAQ","-0.86","225.01","","226.97"
"A119500","포메탈","12","0","KOSDAQ","3.75","52.42","","50.53"
"A119610","인터로조","12","0","KOSDAQ","-2.96","228.16","","235.12"
"A119650","KC코트렐","12","0","KOSPI","0","100.78","","100.78"
"A119830","아이텍","12","0","KOSDAQ","-6.35","182.6","","194.98"
"A119850","지엔씨에너지","12","0","KOSDAQ","-3.95","600.39","","625.06"
"A120030","조선선재","12","0","KOSPI","-1.63","121.49","","123.5"
"A120110","코오롱인더","12","1","KOSPI","-4.03","2641.24","","2752.04"
"A120240","대정화금","12","0","KOSDAQ","-2.26","93.26","","95.42"
"A121440","골프존홀딩스","12","0","KOSDAQ","-1.12","207.54","","209.9"
"A121600","나노신소재","12","0","KOSDAQ","-3.83","953.34","","991.32"
"A121800","비덴트","12","0","KOSDAQ","0","256.31","","256.31"
"A121850","코이즈","12","0","KOSDAQ","6.61","13.05","","12.24"
"A121890","에스디시스템","12","0","KOSDAQ","7.3","32.23","","30.04"
"A122310","제노레이","12","0","KOSDAQ","4.9","71.68","","68.33"
"A122350","삼기","12","0","KOSDAQ","-3.86","52.56","","54.67"
"A122450","KX","12","0","KOSDAQ","-1.45","136.92","","138.94"
"A122640","예스티","12","0","KOSDAQ","-1.35","545.49","","552.96"
"A122690","서진오토모티브","12","0","KOSDAQ","-0.23","50.77","","50.89"
"A122870","와이지엔터테인먼트","12","0","KOSDAQ","-1.49","924.27","","938.29"
"A122900","아이마켓코리아","12","0","KOSPI","-1.04","253.39","","256.06"
"A122990","와이솔","12","0","KOSDAQ","-2","196.06","","200.06"
"A123010","알엔티엑스","12","0","KOSDAQ","11.24","64.22","","57.02"
"A123040","엠에스오토텍","12","0","KOSDAQ","-2.92","145.92","","150.31"
"A123330","제닉","12","0","KOSDAQ","-3.73","185.27","","192.44"
"A123410","코리아에프티","12","0","KOSDAQ","-1","193.5","","195.44"
"A123420","위메이드플레이","12","0","KOSDAQ","-2.56","76.4","","78.4"
"A123570","이엠넷","12","0","KOSDAQ","-1.11","43.62","","44.11"
"A123690","한국화장품","12","0","KOSPI","-0.34","139.95","","140.43"
"A123700","SJM","12","0","KOSPI","0.13","59.14","","59.06"
"A123750","알톤","12","0","KOSDAQ","-3.54","28.26","","29.3"
"A123840","뉴온","12","0","KOSDAQ","-17.5","28.2","","34.18"
"A123860","아나패스","12","0","KOSDAQ","0.17","217.01","","216.65"
"A123890","한국자산신탁","12","0","KOSPI","-3.16","299.82","","309.61"
"A124500","아이티센글로벌","12","0","KOSDAQ","-2.58","1313.38","","1348.18"
"A124560","태웅로직스","12","0","KOSDAQ","-2.61","94.09","","96.61"
"A125020","티씨머티리얼즈","12","0","KOSDAQ","-5.12","252.98","","266.64"
"A125210","아모그린텍","12","0","KOSDAQ","-3.24","231.28","","239.04"
"A125490","한라캐스트","12","0","KOSDAQ","-3.66","662.88","","688.07"
"A126340","비나텍","12","0","KOSDAQ","-0.11","1300.12","","1301.55"
"A126560","현대퓨처넷","12","0","KOSPI","-1.24","352.1","","356.51"
"A126600","BGF에코머티리얼즈","12","0","KOSDAQ","-2.74","244.79","","251.7"
"A126640","화신정공","12","0","KOSDAQ","-0.67","57.18","","57.56"
"A126700","하이비젼시스템","12","0","KOSDAQ","-2.47","271.5","","278.37"
"A126720","수산인더스트리","12","0","KOSPI","-3.88","460.01","","478.58"
"A126730","코칩","12","0","KOSDAQ","-3.89","173.21","","180.23"
"A126880","제이엔케이글로벌","12","0","KOSDAQ","-4.15","85.86","","89.57"
"A127120","제이에스링크","12","0","KOSDAQ","-6.91","1396.78","","1500.5"
"A127710","아시아경제","12","0","KOSDAQ","-10.89","57.31","","64.31"
"A127980","화인써키트","12","0","KOSDAQ","4.27","80.99","","77.67"
"A128540","에코캡","12","0","KOSDAQ","-1.73","50.18","","51.06"
"A128660","피제이메탈","12","0","KOSDAQ","-1.42","86.07","","87.31"
"A128820","대성산업","12","0","KOSPI","-2.24","296.29","","303.08"
"A128940","한미약품","12","1","KOSPI","-2.87","5425.45","","5585.59"
"A129260","인터지스","12","0","KOSPI","-2.68","70.2","","72.14"
"A129890","앱코","12","0","KOSDAQ","-0.86","47.28","","47.69"
"A129920","대성하이텍","12","0","KOSDAQ","13.29","174.51","","154.04"
"A130500","GH신소재","12","0","KOSDAQ","-3.59","35.2","","36.51"
"A130580","나이스디앤비","12","0","KOSDAQ","-0.72","85.47","","86.09"
"A130660","한전산업","12","0","KOSPI","-4.34","588.76","","615.49"
"A130740","티피씨글로벌","12","0","KOSDAQ","-4.63","21.83","","22.89"
"A131030","옵투스제약","12","0","KOSDAQ","-3.51","145.58","","150.88"
"A131090","시큐브","12","0","KOSDAQ","-2.56","30.56","","31.36"
"A131100","티엔엔터테인먼트","12","0","KOSDAQ","-1.01","41.18","","41.6"
"A131180","딜리","12","0","KOSDAQ","0","27.62","","27.62"
"A131220","대한과학","12","0","KOSDAQ","0.21","34.92","","34.85"
"A131290","티에스이","12","0","KOSDAQ","0.69","1945.71","","1932.43"
"A131370","알서포트","12","0","KOSDAQ","-3.31","124.64","","128.91"
"A131400","이브이첨단소재","12","0","KOSDAQ","-4.62","102.14","","107.09"
"A131760","파인텍","12","0","KOSDAQ","0","45","","45"
"A131970","두산테스나","12","0","KOSDAQ","8.07","3026.65","","2800.52"
"A133750","메가엠디","12","0","KOSDAQ","-3.55","40.73","","42.23"
"A133820","화인베스틸","12","0","KOSPI","-4.63","52.78","","55.34"
"A134060","이퓨쳐","12","0","KOSDAQ","-2.41","20.27","","20.77"
"A134380","미원화학","12","0","KOSPI","2.3","283.27","","276.89"
"A134580","탑코미디어","12","0","KOSDAQ","-6.6","92.77","","99.33"
"A134790","시디즈","12","0","KOSPI","-0.68","38.08","","38.34"
"A136150","원일티엔아이","12","0","KOSDAQ","-4.85","141.56","","148.76"
"A136410","아셈스","12","0","KOSDAQ","-4.63","74.93","","78.57"
"A136480","하림","12","0","KOSDAQ","-0.95","333.5","","336.68"
"A136490","선진","12","0","KOSPI","-6.06","246.83","","262.76"
"A136540","윈스테크넷","12","0","KOSDAQ","-1.02","154.97","","156.57"
"A137080","나래나노텍","12","0","KOSDAQ","-3.33","64.14","","66.36"
"A137310","에스디바이오센서","12","1","KOSPI","2.01","979.28","","959.96"
"A137400","피엔티","12","0","KOSDAQ","-5.3","1269.82","","1340.9"
"A137940","넥스트아이","12","0","KOSDAQ","0","22.45","","22.45"
"A137950","제이씨케미칼","12","0","KOSDAQ","-2.24","92.41","","94.53"
"A138040","메리츠금융지주","12","1","KOSPI","-0.36","18742.89","","18809.83"
"A138070","신진에스엠","12","0","KOSDAQ","-4.46","31.09","","32.54"
"A138080","오이솔루션","12","0","KOSDAQ","-2.81","641.17","","659.73"
"A138360","앤로보틱스","12","0","KOSDAQ","-2.33","274.86","","281.4"
"A138610","나이벡","12","0","KOSDAQ","-4.18","260.89","","272.26"
"A138930","BNK금융지주","12","1","KOSPI","-1.45","5474.17","","5554.85"
"A139130","iM금융지주","12","1","KOSPI","0.68","3088.81","","3067.93"
"A139480","이마트","12","1","KOSPI","0","3115.57","","3115.57"
"A139670","키네마스터","12","0","KOSDAQ","-5.29","27.28","","28.8"
"A139990","아주스틸","12","0","KOSPI","2.54","140.68","","137.19"
"A140070","서플러스글로벌","12","0","KOSDAQ","0.56","99.13","","98.57"
"A140410","메지온","12","0","KOSDAQ","-2.42","2446.57","","2507.35"
"A140430","카티스","12","0","KOSDAQ","0","40.19","","40.19"
"A140520","대창스틸","12","0","KOSDAQ","-4.73","46.76","","49.08"
"A140670","알에스오토메이션","12","0","KOSDAQ","3.27","227.27","","220.07"
"A140860","파크시스템스","12","0","KOSDAQ","3.44","2211.23","","2137.75"
"A141000","비아트론","12","0","KOSDAQ","0.73","149.74","","148.65"
"A141080","리가켐바이오","12","0","KOSDAQ","-1.55","6818.98","","6926.33"
"A142210","유니트론텍","12","0","KOSDAQ","21.6","157.71","","129.7"
"A142280","녹십자엠에스","12","0","KOSDAQ","0.63","87.4","","86.86"
"A142760","모아라이프플러스","12","0","KOSDAQ","-9.83","29.77","","33.02"
"A143160","아이디스","12","0","KOSDAQ","0.23","186.47","","186.04"
"A143210","핸즈코퍼레이션","12","0","KOSPI","0","26.23","","26.23"
"A143240","사람인","12","0","KOSDAQ","-0.95","178.27","","179.99"
"A143540","영우디에스피","12","0","KOSDAQ","-2.93","59.09","","60.88"
"A144510","지씨셀","12","0","KOSDAQ","1.79","359.46","","353.14"
"A144960","뉴파워프라즈마","12","0","KOSDAQ","1.09","324.64","","321.14"
"A145020","휴젤","12","0","KOSDAQ","1.2","3629.69","","3586.63"
"A145170","노브랜드","12","0","KOSDAQ","1.14","82.85","","81.92"
"A145210","다이나믹디자인","12","0","KOSPI","0","9.46","","9.46"
"A145720","덴티움","12","0","KOSPI","0.78","444.13","","440.68"
"A145990","삼양사","12","0","KOSPI","-1.3","470.29","","476.48"
"A146060","율촌","12","0","KOSDAQ","-6.91","33.02","","35.47"
"A146320","비씨엔씨","12","0","KOSDAQ","-1.56","226.01","","229.59"
"A147760","피엠티","12","0","KOSDAQ","0.14","75.63","","75.52"
"A147830","제룡산업","12","0","KOSDAQ","-7.5","254","","274.6"
"A148150","세경하이테크","12","0","KOSDAQ","-3.34","159.23","","164.74"
"A148250","알엔투테크놀로지","12","0","KOSDAQ","-2.96","44.64","","42.9"
"A148780","비큐AI","12","0","KOSDAQ","-4.11","35.25","","36.76"
"A148930","에이치와이티씨","12","0","KOSDAQ","-2.44","30.58","","31.34"
"A149950","아바텍","12","0","KOSDAQ","8.11","191.35","","177"
"A149980","하이로닉","12","0","KOSDAQ","-6.4","117.84","","125.89"
"A150900","파수AI","12","0","KOSDAQ","0.18","63.55","","63.44"
"A151860","KG에코솔루션","12","0","KOSDAQ","-5.12","308.47","","325.13"
"A153460","네이블","12","0","KOSDAQ","5.53","63.54","","60.21"
"A153490","우리이앤엘하루틴","12","0","KOSDAQ","-6.05","42.37","","45.1"
"A153710","옵티팜","12","0","KOSDAQ","-2.71","73.79","","75.84"
"A154030","아시아종묘","12","0","KOSDAQ","-2.48","23.21","","23.8"
"A154040","다산솔루에타","12","0","KOSDAQ","0.17","20.73","","20.7"
"A155650","와이엠씨","12","0","KOSDAQ","17.34","93.07","","79.31"
"A155660","DSR","12","0","KOSPI","-2.93","68.8","","70.88"
"A156100","엘앤케이바이오","12","0","KOSDAQ","-4.9","138.8","","145.95"
"A158430","아톤","12","0","KOSDAQ","-1.38","192.18","","194.88"
"A159010","아스플로","12","0","KOSDAQ","11.17","214.96","","193.35"
"A159580","제로투세븐","12","0","KOSDAQ","-1.07","74.12","","74.92"
"A159910","에코글로우","12","0","KOSDAQ","12.21","40.87","","36.43"
"A160190","하이젠알앤엠","12","0","KOSDAQ","6.15","1359.07","","1280.31"
"A160550","NEW","12","0","KOSDAQ","-3.19","45.77","","47.27"
"A160980","싸이맥스","12","0","KOSDAQ","2.56","415.12","","404.74"
"A161000","애경케미칼","12","0","KOSPI","-5.48","704.43","","745.3"
"A161390","한국타이어앤테크놀로지","12","1","KOSPI","-1.61","7568.77","","7692.64"
"A161580","필옵틱스","12","0","KOSDAQ","4.39","1338.55","","1282.29"
"A161890","한국콜마","12","1","KOSPI","6.73","2358.15","","2209.44"
"A162300","신스틸","12","0","KOSDAQ","-4.9","73.32","","77.1"
"A163280","에어레인","12","0","KOSDAQ","-2.37","78.35","","80.26"
"A163560","동일고무벨트","12","0","KOSPI","-2.96","100.36","","103.42"
"A163730","핑거","12","0","KOSDAQ","5.01","216.82","","206.47"
"A166090","하나머티리얼즈","12","0","KOSDAQ","0.5","1590.12","","1582.21"
"A166480","코아스템켐온","12","0","KOSDAQ","7.14","253.78","","236.86"
"A168330","내츄럴엔도텍","12","0","KOSDAQ","-3.13","73.67","","76.05"
"A168360","펨트론","12","0","KOSDAQ","16.36","609.98","","524.24"
"A169330","엠브레인","6","0","KOSDAQ","-3.11","37.09","","38.28"
"A170030","현대공업","12","0","KOSDAQ","-1.47","92.81","","94.19"
"A170790","파이오링크","12","0","KOSDAQ","-4.9","71.97","","75.68"
"A170900","동아에스티","12","0","KOSPI","-1.5","414.41","","420.73"
"A170920","엘티씨","12","0","KOSDAQ","-2.34","463.77","","474.86"
"A171010","램테크놀러지","12","0","KOSDAQ","0.38","57.34","","57.12"
"A171090","선익시스템","12","0","KOSDAQ","-2.7","909.24","","934.49"
"A171120","라이온켐텍","12","0","KOSDAQ","-3.08","84.73","","87.42"
"A172670","에이엘티","12","0","KOSDAQ","2.02","167.47","","164.15"
"A173130","오파스넷","12","0","KOSDAQ","0.53","99.54","","99.02"
"A173940","에프엔씨엔터","12","0","KOSDAQ","1.51","62.26","","61.34"
"A174900","앱클론","12","0","KOSDAQ","-1.68","875.73","","890.67"
"A175140","아고스","12","0","KOSDAQ","-3.45","90.8","","94.04"
"A175250","아이큐어","12","0","KOSDAQ","0","81.5","","81.5"
"A175330","JB금융지주","12","1","KOSPI","0.19","4913.42","","4904.01"
"A176750","듀켐바이오","12","0","KOSDAQ","-5.01","253.82","","267.19"
"A177350","베셀","12","0","KOSDAQ","-5.1","18.65","","19.65"
"A177830","파버나인","12","0","KOSDAQ","0.91","37.38","","37.04"
"A177900","쓰리에이로직스","12","0","KOSDAQ","-1.89","69.8","","71.15"
"A178320","서진시스템","12","0","KOSDAQ","2.12","4019.69","","3936.31"
"A178780","일월지엠엘","12","0","KOSDAQ","-2.82","44.92","","46.23"
"A178920","PI첨단소재","12","0","KOSPI","-0.34","851.62","","854.56"
"A179290","엠아이텍","12","0","KOSDAQ","-1.86","205.2","","209.08"
"A179530","애드바이오텍","12","0","KOSDAQ","-8.84","52.74","","57.86"
"A179900","유티아이","12","0","KOSDAQ","5.15","424.5","","403.72"
"A180400","DXVX","12","0","KOSDAQ","-3.87","391.26","","407.01"
"A180640","한진칼","12","1","KOSPI","-2.8","7403.94","","7617.58"
"A181710","NHN","12","0","KOSPI","1.42","1285.56","","1267.55"
"A182360","큐브엔터","12","0","KOSDAQ","-5.74","140.57","","149.12"
"A182400","엔케이젠바이오텍코리아","12","0","KOSDAQ","0","265.5","","265.5"
"A183190","아세아시멘트","12","0","KOSPI","-1.99","413.62","","422.01"
"A183300","코미코","12","0","KOSDAQ","-0.74","1552.37","","1563.87"
"A183490","엔지켐생명과학","12","0","KOSDAQ","0","83.79","","83.79"
"A184230","SGA솔루션즈","12","0","KOSDAQ","0","71.21","","71.21"
"A185490","아이진","12","0","KOSDAQ","3.32","61.82","","59.83"
"A185750","종근당","12","1","KOSPI","-2.29","1116.64","","1142.87"
"A186230","그린플러스","12","0","KOSDAQ","-4.96","46.08","","48.49"
"A187220","디티앤씨","12","0","KOSDAQ","-3.97","33.42","","34.81"
"A187270","신화콘텍","12","0","KOSDAQ","-0.8","37.79","","38.09"
"A187420","HLB제넥스","12","0","KOSDAQ","-3.76","80.86","","84.02"
"A187660","페니트리움바이오","12","0","KOSDAQ","-5","505.85","","532.48"
"A187790","나노","12","0","KOSDAQ","3.46","193.68","","187.2"
"A187870","디바이스","12","0","KOSDAQ","0.7","152.69","","151.64"
"A188040","바이오포트","12","0","KOSDAQ","-0.66","28.08","","28.26"
"A188260","세니젠","12","0","KOSDAQ","-1.36","15.69","","15.9"
"A189300","인텔리안테크","12","0","KOSDAQ","6.49","1851.14","","1738.4"
"A189330","씨이랩","12","0","KOSDAQ","1.13","67.08","","66.33"
"A189690","포시에스","6","0","KOSDAQ","-0.61","53.82","","54.15"
"A189860","서전기전","12","0","KOSDAQ","-3.83","87.77","","91.27"
"A189980","흥국에프엔비","12","0","KOSDAQ","-2.9","60.53","","62.33"
"A190510","나무가","12","0","KOSDAQ","-0.37","267.62","","268.61"
"A190650","코리아에셋투자증권","3","0","KOSDAQ","-0.68","56.21","","56.6"
"A191410","육일씨엔에쓰","12","0","KOSDAQ","-6.44","26.05","","27.84"
"A191420","테고사이언스","12","0","KOSDAQ","-4.33","102.09","","106.71"
"A192080","더블유게임즈","12","1","KOSPI","-1.53","1223.83","","1242.88"
"A192250","케이사인","12","0","KOSDAQ","1.61","93.5","","92.01"
"A192390","윈하이텍","12","0","KOSDAQ","-4.78","20.01","","21.02"
"A192400","쿠쿠홀딩스","12","0","KOSPI","0.51","1043.75","","1038.42"
"A192410","오늘이엔엠","12","0","KOSDAQ","2.88","158.18","","153.75"
"A192440","슈피겐코리아","12","0","KOSDAQ","-0.95","162.56","","164.11"
"A192650","드림텍","12","0","KOSPI","-2.43","443.5","","454.54"
"A192820","코스맥스","12","1","KOSPI","1.43","2417.45","","2383.4"
"A193250","링크드","12","0","KOSDAQ","0","26.47","","26.47"
"A194370","제이에스코퍼레이션","12","0","KOSPI","-1.18","412.91","","417.84"
"A194480","데브시스터즈","12","0","KOSDAQ","-3.96","241.13","","251.07"
"A194700","노바렉스","12","0","KOSDAQ","-5.42","273.82","","289.52"
"A195500","마니커에프앤지","12","0","KOSDAQ","-1.1","43.22","","43.7"
"A195870","해성디에스","12","0","KOSPI","-2.4","1451.8","","1487.5"
"A195940","HK이노엔","12","0","KOSDAQ","-2.99","1379.67","","1422.16"
"A195990","루트K","12","0","KOSDAQ","-5.41","38.15","","40.33"
"A196170","알테오젠","12","0","KOSDAQ","-4.55","17398.5","","18228.27"
"A196300","HLB펩","12","0","KOSDAQ","-1.63","61.88","","62.91"
"A196450","코아시아씨엠","12","0","KOSDAQ","-1.31","54.43","","55.15"
"A196490","디에이테크놀로지","12","0","KOSDAQ","0","36.25","","36.25"
"A196700","웹스","12","0","KOSDAQ","-4.96","26.14","","27.51"
"A197140","디지캡","12","0","KOSDAQ","-1.46","25.51","","25.88"
"A198080","캐프","12","0","KOSDAQ","-4.61","62.45","","65.47"
"A198440","강동씨앤엘","12","0","KOSDAQ","-1.77","64.16","","65.32"
"A198940","한주라이트메탈","12","0","KOSDAQ","0","33.51","","33.51"
"A199430","케이엔알시스템","12","0","KOSDAQ","-1.93","283.06","","288.63"
"A199480","뱅크웨어글로벌","12","0","KOSDAQ","0","48.54","","48.54"
"A199550","레이저옵텍","12","0","KOSDAQ","0.72","72.82","","59.73"
"A199730","바이오인프라","12","0","KOSDAQ","3.39","19.31","","18.68"
"A199800","툴젠","12","0","KOSDAQ","11.56","1232.15","","1104.44"
"A199820","제일일렉트릭","12","0","KOSDAQ","-2.67","373.3","","383.52"
"A200130","콜마비앤에이치","12","0","KOSDAQ","-3.06","326.51","","336.81"
"A200230","텔콘RF제약","12","0","KOSDAQ","-8.21","39.19","","42.7"
"A200350","아티스트스튜디오","12","0","KOSDAQ","-6.98","45.28","","48.68"
"A200470","에이팩트","12","0","KOSDAQ","1","427.01","","422.77"
"A200670","휴메딕스","12","0","KOSDAQ","-1.45","381.82","","387.43"
"A200710","에이디테크놀로지","12","0","KOSDAQ","-0.78","686.56","","691.95"
"A200780","비씨월드제약","12","0","KOSDAQ","-5.17","44.05","","46.45"
"A200880","서연이화","12","0","KOSPI","-2.99","385.43","","397.32"
"A201490","미투온","12","0","KOSDAQ","0.49","100.55","","100.06"
"A203400","에이비온","12","0","KOSDAQ","-2.99","204.98","","211.29"
"A203450","유니온바이오메트릭스","12","0","KOSDAQ","-1.29","43.08","","43.64"
"A203650","드림시큐리티","12","0","KOSDAQ","3.69","379.71","","366.18"
"A203690","아크솔루션스","12","0","KOSDAQ","0","89.2","","89.2"
"A204020","그리티","12","0","KOSDAQ","0.21","45.42","","45.32"
"A204270","제이앤티씨","12","0","KOSDAQ","5.78","1269.77","","1200.36"
"A204320","HL만도","12","1","KOSPI","3.67","2916.04","","2812.73"
"A204610","티쓰리","12","0","KOSDAQ","-6.67","169.41","","181.51"
"A204620","글로벌텍스프리","12","0","KOSDAQ","-4.5","402.72","","421.7"
"A204840","지엘팜텍","12","0","KOSDAQ","-2.2","75.84","","77.55"
"A205100","엑셈","12","0","KOSDAQ","-0.79","132.47","","133.53"
"A205470","휴마시스","12","0","KOSDAQ","-2.12","101.43","","103.63"
"A205500","넥써쓰","12","0","KOSDAQ","-5.45","100.01","","105.78"
"A206400","베노티앤알","12","0","KOSDAQ","-6.78","41.26","","44.26"
"A206560","덱스터","12","0","KOSDAQ","-7.22","55.52","","59.84"
"A206640","바디텍메드","12","0","KOSDAQ","-3.11","245.37","","253.26"
"A206650","유바이오로직스","12","0","KOSDAQ","-2.93","437.37","","450.59"
"A207760","미스터블루","12","0","KOSDAQ","-7.52","73.61","","79.59"
"A207940","삼성바이오로직스","12","1","KOSPI","-0.95","67492.21","","68140.28"
"A208140","정다운","12","0","KOSDAQ","-1.2","80.73","","81.71"
"A208350","지란지교시큐리티","12","0","KOSDAQ","-2.26","26.25","","26.86"
"A208370","셀바스헬스케어","12","0","KOSDAQ","-2.42","103.73","","106.31"
"A208640","썸에이지","12","0","KOSDAQ","-3.21","25.2","","26.04"
"A208710","포톤","12","0","KOSDAQ","-1.15","34.14","","34.53"
"A208860","다산디엠씨","12","0","KOSDAQ","-1.87","40.98","","41.76"
"A209640","와이제이링크","12","0","KOSDAQ","-7.74","254.28","","275.61"
"A210120","캔버스엔","12","0","KOSDAQ","-2","33.33","","34.01"
"A210540","디와이파워","12","0","KOSPI","-4.12","164.52","","171.59"
"A210980","SK디앤디","12","0","KOSPI","-0.39","235.88","","236.81"
"A211050","인카금융서비스","12","0","KOSDAQ","-1.05","508.89","","514.31"
"A211270","AP위성","12","0","KOSDAQ","-0.12","257.61","","257.91"
"A212560","네오오토","12","0","KOSDAQ","14.84","117.89","","102.65"
"A212710","아이에스티이","12","0","KOSDAQ","-0.5","95.56","","96.04"
"A213420","덕산네오룩스","12","0","KOSDAQ","-3.97","1230.38","","1281.29"
"A213500","한솔제지","12","0","KOSPI","-2.03","184.22","","188.02"
"A214150","클래시스","12","0","KOSDAQ","0","3627.1","","3627.1"
"A214180","헥토이노베이션","12","0","KOSDAQ","4.66","271.56","","259.48"
"A214260","라파스","12","0","KOSDAQ","-5.23","79.23","","83.6"
"A214270","FSN","12","0","KOSDAQ","-1.47","85.08","","86.35"
"A214320","이노션","12","0","KOSPI","-2.77","785.6","","808"
"A214330","금호에이치티","12","0","KOSPI","1.89","76.32","","74.9"
"A214370","케어젠","12","0","KOSDAQ","4.22","5441.33","","5221.1"
"A214390","경보제약","12","0","KOSPI","-1.88","149.42","","152.29"
"A214420","토니모리","12","0","KOSPI","1.21","180.65","","178.49"
"A214430","아이쓰리시스템","12","0","KOSDAQ","2.46","700.03","","683.22"
"A214450","파마리서치","12","0","KOSDAQ","-3.81","3407.8","","3542.87"
"A214610","롤링스톤","12","0","KOSDAQ","0","19.2","","19.2"
"A214680","디알텍","12","0","KOSDAQ","-1.24","146.08","","147.92"
"A215000","골프존","12","0","KOSDAQ","-2","306.87","","313.14"
"A215090","솔디펜스","12","0","KOSDAQ","-1.68","60.9","","61.94"
"A215100","로보로보","12","0","KOSDAQ","-1.22","147.73","","149.56"
"A215200","메가스터디교육","12","0","KOSDAQ","-3.81","471.1","","489.76"
"A215360","우리산업","12","0","KOSDAQ","-1.52","82.92","","84.2"
"A215380","콜마바이오텍","12","0","KOSDAQ","0.18","46.37","","46.28"
"A215480","토박스코리아","12","0","KOSDAQ","-2.78","18.8","","19.33"
"A215600","신라젠","12","0","KOSDAQ","-2.92","460.69","","474.55"
"A215790","이노인스트루먼트","12","0","KOSDAQ","29.95","80.04","","61.59"
"A216050","인크로스","12","0","KOSDAQ","0.15","85.41","","85.28"
"A216080","제테마","12","0","KOSDAQ","-4.95","228.84","","240.74"
"A217190","제너셈","12","0","KOSDAQ","-2.35","109.18","","111.81"
"A217270","넵튠","12","0","KOSDAQ","-4.58","165.44","","173.39"
"A217330","싸이토젠","12","0","KOSDAQ","-9.7","124.9","","138.31"
"A217480","에스디생명공학","12","0","KOSDAQ","0","54.76","","54.76"
"A217500","러셀","12","0","KOSDAQ","3.66","90.03","","86.85"
"A217590","티엠씨","12","0","KOSPI","0","758.97","","758.97"
"A217730","강스템바이오텍","12","0","KOSDAQ","-2.44","338.59","","347.06"
"A217820","원익피앤이","12","0","KOSDAQ","-2.51","175.34","","179.85"
"A218150","미래생명자원","12","0","KOSDAQ","-3.65","59.21","","61.45"
"A218410","RFHIC","12","0","KOSDAQ","4.31","2761.56","","2647.38"
"A219130","타이거일렉","12","0","KOSDAQ","-4.93","365.6","","384.54"
"A219420","링크제니시스","12","0","KOSDAQ","-0.95","59.53","","60.1"
"A219550","디와이디","12","0","KOSDAQ","-2.03","67.25","","68.64"
"A219750","한국비티비","12","0","KOSDAQ","-0.13","50.25","","50.31"
"A220100","퓨쳐켐","12","0","KOSDAQ","-7.1","384.63","","414.01"
"A220180","폴라리스AI핸디","12","0","KOSDAQ","-3.16","43.22","","44.63"
"A220260","켐트로스","12","0","KOSDAQ","-1.7","185.06","","188.26"
"A221800","지구홀딩스","12","0","KOSDAQ","-4.48","249.01","","260.69"
"A221840","하이즈항공","12","0","KOSDAQ","-1.4","52.83","","53.58"
"A221980","케이디켐","12","0","KOSDAQ","-1.15","41.64","","42.12"
"A222040","코스맥스엔비티","12","0","KOSDAQ","11.49","156.15","","140.06"
"A222080","SFA넥셀","12","0","KOSDAQ","-5.77","1218.81","","1293.48"
"A222110","팬젠","12","0","KOSDAQ","-5.97","78.79","","83.66"
"A222160","NPX","12","0","KOSDAQ","0","79.55","","79.55"
"A222420","쎄노텍","12","0","KOSDAQ","-3.13","74.99","","77.41"
"A222800","심텍","12","0","KOSDAQ","-1.47","4260.75","","4324.23"
"A222980","한국맥널티","12","0","KOSDAQ","-5.35","25.37","","26.81"
"A223250","드림씨아이에스","12","0","KOSDAQ","0.14","175.4","","175.16"
"A223310","사토시홀딩스","12","0","KOSDAQ","0","59.2","","59.2"
"A224060","더코디","12","0","KOSDAQ","-3.28","28.95","","29.93"
"A224110","에이텍모빌리티","12","0","KOSDAQ","-0.8","44.25","","44.61"
"A225190","LK삼양","12","0","KOSDAQ","-1.72","141.29","","143.76"
"A225220","제놀루션","12","0","KOSDAQ","-2.02","33.47","","34.16"
"A225430","케이엠제약","12","0","KOSDAQ","0","14.42","","14.42"
"A225530","HC보광산업","12","0","KOSDAQ","-5.49","109.56","","115.92"
"A225570","넥슨게임즈","12","0","KOSDAQ","-1.87","725.12","","738.95"
"A225590","패션플랫폼","12","0","KOSDAQ","0","24.33","","24.33"
"A226320","잇츠한불","12","0","KOSPI","1.31","271.7","","268.2"
"A226330","신테카바이오","12","0","KOSDAQ","-4.99","66.95","","70.47"
"A226340","본느","12","0","KOSDAQ","0","27.14","","27.14"
"A226400","오스테오닉","12","0","KOSDAQ","-4.31","123.97","","129.55"
"A226590","엠디바이스","12","0","KOSDAQ","-0.78","274.35","","276.49"
"A226950","올릭스","12","0","KOSDAQ","1.43","3459.22","","3410.5"
"A227100","프로브잇","12","0","KOSDAQ","0","14.77","","14.77"
"A227610","아우딘퓨쳐스","12","0","KOSDAQ","0","30.21","","30.21"
"A227840","현대코퍼레이션홀딩스","12","0","KOSPI","-4.71","119.68","","125.59"
"A227950","엔투텍","12","0","KOSDAQ","0","86.79","","86.79"
"A228340","동양파일","12","0","KOSDAQ","-0.49","40.4","","40.6"
"A228670","레이","12","0","KOSDAQ","0.83","114.33","","113.39"
"A228760","지노믹트리","12","0","KOSDAQ","-4.21","372.89","","389.3"
"A228850","레이언스","12","0","KOSDAQ","-1.32","99.55","","100.87"
"A229000","젠큐릭스","12","0","KOSDAQ","0","86.1","","86.1"
"A229640","LS에코에너지","12","0","KOSPI","-1.89","2707.24","","2759.3"
"A230240","에치에프알","12","0","KOSDAQ","-3.15","490.44","","506.41"
"A230360","에코마케팅","12","0","KOSDAQ","0","495.98","","495.98"
"A232140","와이씨","12","0","KOSDAQ","-0.93","1751.67","","1768.08"
"A232680","라온로보틱스","12","0","KOSDAQ","-1.07","229.66","","232.15"
"A232830","아이티센피엔에스","12","0","KOSDAQ","6.43","84.82","","79.69"
"A234030","싸이닉솔루션","12","0","KOSDAQ","-3.91","156.74","","163.11"
"A234080","JW생명과학","12","0","KOSPI","-2.17","199.52","","203.95"
"A234100","폴라리스세원","12","0","KOSDAQ","0","74.47","","74.47"
"A234300","에스트래픽","12","0","KOSDAQ","-3.55","96.18","","99.72"
"A234340","헥토파이낸셜","12","0","KOSDAQ","14.41","554.64","","484.78"
"A234690","녹십자웰빙","12","0","KOSDAQ","-4.65","195.26","","204.78"
"A234920","자이글","12","0","KOSDAQ","0","71.85","","71.85"
"A235980","메드팩토","12","0","KOSDAQ","-3.68","161.44","","167.61"
"A236200","슈프리마","12","0","KOSDAQ","-4.32","347.67","","363.36"
"A236810","엔비티","12","0","KOSDAQ","-3.18","30.5","","31.51"
"A237690","에스티팜","12","0","KOSDAQ","-6.41","3043.8","","3252.28"
"A237750","피앤씨테크","12","0","KOSDAQ","-2.56","37.03","","38.01"
"A237820","플레이디","12","0","KOSDAQ","-4.83","54.39","","57.14"
"A237880","클리오","12","0","KOSDAQ","5.2","248.48","","236.19"
"A238090","앤디포스","12","0","KOSDAQ","-8.95","105.5","","115.86"
"A238120","얼라인드","12","0","KOSDAQ","-0.6","59.74","","60.1"
"A238200","비피도","12","0","KOSDAQ","3.68","24.21","","23.35"
"A238490","힘스","12","0","KOSDAQ","-0.86","39.25","","39.59"
"A239340","이스트에이드","12","0","KOSDAQ","-5.22","35.29","","37.23"
"A239610","에이치엘사이언스","12","0","KOSDAQ","-1.7","43.73","","44.48"
"A239890","피엔에이치테크","12","0","KOSDAQ","2.11","57.73","","56.53"
"A240550","동방메디컬","12","0","KOSDAQ","11.84","160.14","","143.19"
"A240600","유진테크놀로지","12","0","KOSDAQ","-3.33","23.14","","23.94"
"A240810","원익IPS","12","0","KOSDAQ","6.55","6950.28","","6523.25"
"A241520","DSC인베스트먼트","12","0","KOSDAQ","0.7","421.08","","418.15"
"A241560","두산밥캣","12","1","KOSPI","-2.27","7016.66","","7179.62"
"A241590","화승엔터프라이즈","12","0","KOSPI","-2.45","276.89","","283.86"
"A241690","유니테크노","12","0","KOSDAQ","-4.49","93.72","","98.13"
"A241710","코스메카코리아","12","0","KOSDAQ","11.33","913.14","","820.22"
"A241770","메카로","12","0","KOSDAQ","-1.75","371.52","","378.15"
"A241790","티이엠씨씨엔에스","12","0","KOSDAQ","0","90.02","","90.02"
"A241820","피씨엘","12","0","KOSDAQ","0","16.8","","16.8"
"A241840","에이스토리","12","0","KOSDAQ","-7.56","42.6","","46.08"
"A242040","나무에이엑스","12","0","KOSDAQ","2.01","158.32","","155.21"
"A243070","휴온스","12","0","KOSDAQ","13.22","410.3","","362.38"
"A243840","신흥에스이씨","12","0","KOSDAQ","-4.4","369","","385.97"
"A244460","올리패스","12","0","KOSDAQ","0","13.42","","13.42"
"A244920","에이플러스에셋","12","0","KOSPI","-2.95","230.37","","237.38"
"A245620","EDGC","12","0","KOSDAQ","0","57.47","","57.47"
"A246250","에스엘에스바이오","12","0","KOSDAQ","0","30.22","","30.22"
"A246690","TS인베스트먼트","12","0","KOSDAQ","-4.59","79.99","","83.84"
"A246710","티앤알바이오팹","12","0","KOSDAQ","-4.62","122.97","","128.93"
"A246720","아스타","12","0","KOSDAQ","0","99.43","","99.43"
"A246960","SCL사이언스","12","0","KOSDAQ","-3.5","62.86","","65.14"
"A247540","에코프로비엠","12","0","KOSDAQ","-6.53","21718.36","","23234.73"
"A247660","나노씨엠에스","12","0","KOSDAQ","0.1","20.96","","20.94"
"A248070","솔루엠","12","0","KOSPI","-7.03","1011.31","","1087.82"
"A248170","샘표식품","12","0","KOSPI","-1.69","119.92","","121.97"
"A249420","일동제약","12","0","KOSPI","-1.95","716.61","","730.84"
"A250000","보라티알","12","0","KOSDAQ","-0.67","49.75","","50.09"
"A250060","모비스","12","0","KOSDAQ","-3.52","154.1","","159.73"
"A250930","예선테크","12","0","KOSDAQ","-3.13","15.35","","15.84"
"A251120","바이오에프디엔씨","12","0","KOSDAQ","-3.35","113.04","","116.96"
"A251270","넷마블","12","1","KOSPI","-0.58","3503.81","","3524.3"
"A251370","와이엠티","12","0","KOSDAQ","-5.46","341.94","","361.68"
"A251630","브이원텍","12","0","KOSDAQ","0.16","97.25","","97.09"
"A251970","펌텍코리아","12","0","KOSDAQ","-0.12","517.7","","518.32"
"A252500","세화피앤씨","12","0","KOSDAQ","-2.63","33.73","","34.64"
"A252990","샘씨엔에스","12","0","KOSDAQ","-4.69","783.43","","821.97"
"A253450","스튜디오드래곤","12","0","KOSDAQ","-3.31","921.29","","952.85"
"A253590","네오셈","12","0","KOSDAQ","-5.11","740.95","","780.87"
"A253840","수젠텍","12","0","KOSDAQ","-3.2","101.3","","104.65"
"A254120","자비스","12","0","KOSDAQ","13.33","52.28","","46.13"
"A254490","미래반도체","12","0","KOSDAQ","29.98","578.96","","445.41"
"A255220","SG","12","0","KOSDAQ","-2.79","266.79","","274.46"
"A255440","야스","12","0","KOSDAQ","-3.89","141.81","","147.56"
"A256150","한독크린텍","12","0","KOSDAQ","-2.24","43.91","","44.91"
"A256630","포인트엔지니어링","12","0","KOSDAQ","0","68.15","","68.15"
"A256840","한국비엔씨","12","0","KOSDAQ","-3.98","247.25","","257.51"
"A256940","킵스파마","12","0","KOSDAQ","-3.95","136.53","","142.15"
"A257370","피엔티엠에스","12","0","KOSDAQ","-4.43","39.14","","40.95"
"A257720","실리콘투","12","0","KOSDAQ","-1.78","2706.86","","2755.79"
"A258610","케일럼","12","0","KOSDAQ","-3.18","44.44","","45.9"
"A258790","소프트캠프","12","0","KOSDAQ","0","42.94","","42.94"
"A258830","세종메디칼","12","0","KOSDAQ","0","31.22","","31.22"
"A259630","엠플러스","12","0","KOSDAQ","-3.32","200.78","","207.68"
"A259960","크래프톤","12","1","KOSPI","4.21","13487.67","","12942.47"
"A260660","알리코제약","12","0","KOSDAQ","-4.03","51.12","","53.26"
"A260930","씨티케이","12","0","KOSDAQ","-3.44","67.79","","70.21"
"A260970","에스앤디","12","0","KOSDAQ","-2.84","158.52","","163.15"
"A261200","덴티스","12","0","KOSDAQ","-3.83","55.65","","57.86"
"A261520","이지스","12","0","KOSDAQ","-3.23","70.81","","73.18"
"A261780","아리바이오랩","12","0","KOSDAQ","-3.3","78.86","","81.55"
"A262260","에이프로","12","0","KOSDAQ","-7.24","144.68","","155.97"
"A262840","아이퀘스트","12","0","KOSDAQ","-2.26","36.56","","37.41"
"A263020","디케이앤디","12","0","KOSDAQ","1.07","52.51","","51.95"
"A263050","유틸렉스","12","0","KOSDAQ","0","35.32","","35.32"
"A263600","덕우전자","12","0","KOSDAQ","1.45","100.04","","98.61"
"A263690","디알젬","12","0","KOSDAQ","-2.46","62.97","","64.56"
"A263700","케어랩스","12","0","KOSDAQ","-2.44","46.59","","47.76"
"A263720","디앤씨미디어","12","0","KOSDAQ","-3.78","139.02","","144.48"
"A263750","펄어비스","12","0","KOSDAQ","1.71","3430.84","","3373.01"
"A263770","유에스티","12","0","KOSDAQ","-2.3","47.35","","48.47"
"A263800","데이타솔루션","12","0","KOSDAQ","-1.7","84.7","","86.16"
"A263810","상신전자","12","0","KOSDAQ","-2.01","46.66","","47.62"
"A263860","지니언스","12","0","KOSDAQ","0","143.46","","143.46"
"A263920","휴엠앤씨","12","0","KOSDAQ","-2.35","36.69","","37.57"
"A264450","유비쿼스","12","0","KOSDAQ","-3.13","226.88","","234.21"
"A264660","씨앤지하이테크","12","0","KOSDAQ","1.75","225.53","","221.64"
"A264850","이랜시스","12","0","KOSDAQ","8.32","264.17","","243.87"
"A264900","크라운제과","12","0","KOSPI","-0.34","110.08","","110.46"
"A265520","AP시스템","12","0","KOSDAQ","-4.97","431.96","","454.53"
"A265560","영화테크","12","0","KOSDAQ","-4.63","105.62","","110.75"
"A265740","엔에프씨","12","0","KOSDAQ","-1.57","123.08","","125.05"
"A267250","HD현대","12","1","KOSPI","1.56","23184.47","","22829"
"A267260","HD현대일렉트릭","12","1","KOSPI","-2.92","49096.2","","50574.13"
"A267270","HD건설기계","12","0","KOSPI","-2.54","8654.53","","8880.01"
"A267290","경동도시가스","12","0","KOSPI","-0.66","132.94","","133.83"
"A267320","나인테크","12","0","KOSDAQ","0.29","200.38","","199.81"
"A267790","배럴","12","0","KOSDAQ","-4.25","26.87","","28.07"
"A267850","아시아나IDT","12","0","KOSPI","-2.42","116.33","","119.21"
"A267980","매일유업","12","0","KOSDAQ","-1.4","269.38","","273.21"
"A268280","미원에스씨","12","1","KOSPI","-3.6","575.5","","597"
"A269620","시스웍","12","0","KOSDAQ","0","132.09","","132.09"
"A270520","앱튼","12","0","KOSDAQ","-22.18","28.76","","36.96"
"A270660","에브리봇","12","0","KOSDAQ","-1.98","231.98","","236.68"
"A270870","뉴트리","12","0","KOSDAQ","1.07","39.05","","38.64"
"A271560","오리온","12","1","KOSPI","-1.13","5519.24","","5582.5"
"A271830","팸텍","12","0","KOSDAQ","-4.67","43.94","","46.09"
"A271940","일진하이솔루스","12","0","KOSPI","-3.48","623.86","","646.37"
"A271980","제일약품","12","0","KOSPI","-4.01","193.66","","201.75"
"A272110","케이엔제이","12","0","KOSDAQ","5.1","322.62","","306.97"
"A272210","한화시스템","12","1","KOSPI","0.17","21933.54","","21895.76"
"A272290","이녹스첨단소재","12","0","KOSDAQ","-4.67","712.77","","747.66"
"A272450","진에어","12","0","KOSPI","-4.55","328.86","","344.52"
"A272550","삼양패키징","12","0","KOSPI","-1.17","165.3","","167.26"
"A273060","와이즈버즈","12","0","KOSDAQ","2.39","62.77","","61.31"
"A273640","와이엠텍","12","0","KOSDAQ","-4.74","138.83","","145.74"
"A274090","켄코아에어로스페이스","12","0","KOSDAQ","2.75","308.23","","299.99"
"A274400","이노시뮬레이션","12","0","KOSDAQ","-3.61","33.98","","35.26"
"A275630","에스에스알","12","0","KOSDAQ","0.86","21.54","","21.36"
"A276040","스코넥","12","0","KOSDAQ","0","7.07","","7.07"
"A276730","한울앤제주","12","0","KOSDAQ","6.22","31.76","","29.9"
"A277070","린드먼아시아","12","0","KOSDAQ","-2.03","56.14","","57.3"
"A277410","인산가","12","0","KOSDAQ","-1.03","40.52","","40.95"
"A277810","레인보우로보틱스","12","0","KOSDAQ","10.33","16780.88","","15209.49"
"A277880","티에스아이","12","0","KOSDAQ","-4.24","111.92","","116.88"
"A278280","천보","12","0","KOSDAQ","-3.29","715.81","","740.15"
"A278470","에이피알","12","1","KOSPI","0.92","16397.91","","16248.16"
"A278650","HLB바이오스텝","12","0","KOSDAQ","0","110.87","","110.87"
"A279570","케이뱅크","12","0","KOSPI","-2.69","2348.97","","2413.89"
"A279600","미디어젠","12","0","KOSDAQ","-6","23.47","","24.97"
"A280360","롯데웰푸드","12","1","KOSPI","-4.7","1131.44","","1187.26"
"A281740","레이크머티리얼즈","12","0","KOSDAQ","-4.51","1390.2","","1455.93"
"A281820","케이씨텍","12","0","KOSPI","4.25","1409.66","","1352.25"
"A282330","BGF리테일","12","1","KOSPI","-4.26","2293.57","","2395.55"
"A282720","금양그린파워","12","0","KOSDAQ","-7.07","162.4","","174.76"
"A282880","코윈테크","12","0","KOSDAQ","1.46","195.06","","192.25"
"A284620","카이노스메드","12","0","KOSDAQ","0","35.97","","35.97"
"A284740","쿠쿠홈시스","12","0","KOSPI","-1.03","538.5","","544.11"
"A285130","SK케미칼","12","1","KOSPI","-4.15","918.56","","958.35"
"A285490","노바텍","12","0","KOSDAQ","-3.33","230.55","","238.48"
"A285800","진영","12","0","KOSDAQ","-3.51","29.34","","30.41"
"A286750","나노실리칸첨단소재","12","0","KOSDAQ","-5.78","44.94","","47.69"
"A286940","롯데이노베이트","12","0","KOSPI","-4.45","324.52","","339.65"
"A287840","인투셀","12","0","KOSDAQ","-2.47","503.99","","516.76"
"A288180","케이피항공산업","12","0","외감","","","",""
"A288330","파라택시스코리아","12","0","KOSDAQ","0","44.13","","44.13"
"A288620","에스프리즘","12","0","KOSDAQ","3.34","77.82","","75.31"
"A288980","모아데이타","12","0","KOSDAQ","8.79","42.78","","39.33"
"A289010","아이스크림에듀","12","0","KOSDAQ","-1.35","21.45","","21.74"
"A289080","SV인베스트먼트","3","0","KOSDAQ","-0.12","217.54","","217.81"
"A289220","자이언트스텝","12","0","KOSDAQ","-6.06","60.58","","64.48"
"A289930","웨이비스","12","0","KOSDAQ","-2","242.93","","247.88"
"A290090","트윔","12","0","KOSDAQ","-5.65","47.25","","50.07"
"A290120","DH오토리드","12","0","KOSDAQ","-4.12","44.23","","46.13"
"A290270","휴네시온","12","0","KOSDAQ","-3","37.23","","38.38"
"A290520","신도기연","12","0","KOSDAQ","-3.44","42.53","","44.04"
"A290550","디케이티","12","0","KOSDAQ","-0.48","621.04","","624.04"
"A290560","파라택시스이더리움","12","0","KOSDAQ","-5.7","36.27","","38.46"
"A290650","엘앤씨바이오","12","0","KOSDAQ","0.65","1543","","1533.06"
"A290660","다이나믹솔루션","12","0","KOSDAQ","-5.4","95.82","","101.29"
"A290670","대보마그네틱","12","0","KOSDAQ","-4.82","85.26","","89.58"
"A290690","아리바이오홀딩스","12","0","KOSDAQ","0.15","161.83","","161.58"
"A290720","푸드나무","12","0","KOSDAQ","-4.44","113.44","","118.71"
"A290740","액트로","12","0","KOSDAQ","-5.24","180.36","","190.33"
"A291230","엔피","12","0","KOSDAQ","-4.47","32.06","","33.56"
"A291650","압타머사이언스","12","0","KOSDAQ","-14.62","78.8","","92.29"
"A291810","핀텔","12","0","KOSDAQ","1.14","19.14","","18.93"
"A293480","하나제약","12","0","KOSPI","0.21","171.51","","171.15"
"A293490","카카오게임즈","12","0","KOSDAQ","-4.39","996.63","","1042.43"
"A293580","나우IB","12","0","KOSDAQ","-0.39","243.97","","244.92"
"A293780","압타바이오","12","0","KOSDAQ","-8.13","206.49","","224.75"
"A294090","이오플로우","12","0","KOSDAQ","0","62","","62"
"A294140","레몬","12","0","KOSDAQ","-3.17","71.95","","74.31"
"A294570","쿠콘","12","0","KOSDAQ","-1.91","284.59","","290.14"
"A294630","서남","12","0","KOSDAQ","-3.06","112.85","","116.41"
"A294870","IPARK현대산업개발","12","0","KOSPI","-0.86","1519.16","","1532.35"
"A295310","에이치브이엠","12","0","KOSDAQ","18.02","1276.1","","1081.25"
"A296640","이노에이엑스","12","0","KOSDAQ","-5.4","36.3","","38.37"
"A297090","씨에스베어링","12","0","KOSDAQ","-5.64","196.07","","207.8"
"A297570","아틀라스링크","12","0","KOSDAQ","5.98","56.47","","53.28"
"A297890","HB솔루션","12","0","KOSDAQ","-2.68","186.14","","191.26"
"A298000","효성화학","12","0","KOSPI","0","147.5","","147.5"
"A298020","효성티앤씨","12","1","KOSPI","-3.89","2031.85","","2114.07"
"A298040","효성중공업","12","1","KOSPI","-1.48","40403.27","","41009.36"
"A298050","HS효성첨단소재","12","1","KOSPI","-4.85","1097.59","","1153.59"
"A298060","풍전약품","12","0","KOSDAQ","0","40.98","","40.98"
"A298380","에이비엘바이오","12","0","KOSDAQ","-1.84","7149.6","","7283.97"
"A298540","더네이쳐홀딩스","12","0","KOSDAQ","-3.13","111.98","","115.6"
"A298690","에어부산","12","0","KOSPI","-2.94","230.95","","237.95"
"A298830","슈어소프트테크","12","0","KOSDAQ","1.22","442.1","","436.76"
"A299030","하나기술","12","0","KOSDAQ","-4.85","211.87","","222.66"
"A299170","더블유에스아이","12","0","KOSDAQ","-2.78","87.17","","89.66"
"A299660","셀리드","12","0","KOSDAQ","-5.65","96.03","","101.79"
"A299900","위지윅스튜디오","12","0","KOSDAQ","-3.67","62.95","","65.34"
"A300080","플리토","12","0","KOSDAQ","-1.22","187.5","","189.81"
"A300120","라온피플","12","0","KOSDAQ","-1.29","49.36","","50"
"A300720","한일시멘트","12","1","KOSPI","-1.96","1217.17","","1241.44"
"A301300","바이브컴퍼니","12","0","KOSDAQ","-7.47","30.98","","33.48"
"A302430","이노메트리","12","0","KOSDAQ","-2.04","99.22","","101.28"
"A302440","SK바이오사이언스","12","1","KOSPI","-0.24","3310.87","","3318.71"
"A302550","리메드","12","0","KOSDAQ","-3.74","87.47","","90.87"
"A303030","지니틱스","12","0","KOSDAQ","-8.28","26.88","","29.3"
"A303360","프로티아","12","0","KOSDAQ","-1.83","62.08","","63.24"
"A303530","이노뎁","12","0","KOSDAQ","-0.11","34.64","","34.68"
"A303810","동국생명과학","12","0","KOSDAQ","-2.42","102.99","","105.55"
"A304100","솔트룩스","12","0","KOSDAQ","-2.49","271.4","","278.32"
"A304360","에스바이오메딕스","12","0","KOSDAQ","-3.43","401.28","","415.52"
"A304840","피플바이오","12","0","KOSDAQ","-4.27","28.97","","30.26"
"A305090","마이크로디지탈","12","0","KOSDAQ","-7.45","91.21","","98.55"
"A306040","에스제이그룹","12","0","KOSDAQ","-8.68","57.12","","62.55"
"A306200","세아제강","12","0","KOSPI","-6.26","462.6","","493.52"
"A306620","지아이에스","12","0","KOSDAQ","-3.51","158.21","","163.96"
"A307180","아이엘","12","0","KOSDAQ","-1.38","273.89","","277.71"
"A307280","원바이오젠","12","0","KOSDAQ","-1.03","54.42","","54.98"
"A307750","국전","12","0","KOSDAQ","-4.68","192.46","","201.91"
"A307870","비투엔","12","0","KOSDAQ","-1.32","77.57","","78.61"
"A307930","컴퍼니케이","12","0","KOSDAQ","-4.89","136.59","","143.61"
"A307950","현대오토에버","12","1","KOSPI","7.26","17414.23","","16235"
"A308080","바이젠셀","12","0","KOSDAQ","3.43","234.72","","226.93"
"A308100","형지글로벌","12","0","KOSDAQ","-7.3","20.13","","21.72"
"A308170","씨티알모빌리티","12","0","KOSPI","-4.71","43.57","","45.72"
"A308430","셀비온","12","0","KOSDAQ","-5.22","361.21","","381.1"
"A309710","아이티켐","12","0","KOSDAQ","0","268.44","","268.44"
"A309930","조이웍스앤코","12","0","KOSDAQ","0","54.12","","54.12"
"A309960","LB인베스트먼트","12","0","KOSDAQ","-1.19","134.66","","136.29"
"A310200","애니플러스","12","0","KOSDAQ","-2.45","135.1","","138.49"
"A310210","보로노이","12","0","KOSDAQ","-3.87","5032.99","","5235.42"
"A310870","디와이씨","12","0","KOSDAQ","-4.8","28.73","","30.18"
"A311320","지오엘리먼트","12","0","KOSDAQ","20.85","132.33","","109.49"
"A311390","네오크레마","12","0","KOSDAQ","-3.09","53.59","","55.3"
"A311690","CJ 바이오사이언스","12","0","KOSDAQ","-3.37","97.34","","100.73"
"A312610","에이에프더블류","12","0","KOSDAQ","-6.72","23.62","","25.32"
"A313760","캐리","12","0","KOSDAQ","0","5.24","","5.24"
"A314130","지놈앤컴퍼니","12","0","KOSDAQ","0","245.88","","245.88"
"A314140","알피바이오","12","0","KOSDAQ","-4.23","50.96","","53.21"
"A314930","바이오다인","12","0","KOSDAQ","-2.96","331.57","","341.69"
"A315640","딥노이드","12","0","KOSDAQ","-4.78","90.76","","95.31"
"A316140","우리금융지주","12","1","KOSPI","-1.07","23857.48","","24114.41"
"A317120","라닉스","12","0","KOSDAQ","0.63","36.7","","36.47"
"A317240","TS트릴리온","12","0","KOSDAQ","-9.01","35.36","","38.86"
"A317330","덕산테코피아","12","0","KOSDAQ","1.33","622.49","","614.3"
"A317400","자이에스앤디","12","0","KOSPI","-4.49","169.09","","177.04"
"A317450","명인제약","12","0","KOSPI","-1.67","772.34","","785.48"
"A317530","에피소드컴퍼니","12","0","KOSDAQ","-6.01","62.98","","67.01"
"A317690","퀀타매트릭스","12","0","KOSDAQ","-1.66","77.62","","78.93"
"A317770","엑스페릭스","12","0","KOSDAQ","6.52","143.03","","134.27"
"A317830","에스피시스템스","12","0","KOSDAQ","2.89","122.82","","119.37"
"A317850","대모","12","0","KOSDAQ","-7.16","72.34","","77.92"
"A317870","엔바이오니아","12","0","KOSDAQ","-4.53","63.31","","66.31"
"A318000","KBG","12","0","KOSDAQ","-2.38","37.71","","38.63"
"A318010","팜스빌","12","0","KOSDAQ","-0.56","28.07","","28.23"
"A318020","포인트모바일","12","0","KOSDAQ","-6.59","41.82","","44.78"
"A318060","그래피","12","0","KOSDAQ","-6.73","325.14","","348.6"
"A318160","셀바이오휴먼텍","12","0","KOSDAQ","2.07","73.61","","72.11"
"A318410","비비씨","12","0","KOSDAQ","-0.27","40.5","","40.61"
"A319400","현대무벡스","12","0","KOSDAQ","1.98","4310.25","","4226.72"
"A319660","피에스케이","12","0","KOSDAQ","9.81","3308","","3012.54"
"A320000","한울반도체","12","0","KOSDAQ","29.99","86.43","","66.49"
"A321260","프로이천","12","0","KOSDAQ","15.16","122.07","","106"
"A321370","센서뷰","12","0","KOSDAQ","9.33","181.6","","166.1"
"A321550","티움바이오","12","0","KOSDAQ","-3.17","302.68","","312.58"
"A321820","아티스트컴퍼니","12","0","KOSDAQ","-4.52","64.24","","67.28"
"A322000","HD현대에너지솔루션","12","0","KOSPI","-3.45","2132.48","","2208.64"
"A322180","LS티라유텍","12","0","KOSDAQ","-4.05","198.13","","206.5"
"A322310","오로스테크놀로지","12","0","KOSDAQ","-2.82","322.68","","332.04"
"A322510","제이엘케이","12","0","KOSDAQ","-3.12","159.76","","164.9"
"A322780","코퍼스코리아","12","0","KOSDAQ","0","20.55","","20.55"
"A323280","태성","12","0","KOSDAQ","-1.44","2302.56","","2336.16"
"A323350","다원넥스뷰","12","0","KOSDAQ","2.46","183.45","","179.04"
"A323410","카카오뱅크","12","1","KOSPI","-2.11","11045.34","","11283.9"
"A323990","박셀바이오","12","0","KOSDAQ","-4.34","153.73","","160.71"
"A326030","SK바이오팜","12","1","KOSPI","-0.8","7721.69","","7784.34"
"A327260","RF머트리얼즈","12","0","KOSDAQ","2.64","990.53","","965.05"
"A328130","루닛","12","0","KOSDAQ","-3.54","558.46","","578.95"
"A328380","솔트웨어","12","0","KOSDAQ","0","30.32","","30.32"
"A329180","HD현대중공업","12","1","KOSPI","4.1","71898.44","","69064.49"
"A330350","위더스제약","12","0","KOSDAQ","-4.22","107.86","","112.61"
"A330730","스톤브릿지벤처스","12","0","KOSDAQ","2.35","119.14","","116.41"
"A330860","네패스아크","12","0","KOSDAQ","10.65","537.93","","486.14"
"A331380","포커스에이아이","12","0","KOSDAQ","-0.49","66.12","","66.44"
"A331520","밸로프","12","0","KOSDAQ","-0.38","27.01","","27.11"
"A331740","아우토크립트","12","0","KOSDAQ","-2.49","133.77","","137.18"
"A331920","셀레믹스","12","0","KOSDAQ","-0.72","113.07","","113.89"
"A332290","누보","12","0","KOSDAQ","-3.92","47.89","","49.84"
"A332370","아이디피","12","0","KOSDAQ","0","70.09","","70.09"
"A332570","PS일렉트로닉스","12","0","KOSDAQ","3.8","542.13","","522.28"
"A333050","이노테나","12","0","KOSDAQ","0","34.29","","34.29"
"A333430","일승","12","0","KOSDAQ","-0.84","180.67","","182.21"
"A333620","엔시스","12","0","KOSDAQ","1.85","75.37","","74"
"A334970","프레스티지바이오로직스","6","0","KOSDAQ","-3.26","161.73","","167.17"
"A335810","프리시젼바이오","12","0","KOSDAQ","-5.75","45","","47.74"
"A335870","윙스풋","12","0","KOSDAQ","0.69","31.78","","31.56"
"A336060","웨이버스","12","0","KOSDAQ","-6.23","46.37","","49.46"
"A336260","두산퓨얼셀","12","0","KOSPI","12.05","6333.24","","5652.11"
"A336370","솔루스첨단소재","12","0","KOSPI","-5.1","862.27","","908.61"
"A336570","원텍","12","0","KOSDAQ","5.85","793.68","","749.79"
"A336680","탑런토탈솔루션","12","0","KOSDAQ","-1.56","148.56","","150.91"
"A337930","젝시믹스","12","0","KOSDAQ","-3.67","120.63","","125.23"
"A338220","뷰노","12","0","KOSDAQ","-5.81","167.88","","178.24"
"A338840","와이바이오로직스","12","0","KOSDAQ","-6.18","305.64","","325.77"
"A339770","교촌에프앤비","12","0","KOSPI","-2.42","211.85","","217.1"
"A339950","아이비김영","12","0","KOSDAQ","-3.13","118.21","","122.03"
"A340360","다보링크","12","0","KOSDAQ","-5.32","75.91","","80.18"
"A340440","세림B&G","12","0","KOSDAQ","-1.45","50.26","","51"
"A340450","지씨지놈","12","0","KOSDAQ","-4.58","167.68","","175.73"
"A340570","티앤엘","12","0","KOSDAQ","-3.6","457.61","","474.68"
"A340810","시선AI","12","0","KOSDAQ","-3.45","41.96","","43.46"
"A340930","성원에너텍","12","0","KOSDAQ","0","55.51","","55.51"
"A342870","오아","12","0","KOSDAQ","-5.85","35.97","","38.21"
"A344820","KCC글라스","12","0","KOSPI","-3.21","433.6","","447.97"
"A344860","이노진","12","0","KOSDAQ","-1.34","17.68","","17.92"
"A347000","센코","12","0","KOSDAQ","-0.21","90.94","","91.12"
"A347700","스피어","12","0","KOSDAQ","12.72","2351.69","","2086.22"
"A347740","피엔케이피부임상연구센타","12","0","KOSDAQ","0.63","72.03","","71.58"
"A347770","핌스","12","0","KOSDAQ","-3","48.11","","49.6"
"A347850","디앤디파마텍","12","0","KOSDAQ","-0.14","3096.95","","3101.33"
"A347860","알체라","12","0","KOSDAQ","-2.53","95.61","","91.94"
"A347890","엠엑스온","12","0","KOSDAQ","-3.01","98.39","","101.44"
"A348030","모비릭스","12","0","KOSDAQ","-3.98","21.99","","22.91"
"A348080","큐라티스","12","0","KOSDAQ","-6.69","82.08","","87.97"
"A348150","고바이오랩","12","0","KOSDAQ","-4.15","91.85","","95.83"
"A348210","넥스틴","12","0","KOSDAQ","-2.39","728.15","","745.96"
"A348340","뉴로메카","12","0","KOSDAQ","2.91","829.5","","806.01"
"A348350","위드텍","12","0","KOSDAQ","2.91","116.35","","113.06"
"A348370","엔켐","12","0","KOSDAQ","-3.4","901.64","","933.41"
"A351320","넥사다이내믹스","12","0","KOSDAQ","-0.61","43.72","","43.98"
"A351330","이삭엔지니어링","12","0","KOSDAQ","0.24","68.55","","68.38"
"A351870","차이커뮤니케이션","12","0","KOSDAQ","-1.36","44.48","","45.09"
"A352090","스톰테크","12","0","KOSDAQ","4.89","106.55","","101.58"
"A352480","씨앤씨인터내셔널","12","0","KOSDAQ","-1.84","363.24","","370.05"
"A352700","씨앤투스","12","0","KOSDAQ","-2.4","51.29","","52.55"
"A352770","셀레스트라","12","0","KOSDAQ","0","13.61","","13.61"
"A352820","하이브","12","1","KOSPI","-2.42","10409.19","","10667.81"
"A352910","오비고","12","0","KOSDAQ","7.09","78.23","","73.05"
"A352940","인바이오","12","0","KOSDAQ","-1.09","24.67","","24.94"
"A353190","휴럼","12","0","KOSDAQ","-3.41","24.57","","25.44"
"A353200","대덕전자","12","0","KOSPI","2.11","6216.65","","6088.17"
"A353590","오토앤","12","0","KOSDAQ","-3.48","39.27","","40.69"
"A353810","이지바이오","12","0","KOSDAQ","-3.52","244.48","","253.41"
"A354200","엔젠바이오","12","0","KOSDAQ","4.74","31.42","","30"
"A354320","알멕","12","0","KOSDAQ","1.45","536.88","","529.21"
"A355150","코스텍시스","12","0","KOSDAQ","6.9","459.26","","429.63"
"A355390","크라우드웍스","12","0","KOSDAQ","-4.06","51.56","","53.74"
"A355690","에이텀","12","0","KOSDAQ","0.96","28.38","","28.11"
"A356680","엑스게이트","12","0","KOSDAQ","-3.41","436.72","","452.13"
"A356860","티엘비","12","0","KOSDAQ","-1.18","987.2","","999"
"A356890","싸이버원","12","0","KOSDAQ","-2.68","43.39","","44.59"
"A357230","에이치피오","12","0","KOSDAQ","0.9","115.21","","114.18"
"A357550","석경에이티","12","0","KOSDAQ","-1.71","313.66","","319.12"
"A357580","아모센스","12","0","KOSDAQ","-6.81","213.14","","228.73"
"A357780","솔브레인","12","0","KOSDAQ","1.19","3628.7","","3585.92"
"A357880","SKAI","12","0","KOSDAQ","9.7","202.29","","184.02"
"A358570","지아이이노베이션","12","0","KOSDAQ","-3.22","907.68","","937.87"
"A359090","씨엔알리서치","12","0","KOSDAQ","0.14","40.52","","40.46"
"A360070","탑머티리얼","12","0","KOSDAQ","-4.93","143.67","","151.12"
"A360350","코셈","12","0","KOSDAQ","0.07","77.38","","77.33"
"A361390","제노코","12","0","KOSDAQ","0.87","283.33","","280.89"
"A361570","알비더블유","12","0","KOSDAQ","-1.96","53.32","","54.38"
"A361610","SK아이이테크놀로지","12","1","KOSPI","-7.2","2003.78","","2159.18"
"A361670","삼영에스앤씨","12","0","KOSDAQ","-4.57","17.14","","17.97"
"A362320","청담글로벌","12","0","KOSDAQ","-0.92","102.9","","103.85"
"A362990","드림인사이트","12","0","KOSDAQ","-3.09","26.91","","27.77"
"A363250","진시스템","12","0","KOSDAQ","-2.53","42.54","","43.65"
"A363260","모비데이즈","12","0","KOSDAQ","-1.96","46.61","","47.54"
"A363280","티와이홀딩스","12","0","KOSPI","-0.91","136.92","","138.18"
"A364950","에이아이코리아","12","0","KOSDAQ","-3.8","54.59","","56.75"
"A365270","큐라클","12","0","KOSDAQ","5.55","337.64","","319.88"
"A365330","에스와이스틸텍","12","0","KOSDAQ","-4.83","177.86","","186.89"
"A365340","성일하이텍","12","0","KOSDAQ","-5.58","892.23","","945"
"A365590","하이딥","12","0","KOSDAQ","-4.06","59.31","","61.82"
"A365900","브이씨","12","0","KOSDAQ","1.47","22.7","","22.37"
"A366030","나인앤컴퍼니","12","0","KOSDAQ","0.61","150.42","","149.52"
"A367000","플래티어","12","0","KOSDAQ","-3.42","33.13","","34.31"
"A368600","아이씨에이치","12","0","KOSDAQ","5.37","27.58","","26.18"
"A368770","파이버프로","12","0","KOSDAQ","9.01","795.07","","729.36"
"A368970","오에스피","12","0","KOSDAQ","0","17.59","","17.59"
"A369370","블리츠웨이엔터테인먼트","12","0","KOSDAQ","-2.65","55.01","","56.5"
"A370090","퓨런티어","12","0","KOSDAQ","0.69","125.1","","124.25"
"A371950","풍원정밀","12","0","KOSDAQ","13.08","248.83","","220.05"
"A372170","윤성에프앤씨","12","0","KOSDAQ","-3.85","259.32","","269.69"
"A372320","큐로셀","12","0","KOSDAQ","-5.15","657.68","","693.37"
"A372800","아이티아이즈","12","0","KOSDAQ","-1.01","27.62","","27.9"
"A372910","한컴라이프케어","12","0","KOSPI","-3.88","65.17","","67.8"
"A373110","엑셀세라퓨틱스","12","0","KOSDAQ","-1.49","26.3","","26.7"
"A373160","데이원컴퍼니","12","0","KOSDAQ","-2.09","64.76","","66.14"
"A373170","엠아이큐브솔루션","12","0","KOSDAQ","0.85","44.59","","44.21"
"A373200","엑스플러스","12","0","KOSDAQ","0","72.33","","72.33"
"A373220","LG에너지솔루션","12","1","KOSPI","-1.78","109512","","111501"
"A375500","DL이앤씨","12","1","KOSPI","-4.3","3532.73","","3691.37"
"A376180","피코그램","12","0","KOSDAQ","-7.09","48.63","","52.34"
"A376270","HEM파마","12","0","KOSDAQ","0.86","503.75","","499.44"
"A376290","씨유테크","12","0","KOSDAQ","-2.11","49.09","","50.15"
"A376300","디어유","12","0","KOSDAQ","-3.1","667.05","","688.41"
"A376900","로킷헬스케어","12","0","KOSDAQ","10.69","1205.59","","1089.12"
"A376930","노을","12","0","KOSDAQ","-4.18","60.01","","62.63"
"A376980","원티드랩","12","0","KOSDAQ","-3.21","36.87","","38.09"
"A377030","비트맥스","12","0","KOSDAQ","3.95","33.79","","32.51"
"A377220","프롬바이오","12","0","KOSDAQ","-5.11","32.05","","33.77"
"A377300","카카오페이","12","1","KOSPI","4.21","8033.57","","7708.99"
"A377330","이지트로닉스","12","0","KOSDAQ","-2.14","29.75","","30.4"
"A377450","리파인","12","0","KOSDAQ","-3.36","199.3","","206.23"
"A377460","큐에이드","12","0","KOSDAQ","0","253.19","","253.19"
"A377480","마음AI","12","0","KOSDAQ","-5.92","120.8","","128.41"
"A377740","바이오노트","12","0","KOSPI","-0.9","503.32","","507.9"
"A378340","필에너지","12","0","KOSDAQ","-3.71","415.42","","431.43"
"A378800","샤페론","12","0","KOSDAQ","-5.79","79.08","","83.93"
"A378850","화승알앤에이","12","0","KOSPI","-4.26","64.01","","66.86"
"A380540","옵티코어","12","0","KOSDAQ","0","206.66","","206.66"
"A380550","뉴로핏","12","0","KOSDAQ","-4.33","221.52","","231.56"
"A381620","제닉스로보틱스","12","0","KOSDAQ","6.66","163.84","","153.61"
"A381970","케이카","12","0","KOSPI","-1.16","498.46","","504.32"
"A382150","온코크로스","12","0","KOSDAQ","-4.7","89.03","","93.42"
"A382480","지아이텍","12","0","KOSDAQ","-0.74","106.26","","107.05"
"A382800","지앤비에스 에코","12","0","KOSDAQ","-0.24","266.43","","267.06"
"A382840","원준","12","0","KOSDAQ","-5.57","139.73","","147.98"
"A382900","범한퓨얼셀","12","0","KOSDAQ","-0.14","310.58","","311.02"
"A383220","F&F","12","1","KOSPI","3.61","3298.24","","3183.32"
"A383310","에코프로에이치엔","12","0","KOSDAQ","-5.1","625.05","","658.61"
"A383800","LX홀딩스","12","0","KOSPI","-2.78","667.46","","686.53"
"A383930","디티앤씨알오","12","0","KOSDAQ","-9.15","38.74","","42.64"
"A384470","코어라인소프트","12","0","KOSDAQ","-3.3","63.08","","65.24"
"A387570","파인메딕스","12","0","KOSDAQ","-4.68","40.11","","42.08"
"A388050","지투파워","12","0","KOSDAQ","-2.88","277.84","","286.07"
"A388210","씨엠티엑스","12","0","KOSDAQ","-2.85","1240.57","","1276.92"
"A388610","지에프씨생명과학","12","0","KOSDAQ","-0.11","50.12","","50.17"
"A388720","유일로보틱스","12","0","KOSDAQ","-1.46","1189.92","","1207.59"
"A388790","라이콤","12","0","KOSDAQ","10.9","180.62","","162.87"
"A388870","파로스아이바이오","12","0","KOSDAQ","-5.07","101.88","","107.32"
"A389020","자람테크놀로지","12","0","KOSDAQ","0.18","370.51","","369.85"
"A389030","지니너스","12","0","KOSDAQ","-3.16","143.66","","148.35"
"A389140","포바이포","12","0","KOSDAQ","-1.56","117.15","","119.01"
"A389260","대명에너지","12","0","KOSDAQ","-3.9","375.35","","390.58"
"A389470","인벤티지랩","12","0","KOSDAQ","2.96","738.22","","716.98"
"A389500","에스비비테크","12","0","KOSDAQ","25.7","598.99","","476.53"
"A389650","넥스트바이오메디컬","12","0","KOSDAQ","3.23","472.54","","457.78"
"A389680","유디엠텍","12","0","KOSDAQ","0","22.83","","22.83"
"A391710","코닉오토메이션","12","0","KOSDAQ","0.88","97.6","","96.75"
"A393210","토마토시스템","12","0","KOSDAQ","-3.84","62.54","","65.03"
"A393890","더블유씨피","12","0","KOSDAQ","-5.12","533.03","","561.8"
"A393970","대진첨단소재","12","0","KOSDAQ","0","50.43","","50.43"
"A394280","오픈엣지테크놀로지","12","0","KOSDAQ","0","521.4","","521.4"
"A394420","리센스메디컬","12","0","KOSDAQ","-7.09","334.19","","359.69"
"A394800","쓰리빌리언","12","0","KOSDAQ","-3.27","357","","369.07"
"A396270","넥스트칩","12","0","KOSDAQ","15.97","226.92","","195.68"
"A396300","세아메카닉스","12","0","KOSDAQ","-6.52","170.86","","182.78"
"A396470","워트","12","0","KOSDAQ","-3.31","150.72","","155.88"
"A397030","에이프릴바이오","12","0","KOSDAQ","2.42","1587.46","","1550"
"A397810","애드포러스","12","0","KOSDAQ","-1.92","31.69","","32.31"
"A398120","에스지헬스케어","12","0","KOSDAQ","6.99","42.49","","39.71"
"A399720","가온칩스","12","0","KOSDAQ","-0.28","838.19","","840.56"
"A402030","코난테크놀로지","12","0","KOSDAQ","-3.15","242.46","","250.35"
"A402340","SK스퀘어","12","1","KOSPI","8.11","156634.6","","144890.31"
"A402490","그린리소스","12","0","KOSDAQ","-5.74","356.4","","378.1"
"A403490","우듬지팜","12","0","KOSDAQ","-7.08","49.47","","53.24"
"A403550","쏘카","12","0","KOSPI","-3.29","443.69","","458.8"
"A403850","더핑크퐁컴퍼니","12","0","KOSDAQ","-3.03","224.88","","231.91"
"A403870","HPSP","12","0","KOSDAQ","2.78","4559.42","","4435.97"
"A405000","플라즈맵","12","0","KOSDAQ","-0.8","28.48","","28.71"
"A405100","큐알티","12","0","KOSDAQ","-4.23","250.7","","261.76"
"A405920","나라셀라","12","0","KOSDAQ","-0.42","30.84","","30.97"
"A406820","뷰티스킨","12","0","KOSDAQ","24.1","50.96","","41.07"
"A407400","꿈비","12","0","KOSDAQ","-2.08","58.68","","59.93"
"A408470","한패스","12","0","KOSDAQ","-5.51","139.66","","147.8"
"A408900","스튜디오미르","12","0","KOSDAQ","-5.4","83.19","","87.94"
"A408920","메쎄이상","12","0","KOSDAQ","-1.22","157.37","","159.31"
"A411080","샌즈랩","12","0","KOSDAQ","2.94","122.9","","119.39"
"A412350","레이저쎌","12","0","KOSDAQ","0.27","107.83","","107.54"
"A412540","제일엠앤에스","12","0","KOSDAQ","0","81.06","","81.06"
"A413390","엠오티","12","0","KOSDAQ","-3.15","103.3","","106.65"
"A413630","씨피시스템","12","0","KOSDAQ","-2.93","132.63","","136.64"
"A413640","비아이매트릭스","12","0","KOSDAQ","-2.67","57.8","","59.39"
"A415380","스튜디오삼익","12","0","KOSDAQ","-0.23","24.43","","24.49"
"A416180","신성에스티","12","0","KOSDAQ","-2.96","325.88","","335.83"
"A417010","나노팀","12","0","KOSDAQ","0.96","233.6","","231.38"
"A417180","핑거스토리","12","0","KOSDAQ","0","27.71","","27.71"
"A417200","LS머트리얼즈","12","0","KOSDAQ","-3.38","1738.67","","1799.56"
"A417500","제이아이테크","12","0","KOSDAQ","7.94","167.2","","154.91"
"A417790","트루엔","12","0","KOSDAQ","0.39","80.5","","80.19"
"A417840","저스템","12","0","KOSDAQ","0.91","327.04","","324.09"
"A417860","오브젠","12","0","KOSDAQ","-4.55","43.31","","45.37"
"A417970","모델솔루션","12","0","KOSDAQ","0.27","118.4","","118.08"
"A418250","시큐레터","12","0","KOSDAQ","0","47.63","","47.63"
"A418420","라온텍","12","0","KOSDAQ","10.74","256.35","","231.49"
"A418470","KT밀리의서재","12","0","KOSDAQ","-1.41","107.93","","109.47"
"A418550","제이오","12","0","KOSDAQ","-4.62","356.68","","373.97"
"A418620","E8","12","0","KOSDAQ","-5.25","26.52","","27.99"
"A419050","삼기에너지솔루션즈","12","0","KOSDAQ","-3.44","101.01","","104.61"
"A419080","엔젯","12","0","KOSDAQ","0.87","61.87","","61.33"
"A419120","산돌","12","0","KOSDAQ","-2.55","56.3","","57.77"
"A419530","SAMG엔터","12","0","KOSDAQ","-2.09","351.71","","359.21"
"A419540","비스토스","12","0","KOSDAQ","0","20.16","","20.16"
"A420570","제이투케이바이오","12","0","KOSDAQ","0.38","46.78","","46.6"
"A420770","기가비스","12","0","KOSDAQ","4","1352.5","","1300.53"
"A424760","벨로크","12","0","KOSDAQ","0","37.32","","37.32"
"A424870","이뮨온시아","12","0","KOSDAQ","-8.33","441.72","","481.88"
"A424960","스마트레이더시스템","12","0","KOSDAQ","1.96","119.85","","117.54"
"A424980","마이크로투나노","12","0","KOSDAQ","-2.9","79.31","","81.68"
"A425040","티이엠씨","12","0","KOSDAQ","6.79","503.37","","471.37"
"A425420","티에프이","12","0","KOSDAQ","-0.3","812.44","","814.91"
"A429270","시지트로닉스","12","0","KOSDAQ","-7.27","61.72","","66.56"
"A430690","한싹","12","0","KOSDAQ","-2.51","50.77","","52.08"
"A431190","케이쓰리아이","12","0","KOSDAQ","-2.84","31.97","","32.9"
"A432430","와이랩","12","0","KOSDAQ","-2.61","52.41","","53.82"
"A432470","케이엔에스","12","0","KOSDAQ","-4.48","128.94","","134.99"
"A432720","퀄리타스반도체","12","0","KOSDAQ","-6.26","339.05","","361.7"
"A432980","엠에프씨","12","0","KOSDAQ","1.86","30.63","","30.07"
"A434480","모니터랩","12","0","KOSDAQ","0.66","56.38","","56.01"
"A435570","에르코스","12","0","KOSDAQ","-1.88","75.41","","76.86"
"A437730","삼현","12","0","KOSDAQ","6.9","1816.84","","1699.53"
"A438700","버넥트","12","0","KOSDAQ","-3.02","34.05","","35.11"
"A439090","마녀공장","12","0","KOSDAQ","10","290.32","","263.93"
"A439260","대한조선","12","0","KOSPI","-1.82","3124.48","","3182.27"
"A439580","블루엠텍","12","0","KOSDAQ","-2.13","100.86","","103.06"
"A439960","코스모로보틱스","12","0","KOSDAQ","","770.61","",""
"A440110","파두","12","0","KOSDAQ","8.66","5029.72","","4628.95"
"A440290","HB인베스트먼트","12","0","KOSDAQ","-3.03","57.21","","59"
"A440320","오픈놀","12","0","KOSDAQ","-4","38.98","","40.6"
"A441270","파인엠텍","12","0","KOSDAQ","-1.05","433.61","","438.2"
"A443060","HD현대마린솔루션","12","1","KOSPI","6.86","11522.2","","10782.45"
"A443250","레뷰코퍼레이션","12","0","KOSDAQ","-2.55","80.75","","82.86"
"A443670","에스피소프트","12","0","KOSDAQ","-1.42","137.07","","139.05"
"A444530","심플랫폼","12","0","KOSDAQ","4.27","65.86","","63.16"
"A445090","에이직랜드","12","0","KOSDAQ","-2.74","329.41","","338.7"
"A445180","퓨릿","12","0","KOSDAQ","-0.09","198.36","","198.54"
"A445680","큐리옥스바이오시스템즈","12","0","KOSDAQ","2.1","1591.3","","1558.61"
"A446070","유니드비티플러스","12","0","KOSPI","-3.17","30.77","","31.78"
"A446540","메가터치","12","0","KOSDAQ","0.14","184.08","","183.82"
"A446840","지슨","12","0","KOSDAQ","-1.18","73.76","","74.64"
"A448280","에코아이","12","0","KOSDAQ","-5.89","326.83","","347.28"
"A448710","코츠테크놀로지","12","0","KOSDAQ","-0.73","107.29","","108.08"
"A448900","한국피아이엠","12","0","KOSDAQ","-6.32","783","","835.85"
"A450080","에코프로머티","12","1","KOSPI","-6.37","5291.91","","5651.76"
"A450330","하스","12","0","KOSDAQ","-0.29","57.31","","57.47"
"A450520","인스웨이브","12","0","KOSDAQ","-2.55","45","","46.17"
"A450950","아스테라시스","12","0","KOSDAQ","-3.69","402.24","","417.67"
"A451220","아이엠티","12","0","KOSDAQ","0.06","133.87","","133.79"
"A451250","삐아","12","0","KOSDAQ","-1.18","85.69","","86.72"
"A451760","컨텍","12","0","KOSDAQ","3.06","372.47","","361.4"
"A452160","제이엔비","12","0","KOSDAQ","-4.53","54.72","","57.32"
"A452190","한빛레이저","12","0","KOSDAQ","-4.05","209.54","","218.39"
"A452200","민테크","12","0","KOSDAQ","30","108.68","","83.6"
"A452260","한화갤러리아","12","0","KOSPI","-1.88","555.41","","566.07"
"A452280","한선엔지니어링","12","0","KOSDAQ","-2.28","378.96","","387.82"
"A452300","캡스톤파트너스","12","0","KOSDAQ","-2.55","56.89","","58.38"
"A452400","이닉스","12","0","KOSDAQ","-4.89","77.65","","81.64"
"A452430","사피엔반도체","12","0","KOSDAQ","-1.45","364.06","","369.4"
"A452450","피아이이","12","0","KOSDAQ","-2.86","257.24","","264.81"
"A453340","현대그린푸드","12","0","KOSPI","-0.83","622.09","","627.29"
"A453450","그리드위즈","12","0","KOSDAQ","-5.97","181.49","","193.01"
"A453860","에이에스텍","12","0","KOSDAQ","-1.2","89.9","","91"
"A454910","두산로보틱스","12","1","KOSPI","3.37","6767.21","","6546.82"
"A455180","케이지에이","12","0","KOSDAQ","-2.7","40.2","","41.32"
"A455900","엔젤로보틱스","12","0","KOSDAQ","-1.72","434.54","","442.17"
"A456010","아이씨티케이","12","0","KOSDAQ","-5.48","299.58","","316.96"
"A456040","OCI","12","0","KOSPI","-2.46","1172.78","","1202.32"
"A456070","이엔셀","12","0","KOSDAQ","-4.28","147.75","","154.35"
"A456160","지투지바이오","12","0","KOSDAQ","-6.72","1194.57","","1280.61"
"A457190","이수스페셜티케미컬","12","1","KOSPI","-4.09","3333.14","","3475.17"
"A457370","한켐","12","0","KOSDAQ","-2.81","72.56","","74.66"
"A457550","우진엔텍","12","0","KOSDAQ","-5.01","256.27","","269.78"
"A457600","벡트","12","0","KOSDAQ","-7.08","27.89","","30.02"
"A458350","에스팀","12","0","KOSDAQ","-5.89","70.77","","75.2"
"A458650","성우","12","0","KOSDAQ","-1.53","203.57","","206.73"
"A458870","씨어스","12","0","KOSDAQ","1.94","1598.51","","1568.06"
"A459100","위츠","12","0","KOSDAQ","0.57","95.07","","94.53"
"A459510","나우로보틱스","12","0","KOSDAQ","-6.03","384.16","","408.82"
"A459550","알트","12","0","KOSDAQ","-5.85","62.54","","66.43"
"A460470","아이빔테크놀로지","12","0","KOSDAQ","9.58","71.74","","65.47"
"A460850","동국씨엠","12","0","KOSPI","-2.03","187.17","","191.05"
"A460860","동국제강","12","0","KOSPI","-5.66","678.14","","718.82"
"A460870","에스엠씨지","12","0","KOSDAQ","-2.9","67.25","","69.25"
"A460930","현대힘스","12","0","KOSDAQ","0.42","684.65","","681.8"
"A460940","피앤에스로보틱스","12","0","KOSDAQ","8.62","123.79","","113.97"
"A461030","아이엠비디엑스","12","0","KOSDAQ","-4.53","90.59","","94.89"
"A461300","아이스크림미디어","12","0","KOSDAQ","2.45","238.91","","233.19"
"A462310","뉴키즈온","12","0","KOSDAQ","-3.68","33.23","","34.5"
"A462350","이노스페이스","12","0","KOSDAQ","-1.63","351.64","","357.48"
"A462510","라메디텍","12","0","KOSDAQ","-2.11","40.89","","41.77"
"A462520","조선내화","12","0","KOSPI","-1.23","170.71","","172.85"
"A462860","더즌","12","0","KOSDAQ","0.57","251.63","","250.2"
"A462870","시프트업","12","0","KOSPI","0.8","1841.75","","1827.08"
"A462980","아이지넷","12","0","KOSDAQ","-0.23","39.2","","39.3"
"A463020","뉴엔AI","12","0","KOSDAQ","-5.37","112.77","","119.16"
"A463480","모티브링크","12","0","KOSDAQ","-5","101.23","","106.56"
"A464080","에스오에스랩","12","0","KOSDAQ","0.93","312.82","","309.95"
"A464280","티디에스팜","12","0","KOSDAQ","-1.42","45.95","","46.62"
"A464490","쿼드메디슨","12","0","KOSDAQ","-3.04","131.7","","135.83"
"A464500","아이언디바이스","12","0","KOSDAQ","-1.04","53.31","","53.87"
"A464580","닷밀","12","0","KOSDAQ","-0.98","37.18","","37.55"
"A465480","인스피언","12","0","KOSDAQ","6.94","60.93","","56.97"
"A465770","STX그린로지스","12","0","KOSPI","-5.5","26.5","","28.04"
"A466100","클로봇","12","0","KOSDAQ","1.2","1288.24","","1272.96"
"A466410","사이냅소프트","12","0","KOSDAQ","-0.63","55.46","","55.81"
"A468530","프로티나","12","0","KOSDAQ","0","565.57","","565.57"
"A469610","이노테크","12","0","KOSDAQ","-4.56","196.57","","205.95"
"A469750","아이비젼웍스","12","0","KOSDAQ","8.13","48.55","","44.9"
"A471820","셀로맥스사이언스","12","0","KOSDAQ","-2.14","54.31","","55.5"
"A472850","폰드그룹","12","0","KOSDAQ","-2.22","303.98","","310.89"
"A473980","노머스","12","0","KOSDAQ","-5.88","184.21","","195.71"
"A474170","루미르","12","0","KOSDAQ","1.32","274.39","","270.83"
"A474610","RF시스템즈","12","0","KOSDAQ","-2.09","174.12","","177.84"
"A474650","링크솔루션","12","0","KOSDAQ","-2.68","334.48","","343.68"
"A475150","SK이터닉스","12","0","KOSPI","-3.52","1679.5","","1740.82"
"A475230","엔알비","12","0","KOSDAQ","-6.13","186.8","","199.01"
"A475400","씨메스로보틱스","12","0","KOSDAQ","-7.72","407.35","","441.44"
"A475430","키스트론","12","0","KOSDAQ","-4.75","103.7","","108.87"
"A475460","미트박스","12","0","KOSDAQ","-1.83","45.07","","45.91"
"A475560","더본코리아","12","0","KOSPI","-1.98","293.59","","299.52"
"A475580","에이럭스","12","0","KOSDAQ","-1.87","150.56","","153.42"
"A475660","에스켐","12","0","KOSDAQ","-2.32","38.38","","39.29"
"A475830","오름테라퓨틱","12","0","KOSDAQ","-1.82","1742.58","","1774.85"
"A475960","토모큐브","12","0","KOSDAQ","0.19","722.7","","721.36"
"A476040","오가노이드사이언스","12","0","KOSDAQ","-5.42","123.09","","130.13"
"A476060","온코닉테라퓨틱스","12","0","KOSDAQ","0","926.32","","926.32"
"A476080","M83","12","0","KOSDAQ","-4.04","51.77","","53.95"
"A476830","알지노믹스","12","0","KOSDAQ","-2.51","2322.77","","2382.69"
"A477850","마키나락스","12","0","외감","","","",""
"A478340","나라스페이스테크놀로지","12","0","KOSDAQ","-0.91","376.57","","380.03"
"A478560","블랙야크아이앤씨","12","0","KOSDAQ","1.34","87.69","","86.53"
"A479960","위너스일렉","12","0","KOSDAQ","-4.08","80.57","","83.99"
"A480370","씨케이솔루션","12","0","KOSPI","-0.96","83.96","","84.78"
"A481070","에이유브랜즈","12","0","KOSDAQ","1.84","244.56","","240.14"
"A482630","삼양엔씨켐","12","0","KOSDAQ","10.21","446.52","","405.15"
"A483650","달바글로벌","12","0","KOSPI","3.07","2714.11","","2633.37"
"A484120","도우인시스","12","0","KOSDAQ","5.78","260.79","","246.54"
"A484590","삼양컴텍","12","0","KOSDAQ","-2.64","471.04","","483.81"
"A484810","티엑스알로보틱스","12","0","KOSDAQ","-3.07","287.39","","296.5"
"A484870","엠앤씨솔루션","12","0","KOSPI","-1.1","986.79","","997.78"
"A486990","노타","12","0","KOSDAQ","-2.68","698.02","","717.23"
"A487570","HS효성","12","0","KOSPI","-3.6","239.2","","248.15"
"A487580","폴레드","12","0","외감","","","",""
"A488280","에스투더블유","12","0","KOSDAQ","-6.13","280.54","","298.85"
"A488900","비츠로넥스텍","12","0","KOSDAQ","4.35","556.35","","533.17"
"A489460","바이오비쥬","12","0","KOSDAQ","-6.65","107.72","","115.39"
"A489500","엘케이켐","12","0","KOSDAQ","5.75","213.45","","201.84"
"A489790","한화비전","12","0","KOSPI","-1","3998.68","","4039.07"
"A490470","세미파이브","12","0","KOSDAQ","-3.28","1349.27","","1394.98"
"A491000","리브스메드","12","0","KOSDAQ","4.21","1670.29","","1602.78"
"A493280","아이엠바이오로직스","12","0","KOSDAQ","-9.95","575.88","","639.53"
"A493330","지에프아이","12","0","KOSDAQ","1.08","151.34","","149.73"
"A494120","큐리오시스","12","0","KOSDAQ","2.63","416.62","","405.96"
"A499790","GS피앤엘","12","0","KOSPI","-8.03","999.47","","1086.73"
"A900070","글로벌에스엠","12","0","KOSDAQ","0","32.78","","32.78"
"A900100","파이온엑스","12","0","KOSDAQ","-0.65","24.11","","24.27"
"A900110","딥커머스","12","0","KOSDAQ","-0.62","29.39","","29.57"
"A900120","씨엑스아이","6","0","KOSDAQ","3.71","14.6","","14.08"
"A900140","엘브이엠씨홀딩스","12","0","KOSPI","-3.62","308.8","","320.39"
"A900250","크리스탈신소재","12","0","KOSDAQ","3.87","80.8","","77.79"
"A900260","로스웰","12","0","KOSDAQ","-0.81","73.65","","74.25"
"A900270","헝셩그룹","12","0","KOSDAQ","-0.87","24.89","","25.11"
"A900290","GRT","6","0","KOSDAQ","-5.33","290.39","","306.75"
"A900300","오가닉티코스메틱","12","0","KOSDAQ","-7.52","30.87","","33.38"
"A900310","컬러레이","12","0","KOSDAQ","-3.19","31.06","","32.08"
"A900340","윙입푸드","12","0","KOSDAQ","0","37.35","","37.35"
"A950130","엑세스바이오","12","0","KOSDAQ","-3.58","116.77","","121.11"
"A950140","잉글우드랩","12","0","KOSDAQ","0.75","239.41","","237.62"
"A950160","코오롱티슈진","12","0","KOSDAQ","3.99","11261.42","","10829.27"
"A950170","JTC","2","0","KOSDAQ","-4.52","251.49","","263.39"
"A950190","고스트스튜디오","12","0","KOSDAQ","-1.66","100.49","","102.18"
"A950200","소마젠","12","0","KOSDAQ","-2.14","65.88","","67.33"
"A950210","프레스티지바이오파마","6","0","KOSPI","-0.25","479.57","","480.77"
"A950220","네오이뮨텍","12","0","KOSDAQ","-4.71","64.37","","67.56"
"A950250","테라뷰","4","0","KOSDAQ","-4.07","209.55","","218.43"
